tourney_id,tourney_name,surface,draw_size,tourney_level,indoor,tourney_date,match_num,winner_id,winner_seed,winner_entry,winner_name,winner_hand,winner_ht,winner_ioc,winner_age,winner_rank,winner_rank_points,loser_id,loser_seed,loser_entry,loser_name,loser_hand,loser_ht,loser_ioc,loser_age,loser_rank,loser_rank_points,score,best_of,round,minutes,w_ace,w_df,w_svpt,w_1stIn,w_1stWon,w_2ndWon,w_SvGms,w_bpSaved,w_bpFaced,l_ace,l_df,l_svpt,l_1stIn,l_1stWon,l_2ndWon,l_SvGms,l_bpSaved,l_bpFaced
2022-8998,Adelaide 1,Hard,32,250,O,20220103,1,O449,1,,Oscar Otte,R,193,GER,28.468,101,747,R09X,,,Jurij Rodionov,L,191,AUT,22.637,136,510,6-4 7-6(5),3,Q1,98,7,4,69,40,32,18,11,2,3,1,4,74,39,27,21,11,4,6
2022-8998,Adelaide 1,Hard,32,250,O,20220103,2,R0DG,,,Holger Rune,R,188,DEN,18.683,103,740,RB56,,,Ramkumar Ramanathan,R,188,IND,27.154,184,360,6-4 7-6(7),3,Q1,86,6,3,72,44,37,17,11,2,2,10,5,70,42,34,14,11,1,2
2022-8998,Adelaide 1,Hard,32,250,O,20220103,3,GC89,,,Egor Gerasimov,R,196,BLR,29.144,113,665,L0GZ,,,Henry Lamchinniah,,,AUS,16.928,,,6-0 6-1,3,Q1,45,2,2,37,22,19,10,7,2,2,1,4,40,20,10,5,6,5,10
2022-8998,Adelaide 1,Hard,32,250,O,20220103,4,GE33,4,,Daniel Elahi Galan,R,191,COL,25.544,120,618,E690,,,Matthew Ebden,R,188,AUS,34.105,237,266,5-7 7-5 6-3,3,Q1,146,18,1,118,70,53,21,16,8,11,8,6,108,74,52,13,17,8,13
2022-8998,Adelaide 1,Hard,32,250,O,20220103,5,A829,5,,Radu Albot,R,175,MDA,32.145,123,587,SJ55,,,John-Patrick Smith,L,188,AUS,32.942,394,106,6-7(6) 6-2 6-4,3,Q1,130,8,2,99,65,47,20,15,4,5,7,2,97,68,45,16,15,6,10
2022-8998,Adelaide 1,Hard,32,250,O,20220103,6,DA81,,,Taro Daniel,R,191,JPN,28.934,125,584,W0C4,,,Edward Winter,R,178,AUS,17.3,1768,1,6-4 6-4,3,Q1,81,6,3,57,37,30,13,10,3,3,8,2,62,39,25,15,10,2,4
2022-8998,Adelaide 1,Hard,32,250,O,20220103,7,C0AU,,,Francisco Cerundolo,R,185,ARG,23.392,127,582,H808,,,Harri Heliovaara,R,188,FIN,32.583,1016,11,6-4 6-2,3,Q1,68,3,3,55,37,29,9,9,1,2,3,2,53,32,19,9,9,4,8
2022-8998,Adelaide 1,Hard,32,250,O,20220103,8,V836,8,,Juan Pablo Varillas,R,185,PER,26.245,129,567,J620,,,Maxime Janvier,R,196,FRA,25.21,223,290,6-4 7-6(6),3,Q1,91,4,1,56,33,32,17,11,0,0,3,3,71,48,36,13,11,3,4
2022-8998,Adelaide 1,Hard,32,250,O,20220103,9,DA81,,,Taro Daniel,R,191,JPN,28.934,125,584,O449,1,,Oscar Otte,R,193,GER,28.468,101,747,7-6(5) 6-2,3,Q2,92,12,4,78,45,37,13,10,3,4,5,5,61,37,29,9,10,1,4
2022-8998,Adelaide 1,Hard,32,250,O,20220103,10,R0DG,,,Holger Rune,R,188,DEN,18.683,103,740,V836,8,,Juan Pablo Varillas,R,185,PER,26.245,129,567,6-2 6-3,3,Q2,78,4,3,46,24,20,17,9,0,0,2,1,50,27,17,12,8,3,6
2022-8998,Adelaide 1,Hard,32,250,O,20220103,11,GC89,,,Egor Gerasimov,R,196,BLR,29.144,113,665,A829,5,,Radu Albot,R,175,MDA,32.145,123,587,6-3 0-6 6-2,3,Q2,109,7,2,89,53,37,18,12,7,10,2,4,68,44,31,10,11,1,4
2022-8998,Adelaide 1,Hard,32,250,O,20220103,12,C0AU,,,Francisco Cerundolo,R,185,ARG,23.392,127,582,GE33,4,,Daniel Elahi Galan,R,191,COL,25.544,120,618,7-6(3) 7-6(5),3,Q2,127,2,5,89,63,42,11,12,2,5,0,2,100,64,39,16,12,4,7
2022-9665,Melbourne,Hard,32,250,O,20220104,1,L949,,,Henri Laaksonen,R,185,SUI,29.763,98,765,KC04,,,Jozef Kovalik,R,183,SVK,29.166,149,452,6-4 6-2,3,Q1,69,4,0,52,39,28,8,8,1,2,1,3,38,32,18,8,8,2,6
2022-9665,Melbourne,Hard,32,250,O,20220104,2,B0BI,,,Sebastian Baez,R,170,ARG,21.018,99,762,PG94,,,Marc Polmans,R,188,AUS,24.676,196,343,7-5 6-2,3,Q1,87,1,2,65,48,33,8,10,4,6,2,3,66,50,27,7,10,7,12
2022-9665,Melbourne,Hard,32,250,O,20220104,3,SA93,,,Andreas Seppi,R,191,ITA,37.87,102,744,Z419,,,Bernabe Zapata Miralles,R,183,ESP,24.977,124,586,6-4 7-6(3),3,Q1,97,5,1,73,44,32,13,11,5,9,4,1,70,43,26,11,11,0,5
2022-9665,Melbourne,Hard,32,250,O,20220104,4,BE90,,,Ricardas Berankis,R,175,LTU,31.54,104,739,EA24,,,Tomas Martin Etcheverry,R,196,ARG,22.467,130,556,6-4 6-2,3,Q1,84,1,1,62,34,24,17,9,4,5,3,5,51,32,19,9,9,2,6
2022-9665,Melbourne,Hard,32,250,O,20220104,5,H0BH,,,Rinky Hijikata,R,178,AUS,20.862,375,113,KB09,7,,Denis Kudla,R,180,USA,29.383,105,733,6-1 7-5,3,Q1,82,4,2,63,36,25,17,10,2,3,1,1,53,35,18,9,9,3,7
2022-9665,Melbourne,Hard,32,250,O,20220104,6,C0BC,,,Maxime Cressy,R,201,USA,24.66,112,683,SH90,,,Joao Sousa,R,185,POR,32.767,140,500,6-2 6-3,3,Q1,74,11,10,66,41,30,12,9,8,9,3,6,41,24,14,5,8,1,5
2022-9665,Melbourne,Hard,32,250,O,20220104,7,CH05,,,Altug Celikbilek,R,183,TUR,25.325,162,428,GB93,,,Norbert Gombos,R,193,SVK,31.395,118,624,6-4 6-4,3,Q1,81,5,2,63,35,23,16,10,3,5,3,6,71,46,30,8,10,5,9
2022-9665,Melbourne,Hard,32,250,O,20220104,8,VA08,,,Andrea Vavassori,R,193,ITA,26.669,267,221,PF39,,,Lucas Pouille,R,185,FRA,27.863,155,440,6-7(3) 7-6(5) 6-3,3,Q1,146,11,7,112,62,49,29,16,7,7,5,8,112,53,41,33,17,5,7
2022-9665,Melbourne,Hard,32,250,O,20220104,9,H0BH,,,Rinky Hijikata,R,178,AUS,20.862,375,113,L949,,,Henri Laaksonen,R,185,SUI,29.763,98,765,4-6 7-6(8) 6-4,3,Q2,151,5,0,106,61,43,24,16,2,6,13,0,110,67,47,22,16,5,9
2022-9665,Melbourne,Hard,32,250,O,20220104,10,SA93,,,Andreas Seppi,R,191,ITA,37.87,102,744,B0BI,,,Sebastian Baez,R,170,ARG,21.018,99,762,7-5 7-6(1),3,Q2,103,8,0,79,40,27,22,12,3,6,4,1,76,51,30,13,12,3,7
2022-9665,Melbourne,Hard,32,250,O,20220104,11,BE90,,,Ricardas Berankis,R,175,LTU,31.54,104,739,CH05,,,Altug Celikbilek,R,183,TUR,25.325,162,428,5-7 6-2 6-1,3,Q2,118,6,2,93,48,38,22,13,9,11,3,2,91,49,32,19,14,6,12
2022-9665,Melbourne,Hard,32,250,O,20220104,12,C0BC,,,Maxime Cressy,R,201,USA,24.66,112,683,VA08,,,Andrea Vavassori,R,193,ITA,26.669,267,221,7-6(6) 7-6(10),3,Q2,117,9,4,86,60,47,13,12,2,4,6,6,89,52,38,20,12,3,5
2022-9663,Sydney,Hard,32,250,O,20220110,1,TA12,,,Stefano Travaglia,R,185,ITA,30.037,86,807,RH69,,,Matthew Romios,R,185,AUS,22.787,747,30,7-5 6-1,3,Q1,86,4,2,69,37,26,22,10,5,5,1,5,58,28,16,16,9,0,3
2022-9663,Sydney,Hard,32,250,O,20220110,2,V708,,,Jiri Vesely,L,198,CZE,28.504,79,822,PF39,,,Lucas Pouille,R,185,FRA,27.88,159,440,6-4 6-4,3,Q1,101,11,3,68,42,33,15,10,5,5,6,5,73,40,30,15,10,13,15
2022-9663,Sydney,Hard,32,250,O,20220110,3,AE14,,,Daniel Altmaier,R,188,GER,23.329,91,792,PM13,,,Michail Pervolarakis,R,193,GRE,25.596,366,120,6-4 6-1,3,Q1,67,2,0,42,33,28,5,8,0,0,4,4,52,30,19,9,9,1,5
2022-9663,Sydney,Hard,32,250,O,20220110,4,DC76,,,Viktor Durasovic,R,185,NOR,24.813,345,137,A596,5,,Pablo Andujar,R,180,ESP,35.964,88,800,7-6(3) 3-6 6-3,3,Q1,165,8,5,108,61,48,21,15,12,15,1,6,83,39,32,22,15,1,4
2022-9663,Sydney,Hard,32,250,O,20220110,5,B0BI,,,Sebastian Baez,R,170,ARG,21.035,95,764,B0EK,,,Moerani Bouzige,R,180,AUS,22.497,750,29,6-3 7-5,3,Q1,87,3,0,52,41,30,8,10,1,2,7,0,80,38,27,18,11,9,13
2022-9663,Sydney,Hard,32,250,O,20220110,6,O483,,,Christopher O'Connell,R,183,AUS,27.606,173,386,SA93,7,,Andreas Seppi,R,191,ITA,37.886,98,749,6-4 6-3,3,Q1,89,9,1,54,36,26,11,10,2,4,3,6,66,39,24,10,9,6,10
2022-9663,Sydney,Hard,32,250,O,20220110,7,KB09,,,Denis Kudla,R,180,USA,29.399,109,698,KE64,,,Stefan Kozlov,R,183,USA,23.94,168,406,4-6 7-6(7) 6-3,3,Q1,189,9,4,102,68,47,14,15,5,9,8,8,142,97,60,17,16,14,19
2022-9663,Sydney,Hard,32,250,O,20220110,8,H808,,,Harri Heliovaara,R,188,FIN,32.602,1017,11,SF89,,,Rubin Statham,R,180,NZL,34.713,1085,9,7-6(5) 7-6(11),3,Q1,152,14,0,89,60,43,15,12,1,3,9,5,95,64,46,15,12,4,6
2022-9663,Sydney,Hard,32,250,O,20220110,9,O483,,,Christopher O'Connell,R,183,AUS,27.606,173,386,TA12,,,Stefano Travaglia,R,185,ITA,30.037,86,807,6-3 6-4,3,Q2,82,4,1,59,37,27,13,10,5,6,3,2,49,20,16,14,9,1,4
2022-9663,Sydney,Hard,32,250,O,20220110,10,V708,,,Jiri Vesely,L,198,CZE,28.504,79,822,KB09,,,Denis Kudla,R,180,USA,29.399,109,698,6-4 7-6(3),3,Q2,106,20,2,65,42,36,13,11,3,4,8,0,81,54,34,16,11,4,6
2022-9663,Sydney,Hard,32,250,O,20220110,11,B0BI,,,Sebastian Baez,R,170,ARG,21.035,95,764,AE14,,,Daniel Altmaier,R,188,GER,23.329,91,792,7-6(4) 7-5,3,Q2,142,1,2,94,61,41,17,12,3,6,10,1,89,50,34,18,12,8,12
2022-9663,Sydney,Hard,32,250,O,20220110,12,DC76,,,Viktor Durasovic,R,185,NOR,24.813,345,137,H808,,,Harri Heliovaara,R,188,FIN,32.602,1017,11,6-4 3-6 6-4,3,Q2,136,5,4,83,46,35,19,14,2,4,8,3,86,51,38,19,15,7,10
2022-9667,Adelaide 2,Hard,32,250,O,20220110,1,CF59,,,Roberto Carballes Baena,R,183,ESP,28.802,76,837,SJ55,,,John-Patrick Smith,L,188,AUS,32.961,396,106,6-3 6-4,3,Q1,83,0,3,52,31,24,8,9,1,4,4,3,62,39,22,7,10,2,8
2022-9667,Adelaide 2,Hard,32,250,O,20220110,2,N732,,,Yoshihito Nishioka,L,170,JPN,26.289,99,748,AD06,,,Aaron Addison,R,193,AUS,26.163,1252,6,6-2 6-3,3,Q1,71,0,1,51,31,24,14,8,4,4,6,9,64,32,23,11,9,12,16
2022-9667,Adelaide 2,Hard,32,250,O,20220110,3,J386,,,Steve Johnson,R,188,USA,32.047,84,807,O449,,,Oscar Otte,R,193,GER,28.487,100,748,4-6 7-6(5) 6-3,3,Q1,123,10,3,95,61,49,19,15,3,4,19,8,105,53,42,29,16,7,9
2022-9667,Adelaide 2,Hard,32,250,O,20220110,4,MJ08,,,Thiago Monteiro,L,183,BRA,27.614,83,809,BJ05,,,Harry Bourchier,R,185,AUS,25.963,497,70,7-6(6) 6-1,3,Q1,82,8,1,53,34,28,15,10,0,1,6,4,81,56,37,9,9,9,12
2022-9667,Adelaide 2,Hard,32,250,O,20220110,5,GC89,,,Egor Gerasimov,R,196,BLR,29.164,106,712,C0C8,6,,Juan Manuel Cerundolo,L,183,ARG,20.153,81,818,6-4 5-7 7-5,3,Q1,141,6,3,103,71,55,18,17,4,5,3,2,100,71,49,20,17,5,7
2022-9667,Adelaide 2,Hard,32,250,O,20220110,6,MW02,,,Corentin Moutet,L,180,FRA,22.73,115,643,R0DG,,,Holger Rune,R,188,DEN,18.702,102,742,7-5 6-3,3,Q1,106,0,3,63,38,27,17,10,1,1,4,6,71,45,29,12,11,1,4
2022-9667,Adelaide 2,Hard,32,250,O,20220110,7,N670,,,Hugo Nys,R,183,MON,30.899,692,35,W738,,,Brandon Walkin,R,188,GBR,27.403,858,19,4-6 6-3 7-5,3,Q1,112,6,1,84,46,38,23,16,0,2,8,1,113,81,52,17,15,18,21
2022-9667,Adelaide 2,Hard,32,250,O,20220110,8,SM09,,,Luke Saville,R,188,AUS,28.022,720,32,FA50,,,Thomas Fancutt,R,188,AUS,26.875,665,39,6-4 6-4,3,Q1,76,1,3,58,32,27,17,10,1,1,6,1,58,31,21,16,10,3,5
2022-9667,Adelaide 2,Hard,32,250,O,20220110,9,MW02,,,Corentin Moutet,L,180,FRA,22.73,115,643,CF59,,,Roberto Carballes Baena,R,183,ESP,28.802,76,837,6-4 6-7(6) 6-1,3,Q2,148,7,4,96,72,55,12,15,5,6,3,3,94,56,39,21,14,4,8
2022-9667,Adelaide 2,Hard,32,250,O,20220110,10,N732,,,Yoshihito Nishioka,L,170,JPN,26.289,99,748,SM09,,,Luke Saville,R,188,AUS,28.022,720,32,7-6(4) 6-7(0) 6-2,3,Q2,139,5,4,104,81,60,6,16,3,6,9,6,122,73,47,25,16,9,14
2022-9667,Adelaide 2,Hard,32,250,O,20220110,11,J386,,,Steve Johnson,R,188,USA,32.047,84,807,MJ08,,,Thiago Monteiro,L,183,BRA,27.614,83,809,7-6(6) 6-4,3,Q2,93,20,4,64,40,37,13,11,3,3,14,2,75,46,38,14,11,2,3
2022-9667,Adelaide 2,Hard,32,250,O,20220110,12,GC89,,,Egor Gerasimov,R,196,BLR,29.164,106,712,N670,,,Hugo Nys,R,183,MON,30.899,692,35,6-2 6-3,3,Q2,55,4,1,48,30,23,11,8,4,5,3,3,60,33,19,11,9,4,9
2022-580,Australian Open,Hard,128,G,O,20220117,1,H756,,,Robin Haase,R,191,NED,34.784,229,279,MF35,1,,Andrej Martin,R,183,SVK,32.326,116,643,6-0 4-6 7-5,3,Q1,107,4,5,85,43,32,23,14,7,10,3,4,98,54,32,17,14,4,10
2022-580,Australian Open,Hard,128,G,O,20220117,2,GB93,,,Norbert Gombos,R,193,SVK,31.431,117,624,KB54,,,Andrey Kuznetsov,R,183,RUS,30.902,261,228,7-5 6-7(4) 6-2,3,Q1,151,15,7,129,85,66,19,16,9,9,3,3,112,57,41,30,16,4,7
2022-580,Australian Open,Hard,128,G,O,20220117,3,GA94,,,Prajnesh Gunneswaran,L,188,IND,32.181,220,292,GE33,3,,Daniel Elahi Galan,R,191,COL,25.582,121,605,6-4 6-4,3,Q1,73,6,0,58,36,28,14,10,2,2,6,0,50,28,23,13,10,1,3
2022-580,Australian Open,Hard,128,G,O,20220117,4,W0C4,,,Edward Winter,R,178,AUS,17.339,1768,1,SD32,4,,Gilles Simon,R,183,FRA,37.057,123,588,6-3 1-6 6-3,3,Q1,135,4,2,96,57,34,21,13,11,15,2,3,80,58,34,12,12,3,7
2022-580,Australian Open,Hard,128,G,O,20220117,5,A829,,,Radu Albot,R,175,MDA,32.183,124,587,BM03,,,Filippo Baldi,R,180,ITA,26.021,369,118,7-6(6) 6-2,3,Q1,90,4,2,64,46,35,7,10,4,6,1,5,64,36,24,11,10,0,4
2022-580,Australian Open,Hard,128,G,O,20220117,6,PG20,,,Dmitry Popko,R,191,KAZ,25.232,177,378,Z419,6,,Bernabe Zapata Miralles,R,183,ESP,25.013,125,586,6-1 7-5,3,Q1,82,3,4,62,30,23,19,9,6,6,1,3,63,36,24,12,10,2,6
2022-580,Australian Open,Hard,128,G,O,20220117,7,DA81,,,Taro Daniel,R,191,JPN,28.972,120,606,A622,,,Andrea Arnaboldi,L,180,ITA,34.059,256,236,6-3 6-3,3,Q1,76,5,0,44,31,28,9,9,2,2,1,1,62,45,30,6,9,8,11
2022-580,Australian Open,Hard,128,G,O,20220117,8,H997,,,Yannick Hanfmann,R,193,GER,30.179,126,583,J380,,,Jason Jung,R,180,TPE,32.591,176,380,6-7(5) 7-5 6-0,3,Q1,130,10,2,84,50,37,24,15,0,1,3,4,97,61,46,15,13,3,6
2022-580,Australian Open,Hard,128,G,O,20220117,9,CG04,,,Pedro Cachin,R,185,ARG,26.768,246,254,C0AU,9,,Francisco Cerundolo,R,185,ARG,23.431,127,574,6-7(5) 6-4 6-2,3,Q1,146,5,5,117,72,55,21,15,9,9,1,5,99,61,43,18,15,4,7
2022-580,Australian Open,Hard,128,G,O,20220117,10,BI23,,,Liam Broady,L,183,GBR,28.036,128,569,Z09D,,,Kacper Zuk,R,183,POL,22.99,171,395,4-6 6-1 6-2,3,Q1,112,4,1,77,42,28,20,13,7,10,2,2,78,45,23,16,12,3,9
2022-580,Australian Open,Hard,128,G,O,20220117,11,V836,11,,Juan Pablo Varillas,R,185,PER,26.283,129,567,U134,,,Yasutaka Uchiyama,R,183,JPN,29.451,201,321,7-5 7-6(6),3,Q1,145,4,3,80,48,35,20,12,4,5,4,3,96,56,41,18,12,6,8
2022-580,Australian Open,Hard,128,G,O,20220117,12,EA24,,,Tomas Martin Etcheverry,R,196,ARG,22.502,131,556,CG33,,,Kimmer Coppejans,R,178,BEL,27.943,206,313,2-6 6-4 6-1,3,Q1,124,11,1,81,50,34,17,13,6,9,6,2,70,40,29,12,12,7,11
2022-580,Australian Open,Hard,128,G,O,20220117,13,F586,,,Thomas Fabbiano,R,173,ITA,32.646,202,320,SX91,13,,Thiago Seyboth Wild,R,185,BRA,21.856,133,550,6-7(7) 7-5 3-1 RET,3,Q1,156,2,1,85,52,38,21,14,1,2,7,3,104,72,45,19,14,4,7
2022-580,Australian Open,Hard,128,G,O,20220117,14,R09X,14,,Jurij Rodionov,L,191,AUT,22.675,137,510,J620,,,Maxime Janvier,R,196,FRA,25.248,223,290,7-6(3) 6-4,3,Q1,106,4,6,64,31,26,17,11,0,3,3,5,80,45,26,17,11,4,8
2022-580,Australian Open,Hard,128,G,O,20220117,15,MM66,,,Nikola Milojevic,R,188,SRB,26.582,139,506,KC29,,,Nicolas Kicker,R,178,ARG,29.421,218,297,6-4 5-7 6-2,3,Q1,152,5,9,94,55,40,18,15,3,7,5,3,91,55,37,15,15,1,7
2022-580,Australian Open,Hard,128,G,O,20220117,16,TE30,,,Alejandro Tabilo,L,188,CHI,24.627,135,518,M0OQ,,,James McCabe,R,188,AUS,18.538,1208,6,7-6(5) 3-6 6-3,3,Q1,154,10,7,108,65,46,22,15,7,9,16,1,99,63,46,17,15,5,7
2022-580,Australian Open,Hard,128,G,O,20220117,17,SH90,,,Joao Sousa,R,185,POR,32.802,140,500,GH33,,,Manuel Guinard,R,198,FRA,26.174,244,255,6-3 6-2,3,Q1,70,7,1,60,35,27,14,9,5,5,1,2,45,30,17,8,8,1,4
2022-580,Australian Open,Hard,128,G,O,20220117,18,L0BV,,,Jiri Lehecka,R,185,CZE,20.192,142,494,MP01,,,Michael Mmoh,R,188,USA,24.019,243,255,6-3 6-4,3,Q1,80,6,0,72,49,33,11,10,6,8,2,3,51,36,24,5,9,6,10
2022-580,Australian Open,Hard,128,G,O,20220117,19,KH56,19,,Zdenek Kolar,R,183,CZE,25.273,143,481,CC66,,,Andrea Collarini,L,183,ARG,29.963,259,229,7-6(7) 6-2,3,Q1,98,2,1,61,36,25,16,10,1,2,6,3,68,43,25,13,10,1,4
2022-580,Australian Open,Hard,128,G,O,20220117,20,M0FH,,,Tomas Machac,R,183,CZE,21.262,132,555,U182,,,Camilo Ugo Carabelli,R,185,ARG,22.587,215,301,2-6 6-3 6-1,3,Q1,106,3,1,73,39,32,14,12,1,3,0,3,69,38,22,16,12,2,6
2022-580,Australian Open,Hard,128,G,O,20220117,21,CG94,,,Enzo Couacaud,R,183,FRA,26.883,166,413,I306,21,,Cem Ilkel,R,185,TUR,26.409,150,455,6-3 6-7(4) 6-4,3,Q1,140,11,2,104,59,41,26,15,5,7,7,5,104,54,42,21,16,8,13
2022-580,Australian Open,Hard,128,G,O,20220117,22,BS86,,,Tomas Barrios Vera,R,191,CHI,24.104,147,458,MP20,,,Alexandre Muller,R,183,FRA,24.958,226,284,6-3 7-5,3,Q1,88,5,1,60,39,30,14,10,1,1,7,5,69,40,27,14,11,1,4
2022-580,Australian Open,Hard,128,G,O,20220117,23,GA36,,,Emilio Gomez,R,185,ECU,30.138,153,450,KI74,,,Nicola Kuhn,R,185,GER,21.829,251,242,6-4 6-4,3,Q1,89,3,3,55,29,22,12,10,2,5,1,5,71,40,24,12,10,6,11
2022-580,Australian Open,Hard,128,G,O,20220117,24,Y218,,,Elias Ymer,R,185,SWE,25.771,168,401,KC04,24,,Jozef Kovalik,R,183,SVK,29.202,151,452,7-6(3) 6-2,3,Q1,97,7,4,58,36,32,11,10,1,2,1,0,75,44,34,9,10,4,7
2022-580,Australian Open,Hard,128,G,O,20220117,25,S0GR,,,Timofey Skatov,R,173,KAZ,20.988,253,240,GF95,25,,Hugo Grenier,R,196,FRA,25.821,155,445,6-3 6-2,3,Q1,83,0,0,59,50,33,7,9,2,2,2,1,49,32,22,7,8,6,9
2022-580,Australian Open,Hard,128,G,O,20220117,26,HB64,26,,Quentin Halys,R,191,FRA,25.227,148,457,M0G4,,,Harold Mayot,R,180,FRA,19.951,471,76,6-4 6-1,3,Q1,68,6,2,52,34,27,9,9,2,3,1,0,55,33,20,8,8,3,7
2022-580,Australian Open,Hard,128,G,O,20220117,27,E690,,,Matthew Ebden,R,188,AUS,34.144,237,266,MJ71,27,,Mats Moraing,L,198,GER,29.577,156,444,4-6 6-2 6-1,3,Q1,105,9,4,89,63,46,13,13,4,5,10,9,82,41,29,18,12,7,11
2022-580,Australian Open,Hard,128,G,O,20220117,28,K839,,,Tobias Kamke,R,178,GER,35.661,252,241,GB53,28,,Federico Gaio,R,178,ITA,29.87,159,441,6-4 6-2,3,Q1,72,4,1,52,25,21,14,9,1,2,4,2,50,23,16,11,9,1,5
2022-580,Australian Open,Hard,128,G,O,20220117,29,CE25,,,Salvatore Caruso,R,185,ITA,29.09,146,458,RA51,,,Blaz Rola,L,193,SLO,31.285,179,368,3-6 6-1 7-6(5),3,Q1,158,8,3,101,64,42,23,14,12,14,9,2,94,43,34,27,14,6,9
2022-580,Australian Open,Hard,128,G,O,20220117,30,D923,,,Damir Dzumhur,R,175,BIH,29.662,161,429,TC01,,,Li Tu,R,183,AUS,25.643,521,64,6-1 6-3,3,Q1,77,1,5,49,31,25,10,8,0,0,0,3,60,31,18,12,8,3,7
2022-580,Australian Open,Hard,128,G,O,20220117,31,E865,31,,Christopher Eubanks,R,201,USA,25.703,162,428,S0N0,,,Tristan Schoolkate,R,183,AUS,20.89,617,46,6-3 6-4,3,Q1,61,12,1,51,38,33,9,10,0,0,11,5,49,27,22,11,9,4,6
2022-580,Australian Open,Hard,128,G,O,20220117,32,E873,,,Ernesto Escobedo,R,185,MEX,25.539,141,497,CH05,32,,Altug Celikbilek,R,183,TUR,25.361,165,415,6-4 6-4,3,Q1,87,5,4,60,30,24,18,10,5,6,9,2,66,37,24,14,10,3,6
2022-580,Australian Open,Hard,128,G,O,20220117,33,BF55,,,Yuki Bhambri,R,185,IND,29.539,1049,10,D985,,,Joao Domingues,R,,POR,28.285,248,251,6-4 6-2,3,Q1,68,2,1,52,30,23,14,9,3,4,1,2,52,35,21,8,9,2,6
2022-580,Australian Open,Hard,128,G,O,20220117,34,C0E9,,,Flavio Cobolli,R,183,ITA,19.702,199,326,HB29,,,Andrew Harris,R,183,AUS,27.866,395,106,7-6(3) 4-6 6-3,3,Q1,141,11,8,108,57,46,28,16,7,9,3,2,102,71,44,21,15,5,7
2022-580,Australian Open,Hard,128,G,O,20220117,35,D0C1,,,Jesper de Jong,R,180,NED,21.632,207,313,SQ80,,,Akira Santillan,R,180,AUS,24.657,328,151,5-7 6-4 6-3,3,Q1,129,6,6,88,49,39,20,16,3,6,5,2,87,50,34,22,15,4,8
2022-580,Australian Open,Hard,128,G,O,20220117,36,E698,,,Gastao Elias,R,180,POR,31.149,216,299,G858,,,Ernests Gulbis,R,191,LAT,33.383,197,330,6-7(5) 6-2 3-1 RET,3,Q1,128,10,1,64,30,23,17,12,2,6,3,10,86,37,20,22,12,11,18
2022-580,Australian Open,Hard,128,G,O,20220117,37,SN54,,,Frederico Ferreira Silva,L,178,POR,26.836,239,262,SC47,,,Go Soeda,R,178,JPN,37.366,266,217,2-6 7-6(5) 6-2,3,Q1,156,4,4,90,53,32,22,14,0,4,6,1,102,56,37,25,14,6,10
2022-580,Australian Open,Hard,128,G,O,20220117,38,FA43,,,Juan Pablo Ficovich,R,188,ARG,24.98,236,267,MW75,,,Felipe Meligeni Alves,R,185,BRA,23.91,212,304,6-4 6-4,3,Q1,83,3,2,66,37,24,16,10,8,10,0,4,58,34,22,8,10,0,4
2022-580,Australian Open,Hard,128,G,O,20220117,39,G983,,,Alessandro Giannessi,L,185,ITA,31.636,184,357,HH06,,,Marc-Andrea Huesler,L,196,SUI,25.566,183,358,6-4 3-6 6-3,3,Q1,117,4,4,90,60,42,14,14,6,8,6,3,77,42,28,20,14,2,5
2022-580,Australian Open,Hard,128,G,O,20220117,40,H0BH,,,Rinky Hijikata,R,178,AUS,20.898,357,124,BK19,,,Mathias Bourgue,R,188,FRA,27.997,211,306,6-3 6-4,3,Q1,86,5,0,53,30,25,16,10,0,0,4,2,57,36,27,9,9,3,5
2022-580,Australian Open,Hard,128,G,O,20220117,41,HA28,,,Filip Horansky,R,191,SVK,29.027,194,346,TC12,,,Mikael Torpegaard,R,193,DEN,27.696,230,279,1-0 RET,3,Q1,6,1,2,7,4,4,0,0,0,0,0,0,4,0,0,0,1,0,1
2022-580,Australian Open,Hard,128,G,O,20220117,42,KI82,,,Vit Kopriva,R,178,CZE,24.591,195,345,AA27,,,Franco Agamenone,R,191,ITA,28.758,189,350,4-6 7-6(3) 6-3,3,Q1,144,3,2,92,52,35,22,16,3,8,2,5,110,79,48,15,15,12,17
2022-580,Australian Open,Hard,128,G,O,20220117,43,KC12,,,Mitchell Krueger,R,188,USA,28.014,163,428,BV27,,,Ulises Blanch,R,188,USA,23.817,303,173,6-1 6-2,3,Q1,64,1,0,41,29,21,9,7,1,1,4,5,56,32,19,6,8,3,8
2022-580,Australian Open,Hard,128,G,O,20220117,44,KB95,,,Jason Kubler,R,178,AUS,28.665,203,320,GA79,,,Lorenzo Giustino,R,180,ITA,30.355,204,316,3-6 6-4 6-0,3,Q1,107,3,3,71,46,37,15,12,4,5,5,6,72,46,32,9,13,2,6
2022-580,Australian Open,Hard,128,G,O,20220117,45,K926,,,Mikhail Kukushkin,R,183,KAZ,34.062,180,362,BE67,,,Mirza Basic,R,188,BIH,30.519,233,273,6-2 6-3,3,Q1,63,7,0,46,35,31,6,9,1,1,3,0,49,25,14,16,8,3,6
2022-580,Australian Open,Hard,128,G,O,20220117,46,KC33,,,Dimitar Kuzmanov,R,183,BUL,28.474,225,288,MN20,,,Daniel Masur,R,183,GER,27.198,181,361,4-6 6-3 7-6(5),3,Q1,166,18,2,132,91,61,21,16,13,15,9,5,96,57,41,22,15,5,7
2022-580,Australian Open,Hard,128,G,O,20220117,47,LB66,,,Constant Lestienne,R,180,FRA,29.654,227,280,PH64,,,Andrea Pellegrino,R,185,ITA,24.821,221,292,2-6 6-1 6-2,3,Q1,100,12,6,90,53,36,17,12,7,10,1,3,59,33,22,11,11,7,12
2022-580,Australian Open,Hard,128,G,O,20220117,48,MN13,,,Maximilian Marterer,L,188,GER,26.593,228,279,SP80,,,Nino Serdarusic,R,191,CRO,25.095,245,255,3-6 6-1 6-4,3,Q1,92,4,1,68,37,32,21,13,3,4,12,0,72,49,38,11,13,1,4
2022-580,Australian Open,Hard,128,G,O,20220117,49,MP83,,,Gian Marco Moroni,R,185,ITA,23.926,205,314,RB56,,,Ramkumar Ramanathan,R,188,IND,27.192,182,360,6-3 7-5,3,Q1,79,3,2,56,40,33,12,11,1,1,6,5,69,42,32,9,10,7,9
2022-580,Australian Open,Hard,128,G,O,20220117,50,O376,,,Renzo Olivo,R,178,ARG,29.843,191,347,F811,,,Bjorn Fratangelo,R,183,USA,28.498,158,441,6-2 6-4,3,Q1,85,1,2,53,33,26,8,9,4,6,3,2,58,37,22,5,9,4,9
2022-580,Australian Open,Hard,128,G,O,20220117,51,PG94,,,Marc Polmans,R,188,AUS,24.712,196,343,BU54,,,Geoffrey Blancaneaux,R,180,FRA,23.444,234,273,7-6(3) 6-2,3,Q1,124,1,2,98,66,45,15,10,11,12,6,1,65,46,26,10,10,4,7
2022-580,Australian Open,Hard,128,G,O,20220117,52,PH71,,,Max Purcell,R,185,AUS,23.792,173,386,D864,,,Evgeny Donskoy,R,185,RUS,31.693,186,353,6-4 6-2,3,Q1,91,2,1,55,28,22,15,9,1,1,5,2,84,45,26,18,9,13,16
2022-580,Australian Open,Hard,128,G,O,20220117,53,SS25,,,Vitaliy Sachko,R,188,UKR,24.512,242,256,BU13,,,Zizou Bergs,R,185,BEL,22.626,187,353,3-6 7-6(5) 2-3 RET,3,Q1,138,3,0,78,53,36,15,12,4,7,4,4,100,61,37,24,14,7,9
2022-580,Australian Open,Hard,128,G,O,20220117,54,SX50,,,Roman Safiullin,R,185,RUS,24.446,149,455,TA46,,,Bernard Tomic,R,196,AUS,29.24,262,225,6-1 6-4,3,Q1,57,19,4,48,32,29,9,9,1,1,6,7,62,34,25,9,8,6,9
2022-580,Australian Open,Hard,128,G,O,20220117,55,S0TI,,,Philip Sekulic,R,191,AUS,18.368,986,12,BC65,,,Matthias Bachinger,R,188,GER,34.795,235,267,6-4 6-3,3,Q1,79,9,1,60,35,28,16,10,3,3,4,3,62,36,24,13,9,5,7
2022-580,Australian Open,Hard,128,G,O,20220117,56,S0LA,,,Dominic Stricker,L,183,SUI,19.422,241,257,SK47,,,Mohamed Safwat,R,180,EGY,31.329,217,298,3-6 6-2 6-1,3,Q1,99,8,2,75,44,33,19,12,3,4,6,6,79,41,30,14,12,7,11
2022-580,Australian Open,Hard,128,G,O,20220117,57,S0IA,,,Dane Sweeny,R,170,AUS,20.928,489,71,BK24,,,Gregoire Barrere,R,183,FRA,27.918,167,403,7-5 6-3,3,Q1,87,1,7,66,34,27,12,11,2,5,2,4,76,41,23,15,10,11,16
2022-580,Australian Open,Hard,128,G,O,20220117,58,T0A1,,,Thiago Agustin Tirante,R,185,ARG,20.772,240,261,SP24,,,Brayden Schnur,R,193,CAN,26.541,238,264,6-4 1-6 6-4,3,Q1,116,2,8,78,45,31,15,13,4,8,7,3,81,54,36,13,14,4,8
2022-580,Australian Open,Hard,128,G,O,20220117,59,TA29,,,Marco Trungelliti,R,178,ARG,31.962,198,326,L797,,,Lukas Lacko,R,188,SVK,34.207,188,351,6-3 6-4,3,Q1,71,5,0,54,24,20,20,10,5,6,2,1,55,37,28,4,9,3,6
2022-580,Australian Open,Hard,128,G,O,20220117,60,V942,,,Tim van Rijthoven,R,188,NED,24.734,258,231,MJ98,,,Facundo Mena,R,183,ARG,29.32,209,312,6-4 6-3,3,Q1,70,15,0,41,31,29,7,9,0,0,5,3,64,42,26,12,10,1,4
2022-580,Australian Open,Hard,128,G,O,20220117,61,VA08,,,Andrea Vavassori,R,193,ITA,26.705,287,186,BE54,,,Ruben Bemelmans,L,183,BEL,34.01,214,301,6-2 7-6(6),3,Q1,87,5,3,62,32,22,20,10,4,7,1,1,64,40,22,12,10,4,9
2022-580,Australian Open,Hard,128,G,O,20220117,62,V824,,,Mario Vilella Martinez,R,178,ESP,26.543,174,385,SC56,,,Dudi Sela,R,175,ISR,36.789,381,111,6-3 6-2,3,Q1,66,7,3,55,28,22,15,9,3,4,2,4,49,29,17,10,8,1,5
2022-580,Australian Open,Hard,128,G,O,20220117,63,WB08,,,Yosuke Watanuki,R,180,JPN,23.767,265,220,ME89,,,Illya Marchenko,R,185,UKR,34.36,164,427,6-4 4-6 6-1,3,Q1,126,11,4,93,50,38,19,13,7,9,5,4,82,39,26,19,14,3,8
2022-580,Australian Open,Hard,128,G,O,20220117,64,W09G,,,J.J. Wolf,R,183,USA,23.075,210,307,SC77,,,Sergiy Stakhovsky,R,193,UKR,36.03,219,293,6-3 6-4,3,Q1,80,2,0,57,36,27,13,10,1,2,4,0,61,30,23,12,9,10,13
2022-580,Australian Open,Hard,128,G,O,20220117,65,GB93,,,Norbert Gombos,R,193,SVK,31.431,117,624,O376,,,Renzo Olivo,R,178,ARG,29.843,191,347,6-0 3-6 7-6(6),3,Q2,136,4,5,85,50,36,16,13,3,6,5,7,98,64,40,11,14,6,11
2022-580,Australian Open,Hard,128,G,O,20220117,66,A829,,,Radu Albot,R,175,MDA,32.183,124,587,WB08,,,Yosuke Watanuki,R,180,JPN,23.767,265,220,6-1 2-6 6-2,3,Q2,99,4,1,76,53,37,10,11,6,8,11,6,68,40,25,13,12,1,6
2022-580,Australian Open,Hard,128,G,O,20220117,67,DA81,,,Taro Daniel,R,191,JPN,28.972,120,606,MP83,,,Gian Marco Moroni,R,185,ITA,23.926,205,314,6-3 6-1,3,Q2,76,3,0,42,29,22,7,8,0,1,1,3,51,36,20,2,8,3,8
2022-580,Australian Open,Hard,128,G,O,20220117,68,H997,,,Yannick Hanfmann,R,193,GER,30.179,126,583,V942,,,Tim van Rijthoven,R,188,NED,24.734,258,231,7-6(8) 7-6(3),3,Q2,126,4,4,83,50,40,16,12,1,3,6,3,95,60,43,17,12,3,5
2022-580,Australian Open,Hard,128,G,O,20220117,69,BI23,,,Liam Broady,L,183,GBR,28.036,128,569,W09G,,,J.J. Wolf,R,183,USA,23.075,210,307,3-6 6-4 6-4,3,Q2,114,6,2,87,51,38,19,14,4,6,14,3,84,61,47,10,15,7,10
2022-580,Australian Open,Hard,128,G,O,20220117,70,E698,,,Gastao Elias,R,180,POR,31.149,216,299,V836,11,,Juan Pablo Varillas,R,185,PER,26.283,129,567,7-6(7) 4-6 6-4,3,Q2,177,9,5,122,71,52,24,16,4,7,5,0,109,73,53,16,16,2,5
2022-580,Australian Open,Hard,128,G,O,20220117,71,EA24,,,Tomas Martin Etcheverry,R,196,ARG,22.502,131,556,KB95,,,Jason Kubler,R,178,AUS,28.665,203,320,7-5 5-7 6-3,3,Q2,167,14,1,104,80,61,10,17,4,6,3,6,97,67,48,12,16,0,3
2022-580,Australian Open,Hard,128,G,O,20220117,72,HA28,,,Filip Horansky,R,191,SVK,29.027,194,346,R09X,14,,Jurij Rodionov,L,191,AUT,22.675,137,510,7-6(5) 4-6 7-5,3,Q2,193,5,3,130,76,52,29,17,8,11,11,7,140,78,55,29,17,17,20
2022-580,Australian Open,Hard,128,G,O,20220117,73,MM66,,,Nikola Milojevic,R,188,SRB,26.582,139,506,SS25,,,Vitaliy Sachko,R,188,UKR,24.512,242,256,6-3 7-6(4),3,Q2,107,7,1,76,57,39,10,11,5,7,1,1,65,48,32,7,10,3,6
2022-580,Australian Open,Hard,128,G,O,20220117,74,TE30,,,Alejandro Tabilo,L,188,CHI,24.627,135,518,LB66,,,Constant Lestienne,R,180,FRA,29.654,227,280,6-1 7-5,3,Q2,77,8,3,57,36,30,10,10,3,4,2,3,54,28,16,13,9,3,7
2022-580,Australian Open,Hard,128,G,O,20220117,75,SH90,,,Joao Sousa,R,185,POR,32.802,140,500,PG94,,,Marc Polmans,R,188,AUS,24.712,196,343,3-6 6-0 6-4,3,Q2,116,7,0,62,35,29,17,12,0,1,2,3,88,57,38,14,13,8,12
2022-580,Australian Open,Hard,128,G,O,20220117,76,L0BV,,,Jiri Lehecka,R,185,CZE,20.192,142,494,PH71,,,Max Purcell,R,185,AUS,23.792,173,386,7-6(2) 7-6(8),3,Q2,99,8,4,84,50,39,24,12,3,3,12,3,84,53,45,16,12,2,2
2022-580,Australian Open,Hard,128,G,O,20220117,77,C0E9,,,Flavio Cobolli,R,183,ITA,19.702,199,326,KH56,19,,Zdenek Kolar,R,183,CZE,25.273,143,481,6-4 6-2,3,Q2,90,6,1,56,27,20,14,9,4,6,0,8,66,31,17,15,9,5,10
2022-580,Australian Open,Hard,128,G,O,20220117,78,M0FH,,,Tomas Machac,R,183,CZE,21.262,132,555,BF55,,,Yuki Bhambri,R,185,IND,29.539,1049,10,6-1 6-3,3,Q2,64,6,0,47,29,24,10,8,1,1,1,5,49,30,17,6,8,1,5
2022-580,Australian Open,Hard,128,G,O,20220117,79,BS86,,,Tomas Barrios Vera,R,191,CHI,24.104,147,458,T0A1,,,Thiago Agustin Tirante,R,185,ARG,20.772,240,261,6-4 7-6(1),3,Q2,106,1,1,71,42,31,17,11,1,2,6,7,75,43,32,14,11,3,5
2022-580,Australian Open,Hard,128,G,O,20220117,80,GA36,,,Emilio Gomez,R,185,ECU,30.138,153,450,KC12,,,Mitchell Krueger,R,188,USA,28.014,163,428,6-3 7-5,3,Q2,98,7,1,69,44,31,16,11,3,3,4,2,70,46,29,13,10,5,7
2022-580,Australian Open,Hard,128,G,O,20220117,81,G983,,,Alessandro Giannessi,L,185,ITA,31.636,184,357,HB64,26,,Quentin Halys,R,191,FRA,25.227,148,457,3-6 6-3 7-6(10),3,Q2,121,3,5,91,55,38,24,15,1,3,16,4,97,64,48,16,15,3,5
2022-580,Australian Open,Hard,128,G,O,20220117,82,CE25,,,Salvatore Caruso,R,185,ITA,29.09,146,458,FA43,,,Juan Pablo Ficovich,R,188,ARG,24.98,236,267,7-5 7-6(5),3,Q2,129,3,3,82,57,40,11,12,3,5,5,3,85,52,36,14,12,3,6
2022-580,Australian Open,Hard,128,G,O,20220117,83,D923,,,Damir Dzumhur,R,175,BIH,29.662,161,429,H0BH,,,Rinky Hijikata,R,178,AUS,20.898,357,124,6-4 2-1 RET,3,Q2,83,1,2,46,24,15,15,6,6,6,6,2,61,31,23,12,7,9,11
2022-580,Australian Open,Hard,128,G,O,20220117,84,SX50,,,Roman Safiullin,R,185,RUS,24.446,149,455,E865,31,,Christopher Eubanks,R,201,USA,25.703,162,428,6-4 1-6 6-1,3,Q2,91,7,2,71,45,34,14,12,4,6,16,0,73,55,37,8,12,5,8
2022-580,Australian Open,Hard,128,G,O,20220117,85,CG94,,,Enzo Couacaud,R,183,FRA,26.883,166,413,KI82,,,Vit Kopriva,R,178,CZE,24.591,195,345,6-3 6-3,3,Q2,66,6,0,50,35,31,7,9,0,0,7,1,53,34,21,11,9,1,4
2022-580,Australian Open,Hard,128,G,O,20220117,86,D0C1,,,Jesper de Jong,R,180,NED,21.632,207,313,W0C4,,,Edward Winter,R,178,AUS,17.339,1768,1,6-1 6-2,3,Q2,58,5,0,37,21,19,13,8,0,0,2,6,54,25,13,13,7,3,7
2022-580,Australian Open,Hard,128,G,O,20220117,87,E690,,,Matthew Ebden,R,188,AUS,34.144,237,266,S0LA,,,Dominic Stricker,L,183,SUI,19.422,241,257,7-6(2) 6-2,3,Q2,71,12,1,59,45,38,8,10,0,0,3,3,57,27,16,20,10,3,5
2022-580,Australian Open,Hard,128,G,O,20220117,88,E873,,,Ernesto Escobedo,R,185,MEX,25.539,141,497,VA08,,,Andrea Vavassori,R,193,ITA,26.705,287,186,7-6(3) 6-4,3,Q2,99,5,3,66,43,36,15,11,1,1,6,0,65,38,26,20,11,1,2
2022-580,Australian Open,Hard,128,G,O,20220117,89,F586,,,Thomas Fabbiano,R,173,ITA,32.646,202,320,SN54,,,Frederico Ferreira Silva,L,178,POR,26.836,239,262,6-2 7-5,3,Q2,81,6,1,46,29,26,14,10,0,0,7,1,65,39,27,12,10,2,5
2022-580,Australian Open,Hard,128,G,O,20220117,90,K839,,,Tobias Kamke,R,178,GER,35.661,252,241,KC33,,,Dimitar Kuzmanov,R,183,BUL,28.474,225,288,7-5 6-4,3,Q2,104,2,3,61,29,22,17,11,1,4,6,1,67,48,25,10,11,4,9
2022-580,Australian Open,Hard,128,G,O,20220117,91,K926,,,Mikhail Kukushkin,R,183,KAZ,34.062,180,362,H756,,,Robin Haase,R,191,NED,34.784,229,279,7-5 7-6(2),3,Q2,105,3,1,79,61,45,7,12,5,7,7,1,79,48,36,11,12,3,6
2022-580,Australian Open,Hard,128,G,O,20220117,92,MN13,,,Maximilian Marterer,L,188,GER,26.593,228,279,GA94,,,Prajnesh Gunneswaran,L,188,IND,32.181,220,292,6-2 7-6(8),3,Q2,86,11,2,56,26,24,20,10,0,1,3,2,78,46,26,19,10,6,9
2022-580,Australian Open,Hard,128,G,O,20220117,93,PG20,,,Dmitry Popko,R,191,KAZ,25.232,177,378,S0TI,,,Philip Sekulic,R,191,AUS,18.368,986,12,6-4 6-2,3,Q2,86,4,1,58,35,25,13,9,4,5,5,2,56,33,21,7,9,4,8
2022-580,Australian Open,Hard,128,G,O,20220117,94,S0GR,,,Timofey Skatov,R,173,KAZ,20.988,253,240,S0IA,,,Dane Sweeny,R,170,AUS,20.928,489,71,6-4 6-2,3,Q2,100,0,0,55,43,32,8,9,1,1,4,3,86,55,32,15,9,10,13
2022-580,Australian Open,Hard,128,G,O,20220117,95,TA29,,,Marco Trungelliti,R,178,ARG,31.962,198,326,CG04,,,Pedro Cachin,R,185,ARG,26.768,246,254,7-5 6-4,3,Q2,94,2,3,78,43,30,14,11,4,8,6,0,62,34,19,11,11,5,11
2022-580,Australian Open,Hard,128,G,O,20220117,96,Y218,,,Elias Ymer,R,185,SWE,25.771,168,401,V824,,,Mario Vilella Martinez,R,178,ESP,26.543,174,385,4-6 6-4 7-6(0),3,Q2,144,6,4,97,55,41,24,16,4,7,7,7,112,63,43,24,16,6,9
2022-580,Australian Open,Hard,128,G,O,20220117,97,GB93,,,Norbert Gombos,R,193,SVK,31.431,117,624,E690,,,Matthew Ebden,R,188,AUS,34.144,237,266,6-7(3) 7-6(5) 7-6(8),3,Q3,214,4,6,141,83,55,28,18,7,11,23,8,142,93,67,17,18,10,14
2022-580,Australian Open,Hard,128,G,O,20220117,98,A829,,,Radu Albot,R,175,MDA,32.183,124,587,SH90,,,Joao Sousa,R,185,POR,32.802,140,500,6-4 6-4,3,Q3,86,3,3,56,39,31,10,10,2,3,5,3,62,33,25,11,10,7,10
2022-580,Australian Open,Hard,128,G,O,20220117,99,DA81,,,Taro Daniel,R,191,JPN,28.972,120,606,CE25,,,Salvatore Caruso,R,185,ITA,29.09,146,458,6-4 6-3,3,Q3,86,15,0,59,41,31,11,10,3,4,3,3,51,31,21,8,9,2,5
2022-580,Australian Open,Hard,128,G,O,20220117,100,H997,,,Yannick Hanfmann,R,193,GER,30.179,126,583,G983,,,Alessandro Giannessi,L,185,ITA,31.636,184,357,7-6(3) 7-6(6),3,Q3,136,6,3,94,58,46,19,12,4,5,5,4,97,56,35,28,12,4,5
2022-580,Australian Open,Hard,128,G,O,20220117,101,BI23,,,Liam Broady,L,183,GBR,28.036,128,569,SX50,,,Roman Safiullin,R,185,RUS,24.446,149,455,4-6 7-6(2) 6-2,3,Q3,136,10,2,90,50,37,23,15,1,4,3,5,93,51,37,20,15,4,8
2022-580,Australian Open,Hard,128,G,O,20220117,102,EA24,,,Tomas Martin Etcheverry,R,196,ARG,22.502,131,556,C0E9,,,Flavio Cobolli,R,183,ITA,19.702,199,326,6-3 6-2,3,Q3,89,0,2,56,37,30,8,9,1,2,4,3,60,30,19,13,8,4,8
2022-580,Australian Open,Hard,128,G,O,20220117,103,MM66,,,Nikola Milojevic,R,188,SRB,26.582,139,506,CG94,,,Enzo Couacaud,R,183,FRA,26.883,166,413,7-6(6) 7-6(3),3,Q3,104,13,4,73,53,46,12,12,2,2,10,1,72,44,37,17,12,0,0
2022-580,Australian Open,Hard,128,G,O,20220117,104,TE30,,,Alejandro Tabilo,L,188,CHI,24.627,135,518,Y218,,,Elias Ymer,R,185,SWE,25.771,168,401,6-1 6-2,3,Q3,60,4,2,46,30,24,10,8,2,2,5,2,37,21,13,5,7,3,7
2022-580,Australian Open,Hard,128,G,O,20220117,105,L0BV,,,Jiri Lehecka,R,185,CZE,20.192,142,494,PG20,,,Dmitry Popko,R,191,KAZ,25.232,177,378,4-6 6-3 6-3,3,Q3,133,8,3,81,44,37,17,14,6,8,2,5,98,45,25,32,14,5,9
2022-580,Australian Open,Hard,128,G,O,20220117,106,M0FH,,,Tomas Machac,R,183,CZE,21.262,132,555,D0C1,,,Jesper de Jong,R,180,NED,21.632,207,313,6-2 6-3,3,Q3,67,10,0,41,28,26,8,8,1,1,5,4,60,41,24,7,9,7,11
2022-580,Australian Open,Hard,128,G,O,20220117,107,BS86,,,Tomas Barrios Vera,R,191,CHI,24.104,147,458,HA28,,,Filip Horansky,R,191,SVK,29.027,194,346,7-5 6-4,3,Q3,99,5,0,71,47,36,10,11,1,2,8,4,85,59,37,13,11,7,10
2022-580,Australian Open,Hard,128,G,O,20220117,108,GA36,,,Emilio Gomez,R,185,ECU,30.138,153,450,F586,,,Thomas Fabbiano,R,173,ITA,32.646,202,320,7-5 4-6 6-3,3,Q3,138,6,6,105,67,46,23,16,9,11,8,2,91,53,38,21,15,4,7
2022-580,Australian Open,Hard,128,G,O,20220117,109,TA29,,,Marco Trungelliti,R,178,ARG,31.962,198,326,D923,,,Damir Dzumhur,R,175,BIH,29.662,161,429,6-2 2-6 7-5,3,Q3,148,8,5,107,63,38,22,14,14,19,3,4,96,63,38,14,14,8,14
2022-580,Australian Open,Hard,128,G,O,20220117,110,K926,,,Mikhail Kukushkin,R,183,KAZ,34.062,180,362,E873,,,Ernesto Escobedo,R,185,MEX,25.539,141,497,6-4 5-7 7-5,3,Q3,172,10,1,103,70,55,17,17,3,4,9,3,114,72,49,27,17,4,6
2022-580,Australian Open,Hard,128,G,O,20220117,111,MN13,,,Maximilian Marterer,L,188,GER,26.593,228,279,K839,,,Tobias Kamke,R,178,GER,35.661,252,241,6-4 6-1,3,Q3,73,8,0,45,29,20,14,9,1,2,0,1,54,29,16,11,8,5,9
2022-580,Australian Open,Hard,128,G,O,20220117,112,S0GR,,,Timofey Skatov,R,173,KAZ,20.988,253,240,E698,,,Gastao Elias,R,180,POR,31.149,216,299,6-4 7-6(5),3,Q3,103,0,0,67,56,37,6,11,2,5,8,1,68,37,26,14,11,3,7
2022-375,Montpellier,Hard,32,250,I,20220131,1,Z09D,,,Kacper Zuk,R,183,POL,23.028,172,379,L949,1,,Henri Laaksonen,R,185,SUI,29.837,86,784,6-2 1-6 6-3,3,Q1,91,6,5,78,48,33,16,12,4,6,7,2,73,39,28,17,12,3,6
2022-375,Montpellier,Hard,32,250,I,20220131,2,G858,,,Ernests Gulbis,R,191,LAT,33.421,265,215,L397,2,,Feliciano Lopez,L,188,ESP,40.364,107,696,6-1 6-4,3,Q1,71,5,2,58,36,29,10,9,3,4,1,3,46,24,16,9,8,4,8
2022-375,Montpellier,Hard,32,250,I,20220131,3,H996,,,Pierre-Hugues Herbert,R,188,FRA,30.875,113,643,G0GW,,,Sascha Gueymard Wayenburg,R,191,FRA,18.502,928,15,4-6 6-3 6-2,3,Q1,123,5,6,101,59,41,24,14,12,13,9,9,101,54,36,23,13,6,9
2022-375,Montpellier,Hard,32,250,I,20220131,4,SD32,,,Gilles Simon,R,183,FRA,37.095,130,553,HH06,,,Marc-Andrea Huesler,L,196,SUI,25.604,191,339,7-6(7) 7-6(7),3,Q1,122,14,7,93,57,39,13,12,2,6,5,2,85,47,32,17,12,5,9
2022-375,Montpellier,Hard,32,250,I,20220131,5,K926,,,Mikhail Kukushkin,R,183,KAZ,34.1,166,397,L0BV,5,,Jiri Lehecka,R,185,CZE,20.23,138,522,6-2 6-3,3,Q1,67,2,1,43,27,21,13,8,0,0,5,3,64,37,27,7,9,6,10
2022-375,Montpellier,Hard,32,250,I,20220131,6,SX50,6,,Roman Safiullin,R,185,RUS,24.485,148,466,V0DZ,,,Luca Van Assche,R,178,FRA,17.725,445,83,6-1 6-1,3,Q1,61,9,1,47,35,25,6,7,4,5,0,1,47,23,5,12,7,4,10
2022-375,Montpellier,Hard,32,250,I,20220131,7,D923,,,Damir Dzumhur,R,175,BIH,29.7,152,447,BU13,,,Zizou Bergs,R,185,BEL,22.664,186,347,7-5 6-2,3,Q1,80,0,1,63,41,29,12,10,4,6,3,1,58,38,19,9,10,1,6
2022-375,Montpellier,Hard,32,250,I,20220131,8,HA71,,,Antoine Hoang,R,183,FRA,26.242,211,304,L797,,,Lukas Lacko,R,188,SVK,34.245,197,329,7-6(6) 6-2,3,Q1,78,6,2,60,47,36,6,10,4,5,5,2,64,41,27,10,10,1,4
2022-375,Montpellier,Hard,32,250,I,20220131,9,H996,,,Pierre-Hugues Herbert,R,188,FRA,30.875,113,643,K926,,,Mikhail Kukushkin,R,183,KAZ,34.1,166,397,7-6(3) 7-5,3,Q2,108,6,4,78,46,31,18,12,3,6,2,0,78,51,35,9,12,2,6
2022-375,Montpellier,Hard,32,250,I,20220131,10,SD32,,,Gilles Simon,R,183,FRA,37.095,130,553,HA71,,,Antoine Hoang,R,183,FRA,26.242,211,304,6-4 7-5,3,Q2,106,4,2,65,42,26,14,11,3,6,3,6,74,49,31,8,11,8,13
2022-375,Montpellier,Hard,32,250,I,20220131,11,Z09D,,,Kacper Zuk,R,183,POL,23.028,172,379,SX50,6,,Roman Safiullin,R,185,RUS,24.485,148,466,6-4 6-7(4) 7-5,3,Q2,132,9,1,97,58,46,26,17,1,2,10,4,108,66,47,25,17,3,6
2022-375,Montpellier,Hard,32,250,I,20220131,12,D923,,,Damir Dzumhur,R,175,BIH,29.7,152,447,G858,,,Ernests Gulbis,R,191,LAT,33.421,265,215,7-6(4) 6-2,3,Q2,87,1,2,67,49,34,12,10,1,2,4,4,70,46,30,8,10,3,6
2022-891,Pune,Hard,32,250,O,20220131,1,CH05,1,,Altug Celikbilek,R,183,TUR,25.399,161,415,MP13,,,Mukund Sasikumar,R,185,IND,25.046,364,120,6-3 6-3,3,Q1,82,8,3,61,35,28,14,9,4,4,7,0,59,30,18,17,9,3,6
2022-891,Pune,Hard,32,250,O,20220131,2,MP20,,,Alexandre Muller,R,183,FRA,24.997,214,300,CG94,2,,Enzo Couacaud,R,183,FRA,26.921,162,410,4-6 7-6(5) 7-6(2),3,Q1,170,6,5,123,71,43,24,17,11,18,11,2,113,61,43,22,17,9,15
2022-891,Pune,Hard,32,250,O,20220131,3,Y218,,,Elias Ymer,R,185,SWE,25.81,163,410,KC33,,,Dimitar Kuzmanov,R,183,BUL,28.512,220,294,7-5 6-4,3,Q1,115,6,3,66,37,23,14,11,0,4,1,8,81,51,28,11,11,7,13
2022-891,Pune,Hard,32,250,O,20220131,4,CI14,,,Jay Clarke,R,183,GBR,23.515,196,329,HB29,,,Andrew Harris,R,183,AUS,27.904,397,106,6-1 6-3,3,Q1,72,3,3,54,30,23,16,8,5,5,1,1,52,29,18,9,8,3,7
2022-891,Pune,Hard,32,250,O,20220131,5,MP83,,,Gian Marco Moroni,R,185,ITA,23.964,202,324,D864,6,,Evgeny Donskoy,R,185,RUS,31.732,194,333,7-5 5-7 6-1,3,Q1,133,7,2,90,61,46,15,16,1,4,2,3,98,56,39,17,15,4,9
2022-891,Pune,Hard,32,250,O,20220131,6,PG94,,,Marc Polmans,R,188,AUS,24.75,210,306,T0AP,7,,Chun-Hsin Tseng,R,175,TPE,20.482,188,345,6-3 6-4,3,Q1,106,2,3,83,49,35,17,10,5,6,3,3,59,35,23,11,9,5,8
2022-891,Pune,Hard,32,250,O,20220131,7,KI82,,,Vit Kopriva,R,178,CZE,24.63,193,338,SY74,,,Manish Sureshkumar,R,180,IND,22.47,675,38,6-2 6-3,3,Q1,83,3,2,58,34,25,12,9,2,4,2,3,58,36,19,8,8,8,13
2022-891,Pune,Hard,32,250,O,20220131,8,CG33,,,Kimmer Coppejans,R,178,BEL,27.981,206,313,GH92,,,Borna Gojo,R,196,CRO,23.926,281,195,3-6 6-1 7-6(7),3,Q1,130,3,3,100,67,50,17,14,5,6,17,5,86,53,43,18,14,1,3
2022-891,Pune,Hard,32,250,O,20220131,9,KI82,,,Vit Kopriva,R,178,CZE,24.63,193,338,CH05,1,,Altug Celikbilek,R,183,TUR,25.399,161,415,6-7(4) 6-3 7-5,3,Q2,143,6,3,99,51,41,28,17,0,1,7,4,100,59,44,18,16,3,6
2022-891,Pune,Hard,32,250,O,20220131,10,Y218,,,Elias Ymer,R,185,SWE,25.81,163,410,PG94,,,Marc Polmans,R,188,AUS,24.75,210,306,6-4 6-4,3,Q2,91,5,0,52,33,24,14,10,0,1,2,5,72,46,32,11,10,8,11
2022-891,Pune,Hard,32,250,O,20220131,11,CI14,,,Jay Clarke,R,183,GBR,23.515,196,329,MP20,,,Alexandre Muller,R,183,FRA,24.997,214,300,6-7(5) 6-3 6-4,3,Q2,144,6,6,108,61,47,23,16,6,8,5,4,84,56,37,19,15,3,7
2022-891,Pune,Hard,32,250,O,20220131,12,MP83,,,Gian Marco Moroni,R,185,ITA,23.964,202,324,CG33,,,Kimmer Coppejans,R,178,BEL,27.981,206,313,7-6(5) 6-4,3,Q2,108,7,6,72,54,43,8,11,5,6,6,2,76,52,34,14,11,2,4
2022-9158,Cordoba,Clay,32,250,O,20220131,1,GE33,,,Daniel Elahi Galan,R,191,COL,25.621,127,582,KC29,,,Nicolas Kicker,R,178,ARG,29.459,216,297,6-1 6-3,3,Q1,79,2,0,48,24,18,14,8,1,2,2,4,51,27,15,8,8,3,8
2022-9158,Cordoba,Clay,32,250,O,20220131,2,V836,,,Juan Pablo Varillas,R,185,PER,26.322,129,567,G983,,,Alessandro Giannessi,L,185,ITA,31.674,184,350,7-6(5) 6-2,3,Q1,100,7,0,62,37,31,15,10,1,2,1,3,71,42,27,16,10,2,5
2022-9158,Cordoba,Clay,32,250,O,20220131,3,TE30,,,Alejandro Tabilo,L,188,CHI,24.665,144,483,O376,,,Renzo Olivo,R,178,ARG,29.881,185,347,6-2 6-2,3,Q1,67,4,3,44,23,21,12,8,2,2,2,5,50,32,20,5,8,3,7
2022-9158,Cordoba,Clay,32,250,O,20220131,4,MM66,,,Nikola Milojevic,R,188,SRB,26.62,136,525,MW75,,,Felipe Meligeni Alves,R,185,BRA,23.948,229,278,6-4 6-3,3,Q1,96,5,2,66,41,33,14,10,5,5,1,3,73,46,28,14,9,7,9
2022-9158,Cordoba,Clay,32,250,O,20220131,5,T0A1,,,Thiago Agustin Tirante,R,185,ARG,20.81,233,274,KH56,5,,Zdenek Kolar,R,183,CZE,25.311,146,474,7-5 6-3,3,Q1,113,1,0,68,41,25,17,11,1,3,2,4,75,36,22,19,10,8,12
2022-9158,Cordoba,Clay,32,250,O,20220131,6,J551,,,Nicolas Jarry,R,201,CHI,26.308,149,460,J620,,,Maxime Janvier,R,196,FRA,25.287,248,247,6-4 7-6(6),3,Q1,100,14,1,64,42,36,14,11,1,1,3,3,69,38,29,21,11,2,3
2022-9158,Cordoba,Clay,32,250,O,20220131,7,BS86,7,,Tomas Barrios Vera,R,191,CHI,24.142,143,485,MJ98,,,Facundo Mena,R,183,ARG,29.358,198,327,6-3 6-2,3,Q1,94,2,1,59,43,29,9,9,3,4,3,3,69,34,21,14,8,5,9
2022-9158,Cordoba,Clay,32,250,O,20220131,8,FA43,,,Juan Pablo Ficovich,R,188,ARG,25.018,230,277,PG20,8,,Dmitry Popko,R,191,KAZ,25.27,180,356,2-6 6-3 6-1,3,Q1,118,6,3,84,56,38,12,12,8,11,2,3,71,38,19,20,12,3,8
2022-9158,Cordoba,Clay,32,250,O,20220131,9,J551,,,Nicolas Jarry,R,201,CHI,26.308,149,460,GE33,,,Daniel Elahi Galan,R,191,COL,25.621,127,582,6-4 6-7(3) 7-5,3,Q2,164,12,5,104,68,53,19,17,1,2,9,3,103,68,51,19,17,4,7
2022-9158,Cordoba,Clay,32,250,O,20220131,10,V836,,,Juan Pablo Varillas,R,185,PER,26.322,129,567,BS86,7,,Tomas Barrios Vera,R,191,CHI,24.142,143,485,6-4 6-1,3,Q2,84,5,1,51,33,24,10,8,3,3,2,0,62,51,26,5,9,3,7
2022-9158,Cordoba,Clay,32,250,O,20220131,11,TE30,,,Alejandro Tabilo,L,188,CHI,24.665,144,483,T0A1,,,Thiago Agustin Tirante,R,185,ARG,20.81,233,274,6-3 6-4,3,Q2,81,9,2,58,38,34,8,10,0,0,2,0,60,39,25,9,9,5,7
2022-9158,Cordoba,Clay,32,250,O,20220131,12,FA43,,,Juan Pablo Ficovich,R,188,ARG,25.018,230,277,MM66,,,Nikola Milojevic,R,188,SRB,26.62,136,525,6-3 6-7(5) 7-5,3,Q2,186,5,8,121,71,50,24,17,7,11,5,5,106,69,41,19,16,4,10
2022-407,Rotterdam,Hard,32,500,I,20220207,1,G09O,,,Hugo Gaston,L,173,FRA,21.366,69,921,H756,,,Robin Haase,R,191,NED,34.842,259,223,6-1 7-6(4),3,Q1,75,6,4,68,36,28,21,9,3,3,6,8,66,37,25,13,10,3,6
2022-407,Rotterdam,Hard,32,500,I,20220207,2,L949,,,Henri Laaksonen,R,185,SUI,29.856,85,784,D923,,,Damir Dzumhur,R,175,BIH,29.719,142,492,6-3 6-7(5) 6-1,3,Q1,117,13,1,94,51,35,28,15,3,4,2,4,94,64,40,15,13,6,10
2022-407,Rotterdam,Hard,32,500,I,20220207,3,MW02,3,,Corentin Moutet,L,180,FRA,22.806,106,655,SO20,,,Jelle Sels,R,188,NED,26.497,324,148,7-6(11) 6-3,3,Q1,108,6,2,75,38,30,22,10,4,6,2,3,74,47,32,14,11,0,4
2022-407,Rotterdam,Hard,32,500,I,20220207,4,GC89,,,Egor Gerasimov,R,196,BLR,29.24,126,564,MN20,,,Daniel Masur,R,183,GER,27.255,184,353,6-4 6-4,3,Q1,80,7,1,51,36,28,13,10,1,1,6,3,75,44,32,12,10,7,9
2022-407,Rotterdam,Hard,32,500,I,20220207,5,Z419,,,Bernabe Zapata Miralles,R,183,ESP,25.07,129,558,C0E9,,,Flavio Cobolli,R,183,ITA,19.759,193,338,6-4 6-1,3,Q1,83,2,3,51,32,25,11,9,3,4,1,2,77,45,23,16,8,12,16
2022-407,Rotterdam,Hard,32,500,I,20220207,6,K435,6,,Philipp Kohlschreiber,R,178,GER,38.313,136,533,KC04,,,Jozef Kovalik,R,183,SVK,29.259,170,379,6-4 6-4,3,Q1,82,4,1,56,32,25,16,10,1,1,3,0,65,40,28,12,10,4,6
2022-407,Rotterdam,Hard,32,500,I,20220207,7,L0BV,,,Jiri Lehecka,R,185,CZE,20.249,137,522,D0C1,,,Jesper de Jong,R,180,NED,21.689,202,325,7-6(5) 6-0,3,Q1,96,4,5,62,35,26,16,9,5,5,3,4,86,53,33,12,9,9,12
2022-407,Rotterdam,Hard,32,500,I,20220207,8,V942,,,Tim van Rijthoven,R,188,NED,24.791,243,253,CE25,8,,Salvatore Caruso,R,185,ITA,29.147,151,452,6-4 7-6(5),3,Q1,108,13,1,78,52,37,15,11,8,10,3,6,72,37,28,15,11,4,7
2022-407,Rotterdam,Hard,32,500,I,20220207,9,Z419,,,Bernabe Zapata Miralles,R,183,ESP,25.07,129,558,G09O,,,Hugo Gaston,L,173,FRA,21.366,69,921,7-5 5-7 6-2,3,Q2,125,4,1,97,61,42,17,16,6,11,4,1,102,52,34,20,16,8,15
2022-407,Rotterdam,Hard,32,500,I,20220207,10,L949,,,Henri Laaksonen,R,185,SUI,29.856,85,784,V942,,,Tim van Rijthoven,R,188,NED,24.791,243,253,7-6(6) 2-6 6-4,3,Q2,121,8,3,110,73,48,22,15,6,9,11,3,85,57,45,16,15,0,2
2022-407,Rotterdam,Hard,32,500,I,20220207,11,L0BV,,,Jiri Lehecka,R,185,CZE,20.249,137,522,MW02,3,,Corentin Moutet,L,180,FRA,22.806,106,655,6-4 4-6 6-4,3,Q2,127,4,2,94,66,45,15,15,4,7,2,7,102,60,42,18,15,8,12
2022-407,Rotterdam,Hard,32,500,I,20220207,12,GC89,,,Egor Gerasimov,R,196,BLR,29.24,126,564,K435,6,,Philipp Kohlschreiber,R,178,GER,38.313,136,533,6-1 6-1,3,Q2,54,2,0,38,22,20,10,7,1,1,1,3,44,21,10,9,7,5,10
2022-424,Dallas,Hard,32,250,I,20220207,1,PD07,,,Vasek Pospisil,R,193,CAN,31.628,150,454,U134,,,Yasutaka Uchiyama,R,183,JPN,29.509,197,328,7-5 6-3,3,Q1,83,17,3,68,41,39,11,11,3,3,5,0,61,42,28,11,10,5,7
2022-424,Dallas,Hard,32,250,I,20220207,2,BI23,,,Liam Broady,L,183,GBR,28.093,121,589,I165,,,Denis Istomin,R,185,UZB,35.42,267,208,5-7 7-6(6) 7-6(9),3,Q1,171,8,2,118,80,59,23,18,3,6,7,3,128,96,67,18,18,3,5
2022-424,Dallas,Hard,32,250,I,20220207,3,R09X,,,Jurij Rodionov,L,191,AUT,22.732,153,449,K0IR,,,Liam Krall,R,191,USA,19.721,,,7-6(1) 6-3,3,Q1,84,6,2,60,31,30,19,11,0,0,5,4,72,45,33,11,10,6,7
2022-424,Dallas,Hard,32,250,I,20220207,4,WB08,,,Yosuke Watanuki,R,180,JPN,23.825,262,219,E873,4,,Ernesto Escobedo,R,185,MEX,25.596,135,536,6-4 6-7(5) 7-6(4),3,Q1,149,31,1,100,64,56,23,17,3,3,12,3,119,78,60,22,17,4,5
2022-424,Dallas,Hard,32,250,I,20220207,5,SK94,,,Cedrik-Marcel Stebe,L,180,GER,31.332,231,269,F811,5,,Bjorn Fratangelo,R,183,USA,28.556,154,444,3-6 6-2 6-4,3,Q1,96,8,2,71,48,36,15,13,1,2,6,2,74,50,39,11,14,1,4
2022-424,Dallas,Hard,32,250,I,20220207,6,E865,6,,Christopher Eubanks,R,201,USA,25.76,169,381,W09G,,,J.J. Wolf,R,183,USA,23.132,213,296,6-7(5) 6-2 6-4,3,Q1,111,23,0,86,62,48,17,15,0,0,13,5,81,64,50,10,15,2,5
2022-424,Dallas,Hard,32,250,I,20220207,7,J380,7,,Jason Jung,R,180,TPE,32.649,171,376,SC47,,,Go Soeda,R,178,JPN,37.424,281,192,3-6 6-1 7-6(6),3,Q1,141,3,2,97,67,51,15,14,6,7,7,1,95,60,43,20,14,1,3
2022-424,Dallas,Hard,32,250,I,20220207,8,F586,,,Thomas Fabbiano,R,173,ITA,32.704,182,355,N0BE,,,Adam Neff,R,185,USA,20.693,,,6-1 6-4,3,Q1,61,3,1,50,35,30,5,9,0,1,9,7,57,31,23,6,8,8,12
2022-424,Dallas,Hard,32,250,I,20220207,9,PD07,,,Vasek Pospisil,R,193,CAN,31.628,150,454,E865,6,,Christopher Eubanks,R,201,USA,25.76,169,381,6-3 7-6(3),3,Q2,94,10,2,64,41,34,13,10,3,3,10,5,73,47,30,15,11,2,4
2022-424,Dallas,Hard,32,250,I,20220207,10,BI23,,,Liam Broady,L,183,GBR,28.093,121,589,F586,,,Thomas Fabbiano,R,173,ITA,32.704,182,355,6-2 6-3,3,Q2,83,0,0,53,33,22,13,9,1,2,2,1,61,44,24,7,8,6,10
2022-424,Dallas,Hard,32,250,I,20220207,11,R09X,,,Jurij Rodionov,L,191,AUT,22.732,153,449,J380,7,,Jason Jung,R,180,TPE,32.649,171,376,4-6 6-2 6-3,3,Q2,119,6,1,87,54,41,20,14,5,6,3,2,88,58,42,12,13,4,7
2022-424,Dallas,Hard,32,250,I,20220207,12,SK94,,,Cedrik-Marcel Stebe,L,180,GER,31.332,231,269,WB08,,,Yosuke Watanuki,R,180,JPN,23.825,262,219,6-7(3) 6-4 6-4,3,Q2,149,14,1,92,66,55,15,16,0,0,11,3,112,63,48,24,16,6,8
2022-506,Buenos Aires,Clay,32,250,O,20220207,1,PG20,,,Dmitry Popko,R,191,KAZ,25.29,181,356,CF01,1,,Marco Cecchinato,R,185,ITA,29.355,92,721,6-2 6-2,3,Q1,64,3,0,48,25,21,15,8,0,0,0,3,45,17,9,14,8,2,6
2022-506,Buenos Aires,Clay,32,250,O,20220207,2,TE16,2,,Carlos Taberner,R,183,ESP,24.501,115,625,GJ16,,,Federico Agustin Gomez,R,191,ARG,25.199,795,24,6-3 6-2,3,Q1,68,3,0,39,21,21,11,8,0,0,1,6,59,29,14,16,9,2,6
2022-506,Buenos Aires,Clay,32,250,O,20220207,3,DA31,,,Hugo Dellien,R,180,BOL,28.646,103,684,G983,,,Alessandro Giannessi,L,185,ITA,31.693,198,328,7-6(3) 6-1,3,Q1,96,2,3,50,34,30,10,9,0,0,2,5,76,40,24,18,10,4,7
2022-506,Buenos Aires,Clay,32,250,O,20220207,4,C0AU,,,Francisco Cerundolo,R,185,ARG,23.488,107,651,U182,,,Camilo Ugo Carabelli,R,185,ARG,22.645,178,358,6-4 6-3,3,Q1,86,1,0,57,39,27,9,10,4,7,1,2,52,33,15,10,9,3,8
2022-506,Buenos Aires,Clay,32,250,O,20220207,5,H997,5,,Yannick Hanfmann,R,193,GER,30.237,119,605,V824,,,Mario Vilella Martinez,R,178,ESP,26.601,172,373,4-6 7-6(0) 6-3,3,Q1,166,3,4,115,77,50,19,16,9,14,3,7,97,66,39,16,15,0,5
2022-506,Buenos Aires,Clay,32,250,O,20220207,6,EA24,,,Tomas Martin Etcheverry,R,196,ARG,22.56,127,561,KH56,,,Zdenek Kolar,R,183,CZE,25.331,144,474,6-3 6-2,3,Q1,91,3,2,57,41,31,9,9,4,4,2,1,54,27,14,16,8,2,5
2022-506,Buenos Aires,Clay,32,250,O,20220207,7,SX91,7,,Thiago Seyboth Wild,R,185,BRA,21.914,131,547,T0A1,,,Thiago Agustin Tirante,R,185,ARG,20.83,225,279,6-3 2-0 RET,3,Q1,63,3,0,28,19,15,9,6,0,0,0,1,42,23,13,8,5,4,6
2022-506,Buenos Aires,Clay,32,250,O,20220207,8,J551,,,Nicolas Jarry,R,201,CHI,26.327,145,472,MM66,8,,Nikola Milojevic,R,188,SRB,26.639,133,544,6-3 7-6(9),3,Q1,108,10,2,75,43,34,19,11,3,4,5,4,81,51,34,18,10,7,9
2022-506,Buenos Aires,Clay,32,250,O,20220207,9,J551,,,Nicolas Jarry,R,201,CHI,26.327,145,472,TE16,2,,Carlos Taberner,R,183,ESP,24.501,115,625,7-6(5) 6-3,3,Q2,120,11,3,80,54,43,12,11,7,8,2,2,76,40,29,16,10,2,4
2022-506,Buenos Aires,Clay,32,250,O,20220207,10,DA31,,,Hugo Dellien,R,180,BOL,28.646,103,684,SX91,7,,Thiago Seyboth Wild,R,185,BRA,21.914,131,547,6-3 7-5,3,Q2,103,4,3,64,41,33,11,11,3,4,3,2,72,41,28,14,10,5,8
2022-506,Buenos Aires,Clay,32,250,O,20220207,11,C0AU,,,Francisco Cerundolo,R,185,ARG,23.488,107,651,H997,5,,Yannick Hanfmann,R,193,GER,30.237,119,605,7-6(4) 6-1,3,Q2,105,1,3,73,42,26,18,10,5,8,3,3,80,55,32,6,9,10,15
2022-506,Buenos Aires,Clay,32,250,O,20220207,12,EA24,,,Tomas Martin Etcheverry,R,196,ARG,22.56,127,561,PG20,,,Dmitry Popko,R,191,KAZ,25.29,181,356,6-4 6-2,3,Q2,94,1,1,50,41,35,3,9,0,0,3,0,68,42,24,14,9,5,8
2022-451,Doha,Hard,32,250,O,20220214,1,SH90,,,Joao Sousa,R,185,POR,32.879,86,762,KD87,,,Evgeny Karlovskiy,R,191,RUS,27.524,276,197,6-3 1-6 7-6(5),3,Q1,135,1,2,102,72,46,15,14,8,12,11,4,90,66,49,6,14,2,5
2022-451,Doha,Hard,32,250,O,20220214,2,Y218,,,Elias Ymer,R,185,SWE,25.848,138,505,KG50,,,Kris Krawcewicz,R,196,AUT,25.793,1780,1,6-1 6-2,3,Q1,45,1,2,34,21,18,10,7,0,0,2,10,50,30,19,4,8,3,8
2022-451,Doha,Hard,32,250,O,20220214,3,O483,,,Christopher O'Connell,R,183,AUS,27.702,148,463,Z344,,,Mubarak Zaid,,,QAT,,,,6-2 6-1,3,Q1,54,2,0,40,26,23,10,8,1,1,5,5,50,30,19,6,7,4,8
2022-451,Doha,Hard,32,250,O,20220214,4,ME89,4,,Illya Marchenko,R,185,UKR,34.437,160,408,J620,,,Maxime Janvier,R,196,FRA,25.325,249,235,6-4 7-6(3),3,Q1,115,5,3,81,41,30,27,11,7,7,9,3,68,44,35,13,11,3,4
2022-451,Doha,Hard,32,250,O,20220214,5,E865,,,Christopher Eubanks,R,201,USA,25.78,167,382,DF88,,,Aziz Dougaz,L,188,TUN,24.89,329,145,6-3 6-4,3,Q1,66,7,2,50,33,27,12,10,0,1,0,2,57,31,18,15,9,2,5
2022-451,Doha,Hard,32,250,O,20220214,6,KC04,,,Jozef Kovalik,R,183,SVK,29.279,183,351,G806,,,Andrey Golubev,R,180,KAZ,34.568,959,14,6-4 7-6(2),3,Q1,101,1,1,71,45,32,17,11,1,2,4,5,75,49,34,12,11,1,3
2022-451,Doha,Hard,32,250,O,20220214,7,F586,,,Thomas Fabbiano,R,173,ITA,32.723,192,336,A0ID,,,Issa Alharrasi,,,QAT,22.491,,,6-0 6-2,3,Q1,47,0,1,32,28,26,2,7,0,0,2,4,49,27,12,8,7,6,11
2022-451,Doha,Hard,32,250,O,20220214,8,K09F,8,,Pavel Kotov,R,191,RUS,23.242,181,354,F840,,,Nerman Fatic,R,191,BIH,27.31,296,174,6-2 7-5,3,Q1,109,2,2,65,39,30,13,10,2,3,0,2,71,38,25,13,10,4,8
2022-451,Doha,Hard,32,250,O,20220214,9,F586,,,Thomas Fabbiano,R,173,ITA,32.723,192,336,SH90,,,Joao Sousa,R,185,POR,32.879,86,762,7-6(6) 6-4,3,Q2,107,2,4,78,53,36,14,11,2,4,1,2,71,34,27,17,11,2,5
2022-451,Doha,Hard,32,250,O,20220214,10,E865,,,Christopher Eubanks,R,201,USA,25.78,167,382,Y218,,,Elias Ymer,R,185,SWE,25.848,138,505,7-6(6) 6-4,3,Q2,92,7,3,73,57,41,8,11,3,4,6,2,80,45,27,22,11,9,11
2022-451,Doha,Hard,32,250,O,20220214,11,O483,,,Christopher O'Connell,R,183,AUS,27.702,148,463,K09F,8,,Pavel Kotov,R,191,RUS,23.242,181,354,6-2 6-2,3,Q2,69,2,1,52,33,24,12,8,3,4,3,3,51,34,20,5,8,4,9
2022-451,Doha,Hard,32,250,O,20220214,12,KC04,,,Jozef Kovalik,R,183,SVK,29.279,183,351,ME89,4,,Illya Marchenko,R,185,UKR,34.437,160,408,6-1 7-6(8),3,Q2,109,5,2,72,40,27,20,10,2,4,5,2,65,40,24,12,9,2,6
2022-496,Marseille,Hard,32,250,I,20220214,1,M0FH,,,Tomas Machac,R,183,CZE,21.339,115,621,HA28,,,Filip Horansky,R,191,SVK,29.103,214,296,6-1 6-4,3,Q1,71,2,1,56,36,30,10,9,2,2,1,4,54,32,21,10,8,4,7
2022-496,Marseille,Hard,32,250,I,20220214,2,D923,,,Damir Dzumhur,R,175,BIH,29.739,140,492,MW76,,,Matteo Martineau,R,183,FRA,23.08,345,132,6-2 3-6 6-3,3,Q1,94,2,2,76,46,37,16,13,6,7,8,4,70,50,35,9,13,2,5
2022-496,Marseille,Hard,32,250,I,20220214,3,SX50,,,Roman Safiullin,R,185,RUS,24.523,163,392,G858,,,Ernests Gulbis,R,191,LAT,33.459,241,251,6-3 6-4,3,Q1,74,11,1,54,35,27,12,10,2,3,3,2,55,36,25,6,9,2,5
2022-496,Marseille,Hard,32,250,I,20220214,4,K926,,,Mikhail Kukushkin,R,183,KAZ,34.138,168,380,L0ER,,,Timo Legout,R,178,FRA,19.926,723,31,6-4 6-1,3,Q1,84,2,0,59,41,25,13,8,8,9,1,7,61,40,25,6,9,3,8
2022-496,Marseille,Hard,32,250,I,20220214,5,BU13,,,Zizou Bergs,R,185,BEL,22.702,169,375,GE28,,,Ivan Gakhov,L,191,RUS,25.279,464,78,6-4 6-2,3,Q1,79,4,0,52,25,21,15,9,4,5,4,1,71,52,29,8,9,8,12
2022-496,Marseille,Hard,32,250,I,20220214,6,LB51,,,Julian Lenz,R,188,GER,28.991,292,177,C0E9,,,Flavio Cobolli,R,183,ITA,19.778,190,338,7-5 6-2,3,Q1,85,4,2,63,39,29,14,10,3,4,3,3,60,37,24,8,10,2,6
2022-496,Marseille,Hard,32,250,I,20220214,7,HH06,7,,Marc-Andrea Huesler,L,196,SUI,25.643,191,338,BV16,,,Ugo Blanchet,R,175,FRA,23.11,564,56,6-1 6-7(7) 6-2,3,Q1,115,12,1,79,48,37,24,13,1,1,1,3,85,42,27,22,14,6,11
2022-496,Marseille,Hard,32,250,I,20220214,8,A622,,,Andrea Arnaboldi,L,180,ITA,34.136,252,232,L797,8,,Lukas Lacko,R,188,SVK,34.283,205,303,7-6(4) 6-4,3,Q1,84,5,3,64,41,35,10,11,1,3,9,4,71,32,27,16,11,3,6
2022-496,Marseille,Hard,32,250,I,20220214,9,M0FH,,,Tomas Machac,R,183,CZE,21.339,115,621,A622,,,Andrea Arnaboldi,L,180,ITA,34.136,252,232,7-5 6-3,3,Q2,88,4,1,58,34,28,13,10,3,4,1,1,67,38,22,16,11,4,8
2022-496,Marseille,Hard,32,250,I,20220214,10,D923,,,Damir Dzumhur,R,175,BIH,29.739,140,492,BU13,,,Zizou Bergs,R,185,BEL,22.702,169,375,6-3 6-2,3,Q2,76,0,1,54,44,32,4,9,0,1,3,3,52,30,18,9,8,1,5
2022-496,Marseille,Hard,32,250,I,20220214,11,SX50,,,Roman Safiullin,R,185,RUS,24.523,163,392,LB51,,,Julian Lenz,R,188,GER,28.991,292,177,6-4 6-3,3,Q2,73,6,1,44,30,23,7,9,0,2,6,4,68,46,28,5,10,4,9
2022-496,Marseille,Hard,32,250,I,20220214,12,K926,,,Mikhail Kukushkin,R,183,KAZ,34.138,168,380,HH06,7,,Marc-Andrea Huesler,L,196,SUI,25.643,191,338,6-4 6-4,3,Q2,93,2,2,58,31,23,20,10,2,2,9,2,68,48,37,6,10,3,5
2022-499,Delray Beach,Hard,32,250,O,20220214,1,BI23,,,Liam Broady,L,183,GBR,28.112,116,611,SK94,,,Cedrik-Marcel Stebe,L,180,GER,31.351,207,301,6-1 7-6(4),3,Q1,91,1,0,58,36,29,15,10,1,1,3,3,62,32,25,12,9,3,5
2022-499,Delray Beach,Hard,32,250,O,20220214,2,E873,2,,Ernesto Escobedo,R,185,MEX,25.615,136,513,W09G,,,J.J. Wolf,R,183,USA,23.151,216,289,6-4 7-6(5),3,Q1,93,10,2,68,36,29,19,11,1,2,13,2,61,34,30,11,11,0,2
2022-499,Delray Beach,Hard,32,250,O,20220214,3,GA36,,,Emilio Gomez,R,185,ECU,30.215,149,459,L0G8,,,Victor Lilov,R,183,USA,18.01,1021,11,6-1 6-3,3,Q1,67,0,2,47,21,15,21,8,3,3,1,7,56,30,18,10,8,7,11
2022-499,Delray Beach,Hard,32,250,O,20220214,4,KE64,,,Stefan Kozlov,R,183,USA,24.036,151,451,SC47,,,Go Soeda,R,178,JPN,37.443,287,180,7-5 6-2,3,Q1,87,6,6,60,33,25,11,10,5,8,1,4,61,39,22,6,10,2,8
2022-499,Delray Beach,Hard,32,250,O,20220214,5,I165,,,Denis Istomin,R,185,UZB,35.439,267,208,R09X,5,,Jurij Rodionov,L,191,AUT,22.752,143,477,6-4 6-2,3,Q1,71,9,1,48,28,24,11,9,3,4,0,4,54,37,21,8,9,3,7
2022-499,Delray Beach,Hard,32,250,O,20220214,6,F811,6,,Bjorn Fratangelo,R,183,USA,28.575,152,444,K0HN,,,Bruno Kuzuhara,R,175,USA,17.873,1135,8,6-1 7-5,3,Q1,101,4,2,61,37,28,15,9,3,3,4,1,70,44,26,10,10,8,12
2022-499,Delray Beach,Hard,32,250,O,20220214,7,KC12,,,Mitchell Krueger,R,188,USA,28.09,164,386,PG20,,,Dmitry Popko,R,191,KAZ,25.309,180,356,6-4 7-5,3,Q1,90,3,1,70,50,38,12,11,3,3,11,1,66,34,30,12,11,2,4
2022-499,Delray Beach,Hard,32,250,O,20220214,8,J380,8,,Jason Jung,R,180,TPE,32.668,222,280,O376,,,Renzo Olivo,R,178,ARG,29.919,186,347,6-2 6-3,3,Q1,77,1,4,53,32,23,9,9,0,2,1,5,50,33,16,6,8,3,8
2022-499,Delray Beach,Hard,32,250,O,20220214,9,BI23,,,Liam Broady,L,183,GBR,28.112,116,611,J380,8,,Jason Jung,R,180,TPE,32.668,222,280,6-4 6-4,3,Q2,95,5,2,69,51,37,7,10,2,3,2,1,67,51,27,11,10,4,7
2022-499,Delray Beach,Hard,32,250,O,20220214,10,KC12,,,Mitchell Krueger,R,188,USA,28.09,164,386,E873,2,,Ernesto Escobedo,R,185,MEX,25.615,136,513,1-6 6-4 RET,3,Q2,90,5,2,52,34,20,8,8,1,4,6,3,59,34,25,11,9,3,5
2022-499,Delray Beach,Hard,32,250,O,20220214,11,I165,,,Denis Istomin,R,185,UZB,35.439,267,208,GA36,,,Emilio Gomez,R,185,ECU,30.215,149,459,7-6(7) 6-2,3,Q2,111,7,1,78,58,45,6,10,3,4,3,6,74,37,27,17,10,6,9
2022-499,Delray Beach,Hard,32,250,O,20220214,12,KE64,,,Stefan Kozlov,R,183,USA,24.036,151,451,F811,6,,Bjorn Fratangelo,R,183,USA,28.575,152,444,6-3 1-0 RET,3,Q2,46,0,2,29,16,11,9,5,0,0,2,1,26,20,15,0,5,2,4
2022-6932,Rio de Janeiro,Clay,32,500,O,20220214,1,KI95,,,Miomir Kecmanovic,R,183,SRB,22.459,70,901,H0DU,,,Gustavo Heide,R,191,BRA,19.962,443,84,6-4 6-2,3,Q1,85,3,2,54,33,28,11,9,2,2,4,2,64,28,22,14,9,8,11
2022-6932,Rio de Janeiro,Clay,32,500,O,20220214,2,B0BI,,,Sebastian Baez,R,170,ARG,21.131,72,881,MM66,,,Nikola Milojevic,R,188,SRB,26.658,130,544,6-7(3) 6-3 6-4,3,Q1,166,1,2,118,76,44,18,15,11,17,3,4,94,62,32,12,16,5,14
2022-6932,Rio de Janeiro,Clay,32,500,O,20220214,3,CF59,,,Roberto Carballes Baena,R,183,ESP,28.898,78,835,SX91,,,Thiago Seyboth Wild,R,185,BRA,21.933,129,549,7-6(4) 7-6(3),3,Q1,161,2,1,84,56,37,16,12,7,10,3,3,78,52,36,12,12,5,8
2022-6932,Rio de Janeiro,Clay,32,500,O,20220214,4,P0DF,,,Matheus Pucinelli De Almeida,R,183,BRA,20.873,278,192,CF01,4,,Marco Cecchinato,R,185,ITA,29.374,92,721,6-7(5) 6-2 6-4,3,Q1,150,2,1,88,56,37,20,15,1,5,2,3,104,73,39,15,15,8,15
2022-6932,Rio de Janeiro,Clay,32,500,O,20220214,5,DA31,5,,Hugo Dellien,R,180,BOL,28.665,103,684,LF26,,,Orlando Luz,R,180,BRA,24.016,290,178,6-0 6-1,3,Q1,71,2,1,45,31,24,7,7,3,3,0,2,42,29,13,5,6,7,12
2022-6932,Rio de Janeiro,Clay,32,500,O,20220214,6,GE33,,,Daniel Elahi Galan,R,191,COL,25.659,112,626,EA24,,,Tomas Martin Etcheverry,R,196,ARG,22.579,126,565,6-3 6-2,3,Q1,86,2,0,56,39,29,10,9,1,1,2,1,52,34,19,9,8,5,8
2022-6932,Rio de Janeiro,Clay,32,500,O,20220214,7,LB84,,,Juan Ignacio Londero,R,180,ARG,28.501,144,474,TE16,7,,Carlos Taberner,R,183,ESP,24.52,113,625,6-3 6-1,3,Q1,70,3,2,42,29,23,8,8,3,4,5,8,53,28,14,9,8,4,9
2022-6932,Rio de Janeiro,Clay,32,500,O,20220214,8,H997,8,,Yannick Hanfmann,R,193,GER,30.256,118,605,Z419,,,Bernabe Zapata Miralles,R,183,ESP,25.09,125,570,6-2 6-4,3,Q1,80,0,3,55,31,25,14,9,2,3,1,0,56,31,16,13,9,2,6
2022-6932,Rio de Janeiro,Clay,32,500,O,20220214,9,KI95,,,Miomir Kecmanovic,R,183,SRB,22.459,70,901,DA31,5,,Hugo Dellien,R,180,BOL,28.665,103,684,6-2 6-4,3,Q2,75,4,1,45,28,24,12,9,0,0,3,1,61,42,25,10,9,7,10
2022-6932,Rio de Janeiro,Clay,32,500,O,20220214,10,B0BI,,,Sebastian Baez,R,170,ARG,21.131,72,881,H997,8,,Yannick Hanfmann,R,193,GER,30.256,118,605,2-6 7-6(2) 7-6(2),3,Q2,151,1,4,106,79,45,11,16,3,11,8,2,94,68,41,11,16,4,10
2022-6932,Rio de Janeiro,Clay,32,500,O,20220214,11,LB84,,,Juan Ignacio Londero,R,180,ARG,28.501,144,474,CF59,,,Roberto Carballes Baena,R,183,ESP,28.898,78,835,6-2 6-4,3,Q2,91,6,1,50,30,23,12,9,1,2,0,5,57,30,20,9,9,3,7
2022-6932,Rio de Janeiro,Clay,32,500,O,20220214,12,GE33,,,Daniel Elahi Galan,R,191,COL,25.659,112,626,P0DF,,,Matheus Pucinelli De Almeida,R,183,BRA,20.873,278,192,6-3 6-3,3,Q2,91,0,0,54,36,24,12,9,1,2,3,0,65,46,23,12,9,8,12
2022-495,Dubai,Hard,32,500,O,20220221,1,P09Z,,,Alexei Popyrin,R,196,AUS,22.549,66,916,CH05,,,Altug Celikbilek,R,183,TUR,25.457,154,415,7-5 6-2,3,Q1,58,13,0,44,30,27,13,10,0,0,4,4,53,30,18,15,10,1,4
2022-495,Dubai,Hard,32,500,O,20220221,2,MV14,,,Alex Molcan,L,178,SVK,24.225,69,888,SK47,,,Mohamed Safwat,R,180,EGY,31.425,356,120,7-6(2) 6-3,3,Q1,100,7,3,68,42,33,16,10,2,2,8,6,84,47,34,17,11,10,12
2022-495,Dubai,Hard,32,500,O,20220221,3,O483,,,Christopher O'Connell,R,183,AUS,27.721,158,407,L949,4,,Henri Laaksonen,R,185,SUI,29.895,86,769,6-3 7-5,3,Q1,69,10,1,54,36,32,10,11,0,1,5,3,56,31,22,12,10,4,7
2022-495,Dubai,Hard,32,500,O,20220221,4,BF55,,,Yuki Bhambri,R,185,IND,29.634,662,38,SH90,5,,Joao Sousa,R,185,POR,32.898,87,762,6-3 3-6 7-6(5),3,Q1,129,7,6,97,71,56,12,15,6,7,3,4,99,65,51,17,15,3,4
2022-495,Dubai,Hard,32,500,O,20220221,5,BE90,,,Ricardas Berankis,R,175,LTU,31.671,99,669,G985,,,Carlos Gomez-Herrera,R,191,ESP,31.814,437,85,6-3 4-6 7-5,3,Q1,139,6,2,86,58,39,19,15,6,9,7,7,122,74,49,20,16,13,18
2022-495,Dubai,Hard,32,500,O,20220221,6,DA81,,,Taro Daniel,R,191,JPN,29.068,111,615,Y218,,,Elias Ymer,R,185,SWE,25.867,136,496,6-1 6-4,3,Q1,77,3,1,53,31,25,13,9,0,1,2,2,54,31,17,11,8,6,10
2022-495,Dubai,Hard,32,500,O,20220221,7,V708,,,Jiri Vesely,L,198,CZE,28.619,123,550,HF80,,,Hady Habib,R,188,LBN,23.504,421,91,6-1 5-7 6-3,3,Q1,97,24,5,65,44,42,12,14,0,1,12,6,90,49,30,22,14,5,9
2022-495,Dubai,Hard,32,500,O,20220221,8,K09F,,,Pavel Kotov,R,191,RUS,23.261,175,356,GC89,,,Egor Gerasimov,R,196,BLR,29.279,134,502,6-4 7-5,3,Q1,112,2,3,72,44,31,13,11,5,8,4,6,93,60,35,12,11,7,12
2022-495,Dubai,Hard,32,500,O,20220221,9,V708,,,Jiri Vesely,L,198,CZE,28.619,123,550,P09Z,,,Alexei Popyrin,R,196,AUS,22.549,66,916,7-6(4) 6-7(6) 6-2,3,Q2,147,15,10,97,62,51,17,16,0,1,19,6,106,63,49,20,16,9,12
2022-495,Dubai,Hard,32,500,O,20220221,10,DA81,,,Taro Daniel,R,191,JPN,29.068,111,615,MV14,,,Alex Molcan,L,178,SVK,24.225,69,888,6-3 7-6(3),3,Q2,86,9,1,70,42,36,16,11,2,2,5,2,52,38,31,10,10,0,1
2022-495,Dubai,Hard,32,500,O,20220221,11,BE90,,,Ricardas Berankis,R,175,LTU,31.671,99,669,K09F,,,Pavel Kotov,R,191,RUS,23.261,175,356,7-6(6) 5-7 6-4,3,Q2,189,2,4,143,79,50,35,17,13,17,7,7,112,64,41,27,17,7,11
2022-495,Dubai,Hard,32,500,O,20220221,12,O483,,,Christopher O'Connell,R,183,AUS,27.721,158,407,BF55,,,Yuki Bhambri,R,185,IND,29.634,662,38,6-3 6-4,3,Q2,72,7,2,55,32,28,14,10,2,2,5,2,54,33,22,12,9,2,4
2022-807,Acapulco,Hard,32,500,O,20220221,1,AE14,,,Daniel Altmaier,R,188,GER,23.444,84,787,E873,,,Ernesto Escobedo,R,185,MEX,25.634,129,513,6-2 3-6 6-1,3,Q1,114,11,3,75,47,36,12,12,2,4,1,3,79,57,36,7,12,3,8
2022-807,Acapulco,Hard,32,500,O,20220221,2,O449,,,Oscar Otte,R,193,GER,28.602,82,804,GA36,,,Emilio Gomez,R,185,ECU,30.234,146,459,6-3 6-1,3,Q1,61,5,2,44,25,21,11,8,1,2,0,3,45,28,11,8,8,3,8
2022-807,Acapulco,Hard,32,500,O,20220221,3,A678,3,,Kevin Anderson,R,203,RSA,35.765,94,709,M0AW,,,Nicolas Mejia,R,183,COL,22.029,265,198,6-3 7-6(6),3,Q1,106,14,2,67,40,35,16,11,1,1,3,4,66,42,34,11,10,4,5
2022-807,Acapulco,Hard,32,500,O,20220221,4,G967,,,Peter Gojowczyk,R,188,GER,32.605,95,705,LG87,,,Gerardo Lopez Villasenor,R,191,MEX,26.782,651,40,6-1 6-1,3,Q1,43,4,3,39,18,15,14,7,2,2,1,1,37,23,12,4,7,3,8
2022-807,Acapulco,Hard,32,500,O,20220221,5,KE64,,,Stefan Kozlov,R,183,USA,24.055,130,506,J386,5,,Steve Johnson,R,188,USA,32.162,91,719,6-4 6-3,3,Q1,74,2,3,51,36,27,10,9,1,2,5,3,51,30,22,9,10,2,6
2022-807,Acapulco,Hard,32,500,O,20220221,6,KB09,,,Denis Kudla,R,180,USA,29.514,100,659,P0J1,,,Rodrigo Pacheco Mendez,L,191,MEX,16.827,,,4-6 6-4 6-1,3,Q1,119,10,9,91,55,40,15,14,4,8,2,1,90,67,41,7,13,4,10
2022-807,Acapulco,Hard,32,500,O,20220221,7,N732,,,Yoshihito Nishioka,L,170,JPN,26.404,103,640,SK94,,,Cedrik-Marcel Stebe,L,180,GER,31.37,217,275,1-6 6-3 6-4,3,Q1,140,0,3,87,59,32,16,13,9,13,7,5,85,55,36,14,13,5,9
2022-807,Acapulco,Hard,32,500,O,20220221,8,W09G,,,J.J. Wolf,R,183,USA,23.17,209,289,SA93,8,,Andreas Seppi,R,191,ITA,38.001,124,546,6-4 6-2,3,Q1,68,1,1,45,28,20,10,9,2,4,1,1,48,24,12,11,9,2,7
2022-807,Acapulco,Hard,32,500,O,20220221,9,AE14,,,Daniel Altmaier,R,188,GER,23.444,84,787,KB09,,,Denis Kudla,R,180,USA,29.514,100,659,4-6 6-4 6-2,3,Q2,145,4,6,95,46,34,20,14,7,11,2,3,80,44,29,17,14,5,11
2022-807,Acapulco,Hard,32,500,O,20220221,10,O449,,,Oscar Otte,R,193,GER,28.602,82,804,KE64,,,Stefan Kozlov,R,183,USA,24.055,130,506,6-1 0-6 7-6(2),3,Q2,120,5,7,73,40,28,15,13,2,7,0,2,72,53,32,7,12,3,7
2022-807,Acapulco,Hard,32,500,O,20220221,11,W09G,,,J.J. Wolf,R,183,USA,23.17,209,289,A678,3,,Kevin Anderson,R,203,RSA,35.765,94,709,6-7(3) 6-4 6-3,3,Q2,153,5,5,95,56,43,21,16,1,3,9,3,97,53,37,24,15,3,7
2022-807,Acapulco,Hard,32,500,O,20220221,12,N732,,,Yoshihito Nishioka,L,170,JPN,26.404,103,640,G967,,,Peter Gojowczyk,R,188,GER,32.605,95,705,6-3 6-2,3,Q2,57,0,0,46,32,26,8,9,0,1,3,2,45,25,16,8,8,3,7
2022-8996,Santiago,Clay,32,250,O,20220221,1,MM66,1,,Nikola Milojevic,R,188,SRB,26.678,125,544,RH59,,,Santiago Rodriguez Taverna,R,191,ARG,22.604,223,267,7-6(5) 6-3,3,Q1,111,5,5,67,32,29,20,11,1,2,2,3,88,50,36,18,10,17,19
2022-8996,Santiago,Clay,32,250,O,20220221,2,LB84,,,Juan Ignacio Londero,R,180,ARG,28.52,139,484,CC66,,,Andrea Collarini,L,183,ARG,30.059,245,229,6-2 6-3,3,Q1,85,5,1,52,31,22,15,9,0,0,5,6,58,33,23,8,8,6,9
2022-8996,Santiago,Clay,32,250,O,20220221,3,CG07,,,Hernan Casanova,R,178,ARG,28.041,321,147,KH56,3,,Zdenek Kolar,R,183,CZE,25.369,145,466,6-3 6-2,3,Q1,89,0,1,55,39,25,8,9,1,3,0,3,60,35,17,11,8,6,11
2022-8996,Santiago,Clay,32,250,O,20220221,4,LB07,,,Gonzalo Lama,R,180,CHI,28.821,263,199,U182,4,,Camilo Ugo Carabelli,R,185,ARG,22.683,173,358,6-7(3) 7-6(6) 6-1,3,Q1,195,7,2,120,67,49,31,16,6,7,1,3,111,69,49,20,15,7,10
2022-8996,Santiago,Clay,32,250,O,20220221,5,O376,,,Renzo Olivo,R,178,ARG,29.938,179,347,N0BU,,,Daniel Antonio Nunez,R,0,CHI,20.723,949,14,6-2 6-4,3,Q1,85,1,1,49,37,25,9,9,2,3,0,3,56,34,24,4,9,2,6
2022-8996,Santiago,Clay,32,250,O,20220221,6,MW75,,,Felipe Meligeni Alves,R,185,BRA,24.005,219,273,G983,6,,Alessandro Giannessi,L,185,ITA,31.732,187,328,6-2 6-4,3,Q1,73,4,0,48,35,30,8,9,2,2,1,3,54,34,22,7,9,0,3
2022-8996,Santiago,Clay,32,250,O,20220221,7,P0DF,,,Matheus Pucinelli De Almeida,R,183,BRA,20.893,264,199,MJ98,7,,Facundo Mena,R,183,ARG,29.415,190,327,6-3 6-4,3,Q1,82,1,1,51,39,30,6,10,0,1,2,7,52,16,14,17,9,1,4
2022-8996,Santiago,Clay,32,250,O,20220221,8,KC29,,,Nicolas Kicker,R,178,ARG,29.517,203,297,T0FN,,,Benjamin Torres,R,175,CHI,18.363,,,6-0 6-2,3,Q1,70,1,3,55,35,24,12,7,9,9,0,1,40,28,11,3,7,3,8
2022-8996,Santiago,Clay,32,250,O,20220221,9,P0DF,,,Matheus Pucinelli De Almeida,R,183,BRA,20.893,264,199,MM66,1,,Nikola Milojevic,R,188,SRB,26.678,125,544,6-3 6-7(3) 6-4,3,Q2,155,2,5,112,85,55,14,16,11,14,2,7,89,57,43,9,15,3,8
2022-8996,Santiago,Clay,32,250,O,20220221,10,LB84,,,Juan Ignacio Londero,R,180,ARG,28.52,139,484,MW75,,,Felipe Meligeni Alves,R,185,BRA,24.005,219,273,6-4 6-4,3,Q2,86,2,3,49,28,24,16,10,0,0,3,1,67,43,28,13,10,5,7
2022-8996,Santiago,Clay,32,250,O,20220221,11,O376,,,Renzo Olivo,R,178,ARG,29.938,179,347,CG07,,,Hernan Casanova,R,178,ARG,28.041,321,147,6-2 6-2,3,Q2,93,1,0,54,37,22,9,8,1,3,0,0,72,56,23,8,8,9,15
2022-8996,Santiago,Clay,32,250,O,20220221,12,LB07,,,Gonzalo Lama,R,180,CHI,28.821,263,199,KC29,,,Nicolas Kicker,R,178,ARG,29.517,203,297,6-2 4-6 6-4,3,Q2,142,3,2,77,50,39,15,14,1,3,0,3,97,69,46,11,14,8,12
2022-404,Indian Wells Masters,Hard,128,M,O,20220310,1,MH30,,,John Millman,R,183,AUS,32.736,77,818,H09P,,,Brandon Holt,R,185,USA,23.926,530,58,6-4 6-0,3,Q1,71,1,1,42,23,16,12,8,1,3,4,1,53,35,17,6,8,3,9
2022-404,Indian Wells Masters,Hard,128,M,O,20220310,2,SH90,,,Joao Sousa,R,185,POR,32.945,85,762,PH71,,,Max Purcell,R,185,AUS,23.934,163,365,5-7 7-6(5) 7-6(4),3,Q1,175,6,6,137,78,57,31,18,8,12,15,3,124,63,52,29,18,3,6
2022-404,Indian Wells Masters,Hard,128,M,O,20220310,3,R0DG,,,Holger Rune,R,188,DEN,18.864,86,750,KC12,,,Mitchell Krueger,R,188,USA,28.156,164,365,6-4 3-6 6-3,3,Q1,115,7,8,71,41,35,14,14,1,4,0,3,93,50,31,25,14,8,12
2022-404,Indian Wells Masters,Hard,128,M,O,20220310,4,O483,,,Christopher O'Connell,R,183,AUS,27.767,149,420,A678,4,,Kevin Anderson,R,203,RSA,35.811,90,719,3-6 6-2 6-2,3,Q1,118,6,3,83,55,38,15,13,5,7,12,2,94,60,38,14,12,8,12
2022-404,Indian Wells Masters,Hard,128,M,O,20220310,5,ME89,,,Illya Marchenko,R,185,UKR,34.502,214,267,CF01,5,,Marco Cecchinato,R,185,ITA,29.44,92,711,6-1 6-2,3,Q1,59,1,4,39,18,14,15,7,1,1,1,4,52,30,19,5,8,2,7
2022-404,Indian Wells Masters,Hard,128,M,O,20220310,6,N732,6,,Yoshihito Nishioka,L,170,JPN,26.45,93,705,GF95,,,Hugo Grenier,R,196,FRA,25.963,152,408,6-1 3-6 6-4,3,Q1,153,1,3,95,55,32,24,13,6,8,9,3,97,63,44,11,13,8,12
2022-404,Indian Wells Masters,Hard,128,M,O,20220310,7,KD46,,,Thanasi Kokkinakis,R,193,AUS,25.914,97,681,F586,,,Thomas Fabbiano,R,173,ITA,32.789,174,341,6-3 6-4,3,Q1,90,11,3,63,42,34,10,9,5,5,2,3,61,44,26,10,10,1,4
2022-404,Indian Wells Masters,Hard,128,M,O,20220310,8,MU94,,,Jaume Munar,R,183,ESP,24.846,99,675,K0HN,,,Bruno Kuzuhara,R,175,USA,17.938,1088,9,6-1 6-4,3,Q1,88,5,2,55,28,23,15,9,4,5,1,1,60,39,24,6,8,7,11
2022-404,Indian Wells Masters,Hard,128,M,O,20220310,9,S0RE,,,Juncheng Shang,L,180,CHN,17.098,543,56,C0AU,9,,Francisco Cerundolo,R,185,ARG,23.573,100,668,7-6(4) 6-4,3,Q1,100,2,4,82,47,34,16,11,9,12,2,2,64,37,28,10,11,2,6
2022-404,Indian Wells Masters,Hard,128,M,O,20220310,10,KB09,10,,Denis Kudla,R,180,USA,29.561,102,644,T0AP,,,Chun-Hsin Tseng,R,175,TPE,20.586,159,379,6-1 6-4,3,Q1,68,3,6,56,31,25,10,9,0,2,1,3,47,24,13,7,8,3,8
2022-404,Indian Wells Masters,Hard,128,M,O,20220310,11,GE33,11,,Daniel Elahi Galan,R,191,COL,25.725,103,636,PG20,,,Dmitry Popko,R,191,KAZ,25.374,166,351,6-4 7-5,3,Q1,130,1,3,90,60,34,15,11,15,19,8,7,102,50,33,15,11,6,12
2022-404,Indian Wells Masters,Hard,128,M,O,20220310,12,DA81,,,Taro Daniel,R,191,JPN,29.114,106,625,N0AM,,,Emilio Nava,R,185,USA,20.268,309,155,7-5 7-5,3,Q1,111,4,2,65,39,33,17,12,3,3,5,1,83,51,36,17,12,5,7
2022-404,Indian Wells Masters,Hard,128,M,O,20220310,13,E865,,,Christopher Eubanks,R,201,USA,25.845,157,380,L397,13,,Feliciano Lopez,L,188,ESP,40.468,112,603,4-6 6-3 7-5,3,Q1,116,18,6,99,64,50,12,16,3,6,9,10,98,48,37,21,15,4,8
2022-404,Indian Wells Masters,Hard,128,M,O,20220310,14,M0FH,,,Tomas Machac,R,183,CZE,21.405,158,379,A829,14,,Radu Albot,R,175,MDA,32.326,120,559,6-4 7-5,3,Q1,101,7,0,66,33,24,19,11,5,7,2,3,72,47,30,12,11,7,11
2022-404,Indian Wells Masters,Hard,128,M,O,20220310,15,KE64,15,,Stefan Kozlov,R,183,USA,24.101,121,558,S0TW,,,Sebastian Sec,,,USA,18.385,,,6-3 6-7(4) 6-2,3,Q1,147,4,8,115,70,46,21,15,10,13,1,5,115,68,40,21,14,14,20
2022-404,Indian Wells Masters,Hard,128,M,O,20220310,16,K926,,,Mikhail Kukushkin,R,183,KAZ,34.204,154,386,SA93,16,,Andreas Seppi,R,191,ITA,38.048,122,542,6-2 6-4,3,Q1,97,2,1,48,28,25,13,9,1,1,3,6,81,37,29,15,9,6,9
2022-404,Indian Wells Masters,Hard,128,M,O,20220310,17,BI23,,,Liam Broady,L,183,GBR,28.178,124,528,RB56,,,Ramkumar Ramanathan,R,188,IND,27.335,170,348,6-2 3-6 6-4,3,Q1,113,3,2,71,44,31,20,13,2,4,5,4,95,52,35,19,14,4,8
2022-404,Indian Wells Masters,Hard,128,M,O,20220310,18,V832,18,,Aleksandar Vukic,R,188,AUS,25.925,125,526,CE25,,,Salvatore Caruso,R,185,ITA,29.232,151,408,6-2 6-2,3,Q1,73,6,2,50,25,21,14,8,3,3,1,2,62,32,20,12,8,8,12
2022-404,Indian Wells Masters,Hard,128,M,O,20220310,19,MJ71,19,,Mats Moraing,L,198,GER,29.719,128,519,MH16,,,Yannick Maden,R,185,GER,32.364,406,96,5-4 RET,3,Q1,32,6,5,25,10,9,6,4,2,3,0,1,33,21,13,5,5,2,4
2022-404,Indian Wells Masters,Hard,128,M,O,20220310,20,PD07,20,,Vasek Pospisil,R,193,CAN,31.713,129,501,GC89,,,Egor Gerasimov,R,196,BLR,29.325,148,422,4-6 6-4 6-4,3,Q1,129,6,5,85,43,34,25,15,0,2,1,3,90,54,42,18,15,1,4
2022-404,Indian Wells Masters,Hard,128,M,O,20220310,21,MN20,,,Daniel Masur,R,183,GER,27.34,176,338,Y218,21,,Elias Ymer,R,185,SWE,25.914,131,496,6-4 7-5,3,Q1,95,5,5,77,47,37,15,11,4,4,8,2,71,42,33,13,11,5,7
2022-404,Indian Wells Masters,Hard,128,M,O,20220310,22,K435,,,Philipp Kohlschreiber,R,178,GER,38.398,136,478,BI81,,,Alex Bolt,L,183,AUS,29.175,188,313,2-6 6-4 6-4,3,Q1,111,4,0,81,52,32,17,14,6,10,8,2,92,52,35,19,14,4,8
2022-404,Indian Wells Masters,Hard,128,M,O,20220310,23,W09G,,,J.J. Wolf,R,183,USA,23.217,209,274,GA36,23,,Emilio Gomez,R,185,ECU,30.281,141,459,6-1 6-3,3,Q1,75,4,2,55,32,25,13,8,2,2,6,5,59,35,22,8,8,3,7
2022-404,Indian Wells Masters,Hard,128,M,O,20220310,24,SL08,,,Tennys Sandgren,R,188,USA,30.634,153,396,F811,24,,Bjorn Fratangelo,R,183,USA,28.641,144,446,4-6 6-4 6-2,3,Q1,122,7,2,100,64,40,18,14,8,12,4,3,75,39,25,16,14,7,13
2022-404,Indian Wells Masters,Hard,128,M,O,20220310,25,SL08,,,Tennys Sandgren,R,188,USA,30.634,153,396,MH30,,,John Millman,R,183,AUS,32.736,77,818,6-7(3) 7-6(8) 7-6(5),3,Q2,178,13,3,125,73,54,30,18,2,4,8,0,120,69,58,27,18,4,6
2022-404,Indian Wells Masters,Hard,128,M,O,20220310,26,E865,,,Christopher Eubanks,R,201,USA,25.845,157,380,SH90,,,Joao Sousa,R,185,POR,32.945,85,762,7-6(4) 7-6(4),3,Q2,102,13,3,74,44,36,20,12,4,5,4,6,85,52,39,18,12,0,1
2022-404,Indian Wells Masters,Hard,128,M,O,20220310,27,R0DG,,,Holger Rune,R,188,DEN,18.864,86,750,KE64,15,,Stefan Kozlov,R,183,USA,24.101,121,558,6-4 6-2,3,Q2,89,1,3,60,31,21,17,9,3,4,1,3,62,41,29,3,9,4,8
2022-404,Indian Wells Masters,Hard,128,M,O,20220310,28,K926,,,Mikhail Kukushkin,R,183,KAZ,34.204,154,386,N732,6,,Yoshihito Nishioka,L,170,JPN,26.45,93,705,6-2 7-6(4),3,Q2,129,1,3,74,41,31,13,10,7,9,1,3,101,73,42,10,10,14,18
2022-404,Indian Wells Masters,Hard,128,M,O,20220310,29,KD46,,,Thanasi Kokkinakis,R,193,AUS,25.914,97,681,PD07,20,,Vasek Pospisil,R,193,CAN,31.713,129,501,7-6(5) 7-5,3,Q2,132,12,3,69,45,37,14,12,1,3,6,5,110,59,38,26,12,9,12
2022-404,Indian Wells Masters,Hard,128,M,O,20220310,30,MU94,,,Jaume Munar,R,183,ESP,24.846,99,675,V832,18,,Aleksandar Vukic,R,188,AUS,25.925,125,526,6-3 6-2,3,Q2,85,3,3,49,32,26,10,9,0,0,1,3,60,26,14,17,8,7,10
2022-404,Indian Wells Masters,Hard,128,M,O,20220310,31,K435,,,Philipp Kohlschreiber,R,178,GER,38.398,136,478,KB09,10,,Denis Kudla,R,180,USA,29.561,102,644,0-6 6-3 6-3,3,Q2,114,5,2,87,51,31,15,12,8,13,2,3,80,49,26,14,12,5,10
2022-404,Indian Wells Masters,Hard,128,M,O,20220310,32,W09G,,,J.J. Wolf,R,183,USA,23.217,209,274,GE33,11,,Daniel Elahi Galan,R,191,COL,25.725,103,636,7-6(3) 6-2,3,Q2,104,6,2,81,38,27,23,10,4,6,1,0,63,53,31,4,10,2,6
2022-404,Indian Wells Masters,Hard,128,M,O,20220310,33,DA81,,,Taro Daniel,R,191,JPN,29.114,106,625,MN20,,,Daniel Masur,R,183,GER,27.34,176,338,6-4 6-2,3,Q2,78,6,0,49,31,21,15,9,4,5,2,6,59,31,24,6,9,2,6
2022-404,Indian Wells Masters,Hard,128,M,O,20220310,34,BI23,,,Liam Broady,L,183,GBR,28.178,124,528,O483,,,Christopher O'Connell,R,183,AUS,27.767,149,420,7-6(7) 6-0,3,Q2,104,4,1,59,32,26,14,9,1,2,2,3,83,47,31,11,9,8,12
2022-404,Indian Wells Masters,Hard,128,M,O,20220310,35,S0RE,,,Juncheng Shang,L,180,CHN,17.098,543,56,MJ71,19,,Mats Moraing,L,198,GER,29.719,128,519,6-3 RET,3,Q2,34,6,1,24,15,14,6,5,0,0,3,2,27,11,8,8,4,4,5
2022-404,Indian Wells Masters,Hard,128,M,O,20220310,36,M0FH,,,Tomas Machac,R,183,CZE,21.405,158,379,ME89,,,Illya Marchenko,R,185,UKR,34.502,214,267,5-7 6-3 6-3,3,Q2,149,5,2,88,56,39,17,15,8,11,5,4,96,53,35,22,15,8,13
2022-403,Miami Masters,Hard,128,M,O,20220323,1,V306,,,Fernando Verdasco,L,188,ESP,38.352,123,540,SH90,1,,Joao Sousa,R,185,POR,32.98,82,770,6-4 4-6 6-4,3,Q1,134,6,3,91,65,39,13,15,4,9,3,1,91,59,36,15,15,6,12
2022-403,Miami Masters,Hard,128,M,O,20220323,2,M0HU,,,Shintaro Mochizuki,R,175,JPN,18.806,372,107,R0DG,2,,Holger Rune,R,188,DEN,18.899,88,734,6-1 RET,3,Q1,35,0,2,19,7,5,8,3,2,2,0,3,32,17,8,6,4,3,6
2022-403,Miami Masters,Hard,128,M,O,20220323,3,A678,,,Kevin Anderson,R,203,RSA,35.847,91,719,BI81,,,Alex Bolt,L,183,AUS,29.21,188,315,6-3 6-4,3,Q1,77,18,0,59,44,38,7,10,2,2,2,0,53,33,21,12,9,3,5
2022-403,Miami Masters,Hard,128,M,O,20220323,4,N732,,,Yoshihito Nishioka,L,170,JPN,26.486,96,705,GC89,,,Egor Gerasimov,R,196,BLR,29.361,152,412,6-4 6-2,3,Q1,73,3,1,49,30,25,10,9,1,2,2,1,50,23,17,11,9,2,6
2022-403,Miami Masters,Hard,128,M,O,20220323,5,G967,5,,Peter Gojowczyk,R,188,GER,32.687,100,683,SK94,,,Cedrik-Marcel Stebe,L,180,GER,31.452,218,256,6-2 6-2,3,Q1,68,5,2,49,32,26,9,8,4,4,0,4,49,30,16,8,8,3,7
2022-403,Miami Masters,Hard,128,M,O,20220323,6,KD46,,,Thanasi Kokkinakis,R,193,AUS,25.949,97,700,F586,,,Thomas Fabbiano,R,173,ITA,32.824,173,341,6-1 6-3,3,Q1,76,7,0,46,28,23,10,8,0,0,2,2,53,32,18,9,8,1,5
2022-403,Miami Masters,Hard,128,M,O,20220323,7,MU94,,,Jaume Munar,R,183,ESP,24.882,89,724,SX91,,,Thiago Seyboth Wild,R,185,BRA,22.034,213,267,6-3 6-2,3,Q1,66,8,2,46,29,25,13,9,1,1,1,6,41,29,19,4,8,0,3
2022-403,Miami Masters,Hard,128,M,O,20220323,8,KB09,,,Denis Kudla,R,180,USA,29.596,84,759,H0DU,,,Gustavo Heide,R,191,BRA,20.063,436,84,6-7(5) 6-4 6-3,3,Q1,153,8,0,95,62,51,19,16,2,3,11,2,114,53,35,36,15,6,9
2022-403,Miami Masters,Hard,128,M,O,20220323,9,GE33,,,Daniel Elahi Galan,R,191,COL,25.76,118,554,D0DT,,,Martin Damm,L,203,USA,18.478,670,35,6-3 6-4,3,Q1,84,8,1,59,36,24,14,9,2,3,7,4,59,29,21,12,10,5,9
2022-403,Miami Masters,Hard,128,M,O,20220323,10,DA81,,,Taro Daniel,R,191,JPN,29.15,106,641,PH71,,,Max Purcell,R,185,AUS,23.97,163,364,6-2 6-2,3,Q1,71,5,1,52,28,23,14,8,3,3,3,0,42,22,13,8,8,0,4
2022-403,Miami Masters,Hard,128,M,O,20220323,11,W09G,,,J.J. Wolf,R,183,USA,23.253,167,356,Q927,11,,Sam Querrey,R,198,USA,34.459,110,620,6-4 6-3,3,Q1,61,6,2,56,40,30,10,10,0,1,12,2,51,34,25,5,9,2,5
2022-403,Miami Masters,Hard,128,M,O,20220323,12,J386,12,,Steve Johnson,R,188,USA,32.244,107,639,MP01,,,Michael Mmoh,R,188,USA,24.197,226,244,6-3 6-3,3,Q1,77,10,2,56,34,30,10,9,5,6,3,3,58,45,26,4,9,1,5
2022-403,Miami Masters,Hard,128,M,O,20220323,13,PG20,,,Dmitry Popko,R,191,KAZ,25.41,175,341,MJ08,13,,Thiago Monteiro,L,183,BRA,27.811,116,593,6-4 4-6 6-4,3,Q1,143,5,1,84,38,25,27,15,4,8,4,3,85,44,30,20,15,5,10
2022-403,Miami Masters,Hard,128,M,O,20220323,14,K926,,,Mikhail Kukushkin,R,183,KAZ,34.24,159,369,A829,14,,Radu Albot,R,175,MDA,32.361,117,574,4-6 7-6(7) 6-2,3,Q1,145,5,1,101,68,48,18,15,5,7,7,5,94,63,46,13,15,2,5
2022-403,Miami Masters,Hard,128,M,O,20220323,15,KC12,,,Mitchell Krueger,R,188,USA,28.192,160,367,KE64,15,,Stefan Kozlov,R,183,USA,24.137,120,546,6-2 6-2,3,Q1,78,1,0,45,28,21,9,8,2,3,0,3,46,30,13,7,8,4,9
2022-403,Miami Masters,Hard,128,M,O,20220323,16,SA93,16,,Andreas Seppi,R,191,ITA,38.084,138,465,M0FH,,,Tomas Machac,R,183,CZE,21.44,149,419,2-6 6-3 6-2,3,Q1,119,3,3,83,39,28,22,13,3,6,4,2,83,43,30,18,12,10,14
2022-403,Miami Masters,Hard,128,M,O,20220323,17,E865,,,Christopher Eubanks,R,201,USA,25.881,155,402,BI23,17,,Liam Broady,L,183,GBR,28.214,121,542,6-4 6-2,3,Q1,71,7,1,50,39,31,6,9,0,0,5,0,56,41,26,7,9,3,6
2022-403,Miami Masters,Hard,128,M,O,20220323,18,SM25,,,Jack Sock,R,191,USA,29.492,144,437,V832,18,,Aleksandar Vukic,R,188,AUS,25.96,126,527,6-4 2-6 6-4,3,Q1,114,6,0,78,46,31,19,14,3,6,6,0,85,52,39,12,14,3,6
2022-403,Miami Masters,Hard,128,M,O,20220323,19,BV27,,,Ulises Blanch,R,188,USA,23.995,340,124,MJ71,19,,Mats Moraing,L,198,GER,29.755,125,532,6-4 3-1 RET,3,Q1,63,7,2,44,27,21,10,7,1,1,2,2,45,19,15,11,7,3,5
2022-403,Miami Masters,Hard,128,M,O,20220323,20,GF95,,,Hugo Grenier,R,196,FRA,25.999,154,406,PD07,20,,Vasek Pospisil,R,193,CAN,31.748,132,489,6-4 7-6(5),3,Q1,110,6,2,68,51,37,10,11,2,3,3,4,79,51,35,12,11,3,5
2022-403,Miami Masters,Hard,128,M,O,20220323,21,Y218,21,,Elias Ymer,R,185,SWE,25.949,131,496,SL08,,,Tennys Sandgren,R,188,USA,30.669,151,416,6-7(7) 6-2 6-2,3,Q1,136,9,1,92,61,43,21,14,4,4,4,2,102,70,46,14,14,7,11
2022-403,Miami Masters,Hard,128,M,O,20220323,22,GA36,,,Emilio Gomez,R,185,ECU,30.316,145,437,T0A1,,,Thiago Agustin Tirante,R,185,ARG,20.95,197,291,7-6(4) 4-6 6-3,3,Q1,137,5,2,95,53,43,25,16,0,2,12,2,82,57,46,16,15,3,5
2022-403,Miami Masters,Hard,128,M,O,20220323,23,F811,24,,Bjorn Fratangelo,R,183,USA,28.676,158,370,CI14,,,Jay Clarke,R,183,GBR,23.655,168,352,6-2 6-1,3,Q1,66,2,0,38,20,18,14,8,0,0,3,2,46,22,14,8,7,4,8
2022-403,Miami Masters,Hard,128,M,O,20220323,24,KC29,,,Nicolas Kicker,R,178,ARG,29.599,203,285,E690,,,Matthew Ebden,R,188,AUS,34.322,360,110,6-2 6-1,3,Q1,70,2,0,34,20,18,10,7,0,0,3,2,56,31,17,9,8,2,7
2022-403,Miami Masters,Hard,128,M,O,20220323,25,KC12,,,Mitchell Krueger,R,188,USA,28.192,160,367,A678,,,Kevin Anderson,R,203,RSA,35.847,91,719,7-6(5) 7-5,3,Q2,120,4,1,84,61,44,13,12,6,7,13,3,72,40,31,19,12,4,6
2022-403,Miami Masters,Hard,128,M,O,20220323,26,N732,,,Yoshihito Nishioka,L,170,JPN,26.486,96,705,E865,,,Christopher Eubanks,R,201,USA,25.881,155,402,2-6 7-6(1) 6-1,3,Q2,125,5,0,82,64,42,12,14,5,8,5,0,95,62,41,17,13,5,8
2022-403,Miami Masters,Hard,128,M,O,20220323,27,GA36,,,Emilio Gomez,R,185,ECU,30.316,145,437,G967,5,,Peter Gojowczyk,R,188,GER,32.687,100,683,3-6 7-6(4) 6-2,3,Q2,154,9,7,106,62,41,22,15,10,14,8,7,124,57,41,28,14,7,11
2022-403,Miami Masters,Hard,128,M,O,20220323,28,KD46,,,Thanasi Kokkinakis,R,193,AUS,25.949,97,700,SA93,16,,Andreas Seppi,R,191,ITA,38.084,138,465,6-3 6-4,3,Q2,92,10,2,49,34,32,10,10,1,1,3,4,70,41,29,12,9,4,6
2022-403,Miami Masters,Hard,128,M,O,20220323,29,MU94,,,Jaume Munar,R,183,ESP,24.882,89,724,Y218,21,,Elias Ymer,R,185,SWE,25.949,131,496,7-5 6-3,3,Q2,113,3,4,72,39,29,19,11,2,3,0,3,73,41,25,16,10,5,8
2022-403,Miami Masters,Hard,128,M,O,20220323,30,KB09,,,Denis Kudla,R,180,USA,29.596,84,759,BV27,,,Ulises Blanch,R,188,USA,23.995,340,124,7-6(8) 2-6 6-3,3,Q2,140,4,2,109,73,47,21,15,6,9,15,4,85,48,38,20,14,2,4
2022-403,Miami Masters,Hard,128,M,O,20220323,31,GE33,,,Daniel Elahi Galan,R,191,COL,25.76,118,554,KC29,,,Nicolas Kicker,R,178,ARG,29.599,203,285,5-7 6-3 6-4,3,Q2,166,4,1,114,72,48,20,16,3,7,3,2,87,68,43,8,15,5,10
2022-403,Miami Masters,Hard,128,M,O,20220323,32,DA81,,,Taro Daniel,R,191,JPN,29.15,106,641,F811,24,,Bjorn Fratangelo,R,183,USA,28.676,158,370,6-1 7-6(4),3,Q2,110,4,1,81,46,34,20,10,3,4,4,2,64,35,25,11,9,2,5
2022-403,Miami Masters,Hard,128,M,O,20220323,33,SM25,,,Jack Sock,R,191,USA,29.492,144,437,J386,12,,Steve Johnson,R,188,USA,32.244,107,639,6-2 6-2,3,Q2,61,8,1,39,22,18,14,8,0,0,1,0,48,29,17,7,8,1,5
2022-403,Miami Masters,Hard,128,M,O,20220323,34,K926,,,Mikhail Kukushkin,R,183,KAZ,34.24,159,369,M0HU,,,Shintaro Mochizuki,R,175,JPN,18.806,372,107,7-6(6) 6-2,3,Q2,112,1,1,65,42,28,13,10,1,4,1,7,74,41,24,13,10,7,12
2022-403,Miami Masters,Hard,128,M,O,20220323,35,V306,,,Fernando Verdasco,L,188,ESP,38.352,123,540,GF95,,,Hugo Grenier,R,196,FRA,25.999,154,406,6-3 7-6(8),3,Q2,116,1,4,69,41,31,14,11,1,3,5,6,70,39,26,15,10,3,6
2022-403,Miami Masters,Hard,128,M,O,20220323,36,W09G,,,J.J. Wolf,R,183,USA,23.253,167,356,PG20,,,Dmitry Popko,R,191,KAZ,25.41,175,341,6-4 6-4,3,Q2,97,9,5,68,41,32,15,10,2,2,7,5,75,34,25,22,10,4,6
2022-360,Marrakech,Clay,32,250,O,20220404,1,BE67,,,Mirza Basic,R,188,BIH,30.73,215,257,Y268,1,,Mikael Ymer,R,185,SWE,23.567,95,718,7-5 5-7 7-6(5),3,Q1,177,8,3,140,87,55,24,18,8,14,4,7,120,82,52,18,18,9,15
2022-360,Marrakech,Clay,32,250,O,20220404,2,V306,2,,Fernando Verdasco,L,188,ESP,38.385,120,556,N503,,,Aleksandr Nedovyesov,R,188,KAZ,35.132,619,41,6-4 6-2,3,Q1,66,1,2,46,33,26,10,9,0,0,9,3,53,36,24,6,9,4,7
2022-360,Marrakech,Clay,32,250,O,20220404,3,Z419,,,Bernabe Zapata Miralles,R,183,ESP,25.224,123,540,B0M1,,,Mehdi Benchakroun,,,MAR,18.286,2100,1,6-2 6-4,3,Q1,70,1,2,51,37,27,4,9,4,7,1,5,55,28,15,8,9,4,10
2022-360,Marrakech,Clay,32,250,O,20220404,4,D923,,,Damir Dzumhur,R,175,BIH,29.873,145,440,O207,,,Lamine Ouahab,R,185,MAR,37.281,928,14,6-3 6-4,3,Q1,74,1,1,65,45,29,10,10,3,5,1,1,68,33,18,16,9,6,10
2022-360,Marrakech,Clay,32,250,O,20220404,5,KI82,,,Vit Kopriva,R,178,CZE,24.802,165,356,V490,,,Matteo Viola,R,185,ITA,34.743,367,111,6-4 6-3,3,Q1,85,2,4,68,47,25,11,9,4,8,1,7,54,31,15,5,10,1,8
2022-360,Marrakech,Clay,32,250,O,20220404,6,K09F,,,Pavel Kotov,R,191,RUS,23.376,172,341,MO41,,,Rafael Matos,L,183,BRA,26.242,614,42,6-4 6-1,3,Q1,76,5,0,53,39,30,7,9,1,2,0,1,57,37,22,6,8,2,6
2022-360,Marrakech,Clay,32,250,O,20220404,7,MP83,7,,Gian Marco Moroni,R,185,ITA,24.137,182,327,E830,,,Eduard Esteve Lobato,R,188,ESP,27.543,282,173,7-6(2) 6-2,3,Q1,101,1,3,65,43,36,12,10,3,4,3,1,66,45,29,9,10,8,11
2022-360,Marrakech,Clay,32,250,O,20220404,8,VA08,,,Andrea Vavassori,R,193,ITA,26.916,242,220,HA28,8,,Filip Horansky,R,191,SVK,29.238,190,312,6-3 6-0,3,Q1,53,1,5,44,28,24,9,8,0,0,0,3,35,20,10,6,7,1,5
2022-360,Marrakech,Clay,32,250,O,20220404,9,K09F,,,Pavel Kotov,R,191,RUS,23.376,172,341,V306,2,,Fernando Verdasco,L,188,ESP,38.385,120,556,7-5 6-3,3,Q2,94,3,3,82,51,34,15,11,6,8,0,2,56,34,20,11,10,1,5
2022-360,Marrakech,Clay,32,250,O,20220404,10,KI82,,,Vit Kopriva,R,178,CZE,24.802,165,356,Z419,,,Bernabe Zapata Miralles,R,183,ESP,25.224,123,540,0-6 6-1 7-5,3,Q2,140,1,6,79,50,29,11,12,5,11,1,1,98,65,31,16,13,10,17
2022-360,Marrakech,Clay,32,250,O,20220404,11,D923,,,Damir Dzumhur,R,175,BIH,29.873,145,440,VA08,,,Andrea Vavassori,R,193,ITA,26.916,242,220,4-6 7-5 6-4,3,Q2,164,1,3,105,70,47,16,16,8,13,4,5,109,63,41,18,16,13,19
2022-360,Marrakech,Clay,32,250,O,20220404,12,BE67,,,Mirza Basic,R,188,BIH,30.73,215,257,MP83,7,,Gian Marco Moroni,R,185,ITA,24.137,182,327,6-4 6-4,3,Q2,111,0,2,75,41,32,16,10,2,3,5,5,69,46,29,12,10,8,11
2022-717,Houston,Clay,32,250,O,20220404,1,BO10,,,Gijs Brouwer,L,191,NED,26.056,361,117,BS86,1,,Tomas Barrios Vera,R,191,CHI,24.315,144,440,6-4 6-2,3,Q1,75,9,3,53,34,28,11,9,4,4,1,2,62,44,28,7,9,3,6
2022-717,Houston,Clay,32,250,O,20220404,2,H940,,,Ryan Harrison,R,185,USA,29.908,542,55,F811,2,,Bjorn Fratangelo,R,183,USA,28.709,174,337,6-4 6-3,3,Q1,78,9,1,54,41,31,7,10,1,2,5,3,64,34,24,13,9,7,10
2022-717,Houston,Clay,32,250,O,20220404,3,KC12,,,Mitchell Krueger,R,188,USA,28.225,161,383,E690,,,Matthew Ebden,R,188,AUS,34.355,381,105,7-5 6-1,3,Q1,82,6,5,69,48,35,11,10,3,3,7,2,52,37,26,5,9,2,5
2022-717,Houston,Clay,32,250,O,20220404,4,PH71,,,Max Purcell,R,185,AUS,24.003,164,360,Y124,,,Donald Young,L,183,USA,32.698,610,43,6-2 6-2,3,Q1,60,5,0,41,26,22,10,8,0,0,1,2,45,22,11,12,8,3,7
2022-717,Houston,Clay,32,250,O,20220404,5,MP01,,,Michael Mmoh,R,188,USA,24.23,226,244,D917,,,Sadio Doumbia,R,183,FRA,31.559,624,41,6-2 6-7(2) 4-1 RET,3,Q1,111,6,2,72,51,36,12,13,1,4,3,4,86,56,35,10,12,6,12
2022-717,Houston,Clay,32,250,O,20220404,6,EA13,,,Moez Echargui,R,178,TUN,29.229,443,83,LB07,6,,Gonzalo Lama,R,180,CHI,28.936,258,205,6-3 4-6 7-6(5),3,Q1,152,4,4,104,60,43,21,15,1,4,5,2,95,59,41,18,16,3,7
2022-717,Houston,Clay,32,250,O,20220404,7,D916,,,Steven Diez,R,175,CAN,31.05,292,166,S0K7,,,Zachary Svajda,R,175,USA,19.346,373,108,6-3 6-2,3,Q1,82,2,2,47,36,28,4,8,2,3,3,0,65,44,24,8,9,2,7
2022-717,Houston,Clay,32,250,O,20220404,8,HB05,,,Christian Harrison,R,180,USA,27.849,312,152,H928,,,Diego Hidalgo,L,180,ECU,28.961,631,40,W/O,3,Q1,,,,,,,,,,,,,,,,,,,
2022-717,Houston,Clay,32,250,O,20220404,9,KC12,,,Mitchell Krueger,R,188,USA,28.225,161,383,MP01,,,Michael Mmoh,R,188,USA,24.23,226,244,6-3 6-3,3,Q2,106,4,1,64,47,31,8,9,5,6,6,8,80,53,34,8,9,9,13
2022-717,Houston,Clay,32,250,O,20220404,10,PH71,,,Max Purcell,R,185,AUS,24.003,164,360,EA13,,,Moez Echargui,R,178,TUN,29.229,443,83,4-6 6-3 6-3,3,Q2,119,5,1,78,44,33,21,14,2,4,4,4,86,49,37,13,14,3,7
2022-717,Houston,Clay,32,250,O,20220404,11,BO10,,,Gijs Brouwer,L,191,NED,26.056,361,117,D916,,,Steven Diez,R,175,CAN,31.05,292,166,4-6 7-5 6-2,3,Q2,160,3,6,104,57,38,27,15,6,9,2,1,97,68,38,15,15,4,9
2022-717,Houston,Clay,32,250,O,20220404,12,HB05,,,Christian Harrison,R,180,USA,27.849,312,152,H940,,,Ryan Harrison,R,185,USA,29.908,542,55,5-7 6-4 6-4,3,Q2,122,6,0,89,52,40,22,16,3,5,8,3,86,45,37,20,16,0,3
2022-410,Monte Carlo Masters,Clay,64,M,O,20220410,1,BM95,,,Benjamin Bonzi,R,183,FRA,25.834,61,905,TA12,,,Stefano Travaglia,R,185,ITA,30.283,112,614,6-3 6-3,3,Q1,86,2,3,53,32,27,10,9,3,4,2,6,81,42,28,14,9,8,12
2022-410,Monte Carlo Masters,Clay,64,M,O,20220410,2,C0E9,,,Flavio Cobolli,R,183,ITA,19.929,147,434,G09O,2,,Hugo Gaston,L,173,FRA,21.536,63,897,6-4 6-2,3,Q1,74,4,0,61,38,25,8,9,4,7,2,2,48,23,12,9,9,1,7
2022-410,Monte Carlo Masters,Clay,64,M,O,20220410,3,Z419,,,Bernabe Zapata Miralles,R,183,ESP,25.24,123,540,KF17,3,,Soonwoo Kwon,R,180,KOR,24.353,64,895,6-7(5) 6-4 6-2,3,Q1,156,4,1,112,65,46,23,15,7,9,2,2,113,63,38,25,15,6,11
2022-410,Monte Carlo Masters,Clay,64,M,O,20220410,4,B0BI,,,Sebastian Baez,R,170,ARG,21.281,66,893,CF01,,,Marco Cecchinato,R,185,ITA,29.525,97,698,6-7(4) 6-1 7-6(6),3,Q1,157,2,0,120,86,54,19,16,8,11,1,3,108,62,40,20,15,6,11
2022-410,Monte Carlo Masters,Clay,64,M,O,20220410,5,DA31,,,Hugo Dellien,R,180,BOL,28.816,93,723,ME82,5,,Adrian Mannarino,L,180,FRA,33.78,68,869,6-1 4-6 7-5,3,Q1,144,2,4,91,54,38,17,15,6,10,0,9,99,50,32,19,14,6,12
2022-410,Monte Carlo Masters,Clay,64,M,O,20220410,6,C0BC,,,Maxime Cressy,R,201,USA,24.923,70,858,V0DZ,,,Luca Van Assche,R,178,FRA,17.914,382,105,6-3 6-4,3,Q1,80,10,4,54,32,29,12,10,0,0,4,4,61,26,22,16,9,4,6
2022-410,Monte Carlo Masters,Clay,64,M,O,20220410,7,O449,,,Oscar Otte,R,193,GER,28.734,72,854,VA25,,,Valentin Vacherot,R,193,MON,23.398,395,102,6-4 7-6(3),3,Q1,99,6,2,59,32,27,21,11,0,0,2,0,72,50,33,14,11,2,3
2022-410,Monte Carlo Masters,Clay,64,M,O,20220410,8,DA81,,,Taro Daniel,R,191,JPN,29.199,104,667,MH30,8,,John Millman,R,183,AUS,32.821,75,828,6-2 6-3,3,Q1,98,4,1,52,30,25,10,8,4,4,3,3,70,41,27,8,9,6,10
2022-410,Monte Carlo Masters,Clay,64,M,O,20220410,9,MQ75,9,,Kamil Majchrzak,R,183,POL,26.24,76,818,Y268,,,Mikael Ymer,R,185,SWE,23.584,95,718,6-2 4-6 6-4,3,Q1,146,3,1,106,58,34,26,14,15,19,2,9,105,60,42,16,14,4,10
2022-410,Monte Carlo Masters,Clay,64,M,O,20220410,10,MU94,,,Jaume Munar,R,183,ESP,24.931,78,814,N670,,,Hugo Nys,R,183,MON,31.146,649,37,6-2 6-2,3,Q1,65,0,0,40,26,21,11,8,0,0,1,3,56,26,17,11,8,3,7
2022-410,Monte Carlo Masters,Clay,64,M,O,20220410,11,RH24,,,Emil Ruusuvuori,R,188,FIN,23.023,80,797,ML57,,,Gianluca Mager,R,188,ITA,27.357,109,623,6-3 7-5,3,Q1,95,4,4,65,44,28,10,11,3,7,3,3,68,43,26,6,10,4,10
2022-410,Monte Carlo Masters,Clay,64,M,O,20220410,12,L0BV,,,Jiri Lehecka,R,185,CZE,20.419,98,695,L949,12,,Henri Laaksonen,R,185,SUI,30.026,87,762,6-7(0) 6-4 6-2,3,Q1,134,2,6,102,60,40,25,15,5,7,4,3,97,38,27,31,15,4,9
2022-410,Monte Carlo Masters,Clay,64,M,O,20220410,13,SH90,13,,Joao Sousa,R,185,POR,33.029,90,755,TE16,,,Carlos Taberner,R,183,ESP,24.671,96,705,6-1 6-1,3,Q1,75,5,4,49,30,22,8,7,3,4,1,4,49,30,12,7,7,7,13
2022-410,Monte Carlo Masters,Clay,64,M,O,20220410,14,R0DG,,,Holger Rune,R,188,DEN,18.949,91,734,A829,,,Radu Albot,R,175,MDA,32.411,119,563,6-2 6-3,3,Q1,68,3,2,50,31,21,14,8,2,2,0,0,47,30,20,6,9,2,6
2022-410,Monte Carlo Masters,Clay,64,M,O,20220410,15,L0BV,,,Jiri Lehecka,R,185,CZE,20.419,98,695,BM95,,,Benjamin Bonzi,R,183,FRA,25.834,61,905,6-4 6-3,3,Q2,85,3,4,65,46,31,10,9,6,7,1,0,68,47,25,11,10,4,8
2022-410,Monte Carlo Masters,Clay,64,M,O,20220410,16,B0BI,,,Sebastian Baez,R,170,ARG,21.281,66,893,MQ75,9,,Kamil Majchrzak,R,183,POL,26.24,76,818,6-1 4-6 6-1,3,Q2,98,0,0,67,53,38,8,12,0,1,1,2,79,49,31,13,12,4,9
2022-410,Monte Carlo Masters,Clay,64,M,O,20220410,17,R0DG,,,Holger Rune,R,188,DEN,18.949,91,734,C0BC,,,Maxime Cressy,R,201,USA,24.923,70,858,6-3 7-5,3,Q2,83,3,2,50,29,19,15,10,0,2,4,13,75,39,24,16,11,8,13
2022-410,Monte Carlo Masters,Clay,64,M,O,20220410,18,MU94,,,Jaume Munar,R,183,ESP,24.931,78,814,O449,,,Oscar Otte,R,193,GER,28.734,72,854,6-0 6-7(8) 6-2,3,Q2,141,2,0,88,63,45,12,13,5,6,4,8,101,45,26,26,13,7,13
2022-410,Monte Carlo Masters,Clay,64,M,O,20220410,19,RH24,,,Emil Ruusuvuori,R,188,FIN,23.023,80,797,C0E9,,,Flavio Cobolli,R,183,ITA,19.929,147,434,4-6 6-4 6-3,3,Q2,140,0,9,116,75,44,16,15,9,16,0,3,79,43,27,11,14,4,12
2022-410,Monte Carlo Masters,Clay,64,M,O,20220410,20,Z419,,,Bernabe Zapata Miralles,R,183,ESP,25.24,123,540,SH90,13,,Joao Sousa,R,185,POR,33.029,90,755,6-4 7-6(8),3,Q2,119,1,1,71,51,31,12,11,1,4,1,0,76,42,22,20,11,3,7
2022-410,Monte Carlo Masters,Clay,64,M,O,20220410,21,DA31,,,Hugo Dellien,R,180,BOL,28.816,93,723,DA81,,,Taro Daniel,R,191,JPN,29.199,104,667,6-4 6-7(9) 6-3,3,Q2,206,0,2,122,82,49,16,15,10,15,5,2,124,78,45,18,16,7,15
2022-425,Barcelona,Clay,64,500,O,20220418,1,DA31,,,Hugo Dellien,R,180,BOL,28.838,89,743,R0FP,,,Daniel Rincon,L,185,ESP,19.277,844,18,6-3 6-0,3,Q1,66,1,1,49,34,26,10,8,3,3,5,2,45,26,16,6,7,1,5
2022-425,Barcelona,Clay,64,500,O,20220418,2,TE16,,,Carlos Taberner,R,183,ESP,24.693,94,714,J620,,,Maxime Janvier,R,196,FRA,25.498,270,188,6-2 6-0,3,Q1,70,0,4,44,26,20,10,7,3,3,1,3,56,28,13,13,7,7,12
2022-425,Barcelona,Clay,64,500,O,20220418,3,PH64,,,Andrea Pellegrino,R,185,ITA,25.07,197,291,P09Z,3,,Alexei Popyrin,R,196,AUS,22.702,106,627,6-4 6-2,3,Q1,68,2,0,52,27,20,18,9,0,0,3,2,61,38,30,7,9,1,4
2022-425,Barcelona,Clay,64,500,O,20220418,4,A0EA,,,Max Alcala Gurri,R,178,ESP,19.6,862,17,G967,4,,Peter Gojowczyk,R,188,GER,32.758,100,686,6-3 RET,3,Q1,40,1,3,36,25,18,7,5,2,2,1,2,30,15,12,6,4,5,6
2022-425,Barcelona,Clay,64,500,O,20220418,5,S483,,,Pedro Sousa,R,180,POR,33.892,295,167,ML57,5,,Gianluca Mager,R,188,ITA,27.379,111,608,5-7 7-6(5) 6-3,3,Q1,119,6,0,103,63,41,30,17,1,3,7,0,107,56,38,33,16,1,3
2022-425,Barcelona,Clay,64,500,O,20220418,6,Z419,,,Bernabe Zapata Miralles,R,183,ESP,25.262,119,563,GJ05,,,Alexis Gautier,R,198,FRA,25.029,336,132,6-1 6-1,3,Q1,52,3,0,44,21,15,16,7,4,5,2,3,38,15,7,4,7,2,8
2022-425,Barcelona,Clay,64,500,O,20220418,7,A09U,,,Nicolas Alvarez Varona,R,188,ESP,20.917,285,173,K435,7,,Philipp Kohlschreiber,R,178,GER,38.505,132,486,3-6 7-5 7-6(3),3,Q1,182,8,7,135,86,58,18,16,12,17,2,4,117,66,42,26,17,10,15
2022-425,Barcelona,Clay,64,500,O,20220418,8,Y218,,,Elias Ymer,R,185,SWE,26.021,135,478,G0AV,,,Carlos Gimeno Valero,R,191,ESP,20.813,363,118,6-2 2-6 6-3,3,Q1,119,4,3,98,70,42,14,13,10,15,0,8,82,60,35,7,12,2,8
2022-425,Barcelona,Clay,64,500,O,20220418,9,MP83,,,Gian Marco Moroni,R,185,ITA,24.175,181,325,H996,9,,Pierre-Hugues Herbert,R,188,FRA,31.086,142,440,6-3 6-1,3,Q1,90,1,4,63,45,34,9,8,4,4,1,2,64,37,21,10,8,7,11
2022-425,Barcelona,Clay,64,500,O,20220418,10,GC89,,,Egor Gerasimov,R,196,BLR,29.432,155,402,BV24,,,Raul Brancaccio,R,183,ITA,24.956,272,185,6-3 6-2,3,Q1,65,5,0,47,28,24,10,9,2,3,1,2,52,34,20,7,8,4,8
2022-425,Barcelona,Clay,64,500,O,20220418,11,GF95,,,Hugo Grenier,R,196,FRA,26.07,156,399,S0GZ,,,Nikolas Sanchez Izquierdo,R,185,ESP,23.094,280,175,6-2 6-2,3,Q1,94,3,5,55,36,26,9,8,2,3,1,2,63,31,18,12,8,7,12
2022-425,Barcelona,Clay,64,500,O,20220418,12,GH33,,,Manuel Guinard,R,198,FRA,26.423,152,407,SS25,,,Vitaliy Sachko,R,188,UKR,24.761,245,211,6-3 6-3,3,Q1,73,2,3,50,31,23,11,9,2,4,2,1,64,44,25,6,9,3,8
2022-425,Barcelona,Clay,64,500,O,20220418,13,DA31,,,Hugo Dellien,R,180,BOL,28.838,89,743,MP83,,,Gian Marco Moroni,R,185,ITA,24.175,181,325,7-5 6-2,3,Q2,99,0,1,57,38,29,9,10,1,3,0,6,57,37,24,6,10,2,7
2022-425,Barcelona,Clay,64,500,O,20220418,14,TE16,,,Carlos Taberner,R,183,ESP,24.693,94,714,GF95,,,Hugo Grenier,R,196,FRA,26.07,156,399,6-2 6-1,3,Q2,80,0,5,57,35,25,10,8,6,7,0,6,44,19,10,8,7,2,7
2022-425,Barcelona,Clay,64,500,O,20220418,15,Z419,,,Bernabe Zapata Miralles,R,183,ESP,25.262,119,563,GH33,,,Manuel Guinard,R,198,FRA,26.423,152,407,6-4 6-0,3,Q2,65,0,2,51,29,22,13,8,1,2,0,1,43,31,17,3,8,3,8
2022-425,Barcelona,Clay,64,500,O,20220418,16,Y218,,,Elias Ymer,R,185,SWE,26.021,135,478,S483,,,Pedro Sousa,R,180,POR,33.892,295,167,6-3 6-2,3,Q2,89,4,4,72,47,33,14,9,7,7,1,8,83,50,32,11,8,11,14
2022-425,Barcelona,Clay,64,500,O,20220418,17,GC89,,,Egor Gerasimov,R,196,BLR,29.432,155,402,PH64,,,Andrea Pellegrino,R,185,ITA,25.07,197,291,6-2 6-3,3,Q2,56,6,0,42,30,30,6,9,0,0,2,4,49,29,17,10,8,3,6
2022-425,Barcelona,Clay,64,500,O,20220418,18,A09U,,,Nicolas Alvarez Varona,R,188,ESP,20.917,285,173,A0EA,,,Max Alcala Gurri,R,178,ESP,19.6,862,17,6-4 6-3,3,Q2,79,2,5,57,31,24,15,9,1,2,0,2,56,36,21,11,10,5,9
2022-5053,Belgrade,Clay,32,250,O,20220418,1,L0BV,,,Jiri Lehecka,R,185,CZE,20.441,93,718,SP80,,,Nino Serdarusic,R,191,CRO,25.344,184,315,6-0 6-4,3,Q1,65,2,2,49,35,25,9,8,2,2,2,1,41,30,14,5,8,0,4
2022-5053,Belgrade,Clay,32,250,O,20220418,2,DA81,,,Taro Daniel,R,191,JPN,29.221,104,642,N503,,,Aleksandr Nedovyesov,R,188,KAZ,35.17,614,41,7-5 6-1,3,Q1,97,2,2,49,29,23,13,9,1,2,4,6,83,37,22,20,10,9,14
2022-5053,Belgrade,Clay,32,250,O,20220418,3,GB93,3,,Norbert Gombos,R,193,SVK,31.68,107,626,SK94,,,Cedrik-Marcel Stebe,L,180,GER,31.524,202,280,6-4 6-3,3,Q1,80,1,0,54,32,19,11,9,2,5,1,2,64,44,22,5,10,1,7
2022-5053,Belgrade,Clay,32,250,O,20220418,4,MJ08,,,Thiago Monteiro,L,183,BRA,27.882,110,611,Z0A1,,,Giulio Zeppieri,L,183,ITA,20.361,228,239,7-6(4) 4-6 6-4,3,Q1,170,7,2,106,65,47,23,16,9,11,4,3,114,74,51,21,16,12,14
2022-5053,Belgrade,Clay,32,250,O,20220418,5,BI23,5,,Liam Broady,L,183,GBR,28.285,138,464,M0NI,,,Jakub Mensik,R,196,CZE,16.627,1444,3,6-2 6-1,3,Q1,64,3,5,39,20,16,13,7,2,2,1,3,51,27,14,11,8,2,7
2022-5053,Belgrade,Clay,32,250,O,20220418,6,D923,6,,Damir Dzumhur,R,175,BIH,29.911,161,377,SD32,,,Gilles Simon,R,183,FRA,37.306,159,384,3-6 7-5 6-2,3,Q1,144,1,1,100,66,39,16,15,9,15,1,5,97,68,34,12,14,8,15
2022-5053,Belgrade,Clay,32,250,O,20220418,7,C0E9,7,,Flavio Cobolli,R,183,ITA,19.951,143,440,D0JH,,,Nikola Djosic,R,185,SUI,14.606,,,6-1 6-2,3,Q1,59,4,0,50,30,22,11,8,1,2,0,3,49,25,13,8,7,7,12
2022-5053,Belgrade,Clay,32,250,O,20220418,8,SX50,,,Roman Safiullin,R,185,RUS,24.695,151,414,PH71,,,Max Purcell,R,185,AUS,24.041,166,371,6-7(3) 6-4 6-4,3,Q1,137,8,5,104,67,51,21,16,7,8,4,3,104,60,43,22,16,3,6
2022-5053,Belgrade,Clay,32,250,O,20220418,9,L0BV,,,Jiri Lehecka,R,185,CZE,20.441,93,718,C0E9,7,,Flavio Cobolli,R,183,ITA,19.951,143,440,6-4 7-6(3),3,Q2,118,0,1,86,51,34,21,11,5,6,5,7,86,53,37,15,11,6,8
2022-5053,Belgrade,Clay,32,250,O,20220418,10,DA81,,,Taro Daniel,R,191,JPN,29.221,104,642,BI23,5,,Liam Broady,L,183,GBR,28.285,138,464,6-1 6-3,3,Q2,94,0,0,47,32,23,12,8,4,4,2,2,64,35,19,13,8,7,11
2022-5053,Belgrade,Clay,32,250,O,20220418,11,SX50,,,Roman Safiullin,R,185,RUS,24.695,151,414,GB93,3,,Norbert Gombos,R,193,SVK,31.68,107,626,6-2 6-7(2) 6-0,3,Q2,119,5,1,86,64,43,13,13,1,2,3,1,88,58,33,12,13,1,7
2022-5053,Belgrade,Clay,32,250,O,20220418,12,MJ08,,,Thiago Monteiro,L,183,BRA,27.882,110,611,D923,6,,Damir Dzumhur,R,175,BIH,29.911,161,377,6-3 3-6 6-4,3,Q2,120,3,2,84,57,30,15,14,7,13,3,3,75,53,27,11,14,5,12
2022-308,Munich,Clay,32,250,O,20220425,1,GC89,,,Egor Gerasimov,R,196,BLR,29.451,150,412,C0AU,1,,Francisco Cerundolo,R,185,ARG,23.699,47,1016,7-6(6) 6-1,3,Q1,86,3,4,71,48,36,9,9,6,7,3,4,61,36,22,11,10,2,6
2022-308,Munich,Clay,32,250,O,20220425,2,N732,,,Yoshihito Nishioka,L,170,JPN,26.576,86,756,MN13,,,Maximilian Marterer,L,188,GER,26.861,210,272,6-2 6-2,3,Q1,87,0,0,62,48,31,9,8,9,10,3,1,56,35,19,6,8,5,10
2022-308,Munich,Clay,32,250,O,20220425,3,TE30,,,Alejandro Tabilo,L,188,CHI,24.895,91,732,BU54,,,Geoffrey Blancaneaux,R,180,FRA,23.713,208,274,5-7 7-5 6-3,3,Q1,153,7,1,100,56,41,26,17,7,9,5,3,97,57,38,25,16,1,4
2022-308,Munich,Clay,32,250,O,20220425,4,T0FI,,,Marko Topo,R,185,GER,18.615,756,24,L949,4,,Henri Laaksonen,R,185,SUI,30.067,94,720,6-4 6-2,3,Q1,85,1,3,66,37,25,16,9,4,5,1,3,59,35,23,8,9,0,4
2022-308,Munich,Clay,32,250,O,20220425,5,L0BV,,,Jiri Lehecka,R,185,CZE,20.46,88,743,D923,,,Damir Dzumhur,R,175,BIH,29.93,161,377,6-4 6-7(2) 7-5,3,Q1,152,6,6,124,84,54,21,17,9,12,1,4,103,73,48,16,17,1,6
2022-308,Munich,Clay,32,250,O,20220425,6,GB93,,,Norbert Gombos,R,193,SVK,31.699,106,619,MN20,,,Daniel Masur,R,183,GER,27.466,225,245,6-7(5) 7-5 6-4,3,Q1,156,8,3,101,66,50,20,17,2,4,7,7,135,83,55,24,17,6,10
2022-308,Munich,Clay,32,250,O,20220425,7,MJ08,7,,Thiago Monteiro,L,183,BRA,27.901,103,652,K926,,,Mikhail Kukushkin,R,183,KAZ,34.33,164,367,6-3 6-4,3,Q1,74,2,0,55,39,31,9,10,2,3,3,1,50,32,21,7,9,1,4
2022-308,Munich,Clay,32,250,O,20220425,8,H997,8,,Yannick Hanfmann,R,193,GER,30.448,114,566,Y218,,,Elias Ymer,R,185,SWE,26.04,130,493,6-3 6-4,3,Q1,82,1,1,50,30,20,13,9,5,7,3,4,59,37,18,13,10,3,8
2022-308,Munich,Clay,32,250,O,20220425,9,N732,,,Yoshihito Nishioka,L,170,JPN,26.576,86,756,H997,8,,Yannick Hanfmann,R,193,GER,30.448,114,566,7-5 6-7(5) 6-4,3,Q2,161,1,1,106,81,57,14,17,5,7,7,2,105,62,44,23,17,3,7
2022-308,Munich,Clay,32,250,O,20220425,10,L0BV,,,Jiri Lehecka,R,185,CZE,20.46,88,743,TE30,,,Alejandro Tabilo,L,188,CHI,24.895,91,732,6-4 7-6(3),3,Q2,93,4,1,75,52,36,15,11,5,6,2,1,70,46,35,13,11,4,6
2022-308,Munich,Clay,32,250,O,20220425,11,T0FI,,,Marko Topo,R,185,GER,18.615,756,24,GB93,,,Norbert Gombos,R,193,SVK,31.699,106,619,3-6 6-3 6-1,3,Q2,100,6,3,65,33,29,19,12,0,1,6,4,85,60,39,11,13,4,8
2022-308,Munich,Clay,32,250,O,20220425,12,GC89,,,Egor Gerasimov,R,196,BLR,29.451,150,412,MJ08,7,,Thiago Monteiro,L,183,BRA,27.901,103,652,6-1 6-1,3,Q2,59,5,0,35,20,15,11,7,2,3,1,3,45,30,9,8,7,3,9
2022-7290,Estoril,Clay,32,250,O,20220425,1,DA31,,,Hugo Dellien,R,180,BOL,28.857,85,758,E698,,,Gastao Elias,R,180,POR,31.417,152,404,6-4 6-4,3,Q1,101,0,2,64,47,35,7,10,3,4,2,2,75,51,35,9,10,5,8
2022-7290,Estoril,Clay,32,250,O,20220425,2,TE16,,,Carlos Taberner,R,183,ESP,24.712,92,729,CN88,,,Tiago Cacao,R,185,PRT,24.153,567,49,6-2 6-4,3,Q1,78,2,0,50,36,30,6,9,0,0,0,0,53,34,19,12,9,1,4
2022-7290,Estoril,Clay,32,250,O,20220425,3,C882,,,Pablo Cuevas,R,180,URU,36.312,107,619,BI23,,,Liam Broady,L,183,GBR,28.304,143,448,6-4 7-6(5),3,Q1,105,2,4,67,39,29,19,11,1,1,2,3,76,50,32,16,11,4,5
2022-7290,Estoril,Clay,32,250,O,20220425,4,H996,,,Pierre-Hugues Herbert,R,188,FRA,31.105,157,387,P09Z,4,,Alexei Popyrin,R,196,AUS,22.721,108,611,6-3 6-4,3,Q1,77,7,2,56,26,19,20,10,0,1,3,2,63,43,28,8,9,1,4
2022-7290,Estoril,Clay,32,250,O,20220425,5,PH71,,,Max Purcell,R,185,AUS,24.06,163,369,CF01,5,,Marco Cecchinato,R,185,ITA,29.566,109,610,7-6(1) 4-6 6-3,3,Q1,113,1,1,87,60,45,18,16,0,2,5,4,99,57,38,25,15,6,8
2022-7290,Estoril,Clay,32,250,O,20220425,6,A0ES,,,Pedro Araujo,R,183,PRT,20.082,654,36,ML57,6,,Gianluca Mager,R,188,ITA,27.398,115,564,6-1 2-0 RET,3,Q1,48,0,0,33,18,13,9,5,3,3,1,5,30,14,9,4,4,4,7
2022-7290,Estoril,Clay,32,250,O,20220425,7,Z419,,,Bernabe Zapata Miralles,R,183,ESP,25.281,123,538,S483,,,Pedro Sousa,R,180,POR,33.911,297,166,6-2 6-4,3,Q1,75,4,0,61,39,25,11,9,1,4,0,2,56,39,14,10,9,5,11
2022-7290,Estoril,Clay,32,250,O,20220425,8,V306,,,Fernando Verdasco,L,188,ESP,38.442,118,554,A829,,,Radu Albot,R,175,MDA,32.452,121,544,6-3 6-7(5) 6-3,3,Q1,140,3,4,98,58,43,24,16,0,1,0,1,77,52,36,13,14,1,4
2022-7290,Estoril,Clay,32,250,O,20220425,9,DA31,,,Hugo Dellien,R,180,BOL,28.857,85,758,PH71,,,Max Purcell,R,185,AUS,24.06,163,369,6-1 6-2,3,Q2,57,1,0,47,33,25,8,8,4,5,0,1,37,20,10,4,7,5,10
2022-7290,Estoril,Clay,32,250,O,20220425,10,Z419,,,Bernabe Zapata Miralles,R,183,ESP,25.281,123,538,TE16,,,Carlos Taberner,R,183,ESP,24.712,92,729,6-1 6-3,3,Q2,70,2,0,51,34,26,9,8,1,1,1,4,45,30,19,5,8,0,4
2022-7290,Estoril,Clay,32,250,O,20220425,11,C882,,,Pablo Cuevas,R,180,URU,36.312,107,619,A0ES,,,Pedro Araujo,R,183,PRT,20.082,654,36,6-7(4) 6-3 6-1,3,Q2,136,5,3,90,54,41,17,14,3,5,0,0,86,63,35,13,14,3,9
2022-7290,Estoril,Clay,32,250,O,20220425,12,H996,,,Pierre-Hugues Herbert,R,188,FRA,31.105,157,387,V306,,,Fernando Verdasco,L,188,ESP,38.442,118,554,7-5 6-7(4) 6-2,3,Q2,169,12,5,112,56,41,29,16,5,8,4,2,104,71,44,19,16,4,10
2022-1536,Madrid Masters,Clay,64,M,O,20220501,1,HH26,,,Ugo Humbert,L,188,FRA,23.847,45,1088,A596,,,Pablo Andujar,R,180,ESP,36.268,82,781,6-4 6-2,3,Q1,81,5,0,46,29,26,12,9,0,0,2,2,63,44,25,11,9,6,9
2022-1536,Madrid Masters,Clay,64,M,O,20220501,2,CF59,,,Roberto Carballes Baena,R,183,ESP,29.106,100,683,MV14,2,,Alex Molcan,L,178,SVK,24.413,46,1028,7-5 6-4,3,Q1,116,6,1,74,55,40,11,11,4,5,3,2,71,48,30,10,11,2,5
2022-1536,Madrid Masters,Clay,64,M,O,20220501,3,M0HT,,,Alejandro Moro Canas,R,183,ESP,21.396,440,86,C0AU,3,,Francisco Cerundolo,R,185,ARG,23.715,47,1016,6-0 6-4,3,Q1,56,1,1,39,27,21,11,8,0,0,0,3,45,30,16,6,8,2,6
2022-1536,Madrid Masters,Clay,64,M,O,20220501,4,F724,4,,Marton Fucsovics,R,188,HUN,30.226,48,1004,M0N7,,,Daniel Merida,R,188,ESP,17.593,681,32,6-4 6-3,3,Q1,83,2,0,53,34,23,14,9,2,3,1,1,69,32,21,15,10,2,6
2022-1536,Madrid Masters,Clay,64,M,O,20220501,5,MK66,5,,Mackenzie McDonald,R,178,USA,27.042,51,982,SH90,,,Joao Sousa,R,185,POR,33.087,83,765,6-2 3-6 6-4,3,Q1,123,4,1,88,60,41,13,13,3,5,4,1,92,59,40,14,14,7,11
2022-1536,Madrid Masters,Clay,64,M,O,20220501,6,CE77,6,,Federico Coria,R,180,ARG,30.144,52,981,KB09,,,Denis Kudla,R,180,USA,29.703,84,764,6-2 6-2,3,Q1,58,7,2,41,29,25,8,8,0,0,3,0,43,26,16,7,8,0,4
2022-1536,Madrid Masters,Clay,64,M,O,20220501,7,TE30,,,Alejandro Tabilo,L,188,CHI,24.912,91,732,GC88,7,,Marcos Giron,R,180,USA,28.769,53,975,6-3 7-5,3,Q1,97,6,0,65,44,32,9,11,1,3,2,0,65,38,21,13,10,2,6
2022-1536,Madrid Masters,Clay,64,M,O,20220501,8,GB88,,,David Goffin,R,180,BEL,31.398,55,958,V708,,,Jiri Vesely,L,198,CZE,28.808,74,847,6-3 7-6(3),3,Q1,95,19,2,73,53,41,12,11,4,4,4,2,58,37,29,10,10,2,3
2022-1536,Madrid Masters,Clay,64,M,O,20220501,9,PD31,,,Benoit Paire,R,196,FRA,32.98,60,899,N0AE,,,Brandon Nakashima,R,188,USA,20.742,76,810,6-0 3-6 6-3,3,Q1,96,5,8,67,28,21,19,12,0,3,5,2,82,48,32,10,12,8,14
2022-1536,Madrid Masters,Clay,64,M,O,20220501,10,M0EJ,,,Lorenzo Musetti,R,185,ITA,20.162,61,896,N732,,,Yoshihito Nishioka,L,170,JPN,26.593,86,756,7-5 6-3,3,Q1,103,1,1,63,43,27,11,11,0,3,0,0,66,50,26,7,10,2,7
2022-1536,Madrid Masters,Clay,64,M,O,20220501,11,C0BC,,,Maxime Cressy,R,201,USA,24.98,65,876,R0FP,,,Daniel Rincon,L,185,ESP,19.313,836,18,6-3 6-4,3,Q1,68,6,2,50,31,26,14,10,0,0,3,4,48,30,21,11,9,2,4
2022-1536,Madrid Masters,Clay,64,M,O,20220501,12,L987,,,Dusan Lajovic,R,183,SRB,31.836,78,801,ME82,12,,Adrian Mannarino,L,180,FRA,33.837,68,869,6-4 6-2,3,Q1,88,2,0,62,44,29,11,9,2,3,2,3,70,33,21,14,9,4,8
2022-1536,Madrid Masters,Clay,64,M,O,20220501,13,KF17,,,Soonwoo Kwon,R,180,KOR,24.411,71,858,S0RE,,,Juncheng Shang,L,180,CHN,17.24,420,93,5-7 6-3 6-4,3,Q1,146,11,1,86,51,40,20,16,3,5,1,2,115,81,56,14,15,9,12
2022-1536,Madrid Masters,Clay,64,M,O,20220501,14,DA31,,,Hugo Dellien,R,180,BOL,28.873,85,758,G09O,14,,Hugo Gaston,L,173,FRA,21.593,72,857,6-1 6-2,3,Q1,60,1,0,49,33,28,7,8,1,1,0,1,42,31,13,6,7,3,7
2022-1536,Madrid Masters,Clay,64,M,O,20220501,15,KF17,,,Soonwoo Kwon,R,180,KOR,24.411,71,858,HH26,,,Ugo Humbert,L,188,FRA,23.847,45,1088,7-6(4) 6-3,3,Q2,105,5,5,90,60,46,18,11,5,5,4,1,55,33,28,13,10,0,1
2022-1536,Madrid Masters,Clay,64,M,O,20220501,16,C0BC,,,Maxime Cressy,R,201,USA,24.98,65,876,F724,4,,Marton Fucsovics,R,188,HUN,30.226,48,1004,7-6(5) 1-6 7-6(6),3,Q2,148,8,6,116,74,52,23,15,4,7,11,3,94,48,40,30,16,0,1
2022-1536,Madrid Masters,Clay,64,M,O,20220501,17,DA31,,,Hugo Dellien,R,180,BOL,28.873,85,758,MK66,5,,Mackenzie McDonald,R,178,USA,27.042,51,982,7-5 6-1,3,Q2,90,3,0,57,42,31,8,10,4,6,2,1,66,44,24,8,9,3,8
2022-1536,Madrid Masters,Clay,64,M,O,20220501,18,PD31,,,Benoit Paire,R,196,FRA,32.98,60,899,CE77,6,,Federico Coria,R,180,ARG,30.144,52,981,6-7(5) 6-4 6-2,3,Q2,138,6,11,114,59,49,23,15,7,8,2,2,102,75,48,14,15,5,9
2022-1536,Madrid Masters,Clay,64,M,O,20220501,19,GB88,,,David Goffin,R,180,BEL,31.398,55,958,TE30,,,Alejandro Tabilo,L,188,CHI,24.912,91,732,6-4 6-4,3,Q2,72,6,0,56,40,33,9,10,1,2,4,1,53,33,24,10,10,2,5
2022-1536,Madrid Masters,Clay,64,M,O,20220501,20,M0EJ,,,Lorenzo Musetti,R,185,ITA,20.162,61,896,M0HT,,,Alejandro Moro Canas,R,183,ESP,21.396,440,86,5-7 7-5 6-2,3,Q2,165,2,5,104,75,53,16,16,6,8,2,2,114,71,46,23,16,12,16
2022-1536,Madrid Masters,Clay,64,M,O,20220501,21,L987,,,Dusan Lajovic,R,183,SRB,31.836,78,801,CF59,,,Roberto Carballes Baena,R,183,ESP,29.106,100,683,6-3 6-2,3,Q2,77,9,0,57,48,37,3,9,4,4,0,1,46,33,20,7,8,7,10
2022-416,Rome Masters,Clay,64,M,O,20220508,1,B0BI,,,Sebastian Baez,R,170,ARG,21.358,40,1163,KF17,,,Soonwoo Kwon,R,180,KOR,24.43,73,828,6-4 6-4,3,Q1,87,0,1,62,41,28,14,10,2,3,1,7,58,34,25,12,10,7,10
2022-416,Rome Masters,Clay,64,M,O,20220508,2,DA31,,,Hugo Dellien,R,180,BOL,28.893,81,775,R0DG,2,,Holger Rune,R,188,DEN,19.025,45,1089,6-1 1-6 6-3,3,Q1,104,0,0,62,48,33,6,12,1,4,0,0,65,36,22,16,11,3,7
2022-416,Rome Masters,Clay,64,M,O,20220508,3,N0AE,,,Brandon Nakashima,R,188,USA,20.761,74,810,HH26,3,,Ugo Humbert,L,188,FRA,23.866,46,1053,6-3 6-3,3,Q1,72,4,0,51,33,31,7,9,2,3,2,2,53,39,24,3,9,5,9
2022-416,Rome Masters,Clay,64,M,O,20220508,4,Z0A1,,,Giulio Zeppieri,L,183,ITA,20.416,229,233,MV14,4,,Alex Molcan,L,178,SVK,24.433,47,1029,6-7(3) 6-3 6-2,3,Q1,149,7,3,122,79,53,18,15,10,13,4,3,90,52,30,17,14,4,10
2022-416,Rome Masters,Clay,64,M,O,20220508,5,C0AU,,,Francisco Cerundolo,R,185,ARG,23.734,49,1016,N732,,,Yoshihito Nishioka,L,170,JPN,26.612,86,756,7-6(5) 6-3,3,Q1,98,2,2,68,42,25,13,10,2,6,0,2,69,39,18,17,11,4,10
2022-416,Rome Masters,Clay,64,M,O,20220508,6,F724,6,,Marton Fucsovics,R,188,HUN,30.245,50,1001,KB09,,,Denis Kudla,R,180,USA,29.722,83,764,4-6 6-1 6-4,3,Q1,117,7,2,94,57,38,20,14,7,10,7,2,76,38,24,21,13,4,9
2022-416,Rome Masters,Clay,64,M,O,20220508,7,GC88,,,Marcos Giron,R,180,USA,28.789,52,975,F0CJ,,,Gianmarco Ferrari,L,191,ITA,21.591,707,29,6-7(7) 6-3 6-2,3,Q1,143,6,0,119,79,56,18,15,9,12,5,5,92,43,29,23,14,5,11
2022-416,Rome Masters,Clay,64,M,O,20220508,8,DB63,,,Laslo Djere,R,188,SRB,26.932,54,966,KD46,,,Thanasi Kokkinakis,R,193,AUS,26.075,92,723,6-4 6-4,3,Q1,103,4,2,72,46,34,12,10,7,8,3,0,61,42,27,9,10,3,6
2022-416,Rome Masters,Clay,64,M,O,20220508,9,SH90,,,Joao Sousa,R,185,POR,33.106,82,765,MK66,9,,Mackenzie McDonald,R,178,USA,27.061,55,960,6-2 6-4,3,Q1,84,3,0,55,41,31,8,9,3,3,2,2,67,42,24,14,9,7,10
2022-416,Rome Masters,Clay,64,M,O,20220508,10,GJ37,,,Tallon Griekspoor,R,188,NED,25.848,57,957,ME82,,,Adrian Mannarino,L,180,FRA,33.856,67,869,6-4 6-4,3,Q1,84,6,3,64,38,24,14,10,2,5,0,3,61,36,18,12,10,2,7
2022-416,Rome Masters,Clay,64,M,O,20220508,11,MQ75,,,Kamil Majchrzak,R,183,POL,26.316,80,781,CE77,11,,Federico Coria,R,180,ARG,30.163,58,956,6-4 6-2,3,Q1,73,6,0,51,32,28,10,9,3,3,4,2,56,38,24,7,9,1,4
2022-416,Rome Masters,Clay,64,M,O,20220508,12,RH24,,,Emil Ruusuvuori,R,188,FIN,23.099,59,914,FC49,,,Giovanni Fonio,R,183,ITA,24.003,460,80,6-4 6-7(7) 6-3,3,Q1,141,4,5,91,60,44,15,15,4,7,6,6,114,73,43,19,16,5,11
2022-416,Rome Masters,Clay,64,M,O,20220508,13,L987,,,Dusan Lajovic,R,183,SRB,31.855,77,801,PD31,13,,Benoit Paire,R,196,FRA,32.999,62,899,6-2 7-5,3,Q1,71,3,1,59,45,29,7,10,3,5,5,1,59,35,23,9,10,3,8
2022-416,Rome Masters,Clay,64,M,O,20220508,14,C0BC,14,,Maxime Cressy,R,201,USA,24.999,64,888,F0A4,,,Francesco Forti,R,188,ITA,22.784,323,146,6-1 6-3,3,Q1,63,7,1,49,36,28,7,8,3,3,2,5,44,26,16,6,8,1,5
2022-416,Rome Masters,Clay,64,M,O,20220508,15,B0BI,,,Sebastian Baez,R,170,ARG,21.358,40,1163,RH24,,,Emil Ruusuvuori,R,188,FIN,23.099,59,914,6-7(3) 6-4 7-5,3,Q2,157,1,1,111,83,46,19,17,8,13,3,2,104,68,42,14,17,5,12
2022-416,Rome Masters,Clay,64,M,O,20220508,16,C0AU,,,Francisco Cerundolo,R,185,ARG,23.734,49,1016,SH90,,,Joao Sousa,R,185,POR,33.106,82,765,6-2 7-6(4),3,Q2,104,0,2,61,34,28,16,10,3,4,0,2,78,47,27,15,10,8,11
2022-416,Rome Masters,Clay,64,M,O,20220508,17,L987,,,Dusan Lajovic,R,183,SRB,31.855,77,801,F724,6,,Marton Fucsovics,R,188,HUN,30.245,50,1001,4-0 RET,3,Q2,24,1,0,18,9,7,6,2,2,2,1,1,15,6,4,1,2,0,2
2022-416,Rome Masters,Clay,64,M,O,20220508,18,GJ37,,,Tallon Griekspoor,R,188,NED,25.848,57,957,GC88,,,Marcos Giron,R,180,USA,28.789,52,975,7-6(7) 6-2,3,Q2,118,6,4,82,51,34,16,10,8,10,1,3,85,50,27,17,10,6,10
2022-416,Rome Masters,Clay,64,M,O,20220508,19,DB63,,,Laslo Djere,R,188,SRB,26.932,54,966,DA31,,,Hugo Dellien,R,180,BOL,28.893,81,775,6-4 6-2,3,Q2,74,5,3,48,34,28,7,9,0,1,0,1,49,31,19,8,9,4,8
2022-416,Rome Masters,Clay,64,M,O,20220508,20,Z0A1,,,Giulio Zeppieri,L,183,ITA,20.416,229,233,C0BC,14,,Maxime Cressy,R,201,USA,24.999,64,888,4-6 6-4 7-6(5),3,Q2,133,3,1,90,64,45,21,16,2,3,20,11,101,62,47,22,16,2,3
2022-416,Rome Masters,Clay,64,M,O,20220508,21,N0AE,,,Brandon Nakashima,R,188,USA,20.761,74,810,MQ75,,,Kamil Majchrzak,R,183,POL,26.316,80,781,6-4 7-6(5),3,Q2,103,6,1,66,41,32,16,11,1,1,7,2,81,50,34,17,11,2,3
2022-322,Geneva,Clay,32,250,O,20220515,1,BF23,,,Facundo Bagnis,L,183,ARG,32.211,95,686,KI63,,,Lukas Klein,R,193,SVK,24.148,318,147,4-6 6-3 6-2,3,Q1,129,7,7,99,56,43,24,14,9,10,11,4,85,52,40,12,13,5,8
2022-322,Geneva,Clay,32,250,O,20220515,2,HG94,,,Benjamin Hassan,R,183,LBN,27.274,327,142,L949,2,,Henri Laaksonen,R,185,SUI,30.122,97,680,6-4 6-3,3,Q1,70,1,2,54,31,23,12,9,1,2,1,4,59,28,19,15,10,3,7
2022-322,Geneva,Clay,32,250,O,20220515,3,N830,,,Johan Nikles,R,173,SUI,25.144,294,166,G967,3,,Peter Gojowczyk,R,188,GER,32.832,99,672,6-3 6-3,3,Q1,73,1,1,49,26,19,10,9,1,4,1,5,66,26,13,16,9,4,10
2022-322,Geneva,Clay,32,250,O,20220515,4,CF01,,,Marco Cecchinato,R,185,ITA,29.621,122,510,LB51,,,Julian Lenz,R,188,GER,29.238,291,167,6-3 6-2,3,Q1,63,5,0,46,36,30,6,9,0,0,2,2,53,35,23,8,8,2,5
2022-322,Geneva,Clay,32,250,O,20220515,5,O483,,,Christopher O'Connell,R,183,AUS,27.948,125,502,O482,,,Gonzalo Oliveira,L,185,VEN,27.239,298,164,7-6(3) 6-4,3,Q1,106,5,6,74,44,34,14,11,3,5,5,2,80,49,31,14,11,6,9
2022-322,Geneva,Clay,32,250,O,20220515,6,C882,6,,Pablo Cuevas,R,180,URU,36.367,128,499,W09B,,,Damien Wenger,R,173,SUI,22.16,462,78,6-4 6-2,3,Q1,83,3,2,52,26,19,14,9,1,3,1,5,65,42,27,6,9,5,10
2022-322,Geneva,Clay,32,250,O,20220515,7,SS25,7,,Vitaliy Sachko,R,188,UKR,24.835,235,225,GF23,,,Lucas Gerch,L,193,GER,27.4,367,119,7-6(1) 6-3,3,Q1,102,1,2,90,54,39,15,11,6,9,2,5,60,27,20,13,10,0,4
2022-322,Geneva,Clay,32,250,O,20220515,8,R685,8,,Lukas Rosol,R,193,CZE,36.808,249,211,P0D0,,,Jakub Paul,R,180,SUI,23.149,461,78,6-2 6-3,3,Q1,60,3,2,42,30,25,5,8,2,3,2,2,61,41,24,7,9,6,11
2022-322,Geneva,Clay,32,250,O,20220515,9,BF23,,,Facundo Bagnis,L,183,ARG,32.211,95,686,SS25,7,,Vitaliy Sachko,R,188,UKR,24.835,235,225,6-2 6-3,3,Q2,67,6,5,50,36,31,7,9,0,0,2,3,53,33,18,11,8,4,7
2022-322,Geneva,Clay,32,250,O,20220515,10,CF01,,,Marco Cecchinato,R,185,ITA,29.621,122,510,C882,6,,Pablo Cuevas,R,180,URU,36.367,128,499,6-1 6-3,3,Q2,70,2,0,47,36,29,6,8,0,0,0,1,56,28,15,14,8,4,8
2022-322,Geneva,Clay,32,250,O,20220515,11,O483,,,Christopher O'Connell,R,183,AUS,27.948,125,502,HG94,,,Benjamin Hassan,R,183,LBN,27.274,327,142,7-6(2) 6-4,3,Q2,91,5,1,58,30,26,19,11,0,1,2,3,78,46,32,14,11,2,4
2022-322,Geneva,Clay,32,250,O,20220515,12,N830,,,Johan Nikles,R,173,SUI,25.144,294,166,R685,8,,Lukas Rosol,R,193,CZE,36.808,249,211,6-4 6-4,3,Q2,78,1,0,62,34,26,20,10,3,3,2,3,59,42,29,9,10,1,3
2022-7694,Lyon,Clay,32,250,O,20220515,1,WB08,,,Yosuke Watanuki,R,180,JPN,24.09,260,199,TE16,1,,Carlos Taberner,R,183,ESP,24.767,89,720,6-3 6-4,3,Q1,100,4,3,79,51,40,8,10,10,11,1,4,58,33,21,11,9,4,7
2022-7694,Lyon,Clay,32,250,O,20220515,2,EA24,,,Tomas Martin Etcheverry,R,196,ARG,22.825,90,715,D0EG,,,Mayeul Darras,R,,FRA,23.283,1504,3,6-4 6-2,3,Q1,96,1,1,66,47,35,11,9,11,11,4,2,53,32,20,9,9,2,5
2022-7694,Lyon,Clay,32,250,O,20220515,3,BV16,,,Ugo Blanchet,R,175,FRA,23.357,474,74,N732,3,,Yoshihito Nishioka,L,170,JPN,26.631,91,707,6-1 6-1,3,Q1,57,9,1,42,20,17,15,7,1,1,0,1,48,41,17,3,7,3,8
2022-7694,Lyon,Clay,32,250,O,20220515,4,F840,,,Nerman Fatic,R,191,BIH,27.556,274,183,Y268,4,,Mikael Ymer,R,185,SWE,23.68,98,679,6-4 6-1,3,Q1,85,1,0,53,37,24,12,8,2,2,2,5,67,37,23,10,9,4,8
2022-7694,Lyon,Clay,32,250,O,20220515,5,GH33,,,Manuel Guinard,R,198,FRA,26.497,158,392,LC11,,,Tristan Lamasine,R,183,FRA,29.194,325,143,6-1 6-3,3,Q1,64,5,1,44,29,21,10,8,2,3,0,2,50,28,15,10,8,3,8
2022-7694,Lyon,Clay,32,250,O,20220515,6,SD32,,,Gilles Simon,R,183,FRA,37.38,160,379,BC65,,,Matthias Bachinger,R,188,GER,35.118,326,142,6-2 6-4,3,Q1,77,1,1,62,41,28,11,9,8,9,1,1,50,31,20,7,9,0,4
2022-7694,Lyon,Clay,32,250,O,20220515,7,MP01,,,Michael Mmoh,R,188,USA,24.342,181,324,Z246,,,Miljan Zekic,R,185,SRB,33.84,265,190,4-3 RET,3,Q1,45,1,3,20,14,10,1,3,2,3,1,3,27,15,8,6,4,2,4
2022-7694,Lyon,Clay,32,250,O,20220515,8,BK24,,,Gregoire Barrere,R,183,FRA,28.241,210,269,D916,,,Steven Diez,R,175,CAN,31.162,277,180,4-6 6-1 6-4,3,Q1,144,9,4,90,66,48,12,14,7,8,1,4,113,73,45,19,13,13,16
2022-7694,Lyon,Clay,32,250,O,20220515,9,EA24,,,Tomas Martin Etcheverry,R,196,ARG,22.825,90,715,MP01,,,Michael Mmoh,R,188,USA,24.342,181,324,7-6(6) 6-3,3,Q2,136,0,5,94,56,36,18,11,7,10,2,3,58,39,22,10,10,2,6
2022-7694,Lyon,Clay,32,250,O,20220515,10,GH33,,,Manuel Guinard,R,198,FRA,26.497,158,392,BV16,,,Ugo Blanchet,R,175,FRA,23.357,474,74,6-7(7) 6-0 6-4,3,Q2,129,10,2,93,52,33,23,14,4,7,6,5,87,34,25,22,14,2,9
2022-7694,Lyon,Clay,32,250,O,20220515,11,SD32,,,Gilles Simon,R,183,FRA,37.38,160,379,F840,,,Nerman Fatic,R,191,BIH,27.556,274,183,6-0 7-5,3,Q2,99,1,2,61,47,32,8,9,7,8,2,4,57,34,19,9,9,2,7
2022-7694,Lyon,Clay,32,250,O,20220515,12,BK24,,,Gregoire Barrere,R,183,FRA,28.241,210,269,WB08,,,Yosuke Watanuki,R,180,JPN,24.09,260,199,6-3 3-6 6-3,3,Q2,107,2,5,82,53,43,12,14,2,4,6,2,74,42,28,20,13,5,8
2022-520,Roland Garros,Clay,128,G,O,20220522,1,SL08,,,Tennys Sandgren,R,188,USA,30.834,186,313,MJ08,1,,Thiago Monteiro,L,183,BRA,27.975,100,651,3-6 7-6(5) 7-6(8),3,Q1,181,13,5,108,59,45,28,16,1,4,11,5,123,76,53,29,17,10,12
2022-520,Roland Garros,Clay,128,G,O,20220522,2,AA27,,,Franco Agamenone,R,191,ITA,29.101,155,407,GE33,2,,Daniel Elahi Galan,R,191,COL,25.925,108,575,7-5 3-6 6-3,3,Q1,169,4,8,105,65,45,13,15,7,12,0,0,121,88,55,10,15,17,23
2022-520,Roland Garros,Clay,128,G,O,20220522,3,P09O,,,Zsombor Piros,R,180,HUN,22.606,189,309,Q927,3,,Sam Querrey,R,198,USA,34.623,107,580,6-2 6-2,3,Q1,58,7,0,41,23,20,12,8,0,0,1,3,62,37,20,10,8,7,11
2022-520,Roland Garros,Clay,128,G,O,20220522,4,MP83,,,Gian Marco Moroni,R,185,ITA,24.268,166,351,L397,4,,Feliciano Lopez,L,188,ESP,40.668,111,562,6-1 7-6(4),3,Q1,81,7,5,64,37,33,17,10,4,4,5,5,60,32,29,9,9,2,4
2022-520,Roland Garros,Clay,128,G,O,20220522,5,V306,5,,Fernando Verdasco,L,188,ESP,38.516,109,567,D923,,,Damir Dzumhur,R,175,BIH,30.004,160,376,6-2 5-7 6-1,3,Q1,149,0,5,97,65,37,21,14,4,7,0,7,101,65,39,10,13,12,18
2022-520,Roland Garros,Clay,128,G,O,20220522,6,A829,6,,Radu Albot,R,175,MDA,32.526,112,557,P0DF,,,Matheus Pucinelli De Almeida,R,183,BRA,21.139,223,248,3-6 6-3 6-3,3,Q1,135,0,2,81,57,37,11,13,6,10,3,2,80,52,28,14,14,5,11
2022-520,Roland Garros,Clay,128,G,O,20220522,7,GH92,,,Borna Gojo,R,196,CRO,24.23,222,249,ML57,7,,Gianluca Mager,R,188,ITA,27.472,119,519,6-7(3) 6-2 6-4,3,Q1,124,21,3,87,51,42,20,15,2,3,5,6,93,47,34,26,15,6,10
2022-520,Roland Garros,Clay,128,G,O,20220522,8,Z419,,,Bernabe Zapata Miralles,R,183,ESP,25.355,133,475,SC56,,,Dudi Sela,R,175,ISR,37.131,456,80,6-3 6-0,3,Q1,54,2,1,40,26,25,8,8,1,1,0,5,51,29,15,8,7,6,10
2022-520,Roland Garros,Clay,128,G,O,20220522,9,RB56,,,Ramkumar Ramanathan,R,188,IND,27.535,178,332,H997,9,,Yannick Hanfmann,R,193,GER,30.522,114,552,6-3 6-2,3,Q1,69,6,1,60,41,26,10,9,5,7,1,1,54,34,21,4,8,6,11
2022-520,Roland Garros,Clay,128,G,O,20220522,10,GB93,,,Norbert Gombos,R,193,SVK,31.773,115,551,LB66,,,Constant Lestienne,R,180,FRA,29.996,170,343,3-6 6-2 7-5,3,Q1,116,6,4,76,50,35,14,14,5,9,5,3,94,54,37,16,15,7,13
2022-520,Roland Garros,Clay,128,G,O,20220522,11,T0AP,,,Chun-Hsin Tseng,R,175,TPE,20.786,110,565,C0H0,,,Arthur Cazaux,R,183,FRA,19.745,320,155,6-1 6-1,3,Q1,71,0,1,41,24,16,13,7,0,0,5,3,54,27,14,10,7,6,11
2022-520,Roland Garros,Clay,128,G,O,20220522,12,V836,,,Juan Pablo Varillas,R,185,PER,26.626,122,504,W857,,,Tung-Lin Wu,R,188,TPE,24.027,243,222,6-3 6-2,3,Q1,81,7,0,53,38,29,9,9,0,0,0,2,51,30,17,12,8,5,8
2022-520,Roland Garros,Clay,128,G,O,20220522,13,SP80,,,Nino Serdarusic,R,191,CRO,25.437,188,313,KE64,13,,Stefan Kozlov,R,183,USA,24.301,116,543,7-5 6-0,3,Q1,78,7,2,47,29,24,12,9,5,6,1,7,55,41,22,4,9,3,8
2022-520,Roland Garros,Clay,128,G,O,20220522,14,MN20,,,Daniel Masur,R,183,GER,27.54,233,229,SM25,14,,Jack Sock,R,191,USA,29.656,113,552,7-6(6) 6-4,3,Q1,97,5,2,68,42,31,15,11,2,4,3,5,72,43,29,14,11,5,8
2022-520,Roland Garros,Clay,128,G,O,20220522,15,G983,,,Alessandro Giannessi,L,185,ITA,31.978,173,340,MJ71,15,,Mats Moraing,L,198,GER,29.919,117,526,7-6(6) 6-0,3,Q1,79,4,3,60,45,31,6,9,2,4,3,5,68,34,22,11,9,3,8
2022-520,Roland Garros,Clay,128,G,O,20220522,16,KC33,,,Dimitar Kuzmanov,R,183,BUL,28.816,193,296,HH06,16,,Marc-Andrea Huesler,L,196,SUI,25.908,120,514,7-5 6-3,3,Q1,92,6,1,58,39,33,12,11,0,0,7,3,77,44,35,12,10,7,9
2022-520,Roland Garros,Clay,128,G,O,20220522,17,C0C8,17,,Juan Manuel Cerundolo,L,183,ARG,20.515,132,476,V0DZ,,,Luca Van Assche,R,178,FRA,18.029,381,113,6-3 6-3,3,Q1,96,2,0,50,40,28,4,9,0,2,0,4,74,38,23,13,9,6,11
2022-520,Roland Garros,Clay,128,G,O,20220522,18,V832,18,,Aleksandar Vukic,R,188,AUS,26.125,123,503,V824,,,Mario Vilella Martinez,R,178,ESP,26.886,224,247,7-5 6-4,3,Q1,79,6,1,63,46,33,13,11,1,2,3,3,74,46,24,18,11,2,5
2022-520,Roland Garros,Clay,128,G,O,20220522,19,R09X,19,,Jurij Rodionov,L,191,AUT,23.017,127,484,MN13,,,Maximilian Marterer,L,188,GER,26.935,208,277,4-6 6-3 7-5,3,Q1,158,1,6,107,63,44,21,15,6,9,5,3,95,57,40,17,16,4,9
2022-520,Roland Garros,Clay,128,G,O,20220522,20,BT72,,,Nuno Borges,R,185,POR,25.251,126,485,F586,,,Thomas Fabbiano,R,173,ITA,32.988,187,313,6-3 1-6 6-2,3,Q1,100,5,1,72,46,32,12,12,3,6,0,3,75,46,31,12,12,1,5
2022-520,Roland Garros,Clay,128,G,O,20220522,21,E873,21,,Ernesto Escobedo,R,185,MEX,25.881,135,470,D864,,,Evgeny Donskoy,R,185,RUS,32.036,217,258,6-3 7-5,3,Q1,88,1,0,64,49,34,8,11,3,5,1,1,64,41,25,11,10,5,9
2022-520,Roland Garros,Clay,128,G,O,20220522,22,BS86,22,,Tomas Barrios Vera,R,191,CHI,24.446,140,453,KC04,,,Jozef Kovalik,R,183,SVK,29.544,211,268,4-6 6-4 6-4,3,Q1,136,4,2,89,56,40,19,15,2,5,5,1,91,57,36,20,15,6,10
2022-520,Roland Garros,Clay,128,G,O,20220522,23,KH56,,,Zdenek Kolar,R,183,CZE,25.615,136,468,GB53,,,Federico Gaio,R,178,ITA,30.212,184,319,6-1 7-6(7),3,Q1,102,2,3,68,41,30,18,10,2,2,5,0,84,45,25,21,9,2,4
2022-520,Roland Garros,Clay,128,G,O,20220522,24,Z0A1,,,Giulio Zeppieri,L,183,ITA,20.454,215,260,SA93,24,,Andreas Seppi,R,191,ITA,38.248,137,466,6-3 6-4,3,Q1,69,3,4,56,36,29,13,10,0,0,2,1,48,25,17,14,9,0,2
2022-520,Roland Garros,Clay,128,G,O,20220522,25,J551,25,,Nicolas Jarry,R,201,CHI,26.612,138,466,L797,,,Lukas Lacko,R,188,SVK,34.549,229,235,7-6(3) 6-3,3,Q1,93,13,0,68,41,27,21,11,3,4,3,5,67,35,26,12,10,3,5
2022-520,Roland Garros,Clay,128,G,O,20220522,26,FA43,,,Juan Pablo Ficovich,R,188,ARG,25.322,181,321,Y218,26,,Elias Ymer,R,185,SWE,26.114,129,483,3-6 6-4 6-1,3,Q1,95,3,3,82,61,45,10,13,3,4,7,6,71,49,33,10,13,1,4
2022-520,Roland Garros,Clay,128,G,O,20220522,27,GA79,,,Lorenzo Giustino,R,180,ITA,30.697,205,283,DB59,27,,Dennis Novak,R,183,AUT,28.731,150,417,7-5 7-6(4),3,Q1,111,2,5,70,44,37,13,12,2,3,6,2,96,56,35,22,12,4,6
2022-520,Roland Garros,Clay,128,G,O,20220522,28,LB84,,,Juan Ignacio Londero,R,180,ARG,28.767,141,452,PG20,,,Dmitry Popko,R,191,KAZ,25.574,180,324,6-4 6-4,3,Q1,91,3,0,59,42,28,12,10,3,5,5,2,75,36,24,15,10,9,13
2022-520,Roland Garros,Clay,128,G,O,20220522,29,BI23,29,,Liam Broady,L,183,GBR,28.378,142,448,O376,,,Renzo Olivo,R,178,ARG,30.185,176,333,6-0 4-6 6-0,3,Q1,119,1,1,83,70,46,7,11,8,9,1,5,75,48,27,11,11,5,11
2022-520,Roland Garros,Clay,128,G,O,20220522,30,CG94,,,Enzo Couacaud,R,183,FRA,27.225,174,337,K435,30,,Philipp Kohlschreiber,R,178,GER,38.598,148,422,6-4 7-6(2),3,Q1,86,8,0,65,45,36,13,11,0,0,3,1,68,42,30,18,11,3,4
2022-520,Roland Garros,Clay,128,G,O,20220522,31,N0BG,,,Luca Nardi,R,185,ITA,18.793,200,290,MF35,31,,Andrej Martin,R,183,SVK,32.668,130,482,7-6(3) 5-7 6-3,3,Q1,158,6,7,117,70,43,23,16,10,16,2,8,123,81,47,19,17,8,15
2022-520,Roland Garros,Clay,128,G,O,20220522,32,S0GR,,,Timofey Skatov,R,173,KAZ,21.331,191,300,KC12,32,,Mitchell Krueger,R,188,USA,28.356,145,432,6-1 6-0,3,Q1,63,1,0,41,29,21,8,7,2,2,0,5,36,20,11,2,6,1,6
2022-520,Roland Garros,Clay,128,G,O,20220522,33,A0CJ,,,Duje Ajdukovic,R,188,CRO,21.29,230,235,SX50,,,Roman Safiullin,R,185,RUS,24.789,147,428,6-2 6-7(1) 6-3,3,Q1,142,5,7,106,47,33,30,15,9,13,8,4,85,52,31,15,14,9,16
2022-520,Roland Garros,Clay,128,G,O,20220522,34,BU54,,,Geoffrey Blancaneaux,R,180,FRA,23.786,195,295,BE67,,,Mirza Basic,R,188,BIH,30.861,219,253,6-4 6-3,3,Q1,91,3,0,55,38,29,11,10,0,1,0,0,76,41,25,17,9,8,11
2022-520,Roland Garros,Clay,128,G,O,20220522,35,CG04,,,Pedro Cachin,R,185,ARG,27.11,152,412,N897,,,Sumit Nagal,R,178,IND,24.764,348,127,6-2 6-2,3,Q1,63,3,2,45,19,16,16,8,1,2,0,1,46,34,16,6,8,3,8
2022-520,Roland Garros,Clay,128,G,O,20220522,36,CE25,,,Salvatore Caruso,R,185,ITA,29.432,207,282,A622,,,Andrea Arnaboldi,L,180,ITA,34.401,220,252,6-4 7-5,3,Q1,99,3,2,61,46,34,7,11,1,3,1,1,59,33,22,12,11,4,8
2022-520,Roland Garros,Clay,128,G,O,20220522,37,CH05,,,Altug Celikbilek,R,183,TUR,25.703,183,319,BF55,,,Yuki Bhambri,R,185,IND,29.881,626,38,6-3 7-5,3,Q1,93,2,4,87,54,38,16,11,5,6,0,3,62,42,25,12,10,2,5
2022-520,Roland Garros,Clay,128,G,O,20220522,38,C0E9,,,Flavio Cobolli,R,183,ITA,20.044,153,411,G0GW,,,Sascha Gueymard Wayenburg,R,191,FRA,18.806,589,45,6-3 6-4,3,Q1,79,1,4,53,33,24,10,9,0,1,0,1,66,42,23,11,10,5,9
2022-520,Roland Garros,Clay,128,G,O,20220522,39,CA99,,,Marius Copil,R,191,ROU,31.595,246,215,FC26,,,Evan Furness,R,173,FRA,23.773,212,266,6-4 6-4,3,Q1,74,6,0,56,37,29,14,10,3,3,4,2,69,44,28,15,10,3,5
2022-520,Roland Garros,Clay,128,G,O,20220522,40,C0JX,,,Sean Cuenin,R,183,FRA,18.261,595,44,T09X,,,Clement Tabur,R,173,FRA,22.324,366,120,6-4 6-7(3) 6-4,3,Q1,161,3,5,98,63,41,13,16,5,11,4,8,116,74,45,15,16,8,16
2022-520,Roland Garros,Clay,128,G,O,20220522,41,D0C1,,,Jesper de Jong,R,180,NED,21.974,172,341,KI82,,,Vit Kopriva,R,178,CZE,24.934,169,347,6-2 6-3,3,Q1,76,3,1,56,32,27,13,9,1,1,0,4,51,30,21,9,8,4,7
2022-520,Roland Garros,Clay,128,G,O,20220522,42,D0HD,,,Gabriel Debru,R,193,FRA,16.416,781,22,F0F1,,,Arthur Fils,R,185,FRA,17.941,407,100,6-7(5) 7-5 5-3 RET,3,Q1,155,4,5,108,67,45,16,16,8,13,5,4,111,66,42,17,16,7,14
2022-520,Roland Garros,Clay,128,G,O,20220522,43,E698,,,Gastao Elias,R,180,POR,31.491,157,402,KC29,,,Nicolas Kicker,R,178,ARG,29.763,206,283,6-4 6-7(5) 7-5,3,Q1,198,9,3,121,58,48,31,17,8,10,1,1,132,87,51,26,17,10,14
2022-520,Roland Garros,Clay,128,G,O,20220522,44,F811,,,Bjorn Fratangelo,R,183,USA,28.841,185,314,SX91,,,Thiago Seyboth Wild,R,185,BRA,22.198,247,214,6-4 4-6 6-2,3,Q1,137,4,2,83,45,34,21,14,7,10,7,4,90,57,38,11,14,6,11
2022-520,Roland Garros,Clay,128,G,O,20220522,45,GC89,,,Egor Gerasimov,R,196,BLR,29.525,146,429,MM66,,,Nikola Milojevic,R,188,SRB,26.924,162,366,7-5 2-6 6-2,3,Q1,132,6,8,84,49,32,15,14,4,9,4,7,84,43,32,14,14,4,10
2022-520,Roland Garros,Clay,128,G,O,20220522,46,J0A4,,,Paul Jubb,R,180,GBR,22.557,231,231,E865,,,Christopher Eubanks,R,201,USA,26.045,156,405,6-2 6-7(6) 7-6(4),3,Q1,150,8,3,111,73,51,26,16,2,4,11,1,115,78,54,18,16,10,14
2022-520,Roland Garros,Clay,128,G,O,20220522,47,J380,,,Jason Jung,R,180,TPE,32.934,250,212,BU13,,,Zizou Bergs,R,185,BEL,22.968,198,292,6-4 7-6(8),3,Q1,105,0,1,66,42,29,15,11,0,1,4,2,75,51,30,15,11,2,4
2022-520,Roland Garros,Clay,128,G,O,20220522,48,K09F,,,Pavel Kotov,R,191,RUS,23.507,143,443,GF95,,,Hugo Grenier,R,196,FRA,26.163,151,416,6-3 6-4,3,Q1,105,2,1,75,48,38,12,10,4,4,4,2,58,40,28,8,9,4,6
2022-520,Roland Garros,Clay,128,G,O,20220522,49,KB95,,,Jason Kubler,R,178,AUS,29.008,161,367,BI47,,,Riccardo Bonadio,R,180,ITA,28.857,239,226,6-4 3-6 6-3,3,Q1,128,8,4,83,53,40,16,14,3,5,5,1,83,48,34,18,14,1,4
2022-520,Roland Garros,Clay,128,G,O,20220522,50,KB54,,,Andrey Kuznetsov,R,183,RUS,31.244,227,237,PH78,,,Ryan Peniston,L,180,GBR,26.53,199,291,6-2 6-2,3,Q1,61,2,0,42,25,20,13,8,0,0,4,3,54,34,21,7,8,6,10
2022-520,Roland Garros,Clay,128,G,O,20220522,51,MW75,,,Felipe Meligeni Alves,R,185,BRA,24.252,190,309,KA98,,,Bradley Klahn,L,183,USA,31.754,444,83,6-3 6-3,3,Q1,65,0,0,47,32,28,9,9,0,0,4,4,57,37,23,9,9,4,7
2022-520,Roland Garros,Clay,128,G,O,20220522,52,MJ98,,,Facundo Mena,R,183,ARG,29.662,167,350,S0GD,,,Dalibor Svrcina,R,178,CZE,19.636,201,289,6-3 3-6 6-3,3,Q1,124,7,1,84,52,39,16,14,2,5,1,7,93,74,48,5,13,4,8
2022-520,Roland Garros,Clay,128,G,O,20220522,53,MP20,,,Alexandre Muller,R,183,FRA,25.3,216,260,I306,,,Cem Ilkel,R,185,TUR,26.752,213,265,6-0 6-1,3,Q1,52,2,3,31,23,19,5,6,0,0,1,0,38,23,8,3,7,3,9
2022-520,Roland Garros,Clay,128,G,O,20220522,54,O513,,,Sebastian Ofner,R,191,AUT,26.026,218,255,CI14,,,Jay Clarke,R,183,GBR,23.819,164,360,6-4 6-4,3,Q1,94,8,3,68,37,24,14,10,6,9,0,4,66,37,15,15,10,5,10
2022-520,Roland Garros,Clay,128,G,O,20220522,55,RC04,,,Alexander Ritschard,R,193,SUI,28.162,204,284,LC12,,,Laurent Lokoli,R,188,FRA,27.592,279,180,2-6 6-4 6-4,3,Q1,135,4,3,93,52,35,26,14,5,7,5,2,93,58,42,17,14,4,6
2022-520,Roland Garros,Clay,128,G,O,20220522,56,RH59,,,Santiago Rodriguez Taverna,R,191,ARG,22.85,203,287,HA28,,,Filip Horansky,R,191,SVK,29.369,196,294,4-6 6-2 6-3,3,Q1,111,4,4,91,45,34,22,14,3,6,3,3,73,44,29,12,13,4,9
2022-520,Roland Garros,Clay,128,G,O,20220522,57,S483,,,Pedro Sousa,R,180,POR,33.985,287,171,PH71,,,Max Purcell,R,185,AUS,24.134,171,342,6-7(5) 6-4 7-6(8),3,Q1,142,5,9,114,77,52,21,17,4,8,11,2,122,66,50,25,17,5,10
2022-520,Roland Garros,Clay,128,G,O,20220522,58,SK94,,,Cedrik-Marcel Stebe,L,180,GER,31.617,210,268,Z09D,,,Kacper Zuk,R,183,POL,23.332,264,199,3-6 6-1 6-4,3,Q1,114,2,3,68,43,32,12,13,3,6,1,3,81,41,28,17,13,5,10
2022-520,Roland Garros,Clay,128,G,O,20220522,59,S0LA,,,Dominic Stricker,L,183,SUI,19.765,177,333,MN70,,,Joao Menezes,R,185,BRA,25.426,363,120,6-4 6-0,3,Q1,67,1,2,52,26,18,13,8,6,8,0,4,47,22,11,9,8,3,9
2022-520,Roland Garros,Clay,128,G,O,20220522,60,T0A1,,,Thiago Agustin Tirante,R,185,ARG,21.114,192,296,H996,,,Pierre-Hugues Herbert,R,188,FRA,31.179,168,349,6-4 1-6 6-2,3,Q1,101,3,0,63,50,37,8,12,1,3,6,5,80,47,29,21,13,4,7
2022-520,Roland Garros,Clay,128,G,O,20220522,61,TA29,,,Marco Trungelliti,R,178,ARG,32.304,182,319,E768,,,Antoine Escoffier,R,185,FRA,30.226,214,265,6-4 6-3,3,Q1,80,7,3,66,37,29,18,10,2,2,3,1,54,29,23,11,9,2,4
2022-520,Roland Garros,Clay,128,G,O,20220522,62,U182,,,Camilo Ugo Carabelli,R,185,ARG,22.93,154,410,SE73,,,Yuichi Sugita,R,175,JPN,33.673,265,198,6-4 6-4,3,Q1,90,5,1,63,48,33,7,10,0,2,2,3,71,40,25,13,10,9,13
2022-520,Roland Garros,Clay,128,G,O,20220522,63,V942,,,Tim van Rijthoven,R,188,NED,25.076,202,288,GA36,,,Emilio Gomez,R,185,ECU,30.48,149,421,6-4 6-2,3,Q1,68,10,2,49,38,32,6,9,3,3,2,2,55,35,22,9,9,6,9
2022-520,Roland Garros,Clay,128,G,O,20220522,64,VA08,,,Andrea Vavassori,R,193,ITA,27.047,241,224,HA71,,,Antoine Hoang,R,183,FRA,26.546,228,235,6-3 3-6 6-4,3,Q1,129,3,3,80,49,35,18,14,4,7,6,5,83,54,38,13,14,4,8
2022-520,Roland Garros,Clay,128,G,O,20220522,65,RC04,,,Alexander Ritschard,R,193,SUI,28.162,204,284,V306,5,,Fernando Verdasco,L,188,ESP,38.516,109,567,6-2 3-6 6-3,3,Q2,118,7,0,83,46,36,16,13,10,12,1,3,80,61,38,10,13,4,8
2022-520,Roland Garros,Clay,128,G,O,20220522,66,KB95,,,Jason Kubler,R,178,AUS,29.008,161,367,A829,6,,Radu Albot,R,175,MDA,32.526,112,557,3-6 7-6(5) 7-6(4),3,Q2,194,7,5,137,90,59,22,16,11,16,2,4,109,63,46,25,17,2,6
2022-520,Roland Garros,Clay,128,G,O,20220522,67,Z419,,,Bernabe Zapata Miralles,R,183,ESP,25.355,133,475,E698,,,Gastao Elias,R,180,POR,31.491,157,402,6-1 6-1,3,Q2,56,0,0,38,24,17,10,7,0,1,1,2,43,26,11,4,7,1,7
2022-520,Roland Garros,Clay,128,G,O,20220522,68,GB93,,,Norbert Gombos,R,193,SVK,31.773,115,551,D0HD,,,Gabriel Debru,R,193,FRA,16.416,781,22,6-4 7-6(5),3,Q2,118,1,6,74,40,32,17,11,5,7,7,5,102,62,44,16,11,9,12
2022-520,Roland Garros,Clay,128,G,O,20220522,69,T0AP,,,Chun-Hsin Tseng,R,175,TPE,20.786,110,565,J380,,,Jason Jung,R,180,TPE,32.934,250,212,7-5 6-4,3,Q2,109,2,5,67,39,25,12,11,7,11,2,4,81,50,31,7,11,7,13
2022-520,Roland Garros,Clay,128,G,O,20220522,70,V836,,,Juan Pablo Varillas,R,185,PER,26.626,122,504,A0CJ,,,Duje Ajdukovic,R,188,CRO,21.29,230,235,6-2 6-1,3,Q2,67,0,2,46,27,22,11,8,0,0,0,4,42,25,13,6,7,2,6
2022-520,Roland Garros,Clay,128,G,O,20220522,71,SK94,,,Cedrik-Marcel Stebe,L,180,GER,31.617,210,268,C0C8,17,,Juan Manuel Cerundolo,L,183,ARG,20.515,132,476,7-6(5) 6-3,3,Q2,114,1,2,75,54,37,11,10,6,8,1,1,81,63,38,7,11,5,9
2022-520,Roland Garros,Clay,128,G,O,20220522,72,O513,,,Sebastian Ofner,R,191,AUT,26.026,218,255,V832,18,,Aleksandar Vukic,R,188,AUS,26.125,123,503,6-2 6-4,3,Q2,69,5,3,47,28,22,10,9,0,2,5,1,67,43,26,7,9,2,7
2022-520,Roland Garros,Clay,128,G,O,20220522,73,K09F,,,Pavel Kotov,R,191,RUS,23.507,143,443,R09X,19,,Jurij Rodionov,L,191,AUT,23.017,127,484,7-6(7) 6-4,3,Q2,154,1,1,82,49,31,19,11,4,6,7,7,103,66,39,18,11,13,16
2022-520,Roland Garros,Clay,128,G,O,20220522,74,BT72,,,Nuno Borges,R,185,POR,25.251,126,485,MW75,,,Felipe Meligeni Alves,R,185,BRA,24.252,190,309,6-7(5) 7-6(3) 6-2,3,Q2,133,18,7,119,75,58,19,16,3,5,1,1,99,74,51,11,16,1,5
2022-520,Roland Garros,Clay,128,G,O,20220522,75,U182,,,Camilo Ugo Carabelli,R,185,ARG,22.93,154,410,E873,21,,Ernesto Escobedo,R,185,MEX,25.881,135,470,4-1 RET,3,Q2,36,1,0,11,5,4,5,2,0,0,0,0,24,17,8,3,3,4,6
2022-520,Roland Garros,Clay,128,G,O,20220522,76,TA29,,,Marco Trungelliti,R,178,ARG,32.304,182,319,BS86,22,,Tomas Barrios Vera,R,191,CHI,24.446,140,453,6-3 6-4,3,Q2,110,12,2,69,39,29,16,10,5,6,1,1,87,66,36,11,9,16,19
2022-520,Roland Garros,Clay,128,G,O,20220522,77,KH56,,,Zdenek Kolar,R,183,CZE,25.615,136,468,CH05,,,Altug Celikbilek,R,183,TUR,25.703,183,319,6-4 6-7(4) 6-1,3,Q2,140,7,5,99,58,44,24,15,5,6,7,0,97,63,43,15,14,4,8
2022-520,Roland Garros,Clay,128,G,O,20220522,78,J551,25,,Nicolas Jarry,R,201,CHI,26.612,138,466,CE25,,,Salvatore Caruso,R,185,ITA,29.432,207,282,7-6(3) 4-6 6-3,3,Q2,157,17,1,101,57,44,24,16,1,4,0,4,98,77,54,9,15,5,8
2022-520,Roland Garros,Clay,128,G,O,20220522,79,LB84,,,Juan Ignacio Londero,R,180,ARG,28.767,141,452,S0LA,,,Dominic Stricker,L,183,SUI,19.765,177,333,7-5 4-6 6-0,3,Q2,125,6,4,80,37,28,29,14,5,7,9,6,86,38,27,23,14,7,12
2022-520,Roland Garros,Clay,128,G,O,20220522,80,BU54,,,Geoffrey Blancaneaux,R,180,FRA,23.786,195,295,BI23,29,,Liam Broady,L,183,GBR,28.378,142,448,6-1 6-7(2) 6-4,3,Q2,158,7,2,87,54,41,21,14,5,5,0,0,110,93,56,10,15,10,14
2022-520,Roland Garros,Clay,128,G,O,20220522,81,AA27,,,Franco Agamenone,R,191,ITA,29.101,155,407,MP20,,,Alexandre Muller,R,183,FRA,25.3,216,260,7-6(6) 6-2,3,Q2,101,1,2,64,39,31,16,10,0,0,1,2,72,50,34,10,10,1,3
2022-520,Roland Garros,Clay,128,G,O,20220522,82,CG04,,,Pedro Cachin,R,185,ARG,27.11,152,412,MP83,,,Gian Marco Moroni,R,185,ITA,24.268,166,351,7-6(0) 6-3,3,Q2,102,4,1,68,39,34,17,11,4,4,0,2,69,46,35,9,10,7,8
2022-520,Roland Garros,Clay,128,G,O,20220522,83,C0JX,,,Sean Cuenin,R,183,FRA,18.261,595,44,RB56,,,Ramkumar Ramanathan,R,188,IND,27.535,178,332,7-6(6) 6-4,3,Q2,108,2,3,81,55,39,13,11,7,8,4,3,66,42,30,12,11,3,5
2022-520,Roland Garros,Clay,128,G,O,20220522,84,F811,,,Bjorn Fratangelo,R,183,USA,28.841,185,314,FA43,,,Juan Pablo Ficovich,R,188,ARG,25.322,181,321,6-1 6-2,3,Q2,60,3,1,49,31,24,12,8,2,2,0,1,41,28,16,5,7,3,7
2022-520,Roland Garros,Clay,128,G,O,20220522,85,G983,,,Alessandro Giannessi,L,185,ITA,31.978,173,340,T0A1,,,Thiago Agustin Tirante,R,185,ARG,21.114,192,296,7-5 6-2,3,Q2,101,1,0,67,44,30,14,10,6,7,4,1,63,47,23,11,10,4,8
2022-520,Roland Garros,Clay,128,G,O,20220522,86,GH92,,,Borna Gojo,R,196,CRO,24.23,222,249,MJ98,,,Facundo Mena,R,183,ARG,29.662,167,350,6-3 6-3,3,Q2,76,6,3,49,37,29,6,9,2,3,0,4,60,35,23,10,9,4,8
2022-520,Roland Garros,Clay,128,G,O,20220522,87,KC33,,,Dimitar Kuzmanov,R,183,BUL,28.816,193,296,C0E9,,,Flavio Cobolli,R,183,ITA,20.044,153,411,6-3 3-6 6-3,3,Q2,111,0,1,76,57,40,15,14,3,5,2,2,76,40,29,19,13,1,4
2022-520,Roland Garros,Clay,128,G,O,20220522,88,KB54,,,Andrey Kuznetsov,R,183,RUS,31.244,227,237,SL08,,,Tennys Sandgren,R,188,USA,30.834,186,313,6-1 7-6(4),3,Q2,77,6,2,60,33,30,16,10,2,2,4,6,64,28,19,20,9,4,6
2022-520,Roland Garros,Clay,128,G,O,20220522,89,MN20,,,Daniel Masur,R,183,GER,27.54,233,229,D0C1,,,Jesper de Jong,R,180,NED,21.974,172,341,4-6 6-4 7-6(3),3,Q2,139,11,3,104,70,55,16,16,2,4,7,4,96,54,39,26,16,1,3
2022-520,Roland Garros,Clay,128,G,O,20220522,90,N0BG,,,Luca Nardi,R,185,ITA,18.793,200,290,J0A4,,,Paul Jubb,R,180,GBR,22.557,231,231,6-4 6-1,3,Q2,72,1,2,49,23,20,17,9,0,0,1,2,53,34,19,10,8,4,7
2022-520,Roland Garros,Clay,128,G,O,20220522,91,P09O,,,Zsombor Piros,R,180,HUN,22.606,189,309,GC89,,,Egor Gerasimov,R,196,BLR,29.525,146,429,6-4 6-4,3,Q2,81,6,3,59,35,27,15,10,0,0,7,3,74,49,35,9,10,9,11
2022-520,Roland Garros,Clay,128,G,O,20220522,92,RH59,,,Santiago Rodriguez Taverna,R,191,ARG,22.85,203,287,S0GR,,,Timofey Skatov,R,173,KAZ,21.331,191,300,7-5 6-1,3,Q2,87,7,0,47,28,22,12,9,1,2,1,3,63,39,25,7,10,5,10
2022-520,Roland Garros,Clay,128,G,O,20220522,93,SP80,,,Nino Serdarusic,R,191,CRO,25.437,188,313,VA08,,,Andrea Vavassori,R,193,ITA,27.047,241,224,7-6(4) 3-6 7-6(8),3,Q2,176,5,1,104,64,55,21,16,2,4,5,0,118,86,63,20,17,4,5
2022-520,Roland Garros,Clay,128,G,O,20220522,94,S483,,,Pedro Sousa,R,180,POR,33.985,287,171,GA79,,,Lorenzo Giustino,R,180,ITA,30.697,205,283,6-4 6-1,3,Q2,83,2,2,64,55,34,3,8,6,8,0,4,63,40,19,9,9,4,10
2022-520,Roland Garros,Clay,128,G,O,20220522,95,V942,,,Tim van Rijthoven,R,188,NED,25.076,202,288,CG94,,,Enzo Couacaud,R,183,FRA,27.225,174,337,6-4 7-5,3,Q2,85,7,1,69,48,36,13,11,4,4,9,3,73,47,34,11,11,4,6
2022-520,Roland Garros,Clay,128,G,O,20220522,96,Z0A1,,,Giulio Zeppieri,L,183,ITA,20.454,215,260,CA99,,,Marius Copil,R,191,ROU,31.595,246,215,6-2 6-3,3,Q2,59,3,3,43,25,22,14,9,0,0,2,4,51,30,20,8,8,4,7
2022-520,Roland Garros,Clay,128,G,O,20220522,97,Z419,,,Bernabe Zapata Miralles,R,183,ESP,25.355,133,475,N0BG,,,Luca Nardi,R,185,ITA,18.793,200,290,3-6 6-4 6-1,3,Q3,117,1,5,103,64,42,20,13,10,12,3,4,81,45,28,18,13,0,4
2022-520,Roland Garros,Clay,128,G,O,20220522,98,GB93,,,Norbert Gombos,R,193,SVK,31.773,115,551,V942,,,Tim van Rijthoven,R,188,NED,25.076,202,288,7-6(6) 7-6(5),3,Q3,100,3,3,77,48,38,19,12,0,0,13,2,73,44,37,18,12,0,0
2022-520,Roland Garros,Clay,128,G,O,20220522,99,T0AP,,,Chun-Hsin Tseng,R,175,TPE,20.786,110,565,SK94,,,Cedrik-Marcel Stebe,L,180,GER,31.617,210,268,6-3 6-3,3,Q3,100,0,0,62,36,24,13,9,2,4,3,6,78,40,25,13,9,10,15
2022-520,Roland Garros,Clay,128,G,O,20220522,100,V836,,,Juan Pablo Varillas,R,185,PER,26.626,122,504,J551,25,,Nicolas Jarry,R,201,CHI,26.612,138,466,5-7 6-4 7-6(5),3,Q3,173,7,2,,,,,18,5,9,17,2,,,,,17,2,6
2022-520,Roland Garros,Clay,128,G,O,20220522,101,BT72,,,Nuno Borges,R,185,POR,25.251,126,485,P09O,,,Zsombor Piros,R,180,HUN,22.606,189,309,3-6 6-2 6-1,3,Q3,105,2,5,75,49,33,15,12,7,9,2,1,82,56,33,11,12,4,9
2022-520,Roland Garros,Clay,128,G,O,20220522,102,KH56,,,Zdenek Kolar,R,183,CZE,25.615,136,468,AA27,,,Franco Agamenone,R,191,ITA,29.101,155,407,6-3 6-4,3,Q3,89,0,5,59,32,23,18,10,1,2,1,6,52,31,21,8,9,3,6
2022-520,Roland Garros,Clay,128,G,O,20220522,103,GH92,,,Borna Gojo,R,196,CRO,24.23,222,249,LB84,,,Juan Ignacio Londero,R,180,ARG,28.767,141,452,7-6(1) 6-1,3,Q3,94,13,5,59,37,28,14,9,3,3,4,1,69,46,25,16,10,5,8
2022-520,Roland Garros,Clay,128,G,O,20220522,104,BU54,,,Geoffrey Blancaneaux,R,180,FRA,23.786,195,295,MN20,,,Daniel Masur,R,183,GER,27.54,233,229,6-1 6-3,3,Q3,68,1,0,48,41,28,5,8,0,1,1,1,49,32,16,6,8,1,6
2022-520,Roland Garros,Clay,128,G,O,20220522,105,F811,,,Bjorn Fratangelo,R,183,USA,28.841,185,314,SP80,,,Nino Serdarusic,R,191,CRO,25.437,188,313,7-5 6-4,3,Q3,94,1,3,65,42,29,11,11,4,7,6,5,77,45,29,11,11,9,14
2022-520,Roland Garros,Clay,128,G,O,20220522,106,K09F,,,Pavel Kotov,R,191,RUS,23.507,143,443,CG04,,,Pedro Cachin,R,185,ARG,27.11,152,412,6-3 6-2,3,Q3,92,1,0,55,40,25,7,8,4,6,2,1,75,42,18,16,9,10,16
2022-520,Roland Garros,Clay,128,G,O,20220522,107,KB95,,,Jason Kubler,R,178,AUS,29.008,161,367,S483,,,Pedro Sousa,R,180,POR,33.985,287,171,7-5 6-2,3,Q3,79,3,3,63,47,36,5,10,3,5,1,2,53,33,17,10,10,1,6
2022-520,Roland Garros,Clay,128,G,O,20220522,108,KB54,,,Andrey Kuznetsov,R,183,RUS,31.244,227,237,TA29,,,Marco Trungelliti,R,178,ARG,32.304,182,319,6-4 4-6 6-2,3,Q3,131,1,2,98,59,33,25,14,9,12,4,5,90,44,25,26,14,5,10
2022-520,Roland Garros,Clay,128,G,O,20220522,109,O513,,,Sebastian Ofner,R,191,AUT,26.026,218,255,G983,,,Alessandro Giannessi,L,185,ITA,31.978,173,340,6-4 1-6 6-2,3,Q3,119,2,6,87,56,31,14,12,6,11,3,3,68,47,27,9,13,1,7
2022-520,Roland Garros,Clay,128,G,O,20220522,110,RH59,,,Santiago Rodriguez Taverna,R,191,ARG,22.85,203,287,KC33,,,Dimitar Kuzmanov,R,183,BUL,28.816,193,296,6-4 3-6 6-3,3,Q3,137,2,4,84,42,35,22,14,5,7,3,5,98,69,46,12,14,9,12
2022-520,Roland Garros,Clay,128,G,O,20220522,111,U182,,,Camilo Ugo Carabelli,R,185,ARG,22.93,154,410,RC04,,,Alexander Ritschard,R,193,SUI,28.162,204,284,7-6(6) 6-2,3,Q3,104,5,3,74,51,36,10,,,,0,3,67,37,25,11,,,
2022-520,Roland Garros,Clay,128,G,O,20220522,112,Z0A1,,,Giulio Zeppieri,L,183,ITA,20.454,215,260,C0JX,,,Sean Cuenin,R,183,FRA,18.261,595,44,6-3 6-4,3,Q3,86,5,1,60,36,29,15,10,4,4,3,1,67,45,25,15,9,6,8
2022-321,Stuttgart,Grass,32,250,O,20220606,1,S0LA,,,Dominic Stricker,L,183,SUI,19.806,200,303,KC56,1,,Aslan Karatsev,R,185,RUS,28.753,40,1128,7-6(2) 6-1,3,Q1,85,8,2,82,47,33,19,10,11,12,6,4,59,33,23,10,9,4,7
2022-321,Stuttgart,Grass,32,250,O,20220606,2,HB64,2,,Quentin Halys,R,191,FRA,25.61,88,723,T0FI,,,Marko Topo,R,185,GER,18.73,636,38,6-3 6-3,3,Q1,58,8,2,44,24,23,13,9,0,0,6,2,54,35,24,7,9,2,5
2022-321,Stuttgart,Grass,32,250,O,20220606,3,G967,3,,Peter Gojowczyk,R,188,GER,32.893,95,682,I306,,,Cem Ilkel,R,185,TUR,26.793,222,262,6-3 6-1,3,Q1,58,7,4,57,26,22,17,8,4,4,8,3,45,26,16,7,8,3,7
2022-321,Stuttgart,Grass,32,250,O,20220606,4,SX50,,,Roman Safiullin,R,185,RUS,24.83,143,456,H997,4,,Yannick Hanfmann,R,193,GER,30.563,112,543,6-1 7-6(4),3,Q1,79,6,4,66,44,34,12,10,1,1,6,4,59,39,29,9,9,2,4
2022-321,Stuttgart,Grass,32,250,O,20220606,5,MJ71,6,,Mats Moraing,L,198,GER,29.96,125,507,M0OW,,,Jannik Maute,R,188,GER,18.431,2061,1,6-1 7-6(5),3,Q1,61,17,1,52,31,27,15,9,0,0,6,2,63,40,31,9,10,2,5
2022-321,Stuttgart,Grass,32,250,O,20220606,6,O483,,,Christopher O'Connell,R,183,AUS,28.008,116,531,MN20,,,Daniel Masur,R,183,GER,27.581,236,239,7-6(6) 7-5,3,Q1,95,11,3,69,53,40,10,12,2,3,6,4,79,55,37,14,12,1,3
2022-321,Stuttgart,Grass,32,250,O,20220606,7,A829,,,Radu Albot,R,175,MDA,32.567,121,520,M0ES,,,Oscar Moraing,R,183,GER,22.248,669,34,6-3 6-4,3,Q1,74,3,4,53,35,28,7,10,2,4,5,3,69,41,26,10,9,7,11
2022-321,Stuttgart,Grass,32,250,O,20220606,8,R09X,,,Jurij Rodionov,L,191,AUT,23.058,129,492,TC46,,,Mateusz Terczynski,R,191,POL,26.261,1712,1,6-2 6-3,3,Q1,71,6,1,55,39,30,6,8,5,6,3,4,66,42,22,10,9,5,10
2022-321,Stuttgart,Grass,32,250,O,20220606,9,A829,,,Radu Albot,R,175,MDA,32.567,121,520,HB64,2,,Quentin Halys,R,191,FRA,25.61,88,723,1-2 RET,3,Q2,23,0,0,12,9,7,1,1,2,2,4,0,11,7,5,3,2,0,0
2022-321,Stuttgart,Grass,32,250,O,20220606,10,O483,,,Christopher O'Connell,R,183,AUS,28.008,116,531,G967,3,,Peter Gojowczyk,R,188,GER,32.893,95,682,6-3 6-4,3,Q2,60,5,2,56,37,27,13,10,2,3,8,3,48,32,25,5,9,2,5
2022-321,Stuttgart,Grass,32,250,O,20220606,11,S0LA,,,Dominic Stricker,L,183,SUI,19.806,200,303,MJ71,6,,Mats Moraing,L,198,GER,29.96,125,507,6-4 6-3,3,Q2,71,10,3,44,27,21,11,9,3,5,8,8,71,40,25,12,10,5,10
2022-321,Stuttgart,Grass,32,250,O,20220606,12,R09X,,,Jurij Rodionov,L,191,AUT,23.058,129,492,SX50,,,Roman Safiullin,R,185,RUS,24.83,143,456,7-5 3-6 7-6(6),3,Q2,156,7,2,117,71,46,25,16,11,15,14,3,128,94,61,15,17,7,11
2022-440,'s-Hertogenbosch,Grass,32,250,O,20220606,1,Q927,,,Sam Querrey,R,198,USA,34.664,107,580,TA46,,,Bernard Tomic,R,196,AUS,29.624,431,92,6-4 6-4,3,Q1,67,21,3,56,36,33,10,10,2,2,4,5,77,52,36,9,10,4,6
2022-440,'s-Hertogenbosch,Grass,32,250,O,20220606,2,E690,,,Matthew Ebden,R,188,AUS,34.527,432,92,KE64,2,,Stefan Kozlov,R,183,USA,24.342,111,551,6-4 6-4,3,Q1,91,2,2,69,48,39,5,10,2,3,1,7,63,37,24,12,10,1,4
2022-440,'s-Hertogenbosch,Grass,32,250,O,20220606,3,SA93,,,Andreas Seppi,R,191,ITA,38.289,141,466,KA98,,,Bradley Klahn,L,183,USA,31.795,460,83,7-6(4) 6-1,3,Q1,76,5,3,67,43,31,16,10,0,1,4,4,57,33,25,9,9,4,7
2022-440,'s-Hertogenbosch,Grass,32,250,O,20220606,4,SD32,,,Gilles Simon,R,183,FRA,37.44,134,481,O482,,,Gonzalo Oliveira,L,185,VEN,27.299,323,154,6-3 3-6 6-2,3,Q1,109,5,5,78,53,41,11,13,5,7,4,5,87,59,38,11,13,5,9
2022-440,'s-Hertogenbosch,Grass,32,250,O,20220606,5,LB51,,,Julian Lenz,R,188,GER,29.298,299,169,PH71,5,,Max Purcell,R,185,AUS,24.175,159,372,6-4 6-4,3,Q1,72,2,1,56,33,24,15,10,2,3,4,0,65,41,27,10,10,3,6
2022-440,'s-Hertogenbosch,Grass,32,250,O,20220606,6,H996,6,,Pierre-Hugues Herbert,R,188,FRA,31.22,165,355,MW76,,,Matteo Martineau,R,183,FRA,23.387,379,115,6-3 6-4,3,Q1,76,4,6,61,36,27,11,10,0,2,3,2,57,42,23,7,9,1,5
2022-440,'s-Hertogenbosch,Grass,32,250,O,20220606,7,BU13,7,,Zizou Bergs,R,185,BEL,23.009,168,354,MW54,,,Dragos Nicolae Madaras,L,191,SWE,24.731,319,158,3-6 7-5 6-1,3,Q1,106,8,1,78,49,38,18,14,4,5,2,4,89,57,39,17,14,3,6
2022-440,'s-Hertogenbosch,Grass,32,250,O,20220606,8,BO10,,,Gijs Brouwer,L,191,NED,26.229,230,247,SE73,,,Yuichi Sugita,R,175,JPN,33.714,274,195,6-4 6-2,3,Q1,61,7,1,46,28,25,12,9,0,0,1,2,64,43,27,10,9,8,11
2022-440,'s-Hertogenbosch,Grass,32,250,O,20220606,9,Q927,,,Sam Querrey,R,198,USA,34.664,107,580,H996,6,,Pierre-Hugues Herbert,R,188,FRA,31.22,165,355,6-7(4) 6-4 6-3,3,Q2,124,8,3,111,75,61,14,16,6,7,10,6,99,65,47,20,15,8,11
2022-440,'s-Hertogenbosch,Grass,32,250,O,20220606,10,SA93,,,Andreas Seppi,R,191,ITA,38.289,141,466,BO10,,,Gijs Brouwer,L,191,NED,26.229,230,247,7-5 6-7(5) 6-3,3,Q2,127,11,4,116,78,63,21,17,6,6,10,2,100,61,45,23,16,6,8
2022-440,'s-Hertogenbosch,Grass,32,250,O,20220606,11,SD32,,,Gilles Simon,R,183,FRA,37.44,134,481,LB51,,,Julian Lenz,R,188,GER,29.298,299,169,4-6 6-3 6-2,3,Q2,147,10,5,93,61,47,13,14,4,6,4,4,103,59,37,18,13,5,9
2022-440,'s-Hertogenbosch,Grass,32,250,O,20220606,12,E690,,,Matthew Ebden,R,188,AUS,34.527,432,92,BU13,7,,Zizou Bergs,R,185,BEL,23.009,168,354,6-3 6-2,3,Q2,66,1,1,49,30,23,14,9,1,1,5,2,50,27,17,11,8,3,6
2022-311,Queen's Club,Grass,32,500,O,20220613,1,RH24,,,Emil Ruusuvuori,R,188,FIN,23.198,56,945,CI14,,,Jay Clarke,R,183,GBR,23.88,156,371,6-4 6-2,3,Q1,79,3,2,45,28,24,10,9,1,2,3,5,76,41,26,12,9,7,11
2022-311,Queen's Club,Grass,32,500,O,20220613,2,J0A4,,,Paul Jubb,R,180,GBR,22.617,227,245,D994,3,,James Duckworth,R,183,AUS,30.393,76,779,7-6(0) 4-6 6-1,3,Q1,133,10,3,100,63,43,19,15,4,7,8,5,101,55,36,20,14,3,7
2022-311,Queen's Club,Grass,32,500,O,20220613,3,KB09,,,Denis Kudla,R,180,USA,29.821,82,733,DA81,,,Taro Daniel,R,191,JPN,29.374,127,492,6-4 1-6 6-0,3,Q1,97,4,1,61,32,24,18,11,1,3,7,3,77,40,26,19,12,5,9
2022-311,Queen's Club,Grass,32,500,O,20220613,4,Q927,,,Sam Querrey,R,198,USA,34.683,121,512,MQ75,5,,Kamil Majchrzak,R,183,POL,26.415,85,715,7-6(3) 6-2,3,Q1,67,12,5,58,38,38,8,10,1,1,6,2,69,43,29,13,10,4,6
2022-311,Queen's Club,Grass,32,500,O,20220613,5,HB64,,,Quentin Halys,R,191,FRA,25.629,86,715,TE30,6,,Alejandro Tabilo,L,188,CHI,25.029,81,744,6-2 6-3,3,Q1,65,16,4,54,32,26,10,9,2,3,2,4,61,38,23,7,8,3,7
2022-311,Queen's Club,Grass,32,500,O,20220613,6,J386,8,,Steve Johnson,R,188,USA,32.468,93,644,KE64,,,Stefan Kozlov,R,183,USA,24.361,107,543,6-0 6-0,3,Q1,55,4,0,37,17,12,15,6,3,3,0,9,38,19,7,4,6,1,7
2022-311,Queen's Club,Grass,32,500,O,20220613,7,F586,,,Thomas Fabbiano,R,173,ITA,33.049,177,321,G0AO,,,Alastair Gray,R,193,GBR,23.975,284,178,7-6(1) 2-6 7-6(5),3,Q1,168,2,5,123,70,48,28,16,9,12,17,6,105,59,48,23,16,3,4
2022-311,Queen's Club,Grass,32,500,O,20220613,8,L397,,,Feliciano Lopez,L,188,ESP,40.728,122,507,KA98,,,Bradley Klahn,L,183,USA,31.814,461,83,7-5 6-4,3,Q1,72,9,2,58,37,31,13,11,0,0,14,6,72,53,40,5,11,5,7
2022-311,Queen's Club,Grass,32,500,O,20220613,9,RH24,,,Emil Ruusuvuori,R,188,FIN,23.198,56,945,L397,,,Feliciano Lopez,L,188,ESP,40.728,122,507,6-3 6-7(3) 7-6(8),3,Q2,144,8,3,110,75,60,21,17,6,6,16,11,113,60,50,25,16,3,4
2022-311,Queen's Club,Grass,32,500,O,20220613,10,HB64,,,Quentin Halys,R,191,FRA,25.629,86,715,KB09,,,Denis Kudla,R,180,USA,29.821,82,733,7-6(2) 6-4,3,Q2,82,19,4,68,39,34,17,11,5,5,3,2,77,54,39,8,11,5,6
2022-311,Queen's Club,Grass,32,500,O,20220613,11,J0A4,,,Paul Jubb,R,180,GBR,22.617,227,245,J386,8,,Steve Johnson,R,188,USA,32.468,93,644,7-6(4) 7-5,3,Q2,99,6,2,72,49,39,16,12,4,4,9,5,85,48,34,20,12,5,6
2022-311,Queen's Club,Grass,32,500,O,20220613,12,Q927,,,Sam Querrey,R,198,USA,34.683,121,512,F586,,,Thomas Fabbiano,R,173,ITA,33.049,177,321,6-2 6-2,3,Q2,46,18,1,46,32,26,9,8,1,1,3,3,46,30,18,7,8,2,6
2022-500,Halle,Grass,32,500,O,20220613,1,GJ37,,,Tallon Griekspoor,R,188,NED,25.947,61,914,MJ71,,,Mats Moraing,L,198,GER,29.979,123,507,6-3 RET,3,Q1,35,3,0,31,25,20,4,5,1,1,3,3,25,13,9,6,4,0,1
2022-500,Halle,Grass,32,500,O,20220613,2,HH06,,,Marc-Andrea Huesler,L,196,SUI,25.969,114,529,RC91,2,,Arthur Rinderknech,R,196,FRA,26.891,55,956,1-6 7-6(3) 7-6(4),3,Q1,131,9,3,105,65,55,18,15,4,6,17,4,96,69,59,14,16,2,2
2022-500,Halle,Grass,32,500,O,20220613,3,A829,,,Radu Albot,R,175,MDA,32.586,116,524,SH90,3,,Joao Sousa,R,185,POR,33.205,57,936,1-6 7-6(6) 6-2,3,Q1,116,4,3,75,51,39,11,13,1,4,4,1,99,61,44,16,14,4,7
2022-500,Halle,Grass,32,500,O,20220613,4,C0BC,,,Maxime Cressy,R,201,USA,25.098,63,909,WB25,,,Louis Wessels,R,198,GER,23.795,304,164,6-2 6-3,3,Q1,55,9,2,42,30,28,8,9,0,0,7,1,43,31,19,6,8,0,3
2022-500,Halle,Grass,32,500,O,20220613,5,S0LA,,,Dominic Stricker,L,183,SUI,19.825,201,290,L0BV,5,,Jiri Lehecka,R,185,CZE,20.594,77,776,3-6 6-1 6-4,3,Q1,113,7,2,60,41,37,8,13,1,3,6,7,114,71,47,17,13,10,14
2022-500,Halle,Grass,32,500,O,20220613,6,G967,6,,Peter Gojowczyk,R,188,GER,32.912,95,630,KI74,,,Nicola Kuhn,R,185,GER,22.231,245,212,7-6(6) 6-1,3,Q1,76,9,1,63,39,32,12,10,2,3,2,3,64,36,21,16,9,2,5
2022-500,Halle,Grass,32,500,O,20220613,7,H997,7,,Yannick Hanfmann,R,193,GER,30.582,117,522,BS86,,,Tomas Barrios Vera,R,191,CHI,24.507,124,504,6-3 6-7(5) 7-6(3),3,Q1,176,10,4,133,80,57,28,17,11,13,3,1,113,81,53,19,16,7,10
2022-500,Halle,Grass,32,500,O,20220613,8,O483,8,,Christopher O'Connell,R,183,AUS,28.027,110,536,SE73,,,Yuichi Sugita,R,175,JPN,33.733,272,187,6-1 6-1,3,Q1,60,12,3,48,29,23,10,7,4,4,0,2,49,24,12,9,7,4,9
2022-500,Halle,Grass,32,500,O,20220613,9,GJ37,,,Tallon Griekspoor,R,188,NED,25.947,61,914,G967,6,,Peter Gojowczyk,R,188,GER,32.912,95,630,6-2 6-3,3,Q2,68,13,3,58,42,33,8,9,3,3,2,4,52,24,18,12,8,5,8
2022-500,Halle,Grass,32,500,O,20220613,10,C0BC,,,Maxime Cressy,R,201,USA,25.098,63,909,H997,7,,Yannick Hanfmann,R,193,GER,30.582,117,522,6-3 3-6 6-1,3,Q2,105,10,9,66,44,37,13,13,1,2,1,2,83,55,33,17,12,6,9
2022-500,Halle,Grass,32,500,O,20220613,11,HH06,,,Marc-Andrea Huesler,L,196,SUI,25.969,114,529,O483,8,,Christopher O'Connell,R,183,AUS,28.027,110,536,6-4 6-4,3,Q2,75,8,1,50,34,32,9,10,1,1,2,3,58,33,25,14,10,4,6
2022-500,Halle,Grass,32,500,O,20220613,12,A829,,,Radu Albot,R,175,MDA,32.586,116,524,S0LA,,,Dominic Stricker,L,183,SUI,19.825,201,290,3-6 6-3 6-2,3,Q2,119,4,3,81,54,38,16,13,5,7,9,7,102,58,40,17,13,9,13
2022-8994,Mallorca,Grass,32,250,O,20220619,1,RH62,,,Mats Rosenkranz,L,193,GER,23.822,346,129,BG23,,,Nikoloz Basilashvili,R,185,GEO,30.319,25,1628,7-6(5) 7-6(4),3,Q1,98,22,12,91,43,35,30,12,4,4,8,4,73,41,36,19,12,0,0
2022-8994,Mallorca,Grass,32,250,O,20220619,2,TC61,,,Jordan Thompson,R,183,AUS,28.164,70,848,MW54,,,Dragos Nicolae Madaras,L,191,SWE,24.767,319,150,6-1 6-1,3,Q1,46,9,0,28,24,24,4,7,0,0,1,3,50,24,11,10,7,2,7
2022-8994,Mallorca,Grass,32,250,O,20220619,3,TE30,,,Alejandro Tabilo,L,188,CHI,25.046,81,744,MO55,,,Lucas Miedler,R,183,AUT,25.993,286,177,3-6 6-3 6-4,3,Q1,121,10,6,93,57,43,18,14,8,10,9,5,92,54,34,21,14,5,8
2022-8994,Mallorca,Grass,32,250,O,20220619,4,KB09,4,,Denis Kudla,R,180,USA,29.837,82,733,K0G8,,,Marc Othman Ktiri,,,ESP,18.946,1466,3,6-0 6-1,3,Q1,57,3,1,43,27,21,8,6,1,1,2,1,41,16,5,10,7,4,10
2022-8994,Mallorca,Grass,32,250,O,20220619,5,HB64,5,,Quentin Halys,R,191,FRA,25.645,86,715,KB54,,,Andrey Kuznetsov,R,183,RUS,31.321,217,265,6-7(3) 6-1 7-6(4),3,Q1,120,20,4,100,57,47,26,15,5,5,7,7,97,58,46,19,16,0,3
2022-8994,Mallorca,Grass,32,250,O,20220619,6,BP41,,,Antoine Bellier,L,196,SUI,25.667,307,161,TE16,6,,Carlos Taberner,R,183,ESP,24.862,88,695,6-3 7-6(0),3,Q1,82,13,3,63,34,30,20,11,1,1,2,4,62,44,31,10,10,3,4
2022-8994,Mallorca,Grass,32,250,O,20220619,7,V306,7,,Fernando Verdasco,L,188,ESP,38.593,115,527,SL28,,,Jan-Lennard Struff,R,193,GER,32.151,149,408,6-4 6-3,3,Q1,75,2,1,57,33,26,15,9,1,1,4,2,62,39,30,9,10,0,3
2022-8994,Mallorca,Grass,32,250,O,20220619,8,DA81,,,Taro Daniel,R,191,JPN,29.391,127,492,V0AM,,,Otto Virtanen,R,193,FIN,20.994,283,179,7-5 6-3,3,Q1,95,3,4,66,41,37,10,11,3,3,4,9,69,30,25,17,10,5,7
2022-8994,Mallorca,Grass,32,250,O,20220619,9,TC61,,,Jordan Thompson,R,183,AUS,28.164,70,848,HB64,5,,Quentin Halys,R,191,FRA,25.645,86,715,6-2 6-0,3,Q2,62,5,1,46,32,25,7,7,1,1,2,2,44,28,17,2,7,4,9
2022-8994,Mallorca,Grass,32,250,O,20220619,10,TE30,,,Alejandro Tabilo,L,188,CHI,25.046,81,744,V306,7,,Fernando Verdasco,L,188,ESP,38.593,115,527,6-4 6-3,3,Q2,90,4,3,70,44,32,17,10,4,4,1,6,64,33,24,15,9,8,10
2022-8994,Mallorca,Grass,32,250,O,20220619,11,DA81,,,Taro Daniel,R,191,JPN,29.391,127,492,KB09,4,,Denis Kudla,R,180,USA,29.837,82,733,3-6 6-4 6-3,3,Q2,157,13,6,120,76,53,20,14,20,22,4,7,103,61,43,19,14,12,15
2022-8994,Mallorca,Grass,32,250,O,20220619,12,BP41,,,Antoine Bellier,L,196,SUI,25.667,307,161,RH62,,,Mats Rosenkranz,L,193,GER,23.822,346,129,4-6 7-6(5) 7-6(7),3,Q2,148,11,8,111,71,60,19,17,5,7,15,2,108,64,50,27,17,3,4
2022-741,Eastbourne,Grass,32,250,O,20220620,1,N0AE,,,Brandon Nakashima,R,188,USA,20.879,54,957,Q927,,,Sam Querrey,R,198,USA,34.702,99,577,4-6 6-3 6-1,3,Q1,74,6,2,63,48,42,10,13,2,3,10,6,80,55,38,9,13,2,6
2022-741,Eastbourne,Grass,32,250,O,20220620,2,BI23,,,Liam Broady,L,183,GBR,28.457,132,456,G09O,2,,Hugo Gaston,L,173,FRA,21.73,65,863,6-0 6-2,3,Q1,51,2,1,42,27,21,10,7,2,2,3,4,41,20,10,8,7,1,6
2022-741,Eastbourne,Grass,32,250,O,20220620,3,D994,,,James Duckworth,R,183,AUS,30.412,77,766,CB14,,,Daniel Cox,R,170,GBR,31.726,462,82,6-3 6-1,3,Q1,58,6,1,41,25,23,10,8,0,0,0,4,49,29,17,9,8,4,8
2022-741,Eastbourne,Grass,32,250,O,20220620,4,S0RE,,,Juncheng Shang,L,180,CHN,17.377,388,107,EA24,5,,Tomas Martin Etcheverry,R,196,ARG,22.924,79,750,7-6(6) 2-6 6-2,3,Q1,162,5,2,105,83,56,10,14,7,10,8,3,112,84,58,11,14,13,16
2022-741,Eastbourne,Grass,32,250,O,20220620,5,MH30,,,John Millman,R,183,AUS,33.016,86,664,L949,,,Henri Laaksonen,R,185,SUI,30.22,95,606,6-2 6-4,3,Q1,63,3,1,47,38,31,5,9,0,0,6,2,67,45,30,7,9,6,9
2022-741,Eastbourne,Grass,32,250,O,20220620,6,Y268,7,,Mikael Ymer,R,185,SWE,23.778,88,659,G0AO,,,Alastair Gray,R,193,GBR,23.995,283,178,6-7(6) 7-5 7-6(3),3,Q1,192,3,4,133,99,68,15,18,6,10,3,3,139,91,65,17,18,13,18
2022-741,Eastbourne,Grass,32,250,O,20220620,7,J386,8,,Steve Johnson,R,188,USA,32.487,92,631,J0A4,,,Paul Jubb,R,180,GBR,22.637,219,260,7-6(2) 1-6 6-3,3,Q1,160,13,7,99,58,45,22,14,12,14,5,2,101,67,52,17,14,8,9
2022-741,Eastbourne,Grass,32,250,O,20220620,8,MJ08,,,Thiago Monteiro,L,183,BRA,28.055,94,622,W716,,,Mark Whitehouse,R,188,GBR,29.136,616,40,7-6(3) 6-3,3,Q1,85,2,0,60,51,42,4,11,0,1,9,2,79,51,34,12,10,7,9
2022-741,Eastbourne,Grass,32,250,O,20220620,9,N0AE,,,Brandon Nakashima,R,188,USA,20.879,54,957,J386,8,,Steve Johnson,R,188,USA,32.487,92,631,6-4 6-4,3,Q2,70,8,1,61,49,35,10,10,3,3,8,3,64,41,27,13,10,2,4
2022-741,Eastbourne,Grass,32,250,O,20220620,10,D994,,,James Duckworth,R,183,AUS,30.412,77,766,Y268,7,,Mikael Ymer,R,185,SWE,23.778,88,659,3-6 6-2 6-4,3,Q2,119,6,2,85,54,41,16,14,2,4,4,6,99,58,34,22,13,12,15
2022-741,Eastbourne,Grass,32,250,O,20220620,11,MH30,,,John Millman,R,183,AUS,33.016,86,664,BI23,,,Liam Broady,L,183,GBR,28.457,132,456,6-4 6-3,3,Q2,98,5,3,78,50,30,18,10,12,13,3,0,64,40,20,15,9,4,7
2022-741,Eastbourne,Grass,32,250,O,20220620,12,MJ08,,,Thiago Monteiro,L,183,BRA,28.055,94,622,S0RE,,,Juncheng Shang,L,180,CHN,17.377,388,107,6-4 6-2,3,Q2,61,5,1,41,29,27,9,9,0,0,8,0,51,35,22,9,9,3,6
2022-540,Wimbledon,Grass,128,G,O,20220627,1,Z419,,,Bernabe Zapata Miralles,R,183,ESP,25.454,90,639,BF55,,,Yuki Bhambri,R,185,IND,29.979,626,38,7-5 6-1,3,Q1,81,3,2,66,44,32,11,9,6,7,0,3,72,44,28,9,10,5,10
2022-540,Wimbledon,Grass,128,G,O,20220627,2,KB95,,,Jason Kubler,R,178,AUS,29.106,99,580,I306,,,Cem Ilkel,R,185,TUR,26.85,238,230,3-6 7-5 6-2,3,Q1,128,10,2,75,57,49,8,14,3,4,13,4,84,43,36,20,15,1,4
2022-540,Wimbledon,Grass,128,G,O,20220627,3,KE64,,,Stefan Kozlov,R,183,USA,24.4,107,543,FC26,,,Evan Furness,R,173,FRA,23.871,230,243,7-5 6-3,3,Q1,101,2,2,72,46,33,16,10,6,6,2,3,80,43,28,20,11,4,7
2022-540,Wimbledon,Grass,128,G,O,20220627,4,KH56,,,Zdenek Kolar,R,183,CZE,25.714,119,503,SC56,,,Dudi Sela,R,175,ISR,37.229,797,20,6-0 6-3,3,Q1,61,4,3,53,30,22,11,8,3,4,2,2,39,26,12,3,7,2,7
2022-540,Wimbledon,Grass,128,G,O,20220627,5,MN13,,,Maximilian Marterer,L,188,GER,27.034,172,319,V836,5,,Juan Pablo Varillas,R,185,PER,26.724,110,528,6-2 1-6 6-4,3,Q1,101,4,6,70,43,34,12,12,2,4,5,7,90,51,38,16,13,5,8
2022-540,Wimbledon,Grass,128,G,O,20220627,6,HH06,,,Marc-Andrea Huesler,L,196,SUI,26.007,105,546,Z09D,,,Kacper Zuk,R,183,POL,23.431,278,181,6-3 7-6(2),3,Q1,75,12,6,68,41,35,15,11,4,4,4,2,54,33,26,11,10,1,2
2022-540,Wimbledon,Grass,128,G,O,20220627,7,A829,,,Radu Albot,R,175,MDA,32.624,113,521,MJ01,,,Roberto Marcora,R,193,ITA,32.824,405,100,6-1 6-4,3,Q1,73,1,4,59,38,27,13,9,3,3,2,0,58,33,23,8,8,9,12
2022-540,Wimbledon,Grass,128,G,O,20220627,8,H997,8,,Yannick Hanfmann,R,193,GER,30.62,111,522,SO20,,,Jelle Sels,R,188,NED,26.88,242,220,6-4 6-4,3,Q1,87,3,1,61,33,28,17,10,4,4,4,1,68,45,29,13,10,1,3
2022-540,Wimbledon,Grass,128,G,O,20220627,9,CG04,9,,Pedro Cachin,R,185,ARG,27.209,120,496,E768,,,Antoine Escoffier,R,185,FRA,30.324,208,273,7-6(5) 6-4,3,Q1,85,4,4,63,40,34,11,11,0,1,6,4,73,45,33,13,11,3,5
2022-540,Wimbledon,Grass,128,G,O,20220627,10,P09O,,,Zsombor Piros,R,180,HUN,22.705,175,317,MJ71,10,,Mats Moraing,L,198,GER,30.018,140,427,6-2 6-0,3,Q1,39,6,2,36,22,18,10,7,0,0,5,6,39,18,12,4,7,5,10
2022-540,Wimbledon,Grass,128,G,O,20220627,11,E865,,,Christopher Eubanks,R,201,USA,26.144,159,345,BS86,11,,Tomas Barrios Vera,R,191,CHI,24.545,129,458,4-6 6-4 6-3,3,Q1,118,10,4,96,73,48,12,15,0,3,0,2,79,62,40,10,14,6,10
2022-540,Wimbledon,Grass,128,G,O,20220627,12,A0CJ,,,Duje Ajdukovic,R,188,CRO,21.388,245,214,SD32,12,,Gilles Simon,R,183,FRA,37.498,170,320,6-2 6-3,3,Q1,66,10,1,45,27,22,11,8,2,3,0,1,67,55,25,7,9,9,14
2022-540,Wimbledon,Grass,128,G,O,20220627,13,BT72,,,Nuno Borges,R,185,POR,25.35,123,493,A0FC,,,Matteo Arnaldi,R,185,ITA,21.342,227,247,6-3 6-7(2) 6-2,3,Q1,141,7,4,105,67,44,16,15,5,9,3,5,109,55,31,22,14,7,14
2022-540,Wimbledon,Grass,128,G,O,20220627,14,SM25,,,Jack Sock,R,191,USA,29.755,103,557,CC66,,,Andrea Collarini,L,183,ARG,30.404,202,282,6-4 6-2,3,Q1,63,7,2,46,31,26,10,9,0,0,1,0,56,45,26,8,9,4,7
2022-540,Wimbledon,Grass,128,G,O,20220627,15,MP20,,,Alexandre Muller,R,183,FRA,25.399,161,342,U182,15,,Camilo Ugo Carabelli,R,185,ARG,23.028,125,475,2-6 5-2 RET,3,Q1,70,1,1,57,43,27,6,8,1,3,5,2,49,30,22,10,7,4,5
2022-540,Wimbledon,Grass,128,G,O,20220627,16,S0GD,,,Dalibor Svrcina,R,178,CZE,19.734,178,308,PD07,16,,Vasek Pospisil,R,193,CAN,32.011,134,440,6-4 6-4,3,Q1,96,2,6,76,56,36,8,10,10,12,3,2,68,32,21,16,10,1,5
2022-540,Wimbledon,Grass,128,G,O,20220627,17,Z371,,,Zhizhen Zhang,R,193,CHN,25.695,281,180,E873,17,,Ernesto Escobedo,R,185,MEX,25.979,130,454,6-4 7-5,3,Q1,86,10,1,64,44,31,14,11,3,4,3,5,79,59,36,9,11,4,7
2022-540,Wimbledon,Grass,128,G,O,20220627,18,MN70,,,Joao Menezes,R,185,BRA,25.525,475,78,TA12,18,,Stefano Travaglia,R,185,ITA,30.497,139,432,6-3 6-4,3,Q1,69,6,3,59,39,28,11,10,0,1,2,2,53,28,19,12,9,2,5
2022-540,Wimbledon,Grass,128,G,O,20220627,19,KI82,19,,Vit Kopriva,R,178,CZE,25.032,126,472,RB56,,,Ramkumar Ramanathan,R,188,IND,27.633,169,322,7-5 6-4,3,Q1,93,4,4,78,40,21,26,11,7,9,6,7,65,42,33,5,11,4,8
2022-540,Wimbledon,Grass,128,G,O,20220627,20,MW18,,,Nicolas Moreno De Alboran,R,185,USA,24.953,258,201,GH33,20,,Manuel Guinard,R,198,FRA,26.615,152,373,6-3 6-4,3,Q1,77,4,4,67,43,35,10,10,3,3,3,4,60,39,27,10,9,5,7
2022-540,Wimbledon,Grass,128,G,O,20220627,21,GF95,,,Hugo Grenier,R,196,FRA,26.261,141,424,G983,,,Alessandro Giannessi,L,185,ITA,32.077,185,298,6-1 6-1,3,Q1,56,4,0,41,24,19,12,7,2,2,2,1,48,34,17,4,7,0,5
2022-540,Wimbledon,Grass,128,G,O,20220627,22,SK94,,,Cedrik-Marcel Stebe,L,180,GER,31.715,214,265,AA27,22,,Franco Agamenone,R,191,ITA,29.199,143,414,7-6(2) 6-4,3,Q1,133,1,4,121,73,48,23,11,13,15,3,1,72,47,30,12,11,7,10
2022-540,Wimbledon,Grass,128,G,O,20220627,23,DB59,,,Dennis Novak,R,183,AUT,28.83,153,371,F0BT,,,Jonas Forejtek,R,183,CZE,21.298,234,237,7-6(2) 6-1,3,Q1,77,4,3,74,50,44,9,10,2,2,1,0,57,42,29,7,9,3,5
2022-540,Wimbledon,Grass,128,G,O,20220627,24,Y218,,,Elias Ymer,R,185,SWE,26.212,137,439,MM66,,,Nikola Milojevic,R,188,SRB,27.023,154,366,6-2 6-3,3,Q1,80,9,3,40,22,20,12,8,0,0,3,13,89,45,32,14,9,13,17
2022-540,Wimbledon,Grass,128,G,O,20220627,25,KC29,,,Nicolas Kicker,R,178,ARG,29.862,237,235,C0E9,25,,Flavio Cobolli,R,183,ITA,20.142,145,407,6-2 6-1,3,Q1,73,0,0,49,34,24,9,7,5,5,2,2,52,25,15,9,8,5,10
2022-540,Wimbledon,Grass,128,G,O,20220627,26,SA93,26,,Andreas Seppi,R,191,ITA,38.346,162,339,BE67,,,Mirza Basic,R,188,BIH,30.96,249,211,6-2 4-6 6-0,3,Q1,85,5,2,77,52,38,13,12,7,8,5,2,71,41,23,16,12,0,5
2022-540,Wimbledon,Grass,128,G,O,20220627,27,KC12,27,,Mitchell Krueger,R,188,USA,28.454,148,387,P0JL,,,Luca Pow,L,175,RUS,17.399,,,6-1 6-4,3,Q1,51,5,0,43,32,28,8,9,0,0,0,6,42,21,14,9,8,0,3
2022-540,Wimbledon,Grass,128,G,O,20220627,28,R09X,28,,Jurij Rodionov,L,191,AUT,23.116,150,379,KC04,,,Jozef Kovalik,R,183,SVK,29.643,204,279,6-4 7-6(4),3,Q1,102,9,0,67,33,27,23,11,2,2,3,1,89,64,41,15,11,9,10
2022-540,Wimbledon,Grass,128,G,O,20220627,29,CG94,,,Enzo Couacaud,R,183,FRA,27.324,206,276,GA36,29,,Emilio Gomez,R,185,ECU,30.579,151,376,6-2 5-7 6-2,3,Q1,105,14,6,90,52,40,16,14,5,9,2,2,88,61,32,12,14,3,10
2022-540,Wimbledon,Grass,128,G,O,20220627,30,PH71,,,Max Purcell,R,185,AUS,24.233,209,272,BO10,,,Gijs Brouwer,L,191,NED,26.286,207,276,7-5 7-6(7),3,Q1,87,6,0,87,57,42,15,12,3,4,7,3,71,43,35,11,12,0,2
2022-540,Wimbledon,Grass,128,G,O,20220627,31,ME89,,,Illya Marchenko,R,185,UKR,34.801,277,182,D0DS,31,,XXXXXXX De Jong,,,,,,,7-5 0-6 6-4,3,Q1,106,4,1,86,52,37,17,14,3,6,11,3,77,48,37,17,14,2,4
2022-540,Wimbledon,Grass,128,G,O,20220627,32,K926,,,Mikhail Kukushkin,R,183,KAZ,34.502,164,334,GA79,,,Lorenzo Giustino,R,180,ITA,30.795,275,184,6-2 6-1,3,Q1,51,0,1,36,25,20,5,7,0,1,1,2,46,27,13,5,8,2,8
2022-540,Wimbledon,Grass,128,G,O,20220627,33,BV25,,,Javier Barranco Cosano,L,180,ESP,23.608,253,207,D0CG,,,Facundo Diaz Acosta,L,183,ARG,21.53,241,221,2-6 6-4 6-4,3,Q1,114,3,3,88,48,31,22,14,5,8,5,9,75,41,33,18,14,3,6
2022-540,Wimbledon,Grass,128,G,O,20220627,34,BI47,,,Riccardo Bonadio,R,180,ITA,28.956,199,285,A622,,,Andrea Arnaboldi,L,180,ITA,34.5,189,294,4-6 7-6(5) 7-5,3,Q1,136,8,2,99,59,41,21,17,3,7,5,1,106,59,37,29,17,2,6
2022-540,Wimbledon,Grass,128,G,O,20220627,35,CE25,,,Salvatore Caruso,R,185,ITA,29.53,198,285,HA28,,,Filip Horansky,R,191,SVK,29.467,191,293,3-6 6-1 6-4,3,Q1,94,3,5,74,46,38,11,13,2,5,5,4,75,48,32,12,13,4,9
2022-540,Wimbledon,Grass,128,G,O,20220627,36,E698,,,Gastao Elias,R,180,POR,31.589,187,295,G0EU,,,Felix Gill,L,175,GBR,20.071,438,90,7-6(10) 5-7 6-3,3,Q1,170,9,1,127,81,57,25,17,4,7,7,7,120,73,49,27,16,8,11
2022-540,Wimbledon,Grass,128,G,O,20220627,37,F0DM,,,Arthur Fery,R,175,GBR,19.959,691,30,F586,,,Thomas Fabbiano,R,173,ITA,33.087,205,277,6-4 6-2,3,Q1,64,4,1,55,40,28,8,9,1,3,1,3,45,28,15,8,9,0,5
2022-540,Wimbledon,Grass,128,G,O,20220627,38,GB53,,,Federico Gaio,R,178,ITA,30.311,211,272,SE73,,,Yuichi Sugita,R,175,JPN,33.771,274,184,6-4 6-2,3,Q1,73,4,1,49,21,17,18,9,2,3,3,1,64,38,21,13,9,5,9
2022-540,Wimbledon,Grass,128,G,O,20220627,39,HB05,,,Christian Harrison,R,180,USA,28.079,251,210,M0FA,,,Anton Matusevich,R,185,GBR,21.076,533,59,6-3 6-4,3,Q1,63,4,5,57,35,24,12,10,0,2,5,5,57,29,19,10,9,4,8
2022-540,Wimbledon,Grass,128,G,O,20220627,40,H0BH,,,Rinky Hijikata,R,178,AUS,21.339,229,244,BU54,,,Geoffrey Blancaneaux,R,180,FRA,23.885,165,333,7-5 6-3,3,Q1,101,1,1,67,40,33,14,11,2,2,8,4,72,43,32,12,10,4,6
2022-540,Wimbledon,Grass,128,G,O,20220627,41,HA71,,,Antoine Hoang,R,183,FRA,26.645,272,185,HB29,,,Andrew Harris,R,183,AUS,28.307,561,52,6-4 7-5,3,Q1,108,5,3,86,60,37,12,11,5,8,2,2,67,42,26,8,11,6,11
2022-540,Wimbledon,Grass,128,G,O,20220627,42,J380,,,Jason Jung,R,180,TPE,33.032,265,196,M0JZ,,,Filip Misolic,R,180,AUT,20.884,210,272,6-2 3-6 6-2,3,Q1,101,2,3,75,50,38,11,13,4,6,3,2,83,46,32,13,13,11,16
2022-540,Wimbledon,Grass,128,G,O,20220627,43,KI63,,,Lukas Klein,R,193,SVK,24.266,243,217,HD68,,,Billy Harris,R,193,GBR,27.42,327,142,6-3 6-4,3,Q1,83,5,1,60,32,29,15,10,6,6,1,3,68,41,33,7,9,4,6
2022-540,Wimbledon,Grass,128,G,O,20220627,44,K435,,,Philipp Kohlschreiber,R,178,GER,38.697,231,242,BK24,,,Gregoire Barrere,R,183,FRA,28.359,180,306,6-2 6-2,3,Q1,52,4,3,44,21,16,15,8,2,3,2,1,41,26,16,4,8,3,8
2022-540,Wimbledon,Grass,128,G,O,20220627,45,KI74,,,Nicola Kuhn,R,185,GER,22.27,261,200,VA70,,,Mate Valkusz,R,183,HUN,23.871,260,200,6-2 7-5,3,Q1,76,5,1,52,29,24,13,10,0,1,1,6,70,42,26,12,10,0,4
2022-540,Wimbledon,Grass,128,G,O,20220627,46,KC33,,,Dimitar Kuzmanov,R,183,BUL,28.914,173,319,BV21,,,Charles Broom,R,178,GBR,24.175,426,96,6-3 7-5,3,Q1,102,2,2,72,50,30,9,11,5,9,3,4,70,44,25,7,10,6,12
2022-540,Wimbledon,Grass,128,G,O,20220627,47,LB66,,,Constant Lestienne,R,180,FRA,30.094,149,382,CA99,,,Marius Copil,R,191,ROU,31.693,324,147,6-4 6-3,3,Q1,71,4,1,50,28,23,12,9,1,2,3,3,69,34,20,17,10,5,9
2022-540,Wimbledon,Grass,128,G,O,20220627,48,MF35,,,Andrej Martin,R,183,SVK,32.767,182,303,L797,,,Lukas Lacko,R,188,SVK,34.648,301,164,6-2 6-1,3,Q1,52,3,3,39,23,19,10,7,2,2,5,2,60,37,18,10,8,5,10
2022-540,Wimbledon,Grass,128,G,O,20220627,49,MN20,,,Daniel Masur,R,183,GER,27.639,221,255,Z0A1,,,Giulio Zeppieri,L,183,ITA,20.553,168,326,7-6(5) 4-6 6-3,3,Q1,135,10,4,102,61,43,24,16,2,5,11,5,100,57,41,23,15,6,9
2022-540,Wimbledon,Grass,128,G,O,20220627,50,M0CW,,,Aidan McHugh,R,180,GBR,21.966,356,120,LB07,,,Gonzalo Lama,R,180,CHI,29.166,263,199,6-2 6-4,3,Q1,61,7,0,44,29,25,9,9,2,3,1,1,50,31,19,8,9,1,5
2022-540,Wimbledon,Grass,128,G,O,20220627,51,MJ98,,,Facundo Mena,R,183,ARG,29.76,160,345,KD35,,,Thai-Son Kwiatkowski,R,188,USA,27.368,560,52,7-5 6-3,3,Q1,74,5,1,63,35,32,13,11,1,2,3,2,59,42,28,6,10,1,4
2022-540,Wimbledon,Grass,128,G,O,20220627,52,MP01,,,Michael Mmoh,R,188,USA,24.46,177,312,MI43,,,Gerald Melzer,L,188,AUT,31.956,247,213,6-1 6-3,3,Q1,65,5,2,44,27,21,12,8,1,1,1,2,53,42,21,6,8,5,9
2022-540,Wimbledon,Grass,128,G,O,20220627,53,MI01,,,Hiroki Moriya,R,168,JPN,31.696,248,212,GH92,,,Borna Gojo,R,196,CRO,24.329,174,317,5-7 7-6(5) 6-1,3,Q1,134,1,4,107,66,43,26,16,4,7,7,6,97,54,39,22,15,4,8
2022-540,Wimbledon,Grass,128,G,O,20220627,54,O513,,,Sebastian Ofner,R,191,AUT,26.125,222,254,S483,,,Pedro Sousa,R,180,POR,34.084,391,105,6-2 6-2,3,Q1,49,4,4,45,32,25,7,8,1,2,1,3,55,25,15,11,8,2,7
2022-540,Wimbledon,Grass,128,G,O,20220627,55,O376,,,Renzo Olivo,R,178,ARG,30.283,186,296,W857,,,Tung-Lin Wu,R,188,TPE,24.126,190,294,6-4 6-4,3,Q1,77,1,5,53,36,31,9,10,1,2,3,1,60,42,27,10,10,5,8
2022-540,Wimbledon,Grass,128,G,O,20220627,56,PH64,,,Andrea Pellegrino,R,185,ITA,25.262,193,292,SP80,,,Nino Serdarusic,R,191,CRO,25.536,167,328,6-3 7-5,3,Q1,107,2,5,75,42,31,15,10,8,10,3,3,78,38,23,20,11,6,11
2022-540,Wimbledon,Grass,128,G,O,20220627,57,P0DF,,,Matheus Pucinelli De Almeida,R,183,BRA,21.238,228,244,O660,,,Genaro Alberto Olivieri,R,175,ARG,23.896,224,253,6-3 6-2,3,Q1,60,2,0,44,27,23,13,9,0,0,0,0,50,34,21,9,8,4,7
2022-540,Wimbledon,Grass,128,G,O,20220627,58,RC04,,,Alexander Ritschard,R,193,SUI,28.26,188,295,P0BK,,,Stuart Parker,R,185,GBR,24.909,503,70,4-6 6-1 6-2,3,Q1,127,4,2,100,59,39,23,13,16,18,5,0,78,50,36,8,12,5,10
2022-540,Wimbledon,Grass,128,G,O,20220627,59,RH59,,,Santiago Rodriguez Taverna,R,191,ARG,22.949,176,316,Z246,,,Miljan Zekic,R,185,SRB,33.958,276,182,6-3 7-6(3),3,Q1,88,1,5,84,48,39,20,11,4,4,3,1,56,35,31,12,10,1,2
2022-540,Wimbledon,Grass,128,G,O,20220627,60,R685,,,Lukas Rosol,R,193,CZE,36.925,280,181,SX91,,,Thiago Seyboth Wild,R,185,BRA,22.297,255,206,6-2 6-0,3,Q1,46,1,4,44,27,23,8,7,1,1,5,5,49,30,16,5,7,5,10
2022-540,Wimbledon,Grass,128,G,O,20220627,61,S0LA,,,Dominic Stricker,L,183,SUI,19.863,183,300,SS25,,,Vitaliy Sachko,R,188,UKR,24.953,246,214,6-3 2-6 4-1 RET,3,Q1,74,16,8,65,39,32,11,11,5,7,7,3,65,40,29,11,11,2,5
2022-540,Wimbledon,Grass,128,G,O,20220627,62,T0A1,,,Thiago Agustin Tirante,R,185,ARG,21.213,194,288,SN54,,,Frederico Ferreira Silva,L,178,POR,27.277,269,187,6-4 6-2,3,Q1,83,13,2,64,45,33,11,9,5,5,2,6,60,30,18,17,9,5,8
2022-540,Wimbledon,Grass,128,G,O,20220627,63,VA08,,,Andrea Vavassori,R,193,ITA,27.146,256,205,KA98,,,Bradley Klahn,L,183,USA,31.852,492,73,6-7(5) 6-2 6-3,3,Q1,129,10,6,95,52,35,21,14,2,5,0,5,120,91,51,12,15,9,16
2022-540,Wimbledon,Grass,128,G,O,20220627,64,V824,,,Mario Vilella Martinez,R,178,ESP,26.984,264,197,CH05,,,Altug Celikbilek,R,183,TUR,25.802,179,307,6-2 7-6(4),3,Q1,73,5,8,70,39,33,15,10,3,4,4,7,65,39,28,11,10,2,5
2022-540,Wimbledon,Grass,128,G,O,20220627,65,Z419,,,Bernabe Zapata Miralles,R,183,ESP,25.454,90,639,HA71,,,Antoine Hoang,R,183,FRA,26.645,272,185,6-2 6-3,3,Q2,63,2,0,46,28,19,11,9,2,4,1,6,53,29,18,8,8,1,6
2022-540,Wimbledon,Grass,128,G,O,20220627,66,KB95,,,Jason Kubler,R,178,AUS,29.106,99,580,T0A1,,,Thiago Agustin Tirante,R,185,ARG,21.213,194,288,6-3 3-6 7-5,3,Q2,153,6,1,76,49,38,18,15,2,4,11,3,114,63,47,22,15,11,14
2022-540,Wimbledon,Grass,128,G,O,20220627,67,KE64,,,Stefan Kozlov,R,183,USA,24.4,107,543,S0LA,,,Dominic Stricker,L,183,SUI,19.863,183,300,7-6(9) 4-6 6-3,3,Q2,155,6,10,115,76,57,20,16,10,13,8,5,100,54,42,23,15,6,9
2022-540,Wimbledon,Grass,128,G,O,20220627,68,KH56,,,Zdenek Kolar,R,183,CZE,25.714,119,503,V824,,,Mario Vilella Martinez,R,178,ESP,26.984,264,197,6-1 2-0 RET,3,Q2,29,1,0,20,12,10,6,4,0,0,2,2,28,18,7,4,5,4,8
2022-540,Wimbledon,Grass,128,G,O,20220627,69,HH06,,,Marc-Andrea Huesler,L,196,SUI,26.007,105,546,MF35,,,Andrej Martin,R,183,SVK,32.767,182,303,6-2 7-5,3,Q2,63,11,1,57,36,30,11,10,3,4,3,3,55,34,24,8,10,5,9
2022-540,Wimbledon,Grass,128,G,O,20220627,70,A829,,,Radu Albot,R,175,MDA,32.624,113,521,MP01,,,Michael Mmoh,R,188,USA,24.46,177,312,6-3 6-4,3,Q2,91,4,1,69,43,28,14,10,4,6,0,7,53,28,20,8,9,3,7
2022-540,Wimbledon,Grass,128,G,O,20220627,71,KI63,,,Lukas Klein,R,193,SVK,24.266,243,217,H997,8,,Yannick Hanfmann,R,193,GER,30.62,111,522,7-5 6-2,3,Q2,60,4,3,48,30,27,13,10,0,0,1,0,54,38,26,7,10,0,3
2022-540,Wimbledon,Grass,128,G,O,20220627,72,KC33,,,Dimitar Kuzmanov,R,183,BUL,28.914,173,319,CG04,9,,Pedro Cachin,R,185,ARG,27.209,120,496,6-4 3-6 6-4,3,Q2,139,2,2,95,61,41,20,14,6,8,6,1,86,51,37,20,15,2,5
2022-540,Wimbledon,Grass,128,G,O,20220627,73,BT72,,,Nuno Borges,R,185,POR,25.35,123,493,MI01,,,Hiroki Moriya,R,168,JPN,31.696,248,212,4-6 6-4 6-3,3,Q2,127,11,3,95,62,43,15,15,7,12,2,4,96,60,38,13,14,5,11
2022-540,Wimbledon,Grass,128,G,O,20220627,74,SM25,,,Jack Sock,R,191,USA,29.755,103,557,LB66,,,Constant Lestienne,R,180,FRA,30.094,149,382,6-3 7-5,3,Q2,75,4,4,53,34,27,11,10,0,1,9,6,68,45,30,9,11,1,5
2022-540,Wimbledon,Grass,128,G,O,20220627,75,O513,,,Sebastian Ofner,R,191,AUT,26.125,222,254,KI82,19,,Vit Kopriva,R,178,CZE,25.032,126,472,3-6 7-6(2) 7-5,3,Q2,135,12,7,127,75,55,22,17,8,12,6,5,103,68,46,18,16,4,7
2022-540,Wimbledon,Grass,128,G,O,20220627,76,GF95,,,Hugo Grenier,R,196,FRA,26.261,141,424,BV25,,,Javier Barranco Cosano,L,180,ESP,23.608,253,207,6-3 6-4,3,Q2,94,5,0,60,43,34,8,10,3,4,3,1,78,53,34,9,9,9,12
2022-540,Wimbledon,Grass,128,G,O,20220627,77,DB59,,,Dennis Novak,R,183,AUT,28.83,153,371,GB53,,,Federico Gaio,R,178,ITA,30.311,211,272,6-2 6-3,3,Q2,58,4,0,51,35,26,12,9,2,2,4,3,50,27,18,10,8,1,4
2022-540,Wimbledon,Grass,128,G,O,20220627,78,Y218,,,Elias Ymer,R,185,SWE,26.212,137,439,BI47,,,Riccardo Bonadio,R,180,ITA,28.956,199,285,6-3 6-4,3,Q2,60,10,0,47,36,31,9,10,0,0,1,4,55,30,23,11,9,1,3
2022-540,Wimbledon,Grass,128,G,O,20220627,79,SA93,26,,Andreas Seppi,R,191,ITA,38.346,162,339,M0CW,,,Aidan McHugh,R,180,GBR,21.966,356,120,6-4 6-2,3,Q2,76,6,3,56,34,29,12,9,2,2,7,3,55,31,22,11,9,2,5
2022-540,Wimbledon,Grass,128,G,O,20220627,80,CE25,,,Salvatore Caruso,R,185,ITA,29.53,198,285,KC12,27,,Mitchell Krueger,R,188,USA,28.454,148,387,7-6(2) 6-3,3,Q2,104,3,3,65,41,30,16,11,4,6,3,2,71,41,27,14,10,7,10
2022-540,Wimbledon,Grass,128,G,O,20220627,81,O376,,,Renzo Olivo,R,178,ARG,30.283,186,296,R09X,28,,Jurij Rodionov,L,191,AUT,23.116,150,379,6-4 7-6(5),3,Q2,101,4,4,78,48,34,19,11,7,8,4,2,76,47,31,18,11,4,6
2022-540,Wimbledon,Grass,128,G,O,20220627,82,PH71,,,Max Purcell,R,185,AUS,24.233,209,272,E698,,,Gastao Elias,R,180,POR,31.589,187,295,6-4 7-6(4),3,Q2,82,4,0,66,46,34,13,11,1,3,2,3,64,35,27,14,11,1,4
2022-540,Wimbledon,Grass,128,G,O,20220627,83,K926,,,Mikhail Kukushkin,R,183,KAZ,34.502,164,334,K435,,,Philipp Kohlschreiber,R,178,GER,38.697,231,242,6-7(4) 6-3 6-4,3,Q2,139,4,2,104,69,53,18,16,6,8,8,3,98,54,39,22,15,4,8
2022-540,Wimbledon,Grass,128,G,O,20220627,84,A0CJ,,,Duje Ajdukovic,R,188,CRO,21.388,245,214,RH59,,,Santiago Rodriguez Taverna,R,191,ARG,22.949,176,316,6-3 6-2,3,Q2,68,2,2,49,28,23,13,9,0,1,1,2,58,31,18,11,8,4,8
2022-540,Wimbledon,Grass,128,G,O,20220627,85,CG94,,,Enzo Couacaud,R,183,FRA,27.324,206,276,MJ98,,,Facundo Mena,R,183,ARG,29.76,160,345,7-6(5) 6-4,3,Q2,88,5,0,66,29,21,23,11,4,6,3,0,70,39,24,17,11,2,5
2022-540,Wimbledon,Grass,128,G,O,20220627,86,HB05,,,Christian Harrison,R,180,USA,28.079,251,210,S0GD,,,Dalibor Svrcina,R,178,CZE,19.734,178,308,0-6 6-3 7-6(4),3,Q2,126,5,3,94,60,38,15,14,4,10,0,9,85,57,36,13,13,3,7
2022-540,Wimbledon,Grass,128,G,O,20220627,87,H0BH,,,Rinky Hijikata,R,178,AUS,21.339,229,244,MP20,,,Alexandre Muller,R,183,FRA,25.399,161,342,6-2 6-2,3,Q2,63,5,5,55,30,24,10,8,2,3,2,5,44,27,14,7,8,2,7
2022-540,Wimbledon,Grass,128,G,O,20220627,88,J380,,,Jason Jung,R,180,TPE,33.032,265,196,ME89,,,Illya Marchenko,R,185,UKR,34.801,277,182,7-6(5) 6-2,3,Q2,105,2,1,68,47,35,10,10,0,2,4,2,68,37,24,14,10,3,7
2022-540,Wimbledon,Grass,128,G,O,20220627,89,KI74,,,Nicola Kuhn,R,185,GER,22.27,261,200,SK94,,,Cedrik-Marcel Stebe,L,180,GER,31.715,214,265,6-3 6-2,3,Q2,66,2,0,46,29,24,10,8,1,1,1,3,58,34,21,10,9,7,11
2022-540,Wimbledon,Grass,128,G,O,20220627,90,MN13,,,Maximilian Marterer,L,188,GER,27.034,172,319,PH64,,,Andrea Pellegrino,R,185,ITA,25.262,193,292,7-5 6-3,3,Q2,80,10,2,64,43,36,11,11,3,3,6,4,65,32,20,21,10,0,2
2022-540,Wimbledon,Grass,128,G,O,20220627,91,MN20,,,Daniel Masur,R,183,GER,27.639,221,255,Z371,,,Zhizhen Zhang,R,193,CHN,25.695,281,180,6-2 6-1,3,Q2,64,7,2,49,32,28,7,8,4,4,2,1,40,23,13,5,7,3,7
2022-540,Wimbledon,Grass,128,G,O,20220627,92,MW18,,,Nicolas Moreno De Alboran,R,185,USA,24.953,258,201,F0DM,,,Arthur Fery,R,175,GBR,19.959,691,30,7-6(2) 7-6(3),3,Q2,97,9,4,76,50,40,15,12,1,3,6,4,72,40,30,20,12,3,5
2022-540,Wimbledon,Grass,128,G,O,20220627,93,P09O,,,Zsombor Piros,R,180,HUN,22.705,175,317,P0DF,,,Matheus Pucinelli De Almeida,R,183,BRA,21.238,228,244,6-4 6-4,3,Q2,89,3,3,76,35,20,28,10,8,9,5,4,55,33,23,11,10,2,5
2022-540,Wimbledon,Grass,128,G,O,20220627,94,RC04,,,Alexander Ritschard,R,193,SUI,28.26,188,295,KC29,,,Nicolas Kicker,R,178,ARG,29.862,237,235,6-3 6-2,3,Q2,75,2,2,60,35,27,15,9,4,4,0,2,42,32,20,4,8,0,3
2022-540,Wimbledon,Grass,128,G,O,20220627,95,R685,,,Lukas Rosol,R,193,CZE,36.925,280,181,E865,,,Christopher Eubanks,R,201,USA,26.144,159,345,7-6(6) 6-4,3,Q2,76,5,3,75,49,38,15,11,3,4,11,1,66,53,41,4,11,1,3
2022-540,Wimbledon,Grass,128,G,O,20220627,96,VA08,,,Andrea Vavassori,R,193,ITA,27.146,256,205,MN70,,,Joao Menezes,R,185,BRA,25.525,475,78,7-5 6-1,3,Q2,87,6,3,60,35,28,13,10,2,3,0,4,69,47,28,8,9,3,7
2022-540,Wimbledon,Grass,128,G,O,20220627,97,Z419,,,Bernabe Zapata Miralles,R,183,ESP,25.454,90,639,CE25,,,Salvatore Caruso,R,185,ITA,29.53,198,285,6-4 6-7(5) 6-3 6-3,5,Q3,204,10,4,149,95,63,28,20,8,12,5,2,127,75,47,23,20,7,15
2022-540,Wimbledon,Grass,128,G,O,20220627,98,KB95,,,Jason Kubler,R,178,AUS,29.106,99,580,Y218,,,Elias Ymer,R,185,SWE,26.212,137,439,6-3 6-2 6-4,5,Q3,126,10,1,76,53,43,13,14,2,3,5,3,89,52,34,16,13,7,12
2022-540,Wimbledon,Grass,128,G,O,20220627,99,DB59,,,Dennis Novak,R,183,AUT,28.83,153,371,KE64,,,Stefan Kozlov,R,183,USA,24.4,107,543,7-5 6-4 5-7 3-6 6-3,5,Q3,205,8,1,164,109,80,31,26,1,3,4,6,142,99,73,25,26,4,7
2022-540,Wimbledon,Grass,128,G,O,20220627,100,VA08,,,Andrea Vavassori,R,193,ITA,27.146,256,205,KH56,,,Zdenek Kolar,R,183,CZE,25.714,119,503,6-7(5) 7-6(4) 6-1 7-6(5),5,Q3,212,12,7,161,99,80,32,22,9,10,7,6,142,82,62,31,21,8,11
2022-540,Wimbledon,Grass,128,G,O,20220627,101,HH06,,,Marc-Andrea Huesler,L,196,SUI,26.007,105,546,J380,,,Jason Jung,R,180,TPE,33.032,265,196,7-5 6-4 3-6 3-6 6-2,5,Q3,195,23,8,153,80,63,31,24,4,10,6,6,150,107,71,24,24,13,20
2022-540,Wimbledon,Grass,128,G,O,20220627,102,A829,,,Radu Albot,R,175,MDA,32.624,113,521,O513,,,Sebastian Ofner,R,191,AUT,26.125,222,254,2-6 6-3 6-4 7-5,5,Q3,146,9,2,119,88,61,15,20,4,8,14,4,119,72,45,26,19,7,12
2022-540,Wimbledon,Grass,128,G,O,20220627,103,PH71,,,Max Purcell,R,185,AUS,24.233,209,272,BT72,,,Nuno Borges,R,185,POR,25.35,123,493,3-6 7-6(3) 6-4 7-6(5),5,Q3,179,15,2,137,79,62,31,21,1,4,22,3,153,111,81,20,22,6,9
2022-540,Wimbledon,Grass,128,G,O,20220627,104,SM25,,,Jack Sock,R,191,USA,29.755,103,557,GF95,,,Hugo Grenier,R,196,FRA,26.261,141,424,7-5 7-5 6-4,5,Q3,145,8,4,95,67,50,18,17,5,6,6,5,104,75,52,14,17,8,12
2022-540,Wimbledon,Grass,128,G,O,20220627,105,KI63,,,Lukas Klein,R,193,SVK,24.266,243,217,SA93,26,,Andreas Seppi,R,191,ITA,38.346,162,339,6-1 6-7(3) 7-6(5) 7-6(4),5,Q3,185,19,5,146,103,81,18,22,9,13,4,6,143,89,63,23,21,4,10
2022-540,Wimbledon,Grass,128,G,O,20220627,106,K926,,,Mikhail Kukushkin,R,183,KAZ,34.502,164,334,P09O,,,Zsombor Piros,R,180,HUN,22.705,175,317,7-6(3) 6-2 4-6 7-6(0),5,Q3,220,5,1,152,101,64,30,21,14,20,19,10,161,95,61,24,21,8,15
2022-540,Wimbledon,Grass,128,G,O,20220627,107,CG94,,,Enzo Couacaud,R,183,FRA,27.324,206,276,KC33,,,Dimitar Kuzmanov,R,183,BUL,28.914,173,319,6-2 6-7(3) 6-3 6-2,5,Q3,161,19,0,109,67,52,28,19,0,1,8,4,110,71,49,16,18,6,12
2022-540,Wimbledon,Grass,128,G,O,20220627,108,HB05,,,Christian Harrison,R,180,USA,28.079,251,210,MN20,,,Daniel Masur,R,183,GER,27.639,221,255,4-6 6-3 5-7 6-4 6-1,5,Q3,213,19,6,165,112,80,25,24,15,20,16,8,162,103,70,24,24,10,18
2022-540,Wimbledon,Grass,128,G,O,20220627,109,KI74,,,Nicola Kuhn,R,185,GER,22.27,261,200,H0BH,,,Rinky Hijikata,R,178,AUS,21.339,229,244,6-4 3-6 7-5 7-6(4),5,Q3,210,12,7,125,70,50,35,21,6,10,7,4,167,92,66,37,22,19,24
2022-540,Wimbledon,Grass,128,G,O,20220627,110,MN13,,,Maximilian Marterer,L,188,GER,27.034,172,319,MW18,,,Nicolas Moreno De Alboran,R,185,USA,24.953,258,201,7-6(2) 7-6(11) 6-3,5,Q3,170,12,4,121,84,66,24,17,4,4,7,5,127,63,43,39,16,7,8
2022-540,Wimbledon,Grass,128,G,O,20220627,111,RC04,,,Alexander Ritschard,R,193,SUI,28.26,188,295,A0CJ,,,Duje Ajdukovic,R,188,CRO,21.388,245,214,6-3 7-5 6-4,5,Q3,141,9,3,103,61,45,25,16,5,6,7,3,103,61,35,25,15,5,9
2022-540,Wimbledon,Grass,128,G,O,20220627,112,R685,,,Lukas Rosol,R,193,CZE,36.925,280,181,O376,,,Renzo Olivo,R,178,ARG,30.283,186,296,7-6(5) 7-6(4) 6-4,5,Q3,144,11,2,106,66,49,19,17,5,9,12,7,124,79,49,23,17,10,15
2022-315,Newport,Grass,32,250,O,20220711,1,RC96,,,Noah Rubin,R,175,USA,26.385,547,55,E873,1,,Ernesto Escobedo,R,185,MEX,26.018,125,450,7-6(1) 6-1,3,Q1,95,4,2,65,45,32,12,10,3,4,2,1,61,40,26,9,9,1,4
2022-315,Newport,Grass,32,250,O,20220711,2,BI23,,,Liam Broady,L,183,GBR,28.515,140,406,KB37,,,Evan King,L,185,USA,30.294,750,23,6-3 6-2,3,Q1,98,2,4,53,29,24,13,9,3,4,3,1,79,48,29,10,8,14,18
2022-315,Newport,Grass,32,250,O,20220711,3,KC12,,,Mitchell Krueger,R,188,USA,28.493,146,387,Z09K,,,Evan Zhu,R,185,USA,23.904,372,115,3-6 6-4 6-1,3,Q1,130,2,2,99,55,37,21,13,8,11,7,1,92,51,30,18,13,5,10
2022-315,Newport,Grass,32,250,O,20220711,4,E865,,,Christopher Eubanks,R,201,USA,26.182,163,333,KD70,,,Pedja Krstin,R,183,SRB,27.852,397,104,6-0 6-2,3,Q1,48,10,1,40,26,18,12,7,4,4,3,7,46,24,13,7,7,3,8
2022-315,Newport,Grass,32,250,O,20220711,5,BT45,,,William Blumberg,R,188,USA,24.454,773,21,RB56,5,,Ramkumar Ramanathan,R,188,IND,27.671,183,290,3-6 7-5 6-4,3,Q1,113,9,4,89,56,44,19,15,4,5,7,3,91,58,43,21,16,3,5
2022-315,Newport,Grass,32,250,O,20220711,6,BP44,,,Gage Brymer,R,185,USA,27.422,489,74,W857,6,,Tung-Lin Wu,R,188,TPE,24.164,180,294,2-6 6-3 7-6(3),3,Q1,125,4,5,113,73,49,23,15,5,8,6,1,74,54,41,13,14,1,3
2022-315,Newport,Grass,32,250,O,20220711,7,H09P,,,Brandon Holt,R,185,USA,24.263,332,139,BO10,7,,Gijs Brouwer,L,191,NED,26.324,200,276,4-6 6-3 7-5,3,Q1,108,7,1,93,70,46,17,16,3,6,3,6,84,46,34,18,15,3,7
2022-315,Newport,Grass,32,250,O,20220711,8,BE67,8,,Mirza Basic,R,188,BIH,30.998,244,211,J380,,,Jason Jung,R,180,TPE,33.07,273,179,6-3 6-4,3,Q1,63,2,3,52,35,29,9,10,1,2,0,3,52,31,20,11,9,3,6
2022-315,Newport,Grass,32,250,O,20220711,9,BI23,,,Liam Broady,L,183,GBR,28.515,140,406,H09P,,,Brandon Holt,R,185,USA,24.263,332,139,6-1 6-3,3,Q2,66,4,0,46,33,25,6,8,0,1,5,2,47,32,17,4,8,1,6
2022-315,Newport,Grass,32,250,O,20220711,10,KC12,,,Mitchell Krueger,R,188,USA,28.493,146,387,BP44,,,Gage Brymer,R,185,USA,27.422,489,74,6-1 6-4,3,Q2,80,4,1,63,47,36,6,9,1,1,0,0,52,35,21,9,8,3,6
2022-315,Newport,Grass,32,250,O,20220711,11,E865,,,Christopher Eubanks,R,201,USA,26.182,163,333,BE67,8,,Mirza Basic,R,188,BIH,30.998,244,211,7-6(6) 7-5,3,Q2,98,8,5,79,53,32,12,12,2,6,3,5,81,50,30,13,12,8,13
2022-315,Newport,Grass,32,250,O,20220711,12,BT45,,,William Blumberg,R,188,USA,24.454,773,21,RC96,,,Noah Rubin,R,175,USA,26.385,547,55,4-6 6-3 6-2,3,Q2,102,4,2,70,44,38,16,14,0,1,5,4,87,53,35,18,13,7,10
2022-316,Bastad,Clay,32,250,O,20220711,1,F510,,,Fabio Fognini,R,178,ITA,35.132,64,806,F09J,,,Karl Friberg,R,191,SWE,23.296,658,34,6-4 6-4,3,Q1,98,3,3,49,37,20,6,10,2,7,2,3,76,44,22,12,10,5,12
2022-316,Bastad,Clay,32,250,O,20220711,2,MU94,2,,Jaume Munar,R,183,ESP,25.183,68,780,J551,,,Nicolas Jarry,R,201,CHI,26.749,118,476,7-6(4) 4-6 6-4,3,Q1,152,2,4,103,74,51,20,16,6,8,5,1,105,71,50,20,16,7,9
2022-316,Bastad,Clay,32,250,O,20220711,3,EA24,,,Tomas Martin Etcheverry,R,196,ARG,22.982,78,682,DC76,,,Viktor Durasovic,R,185,NOR,25.311,322,147,6-2 3-6 6-2,3,Q1,123,3,5,70,48,33,12,13,2,5,4,3,88,45,33,16,12,6,11
2022-316,Bastad,Clay,32,250,O,20220711,4,D874,,,Federico Delbonis,L,193,ARG,31.765,84,649,V836,,,Juan Pablo Varillas,R,185,PER,26.762,107,528,6-2 4-6 7-6(7),3,Q1,170,0,3,96,67,41,13,15,6,12,1,4,106,62,37,16,15,3,10
2022-316,Bastad,Clay,32,250,O,20220711,5,K09F,,,Pavel Kotov,R,191,RUS,23.644,122,461,L949,5,,Henri Laaksonen,R,185,SUI,30.278,96,575,6-1 7-5,3,Q1,95,0,0,48,32,23,7,9,1,3,2,3,85,49,26,15,10,6,12
2022-316,Bastad,Clay,32,250,O,20220711,6,S483,,,Pedro Sousa,R,180,POR,34.122,430,91,BF23,6,,Facundo Bagnis,L,183,ARG,32.367,121,467,6-4 7-6(3),3,Q1,87,2,0,68,48,32,14,11,2,5,1,1,69,48,29,10,11,4,8
2022-316,Bastad,Clay,32,250,O,20220711,7,HH06,,,Marc-Andrea Huesler,L,196,SUI,26.045,108,526,B0JG,,,Leo Borg,R,183,SWE,19.157,787,21,6-1 6-1,3,Q1,58,6,1,37,21,19,11,7,0,0,1,1,42,21,12,6,7,3,8
2022-316,Bastad,Clay,32,250,O,20220711,8,GE33,8,,Daniel Elahi Galan,R,191,COL,26.062,117,476,H997,,,Yannick Hanfmann,R,193,GER,30.658,120,472,6-3 6-0,3,Q1,69,2,1,56,38,30,6,8,2,3,1,1,41,20,9,9,7,1,6
2022-316,Bastad,Clay,32,250,O,20220711,9,HH06,,,Marc-Andrea Huesler,L,196,SUI,26.045,108,526,F510,,,Fabio Fognini,R,178,ITA,35.132,64,806,7-5 5-7 6-4,3,Q2,136,9,3,90,57,49,14,17,4,7,2,2,95,62,42,17,17,3,7
2022-316,Bastad,Clay,32,250,O,20220711,10,S483,,,Pedro Sousa,R,180,POR,34.122,430,91,MU94,2,,Jaume Munar,R,183,ESP,25.183,68,780,6-4 6-4,3,Q2,90,0,2,57,41,25,9,10,5,8,0,2,73,46,27,11,10,6,11
2022-316,Bastad,Clay,32,250,O,20220711,11,EA24,,,Tomas Martin Etcheverry,R,196,ARG,22.982,78,682,GE33,8,,Daniel Elahi Galan,R,191,COL,26.062,117,476,3-6 6-4 7-5,3,Q2,165,3,1,106,65,44,17,15,11,15,10,1,92,62,41,14,16,7,12
2022-316,Bastad,Clay,32,250,O,20220711,12,D874,,,Federico Delbonis,L,193,ARG,31.765,84,649,K09F,,,Pavel Kotov,R,191,RUS,23.644,122,461,7-6(0) 7-6(5),3,Q2,124,1,2,87,66,40,13,12,1,5,1,3,78,60,35,8,12,4,8
2022-314,Gstaad,Clay,32,250,O,20220718,1,V836,,,Juan Pablo Varillas,R,185,PER,26.782,115,469,VA08,,,Andrea Vavassori,R,193,ITA,27.203,249,197,6-4 7-6(3),3,Q1,112,3,2,65,43,34,12,11,0,1,3,6,77,42,34,14,11,1,3
2022-314,Gstaad,Clay,32,250,O,20220718,2,MW02,2,,Corentin Moutet,L,180,FRA,23.247,112,481,Z0A1,,,Giulio Zeppieri,L,183,ITA,20.611,166,318,6-2 6-4,3,Q1,75,0,0,54,40,27,11,9,1,1,3,2,49,33,23,6,9,0,3
2022-314,Gstaad,Clay,32,250,O,20220718,3,J551,,,Nicolas Jarry,R,201,CHI,26.768,118,461,C0E9,,,Flavio Cobolli,R,183,ITA,20.2,134,409,7-6(5) 7-5,3,Q1,118,3,5,78,47,34,19,12,2,3,3,4,83,37,28,23,12,6,8
2022-314,Gstaad,Clay,32,250,O,20220718,4,H997,,,Yannick Hanfmann,R,193,GER,30.678,152,359,M0JZ,,,Filip Misolic,R,180,AUT,20.942,194,276,3-6 7-6(4) 6-0,3,Q1,122,7,4,83,61,41,12,13,5,7,2,4,87,48,32,19,14,3,7
2022-314,Gstaad,Clay,32,250,O,20220718,5,BU13,,,Zizou Bergs,R,185,BEL,23.124,143,382,BF23,5,,Facundo Bagnis,L,183,ARG,32.386,121,444,6-2 4-6 7-6(5),3,Q1,167,7,2,104,66,46,22,15,6,8,1,8,105,60,39,24,15,3,6
2022-314,Gstaad,Clay,32,250,O,20220718,6,K09F,6,,Pavel Kotov,R,191,RUS,23.663,117,461,LB84,,,Juan Ignacio Londero,R,180,ARG,28.923,170,302,4-6 6-3 6-2,3,Q1,133,12,2,83,50,40,18,14,3,4,3,4,89,58,35,19,13,6,9
2022-314,Gstaad,Clay,32,250,O,20220718,7,KI82,7,,Vit Kopriva,R,178,CZE,25.09,124,438,E0DC,,,Paul Ender,,,AUT,20.884,,,6-1 6-2,3,Q1,70,0,4,47,28,22,9,7,2,3,0,4,49,19,8,10,8,5,11
2022-314,Gstaad,Clay,32,250,O,20220718,8,Y218,,,Elias Ymer,R,185,SWE,26.27,131,420,K0EP,,,Jerome Kym,R,198,SUI,19.428,494,69,6-4 7-6(4),3,Q1,105,6,1,79,50,34,14,11,5,8,5,4,67,40,30,11,11,1,5
2022-314,Gstaad,Clay,32,250,O,20220718,9,V836,,,Juan Pablo Varillas,R,185,PER,26.782,115,469,K09F,6,,Pavel Kotov,R,191,RUS,23.663,117,461,6-4 6-1,3,Q2,100,4,1,52,34,27,10,8,5,5,4,9,79,49,30,10,9,7,11
2022-314,Gstaad,Clay,32,250,O,20220718,10,Y218,,,Elias Ymer,R,185,SWE,26.27,131,420,MW02,2,,Corentin Moutet,L,180,FRA,23.247,112,481,5-7 6-3 7-6(11),3,Q2,195,7,9,123,64,49,22,17,6,11,0,3,116,84,51,18,16,2,7
2022-314,Gstaad,Clay,32,250,O,20220718,11,J551,,,Nicolas Jarry,R,201,CHI,26.768,118,461,KI82,7,,Vit Kopriva,R,178,CZE,25.09,124,438,6-4 6-4,3,Q2,88,6,3,55,33,25,15,10,3,4,1,1,59,34,22,13,10,1,4
2022-314,Gstaad,Clay,32,250,O,20220718,12,H997,,,Yannick Hanfmann,R,193,GER,30.678,152,359,BU13,,,Zizou Bergs,R,185,BEL,23.124,143,382,3-6 6-3 6-2,3,Q2,128,3,3,86,60,42,16,13,4,5,4,4,96,61,41,16,13,8,11
2022-414,Hamburg,Clay,32,500,O,20220718,1,KC04,,,Jozef Kovalik,R,183,SVK,29.7,186,283,L949,1,,Henri Laaksonen,R,185,SUI,30.297,108,518,6-4 6-1,3,Q1,79,1,0,60,38,28,11,9,2,3,1,0,60,35,19,10,8,5,9
2022-414,Hamburg,Clay,32,500,O,20220718,2,BE90,,,Ricardas Berankis,R,175,LTU,32.074,107,522,RH62,,,Mats Rosenkranz,L,193,GER,23.901,351,121,6-4 7-6(5),3,Q1,104,5,2,69,43,31,17,11,4,6,14,3,87,54,35,15,11,6,9
2022-414,Hamburg,Clay,32,500,O,20220718,3,GE33,,,Daniel Elahi Galan,R,191,COL,26.081,113,480,N830,,,Johan Nikles,R,173,SUI,25.32,266,185,6-3 6-7(5) 6-1,3,Q1,130,3,1,81,54,42,15,15,0,1,3,4,96,58,35,16,13,3,7
2022-414,Hamburg,Clay,32,500,O,20220718,4,T0FI,,,Marko Topo,R,185,GER,18.845,585,45,TA12,4,,Stefano Travaglia,R,185,ITA,30.554,136,407,6-2 6-2,3,Q1,68,1,1,47,32,23,12,8,3,3,0,4,58,32,19,11,8,4,8
2022-414,Hamburg,Clay,32,500,O,20220718,5,M0AC,,,Rudolf Molleker,R,188,GER,21.725,483,72,GH33,5,,Manuel Guinard,R,198,FRA,26.672,150,370,3-6 6-4 7-6(8),3,Q1,145,10,4,109,72,52,15,15,7,11,2,2,102,51,33,32,16,4,8
2022-414,Hamburg,Clay,32,500,O,20220718,6,S0H2,6,,Alexander Shevchenko,R,188,KAZ,21.632,160,340,E830,,,Eduard Esteve Lobato,R,188,ESP,27.83,291,168,6-0 6-3,3,Q1,76,1,0,45,31,23,6,8,1,3,2,2,60,28,14,11,7,6,12
2022-414,Hamburg,Clay,32,500,O,20220718,7,N0BG,,,Luca Nardi,R,185,ITA,18.949,169,303,S483,,,Pedro Sousa,R,180,POR,34.141,396,103,4-1 RET,3,Q1,22,0,0,15,8,6,6,3,0,0,0,0,14,4,2,4,2,0,1
2022-414,Hamburg,Clay,32,500,O,20220718,8,BI47,8,,Riccardo Bonadio,R,180,ITA,29.013,197,274,V717,,,Alexey Vatutin,R,178,RUS,29.722,304,156,7-5 6-1,3,Q1,80,3,2,69,41,28,14,10,3,5,0,3,51,33,16,8,9,2,7
2022-414,Hamburg,Clay,32,500,O,20220718,9,N0BG,,,Luca Nardi,R,185,ITA,18.949,169,303,BE90,,,Ricardas Berankis,R,175,LTU,32.074,107,522,7-5 6-2,3,Q2,81,4,3,57,36,29,8,10,3,5,0,3,57,33,21,7,10,2,7
2022-414,Hamburg,Clay,32,500,O,20220718,10,GE33,,,Daniel Elahi Galan,R,191,COL,26.081,113,480,BI47,8,,Riccardo Bonadio,R,180,ITA,29.013,197,274,7-5 6-1,3,Q2,70,3,1,57,43,35,7,10,0,0,2,1,55,37,24,9,9,6,9
2022-414,Hamburg,Clay,32,500,O,20220718,11,KC04,,,Jozef Kovalik,R,183,SVK,29.7,186,283,S0H2,6,,Alexander Shevchenko,R,188,KAZ,21.632,160,340,7-6(6) 4-6 6-4,3,Q2,152,0,2,108,74,47,20,16,4,7,4,3,110,72,51,17,16,1,4
2022-414,Hamburg,Clay,32,500,O,20220718,12,T0FI,,,Marko Topo,R,185,GER,18.845,585,45,M0AC,,,Rudolf Molleker,R,188,GER,21.725,483,72,6-3 3-6 6-4,3,Q2,107,10,5,83,49,37,19,14,4,6,5,2,90,58,38,15,14,5,8
2022-319,Kitzbuhel,Clay,32,250,O,20220725,1,O513,,,Sebastian Ofner,R,191,AUT,26.201,235,218,K09F,1,,Pavel Kotov,R,191,RUS,23.682,122,438,7-6(5) 7-5,3,Q1,107,8,4,76,38,31,24,12,1,1,4,1,73,39,34,18,12,4,5
2022-319,Kitzbuhel,Clay,32,250,O,20220725,2,KI82,,,Vit Kopriva,R,178,CZE,25.109,159,341,N0CS,,,Lukas Neumayer,R,183,AUT,19.882,336,137,3-6 6-4 6-1,3,Q1,119,3,5,71,40,29,18,13,2,5,1,1,83,53,32,13,13,5,10
2022-319,Kitzbuhel,Clay,32,250,O,20220725,3,GE28,,,Ivan Gakhov,L,191,RUS,25.719,315,153,BU13,3,,Zizou Bergs,R,185,BEL,23.143,154,355,6-4 6-3,3,Q1,88,3,2,60,32,22,17,9,2,3,4,4,68,34,23,14,10,8,12
2022-319,Kitzbuhel,Clay,32,250,O,20220725,4,CG07,,,Hernan Casanova,R,178,ARG,28.463,321,147,GH33,4,,Manuel Guinard,R,198,FRA,26.691,148,370,6-3 7-5,3,Q1,86,2,0,64,47,29,11,11,1,4,1,5,53,33,18,9,10,1,6
2022-319,Kitzbuhel,Clay,32,250,O,20220725,5,S0H2,,,Alexander Shevchenko,R,188,KAZ,21.651,157,347,KI63,,,Lukas Klein,R,193,SVK,24.342,239,210,6-4 6-3,3,Q1,83,2,1,69,39,25,19,10,4,5,1,4,65,37,25,10,9,8,11
2022-319,Kitzbuhel,Clay,32,250,O,20220725,6,MI43,,,Gerald Melzer,L,188,AUT,32.033,188,283,M0JF,,,Hamad Medjedovic,R,188,SRB,19.02,259,187,2-6 6-2 6-2,3,Q1,132,7,4,103,52,34,29,12,11,13,6,6,76,46,28,16,12,5,9
2022-319,Kitzbuhel,Clay,32,250,O,20220725,7,SS25,,,Vitaliy Sachko,R,188,UKR,25.029,265,181,FC26,7,,Evan Furness,R,173,FRA,23.948,210,248,7-5 6-3,3,Q1,85,6,3,61,36,27,12,10,5,7,2,8,66,33,19,15,11,2,7
2022-319,Kitzbuhel,Clay,32,250,O,20220725,8,SG56,,,Daniel Dutra da Silva,L,,BRA,34.053,215,241,J267,,,Malek Jaziri,R,185,TUN,38.511,333,138,7-5 4-6 6-2,3,Q1,125,6,2,91,56,45,18,15,5,7,1,5,87,34,24,29,15,5,9
2022-319,Kitzbuhel,Clay,32,250,O,20220725,9,KI82,,,Vit Kopriva,R,178,CZE,25.109,159,341,S0H2,,,Alexander Shevchenko,R,188,KAZ,21.651,157,347,1-6 6-4 6-4,3,Q2,129,4,7,82,46,31,13,13,6,12,3,4,92,48,30,21,14,4,10
2022-319,Kitzbuhel,Clay,32,250,O,20220725,10,MI43,,,Gerald Melzer,L,188,AUT,32.033,188,283,GE28,,,Ivan Gakhov,L,191,RUS,25.719,315,153,6-3 3-6 6-3,3,Q2,153,1,4,93,61,39,18,14,6,9,11,2,103,49,31,28,13,13,17
2022-319,Kitzbuhel,Clay,32,250,O,20220725,11,CG07,,,Hernan Casanova,R,178,ARG,28.463,321,147,SG56,,,Daniel Dutra da Silva,L,,BRA,34.053,215,241,1-6 7-6(3) 6-1,3,Q2,127,2,3,75,45,32,14,12,2,6,8,5,91,42,28,23,14,2,7
2022-319,Kitzbuhel,Clay,32,250,O,20220725,12,O513,,,Sebastian Ofner,R,191,AUT,26.201,235,218,SS25,,,Vitaliy Sachko,R,188,UKR,25.029,265,181,6-4 6-4,3,Q2,69,4,0,54,23,17,25,10,0,0,3,2,60,41,31,7,10,3,5
2022-439,Umag,Clay,32,250,O,20220725,1,MW02,,,Corentin Moutet,L,180,FRA,23.266,116,487,SP80,,,Nino Serdarusic,R,191,CRO,25.613,175,300,6-3 6-3,3,Q1,87,1,4,53,38,28,8,9,2,3,2,3,49,23,19,10,9,5,9
2022-439,Umag,Clay,32,250,O,20220725,2,GB93,,,Norbert Gombos,R,193,SVK,31.948,117,484,R960,,,Fernando Romboli,R,180,BRA,33.552,,,6-1 6-2,3,Q1,62,4,2,43,19,16,15,7,0,0,4,7,47,24,15,3,8,3,8
2022-439,Umag,Clay,32,250,O,20220725,3,Y218,3,,Elias Ymer,R,185,SWE,26.289,128,424,BC76,,,Nicolas Barrientos,R,175,COL,35.253,350,124,6-4 6-7(4) 7-5,3,Q1,159,9,17,117,61,45,23,17,7,12,2,8,118,72,41,23,17,7,14
2022-439,Umag,Clay,32,250,O,20220725,4,SA93,,,Andreas Seppi,R,191,ITA,38.423,180,294,C0E9,4,,Flavio Cobolli,R,183,ITA,20.219,133,409,6-1 6-7(3) 6-4,3,Q1,150,1,2,99,51,35,27,14,7,9,5,5,93,48,32,21,15,7,13
2022-439,Umag,Clay,32,250,O,20220725,5,PH42,,,Matija Pecotic,L,185,CRO,33.06,677,31,TA12,5,,Stefano Travaglia,R,185,ITA,30.574,155,352,6-0 6-1,3,Q1,58,2,0,40,21,17,14,7,1,1,0,1,37,15,8,6,6,3,8
2022-439,Umag,Clay,32,250,O,20220725,6,AA27,,,Franco Agamenone,R,191,ITA,29.276,136,398,HA28,,,Filip Horansky,R,191,SVK,29.544,193,276,7-5 6-4,3,Q1,121,1,3,79,49,31,14,11,7,10,0,4,76,54,33,6,11,8,13
2022-439,Umag,Clay,32,250,O,20220725,7,CF01,,,Marco Cecchinato,R,185,ITA,29.815,151,362,BM45,,,Domagoj Biljesko,R,191,CRO,25.073,933,12,6-3 6-1,3,Q1,65,6,0,37,24,21,11,8,0,0,1,5,61,40,22,7,8,7,11
2022-439,Umag,Clay,32,250,O,20220725,8,Z0A1,,,Giulio Zeppieri,L,183,ITA,20.63,168,318,SD32,,,Gilles Simon,R,183,FRA,37.574,182,292,4-6 6-3 7-5,3,Q1,165,4,3,97,57,39,20,16,4,8,2,2,92,61,39,14,15,7,12
2022-439,Umag,Clay,32,250,O,20220725,9,MW02,,,Corentin Moutet,L,180,FRA,23.266,116,487,PH42,,,Matija Pecotic,L,185,CRO,33.06,677,31,7-5 6-4,3,Q2,112,5,3,66,44,28,14,11,3,5,1,2,69,45,28,13,11,6,10
2022-439,Umag,Clay,32,250,O,20220725,10,AA27,,,Franco Agamenone,R,191,ITA,29.276,136,398,GB93,,,Norbert Gombos,R,193,SVK,31.948,117,484,6-4 1-6 7-5,3,Q2,161,6,2,93,62,38,19,14,9,12,1,8,97,54,42,19,15,5,8
2022-439,Umag,Clay,32,250,O,20220725,11,Z0A1,,,Giulio Zeppieri,L,183,ITA,20.63,168,318,Y218,3,,Elias Ymer,R,185,SWE,26.289,128,424,4-6 6-1 6-4,3,Q2,128,4,2,85,54,42,19,14,4,5,4,3,83,39,30,21,13,2,5
2022-439,Umag,Clay,32,250,O,20220725,12,CF01,,,Marco Cecchinato,R,185,ITA,29.815,151,362,SA93,,,Andreas Seppi,R,191,ITA,38.423,180,294,W/O,3,Q2,,,,,,,,,,,,,,,,,,,
2022-6116,Atlanta,Hard,32,250,O,20220725,1,ME82,,,Adrian Mannarino,L,180,FRA,34.07,78,655,A829,,,Radu Albot,R,175,MDA,32.701,114,502,6-4 2-6 6-2,3,Q1,137,9,2,85,54,35,15,13,3,6,8,5,88,51,30,19,13,7,11
2022-6116,Atlanta,Hard,32,250,O,20220725,2,J386,,,Steve Johnson,R,188,USA,32.583,91,582,K0HN,,,Bruno Kuzuhara,R,175,USA,18.313,739,24,4-6 7-6(6) 6-3,3,Q1,134,12,3,97,59,44,22,15,5,8,7,4,110,83,57,12,16,2,6
2022-6116,Atlanta,Hard,32,250,O,20220725,3,D0CO,4,,Jack Draper,L,193,GBR,20.589,85,623,E865,,,Christopher Eubanks,R,201,USA,26.22,153,356,6-4 5-7 6-4,3,Q1,133,5,3,92,65,51,15,16,3,4,15,3,92,62,51,12,16,7,9
2022-6116,Atlanta,Hard,32,250,O,20220725,4,G967,,,Peter Gojowczyk,R,188,GER,33.027,88,607,E873,,,Ernesto Escobedo,R,185,MEX,26.056,158,346,3-6 6-4 6-1,3,Q1,90,17,4,83,47,40,18,13,7,8,7,1,64,48,33,10,13,0,3
2022-6116,Atlanta,Hard,32,250,O,20220725,5,DA81,,,Taro Daniel,R,191,JPN,29.489,101,535,BE90,,,Ricardas Berankis,R,175,LTU,32.093,102,532,6-3 7-6(4),3,Q1,104,9,2,73,39,29,20,11,4,5,2,6,60,30,23,16,10,0,2
2022-6116,Atlanta,Hard,32,250,O,20220725,6,RB56,,,Ramkumar Ramanathan,R,188,IND,27.71,229,226,KE64,7,,Stefan Kozlov,R,183,USA,24.476,113,504,6-0 6-1,3,Q1,60,3,1,40,30,22,7,7,3,3,1,3,43,29,15,1,6,8,13
2022-6116,Atlanta,Hard,32,250,O,20220725,7,Y124,,,Donald Young,L,183,USA,33.005,646,34,W09G,8,,J.J. Wolf,R,183,USA,23.592,103,531,4-6 6-4 3-1 RET,3,Q1,117,5,3,85,58,41,16,12,7,8,10,5,83,39,26,28,12,3,5
2022-6116,Atlanta,Hard,32,250,O,20220725,8,KE73,,,Dominik Koepfer,L,180,GER,28.238,141,386,GH92,,,Borna Gojo,R,196,CRO,24.405,196,269,6-2 7-5,3,Q1,80,2,1,60,41,29,13,10,1,2,10,1,73,49,30,10,10,7,11
2022-6116,Atlanta,Hard,32,250,O,20220725,9,DA81,,,Taro Daniel,R,191,JPN,29.489,101,535,ME82,,,Adrian Mannarino,L,180,FRA,34.07,78,655,6-4 6-3,3,Q2,86,10,2,59,32,26,17,10,2,2,3,1,51,32,24,6,9,0,2
2022-6116,Atlanta,Hard,32,250,O,20220725,10,G967,,,Peter Gojowczyk,R,188,GER,33.027,88,607,J386,,,Steve Johnson,R,188,USA,32.583,91,582,7-6(4) 6-2,3,Q2,77,10,2,58,28,26,16,10,0,1,11,0,69,47,34,9,10,3,6
2022-6116,Atlanta,Hard,32,250,O,20220725,11,RB56,,,Ramkumar Ramanathan,R,188,IND,27.71,229,226,D0CO,4,,Jack Draper,L,193,GBR,20.589,85,623,7-6(6) 3-6 7-6(2),3,Q2,133,19,2,93,65,56,18,16,0,1,12,4,102,58,48,28,17,2,2
2022-6116,Atlanta,Hard,32,250,O,20220725,12,KE73,,,Dominik Koepfer,L,180,GER,28.238,141,386,Y124,,,Donald Young,L,183,USA,33.005,646,34,6-1 4-6 6-3,3,Q2,108,3,4,86,62,42,10,13,3,6,0,3,72,50,24,11,13,4,10
2022-418,Washington,Hard,64,500,O,20220801,1,DA81,,,Taro Daniel,R,191,JPN,29.509,94,557,RC96,,,Noah Rubin,R,175,USA,26.442,512,58,6-2 6-0,3,Q1,57,3,2,37,19,17,12,7,0,0,1,2,44,26,11,7,7,8,13
2022-418,Washington,Hard,64,500,O,20220801,2,KE73,,,Dominik Koepfer,L,180,GER,28.257,145,392,C0KV,,,Ryan Colby,R,180,USA,18.869,1551,2,6-0 6-0,3,Q1,43,3,0,28,16,13,11,6,0,0,1,5,38,20,9,3,6,3,9
2022-418,Washington,Hard,64,500,O,20220801,3,MP01,,,Michael Mmoh,R,188,USA,24.556,162,338,SL09,,,Raymond Sarmiento,R,178,USA,30.021,961,10,6-4 6-2,3,Q1,81,8,5,52,33,29,9,9,1,1,2,0,69,49,29,9,9,8,11
2022-418,Washington,Hard,64,500,O,20220801,4,KC12,4,,Mitchell Krueger,R,188,USA,28.55,171,312,BH02,,,Sekou Bangoura,R,183,USA,30.702,535,52,7-5 6-4,3,Q1,93,7,2,63,42,30,12,11,2,4,1,2,69,38,21,19,11,5,9
2022-418,Washington,Hard,64,500,O,20220801,5,E768,5,,Antoine Escoffier,R,185,FRA,30.42,189,280,MJ01,,,Roberto Marcora,R,193,ITA,32.92,556,49,7-6(9) 6-0,3,Q1,103,4,4,69,41,35,12,9,4,5,5,9,85,46,30,15,9,8,12
2022-418,Washington,Hard,64,500,O,20220801,6,W857,,,Tung-Lin Wu,R,188,TPE,24.222,182,294,K0HS,,,Benjamin Kittay,R,193,USA,18.93,1735,1,6-3 6-3,3,Q1,65,2,1,52,36,29,9,9,0,0,4,2,49,25,15,13,9,4,7
2022-418,Washington,Hard,64,500,O,20220801,7,SM09,,,Luke Saville,R,188,AUS,28.578,1076,6,F811,7,,Bjorn Fratangelo,R,183,USA,29.035,214,241,7-6(4) 6-2,3,Q1,91,8,6,80,52,38,11,10,2,4,7,3,65,40,26,12,10,2,6
2022-418,Washington,Hard,64,500,O,20220801,8,GH92,,,Borna Gojo,R,196,CRO,24.424,198,265,G09V,,,Robert Galloway,R,188,USA,29.851,1406,2,6-3 6-4,3,Q1,53,9,1,49,38,32,8,10,0,0,9,5,60,38,25,9,9,2,4
2022-418,Washington,Hard,64,500,O,20220801,9,WB08,,,Yosuke Watanuki,R,180,JPN,24.304,239,212,F0CK,,,Andrew Fenty,R,193,USA,22.398,1612,1,7-5 1-0 RET,3,Q1,88,3,2,37,19,15,9,6,1,2,2,5,65,35,20,15,7,7,10
2022-418,Washington,Hard,64,500,O,20220801,10,RG42,10,,Alex Rybakov,L,185,USA,25.509,294,165,KD35,,,Thai-Son Kwiatkowski,R,188,USA,27.463,561,47,4-6 6-1 6-3,3,Q1,90,10,1,59,42,37,13,13,3,4,2,5,77,39,22,22,13,1,5
2022-418,Washington,Hard,64,500,O,20220801,11,M0HU,11,,Shintaro Mochizuki,R,175,JPN,19.165,353,122,L0AI,,,Alex Lawson,L,191,USA,28.498,1406,2,6-1 6-2,3,Q1,58,2,3,44,21,18,14,7,3,3,1,3,56,39,22,5,8,8,13
2022-418,Washington,Hard,64,500,O,20220801,12,AB71,12,,JC Aragone,R,178,USA,27.094,497,65,K0HN,,,Bruno Kuzuhara,R,175,USA,18.333,748,23,6-3 6-7(3) 6-4,3,Q1,139,4,7,100,69,50,12,15,2,4,0,6,104,65,42,19,16,4,9
2022-418,Washington,Hard,64,500,O,20220801,13,DA81,,,Taro Daniel,R,191,JPN,29.509,94,557,RG42,10,,Alex Rybakov,L,185,USA,25.509,294,165,6-3 6-4,3,Q2,78,6,0,46,30,28,12,10,0,0,6,8,57,38,29,6,9,2,4
2022-418,Washington,Hard,64,500,O,20220801,14,KE73,,,Dominik Koepfer,L,180,GER,28.257,145,392,M0HU,11,,Shintaro Mochizuki,R,175,JPN,19.165,353,122,6-3 6-4,3,Q2,92,0,1,70,47,30,12,10,2,4,2,7,61,25,20,11,9,4,8
2022-418,Washington,Hard,64,500,O,20220801,15,MP01,,,Michael Mmoh,R,188,USA,24.556,162,338,AB71,12,,JC Aragone,R,178,USA,27.094,497,65,6-3 6-1,3,Q2,72,7,3,52,34,26,9,8,2,2,1,4,45,28,14,6,8,5,9
2022-418,Washington,Hard,64,500,O,20220801,16,WB08,,,Yosuke Watanuki,R,180,JPN,24.304,239,212,KC12,4,,Mitchell Krueger,R,188,USA,28.55,171,312,7-6(1) 6-3,3,Q2,102,11,5,70,40,34,18,11,2,2,8,1,67,42,29,14,10,2,3
2022-418,Washington,Hard,64,500,O,20220801,17,GH92,,,Borna Gojo,R,196,CRO,24.424,198,265,E768,5,,Antoine Escoffier,R,185,FRA,30.42,189,280,7-5 6-3,3,Q2,86,9,3,66,40,28,14,11,1,3,2,5,55,33,22,8,10,5,9
2022-418,Washington,Hard,64,500,O,20220801,18,W857,,,Tung-Lin Wu,R,188,TPE,24.222,182,294,SM09,,,Luke Saville,R,188,AUS,28.578,1076,6,6-2 7-5,3,Q2,83,9,0,59,48,34,8,10,5,6,4,4,74,38,27,13,10,4,8
2022-7480,Los Cabos,Hard,32,250,O,20220801,1,U120,,,Kaichi Uchida,R,180,JPN,27.94,175,304,E690,,,Matthew Ebden,R,188,AUS,34.68,643,34,6-2 6-2,3,Q1,67,4,0,40,19,17,15,8,0,0,0,6,61,31,19,11,8,6,10
2022-7480,Los Cabos,Hard,32,250,O,20220801,2,H0BH,,,Rinky Hijikata,R,178,AUS,21.435,224,229,GB41,,,Juan Sebastian Gomez,,,COL,30.407,580,44,6-2 6-3,3,Q1,84,6,2,59,28,23,18,9,4,4,0,5,60,37,25,7,8,7,10
2022-7480,Los Cabos,Hard,32,250,O,20220801,3,PH71,,,Max Purcell,R,185,AUS,24.329,234,218,B0OP,,,Emilio Bravo,,,MEX,,,,6-2 6-1,3,Q1,51,4,1,42,31,23,8,7,2,2,0,4,45,24,11,10,8,3,8
2022-7480,Los Cabos,Hard,32,250,O,20220801,4,CF10,,,Nick Chappell,L,178,USA,29.864,500,65,J620,4,,Maxime Janvier,R,196,FRA,25.785,283,172,6-3 6-4,3,Q1,77,1,1,58,30,23,20,10,1,1,3,5,58,32,25,13,9,1,3
2022-7480,Los Cabos,Hard,32,250,O,20220801,5,V821,,,Gonzalo Villanueva,R,175,ARG,27.548,279,174,A0IY,,,Luis Carlos Alvarez,R,175,MEX,17.908,1435,2,6-1 6-2,3,Q1,75,0,2,50,30,18,10,7,4,6,0,1,50,34,12,4,8,3,10
2022-7480,Los Cabos,Hard,32,250,O,20220801,6,KD70,,,Pedja Krstin,R,183,SRB,27.91,450,83,BV27,6,,Ulises Blanch,R,188,USA,24.353,338,132,6-4 6-2,3,Q1,74,2,2,53,38,29,8,9,4,5,1,4,61,32,18,14,9,5,9
2022-7480,Los Cabos,Hard,32,250,O,20220801,7,BC76,,,Nicolas Barrientos,R,175,COL,35.272,355,121,PM13,,,Michail Pervolarakis,R,193,GRE,26.152,379,112,6-3 6-4,3,Q1,93,2,5,76,47,29,14,10,9,12,9,4,62,36,23,8,9,7,12
2022-7480,Los Cabos,Hard,32,250,O,20220801,8,DF88,8,,Aziz Dougaz,L,188,TUN,25.35,351,123,DB93,,,Matias Franco Descotte,R,191,ARG,27.923,473,74,6-1 7-6(1),3,Q1,81,5,1,53,34,27,13,10,0,1,0,4,61,38,25,7,9,5,8
2022-7480,Los Cabos,Hard,32,250,O,20220801,9,U120,,,Kaichi Uchida,R,180,JPN,27.94,175,304,BC76,,,Nicolas Barrientos,R,175,COL,35.272,355,121,6-1 4-6 6-4,3,Q2,125,6,6,95,59,42,21,13,9,10,4,5,94,58,38,16,14,1,5
2022-7480,Los Cabos,Hard,32,250,O,20220801,10,H0BH,,,Rinky Hijikata,R,178,AUS,21.435,224,229,V821,,,Gonzalo Villanueva,R,175,ARG,27.548,279,174,6-4 6-3,3,Q2,88,6,3,65,37,27,15,10,2,3,0,3,59,35,23,10,9,4,7
2022-7480,Los Cabos,Hard,32,250,O,20220801,11,PH71,,,Max Purcell,R,185,AUS,24.329,234,218,KD70,,,Pedja Krstin,R,183,SRB,27.91,450,83,6-4 6-1,3,Q2,67,11,2,46,32,27,10,9,0,0,2,2,51,28,17,12,8,4,7
2022-7480,Los Cabos,Hard,32,250,O,20220801,12,CF10,,,Nick Chappell,L,178,USA,29.864,500,65,DF88,8,,Aziz Dougaz,L,188,TUN,25.35,351,123,7-5 7-6(5),3,Q2,128,1,0,91,65,38,16,12,5,8,7,9,78,48,32,12,12,1,5
2022-421,Canada Masters,Hard,64,M,O,20220808,1,GC88,,,Marcos Giron,R,180,USA,29.04,57,801,KB95,,,Jason Kubler,R,178,AUS,29.221,119,476,7-6(4) 6-3,3,Q1,109,3,3,73,38,33,20,11,4,4,4,3,72,44,31,15,10,5,6
2022-421,Canada Masters,Hard,64,M,O,20220808,2,F510,,,Fabio Fognini,R,178,ITA,35.209,60,766,SM18,,,Kelsey Stevenson,R,183,CAN,32.194,823,18,6-3 6-1,3,Q1,57,2,4,45,28,23,11,8,2,2,1,3,48,28,17,7,8,5,9
2022-421,Canada Masters,Hard,64,M,O,20220808,3,HH06,,,Marc-Andrea Huesler,L,196,SUI,26.122,111,497,SH90,3,,Joao Sousa,R,185,POR,33.358,58,786,6-3 7-6(2),3,Q1,91,15,2,70,44,37,13,11,2,2,3,4,68,43,32,10,10,5,6
2022-421,Canada Masters,Hard,64,M,O,20220808,4,D0F6,,,Gabriel Diallo,R,203,CAN,20.871,669,31,D994,4,,James Duckworth,R,183,AUS,30.546,62,737,6-3 7-6(5),3,Q1,91,8,2,66,44,32,16,11,1,2,7,0,58,35,27,13,10,1,3
2022-421,Canada Masters,Hard,64,M,O,20220808,5,ME82,,,Adrian Mannarino,L,180,FRA,34.108,70,671,PH71,,,Max Purcell,R,185,AUS,24.348,213,242,7-5 7-6(6),3,Q1,133,11,1,72,40,33,17,12,2,4,8,3,103,61,44,15,12,8,11
2022-421,Canada Masters,Hard,64,M,O,20220808,6,RC91,,,Arthur Rinderknech,R,196,FRA,27.044,67,695,A09W,,,Juan Carlos Aguilar,R,170,CAN,23.715,985,9,6-3 6-7(8) 6-4,3,Q1,175,17,0,100,65,49,22,15,7,8,4,4,112,68,38,31,16,5,9
2022-421,Canada Masters,Hard,64,M,O,20220808,7,HB64,7,,Quentin Halys,R,191,FRA,25.782,75,659,BE90,,,Ricardas Berankis,R,175,LTU,32.131,98,532,6-1 3-6 6-3,3,Q1,97,14,5,66,34,31,20,13,0,1,2,4,81,54,36,14,12,8,11
2022-421,Canada Masters,Hard,64,M,O,20220808,8,G09O,,,Hugo Gaston,L,173,FRA,21.864,76,657,MP01,,,Michael Mmoh,R,188,USA,24.575,159,348,3-0 RET,3,Q1,11,1,0,13,6,4,5,2,0,0,0,1,4,2,0,0,1,0,1
2022-421,Canada Masters,Hard,64,M,O,20220808,9,KF17,9,,Soonwoo Kwon,R,180,KOR,24.682,81,640,E690,,,Matthew Ebden,R,188,AUS,34.7,643,34,6-1 7-6(1),3,Q1,84,4,1,63,35,25,20,10,4,5,9,7,63,39,25,9,9,5,8
2022-421,Canada Masters,Hard,64,M,O,20220808,10,AE14,10,,Daniel Altmaier,R,188,GER,23.904,79,645,W0DP,,,Jaden Weekes,L,183,CAN,17.941,,,6-3 6-4,3,Q1,88,3,3,55,31,27,13,10,0,0,3,4,63,44,29,8,9,6,8
2022-421,Canada Masters,Hard,64,M,O,20220808,11,D0CO,,,Jack Draper,L,193,GBR,20.627,82,639,MJ01,,,Roberto Marcora,R,193,ITA,32.939,551,49,6-3 6-0,3,Q1,60,10,5,42,26,24,9,8,0,0,3,1,53,32,18,9,7,4,8
2022-421,Canada Masters,Hard,64,M,O,20220808,12,PD31,,,Benoit Paire,R,196,FRA,33.251,104,511,KB09,12,,Denis Kudla,R,180,USA,29.974,96,555,6-4 6-4,3,Q1,82,13,8,66,36,30,12,10,3,4,4,6,75,46,34,9,10,9,12
2022-421,Canada Masters,Hard,64,M,O,20220808,13,P09Z,13,,Alexei Popyrin,R,196,AUS,23.009,80,644,D916,,,Steven Diez,R,175,CAN,31.395,443,87,6-3 7-6(4),3,Q1,98,11,1,67,36,29,21,11,4,5,2,1,58,31,23,17,10,3,5
2022-421,Canada Masters,Hard,64,M,O,20220808,14,DA81,14,,Taro Daniel,R,191,JPN,29.528,95,558,D0DP,,,Liam Draxl,R,185,CAN,20.674,500,64,6-4 6-2,3,Q1,84,3,1,42,25,23,13,9,0,0,1,4,52,36,24,7,9,0,3
2022-421,Canada Masters,Hard,64,M,O,20220808,15,GC88,,,Marcos Giron,R,180,USA,29.04,57,801,P09Z,13,,Alexei Popyrin,R,196,AUS,23.009,80,644,6-4 6-7(10) 6-1,3,Q2,139,12,2,91,58,49,22,15,3,3,11,5,97,59,43,20,14,2,5
2022-421,Canada Masters,Hard,64,M,O,20220808,16,F510,,,Fabio Fognini,R,178,ITA,35.209,60,766,AE14,10,,Daniel Altmaier,R,188,GER,23.904,79,645,6-3 4-6 6-2,3,Q2,136,3,10,82,41,30,24,13,5,6,5,5,90,59,43,12,14,6,10
2022-421,Canada Masters,Hard,64,M,O,20220808,17,ME82,,,Adrian Mannarino,L,180,FRA,34.108,70,671,KF17,9,,Soonwoo Kwon,R,180,KOR,24.682,81,640,1-6 6-4 6-3,3,Q2,129,2,4,74,42,24,16,13,3,8,3,3,74,37,22,20,13,5,10
2022-421,Canada Masters,Hard,64,M,O,20220808,18,RC91,,,Arthur Rinderknech,R,196,FRA,27.044,67,695,DA81,14,,Taro Daniel,R,191,JPN,29.528,95,558,6-4 6-4,3,Q2,121,5,1,71,41,29,14,10,6,8,7,3,71,43,28,11,10,7,11
2022-421,Canada Masters,Hard,64,M,O,20220808,19,D0CO,,,Jack Draper,L,193,GBR,20.627,82,639,HB64,7,,Quentin Halys,R,191,FRA,25.782,75,659,3-1 RET,3,Q2,16,3,1,10,6,6,2,2,0,0,0,2,12,6,3,1,2,0,1
2022-421,Canada Masters,Hard,64,M,O,20220808,20,G09O,,,Hugo Gaston,L,173,FRA,21.864,76,657,D0F6,,,Gabriel Diallo,R,203,CAN,20.871,669,31,6-2 2-1 RET,3,Q2,58,2,1,37,21,18,9,5,3,3,2,4,37,22,13,6,6,2,5
2022-421,Canada Masters,Hard,64,M,O,20220808,21,PD31,,,Benoit Paire,R,196,FRA,33.251,104,511,HH06,,,Marc-Andrea Huesler,L,196,SUI,26.122,111,497,6-3 3-6 6-1,3,Q2,102,10,7,81,44,38,15,13,5,7,7,6,84,53,35,10,12,7,11
2022-422,Cincinnati Masters,Hard,64,M,O,20220814,1,M0EJ,,,Lorenzo Musetti,R,185,ITA,20.449,30,1297,AE14,,,Daniel Altmaier,R,188,GER,23.921,79,645,6-7(5) 6-4 6-3,3,Q1,167,3,3,105,65,46,22,16,8,11,5,1,103,64,45,16,15,7,12
2022-422,Cincinnati Masters,Hard,64,M,O,20220814,2,I305,3,,Ilya Ivashka,R,193,BLR,28.468,50,915,SM25,,,Jack Sock,R,191,USA,29.886,107,505,6-2 6-3,3,Q1,77,7,1,51,36,28,11,9,3,3,4,4,50,22,15,15,8,6,9
2022-422,Cincinnati Masters,Hard,64,M,O,20220814,3,T0AP,,,Chun-Hsin Tseng,R,175,TPE,21.016,83,622,MO44,4,,Pedro Martinez,R,185,ESP,25.3,53,860,7-5 4-6 6-1,3,Q1,185,9,7,97,52,39,19,15,4,8,1,8,122,70,42,21,14,17,23
2022-422,Cincinnati Masters,Hard,64,M,O,20220814,4,SU87,,,Lorenzo Sonego,R,191,ITA,27.261,55,810,MH30,,,John Millman,R,183,AUS,33.166,93,561,7-5 6-2,3,Q1,97,2,3,62,35,25,18,10,5,6,1,1,62,41,25,10,10,6,10
2022-422,Cincinnati Masters,Hard,64,M,O,20220814,5,MU94,,,Jaume Munar,R,183,ESP,25.276,56,809,O483,,,Christopher O'Connell,R,183,AUS,28.197,110,498,6-4 6-7(3) 6-1,3,Q1,150,5,9,109,64,48,20,15,7,9,6,2,97,60,37,19,14,5,10
2022-422,Cincinnati Masters,Hard,64,M,O,20220814,6,GC88,,,Marcos Giron,R,180,USA,29.057,57,801,KB09,,,Denis Kudla,R,180,USA,29.99,96,555,6-3 6-2,3,Q1,76,5,2,66,43,34,10,9,4,4,0,2,42,23,17,9,8,1,4
2022-422,Cincinnati Masters,Hard,64,M,O,20220814,7,F510,,,Fabio Fognini,R,178,ITA,35.225,60,766,KF17,,,Soonwoo Kwon,R,180,KOR,24.698,81,640,5-7 6-4 7-6(3),3,Q1,150,2,6,101,53,35,31,17,0,4,10,6,112,65,45,25,17,7,11
2022-422,Cincinnati Masters,Hard,64,M,O,20220814,8,GB88,,,David Goffin,R,180,BEL,31.685,61,745,G09O,,,Hugo Gaston,L,173,FRA,21.881,76,657,6-1 6-0,3,Q1,46,6,1,48,32,23,9,7,5,5,2,2,29,18,6,3,6,1,6
2022-422,Cincinnati Masters,Hard,64,M,O,20220814,9,MJ08,11,,Thiago Monteiro,L,183,BRA,28.205,64,716,N0AM,,,Emilio Nava,R,185,USA,20.698,200,259,6-3 6-0,3,Q1,64,4,1,47,28,24,9,7,3,3,3,2,44,27,15,6,8,3,8
2022-422,Cincinnati Masters,Hard,64,M,O,20220814,10,L987,12,,Dusan Lajovic,R,183,SRB,32.123,68,690,KE64,,,Stefan Kozlov,R,183,USA,24.531,113,493,6-3 7-5,3,Q1,106,2,3,65,36,27,14,11,1,3,1,1,54,37,20,11,10,1,5
2022-422,Cincinnati Masters,Hard,64,M,O,20220814,11,J386,,,Steve Johnson,R,188,USA,32.638,118,478,ME82,13,,Adrian Mannarino,L,180,FRA,34.125,70,671,6-3 7-5,3,Q1,95,9,6,64,29,26,18,11,4,5,0,4,67,36,20,18,10,5,8
2022-422,Cincinnati Masters,Hard,64,M,O,20220814,12,KD46,,,Thanasi Kokkinakis,R,193,AUS,26.344,71,671,PD31,,,Benoit Paire,R,196,FRA,33.268,104,511,7-6(2) 3-1 RET,3,Q1,69,11,1,45,30,27,7,8,1,2,7,7,63,35,27,9,8,3,5
2022-422,Cincinnati Masters,Hard,64,M,O,20220814,13,KA98,,,Bradley Klahn,L,183,USA,31.984,,,P09Z,,,Alexei Popyrin,R,196,AUS,23.025,80,644,7-5 7-6(3),3,Q1,96,2,4,73,43,36,16,12,2,3,9,2,81,52,38,18,12,5,7
2022-422,Cincinnati Masters,Hard,64,M,O,20220814,14,L949,,,Henri Laaksonen,R,185,SUI,30.371,102,514,DA81,,,Taro Daniel,R,191,JPN,29.544,95,558,6-4 7-5,3,Q1,106,3,5,81,44,32,14,11,6,8,4,6,80,40,24,20,11,7,11
2022-422,Cincinnati Masters,Hard,64,M,O,20220814,15,M0EJ,,,Lorenzo Musetti,R,185,ITA,20.449,30,1297,L987,12,,Dusan Lajovic,R,183,SRB,32.123,68,690,6-4 6-4,3,Q2,139,1,2,73,43,33,11,10,6,8,0,1,66,45,25,11,10,6,10
2022-422,Cincinnati Masters,Hard,64,M,O,20220814,16,KD46,,,Thanasi Kokkinakis,R,193,AUS,26.344,71,671,I305,3,,Ilya Ivashka,R,193,BLR,28.468,50,915,7-5 1-6 7-5,3,Q2,191,14,4,98,49,39,20,15,4,8,4,4,103,54,37,25,16,3,7
2022-422,Cincinnati Masters,Hard,64,M,O,20220814,17,SU87,,,Lorenzo Sonego,R,191,ITA,27.261,55,810,KA98,,,Bradley Klahn,L,183,USA,31.984,,,6-2 6-4,3,Q2,85,3,0,52,35,23,14,9,1,1,2,2,52,32,20,10,9,2,5
2022-422,Cincinnati Masters,Hard,64,M,O,20220814,18,MU94,,,Jaume Munar,R,183,ESP,25.276,56,809,J386,,,Steve Johnson,R,188,USA,32.638,118,478,3-6 6-3 6-4,3,Q2,111,8,5,71,45,33,17,14,0,2,7,4,95,47,35,22,14,3,6
2022-422,Cincinnati Masters,Hard,64,M,O,20220814,19,GC88,,,Marcos Giron,R,180,USA,29.057,57,801,F510,,,Fabio Fognini,R,178,ITA,35.225,60,766,7-6(9) 7-5,3,Q2,112,4,0,76,47,34,17,12,3,5,8,6,94,53,39,18,12,7,10
2022-422,Cincinnati Masters,Hard,64,M,O,20220814,20,GB88,,,David Goffin,R,180,BEL,31.685,61,745,T0AP,,,Chun-Hsin Tseng,R,175,TPE,21.016,83,622,3-6 6-3 6-0,3,Q2,122,8,4,89,55,38,18,12,8,9,4,3,90,53,35,15,12,8,12
2022-422,Cincinnati Masters,Hard,64,M,O,20220814,21,L949,,,Henri Laaksonen,R,185,SUI,30.371,102,514,MJ08,11,,Thiago Monteiro,L,183,BRA,28.205,64,716,4-6 6-3 6-4,3,Q2,115,9,4,91,58,41,17,15,5,8,2,3,73,44,31,16,14,0,4
2022-6242,Winston-Salem,Hard,64,250,O,20220821,1,GJ37,,,Tallon Griekspoor,R,188,NED,26.136,45,990,PM13,,,Michail Pervolarakis,R,193,GRE,26.207,378,109,3-6 6-4 6-3,3,Q1,128,5,8,85,46,34,15,14,5,9,6,8,98,53,35,19,14,3,8
2022-6242,Winston-Salem,Hard,64,250,O,20220821,2,F724,,,Marton Fucsovics,R,188,HUN,30.533,91,572,M0NP,,,Andres Martin,R,183,USA,21.123,569,44,6-3 6-3,3,Q1,89,2,3,60,29,19,17,9,5,7,1,2,64,45,22,9,9,6,11
2022-6242,Winston-Salem,Hard,64,250,O,20220821,3,DA81,,,Taro Daniel,R,191,JPN,29.563,93,564,PH42,,,Matija Pecotic,L,185,CRO,33.133,633,35,6-1 6-1,3,Q1,72,8,3,48,33,23,7,7,2,3,1,4,51,31,15,3,7,7,13
2022-6242,Winston-Salem,Hard,64,250,O,20220821,4,HH06,,,Marc-Andrea Huesler,L,196,SUI,26.157,104,513,E690,,,Matthew Ebden,R,188,AUS,34.735,644,34,6-4 6-3,3,Q1,64,10,4,49,22,20,17,9,1,1,5,6,56,31,25,10,10,2,5
2022-6242,Winston-Salem,Hard,64,250,O,20220821,5,KB95,,,Jason Kubler,R,178,AUS,29.257,118,475,M0NL,,,Inaki Montes-De La Torre,R,178,ESP,19.882,542,50,7-5 6-3,3,Q1,95,8,4,54,34,28,7,10,1,3,0,1,66,43,21,12,11,5,10
2022-6242,Winston-Salem,Hard,64,250,O,20220821,6,O483,,,Christopher O'Connell,R,183,AUS,28.216,122,460,N762,,,Eduardo Nava,R,180,USA,25.446,792,19,6-2 6-4,3,Q1,83,10,6,49,26,25,10,9,1,2,5,10,65,30,20,14,9,7,11
2022-6242,Winston-Salem,Hard,64,250,O,20220821,7,N0AM,,,Emilio Nava,R,185,USA,20.717,200,253,Y124,,,Donald Young,L,183,USA,33.079,637,35,6-2 6-2,3,Q1,74,4,2,54,29,22,16,8,4,4,3,6,51,21,16,10,8,4,8
2022-6242,Winston-Salem,Hard,64,250,O,20220821,8,M0HU,,,Shintaro Mochizuki,R,175,JPN,19.22,367,114,EA31,,,Melios Efstathiou,R,183,CYP,23.472,964,10,6-3 6-4,3,Q1,94,1,7,56,22,12,18,9,2,6,0,4,72,45,24,9,10,10,17
2022-6242,Winston-Salem,Hard,64,250,O,20220821,9,O483,,,Christopher O'Connell,R,183,AUS,28.216,122,460,GJ37,,,Tallon Griekspoor,R,188,NED,26.136,45,990,7-6(4) 7-6(4),3,Q2,111,9,4,74,50,39,14,12,1,3,7,4,89,56,40,17,12,4,6
2022-6242,Winston-Salem,Hard,64,250,O,20220821,10,KB95,,,Jason Kubler,R,178,AUS,29.257,118,475,F724,,,Marton Fucsovics,R,188,HUN,30.533,91,572,6-4 6-0,3,Q2,89,2,0,61,34,23,17,8,7,7,3,2,50,26,17,8,8,5,9
2022-6242,Winston-Salem,Hard,64,250,O,20220821,11,N0AM,,,Emilio Nava,R,185,USA,20.717,200,253,DA81,,,Taro Daniel,R,191,JPN,29.563,93,564,6-4 3-6 7-5,3,Q2,167,8,2,101,55,35,26,15,6,10,6,3,85,47,31,22,16,5,10
2022-6242,Winston-Salem,Hard,64,250,O,20220821,12,HH06,,,Marc-Andrea Huesler,L,196,SUI,26.157,104,513,M0HU,,,Shintaro Mochizuki,R,175,JPN,19.22,367,114,6-2 6-4,3,Q2,134,4,4,46,23,20,14,9,0,1,0,7,72,34,25,11,9,4,8
2022-560,US Open,Hard,128,G,O,20220829,1,LB66,1,,Constant Lestienne,R,180,FRA,30.267,75,676,VA08,,,Andrea Vavassori,R,193,ITA,27.318,195,278,6-3 6-1,3,Q1,63,1,0,36,22,14,11,8,0,2,2,12,51,26,15,6,8,4,10
2022-560,US Open,Hard,128,G,O,20220829,2,GE33,,,Daniel Elahi Galan,R,191,COL,26.196,94,568,D0FJ,,,Luciano Darderi,R,183,ITA,20.537,177,300,6-3 6-2,3,Q1,58,10,0,42,33,29,7,9,0,0,6,0,50,33,21,7,8,2,5
2022-560,US Open,Hard,128,G,O,20220829,3,S483,,,Pedro Sousa,R,180,POR,34.256,565,48,L949,3,,Henri Laaksonen,R,185,SUI,30.412,97,549,7-5 6-2,3,Q1,74,4,5,54,35,29,10,10,0,1,5,4,67,33,24,11,10,6,10
2022-560,US Open,Hard,128,G,O,20220829,4,CH05,,,Altug Celikbilek,R,183,TUR,25.974,231,219,U182,4,,Camilo Ugo Carabelli,R,185,ARG,23.201,121,455,7-5 6-3,3,Q1,90,5,3,66,41,27,16,11,3,5,3,0,62,41,23,9,10,0,4
2022-560,US Open,Hard,128,G,O,20220829,5,BK24,,,Gregoire Barrere,R,183,FRA,28.531,163,317,V836,5,,Juan Pablo Varillas,R,185,PER,26.897,100,534,6-2 6-2,3,Q1,77,10,3,66,40,33,9,8,5,5,2,1,51,28,14,11,8,4,8
2022-560,US Open,Hard,128,G,O,20220829,6,C0E9,,,Flavio Cobolli,R,183,ITA,20.315,152,360,SX50,6,,Roman Safiullin,R,185,RUS,25.06,101,530,6-4 6-4,3,Q1,86,5,2,64,31,23,20,10,3,4,4,3,58,35,25,10,10,3,6
2022-560,US Open,Hard,128,G,O,20220829,7,BT72,,,Nuno Borges,R,185,POR,25.522,104,513,RG42,,,Alex Rybakov,L,185,USA,25.585,312,155,6-7(4) 7-6(4) 3-0 RET,3,Q1,132,9,1,91,56,40,20,13,0,2,4,5,93,64,43,13,14,3,7
2022-560,US Open,Hard,128,G,O,20220829,8,BF23,,,Facundo Bagnis,L,183,ARG,32.501,105,509,W857,,,Tung-Lin Wu,R,188,TPE,24.298,184,291,4-6 6-1 6-4,3,Q1,123,10,6,90,55,41,16,14,11,14,3,4,87,56,35,14,13,5,10
2022-560,US Open,Hard,128,G,O,20220829,9,BF55,,,Yuki Bhambri,R,185,IND,30.152,558,49,A829,9,,Radu Albot,R,175,MDA,32.797,106,509,7-6(4) 6-4,3,Q1,94,1,3,70,47,29,12,11,1,5,3,1,66,42,22,13,11,0,5
2022-560,US Open,Hard,128,G,O,20220829,10,AA27,10,,Franco Agamenone,R,191,ITA,29.372,125,446,C0DF,,,Francisco Comesana,R,178,ARG,21.895,216,237,4-6 6-3 6-1,3,Q1,131,7,4,89,53,40,14,13,4,7,0,4,87,52,30,14,13,5,11
2022-560,US Open,Hard,128,G,O,20220829,11,MW02,,,Corentin Moutet,L,180,FRA,23.362,112,484,SP80,,,Nino Serdarusic,R,191,CRO,25.708,251,201,6-4 6-2,3,Q1,104,3,4,68,35,24,19,9,5,6,2,2,59,35,16,15,9,5,9
2022-560,US Open,Hard,128,G,O,20220829,12,K09F,,,Pavel Kotov,R,191,RUS,23.778,113,484,MW75,,,Felipe Meligeni Alves,R,185,BRA,24.523,144,380,7-5 6-3,3,Q1,104,12,5,67,39,31,15,11,4,5,2,5,81,44,28,18,10,7,10
2022-560,US Open,Hard,128,G,O,20220829,13,GB93,,,Norbert Gombos,R,193,SVK,32.044,114,479,CI14,,,Jay Clarke,R,183,GBR,24.09,207,249,6-4 6-4,3,Q1,88,3,2,62,32,18,18,10,3,6,2,3,53,23,17,9,10,2,7
2022-560,US Open,Hard,128,G,O,20220829,14,GA36,14,,Emilio Gomez,R,185,ECU,30.752,115,473,KC12,,,Mitchell Krueger,R,188,USA,28.627,172,306,7-6(6) 6-4,3,Q1,107,7,3,70,44,34,15,11,5,6,4,2,65,38,28,15,11,3,5
2022-560,US Open,Hard,128,G,O,20220829,15,TE16,15,,Carlos Taberner,R,183,ESP,25.057,116,473,T0A1,,,Thiago Agustin Tirante,R,185,ARG,21.385,171,307,6-4 6-2,3,Q1,76,3,2,50,26,20,19,9,1,1,2,2,53,34,23,7,9,2,5
2022-560,US Open,Hard,128,G,O,20220829,16,J551,,,Nicolas Jarry,R,201,CHI,26.883,123,448,D0CG,,,Facundo Diaz Acosta,L,183,ARG,21.703,249,204,3-6 6-3 6-4,3,Q1,136,8,5,96,63,48,13,14,5,7,7,5,89,48,34,23,14,5,8
2022-560,US Open,Hard,128,G,O,20220829,17,GF95,,,Hugo Grenier,R,196,FRA,26.434,119,459,Z0A1,,,Giulio Zeppieri,L,183,ITA,20.726,178,299,1-6 6-3 6-4,3,Q1,128,11,6,95,53,39,21,13,10,12,8,3,86,55,39,16,13,6,8
2022-560,US Open,Hard,128,G,O,20220829,18,WB32,,,Yibing Wu,R,183,CHN,22.875,174,301,BE90,18,,Ricardas Berankis,R,175,LTU,32.189,120,456,6-4 6-3,3,Q1,74,3,4,63,38,28,14,10,6,7,2,3,51,25,22,9,9,1,4
2022-560,US Open,Hard,128,G,O,20220829,19,V306,,,Fernando Verdasco,L,188,ESP,38.787,122,454,ML57,,,Gianluca Mager,R,188,ITA,27.743,166,311,7-6(5) 6-3,3,Q1,95,5,4,74,51,38,10,11,3,4,7,6,66,42,31,10,10,2,4
2022-560,US Open,Hard,128,G,O,20220829,20,M0FH,,,Tomas Machac,R,183,CZE,21.875,126,435,KH56,,,Zdenek Kolar,R,183,CZE,25.886,149,368,7-5 4-6 6-1,3,Q1,120,3,1,88,53,37,16,15,6,10,1,3,77,46,26,14,14,2,8
2022-560,US Open,Hard,128,G,O,20220829,21,GH92,,,Borna Gojo,R,196,CRO,24.501,176,300,S0LA,21,,Dominic Stricker,L,183,SUI,20.036,127,432,6-7(3) 7-6(3) 6-3,3,Q1,148,29,6,96,62,55,22,17,0,0,9,4,124,67,50,35,16,11,12
2022-560,US Open,Hard,128,G,O,20220829,22,MJ71,,,Mats Moraing,L,198,GER,30.19,147,372,FA43,22,,Juan Pablo Ficovich,R,188,ARG,25.593,128,430,6-3 6-1,3,Q1,56,10,1,43,24,20,14,8,3,3,4,1,51,32,19,8,8,2,6
2022-560,US Open,Hard,128,G,O,20220829,23,SL28,23,,Jan-Lennard Struff,R,193,GER,32.345,135,408,KA98,,,Bradley Klahn,L,183,USA,32.025,846,16,6-4 4-6 6-2,3,Q1,114,11,13,99,45,37,29,14,7,8,12,5,91,60,40,16,14,9,12
2022-560,US Open,Hard,128,G,O,20220829,24,A0FC,,,Matteo Arnaldi,R,185,ITA,21.514,187,289,PH78,24,,Ryan Peniston,L,180,GBR,26.801,140,397,6-2 2-6 6-2,3,Q1,120,3,7,77,44,28,10,12,6,11,1,3,82,47,25,15,12,5,12
2022-560,US Open,Hard,128,G,O,20220829,25,BI23,25,,Liam Broady,L,183,GBR,28.649,129,421,C0HT,,,Murphy Cassone,R,188,USA,20.036,515,59,3-6 7-6(3) 6-1,3,Q1,149,8,3,95,56,40,21,15,5,9,4,3,83,47,34,14,13,4,8
2022-560,US Open,Hard,128,G,O,20220829,26,PD07,26,,Vasek Pospisil,R,193,CAN,32.183,130,420,N897,,,Sumit Nagal,R,178,IND,25.035,468,77,7-6(2) 6-4,3,Q1,116,14,2,69,38,29,20,11,5,6,1,7,85,61,42,7,11,6,8
2022-560,US Open,Hard,128,G,O,20220829,27,MJ98,27,,Facundo Mena,R,183,ARG,29.933,131,418,S0H2,,,Alexander Shevchenko,R,188,KAZ,21.747,162,318,6-4 7-5,3,Q1,78,6,3,61,35,29,15,11,2,3,2,0,58,36,24,11,11,1,4
2022-560,US Open,Hard,128,G,O,20220829,28,S0K7,,,Zachary Svajda,R,175,USA,19.748,313,154,V832,28,,Aleksandar Vukic,R,188,AUS,26.396,132,415,7-5 6-4,3,Q1,95,5,2,66,42,26,13,11,3,6,3,1,66,30,17,19,11,5,10
2022-560,US Open,Hard,128,G,O,20220829,29,MN20,,,Daniel Masur,R,183,GER,27.811,190,284,Y218,29,,Elias Ymer,R,185,SWE,26.385,133,411,7-6(4) 2-6 7-6(6),3,Q1,151,10,6,104,58,47,20,16,3,6,17,8,119,70,57,20,16,5,6
2022-560,US Open,Hard,128,G,O,20220829,30,D874,,,Federico Delbonis,L,193,ARG,31.899,134,408,P09O,,,Zsombor Piros,R,180,HUN,22.877,158,338,7-6(10) 6-0,3,Q1,101,4,4,68,41,33,14,9,3,4,3,6,85,41,28,19,9,7,11
2022-560,US Open,Hard,128,G,O,20220829,31,DB59,31,,Dennis Novak,R,183,AUT,29.002,136,407,K0AZ,,,Aleksandar Kovacevic,R,183,USA,24,204,253,7-6(6) 6-1,3,Q1,78,4,3,63,34,29,18,10,1,1,9,5,61,34,26,13,9,1,3
2022-560,US Open,Hard,128,G,O,20220829,32,Z371,,,Zhizhen Zhang,R,193,CHN,25.867,137,401,TA29,,,Marco Trungelliti,R,178,ARG,32.575,179,298,6-4 6-4,3,Q1,79,8,1,66,39,32,12,10,4,5,5,4,54,26,19,14,10,1,4
2022-560,US Open,Hard,128,G,O,20220829,33,BU13,,,Zizou Bergs,R,185,BEL,23.239,154,353,O376,,,Renzo Olivo,R,178,ARG,30.456,167,311,6-2 6-4,3,Q1,87,4,3,61,40,33,10,9,4,4,3,7,70,46,28,11,9,8,11
2022-560,US Open,Hard,128,G,O,20220829,34,BU54,,,Geoffrey Blancaneaux,R,180,FRA,24.057,148,371,C0AK,,,Oliver Crawford,R,180,GBR,23.332,321,149,6-3 6-4,3,Q1,80,5,2,61,39,27,11,10,4,6,0,2,44,25,15,10,9,1,5
2022-560,US Open,Hard,128,G,O,20220829,35,BI47,,,Riccardo Bonadio,R,180,ITA,29.128,188,289,F0BT,,,Jonas Forejtek,R,183,CZE,21.47,223,230,6-4 4-6 6-3,3,Q1,130,5,4,105,50,37,30,14,11,12,5,7,87,45,37,20,15,6,9
2022-560,US Open,Hard,128,G,O,20220829,36,BV24,,,Raul Brancaccio,R,183,ITA,25.32,208,246,KE73,,,Dominik Koepfer,L,180,GER,28.334,161,320,7-6(4) 6-4,3,Q1,109,4,4,74,44,35,14,11,3,4,4,1,79,47,33,15,11,5,7
2022-560,US Open,Hard,128,G,O,20220829,37,BO10,,,Gijs Brouwer,L,191,NED,26.459,181,295,E698,,,Gastao Elias,R,180,POR,31.762,200,263,7-6(4) 6-2,3,Q1,95,3,2,68,48,30,12,10,4,6,0,1,74,40,25,17,10,9,13
2022-560,US Open,Hard,128,G,O,20220829,38,CC66,,,Andrea Collarini,L,183,ARG,30.576,212,240,MP83,,,Gian Marco Moroni,R,185,ITA,24.539,238,214,7-6(4) 6-4,3,Q1,119,0,3,80,57,35,11,11,5,9,1,12,77,41,30,8,11,4,9
2022-560,US Open,Hard,128,G,O,20220829,39,CG94,,,Enzo Couacaud,R,183,FRA,27.496,193,280,P0DF,,,Matheus Pucinelli De Almeida,R,183,BRA,21.41,219,234,6-3 6-2,3,Q1,75,5,3,51,30,23,11,9,1,2,3,5,62,39,20,11,8,4,8
2022-560,US Open,Hard,128,G,O,20220829,40,D0C1,,,Jesper de Jong,R,180,NED,22.245,213,238,E768,,,Antoine Escoffier,R,185,FRA,30.497,191,284,7-6(4) 6-1,3,Q1,98,8,4,66,33,24,16,9,3,5,4,8,80,35,24,17,10,9,14
2022-560,US Open,Hard,128,G,O,20220829,41,E865,,,Christopher Eubanks,R,201,USA,26.316,145,376,RH59,,,Santiago Rodriguez Taverna,R,191,ARG,23.121,157,340,6-4 6-4,3,Q1,59,13,0,46,30,26,14,10,0,0,4,3,57,30,25,13,10,1,3
2022-560,US Open,Hard,128,G,O,20220829,42,F811,,,Bjorn Fratangelo,R,183,USA,29.112,215,237,T0DM,,,Juan Bautista Torres,R,178,ARG,20.408,234,217,7-6(4) 3-6 7-6(4),3,Q1,153,9,7,121,73,56,24,17,10,13,2,3,111,80,50,21,16,5,6
2022-560,US Open,Hard,128,G,O,20220829,43,H09P,,,Brandon Holt,R,185,USA,24.397,303,162,MP20,,,Alexandre Muller,R,183,FRA,25.572,143,381,3-6 6-4 7-6(5),3,Q1,145,10,2,97,66,50,15,16,4,7,10,7,99,59,45,16,15,3,5
2022-560,US Open,Hard,128,G,O,20220829,44,J0A4,,,Paul Jubb,R,180,GBR,22.828,206,250,BP41,,,Antoine Bellier,L,196,SUI,25.862,194,279,5-7 6-4 6-4,3,Q1,149,1,8,103,54,35,28,16,8,11,8,8,100,58,43,18,16,9,13
2022-560,US Open,Hard,128,G,O,20220829,45,KC04,,,Jozef Kovalik,R,183,SVK,29.815,201,262,MI43,,,Gerald Melzer,L,188,AUT,32.129,192,280,7-5 6-2,3,Q1,79,4,3,52,31,25,16,10,1,1,7,5,64,45,30,9,10,4,7
2022-560,US Open,Hard,128,G,O,20220829,46,K926,,,Mikhail Kukushkin,R,183,KAZ,34.675,214,237,KC29,,,Nicolas Kicker,R,178,ARG,30.034,240,212,6-3 6-7(4) 4-0 RET,3,Q1,157,3,2,93,63,45,11,13,7,9,2,3,79,49,25,16,12,5,10
2022-560,US Open,Hard,128,G,O,20220829,47,KC33,,,Dimitar Kuzmanov,R,183,BUL,29.087,159,326,N0BG,,,Luca Nardi,R,185,ITA,19.064,175,301,4-6 7-6(5) 6-4,3,Q1,144,8,6,100,56,37,30,16,1,4,6,6,96,62,47,17,16,0,3
2022-560,US Open,Hard,128,G,O,20220829,48,K0HN,,,Bruno Kuzuhara,R,175,USA,18.409,769,23,RB56,,,Ramkumar Ramanathan,R,188,IND,27.806,239,213,6-3 7-5,3,Q1,88,2,2,58,37,26,14,11,1,3,3,5,62,30,18,16,10,1,5
2022-560,US Open,Hard,128,G,O,20220829,49,M0IF,,,Francesco Maestrelli,R,196,ITA,19.688,205,253,GH33,,,Manuel Guinard,R,198,FRA,26.787,151,367,7-5 6-4,3,Q1,105,8,4,77,44,35,16,11,3,4,1,6,76,40,27,18,11,5,8
2022-560,US Open,Hard,128,G,O,20220829,50,MJ01,,,Roberto Marcora,R,193,ITA,32.997,607,41,O660,,,Genaro Alberto Olivieri,R,175,ARG,24.068,241,212,6-4 6-1,3,Q1,89,4,2,63,32,22,18,9,3,4,0,1,45,18,7,15,8,1,5
2022-560,US Open,Hard,128,G,O,20220829,51,MN13,,,Maximilian Marterer,L,188,GER,27.206,156,343,SG56,,,Daniel Dutra da Silva,L,,BRA,34.149,209,244,7-5 6-7(4) 6-2,3,Q1,147,19,3,93,57,46,20,16,1,3,4,5,110,64,47,17,16,12,17
2022-560,US Open,Hard,128,G,O,20220829,52,M0JZ,,,Filip Misolic,R,180,AUT,21.057,141,387,D0DT,,,Martin Damm,L,203,USA,18.913,472,76,6-7(3) 7-6(6) 6-3,3,Q1,153,15,9,112,66,47,30,17,4,5,18,8,108,61,46,26,16,5,7
2022-560,US Open,Hard,128,G,O,20220829,53,N0AL,,,Govind Nanda,R,178,USA,21.528,376,112,A622,,,Andrea Arnaboldi,L,180,ITA,34.672,199,270,4-6 7-5 6-3,3,Q1,165,8,3,101,60,43,19,15,7,10,1,6,112,63,40,23,16,5,10
2022-560,US Open,Hard,128,G,O,20220829,54,O513,,,Sebastian Ofner,R,191,AUT,26.297,218,234,H997,,,Yannick Hanfmann,R,193,GER,30.793,150,367,7-6(7) 5-7 6-4,3,Q1,146,13,5,108,64,48,24,17,2,4,7,5,112,78,59,15,17,4,6
2022-560,US Open,Hard,128,G,O,20220829,55,P0CT,,,Francesco Passaro,R,180,ITA,21.64,146,373,PG94,,,Marc Polmans,R,188,AUS,25.325,615,40,6-4 7-6(2),3,Q1,101,10,2,63,40,32,15,11,0,1,2,0,81,51,33,18,11,4,6
2022-560,US Open,Hard,128,G,O,20220829,56,PG20,,,Dmitry Popko,R,191,KAZ,25.845,232,218,PH64,,,Andrea Pellegrino,R,185,ITA,25.435,164,315,4-6 7-6(3) 6-2,3,Q1,151,7,4,87,44,39,22,15,3,5,3,10,113,58,43,25,15,9,12
2022-560,US Open,Hard,128,G,O,20220829,57,PH71,,,Max Purcell,R,185,AUS,24.405,230,219,MM66,,,Nikola Milojevic,R,188,SRB,27.195,180,298,6-0 6-4,3,Q1,78,6,2,44,21,17,14,8,2,3,2,8,55,32,19,6,8,1,6
2022-560,US Open,Hard,128,G,O,20220829,58,Q02L,,,Ethan Quinn,R,191,USA,18.464,504,61,E873,,,Ernesto Escobedo,R,185,MEX,26.152,169,307,5-7 6-4 6-4,3,Q1,158,9,3,99,54,42,25,16,1,2,11,5,121,75,55,20,16,4,6
2022-560,US Open,Hard,128,G,O,20220829,59,RC04,,,Alexander Ritschard,R,193,SUI,28.433,186,290,FC26,,,Evan Furness,R,173,FRA,24.044,224,229,6-1 6-2,3,Q1,69,7,2,48,29,22,10,7,2,2,5,7,59,32,18,8,8,10,15
2022-560,US Open,Hard,128,G,O,20220829,60,SA93,,,Andreas Seppi,R,191,ITA,38.519,196,277,HA28,,,Filip Horansky,R,191,SVK,29.64,229,220,6-4 5-7 6-2,3,Q1,133,11,4,110,61,46,24,15,8,10,6,2,95,63,39,16,15,4,8
2022-560,US Open,Hard,128,G,O,20220829,61,SD32,,,Gilles Simon,R,183,FRA,37.67,182,294,MP01,,,Michael Mmoh,R,188,USA,24.632,155,348,2-6 7-5 6-1,3,Q1,151,6,1,89,54,31,20,14,3,8,9,4,82,53,34,9,13,1,7
2022-560,US Open,Hard,128,G,O,20220829,62,S0GD,,,Dalibor Svrcina,R,178,CZE,19.907,222,231,LC12,,,Laurent Lokoli,R,188,FRA,27.863,217,237,1-6 6-4 6-2,3,Q1,114,1,3,74,56,36,3,12,1,5,4,8,83,45,31,13,13,3,8
2022-560,US Open,Hard,128,G,O,20220829,63,TA12,,,Stefano Travaglia,R,185,ITA,30.669,189,287,GG65,,,Michael Geerts,R,178,BEL,27.614,237,215,6-3 6-4,3,Q1,89,9,2,58,32,29,16,10,2,2,1,4,70,33,22,19,9,3,5
2022-560,US Open,Hard,128,G,O,20220829,64,U120,,,Kaichi Uchida,R,180,JPN,28.016,168,309,SC56,,,Dudi Sela,R,175,ISR,37.402,,,6-3 6-3,3,Q1,62,3,1,52,34,25,12,9,1,2,2,0,53,31,18,12,9,5,9
2022-560,US Open,Hard,128,G,O,20220829,65,BU54,,,Geoffrey Blancaneaux,R,180,FRA,24.057,148,371,LB66,1,,Constant Lestienne,R,180,FRA,30.267,75,676,6-4 6-7(4) 6-3,3,Q2,176,1,6,107,54,37,26,15,5,8,0,11,112,60,38,26,16,5,11
2022-560,US Open,Hard,128,G,O,20220829,66,GE33,,,Daniel Elahi Galan,R,191,COL,26.196,94,568,PH71,,,Max Purcell,R,185,AUS,24.405,230,219,7-6(6) 6-4,3,Q2,89,5,3,63,40,34,16,11,0,0,10,4,69,42,33,16,11,1,2
2022-560,US Open,Hard,128,G,O,20220829,67,BT72,,,Nuno Borges,R,185,POR,25.522,104,513,N0AL,,,Govind Nanda,R,178,USA,21.528,376,112,6-4 6-4,3,Q2,84,1,2,57,37,24,13,10,0,2,0,0,62,38,24,11,10,8,12
2022-560,US Open,Hard,128,G,O,20220829,68,BF23,,,Facundo Bagnis,L,183,ARG,32.501,105,509,U120,,,Kaichi Uchida,R,180,JPN,28.016,168,309,6-2 6-3,3,Q2,75,9,3,51,29,26,11,9,1,1,4,1,51,26,22,6,8,4,7
2022-560,US Open,Hard,128,G,O,20220829,69,AA27,10,,Franco Agamenone,R,191,ITA,29.372,125,446,MJ01,,,Roberto Marcora,R,193,ITA,32.997,607,41,7-6(3) 2-6 6-1,3,Q2,144,13,9,106,70,48,13,14,11,16,7,7,101,59,41,12,13,10,15
2022-560,US Open,Hard,128,G,O,20220829,70,MW02,,,Corentin Moutet,L,180,FRA,23.362,112,484,M0JZ,,,Filip Misolic,R,180,AUT,21.057,141,387,6-2 6-4,3,Q2,75,1,2,53,33,28,10,9,0,0,0,5,56,29,18,14,9,2,5
2022-560,US Open,Hard,128,G,O,20220829,71,K09F,,,Pavel Kotov,R,191,RUS,23.778,113,484,O513,,,Sebastian Ofner,R,191,AUT,26.297,218,234,6-3 6-4,3,Q2,78,3,2,51,30,25,15,10,0,0,5,3,58,31,23,12,9,2,4
2022-560,US Open,Hard,128,G,O,20220829,72,GB93,,,Norbert Gombos,R,193,SVK,32.044,114,479,PG20,,,Dmitry Popko,R,191,KAZ,25.845,232,218,6-4 4-6 6-2,3,Q2,134,7,4,90,53,41,18,14,4,6,11,5,95,51,37,19,14,7,11
2022-560,US Open,Hard,128,G,O,20220829,73,H09P,,,Brandon Holt,R,185,USA,24.397,303,162,GA36,14,,Emilio Gomez,R,185,ECU,30.752,115,473,2-6 6-3 6-2,3,Q2,132,6,0,99,61,42,14,13,6,10,4,5,77,38,24,17,12,5,10
2022-560,US Open,Hard,128,G,O,20220829,74,MN13,,,Maximilian Marterer,L,188,GER,27.206,156,343,TE16,15,,Carlos Taberner,R,183,ESP,25.057,116,473,6-3 3-6 7-6(6),3,Q2,146,11,8,104,58,43,26,15,7,8,14,4,93,57,46,19,15,2,3
2022-560,US Open,Hard,128,G,O,20220829,75,J551,,,Nicolas Jarry,R,201,CHI,26.883,123,448,F811,,,Bjorn Fratangelo,R,183,USA,29.112,215,237,7-6(4) 4-6 6-3,3,Q2,136,23,6,101,61,49,20,16,1,3,9,2,98,57,38,24,15,3,5
2022-560,US Open,Hard,128,G,O,20220829,76,GF95,,,Hugo Grenier,R,196,FRA,26.434,119,459,P0CT,,,Francesco Passaro,R,180,ITA,21.64,146,373,7-6(12) 6-1,3,Q2,102,7,2,65,41,37,13,10,1,1,2,3,72,43,31,14,9,4,6
2022-560,US Open,Hard,128,G,O,20220829,77,V306,,,Fernando Verdasco,L,188,ESP,38.787,122,454,K926,,,Mikhail Kukushkin,R,183,KAZ,34.675,214,237,7-6(4) 6-3,3,Q2,102,4,5,73,49,34,12,11,4,6,1,1,57,35,24,10,10,1,4
2022-560,US Open,Hard,128,G,O,20220829,78,M0FH,,,Tomas Machac,R,183,CZE,21.875,126,435,KC04,,,Jozef Kovalik,R,183,SVK,29.815,201,262,7-6(6) 6-3,3,Q2,100,7,0,65,37,29,19,11,4,5,5,3,78,42,25,19,10,6,8
2022-560,US Open,Hard,128,G,O,20220829,79,CG94,,,Enzo Couacaud,R,183,FRA,27.496,193,280,SL28,23,,Jan-Lennard Struff,R,193,GER,32.345,135,408,4-6 7-6(3) 6-2,3,Q2,115,13,1,108,75,53,18,15,5,6,13,8,98,56,43,20,15,3,5
2022-560,US Open,Hard,128,G,O,20220829,80,KC33,,,Dimitar Kuzmanov,R,183,BUL,29.087,159,326,BI23,25,,Liam Broady,L,183,GBR,28.649,129,421,4-6 6-1 6-4,3,Q2,131,6,5,94,55,39,23,14,5,6,5,2,72,39,26,20,13,3,6
2022-560,US Open,Hard,128,G,O,20220829,81,SA93,,,Andreas Seppi,R,191,ITA,38.519,196,277,PD07,26,,Vasek Pospisil,R,193,CAN,32.183,130,420,3-6 6-2 7-5,3,Q2,129,4,5,74,42,35,19,14,3,5,16,9,102,56,37,22,15,8,12
2022-560,US Open,Hard,128,G,O,20220829,82,BO10,,,Gijs Brouwer,L,191,NED,26.459,181,295,MJ98,27,,Facundo Mena,R,183,ARG,29.933,131,418,7-5 6-1,3,Q2,79,5,1,59,39,28,13,10,3,4,1,4,68,36,20,16,9,5,9
2022-560,US Open,Hard,128,G,O,20220829,83,D874,,,Federico Delbonis,L,193,ARG,31.899,134,408,Q02L,,,Ethan Quinn,R,191,USA,18.464,504,61,5-7 6-2 6-1,3,Q2,123,2,4,74,41,33,14,13,3,5,5,3,90,44,26,21,14,5,11
2022-560,US Open,Hard,128,G,O,20220829,84,DB59,31,,Dennis Novak,R,183,AUT,29.002,136,407,S0GD,,,Dalibor Svrcina,R,178,CZE,19.907,222,231,6-3 6-4,3,Q2,88,5,3,60,36,28,10,10,0,2,1,6,73,43,24,13,9,4,8
2022-560,US Open,Hard,128,G,O,20220829,85,Z371,,,Zhizhen Zhang,R,193,CHN,25.867,137,401,CC66,,,Andrea Collarini,L,183,ARG,30.576,212,240,6-2 7-5,3,Q2,71,4,1,49,32,28,10,10,1,2,1,4,58,40,25,9,10,3,7
2022-560,US Open,Hard,128,G,O,20220829,86,A0FC,,,Matteo Arnaldi,R,185,ITA,21.514,187,289,SD32,,,Gilles Simon,R,183,FRA,37.67,182,294,6-1 3-6 6-4,3,Q2,143,3,7,91,49,34,17,13,8,13,0,5,106,84,42,8,13,10,17
2022-560,US Open,Hard,128,G,O,20220829,87,BU13,,,Zizou Bergs,R,185,BEL,23.239,154,353,BF55,,,Yuki Bhambri,R,185,IND,30.152,558,49,6-3 6-2,3,Q2,72,3,3,50,35,27,8,9,2,3,2,4,62,34,19,13,8,5,9
2022-560,US Open,Hard,128,G,O,20220829,88,BI47,,,Riccardo Bonadio,R,180,ITA,29.128,188,289,GH92,,,Borna Gojo,R,196,CRO,24.501,176,300,4-6 7-6(11) 6-2,3,Q2,129,9,2,104,71,49,15,15,4,7,23,6,93,61,48,9,15,2,6
2022-560,US Open,Hard,128,G,O,20220829,89,BV24,,,Raul Brancaccio,R,183,ITA,25.32,208,246,MJ71,,,Mats Moraing,L,198,GER,30.19,147,372,7-5 RET,3,Q2,55,3,4,36,16,13,10,6,1,2,5,5,45,20,16,10,6,3,5
2022-560,US Open,Hard,128,G,O,20220829,90,C0E9,,,Flavio Cobolli,R,183,ITA,20.315,152,360,K0HN,,,Bruno Kuzuhara,R,175,USA,18.409,769,23,6-3 6-1,3,Q2,62,5,3,45,31,28,5,8,0,0,1,0,43,28,14,8,8,2,6
2022-560,US Open,Hard,128,G,O,20220829,91,D0C1,,,Jesper de Jong,R,180,NED,22.245,213,238,CH05,,,Altug Celikbilek,R,183,TUR,25.974,231,219,6-2 7-5,3,Q2,91,3,3,64,37,26,13,10,3,5,0,5,74,41,22,14,10,6,11
2022-560,US Open,Hard,128,G,O,20220829,92,E865,,,Christopher Eubanks,R,201,USA,26.316,145,376,BK24,,,Gregoire Barrere,R,183,FRA,28.531,163,317,7-6(6) 6-7(2) 7-6(4),3,Q2,170,17,9,136,83,63,26,18,0,2,9,5,127,84,60,25,18,8,10
2022-560,US Open,Hard,128,G,O,20220829,93,J0A4,,,Paul Jubb,R,180,GBR,22.828,206,250,S483,,,Pedro Sousa,R,180,POR,34.256,565,48,4-6 6-1 7-5,3,Q2,126,9,3,102,61,45,23,15,9,10,4,7,103,57,35,26,14,8,11
2022-560,US Open,Hard,128,G,O,20220829,94,M0IF,,,Francesco Maestrelli,R,196,ITA,19.688,205,253,MN20,,,Daniel Masur,R,183,GER,27.811,190,284,6-3 6-4,3,Q2,80,5,5,70,41,31,18,10,6,6,3,2,50,31,21,11,9,4,6
2022-560,US Open,Hard,128,G,O,20220829,95,RC04,,,Alexander Ritschard,R,193,SUI,28.433,186,290,S0K7,,,Zachary Svajda,R,175,USA,19.748,313,154,6-4 5-7 6-1,3,Q2,120,7,7,82,45,32,16,14,1,5,3,1,85,62,35,11,15,2,9
2022-560,US Open,Hard,128,G,O,20220829,96,WB32,,,Yibing Wu,R,183,CHN,22.875,174,301,TA12,,,Stefano Travaglia,R,185,ITA,30.669,189,287,6-7(4) 7-6(4) 6-3,3,Q2,161,5,4,120,78,51,25,17,5,9,8,6,106,51,39,26,16,1,6
2022-560,US Open,Hard,128,G,O,20220829,97,GE33,,,Daniel Elahi Galan,R,191,COL,26.196,94,568,A0FC,,,Matteo Arnaldi,R,185,ITA,21.514,187,289,6-4 7-6(1),3,Q3,118,3,2,84,53,41,14,11,5,6,3,5,74,43,30,16,11,6,8
2022-560,US Open,Hard,128,G,O,20220829,98,BT72,,,Nuno Borges,R,185,POR,25.522,104,513,M0IF,,,Francesco Maestrelli,R,196,ITA,19.688,205,253,3-6 7-6(4) 7-6(8),3,Q3,178,6,8,108,68,51,19,17,3,8,13,8,121,66,50,25,16,3,6
2022-560,US Open,Hard,128,G,O,20220829,99,BF23,,,Facundo Bagnis,L,183,ARG,32.501,105,509,SA93,,,Andreas Seppi,R,191,ITA,38.519,196,277,7-5 6-2,3,Q3,88,10,2,61,40,30,12,10,2,3,2,4,62,36,20,12,10,4,8
2022-560,US Open,Hard,128,G,O,20220829,100,RC04,,,Alexander Ritschard,R,193,SUI,28.433,186,290,AA27,10,,Franco Agamenone,R,191,ITA,29.372,125,446,6-2 2-6 6-4,3,Q3,149,4,2,76,46,36,15,13,1,3,8,6,108,69,47,15,13,9,12
2022-560,US Open,Hard,128,G,O,20220829,101,WB32,,,Yibing Wu,R,183,CHN,22.875,174,301,MW02,,,Corentin Moutet,L,180,FRA,23.362,112,484,7-6(5) 6-2,3,Q3,121,2,1,78,50,33,13,10,5,8,0,4,73,43,24,11,10,5,10
2022-560,US Open,Hard,128,G,O,20220829,102,K09F,,,Pavel Kotov,R,191,RUS,23.778,113,484,V306,,,Fernando Verdasco,L,188,ESP,38.787,122,454,6-1 7-6(3),3,Q3,92,2,0,53,37,23,13,9,2,4,2,2,63,40,20,12,10,4,9
2022-560,US Open,Hard,128,G,O,20220829,103,GB93,,,Norbert Gombos,R,193,SVK,32.044,114,479,GF95,,,Hugo Grenier,R,196,FRA,26.434,119,459,6-4 3-6 6-3,3,Q3,143,2,2,86,54,36,15,14,2,6,7,3,83,51,34,14,14,5,10
2022-560,US Open,Hard,128,G,O,20220829,104,J551,,,Nicolas Jarry,R,201,CHI,26.883,123,448,DB59,31,,Dennis Novak,R,183,AUT,29.002,136,407,6-3 6-3,3,Q3,80,14,1,55,31,28,11,9,6,6,4,4,67,40,26,10,9,6,9
2022-560,US Open,Hard,128,G,O,20220829,105,M0FH,,,Tomas Machac,R,183,CZE,21.875,126,435,C0E9,,,Flavio Cobolli,R,183,ITA,20.315,152,360,7-6(7) 5-7 6-1,3,Q3,159,7,2,106,62,50,21,16,6,9,5,1,92,53,35,21,15,2,6
2022-560,US Open,Hard,128,G,O,20220829,106,D874,,,Federico Delbonis,L,193,ARG,31.899,134,408,D0C1,,,Jesper de Jong,R,180,NED,22.245,213,238,6-7(4) 6-1 6-4,3,Q3,150,6,2,96,70,53,13,15,7,8,12,6,106,64,47,17,14,7,11
2022-560,US Open,Hard,128,G,O,20220829,107,Z371,,,Zhizhen Zhang,R,193,CHN,25.867,137,401,BU13,,,Zizou Bergs,R,185,BEL,23.239,154,353,6-2 6-4,3,Q3,85,4,3,53,34,29,9,9,0,0,5,1,60,39,24,9,9,3,6
2022-560,US Open,Hard,128,G,O,20220829,108,BO10,,,Gijs Brouwer,L,191,NED,26.459,181,295,J0A4,,,Paul Jubb,R,180,GBR,22.828,206,250,7-6(3) 3-6 6-2,3,Q3,141,5,2,88,61,36,16,15,2,7,6,9,121,74,51,16,14,12,17
2022-560,US Open,Hard,128,G,O,20220829,109,CG94,,,Enzo Couacaud,R,183,FRA,27.496,193,280,BU54,,,Geoffrey Blancaneaux,R,180,FRA,24.057,148,371,7-5 6-0,3,Q3,84,6,0,47,28,21,12,9,0,1,2,0,59,42,20,8,9,5,10
2022-560,US Open,Hard,128,G,O,20220829,110,E865,,,Christopher Eubanks,R,201,USA,26.316,145,376,BV24,,,Raul Brancaccio,R,183,ITA,25.32,208,246,4-6 6-1 6-4,3,Q3,99,9,5,80,53,43,13,14,3,5,6,3,69,41,28,15,13,1,5
2022-560,US Open,Hard,128,G,O,20220829,111,H09P,,,Brandon Holt,R,185,USA,24.397,303,162,KC33,,,Dimitar Kuzmanov,R,183,BUL,29.087,159,326,6-4 3-6 6-3,3,Q3,157,8,3,97,58,45,17,14,2,4,6,5,96,52,30,29,14,7,10
2022-560,US Open,Hard,128,G,O,20220829,112,MN13,,,Maximilian Marterer,L,188,GER,27.206,156,343,BI47,,,Riccardo Bonadio,R,180,ITA,29.128,188,289,6-4 6-3,3,Q3,68,3,0,51,26,22,19,10,3,3,1,0,46,32,24,7,9,1,3
2022-341,Metz,Hard,32,250,I,20220919,1,W367,,,Stan Wawrinka,R,183,SUI,37.478,284,175,DB63,1,,Laslo Djere,R,188,SRB,27.299,67,747,6-4 6-3,3,Q1,74,1,1,51,24,20,19,10,1,2,2,1,58,34,22,11,9,4,7
2022-341,Metz,Hard,32,250,I,20220919,2,HB64,2,,Quentin Halys,R,191,FRA,25.897,86,621,E768,,,Antoine Escoffier,R,185,FRA,30.554,194,268,7-6(5) 7-6(3),3,Q1,96,10,2,70,38,31,23,12,1,2,9,5,78,45,34,21,12,3,4
2022-341,Metz,Hard,32,250,I,20220919,3,F724,3,,Marton Fucsovics,R,188,HUN,30.612,91,580,M0G4,,,Harold Mayot,R,180,FRA,20.621,248,204,6-4 6-4,3,Q1,96,3,2,62,35,20,15,10,6,9,1,3,73,43,27,11,10,9,14
2022-341,Metz,Hard,32,250,I,20220919,4,BU13,,,Zizou Bergs,R,185,BEL,23.296,134,411,MN20,,,Daniel Masur,R,183,GER,27.869,176,300,7-6(3) 6-0,3,Q1,81,17,3,76,46,35,16,9,6,7,2,1,55,37,20,9,9,3,7
2022-341,Metz,Hard,32,250,I,20220919,5,BK24,,,Gregoire Barrere,R,183,FRA,28.589,167,320,R09X,5,,Jurij Rodionov,L,191,AUT,23.346,136,404,6-4 6-7(4) 6-2,3,Q1,114,10,2,83,60,48,14,15,0,1,9,5,102,59,40,21,15,4,8
2022-341,Metz,Hard,32,250,I,20220919,6,P09O,,,Zsombor Piros,R,180,HUN,22.935,160,334,N0BG,6,,Luca Nardi,R,185,ITA,19.121,143,381,4-6 7-5 6-2,3,Q1,114,6,1,93,54,36,25,15,3,6,4,5,76,45,33,16,15,3,8
2022-341,Metz,Hard,32,250,I,20220919,7,FC26,,,Evan Furness,R,173,FRA,24.101,208,245,BU54,7,,Geoffrey Blancaneaux,R,180,FRA,24.115,139,392,6-7(4) 7-5 6-2,3,Q1,171,0,6,95,58,44,25,16,4,4,9,4,106,73,52,17,16,7,10
2022-341,Metz,Hard,32,250,I,20220919,8,BO10,8,,Gijs Brouwer,L,191,NED,26.516,146,375,G967,,,Peter Gojowczyk,R,188,GER,33.18,158,338,6-3 6-4,3,Q1,54,12,1,56,40,33,9,10,1,1,3,0,46,22,18,14,9,4,6
2022-341,Metz,Hard,32,250,I,20220919,9,FC26,,,Evan Furness,R,173,FRA,24.101,208,245,HB64,2,,Quentin Halys,R,191,FRA,25.897,86,621,6-3 6-4,3,Q2,78,1,2,59,38,29,13,10,2,2,10,5,61,43,31,6,9,5,7
2022-341,Metz,Hard,32,250,I,20220919,10,BK24,,,Gregoire Barrere,R,183,FRA,28.589,167,320,F724,3,,Marton Fucsovics,R,188,HUN,30.612,91,580,7-5 6-1,3,Q2,89,2,2,59,33,24,17,10,3,4,4,4,72,38,22,15,9,10,14
2022-341,Metz,Hard,32,250,I,20220919,11,BU13,,,Zizou Bergs,R,185,BEL,23.296,134,411,BO10,8,,Gijs Brouwer,L,191,NED,26.516,146,375,6-3 3-6 6-3,3,Q2,105,8,0,83,64,45,12,14,3,5,2,1,89,56,34,21,13,5,8
2022-341,Metz,Hard,32,250,I,20220919,12,W367,,,Stan Wawrinka,R,183,SUI,37.478,284,175,P09O,,,Zsombor Piros,R,180,HUN,22.935,160,334,6-7(4) 6-2 6-0,3,Q2,115,9,2,95,61,42,22,13,4,4,5,3,80,50,28,17,13,4,9
2022-9569,San Diego,Hard,32,250,O,20220919,1,N0AL,,,Govind Nanda,R,178,USA,21.585,365,124,FA43,1,,Juan Pablo Ficovich,R,188,ARG,25.651,129,421,6-3 6-1,3,Q1,77,1,0,50,42,31,4,8,5,6,1,3,58,40,21,6,8,8,13
2022-9569,San Diego,Hard,32,250,O,20220919,2,MJ98,,,Facundo Mena,R,183,ARG,29.99,151,362,S0DQ,,,Keegan Smith,R,201,USA,24.241,339,135,7-6(1) 7-6(2),3,Q1,108,3,1,85,52,42,18,12,3,4,3,1,82,71,51,3,12,2,3
2022-9569,San Diego,Hard,32,250,O,20220919,3,E865,,,Christopher Eubanks,R,201,USA,26.374,135,404,A09P,,,Alafia Ayeni,R,191,USA,23.11,524,57,6-1 7-6(3),3,Q1,74,5,3,54,31,26,15,9,0,0,2,2,66,38,23,15,10,4,7
2022-9569,San Diego,Hard,32,250,O,20220919,4,N0AM,,,Emilio Nava,R,185,USA,20.797,173,303,BP44,,,Gage Brymer,R,185,USA,27.614,468,79,6-1 6-1,3,Q1,54,4,1,42,30,20,9,7,1,2,1,6,37,18,8,4,7,1,7
2022-9569,San Diego,Hard,32,250,O,20220919,5,KC12,,,Mitchell Krueger,R,188,USA,28.684,228,218,R0FQ,,,Hudson Rivera,R,188,USA,18.308,1129,6,3-6 6-1 6-2,3,Q1,103,2,4,63,40,35,11,12,5,7,1,4,74,43,24,15,12,5,10
2022-9569,San Diego,Hard,32,250,O,20220919,6,E873,6,,Ernesto Escobedo,R,185,MEX,26.209,201,254,KA98,,,Bradley Klahn,L,183,USA,32.082,853,16,3-6 7-6(6) 6-2,3,Q1,137,9,2,90,58,45,15,14,0,2,14,7,116,69,50,23,15,7,10
2022-9569,San Diego,Hard,32,250,O,20220919,7,K0AZ,7,,Aleksandar Kovacevic,R,183,USA,24.057,221,226,O639,,,Giovanni Oradini,L,188,ITA,25.013,395,108,7-6(5) 6-2,3,Q1,115,2,3,100,63,42,17,10,13,15,6,4,66,40,30,8,10,3,7
2022-9569,San Diego,Hard,32,250,O,20220919,8,G09C,,,Marek Gengel,R,185,CZE,27.006,380,116,F664,8,,Sebastian Fanselow,R,,GER,30.721,282,177,6-2 3-6 6-0,3,Q1,98,3,2,68,40,28,17,11,1,2,3,4,76,41,26,15,12,6,11
2022-9569,San Diego,Hard,32,250,O,20220919,9,MJ98,,,Facundo Mena,R,183,ARG,29.99,151,362,G09C,,,Marek Gengel,R,185,CZE,27.006,380,116,6-3 6-4,3,Q2,79,5,2,58,33,28,10,10,5,7,3,2,67,49,27,9,9,5,9
2022-9569,San Diego,Hard,32,250,O,20220919,10,E865,,,Christopher Eubanks,R,201,USA,26.374,135,404,E873,6,,Ernesto Escobedo,R,185,MEX,26.209,201,254,7-6(5) 7-6(7),3,Q2,113,9,2,79,58,43,13,12,0,1,7,1,76,49,33,21,12,1,2
2022-9569,San Diego,Hard,32,250,O,20220919,11,N0AM,,,Emilio Nava,R,185,USA,20.797,173,303,K0AZ,7,,Aleksandar Kovacevic,R,183,USA,24.057,221,226,7-5 7-6(4),3,Q2,106,8,4,72,43,34,17,12,3,4,5,2,85,58,42,10,12,5,7
2022-9569,San Diego,Hard,32,250,O,20220919,12,KC12,,,Mitchell Krueger,R,188,USA,28.684,228,218,N0AL,,,Govind Nanda,R,178,USA,21.585,365,124,6-4 5-7 7-5,3,Q2,180,3,2,136,87,48,28,17,14,20,3,0,106,72,49,10,17,9,16
2022-4138,Tel Aviv,Hard,32,250,I,20220926,1,BI23,,,Liam Broady,L,183,GBR,28.726,174,314,MJ01,,,Roberto Marcora,R,193,ITA,33.073,624,41,6-3 6-2,3,Q1,86,6,1,71,44,28,14,9,3,5,2,4,58,36,21,7,8,6,11
2022-4138,Tel Aviv,Hard,32,250,I,20220926,2,PD07,,,Vasek Pospisil,R,193,CAN,32.26,149,363,ME89,,,Illya Marchenko,R,185,UKR,35.05,320,153,7-6(5) 6-2,3,Q1,111,8,3,66,39,37,11,10,3,3,4,2,70,41,31,12,10,5,7
2022-4138,Tel Aviv,Hard,32,250,I,20220926,3,N0BG,3,,Luca Nardi,R,185,ITA,19.14,151,361,CO01,,,Andrey Chepelev,L,178,RUS,24.151,339,136,6-3 6-1,3,Q1,79,2,1,53,33,23,13,8,4,5,0,2,60,43,20,6,8,4,9
2022-4138,Tel Aviv,Hard,32,250,I,20220926,4,S0H2,4,,Alexander Shevchenko,R,188,KAZ,21.823,148,367,G09C,,,Marek Gengel,R,185,CZE,27.025,369,122,6-4 6-4,3,Q1,64,4,3,61,39,30,8,10,2,4,2,4,54,37,25,5,10,0,4
2022-4138,Tel Aviv,Hard,32,250,I,20220926,5,I306,,,Cem Ilkel,R,185,TUR,27.099,382,116,P09O,5,,Zsombor Piros,R,180,HUN,22.954,158,340,4-6 7-6(4) 7-6(5),3,Q1,177,12,3,109,63,50,27,17,5,7,8,4,135,75,55,31,17,5,6
2022-4138,Tel Aviv,Hard,32,250,I,20220926,6,A09U,6,,Nicolas Alvarez Varona,R,188,ESP,21.358,231,221,CL82,,,Daniel Cukierman,R,,ISR,27.217,456,84,6-2 2-6 6-3,3,Q1,98,6,3,70,51,38,10,13,0,2,2,5,77,48,37,9,12,1,4
2022-4138,Tel Aviv,Hard,32,250,I,20220926,7,LD26,,,Edan Leshem,R,183,ISR,25.522,446,87,GA79,7,,Lorenzo Giustino,R,180,ITA,31.044,280,177,6-3 6-1,3,Q1,73,2,0,53,33,22,13,8,3,4,1,5,47,30,14,6,8,3,8
2022-4138,Tel Aviv,Hard,32,250,I,20220926,8,CA99,,,Marius Copil,R,191,ROU,31.943,350,131,I0A7,8,,Nicholas David Ionel,R,,ROU,19.956,257,192,3-6 6-1 6-4,3,Q1,126,11,4,81,51,38,16,13,3,5,0,0,83,56,32,17,13,3,7
2022-4138,Tel Aviv,Hard,32,250,I,20220926,9,BI23,,,Liam Broady,L,183,GBR,28.726,174,314,A09U,6,,Nicolas Alvarez Varona,R,188,ESP,21.358,231,221,7-6(1) 6-1,3,Q2,99,4,1,64,37,26,13,10,2,5,6,3,62,37,22,5,9,0,5
2022-4138,Tel Aviv,Hard,32,250,I,20220926,10,CA99,,,Marius Copil,R,191,ROU,31.943,350,131,PD07,,,Vasek Pospisil,R,193,CAN,32.26,149,363,7-5 6-4,3,Q2,100,6,0,62,39,32,12,11,2,3,8,7,57,24,19,16,11,0,3
2022-4138,Tel Aviv,Hard,32,250,I,20220926,11,LD26,,,Edan Leshem,R,183,ISR,25.522,446,87,N0BG,3,,Luca Nardi,R,185,ITA,19.14,151,361,6-4 7-6(4),3,Q2,106,1,4,84,55,39,17,11,8,9,3,6,65,48,37,7,11,5,7
2022-4138,Tel Aviv,Hard,32,250,I,20220926,12,I306,,,Cem Ilkel,R,185,TUR,27.099,382,116,S0H2,4,,Alexander Shevchenko,R,188,KAZ,21.823,148,367,2-6 6-4 6-1,3,Q2,130,2,2,84,47,35,17,13,6,9,5,0,89,45,28,23,12,4,8
2022-4140,Seoul,Hard,32,250,O,20220926,1,J551,,,Nicolas Jarry,R,201,CHI,26.96,111,479,I230,,,Tatsuma Ito,R,180,JPN,34.357,563,50,6-2 6-1,3,Q1,57,7,1,42,25,21,12,8,0,0,4,2,43,29,16,4,7,4,8
2022-4140,Seoul,Hard,32,250,O,20220926,2,M0HU,,,Shintaro Mochizuki,R,175,JPN,19.318,417,100,Y218,2,,Elias Ymer,R,185,SWE,26.461,124,435,1-6 6-4 6-3,3,Q1,115,3,3,82,49,34,16,13,2,5,8,1,86,52,37,16,13,4,7
2022-4140,Seoul,Hard,32,250,O,20220926,3,PH78,,,Ryan Peniston,L,180,GBR,26.877,140,391,LB78,,,Jea Moon Lee,R,,KOR,29.235,739,26,7-5 6-3,3,Q1,108,1,4,86,57,41,13,11,10,12,3,0,58,43,21,10,10,3,7
2022-4140,Seoul,Hard,32,250,O,20220926,4,W857,,,Tung-Lin Wu,R,188,TPE,24.375,213,243,LE01,,,Duckhee Lee,R,170,KOR,24.329,601,44,4-6 6-4 7-5,3,Q1,157,7,0,87,59,39,13,16,3,8,3,9,122,86,56,12,16,9,15
2022-4140,Seoul,Hard,32,250,O,20220926,5,CH90,,,Yun seong Chung,R,178,KOR,24.501,426,96,S0GD,6,,Dalibor Svrcina,R,178,CZE,19.984,216,237,6-3 4-6 6-1,3,Q1,103,5,1,87,55,37,17,13,8,11,0,5,76,52,32,7,13,3,9
2022-4140,Seoul,Hard,32,250,O,20220926,6,K0AZ,,,Aleksandar Kovacevic,R,183,USA,24.077,222,228,SY67,,,Sho Shimabukuro,R,180,JPN,25.158,355,129,6-7(3) 6-3 6-2,3,Q1,122,9,4,86,48,37,19,14,3,5,8,5,99,65,43,13,15,3,9
2022-4140,Seoul,Hard,32,250,O,20220926,7,WB08,,,Yosuke Watanuki,R,180,JPN,24.457,227,224,SJ55,,,John-Patrick Smith,L,188,AUS,33.67,,,6-3 6-1,3,Q1,56,12,3,36,22,19,11,8,0,1,2,2,57,33,17,10,8,10,15
2022-4140,Seoul,Hard,32,250,O,20220926,8,MI01,,,Hiroki Moriya,R,168,JPN,31.945,261,187,H788,,,Treat Huey,L,178,PHI,37.079,,,6-4 6-1,3,Q1,64,0,4,62,33,23,19,9,4,4,0,1,40,26,16,7,8,0,3
2022-4140,Seoul,Hard,32,250,O,20220926,9,J551,,,Nicolas Jarry,R,201,CHI,26.96,111,479,K0AZ,,,Aleksandar Kovacevic,R,183,USA,24.077,222,228,7-6(6) 6-3,3,Q2,92,13,1,72,48,37,14,11,2,2,5,1,66,39,31,14,10,1,2
2022-4140,Seoul,Hard,32,250,O,20220926,10,W857,,,Tung-Lin Wu,R,188,TPE,24.375,213,243,PH78,,,Ryan Peniston,L,180,GBR,26.877,140,391,7-5 6-2,3,Q2,74,1,0,50,34,28,9,10,1,2,5,1,49,26,20,10,10,3,7
2022-4140,Seoul,Hard,32,250,O,20220926,11,WB08,,,Yosuke Watanuki,R,180,JPN,24.457,227,224,MI01,,,Hiroki Moriya,R,168,JPN,31.945,261,187,3-6 7-6(3) 6-2,3,Q2,145,15,4,106,63,43,27,15,5,8,0,0,95,65,43,16,14,6,9
2022-4140,Seoul,Hard,32,250,O,20220926,12,CH90,,,Yun seong Chung,R,178,KOR,24.501,426,96,M0HU,,,Shintaro Mochizuki,R,175,JPN,19.318,417,100,7-5 6-4,3,Q2,87,4,3,68,44,35,14,11,2,2,3,0,67,39,28,15,11,2,4
2022-7434,Sofia,Hard,32,250,I,20220926,1,HH26,,,Ugo Humbert,L,188,FRA,24.252,110,480,G858,,,Ernests Gulbis,R,191,LAT,34.073,296,165,6-3 6-2,3,Q1,68,3,3,52,33,27,10,9,0,0,5,4,47,27,18,8,8,1,4
2022-7434,Sofia,Hard,32,250,I,20220926,2,SL28,,,Jan-Lennard Struff,R,193,GER,32.422,133,413,DF88,,,Aziz Dougaz,L,188,TUN,25.503,329,143,6-3 6-2,3,Q1,55,6,2,42,28,27,9,9,0,0,7,3,48,24,18,10,8,3,6
2022-7434,Sofia,Hard,32,250,I,20220926,3,BU54,,,Geoffrey Blancaneaux,R,180,FRA,24.134,139,392,H756,,,Robin Haase,R,191,NED,35.474,288,170,4-6 6-1 6-3,3,Q1,100,11,1,73,40,32,18,13,2,4,5,5,72,39,27,13,13,1,6
2022-7434,Sofia,Hard,32,250,I,20220926,4,MW54,,,Dragos Nicolae Madaras,L,191,SWE,25.038,314,157,TA12,4,,Stefano Travaglia,R,185,ITA,30.746,211,246,5-0 RET,3,Q1,24,2,2,22,13,9,5,3,3,3,0,2,11,5,2,0,2,1,3
2022-7434,Sofia,Hard,32,250,I,20220926,5,J09X,,,Filip Cristian Jianu,R,180,ROU,21.021,309,160,CH05,5,,Altug Celikbilek,R,183,TUR,26.051,225,227,6-1 4-6 7-6(2),3,Q1,126,7,1,93,56,38,22,14,8,11,3,5,83,45,31,17,15,2,7
2022-7434,Sofia,Hard,32,250,I,20220926,6,SA93,6,,Andreas Seppi,R,191,ITA,38.595,245,203,DH46,,,Alexander Donski,R,188,BUL,24.153,609,43,6-4 6-2,3,Q1,85,2,3,60,36,27,12,9,7,8,11,7,70,40,26,9,9,4,8
2022-7434,Sofia,Hard,32,250,I,20220926,7,N0CJ,,,Petr Nesterov,R,,BUL,19.556,903,14,CE25,7,,Salvatore Caruso,R,185,ITA,29.78,271,182,7-6(4) 6-4,3,Q1,135,5,0,100,70,48,12,11,11,13,0,3,80,41,27,19,11,5,8
2022-7434,Sofia,Hard,32,250,I,20220926,8,BE67,,,Mirza Basic,R,188,BIH,31.209,292,168,V717,8,,Alexey Vatutin,R,178,RUS,29.914,273,182,7-5 6-1,3,Q1,70,4,2,56,33,28,11,10,2,3,0,2,56,33,22,8,9,3,7
2022-7434,Sofia,Hard,32,250,I,20220926,9,HH26,,,Ugo Humbert,L,188,FRA,24.252,110,480,J09X,,,Filip Cristian Jianu,R,180,ROU,21.021,309,160,6-3 7-6(3),3,Q2,92,1,1,64,41,33,14,11,1,2,3,2,68,39,27,15,10,8,10
2022-7434,Sofia,Hard,32,250,I,20220926,10,SL28,,,Jan-Lennard Struff,R,193,GER,32.422,133,413,BE67,,,Mirza Basic,R,188,BIH,31.209,292,168,6-3 6-4,3,Q2,68,12,4,58,31,27,16,10,2,2,6,1,69,44,31,11,9,6,8
2022-7434,Sofia,Hard,32,250,I,20220926,11,BU54,,,Geoffrey Blancaneaux,R,180,FRA,24.134,139,392,SA93,6,,Andreas Seppi,R,191,ITA,38.595,245,203,2-6 6-3 6-4,3,Q2,155,13,6,99,51,39,24,14,8,10,3,2,90,49,37,19,13,3,5
2022-7434,Sofia,Hard,32,250,I,20220926,12,MW54,,,Dragos Nicolae Madaras,L,191,SWE,25.038,314,157,N0CJ,,,Petr Nesterov,R,,BUL,19.556,903,14,6-4 6-2,3,Q2,99,3,0,58,51,34,3,9,4,6,3,2,79,40,27,13,9,11,16
2022-329,Tokyo,Hard,32,500,O,20221003,1,S0AQ,,,Yuta Shimizu,L,163,JPN,23.318,451,85,J551,1,,Nicolas Jarry,R,201,CHI,26.979,105,511,6-4 6-4,3,Q1,78,2,1,60,34,21,17,10,3,5,8,0,55,39,24,9,10,4,8
2022-329,Tokyo,Hard,32,500,O,20221003,2,Y218,2,,Elias Ymer,R,185,SWE,26.48,127,435,TD55,,,Renta Tokuda,R,178,JPN,24.515,827,18,7-6(3) 6-3,3,Q1,101,11,6,80,54,40,11,10,6,8,1,0,71,44,25,16,11,3,7
2022-329,Tokyo,Hard,32,500,O,20221003,3,MI01,,,Hiroki Moriya,R,168,JPN,31.964,253,193,M0B2,,,Yuki Mochizuki,R,173,JPN,24.86,575,49,6-3 6-4,3,Q1,83,1,1,73,47,36,14,10,5,5,3,1,51,36,25,8,9,1,3
2022-329,Tokyo,Hard,32,500,O,20221003,4,N09U,,,Rio Noguchi,R,168,JPN,23.765,291,167,I230,,,Tatsuma Ito,R,180,JPN,34.376,566,50,6-0 6-2,3,Q1,52,2,1,36,28,21,5,7,1,2,2,3,44,29,13,3,7,3,9
2022-329,Tokyo,Hard,32,500,O,20221003,5,PH71,5,,Max Purcell,R,185,AUS,24.501,296,164,I330,,,Shintaro Imai,R,178,JPN,29.07,446,87,4-6 7-6(5) 7-5,3,Q1,154,7,1,100,60,42,31,17,3,5,15,2,117,64,50,29,17,8,10
2022-329,Tokyo,Hard,32,500,O,20221003,6,RB56,,,Ramkumar Ramanathan,R,188,IND,27.901,297,164,TG46,,,Ryota Tanuma,R,180,JPN,27.031,644,38,7-5 6-3,3,Q1,75,9,2,59,33,27,15,11,0,1,3,2,65,44,26,12,10,4,7
2022-329,Tokyo,Hard,32,500,O,20221003,7,TF58,,,Yusuke Takahashi,R,170,JPN,24.961,799,21,DF88,7,,Aziz Dougaz,L,188,TUN,25.522,330,145,6-3 6-1,3,Q1,53,0,0,41,30,25,7,8,0,0,7,4,45,28,19,2,8,1,5
2022-329,Tokyo,Hard,32,500,O,20221003,8,SY67,,,Sho Shimabukuro,R,180,JPN,25.177,353,129,SC47,,,Go Soeda,R,178,JPN,38.075,472,76,6-3 6-4,3,Q1,69,3,4,56,28,23,16,10,2,3,2,2,47,29,18,8,9,0,3
2022-329,Tokyo,Hard,32,500,O,20221003,9,RB56,,,Ramkumar Ramanathan,R,188,IND,27.901,297,164,Y218,2,,Elias Ymer,R,185,SWE,26.48,127,435,5-7 6-4 6-1,3,Q2,107,13,0,83,53,43,15,14,3,4,8,5,85,56,37,15,15,2,6
2022-329,Tokyo,Hard,32,500,O,20221003,10,SY67,,,Sho Shimabukuro,R,180,JPN,25.177,353,129,MI01,,,Hiroki Moriya,R,168,JPN,31.964,253,193,5-7 6-3 6-3,3,Q2,123,9,3,87,41,31,25,15,6,9,2,2,78,46,31,15,15,3,8
2022-329,Tokyo,Hard,32,500,O,20221003,11,N09U,,,Rio Noguchi,R,168,JPN,23.765,291,167,TF58,,,Yusuke Takahashi,R,170,JPN,24.961,799,21,0-6 6-2 6-0,3,Q2,75,2,1,53,35,28,6,10,1,4,4,1,64,46,30,4,10,5,10
2022-329,Tokyo,Hard,32,500,O,20221003,12,S0AQ,,,Yuta Shimizu,L,163,JPN,23.318,451,85,PH71,5,,Max Purcell,R,185,AUS,24.501,296,164,6-3 6-4,3,Q2,77,5,0,56,39,31,11,10,1,1,3,1,67,41,31,10,9,1,3
2022-9410,Astana,Hard,32,500,I,20221003,1,GB88,,,David Goffin,R,180,BEL,31.822,66,770,Y171,,,Denis Yevseyev,R,188,KAZ,29.366,267,183,6-1 6-4,3,Q1,70,3,1,47,22,20,17,9,0,0,0,0,46,35,19,6,8,1,4
2022-9410,Astana,Hard,32,500,I,20221003,2,N503,,,Aleksandr Nedovyesov,R,188,KAZ,35.63,1169,5,GE33,2,,Daniel Elahi Galan,R,191,COL,26.292,71,716,5-7 7-6(0) 6-2,3,Q1,148,3,3,97,68,50,17,16,7,9,4,3,99,56,37,23,16,3,6
2022-9410,Astana,Hard,32,500,I,20221003,3,DB63,,,Laslo Djere,R,188,SRB,27.337,76,682,I165,,,Denis Istomin,R,185,UZB,36.071,424,97,6-1 6-4,3,Q1,66,8,3,57,38,30,8,9,4,5,0,1,48,34,20,4,8,0,4
2022-9410,Astana,Hard,32,500,I,20221003,4,K09F,,,Pavel Kotov,R,191,RUS,23.874,103,513,A0HP,,,Arslanbek Aitkulov,,,KAZ,18.582,,,6-0 6-0,3,Q1,50,0,2,32,14,11,13,6,0,0,0,3,42,19,8,5,6,4,10
2022-9410,Astana,Hard,32,500,I,20221003,5,Z371,,,Zhizhen Zhang,R,193,CHN,25.963,126,436,I306,,,Cem Ilkel,R,185,TUR,27.118,355,128,6-7(8) 6-2 6-1,3,Q1,147,3,3,98,62,38,29,14,5,5,2,2,99,56,37,21,13,6,10
2022-9410,Astana,Hard,32,500,I,20221003,6,S0H2,,,Alexander Shevchenko,R,188,KAZ,21.843,146,370,BV19,,,Yan Bondarevskiy,L,191,RUS,22.546,540,55,6-0 6-0,3,Q1,41,5,1,30,15,15,9,6,0,0,0,3,31,18,5,1,6,1,7
2022-9410,Astana,Hard,32,500,I,20221003,7,N0BG,,,Luca Nardi,R,185,ITA,19.159,152,364,M0JF,,,Hamad Medjedovic,R,188,SRB,19.211,252,195,6-1 6-3,3,Q1,67,3,0,44,30,20,9,8,2,4,1,4,56,33,17,8,8,5,11
2022-9410,Astana,Hard,32,500,I,20221003,8,CH05,8,,Altug Celikbilek,R,183,TUR,26.07,234,221,LG37,,,Grigoriy Lomakin,R,198,KAZ,24.545,873,16,6-3 6-3,3,Q1,57,3,5,47,29,27,10,9,1,1,2,0,45,32,20,7,9,1,4
2022-9410,Astana,Hard,32,500,I,20221003,9,N0BG,,,Luca Nardi,R,185,ITA,19.159,152,364,GB88,,,David Goffin,R,180,BEL,31.822,66,770,3-6 7-6(3) 7-6(2),3,Q2,177,3,2,131,86,50,22,17,11,18,5,4,106,67,41,17,16,3,8
2022-9410,Astana,Hard,32,500,I,20221003,10,DB63,,,Laslo Djere,R,188,SRB,27.337,76,682,CH05,8,,Altug Celikbilek,R,183,TUR,26.07,234,221,6-3 6-4,3,Q2,86,2,4,62,35,23,14,9,10,13,0,2,56,38,21,5,10,4,10
2022-9410,Astana,Hard,32,500,I,20221003,11,S0H2,,,Alexander Shevchenko,R,188,KAZ,21.843,146,370,K09F,,,Pavel Kotov,R,191,RUS,23.874,103,513,7-6(11) 6-3,3,Q2,138,5,4,88,46,34,15,11,8,11,3,3,91,51,29,17,10,11,15
2022-9410,Astana,Hard,32,500,I,20221003,12,Z371,,,Zhizhen Zhang,R,193,CHN,25.963,126,436,N503,,,Aleksandr Nedovyesov,R,188,KAZ,35.63,1169,5,7-6(5) 6-3,3,Q2,99,4,0,90,64,42,16,11,12,13,2,2,58,31,25,16,10,1,3
2022-2805,Florence,Hard,32,250,I,20221010,1,CH05,,,Altug Celikbilek,R,183,TUR,26.089,230,231,SX50,1,,Roman Safiullin,R,185,RUS,25.175,93,586,7-6(4) 6-1,3,Q1,92,6,2,78,48,37,15,10,4,4,10,2,67,39,26,15,9,3,5
2022-2805,Florence,Hard,32,250,I,20221010,2,Y268,,,Mikael Ymer,R,185,SWE,24.085,99,565,SA93,,,Andreas Seppi,R,191,ITA,38.634,257,197,7-5 6-3,3,Q1,108,3,0,73,57,37,10,11,3,5,2,4,76,42,28,14,10,7,11
2022-2805,Florence,Hard,32,250,I,20221010,3,V942,,,Tim van Rijthoven,R,188,NED,25.462,116,481,DF88,,,Aziz Dougaz,L,188,TUN,25.541,338,145,6-4 6-4,3,Q1,91,9,0,62,45,38,7,10,4,4,6,2,74,49,38,8,10,9,11
2022-2805,Florence,Hard,32,250,I,20221010,4,Z371,,,Zhizhen Zhang,R,193,CHN,25.982,110,501,BU10,,,Jacopo Berrettini,R,191,ITA,23.869,905,14,6-4 6-2,3,Q1,79,7,2,71,46,33,11,9,6,7,3,2,49,25,14,12,9,3,7
2022-2805,Florence,Hard,32,250,I,20221010,5,C0E9,,,Flavio Cobolli,R,183,ITA,20.43,164,345,MO55,,,Lucas Miedler,R,183,AUT,26.303,332,149,6-4 7-6(5),3,Q1,106,4,2,84,54,39,16,11,8,10,6,0,74,52,36,12,11,4,7
2022-2805,Florence,Hard,32,250,I,20221010,6,F0CJ,,,Gianmarco Ferrari,L,191,ITA,22.015,420,102,D923,6,,Damir Dzumhur,R,175,BIH,30.39,177,319,6-4 6-7(6) 6-0,3,Q1,124,10,4,100,69,48,17,14,5,6,5,5,99,70,40,17,14,10,15
2022-2805,Florence,Hard,32,250,I,20221010,7,GH92,7,,Borna Gojo,R,196,CRO,24.616,187,295,CA99,,,Marius Copil,R,191,ROU,31.981,340,143,6-3 6-7(5) 7-6(2),3,Q1,150,18,5,111,69,57,22,17,2,3,6,3,107,55,43,29,16,2,4
2022-2805,Florence,Hard,32,250,I,20221010,8,VA08,8,,Andrea Vavassori,R,193,ITA,27.433,195,281,SP80,,,Nino Serdarusic,R,191,CRO,25.823,272,186,7-6(2) 4-6 6-3,3,Q1,116,10,6,95,66,53,16,16,5,7,3,3,85,62,48,12,15,2,4
2022-2805,Florence,Hard,32,250,I,20221010,9,Y268,,,Mikael Ymer,R,185,SWE,24.085,99,565,GH92,7,,Borna Gojo,R,196,CRO,24.616,187,295,4-6 6-4 6-4,3,Q2,135,2,1,76,54,38,13,15,1,4,6,2,94,61,41,15,15,7,11
2022-2805,Florence,Hard,32,250,I,20221010,10,V942,,,Tim van Rijthoven,R,188,NED,25.462,116,481,F0CJ,,,Gianmarco Ferrari,L,191,ITA,22.015,420,102,6-4 7-6(2),3,Q2,72,25,1,55,33,29,19,11,0,0,7,4,60,40,30,12,11,0,1
2022-2805,Florence,Hard,32,250,I,20221010,11,C0E9,,,Flavio Cobolli,R,183,ITA,20.43,164,345,Z371,,,Zhizhen Zhang,R,193,CHN,25.982,110,501,6-4 6-3,3,Q2,88,0,1,64,34,22,13,10,3,6,3,0,54,30,17,10,9,4,9
2022-2805,Florence,Hard,32,250,I,20221010,12,CH05,,,Altug Celikbilek,R,183,TUR,26.089,230,231,VA08,8,,Andrea Vavassori,R,193,ITA,27.433,195,281,6-1 6-4,3,Q2,77,1,3,66,45,31,7,9,5,7,3,7,49,31,19,3,8,7,12
2022-2807,Gijon,Hard,32,250,I,20221010,1,TE16,,,Carlos Taberner,R,183,ESP,25.172,130,432,J09X,,,Filip Cristian Jianu,R,180,ROU,21.06,299,167,7-5 6-7(6) 7-6(5),3,Q1,200,13,9,125,78,56,23,18,4,8,7,2,129,69,52,23,18,11,16
2022-2807,Gijon,Hard,32,250,I,20221010,2,GH33,,,Manuel Guinard,R,198,FRA,26.902,153,369,E830,,,Eduard Esteve Lobato,R,188,ESP,28.06,398,111,6-2 6-2,3,Q1,66,8,4,51,35,29,8,8,6,6,4,2,57,36,18,10,8,2,6
2022-2807,Gijon,Hard,32,250,I,20221010,3,GA79,,,Lorenzo Giustino,R,180,ITA,31.083,277,184,KC33,3,,Dimitar Kuzmanov,R,183,BUL,29.202,168,335,W/O,3,Q1,,,,,,,,,,,,,,,,,,,
2022-2807,Gijon,Hard,32,250,I,20221010,4,D0DW,,,Titouan Droguet,R,191,FRA,21.32,320,157,BV24,4,,Raul Brancaccio,R,183,ITA,25.435,176,320,6-4 6-4,3,Q1,93,7,1,79,45,35,18,10,8,8,0,2,58,35,29,9,10,3,5
2022-2807,Gijon,Hard,32,250,I,20221010,5,A09U,,,Nicolas Alvarez Varona,R,188,ESP,21.396,231,230,RB60,,,Oriol Roca Batalla,R,175,ESP,29.446,306,163,4-6 6-3 6-2,3,Q1,136,7,2,94,69,46,13,14,4,6,3,3,90,48,31,20,13,5,9
2022-2807,Gijon,Hard,32,250,I,20221010,6,TA29,,,Marco Trungelliti,R,178,ARG,32.69,241,212,M0N7,,,Daniel Merida,R,188,ESP,18.037,471,78,6-3 6-4,3,Q1,71,3,4,66,42,32,11,10,6,7,6,3,53,33,25,8,9,5,8
2022-2807,Gijon,Hard,32,250,I,20221010,7,V717,,,Alexey Vatutin,R,178,RUS,29.952,279,182,BU36,,,Alberto Barroso Campos,R,178,ESP,26.349,388,117,6-3 6-4,3,Q1,89,0,2,59,41,29,10,10,4,6,3,1,64,41,23,10,9,9,13
2022-2807,Gijon,Hard,32,250,I,20221010,8,S0GZ,8,,Nikolas Sanchez Izquierdo,R,185,ESP,23.573,264,190,N830,,,Johan Nikles,R,173,SUI,25.55,344,139,6-2 1-6 6-1,3,Q1,106,0,3,87,61,37,11,11,8,12,3,4,67,46,23,9,11,3,9
2022-2807,Gijon,Hard,32,250,I,20221010,9,V717,,,Alexey Vatutin,R,178,RUS,29.952,279,182,TE16,,,Carlos Taberner,R,183,ESP,25.172,130,432,6-2 6-2,3,Q2,75,0,3,47,38,30,5,8,2,2,2,3,59,42,22,8,8,7,11
2022-2807,Gijon,Hard,32,250,I,20221010,10,GH33,,,Manuel Guinard,R,198,FRA,26.902,153,369,S0GZ,8,,Nikolas Sanchez Izquierdo,R,185,ESP,23.573,264,190,4-6 7-5 7-5,3,Q2,169,10,2,111,58,43,27,17,4,7,4,5,113,71,46,22,17,7,11
2022-2807,Gijon,Hard,32,250,I,20221010,11,A09U,,,Nicolas Alvarez Varona,R,188,ESP,21.396,231,230,GA79,,,Lorenzo Giustino,R,180,ITA,31.083,277,184,6-2 6-2,3,Q2,74,3,2,53,30,23,11,8,2,3,1,5,53,27,17,7,8,2,7
2022-2807,Gijon,Hard,32,250,I,20221010,12,TA29,,,Marco Trungelliti,R,178,ARG,32.69,241,212,D0DW,,,Titouan Droguet,R,191,FRA,21.32,320,157,6-3 6-2,3,Q2,65,0,3,49,27,19,14,9,4,6,3,1,48,25,17,7,8,5,10
2022-2809,Naples,Hard,32,250,O,20221017,1,J551,,,Nicolas Jarry,R,201,CHI,27.017,118,482,DF88,,,Aziz Dougaz,L,188,TUN,25.561,333,145,6-2 6-3,3,Q1,77,5,0,66,41,31,12,9,3,3,5,5,55,32,23,10,8,7,10
2022-2809,Naples,Hard,32,250,O,20221017,2,Z371,,,Zhizhen Zhang,R,193,CHN,26.001,109,507,BI47,,,Riccardo Bonadio,R,180,ITA,29.262,187,289,6-4 6-2,3,Q1,77,3,1,50,32,26,12,9,2,2,4,2,71,51,30,9,9,6,9
2022-2809,Naples,Hard,32,250,O,20221017,3,P0CT,,,Francesco Passaro,R,180,ITA,21.774,124,462,GA79,,,Lorenzo Giustino,R,180,ITA,31.102,284,175,6-3 4-6 6-4,3,Q1,123,15,1,80,44,35,20,15,1,3,9,8,98,57,40,18,14,7,10
2022-2809,Naples,Hard,32,250,O,20221017,4,GH92,,,Borna Gojo,R,196,CRO,24.635,184,301,KC04,4,,Jozef Kovalik,R,183,SVK,29.949,134,422,6-3 3-0 RET,3,Q1,62,3,2,40,29,24,6,6,3,3,1,1,30,20,11,4,6,0,3
2022-2809,Naples,Hard,32,250,O,20221017,5,M0JZ,5,,Filip Misolic,R,180,AUT,21.191,144,397,M0IF,,,Francesco Maestrelli,R,196,ITA,19.822,185,297,6-3 6-4,3,Q1,106,1,2,67,42,27,8,10,3,7,7,7,75,43,23,12,9,9,15
2022-2809,Naples,Hard,32,250,O,20221017,6,N679,,,Stefano Napolitano,R,196,ITA,27.518,510,66,PH64,6,,Andrea Pellegrino,R,185,ITA,25.569,180,305,7-5 6-4,3,Q1,99,7,0,71,37,29,19,11,2,3,8,3,75,51,34,9,11,4,7
2022-2809,Naples,Hard,32,250,O,20221017,7,Z0A1,7,,Giulio Zeppieri,L,183,ITA,20.86,166,328,Z09Z,,,Beibit Zhukayev,R,198,KAZ,22.012,332,146,6-4 6-1,3,Q1,80,4,1,61,37,31,9,9,2,3,5,5,57,34,24,6,8,5,9
2022-2809,Naples,Hard,32,250,O,20221017,8,BV24,8,,Raul Brancaccio,R,183,ITA,25.454,181,303,F0CJ,,,Gianmarco Ferrari,L,191,ITA,22.034,402,107,6-2 6-3,3,Q1,72,4,1,42,23,20,11,8,3,4,2,3,55,33,18,8,9,4,9
2022-2809,Naples,Hard,32,250,O,20221017,9,J551,,,Nicolas Jarry,R,201,CHI,27.017,118,482,BV24,8,,Raul Brancaccio,R,183,ITA,25.454,181,303,6-2 6-4,3,Q2,70,5,1,42,25,23,11,9,0,1,3,4,55,32,20,9,9,6,10
2022-2809,Naples,Hard,32,250,O,20221017,10,Z371,,,Zhizhen Zhang,R,193,CHN,26.001,109,507,Z0A1,7,,Giulio Zeppieri,L,183,ITA,20.86,166,328,7-5 3-6 6-3,3,Q2,106,7,1,93,64,49,15,15,6,7,9,5,81,60,47,11,15,3,5
2022-2809,Naples,Hard,32,250,O,20221017,11,P0CT,,,Francesco Passaro,R,180,ITA,21.774,124,462,M0JZ,5,,Filip Misolic,R,180,AUT,21.191,144,397,0-6 6-3 6-2,3,Q2,105,8,5,83,43,27,17,11,5,9,3,1,77,42,29,12,12,5,10
2022-2809,Naples,Hard,32,250,O,20221017,12,GH92,,,Borna Gojo,R,196,CRO,24.635,184,301,N679,,,Stefano Napolitano,R,196,ITA,27.518,510,66,6-3 6-4,3,Q2,93,12,4,79,56,39,10,10,4,5,2,4,59,31,21,13,9,2,5
2022-429,Stockholm,Hard,32,250,I,20221017,1,K09F,1,,Pavel Kotov,R,191,RUS,23.912,96,564,G967,,,Peter Gojowczyk,R,188,GER,33.257,221,236,7-5 6-3,3,Q1,92,3,1,72,40,30,15,11,6,8,8,6,73,29,23,16,10,4,8
2022-429,Stockholm,Hard,32,250,I,20221017,2,KB95,,,Jason Kubler,R,178,AUS,29.413,102,538,MM78,,,Jonathan Mridha,R,183,SWE,27.526,568,52,6-2 6-3,3,Q1,75,3,1,45,27,22,10,9,0,1,3,1,44,25,16,6,8,1,5
2022-429,Stockholm,Hard,32,250,I,20221017,3,F09J,,,Karl Friberg,R,191,SWE,23.565,452,87,A596,3,,Pablo Andujar,R,180,ESP,36.731,120,478,6-3 6-2,3,Q1,82,7,0,68,47,33,11,9,4,5,0,4,46,26,16,6,8,2,6
2022-429,Stockholm,Hard,32,250,I,20221017,4,I0A7,,,Nicholas David Ionel,R,,ROU,20.014,253,202,KI82,5,,Vit Kopriva,R,178,CZE,25.339,145,397,7-6(4) 7-5,3,Q1,131,3,3,95,56,34,22,12,5,8,1,1,74,46,29,14,12,5,9
2022-429,Stockholm,Hard,32,250,I,20221017,5,S0H2,,,Aleksandr Shevchenko,R,188,KAZ,21.881,149,386,J09X,,,Filip Cristian Jianu,R,180,ROU,21.079,298,166,6-3 6-3,3,Q1,75,2,0,60,37,26,11,9,6,8,1,0,50,24,13,11,9,3,8
2022-429,Stockholm,Hard,32,250,I,20221017,6,D923,7,,Damir Dzumhur,R,175,BIH,30.409,176,312,V0AM,,,Otto Virtanen,R,193,FIN,21.322,261,196,6-4 6-1,3,Q1,53,4,2,44,33,31,6,9,1,1,2,3,44,26,19,6,8,3,6
2022-429,Stockholm,Hard,32,250,I,20221017,7,BP41,,,Antoine Bellier,L,196,SUI,25.996,192,280,K926,,,Mikhail Kukushkin,R,183,KAZ,34.809,234,227,6-1 7-6(5),3,Q1,87,14,3,58,35,32,14,10,2,2,0,0,68,41,23,17,9,7,9
2022-429,Stockholm,Hard,32,250,I,20221017,8,R685,,,Lukas Rosol,R,193,CZE,37.232,226,235,R913,,,Cristian Rodriguez,R,180,COL,32.315,557,54,6-4 6-3,3,Q1,77,8,3,57,38,29,11,9,0,0,6,5,71,39,24,18,10,7,10
2022-429,Stockholm,Hard,32,250,I,20221017,9,S0H2,,,Aleksandr Shevchenko,R,188,KAZ,21.881,149,386,K09F,1,,Pavel Kotov,R,191,RUS,23.912,96,564,4-6 6-3 6-2,3,Q2,131,4,1,83,49,36,18,14,6,8,3,2,95,59,39,16,13,11,15
2022-429,Stockholm,Hard,32,250,I,20221017,10,KB95,,,Jason Kubler,R,178,AUS,29.413,102,538,D923,7,,Damir Dzumhur,R,175,BIH,30.409,176,312,6-3 7-6(4),3,Q2,114,9,5,78,37,25,17,11,2,7,2,3,70,37,18,13,10,6,12
2022-429,Stockholm,Hard,32,250,I,20221017,11,BP41,,,Antoine Bellier,L,196,SUI,25.996,192,280,F09J,,,Karl Friberg,R,191,SWE,23.565,452,87,6-3 7-6(4),3,Q2,106,11,6,82,50,34,18,11,10,13,2,1,66,48,30,8,10,4,8
2022-429,Stockholm,Hard,32,250,I,20221017,12,R685,,,Lukas Rosol,R,193,CZE,37.232,226,235,I0A7,,,Nicholas David Ionel,R,,ROU,20.014,253,202,6-3 7-6(2),3,Q2,92,4,3,66,41,32,13,11,2,4,3,4,74,44,25,14,10,3,6
2022-7485,Antwerp,Hard,32,250,I,20221017,1,V942,,,Tim van Rijthoven,R,188,NED,25.481,113,493,Y171,,,Denis Yevseyev,R,188,KAZ,29.405,278,180,6-3 7-6(8),3,Q1,90,12,1,71,44,38,17,11,3,3,3,0,65,45,31,14,10,3,4
2022-7485,Antwerp,Hard,32,250,I,20221017,2,S0LA,,,Dominic Stricker,L,183,SUI,20.17,136,419,B0PG,,,Alexander Blockx,R,193,BEL,17.525,1526,2,6-4 6-4,3,Q1,99,7,1,68,42,32,11,10,6,7,4,2,86,52,33,15,10,8,11
2022-7485,Antwerp,Hard,32,250,I,20221017,3,BU54,,,Geoffrey Blancaneaux,R,180,FRA,24.192,147,389,BE54,,,Ruben Bemelmans,L,183,BEL,34.757,547,56,4-6 6-3 6-3,3,Q1,116,8,1,83,55,41,17,14,1,2,0,0,74,48,35,16,14,4,7
2022-7485,Antwerp,Hard,32,250,I,20221017,4,GH33,,,Manuel Guinard,R,198,FRA,26.921,148,386,HA28,,,Filip Horansky,R,191,SVK,29.774,334,144,6-4 6-4,3,Q1,72,7,0,55,36,26,15,10,0,0,3,1,62,39,26,14,10,2,4
2022-7485,Antwerp,Hard,32,250,I,20221017,5,E928,,,Alexander Erler,R,193,AUT,24.972,769,24,FC26,5,,Evan Furness,R,173,FRA,24.178,201,265,6-1 6-4,3,Q1,62,0,3,55,33,28,13,9,4,4,0,2,47,33,20,7,8,2,5
2022-7485,Antwerp,Hard,32,250,I,20221017,6,D0C1,,,Jesper de Jong,R,180,NED,22.379,225,235,MG08,,,Yannick Mertens,R,185,BEL,35.313,878,15,6-3 3-6 6-1,3,Q1,95,5,2,73,46,36,18,13,3,4,1,0,75,50,31,14,12,1,4
2022-7485,Antwerp,Hard,32,250,I,20221017,7,A09U,7,,Nicolas Alvarez Varona,R,188,ESP,21.415,219,243,WB25,,,Louis Wessels,R,198,GER,24.14,285,175,6-4 6-4,3,Q1,66,9,1,54,42,33,9,10,0,0,7,2,50,31,22,14,10,1,3
2022-7485,Antwerp,Hard,32,250,I,20221017,8,V0DZ,,,Luca Van Assche,R,178,FRA,18.434,241,218,MO55,,,Lucas Miedler,R,183,AUT,26.322,350,134,6-7(2) 7-5 6-2,3,Q1,143,14,4,111,64,44,23,16,8,12,8,6,97,66,47,8,16,3,10
2022-7485,Antwerp,Hard,32,250,I,20221017,9,V942,,,Tim van Rijthoven,R,188,NED,25.481,113,493,E928,,,Alexander Erler,R,193,AUT,24.972,769,24,7-6(3) 6-3,3,Q2,81,16,1,62,46,39,10,11,0,1,7,3,73,55,38,7,10,8,10
2022-7485,Antwerp,Hard,32,250,I,20221017,10,S0LA,,,Dominic Stricker,L,183,SUI,20.17,136,419,A09U,7,,Nicolas Alvarez Varona,R,188,ESP,21.415,219,243,7-6(9) RET,3,Q2,65,7,0,38,23,19,8,6,0,1,6,0,49,37,24,3,6,1,2
2022-7485,Antwerp,Hard,32,250,I,20221017,11,V0DZ,,,Luca Van Assche,R,178,FRA,18.434,241,218,BU54,,,Geoffrey Blancaneaux,R,180,FRA,24.192,147,389,7-6(11) 4-6 6-2,3,Q2,182,10,2,93,48,34,31,15,6,9,10,3,106,64,47,17,15,2,6
2022-7485,Antwerp,Hard,32,250,I,20221017,12,D0C1,,,Jesper de Jong,R,180,NED,22.379,225,235,GH33,,,Manuel Guinard,R,198,FRA,26.921,148,386,7-6(7) 6-2,3,Q2,106,10,1,80,53,42,12,10,2,2,8,5,86,46,31,21,10,5,7
2022-328,Basel,Hard,32,500,I,20221024,1,KC56,,,Aslan Karatsev,R,185,RUS,29.136,60,785,R0FS,,,Leandro Riedi,R,191,SUI,20.739,261,198,6-4 7-6(3),3,Q1,95,5,1,62,40,32,12,11,1,3,1,2,76,43,26,20,11,2,5
2022-328,Basel,Hard,32,500,I,20221024,2,RC91,,,Arthur Rinderknech,R,196,FRA,27.255,51,897,KB95,,,Jason Kubler,R,178,AUS,29.432,101,550,6-4 6-7(5) 6-2,3,Q1,163,12,3,111,73,50,22,15,9,10,4,2,97,66,51,11,15,5,9
2022-328,Basel,Hard,32,500,I,20221024,3,MU94,3,,Jaume Munar,R,183,ESP,25.47,57,839,P09Z,,,Alexei Popyrin,R,196,AUS,23.22,98,559,6-3 6-4,3,Q1,70,1,1,50,36,29,9,10,1,2,6,1,52,34,25,7,9,3,6
2022-328,Basel,Hard,32,500,I,20221024,4,DA81,,,Taro Daniel,R,191,JPN,29.739,90,598,MO44,4,,Pedro Martinez,R,185,ESP,25.495,61,785,6-2 7-6(2),3,Q1,114,6,1,51,35,27,10,10,2,4,3,5,73,39,25,12,10,4,8
2022-328,Basel,Hard,32,500,I,20221024,5,LB66,6,,Constant Lestienne,R,180,FRA,30.42,67,757,BP41,,,Antoine Bellier,L,196,SUI,26.015,178,311,6-4 7-6(2),3,Q1,92,2,0,68,52,34,12,11,4,6,10,1,78,49,32,12,11,7,10
2022-328,Basel,Hard,32,500,I,20221024,6,HH26,,,Ugo Humbert,L,188,FRA,24.329,103,548,Z419,7,,Bernabe Zapata Miralles,R,183,ESP,25.78,79,704,6-3 6-3,3,Q1,73,3,2,52,24,20,15,9,4,6,4,4,57,38,20,6,9,2,7
2022-328,Basel,Hard,32,500,I,20221024,7,DB63,,,Laslo Djere,R,188,SRB,27.395,75,712,K0EP,,,Jerome Kym,R,198,SUI,19.696,419,102,3-6 7-6(3) 6-4,3,Q1,168,9,4,100,66,47,16,15,5,8,10,7,121,65,47,28,16,12,15
2022-328,Basel,Hard,32,500,I,20221024,8,SX50,,,Roman Safiullin,R,185,RUS,25.213,93,586,SL28,,,Jan-Lennard Struff,R,193,GER,32.498,132,425,7-5 6-1,3,Q1,62,10,4,52,30,26,13,10,1,2,7,1,50,30,20,6,9,8,12
2022-328,Basel,Hard,32,500,I,20221024,9,HH26,,,Ugo Humbert,L,188,FRA,24.329,103,548,KC56,,,Aslan Karatsev,R,185,RUS,29.136,60,785,4-6 7-6(1) 6-1,3,Q2,155,10,1,89,55,40,19,14,0,2,7,12,123,65,47,24,15,20,24
2022-328,Basel,Hard,32,500,I,20221024,10,RC91,,,Arthur Rinderknech,R,196,FRA,27.255,51,897,LB66,6,,Constant Lestienne,R,180,FRA,30.42,67,757,3-6 6-3 6-4,3,Q2,121,6,1,75,50,36,14,14,2,5,3,2,90,58,38,14,14,2,6
2022-328,Basel,Hard,32,500,I,20221024,11,SX50,,,Roman Safiullin,R,185,RUS,25.213,93,586,MU94,3,,Jaume Munar,R,183,ESP,25.47,57,839,6-4 6-3,3,Q2,92,12,2,58,35,27,15,10,2,3,4,5,75,51,32,10,9,5,8
2022-328,Basel,Hard,32,500,I,20221024,12,DB63,,,Laslo Djere,R,188,SRB,27.395,75,712,DA81,,,Taro Daniel,R,191,JPN,29.739,90,598,4-6 6-3 7-6(3),3,Q2,131,11,1,100,66,50,24,16,4,5,5,1,86,60,48,16,15,3,4
2022-337,Vienna,Hard,32,500,I,20221024,1,N732,,,Yoshihito Nishioka,L,170,JPN,27.075,37,1097,I305,,,Ilya Ivashka,R,193,BLR,28.663,72,730,6-2 7-6(4),3,Q1,107,1,0,87,64,40,13,10,7,9,10,1,67,44,30,9,10,5,9
2022-337,Vienna,Hard,32,500,I,20221024,2,O449,,,Oscar Otte,R,193,GER,29.273,54,866,L0BV,,,Jiri Lehecka,R,185,CZE,20.958,78,707,6-3 6-4,3,Q1,64,18,3,50,29,28,12,10,0,0,2,0,57,46,32,4,9,6,8
2022-337,Vienna,Hard,32,500,I,20221024,3,W09G,,,J.J. Wolf,R,183,USA,23.841,56,840,MO55,,,Lucas Miedler,R,183,AUT,26.341,357,134,6-3 3-6 6-2,3,Q1,100,10,3,76,50,41,14,13,1,2,15,4,86,55,38,17,13,8,11
2022-337,Vienna,Hard,32,500,I,20221024,4,CG04,,,Pedro Cachin,R,185,ARG,27.535,55,846,TE30,,,Alejandro Tabilo,L,188,CHI,25.394,77,710,6-2 3-6 7-6(2),3,Q1,114,19,1,86,59,52,13,14,1,2,7,3,95,54,40,20,15,1,3
2022-337,Vienna,Hard,32,500,I,20221024,5,MJ08,,,Thiago Monteiro,L,183,BRA,28.4,66,765,L987,,,Dusan Lajovic,R,183,SRB,32.318,87,611,6-4 6-2,3,Q1,72,4,1,55,37,30,8,9,1,2,2,0,50,37,22,6,9,3,7
2022-337,Vienna,Hard,32,500,I,20221024,6,F724,,,Marton Fucsovics,R,188,HUN,30.708,104,542,MW02,6,,Corentin Moutet,L,180,FRA,23.515,64,777,7-5 6-2,3,Q1,95,3,0,58,38,26,8,10,4,7,0,2,69,48,25,6,10,2,8
2022-337,Vienna,Hard,32,500,I,20221024,7,HB64,,,Quentin Halys,R,191,FRA,25.993,69,749,N0CS,,,Lukas Neumayer,R,183,AUT,20.131,292,171,6-1 6-4,3,Q1,64,16,1,52,33,26,12,9,0,0,2,2,56,40,24,7,8,4,7
2022-337,Vienna,Hard,32,500,I,20221024,8,SH90,8,,Joao Sousa,R,185,POR,33.569,70,746,E928,,,Alexander Erler,R,193,AUT,24.991,717,30,7-6(5) 7-5,3,Q1,100,4,0,71,53,41,9,12,1,2,14,4,77,52,41,10,12,4,6
2022-337,Vienna,Hard,32,500,I,20221024,9,N732,,,Yoshihito Nishioka,L,170,JPN,27.075,37,1097,SH90,8,,Joao Sousa,R,185,POR,33.569,70,746,6-4 6-4,3,Q2,85,7,1,60,44,33,12,10,3,3,5,1,56,29,23,14,10,1,3
2022-337,Vienna,Hard,32,500,I,20221024,10,MJ08,,,Thiago Monteiro,L,183,BRA,28.4,66,765,O449,,,Oscar Otte,R,193,GER,29.273,54,866,7-6(4) 4-6 6-4,3,Q2,140,9,2,106,67,51,23,16,3,4,15,2,90,52,44,22,16,3,4
2022-337,Vienna,Hard,32,500,I,20221024,11,W09G,,,J.J. Wolf,R,183,USA,23.841,56,840,F724,,,Marton Fucsovics,R,188,HUN,30.708,104,542,7-5 3-6 6-4,3,Q2,145,5,6,94,52,40,23,16,4,7,8,4,89,50,34,24,15,3,6
2022-337,Vienna,Hard,32,500,I,20221024,12,HB64,,,Quentin Halys,R,191,FRA,25.993,69,749,CG04,,,Pedro Cachin,R,185,ARG,27.535,55,846,7-6(6) 3-6 6-3,3,Q2,107,24,2,85,58,54,12,15,2,3,9,3,91,56,44,21,15,2,3
2022-352,Paris Masters,Hard,64,M,I,20221031,1,BU54,,,Geoffrey Blancaneaux,R,180,FRA,24.23,142,402,RH24,1,,Emil Ruusuvuori,R,188,FIN,23.581,41,1011,3-6 6-3 6-2,3,Q1,124,4,4,77,42,34,20,13,3,4,3,5,83,40,31,21,13,4,7
2022-352,Paris Masters,Hard,64,M,I,20221031,2,SU87,,,Lorenzo Sonego,R,191,ITA,27.474,51,935,SH90,,,Joao Sousa,R,185,POR,33.588,77,701,6-4 7-6(9),3,Q1,112,10,2,81,55,44,10,11,4,5,0,2,74,46,31,16,11,4,6
2022-352,Paris Masters,Hard,64,M,I,20221031,3,DB63,,,Laslo Djere,R,188,SRB,27.414,72,732,GB88,3,,David Goffin,R,180,BEL,31.899,54,870,6-3 7-6(1),3,Q1,88,5,2,64,43,31,11,10,1,3,4,5,65,34,26,11,11,3,7
2022-352,Paris Masters,Hard,64,M,I,20221031,4,O449,,,Oscar Otte,R,193,GER,29.292,57,806,I305,,,Ilya Ivashka,R,193,BLR,28.682,73,730,6-2 6-2,3,Q1,66,7,4,52,33,25,10,8,3,4,2,1,45,29,16,4,8,3,8
2022-352,Paris Masters,Hard,64,M,I,20221031,5,HB64,,,Quentin Halys,R,191,FRA,26.012,69,740,CG04,5,,Pedro Cachin,R,185,ARG,27.554,55,856,7-6(7) 6-3,3,Q1,89,8,2,70,42,34,14,10,2,2,6,1,63,44,32,11,11,2,4
2022-352,Paris Masters,Hard,64,M,I,20221031,6,F0F1,,,Arthur Fils,R,185,FRA,18.385,308,164,MU94,6,,Jaume Munar,R,183,ESP,25.489,56,839,6-3 6-3,3,Q1,83,6,2,52,21,16,21,9,0,1,3,3,60,32,22,9,9,3,7
2022-352,Paris Masters,Hard,64,M,I,20221031,7,L0BV,,,Jiri Lehecka,R,185,CZE,20.977,75,707,GC88,7,,Marcos Giron,R,180,USA,29.27,52,891,7-5 6-3,3,Q1,80,5,1,65,47,36,11,11,1,1,3,1,59,34,26,11,10,2,4
2022-352,Paris Masters,Hard,64,M,I,20221031,8,F510,,,Fabio Fognini,R,178,ITA,35.439,59,792,GE33,,,Daniel Elahi Galan,R,191,COL,26.368,68,750,6-3 7-6(6),3,Q1,95,2,4,66,49,40,8,10,3,3,8,2,90,61,43,11,11,4,6
2022-352,Paris Masters,Hard,64,M,I,20221031,9,Z419,,,Bernabe Zapata Miralles,R,183,ESP,25.799,78,696,MO44,9,,Pedro Martinez,R,185,ESP,25.514,60,785,6-0 4-6 6-0,3,Q1,97,4,3,58,35,25,15,11,0,2,2,5,70,42,20,13,11,2,9
2022-352,Paris Masters,Hard,64,M,I,20221031,10,HH06,,,Marc-Andrea Huesler,L,196,SUI,26.352,61,784,G09O,,,Hugo Gaston,L,173,FRA,22.094,84,631,6-3 3-6 7-6(5),3,Q1,134,8,6,107,51,38,28,15,8,11,4,3,105,58,46,19,15,10,13
2022-352,Paris Masters,Hard,64,M,I,20221031,11,MW02,,,Corentin Moutet,L,180,FRA,23.535,64,777,HH26,,,Ugo Humbert,L,188,FRA,24.348,88,613,6-3 6-4,3,Q1,84,4,1,55,36,28,9,9,6,7,0,2,65,36,25,10,10,4,8
2022-352,Paris Masters,Hard,64,M,I,20221031,12,GJ37,,,Tallon Griekspoor,R,188,NED,26.33,70,738,MK66,,,Mackenzie McDonald,R,178,USA,27.543,65,775,6-3 3-6 7-6(4),3,Q1,142,4,4,110,68,44,19,15,13,18,5,3,94,59,36,16,15,5,10
2022-352,Paris Masters,Hard,64,M,I,20221031,13,MJ08,13,,Thiago Monteiro,L,183,BRA,28.419,66,770,GF95,,,Hugo Grenier,R,196,FRA,26.606,118,488,4-6 6-2 7-6(1),3,Q1,138,10,1,93,64,46,17,15,3,4,10,1,73,48,39,17,15,2,4
2022-352,Paris Masters,Hard,64,M,I,20221031,14,Y268,,,Mikael Ymer,R,185,SWE,24.142,74,712,LB66,14,,Constant Lestienne,R,180,FRA,30.439,67,760,4-6 4-2 RET,3,Q1,78,2,3,56,39,26,8,8,7,9,1,1,50,29,16,14,8,2,4
2022-352,Paris Masters,Hard,64,M,I,20221031,15,SU87,,,Lorenzo Sonego,R,191,ITA,27.474,51,935,GJ37,,,Tallon Griekspoor,R,188,NED,26.33,70,738,3-6 6-4 7-6(3),3,Q2,122,11,1,86,67,53,6,16,2,6,8,2,87,55,37,20,15,2,5
2022-352,Paris Masters,Hard,64,M,I,20221031,16,O449,,,Oscar Otte,R,193,GER,29.292,57,806,Z419,,,Bernabe Zapata Miralles,R,183,ESP,25.799,78,696,6-4 6-1,3,Q2,61,6,3,51,26,21,8,8,2,5,0,3,43,30,13,2,9,2,9
2022-352,Paris Masters,Hard,64,M,I,20221031,17,F0F1,,,Arthur Fils,R,185,FRA,18.385,308,164,F510,,,Fabio Fognini,R,178,ITA,35.439,59,792,6-3 3-6 6-4,3,Q2,112,5,4,83,45,35,18,14,5,8,4,4,81,49,33,16,14,2,6
2022-352,Paris Masters,Hard,64,M,I,20221031,18,HH06,,,Marc-Andrea Huesler,L,196,SUI,26.352,61,784,DB63,,,Laslo Djere,R,188,SRB,27.414,72,732,7-6(5) 7-5,3,Q2,108,13,2,83,50,38,21,12,6,6,10,5,90,55,42,18,12,6,7
2022-352,Paris Masters,Hard,64,M,I,20221031,19,MW02,,,Corentin Moutet,L,180,FRA,23.535,64,777,BU54,,,Geoffrey Blancaneaux,R,180,FRA,24.23,142,402,6-2 3-6 6-4,3,Q2,156,5,2,95,49,37,19,13,5,8,0,4,82,53,34,9,14,0,5
2022-352,Paris Masters,Hard,64,M,I,20221031,20,HB64,,,Quentin Halys,R,191,FRA,26.012,69,740,MJ08,13,,Thiago Monteiro,L,183,BRA,28.419,66,770,6-3 7-5,3,Q2,74,15,5,55,30,27,15,11,1,2,4,2,53,30,21,11,10,4,7
2022-352,Paris Masters,Hard,64,M,I,20221031,21,Y268,,,Mikael Ymer,R,185,SWE,24.142,74,712,L0BV,,,Jiri Lehecka,R,185,CZE,20.977,75,707,7-6(6) 6-2,3,Q2,94,3,4,68,53,37,6,10,2,4,1,3,70,44,28,9,10,1,5
