tourney_id,tourney_name,surface,draw_size,tourney_level,indoor,tourney_date,match_num,winner_id,winner_seed,winner_entry,winner_name,winner_hand,winner_ht,winner_ioc,winner_age,winner_rank,winner_rank_points,loser_id,loser_seed,loser_entry,loser_name,loser_hand,loser_ht,loser_ioc,loser_age,loser_rank,loser_rank_points,score,best_of,round,minutes,w_ace,w_df,w_svpt,w_1stIn,w_1stWon,w_2ndWon,w_SvGms,w_bpSaved,w_bpFaced,l_ace,l_df,l_svpt,l_1stIn,l_1stWon,l_2ndWon,l_SvGms,l_bpSaved,l_bpFaced
1994-800,Brisbane,Hard,56,T3,,19940103,1,200608,,,Audra Keller,,,USA,22.131,124,11,200627,,,Petra Schwarz,R,168,AUT,21.613,110,13,7-5 6-1,3,R64,,,,,,,,,,,,,,,,,,,
1994-800,Brisbane,Hard,56,T3,,19940103,2,200026,11,,Florencia Labat,L,170,ARG,22.563,51,29,200709,,,Rossana De Los Rios,R,170,PAR,18.300,118,12,6-2 6-1,3,R64,,,,,,,,,,,,,,,,,,,
1994-800,Brisbane,Hard,56,T3,,19940103,3,200578,,WC,Rennae Stubbs,R,178,AUS,22.777,174,7,200640,,Q,Mercedes Paz,R,180,ARG,27.521,,,6-2 6-4,3,R64,,,,,,,,,,,,,,,,,,,
1994-800,Brisbane,Hard,56,T3,,19940103,4,200659,,,Rika Hiraki,R,157,JPN,22.078,134,10,201059,,Q,Misumi Miyauchi,,,JPN,22.328,144,10,6-2 6-3,3,R64,,,,,,,,,,,,,,,,,,,
1994-800,Brisbane,Hard,56,T3,,19940103,5,200602,,,Shaun Stafford,R,180,USA,25.057,74,20,200701,,Q,Caroline Vis,R,180,NED,23.836,198,6,6-2 6-3,3,R64,,,,,,,,,,,,,,,,,,,
1994-800,Brisbane,Hard,56,T3,,19940103,6,200698,,,Petra Begerow,R,178,GER,18.725,109,13,200029,,WC,Lisa Mcshea,R,174,AUS,19.182,307,3,2-6 7-6 6-2,3,R64,,,,,,,,,,,,,,,,,,,
1994-800,Brisbane,Hard,56,T3,,19940103,7,200705,12,,Linda Ferrando,,170,ITA,27.976,52,29,200679,,,Caroline Kuhlman,,,USA,27.360,78,19,4-6 6-3 6-2,3,R64,,,,,,,,,,,,,,,,,,,
1994-800,Brisbane,Hard,56,T3,,19940103,8,200051,13,,Irina Spirlea,R,175,ROU,19.776,61,25,200706,,,Catalina Cristea,R,178,ROU,18.590,127,11,6-4 6-1,3,R64,,,,,,,,,,,,,,,,,,,
1994-800,Brisbane,Hard,56,T3,,19940103,9,200647,,,Noelle Van Lottum,,170,FRA,21.479,101,14,200632,,Q,Andrea Strnadova,,175,CZE,21.602,158,8,5-7 6-2 6-3,3,R64,,,,,,,,,,,,,,,,,,,
1994-800,Brisbane,Hard,56,T3,,19940103,10,200547,,,Sandra Wasserman,R,173,BEL,23.820,112,13,200032,,,Barbara Schett,R,176,AUT,17.818,137,10,3-6 7-5 3-0 RET,3,R64,,,,,,,,,,,,,,,,,,,
1994-800,Brisbane,Hard,56,T3,,19940103,11,200662,,Q,Joanne Limmer,R,,AUS,19.768,,,200655,,,Nicole Arendt,L,177,USA,24.356,88,16,6-4 6-3,3,R64,,,,,,,,,,,,,,,,,,,
1994-800,Brisbane,Hard,56,T3,,19940103,12,200010,,Q,Rita Grande,R,177,ITA,18.785,186,7,200593,,,Karine Quentrec,,,FRA,24.203,95,15,7-5 6-3,3,R64,,,,,,,,,,,,,,,,,,,
1994-800,Brisbane,Hard,56,T3,,19940103,13,200560,,,Rene Simpson,L,165,CAN,27.970,122,12,200563,,Q,Jane Taylor,,,AUS,21.156,,,7-5 6-1,3,R64,,,,,,,,,,,,,,,,,,,
1994-800,Brisbane,Hard,56,T3,,19940103,14,200016,,,Sandrine Testud,R,176,FRA,21.753,100,14,200048,15,,Elena Likhovtseva,R,174,RUS,18.322,67,22,6-4 6-2,3,R64,,,,,,,,,,,,,,,,,,,
1994-800,Brisbane,Hard,56,T3,,19940103,15,200595,9,,Ann Grossman,,,USA,23.226,35,41,200692,,,Marzia Grossi,,,ITA,23.338,98,14,6-4 7-6,3,R64,,,,,,,,,,,,,,,,,,,
1994-800,Brisbane,Hard,56,T3,,19940103,16,200530,,,Radomira Zrubakova,R,169,SVK,23.023,94,15,200439,,Q,Jenny Byrne,,,AUS,26.856,149,9,6-4 6-4,3,R64,,,,,,,,,,,,,,,,,,,
1994-800,Brisbane,Hard,56,T3,,19940103,17,200724,,LL,Lea Ghirardi,R,173,FRA,19.896,142,10,200059,,,Ruxandra Dragomir Ilie,R,168,ROU,21.194,75,20,6-4 2-6 6-4,3,R64,,,,,,,,,,,,,,,,,,,
1994-800,Brisbane,Hard,56,T3,,19940103,18,200681,,,Natalia Baudone,,,ITA,21.479,97,14,200037,10,,Sabine Appelmans,L,168,BEL,21.701,36,40,7-5 6-3,3,R64,,,,,,,,,,,,,,,,,,,
1994-800,Brisbane,Hard,56,T3,,19940103,19,200559,,,Kristine Kunce,R,177,AUS,23.839,96,15,200584,16,,Laura Golarsa,R,165,ITA,26.103,69,21,4-6 6-3 6-0,3,R64,,,,,,,,,,,,,,,,,,,
1994-800,Brisbane,Hard,56,T3,,19940103,20,200658,,,Fang Li,R,166,CHN,21.005,132,10,200626,,,Emanuela Zardo,L,,SUI,23.697,73,21,7-6 7-6,3,R64,,,,,,,,,,,,,,,,,,,
1994-800,Brisbane,Hard,56,T3,,19940103,21,200105,,,Rachel Mcquillan,,170,AUS,22.089,115,12,200036,,WC,Nicole Pratt,R,163,AUS,20.833,172,8,6-1 6-3,3,R64,,,,,,,,,,,,,,,,,,,
1994-800,Brisbane,Hard,56,T3,,19940103,22,200700,,,Silvia Farina Elia,R,172,ITA,21.687,85,17,200689,,,Tessa Price,,,RSA,26.779,155,8,6-2 4-6 7-5,3,R64,,,,,,,,,,,,,,,,,,,
1994-800,Brisbane,Hard,56,T3,,19940103,23,200498,,,Michelle Jaggard Lai,R,146,AUS,24.663,91,15,201878,,,Junko Watanabe,,,JPN,21.208,,,6-4 6-0,3,R64,,,,,,,,,,,,,,,,,,,
1994-800,Brisbane,Hard,56,T3,,19940103,24,200013,14,,Angelica Gavaldon,R,,MEX,20.252,64,23,200579,,,Karin Kschwendt,R,175,AUT,25.304,81,19,6-4 6-2,3,R64,,,,,,,,,,,,,,,,,,,
1994-800,Brisbane,Hard,56,T3,,19940103,25,200086,1,,Magdalena Maleeva,R,168,BUL,18.760,16,84,200608,,,Audra Keller,,,USA,22.131,124,11,6-4 6-3,3,R32,,,,,,,,,,,,,,,,,,,
1994-800,Brisbane,Hard,56,T3,,19940103,26,200681,,,Natalia Baudone,,,ITA,21.479,97,14,200010,,Q,Rita Grande,R,177,ITA,18.785,186,7,6-4 5-7 6-4,3,R32,,,,,,,,,,,,,,,,,,,
1994-800,Brisbane,Hard,56,T3,,19940103,27,200658,,,Fang Li,R,166,CHN,21.005,132,10,200559,,,Kristine Kunce,R,177,AUS,23.839,96,15,6-3 7-5,3,R32,,,,,,,,,,,,,,,,,,,
1994-800,Brisbane,Hard,56,T3,,19940103,28,200105,,,Rachel Mcquillan,,170,AUS,22.089,115,12,200112,5,,Julie Halard Decugis,R,173,FRA,23.316,29,48,6-3 6-2,3,R32,,,,,,,,,,,,,,,,,,,
1994-800,Brisbane,Hard,56,T3,,19940103,29,200651,4,,Sabine Hack,,170,GER,24.480,24,58,200700,,,Silvia Farina Elia,R,172,ITA,21.687,85,17,6-3 6-2,3,R32,,,,,,,,,,,,,,,,,,,
1994-800,Brisbane,Hard,56,T3,,19940103,30,200498,,,Michelle Jaggard Lai,R,146,AUS,24.663,91,15,200013,14,,Angelica Gavaldon,R,,MEX,20.252,64,23,6-2 7-6,3,R32,,,,,,,,,,,,,,,,,,,
1994-800,Brisbane,Hard,56,T3,,19940103,31,200026,11,,Florencia Labat,L,170,ARG,22.563,51,29,200578,,WC,Rennae Stubbs,R,178,AUS,22.777,174,7,6-3 6-3,3,R32,,,,,,,,,,,,,,,,,,,
1994-800,Brisbane,Hard,56,T3,,19940103,32,200659,,,Rika Hiraki,R,157,JPN,22.078,134,10,200638,7,,Stephanie Rottier,,,NED,19.948,32,43,1-6 6-4 0-1 RET,3,R32,,,,,,,,,,,,,,,,,,,
1994-800,Brisbane,Hard,56,T3,,19940103,33,200684,6,,Shi Ting Wang,R,171,TPE,20.208,30,45,200602,,,Shaun Stafford,R,180,USA,25.057,74,20,7-5 5-7 7-5,3,R32,,,,,,,,,,,,,,,,,,,
1994-800,Brisbane,Hard,56,T3,,19940103,34,200705,12,,Linda Ferrando,,170,ITA,27.976,52,29,200698,,,Petra Begerow,R,178,GER,18.725,109,13,4-6 6-3 6-3,3,R32,,,,,,,,,,,,,,,,,,,
1994-800,Brisbane,Hard,56,T3,,19940103,35,200051,13,,Irina Spirlea,R,175,ROU,19.776,61,25,200647,,,Noelle Van Lottum,,170,FRA,21.479,101,14,6-1 6-1,3,R32,,,,,,,,,,,,,,,,,,,
1994-800,Brisbane,Hard,56,T3,,19940103,36,200612,3,,Natalia Medvedeva,R,176,UKR,22.136,23,58,200547,,,Sandra Wasserman,R,173,BEL,23.820,112,13,6-4 6-4,3,R32,,,,,,,,,,,,,,,,,,,
1994-800,Brisbane,Hard,56,T3,,19940103,37,200094,8,,Barbara Rittner,R,173,GER,20.693,34,43,200662,,Q,Joanne Limmer,R,,AUS,19.768,,,6-1 6-4,3,R32,,,,,,,,,,,,,,,,,,,
1994-800,Brisbane,Hard,56,T3,,19940103,38,200560,,,Rene Simpson,L,165,CAN,27.970,122,12,200016,,,Sandrine Testud,R,176,FRA,21.753,100,14,3-6 6-3 6-2,3,R32,,,,,,,,,,,,,,,,,,,
1994-800,Brisbane,Hard,56,T3,,19940103,39,200595,9,,Ann Grossman,,,USA,23.226,35,41,200530,,,Radomira Zrubakova,R,169,SVK,23.023,94,15,6-2 6-2,3,R32,,,,,,,,,,,,,,,,,,,
1994-800,Brisbane,Hard,56,T3,,19940103,40,200128,2,,Lindsay Davenport,R,189,USA,17.572,20,63,200724,,LL,Lea Ghirardi,R,173,FRA,19.896,142,10,6-0 6-3,3,R32,,,,,,,,,,,,,,,,,,,
1994-800,Brisbane,Hard,56,T3,,19940103,41,200086,1,,Magdalena Maleeva,R,168,BUL,18.760,16,84,200681,,,Natalia Baudone,,,ITA,21.479,97,14,6-0 6-2,3,R16,,,,,,,,,,,,,,,,,,,
1994-800,Brisbane,Hard,56,T3,,19940103,42,200105,,,Rachel Mcquillan,,170,AUS,22.089,115,12,200658,,,Fang Li,R,166,CHN,21.005,132,10,6-4 6-3,3,R16,,,,,,,,,,,,,,,,,,,
1994-800,Brisbane,Hard,56,T3,,19940103,43,200498,,,Michelle Jaggard Lai,R,146,AUS,24.663,91,15,200651,4,,Sabine Hack,,170,GER,24.480,24,58,7-6 6-0,3,R16,,,,,,,,,,,,,,,,,,,
1994-800,Brisbane,Hard,56,T3,,19940103,44,200026,11,,Florencia Labat,L,170,ARG,22.563,51,29,200659,,,Rika Hiraki,R,157,JPN,22.078,134,10,6-3 6-2,3,R16,,,,,,,,,,,,,,,,,,,
1994-800,Brisbane,Hard,56,T3,,19940103,45,200684,6,,Shi Ting Wang,R,171,TPE,20.208,30,45,200705,12,,Linda Ferrando,,170,ITA,27.976,52,29,7-6 6-2,3,R16,,,,,,,,,,,,,,,,,,,
1994-800,Brisbane,Hard,56,T3,,19940103,46,200612,3,,Natalia Medvedeva,R,176,UKR,22.136,23,58,200051,13,,Irina Spirlea,R,175,ROU,19.776,61,25,6-3 7-6,3,R16,,,,,,,,,,,,,,,,,,,
1994-800,Brisbane,Hard,56,T3,,19940103,47,200094,8,,Barbara Rittner,R,173,GER,20.693,34,43,200560,,,Rene Simpson,L,165,CAN,27.970,122,12,6-3 5-7 6-2,3,R16,,,,,,,,,,,,,,,,,,,
1994-800,Brisbane,Hard,56,T3,,19940103,48,200128,2,,Lindsay Davenport,R,189,USA,17.572,20,63,200595,9,,Ann Grossman,,,USA,23.226,35,41,6-0 6-2,3,R16,,,,,,,,,,,,,,,,,,,
1994-800,Brisbane,Hard,56,T3,,19940103,49,200086,1,,Magdalena Maleeva,R,168,BUL,18.760,16,84,200105,,,Rachel Mcquillan,,170,AUS,22.089,115,12,6-2 7-5,3,QF,,,,,,,,,,,,,,,,,,,
1994-800,Brisbane,Hard,56,T3,,19940103,50,200026,11,,Florencia Labat,L,170,ARG,22.563,51,29,200498,,,Michelle Jaggard Lai,R,146,AUS,24.663,91,15,7-6 6-4,3,QF,,,,,,,,,,,,,,,,,,,
1994-800,Brisbane,Hard,56,T3,,19940103,51,200684,6,,Shi Ting Wang,R,171,TPE,20.208,30,45,200612,3,,Natalia Medvedeva,R,176,UKR,22.136,23,58,6-1 3-6 6-2,3,QF,,,,,,,,,,,,,,,,,,,
1994-800,Brisbane,Hard,56,T3,,19940103,52,200128,2,,Lindsay Davenport,R,189,USA,17.572,20,63,200094,8,,Barbara Rittner,R,173,GER,20.693,34,43,6-4 6-0,3,QF,,,,,,,,,,,,,,,,,,,
1994-800,Brisbane,Hard,56,T3,,19940103,53,200026,11,,Florencia Labat,L,170,ARG,22.563,51,29,200086,1,,Magdalena Maleeva,R,168,BUL,18.760,16,84,W/O,3,SF,,,,,,,,,,,,,,,,,,,
1994-800,Brisbane,Hard,56,T3,,19940103,54,200128,2,,Lindsay Davenport,R,189,USA,17.572,20,63,200684,6,,Shi Ting Wang,R,171,TPE,20.208,30,45,6-2 6-4,3,SF,,,,,,,,,,,,,,,,,,,
1994-800,Brisbane,Hard,56,T3,,19940103,55,200128,2,,Lindsay Davenport,R,189,USA,17.572,20,63,200026,11,,Florencia Labat,L,170,ARG,22.563,51,29,6-1 2-6 6-3,3,F,,,,,,,,,,,,,,,,,,,
1994-1050,Hobart,Hard,32,T4,,19940110,1,200684,1,,Shi Ting Wang,R,171,TPE,20.228,30,45,200048,,,Elena Likhovtseva,R,174,RUS,18.341,72,20,3-6 6-4 6-2,3,R32,,,,,,,,,,,,,,,,,,,
1994-1050,Hobart,Hard,32,T4,,19940110,2,200010,,Q,Rita Grande,R,177,ITA,18.804,173,7,200658,,Q,Fang Li,R,166,CHN,21.024,118,12,6-4 3-6 6-2,3,R32,,,,,,,,,,,,,,,,,,,
1994-1050,Hobart,Hard,32,T4,,19940110,3,200607,,,Beate Reinstadler,,168,AUT,26.645,84,17,200579,,,Karin Kschwendt,R,175,AUT,25.323,83,18,4-6 6-2 6-4,3,R32,,,,,,,,,,,,,,,,,,,
1994-1050,Hobart,Hard,32,T4,,19940110,4,200595,3,,Ann Grossman,,,USA,23.245,35,40,200397,,WC,Tracy Austin,R,165,USA,31.081,115,12,6-4 6-4,3,R32,,,,,,,,,,,,,,,,,,,
1994-1050,Hobart,Hard,32,T4,,19940110,5,200522,,,Nicole Jagerman,R,179,NED,26.470,65,22,200667,8,,Ines Gorrochategui,R,169,ARG,20.578,55,28,6-4 7-5,3,R32,,,,,,,,,,,,,,,,,,,
1994-1050,Hobart,Hard,32,T4,,19940110,6,200082,,Q,Kristie Boogert,R,178,NED,20.069,114,13,200013,,,Angelica Gavaldon,R,,MEX,20.271,68,21,7-6 6-4,3,R32,,,,,,,,,,,,,,,,,,,
1994-1050,Hobart,Hard,32,T4,,19940110,7,200051,,,Irina Spirlea,R,175,ROU,19.795,62,25,200697,,,Janette Husarova,R,169,SVK,19.603,81,18,4-6 6-4 6-0,3,R32,,,,,,,,,,,,,,,,,,,
1994-1050,Hobart,Hard,32,T4,,19940110,8,200584,,,Laura Golarsa,R,165,ITA,26.122,70,21,200450,2,,Larisa Savchenko,,169,URS,27.475,32,43,2-6 7-6 6-2,3,R32,,,,,,,,,,,,,,,,,,,
1994-1050,Hobart,Hard,32,T4,,19940110,9,200700,,,Silvia Farina Elia,R,172,ITA,21.706,87,16,200679,,,Caroline Kuhlman,,,USA,27.379,80,18,3-6 7-5 6-2,3,R32,,,,,,,,,,,,,,,,,,,
1994-1050,Hobart,Hard,32,T4,,19940110,10,200039,,,Chanda Rubin,R,168,USA,17.895,66,22,200665,,Q,Yone Kamio,R,164,JPN,22.136,111,13,6-3 7-5,3,R32,,,,,,,,,,,,,,,,,,,
1994-1050,Hobart,Hard,32,T4,,19940110,11,200059,,,Ruxandra Dragomir Ilie,R,168,ROU,21.213,79,19,200095,5,,Linda Wild,R,,USA,22.914,46,32,6-3 2-6 6-3,3,R32,,,,,,,,,,,,,,,,,,,
1994-1050,Hobart,Hard,32,T4,,19940110,12,200497,4,,Patricia Hy Boulais,R,163,CAN,28.387,41,36,200624,,,Tami Whitlinger Jones,,,USA,25.159,71,21,6-1 7-5,3,R32,,,,,,,,,,,,,,,,,,,
1994-1050,Hobart,Hard,32,T4,,19940110,13,200105,,WC,Rachel Mcquillan,,170,AUS,22.109,110,13,200706,,LL,Catalina Cristea,R,178,ROU,18.610,135,10,4-6 6-3 6-4,3,R32,,,,,,,,,,,,,,,,,,,
1994-1050,Hobart,Hard,32,T4,,19940110,14,200626,,,Emanuela Zardo,L,,SUI,23.716,75,20,200689,,,Tessa Price,,,RSA,26.799,157,8,6-4 6-2,3,R32,,,,,,,,,,,,,,,,,,,
1994-1050,Hobart,Hard,32,T4,,19940110,15,200649,7,,Ginger Helgeson,R,,USA,25.323,56,28,200704,,,Maria Jose Gaidano,,171,ARG,20.630,86,16,6-3 7-5,3,R32,,,,,,,,,,,,,,,,,,,
1994-1050,Hobart,Hard,32,T4,,19940110,16,200676,6,,Mana Endo,R,160,JPN,22.927,48,30,200669,,,Debbie Graham,R,183,USA,23.379,64,24,6-1 7-6,3,R32,,,,,,,,,,,,,,,,,,,
1994-1050,Hobart,Hard,32,T4,,19940110,17,200700,,,Silvia Farina Elia,R,172,ITA,21.706,87,16,200684,1,,Shi Ting Wang,R,171,TPE,20.228,30,45,7-6 6-4,3,R16,,,,,,,,,,,,,,,,,,,
1994-1050,Hobart,Hard,32,T4,,19940110,18,200039,,,Chanda Rubin,R,168,USA,17.895,66,22,200059,,,Ruxandra Dragomir Ilie,R,168,ROU,21.213,79,19,6-2 3-6 7-6,3,R16,,,,,,,,,,,,,,,,,,,
1994-1050,Hobart,Hard,32,T4,,19940110,19,200105,,WC,Rachel Mcquillan,,170,AUS,22.109,110,13,200497,4,,Patricia Hy Boulais,R,163,CAN,28.387,41,36,6-2 3-6 6-3,3,R16,,,,,,,,,,,,,,,,,,,
1994-1050,Hobart,Hard,32,T4,,19940110,20,200649,7,,Ginger Helgeson,R,,USA,25.323,56,28,200626,,,Emanuela Zardo,L,,SUI,23.716,75,20,6-3 6-2,3,R16,,,,,,,,,,,,,,,,,,,
1994-1050,Hobart,Hard,32,T4,,19940110,21,200676,6,,Mana Endo,R,160,JPN,22.927,48,30,200010,,Q,Rita Grande,R,177,ITA,18.804,173,7,7-6 6-3,3,R16,,,,,,,,,,,,,,,,,,,
1994-1050,Hobart,Hard,32,T4,,19940110,22,200607,,,Beate Reinstadler,,168,AUT,26.645,84,17,200595,3,,Ann Grossman,,,USA,23.245,35,40,6-4 3-6 7-5,3,R16,,,,,,,,,,,,,,,,,,,
1994-1050,Hobart,Hard,32,T4,,19940110,23,200082,,Q,Kristie Boogert,R,178,NED,20.069,114,13,200522,,,Nicole Jagerman,R,179,NED,26.470,65,22,6-7 6-4 6-2,3,R16,,,,,,,,,,,,,,,,,,,
1994-1050,Hobart,Hard,32,T4,,19940110,24,200584,,,Laura Golarsa,R,165,ITA,26.122,70,21,200051,,,Irina Spirlea,R,175,ROU,19.795,62,25,7-6 1-6 6-1,3,R16,,,,,,,,,,,,,,,,,,,
1994-1050,Hobart,Hard,32,T4,,19940110,25,200039,,,Chanda Rubin,R,168,USA,17.895,66,22,200700,,,Silvia Farina Elia,R,172,ITA,21.706,87,16,6-2 5-7 6-2,3,QF,,,,,,,,,,,,,,,,,,,
1994-1050,Hobart,Hard,32,T4,,19940110,26,200105,,WC,Rachel Mcquillan,,170,AUS,22.109,110,13,200649,7,,Ginger Helgeson,R,,USA,25.323,56,28,7-5 7-6,3,QF,,,,,,,,,,,,,,,,,,,
1994-1050,Hobart,Hard,32,T4,,19940110,27,200676,6,,Mana Endo,R,160,JPN,22.927,48,30,200607,,,Beate Reinstadler,,168,AUT,26.645,84,17,6-0 6-3,3,QF,,,,,,,,,,,,,,,,,,,
1994-1050,Hobart,Hard,32,T4,,19940110,28,200082,,Q,Kristie Boogert,R,178,NED,20.069,114,13,200584,,,Laura Golarsa,R,165,ITA,26.122,70,21,7-5 6-3,3,QF,,,,,,,,,,,,,,,,,,,
1994-1050,Hobart,Hard,32,T4,,19940110,29,200105,,WC,Rachel Mcquillan,,170,AUS,22.109,110,13,200039,,,Chanda Rubin,R,168,USA,17.895,66,22,2-6 6-4 6-3,3,SF,,,,,,,,,,,,,,,,,,,
1994-1050,Hobart,Hard,32,T4,,19940110,30,200676,6,,Mana Endo,R,160,JPN,22.927,48,30,200082,,Q,Kristie Boogert,R,178,NED,20.069,114,13,7-6 4-2 RET,3,SF,,,,,,,,,,,,,,,,,,,
1994-1050,Hobart,Hard,32,T4,,19940110,31,200676,6,,Mana Endo,R,160,JPN,22.927,48,30,200105,,WC,Rachel Mcquillan,,170,AUS,22.109,110,13,6-1 6-7 6-4,3,F,,,,,,,,,,,,,,,,,,,
1994-702,Sydney,Hard,32,T2,,19940110,1,200049,1,,Conchita Martinez,R,170,ESP,21.736,4,192,200651,,,Sabine Hack,,170,GER,24.499,24,56,6-3 6-0,3,R32,,,,,,,,,,,,,,,,,,,
1994-702,Sydney,Hard,32,T2,,19940110,2,200037,,,Sabine Appelmans,L,168,BEL,21.720,36,40,200498,,WC,Michelle Jaggard Lai,R,146,AUS,24.682,107,13,6-2 6-2,3,R32,,,,,,,,,,,,,,,,,,,
1994-702,Sydney,Hard,32,T2,,19940110,3,200041,,,Amy Frazier,R,175,USA,21.309,39,37,200593,,Q,Karine Quentrec,,,FRA,24.222,96,14,7-5 4-6 6-4,3,R32,,,,,,,,,,,,,,,,,,,
1994-702,Sydney,Hard,32,T2,,19940110,4,200597,3,,Mary Joe Fernandez,R,175,USA,22.396,7,138,200112,,,Julie Halard Decugis,R,173,FRA,23.335,29,47,7-6 6-3,3,R32,,,,,,,,,,,,,,,,,,,
1994-702,Sydney,Hard,32,T2,,19940110,5,200094,,,Barbara Rittner,R,173,GER,20.712,33,43,200482,8,,Judith Wiesner,R,,AUT,27.861,21,59,6-2 6-3,3,R32,,,,,,,,,,,,,,,,,,,
1994-702,Sydney,Hard,32,T2,,19940110,6,200026,,,Florencia Labat,L,170,ARG,22.582,43,33,200020,,,Lisa Raymond,R,165,USA,20.419,57,28,2-6 7-6 6-3,3,R32,,,,,,,,,,,,,,,,,,,
1994-702,Sydney,Hard,32,T2,,19940110,7,200660,,,Kimberly Po Messerli,R,157,USA,22.226,42,34,200360,,,Pam Shriver,R,183,USA,31.522,38,39,4-6 6-4 7-6,3,R32,,,,,,,,,,,,,,,,,,,
1994-702,Sydney,Hard,32,T2,,19940110,8,200572,2,,Gabriela Sabatini,R,175,ARG,23.656,5,146,200612,,,Natalia Medvedeva,R,176,UKR,22.155,23,58,7-5 5-7 6-4,3,R32,,,,,,,,,,,,,,,,,,,
1994-702,Sydney,Hard,32,T2,,19940110,9,200506,,Q,Wiltrud Probst,R,170,GER,24.619,102,13,200638,,,Stephanie Rottier,,,NED,19.968,34,41,7-5 6-4,3,R32,,,,,,,,,,,,,,,,,,,
1994-702,Sydney,Hard,32,T2,,19940110,10,200602,,Q,Shaun Stafford,R,180,USA,25.076,73,20,200362,,WC,Liz Smylie,R,170,AUS,30.752,129,11,6-1 2-0 RET,3,R32,,,,,,,,,,,,,,,,,,,
1994-702,Sydney,Hard,32,T2,,19940110,11,200617,5,,Kimiko Date Krumm,R,163,JPN,23.286,13,89,200542,,Q,Clare Wood,R,,GBR,25.843,88,16,6-1 6-2,3,R32,,,,,,,,,,,,,,,,,,,
1994-702,Sydney,Hard,32,T2,,19940110,12,200601,,,Leila Meskhi,R,164,GEO,26.016,37,39,200081,4,,Anke Huber,R,173,GER,19.102,10,124,6-7 6-2 6-1,3,R32,,,,,,,,,,,,,,,,,,,
1994-702,Sydney,Hard,32,T2,,19940110,13,200705,,,Linda Ferrando,,170,ITA,27.995,52,29,200469,,,Nicole Bradtke,R,176,AUS,24.302,26,50,6-3 6-4,3,R32,,,,,,,,,,,,,,,,,,,
1994-702,Sydney,Hard,32,T2,,19940110,14,200548,,,Patty Fendick,R,165,USA,28.781,27,50,200657,,,Radka Bobkova,R,172,CZE,20.909,53,29,6-4 6-3,3,R32,,,,,,,,,,,,,,,,,,,
1994-702,Sydney,Hard,32,T2,,19940110,15,200644,,,Naoko Sawamatsu,R,167,JPN,20.803,28,49,200064,7,,Amanda Coetzer,R,158,RSA,22.221,15,85,4-6 6-3 6-3,3,R32,,,,,,,,,,,,,,,,,,,
1994-702,Sydney,Hard,32,T2,,19940110,16,200404,6,,Zina Garrison,R,164,USA,30.153,14,86,200089,,,Miriam Oremans,R,169,NED,21.337,31,44,7-6 6-2,3,R32,,,,,,,,,,,,,,,,,,,
1994-702,Sydney,Hard,32,T2,,19940110,17,200049,1,,Conchita Martinez,R,170,ESP,21.736,4,192,200506,,Q,Wiltrud Probst,R,170,GER,24.619,102,13,2-6 7-5 6-2,3,R16,,,,,,,,,,,,,,,,,,,
1994-702,Sydney,Hard,32,T2,,19940110,18,200617,5,,Kimiko Date Krumm,R,163,JPN,23.286,13,89,200602,,Q,Shaun Stafford,R,180,USA,25.076,73,20,1-6 6-2 6-1,3,R16,,,,,,,,,,,,,,,,,,,
1994-702,Sydney,Hard,32,T2,,19940110,19,200705,,,Linda Ferrando,,170,ITA,27.995,52,29,200601,,,Leila Meskhi,R,164,GEO,26.016,37,39,3-6 6-1 6-1,3,R16,,,,,,,,,,,,,,,,,,,
1994-702,Sydney,Hard,32,T2,,19940110,20,200548,,,Patty Fendick,R,165,USA,28.781,27,50,200644,,,Naoko Sawamatsu,R,167,JPN,20.803,28,49,6-3 7-6,3,R16,,,,,,,,,,,,,,,,,,,
1994-702,Sydney,Hard,32,T2,,19940110,21,200404,6,,Zina Garrison,R,164,USA,30.153,14,86,200037,,,Sabine Appelmans,L,168,BEL,21.720,36,40,7-5 7-5,3,R16,,,,,,,,,,,,,,,,,,,
1994-702,Sydney,Hard,32,T2,,19940110,22,200597,3,,Mary Joe Fernandez,R,175,USA,22.396,7,138,200041,,,Amy Frazier,R,175,USA,21.309,39,37,6-2 7-6,3,R16,,,,,,,,,,,,,,,,,,,
1994-702,Sydney,Hard,32,T2,,19940110,23,200094,,,Barbara Rittner,R,173,GER,20.712,33,43,200026,,,Florencia Labat,L,170,ARG,22.582,43,33,6-3 6-0,3,R16,,,,,,,,,,,,,,,,,,,
1994-702,Sydney,Hard,32,T2,,19940110,24,200572,2,,Gabriela Sabatini,R,175,ARG,23.656,5,146,200660,,,Kimberly Po Messerli,R,157,USA,22.226,42,34,6-2 6-1,3,R16,,,,,,,,,,,,,,,,,,,
1994-702,Sydney,Hard,32,T2,,19940110,25,200617,5,,Kimiko Date Krumm,R,163,JPN,23.286,13,89,200049,1,,Conchita Martinez,R,170,ESP,21.736,4,192,6-3 6-0,3,QF,,,,,,,,,,,,,,,,,,,
1994-702,Sydney,Hard,32,T2,,19940110,26,200548,,,Patty Fendick,R,165,USA,28.781,27,50,200705,,,Linda Ferrando,,170,ITA,27.995,52,29,6-3 6-1,3,QF,,,,,,,,,,,,,,,,,,,
1994-702,Sydney,Hard,32,T2,,19940110,27,200597,3,,Mary Joe Fernandez,R,175,USA,22.396,7,138,200404,6,,Zina Garrison,R,164,USA,30.153,14,86,7-5 6-2,3,QF,,,,,,,,,,,,,,,,,,,
1994-702,Sydney,Hard,32,T2,,19940110,28,200572,2,,Gabriela Sabatini,R,175,ARG,23.656,5,146,200094,,,Barbara Rittner,R,173,GER,20.712,33,43,6-1 6-3,3,QF,,,,,,,,,,,,,,,,,,,
1994-702,Sydney,Hard,32,T2,,19940110,29,200617,5,,Kimiko Date Krumm,R,163,JPN,23.286,13,89,200548,,,Patty Fendick,R,165,USA,28.781,27,50,6-2 5-7 6-1,3,SF,,,,,,,,,,,,,,,,,,,
1994-702,Sydney,Hard,32,T2,,19940110,30,200597,3,,Mary Joe Fernandez,R,175,USA,22.396,7,138,200572,2,,Gabriela Sabatini,R,175,ARG,23.656,5,146,7-5 6-1,3,SF,,,,,,,,,,,,,,,,,,,
1994-702,Sydney,Hard,32,T2,,19940110,31,200617,5,,Kimiko Date Krumm,R,163,JPN,23.286,13,89,200597,3,,Mary Joe Fernandez,R,175,USA,22.396,7,138,6-4 6-2,3,F,,,,,,,,,,,,,,,,,,,
1994-901,Australian Open,Hard,128,G,,19940117,1,200414,1,,Steffi Graf,R,175,GER,24.595,1,409,200660,,,Kimberly Po Messerli,R,157,USA,22.245,40,36,6-1 2-0 RET,3,R128,,,,,,,,,,,,,,,,,,,
1994-901,Australian Open,Hard,128,G,,19940117,2,200506,,,Wiltrud Probst,R,170,GER,24.638,93,16,200569,,,Petra Langrova,,,TCH,23.560,105,14,7-6(6) 5-7 6-4,3,R128,,,,,,,,,,,,,,,,,,,
1994-901,Australian Open,Hard,128,G,,19940117,3,200693,,Q,Elena Makarova,R,,RUS,20.959,131,11,200547,,,Sandra Wasserman,R,173,BEL,23.858,99,14,6-4 6-3,3,R128,,,,,,,,,,,,,,,,,,,
1994-901,Australian Open,Hard,128,G,,19940117,4,200560,,,Rene Simpson,L,165,CAN,28.009,98,14,200036,,WC,Nicole Pratt,R,163,AUS,20.871,187,6,6-3 6-0,3,R128,,,,,,,,,,,,,,,,,,,
1994-901,Australian Open,Hard,128,G,,19940117,5,200680,,,Nadin Ercegovic,R,177,CRO,20.956,123,12,200416,,,Robin White,R,164,USA,30.106,122,12,4-6 6-3 7-5,3,R128,,,,,,,,,,,,,,,,,,,
1994-901,Australian Open,Hard,128,G,,19940117,6,200679,,,Caroline Kuhlman,,,USA,27.398,85,17,200579,,,Karin Kschwendt,R,175,AUT,25.342,83,18,6-4 6-1,3,R128,,,,,,,,,,,,,,,,,,,
1994-901,Australian Open,Hard,128,G,,19940117,7,200667,,,Ines Gorrochategui,R,169,ARG,20.597,55,28,200615,,WC,Kristin Godridge,,,HKG,20.942,174,7,6-4 6-3,3,R128,,,,,,,,,,,,,,,,,,,
1994-901,Australian Open,Hard,128,G,,19940117,8,200597,6,,Mary Joe Fernandez,R,175,USA,22.415,5,146,200694,,Q,Elly Hakami,,,USA,24.397,417,1,6-4 6-3,3,R128,,,,,,,,,,,,,,,,,,,
1994-901,Australian Open,Hard,128,G,,19940117,9,200049,3,,Conchita Martinez,R,170,ESP,21.755,4,185,200116,,,Natalia Zvereva,R,174,BLR,22.757,20,73,5-7 6-4 6-3,3,R128,,,,,,,,,,,,,,,,,,,
1994-901,Australian Open,Hard,128,G,,19940117,10,200548,,,Patty Fendick,R,165,USA,28.800,23,55,200695,,Q,Tina Krizan,R,175,SLO,19.836,,,6-4 6-4,3,R128,,,,,,,,,,,,,,,,,,,
1994-901,Australian Open,Hard,128,G,,19940117,11,200041,,,Amy Frazier,R,175,USA,21.328,48,31,200362,,,Liz Smylie,R,170,AUS,30.771,127,11,6-1 2-6 6-2,3,R128,,,,,,,,,,,,,,,,,,,
1994-901,Australian Open,Hard,128,G,,19940117,12,200469,,,Nicole Bradtke,R,176,AUS,24.321,27,48,200542,,,Clare Wood,R,,GBR,25.862,87,17,7-5 6-4,3,R128,,,,,,,,,,,,,,,,,,,
1994-901,Australian Open,Hard,128,G,,19940117,13,200657,,,Radka Bobkova,R,172,CZE,20.929,58,27,200696,,,Christina Papadaki,R,,GRE,20.896,125,11,6-1 6-3,3,R128,,,,,,,,,,,,,,,,,,,
1994-901,Australian Open,Hard,128,G,,19940117,14,200559,,,Kristine Kunce,R,177,AUS,23.877,90,16,200697,,,Janette Husarova,R,169,SVK,19.623,80,18,3-6 7-6(3) 7-5,3,R128,,,,,,,,,,,,,,,,,,,
1994-901,Australian Open,Hard,128,G,,19940117,15,200648,,,Marketa Kochta,R,168,GER,18.514,84,17,200682,,,Joannette Kruger,R,179,RSA,20.373,120,12,6-2 4-6 7-5,3,R128,,,,,,,,,,,,,,,,,,,
1994-901,Australian Open,Hard,128,G,,19940117,16,200039,,,Chanda Rubin,R,168,USA,17.914,62,25,200455,,,Katerina Maleeva,R,168,BUL,24.699,21,59,6-4 6-3,3,R128,,,,,,,,,,,,,,,,,,,
1994-901,Australian Open,Hard,128,G,,19940117,17,200064,12,,Amanda Coetzer,R,158,RSA,22.240,18,79,200698,,,Petra Begerow,R,178,GER,18.763,112,13,6-1 6-3,3,R128,,,,,,,,,,,,,,,,,,,
1994-901,Australian Open,Hard,128,G,,19940117,18,200617,10,,Kimiko Date Krumm,R,163,JPN,23.305,9,117,200419,,,Kathy Rinaldi Stunkel,,,USA,26.821,82,18,6-1 6-1,3,R128,,,,,,,,,,,,,,,,,,,
1994-901,Australian Open,Hard,128,G,,19940117,19,200699,,,Meredith Mcgrath,,,USA,22.725,70,21,200450,,,Larisa Savchenko,,169,URS,27.494,35,40,3-6 6-4 6-4,3,R128,,,,,,,,,,,,,,,,,,,
1994-901,Australian Open,Hard,128,G,,19940117,20,200669,,,Debbie Graham,R,183,USA,23.398,66,22,200578,,WC,Rennae Stubbs,R,178,AUS,22.815,181,7,3-6 7-5 6-0,3,R128,,,,,,,,,,,,,,,,,,,
1994-901,Australian Open,Hard,128,G,,19940117,21,200105,,,Rachel Mcquillan,,170,AUS,22.128,86,17,200627,,,Petra Schwarz,R,168,AUT,21.651,119,12,6-1 6-3,3,R128,,,,,,,,,,,,,,,,,,,
1994-901,Australian Open,Hard,128,G,,19940117,22,200082,,,Kristie Boogert,R,178,NED,20.088,94,16,200485,,Q,Manon Bollegraf,R,173,NED,29.772,170,8,6-3 6-3,3,R128,,,,,,,,,,,,,,,,,,,
1994-901,Australian Open,Hard,128,G,,19940117,23,200360,,,Pam Shriver,R,183,USA,31.541,46,32,200076,,,Laurence Courtois,R,172,BEL,17.999,111,13,2-6 6-1 6-4,3,R128,,,,,,,,,,,,,,,,,,,
1994-901,Australian Open,Hard,128,G,,19940117,24,200649,,,Ginger Helgeson,R,,USA,25.342,49,30,200570,,,Veronika Martinek,,160,GER,21.791,134,10,6-3 6-2,3,R128,,,,,,,,,,,,,,,,,,,
1994-901,Australian Open,Hard,128,G,,19940117,25,200112,,,Julie Halard Decugis,R,173,FRA,23.354,29,46,200004,,WC,Kerry Anne Guse,R,159,AUS,21.120,,,6-0 6-2,3,R128,,,,,,,,,,,,,,,,,,,
1994-901,Australian Open,Hard,128,G,,19940117,26,200081,7,,Anke Huber,R,173,GER,19.122,10,108,200601,,,Leila Meskhi,R,164,GEO,26.035,31,43,6-1 6-3,3,R128,,,,,,,,,,,,,,,,,,,
1994-901,Australian Open,Hard,128,G,,19940117,27,200539,5,,Jana Novotna,R,175,CZE,25.293,7,145,200658,,,Fang Li,R,166,CHN,21.044,140,10,6-1 6-3,3,R128,,,,,,,,,,,,,,,,,,,
1994-901,Australian Open,Hard,128,G,,19940117,28,200472,,,Helen Kelesi,R,,CAN,24.173,50,30,200700,,,Silvia Farina Elia,R,172,ITA,21.725,79,18,6-1 6-1,3,R128,,,,,,,,,,,,,,,,,,,
1994-901,Australian Open,Hard,128,G,,19940117,29,200491,,,Christina Singer,,176,GER,25.476,78,19,200051,,,Irina Spirlea,R,175,ROU,19.814,63,25,6-2 6-4,3,R128,,,,,,,,,,,,,,,,,,,
1994-901,Australian Open,Hard,128,G,,19940117,30,200563,,WC,Jane Taylor,,,AUS,21.194,185,6,200701,,Q,Caroline Vis,R,180,NED,23.875,,,6-2 6-7(4) 6-4,3,R128,,,,,,,,,,,,,,,,,,,
1994-901,Australian Open,Hard,128,G,,19940117,31,200417,,,Gigi Fernandez,,170,USA,29.903,52,29,200702,,Q,Naoko Kijimuta,R,164,JPN,21.813,,,6-1 6-4,3,R128,,,,,,,,,,,,,,,,,,,
1994-901,Australian Open,Hard,128,G,,19940117,32,200665,,,Yone Kamio,R,164,JPN,22.155,107,13,200029,,WC,Lisa Mcshea,R,174,AUS,19.220,320,2,6-1 6-3,3,R128,,,,,,,,,,,,,,,,,,,
1994-901,Australian Open,Hard,128,G,,19940117,33,200626,,,Emanuela Zardo,L,,SUI,23.735,74,19,200703,,,Katarina Studenikova,R,172,SVK,21.375,73,20,6-4 7-5,3,R128,,,,,,,,,,,,,,,,,,,
1994-901,Australian Open,Hard,128,G,,19940117,34,200094,,,Barbara Rittner,R,173,GER,20.731,33,42,200586,,,Federica Bonsignori,,,ITA,26.161,103,14,6-0 6-0,3,R128,,,,,,,,,,,,,,,,,,,
1994-901,Australian Open,Hard,128,G,,19940117,35,200653,,,Yayuk Basuki,R,164,INA,23.133,43,35,200097,15,,Nathalie Tauziat,R,165,FRA,26.254,17,79,6-4 7-6(7),3,R128,,,,,,,,,,,,,,,,,,,
1994-901,Australian Open,Hard,128,G,,19940117,36,200096,9,,Mary Pierce,R,178,FRA,19.007,13,93,200681,,,Natalia Baudone,,,ITA,21.517,102,14,6-2 6-1,3,R128,,,,,,,,,,,,,,,,,,,
1994-901,Australian Open,Hard,128,G,,19940117,37,200095,,,Linda Wild,R,,USA,22.933,53,28,200686,,,Sandra Dopfer,,174,AUT,23.650,110,13,6-3 6-2,3,R128,,,,,,,,,,,,,,,,,,,
1994-901,Australian Open,Hard,128,G,,19940117,38,200026,,,Florencia Labat,L,170,ARG,22.601,42,35,200118,,,Virginia Ruano Pascual,R,169,ESP,20.323,128,11,6-3 6-1,3,R128,,,,,,,,,,,,,,,,,,,
1994-901,Australian Open,Hard,128,G,,19940117,39,200037,,,Sabine Appelmans,L,168,BEL,21.739,38,39,200647,,,Noelle Van Lottum,,170,FRA,21.517,117,12,5-7 6-2 3-0 RET,3,R128,,,,,,,,,,,,,,,,,,,
1994-901,Australian Open,Hard,128,G,,19940117,40,200624,,,Tami Whitlinger Jones,,,USA,25.178,88,17,200704,,,Maria Jose Gaidano,,171,ARG,20.649,95,15,6-3 6-2,3,R128,,,,,,,,,,,,,,,,,,,
1994-901,Australian Open,Hard,128,G,,19940117,41,200705,,,Linda Ferrando,,170,ITA,28.014,44,32,200005,,,Jolene Watanabe,R,,USA,25.380,130,11,6-4 6-3,3,R128,,,,,,,,,,,,,,,,,,,
1994-901,Australian Open,Hard,128,G,,19940117,42,200612,,,Natalia Medvedeva,R,176,UKR,22.174,24,55,200522,,,Nicole Jagerman,R,179,NED,26.489,65,23,7-5 6-2,3,R128,,,,,,,,,,,,,,,,,,,
1994-901,Australian Open,Hard,128,G,,19940117,43,200572,4,,Gabriela Sabatini,R,175,ARG,23.675,6,146,200638,,,Stephanie Rottier,,,NED,19.987,37,39,7-6(3) 6-3,3,R128,,,,,,,,,,,,,,,,,,,
1994-901,Australian Open,Hard,128,G,,19940117,44,200401,8,,Manuela Maleeva Fragniere,R,173,SUI,26.925,11,103,200584,,,Laura Golarsa,R,165,ITA,26.142,67,22,6-0 6-3,3,R128,,,,,,,,,,,,,,,,,,,
1994-901,Australian Open,Hard,128,G,,19940117,45,200016,,,Sandrine Testud,R,176,FRA,21.791,115,12,200692,,,Marzia Grossi,,,ITA,23.376,100,14,6-1 6-3,3,R128,,,,,,,,,,,,,,,,,,,
1994-901,Australian Open,Hard,128,G,,19940117,46,200706,,,Catalina Cristea,R,178,ROU,18.629,133,10,200662,,WC,Joanne Limmer,R,,AUS,19.806,318,2,7-6(4) 6-3,3,R128,,,,,,,,,,,,,,,,,,,
1994-901,Australian Open,Hard,128,G,,19940117,47,200641,,,Patricia Tarabini,R,165,ARG,25.449,59,26,200013,,,Angelica Gavaldon,R,,MEX,20.291,71,20,6-4 7-6(6),3,R128,,,,,,,,,,,,,,,,,,,
1994-901,Australian Open,Hard,128,G,,19940117,48,200707,,,Romana Tedjakusuma,R,,INA,17.484,124,12,200593,,,Karine Quentrec,,,FRA,24.241,101,14,6-0 6-4,3,R128,,,,,,,,,,,,,,,,,,,
1994-901,Australian Open,Hard,128,G,,19940117,49,200663,,LL,Nanne Dahlman,,163,FIN,23.363,143,10,200530,,,Radomira Zrubakova,R,169,SVK,23.061,108,13,6-2 6-7(3) 7-5,3,R128,,,,,,,,,,,,,,,,,,,
1994-901,Australian Open,Hard,128,G,,19940117,50,200607,,,Beate Reinstadler,,168,AUT,26.664,76,19,200602,,,Shaun Stafford,R,180,USA,25.096,68,22,6-2 6-4,3,R128,,,,,,,,,,,,,,,,,,,
1994-901,Australian Open,Hard,128,G,,19940117,51,200397,,,Tracy Austin,R,165,USA,31.100,116,12,200481,,,Elna Reinach,,,RSA,25.126,57,27,6-1 7-5,3,R128,,,,,,,,,,,,,,,,,,,
1994-901,Australian Open,Hard,128,G,,19940117,52,200651,,,Sabine Hack,,170,GER,24.518,25,53,200404,11,,Zina Garrison,R,164,USA,30.172,14,89,7-5 6-3,3,R128,,,,,,,,,,,,,,,,,,,
1994-901,Australian Open,Hard,128,G,,19940117,53,200086,14,,Magdalena Maleeva,R,168,BUL,18.798,16,81,200708,,,Sandra Cacic,R,,USA,19.354,72,20,6-3 6-1,3,R128,,,,,,,,,,,,,,,,,,,
1994-901,Australian Open,Hard,128,G,,19940117,54,200644,,,Naoko Sawamatsu,R,167,JPN,20.822,28,47,200498,,,Michelle Jaggard Lai,R,146,AUS,24.701,109,13,6-4 6-1,3,R128,,,,,,,,,,,,,,,,,,,
1994-901,Australian Open,Hard,128,G,,19940117,55,200040,,Q,Anna Smashnova,R,157,ISR,17.506,148,9,200059,,,Ruxandra Dragomir Ilie,R,168,ROU,21.232,77,19,6-2 6-0,3,R128,,,,,,,,,,,,,,,,,,,
1994-901,Australian Open,Hard,128,G,,19940117,56,200020,,,Lisa Raymond,R,165,USA,20.438,60,26,200089,,,Miriam Oremans,R,169,NED,21.356,32,43,6-2 2-6 6-4,3,R128,,,,,,,,,,,,,,,,,,,
1994-901,Australian Open,Hard,128,G,,19940117,57,200048,,,Elena Likhovtseva,R,174,RUS,18.360,75,19,200709,,,Rossana De Los Rios,R,170,PAR,18.339,129,11,6-2 6-2,3,R128,,,,,,,,,,,,,,,,,,,
1994-901,Australian Open,Hard,128,G,,19940117,58,200711,,,Tatiana Ignatieva,,173,BLR,19.603,113,12,200710,,Q,Magdalena Feistel,,,POL,23.406,,,6-1 6-2,3,R128,,,,,,,,,,,,,,,,,,,
1994-901,Australian Open,Hard,128,G,,19940117,59,200595,,,Ann Grossman,,,USA,23.264,34,41,200655,,,Nicole Arendt,L,177,USA,24.395,91,16,6-7(5) 6-3 6-0,3,R128,,,,,,,,,,,,,,,,,,,
1994-901,Australian Open,Hard,128,G,,19940117,60,200684,,,Shi Ting Wang,R,171,TPE,20.247,30,45,200608,,,Audra Keller,,,USA,22.169,126,11,6-4 6-0,3,R128,,,,,,,,,,,,,,,,,,,
1994-901,Australian Open,Hard,128,G,,19940117,61,200017,2,,Arantxa Sanchez Vicario,R,168,ESP,22.084,2,253,200006,,,Karina Habsudova,R,170,SVK,20.460,97,14,6-1 6-3,3,R128,,,,,,,,,,,,,,,,,,,
1994-901,Australian Open,Hard,128,G,,19940117,62,200676,,,Mana Endo,R,160,JPN,22.946,36,40,200080,,,Dominique Monami,R,170,BEL,20.633,54,28,6-4 6-3,3,R128,,,,,,,,,,,,,,,,,,,
1994-901,Australian Open,Hard,128,G,,19940117,63,200377,13,,Helena Sukova,R,188,CZE,28.899,15,87,200439,,WC,Jenny Byrne,,,AUS,26.894,144,10,6-7(5) 7-6(7) 6-2,3,R128,,,,,,,,,,,,,,,,,,,
1994-901,Australian Open,Hard,128,G,,19940117,64,200128,16,,Lindsay Davenport,R,189,USA,17.610,19,74,200497,,,Patricia Hy Boulais,R,163,CAN,28.406,41,36,3-6 6-2 7-5,3,R128,,,,,,,,,,,,,,,,,,,
1994-901,Australian Open,Hard,128,G,,19940117,65,200414,1,,Steffi Graf,R,175,GER,24.595,1,409,200469,,,Nicole Bradtke,R,176,AUS,24.321,27,48,6-1 6-4,3,R64,,,,,,,,,,,,,,,,,,,
1994-901,Australian Open,Hard,128,G,,19940117,66,200094,,,Barbara Rittner,R,173,GER,20.731,33,42,200360,,,Pam Shriver,R,183,USA,31.541,46,32,6-4 3-6 6-2,3,R64,,,,,,,,,,,,,,,,,,,
1994-901,Australian Open,Hard,128,G,,19940117,67,200016,,,Sandrine Testud,R,176,FRA,21.791,115,12,200020,,,Lisa Raymond,R,165,USA,20.438,60,26,7-5 3-6 6-3,3,R64,,,,,,,,,,,,,,,,,,,
1994-901,Australian Open,Hard,128,G,,19940117,68,200377,13,,Helena Sukova,R,188,CZE,28.899,15,87,200676,,,Mana Endo,R,160,JPN,22.946,36,40,6-4 5-7 7-5,3,R64,,,,,,,,,,,,,,,,,,,
1994-901,Australian Open,Hard,128,G,,19940117,69,200128,16,,Lindsay Davenport,R,189,USA,17.610,19,74,200506,,,Wiltrud Probst,R,170,GER,24.638,93,16,6-1 7-5,3,R64,,,,,,,,,,,,,,,,,,,
1994-901,Australian Open,Hard,128,G,,19940117,70,200693,,Q,Elena Makarova,R,,RUS,20.959,131,11,200560,,,Rene Simpson,L,165,CAN,28.009,98,14,6-3 7-6(4),3,R64,,,,,,,,,,,,,,,,,,,
1994-901,Australian Open,Hard,128,G,,19940117,71,200679,,,Caroline Kuhlman,,,USA,27.398,85,17,200680,,,Nadin Ercegovic,R,177,CRO,20.956,123,12,7-5 4-6 6-1,3,R64,,,,,,,,,,,,,,,,,,,
1994-901,Australian Open,Hard,128,G,,19940117,72,200597,6,,Mary Joe Fernandez,R,175,USA,22.415,5,146,200667,,,Ines Gorrochategui,R,169,ARG,20.597,55,28,6-3 2-6 9-7,3,R64,,,,,,,,,,,,,,,,,,,
1994-901,Australian Open,Hard,128,G,,19940117,73,200049,3,,Conchita Martinez,R,170,ESP,21.755,4,185,200548,,,Patty Fendick,R,165,USA,28.800,23,55,6-7(4) 6-1 6-4,3,R64,,,,,,,,,,,,,,,,,,,
1994-901,Australian Open,Hard,128,G,,19940117,74,200041,,,Amy Frazier,R,175,USA,21.328,48,31,200657,,,Radka Bobkova,R,172,CZE,20.929,58,27,6-2 6-1,3,R64,,,,,,,,,,,,,,,,,,,
1994-901,Australian Open,Hard,128,G,,19940117,75,200559,,,Kristine Kunce,R,177,AUS,23.877,90,16,200648,,,Marketa Kochta,R,168,GER,18.514,84,17,7-5 6-2,3,R64,,,,,,,,,,,,,,,,,,,
1994-901,Australian Open,Hard,128,G,,19940117,76,200039,,,Chanda Rubin,R,168,USA,17.914,62,25,200064,12,,Amanda Coetzer,R,158,RSA,22.240,18,79,6-1 2-6 6-3,3,R64,,,,,,,,,,,,,,,,,,,
1994-901,Australian Open,Hard,128,G,,19940117,77,200617,10,,Kimiko Date Krumm,R,163,JPN,23.305,9,117,200699,,,Meredith Mcgrath,,,USA,22.725,70,21,6-4 6-2,3,R64,,,,,,,,,,,,,,,,,,,
1994-901,Australian Open,Hard,128,G,,19940117,78,200105,,,Rachel Mcquillan,,170,AUS,22.128,86,17,200669,,,Debbie Graham,R,183,USA,23.398,66,22,6-2 3-6 6-4,3,R64,,,,,,,,,,,,,,,,,,,
1994-901,Australian Open,Hard,128,G,,19940117,79,200649,,,Ginger Helgeson,R,,USA,25.342,49,30,200082,,,Kristie Boogert,R,178,NED,20.088,94,16,6-2 6-0,3,R64,,,,,,,,,,,,,,,,,,,
1994-901,Australian Open,Hard,128,G,,19940117,80,200081,7,,Anke Huber,R,173,GER,19.122,10,108,200112,,,Julie Halard Decugis,R,173,FRA,23.354,29,46,7-6(6) 3-6 6-3,3,R64,,,,,,,,,,,,,,,,,,,
1994-901,Australian Open,Hard,128,G,,19940117,81,200539,5,,Jana Novotna,R,175,CZE,25.293,7,145,200472,,,Helen Kelesi,R,,CAN,24.173,50,30,6-3 6-1,3,R64,,,,,,,,,,,,,,,,,,,
1994-901,Australian Open,Hard,128,G,,19940117,82,200563,,WC,Jane Taylor,,,AUS,21.194,185,6,200491,,,Christina Singer,,176,GER,25.476,78,19,7-5 4-6 7-5,3,R64,,,,,,,,,,,,,,,,,,,
1994-901,Australian Open,Hard,128,G,,19940117,83,200417,,,Gigi Fernandez,,170,USA,29.903,52,29,200665,,,Yone Kamio,R,164,JPN,22.155,107,13,6-3 6-2,3,R64,,,,,,,,,,,,,,,,,,,
1994-901,Australian Open,Hard,128,G,,19940117,84,200626,,,Emanuela Zardo,L,,SUI,23.735,74,19,200653,,,Yayuk Basuki,R,164,INA,23.133,43,35,6-2 7-6(5),3,R64,,,,,,,,,,,,,,,,,,,
1994-901,Australian Open,Hard,128,G,,19940117,85,200096,9,,Mary Pierce,R,178,FRA,19.007,13,93,200095,,,Linda Wild,R,,USA,22.933,53,28,6-7(4) 7-5 6-3,3,R64,,,,,,,,,,,,,,,,,,,
1994-901,Australian Open,Hard,128,G,,19940117,86,200037,,,Sabine Appelmans,L,168,BEL,21.739,38,39,200026,,,Florencia Labat,L,170,ARG,22.601,42,35,6-2 6-3,3,R64,,,,,,,,,,,,,,,,,,,
1994-901,Australian Open,Hard,128,G,,19940117,87,200705,,,Linda Ferrando,,170,ITA,28.014,44,32,200624,,,Tami Whitlinger Jones,,,USA,25.178,88,17,6-4 6-1,3,R64,,,,,,,,,,,,,,,,,,,
1994-901,Australian Open,Hard,128,G,,19940117,88,200572,4,,Gabriela Sabatini,R,175,ARG,23.675,6,146,200612,,,Natalia Medvedeva,R,176,UKR,22.174,24,55,6-1 3-6 7-5,3,R64,,,,,,,,,,,,,,,,,,,
1994-901,Australian Open,Hard,128,G,,19940117,89,200401,8,,Manuela Maleeva Fragniere,R,173,SUI,26.925,11,103,200706,,,Catalina Cristea,R,178,ROU,18.629,133,10,5-7 6-4 6-4,3,R64,,,,,,,,,,,,,,,,,,,
1994-901,Australian Open,Hard,128,G,,19940117,90,200707,,,Romana Tedjakusuma,R,,INA,17.484,124,12,200641,,,Patricia Tarabini,R,165,ARG,25.449,59,26,6-2 7-6(2),3,R64,,,,,,,,,,,,,,,,,,,
1994-901,Australian Open,Hard,128,G,,19940117,91,200607,,,Beate Reinstadler,,168,AUT,26.664,76,19,200663,,LL,Nanne Dahlman,,163,FIN,23.363,143,10,6-3 4-6 7-5,3,R64,,,,,,,,,,,,,,,,,,,
1994-901,Australian Open,Hard,128,G,,19940117,92,200651,,,Sabine Hack,,170,GER,24.518,25,53,200397,,,Tracy Austin,R,165,USA,31.100,116,12,6-1 5-7 6-2,3,R64,,,,,,,,,,,,,,,,,,,
1994-901,Australian Open,Hard,128,G,,19940117,93,200086,14,,Magdalena Maleeva,R,168,BUL,18.798,16,81,200644,,,Naoko Sawamatsu,R,167,JPN,20.822,28,47,6-2 6-4,3,R64,,,,,,,,,,,,,,,,,,,
1994-901,Australian Open,Hard,128,G,,19940117,94,200048,,,Elena Likhovtseva,R,174,RUS,18.360,75,19,200040,,Q,Anna Smashnova,R,157,ISR,17.506,148,9,2-6 6-2 6-1,3,R64,,,,,,,,,,,,,,,,,,,
1994-901,Australian Open,Hard,128,G,,19940117,95,200595,,,Ann Grossman,,,USA,23.264,34,41,200711,,,Tatiana Ignatieva,,173,BLR,19.603,113,12,6-1 6-0,3,R64,,,,,,,,,,,,,,,,,,,
1994-901,Australian Open,Hard,128,G,,19940117,96,200017,2,,Arantxa Sanchez Vicario,R,168,ESP,22.084,2,253,200684,,,Shi Ting Wang,R,171,TPE,20.247,30,45,6-2 6-4,3,R64,,,,,,,,,,,,,,,,,,,
1994-901,Australian Open,Hard,128,G,,19940117,97,200597,6,,Mary Joe Fernandez,R,175,USA,22.415,5,146,200679,,,Caroline Kuhlman,,,USA,27.398,85,17,6-4 6-1,3,R32,,,,,,,,,,,,,,,,,,,
1994-901,Australian Open,Hard,128,G,,19940117,98,200049,3,,Conchita Martinez,R,170,ESP,21.755,4,185,200041,,,Amy Frazier,R,175,USA,21.328,48,31,6-3 6-0,3,R32,,,,,,,,,,,,,,,,,,,
1994-901,Australian Open,Hard,128,G,,19940117,99,200039,,,Chanda Rubin,R,168,USA,17.914,62,25,200559,,,Kristine Kunce,R,177,AUS,23.877,90,16,6-3 7-6(1),3,R32,,,,,,,,,,,,,,,,,,,
1994-901,Australian Open,Hard,128,G,,19940117,100,200617,10,,Kimiko Date Krumm,R,163,JPN,23.305,9,117,200105,,,Rachel Mcquillan,,170,AUS,22.128,86,17,6-3 7-5,3,R32,,,,,,,,,,,,,,,,,,,
1994-901,Australian Open,Hard,128,G,,19940117,101,200649,,,Ginger Helgeson,R,,USA,25.342,49,30,200081,7,,Anke Huber,R,173,GER,19.122,10,108,3-6 7-6(10) 6-4,3,R32,,,,,,,,,,,,,,,,,,,
1994-901,Australian Open,Hard,128,G,,19940117,102,200539,5,,Jana Novotna,R,175,CZE,25.293,7,145,200563,,WC,Jane Taylor,,,AUS,21.194,185,6,6-4 6-2,3,R32,,,,,,,,,,,,,,,,,,,
1994-901,Australian Open,Hard,128,G,,19940117,103,200626,,,Emanuela Zardo,L,,SUI,23.735,74,19,200417,,,Gigi Fernandez,,170,USA,29.903,52,29,7-6(2) 6-4,3,R32,,,,,,,,,,,,,,,,,,,
1994-901,Australian Open,Hard,128,G,,19940117,104,200096,9,,Mary Pierce,R,178,FRA,19.007,13,93,200037,,,Sabine Appelmans,L,168,BEL,21.739,38,39,6-3 6-2,3,R32,,,,,,,,,,,,,,,,,,,
1994-901,Australian Open,Hard,128,G,,19940117,105,200572,4,,Gabriela Sabatini,R,175,ARG,23.675,6,146,200705,,,Linda Ferrando,,170,ITA,28.014,44,32,6-2 6-1,3,R32,,,,,,,,,,,,,,,,,,,
1994-901,Australian Open,Hard,128,G,,19940117,106,200401,8,,Manuela Maleeva Fragniere,R,173,SUI,26.925,11,103,200707,,,Romana Tedjakusuma,R,,INA,17.484,124,12,6-0 6-1,3,R32,,,,,,,,,,,,,,,,,,,
1994-901,Australian Open,Hard,128,G,,19940117,107,200651,,,Sabine Hack,,170,GER,24.518,25,53,200607,,,Beate Reinstadler,,168,AUT,26.664,76,19,6-3 3-6 7-5,3,R32,,,,,,,,,,,,,,,,,,,
1994-901,Australian Open,Hard,128,G,,19940117,108,200086,14,,Magdalena Maleeva,R,168,BUL,18.798,16,81,200048,,,Elena Likhovtseva,R,174,RUS,18.360,75,19,6-4 6-2,3,R32,,,,,,,,,,,,,,,,,,,
1994-901,Australian Open,Hard,128,G,,19940117,109,200017,2,,Arantxa Sanchez Vicario,R,168,ESP,22.084,2,253,200595,,,Ann Grossman,,,USA,23.264,34,41,6-2 6-3,3,R32,,,,,,,,,,,,,,,,,,,
1994-901,Australian Open,Hard,128,G,,19940117,110,200414,1,,Steffi Graf,R,175,GER,24.595,1,409,200094,,,Barbara Rittner,R,173,GER,20.731,33,42,6-2 6-4,3,R32,,,,,,,,,,,,,,,,,,,
1994-901,Australian Open,Hard,128,G,,19940117,111,200016,,,Sandrine Testud,R,176,FRA,21.791,115,12,200377,13,,Helena Sukova,R,188,CZE,28.899,15,87,6-4 6-3,3,R32,,,,,,,,,,,,,,,,,,,
1994-901,Australian Open,Hard,128,G,,19940117,112,200128,16,,Lindsay Davenport,R,189,USA,17.610,19,74,200693,,Q,Elena Makarova,R,,RUS,20.959,131,11,6-1 6-2,3,R32,,,,,,,,,,,,,,,,,,,
1994-901,Australian Open,Hard,128,G,,19940117,113,200414,1,,Steffi Graf,R,175,GER,24.595,1,409,200016,,,Sandrine Testud,R,176,FRA,21.791,115,12,6-1 6-2,3,R16,,,,,,,,,,,,,,,,,,,
1994-901,Australian Open,Hard,128,G,,19940117,114,200128,16,,Lindsay Davenport,R,189,USA,17.610,19,74,200597,6,,Mary Joe Fernandez,R,175,USA,22.415,5,146,6-2 6-7(4) 6-2,3,R16,,,,,,,,,,,,,,,,,,,
1994-901,Australian Open,Hard,128,G,,19940117,115,200049,3,,Conchita Martinez,R,170,ESP,21.755,4,185,200039,,,Chanda Rubin,R,168,USA,17.914,62,25,7-6(4) 6-3,3,R16,,,,,,,,,,,,,,,,,,,
1994-901,Australian Open,Hard,128,G,,19940117,116,200617,10,,Kimiko Date Krumm,R,163,JPN,23.305,9,117,200649,,,Ginger Helgeson,R,,USA,25.342,49,30,7-5 6-1,3,R16,,,,,,,,,,,,,,,,,,,
1994-901,Australian Open,Hard,128,G,,19940117,117,200539,5,,Jana Novotna,R,175,CZE,25.293,7,145,200626,,,Emanuela Zardo,L,,SUI,23.735,74,19,6-2 7-5,3,R16,,,,,,,,,,,,,,,,,,,
1994-901,Australian Open,Hard,128,G,,19940117,118,200572,4,,Gabriela Sabatini,R,175,ARG,23.675,6,146,200096,9,,Mary Pierce,R,178,FRA,19.007,13,93,6-3 6-3,3,R16,,,,,,,,,,,,,,,,,,,
1994-901,Australian Open,Hard,128,G,,19940117,119,200401,8,,Manuela Maleeva Fragniere,R,173,SUI,26.925,11,103,200651,,,Sabine Hack,,170,GER,24.518,25,53,7-5 6-7(2) 7-5,3,R16,,,,,,,,,,,,,,,,,,,
1994-901,Australian Open,Hard,128,G,,19940117,120,200017,2,,Arantxa Sanchez Vicario,R,168,ESP,22.084,2,253,200086,14,,Magdalena Maleeva,R,168,BUL,18.798,16,81,4-6 6-1 6-3,3,R16,,,,,,,,,,,,,,,,,,,
1994-901,Australian Open,Hard,128,G,,19940117,121,200414,1,,Steffi Graf,R,175,GER,24.595,1,409,200128,16,,Lindsay Davenport,R,189,USA,17.610,19,74,6-3 6-2,3,QF,,,,,,,,,,,,,,,,,,,
1994-901,Australian Open,Hard,128,G,,19940117,122,200617,10,,Kimiko Date Krumm,R,163,JPN,23.305,9,117,200049,3,,Conchita Martinez,R,170,ESP,21.755,4,185,6-2 4-6 6-3,3,QF,,,,,,,,,,,,,,,,,,,
1994-901,Australian Open,Hard,128,G,,19940117,123,200572,4,,Gabriela Sabatini,R,175,ARG,23.675,6,146,200539,5,,Jana Novotna,R,175,CZE,25.293,7,145,6-3 6-4,3,QF,,,,,,,,,,,,,,,,,,,
1994-901,Australian Open,Hard,128,G,,19940117,124,200017,2,,Arantxa Sanchez Vicario,R,168,ESP,22.084,2,253,200401,8,,Manuela Maleeva Fragniere,R,173,SUI,26.925,11,103,7-6(3) 6-4,3,QF,,,,,,,,,,,,,,,,,,,
1994-901,Australian Open,Hard,128,G,,19940117,125,200414,1,,Steffi Graf,R,175,GER,24.595,1,409,200617,10,,Kimiko Date Krumm,R,163,JPN,23.305,9,117,6-3 6-3,3,SF,,,,,,,,,,,,,,,,,,,
1994-901,Australian Open,Hard,128,G,,19940117,126,200017,2,,Arantxa Sanchez Vicario,R,168,ESP,22.084,2,253,200572,4,,Gabriela Sabatini,R,175,ARG,23.675,6,146,6-1 6-2,3,SF,,,,,,,,,,,,,,,,,,,
1994-901,Australian Open,Hard,128,G,,19940117,127,200414,1,,Steffi Graf,R,175,GER,24.595,1,409,200017,2,,Arantxa Sanchez Vicario,R,168,ESP,22.084,2,253,6-0 6-2,3,F,,,,,,,,,,,,,,,,,,,
1994-1056,Tokyo Pan Pacific,Carpet,32,T1,,19940131,1,200414,1,,Steffi Graf,R,175,GER,24.633,1,429,200723,,,Iva Majoli,R,175,CRO,16.471,50,32,6-1 6-0,3,R32,,,,,,,,,,,,,,,,,,,
1994-1056,Tokyo Pan Pacific,Carpet,32,T1,,19940131,2,200658,,WC,Fang Li,R,166,CHN,21.082,138,10,200498,,,Michelle Jaggard Lai,R,146,AUS,24.740,109,13,6-0 6-3,3,R32,,,,,,,,,,,,,,,,,,,
1994-1056,Tokyo Pan Pacific,Carpet,32,T1,,19940131,3,200648,,,Marketa Kochta,R,168,GER,18.552,82,19,200469,,,Nicole Bradtke,R,176,AUS,24.359,31,43,7-5 6-4,3,R32,,,,,,,,,,,,,,,,,,,
1994-1056,Tokyo Pan Pacific,Carpet,32,T1,,19940131,4,200572,3,,Gabriela Sabatini,R,175,ARG,23.713,5,153,200690,,Q,Kyoko Nagatsuka,,166,JPN,19.940,143,9,6-4 6-4,3,R32,,,,,,,,,,,,,,,,,,,
1994-1056,Tokyo Pan Pacific,Carpet,32,T1,,19940131,5,200097,8,,Nathalie Tauziat,R,165,FRA,26.292,19,74,200428,,,Lori Mcneil,,170,USA,30.122,25,53,6-2 7-5,3,R32,,,,,,,,,,,,,,,,,,,
1994-1056,Tokyo Pan Pacific,Carpet,32,T1,,19940131,6,200450,,,Larisa Savchenko,,169,URS,27.532,34,40,200522,,,Nicole Jagerman,R,179,NED,26.528,65,24,7-6 6-3,3,R32,,,,,,,,,,,,,,,,,,,
1994-1056,Tokyo Pan Pacific,Carpet,32,T1,,19940131,7,200485,,Q,Manon Bollegraf,R,173,NED,29.810,149,9,200419,,,Kathy Rinaldi Stunkel,,,USA,26.859,87,18,6-3 6-3,3,R32,,,,,,,,,,,,,,,,,,,
1994-1056,Tokyo Pan Pacific,Carpet,32,T1,,19940131,8,200293,2,,Martina Navratilova,L,173,USA,37.288,3,221,200676,,,Mana Endo,R,160,JPN,22.985,37,39,6-1 6-3,3,R32,,,,,,,,,,,,,,,,,,,
1994-1056,Tokyo Pan Pacific,Carpet,32,T1,,19940131,9,200542,,,Clare Wood,R,,GBR,25.901,92,16,200684,,,Shi Ting Wang,R,171,TPE,20.285,28,45,6-1 1-6 7-5,3,R32,,,,,,,,,,,,,,,,,,,
1994-1056,Tokyo Pan Pacific,Carpet,32,T1,,19940131,10,200012,,Q,Jana Nejedly,R,175,CAN,19.647,307,3,200659,,WC,Rika Hiraki,R,157,JPN,22.155,114,12,6-3 7-5,3,R32,,,,,,,,,,,,,,,,,,,
1994-1056,Tokyo Pan Pacific,Carpet,32,T1,,19940131,11,200679,,,Caroline Kuhlman,,,USA,27.437,73,20,200617,5,,Kimiko Date Krumm,R,163,JPN,23.343,7,145,4-6 7-5 7-5,3,R32,,,,,,,,,,,,,,,,,,,
1994-1056,Tokyo Pan Pacific,Carpet,32,T1,,19940131,12,200539,4,,Jana Novotna,R,175,CZE,25.331,6,152,200085,,Q,Ai Sugiyama,R,163,JPN,18.577,145,9,6-3 6-4,3,R32,,,,,,,,,,,,,,,,,,,
1994-1056,Tokyo Pan Pacific,Carpet,32,T1,,19940131,13,200082,,,Kristie Boogert,R,178,NED,20.126,90,17,200665,,,Yone Kamio,R,164,JPN,22.193,95,15,6-2 6-3,3,R32,,,,,,,,,,,,,,,,,,,
1994-1056,Tokyo Pan Pacific,Carpet,32,T1,,19940131,14,200559,,,Kristine Kunce,R,177,AUS,23.916,74,20,200593,,,Karine Quentrec,,,FRA,24.280,108,13,7-5 3-6 6-1,3,R32,,,,,,,,,,,,,,,,,,,
1994-1056,Tokyo Pan Pacific,Carpet,32,T1,,19940131,15,200360,,,Pam Shriver,R,183,USA,31.579,44,34,200377,7,,Helena Sukova,R,188,CZE,28.937,13,86,6-1 3-6 6-3,3,R32,,,,,,,,,,,,,,,,,,,
1994-1056,Tokyo Pan Pacific,Carpet,32,T1,,19940131,16,200401,6,,Manuela Maleeva Fragniere,R,173,SUI,26.963,10,108,200080,,,Dominique Monami,R,170,BEL,20.671,61,26,6-2 6-3,3,R32,,,,,,,,,,,,,,,,,,,
1994-1056,Tokyo Pan Pacific,Carpet,32,T1,,19940131,17,200414,1,,Steffi Graf,R,175,GER,24.633,1,429,200542,,,Clare Wood,R,,GBR,25.901,92,16,6-3 6-4,3,R16,,,,,,,,,,,,,,,,,,,
1994-1056,Tokyo Pan Pacific,Carpet,32,T1,,19940131,18,200012,,Q,Jana Nejedly,R,175,CAN,19.647,307,3,200679,,,Caroline Kuhlman,,,USA,27.437,73,20,2-6 6-3 6-2,3,R16,,,,,,,,,,,,,,,,,,,
1994-1056,Tokyo Pan Pacific,Carpet,32,T1,,19940131,19,200082,,,Kristie Boogert,R,178,NED,20.126,90,17,200539,4,,Jana Novotna,R,175,CZE,25.331,6,152,4-6 6-4 6-1,3,R16,,,,,,,,,,,,,,,,,,,
1994-1056,Tokyo Pan Pacific,Carpet,32,T1,,19940131,20,200360,,,Pam Shriver,R,183,USA,31.579,44,34,200559,,,Kristine Kunce,R,177,AUS,23.916,74,20,6-2 6-2,3,R16,,,,,,,,,,,,,,,,,,,
1994-1056,Tokyo Pan Pacific,Carpet,32,T1,,19940131,21,200401,6,,Manuela Maleeva Fragniere,R,173,SUI,26.963,10,108,200658,,WC,Fang Li,R,166,CHN,21.082,138,10,6-2 6-2,3,R16,,,,,,,,,,,,,,,,,,,
1994-1056,Tokyo Pan Pacific,Carpet,32,T1,,19940131,22,200648,,,Marketa Kochta,R,168,GER,18.552,82,19,200572,3,,Gabriela Sabatini,R,175,ARG,23.713,5,153,7-6 7-5,3,R16,,,,,,,,,,,,,,,,,,,
1994-1056,Tokyo Pan Pacific,Carpet,32,T1,,19940131,23,200450,,,Larisa Savchenko,,169,URS,27.532,34,40,200097,8,,Nathalie Tauziat,R,165,FRA,26.292,19,74,7-6 6-3,3,R16,,,,,,,,,,,,,,,,,,,
1994-1056,Tokyo Pan Pacific,Carpet,32,T1,,19940131,24,200293,2,,Martina Navratilova,L,173,USA,37.288,3,221,200485,,Q,Manon Bollegraf,R,173,NED,29.810,149,9,6-7 6-2 6-1,3,R16,,,,,,,,,,,,,,,,,,,
1994-1056,Tokyo Pan Pacific,Carpet,32,T1,,19940131,25,200414,1,,Steffi Graf,R,175,GER,24.633,1,429,200012,,Q,Jana Nejedly,R,175,CAN,19.647,307,3,6-1 6-1,3,QF,,,,,,,,,,,,,,,,,,,
1994-1056,Tokyo Pan Pacific,Carpet,32,T1,,19940131,26,200082,,,Kristie Boogert,R,178,NED,20.126,90,17,200360,,,Pam Shriver,R,183,USA,31.579,44,34,6-1 6-4,3,QF,,,,,,,,,,,,,,,,,,,
1994-1056,Tokyo Pan Pacific,Carpet,32,T1,,19940131,27,200401,6,,Manuela Maleeva Fragniere,R,173,SUI,26.963,10,108,200648,,,Marketa Kochta,R,168,GER,18.552,82,19,6-4 6-4,3,QF,,,,,,,,,,,,,,,,,,,
1994-1056,Tokyo Pan Pacific,Carpet,32,T1,,19940131,28,200293,2,,Martina Navratilova,L,173,USA,37.288,3,221,200450,,,Larisa Savchenko,,169,URS,27.532,34,40,6-4 6-4,3,QF,,,,,,,,,,,,,,,,,,,
1994-1056,Tokyo Pan Pacific,Carpet,32,T1,,19940131,29,200414,1,,Steffi Graf,R,175,GER,24.633,1,429,200082,,,Kristie Boogert,R,178,NED,20.126,90,17,6-2 6-2,3,SF,,,,,,,,,,,,,,,,,,,
1994-1056,Tokyo Pan Pacific,Carpet,32,T1,,19940131,30,200293,2,,Martina Navratilova,L,173,USA,37.288,3,221,200401,6,,Manuela Maleeva Fragniere,R,173,SUI,26.963,10,108,6-2 6-3,3,SF,,,,,,,,,,,,,,,,,,,
1994-1056,Tokyo Pan Pacific,Carpet,32,T1,,19940131,31,200414,1,,Steffi Graf,R,175,GER,24.633,1,429,200293,2,,Martina Navratilova,L,173,USA,37.288,3,221,6-2 6-4,3,F,,,,,,,,,,,,,,,,,,,
1994-1049,Auckland,Hard,32,T4,,19940131,1,200112,1,,Julie Halard Decugis,R,173,FRA,23.393,40,36,200639,,WC,Claudine Toleafoa,,,NZL,23.924,396,1,6-0 6-0,3,R32,,,,,,,,,,,,,,,,,,,
1994-1049,Auckland,Hard,32,T4,,19940131,2,200570,,,Veronika Martinek,,160,GER,21.829,158,8,200021,,,Alexia Dechaume Balleret,R,,FRA,23.749,,,4-6 6-2 6-4,3,R32,,,,,,,,,,,,,,,,,,,
1994-1049,Auckland,Hard,32,T4,,19940131,3,200464,,,Ann Henricksson,,,USA,34.254,146,9,200709,,,Rossana De Los Rios,R,170,PAR,18.377,133,10,6-3 7-5,3,R32,,,,,,,,,,,,,,,,,,,
1994-1049,Auckland,Hard,32,T4,,19940131,4,200649,3,,Ginger Helgeson,R,,USA,25.380,42,35,200680,,,Nadin Ercegovic,R,177,CRO,20.994,104,14,6-3 6-3,3,R32,,,,,,,,,,,,,,,,,,,
1994-1049,Auckland,Hard,32,T4,,19940131,5,200005,,,Jolene Watanabe,R,,USA,25.419,124,11,200019,7,,Alexandra Fusai,R,176,FRA,20.192,81,19,7-5 6-1,3,R32,,,,,,,,,,,,,,,,,,,
1994-1049,Auckland,Hard,32,T4,,19940131,6,200036,,,Nicole Pratt,R,163,AUS,20.909,184,6,200615,,,Kristin Godridge,,,HKG,20.981,170,7,6-2 6-3,3,R32,,,,,,,,,,,,,,,,,,,
1994-1049,Auckland,Hard,32,T4,,19940131,7,201059,,,Misumi Miyauchi,,,JPN,22.404,136,10,200028,,Q,Maureen Drake,R,175,CAN,22.867,179,7,6-2 6-1,3,R32,,,,,,,,,,,,,,,,,,,
1994-1049,Auckland,Hard,32,T4,,19940131,8,200497,2,,Patricia Hy Boulais,R,163,CAN,28.444,47,33,200682,,,Joannette Kruger,R,179,RSA,20.411,120,12,6-1 6-2,3,R32,,,,,,,,,,,,,,,,,,,
1994-1049,Auckland,Hard,32,T4,,19940131,9,200647,,,Noelle Van Lottum,,170,FRA,21.556,117,12,200057,,Q,Erika De Lone,R,,USA,21.298,192,6,6-4 6-2,3,R32,,,,,,,,,,,,,,,,,,,
1994-1049,Auckland,Hard,32,T4,,19940131,10,200040,,,Anna Smashnova,R,157,ISR,17.545,122,12,200032,,,Barbara Schett,R,176,AUT,17.895,151,9,6-7 6-4 6-4,3,R32,,,,,,,,,,,,,,,,,,,
1994-1049,Auckland,Hard,32,T4,,19940131,11,200579,8,,Karin Kschwendt,R,175,AUT,25.380,94,16,200563,,Q,Jane Taylor,,,AUS,21.232,131,11,6-2 6-3,3,R32,,,,,,,,,,,,,,,,,,,
1994-1049,Auckland,Hard,32,T4,,19940131,12,200667,4,,Ines Gorrochategui,R,169,ARG,20.636,60,27,200510,,WC,Julie Richardson,,173,NZL,26.842,,,6-2 6-1,3,R32,,,,,,,,,,,,,,,,,,,
1994-1049,Auckland,Hard,32,T4,,19940131,13,200547,,,Sandra Wasserman,R,173,BEL,23.896,115,12,200663,,,Nanne Dahlman,,163,FIN,23.401,150,9,4-6 6-3 6-2,3,R32,,,,,,,,,,,,,,,,,,,
1994-1049,Auckland,Hard,32,T4,,19940131,14,200689,,,Tessa Price,,,RSA,26.856,171,7,201047,,,Andrea Vieira,,,BRA,22.987,141,10,6-2 6-2,3,R32,,,,,,,,,,,,,,,,,,,
1994-1049,Auckland,Hard,32,T4,,19940131,15,200626,6,,Emanuela Zardo,L,,SUI,23.773,63,25,200701,,Q,Caroline Vis,R,180,NED,23.913,186,6,6-1 2-6 6-4,3,R32,,,,,,,,,,,,,,,,,,,
1994-1049,Auckland,Hard,32,T4,,19940131,16,200632,,,Andrea Strnadova,,175,CZE,21.679,148,9,200481,5,,Elna Reinach,,,RSA,25.164,62,26,6-2 1-6 6-3,3,R32,,,,,,,,,,,,,,,,,,,
1994-1049,Auckland,Hard,32,T4,,19940131,17,200112,1,,Julie Halard Decugis,R,173,FRA,23.393,40,36,200647,,,Noelle Van Lottum,,170,FRA,21.556,117,12,6-4 7-5,3,R16,,,,,,,,,,,,,,,,,,,
1994-1049,Auckland,Hard,32,T4,,19940131,18,200040,,,Anna Smashnova,R,157,ISR,17.545,122,12,200579,8,,Karin Kschwendt,R,175,AUT,25.380,94,16,6-1 2-6 6-2,3,R16,,,,,,,,,,,,,,,,,,,
1994-1049,Auckland,Hard,32,T4,,19940131,19,200667,4,,Ines Gorrochategui,R,169,ARG,20.636,60,27,200547,,,Sandra Wasserman,R,173,BEL,23.896,115,12,6-1 6-4,3,R16,,,,,,,,,,,,,,,,,,,
1994-1049,Auckland,Hard,32,T4,,19940131,20,200689,,,Tessa Price,,,RSA,26.856,171,7,200626,6,,Emanuela Zardo,L,,SUI,23.773,63,25,7-6 6-4,3,R16,,,,,,,,,,,,,,,,,,,
1994-1049,Auckland,Hard,32,T4,,19940131,21,200570,,,Veronika Martinek,,160,GER,21.829,158,8,200632,,,Andrea Strnadova,,175,CZE,21.679,148,9,6-4 6-1,3,R16,,,,,,,,,,,,,,,,,,,
1994-1049,Auckland,Hard,32,T4,,19940131,22,200649,3,,Ginger Helgeson,R,,USA,25.380,42,35,200464,,,Ann Henricksson,,,USA,34.254,146,9,6-4 6-2,3,R16,,,,,,,,,,,,,,,,,,,
1994-1049,Auckland,Hard,32,T4,,19940131,23,200005,,,Jolene Watanabe,R,,USA,25.419,124,11,200036,,,Nicole Pratt,R,163,AUS,20.909,184,6,6-2 6-7 7-5,3,R16,,,,,,,,,,,,,,,,,,,
1994-1049,Auckland,Hard,32,T4,,19940131,24,200497,2,,Patricia Hy Boulais,R,163,CAN,28.444,47,33,201059,,,Misumi Miyauchi,,,JPN,22.404,136,10,6-1 6-1,3,R16,,,,,,,,,,,,,,,,,,,
1994-1049,Auckland,Hard,32,T4,,19940131,25,200112,1,,Julie Halard Decugis,R,173,FRA,23.393,40,36,200040,,,Anna Smashnova,R,157,ISR,17.545,122,12,6-3 6-3,3,QF,,,,,,,,,,,,,,,,,,,
1994-1049,Auckland,Hard,32,T4,,19940131,26,200667,4,,Ines Gorrochategui,R,169,ARG,20.636,60,27,200689,,,Tessa Price,,,RSA,26.856,171,7,6-3 6-3,3,QF,,,,,,,,,,,,,,,,,,,
1994-1049,Auckland,Hard,32,T4,,19940131,27,200649,3,,Ginger Helgeson,R,,USA,25.380,42,35,200570,,,Veronika Martinek,,160,GER,21.829,158,8,6-1 6-1,3,QF,,,,,,,,,,,,,,,,,,,
1994-1049,Auckland,Hard,32,T4,,19940131,28,200497,2,,Patricia Hy Boulais,R,163,CAN,28.444,47,33,200005,,,Jolene Watanabe,R,,USA,25.419,124,11,4-6 6-0 6-1,3,QF,,,,,,,,,,,,,,,,,,,
1994-1049,Auckland,Hard,32,T4,,19940131,29,200667,4,,Ines Gorrochategui,R,169,ARG,20.636,60,27,200112,1,,Julie Halard Decugis,R,173,FRA,23.393,40,36,4-6 6-2 6-4,3,SF,,,,,,,,,,,,,,,,,,,
1994-1049,Auckland,Hard,32,T4,,19940131,30,200649,3,,Ginger Helgeson,R,,USA,25.380,42,35,200497,2,,Patricia Hy Boulais,R,163,CAN,28.444,47,33,6-4 6-2,3,SF,,,,,,,,,,,,,,,,,,,
1994-1049,Auckland,Hard,32,T4,,19940131,31,200649,3,,Ginger Helgeson,R,,USA,25.380,42,35,200667,4,,Ines Gorrochategui,R,169,ARG,20.636,60,27,7-6 6-3,3,F,,,,,,,,,,,,,,,,,,,
1994-528,Linz,Carpet,32,T3,,19940207,1,200081,1,,Anke Huber,R,173,GER,19.179,10,109,200627,,,Petra Schwarz,R,168,AUT,21.709,122,11,6-1 6-1,3,R32,,,,,,,,,,,,,,,,,,,
1994-528,Linz,Carpet,32,T3,,19940207,2,202074,,WC,Katharina Buche,,,AUT,19.639,,,200118,,,Virginia Ruano Pascual,R,169,ESP,20.381,133,10,6-4 2-6 6-4,3,R32,,,,,,,,,,,,,,,,,,,
1994-528,Linz,Carpet,32,T3,,19940207,3,200042,,Q,Els Callens,R,178,BEL,23.469,,,200569,,,Petra Langrova,,,TCH,23.617,121,12,2-6 6-4 6-2,3,R32,,,,,,,,,,,,,,,,,,,
1994-528,Linz,Carpet,32,T3,,19940207,4,200601,4,,Leila Meskhi,R,164,GEO,26.092,29,43,200698,,,Petra Begerow,R,178,GER,18.820,120,12,3-6 6-4 7-6,3,R32,,,,,,,,,,,,,,,,,,,
1994-528,Linz,Carpet,32,T3,,19940207,5,200725,7,,Sandra Cecchini,R,170,ITA,28.945,57,27,200726,,,Nancy Feber,L,160,BEL,18.007,158,8,6-3 7-5,3,R32,,,,,,,,,,,,,,,,,,,
1994-528,Linz,Carpet,32,T3,,19940207,6,200718,,,Ludmila Richterova,,180,CZE,16.923,161,8,202040,,Q,Linda Niemantsverdriet,,,NED,19.163,,,6-3 3-6 6-1,3,R32,,,,,,,,,,,,,,,,,,,
1994-528,Linz,Carpet,32,T3,,19940207,7,200675,,,Eugenia Maniokova,R,178,RUS,25.728,143,9,201193,,,Claire Wegink,,,NED,26.361,136,10,6-2 6-3,3,R32,,,,,,,,,,,,,,,,,,,
1994-528,Linz,Carpet,32,T3,,19940207,8,201061,,,Eva Martincova,,170,CZE,18.933,154,8,200096,2,,Mary Pierce,R,178,FRA,19.064,11,95,6-4 6-1,3,R32,,,,,,,,,,,,,,,,,,,
1994-528,Linz,Carpet,32,T3,,19940207,9,200491,,,Christina Singer,,176,GER,25.534,76,20,200643,,LL,Petra Kamstra,,,NED,19.894,171,7,7-5 5-7 6-4,3,R32,,,,,,,,,,,,,,,,,,,
1994-528,Linz,Carpet,32,T3,,19940207,10,200048,,,Elena Likhovtseva,R,174,RUS,18.418,71,22,200621,,,Isabelle Demongeot,R,,FRA,27.390,,,6-2 7-5,3,R32,,,,,,,,,,,,,,,,,,,
1994-528,Linz,Carpet,32,T3,,19940207,11,200037,5,,Sabine Appelmans,L,168,BEL,21.796,30,43,200076,,,Laurence Courtois,R,172,BEL,18.056,118,12,6-0 4-6 6-4,3,R32,,,,,,,,,,,,,,,,,,,
1994-528,Linz,Carpet,32,T3,,19940207,12,200032,,,Barbara Schett,R,176,AUT,17.914,160,8,200455,3,,Katerina Maleeva,R,168,BUL,24.756,26,53,7-6 3-6 7-6,3,R32,,,,,,,,,,,,,,,,,,,
1994-528,Linz,Carpet,32,T3,,19940207,13,200695,,Q,Tina Krizan,R,175,SLO,19.894,198,6,202075,,Q,Julia Jehs,,,GER,18.864,349,2,6-7 6-4 6-4,3,R32,,,,,,,,,,,,,,,,,,,
1994-528,Linz,Carpet,32,T3,,19940207,14,200693,,,Elena Makarova,R,,RUS,21.016,107,13,200442,,,Andrea Temesvari,R,182,HUN,27.787,,,6-4 3-6 6-3,3,R32,,,,,,,,,,,,,,,,,,,
1994-528,Linz,Carpet,32,T3,,19940207,15,200607,,,Beate Reinstadler,,168,AUT,26.722,72,22,200584,8,,Laura Golarsa,R,165,ITA,26.199,69,22,6-3 6-0,3,R32,,,,,,,,,,,,,,,,,,,
1994-528,Linz,Carpet,32,T3,,19940207,16,200671,6,,Meike Babel,R,173,GER,19.212,55,28,200054,,WC,Sylvia Plischke,R,177,AUT,16.553,,,6-4 6-1,3,R32,,,,,,,,,,,,,,,,,,,
1994-528,Linz,Carpet,32,T3,,19940207,17,200081,1,,Anke Huber,R,173,GER,19.179,10,109,200491,,,Christina Singer,,176,GER,25.534,76,20,6-3 6-2,3,R16,,,,,,,,,,,,,,,,,,,
1994-528,Linz,Carpet,32,T3,,19940207,18,200037,5,,Sabine Appelmans,L,168,BEL,21.796,30,43,200048,,,Elena Likhovtseva,R,174,RUS,18.418,71,22,1-6 6-2 6-2,3,R16,,,,,,,,,,,,,,,,,,,
1994-528,Linz,Carpet,32,T3,,19940207,19,200032,,,Barbara Schett,R,176,AUT,17.914,160,8,200695,,Q,Tina Krizan,R,175,SLO,19.894,198,6,6-2 6-3,3,R16,,,,,,,,,,,,,,,,,,,
1994-528,Linz,Carpet,32,T3,,19940207,20,200693,,,Elena Makarova,R,,RUS,21.016,107,13,200607,,,Beate Reinstadler,,168,AUT,26.722,72,22,6-4 6-3,3,R16,,,,,,,,,,,,,,,,,,,
1994-528,Linz,Carpet,32,T3,,19940207,21,200671,6,,Meike Babel,R,173,GER,19.212,55,28,202074,,WC,Katharina Buche,,,AUT,19.639,,,6-1 6-0,3,R16,,,,,,,,,,,,,,,,,,,
1994-528,Linz,Carpet,32,T3,,19940207,22,200601,4,,Leila Meskhi,R,164,GEO,26.092,29,43,200042,,Q,Els Callens,R,178,BEL,23.469,,,7-5 6-3,3,R16,,,,,,,,,,,,,,,,,,,
1994-528,Linz,Carpet,32,T3,,19940207,23,200725,7,,Sandra Cecchini,R,170,ITA,28.945,57,27,200718,,,Ludmila Richterova,,180,CZE,16.923,161,8,6-4 5-7 6-4,3,R16,,,,,,,,,,,,,,,,,,,
1994-528,Linz,Carpet,32,T3,,19940207,24,200675,,,Eugenia Maniokova,R,178,RUS,25.728,143,9,201061,,,Eva Martincova,,170,CZE,18.933,154,8,6-2 6-2,3,R16,,,,,,,,,,,,,,,,,,,
1994-528,Linz,Carpet,32,T3,,19940207,25,200037,5,,Sabine Appelmans,L,168,BEL,21.796,30,43,200081,1,,Anke Huber,R,173,GER,19.179,10,109,4-6 6-3 6-4,3,QF,,,,,,,,,,,,,,,,,,,
1994-528,Linz,Carpet,32,T3,,19940207,26,200032,,,Barbara Schett,R,176,AUT,17.914,160,8,200693,,,Elena Makarova,R,,RUS,21.016,107,13,6-1 7-6,3,QF,,,,,,,,,,,,,,,,,,,
1994-528,Linz,Carpet,32,T3,,19940207,27,200671,6,,Meike Babel,R,173,GER,19.212,55,28,200601,4,,Leila Meskhi,R,164,GEO,26.092,29,43,7-5 6-3,3,QF,,,,,,,,,,,,,,,,,,,
1994-528,Linz,Carpet,32,T3,,19940207,28,200675,,,Eugenia Maniokova,R,178,RUS,25.728,143,9,200725,7,,Sandra Cecchini,R,170,ITA,28.945,57,27,3-6 7-6 6-4,3,QF,,,,,,,,,,,,,,,,,,,
1994-528,Linz,Carpet,32,T3,,19940207,29,200037,5,,Sabine Appelmans,L,168,BEL,21.796,30,43,200032,,,Barbara Schett,R,176,AUT,17.914,160,8,7-5 6-4,3,SF,,,,,,,,,,,,,,,,,,,
1994-528,Linz,Carpet,32,T3,,19940207,30,200671,6,,Meike Babel,R,173,GER,19.212,55,28,200675,,,Eugenia Maniokova,R,178,RUS,25.728,143,9,6-3 6-4,3,SF,,,,,,,,,,,,,,,,,,,
1994-528,Linz,Carpet,32,T3,,19940207,31,200037,5,,Sabine Appelmans,L,168,BEL,21.796,30,43,200671,6,,Meike Babel,R,173,GER,19.212,55,28,6-1 4-6 7-6,3,F,,,,,,,,,,,,,,,,,,,
1994-717,Chicago,Carpet,28,T2,,19940207,1,200608,,Q,Audra Keller,,,USA,22.226,125,11,201923,,Q,Alix Creek,,,USA,21.295,,,6-1 6-1,3,R32,,,,,,,,,,,,,,,,,,,
1994-717,Chicago,Carpet,28,T2,,19940207,2,200428,7,,Lori Mcneil,,170,USA,30.142,25,53,200655,,Q,Nicole Arendt,L,177,USA,24.452,100,14,7-5 7-5,3,R32,,,,,,,,,,,,,,,,,,,
1994-717,Chicago,Carpet,28,T2,,19940207,3,200095,,,Linda Wild,R,,USA,22.990,50,30,200357,,,Rosalyn Fairbank,R,173,USA,33.266,58,27,6-3 6-4,3,R32,,,,,,,,,,,,,,,,,,,
1994-717,Chicago,Carpet,28,T2,,19940207,4,200041,,,Amy Frazier,R,175,USA,21.386,40,36,200717,,WC,Anne Miller,R,,USA,17.052,,,6-4 6-2,3,R32,,,,,,,,,,,,,,,,,,,
1994-717,Chicago,Carpet,28,T2,,19940207,5,200501,,,Marianne Werdel Witmeyer,,,USA,26.311,48,32,200425,,LL,Sophie Amiach,R,165,FRA,30.246,194,6,6-4 3-2 RET,3,R32,,,,,,,,,,,,,,,,,,,
1994-717,Chicago,Carpet,28,T2,,19940207,6,200086,5,,Magdalena Maleeva,R,168,BUL,18.856,13,86,200624,,,Tami Whitlinger Jones,,,USA,25.235,84,18,6-2 5-7 6-2,3,R32,,,,,,,,,,,,,,,,,,,
1994-717,Chicago,Carpet,28,T2,,19940207,7,200708,,,Sandra Cacic,R,,USA,19.412,80,19,200472,,,Helen Kelesi,R,,CAN,24.230,51,30,6-3 6-4,3,R32,,,,,,,,,,,,,,,,,,,
1994-717,Chicago,Carpet,28,T2,,19940207,8,200039,5,,Chanda Rubin,R,168,USA,17.972,47,33,200634,,Q,Elena Brioukhovets,,,UKR,22.670,109,13,6-4 6-4,3,R32,,,,,,,,,,,,,,,,,,,
1994-717,Chicago,Carpet,28,T2,,19940207,9,200660,,,Kimberly Po Messerli,R,157,USA,22.303,45,33,200595,8,,Ann Grossman,,,USA,23.321,32,42,6-1 6-4,3,R32,,,,,,,,,,,,,,,,,,,
1994-717,Chicago,Carpet,28,T2,,19940207,10,200116,6,,Natalia Zvereva,R,174,BLR,22.815,19,71,200602,,,Shaun Stafford,R,180,USA,25.153,73,21,6-3 6-2,3,R32,,,,,,,,,,,,,,,,,,,
1994-717,Chicago,Carpet,28,T2,,19940207,11,200554,,,Brenda Schultz Mccarthy,R,188,NED,23.113,39,37,201275,,WC,Julie Steven,,,USA,17.791,,,6-4 6-3,3,R32,,,,,,,,,,,,,,,,,,,
1994-717,Chicago,Carpet,28,T2,,19940207,12,200417,,,Gigi Fernandez,,170,USA,29.961,62,25,200013,,,Angelica Gavaldon,R,,MEX,20.348,78,20,6-4 7-5,3,R32,,,,,,,,,,,,,,,,,,,
1994-717,Chicago,Carpet,28,T2,,19940207,13,200293,1,,Martina Navratilova,L,173,USA,37.307,3,212,200608,,Q,Audra Keller,,,USA,22.226,125,11,6-2 6-4,3,R16,,,,,,,,,,,,,,,,,,,
1994-717,Chicago,Carpet,28,T2,,19940207,14,200086,5,,Magdalena Maleeva,R,168,BUL,18.856,13,86,200501,,,Marianne Werdel Witmeyer,,,USA,26.311,48,32,6-4 6-4,3,R16,,,,,,,,,,,,,,,,,,,
1994-717,Chicago,Carpet,28,T2,,19940207,15,200708,,,Sandra Cacic,R,,USA,19.412,80,19,200377,3,,Helena Sukova,R,188,CZE,28.956,14,86,4-6 7-6 6-4,3,R16,,,,,,,,,,,,,,,,,,,
1994-717,Chicago,Carpet,28,T2,,19940207,16,200039,5,,Chanda Rubin,R,168,USA,17.972,47,33,200660,,,Kimberly Po Messerli,R,157,USA,22.303,45,33,6-2 2-6 6-2,3,R16,,,,,,,,,,,,,,,,,,,
1994-717,Chicago,Carpet,28,T2,,19940207,17,200116,6,,Natalia Zvereva,R,174,BLR,22.815,19,71,200554,,,Brenda Schultz Mccarthy,R,188,NED,23.113,39,37,6-3 3-6 6-1,3,R16,,,,,,,,,,,,,,,,,,,
1994-717,Chicago,Carpet,28,T2,,19940207,18,200404,4,,Zina Garrison,R,164,USA,30.229,15,86,200417,,,Gigi Fernandez,,170,USA,29.961,62,25,6-7 6-2 6-4,3,R16,,,,,,,,,,,,,,,,,,,
1994-717,Chicago,Carpet,28,T2,,19940207,19,200428,7,,Lori Mcneil,,170,USA,30.142,25,53,200095,,,Linda Wild,R,,USA,22.990,50,30,6-3 5-7 6-2,3,R16,,,,,,,,,,,,,,,,,,,
1994-717,Chicago,Carpet,28,T2,,19940207,20,200128,2,,Lindsay Davenport,R,189,USA,17.668,12,87,200041,,,Amy Frazier,R,175,USA,21.386,40,36,6-3 7-5,3,R16,,,,,,,,,,,,,,,,,,,
1994-717,Chicago,Carpet,28,T2,,19940207,21,200086,5,,Magdalena Maleeva,R,168,BUL,18.856,13,86,200293,1,,Martina Navratilova,L,173,USA,37.307,3,212,6-4 6-3,3,QF,,,,,,,,,,,,,,,,,,,
1994-717,Chicago,Carpet,28,T2,,19940207,22,200039,5,,Chanda Rubin,R,168,USA,17.972,47,33,200708,,,Sandra Cacic,R,,USA,19.412,80,19,6-4 6-0,3,QF,,,,,,,,,,,,,,,,,,,
1994-717,Chicago,Carpet,28,T2,,19940207,23,200116,6,,Natalia Zvereva,R,174,BLR,22.815,19,71,200404,4,,Zina Garrison,R,164,USA,30.229,15,86,6-2 6-3,3,QF,,,,,,,,,,,,,,,,,,,
1994-717,Chicago,Carpet,28,T2,,19940207,24,200428,7,,Lori Mcneil,,170,USA,30.142,25,53,200128,2,,Lindsay Davenport,R,189,USA,17.668,12,87,7-6 6-2,3,QF,,,,,,,,,,,,,,,,,,,
1994-717,Chicago,Carpet,28,T2,,19940207,25,200039,5,,Chanda Rubin,R,168,USA,17.972,47,33,200086,5,,Magdalena Maleeva,R,168,BUL,18.856,13,86,7-6 2-0 RET,3,SF,,,,,,,,,,,,,,,,,,,
1994-717,Chicago,Carpet,28,T2,,19940207,26,200116,6,,Natalia Zvereva,R,174,BLR,22.815,19,71,200428,7,,Lori Mcneil,,170,USA,30.142,25,53,6-3 7-6,3,SF,,,,,,,,,,,,,,,,,,,
1994-717,Chicago,Carpet,28,T2,,19940207,27,200116,6,,Natalia Zvereva,R,174,BLR,22.815,19,71,200039,5,,Chanda Rubin,R,168,USA,17.972,47,33,6-3 7-5,3,F,,,,,,,,,,,,,,,,,,,
1994-542,Osaka,Carpet,32,T3,,19940208,1,200401,1,,Manuela Maleeva Fragniere,R,173,SUI,26.985,9,114,200403,,Q,Andrea Leand,R,173,USA,30.059,334,2,6-1 6-2,3,R32,,,,,,,,,,,,,,,,,,,
1994-542,Osaka,Carpet,32,T3,,19940208,2,200362,,,Liz Smylie,R,170,AUS,30.832,130,11,200659,,,Rika Hiraki,R,157,JPN,22.177,149,9,6-1 5-7 6-3,3,R32,,,,,,,,,,,,,,,,,,,
1994-542,Osaka,Carpet,32,T3,,19940208,3,200085,,,Ai Sugiyama,R,163,JPN,18.599,142,9,200606,,WC,Nana Smith,R,163,JPN,22.834,,,6-4 6-1,3,R32,,,,,,,,,,,,,,,,,,,
1994-542,Osaka,Carpet,32,T3,,19940208,4,200658,,,Fang Li,R,166,CHN,21.104,119,12,200360,4,,Pam Shriver,R,183,USA,31.601,46,33,6-3 RET,3,R32,,,,,,,,,,,,,,,,,,,
1994-542,Osaka,Carpet,32,T3,,19940208,5,200723,5,,Iva Majoli,R,175,CRO,16.493,52,29,200021,,,Alexia Dechaume Balleret,R,,FRA,23.771,,,6-2 6-1,3,R32,,,,,,,,,,,,,,,,,,,
1994-542,Osaka,Carpet,32,T3,,19940208,6,200553,,LL,Carin Bakkum,,,NED,31.543,332,2,200636,,LL,Danielle Jones,,,AUS,24.934,,,6-3 6-1,3,R32,,,,,,,,,,,,,,,,,,,
1994-542,Osaka,Carpet,32,T3,,19940208,7,200713,,LL,Yuka Yoshida,R,161,JPN,17.857,354,2,200587,,,Silke Meier,,,GER,25.575,168,8,6-1 7-5,3,R32,,,,,,,,,,,,,,,,,,,
1994-542,Osaka,Carpet,32,T3,,19940208,8,200716,,Q,Sung Hee Park,R,165,KOR,18.976,,,200450,2,,Larisa Savchenko,,169,URS,27.554,49,31,6-1 7-6,3,R32,,,,,,,,,,,,,,,,,,,
1994-542,Osaka,Carpet,32,T3,,19940208,9,200578,,,Rennae Stubbs,R,178,AUS,22.875,172,7,200012,,Q,Jana Nejedly,R,175,CAN,19.669,179,7,6-3 6-4,3,R32,,,,,,,,,,,,,,,,,,,
1994-542,Osaka,Carpet,32,T3,,19940208,10,200690,,,Kyoko Nagatsuka,,166,JPN,19.962,135,10,201723,,Q,Angela Kerek,,,GER,22.040,,,6-3 1-6 6-3,3,R32,,,,,,,,,,,,,,,,,,,
1994-542,Osaka,Carpet,32,T3,,19940208,11,200665,,,Yone Kamio,R,164,JPN,22.215,147,9,202102,,LL,Kaoru Shibata,,,JPN,20.625,,,2-1 RET,3,R32,,,,,,,,,,,,,,,,,,,
1994-542,Osaka,Carpet,32,T3,,19940208,12,200676,3,,Mana Endo,R,160,JPN,23.007,41,35,200622,,WC,Maya Kidowaki,,,JPN,24.732,,,6-2 6-3,3,R32,,,,,,,,,,,,,,,,,,,
1994-542,Osaka,Carpet,32,T3,,19940208,13,200464,,,Ann Henricksson,,,USA,34.276,141,10,200632,,,Andrea Strnadova,,175,CZE,21.701,152,9,6-7 6-3 6-4,3,R32,,,,,,,,,,,,,,,,,,,
1994-542,Osaka,Carpet,32,T3,,19940208,14,201059,,,Misumi Miyauchi,,,JPN,22.426,128,11,200545,,,Ei Iida,,,JPN,26.418,,,6-2 6-2,3,R32,,,,,,,,,,,,,,,,,,,
1994-542,Osaka,Carpet,32,T3,,19940208,15,200645,,,Maja Zivec Skulj,,,GER,20.373,156,8,200019,6,,Alexandra Fusai,R,176,FRA,20.214,85,18,7-6 6-2,3,R32,,,,,,,,,,,,,,,,,,,
1994-542,Osaka,Carpet,32,T3,,19940208,16,200082,8,,Kristie Boogert,R,178,NED,20.148,63,24,200441,,,Louise Field,,,AUS,26.955,,,6-0 6-0,3,R32,,,,,,,,,,,,,,,,,,,
1994-542,Osaka,Carpet,32,T3,,19940208,17,200401,1,,Manuela Maleeva Fragniere,R,173,SUI,26.985,9,114,200578,,,Rennae Stubbs,R,178,AUS,22.875,172,7,6-1 6-2,3,R16,,,,,,,,,,,,,,,,,,,
1994-542,Osaka,Carpet,32,T3,,19940208,18,200665,,,Yone Kamio,R,164,JPN,22.215,147,9,200690,,,Kyoko Nagatsuka,,166,JPN,19.962,135,10,6-4 6-3,3,R16,,,,,,,,,,,,,,,,,,,
1994-542,Osaka,Carpet,32,T3,,19940208,19,200676,3,,Mana Endo,R,160,JPN,23.007,41,35,200464,,,Ann Henricksson,,,USA,34.276,141,10,6-0 6-1,3,R16,,,,,,,,,,,,,,,,,,,
1994-542,Osaka,Carpet,32,T3,,19940208,20,201059,,,Misumi Miyauchi,,,JPN,22.426,128,11,200645,,,Maja Zivec Skulj,,,GER,20.373,156,8,6-0 6-0,3,R16,,,,,,,,,,,,,,,,,,,
1994-542,Osaka,Carpet,32,T3,,19940208,21,200082,8,,Kristie Boogert,R,178,NED,20.148,63,24,200362,,,Liz Smylie,R,170,AUS,30.832,130,11,6-3 6-0,3,R16,,,,,,,,,,,,,,,,,,,
1994-542,Osaka,Carpet,32,T3,,19940208,22,200085,,,Ai Sugiyama,R,163,JPN,18.599,142,9,200658,,,Fang Li,R,166,CHN,21.104,119,12,5-7 6-4 6-1,3,R16,,,,,,,,,,,,,,,,,,,
1994-542,Osaka,Carpet,32,T3,,19940208,23,200723,5,,Iva Majoli,R,175,CRO,16.493,52,29,200553,,LL,Carin Bakkum,,,NED,31.543,332,2,6-3 6-1,3,R16,,,,,,,,,,,,,,,,,,,
1994-542,Osaka,Carpet,32,T3,,19940208,24,200716,,Q,Sung Hee Park,R,165,KOR,18.976,,,200713,,LL,Yuka Yoshida,R,161,JPN,17.857,354,2,2-6 6-2 6-3,3,R16,,,,,,,,,,,,,,,,,,,
1994-542,Osaka,Carpet,32,T3,,19940208,25,200401,1,,Manuela Maleeva Fragniere,R,173,SUI,26.985,9,114,200665,,,Yone Kamio,R,164,JPN,22.215,147,9,6-1 6-4,3,QF,,,,,,,,,,,,,,,,,,,
1994-542,Osaka,Carpet,32,T3,,19940208,26,200676,3,,Mana Endo,R,160,JPN,23.007,41,35,201059,,,Misumi Miyauchi,,,JPN,22.426,128,11,6-3 6-2,3,QF,,,,,,,,,,,,,,,,,,,
1994-542,Osaka,Carpet,32,T3,,19940208,27,200085,,,Ai Sugiyama,R,163,JPN,18.599,142,9,200082,8,,Kristie Boogert,R,178,NED,20.148,63,24,6-3 6-3,3,QF,,,,,,,,,,,,,,,,,,,
1994-542,Osaka,Carpet,32,T3,,19940208,28,200723,5,,Iva Majoli,R,175,CRO,16.493,52,29,200716,,Q,Sung Hee Park,R,165,KOR,18.976,,,7-5 6-7 6-2,3,QF,,,,,,,,,,,,,,,,,,,
1994-542,Osaka,Carpet,32,T3,,19940208,29,200401,1,,Manuela Maleeva Fragniere,R,173,SUI,26.985,9,114,200676,3,,Mana Endo,R,160,JPN,23.007,41,35,6-0 6-3,3,SF,,,,,,,,,,,,,,,,,,,
1994-542,Osaka,Carpet,32,T3,,19940208,30,200723,5,,Iva Majoli,R,175,CRO,16.493,52,29,200085,,,Ai Sugiyama,R,163,JPN,18.599,142,9,7-5 7-5,3,SF,,,,,,,,,,,,,,,,,,,
1994-542,Osaka,Carpet,32,T3,,19940208,31,200401,1,,Manuela Maleeva Fragniere,R,173,SUI,26.985,9,114,200723,5,,Iva Majoli,R,175,CRO,16.493,52,29,6-1 4-6 7-5,3,F,,,,,,,,,,,,,,,,,,,
1994-1020,Beijing,Hard,32,T4,,19940214,1,200021,,,Alexia Dechaume Balleret,R,,FRA,23.787,,,201749,,LL,Julie Shiflet,,,USA,21.356,317,3,6-0 6-0,3,R32,,,,,,,,,,,,,,,,,,,
1994-1020,Beijing,Hard,32,T4,,19940214,2,200716,,,Sung Hee Park,R,165,KOR,18.993,167,7,201808,,Q,Hiroko Hara,R,,JPN,22.013,419,1,6-1 1-6 7-5,3,R32,,,,,,,,,,,,,,,,,,,
1994-1020,Beijing,Hard,32,T4,,19940214,3,200736,,,Li Ling Chen,,165,CHN,22.927,,,200036,,,Nicole Pratt,R,163,AUS,20.948,177,7,6-1 6-1,3,R32,,,,,,,,,,,,,,,,,,,
1994-1020,Beijing,Hard,32,T4,,19940214,4,200360,3,,Pam Shriver,R,183,USA,31.617,54,29,200623,,,Petra Thoren,,,FIN,24.521,,,6-2 6-3,3,R32,,,,,,,,,,,,,,,,,,,
1994-1020,Beijing,Hard,32,T4,,19940214,5,201059,7,,Misumi Miyauchi,,,JPN,22.443,144,10,200464,,,Ann Henricksson,,,USA,34.292,136,11,6-3 1-6 6-3,3,R32,,,,,,,,,,,,,,,,,,,
1994-1020,Beijing,Hard,32,T4,,19940214,6,200439,,,Jenny Byrne,,,AUS,26.971,143,10,201723,,,Angela Kerek,,,GER,22.057,,,3-6 6-4 6-2,3,R32,,,,,,,,,,,,,,,,,,,
1994-1020,Beijing,Hard,32,T4,,19940214,7,200645,,,Maja Zivec Skulj,,,GER,20.389,148,9,200287,,Q,Miki Yokobori,,,JPN,18.760,460,1,7-6 2-6 6-4,3,R32,,,,,,,,,,,,,,,,,,,
1994-1020,Beijing,Hard,32,T4,,19940214,8,200653,2,,Yayuk Basuki,R,164,INA,23.209,38,38,200715,,,Mariaan De Swardt,R,177,RSA,22.914,,,6-1 7-5,3,R32,,,,,,,,,,,,,,,,,,,
1994-1020,Beijing,Hard,32,T4,,19940214,9,200545,,,Ei Iida,,,JPN,26.434,,,201806,,WC,Ying Bi,,,CHN,24.009,,,6-4 6-1,3,R32,,,,,,,,,,,,,,,,,,,
1994-1020,Beijing,Hard,32,T4,,19940214,10,201807,,Q,Li Yao Tang,,,CHN,20.061,,,200075,,WC,Jing Qian Yi,R,168,CHN,19.962,399,1,7-5 6-1,3,R32,,,,,,,,,,,,,,,,,,,
1994-1020,Beijing,Hard,32,T4,,19940214,11,200690,8,,Kyoko Nagatsuka,,166,JPN,19.979,124,12,200687,,,Katarzyna Nowak,,173,POL,25.087,192,6,6-1 6-2,3,R32,,,,,,,,,,,,,,,,,,,
1994-1020,Beijing,Hard,32,T4,,19940214,12,200587,,,Silke Meier,,,GER,25.591,170,7,200019,4,,Alexandra Fusai,R,176,FRA,20.230,87,17,6-2 7-6,3,R32,,,,,,,,,,,,,,,,,,,
1994-1020,Beijing,Hard,32,T4,,19940214,13,200672,,,Barbara Mulej,R,,SLO,19.716,147,9,200004,,,Kerry Anne Guse,R,159,AUS,21.197,,,6-1 6-1,3,R32,,,,,,,,,,,,,,,,,,,
1994-1020,Beijing,Hard,32,T4,,19940214,14,200632,,,Andrea Strnadova,,175,CZE,21.717,159,8,200448,,Q,Sandy Collins,,178,USA,35.341,351,2,6-7 7-6 6-2,3,R32,,,,,,,,,,,,,,,,,,,
1994-1020,Beijing,Hard,32,T4,,19940214,15,200707,5,,Romana Tedjakusuma,R,,INA,17.561,92,16,200622,,,Maya Kidowaki,,,JPN,24.748,,,5-7 2-3 RET,3,R32,,,,,,,,,,,,,,,,,,,
1994-1020,Beijing,Hard,32,T4,,19940214,16,200658,6,,Fang Li,R,166,CHN,21.120,100,14,200441,,,Louise Field,,,AUS,26.971,,,6-2 6-2,3,R32,,,,,,,,,,,,,,,,,,,
1994-1020,Beijing,Hard,32,T4,,19940214,17,200021,,,Alexia Dechaume Balleret,R,,FRA,23.787,,,200545,,,Ei Iida,,,JPN,26.434,,,6-4 1-6 6-3,3,R16,,,,,,,,,,,,,,,,,,,
1994-1020,Beijing,Hard,32,T4,,19940214,18,200690,8,,Kyoko Nagatsuka,,166,JPN,19.979,124,12,201807,,Q,Li Yao Tang,,,CHN,20.061,,,6-3 6-1,3,R16,,,,,,,,,,,,,,,,,,,
1994-1020,Beijing,Hard,32,T4,,19940214,19,200587,,,Silke Meier,,,GER,25.591,170,7,200672,,,Barbara Mulej,R,,SLO,19.716,147,9,6-2 6-2,3,R16,,,,,,,,,,,,,,,,,,,
1994-1020,Beijing,Hard,32,T4,,19940214,20,200632,,,Andrea Strnadova,,175,CZE,21.717,159,8,200707,5,,Romana Tedjakusuma,R,,INA,17.561,92,16,6-3 6-0,3,R16,,,,,,,,,,,,,,,,,,,
1994-1020,Beijing,Hard,32,T4,,19940214,21,200658,6,,Fang Li,R,166,CHN,21.120,100,14,200716,,,Sung Hee Park,R,165,KOR,18.993,167,7,6-3 6-4,3,R16,,,,,,,,,,,,,,,,,,,
1994-1020,Beijing,Hard,32,T4,,19940214,22,200360,3,,Pam Shriver,R,183,USA,31.617,54,29,200736,,,Li Ling Chen,,165,CHN,22.927,,,6-4 6-0,3,R16,,,,,,,,,,,,,,,,,,,
1994-1020,Beijing,Hard,32,T4,,19940214,23,201059,7,,Misumi Miyauchi,,,JPN,22.443,144,10,200439,,,Jenny Byrne,,,AUS,26.971,143,10,6-2 6-2,3,R16,,,,,,,,,,,,,,,,,,,
1994-1020,Beijing,Hard,32,T4,,19940214,24,200653,2,,Yayuk Basuki,R,164,INA,23.209,38,38,200645,,,Maja Zivec Skulj,,,GER,20.389,148,9,6-4 6-1,3,R16,,,,,,,,,,,,,,,,,,,
1994-1020,Beijing,Hard,32,T4,,19940214,25,200690,8,,Kyoko Nagatsuka,,166,JPN,19.979,124,12,200021,,,Alexia Dechaume Balleret,R,,FRA,23.787,,,6-1 6-3,3,QF,,,,,,,,,,,,,,,,,,,
1994-1020,Beijing,Hard,32,T4,,19940214,26,200632,,,Andrea Strnadova,,175,CZE,21.717,159,8,200587,,,Silke Meier,,,GER,25.591,170,7,6-4 6-2,3,QF,,,,,,,,,,,,,,,,,,,
1994-1020,Beijing,Hard,32,T4,,19940214,27,200360,3,,Pam Shriver,R,183,USA,31.617,54,29,200658,6,,Fang Li,R,166,CHN,21.120,100,14,4-6 7-5 6-1,3,QF,,,,,,,,,,,,,,,,,,,
1994-1020,Beijing,Hard,32,T4,,19940214,28,200653,2,,Yayuk Basuki,R,164,INA,23.209,38,38,201059,7,,Misumi Miyauchi,,,JPN,22.443,144,10,6-0 0-6 7-6,3,QF,,,,,,,,,,,,,,,,,,,
1994-1020,Beijing,Hard,32,T4,,19940214,29,200690,8,,Kyoko Nagatsuka,,166,JPN,19.979,124,12,200632,,,Andrea Strnadova,,175,CZE,21.717,159,8,6-4 7-5,3,SF,,,,,,,,,,,,,,,,,,,
1994-1020,Beijing,Hard,32,T4,,19940214,30,200653,2,,Yayuk Basuki,R,164,INA,23.209,38,38,200360,3,,Pam Shriver,R,183,USA,31.617,54,29,7-5 6-2,3,SF,,,,,,,,,,,,,,,,,,,
1994-1020,Beijing,Hard,32,T4,,19940214,31,200653,2,,Yayuk Basuki,R,164,INA,23.209,38,38,200690,8,,Kyoko Nagatsuka,,166,JPN,19.979,124,12,6-4 6-2,3,F,,,,,,,,,,,,,,,,,,,
1994-401,Oklahoma City,Hard,32,T3,,19940214,1,200404,1,,Zina Garrison,R,164,USA,30.248,13,85,200706,,,Catalina Cristea,R,178,ROU,18.705,123,12,6-0 6-4,3,R32,,,,,,,,,,,,,,,,,,,
1994-401,Oklahoma City,Hard,32,T3,,19940214,2,200013,,,Angelica Gavaldon,R,,MEX,20.367,81,19,200634,,,Elena Brioukhovets,,,UKR,22.689,110,13,6-2 6-2,3,R32,,,,,,,,,,,,,,,,,,,
1994-401,Oklahoma City,Hard,32,T3,,19940214,3,200530,,,Radomira Zrubakova,R,169,SVK,23.138,134,11,201747,,Q,Lihini Weerasuriya,,,SRI,21.985,347,2,6-3 6-2,3,R32,,,,,,,,,,,,,,,,,,,
1994-401,Oklahoma City,Hard,32,T3,,19940214,4,200548,3,,Patty Fendick,R,165,USA,28.877,25,53,200005,,,Jolene Watanabe,R,,USA,25.457,112,13,6-4 6-1,3,R32,,,,,,,,,,,,,,,,,,,
1994-401,Oklahoma City,Hard,32,T3,,19940214,5,200595,5,,Ann Grossman,,,USA,23.341,34,41,201924,,Q,Caroline Delisle,,,CAN,24.362,,,6-3 7-6,3,R32,,,,,,,,,,,,,,,,,,,
1994-401,Oklahoma City,Hard,32,T3,,19940214,6,200472,,,Helen Kelesi,R,,CAN,24.250,57,28,200608,,,Audra Keller,,,USA,22.245,135,11,6-4 3-6 6-3,3,R32,,,,,,,,,,,,,,,,,,,
1994-401,Oklahoma City,Hard,32,T3,,19940214,7,200699,,,Meredith Mcgrath,,,USA,22.801,66,23,201751,,,Melissa Mazzotta,,,USA,21.651,196,6,6-3 6-3,3,R32,,,,,,,,,,,,,,,,,,,
1994-401,Oklahoma City,Hard,32,T3,,19940214,8,200064,2,,Amanda Coetzer,R,158,RSA,22.317,18,80,200091,,WC,Janet Lee,R,175,TPE,17.315,520,1,6-3 6-4,3,R32,,,,,,,,,,,,,,,,,,,
1994-401,Oklahoma City,Hard,32,T3,,19940214,9,200397,,,Tracy Austin,R,165,USA,31.177,93,15,200514,,,Monique Javer,R,,GBR,26.569,195,6,1-6 6-0 6-3,3,R32,,,,,,,,,,,,,,,,,,,
1994-401,Oklahoma City,Hard,32,T3,,19940214,10,200557,,,Katrina Adams,R,165,USA,25.528,178,7,200717,,Q,Anne Miller,R,,USA,17.071,,,4-6 6-2 6-1,3,R32,,,,,,,,,,,,,,,,,,,
1994-401,Oklahoma City,Hard,32,T3,,19940214,11,200095,8,,Linda Wild,R,,USA,23.009,49,30,200624,,,Tami Whitlinger Jones,,,USA,25.254,90,16,6-4 1-6 7-6,3,R32,,,,,,,,,,,,,,,,,,,
1994-401,Oklahoma City,Hard,32,T3,,19940214,12,200428,4,,Lori Mcneil,,170,USA,30.161,22,58,200560,,,Rene Simpson,L,165,CAN,28.085,88,16,6-3 6-1,3,R32,,,,,,,,,,,,,,,,,,,
1994-401,Oklahoma City,Hard,32,T3,,19940214,13,200708,,,Sandra Cacic,R,,USA,19.431,59,26,200711,,,Tatiana Ignatieva,,173,BLR,19.680,108,13,7-6 3-6 6-4,3,R32,,,,,,,,,,,,,,,,,,,
1994-401,Oklahoma City,Hard,32,T3,,19940214,14,201275,,WC,Julie Steven,,,USA,17.810,,,201276,,Q,Nicole London,,,USA,18.032,389,2,6-3 6-2,3,R32,,,,,,,,,,,,,,,,,,,
1994-401,Oklahoma City,Hard,32,T3,,19940214,15,200554,6,,Brenda Schultz Mccarthy,R,188,NED,23.133,42,35,200485,,,Manon Bollegraf,R,173,NED,29.849,127,11,6-2 6-4,3,R32,,,,,,,,,,,,,,,,,,,
1994-401,Oklahoma City,Hard,32,T3,,19940214,16,200041,7,,Amy Frazier,R,175,USA,21.405,39,38,201273,,,Shannan Mccarthy,,,USA,23.743,174,7,6-4 6-1,3,R32,,,,,,,,,,,,,,,,,,,
1994-401,Oklahoma City,Hard,32,T3,,19940214,17,200404,1,,Zina Garrison,R,164,USA,30.248,13,85,200397,,,Tracy Austin,R,165,USA,31.177,93,15,6-1 6-3,3,R16,,,,,,,,,,,,,,,,,,,
1994-401,Oklahoma City,Hard,32,T3,,19940214,18,200557,,,Katrina Adams,R,165,USA,25.528,178,7,200095,8,,Linda Wild,R,,USA,23.009,49,30,6-1 3-6 6-1,3,R16,,,,,,,,,,,,,,,,,,,
1994-401,Oklahoma City,Hard,32,T3,,19940214,19,200708,,,Sandra Cacic,R,,USA,19.431,59,26,200428,4,,Lori Mcneil,,170,USA,30.161,22,58,6-4 6-2,3,R16,,,,,,,,,,,,,,,,,,,
1994-401,Oklahoma City,Hard,32,T3,,19940214,20,200554,6,,Brenda Schultz Mccarthy,R,188,NED,23.133,42,35,201275,,WC,Julie Steven,,,USA,17.810,,,6-4 6-2,3,R16,,,,,,,,,,,,,,,,,,,
1994-401,Oklahoma City,Hard,32,T3,,19940214,21,200041,7,,Amy Frazier,R,175,USA,21.405,39,38,200013,,,Angelica Gavaldon,R,,MEX,20.367,81,19,6-1 6-3,3,R16,,,,,,,,,,,,,,,,,,,
1994-401,Oklahoma City,Hard,32,T3,,19940214,22,200548,3,,Patty Fendick,R,165,USA,28.877,25,53,200530,,,Radomira Zrubakova,R,169,SVK,23.138,134,11,6-2 6-3,3,R16,,,,,,,,,,,,,,,,,,,
1994-401,Oklahoma City,Hard,32,T3,,19940214,23,200472,,,Helen Kelesi,R,,CAN,24.250,57,28,200595,5,,Ann Grossman,,,USA,23.341,34,41,6-3 6-4,3,R16,,,,,,,,,,,,,,,,,,,
1994-401,Oklahoma City,Hard,32,T3,,19940214,24,200699,,,Meredith Mcgrath,,,USA,22.801,66,23,200064,2,,Amanda Coetzer,R,158,RSA,22.317,18,80,7-6 2-6 6-3,3,R16,,,,,,,,,,,,,,,,,,,
1994-401,Oklahoma City,Hard,32,T3,,19940214,25,200404,1,,Zina Garrison,R,164,USA,30.248,13,85,200557,,,Katrina Adams,R,165,USA,25.528,178,7,7-6 1-6 7-6,3,QF,,,,,,,,,,,,,,,,,,,
1994-401,Oklahoma City,Hard,32,T3,,19940214,26,200554,6,,Brenda Schultz Mccarthy,R,188,NED,23.133,42,35,200708,,,Sandra Cacic,R,,USA,19.431,59,26,7-6 6-3,3,QF,,,,,,,,,,,,,,,,,,,
1994-401,Oklahoma City,Hard,32,T3,,19940214,27,200041,7,,Amy Frazier,R,175,USA,21.405,39,38,200548,3,,Patty Fendick,R,165,USA,28.877,25,53,6-4 6-1,3,QF,,,,,,,,,,,,,,,,,,,
1994-401,Oklahoma City,Hard,32,T3,,19940214,28,200699,,,Meredith Mcgrath,,,USA,22.801,66,23,200472,,,Helen Kelesi,R,,CAN,24.250,57,28,2-6 6-3 6-4,3,QF,,,,,,,,,,,,,,,,,,,
1994-401,Oklahoma City,Hard,32,T3,,19940214,29,200554,6,,Brenda Schultz Mccarthy,R,188,NED,23.133,42,35,200404,1,,Zina Garrison,R,164,USA,30.248,13,85,6-7 6-3 6-4,3,SF,,,,,,,,,,,,,,,,,,,
1994-401,Oklahoma City,Hard,32,T3,,19940214,30,200699,,,Meredith Mcgrath,,,USA,22.801,66,23,200041,7,,Amy Frazier,R,175,USA,21.405,39,38,6-3 6-2,3,SF,,,,,,,,,,,,,,,,,,,
1994-401,Oklahoma City,Hard,32,T3,,19940214,31,200699,,,Meredith Mcgrath,,,USA,22.801,66,23,200554,6,,Brenda Schultz Mccarthy,R,188,NED,23.133,42,35,7-6 7-6,3,F,,,,,,,,,,,,,,,,,,,
1994-604,Paris,Hard,32,T2,,19940215,1,200293,1,,Martina Navratilova,L,173,USA,37.329,3,200,200491,,,Christina Singer,,176,GER,25.556,76,20,6-2 6-2,3,R32,,,,,,,,,,,,,,,,,,,
1994-604,Paris,Hard,32,T2,,19940215,2,200579,,,Karin Kschwendt,R,175,AUT,25.421,107,13,200621,,,Isabelle Demongeot,R,,FRA,27.412,,,6-3 2-6 6-4,3,R32,,,,,,,,,,,,,,,,,,,
1994-604,Paris,Hard,32,T2,,19940215,3,200698,,,Petra Begerow,R,178,GER,18.842,128,11,200127,,WC,Sarah Pitkowski Malcor,R,,FRA,18.259,162,8,6-3 6-3,3,R32,,,,,,,,,,,,,,,,,,,
1994-604,Paris,Hard,32,T2,,19940215,4,200076,,,Laurence Courtois,R,172,BEL,18.078,125,11,200097,4,,Nathalie Tauziat,R,165,FRA,26.333,19,70,6-1 6-1,3,R32,,,,,,,,,,,,,,,,,,,
1994-604,Paris,Hard,32,T2,,19940215,5,200112,8,,Julie Halard Decugis,R,173,FRA,23.434,40,37,200614,,Q,Elena Pampoulova,,,BUL,21.750,,,6-3 6-2,3,R32,,,,,,,,,,,,,,,,,,,
1994-604,Paris,Hard,32,T2,,19940215,6,200725,,,Sandra Cecchini,R,170,ITA,28.967,55,28,201193,,,Claire Wegink,,,NED,26.382,145,9,6-1 6-2,3,R32,,,,,,,,,,,,,,,,,,,
1994-604,Paris,Hard,32,T2,,19940215,7,200080,,,Dominique Monami,R,170,BEL,20.712,64,24,201063,,,Maria Francesca Bentivoglio,R,,ITA,17.052,86,17,6-4 7-5,3,R32,,,,,,,,,,,,,,,,,,,
1994-604,Paris,Hard,32,T2,,19940215,8,200506,,,Wiltrud Probst,R,170,GER,24.718,89,16,200087,,LL,Seda Noorlander,R,166,NED,19.738,,,6-3 6-3,3,R32,,,,,,,,,,,,,,,,,,,
1994-604,Paris,Hard,32,T2,,19940215,9,200584,,,Laura Golarsa,R,165,ITA,26.221,74,21,200442,,,Andrea Temesvari,R,182,HUN,27.809,,,6-3 6-2,3,R32,,,,,,,,,,,,,,,,,,,
1994-604,Paris,Hard,32,T2,,19940215,10,200593,,,Karine Quentrec,,,FRA,24.321,115,13,201060,,Q,Carole Lucarelli,,,FRA,21.222,,,7-5 6-2,3,R32,,,,,,,,,,,,,,,,,,,
1994-604,Paris,Hard,32,T2,,19940215,11,200037,7,,Sabine Appelmans,L,168,BEL,21.818,23,54,200547,,,Sandra Wasserman,R,173,BEL,23.938,118,12,7-6 6-1,3,R32,,,,,,,,,,,,,,,,,,,
1994-604,Paris,Hard,32,T2,,19940215,12,200096,3,,Mary Pierce,R,178,FRA,19.086,12,89,200648,,,Marketa Kochta,R,168,GER,18.593,56,28,6-4 6-1,3,R32,,,,,,,,,,,,,,,,,,,
1994-604,Paris,Hard,32,T2,,19940215,13,200701,,Q,Caroline Vis,R,180,NED,23.954,187,6,200647,,,Noelle Van Lottum,,170,FRA,21.597,111,13,4-6 6-2 6-3,3,R32,,,,,,,,,,,,,,,,,,,
1994-604,Paris,Hard,32,T2,,19940215,14,200569,,,Petra Langrova,,,TCH,23.639,129,11,201057,,WC,Angelique Olivier,,,FRA,18.681,,,6-4 7-5,3,R32,,,,,,,,,,,,,,,,,,,
1994-604,Paris,Hard,32,T2,,19940215,15,200601,6,,Leila Meskhi,R,164,GEO,26.114,28,43,200677,,Q,Katja Oeljeklaus,R,,GER,23.015,183,6,6-3 6-2,3,R32,,,,,,,,,,,,,,,,,,,
1994-604,Paris,Hard,32,T2,,19940215,16,200455,5,,Katerina Maleeva,R,168,BUL,24.778,27,46,200657,,,Radka Bobkova,R,172,CZE,21.008,58,27,4-1 RET,3,R32,,,,,,,,,,,,,,,,,,,
1994-604,Paris,Hard,32,T2,,19940215,17,200293,1,,Martina Navratilova,L,173,USA,37.329,3,200,200584,,,Laura Golarsa,R,165,ITA,26.221,74,21,6-0 6-2,3,R16,,,,,,,,,,,,,,,,,,,
1994-604,Paris,Hard,32,T2,,19940215,18,200037,7,,Sabine Appelmans,L,168,BEL,21.818,23,54,200593,,,Karine Quentrec,,,FRA,24.321,115,13,6-2 6-1,3,R16,,,,,,,,,,,,,,,,,,,
1994-604,Paris,Hard,32,T2,,19940215,19,200701,,Q,Caroline Vis,R,180,NED,23.954,187,6,200096,3,,Mary Pierce,R,178,FRA,19.086,12,89,3-6 6-4 6-1,3,R16,,,,,,,,,,,,,,,,,,,
1994-604,Paris,Hard,32,T2,,19940215,20,200601,6,,Leila Meskhi,R,164,GEO,26.114,28,43,200569,,,Petra Langrova,,,TCH,23.639,129,11,7-5 6-0,3,R16,,,,,,,,,,,,,,,,,,,
1994-604,Paris,Hard,32,T2,,19940215,21,200455,5,,Katerina Maleeva,R,168,BUL,24.778,27,46,200579,,,Karin Kschwendt,R,175,AUT,25.421,107,13,6-2 6-2,3,R16,,,,,,,,,,,,,,,,,,,
1994-604,Paris,Hard,32,T2,,19940215,22,200076,,,Laurence Courtois,R,172,BEL,18.078,125,11,200698,,,Petra Begerow,R,178,GER,18.842,128,11,6-3 4-6 7-6,3,R16,,,,,,,,,,,,,,,,,,,
1994-604,Paris,Hard,32,T2,,19940215,23,200112,8,,Julie Halard Decugis,R,173,FRA,23.434,40,37,200725,,,Sandra Cecchini,R,170,ITA,28.967,55,28,6-4 6-4,3,R16,,,,,,,,,,,,,,,,,,,
1994-604,Paris,Hard,32,T2,,19940215,24,200506,,,Wiltrud Probst,R,170,GER,24.718,89,16,200080,,,Dominique Monami,R,170,BEL,20.712,64,24,6-3 6-0,3,R16,,,,,,,,,,,,,,,,,,,
1994-604,Paris,Hard,32,T2,,19940215,25,200293,1,,Martina Navratilova,L,173,USA,37.329,3,200,200037,7,,Sabine Appelmans,L,168,BEL,21.818,23,54,6-4 3-6 6-3,3,QF,,,,,,,,,,,,,,,,,,,
1994-604,Paris,Hard,32,T2,,19940215,26,200601,6,,Leila Meskhi,R,164,GEO,26.114,28,43,200701,,Q,Caroline Vis,R,180,NED,23.954,187,6,6-0 6-1,3,QF,,,,,,,,,,,,,,,,,,,
1994-604,Paris,Hard,32,T2,,19940215,27,200455,5,,Katerina Maleeva,R,168,BUL,24.778,27,46,200076,,,Laurence Courtois,R,172,BEL,18.078,125,11,5-7 6-3 6-2,3,QF,,,,,,,,,,,,,,,,,,,
1994-604,Paris,Hard,32,T2,,19940215,28,200112,8,,Julie Halard Decugis,R,173,FRA,23.434,40,37,200506,,,Wiltrud Probst,R,170,GER,24.718,89,16,2-6 7-5 6-4,3,QF,,,,,,,,,,,,,,,,,,,
1994-604,Paris,Hard,32,T2,,19940215,29,200293,1,,Martina Navratilova,L,173,USA,37.329,3,200,200601,6,,Leila Meskhi,R,164,GEO,26.114,28,43,6-1 6-3,3,SF,,,,,,,,,,,,,,,,,,,
1994-604,Paris,Hard,32,T2,,19940215,30,200112,8,,Julie Halard Decugis,R,173,FRA,23.434,40,37,200455,5,,Katerina Maleeva,R,168,BUL,24.778,27,46,6-7 6-4 6-3,3,SF,,,,,,,,,,,,,,,,,,,
1994-604,Paris,Hard,32,T2,,19940215,31,200293,1,,Martina Navratilova,L,173,USA,37.329,3,200,200112,8,,Julie Halard Decugis,R,173,FRA,23.434,40,37,7-5 6-3,3,F,,,,,,,,,,,,,,,,,,,
1994-609,Indian Wells,Hard,32,T2,,19940221,1,200414,1,,Steffi Graf,R,175,GER,24.690,1,441,200417,,,Gigi Fernandez,,170,USA,29.999,64,25,6-1 6-2,3,R32,,,,,,,,,,,,,,,,,,,
1994-609,Indian Wells,Hard,32,T2,,19940221,2,200624,,,Tami Whitlinger Jones,,,USA,25.274,134,11,200357,,,Rosalyn Fairbank,R,173,USA,33.304,63,25,6-2 6-4,3,R32,,,,,,,,,,,,,,,,,,,
1994-609,Indian Wells,Hard,32,T2,,19940221,3,200481,,,Elna Reinach,,,RSA,25.222,81,18,200660,,,Kimberly Po Messerli,R,157,USA,22.341,45,34,6-4 6-3,3,R32,,,,,,,,,,,,,,,,,,,
1994-609,Indian Wells,Hard,32,T2,,19940221,4,200128,3,,Lindsay Davenport,R,189,USA,17.706,13,85,200612,,,Natalia Medvedeva,R,176,UKR,22.270,24,55,6-4 6-1,3,R32,,,,,,,,,,,,,,,,,,,
1994-609,Indian Wells,Hard,32,T2,,19940221,5,200064,6,,Amanda Coetzer,R,158,RSA,22.336,16,81,200595,,,Ann Grossman,,,USA,23.360,37,40,6-4 6-2,3,R32,,,,,,,,,,,,,,,,,,,
1994-609,Indian Wells,Hard,32,T2,,19940221,6,200416,,,Robin White,R,164,USA,30.202,,,200012,,Q,Jana Nejedly,R,175,CAN,19.705,180,7,6-2 6-0,3,R32,,,,,,,,,,,,,,,,,,,
1994-609,Indian Wells,Hard,32,T2,,19940221,7,201277,,Q,Anne Mall,R,,IRL,19.201,191,6,200706,,LL,Catalina Cristea,R,178,ROU,18.725,127,12,6-4 6-1,3,R32,,,,,,,,,,,,,,,,,,,
1994-609,Indian Wells,Hard,32,T2,,19940221,8,200597,2,,Mary Joe Fernandez,R,175,USA,22.511,7,141,200013,,,Angelica Gavaldon,R,,MEX,20.386,87,17,6-3 6-3,3,R32,,,,,,,,,,,,,,,,,,,
1994-609,Indian Wells,Hard,32,T2,,19940221,9,200397,,WC,Tracy Austin,R,165,USA,31.196,86,17,200530,,,Radomira Zrubakova,R,169,SVK,23.157,123,12,6-2 5-7 6-3,3,R32,,,,,,,,,,,,,,,,,,,
1994-609,Indian Wells,Hard,32,T2,,19940221,10,200649,,,Ginger Helgeson,R,,USA,25.438,39,39,200638,,,Stephanie Rottier,,,NED,20.083,40,39,6-4 6-0,3,R32,,,,,,,,,,,,,,,,,,,
1994-609,Indian Wells,Hard,32,T2,,19940221,11,200048,,,Elena Likhovtseva,R,174,RUS,18.456,71,22,200377,5,,Helena Sukova,R,188,CZE,28.994,18,80,6-1 7-5,3,R32,,,,,,,,,,,,,,,,,,,
1994-609,Indian Wells,Hard,32,T2,,19940221,12,200116,4,,Natalia Zvereva,R,174,BLR,22.853,15,82,200333,,WC,Betsy Nagelsen,R,175,USA,37.331,,,6-0 6-1,3,R32,,,,,,,,,,,,,,,,,,,
1994-609,Indian Wells,Hard,32,T2,,19940221,13,200095,,,Linda Wild,R,,USA,23.029,52,29,200501,,,Marianne Werdel Witmeyer,,,USA,26.350,47,32,6-4 6-4,3,R32,,,,,,,,,,,,,,,,,,,
1994-609,Indian Wells,Hard,32,T2,,19940221,14,200020,,,Lisa Raymond,R,165,USA,20.534,55,29,200089,,,Miriam Oremans,R,169,NED,21.452,38,40,6-7 6-1 6-4,3,R32,,,,,,,,,,,,,,,,,,,
1994-609,Indian Wells,Hard,32,T2,,19940221,15,200723,,,Iva Majoli,R,175,CRO,16.529,46,34,200651,7,,Sabine Hack,,170,GER,24.614,21,61,6-3 4-6 7-6,3,R32,,,,,,,,,,,,,,,,,,,
1994-609,Indian Wells,Hard,32,T2,,19940221,16,200482,8,,Judith Wiesner,R,,AUT,27.976,20,63,200041,,,Amy Frazier,R,175,USA,21.424,29,46,6-1 6-3,3,R32,,,,,,,,,,,,,,,,,,,
1994-609,Indian Wells,Hard,32,T2,,19940221,17,200414,1,,Steffi Graf,R,175,GER,24.690,1,441,200397,,WC,Tracy Austin,R,165,USA,31.196,86,17,6-0 6-0,3,R16,,,,,,,,,,,,,,,,,,,
1994-609,Indian Wells,Hard,32,T2,,19940221,18,200649,,,Ginger Helgeson,R,,USA,25.438,39,39,200048,,,Elena Likhovtseva,R,174,RUS,18.456,71,22,6-0 6-2,3,R16,,,,,,,,,,,,,,,,,,,
1994-609,Indian Wells,Hard,32,T2,,19940221,19,200116,4,,Natalia Zvereva,R,174,BLR,22.853,15,82,200095,,,Linda Wild,R,,USA,23.029,52,29,6-3 6-3,3,R16,,,,,,,,,,,,,,,,,,,
1994-609,Indian Wells,Hard,32,T2,,19940221,20,200723,,,Iva Majoli,R,175,CRO,16.529,46,34,200020,,,Lisa Raymond,R,165,USA,20.534,55,29,6-3 2-6 6-1,3,R16,,,,,,,,,,,,,,,,,,,
1994-609,Indian Wells,Hard,32,T2,,19940221,21,200482,8,,Judith Wiesner,R,,AUT,27.976,20,63,200624,,,Tami Whitlinger Jones,,,USA,25.274,134,11,6-3 7-6,3,R16,,,,,,,,,,,,,,,,,,,
1994-609,Indian Wells,Hard,32,T2,,19940221,22,200128,3,,Lindsay Davenport,R,189,USA,17.706,13,85,200481,,,Elna Reinach,,,RSA,25.222,81,18,6-2 6-1,3,R16,,,,,,,,,,,,,,,,,,,
1994-609,Indian Wells,Hard,32,T2,,19940221,23,200064,6,,Amanda Coetzer,R,158,RSA,22.336,16,81,200416,,,Robin White,R,164,USA,30.202,,,6-2 6-1,3,R16,,,,,,,,,,,,,,,,,,,
1994-609,Indian Wells,Hard,32,T2,,19940221,24,200597,2,,Mary Joe Fernandez,R,175,USA,22.511,7,141,201277,,Q,Anne Mall,R,,IRL,19.201,191,6,6-4 7-6,3,R16,,,,,,,,,,,,,,,,,,,
1994-609,Indian Wells,Hard,32,T2,,19940221,25,200414,1,,Steffi Graf,R,175,GER,24.690,1,441,200649,,,Ginger Helgeson,R,,USA,25.438,39,39,6-1 6-3,3,QF,,,,,,,,,,,,,,,,,,,
1994-609,Indian Wells,Hard,32,T2,,19940221,26,200723,,,Iva Majoli,R,175,CRO,16.529,46,34,200116,4,,Natalia Zvereva,R,174,BLR,22.853,15,82,6-3 7-6,3,QF,,,,,,,,,,,,,,,,,,,
1994-609,Indian Wells,Hard,32,T2,,19940221,27,200128,3,,Lindsay Davenport,R,189,USA,17.706,13,85,200482,8,,Judith Wiesner,R,,AUT,27.976,20,63,4-6 7-6 6-0,3,QF,,,,,,,,,,,,,,,,,,,
1994-609,Indian Wells,Hard,32,T2,,19940221,28,200064,6,,Amanda Coetzer,R,158,RSA,22.336,16,81,200597,2,,Mary Joe Fernandez,R,175,USA,22.511,7,141,6-2 2-6 7-6,3,QF,,,,,,,,,,,,,,,,,,,
1994-609,Indian Wells,Hard,32,T2,,19940221,29,200414,1,,Steffi Graf,R,175,GER,24.690,1,441,200723,,,Iva Majoli,R,175,CRO,16.529,46,34,6-4 6-1,3,SF,,,,,,,,,,,,,,,,,,,
1994-609,Indian Wells,Hard,32,T2,,19940221,30,200064,6,,Amanda Coetzer,R,158,RSA,22.336,16,81,200128,3,,Lindsay Davenport,R,189,USA,17.706,13,85,4-6 6-3 6-4,3,SF,,,,,,,,,,,,,,,,,,,
1994-609,Indian Wells,Hard,32,T2,,19940221,31,200414,1,,Steffi Graf,R,175,GER,24.690,1,441,200064,6,,Amanda Coetzer,R,158,RSA,22.336,16,81,6-0 6-4,3,F,,,,,,,,,,,,,,,,,,,
1994-801,Delray Beach,Hard,56,T2,,19940228,1,200501,,,Marianne Werdel Witmeyer,,,USA,26.369,49,31,200473,,,Beverly Bowes,R,,USA,28.471,130,11,6-1 6-1,3,R64,,,,,,,,,,,,,,,,,,,
1994-801,Delray Beach,Hard,56,T2,,19940228,2,200026,,,Florencia Labat,L,170,ARG,22.716,44,34,201918,,WC,Melanie Bernard,,,CAN,19.458,402,1,5-7 6-0 6-1,3,R64,,,,,,,,,,,,,,,,,,,
1994-801,Delray Beach,Hard,56,T2,,19940228,3,200607,,,Beate Reinstadler,,168,AUT,26.779,68,23,200648,,,Marketa Kochta,R,168,GER,18.629,59,27,7-6 4-6 7-6,3,R64,,,,,,,,,,,,,,,,,,,
1994-801,Delray Beach,Hard,56,T2,,19940228,4,200497,,,Patricia Hy Boulais,R,163,CAN,28.521,43,34,200706,,,Catalina Cristea,R,178,ROU,18.744,124,12,6-1 6-1,3,R64,,,,,,,,,,,,,,,,,,,
1994-801,Delray Beach,Hard,56,T2,,19940228,5,200450,,,Larisa Savchenko,,169,URS,27.609,54,29,200711,,,Tatiana Ignatieva,,173,BLR,19.718,114,13,6-2 6-3,3,R64,,,,,,,,,,,,,,,,,,,
1994-801,Delray Beach,Hard,56,T2,,19940228,6,200700,,,Silvia Farina Elia,R,172,ITA,21.840,79,19,200643,,Q,Petra Kamstra,,,NED,19.951,175,7,6-4 6-1,3,R64,,,,,,,,,,,,,,,,,,,
1994-801,Delray Beach,Hard,56,T2,,19940228,7,200612,9,,Natalia Medvedeva,R,176,UKR,22.289,24,52,201949,,Q,Eva Jimenez Sanz,,,ESP,18.782,199,6,6-1 6-1,3,R64,,,,,,,,,,,,,,,,,,,
1994-801,Delray Beach,Hard,56,T2,,19940228,8,200039,14,,Chanda Rubin,R,168,USA,18.029,34,42,200723,,,Iva Majoli,R,175,CRO,16.548,37,41,6-0 6-0,3,R64,,,,,,,,,,,,,,,,,,,
1994-801,Delray Beach,Hard,56,T2,,19940228,9,200542,,,Clare Wood,R,,GBR,25.977,94,16,200708,,,Sandra Cacic,R,,USA,19.469,57,28,3-6 6-4 6-2,3,R64,,,,,,,,,,,,,,,,,,,
1994-801,Delray Beach,Hard,56,T2,,19940228,10,200005,,,Jolene Watanabe,R,,USA,25.495,120,12,200107,,Q,Paola Suarez,R,170,ARG,17.684,200,6,6-1 7-6,3,R64,,,,,,,,,,,,,,,,,,,
1994-801,Delray Beach,Hard,56,T2,,19940228,11,200679,,,Caroline Kuhlman,,,USA,27.513,75,20,200481,,,Elna Reinach,,,RSA,25.241,76,20,6-1 6-1,3,R64,,,,,,,,,,,,,,,,,,,
1994-801,Delray Beach,Hard,56,T2,,19940228,12,200048,,,Elena Likhovtseva,R,174,RUS,18.475,67,23,200057,,LL,Erika De Lone,R,,USA,21.375,195,6,6-3 6-2,3,R64,,,,,,,,,,,,,,,,,,,
1994-801,Delray Beach,Hard,56,T2,,19940228,13,200494,,Q,Dianne Van Rensburg,R,,RSA,25.988,186,6,200357,,,Rosalyn Fairbank,R,173,USA,33.323,63,25,6-3 6-3,3,R64,,,,,,,,,,,,,,,,,,,
1994-801,Delray Beach,Hard,56,T2,,19940228,14,200638,16,,Stephanie Rottier,,,NED,20.102,46,33,200419,,,Kathy Rinaldi Stunkel,,,USA,26.936,93,16,6-0 4-6 6-4,3,R64,,,,,,,,,,,,,,,,,,,
1994-801,Delray Beach,Hard,56,T2,,19940228,15,200112,12,,Julie Halard Decugis,R,173,FRA,23.469,31,43,200560,,,Rene Simpson,L,165,CAN,28.124,97,15,1-6 6-2 7-6,3,R64,,,,,,,,,,,,,,,,,,,
1994-801,Delray Beach,Hard,56,T2,,19940228,16,200024,,Q,Maria Vento Kabchi,R,168,VEN,19.768,177,7,200010,,Q,Rita Grande,R,177,ITA,18.938,155,9,4-6 6-0 6-3,3,R64,,,,,,,,,,,,,,,,,,,
1994-801,Delray Beach,Hard,56,T2,,19940228,17,200020,,,Lisa Raymond,R,165,USA,20.553,53,29,200584,,,Laura Golarsa,R,165,ITA,26.257,71,22,7-5 6-1,3,R64,,,,,,,,,,,,,,,,,,,
1994-801,Delray Beach,Hard,56,T2,,19940228,18,200653,11,,Yayuk Basuki,R,164,INA,23.248,30,43,200498,,,Michelle Jaggard Lai,R,146,AUS,24.816,103,14,6-4 1-6 6-4,3,R64,,,,,,,,,,,,,,,,,,,
1994-801,Delray Beach,Hard,56,T2,,19940228,19,200554,13,,Brenda Schultz Mccarthy,R,188,NED,23.171,33,43,200703,,,Katarina Studenikova,R,172,SVK,21.490,84,17,6-2 6-3,3,R64,,,,,,,,,,,,,,,,,,,
1994-801,Delray Beach,Hard,56,T2,,19940228,20,200602,,,Shaun Stafford,R,180,USA,25.211,73,21,201729,,Q,Larissa Schaerer,R,170,PAR,18.875,,,4-6 6-0 6-1,3,R64,,,,,,,,,,,,,,,,,,,
1994-801,Delray Beach,Hard,56,T2,,19940228,21,201275,,LL,Julie Steven,,,USA,17.848,,,200696,,,Christina Papadaki,R,,GRE,21.011,134,11,4-6 7-5 6-3,3,R64,,,,,,,,,,,,,,,,,,,
1994-801,Delray Beach,Hard,56,T2,,19940228,22,201952,,Q,Elena Savoldi,,,ITA,21.298,187,6,200655,,,Nicole Arendt,L,177,USA,24.510,102,14,6-4 6-3,3,R64,,,,,,,,,,,,,,,,,,,
1994-801,Delray Beach,Hard,56,T2,,19940228,23,200099,,LL,Sonya Jeyaseelan,R,157,CAN,17.848,,,201850,,WC,Nino Louarsabishvili,,,GEO,17.068,353,2,6-3 6-2,3,R64,,,,,,,,,,,,,,,,,,,
1994-801,Delray Beach,Hard,56,T2,,19940228,24,200089,15,,Miriam Oremans,R,169,NED,21.471,42,35,200707,,,Romana Tedjakusuma,R,,INA,17.599,90,16,6-7 6-4 6-2,3,R64,,,,,,,,,,,,,,,,,,,
1994-801,Delray Beach,Hard,56,T2,,19940228,25,200414,1,WC,Steffi Graf,R,175,GER,24.710,1,429,200501,,,Marianne Werdel Witmeyer,,,USA,26.369,49,31,6-0 7-5,3,R32,,,,,,,,,,,,,,,,,,,
1994-801,Delray Beach,Hard,56,T2,,19940228,26,200048,,,Elena Likhovtseva,R,174,RUS,18.475,67,23,200653,11,,Yayuk Basuki,R,164,INA,23.248,30,43,6-3 6-1,3,R32,,,,,,,,,,,,,,,,,,,
1994-801,Delray Beach,Hard,56,T2,,19940228,27,200554,13,,Brenda Schultz Mccarthy,R,188,NED,23.171,33,43,200602,,,Shaun Stafford,R,180,USA,25.211,73,21,6-2 6-0,3,R32,,,,,,,,,,,,,,,,,,,
1994-801,Delray Beach,Hard,56,T2,,19940228,28,200651,7,,Sabine Hack,,170,GER,24.633,22,58,201275,,LL,Julie Steven,,,USA,17.848,,,6-2 6-1,3,R32,,,,,,,,,,,,,,,,,,,
1994-801,Delray Beach,Hard,56,T2,,19940228,29,200572,3,,Gabriela Sabatini,R,175,ARG,23.790,5,147,201952,,Q,Elena Savoldi,,,ITA,21.298,187,6,6-4 6-2,3,R32,,,,,,,,,,,,,,,,,,,
1994-801,Delray Beach,Hard,56,T2,,19940228,30,200099,,LL,Sonya Jeyaseelan,R,157,CAN,17.848,,,200089,15,,Miriam Oremans,R,169,NED,21.471,42,35,7-5 4-6 6-4,3,R32,,,,,,,,,,,,,,,,,,,
1994-801,Delray Beach,Hard,56,T2,,19940228,31,200026,,,Florencia Labat,L,170,ARG,22.716,44,34,200607,,,Beate Reinstadler,,168,AUT,26.779,68,23,6-4 6-0,3,R32,,,,,,,,,,,,,,,,,,,
1994-801,Delray Beach,Hard,56,T2,,19940228,32,200377,5,,Helena Sukova,R,188,CZE,29.014,18,72,200497,,,Patricia Hy Boulais,R,163,CAN,28.521,43,34,6-2 6-2,3,R32,,,,,,,,,,,,,,,,,,,
1994-801,Delray Beach,Hard,56,T2,,19940228,33,200428,8,,Lori Mcneil,,170,USA,30.199,21,59,200450,,,Larisa Savchenko,,169,URS,27.609,54,29,7-5 6-2,3,R32,,,,,,,,,,,,,,,,,,,
1994-801,Delray Beach,Hard,56,T2,,19940228,34,200612,9,,Natalia Medvedeva,R,176,UKR,22.289,24,52,200700,,,Silvia Farina Elia,R,172,ITA,21.840,79,19,6-3 6-3,3,R32,,,,,,,,,,,,,,,,,,,
1994-801,Delray Beach,Hard,56,T2,,19940228,35,200039,14,,Chanda Rubin,R,168,USA,18.029,34,42,200542,,,Clare Wood,R,,GBR,25.977,94,16,6-2 6-3,3,R32,,,,,,,,,,,,,,,,,,,
1994-801,Delray Beach,Hard,56,T2,,19940228,36,200064,4,,Amanda Coetzer,R,158,RSA,22.355,14,84,200005,,,Jolene Watanabe,R,,USA,25.495,120,12,6-1 6-1,3,R32,,,,,,,,,,,,,,,,,,,
1994-801,Delray Beach,Hard,56,T2,,19940228,37,200482,6,,Judith Wiesner,R,,AUT,27.995,20,63,200679,,,Caroline Kuhlman,,,USA,27.513,75,20,2-0 RET,3,R32,,,,,,,,,,,,,,,,,,,
1994-801,Delray Beach,Hard,56,T2,,19940228,38,200638,16,,Stephanie Rottier,,,NED,20.102,46,33,200494,,Q,Dianne Van Rensburg,R,,RSA,25.988,186,6,6-2 6-1,3,R32,,,,,,,,,,,,,,,,,,,
1994-801,Delray Beach,Hard,56,T2,,19940228,39,200112,12,,Julie Halard Decugis,R,173,FRA,23.469,31,43,200024,,Q,Maria Vento Kabchi,R,168,VEN,19.768,177,7,6-4 6-3,3,R32,,,,,,,,,,,,,,,,,,,
1994-801,Delray Beach,Hard,56,T2,,19940228,40,200017,2,,Arantxa Sanchez Vicario,R,168,ESP,22.199,2,266,200020,,,Lisa Raymond,R,165,USA,20.553,53,29,7-5 6-1,3,R32,,,,,,,,,,,,,,,,,,,
1994-801,Delray Beach,Hard,56,T2,,19940228,41,200414,1,WC,Steffi Graf,R,175,GER,24.710,1,429,200048,,,Elena Likhovtseva,R,174,RUS,18.475,67,23,6-2 6-4,3,R16,,,,,,,,,,,,,,,,,,,
1994-801,Delray Beach,Hard,56,T2,,19940228,42,200651,7,,Sabine Hack,,170,GER,24.633,22,58,200554,13,,Brenda Schultz Mccarthy,R,188,NED,23.171,33,43,7-5 6-1,3,R16,,,,,,,,,,,,,,,,,,,
1994-801,Delray Beach,Hard,56,T2,,19940228,43,200572,3,,Gabriela Sabatini,R,175,ARG,23.790,5,147,200099,,LL,Sonya Jeyaseelan,R,157,CAN,17.848,,,6-2 6-2,3,R16,,,,,,,,,,,,,,,,,,,
1994-801,Delray Beach,Hard,56,T2,,19940228,44,200377,5,,Helena Sukova,R,188,CZE,29.014,18,72,200026,,,Florencia Labat,L,170,ARG,22.716,44,34,6-3 6-1,3,R16,,,,,,,,,,,,,,,,,,,
1994-801,Delray Beach,Hard,56,T2,,19940228,45,200612,9,,Natalia Medvedeva,R,176,UKR,22.289,24,52,200428,8,,Lori Mcneil,,170,USA,30.199,21,59,4-6 6-2 6-2,3,R16,,,,,,,,,,,,,,,,,,,
1994-801,Delray Beach,Hard,56,T2,,19940228,46,200039,14,,Chanda Rubin,R,168,USA,18.029,34,42,200064,4,,Amanda Coetzer,R,158,RSA,22.355,14,84,3-6 6-2 7-5,3,R16,,,,,,,,,,,,,,,,,,,
1994-801,Delray Beach,Hard,56,T2,,19940228,47,200638,16,,Stephanie Rottier,,,NED,20.102,46,33,200482,6,,Judith Wiesner,R,,AUT,27.995,20,63,1-6 6-2 6-4,3,R16,,,,,,,,,,,,,,,,,,,
1994-801,Delray Beach,Hard,56,T2,,19940228,48,200017,2,,Arantxa Sanchez Vicario,R,168,ESP,22.199,2,266,200112,12,,Julie Halard Decugis,R,173,FRA,23.469,31,43,6-1 6-1,3,R16,,,,,,,,,,,,,,,,,,,
1994-801,Delray Beach,Hard,56,T2,,19940228,49,200414,1,WC,Steffi Graf,R,175,GER,24.710,1,429,200651,7,,Sabine Hack,,170,GER,24.633,22,58,6-2 6-1,3,QF,,,,,,,,,,,,,,,,,,,
1994-801,Delray Beach,Hard,56,T2,,19940228,50,200377,5,,Helena Sukova,R,188,CZE,29.014,18,72,200572,3,,Gabriela Sabatini,R,175,ARG,23.790,5,147,6-4 6-4,3,QF,,,,,,,,,,,,,,,,,,,
1994-801,Delray Beach,Hard,56,T2,,19940228,51,200039,14,,Chanda Rubin,R,168,USA,18.029,34,42,200612,9,,Natalia Medvedeva,R,176,UKR,22.289,24,52,6-4 6-0,3,QF,,,,,,,,,,,,,,,,,,,
1994-801,Delray Beach,Hard,56,T2,,19940228,52,200017,2,,Arantxa Sanchez Vicario,R,168,ESP,22.199,2,266,200638,16,,Stephanie Rottier,,,NED,20.102,46,33,6-3 6-2,3,QF,,,,,,,,,,,,,,,,,,,
1994-801,Delray Beach,Hard,56,T2,,19940228,53,200414,1,WC,Steffi Graf,R,175,GER,24.710,1,429,200377,5,,Helena Sukova,R,188,CZE,29.014,18,72,7-5 6-4,3,SF,,,,,,,,,,,,,,,,,,,
1994-801,Delray Beach,Hard,56,T2,,19940228,54,200017,2,,Arantxa Sanchez Vicario,R,168,ESP,22.199,2,266,200039,14,,Chanda Rubin,R,168,USA,18.029,34,42,6-2 6-3,3,SF,,,,,,,,,,,,,,,,,,,
1994-801,Delray Beach,Hard,56,T2,,19940228,55,200414,1,WC,Steffi Graf,R,175,GER,24.710,1,429,200017,2,,Arantxa Sanchez Vicario,R,168,ESP,22.199,2,266,6-3 7-5,3,F,,,,,,,,,,,,,,,,,,,
1994-902,Key Biscayne,Hard,96,T1,,19940311,1,200473,,,Beverly Bowes,R,,USA,28.502,140,10,200701,,LL,Caroline Vis,R,180,NED,24.020,141,10,6-2 2-6 6-2,3,R128,,,,,,,,,,,,,,,,,,,
1994-902,Key Biscayne,Hard,96,T1,,19940311,2,201047,,Q,Andrea Vieira,,,BRA,23.094,148,10,200648,,,Marketa Kochta,R,168,GER,18.659,60,26,6-4 7-5,3,R128,,,,,,,,,,,,,,,,,,,
1994-902,Key Biscayne,Hard,96,T1,,19940311,3,201277,,Q,Anne Mall,R,,IRL,19.250,173,7,200608,,WC,Audra Keller,,,USA,22.314,136,11,1-6 6-3 7-5,3,R128,,,,,,,,,,,,,,,,,,,
1994-902,Key Biscayne,Hard,96,T1,,19940311,4,200643,,LL,Petra Kamstra,,,NED,19.981,175,7,200059,,,Ruxandra Dragomir Ilie,R,168,ROU,21.378,83,18,7-6 6-1,3,R128,,,,,,,,,,,,,,,,,,,
1994-902,Key Biscayne,Hard,96,T1,,19940311,5,200005,,WC,Jolene Watanabe,R,,USA,25.526,118,12,200693,,,Elena Makarova,R,,RUS,21.104,91,16,7-6 6-0,3,R128,,,,,,,,,,,,,,,,,,,
1994-902,Key Biscayne,Hard,96,T1,,19940311,6,200624,,,Tami Whitlinger Jones,,,USA,25.323,115,12,200020,,,Lisa Raymond,R,165,USA,20.584,56,29,6-4 6-1,3,R128,,,,,,,,,,,,,,,,,,,
1994-902,Key Biscayne,Hard,96,T1,,19940311,7,201717,,Q,Michelle Jackson Nobrega,,,USA,20.200,,,200679,,,Caroline Kuhlman,,,USA,27.543,76,20,6-0 6-3,3,R128,,,,,,,,,,,,,,,,,,,
1994-902,Key Biscayne,Hard,96,T1,,19940311,8,200095,,,Linda Wild,R,,USA,23.078,50,31,200607,,,Beate Reinstadler,,168,AUT,26.810,67,24,6-4 6-7 6-1,3,R128,,,,,,,,,,,,,,,,,,,
1994-902,Key Biscayne,Hard,96,T1,,19940311,9,200707,,,Romana Tedjakusuma,R,,INA,17.629,92,16,200697,,,Janette Husarova,R,169,SVK,19.768,82,18,6-3 6-3,3,R128,,,,,,,,,,,,,,,,,,,
1994-902,Key Biscayne,Hard,96,T1,,19940311,10,200646,,Q,Francesca Romano,,,ITA,23.089,,,200016,,,Sandrine Testud,R,176,FRA,21.936,75,21,5-7 6-3 7-5,3,R128,,,,,,,,,,,,,,,,,,,
1994-902,Key Biscayne,Hard,96,T1,,19940311,11,200667,,,Ines Gorrochategui,R,169,ARG,20.742,52,30,200010,,Q,Rita Grande,R,177,ITA,18.968,157,9,4-6 7-5 6-1,3,R128,,,,,,,,,,,,,,,,,,,
1994-902,Key Biscayne,Hard,96,T1,,19940311,12,200080,,,Dominique Monami,R,170,BEL,20.778,62,25,200417,,,Gigi Fernandez,,170,USA,30.049,63,25,6-7 6-3 7-6,3,R128,,,,,,,,,,,,,,,,,,,
1994-902,Key Biscayne,Hard,96,T1,,19940311,13,200682,,WC,Joannette Kruger,R,179,RSA,20.518,122,12,200057,,Q,Erika De Lone,R,,USA,21.405,194,6,6-3 2-6 6-4,3,R128,,,,,,,,,,,,,,,,,,,
1994-902,Key Biscayne,Hard,96,T1,,19940311,14,200530,,WC,Radomira Zrubakova,R,169,SVK,23.206,142,10,201193,,LL,Claire Wegink,,,NED,26.448,156,9,6-1 4-6 6-2,3,R128,,,,,,,,,,,,,,,,,,,
1994-902,Key Biscayne,Hard,96,T1,,19940311,15,200048,,,Elena Likhovtseva,R,174,RUS,18.506,65,24,200559,,,Kristine Kunce,R,177,AUS,24.022,69,22,6-2 6-0,3,R128,,,,,,,,,,,,,,,,,,,
1994-902,Key Biscayne,Hard,96,T1,,19940311,16,200560,,,Rene Simpson,L,165,CAN,28.154,104,14,200692,,,Marzia Grossi,,,ITA,23.521,102,14,6-1 6-7 6-4,3,R128,,,,,,,,,,,,,,,,,,,
1994-902,Key Biscayne,Hard,96,T1,,19940311,17,200091,,WC,Janet Lee,R,175,TPE,17.383,502,1,200491,,,Christina Singer,,176,GER,25.621,77,19,7-5 5-7 7-5,3,R128,,,,,,,,,,,,,,,,,,,
1994-902,Key Biscayne,Hard,96,T1,,19940311,18,200082,,,Kristie Boogert,R,178,NED,20.233,66,24,200498,,,Michelle Jaggard Lai,R,146,AUS,24.847,108,13,6-4 6-3,3,R128,,,,,,,,,,,,,,,,,,,
1994-902,Key Biscayne,Hard,96,T1,,19940311,19,200542,,,Clare Wood,R,,GBR,26.007,88,17,200696,,WC,Christina Papadaki,R,,GRE,21.041,153,9,6-2 6-3,3,R128,,,,,,,,,,,,,,,,,,,
1994-902,Key Biscayne,Hard,96,T1,,19940311,20,200706,,WC,Catalina Cristea,R,178,ROU,18.774,130,11,200485,,Q,Manon Bollegraf,R,173,NED,29.917,146,10,6-1 7-6,3,R128,,,,,,,,,,,,,,,,,,,
1994-902,Key Biscayne,Hard,96,T1,,19940311,21,200506,,,Wiltrud Probst,R,170,GER,24.784,81,18,200522,,,Nicole Jagerman,R,179,NED,26.634,71,21,6-3 6-4,3,R128,,,,,,,,,,,,,,,,,,,
1994-902,Key Biscayne,Hard,96,T1,,19940311,22,200602,,,Shaun Stafford,R,180,USA,25.241,73,21,200659,,,Rika Hiraki,R,157,JPN,22.262,155,9,3-6 6-3 6-2,3,R128,,,,,,,,,,,,,,,,,,,
1994-902,Key Biscayne,Hard,96,T1,,19940311,23,200700,,,Silvia Farina Elia,R,172,ITA,21.870,78,19,200051,,,Irina Spirlea,R,175,ROU,19.959,64,25,6-1 6-7 6-2,3,R128,,,,,,,,,,,,,,,,,,,
1994-902,Key Biscayne,Hard,96,T1,,19940311,24,200655,,,Nicole Arendt,L,177,USA,24.540,110,13,200641,,,Patricia Tarabini,R,165,ARG,25.594,55,29,7-5 6-1,3,R128,,,,,,,,,,,,,,,,,,,
1994-902,Key Biscayne,Hard,96,T1,,19940311,25,200647,,,Noelle Van Lottum,,170,FRA,21.662,116,12,200085,,LL,Ai Sugiyama,R,163,JPN,18.683,112,13,2-6 6-4 7-5,3,R128,,,,,,,,,,,,,,,,,,,
1994-902,Key Biscayne,Hard,96,T1,,19940311,26,200472,,,Helen Kelesi,R,,CAN,24.318,51,31,200704,,,Maria Jose Gaidano,,171,ARG,20.794,89,17,6-0 6-2,3,R128,,,,,,,,,,,,,,,,,,,
1994-902,Key Biscayne,Hard,96,T1,,19940311,27,200604,,WC,Barbara Paulus,R,177,AUT,23.524,,,200669,,,Debbie Graham,R,183,USA,23.543,68,22,4-5 RET,3,R128,,,,,,,,,,,,,,,,,,,
1994-902,Key Biscayne,Hard,96,T1,,19940311,28,200450,,,Larisa Savchenko,,169,URS,27.639,54,30,200711,,,Tatiana Ignatieva,,173,BLR,19.749,121,12,2-6 6-3 6-1,3,R128,,,,,,,,,,,,,,,,,,,
1994-902,Key Biscayne,Hard,96,T1,,19940311,29,200703,,,Katarina Studenikova,R,172,SVK,21.520,84,17,200028,,Q,Maureen Drake,R,175,CAN,22.974,,,7-5 7-6,3,R128,,,,,,,,,,,,,,,,,,,
1994-902,Key Biscayne,Hard,96,T1,,19940311,30,200593,,,Karine Quentrec,,,FRA,24.387,105,14,200584,,,Laura Golarsa,R,165,ITA,26.287,72,21,6-7 6-4 6-4,3,R128,,,,,,,,,,,,,,,,,,,
1994-902,Key Biscayne,Hard,96,T1,,19940311,31,200579,,,Karin Kschwendt,R,175,AUT,25.487,126,11,200419,,,Kathy Rinaldi Stunkel,,,USA,26.966,99,15,6-3 6-4,3,R128,,,,,,,,,,,,,,,,,,,
1994-902,Key Biscayne,Hard,96,T1,,19940311,32,200481,,,Elna Reinach,,,RSA,25.271,79,19,200547,,,Sandra Wasserman,R,173,BEL,24.003,124,12,6-4 6-7 6-0,3,R128,,,,,,,,,,,,,,,,,,,
1994-902,Key Biscayne,Hard,96,T1,,19940311,33,200414,1,,Steffi Graf,R,175,GER,24.740,1,429,200473,,,Beverly Bowes,R,,USA,28.502,140,10,6-1 6-0,3,R64,,,,,,,,,,,,,,,,,,,
1994-902,Key Biscayne,Hard,96,T1,,19940311,34,200649,25,,Ginger Helgeson,R,,USA,25.487,37,41,200080,,,Dominique Monami,R,170,BEL,20.778,62,25,6-3 6-2,3,R64,,,,,,,,,,,,,,,,,,,
1994-902,Key Biscayne,Hard,96,T1,,19940311,35,200041,20,,Amy Frazier,R,175,USA,21.473,30,46,200700,,,Silvia Farina Elia,R,172,ITA,21.870,78,19,7-5 2-6 6-3,3,R64,,,,,,,,,,,,,,,,,,,
1994-902,Key Biscayne,Hard,96,T1,,19940311,36,200455,16,,Katerina Maleeva,R,168,BUL,24.844,25,52,200604,,WC,Barbara Paulus,R,177,AUT,23.524,,,6-2 7-6,3,R64,,,,,,,,,,,,,,,,,,,
1994-902,Key Biscayne,Hard,96,T1,,19940311,37,200482,13,,Judith Wiesner,R,,AUT,28.025,21,61,200450,,,Larisa Savchenko,,169,URS,27.639,54,30,7-5 6-0,3,R64,,,,,,,,,,,,,,,,,,,
1994-902,Key Biscayne,Hard,96,T1,,19940311,38,200644,18,,Naoko Sawamatsu,R,167,JPN,20.967,28,47,200703,,,Katarina Studenikova,R,172,SVK,21.520,84,17,7-6 6-4,3,R64,,,,,,,,,,,,,,,,,,,
1994-902,Key Biscayne,Hard,96,T1,,19940311,39,200497,28,,Patricia Hy Boulais,R,163,CAN,28.551,47,33,200593,,,Karine Quentrec,,,FRA,24.387,105,14,4-6 7-6 6-3,3,R64,,,,,,,,,,,,,,,,,,,
1994-902,Key Biscayne,Hard,96,T1,,19940311,40,200617,5,,Kimiko Date Krumm,R,163,JPN,23.450,7,133,200579,,,Karin Kschwendt,R,175,AUT,25.487,126,11,6-2 6-2,3,R64,,,,,,,,,,,,,,,,,,,
1994-902,Key Biscayne,Hard,96,T1,,19940311,41,200572,3,,Gabriela Sabatini,R,175,ARG,23.820,5,149,200481,,,Elna Reinach,,,RSA,25.271,79,19,6-2 6-2,3,R64,,,,,,,,,,,,,,,,,,,
1994-902,Key Biscayne,Hard,96,T1,,19940311,42,200039,24,,Chanda Rubin,R,168,USA,18.059,26,51,201047,,Q,Andrea Vieira,,,BRA,23.094,148,10,6-3 7-6,3,R64,,,,,,,,,,,,,,,,,,,
1994-902,Key Biscayne,Hard,96,T1,,19940311,43,200501,32,,Marianne Werdel Witmeyer,,,USA,26.399,49,31,201277,,Q,Anne Mall,R,,IRL,19.250,173,7,6-2 6-4,3,R64,,,,,,,,,,,,,,,,,,,
1994-902,Key Biscayne,Hard,96,T1,,19940311,44,200404,10,,Zina Garrison,R,164,USA,30.317,16,81,200643,,LL,Petra Kamstra,,,NED,19.981,175,7,6-0 4-6 6-2,3,R64,,,,,,,,,,,,,,,,,,,
1994-902,Key Biscayne,Hard,96,T1,,19940311,45,200097,12,,Nathalie Tauziat,R,165,FRA,26.399,19,67,200005,,WC,Jolene Watanabe,R,,USA,25.526,118,12,7-5 5-7 7-5,3,R64,,,,,,,,,,,,,,,,,,,
1994-902,Key Biscayne,Hard,96,T1,,19940311,46,200624,,,Tami Whitlinger Jones,,,USA,25.323,115,12,200653,21,,Yayuk Basuki,R,164,INA,23.278,31,43,6-2 6-3,3,R64,,,,,,,,,,,,,,,,,,,
1994-902,Key Biscayne,Hard,96,T1,,19940311,47,201717,,Q,Michelle Jackson Nobrega,,,USA,20.200,,,200638,30,,Stephanie Rottier,,,NED,20.132,41,36,6-3 6-2,3,R64,,,,,,,,,,,,,,,,,,,
1994-902,Key Biscayne,Hard,96,T1,,19940311,48,200128,7,,Lindsay Davenport,R,189,USA,17.755,13,87,200095,,,Linda Wild,R,,USA,23.078,50,31,6-3 6-1,3,R64,,,,,,,,,,,,,,,,,,,
1994-902,Key Biscayne,Hard,96,T1,,19940311,49,200064,8,,Amanda Coetzer,R,158,RSA,22.385,17,80,200707,,,Romana Tedjakusuma,R,,INA,17.629,92,16,6-1 6-1,3,R64,,,,,,,,,,,,,,,,,,,
1994-902,Key Biscayne,Hard,96,T1,,19940311,50,200671,,,Meike Babel,R,173,GER,19.300,43,36,200646,,Q,Francesca Romano,,,ITA,23.089,,,6-3 6-2,3,R64,,,,,,,,,,,,,,,,,,,
1994-902,Key Biscayne,Hard,96,T1,,19940311,51,200667,,,Ines Gorrochategui,R,169,ARG,20.742,52,30,200112,22,,Julie Halard Decugis,R,173,FRA,23.499,33,43,6-0 6-1,3,R64,,,,,,,,,,,,,,,,,,,
1994-902,Key Biscayne,Hard,96,T1,,19940311,52,200116,9,,Natalia Zvereva,R,174,BLR,22.903,14,83,200682,,WC,Joannette Kruger,R,179,RSA,20.518,122,12,6-0 6-1,3,R64,,,,,,,,,,,,,,,,,,,
1994-902,Key Biscayne,Hard,96,T1,,19940311,53,200530,,WC,Radomira Zrubakova,R,169,SVK,23.206,142,10,200377,11,,Helena Sukova,R,188,CZE,29.044,18,78,6-3 6-4,3,R64,,,,,,,,,,,,,,,,,,,
1994-902,Key Biscayne,Hard,96,T1,,19940311,54,200026,29,,Florencia Labat,L,170,ARG,22.747,44,34,200048,,,Elena Likhovtseva,R,174,RUS,18.506,65,24,4-6 6-3 6-2,3,R64,,,,,,,,,,,,,,,,,,,
1994-902,Key Biscayne,Hard,96,T1,,19940311,55,200699,31,,Meredith Mcgrath,,,USA,22.870,46,34,200560,,,Rene Simpson,L,165,CAN,28.154,104,14,6-1 2-0 RET,3,R64,,,,,,,,,,,,,,,,,,,
1994-902,Key Biscayne,Hard,96,T1,,19940311,56,200539,4,,Jana Novotna,R,175,CZE,25.438,6,144,200091,,WC,Janet Lee,R,175,TPE,17.383,502,1,6-2 6-2,3,R64,,,,,,,,,,,,,,,,,,,
1994-902,Key Biscayne,Hard,96,T1,,19940311,57,200082,,,Kristie Boogert,R,178,NED,20.233,66,24,200024,,LL,Maria Vento Kabchi,R,168,VEN,19.798,166,8,6-4 7-6,3,R64,,,,,,,,,,,,,,,,,,,
1994-902,Key Biscayne,Hard,96,T1,,19940311,58,200601,19,,Leila Meskhi,R,164,GEO,26.180,29,47,200542,,,Clare Wood,R,,GBR,26.007,88,17,6-2 2-6 6-4,3,R64,,,,,,,,,,,,,,,,,,,
1994-902,Key Biscayne,Hard,96,T1,,19940311,59,200554,23,,Brenda Schultz Mccarthy,R,188,NED,23.201,32,43,200706,,WC,Catalina Cristea,R,178,ROU,18.774,130,11,6-2 7-6,3,R64,,,,,,,,,,,,,,,,,,,
1994-902,Key Biscayne,Hard,96,T1,,19940311,60,200506,,,Wiltrud Probst,R,170,GER,24.784,81,18,200612,15,,Natalia Medvedeva,R,176,UKR,22.319,24,53,6-1 6-4,3,R64,,,,,,,,,,,,,,,,,,,
1994-902,Key Biscayne,Hard,96,T1,,19940311,61,200428,14,,Lori Mcneil,,170,USA,30.229,23,58,200602,,,Shaun Stafford,R,180,USA,25.241,73,21,7-6 6-4,3,R64,,,,,,,,,,,,,,,,,,,
1994-902,Key Biscayne,Hard,96,T1,,19940311,62,200655,,,Nicole Arendt,L,177,USA,24.540,110,13,200089,27,,Miriam Oremans,R,169,NED,21.501,40,36,7-6 6-2,3,R64,,,,,,,,,,,,,,,,,,,
1994-902,Key Biscayne,Hard,96,T1,,19940311,63,200548,17,,Patty Fendick,R,165,USA,28.945,27,48,200647,,,Noelle Van Lottum,,170,FRA,21.662,116,12,6-3 6-3,3,R64,,,,,,,,,,,,,,,,,,,
1994-902,Key Biscayne,Hard,96,T1,,19940311,64,200017,2,,Arantxa Sanchez Vicario,R,168,ESP,22.229,2,264,200472,,,Helen Kelesi,R,,CAN,24.318,51,31,6-2 6-0,3,R64,,,,,,,,,,,,,,,,,,,
1994-902,Key Biscayne,Hard,96,T1,,19940311,65,200414,1,,Steffi Graf,R,175,GER,24.740,1,429,200649,25,,Ginger Helgeson,R,,USA,25.487,37,41,6-2 6-1,3,R32,,,,,,,,,,,,,,,,,,,
1994-902,Key Biscayne,Hard,96,T1,,19940311,66,200041,20,,Amy Frazier,R,175,USA,21.473,30,46,200455,16,,Katerina Maleeva,R,168,BUL,24.844,25,52,6-2 7-6,3,R32,,,,,,,,,,,,,,,,,,,
1994-902,Key Biscayne,Hard,96,T1,,19940311,67,200644,18,,Naoko Sawamatsu,R,167,JPN,20.967,28,47,200482,13,,Judith Wiesner,R,,AUT,28.025,21,61,6-4 4-6 6-0,3,R32,,,,,,,,,,,,,,,,,,,
1994-902,Key Biscayne,Hard,96,T1,,19940311,68,200617,5,,Kimiko Date Krumm,R,163,JPN,23.450,7,133,200497,28,,Patricia Hy Boulais,R,163,CAN,28.551,47,33,2-2 RET,3,R32,,,,,,,,,,,,,,,,,,,
1994-902,Key Biscayne,Hard,96,T1,,19940311,69,200572,3,,Gabriela Sabatini,R,175,ARG,23.820,5,149,200039,24,,Chanda Rubin,R,168,USA,18.059,26,51,6-3 6-2,3,R32,,,,,,,,,,,,,,,,,,,
1994-902,Key Biscayne,Hard,96,T1,,19940311,70,200404,10,,Zina Garrison,R,164,USA,30.317,16,81,200501,32,,Marianne Werdel Witmeyer,,,USA,26.399,49,31,6-3 6-3,3,R32,,,,,,,,,,,,,,,,,,,
1994-902,Key Biscayne,Hard,96,T1,,19940311,71,200097,12,,Nathalie Tauziat,R,165,FRA,26.399,19,67,200624,,,Tami Whitlinger Jones,,,USA,25.323,115,12,6-3 2-6 6-4,3,R32,,,,,,,,,,,,,,,,,,,
1994-902,Key Biscayne,Hard,96,T1,,19940311,72,200128,7,,Lindsay Davenport,R,189,USA,17.755,13,87,201717,,Q,Michelle Jackson Nobrega,,,USA,20.200,,,6-3 1-6 6-1,3,R32,,,,,,,,,,,,,,,,,,,
1994-902,Key Biscayne,Hard,96,T1,,19940311,73,200064,8,,Amanda Coetzer,R,158,RSA,22.385,17,80,200671,,,Meike Babel,R,173,GER,19.300,43,36,6-2 7-6,3,R32,,,,,,,,,,,,,,,,,,,
1994-902,Key Biscayne,Hard,96,T1,,19940311,74,200116,9,,Natalia Zvereva,R,174,BLR,22.903,14,83,200667,,,Ines Gorrochategui,R,169,ARG,20.742,52,30,6-2 6-3,3,R32,,,,,,,,,,,,,,,,,,,
1994-902,Key Biscayne,Hard,96,T1,,19940311,75,200026,29,,Florencia Labat,L,170,ARG,22.747,44,34,200530,,WC,Radomira Zrubakova,R,169,SVK,23.206,142,10,6-4 6-4,3,R32,,,,,,,,,,,,,,,,,,,
1994-902,Key Biscayne,Hard,96,T1,,19940311,76,200539,4,,Jana Novotna,R,175,CZE,25.438,6,144,200699,31,,Meredith Mcgrath,,,USA,22.870,46,34,6-2 6-1,3,R32,,,,,,,,,,,,,,,,,,,
1994-902,Key Biscayne,Hard,96,T1,,19940311,77,200601,19,,Leila Meskhi,R,164,GEO,26.180,29,47,200082,,,Kristie Boogert,R,178,NED,20.233,66,24,0-6 6-2 6-0,3,R32,,,,,,,,,,,,,,,,,,,
1994-902,Key Biscayne,Hard,96,T1,,19940311,78,200554,23,,Brenda Schultz Mccarthy,R,188,NED,23.201,32,43,200506,,,Wiltrud Probst,R,170,GER,24.784,81,18,6-2 4-6 6-1,3,R32,,,,,,,,,,,,,,,,,,,
1994-902,Key Biscayne,Hard,96,T1,,19940311,79,200428,14,,Lori Mcneil,,170,USA,30.229,23,58,200655,,,Nicole Arendt,L,177,USA,24.540,110,13,6-4 6-3,3,R32,,,,,,,,,,,,,,,,,,,
1994-902,Key Biscayne,Hard,96,T1,,19940311,80,200017,2,,Arantxa Sanchez Vicario,R,168,ESP,22.229,2,264,200548,17,,Patty Fendick,R,165,USA,28.945,27,48,6-1 6-3,3,R32,,,,,,,,,,,,,,,,,,,
1994-902,Key Biscayne,Hard,96,T1,,19940311,81,200414,1,,Steffi Graf,R,175,GER,24.740,1,429,200041,20,,Amy Frazier,R,175,USA,21.473,30,46,6-3 6-0,3,R16,,,,,,,,,,,,,,,,,,,
1994-902,Key Biscayne,Hard,96,T1,,19940311,82,200617,5,,Kimiko Date Krumm,R,163,JPN,23.450,7,133,200644,18,,Naoko Sawamatsu,R,167,JPN,20.967,28,47,6-2 6-4,3,R16,,,,,,,,,,,,,,,,,,,
1994-902,Key Biscayne,Hard,96,T1,,19940311,83,200572,3,,Gabriela Sabatini,R,175,ARG,23.820,5,149,200404,10,,Zina Garrison,R,164,USA,30.317,16,81,6-4 6-2,3,R16,,,,,,,,,,,,,,,,,,,
1994-902,Key Biscayne,Hard,96,T1,,19940311,84,200128,7,,Lindsay Davenport,R,189,USA,17.755,13,87,200097,12,,Nathalie Tauziat,R,165,FRA,26.399,19,67,6-0 7-5,3,R16,,,,,,,,,,,,,,,,,,,
1994-902,Key Biscayne,Hard,96,T1,,19940311,85,200116,9,,Natalia Zvereva,R,174,BLR,22.903,14,83,200064,8,,Amanda Coetzer,R,158,RSA,22.385,17,80,7-6 6-4,3,R16,,,,,,,,,,,,,,,,,,,
1994-902,Key Biscayne,Hard,96,T1,,19940311,86,200539,4,,Jana Novotna,R,175,CZE,25.438,6,144,200026,29,,Florencia Labat,L,170,ARG,22.747,44,34,6-4 6-2,3,R16,,,,,,,,,,,,,,,,,,,
1994-902,Key Biscayne,Hard,96,T1,,19940311,87,200554,23,,Brenda Schultz Mccarthy,R,188,NED,23.201,32,43,200601,19,,Leila Meskhi,R,164,GEO,26.180,29,47,6-4 6-2,3,R16,,,,,,,,,,,,,,,,,,,
1994-902,Key Biscayne,Hard,96,T1,,19940311,88,200017,2,,Arantxa Sanchez Vicario,R,168,ESP,22.229,2,264,200428,14,,Lori Mcneil,,170,USA,30.229,23,58,6-2 6-1,3,R16,,,,,,,,,,,,,,,,,,,
1994-902,Key Biscayne,Hard,96,T1,,19940311,89,200414,1,,Steffi Graf,R,175,GER,24.740,1,429,200617,5,,Kimiko Date Krumm,R,163,JPN,23.450,7,133,6-1 6-1,3,QF,,,,,,,,,,,,,,,,,,,
1994-902,Key Biscayne,Hard,96,T1,,19940311,90,200128,7,,Lindsay Davenport,R,189,USA,17.755,13,87,200572,3,,Gabriela Sabatini,R,175,ARG,23.820,5,149,6-2 6-1,3,QF,,,,,,,,,,,,,,,,,,,
1994-902,Key Biscayne,Hard,96,T1,,19940311,91,200116,9,,Natalia Zvereva,R,174,BLR,22.903,14,83,200539,4,,Jana Novotna,R,175,CZE,25.438,6,144,7-6 7-6,3,QF,,,,,,,,,,,,,,,,,,,
1994-902,Key Biscayne,Hard,96,T1,,19940311,92,200554,23,,Brenda Schultz Mccarthy,R,188,NED,23.201,32,43,200017,2,,Arantxa Sanchez Vicario,R,168,ESP,22.229,2,264,1-6 7-6 6-3,3,QF,,,,,,,,,,,,,,,,,,,
1994-902,Key Biscayne,Hard,96,T1,,19940311,93,200414,1,,Steffi Graf,R,175,GER,24.740,1,429,200128,7,,Lindsay Davenport,R,189,USA,17.755,13,87,6-0 7-6,3,SF,,,,,,,,,,,,,,,,,,,
1994-902,Key Biscayne,Hard,96,T1,,19940311,94,200116,9,,Natalia Zvereva,R,174,BLR,22.903,14,83,200554,23,,Brenda Schultz Mccarthy,R,188,NED,23.201,32,43,6-0 6-4,3,SF,,,,,,,,,,,,,,,,,,,
1994-902,Key Biscayne,Hard,96,T1,,19940311,95,200414,1,,Steffi Graf,R,175,GER,24.740,1,429,200116,9,,Natalia Zvereva,R,174,BLR,22.903,14,83,4-6 6-1 6-2,3,F,,,,,,,,,,,,,,,,,,,
1994-706,Houston,Clay,28,T2,,19940321,1,200472,,,Helen Kelesi,R,,CAN,24.345,54,30,200641,,,Patricia Tarabini,R,165,ARG,25.621,56,29,6-1 6-4,3,R32,,,,,,,,,,,,,,,,,,,
1994-706,Houston,Clay,28,T2,,19940321,2,200084,,WC,Asa Carlsson,R,178,SWE,18.763,156,9,200094,8,,Barbara Rittner,R,173,GER,20.904,35,42,6-2 6-4,3,R32,,,,,,,,,,,,,,,,,,,
1994-706,Houston,Clay,28,T2,,19940321,3,200506,,,Wiltrud Probst,R,170,GER,24.811,71,21,200679,,,Caroline Kuhlman,,,USA,27.571,78,19,6-3 6-4,3,R32,,,,,,,,,,,,,,,,,,,
1994-706,Houston,Clay,28,T2,,19940321,4,200674,,Q,Bettina Fulco,R,,ARG,25.408,,,200584,,,Laura Golarsa,R,165,ITA,26.314,73,20,3-6 6-3 6-4,3,R32,,,,,,,,,,,,,,,,,,,
1994-706,Houston,Clay,28,T2,,19940321,5,200106,,Q,Angeles Montolio,R,157,ESP,18.623,,,200608,,LL,Audra Keller,,,USA,22.341,142,10,6-0 6-1,3,R32,,,,,,,,,,,,,,,,,,,
1994-706,Houston,Clay,28,T2,,19940321,6,200128,5,,Lindsay Davenport,R,189,USA,17.783,11,99,200723,,,Iva Majoli,R,175,CRO,16.605,39,40,6-2 6-1,3,R32,,,,,,,,,,,,,,,,,,,
1994-706,Houston,Clay,28,T2,,19940321,7,200570,,Q,Veronika Martinek,,160,GER,21.963,150,9,200080,,,Dominique Monami,R,170,BEL,20.805,61,25,6-2 6-3,3,R32,,,,,,,,,,,,,,,,,,,
1994-706,Houston,Clay,28,T2,,19940321,8,200725,,,Sandra Cecchini,R,170,ITA,29.060,53,30,200110,,WC,Fabiola Zuluaga,R,172,COL,15.201,,,3-6 6-4 6-3,3,R32,,,,,,,,,,,,,,,,,,,
1994-706,Houston,Clay,28,T2,,19940321,9,200651,7,,Sabine Hack,,170,GER,24.690,19,65,200595,,,Ann Grossman,,,USA,23.436,38,41,6-4 4-6 6-3,3,R32,,,,,,,,,,,,,,,,,,,
1994-706,Houston,Clay,28,T2,,19940321,10,200671,,,Meike Babel,R,173,GER,19.327,43,35,200404,6,,Zina Garrison,R,164,USA,30.344,15,81,6-2 6-4,3,R32,,,,,,,,,,,,,,,,,,,
1994-706,Houston,Clay,28,T2,,19940321,11,200708,,,Sandra Cacic,R,,USA,19.527,59,26,200118,,Q,Virginia Ruano Pascual,R,169,ESP,20.496,143,10,7-5 6-0,3,R32,,,,,,,,,,,,,,,,,,,
1994-706,Houston,Clay,28,T2,,19940321,12,200522,,,Nicole Jagerman,R,179,NED,26.662,75,20,200051,,,Irina Spirlea,R,175,ROU,19.987,67,23,6-3 6-3,3,R32,,,,,,,,,,,,,,,,,,,
1994-706,Houston,Clay,28,T2,,19940321,13,200049,1,,Conchita Martinez,R,170,ESP,21.928,3,201,200472,,,Helen Kelesi,R,,CAN,24.345,54,30,6-3 6-2,3,R16,,,,,,,,,,,,,,,,,,,
1994-706,Houston,Clay,28,T2,,19940321,14,200106,,Q,Angeles Montolio,R,157,ESP,18.623,,,200128,5,,Lindsay Davenport,R,189,USA,17.783,11,99,6-3 6-4,3,R16,,,,,,,,,,,,,,,,,,,
1994-706,Houston,Clay,28,T2,,19940321,15,200570,,Q,Veronika Martinek,,160,GER,21.963,150,9,200086,3,,Magdalena Maleeva,R,168,BUL,18.971,12,97,4-6 7-6 7-6,3,R16,,,,,,,,,,,,,,,,,,,
1994-706,Houston,Clay,28,T2,,19940321,16,200651,7,,Sabine Hack,,170,GER,24.690,19,65,200725,,,Sandra Cecchini,R,170,ITA,29.060,53,30,6-1 6-0,3,R16,,,,,,,,,,,,,,,,,,,
1994-706,Houston,Clay,28,T2,,19940321,17,200708,,,Sandra Cacic,R,,USA,19.527,59,26,200671,,,Meike Babel,R,173,GER,19.327,43,35,7-5 4-6 6-2,3,R16,,,,,,,,,,,,,,,,,,,
1994-706,Houston,Clay,28,T2,,19940321,18,200096,4,,Mary Pierce,R,178,FRA,19.179,14,87,200522,,,Nicole Jagerman,R,179,NED,26.662,75,20,6-1 6-4,3,R16,,,,,,,,,,,,,,,,,,,
1994-706,Houston,Clay,28,T2,,19940321,19,200084,,WC,Asa Carlsson,R,178,SWE,18.763,156,9,200506,,,Wiltrud Probst,R,170,GER,24.811,71,21,6-4 6-3,3,R16,,,,,,,,,,,,,,,,,,,
1994-706,Houston,Clay,28,T2,,19940321,20,200674,,Q,Bettina Fulco,R,,ARG,25.408,,,200293,2,,Martina Navratilova,L,173,USA,37.422,4,193,1-6 6-4 6-3,3,R16,,,,,,,,,,,,,,,,,,,
1994-706,Houston,Clay,28,T2,,19940321,21,200049,1,,Conchita Martinez,R,170,ESP,21.928,3,201,200106,,Q,Angeles Montolio,R,157,ESP,18.623,,,6-3 6-1,3,QF,,,,,,,,,,,,,,,,,,,
1994-706,Houston,Clay,28,T2,,19940321,22,200651,7,,Sabine Hack,,170,GER,24.690,19,65,200570,,Q,Veronika Martinek,,160,GER,21.963,150,9,6-2 6-1,3,QF,,,,,,,,,,,,,,,,,,,
1994-706,Houston,Clay,28,T2,,19940321,23,200096,4,,Mary Pierce,R,178,FRA,19.179,14,87,200708,,,Sandra Cacic,R,,USA,19.527,59,26,6-0 6-1,3,QF,,,,,,,,,,,,,,,,,,,
1994-706,Houston,Clay,28,T2,,19940321,24,200084,,WC,Asa Carlsson,R,178,SWE,18.763,156,9,200674,,Q,Bettina Fulco,R,,ARG,25.408,,,6-2 6-4,3,QF,,,,,,,,,,,,,,,,,,,
1994-706,Houston,Clay,28,T2,,19940321,25,200651,7,,Sabine Hack,,170,GER,24.690,19,65,200049,1,,Conchita Martinez,R,170,ESP,21.928,3,201,2-6 6-4 6-4,3,SF,,,,,,,,,,,,,,,,,,,
1994-706,Houston,Clay,28,T2,,19940321,26,200096,4,,Mary Pierce,R,178,FRA,19.179,14,87,200084,,WC,Asa Carlsson,R,178,SWE,18.763,156,9,6-2 6-2,3,SF,,,,,,,,,,,,,,,,,,,
1994-706,Houston,Clay,28,T2,,19940321,27,200651,7,,Sabine Hack,,170,GER,24.690,19,65,200096,4,,Mary Pierce,R,178,FRA,19.179,14,87,7-5 6-4,3,F,,,,,,,,,,,,,,,,,,,
1994-804,Hilton Head,Clay,56,T1,,19940328,1,200082,,,Kristie Boogert,R,178,NED,20.280,61,24,200472,,,Helen Kelesi,R,,CAN,24.365,54,30,6-3 6-4,3,R64,,,,,,,,,,,,,,,,,,,
1994-804,Hilton Head,Clay,56,T1,,19940328,2,200094,16,,Barbara Rittner,R,173,GER,20.923,37,40,200076,,,Laurence Courtois,R,172,BEL,18.191,85,17,6-3 6-2,3,R64,,,,,,,,,,,,,,,,,,,
1994-804,Hilton Head,Clay,56,T1,,19940328,3,200450,,,Larisa Savchenko,,169,URS,27.686,55,29,200559,,,Kristine Kunce,R,177,AUS,24.069,69,21,6-3 7-5,3,R64,,,,,,,,,,,,,,,,,,,
1994-804,Hilton Head,Clay,56,T1,,19940328,4,200020,,,Lisa Raymond,R,165,USA,20.630,56,28,200647,,Q,Noelle Van Lottum,,170,FRA,21.709,117,12,6-1 6-4,3,R64,,,,,,,,,,,,,,,,,,,
1994-804,Hilton Head,Clay,56,T1,,19940328,5,200602,,,Shaun Stafford,R,180,USA,25.287,70,21,200497,,,Patricia Hy Boulais,R,163,CAN,28.597,46,34,6-1 6-4,3,R64,,,,,,,,,,,,,,,,,,,
1994-804,Hilton Head,Clay,56,T1,,19940328,6,200700,,,Silvia Farina Elia,R,172,ITA,21.917,83,17,200675,,,Eugenia Maniokova,R,178,RUS,25.862,88,17,6-1 6-1,3,R64,,,,,,,,,,,,,,,,,,,
1994-804,Hilton Head,Clay,56,T1,,19940328,7,200626,,,Emanuela Zardo,L,,SUI,23.927,59,25,200428,11,,Lori Mcneil,,170,USA,30.276,22,57,7-6 1-6 6-4,3,R64,,,,,,,,,,,,,,,,,,,
1994-804,Hilton Head,Clay,56,T1,,19940328,8,200601,14,,Leila Meskhi,R,164,GEO,26.226,31,45,200051,,,Irina Spirlea,R,175,ROU,20.006,66,23,6-2 6-2,3,R64,,,,,,,,,,,,,,,,,,,
1994-804,Hilton Head,Clay,56,T1,,19940328,9,200506,,,Wiltrud Probst,R,170,GER,24.830,68,21,200557,,WC,Katrina Adams,R,165,USA,25.643,148,10,6-2 7-6,3,R64,,,,,,,,,,,,,,,,,,,
1994-804,Hilton Head,Clay,56,T1,,19940328,10,200723,,,Iva Majoli,R,175,CRO,16.625,40,38,200019,,,Alexandra Fusai,R,176,FRA,20.345,86,17,6-3 6-3,3,R64,,,,,,,,,,,,,,,,,,,
1994-804,Hilton Head,Clay,56,T1,,19940328,11,200485,,WC,Manon Bollegraf,R,173,NED,29.964,144,10,200491,,,Christina Singer,,176,GER,25.668,81,18,3-6 7-6 6-4,3,R64,,,,,,,,,,,,,,,,,,,
1994-804,Hilton Head,Clay,56,T1,,19940328,12,200397,,,Tracy Austin,R,165,USA,31.292,101,14,200704,,LL,Maria Jose Gaidano,,171,ARG,20.841,98,15,6-1 6-7 6-3,3,R64,,,,,,,,,,,,,,,,,,,
1994-804,Hilton Head,Clay,56,T1,,19940328,13,200005,,Q,Jolene Watanabe,R,,USA,25.572,112,13,200641,,,Patricia Tarabini,R,165,ARG,25.640,72,20,6-1 6-2,3,R64,,,,,,,,,,,,,,,,,,,
1994-804,Hilton Head,Clay,56,T1,,19940328,14,200649,15,,Ginger Helgeson,R,,USA,25.534,34,43,201021,,Q,Laura Garrone,R,166,ITA,26.366,178,7,6-1 6-4,3,R64,,,,,,,,,,,,,,,,,,,
1994-804,Hilton Head,Clay,56,T1,,19940328,15,200651,10,,Sabine Hack,,170,GER,24.710,19,71,200693,,,Elena Makarova,R,,RUS,21.150,95,15,6-1 7-5,3,R64,,,,,,,,,,,,,,,,,,,
1994-804,Hilton Head,Clay,56,T1,,19940328,16,200657,,,Radka Bobkova,R,172,CZE,21.120,57,27,200059,,,Ruxandra Dragomir Ilie,R,168,ROU,21.424,91,16,6-2 5-7 7-6,3,R64,,,,,,,,,,,,,,,,,,,
1994-804,Hilton Head,Clay,56,T1,,19940328,17,200682,,Q,Joannette Kruger,R,179,RSA,20.564,122,12,200595,,,Ann Grossman,,,USA,23.456,38,39,6-2 6-2,3,R64,,,,,,,,,,,,,,,,,,,
1994-804,Hilton Head,Clay,56,T1,,19940328,18,200064,9,,Amanda Coetzer,R,158,RSA,22.432,16,80,200579,,Q,Karin Kschwendt,R,175,AUT,25.534,127,12,6-4 6-2,3,R64,,,,,,,,,,,,,,,,,,,
1994-804,Hilton Head,Clay,56,T1,,19940328,19,200554,12,,Brenda Schultz Mccarthy,R,188,NED,23.248,24,53,200530,,Q,Radomira Zrubakova,R,169,SVK,23.253,155,9,6-2 6-2,3,R64,,,,,,,,,,,,,,,,,,,
1994-804,Hilton Head,Clay,56,T1,,19940328,20,200671,,,Meike Babel,R,173,GER,19.346,43,36,200417,,,Gigi Fernandez,,170,USA,30.095,64,24,6-0 6-0,3,R64,,,,,,,,,,,,,,,,,,,
1994-804,Hilton Head,Clay,56,T1,,19940328,21,201066,,Q,Neus Avila Bonastre,,,ESP,22.673,154,9,200697,,,Janette Husarova,R,169,SVK,19.814,87,17,6-1 6-2,3,R64,,,,,,,,,,,,,,,,,,,
1994-804,Hilton Head,Clay,56,T1,,19940328,22,200667,,,Ines Gorrochategui,R,169,ARG,20.789,52,32,200640,,WC,Mercedes Paz,R,180,ARG,27.751,,,6-1 6-3 7-5,3,R64,,,,,,,,,,,,,,,,,,,
1994-804,Hilton Head,Clay,56,T1,,19940328,23,200725,,,Sandra Cecchini,R,170,ITA,29.079,58,26,200627,,Q,Petra Schwarz,R,168,AUT,21.843,114,13,6-4 7-5,3,R64,,,,,,,,,,,,,,,,,,,
1994-804,Hilton Head,Clay,56,T1,,19940328,24,200679,,,Caroline Kuhlman,,,USA,27.590,78,19,200039,13,,Chanda Rubin,R,168,USA,18.106,27,51,6-1 6-4,3,R64,,,,,,,,,,,,,,,,,,,
1994-804,Hilton Head,Clay,56,T1,,19940328,25,200017,1,,Arantxa Sanchez Vicario,R,168,ESP,22.276,2,245,200082,,,Kristie Boogert,R,178,NED,20.280,61,24,6-1 6-1,3,R32,,,,,,,,,,,,,,,,,,,
1994-804,Hilton Head,Clay,56,T1,,19940328,26,200064,9,,Amanda Coetzer,R,158,RSA,22.432,16,80,200397,,,Tracy Austin,R,165,USA,31.292,101,14,6-4 7-5,3,R32,,,,,,,,,,,,,,,,,,,
1994-804,Hilton Head,Clay,56,T1,,19940328,27,200554,12,,Brenda Schultz Mccarthy,R,188,NED,23.248,24,53,200671,,,Meike Babel,R,173,GER,19.346,43,36,6-3 6-4,3,R32,,,,,,,,,,,,,,,,,,,
1994-804,Hilton Head,Clay,56,T1,,19940328,28,200096,7,,Mary Pierce,R,178,FRA,19.198,13,92,201066,,Q,Neus Avila Bonastre,,,ESP,22.673,154,9,6-2 6-1,3,R32,,,,,,,,,,,,,,,,,,,
1994-804,Hilton Head,Clay,56,T1,,19940328,29,200667,,,Ines Gorrochategui,R,169,ARG,20.789,52,32,200293,3,,Martina Navratilova,L,173,USA,37.441,4,180,4-6 7-5 7-5,3,R32,,,,,,,,,,,,,,,,,,,
1994-804,Hilton Head,Clay,56,T1,,19940328,30,200725,,,Sandra Cecchini,R,170,ITA,29.079,58,26,200679,,,Caroline Kuhlman,,,USA,27.590,78,19,2-6 6-0 6-0,3,R32,,,,,,,,,,,,,,,,,,,
1994-804,Hilton Head,Clay,56,T1,,19940328,31,200094,16,,Barbara Rittner,R,173,GER,20.923,37,40,200450,,,Larisa Savchenko,,169,URS,27.686,55,29,6-3 6-7 6-1,3,R32,,,,,,,,,,,,,,,,,,,
1994-804,Hilton Head,Clay,56,T1,,19940328,32,200116,6,,Natalia Zvereva,R,174,BLR,22.949,12,95,200020,,,Lisa Raymond,R,165,USA,20.630,56,28,6-3 3-6 6-4,3,R32,,,,,,,,,,,,,,,,,,,
1994-804,Hilton Head,Clay,56,T1,,19940328,33,200128,5,,Lindsay Davenport,R,189,USA,17.802,11,95,200602,,,Shaun Stafford,R,180,USA,25.287,70,21,6-0 6-2,3,R32,,,,,,,,,,,,,,,,,,,
1994-804,Hilton Head,Clay,56,T1,,19940328,34,200626,,,Emanuela Zardo,L,,SUI,23.927,59,25,200700,,,Silvia Farina Elia,R,172,ITA,21.917,83,17,6-2 6-4,3,R32,,,,,,,,,,,,,,,,,,,
1994-804,Hilton Head,Clay,56,T1,,19940328,35,200601,14,,Leila Meskhi,R,164,GEO,26.226,31,45,200506,,,Wiltrud Probst,R,170,GER,24.830,68,21,6-1 6-2,3,R32,,,,,,,,,,,,,,,,,,,
1994-804,Hilton Head,Clay,56,T1,,19940328,36,200723,,,Iva Majoli,R,175,CRO,16.625,40,38,200572,4,,Gabriela Sabatini,R,175,ARG,23.866,6,145,6-2 2-6 6-2,3,R32,,,,,,,,,,,,,,,,,,,
1994-804,Hilton Head,Clay,56,T1,,19940328,37,200485,,WC,Manon Bollegraf,R,173,NED,29.964,144,10,200404,8,,Zina Garrison,R,164,USA,30.363,17,77,4-6 6-1 6-3,3,R32,,,,,,,,,,,,,,,,,,,
1994-804,Hilton Head,Clay,56,T1,,19940328,38,200649,15,,Ginger Helgeson,R,,USA,25.534,34,43,200005,,Q,Jolene Watanabe,R,,USA,25.572,112,13,7-5 2-6 6-1,3,R32,,,,,,,,,,,,,,,,,,,
1994-804,Hilton Head,Clay,56,T1,,19940328,39,200651,10,,Sabine Hack,,170,GER,24.710,19,71,200657,,,Radka Bobkova,R,172,CZE,21.120,57,27,7-6 6-3,3,R32,,,,,,,,,,,,,,,,,,,
1994-804,Hilton Head,Clay,56,T1,,19940328,40,200049,15,,Conchita Martinez,R,170,ESP,21.947,3,190,200682,,Q,Joannette Kruger,R,179,RSA,20.564,122,12,6-3 4-6 7-5,3,R32,,,,,,,,,,,,,,,,,,,
1994-804,Hilton Head,Clay,56,T1,,19940328,41,200017,1,,Arantxa Sanchez Vicario,R,168,ESP,22.276,2,245,200064,9,,Amanda Coetzer,R,158,RSA,22.432,16,80,7-6 6-2,3,R16,,,,,,,,,,,,,,,,,,,
1994-804,Hilton Head,Clay,56,T1,,19940328,42,200096,7,,Mary Pierce,R,178,FRA,19.198,13,92,200554,12,,Brenda Schultz Mccarthy,R,188,NED,23.248,24,53,6-2 6-1,3,R16,,,,,,,,,,,,,,,,,,,
1994-804,Hilton Head,Clay,56,T1,,19940328,43,200725,,,Sandra Cecchini,R,170,ITA,29.079,58,26,200667,,,Ines Gorrochategui,R,169,ARG,20.789,52,32,7-5 7-6,3,R16,,,,,,,,,,,,,,,,,,,
1994-804,Hilton Head,Clay,56,T1,,19940328,44,200116,6,,Natalia Zvereva,R,174,BLR,22.949,12,95,200094,16,,Barbara Rittner,R,173,GER,20.923,37,40,6-4 6-4,3,R16,,,,,,,,,,,,,,,,,,,
1994-804,Hilton Head,Clay,56,T1,,19940328,45,200128,5,,Lindsay Davenport,R,189,USA,17.802,11,95,200626,,,Emanuela Zardo,L,,SUI,23.927,59,25,7-6 4-6 6-2,3,R16,,,,,,,,,,,,,,,,,,,
1994-804,Hilton Head,Clay,56,T1,,19940328,46,200723,,,Iva Majoli,R,175,CRO,16.625,40,38,200601,14,,Leila Meskhi,R,164,GEO,26.226,31,45,6-4 1-6 6-4,3,R16,,,,,,,,,,,,,,,,,,,
1994-804,Hilton Head,Clay,56,T1,,19940328,47,200649,15,,Ginger Helgeson,R,,USA,25.534,34,43,200485,,WC,Manon Bollegraf,R,173,NED,29.964,144,10,6-2 4-6 7-6,3,R16,,,,,,,,,,,,,,,,,,,
1994-804,Hilton Head,Clay,56,T1,,19940328,48,200049,15,,Conchita Martinez,R,170,ESP,21.947,3,190,200651,10,,Sabine Hack,,170,GER,24.710,19,71,7-6 6-2,3,R16,,,,,,,,,,,,,,,,,,,
1994-804,Hilton Head,Clay,56,T1,,19940328,49,200096,7,,Mary Pierce,R,178,FRA,19.198,13,92,200017,1,,Arantxa Sanchez Vicario,R,168,ESP,22.276,2,245,6-4 2-6 6-1,3,QF,,,,,,,,,,,,,,,,,,,
1994-804,Hilton Head,Clay,56,T1,,19940328,50,200116,6,,Natalia Zvereva,R,174,BLR,22.949,12,95,200725,,,Sandra Cecchini,R,170,ITA,29.079,58,26,5-7 6-3 6-0,3,QF,,,,,,,,,,,,,,,,,,,
1994-804,Hilton Head,Clay,56,T1,,19940328,51,200723,,,Iva Majoli,R,175,CRO,16.625,40,38,200128,5,,Lindsay Davenport,R,189,USA,17.802,11,95,7-5 1-6 6-2,3,QF,,,,,,,,,,,,,,,,,,,
1994-804,Hilton Head,Clay,56,T1,,19940328,52,200049,15,,Conchita Martinez,R,170,ESP,21.947,3,190,200649,15,,Ginger Helgeson,R,,USA,25.534,34,43,6-1 6-2,3,QF,,,,,,,,,,,,,,,,,,,
1994-804,Hilton Head,Clay,56,T1,,19940328,53,200116,6,,Natalia Zvereva,R,174,BLR,22.949,12,95,200096,7,,Mary Pierce,R,178,FRA,19.198,13,92,0-6 6-3 6-2,3,SF,,,,,,,,,,,,,,,,,,,
1994-804,Hilton Head,Clay,56,T1,,19940328,54,200049,15,,Conchita Martinez,R,170,ESP,21.947,3,190,200723,,,Iva Majoli,R,175,CRO,16.625,40,38,6-3 6-7 6-4,3,SF,,,,,,,,,,,,,,,,,,,
1994-804,Hilton Head,Clay,56,T1,,19940328,55,200049,15,,Conchita Martinez,R,170,ESP,21.947,3,190,200116,6,,Natalia Zvereva,R,174,BLR,22.949,12,95,6-4 6-0,3,F,,,,,,,,,,,,,,,,,,,
1994-1062,Tokyo Japan Open,Hard,32,T3,,19940404,1,200617,1,,Kimiko Date Krumm,R,163,JPN,23.516,9,123,201812,,Q,Hiroko Mochizuki,R,,JPN,18.700,348,2,5-7 6-1 6-3,3,R32,,,,,,,,,,,,,,,,,,,
1994-1062,Tokyo Japan Open,Hard,32,T3,,19940404,2,200624,,,Tami Whitlinger Jones,,,USA,25.389,102,14,200665,,,Yone Kamio,R,164,JPN,22.366,122,12,6-4 6-0,3,R32,,,,,,,,,,,,,,,,,,,
1994-1062,Tokyo Japan Open,Hard,32,T3,,19940404,3,200690,,,Kyoko Nagatsuka,,166,JPN,20.113,92,16,200016,,,Sandrine Testud,R,176,FRA,22.002,74,20,6-4 6-2,3,R32,,,,,,,,,,,,,,,,,,,
1994-1062,Tokyo Japan Open,Hard,32,T3,,19940404,4,200041,4,,Amy Frazier,R,175,USA,21.539,26,51,200574,,,Eva Sviglerova,,,CZE,22.727,129,11,6-4 3-6 7-5,3,R32,,,,,,,,,,,,,,,,,,,
1994-1062,Tokyo Japan Open,Hard,32,T3,,19940404,5,200684,8,,Shi Ting Wang,R,171,TPE,20.458,37,41,200604,,,Barbara Paulus,R,177,AUT,23.590,,,7-6 7-5,3,R32,,,,,,,,,,,,,,,,,,,
1994-1062,Tokyo Japan Open,Hard,32,T3,,19940404,6,200501,,,Marianne Werdel Witmeyer,,,USA,26.465,53,32,200498,,,Michelle Jaggard Lai,R,146,AUS,24.912,107,13,4-6 6-1 6-2,3,R32,,,,,,,,,,,,,,,,,,,
1994-1062,Tokyo Japan Open,Hard,32,T3,,19940404,7,200606,,WC,Nana Smith,R,163,JPN,22.985,343,2,200658,,,Fang Li,R,166,CHN,21.254,95,15,7-5 4-6 6-3,3,R32,,,,,,,,,,,,,,,,,,,
1994-1062,Tokyo Japan Open,Hard,32,T3,,19940404,8,200037,2,,Sabine Appelmans,L,168,BEL,21.950,21,60,200681,,,Natalia Baudone,,,ITA,21.728,138,11,6-2 6-4,3,R32,,,,,,,,,,,,,,,,,,,
1994-1062,Tokyo Japan Open,Hard,32,T3,,19940404,9,200702,,WC,Naoko Kijimuta,R,164,JPN,22.024,177,7,200085,,,Ai Sugiyama,R,163,JPN,18.749,116,13,3-6 6-3 7-6,3,R32,,,,,,,,,,,,,,,,,,,
1994-1062,Tokyo Japan Open,Hard,32,T3,,19940404,10,200032,,,Barbara Schett,R,176,AUT,18.067,99,15,201847,,Q,Mareze Joubert,,,RSA,20.627,340,2,6-2 6-0,3,R32,,,,,,,,,,,,,,,,,,,
1994-1062,Tokyo Japan Open,Hard,32,T3,,19940404,11,200095,,,Linda Wild,R,,USA,23.144,45,36,200676,7,,Mana Endo,R,160,JPN,23.157,36,42,6-4 3-6 6-0,3,R32,,,,,,,,,,,,,,,,,,,
1994-1062,Tokyo Japan Open,Hard,32,T3,,19940404,12,200644,3,,Naoko Sawamatsu,R,167,JPN,21.033,25,52,200713,,Q,Yuka Yoshida,R,161,JPN,18.007,,,6-4 6-1,3,R32,,,,,,,,,,,,,,,,,,,
1994-1062,Tokyo Japan Open,Hard,32,T3,,19940404,13,200105,,,Rachel Mcquillan,,170,AUS,22.339,75,20,200559,,,Kristine Kunce,R,177,AUS,24.088,76,20,6-3 5-7 6-2,3,R32,,,,,,,,,,,,,,,,,,,
1994-1062,Tokyo Japan Open,Hard,32,T3,,19940404,14,200026,,,Florencia Labat,L,170,ARG,22.812,38,40,201059,,,Misumi Miyauchi,,,JPN,22.577,128,11,2-6 6-1 6-4,3,R32,,,,,,,,,,,,,,,,,,,
1994-1062,Tokyo Japan Open,Hard,32,T3,,19940404,15,202040,,,Linda Niemantsverdriet,,,NED,19.316,184,7,200653,6,,Yayuk Basuki,R,164,INA,23.343,35,43,7-6 6-3,3,R32,,,,,,,,,,,,,,,,,,,
1994-1062,Tokyo Japan Open,Hard,32,T3,,19940404,16,200548,5,,Patty Fendick,R,165,USA,29.011,30,47,201946,,Q,Jean Ceniza,,,USA,23.902,447,1,4-6 7-5 6-3,3,R32,,,,,,,,,,,,,,,,,,,
1994-1062,Tokyo Japan Open,Hard,32,T3,,19940404,17,200617,1,,Kimiko Date Krumm,R,163,JPN,23.516,9,123,200702,,WC,Naoko Kijimuta,R,164,JPN,22.024,177,7,7-5 3-6 6-2,3,R16,,,,,,,,,,,,,,,,,,,
1994-1062,Tokyo Japan Open,Hard,32,T3,,19940404,18,200032,,,Barbara Schett,R,176,AUT,18.067,99,15,200095,,,Linda Wild,R,,USA,23.144,45,36,6-4 6-4,3,R16,,,,,,,,,,,,,,,,,,,
1994-1062,Tokyo Japan Open,Hard,32,T3,,19940404,19,200644,3,,Naoko Sawamatsu,R,167,JPN,21.033,25,52,200105,,,Rachel Mcquillan,,170,AUS,22.339,75,20,6-3 6-0,3,R16,,,,,,,,,,,,,,,,,,,
1994-1062,Tokyo Japan Open,Hard,32,T3,,19940404,20,200026,,,Florencia Labat,L,170,ARG,22.812,38,40,202040,,,Linda Niemantsverdriet,,,NED,19.316,184,7,4-6 6-4 6-3,3,R16,,,,,,,,,,,,,,,,,,,
1994-1062,Tokyo Japan Open,Hard,32,T3,,19940404,21,200548,5,,Patty Fendick,R,165,USA,29.011,30,47,200624,,,Tami Whitlinger Jones,,,USA,25.389,102,14,6-2 6-3,3,R16,,,,,,,,,,,,,,,,,,,
1994-1062,Tokyo Japan Open,Hard,32,T3,,19940404,22,200041,4,,Amy Frazier,R,175,USA,21.539,26,51,200690,,,Kyoko Nagatsuka,,166,JPN,20.113,92,16,6-2 6-3,3,R16,,,,,,,,,,,,,,,,,,,
1994-1062,Tokyo Japan Open,Hard,32,T3,,19940404,23,200501,,,Marianne Werdel Witmeyer,,,USA,26.465,53,32,200684,8,,Shi Ting Wang,R,171,TPE,20.458,37,41,6-3 6-2,3,R16,,,,,,,,,,,,,,,,,,,
1994-1062,Tokyo Japan Open,Hard,32,T3,,19940404,24,200037,2,,Sabine Appelmans,L,168,BEL,21.950,21,60,200606,,WC,Nana Smith,R,163,JPN,22.985,343,2,6-4 6-3,3,R16,,,,,,,,,,,,,,,,,,,
1994-1062,Tokyo Japan Open,Hard,32,T3,,19940404,25,200617,1,,Kimiko Date Krumm,R,163,JPN,23.516,9,123,200032,,,Barbara Schett,R,176,AUT,18.067,99,15,6-0 6-1,3,QF,,,,,,,,,,,,,,,,,,,
1994-1062,Tokyo Japan Open,Hard,32,T3,,19940404,26,200644,3,,Naoko Sawamatsu,R,167,JPN,21.033,25,52,200026,,,Florencia Labat,L,170,ARG,22.812,38,40,5-7 6-2 6-3,3,QF,,,,,,,,,,,,,,,,,,,
1994-1062,Tokyo Japan Open,Hard,32,T3,,19940404,27,200041,4,,Amy Frazier,R,175,USA,21.539,26,51,200548,5,,Patty Fendick,R,165,USA,29.011,30,47,6-2 6-7 7-6,3,QF,,,,,,,,,,,,,,,,,,,
1994-1062,Tokyo Japan Open,Hard,32,T3,,19940404,28,200037,2,,Sabine Appelmans,L,168,BEL,21.950,21,60,200501,,,Marianne Werdel Witmeyer,,,USA,26.465,53,32,6-2 6-0,3,QF,,,,,,,,,,,,,,,,,,,
1994-1062,Tokyo Japan Open,Hard,32,T3,,19940404,29,200617,1,,Kimiko Date Krumm,R,163,JPN,23.516,9,123,200644,3,,Naoko Sawamatsu,R,167,JPN,21.033,25,52,6-4 6-2,3,SF,,,,,,,,,,,,,,,,,,,
1994-1062,Tokyo Japan Open,Hard,32,T3,,19940404,30,200041,4,,Amy Frazier,R,175,USA,21.539,26,51,200037,2,,Sabine Appelmans,L,168,BEL,21.950,21,60,7-5 6-2,3,SF,,,,,,,,,,,,,,,,,,,
1994-1062,Tokyo Japan Open,Hard,32,T3,,19940404,31,200617,1,,Kimiko Date Krumm,R,163,JPN,23.516,9,123,200041,4,,Amy Frazier,R,175,USA,21.539,26,51,7-5 6-0,3,F,,,,,,,,,,,,,,,,,,,
1994-803,Amelia Island,Clay,56,T2,,19940404,1,200059,,,Ruxandra Dragomir Ilie,R,168,ROU,21.443,96,15,200700,,,Silvia Farina Elia,R,172,ITA,21.936,79,18,6-4 6-2,3,R64,,,,,,,,,,,,,,,,,,,
1994-803,Amelia Island,Clay,56,T2,,19940404,2,200039,12,,Chanda Rubin,R,168,USA,18.125,31,47,200725,,,Sandra Cecchini,R,170,ITA,29.098,57,28,7-6 1-6 6-3,3,R64,,,,,,,,,,,,,,,,,,,
1994-803,Amelia Island,Clay,56,T2,,19940404,3,200626,,,Emanuela Zardo,L,,SUI,23.946,59,27,200608,,Q,Audra Keller,,,USA,22.380,133,11,6-0 6-4,3,R64,,,,,,,,,,,,,,,,,,,
1994-803,Amelia Island,Clay,56,T2,,19940404,4,200569,,Q,Petra Langrova,,,TCH,23.771,144,10,200680,,,Nadin Ercegovic,R,177,CRO,21.167,165,8,6-3 1-6 6-3,3,R64,,,,,,,,,,,,,,,,,,,
1994-803,Amelia Island,Clay,56,T2,,19940404,5,200051,,,Irina Spirlea,R,175,ROU,20.025,70,21,200686,,,Sandra Dopfer,,174,AUT,23.861,103,14,7-5 6-0,3,R64,,,,,,,,,,,,,,,,,,,
1994-803,Amelia Island,Clay,56,T2,,19940404,6,200084,,Q,Asa Carlsson,R,178,SWE,18.801,98,15,201047,,LL,Andrea Vieira,,,BRA,23.160,158,8,6-2 6-1,3,R64,,,,,,,,,,,,,,,,,,,
1994-803,Amelia Island,Clay,56,T2,,19940404,7,200682,,Q,Joannette Kruger,R,179,RSA,20.584,108,13,200554,11,,Brenda Schultz Mccarthy,R,188,NED,23.267,23,56,6-1 6-2,3,R64,,,,,,,,,,,,,,,,,,,
1994-803,Amelia Island,Clay,56,T2,,19940404,8,200064,9,,Amanda Coetzer,R,158,RSA,22.451,15,78,200019,,,Alexandra Fusai,R,176,FRA,20.365,89,16,6-4 6-2,3,R64,,,,,,,,,,,,,,,,,,,
1994-803,Amelia Island,Clay,56,T2,,19940404,9,200450,,,Larisa Savchenko,,169,URS,27.705,54,30,200698,,,Petra Begerow,R,178,GER,18.974,119,12,7-6 7-5,3,R64,,,,,,,,,,,,,,,,,,,
1994-803,Amelia Island,Clay,56,T2,,19940404,10,200697,,,Janette Husarova,R,169,SVK,19.833,93,16,200674,,WC,Bettina Fulco,R,,ARG,25.446,131,11,6-2 6-4,3,R64,,,,,,,,,,,,,,,,,,,
1994-803,Amelia Island,Clay,56,T2,,19940404,11,200657,,,Radka Bobkova,R,172,CZE,21.139,56,28,200005,,Q,Jolene Watanabe,R,,USA,25.591,115,13,6-0 6-2,3,R64,,,,,,,,,,,,,,,,,,,
1994-803,Amelia Island,Clay,56,T2,,19940404,12,200076,,,Laurence Courtois,R,172,BEL,18.210,88,16,200704,,,Maria Jose Gaidano,,171,ARG,20.860,100,14,6-2 6-3,3,R64,,,,,,,,,,,,,,,,,,,
1994-803,Amelia Island,Clay,56,T2,,19940404,13,200712,,,Katerina Kroupova,,,CZE,20.118,105,14,200491,,,Christina Singer,,176,GER,25.687,84,17,6-4 6-2,3,R64,,,,,,,,,,,,,,,,,,,
1994-803,Amelia Island,Clay,56,T2,,19940404,14,200671,16,,Meike Babel,R,173,GER,19.365,44,36,200640,,WC,Mercedes Paz,R,180,ARG,27.771,,,6-4 6-3,3,R64,,,,,,,,,,,,,,,,,,,
1994-803,Amelia Island,Clay,56,T2,,19940404,15,200601,13,,Leila Meskhi,R,164,GEO,26.246,32,45,201717,,Q,Michelle Jackson Nobrega,,,USA,20.266,193,6,6-1 6-0,3,R64,,,,,,,,,,,,,,,,,,,
1994-803,Amelia Island,Clay,56,T2,,19940404,16,200107,,Q,Paola Suarez,R,170,ARG,17.780,187,6,200020,,,Lisa Raymond,R,165,USA,20.649,58,27,6-4 6-2,3,R64,,,,,,,,,,,,,,,,,,,
1994-803,Amelia Island,Clay,56,T2,,19940404,17,200627,,LL,Petra Schwarz,R,168,AUT,21.862,117,13,200679,,,Caroline Kuhlman,,,USA,27.609,68,21,6-1 6-0,3,R64,,,,,,,,,,,,,,,,,,,
1994-803,Amelia Island,Clay,56,T2,,19940404,18,200649,14,,Ginger Helgeson,R,,USA,25.553,33,45,200442,,WC,Andrea Temesvari,R,182,HUN,27.940,,,7-5 6-1,3,R64,,,,,,,,,,,,,,,,,,,
1994-803,Amelia Island,Clay,56,T2,,19940404,19,200651,10,,Sabine Hack,,170,GER,24.729,19,66,200082,,,Kristie Boogert,R,178,NED,20.299,61,24,7-5 6-2,3,R64,,,,,,,,,,,,,,,,,,,
1994-803,Amelia Island,Clay,56,T2,,19940404,20,200667,,,Ines Gorrochategui,R,169,ARG,20.808,46,34,200586,,,Federica Bonsignori,,,ITA,26.372,134,11,6-0 6-3,3,R64,,,,,,,,,,,,,,,,,,,
1994-803,Amelia Island,Clay,56,T2,,19940404,21,200675,,,Eugenia Maniokova,R,178,RUS,25.881,85,17,200641,,,Patricia Tarabini,R,165,ARG,25.660,78,19,6-3 6-1,3,R64,,,,,,,,,,,,,,,,,,,
1994-803,Amelia Island,Clay,56,T2,,19940404,22,200570,,LL,Veronika Martinek,,160,GER,22.002,108,13,200013,,,Angelica Gavaldon,R,,MEX,20.501,94,15,6-1 6-1,3,R64,,,,,,,,,,,,,,,,,,,
1994-803,Amelia Island,Clay,56,T2,,19940404,23,200668,,,Silke Frankl,,,GER,23.850,125,12,200579,,Q,Karin Kschwendt,R,175,AUT,25.553,127,12,6-3 5-7 6-3,3,R64,,,,,,,,,,,,,,,,,,,
1994-803,Amelia Island,Clay,56,T2,,19940404,24,200419,,,Kathy Rinaldi Stunkel,,,USA,27.031,97,15,200094,15,,Barbara Rittner,R,173,GER,20.942,39,40,2-6 6-0 6-3,3,R64,,,,,,,,,,,,,,,,,,,
1994-803,Amelia Island,Clay,56,T2,,19940404,25,200017,1,,Arantxa Sanchez Vicario,R,168,ESP,22.295,2,235,200059,,,Ruxandra Dragomir Ilie,R,168,ROU,21.443,96,15,6-1 6-2,3,R32,,,,,,,,,,,,,,,,,,,
1994-803,Amelia Island,Clay,56,T2,,19940404,26,200076,,,Laurence Courtois,R,172,BEL,18.210,88,16,200649,14,,Ginger Helgeson,R,,USA,25.553,33,45,6-2 2-6 6-2,3,R32,,,,,,,,,,,,,,,,,,,
1994-803,Amelia Island,Clay,56,T2,,19940404,27,200651,10,,Sabine Hack,,170,GER,24.729,19,66,200667,,,Ines Gorrochategui,R,169,ARG,20.808,46,34,4-6 6-1 6-1,3,R32,,,,,,,,,,,,,,,,,,,
1994-803,Amelia Island,Clay,56,T2,,19940404,28,200086,8,,Magdalena Maleeva,R,168,BUL,19.009,14,91,200675,,,Eugenia Maniokova,R,178,RUS,25.881,85,17,6-7 6-3 6-3,3,R32,,,,,,,,,,,,,,,,,,,
1994-803,Amelia Island,Clay,56,T2,,19940404,29,200293,3,,Martina Navratilova,L,173,USA,37.460,4,168,200570,,LL,Veronika Martinek,,160,GER,22.002,108,13,6-1 6-1,3,R32,,,,,,,,,,,,,,,,,,,
1994-803,Amelia Island,Clay,56,T2,,19940404,30,200668,,,Silke Frankl,,,GER,23.850,125,12,200419,,,Kathy Rinaldi Stunkel,,,USA,27.031,97,15,6-2 6-4,3,R32,,,,,,,,,,,,,,,,,,,
1994-803,Amelia Island,Clay,56,T2,,19940404,31,200039,12,,Chanda Rubin,R,168,USA,18.125,31,47,200626,,,Emanuela Zardo,L,,SUI,23.946,59,27,3-6 7-5 6-2,3,R32,,,,,,,,,,,,,,,,,,,
1994-803,Amelia Island,Clay,56,T2,,19940404,32,200569,,Q,Petra Langrova,,,TCH,23.771,144,10,200597,5,,Mary Joe Fernandez,R,175,USA,22.626,7,133,3-6 6-4 6-2,3,R32,,,,,,,,,,,,,,,,,,,
1994-803,Amelia Island,Clay,56,T2,,19940404,33,200096,7,,Mary Pierce,R,178,FRA,19.217,12,98,200051,,,Irina Spirlea,R,175,ROU,20.025,70,21,6-4 7-6,3,R32,,,,,,,,,,,,,,,,,,,
1994-803,Amelia Island,Clay,56,T2,,19940404,34,200084,,Q,Asa Carlsson,R,178,SWE,18.801,98,15,200682,,Q,Joannette Kruger,R,179,RSA,20.584,108,13,6-4 6-4,3,R32,,,,,,,,,,,,,,,,,,,
1994-803,Amelia Island,Clay,56,T2,,19940404,35,200064,9,,Amanda Coetzer,R,158,RSA,22.451,15,78,200450,,,Larisa Savchenko,,169,URS,27.705,54,30,6-2 6-2,3,R32,,,,,,,,,,,,,,,,,,,
1994-803,Amelia Island,Clay,56,T2,,19940404,36,200572,4,,Gabriela Sabatini,R,175,ARG,23.886,6,137,200697,,,Janette Husarova,R,169,SVK,19.833,93,16,6-3 6-4,3,R32,,,,,,,,,,,,,,,,,,,
1994-803,Amelia Island,Clay,56,T2,,19940404,37,200128,6,,Lindsay Davenport,R,189,USA,17.821,13,98,200657,,,Radka Bobkova,R,172,CZE,21.139,56,28,6-3 6-0,3,R32,,,,,,,,,,,,,,,,,,,
1994-803,Amelia Island,Clay,56,T2,,19940404,38,200712,,,Katerina Kroupova,,,CZE,20.118,105,14,200671,16,,Meike Babel,R,173,GER,19.365,44,36,7-5 6-2,3,R32,,,,,,,,,,,,,,,,,,,
1994-803,Amelia Island,Clay,56,T2,,19940404,39,200601,13,,Leila Meskhi,R,164,GEO,26.246,32,45,200107,,Q,Paola Suarez,R,170,ARG,17.780,187,6,7-5 6-0,3,R32,,,,,,,,,,,,,,,,,,,
1994-803,Amelia Island,Clay,56,T2,,19940404,40,200049,2,,Conchita Martinez,R,170,ESP,21.966,3,198,200627,,LL,Petra Schwarz,R,168,AUT,21.862,117,13,6-1 6-2,3,R32,,,,,,,,,,,,,,,,,,,
1994-803,Amelia Island,Clay,56,T2,,19940404,41,200017,1,,Arantxa Sanchez Vicario,R,168,ESP,22.295,2,235,200076,,,Laurence Courtois,R,172,BEL,18.210,88,16,6-0 6-2,3,R16,,,,,,,,,,,,,,,,,,,
1994-803,Amelia Island,Clay,56,T2,,19940404,42,200651,10,,Sabine Hack,,170,GER,24.729,19,66,200086,8,,Magdalena Maleeva,R,168,BUL,19.009,14,91,7-6 6-4,3,R16,,,,,,,,,,,,,,,,,,,
1994-803,Amelia Island,Clay,56,T2,,19940404,43,200293,3,,Martina Navratilova,L,173,USA,37.460,4,168,200668,,,Silke Frankl,,,GER,23.850,125,12,6-1 6-1,3,R16,,,,,,,,,,,,,,,,,,,
1994-803,Amelia Island,Clay,56,T2,,19940404,44,200039,12,,Chanda Rubin,R,168,USA,18.125,31,47,200569,,Q,Petra Langrova,,,TCH,23.771,144,10,4-6 6-0 6-0,3,R16,,,,,,,,,,,,,,,,,,,
1994-803,Amelia Island,Clay,56,T2,,19940404,45,200096,7,,Mary Pierce,R,178,FRA,19.217,12,98,200084,,Q,Asa Carlsson,R,178,SWE,18.801,98,15,6-2 4-6 6-2,3,R16,,,,,,,,,,,,,,,,,,,
1994-803,Amelia Island,Clay,56,T2,,19940404,46,200572,4,,Gabriela Sabatini,R,175,ARG,23.886,6,137,200064,9,,Amanda Coetzer,R,158,RSA,22.451,15,78,4-6 6-0 6-1,3,R16,,,,,,,,,,,,,,,,,,,
1994-803,Amelia Island,Clay,56,T2,,19940404,47,200128,6,,Lindsay Davenport,R,189,USA,17.821,13,98,200712,,,Katerina Kroupova,,,CZE,20.118,105,14,6-2 6-1,3,R16,,,,,,,,,,,,,,,,,,,
1994-803,Amelia Island,Clay,56,T2,,19940404,48,200049,2,,Conchita Martinez,R,170,ESP,21.966,3,198,200601,13,,Leila Meskhi,R,164,GEO,26.246,32,45,6-2 6-3,3,R16,,,,,,,,,,,,,,,,,,,
1994-803,Amelia Island,Clay,56,T2,,19940404,49,200017,1,,Arantxa Sanchez Vicario,R,168,ESP,22.295,2,235,200651,10,,Sabine Hack,,170,GER,24.729,19,66,6-1 6-2,3,QF,,,,,,,,,,,,,,,,,,,
1994-803,Amelia Island,Clay,56,T2,,19940404,50,200293,3,,Martina Navratilova,L,173,USA,37.460,4,168,200039,12,,Chanda Rubin,R,168,USA,18.125,31,47,6-3 6-2,3,QF,,,,,,,,,,,,,,,,,,,
1994-803,Amelia Island,Clay,56,T2,,19940404,51,200572,4,,Gabriela Sabatini,R,175,ARG,23.886,6,137,200096,7,,Mary Pierce,R,178,FRA,19.217,12,98,6-4 6-3,3,QF,,,,,,,,,,,,,,,,,,,
1994-803,Amelia Island,Clay,56,T2,,19940404,52,200128,6,,Lindsay Davenport,R,189,USA,17.821,13,98,200049,2,,Conchita Martinez,R,170,ESP,21.966,3,198,4-6 6-4 7-6,3,QF,,,,,,,,,,,,,,,,,,,
1994-803,Amelia Island,Clay,56,T2,,19940404,53,200017,1,,Arantxa Sanchez Vicario,R,168,ESP,22.295,2,235,200293,3,,Martina Navratilova,L,173,USA,37.460,4,168,6-4 6-3,3,SF,,,,,,,,,,,,,,,,,,,
1994-803,Amelia Island,Clay,56,T2,,19940404,54,200572,4,,Gabriela Sabatini,R,175,ARG,23.886,6,137,200128,6,,Lindsay Davenport,R,189,USA,17.821,13,98,6-2 6-4,3,SF,,,,,,,,,,,,,,,,,,,
1994-803,Amelia Island,Clay,56,T2,,19940404,55,200017,1,,Arantxa Sanchez Vicario,R,168,ESP,22.295,2,235,200572,4,,Gabriela Sabatini,R,175,ARG,23.886,6,137,6-1 6-4,3,F,,,,,,,,,,,,,,,,,,,
1994-D022,Fed Cup G1 RRC: MEX vs PUR,Clay,4,D,,19940411,1,203046,,,Graciela Velez,,,MEX,16.783,552,1,212379,,,Maribel Amadeo,,,PUR,21.052,,,6-1 6-4,3,RR,,,,,,,,,,,,,,,,,,,
1994-D022,Fed Cup G1 RRC: MEX vs PUR,Clay,4,D,,19940411,2,202166,,,Emilie Viqueira,,,PUR,25.057,,,203002,,,Karin Palme,R,,MEX,16.288,539,1,6-3 7-5,3,RR,,,,,,,,,,,,,,,,,,,
1994-D027,Fed Cup G1 RRD: BOL vs GUA,Clay,4,D,,19940411,1,212448,,,Carla Jimenez,,,BOL,15.612,,,212390,,,Florea De Maria Urrea,,,GUA,24.852,,,6-4 4-6 6-2,3,RR,,,,,,,,,,,,,,,,,,,
1994-D027,Fed Cup G1 RRD: BOL vs GUA,Clay,4,D,,19940411,2,207944,,,Cecilia Ampuero,,,BOL,19.609,574,0,212392,,,Alejandra Gomez,,,GUA,19.853,,,6-1 6-1,3,RR,,,,,,,,,,,,,,,,,,,
1994-D081,Fed Cup G1 RRA: PER vs ESA,Clay,4,D,,19940411,1,204578,,,Deborah Gaviria,R,,PER,15.406,,,206987,,,Renate Wachtler,,,ESA,24.523,,,6-1 6-3,3,RR,,,,,,,,,,,,,,,,,,,
1994-D081,Fed Cup G1 RRA: PER vs ESA,Clay,4,D,,19940411,2,212429,,,Gianfranca Devercelli,,,PER,20.299,562,0,206447,,,Ingrid Gonzalez,,,ESA,22.996,,,6-2 6-4,3,RR,,,,,,,,,,,,,,,,,,,
1994-D092,Fed Cup G1 RRB: JAM vs BAH,Clay,4,D,,19940411,1,212349,,,Lisa Yap Sam,,,JAM,35.913,,,212564,,,Ann Simons,,,BAH,15.653,,,6-1 6-0,3,RR,,,,,,,,,,,,,,,,,,,
1994-D092,Fed Cup G1 RRB: JAM vs BAH,Clay,4,D,,19940411,2,203886,,,Joni Van Ryck De Groot,,,JAM,38.484,,,212432,,,Kim Cartwright,,,BAH,29.397,,,6-4 6-4,3,RR,,,,,,,,,,,,,,,,,,,
1994-D102,Fed Cup G1 RRD: CUB vs DOM,Clay,4,D,,19940411,1,206904,,,Yoannis Montesino,,,CUB,22.793,,,212391,,,Paula Alvarez,,,DOM,,,,6-3 6-0,3,RR,,,,,,,,,,,,,,,,,,,
1994-D102,Fed Cup G1 RRD: CUB vs DOM,Clay,4,D,,19940411,2,212410,,,Belkis Rodriguez,,,CUB,28.910,,,206897,,,Monika Pimentel,,,DOM,15.790,,,6-2 2-6 6-4,3,RR,,,,,,,,,,,,,,,,,,,
1994-D109,Fed Cup G1 RRA: PAR vs CRC,Clay,4,D,,19940411,1,201729,,,Larissa Schaerer,R,170,PAR,18.990,,,212611,,,Jennifer Ligator,,,CRC,17.065,,,6-1 6-1,3,RR,,,,,,,,,,,,,,,,,,,
1994-D109,Fed Cup G1 RRA: PAR vs CRC,Clay,4,D,,19940411,2,200709,,,Rossana De Los Rios,R,170,PAR,18.568,146,9,206666,,,Paula Umana,,,CRC,19.584,,,7-5 6-4,3,RR,,,,,,,,,,,,,,,,,,,
1994-D113,Fed Cup G1 RRB: CHI vs TRI,Clay,4,D,,19940411,1,204756,,,Maria Alejandra Quezada,,,CHI,20.096,,,207461,,,Kaisaran Siewrattan,,,TTO,20.151,,,6-2 6-2,3,RR,,,,,,,,,,,,,,,,,,,
1994-D113,Fed Cup G1 RRB: CHI vs TRI,Clay,4,D,,19940411,2,202170,,,Paula Cabezas,,,ESP,21.638,302,3,212446,,,Elizabeth Gibson,,,TTO,26.084,,,6-1 6-1,3,RR,,,,,,,,,,,,,,,,,,,
1994-D117,Fed Cup G1 RRC: VEN vs URU,Clay,4,D,,19940411,1,204540,,,Maria Virginia Francesca,,,VEN,20.047,,,206458,,,Maria Eugenia Fernandez,,,URU,15.127,,,6-2 6-2,3,RR,,,,,,,,,,,,,,,,,,,
1994-D117,Fed Cup G1 RRC: VEN vs URU,Clay,4,D,,19940411,2,212445,,,Claudia Brause,,,URU,23.617,,,204542,,,Ninfa Marra,,,VEN,19.773,,,6-4 7-5,3,RR,,,,,,,,,,,,,,,,,,,
1994-303,Pattaya,Hard,32,T4,,19940411,1,200037,1,,Sabine Appelmans,L,168,BEL,21.969,20,64,200498,,,Michelle Jaggard Lai,R,146,AUS,24.931,136,11,6-3 6-2,3,R32,,,,,,,,,,,,,,,,,,,
1994-303,Pattaya,Hard,32,T4,,19940411,2,200559,,,Kristine Kunce,R,177,AUS,24.107,77,19,200032,,,Barbara Schett,R,176,AUT,18.087,84,17,6-3 6-0,3,R32,,,,,,,,,,,,,,,,,,,
1994-303,Pattaya,Hard,32,T4,,19940411,3,200574,,,Eva Sviglerova,,,CZE,22.747,128,11,200658,,,Fang Li,R,166,CHN,21.274,108,14,6-4 6-1,3,R32,,,,,,,,,,,,,,,,,,,
1994-303,Pattaya,Hard,32,T4,,19940411,4,200655,,,Nicole Arendt,L,177,USA,24.625,115,13,200653,3,,Yayuk Basuki,R,164,INA,23.363,38,41,2-6 6-3 6-2,3,R32,,,,,,,,,,,,,,,,,,,
1994-303,Pattaya,Hard,32,T4,,19940411,5,200095,6,,Linda Wild,R,,USA,23.163,43,35,200021,,,Alexia Dechaume Balleret,R,,FRA,23.940,,,6-4 1-6 6-3,3,R32,,,,,,,,,,,,,,,,,,,
1994-303,Pattaya,Hard,32,T4,,19940411,6,200604,,,Barbara Paulus,R,177,AUT,23.609,,,200624,,,Tami Whitlinger Jones,,,USA,25.408,93,16,7-6 7-5,3,R32,,,,,,,,,,,,,,,,,,,
1994-303,Pattaya,Hard,32,T4,,19940411,7,200105,,,Rachel Mcquillan,,170,AUS,22.358,73,20,202124,,,Pimpisamai Kansuthi,,,THA,16.370,,,6-3 6-3,3,R32,,,,,,,,,,,,,,,,,,,
1994-303,Pattaya,Hard,32,T4,,19940411,8,200548,2,,Patty Fendick,R,165,USA,29.030,31,47,201341,,Q,Mi Ra Jeon,,174,KOR,16.176,360,2,6-2 6-2,3,R32,,,,,,,,,,,,,,,,,,,
1994-303,Pattaya,Hard,32,T4,,19940411,9,200718,,WC,Ludmila Richterova,,180,CZE,17.095,123,12,200106,,,Angeles Montolio,R,157,ESP,18.681,134,11,6-2 6-3,3,R32,,,,,,,,,,,,,,,,,,,
1994-303,Pattaya,Hard,32,T4,,19940411,10,200643,,Q,Petra Kamstra,,,NED,20.066,154,9,201059,,,Misumi Miyauchi,,,JPN,22.596,142,10,3-6 6-3 6-4,3,R32,,,,,,,,,,,,,,,,,,,
1994-303,Pattaya,Hard,32,T4,,19940411,11,200009,,WC,Tamarine Tanasugarn,R,165,THA,16.882,424,1,200501,7,,Marianne Werdel Witmeyer,,,USA,26.484,44,35,1-6 7-5 7-5,3,R32,,,,,,,,,,,,,,,,,,,
1994-303,Pattaya,Hard,32,T4,,19940411,12,200026,4,,Florencia Labat,L,170,ARG,22.831,37,42,200632,,,Andrea Strnadova,,175,CZE,21.870,127,11,1-6 6-4 6-4,3,R32,,,,,,,,,,,,,,,,,,,
1994-303,Pattaya,Hard,32,T4,,19940411,13,200681,,,Natalia Baudone,,,ITA,21.747,139,10,200439,,,Jenny Byrne,,,AUS,27.124,131,11,6-3 6-1,3,R32,,,,,,,,,,,,,,,,,,,
1994-303,Pattaya,Hard,32,T4,,19940411,14,200010,,Q,Rita Grande,R,177,ITA,19.053,159,9,200615,,Q,Kristin Godridge,,,HKG,21.172,171,8,7-5 3-6 6-2,3,R32,,,,,,,,,,,,,,,,,,,
1994-303,Pattaya,Hard,32,T4,,19940411,15,200699,5,,Meredith Mcgrath,,,USA,22.955,41,36,200707,,,Romana Tedjakusuma,R,,INA,17.714,82,17,6-4 6-7 6-3,3,R32,,,,,,,,,,,,,,,,,,,
1994-303,Pattaya,Hard,32,T4,,19940411,16,200547,,,Sandra Wasserman,R,173,BEL,24.088,132,11,200016,8,,Sandrine Testud,R,176,FRA,22.021,74,20,7-6 6-7 6-4,3,R32,,,,,,,,,,,,,,,,,,,
1994-303,Pattaya,Hard,32,T4,,19940411,17,200037,1,,Sabine Appelmans,L,168,BEL,21.969,20,64,200718,,WC,Ludmila Richterova,,180,CZE,17.095,123,12,6-3 7-6,3,R16,,,,,,,,,,,,,,,,,,,
1994-303,Pattaya,Hard,32,T4,,19940411,18,200643,,Q,Petra Kamstra,,,NED,20.066,154,9,200009,,WC,Tamarine Tanasugarn,R,165,THA,16.882,424,1,6-2 3-6 6-3,3,R16,,,,,,,,,,,,,,,,,,,
1994-303,Pattaya,Hard,32,T4,,19940411,19,200026,4,,Florencia Labat,L,170,ARG,22.831,37,42,200681,,,Natalia Baudone,,,ITA,21.747,139,10,6-4 7-6,3,R16,,,,,,,,,,,,,,,,,,,
1994-303,Pattaya,Hard,32,T4,,19940411,20,200699,5,,Meredith Mcgrath,,,USA,22.955,41,36,200010,,Q,Rita Grande,R,177,ITA,19.053,159,9,6-1 6-3,3,R16,,,,,,,,,,,,,,,,,,,
1994-303,Pattaya,Hard,32,T4,,19940411,21,200559,,,Kristine Kunce,R,177,AUS,24.107,77,19,200547,,,Sandra Wasserman,R,173,BEL,24.088,132,11,6-3 6-4,3,R16,,,,,,,,,,,,,,,,,,,
1994-303,Pattaya,Hard,32,T4,,19940411,22,200655,,,Nicole Arendt,L,177,USA,24.625,115,13,200574,,,Eva Sviglerova,,,CZE,22.747,128,11,6-7 6-3 6-2,3,R16,,,,,,,,,,,,,,,,,,,
1994-303,Pattaya,Hard,32,T4,,19940411,23,200604,,,Barbara Paulus,R,177,AUT,23.609,,,200095,6,,Linda Wild,R,,USA,23.163,43,35,4-6 7-5 6-1,3,R16,,,,,,,,,,,,,,,,,,,
1994-303,Pattaya,Hard,32,T4,,19940411,24,200548,2,,Patty Fendick,R,165,USA,29.030,31,47,200105,,,Rachel Mcquillan,,170,AUS,22.358,73,20,6-2 6-2,3,R16,,,,,,,,,,,,,,,,,,,
1994-303,Pattaya,Hard,32,T4,,19940411,25,200037,1,,Sabine Appelmans,L,168,BEL,21.969,20,64,200643,,Q,Petra Kamstra,,,NED,20.066,154,9,7-5 6-2,3,QF,,,,,,,,,,,,,,,,,,,
1994-303,Pattaya,Hard,32,T4,,19940411,26,200026,4,,Florencia Labat,L,170,ARG,22.831,37,42,200699,5,,Meredith Mcgrath,,,USA,22.955,41,36,7-5 6-3,3,QF,,,,,,,,,,,,,,,,,,,
1994-303,Pattaya,Hard,32,T4,,19940411,27,200559,,,Kristine Kunce,R,177,AUS,24.107,77,19,200655,,,Nicole Arendt,L,177,USA,24.625,115,13,6-1 6-4,3,QF,,,,,,,,,,,,,,,,,,,
1994-303,Pattaya,Hard,32,T4,,19940411,28,200548,2,,Patty Fendick,R,165,USA,29.030,31,47,200604,,,Barbara Paulus,R,177,AUT,23.609,,,6-3 6-4,3,QF,,,,,,,,,,,,,,,,,,,
1994-303,Pattaya,Hard,32,T4,,19940411,29,200037,1,,Sabine Appelmans,L,168,BEL,21.969,20,64,200026,4,,Florencia Labat,L,170,ARG,22.831,37,42,6-4 6-2,3,SF,,,,,,,,,,,,,,,,,,,
1994-303,Pattaya,Hard,32,T4,,19940411,30,200548,2,,Patty Fendick,R,165,USA,29.030,31,47,200559,,,Kristine Kunce,R,177,AUS,24.107,77,19,7-5 6-2,3,SF,,,,,,,,,,,,,,,,,,,
1994-303,Pattaya,Hard,32,T4,,19940411,31,200037,1,,Sabine Appelmans,L,168,BEL,21.969,20,64,200548,2,,Patty Fendick,R,165,USA,29.030,31,47,6-7 7-6 6-2,3,F,,,,,,,,,,,,,,,,,,,
1994-D021,Fed Cup G1 RRB: CHI vs BAH,Clay,4,D,,19940412,1,204536,,,Barbara Castro,,,CHI,18.593,,,212431,,,Chris Anne Aston,,,BAH,26.645,,,6-2 6-0,3,RR,,,,,,,,,,,,,,,,,,,
1994-D021,Fed Cup G1 RRB: CHI vs BAH,Clay,4,D,,19940412,2,202170,,,Paula Cabezas,,,ESP,21.640,302,3,212432,,,Kim Cartwright,,,BAH,29.400,,,6-1 6-1,3,RR,,,,,,,,,,,,,,,,,,,
1994-D030,Fed Cup G1 RRB: ECU vs JAM,Clay,4,D,,19940412,1,206917,,,Alexandra Guzman,,,ECU,16.228,,,212349,,,Lisa Yap Sam,,,JAM,35.916,,,6-2 6-1,3,RR,,,,,,,,,,,,,,,,,,,
1994-D030,Fed Cup G1 RRB: ECU vs JAM,Clay,4,D,,19940412,2,204123,,,Maria Dolores Campana,,,ECU,19.020,413,1,203886,,,Joni Van Ryck De Groot,,,JAM,38.487,,,6-2 6-4,3,RR,,,,,,,,,,,,,,,,,,,
1994-D033,Fed Cup G1 RRD: BOL vs DOM,Clay,4,D,,19940412,1,212346,,,Sandra Kellemberger,,,BOL,17.7,,,208506,,,Laura Hernandez,,,MEX,,,,6-1 6-0,3,RR,,,,,,,,,,,,,,,,,,,
1994-D033,Fed Cup G1 RRD: BOL vs DOM,Clay,4,D,,19940412,2,207944,,,Cecilia Ampuero,,,BOL,19.612,574,0,206897,,,Monika Pimentel,,,DOM,15.792,,,6-0 6-0,3,RR,,,,,,,,,,,,,,,,,,,
1994-D083,Fed Cup G1 RRA: PAR vs ESA,Clay,4,D,,19940412,1,201729,,,Larissa Schaerer,R,170,PAR,18.993,,,206987,,,Renate Wachtler,,,ESA,24.526,,,6-3 6-2,3,RR,,,,,,,,,,,,,,,,,,,
1994-D083,Fed Cup G1 RRA: PAR vs ESA,Clay,4,D,,19940412,2,200709,,,Rossana De Los Rios,R,170,PAR,18.571,146,9,206447,,,Ingrid Gonzalez,,,ESA,22.998,,,6-3 6-0,3,RR,,,,,,,,,,,,,,,,,,,
1994-D099,Fed Cup G1 RRC: VEN vs PUR,Clay,4,D,,19940412,1,204540,,,Maria Virginia Francesca,,,VEN,20.050,,,212379,,,Maribel Amadeo,,,PUR,21.055,,,7-6(2) 7-6(4),3,RR,,,,,,,,,,,,,,,,,,,
1994-D099,Fed Cup G1 RRC: VEN vs PUR,Clay,4,D,,19940412,2,204542,,,Ninfa Marra,,,VEN,19.776,,,202166,,,Emilie Viqueira,,,PUR,25.060,,,7-6(4) 6-1,3,RR,,,,,,,,,,,,,,,,,,,
1994-D105,Fed Cup G1 RRD: CUB vs GUA,Clay,4,D,,19940412,1,206902,,,Yamile Cordova,,,CUB,21.594,,,212390,,,Florea De Maria Urrea,,,GUA,24.855,,,6-3 6-2,3,RR,,,,,,,,,,,,,,,,,,,
1994-D105,Fed Cup G1 RRD: CUB vs GUA,Clay,4,D,,19940412,2,212410,,,Belkis Rodriguez,,,CUB,28.912,,,212392,,,Alejandra Gomez,,,GUA,19.855,,,6-2 6-1,3,RR,,,,,,,,,,,,,,,,,,,
1994-D112,Fed Cup G1 RRC: URU vs MEX,Clay,4,D,,19940412,1,203046,,,Graciela Velez,,,MEX,16.786,552,1,206458,,,Maria Eugenia Fernandez,,,URU,15.130,,,2-6 6-2 6-3,3,RR,,,,,,,,,,,,,,,,,,,
1994-D112,Fed Cup G1 RRC: URU vs MEX,Clay,4,D,,19940412,2,212445,,,Claudia Brause,,,URU,23.620,,,203002,,,Karin Palme,R,,MEX,16.291,539,1,6-4 6-4,3,RR,,,,,,,,,,,,,,,,,,,
1994-D119,Fed Cup G1 RRA: PER vs CRC,Clay,4,D,,19940412,1,204578,,,Deborah Gaviria,R,,PER,15.409,,,212547,,,Melissa Golfin,,,CRC,19.935,,,6-1 6-2,3,RR,,,,,,,,,,,,,,,,,,,
1994-D119,Fed Cup G1 RRA: PER vs CRC,Clay,4,D,,19940412,2,212429,,,Gianfranca Devercelli,,,PER,20.302,562,0,206666,,,Paula Umana,,,CRC,19.587,,,6-2 1-6 7-5,3,RR,,,,,,,,,,,,,,,,,,,
1994-D010,Fed Cup G1 RRD: GUA vs DOM,Clay,4,D,,19940413,1,212390,,,Florea De Maria Urrea,,,GUA,24.857,,,212391,,,Paula Alvarez,,,DOM,,,,6-0 6-1,3,RR,,,,,,,,,,,,,,,,,,,
1994-D010,Fed Cup G1 RRD: GUA vs DOM,Clay,4,D,,19940413,2,212392,,,Alejandra Gomez,,,GUA,19.858,,,206897,,,Monika Pimentel,,,DOM,15.795,,,6-4 6-3,3,RR,,,,,,,,,,,,,,,,,,,
1994-D032,Fed Cup G1 RRD: BOL vs CUB,Clay,4,D,,19940413,1,206904,,,Yoannis Montesino,,,CUB,22.799,,,212448,,,Carla Jimenez,,,BOL,15.617,,,6-0 7-6(9),3,RR,,,,,,,,,,,,,,,,,,,
1994-D032,Fed Cup G1 RRD: BOL vs CUB,Clay,4,D,,19940413,2,207944,,,Cecilia Ampuero,,,BOL,19.614,574,0,212410,,,Belkis Rodriguez,,,CUB,28.915,,,6-2 6-2,3,RR,,,,,,,,,,,,,,,,,,,
1994-D036,Fed Cup G1 RRB: ECU vs TRI,Clay,4,D,,19940413,1,206917,,,Alexandra Guzman,,,ECU,16.230,,,207461,,,Kaisaran Siewrattan,,,TTO,20.156,,,6-0 6-2,3,RR,,,,,,,,,,,,,,,,,,,
1994-D036,Fed Cup G1 RRB: ECU vs TRI,Clay,4,D,,19940413,2,204123,,,Maria Dolores Campana,,,ECU,19.023,413,1,212446,,,Elizabeth Gibson,,,TTO,26.090,,,6-1 5-7 6-4,3,RR,,,,,,,,,,,,,,,,,,,
1994-D085,Fed Cup G1 RRC: VEN vs MEX,Clay,4,D,,19940413,1,204540,,,Maria Virginia Francesca,,,VEN,20.052,,,203046,,,Graciela Velez,,,MEX,16.789,552,1,3-6 6-4 6-2,3,RR,,,,,,,,,,,,,,,,,,,
1994-D085,Fed Cup G1 RRC: VEN vs MEX,Clay,4,D,,19940413,2,203002,,,Karin Palme,R,,MEX,16.293,539,1,204542,,,Ninfa Marra,,,VEN,19.779,,,6-4 6-2,3,RR,,,,,,,,,,,,,,,,,,,
1994-D089,Fed Cup G1 RRA: PAR vs PER,Clay,4,D,,19940413,1,201729,,,Larissa Schaerer,R,170,PAR,18.996,,,204578,,,Deborah Gaviria,R,,PER,15.412,,,6-1 6-1,3,RR,,,,,,,,,,,,,,,,,,,
1994-D089,Fed Cup G1 RRA: PAR vs PER,Clay,4,D,,19940413,2,200709,,,Rossana De Los Rios,R,170,PAR,18.574,146,9,212429,,,Gianfranca Devercelli,,,PER,20.304,562,0,6-1 6-2,3,RR,,,,,,,,,,,,,,,,,,,
1994-D108,Fed Cup G1 RRA: CRC vs ESA,Clay,4,D,,19940413,1,212547,,,Melissa Golfin,,,CRC,19.937,,,206987,,,Renate Wachtler,,,ESA,24.529,,,7-5 6-3,3,RR,,,,,,,,,,,,,,,,,,,
1994-D108,Fed Cup G1 RRA: CRC vs ESA,Clay,4,D,,19940413,2,206666,,,Paula Umana,,,CRC,19.590,,,206447,,,Ingrid Gonzalez,,,ESA,23.001,,,7-5 2-6 6-4,3,RR,,,,,,,,,,,,,,,,,,,
1994-D116,Fed Cup G1 RRC: URU vs PUR,Clay,4,D,,19940413,1,206458,,,Maria Eugenia Fernandez,,,URU,15.132,,,212379,,,Maribel Amadeo,,,PUR,21.057,,,1-6 6-4 9-7,3,RR,,,,,,,,,,,,,,,,,,,
1994-D116,Fed Cup G1 RRC: URU vs PUR,Clay,4,D,,19940413,2,202166,,,Emilie Viqueira,,,PUR,25.063,,,212445,,,Claudia Brause,,,URU,23.623,,,3-6 6-4 6-3,3,RR,,,,,,,,,,,,,,,,,,,
1994-D024,Fed Cup G1 RRB: CHI vs ECU,Clay,4,D,,19940414,1,204536,,,Barbara Castro,,,CHI,18.599,,,206917,,,Alexandra Guzman,,,ECU,16.233,,,6-3 4-6 6-2,3,RR,,,,,,,,,,,,,,,,,,,
1994-D024,Fed Cup G1 RRB: CHI vs ECU,Clay,4,D,,19940414,2,204123,,,Maria Dolores Campana,,,ECU,19.026,413,1,202170,,,Paula Cabezas,,,ESP,21.646,302,3,7-5 3-6 6-2,3,RR,,,,,,,,,,,,,,,,,,,
1994-D118,Fed Cup G1 RRB: TRI vs BAH,Clay,4,D,,19940414,1,212431,,,Chris Anne Aston,,,BAH,26.651,,,212613,,,Beverly Corbie,,,TTO,32.830,,,6-1 1-6 10-8,3,RR,,,,,,,,,,,,,,,,,,,
1994-D118,Fed Cup G1 RRB: TRI vs BAH,Clay,4,D,,19940414,2,212446,,,Elizabeth Gibson,,,TTO,26.092,,,212432,,,Kim Cartwright,,,BAH,29.405,,,6-2 6-0,3,RR,,,,,,,,,,,,,,,,,,,
1994-D082,Fed Cup G1 RRB: ECU vs BAH,Clay,4,D,,19940415,1,206917,,,Alexandra Guzman,,,ECU,16.236,,,212596,,,Lori Feingold,,,BAH,23.478,,,6-0 6-0,3,RR,,,,,,,,,,,,,,,,,,,
1994-D082,Fed Cup G1 RRB: ECU vs BAH,Clay,4,D,,19940415,2,204123,,,Maria Dolores Campana,,,ECU,19.028,413,1,212564,,,Ann Simons,,,BAH,15.664,,,6-3 6-1,3,RR,,,,,,,,,,,,,,,,,,,
1994-D020,Fed Cup G1 R1: CHI vs PER,Clay,4,D,,19940416,1,204536,,,Barbara Castro,,,CHI,18.604,,,204578,,,Deborah Gaviria,R,,PER,15.420,,,6-1 7-5,3,RR,,,,,,,,,,,,,,,,,,,
1994-D020,Fed Cup G1 R1: CHI vs PER,Clay,4,D,,19940416,2,202170,,,Paula Cabezas,,,ESP,21.651,302,3,212429,,,Gianfranca Devercelli,,,PER,20.313,562,0,6-3 7-5,3,RR,,,,,,,,,,,,,,,,,,,
1994-D029,Fed Cup G1 R1: BOL vs GUA,Clay,4,D,,19940416,1,212448,,,Carla Jimenez,,,BOL,15.625,,,212390,,,Florea De Maria Urrea,,,GUA,24.866,,,6-1 6-4,3,RR,,,,,,,,,,,,,,,,,,,
1994-D029,Fed Cup G1 R1: BOL vs GUA,Clay,4,D,,19940416,2,207944,,,Cecilia Ampuero,,,BOL,19.623,574,0,212392,,,Alejandra Gomez,,,GUA,19.866,,,6-1 6-0,3,RR,,,,,,,,,,,,,,,,,,,
1994-D076,Fed Cup G1 R1: TRI vs VEN,Clay,4,D,,19940416,1,204540,,,Maria Virginia Francesca,,,VEN,20.061,,,207461,,,Kaisaran Siewrattan,,,TTO,20.165,,,6-1 6-1,3,RR,,,,,,,,,,,,,,,,,,,
1994-D076,Fed Cup G1 R1: TRI vs VEN,Clay,4,D,,19940416,2,204542,,,Ninfa Marra,,,VEN,19.787,,,212446,,,Elizabeth Gibson,,,TTO,26.098,,,7-5 6-2,3,RR,,,,,,,,,,,,,,,,,,,
1994-D103,Fed Cup G1 R1: CUB vs ECU,Clay,4,D,,19940416,1,206904,,,Yoannis Montesino,,,CUB,22.807,,,206917,,,Alexandra Guzman,,,ECU,16.239,,,6-2 1-6 6-3,3,RR,,,,,,,,,,,,,,,,,,,
1994-D103,Fed Cup G1 R1: CUB vs ECU,Clay,4,D,,19940416,2,204123,,,Maria Dolores Campana,,,ECU,19.031,413,1,212410,,,Belkis Rodriguez,,,CUB,28.923,,,6-2 7-5,3,RR,,,,,,,,,,,,,,,,,,,
1994-D110,Fed Cup G1 R1: PAR vs CRC,Clay,4,D,,19940416,1,201729,,,Larissa Schaerer,R,170,PAR,19.004,,,212611,,,Jennifer Ligator,,,CRC,17.079,,,6-0 6-1,3,RR,,,,,,,,,,,,,,,,,,,
1994-D110,Fed Cup G1 R1: PAR vs CRC,Clay,4,D,,19940416,2,200709,,,Rossana De Los Rios,R,170,PAR,18.582,146,9,206666,,,Paula Umana,,,CRC,19.598,,,6-2 6-1,3,RR,,,,,,,,,,,,,,,,,,,
1994-D111,Fed Cup G1 R1: MEX vs URU,Clay,4,D,,19940416,1,203046,,,Graciela Velez,,,MEX,16.797,552,1,204488,,,Elena Juricich,,,URU,14.609,,,6-2 6-1,3,RR,,,,,,,,,,,,,,,,,,,
1994-D111,Fed Cup G1 R1: MEX vs URU,Clay,4,D,,19940416,2,203002,,,Karin Palme,R,,MEX,16.301,539,1,212445,,,Claudia Brause,,,URU,23.631,,,6-4 6-3,3,RR,,,,,,,,,,,,,,,,,,,
1994-D037,Fed Cup G1 QF: BOL vs PAR,Clay,4,D,,19940417,1,201729,,,Larissa Schaerer,R,170,PAR,19.007,,,212448,,,Carla Jimenez,,,BOL,15.628,,,6-0 6-2,3,RR,,,,,,,,,,,,,,,,,,,
1994-D037,Fed Cup G1 QF: BOL vs PAR,Clay,4,D,,19940417,2,200709,,,Rossana De Los Rios,R,170,PAR,18.585,145,9,207944,,,Cecilia Ampuero,,,BOL,19.625,574,0,6-4 6-2,3,RR,,,,,,,,,,,,,,,,,,,
1994-D053,Fed Cup G1 QF: CUB vs MEX,Clay,4,D,,19940417,1,206904,,,Yoannis Montesino,,,CUB,22.810,,,203046,,,Graciela Velez,,,MEX,16.800,551,1,5-7 6-1 6-0,3,RR,,,,,,,,,,,,,,,,,,,
1994-D053,Fed Cup G1 QF: CUB vs MEX,Clay,4,D,,19940417,2,203002,,,Karin Palme,R,,MEX,16.304,540,1,212410,,,Belkis Rodriguez,,,CUB,28.926,,,7-5 6-2,3,RR,,,,,,,,,,,,,,,,,,,
1994-D084,Fed Cup G1 QF: CHI vs VEN,Clay,4,D,,19940417,1,204540,,,Maria Virginia Francesca,,,VEN,20.063,,,204536,,,Barbara Castro,,,CHI,18.607,,,6-3 6-1,3,RR,,,,,,,,,,,,,,,,,,,
1994-D084,Fed Cup G1 QF: CHI vs VEN,Clay,4,D,,19940417,2,202170,,,Paula Cabezas,,,ESP,21.654,,,204542,,,Ninfa Marra,,,VEN,19.790,,,6-3 6-2,3,RR,,,,,,,,,,,,,,,,,,,
1994-D012,Fed Cup G1 RRE: SVK vs LTU,Clay,4,D,,19940418,1,200530,,,Radomira Zrubakova,R,169,SVK,23.311,158,9,207421,,,Ruta Deduraite,,,LTU,17.219,,,6-0 6-0,3,RR,,,,,,,,,,,,,,,,,,,
1994-D012,Fed Cup G1 RRE: SVK vs LTU,Clay,4,D,,19940418,2,200006,,,Karina Habsudova,R,170,SVK,20.710,113,13,206575,,,Galina Misiuriova,,,LTU,20.825,,,6-2 6-0,3,RR,,,,,,,,,,,,,,,,,,,
1994-D018,Fed Cup G1 RRG: ISR vs EGY,Clay,4,D,,19940418,1,201809,,,Hila Rosen,R,,ISR,16.616,,,201906,,,Marwa El Wany,,,EGY,17.438,,,6-0 6-0,3,RR,,,,,,,,,,,,,,,,,,,
1994-D018,Fed Cup G1 RRG: ISR vs EGY,Clay,4,D,,19940418,2,200040,,,Anna Smashnova,R,157,ISR,17.755,92,16,212399,,,Shahira Tawfik,,,EGY,21.712,,,6-1 6-1,3,RR,,,,,,,,,,,,,,,,,,,
1994-D059,Fed Cup G1 RRF: GBR vs LUX,Clay,4,D,,19940418,1,200392,,,Jo Durie,R,163,GBR,33.726,384,2,202078,,,Rosabel Moyen,,,LUX,19.888,,,7-5 6-0,3,RR,,,,,,,,,,,,,,,,,,,
1994-D059,Fed Cup G1 RRF: GBR vs LUX,Clay,4,D,,19940418,2,200542,,,Clare Wood,R,,GBR,26.111,80,17,200124,,,Anne Kremer,R,165,LUX,18.503,,,6-1 6-2,3,RR,,,,,,,,,,,,,,,,,,,
1994-D073,Fed Cup G1 RRC: GEO vs TUN,Clay,4,D,,19940418,1,201850,,,Nino Louarsabishvili,,,GEO,17.202,486,1,207696,,,Imen Ben Larbi,,,TUN,16.334,,,6-1 6-2,3,RR,,,,,,,,,,,,,,,,,,,
1994-D073,Fed Cup G1 RRC: GEO vs TUN,Clay,4,D,,19940418,2,200601,,,Leila Meskhi,R,164,GEO,26.284,35,43,207698,,,Aicha Ferjani,,,TUN,20.203,,,6-0 6-0,3,RR,,,,,,,,,,,,,,,,,,,
1994-D078,Fed Cup G1 RRD: ROU vs NOR,Clay,4,D,,19940418,1,200059,,,Ruxandra Dragomir Ilie,R,168,ROU,21.482,90,16,212356,,,Mette Sigmundstad,,,NOR,19.064,,,6-2 6-1,3,RR,,,,,,,,,,,,,,,,,,,
1994-D078,Fed Cup G1 RRD: ROU vs NOR,Clay,4,D,,19940418,2,200051,,,Irina Spirlea,R,175,ROU,20.063,66,22,212487,,,Linda Beate Andersen,,,NOR,18.199,,,6-1 6-4,3,RR,,,,,,,,,,,,,,,,,,,
1994-D106,Fed Cup G1 RRH: SLO vs ZIM,Clay,4,D,,19940418,1,200695,,,Tina Krizan,R,175,SLO,20.085,180,7,206620,,,Diana Mills,,,ZIM,21.052,,,6-0 6-0,3,RR,,,,,,,,,,,,,,,,,,,
1994-D106,Fed Cup G1 RRH: SLO vs ZIM,Clay,4,D,,19940418,2,200672,,,Barbara Mulej,R,,SLO,19.888,135,11,200072,,,Cara Black,R,167,ZIM,15.165,,,6-3 6-1,3,RR,,,,,,,,,,,,,,,,,,,
1994-211,Barcelona,Clay,32,T2,,19940418,1,200017,1,,Arantxa Sanchez Vicario,R,168,ESP,22.333,2,237,200677,,Q,Katja Oeljeklaus,R,,GER,23.185,,,6-2 6-1,3,R32,,,,,,,,,,,,,,,,,,,
1994-211,Barcelona,Clay,32,T2,,19940418,2,201288,,Q,Maja Palaversic,R,175,CRO,21.068,,,200472,,,Helen Kelesi,R,,CAN,24.422,55,28,6-3 6-4,3,R32,,,,,,,,,,,,,,,,,,,
1994-211,Barcelona,Clay,32,T2,,19940418,3,200647,,,Noelle Van Lottum,,170,FRA,21.766,108,14,200704,,,Maria Jose Gaidano,,171,ARG,20.898,102,14,6-4 1-6 6-3,3,R32,,,,,,,,,,,,,,,,,,,
1994-211,Barcelona,Clay,32,T2,,19940418,4,200086,3,,Magdalena Maleeva,R,168,BUL,19.048,14,87,200705,,,Linda Ferrando,,170,ITA,28.263,37,42,7-5 7-6,3,R32,,,,,,,,,,,,,,,,,,,
1994-211,Barcelona,Clay,32,T2,,19940418,5,200723,6,,Iva Majoli,R,175,CRO,16.682,27,51,200712,,,Katerina Kroupova,,,CZE,20.156,94,15,6-2 6-2,3,R32,,,,,,,,,,,,,,,,,,,
1994-211,Barcelona,Clay,32,T2,,19940418,6,200035,,WC,Maria Sanchez Lorenzo,R,171,ESP,16.444,381,2,200584,,,Laura Golarsa,R,165,ITA,26.391,69,21,6-3 3-6 6-2,3,R32,,,,,,,,,,,,,,,,,,,
1994-211,Barcelona,Clay,32,T2,,19940418,7,200725,,,Sandra Cecchini,R,170,ITA,29.137,56,28,200680,,,Nadin Ercegovic,R,177,CRO,21.205,178,7,6-4 6-2,3,R32,,,,,,,,,,,,,,,,,,,
1994-211,Barcelona,Clay,32,T2,,19940418,8,200049,2,,Conchita Martinez,R,170,ESP,22.005,3,191,200506,,,Wiltrud Probst,R,170,GER,24.888,67,22,7-5 6-3,3,R32,,,,,,,,,,,,,,,,,,,
1994-211,Barcelona,Clay,32,T2,,19940418,9,200640,,Q,Mercedes Paz,R,180,ARG,27.809,,,200668,,,Silke Frankl,,,GER,23.888,101,14,6-3 6-3,3,R32,,,,,,,,,,,,,,,,,,,
1994-211,Barcelona,Clay,32,T2,,19940418,10,200634,,,Elena Brioukhovets,,,UKR,22.862,109,14,201727,,Q,Silvia Ramon Cortes,,,ESP,21.690,,,7-5 6-4,3,R32,,,,,,,,,,,,,,,,,,,
1994-211,Barcelona,Clay,32,T2,,19940418,11,200112,8,,Julie Halard Decugis,R,173,FRA,23.603,33,44,200692,,,Marzia Grossi,,,ITA,23.625,106,14,6-1 6-3,3,R32,,,,,,,,,,,,,,,,,,,
1994-211,Barcelona,Clay,32,T2,,19940418,12,200651,4,,Sabine Hack,,170,GER,24.767,18,70,200593,,,Karine Quentrec,,,FRA,24.491,103,14,6-4 6-1,3,R32,,,,,,,,,,,,,,,,,,,
1994-211,Barcelona,Clay,32,T2,,19940418,13,200019,,,Alexandra Fusai,R,176,FRA,20.403,96,15,201066,,LL,Neus Avila Bonastre,,,ESP,22.730,141,10,6-2 6-2,3,R32,,,,,,,,,,,,,,,,,,,
1994-211,Barcelona,Clay,32,T2,,19940418,14,200641,,,Patricia Tarabini,R,165,ARG,25.698,91,16,200586,,,Federica Bonsignori,,,ITA,26.410,140,10,6-4 6-2,3,R32,,,,,,,,,,,,,,,,,,,
1994-211,Barcelona,Clay,32,T2,,19940418,15,200097,5,,Nathalie Tauziat,R,165,FRA,26.503,21,63,200106,,WC,Angeles Montolio,R,157,ESP,18.700,138,10,4-6 6-2 6-2,3,R32,,,,,,,,,,,,,,,,,,,
1994-211,Barcelona,Clay,32,T2,,19940418,16,200595,,,Ann Grossman,,,USA,23.513,38,39,200455,7,,Katerina Maleeva,R,168,BUL,24.948,30,49,6-3 7-5,3,R32,,,,,,,,,,,,,,,,,,,
1994-211,Barcelona,Clay,32,T2,,19940418,17,200017,1,,Arantxa Sanchez Vicario,R,168,ESP,22.333,2,237,200640,,Q,Mercedes Paz,R,180,ARG,27.809,,,6-2 6-0,3,R16,,,,,,,,,,,,,,,,,,,
1994-211,Barcelona,Clay,32,T2,,19940418,18,200112,8,,Julie Halard Decugis,R,173,FRA,23.603,33,44,200634,,,Elena Brioukhovets,,,UKR,22.862,109,14,6-0 6-2,3,R16,,,,,,,,,,,,,,,,,,,
1994-211,Barcelona,Clay,32,T2,,19940418,19,200651,4,,Sabine Hack,,170,GER,24.767,18,70,200019,,,Alexandra Fusai,R,176,FRA,20.403,96,15,6-2 6-1,3,R16,,,,,,,,,,,,,,,,,,,
1994-211,Barcelona,Clay,32,T2,,19940418,20,200641,,,Patricia Tarabini,R,165,ARG,25.698,91,16,200097,5,,Nathalie Tauziat,R,165,FRA,26.503,21,63,6-4 6-3,3,R16,,,,,,,,,,,,,,,,,,,
1994-211,Barcelona,Clay,32,T2,,19940418,21,200595,,,Ann Grossman,,,USA,23.513,38,39,201288,,Q,Maja Palaversic,R,175,CRO,21.068,,,6-2 6-4,3,R16,,,,,,,,,,,,,,,,,,,
1994-211,Barcelona,Clay,32,T2,,19940418,22,200086,3,,Magdalena Maleeva,R,168,BUL,19.048,14,87,200647,,,Noelle Van Lottum,,170,FRA,21.766,108,14,6-0 6-3,3,R16,,,,,,,,,,,,,,,,,,,
1994-211,Barcelona,Clay,32,T2,,19940418,23,200723,6,,Iva Majoli,R,175,CRO,16.682,27,51,200035,,WC,Maria Sanchez Lorenzo,R,171,ESP,16.444,381,2,6-2 2-6 6-3,3,R16,,,,,,,,,,,,,,,,,,,
1994-211,Barcelona,Clay,32,T2,,19940418,24,200049,2,,Conchita Martinez,R,170,ESP,22.005,3,191,200725,,,Sandra Cecchini,R,170,ITA,29.137,56,28,6-2 6-3,3,R16,,,,,,,,,,,,,,,,,,,
1994-211,Barcelona,Clay,32,T2,,19940418,25,200017,1,,Arantxa Sanchez Vicario,R,168,ESP,22.333,2,237,200112,8,,Julie Halard Decugis,R,173,FRA,23.603,33,44,6-1 7-5,3,QF,,,,,,,,,,,,,,,,,,,
1994-211,Barcelona,Clay,32,T2,,19940418,26,200651,4,,Sabine Hack,,170,GER,24.767,18,70,200641,,,Patricia Tarabini,R,165,ARG,25.698,91,16,6-4 6-3,3,QF,,,,,,,,,,,,,,,,,,,
1994-211,Barcelona,Clay,32,T2,,19940418,27,200086,3,,Magdalena Maleeva,R,168,BUL,19.048,14,87,200595,,,Ann Grossman,,,USA,23.513,38,39,6-0 6-0,3,QF,,,,,,,,,,,,,,,,,,,
1994-211,Barcelona,Clay,32,T2,,19940418,28,200723,6,,Iva Majoli,R,175,CRO,16.682,27,51,200049,2,,Conchita Martinez,R,170,ESP,22.005,3,191,6-4 6-3,3,QF,,,,,,,,,,,,,,,,,,,
1994-211,Barcelona,Clay,32,T2,,19940418,29,200017,1,,Arantxa Sanchez Vicario,R,168,ESP,22.333,2,237,200651,4,,Sabine Hack,,170,GER,24.767,18,70,6-0 6-1,3,SF,,,,,,,,,,,,,,,,,,,
1994-211,Barcelona,Clay,32,T2,,19940418,30,200723,6,,Iva Majoli,R,175,CRO,16.682,27,51,200086,3,,Magdalena Maleeva,R,168,BUL,19.048,14,87,5-7 6-4 6-2,3,SF,,,,,,,,,,,,,,,,,,,
1994-211,Barcelona,Clay,32,T2,,19940418,31,200017,1,,Arantxa Sanchez Vicario,R,168,ESP,22.333,2,237,200723,6,,Iva Majoli,R,175,CRO,16.682,27,51,6-0 6-2,3,F,,,,,,,,,,,,,,,,,,,
1994-1055,Singapore,Hard,32,T4,,19940418,1,200644,1,,Naoko Sawamatsu,R,167,JPN,21.071,24,57,200574,,,Eva Sviglerova,,,CZE,22.766,119,12,6-3 6-1,3,R32,,,,,,,,,,,,,,,,,,,
1994-1055,Singapore,Hard,32,T4,,19940418,2,202042,,WC,Natalia Soetrisno,,,INA,18.273,370,2,200643,,LL,Petra Kamstra,,,NED,20.085,137,10,6-3 6-2,3,R32,,,,,,,,,,,,,,,,,,,
1994-1055,Singapore,Hard,32,T4,,19940418,3,200498,,,Michelle Jaggard Lai,R,146,AUS,24.951,143,10,200604,,,Barbara Paulus,R,177,AUT,23.628,163,8,1-6 6-3 6-2,3,R32,,,,,,,,,,,,,,,,,,,
1994-1055,Singapore,Hard,32,T4,,19940418,4,200026,4,,Florencia Labat,L,170,ARG,22.851,36,43,200659,,Q,Rika Hiraki,R,157,JPN,22.366,153,9,6-3 6-0,3,R32,,,,,,,,,,,,,,,,,,,
1994-1055,Singapore,Hard,32,T4,,19940418,5,200105,8,,Rachel Mcquillan,,170,AUS,22.377,74,20,200707,,,Romana Tedjakusuma,R,,INA,17.733,88,16,6-1 7-5,3,R32,,,,,,,,,,,,,,,,,,,
1994-1055,Singapore,Hard,32,T4,,19940418,6,200665,,,Yone Kamio,R,164,JPN,22.404,124,12,200016,,,Sandrine Testud,R,176,FRA,22.040,79,18,7-5 6-1,3,R32,,,,,,,,,,,,,,,,,,,
1994-1055,Singapore,Hard,32,T4,,19940418,7,200658,,,Fang Li,R,166,CHN,21.293,115,13,200632,,,Andrea Strnadova,,175,CZE,21.890,129,11,6-4 6-1,3,R32,,,,,,,,,,,,,,,,,,,
1994-1055,Singapore,Hard,32,T4,,19940418,8,200548,2,,Patty Fendick,R,165,USA,29.049,31,48,200547,,,Sandra Wasserman,R,173,BEL,24.107,125,12,6-0 6-3,3,R32,,,,,,,,,,,,,,,,,,,
1994-1055,Singapore,Hard,32,T4,,19940418,9,200718,,,Ludmila Richterova,,180,CZE,17.115,118,12,202181,,WC,Lela Zainal,,,SGP,22.018,,,6-1 6-1,3,R32,,,,,,,,,,,,,,,,,,,
1994-1055,Singapore,Hard,32,T4,,19940418,10,200439,,,Jenny Byrne,,,AUS,27.144,132,11,200726,,Q,Nancy Feber,L,160,BEL,18.199,194,6,6-1 6-3,3,R32,,,,,,,,,,,,,,,,,,,
1994-1055,Singapore,Hard,32,T4,,19940418,11,200095,6,,Linda Wild,R,,USA,23.182,43,34,200681,,,Natalia Baudone,,,ITA,21.766,136,10,6-4 3-6 7-6,3,R32,,,,,,,,,,,,,,,,,,,
1994-1055,Singapore,Hard,32,T4,,19940418,12,200689,,LL,Tessa Price,,,RSA,27.067,134,11,200464,,LL,Ann Henricksson,,,USA,34.465,148,9,6-4 6-2,3,R32,,,,,,,,,,,,,,,,,,,
1994-1055,Singapore,Hard,32,T4,,19940418,13,200559,,,Kristine Kunce,R,177,AUS,24.126,68,21,200085,,,Ai Sugiyama,R,163,JPN,18.788,128,11,6-1 6-2,3,R32,,,,,,,,,,,,,,,,,,,
1994-1055,Singapore,Hard,32,T4,,19940418,14,200624,,,Tami Whitlinger Jones,,,USA,25.427,99,15,200702,,Q,Naoko Kijimuta,R,164,JPN,22.062,168,8,6-4 7-5,3,R32,,,,,,,,,,,,,,,,,,,
1994-1055,Singapore,Hard,32,T4,,19940418,15,200655,,,Nicole Arendt,L,177,USA,24.644,114,13,200501,7,,Marianne Werdel Witmeyer,,,USA,26.503,52,30,7-5 3-6 6-2,3,R32,,,,,,,,,,,,,,,,,,,
1994-1055,Singapore,Hard,32,T4,,19940418,16,201275,,Q,Julie Steven,,,USA,17.983,,,200699,5,,Meredith Mcgrath,,,USA,22.974,40,38,6-2 6-2,3,R32,,,,,,,,,,,,,,,,,,,
1994-1055,Singapore,Hard,32,T4,,19940418,17,200644,1,,Naoko Sawamatsu,R,167,JPN,21.071,24,57,200718,,,Ludmila Richterova,,180,CZE,17.115,118,12,6-4 6-1,3,R16,,,,,,,,,,,,,,,,,,,
1994-1055,Singapore,Hard,32,T4,,19940418,18,200095,6,,Linda Wild,R,,USA,23.182,43,34,200439,,,Jenny Byrne,,,AUS,27.144,132,11,6-2 6-3,3,R16,,,,,,,,,,,,,,,,,,,
1994-1055,Singapore,Hard,32,T4,,19940418,19,200689,,LL,Tessa Price,,,RSA,27.067,134,11,200559,,,Kristine Kunce,R,177,AUS,24.126,68,21,2-6 6-3 7-6,3,R16,,,,,,,,,,,,,,,,,,,
1994-1055,Singapore,Hard,32,T4,,19940418,20,200655,,,Nicole Arendt,L,177,USA,24.644,114,13,200624,,,Tami Whitlinger Jones,,,USA,25.427,99,15,6-3 6-3,3,R16,,,,,,,,,,,,,,,,,,,
1994-1055,Singapore,Hard,32,T4,,19940418,21,201275,,Q,Julie Steven,,,USA,17.983,,,202042,,WC,Natalia Soetrisno,,,INA,18.273,370,2,7-6 6-2,3,R16,,,,,,,,,,,,,,,,,,,
1994-1055,Singapore,Hard,32,T4,,19940418,22,200026,4,,Florencia Labat,L,170,ARG,22.851,36,43,200498,,,Michelle Jaggard Lai,R,146,AUS,24.951,143,10,6-3 1-6 6-2,3,R16,,,,,,,,,,,,,,,,,,,
1994-1055,Singapore,Hard,32,T4,,19940418,23,200665,,,Yone Kamio,R,164,JPN,22.404,124,12,200105,8,,Rachel Mcquillan,,170,AUS,22.377,74,20,4-6 6-3 6-3,3,R16,,,,,,,,,,,,,,,,,,,
1994-1055,Singapore,Hard,32,T4,,19940418,24,200658,,,Fang Li,R,166,CHN,21.293,115,13,200548,2,,Patty Fendick,R,165,USA,29.049,31,48,6-1 4-6 6-4,3,R16,,,,,,,,,,,,,,,,,,,
1994-1055,Singapore,Hard,32,T4,,19940418,25,200644,1,,Naoko Sawamatsu,R,167,JPN,21.071,24,57,200095,6,,Linda Wild,R,,USA,23.182,43,34,6-1 6-3,3,QF,,,,,,,,,,,,,,,,,,,
1994-1055,Singapore,Hard,32,T4,,19940418,26,200655,,,Nicole Arendt,L,177,USA,24.644,114,13,200689,,LL,Tessa Price,,,RSA,27.067,134,11,6-3 7-6,3,QF,,,,,,,,,,,,,,,,,,,
1994-1055,Singapore,Hard,32,T4,,19940418,27,200026,4,,Florencia Labat,L,170,ARG,22.851,36,43,201275,,Q,Julie Steven,,,USA,17.983,,,6-0 6-4,3,QF,,,,,,,,,,,,,,,,,,,
1994-1055,Singapore,Hard,32,T4,,19940418,28,200658,,,Fang Li,R,166,CHN,21.293,115,13,200665,,,Yone Kamio,R,164,JPN,22.404,124,12,6-3 0-6 6-3,3,QF,,,,,,,,,,,,,,,,,,,
1994-1055,Singapore,Hard,32,T4,,19940418,29,200644,1,,Naoko Sawamatsu,R,167,JPN,21.071,24,57,200655,,,Nicole Arendt,L,177,USA,24.644,114,13,7-5 6-2,3,SF,,,,,,,,,,,,,,,,,,,
1994-1055,Singapore,Hard,32,T4,,19940418,30,200026,4,,Florencia Labat,L,170,ARG,22.851,36,43,200658,,,Fang Li,R,166,CHN,21.293,115,13,6-3 6-1,3,SF,,,,,,,,,,,,,,,,,,,
1994-1055,Singapore,Hard,32,T4,,19940418,31,200644,1,,Naoko Sawamatsu,R,167,JPN,21.071,24,57,200026,4,,Florencia Labat,L,170,ARG,22.851,36,43,7-5 7-5,3,F,,,,,,,,,,,,,,,,,,,
1994-D011,Fed Cup G1 RRH: ZIM vs IRL,Clay,4,D,,19940419,1,204590,,,Gina Niland,,,IRL,21.572,,,212394,,,Nicole Wagstaff,,,ZIM,23.910,,,6-1 6-3,3,RR,,,,,,,,,,,,,,,,,,,
1994-D011,Fed Cup G1 RRH: ZIM vs IRL,Clay,4,D,,19940419,2,200072,,,Cara Black,R,167,ZIM,15.168,,,204588,,,Karen Nugent,,,IRL,17.805,,,7-6(2) 6-1,3,RR,,,,,,,,,,,,,,,,,,,
1994-D015,Fed Cup G1 RRF: RUS vs LUX,Clay,4,D,,19940419,1,200693,,,Elena Makarova,R,,RUS,21.211,97,15,202078,,,Rosabel Moyen,,,LUX,19.891,,,6-1 6-1,3,RR,,,,,,,,,,,,,,,,,,,
1994-D015,Fed Cup G1 RRF: RUS vs LUX,Clay,4,D,,19940419,2,200675,,,Eugenia Maniokova,R,178,RUS,25.923,77,18,200124,,,Anne Kremer,R,165,LUX,18.506,,,6-4 6-1,3,RR,,,,,,,,,,,,,,,,,,,
1994-D035,Fed Cup G1 RRB: AUT vs MLT,Clay,4,D,,19940419,1,200032,,,Barbara Schett,R,176,AUT,18.109,89,16,212125,,,Carol Cassar Torreggiani,,,MLT,25.734,,,6-1 7-6(2),3,RR,,,,,,,,,,,,,,,,,,,
1994-D035,Fed Cup G1 RRB: AUT vs MLT,Clay,4,D,,19940419,2,200482,,,Judith Wiesner,R,,AUT,28.132,23,57,212081,,,Helen Asciak,,,MLT,31.220,,,6-0 6-0,3,RR,,,,,,,,,,,,,,,,,,,
1994-D042,Fed Cup G1 RRD: HUN vs NOR,Clay,4,D,,19940419,1,200119,,,Rita Kuti Kis,L,176,HUN,16.178,362,2,212356,,,Mette Sigmundstad,,,NOR,19.067,,,6-3 6-0,3,RR,,,,,,,,,,,,,,,,,,,
1994-D042,Fed Cup G1 RRD: HUN vs NOR,Clay,4,D,,19940419,2,202195,,,Petra Gaspar,,,HUN,17.178,436,1,212487,,,Linda Beate Andersen,,,NOR,18.202,,,6-1 6-4,3,RR,,,,,,,,,,,,,,,,,,,
1994-D069,Fed Cup G1 RRA: BEL vs TUR,Clay,4,D,,19940419,1,200076,,,Laurence Courtois,R,172,BEL,18.251,82,17,207166,,,Ismet Duygu Aksit Oal,,,TUR,22.541,,,7-5 6-0,3,RR,,,,,,,,,,,,,,,,,,,
1994-D069,Fed Cup G1 RRA: BEL vs TUR,Clay,4,D,,19940419,2,200080,,,Dominique Monami,R,170,BEL,20.885,65,23,207702,,,Stela Penciu,R,,TUR,23.968,,,6-4 6-2,3,RR,,,,,,,,,,,,,,,,,,,
1994-D079,Fed Cup G1 RRC: UKR vs TUN,Clay,4,D,,19940419,1,200740,,,Elena Tatarkova,L,170,UKR,17.657,,,207696,,,Imen Ben Larbi,,,TUN,16.337,,,6-1 6-1,3,RR,,,,,,,,,,,,,,,,,,,
1994-D079,Fed Cup G1 RRC: UKR vs TUN,Clay,4,D,,19940419,2,200612,,,Natalia Medvedeva,R,176,UKR,22.426,28,51,207698,,,Aicha Ferjani,,,TUN,20.206,,,6-1 6-1,3,RR,,,,,,,,,,,,,,,,,,,
1994-D008,Fed Cup G1 RRH: SLO vs IRL,Clay,4,D,,19940420,1,200695,,,Tina Krizan,R,175,SLO,20.091,180,7,204590,,,Gina Niland,,,IRL,21.575,,,6-0 6-0,3,RR,,,,,,,,,,,,,,,,,,,
1994-D008,Fed Cup G1 RRH: SLO vs IRL,Clay,4,D,,19940420,2,200672,,,Barbara Mulej,R,,SLO,19.894,135,11,204588,,,Karen Nugent,,,IRL,17.807,,,6-2 6-1,3,RR,,,,,,,,,,,,,,,,,,,
1994-D017,Fed Cup G1 RRB: AUT vs POR,Clay,4,D,,19940420,1,200032,,,Barbara Schett,R,176,AUT,18.111,89,16,204605,,,Joana Pedroso,,,POR,20.200,,,4-6 7-5 6-2,3,RR,,,,,,,,,,,,,,,,,,,
1994-D017,Fed Cup G1 RRB: AUT vs POR,Clay,4,D,,19940420,2,200482,,,Judith Wiesner,R,,AUT,28.135,23,57,201963,,,Sofia Prazeres,,,POR,19.836,173,7,6-1 7-6(1),3,RR,,,,,,,,,,,,,,,,,,,
1994-D050,Fed Cup G1 RRA: TUR vs EST,Clay,4,D,,19940420,1,207166,,,Ismet Duygu Aksit Oal,,,TUR,22.544,,,207078,,,Helina Lill,,,EST,17.479,,,6-3 6-2,3,RR,,,,,,,,,,,,,,,,,,,
1994-D050,Fed Cup G1 RRA: TUR vs EST,Clay,4,D,,19940420,2,212396,,,Helene Holter,,,EST,20.887,,,207702,,,Stela Penciu,R,,TUR,23.970,,,6-4 6-1,3,RR,,,,,,,,,,,,,,,,,,,
1994-D052,Fed Cup G1 RRG: BLR vs EGY,Clay,4,D,,19940420,1,200711,,,Tatiana Ignatieva,,173,BLR,19.858,,,212513,,,Mehry Shawki,,,EGY,17.117,,,6-2 6-0,3,RR,,,,,,,,,,,,,,,,,,,
1994-D052,Fed Cup G1 RRG: BLR vs EGY,Clay,4,D,,19940420,2,200116,,,Natalia Zvereva,R,174,BLR,23.012,10,110,212399,,,Shahira Tawfik,,,EGY,21.717,,,6-3 6-0,3,RR,,,,,,,,,,,,,,,,,,,
1994-D060,Fed Cup G1 RRF: GBR vs RUS,Clay,4,D,,19940420,1,200392,,,Jo Durie,R,163,GBR,33.731,384,2,200693,,,Elena Makarova,R,,RUS,21.213,97,15,4-6 7-5 7-5,3,RR,,,,,,,,,,,,,,,,,,,
1994-D060,Fed Cup G1 RRF: GBR vs RUS,Clay,4,D,,19940420,2,200542,,,Clare Wood,R,,GBR,26.117,80,17,200675,,,Eugenia Maniokova,R,178,RUS,25.925,77,18,2-6 6-3 9-7,3,RR,,,,,,,,,,,,,,,,,,,
1994-D066,Fed Cup G1 RRE: GRE vs LTU,Clay,4,D,,19940420,1,202946,,,Christina Zachariadou,R,,GRE,19.644,493,1,206567,,,Odeta Naujokaite,,,LTU,14.859,,,6-2 6-0,3,RR,,,,,,,,,,,,,,,,,,,
1994-D066,Fed Cup G1 RRE: GRE vs LTU,Clay,4,D,,19940420,2,206575,,,Galina Misiuriova,,,LTU,20.830,,,200696,,,Christina Papadaki,R,,GRE,21.150,195,6,1-6 7-6(5) RET,5,RR,,,,,,,,,,,,,,,,,,,
1994-D009,Fed Cup G1 RRG: BLR vs ISR,Clay,4,D,,19940421,1,200711,,,Tatiana Ignatieva,,173,BLR,19.861,,,201809,,,Hila Rosen,R,,ISR,16.625,,,7-5 3-6 6-2,3,RR,,,,,,,,,,,,,,,,,,,
1994-D009,Fed Cup G1 RRG: BLR vs ISR,Clay,4,D,,19940421,2,200116,,,Natalia Zvereva,R,174,BLR,23.015,10,110,200040,,,Anna Smashnova,R,157,ISR,17.764,92,16,6-3 6-2,3,RR,,,,,,,,,,,,,,,,,,,
1994-D014,Fed Cup G1 RRA: BEL vs EST,Clay,4,D,,19940421,1,200080,,,Dominique Monami,R,170,BEL,20.890,65,23,212409,,,Kristina Grunberg,,,EST,26.235,,,6-1 6-0,3,RR,,,,,,,,,,,,,,,,,,,
1994-D014,Fed Cup G1 RRA: BEL vs EST,Clay,4,D,,19940421,2,200037,,,Sabine Appelmans,L,168,BEL,21.996,19,68,207078,,,Helina Lill,,,EST,17.482,,,6-1 6-0,3,RR,,,,,,,,,,,,,,,,,,,
1994-D041,Fed Cup G1 RRD: ROU vs HUN,Clay,4,D,,19940421,1,200059,,,Ruxandra Dragomir Ilie,R,168,ROU,21.490,90,16,200119,,,Rita Kuti Kis,L,176,HUN,16.184,362,2,6-1 4-6 6-4,3,RR,,,,,,,,,,,,,,,,,,,
1994-D041,Fed Cup G1 RRD: ROU vs HUN,Clay,4,D,,19940421,2,200051,,,Irina Spirlea,R,175,ROU,20.072,66,22,202195,,,Petra Gaspar,,,HUN,17.183,436,1,6-1 7-6(5),3,RR,,,,,,,,,,,,,,,,,,,
1994-D044,Fed Cup G1 RRE: SVK vs GRE,Clay,4,D,,19940421,1,200530,,,Radomira Zrubakova,R,169,SVK,23.319,158,9,207100,,,Alexandra Rentzoula,,,GRE,19.242,,,7-5 6-0,3,RR,,,,,,,,,,,,,,,,,,,
1994-D044,Fed Cup G1 RRE: SVK vs GRE,Clay,4,D,,19940421,2,200697,,,Janette Husarova,R,169,SVK,19.880,93,16,202946,,,Christina Zachariadou,R,,GRE,19.647,493,1,6-2 6-0,3,RR,,,,,,,,,,,,,,,,,,,
1994-D072,Fed Cup G1 RRC: GEO vs UKR,Clay,4,D,,19940421,1,200740,,,Elena Tatarkova,L,170,UKR,17.662,,,201850,,,Nino Louarsabishvili,,,GEO,17.210,486,1,6-2 6-3,3,RR,,,,,,,,,,,,,,,,,,,
1994-D072,Fed Cup G1 RRC: GEO vs UKR,Clay,4,D,,19940421,2,200601,,,Leila Meskhi,R,164,GEO,26.292,35,43,200612,,,Natalia Medvedeva,R,176,UKR,22.432,28,51,6-1 6-1,3,RR,,,,,,,,,,,,,,,,,,,
1994-D080,Fed Cup G1 RRB: POR vs MLT,Clay,4,D,,19940421,1,204605,,,Joana Pedroso,,,POR,20.203,,,212082,,,Lisa Camenzuli,,,MLT,17.263,,,6-4 6-4,3,RR,,,,,,,,,,,,,,,,,,,
1994-D080,Fed Cup G1 RRB: POR vs MLT,Clay,4,D,,19940421,2,201963,,,Sofia Prazeres,,,POR,19.839,173,7,212125,,,Carol Cassar Torreggiani,,,MLT,25.739,,,6-3 6-0,3,RR,,,,,,,,,,,,,,,,,,,
1994-D007,Fed Cup G1 R1: POR vs BLR,Clay,4,D,,19940422,1,200711,,,Tatiana Ignatieva,,173,BLR,19.864,,,204605,,,Joana Pedroso,,,POR,20.206,,,6-4 6-1,3,RR,,,,,,,,,,,,,,,,,,,
1994-D007,Fed Cup G1 R1: POR vs BLR,Clay,4,D,,19940422,2,200116,,,Natalia Zvereva,R,174,BLR,23.018,10,110,201963,,,Sofia Prazeres,,,POR,19.842,173,7,1-6 6-0 6-1,3,RR,,,,,,,,,,,,,,,,,,,
1994-D013,Fed Cup G1 R1: AUT vs RUS,Clay,4,D,,19940422,1,200693,,,Elena Makarova,R,,RUS,21.219,97,15,200032,,,Barbara Schett,R,176,AUT,18.117,89,16,6-3 6-4,3,RR,,,,,,,,,,,,,,,,,,,
1994-D013,Fed Cup G1 R1: AUT vs RUS,Clay,4,D,,19940422,2,200482,,,Judith Wiesner,R,,AUT,28.140,23,57,200675,,,Eugenia Maniokova,R,178,RUS,25.931,77,18,6-1 6-2,3,RR,,,,,,,,,,,,,,,,,,,
1994-D040,Fed Cup G1 R1: ROU vs HUN,Clay,4,D,,19940422,1,200059,,,Ruxandra Dragomir Ilie,R,168,ROU,21.493,90,16,200119,,,Rita Kuti Kis,L,176,HUN,16.187,362,2,7-5 7-6(5),3,RR,,,,,,,,,,,,,,,,,,,
1994-D040,Fed Cup G1 R1: ROU vs HUN,Clay,4,D,,19940422,2,200051,,,Irina Spirlea,R,175,ROU,20.074,66,22,202195,,,Petra Gaspar,,,HUN,17.186,436,1,6-3 6-0,3,RR,,,,,,,,,,,,,,,,,,,
1994-D043,Fed Cup G1 R1: SVK vs GRE,Clay,4,D,,19940422,1,200530,,,Radomira Zrubakova,R,169,SVK,23.321,158,9,207100,,,Alexandra Rentzoula,,,GRE,19.245,,,6-0 6-1,3,RR,,,,,,,,,,,,,,,,,,,
1994-D043,Fed Cup G1 R1: SVK vs GRE,Clay,4,D,,19940422,2,200006,,,Karina Habsudova,R,170,SVK,20.720,113,13,202946,,,Christina Zachariadou,R,,GRE,19.650,493,1,6-1 2-0 RET,5,RR,,,,,,,,,,,,,,,,,,,
1994-D055,Fed Cup G1 R1: ISR vs GBR,Clay,4,D,,19940422,1,200392,,,Jo Durie,R,163,GBR,33.736,384,2,204498,,,Shiri Burstein,,,ISR,19.379,555,1,6-3 6-2,3,RR,,,,,,,,,,,,,,,,,,,
1994-D055,Fed Cup G1 R1: ISR vs GBR,Clay,4,D,,19940422,2,200542,,,Clare Wood,R,,GBR,26.122,80,17,200040,,,Anna Smashnova,R,157,ISR,17.766,92,16,6-2 6-1,3,RR,,,,,,,,,,,,,,,,,,,
1994-D068,Fed Cup G1 R1: BEL vs TUR,Clay,4,D,,19940422,1,200080,,,Dominique Monami,R,170,BEL,20.893,65,23,212495,,,Esra Bayburt,,,TUR,18.894,,,6-1 6-0,3,RR,,,,,,,,,,,,,,,,,,,
1994-D068,Fed Cup G1 R1: BEL vs TUR,Clay,4,D,,19940422,2,200037,,,Sabine Appelmans,L,168,BEL,21.999,19,68,207166,,,Ismet Duygu Aksit Oal,,,TUR,22.549,,,6-1 6-1,3,RR,,,,,,,,,,,,,,,,,,,
1994-D071,Fed Cup G1 R1: ZIM vs GEO,Clay,4,D,,19940422,1,201850,,,Nino Louarsabishvili,,,GEO,17.213,486,1,206620,,,Diana Mills,,,ZIM,21.063,,,6-0 6-0,3,RR,,,,,,,,,,,,,,,,,,,
1994-D071,Fed Cup G1 R1: ZIM vs GEO,Clay,4,D,,19940422,2,200601,,,Leila Meskhi,R,164,GEO,26.295,35,43,200072,,,Cara Black,R,167,ZIM,15.176,,,6-4 6-2,3,RR,,,,,,,,,,,,,,,,,,,
1994-D104,Fed Cup G1 R1: UKR vs SLO,Clay,4,D,,19940422,1,200695,,,Tina Krizan,R,175,SLO,20.096,180,7,200740,,,Elena Tatarkova,L,170,UKR,17.665,,,6-2 6-0,3,RR,,,,,,,,,,,,,,,,,,,
1994-D104,Fed Cup G1 R1: UKR vs SLO,Clay,4,D,,19940422,2,200612,,,Natalia Medvedeva,R,176,UKR,22.434,28,51,200672,,,Barbara Mulej,R,,SLO,19.899,135,11,6-2 4-6 6-3,3,RR,,,,,,,,,,,,,,,,,,,
1994-D001,Fed Cup G1 QF: ROU vs BLR,Clay,4,D,,19940423,1,200059,,,Ruxandra Dragomir Ilie,R,168,ROU,21.495,90,16,200711,,,Tatiana Ignatieva,,173,BLR,19.866,,,6-2 6-4,3,RR,,,,,,,,,,,,,,,,,,,
1994-D001,Fed Cup G1 QF: ROU vs BLR,Clay,4,D,,19940423,2,200116,,,Natalia Zvereva,R,174,BLR,23.020,10,110,200051,,,Irina Spirlea,R,175,ROU,20.077,66,22,6-3 3-6 6-1,3,RR,,,,,,,,,,,,,,,,,,,
1994-D023,Fed Cup G1 QF: AUT vs UKR,Clay,4,D,,19940423,1,200627,,,Petra Schwarz,R,168,AUT,21.914,105,14,200634,,,Elena Brioukhovets,,,UKR,22.875,109,14,6-3 6-4,3,RR,,,,,,,,,,,,,,,,,,,
1994-D023,Fed Cup G1 QF: AUT vs UKR,Clay,4,D,,19940423,2,200482,,,Judith Wiesner,R,,AUT,28.143,23,57,200612,,,Natalia Medvedeva,R,176,UKR,22.437,28,51,6-2 6-4,3,RR,,,,,,,,,,,,,,,,,,,
1994-D074,Fed Cup G1 QF: SVK vs GEO,Clay,4,D,,19940423,1,200530,,,Radomira Zrubakova,R,169,SVK,23.324,158,9,201850,,,Nino Louarsabishvili,,,GEO,17.216,486,1,6-2 6-1,3,RR,,,,,,,,,,,,,,,,,,,
1994-D074,Fed Cup G1 QF: SVK vs GEO,Clay,4,D,,19940423,2,200601,,,Leila Meskhi,R,164,GEO,26.298,35,43,200697,,,Janette Husarova,R,169,SVK,19.885,93,16,6-4 6-1,3,RR,,,,,,,,,,,,,,,,,,,
1994-D091,Fed Cup G1 QF: BEL vs GBR,Clay,4,D,,19940423,1,200080,,,Dominique Monami,R,170,BEL,20.896,65,23,200392,,,Jo Durie,R,163,GBR,33.739,384,2,7-5 6-3,3,RR,,,,,,,,,,,,,,,,,,,
1994-D091,Fed Cup G1 QF: BEL vs GBR,Clay,4,D,,19940423,2,200037,,,Sabine Appelmans,L,168,BEL,22.002,19,68,200542,,,Clare Wood,R,,GBR,26.125,80,17,5-7 6-3 6-2,3,RR,,,,,,,,,,,,,,,,,,,
1994-601,Hamburg,Clay,32,T2,,19940425,1,200414,1,,Steffi Graf,R,175,GER,24.863,1,437,200668,,,Silke Frankl,,,GER,23.907,122,12,6-0 6-0,3,R32,,,,,,,,,,,,,,,,,,,
1994-601,Hamburg,Clay,32,T2,,19940425,2,200671,,,Meike Babel,R,173,GER,19.423,42,34,200587,,WC,Silke Meier,,,GER,25.783,157,8,6-4 6-1,3,R32,,,,,,,,,,,,,,,,,,,
1994-601,Hamburg,Clay,32,T2,,19940425,3,200687,,Q,Katarzyna Nowak,,173,POL,25.279,173,7,200506,,,Wiltrud Probst,R,170,GER,24.907,69,21,3-6 7-6 6-4,3,R32,,,,,,,,,,,,,,,,,,,
1994-601,Hamburg,Clay,32,T2,,19940425,4,200081,4,,Anke Huber,R,173,GER,19.390,11,107,200675,,,Eugenia Maniokova,R,178,RUS,25.939,80,18,6-2 6-1,3,R32,,,,,,,,,,,,,,,,,,,
1994-601,Hamburg,Clay,32,T2,,19940425,5,200455,8,,Katerina Maleeva,R,168,BUL,24.967,30,46,200542,,,Clare Wood,R,,GBR,26.131,79,18,6-2 6-0,3,R32,,,,,,,,,,,,,,,,,,,
1994-601,Hamburg,Clay,32,T2,,19940425,6,200601,,,Leila Meskhi,R,164,GEO,26.303,36,43,200641,,,Patricia Tarabini,R,165,ARG,25.717,72,20,7-5 6-2,3,R32,,,,,,,,,,,,,,,,,,,
1994-601,Hamburg,Clay,32,T2,,19940425,7,200674,,LL,Bettina Fulco,R,,ARG,25.504,137,10,200712,,,Katerina Kroupova,,,CZE,20.176,96,15,6-0 6-1,3,R32,,,,,,,,,,,,,,,,,,,
1994-601,Hamburg,Clay,32,T2,,19940425,8,200017,2,,Arantxa Sanchez Vicario,R,168,ESP,22.352,2,233,200614,,Q,Elena Pampoulova,,,BUL,21.939,,,4-6 6-3 7-6,3,R32,,,,,,,,,,,,,,,,,,,
1994-601,Hamburg,Clay,32,T2,,19940425,9,200705,,,Linda Ferrando,,170,ITA,28.283,37,40,201834,,WC,Heike Rusch,,,GER,17.813,194,6,6-3 6-0,3,R32,,,,,,,,,,,,,,,,,,,
1994-601,Hamburg,Clay,32,T2,,19940425,10,201993,,Q,Pavlina Rajzlova,,,CZE,21.922,,,200648,,,Marketa Kochta,R,168,GER,18.782,56,27,7-5 6-4,3,R32,,,,,,,,,,,,,,,,,,,
1994-601,Hamburg,Clay,32,T2,,19940425,11,200086,5,,Magdalena Maleeva,R,168,BUL,19.067,14,91,200584,,,Laura Golarsa,R,165,ITA,26.410,81,18,6-0 6-1,3,R32,,,,,,,,,,,,,,,,,,,
1994-601,Hamburg,Clay,32,T2,,19940425,12,200539,3,,Jana Novotna,R,175,CZE,25.561,5,145,200048,,,Elena Likhovtseva,R,174,RUS,18.629,54,28,6-3 6-3,3,R32,,,,,,,,,,,,,,,,,,,
1994-601,Hamburg,Clay,32,T2,,19940425,13,200693,,,Elena Makarova,R,,RUS,21.227,98,15,200595,,,Ann Grossman,,,USA,23.532,38,38,6-7 7-6 6-2,3,R32,,,,,,,,,,,,,,,,,,,
1994-601,Hamburg,Clay,32,T2,,19940425,14,200094,,,Barbara Rittner,R,173,GER,21.000,39,38,200634,,,Elena Brioukhovets,,,UKR,22.881,103,14,6-1 4-6 6-3,3,R32,,,,,,,,,,,,,,,,,,,
1994-601,Hamburg,Clay,32,T2,,19940425,15,200698,,,Petra Begerow,R,178,GER,19.031,118,12,200612,7,,Natalia Medvedeva,R,176,UKR,22.443,28,51,7-5 7-5,3,R32,,,,,,,,,,,,,,,,,,,
1994-601,Hamburg,Clay,32,T2,,19940425,16,200651,6,,Sabine Hack,,170,GER,24.786,17,69,200117,,Q,Kveta Peschke,R,165,CZE,18.796,,,6-2 7-6,3,R32,,,,,,,,,,,,,,,,,,,
1994-601,Hamburg,Clay,32,T2,,19940425,17,200414,1,,Steffi Graf,R,175,GER,24.863,1,437,200705,,,Linda Ferrando,,170,ITA,28.283,37,40,6-1 6-1,3,R16,,,,,,,,,,,,,,,,,,,
1994-601,Hamburg,Clay,32,T2,,19940425,18,200086,5,,Magdalena Maleeva,R,168,BUL,19.067,14,91,201993,,Q,Pavlina Rajzlova,,,CZE,21.922,,,6-1 6-4,3,R16,,,,,,,,,,,,,,,,,,,
1994-601,Hamburg,Clay,32,T2,,19940425,19,200539,3,,Jana Novotna,R,175,CZE,25.561,5,145,200693,,,Elena Makarova,R,,RUS,21.227,98,15,6-1 6-1,3,R16,,,,,,,,,,,,,,,,,,,
1994-601,Hamburg,Clay,32,T2,,19940425,20,200094,,,Barbara Rittner,R,173,GER,21.000,39,38,200698,,,Petra Begerow,R,178,GER,19.031,118,12,6-4 5-7 7-5,3,R16,,,,,,,,,,,,,,,,,,,
1994-601,Hamburg,Clay,32,T2,,19940425,21,200651,6,,Sabine Hack,,170,GER,24.786,17,69,200671,,,Meike Babel,R,173,GER,19.423,42,34,6-3 3-6 6-1,3,R16,,,,,,,,,,,,,,,,,,,
1994-601,Hamburg,Clay,32,T2,,19940425,22,200081,4,,Anke Huber,R,173,GER,19.390,11,107,200687,,Q,Katarzyna Nowak,,173,POL,25.279,173,7,3-6 6-4 6-1,3,R16,,,,,,,,,,,,,,,,,,,
1994-601,Hamburg,Clay,32,T2,,19940425,23,200601,,,Leila Meskhi,R,164,GEO,26.303,36,43,200455,8,,Katerina Maleeva,R,168,BUL,24.967,30,46,6-0 4-6 6-1,3,R16,,,,,,,,,,,,,,,,,,,
1994-601,Hamburg,Clay,32,T2,,19940425,24,200017,2,,Arantxa Sanchez Vicario,R,168,ESP,22.352,2,233,200674,,LL,Bettina Fulco,R,,ARG,25.504,137,10,6-3 6-0,3,R16,,,,,,,,,,,,,,,,,,,
1994-601,Hamburg,Clay,32,T2,,19940425,25,200414,1,,Steffi Graf,R,175,GER,24.863,1,437,200086,5,,Magdalena Maleeva,R,168,BUL,19.067,14,91,7-5 3-6 6-0,3,QF,,,,,,,,,,,,,,,,,,,
1994-601,Hamburg,Clay,32,T2,,19940425,26,200539,3,,Jana Novotna,R,175,CZE,25.561,5,145,200094,,,Barbara Rittner,R,173,GER,21.000,39,38,6-2 6-2,3,QF,,,,,,,,,,,,,,,,,,,
1994-601,Hamburg,Clay,32,T2,,19940425,27,200651,6,,Sabine Hack,,170,GER,24.786,17,69,200081,4,,Anke Huber,R,173,GER,19.390,11,107,6-3 6-3,3,QF,,,,,,,,,,,,,,,,,,,
1994-601,Hamburg,Clay,32,T2,,19940425,28,200017,2,,Arantxa Sanchez Vicario,R,168,ESP,22.352,2,233,200601,,,Leila Meskhi,R,164,GEO,26.303,36,43,6-2 7-6,3,QF,,,,,,,,,,,,,,,,,,,
1994-601,Hamburg,Clay,32,T2,,19940425,29,200414,1,,Steffi Graf,R,175,GER,24.863,1,437,200539,3,,Jana Novotna,R,175,CZE,25.561,5,145,6-3 6-3,3,SF,,,,,,,,,,,,,,,,,,,
1994-601,Hamburg,Clay,32,T2,,19940425,30,200017,2,,Arantxa Sanchez Vicario,R,168,ESP,22.352,2,233,200651,6,,Sabine Hack,,170,GER,24.786,17,69,6-2 7-6,3,SF,,,,,,,,,,,,,,,,,,,
1994-601,Hamburg,Clay,32,T2,,19940425,31,200017,2,,Arantxa Sanchez Vicario,R,168,ESP,22.352,2,233,200414,1,,Steffi Graf,R,175,GER,24.863,1,437,4-6 7-6 7-6,3,F,,,,,,,,,,,,,,,,,,,
1994-653,Jakarta,Hard,32,T4,,19940425,1,200684,1,,Shi Ting Wang,R,171,TPE,20.515,35,44,201627,,,Kim De Weille,,,NED,18.035,,,6-3 6-2,3,R32,,,,,,,,,,,,,,,,,,,
1994-653,Jakarta,Hard,32,T4,,19940425,2,200439,,,Jenny Byrne,,,AUS,27.163,123,12,200498,,,Michelle Jaggard Lai,R,146,AUS,24.970,134,11,7-6 7-5,3,R32,,,,,,,,,,,,,,,,,,,
1994-653,Jakarta,Hard,32,T4,,19940425,3,200632,,,Andrea Strnadova,,175,CZE,21.909,128,11,201341,,Q,Mi Ra Jeon,,174,KOR,16.214,332,2,6-2 6-3,3,R32,,,,,,,,,,,,,,,,,,,
1994-653,Jakarta,Hard,32,T4,,19940425,4,200559,4,,Kristine Kunce,R,177,AUS,24.146,65,22,200574,,,Eva Sviglerova,,,CZE,22.785,124,12,6-3 6-3,3,R32,,,,,,,,,,,,,,,,,,,
1994-653,Jakarta,Hard,32,T4,,19940425,5,200716,,,Sung Hee Park,R,165,KOR,19.185,153,9,200707,7,,Romana Tedjakusuma,R,,INA,17.753,110,14,6-2 6-2,3,R32,,,,,,,,,,,,,,,,,,,
1994-653,Jakarta,Hard,32,T4,,19940425,6,200494,,Q,Dianne Van Rensburg,R,,RSA,26.142,,,202043,,WC,Mimma Chernovita,,,INA,19.453,,,6-3 6-0,3,R32,,,,,,,,,,,,,,,,,,,
1994-653,Jakarta,Hard,32,T4,,19940425,7,200726,,,Nancy Feber,L,160,BEL,18.218,200,6,200643,,,Petra Kamstra,,,NED,20.104,140,10,6-2 4-6 6-4,3,R32,,,,,,,,,,,,,,,,,,,
1994-653,Jakarta,Hard,32,T4,,19940425,8,200026,2,,Florencia Labat,L,170,ARG,22.870,32,45,200702,,,Naoko Kijimuta,R,164,JPN,22.081,161,8,7-5 6-4,3,R32,,,,,,,,,,,,,,,,,,,
1994-653,Jakarta,Hard,32,T4,,19940425,9,202040,,LL,Linda Niemantsverdriet,,,NED,19.373,171,7,200464,,,Ann Henricksson,,,USA,34.484,162,8,6-0 7-5,3,R32,,,,,,,,,,,,,,,,,,,
1994-653,Jakarta,Hard,32,T4,,19940425,10,200578,,,Rennae Stubbs,R,178,AUS,23.083,152,9,200066,,,Cristina Torrens Valero,R,171,ESP,19.617,,,6-4 3-6 6-3,3,R32,,,,,,,,,,,,,,,,,,,
1994-653,Jakarta,Hard,32,T4,,19940425,11,200606,,LL,Nana Smith,R,163,JPN,23.042,,,200598,,Q,Jeri Ingram,,,USA,23.398,,,6-1 6-1,3,R32,,,,,,,,,,,,,,,,,,,
1994-653,Jakarta,Hard,32,T4,,19940425,12,200653,3,,Yayuk Basuki,R,164,INA,23.401,49,33,202042,,WC,Natalia Soetrisno,,,INA,18.292,,,6-2 6-1,3,R32,,,,,,,,,,,,,,,,,,,
1994-653,Jakarta,Hard,32,T4,,19940425,13,200615,,,Kristin Godridge,,,HKG,21.211,165,8,200057,,,Erika De Lone,R,,USA,21.528,187,6,6-3 6-4,3,R32,,,,,,,,,,,,,,,,,,,
1994-653,Jakarta,Hard,32,T4,,19940425,14,200689,,,Tessa Price,,,RSA,27.086,125,12,200604,,,Barbara Paulus,R,177,AUT,23.647,158,8,6-2 7-6,3,R32,,,,,,,,,,,,,,,,,,,
1994-653,Jakarta,Hard,32,T4,,19940425,15,200655,8,,Nicole Arendt,L,177,USA,24.663,90,16,200021,,Q,Alexia Dechaume Balleret,R,,FRA,23.979,,,6-2 6-3,3,R32,,,,,,,,,,,,,,,,,,,
1994-653,Jakarta,Hard,32,T4,,19940425,16,200105,5,,Rachel Mcquillan,,170,AUS,22.396,74,19,200721,,LL,Hiromi Nagano,,,JPN,22.766,,,6-2 6-3,3,R32,,,,,,,,,,,,,,,,,,,
1994-653,Jakarta,Hard,32,T4,,19940425,17,200684,1,,Shi Ting Wang,R,171,TPE,20.515,35,44,202040,,LL,Linda Niemantsverdriet,,,NED,19.373,171,7,7-6 3-1 RET,3,R16,,,,,,,,,,,,,,,,,,,
1994-653,Jakarta,Hard,32,T4,,19940425,18,200606,,LL,Nana Smith,R,163,JPN,23.042,,,200578,,,Rennae Stubbs,R,178,AUS,23.083,152,9,7-5 7-5,3,R16,,,,,,,,,,,,,,,,,,,
1994-653,Jakarta,Hard,32,T4,,19940425,19,200653,3,,Yayuk Basuki,R,164,INA,23.401,49,33,200615,,,Kristin Godridge,,,HKG,21.211,165,8,6-7 7-6 7-5,3,R16,,,,,,,,,,,,,,,,,,,
1994-653,Jakarta,Hard,32,T4,,19940425,20,200655,8,,Nicole Arendt,L,177,USA,24.663,90,16,200689,,,Tessa Price,,,RSA,27.086,125,12,6-4 6-2,3,R16,,,,,,,,,,,,,,,,,,,
1994-653,Jakarta,Hard,32,T4,,19940425,21,200105,5,,Rachel Mcquillan,,170,AUS,22.396,74,19,200439,,,Jenny Byrne,,,AUS,27.163,123,12,2-6 6-2 6-4,3,R16,,,,,,,,,,,,,,,,,,,
1994-653,Jakarta,Hard,32,T4,,19940425,22,200559,4,,Kristine Kunce,R,177,AUS,24.146,65,22,200632,,,Andrea Strnadova,,175,CZE,21.909,128,11,6-7 6-3 6-3,3,R16,,,,,,,,,,,,,,,,,,,
1994-653,Jakarta,Hard,32,T4,,19940425,23,200494,,Q,Dianne Van Rensburg,R,,RSA,26.142,,,200716,,,Sung Hee Park,R,165,KOR,19.185,153,9,7-6 6-2,3,R16,,,,,,,,,,,,,,,,,,,
1994-653,Jakarta,Hard,32,T4,,19940425,24,200026,2,,Florencia Labat,L,170,ARG,22.870,32,45,200726,,,Nancy Feber,L,160,BEL,18.218,200,6,6-3 6-4,3,R16,,,,,,,,,,,,,,,,,,,
1994-653,Jakarta,Hard,32,T4,,19940425,25,200684,1,,Shi Ting Wang,R,171,TPE,20.515,35,44,200606,,LL,Nana Smith,R,163,JPN,23.042,,,4-6 7-5 6-1,3,QF,,,,,,,,,,,,,,,,,,,
1994-653,Jakarta,Hard,32,T4,,19940425,26,200653,3,,Yayuk Basuki,R,164,INA,23.401,49,33,200655,8,,Nicole Arendt,L,177,USA,24.663,90,16,6-7 7-6 6-3,3,QF,,,,,,,,,,,,,,,,,,,
1994-653,Jakarta,Hard,32,T4,,19940425,27,200559,4,,Kristine Kunce,R,177,AUS,24.146,65,22,200105,5,,Rachel Mcquillan,,170,AUS,22.396,74,19,4-6 7-6 6-3,3,QF,,,,,,,,,,,,,,,,,,,
1994-653,Jakarta,Hard,32,T4,,19940425,28,200026,2,,Florencia Labat,L,170,ARG,22.870,32,45,200494,,Q,Dianne Van Rensburg,R,,RSA,26.142,,,6-2 6-1,3,QF,,,,,,,,,,,,,,,,,,,
1994-653,Jakarta,Hard,32,T4,,19940425,29,200653,3,,Yayuk Basuki,R,164,INA,23.401,49,33,200684,1,,Shi Ting Wang,R,171,TPE,20.515,35,44,6-2 6-7 6-3,3,SF,,,,,,,,,,,,,,,,,,,
1994-653,Jakarta,Hard,32,T4,,19940425,30,200026,2,,Florencia Labat,L,170,ARG,22.870,32,45,200559,4,,Kristine Kunce,R,177,AUS,24.146,65,22,5-7 7-6 6-3,3,SF,,,,,,,,,,,,,,,,,,,
1994-653,Jakarta,Hard,32,T4,,19940425,31,200653,3,,Yayuk Basuki,R,164,INA,23.401,49,33,200026,2,,Florencia Labat,L,170,ARG,22.870,32,45,6-4 3-6 7-6,3,F,,,,,,,,,,,,,,,,,,,
1994-306,Taranto,Clay,32,T4,,19940425,1,200019,,,Alexandra Fusai,R,176,FRA,20.422,85,17,200482,1,,Judith Wiesner,R,,AUT,28.148,25,61,7-6 6-3,3,R32,,,,,,,,,,,,,,,,,,,
1994-306,Taranto,Clay,32,T4,,19940425,2,200700,,,Silvia Farina Elia,R,172,ITA,21.994,82,17,200706,,,Catalina Cristea,R,178,ROU,18.897,127,12,7-5 7-5,3,R32,,,,,,,,,,,,,,,,,,,
1994-306,Taranto,Clay,32,T4,,19940425,3,200704,,,Maria Jose Gaidano,,171,ARG,20.918,106,14,201051,,Q,Laura Lapi,,,ITA,23.623,181,7,6-3 6-3,3,R32,,,,,,,,,,,,,,,,,,,
1994-306,Taranto,Clay,32,T4,,19940425,4,200112,3,,Julie Halard Decugis,R,173,FRA,23.623,34,45,200127,,,Sarah Pitkowski Malcor,R,,FRA,18.448,150,9,7-5 6-2,3,R32,,,,,,,,,,,,,,,,,,,
1994-306,Taranto,Clay,32,T4,,19940425,5,200006,,,Karina Habsudova,R,170,SVK,20.729,115,13,200080,8,,Dominique Monami,R,170,BEL,20.901,63,23,6-2 6-0,3,R32,,,,,,,,,,,,,,,,,,,
1994-306,Taranto,Clay,32,T4,,19940425,6,200547,,,Sandra Wasserman,R,173,BEL,24.126,129,11,201061,,,Eva Martincova,,170,CZE,19.143,126,12,6-4 6-2,3,R32,,,,,,,,,,,,,,,,,,,
1994-306,Taranto,Clay,32,T4,,19940425,7,200647,,,Noelle Van Lottum,,170,FRA,21.786,108,14,200727,,WC,Adriana Serra Zanetti,R,160,ITA,18.139,196,6,6-3 6-4,3,R32,,,,,,,,,,,,,,,,,,,
1994-306,Taranto,Clay,32,T4,,19940425,8,200554,2,,Brenda Schultz Mccarthy,R,188,NED,23.324,27,56,201752,,Q,Cristina Salvi,,,ITA,23.946,,,6-0 6-3,3,R32,,,,,,,,,,,,,,,,,,,
1994-306,Taranto,Clay,32,T4,,19940425,9,200586,,,Federica Bonsignori,,,ITA,26.429,,,200059,,,Ruxandra Dragomir Ilie,R,168,ROU,21.501,91,16,6-0 6-0,3,R32,,,,,,,,,,,,,,,,,,,
1994-306,Taranto,Clay,32,T4,,19940425,10,200680,,,Nadin Ercegovic,R,177,CRO,21.224,189,6,200522,,,Nicole Jagerman,R,179,NED,26.758,70,21,7-5 6-2,3,R32,,,,,,,,,,,,,,,,,,,
1994-306,Taranto,Clay,32,T4,,19940425,11,200051,,,Irina Spirlea,R,175,ROU,20.083,64,22,200082,7,,Kristie Boogert,R,178,NED,20.356,60,26,6-1 6-2,3,R32,,,,,,,,,,,,,,,,,,,
1994-306,Taranto,Clay,32,T4,,19940425,12,201952,,Q,Elena Savoldi,,,ITA,21.452,188,6,200089,4,,Miriam Oremans,R,169,NED,21.624,44,33,6-2 3-6 6-2,3,R32,,,,,,,,,,,,,,,,,,,
1994-306,Taranto,Clay,32,T4,,19940425,13,200076,,,Laurence Courtois,R,172,BEL,18.267,78,18,200722,,WC,Francesca Lubiani,L,168,ITA,16.786,376,2,6-4 4-6 6-4,3,R32,,,,,,,,,,,,,,,,,,,
1994-306,Taranto,Clay,32,T4,,19940425,14,200686,,,Sandra Dopfer,,174,AUT,23.918,109,14,200417,,,Gigi Fernandez,,170,USA,30.172,67,21,6-2 7-6,3,R32,,,,,,,,,,,,,,,,,,,
1994-306,Taranto,Clay,32,T4,,19940425,15,200657,5,,Radka Bobkova,R,172,CZE,21.197,52,28,200692,,,Marzia Grossi,,,ITA,23.645,114,13,6-3 6-0,3,R32,,,,,,,,,,,,,,,,,,,
1994-306,Taranto,Clay,32,T4,,19940425,16,200725,6,,Sandra Cecchini,R,170,ITA,29.156,55,28,201021,,Q,Laura Garrone,R,166,ITA,26.443,185,7,5-7 6-3 6-3,3,R32,,,,,,,,,,,,,,,,,,,
1994-306,Taranto,Clay,32,T4,,19940425,17,200019,,,Alexandra Fusai,R,176,FRA,20.422,85,17,200586,,,Federica Bonsignori,,,ITA,26.429,,,6-3 6-2,3,R16,,,,,,,,,,,,,,,,,,,
1994-306,Taranto,Clay,32,T4,,19940425,18,200051,,,Irina Spirlea,R,175,ROU,20.083,64,22,200680,,,Nadin Ercegovic,R,177,CRO,21.224,189,6,6-1 6-1,3,R16,,,,,,,,,,,,,,,,,,,
1994-306,Taranto,Clay,32,T4,,19940425,19,200076,,,Laurence Courtois,R,172,BEL,18.267,78,18,201952,,Q,Elena Savoldi,,,ITA,21.452,188,6,7-5 6-4,3,R16,,,,,,,,,,,,,,,,,,,
1994-306,Taranto,Clay,32,T4,,19940425,20,200686,,,Sandra Dopfer,,174,AUT,23.918,109,14,200657,5,,Radka Bobkova,R,172,CZE,21.197,52,28,7-6 2-6 6-3,3,R16,,,,,,,,,,,,,,,,,,,
1994-306,Taranto,Clay,32,T4,,19940425,21,200725,6,,Sandra Cecchini,R,170,ITA,29.156,55,28,200700,,,Silvia Farina Elia,R,172,ITA,21.994,82,17,7-5 6-0,3,R16,,,,,,,,,,,,,,,,,,,
1994-306,Taranto,Clay,32,T4,,19940425,22,200112,3,,Julie Halard Decugis,R,173,FRA,23.623,34,45,200704,,,Maria Jose Gaidano,,171,ARG,20.918,106,14,6-3 6-0,3,R16,,,,,,,,,,,,,,,,,,,
1994-306,Taranto,Clay,32,T4,,19940425,23,200006,,,Karina Habsudova,R,170,SVK,20.729,115,13,200547,,,Sandra Wasserman,R,173,BEL,24.126,129,11,2-6 6-2 7-5,3,R16,,,,,,,,,,,,,,,,,,,
1994-306,Taranto,Clay,32,T4,,19940425,24,200554,2,,Brenda Schultz Mccarthy,R,188,NED,23.324,27,56,200647,,,Noelle Van Lottum,,170,FRA,21.786,108,14,3-6 6-4 6-1,3,R16,,,,,,,,,,,,,,,,,,,
1994-306,Taranto,Clay,32,T4,,19940425,25,200051,,,Irina Spirlea,R,175,ROU,20.083,64,22,200019,,,Alexandra Fusai,R,176,FRA,20.422,85,17,6-3 6-2,3,QF,,,,,,,,,,,,,,,,,,,
1994-306,Taranto,Clay,32,T4,,19940425,26,200686,,,Sandra Dopfer,,174,AUT,23.918,109,14,200076,,,Laurence Courtois,R,172,BEL,18.267,78,18,6-3 6-0,3,QF,,,,,,,,,,,,,,,,,,,
1994-306,Taranto,Clay,32,T4,,19940425,27,200112,3,,Julie Halard Decugis,R,173,FRA,23.623,34,45,200725,6,,Sandra Cecchini,R,170,ITA,29.156,55,28,6-4 3-6 7-5,3,QF,,,,,,,,,,,,,,,,,,,
1994-306,Taranto,Clay,32,T4,,19940425,28,200554,2,,Brenda Schultz Mccarthy,R,188,NED,23.324,27,56,200006,,,Karina Habsudova,R,170,SVK,20.729,115,13,7-6 7-5,3,QF,,,,,,,,,,,,,,,,,,,
1994-306,Taranto,Clay,32,T4,,19940425,29,200051,,,Irina Spirlea,R,175,ROU,20.083,64,22,200686,,,Sandra Dopfer,,174,AUT,23.918,109,14,6-0 3-6 6-3,3,SF,,,,,,,,,,,,,,,,,,,
1994-306,Taranto,Clay,32,T4,,19940425,30,200112,3,,Julie Halard Decugis,R,173,FRA,23.623,34,45,200554,2,,Brenda Schultz Mccarthy,R,188,NED,23.324,27,56,7-5 6-0,3,SF,,,,,,,,,,,,,,,,,,,
1994-306,Taranto,Clay,32,T4,,19940425,31,200112,3,,Julie Halard Decugis,R,173,FRA,23.623,34,45,200051,,,Irina Spirlea,R,175,ROU,20.083,64,22,6-2 6-3,3,F,,,,,,,,,,,,,,,,,,,
1994-D051,Fed Cup G1 RRA: IND vs TPE,Clay,4,D,,19940502,1,202192,,,Tzu Ting Weng,,,TPE,15.836,489,1,206678,,,Arati Ponnappa,,,IND,17.750,,,6-2 6-2,3,RR,,,,,,,,,,,,,,,,,,,
1994-D051,Fed Cup G1 RRA: IND vs TPE,Clay,4,D,,19940502,2,200684,,,Shi Ting Wang,R,171,TPE,20.534,31,48,200743,,,Nirupama Vaidyanathan,R,170,IND,17.397,,,6-1 6-2,3,RR,,,,,,,,,,,,,,,,,,,
1994-D098,Fed Cup G1 RRB: THA vs NZL,Clay,4,D,,19940502,1,202123,,,Suvimol Duangchan,,163,THA,20.061,607,0,212605,,,Amanda Trail,,,NZL,22.235,,,6-3 6-3,3,RR,,,,,,,,,,,,,,,,,,,
1994-D098,Fed Cup G1 RRB: THA vs NZL,Clay,4,D,,19940502,2,200009,,,Tamarine Tanasugarn,R,165,THA,16.939,,,200639,,,Claudine Toleafoa,,,NZL,24.173,505,1,6-3 4-6 6-3,3,RR,,,,,,,,,,,,,,,,,,,
1994-D100,Fed Cup G1 RRB: SRI vs SIN,Clay,4,D,,19940502,1,212420,,,Saranga Sangakkara,,,SRI,18.169,,,212518,,,Dionne Lim,,,SGP,18.215,,,6-0 6-3,3,RR,,,,,,,,,,,,,,,,,,,
1994-D100,Fed Cup G1 RRB: SRI vs SIN,Clay,4,D,,19940502,2,201747,,,Lihini Weerasuriya,,,SRI,22.196,345,2,202181,,,Lela Zainal,,,SGP,22.057,620,0,6-3 6-0,3,RR,,,,,,,,,,,,,,,,,,,
1994-D114,Fed Cup G1 RRA: PHI vs SYR,Clay,4,D,,19940502,1,202942,,,Maricris Gentz,,,PHI,14.776,,,212499,,,Sara Taweel,,,SYR,15.675,,,6-0 6-0,3,RR,,,,,,,,,,,,,,,,,,,
1994-D114,Fed Cup G1 RRA: PHI vs SYR,Clay,4,D,,19940502,2,212171,,,Francesca LaO,,,PHI,17.985,488,1,212098,,,Farah Dayoub,,,SYR,18.908,,,6-0 6-1,3,RR,,,,,,,,,,,,,,,,,,,
1994-709,Rome,Clay,56,T1,,19940502,1,200442,,Q,Andrea Temesvari,R,182,HUN,28.017,,,200697,,,Janette Husarova,R,169,SVK,19.910,96,16,6-4 6-2,3,R64,,,,,,,,,,,,,,,,,,,
1994-709,Rome,Clay,56,T1,,19940502,2,201838,,Q,Federica Fortuni,,,ITA,19.587,,,200089,16,,Miriam Oremans,R,169,NED,21.643,49,31,7-6 6-4,3,R64,,,,,,,,,,,,,,,,,,,
1994-709,Rome,Clay,56,T1,,19940502,3,200006,,Q,Karina Habsudova,R,170,SVK,20.748,108,14,200712,,,Katerina Kroupova,,,CZE,20.195,112,13,5-7 6-1 6-0,3,R64,,,,,,,,,,,,,,,,,,,
1994-709,Rome,Clay,56,T1,,19940502,4,200672,,Q,Barbara Mulej,R,,SLO,19.926,153,9,201063,,,Maria Francesca Bentivoglio,R,,ITA,17.260,90,16,6-2 6-3,3,R64,,,,,,,,,,,,,,,,,,,
1994-709,Rome,Clay,56,T1,,19940502,5,200530,,Q,Radomira Zrubakova,R,169,SVK,23.349,168,7,200010,,WC,Rita Grande,R,177,ITA,19.111,139,10,6-4 6-1,3,R64,,,,,,,,,,,,,,,,,,,
1994-709,Rome,Clay,56,T1,,19940502,6,200522,,,Nicole Jagerman,R,179,NED,26.777,71,20,200704,,,Maria Jose Gaidano,,171,ARG,20.937,102,14,3-6 7-6 6-2,3,R64,,,,,,,,,,,,,,,,,,,
1994-709,Rome,Clay,56,T1,,19940502,7,200482,9,,Judith Wiesner,R,,AUT,28.168,25,61,200570,,,Veronika Martinek,,160,GER,22.078,111,13,6-2 6-4,3,R64,,,,,,,,,,,,,,,,,,,
1994-709,Rome,Clay,56,T1,,19940502,8,200682,,,Joannette Kruger,R,179,RSA,20.660,95,16,200671,15,,Meike Babel,R,173,GER,19.442,40,36,7-6 6-1,3,R64,,,,,,,,,,,,,,,,,,,
1994-709,Rome,Clay,56,T1,,19940502,9,201193,,Q,Claire Wegink,,,NED,26.591,180,7,200660,,,Kimberly Po Messerli,R,157,USA,22.533,44,33,7-5 4-6 6-2,3,R64,,,,,,,,,,,,,,,,,,,
1994-709,Rome,Clay,56,T1,,19940502,10,200051,,,Irina Spirlea,R,175,ROU,20.102,58,26,200675,,,Eugenia Maniokova,R,178,RUS,25.958,81,18,6-3 6-0,3,R64,,,,,,,,,,,,,,,,,,,
1994-709,Rome,Clay,56,T1,,19940502,11,200082,,,Kristie Boogert,R,178,NED,20.376,63,24,200607,,,Beate Reinstadler,,168,AUT,26.952,61,26,6-2 6-0,3,R64,,,,,,,,,,,,,,,,,,,
1994-709,Rome,Clay,56,T1,,19940502,12,200681,,WC,Natalia Baudone,,,ITA,21.805,145,9,200692,,LL,Marzia Grossi,,,ITA,23.664,116,13,6-3 7-5,3,R64,,,,,,,,,,,,,,,,,,,
1994-709,Rome,Clay,56,T1,,19940502,13,200584,,,Laura Golarsa,R,165,ITA,26.429,85,17,200640,,LL,Mercedes Paz,R,180,ARG,27.847,178,7,6-4 6-2,3,R64,,,,,,,,,,,,,,,,,,,
1994-709,Rome,Clay,56,T1,,19940502,14,200595,13,,Ann Grossman,,,USA,23.551,43,34,200542,,,Clare Wood,R,,GBR,26.150,77,18,6-1 6-1,3,R64,,,,,,,,,,,,,,,,,,,
1994-709,Rome,Clay,56,T1,,19940502,15,200667,,,Ines Gorrochategui,R,169,ARG,20.885,47,33,201066,,LL,Neus Avila Bonastre,,,ESP,22.768,136,10,7-5 6-4,3,R64,,,,,,,,,,,,,,,,,,,
1994-709,Rome,Clay,56,T1,,19940502,16,200593,,,Karine Quentrec,,,FRA,24.529,113,13,200084,,,Asa Carlsson,R,178,SWE,18.878,83,17,6-7 6-1 6-4,3,R64,,,,,,,,,,,,,,,,,,,
1994-709,Rome,Clay,56,T1,,19940502,17,200718,,Q,Ludmila Richterova,,180,CZE,17.153,114,13,200657,,,Radka Bobkova,R,172,CZE,21.216,52,28,6-4 6-4,3,R64,,,,,,,,,,,,,,,,,,,
1994-709,Rome,Clay,56,T1,,19940502,18,200641,,,Patricia Tarabini,R,165,ARG,25.736,79,18,200705,12,,Linda Ferrando,,170,ITA,28.302,38,38,1-6 6-4 7-6,3,R64,,,,,,,,,,,,,,,,,,,
1994-709,Rome,Clay,56,T1,,19940502,19,200708,14,,Sandra Cacic,R,,USA,19.642,41,35,200080,,,Dominique Monami,R,170,BEL,20.920,66,22,6-1 6-2,3,R64,,,,,,,,,,,,,,,,,,,
1994-709,Rome,Clay,56,T1,,19940502,20,200725,,,Sandra Cecchini,R,170,ITA,29.175,55,28,200417,,,Gigi Fernandez,,170,USA,30.191,68,20,6-0 6-1,3,R64,,,,,,,,,,,,,,,,,,,
1994-709,Rome,Clay,56,T1,,19940502,21,201952,,WC,Elena Savoldi,,,ITA,21.471,163,8,200668,,,Silke Frankl,,,GER,23.927,123,12,6-4 3-6 6-2,3,R64,,,,,,,,,,,,,,,,,,,
1994-709,Rome,Clay,56,T1,,19940502,22,200727,,Q,Adriana Serra Zanetti,R,160,ITA,18.158,197,6,200686,,,Sandra Dopfer,,174,AUT,23.938,78,18,6-2 6-2,3,R64,,,,,,,,,,,,,,,,,,,
1994-709,Rome,Clay,56,T1,,19940502,23,200602,,,Shaun Stafford,R,180,USA,25.383,74,19,200059,,,Ruxandra Dragomir Ilie,R,168,ROU,21.520,98,15,6-1 6-4,3,R64,,,,,,,,,,,,,,,,,,,
1994-709,Rome,Clay,56,T1,,19940502,24,200554,10,,Brenda Schultz Mccarthy,R,188,NED,23.343,27,52,200700,,,Silvia Farina Elia,R,172,ITA,22.013,91,16,6-4 6-4,3,R64,,,,,,,,,,,,,,,,,,,
1994-709,Rome,Clay,56,T1,,19940502,25,200049,1,,Conchita Martinez,R,170,ESP,22.043,3,185,200442,,Q,Andrea Temesvari,R,182,HUN,28.017,,,6-2 6-0,3,R32,,,,,,,,,,,,,,,,,,,
1994-709,Rome,Clay,56,T1,,19940502,26,200641,,,Patricia Tarabini,R,165,ARG,25.736,79,18,200681,,WC,Natalia Baudone,,,ITA,21.805,145,9,2-6 6-3 6-1,3,R32,,,,,,,,,,,,,,,,,,,
1994-709,Rome,Clay,56,T1,,19940502,27,200725,,,Sandra Cecchini,R,170,ITA,29.175,55,28,200708,14,,Sandra Cacic,R,,USA,19.642,41,35,6-4 6-2,3,R32,,,,,,,,,,,,,,,,,,,
1994-709,Rome,Clay,56,T1,,19940502,28,200097,8,,Nathalie Tauziat,R,165,FRA,26.541,24,62,201952,,WC,Elena Savoldi,,,ITA,21.471,163,8,6-1 6-2,3,R32,,,,,,,,,,,,,,,,,,,
1994-709,Rome,Clay,56,T1,,19940502,29,200727,,Q,Adriana Serra Zanetti,R,160,ITA,18.158,197,6,200081,4,,Anke Huber,R,173,GER,19.409,11,107,2-6 6-3 6-3,3,R32,,,,,,,,,,,,,,,,,,,
1994-709,Rome,Clay,56,T1,,19940502,30,200554,10,,Brenda Schultz Mccarthy,R,188,NED,23.343,27,52,200602,,,Shaun Stafford,R,180,USA,25.383,74,19,6-1 6-3,3,R32,,,,,,,,,,,,,,,,,,,
1994-709,Rome,Clay,56,T1,,19940502,31,200006,,Q,Karina Habsudova,R,170,SVK,20.748,108,14,201838,,Q,Federica Fortuni,,,ITA,19.587,,,6-4 6-3,3,R32,,,,,,,,,,,,,,,,,,,
1994-709,Rome,Clay,56,T1,,19940502,32,200096,5,,Mary Pierce,R,178,FRA,19.294,13,98,200672,,Q,Barbara Mulej,R,,SLO,19.926,153,9,6-2 6-2,3,R32,,,,,,,,,,,,,,,,,,,
1994-709,Rome,Clay,56,T1,,19940502,33,200530,,Q,Radomira Zrubakova,R,169,SVK,23.349,168,7,200064,6,,Amanda Coetzer,R,158,RSA,22.527,18,69,6-0 7-5,3,R32,,,,,,,,,,,,,,,,,,,
1994-709,Rome,Clay,56,T1,,19940502,34,200482,9,,Judith Wiesner,R,,AUT,28.168,25,61,200522,,,Nicole Jagerman,R,179,NED,26.777,71,20,7-5 6-1,3,R32,,,,,,,,,,,,,,,,,,,
1994-709,Rome,Clay,56,T1,,19940502,35,200682,,,Joannette Kruger,R,179,RSA,20.660,95,16,201193,,Q,Claire Wegink,,,NED,26.591,180,7,7-5 6-2,3,R32,,,,,,,,,,,,,,,,,,,
1994-709,Rome,Clay,56,T1,,19940502,36,200051,,,Irina Spirlea,R,175,ROU,20.102,58,26,200572,3,,Gabriela Sabatini,R,175,ARG,23.962,7,139,6-4 6-3,3,R32,,,,,,,,,,,,,,,,,,,
1994-709,Rome,Clay,56,T1,,19940502,37,200644,7,,Naoko Sawamatsu,R,167,JPN,21.109,23,62,200082,,,Kristie Boogert,R,178,NED,20.376,63,24,4-6 6-3 6-4,3,R32,,,,,,,,,,,,,,,,,,,
1994-709,Rome,Clay,56,T1,,19940502,38,200595,13,,Ann Grossman,,,USA,23.551,43,34,200584,,,Laura Golarsa,R,165,ITA,26.429,85,17,3-6 6-1 6-2,3,R32,,,,,,,,,,,,,,,,,,,
1994-709,Rome,Clay,56,T1,,19940502,39,200667,,,Ines Gorrochategui,R,169,ARG,20.885,47,33,200593,,,Karine Quentrec,,,FRA,24.529,113,13,6-3 6-0,3,R32,,,,,,,,,,,,,,,,,,,
1994-709,Rome,Clay,56,T1,,19940502,40,200293,2,,Martina Navratilova,L,173,USA,37.537,4,164,200718,,Q,Ludmila Richterova,,180,CZE,17.153,114,13,6-2 6-1,3,R32,,,,,,,,,,,,,,,,,,,
1994-709,Rome,Clay,56,T1,,19940502,41,200049,1,,Conchita Martinez,R,170,ESP,22.043,3,185,200641,,,Patricia Tarabini,R,165,ARG,25.736,79,18,6-1 6-1,3,R16,,,,,,,,,,,,,,,,,,,
1994-709,Rome,Clay,56,T1,,19940502,42,200097,8,,Nathalie Tauziat,R,165,FRA,26.541,24,62,200725,,,Sandra Cecchini,R,170,ITA,29.175,55,28,6-4 6-2,3,R16,,,,,,,,,,,,,,,,,,,
1994-709,Rome,Clay,56,T1,,19940502,43,200727,,Q,Adriana Serra Zanetti,R,160,ITA,18.158,197,6,200554,10,,Brenda Schultz Mccarthy,R,188,NED,23.343,27,52,6-2 6-1,3,R16,,,,,,,,,,,,,,,,,,,
1994-709,Rome,Clay,56,T1,,19940502,44,200006,,Q,Karina Habsudova,R,170,SVK,20.748,108,14,200096,5,,Mary Pierce,R,178,FRA,19.294,13,98,6-2 6-3,3,R16,,,,,,,,,,,,,,,,,,,
1994-709,Rome,Clay,56,T1,,19940502,45,200482,9,,Judith Wiesner,R,,AUT,28.168,25,61,200530,,Q,Radomira Zrubakova,R,169,SVK,23.349,168,7,3-6 6-4 6-3,3,R16,,,,,,,,,,,,,,,,,,,
1994-709,Rome,Clay,56,T1,,19940502,46,200051,,,Irina Spirlea,R,175,ROU,20.102,58,26,200682,,,Joannette Kruger,R,179,RSA,20.660,95,16,4-6 6-3 6-1,3,R16,,,,,,,,,,,,,,,,,,,
1994-709,Rome,Clay,56,T1,,19940502,47,200644,7,,Naoko Sawamatsu,R,167,JPN,21.109,23,62,200595,13,,Ann Grossman,,,USA,23.551,43,34,6-3 6-3,3,R16,,,,,,,,,,,,,,,,,,,
1994-709,Rome,Clay,56,T1,,19940502,48,200293,2,,Martina Navratilova,L,173,USA,37.537,4,164,200667,,,Ines Gorrochategui,R,169,ARG,20.885,47,33,6-2 3-6 6-4,3,R16,,,,,,,,,,,,,,,,,,,
1994-709,Rome,Clay,56,T1,,19940502,49,200049,1,,Conchita Martinez,R,170,ESP,22.043,3,185,200097,8,,Nathalie Tauziat,R,165,FRA,26.541,24,62,6-4 6-4,3,QF,,,,,,,,,,,,,,,,,,,
1994-709,Rome,Clay,56,T1,,19940502,50,200006,,Q,Karina Habsudova,R,170,SVK,20.748,108,14,200727,,Q,Adriana Serra Zanetti,R,160,ITA,18.158,197,6,6-3 6-2,3,QF,,,,,,,,,,,,,,,,,,,
1994-709,Rome,Clay,56,T1,,19940502,51,200051,,,Irina Spirlea,R,175,ROU,20.102,58,26,200482,9,,Judith Wiesner,R,,AUT,28.168,25,61,6-0 4-6 6-3,3,QF,,,,,,,,,,,,,,,,,,,
1994-709,Rome,Clay,56,T1,,19940502,52,200293,2,,Martina Navratilova,L,173,USA,37.537,4,164,200644,7,,Naoko Sawamatsu,R,167,JPN,21.109,23,62,6-2 7-5,3,QF,,,,,,,,,,,,,,,,,,,
1994-709,Rome,Clay,56,T1,,19940502,53,200049,1,,Conchita Martinez,R,170,ESP,22.043,3,185,200006,,Q,Karina Habsudova,R,170,SVK,20.748,108,14,6-1 6-2,3,SF,,,,,,,,,,,,,,,,,,,
1994-709,Rome,Clay,56,T1,,19940502,54,200293,2,,Martina Navratilova,L,173,USA,37.537,4,164,200051,,,Irina Spirlea,R,175,ROU,20.102,58,26,6-2 6-3,3,SF,,,,,,,,,,,,,,,,,,,
1994-709,Rome,Clay,56,T1,,19940502,55,200049,1,,Conchita Martinez,R,170,ESP,22.043,3,185,200293,2,,Martina Navratilova,L,173,USA,37.537,4,164,7-6 6-4,3,F,,,,,,,,,,,,,,,,,,,
1994-D045,Fed Cup G1 RRA: TPE vs SYR,Clay,4,D,,19940503,1,202192,,,Tzu Ting Weng,,,TPE,15.839,489,1,212492,,,Rima Taki,,,SYR,20.978,,,6-1 6-1,3,RR,,,,,,,,,,,,,,,,,,,
1994-D045,Fed Cup G1 RRA: TPE vs SYR,Clay,4,D,,19940503,2,200684,,,Shi Ting Wang,R,171,TPE,20.537,31,48,212098,,,Farah Dayoub,,,SYR,18.911,,,6-0 6-1,3,RR,,,,,,,,,,,,,,,,,,,
1994-D049,Fed Cup G1 RRA: IND vs PHI,Clay,4,D,,19940503,1,202942,,,Maricris Gentz,,,PHI,14.779,,,206678,,,Arati Ponnappa,,,IND,17.753,,,7-5 3-6 6-0,3,RR,,,,,,,,,,,,,,,,,,,
1994-D049,Fed Cup G1 RRA: IND vs PHI,Clay,4,D,,19940503,2,200743,,,Nirupama Vaidyanathan,R,170,IND,17.399,,,212171,,,Francesca LaO,,,PHI,17.988,488,1,5-7 6-4 6-4,3,RR,,,,,,,,,,,,,,,,,,,
1994-D093,Fed Cup G1 RRB: NZL vs SRI,Clay,4,D,,19940503,1,212420,,,Saranga Sangakkara,,,SRI,18.171,,,212605,,,Amanda Trail,,,NZL,22.237,,,6-2 1-6 6-4,3,RR,,,,,,,,,,,,,,,,,,,
1994-D093,Fed Cup G1 RRB: NZL vs SRI,Clay,4,D,,19940503,2,200639,,,Claudine Toleafoa,,,NZL,24.176,505,1,201747,,,Lihini Weerasuriya,,,SRI,22.199,345,2,7-6(4) 7-6(3),3,RR,,,,,,,,,,,,,,,,,,,
1994-D101,Fed Cup G1 RRB: THA vs SIN,Clay,4,D,,19940503,1,202124,,,Pimpisamai Kansuthi,,,THA,16.430,,,212518,,,Dionne Lim,,,SGP,18.218,,,6-0 6-2,3,RR,,,,,,,,,,,,,,,,,,,
1994-D101,Fed Cup G1 RRB: THA vs SIN,Clay,4,D,,19940503,2,200009,,,Tamarine Tanasugarn,R,165,THA,16.942,,,202181,,,Lela Zainal,,,SGP,22.059,620,0,6-4 6-2,3,RR,,,,,,,,,,,,,,,,,,,
1994-D048,Fed Cup G1 RRA: IND vs SYR,Clay,4,D,,19940504,1,202349,,,Rushmi Chakravarthi,R,170,IND,16.567,,,212499,,,Sara Taweel,,,SYR,15.680,,,6-1 6-0,3,RR,,,,,,,,,,,,,,,,,,,
1994-D048,Fed Cup G1 RRA: IND vs SYR,Clay,4,D,,19940504,2,200743,,,Nirupama Vaidyanathan,R,170,IND,17.402,,,212492,,,Rima Taki,,,SYR,20.981,,,6-1 6-0,3,RR,,,,,,,,,,,,,,,,,,,
1994-D075,Fed Cup G1 RRB: THA vs SRI,Clay,4,D,,19940504,1,202123,,,Suvimol Duangchan,,163,THA,20.066,607,0,212420,,,Saranga Sangakkara,,,SRI,18.174,,,7-6(2) 6-3,3,RR,,,,,,,,,,,,,,,,,,,
1994-D075,Fed Cup G1 RRB: THA vs SRI,Clay,4,D,,19940504,2,200009,,,Tamarine Tanasugarn,R,165,THA,16.945,,,201747,,,Lihini Weerasuriya,,,SRI,22.202,345,2,5-2 RET,5,RR,,,,,,,,,,,,,,,,,,,
1994-D094,Fed Cup G1 RRB: NZL vs SIN,Clay,4,D,,19940504,1,212605,,,Amanda Trail,,,NZL,22.240,,,212518,,,Dionne Lim,,,SGP,18.221,,,6-0 6-1,3,RR,,,,,,,,,,,,,,,,,,,
1994-D094,Fed Cup G1 RRB: NZL vs SIN,Clay,4,D,,19940504,2,200639,,,Claudine Toleafoa,,,NZL,24.178,505,1,202181,,,Lela Zainal,,,SGP,22.062,620,0,6-4 6-0,3,RR,,,,,,,,,,,,,,,,,,,
1994-D107,Fed Cup G1 RRA: PHI vs TPE,Clay,4,D,,19940504,1,202942,,,Maricris Gentz,,,PHI,14.782,,,202192,,,Tzu Ting Weng,,,TPE,15.842,489,1,4-6 6-4 7-5,3,RR,,,,,,,,,,,,,,,,,,,
1994-D107,Fed Cup G1 RRA: PHI vs TPE,Clay,4,D,,19940504,2,200684,,,Shi Ting Wang,R,171,TPE,20.540,31,48,212171,,,Francesca LaO,,,PHI,17.991,488,1,6-1 6-1,3,RR,,,,,,,,,,,,,,,,,,,
1994-D002,Fed Cup G1 SF: THA vs TPE,Clay,4,D,,19940505,1,202192,,,Tzu Ting Weng,,,TPE,15.844,489,1,202123,,,Suvimol Duangchan,,163,THA,20.069,607,0,6-1 6-1,3,RR,,,,,,,,,,,,,,,,,,,
1994-D002,Fed Cup G1 SF: THA vs TPE,Clay,4,D,,19940505,2,200684,,,Shi Ting Wang,R,171,TPE,20.543,31,48,200009,,,Tamarine Tanasugarn,R,165,THA,16.948,,,6-0 7-6(1),3,RR,,,,,,,,,,,,,,,,,,,
1994-D095,Fed Cup G1 SF: NZL vs PHI,Clay,4,D,,19940505,1,202942,,,Maricris Gentz,,,PHI,14.785,,,212605,,,Amanda Trail,,,NZL,22.243,,,6-1 6-2,3,RR,,,,,,,,,,,,,,,,,,,
1994-D095,Fed Cup G1 SF: NZL vs PHI,Clay,4,D,,19940505,2,200639,,,Claudine Toleafoa,,,NZL,24.181,505,1,212171,,,Francesca LaO,,,PHI,17.994,488,1,6-3 6-4,3,RR,,,,,,,,,,,,,,,,,,,
1994-D096,Fed Cup G1 F: TPE vs NZL,Clay,4,D,,19940506,1,202192,,,Tzu Ting Weng,,,TPE,15.847,489,1,212605,,,Amanda Trail,,,NZL,22.245,,,6-1 6-1,3,RR,,,,,,,,,,,,,,,,,,,
1994-D096,Fed Cup G1 F: TPE vs NZL,Clay,4,D,,19940506,2,200684,,,Shi Ting Wang,R,171,TPE,20.545,31,48,200639,,,Claudine Toleafoa,,,NZL,24.184,505,1,6-2 6-1,3,RR,,,,,,,,,,,,,,,,,,,
1994-2012,Berlin,Clay,56,T1,,19940509,1,200579,,,Karin Kschwendt,R,175,AUT,25.649,160,8,200641,,,Patricia Tarabini,R,165,ARG,25.755,72,20,6-3 6-3,3,R64,,,,,,,,,,,,,,,,,,,
1994-2012,Berlin,Clay,56,T1,,19940509,2,200651,9,,Sabine Hack,,170,GER,24.825,16,73,200522,,,Nicole Jagerman,R,179,NED,26.796,70,20,6-4 6-1,3,R64,,,,,,,,,,,,,,,,,,,
1994-2012,Berlin,Clay,56,T1,,19940509,3,200497,,,Patricia Hy Boulais,R,163,CAN,28.712,42,35,200118,,,Virginia Ruano Pascual,R,169,ESP,20.630,155,8,6-3 6-4,3,R64,,,,,,,,,,,,,,,,,,,
1994-2012,Berlin,Clay,56,T1,,19940509,4,200667,,,Ines Gorrochategui,R,169,ARG,20.904,47,32,200704,,,Maria Jose Gaidano,,171,ARG,20.956,103,14,6-7 6-2 6-2,3,R64,,,,,,,,,,,,,,,,,,,
1994-2012,Berlin,Clay,56,T1,,19940509,5,200587,,WC,Silke Meier,,,GER,25.821,158,8,200040,,,Anna Smashnova,R,157,ISR,17.813,92,16,6-2 7-5,3,R64,,,,,,,,,,,,,,,,,,,
1994-2012,Berlin,Clay,56,T1,,19940509,6,201021,,Q,Laura Garrone,R,166,ITA,26.481,189,6,201740,,WC,Christiane Hofmann,,,GER,25.405,635,0,6-2 6-0,3,R64,,,,,,,,,,,,,,,,,,,
1994-2012,Berlin,Clay,56,T1,,19940509,7,200554,11,,Brenda Schultz Mccarthy,R,188,NED,23.363,28,51,200725,,,Sandra Cecchini,R,170,ITA,29.194,53,29,6-4 6-3,3,R64,,,,,,,,,,,,,,,,,,,
1994-2012,Berlin,Clay,56,T1,,19940509,8,200097,10,,Nathalie Tauziat,R,165,FRA,26.560,19,65,201047,,Q,Andrea Vieira,,,BRA,23.256,186,6,6-1 7-5,3,R64,,,,,,,,,,,,,,,,,,,
1994-2012,Berlin,Clay,56,T1,,19940509,9,200595,,,Ann Grossman,,,USA,23.571,40,35,200708,,,Sandra Cacic,R,,USA,19.661,39,36,6-3 6-4,3,R64,,,,,,,,,,,,,,,,,,,
1994-2012,Berlin,Clay,56,T1,,19940509,10,200660,,,Kimberly Po Messerli,R,157,USA,22.552,48,31,200439,,,Jenny Byrne,,,AUS,27.201,113,13,6-2 6-2,3,R64,,,,,,,,,,,,,,,,,,,
1994-2012,Berlin,Clay,56,T1,,19940509,11,200627,,,Petra Schwarz,R,168,AUT,21.958,97,15,200485,,,Manon Bollegraf,R,173,NED,30.079,100,14,6-2 7-5,3,R64,,,,,,,,,,,,,,,,,,,
1994-2012,Berlin,Clay,56,T1,,19940509,12,200576,,Q,Nathalie Herreman,L,,FRA,28.116,,,201834,,WC,Heike Rusch,,,GER,17.851,,,3-6 6-1 7-6,3,R64,,,,,,,,,,,,,,,,,,,
1994-2012,Berlin,Clay,56,T1,,19940509,13,200506,,,Wiltrud Probst,R,170,GER,24.945,73,20,200099,,LL,Sonya Jeyaseelan,R,157,CAN,18.040,200,6,6-1 6-1,3,R64,,,,,,,,,,,,,,,,,,,
1994-2012,Berlin,Clay,56,T1,,19940509,14,200455,14,,Katerina Maleeva,R,168,BUL,25.005,32,46,200417,,,Gigi Fernandez,,170,USA,30.210,75,19,6-4 4-6 6-3,3,R64,,,,,,,,,,,,,,,,,,,
1994-2012,Berlin,Clay,56,T1,,19940509,15,200094,15,,Barbara Rittner,R,173,GER,21.038,36,39,200450,,,Larisa Savchenko,,169,URS,27.801,50,31,6-4 6-3,3,R64,,,,,,,,,,,,,,,,,,,
1994-2012,Berlin,Clay,56,T1,,19940509,16,200614,,Q,Elena Pampoulova,,,BUL,21.977,,,200530,,Q,Radomira Zrubakova,R,169,SVK,23.368,136,10,1-6 6-3 6-3,3,R64,,,,,,,,,,,,,,,,,,,
1994-2012,Berlin,Clay,56,T1,,19940509,17,200693,,,Elena Makarova,R,,RUS,21.265,88,16,200701,,,Caroline Vis,R,180,NED,24.181,111,13,7-5 6-3,3,R64,,,,,,,,,,,,,,,,,,,
1994-2012,Berlin,Clay,56,T1,,19940509,18,200649,13,,Ginger Helgeson,R,,USA,25.649,35,45,200542,,,Clare Wood,R,,GBR,26.169,83,17,6-4 6-2,3,R64,,,,,,,,,,,,,,,,,,,
1994-2012,Berlin,Clay,56,T1,,19940509,19,200112,12,,Julie Halard Decugis,R,173,FRA,23.661,26,52,200048,,,Elena Likhovtseva,R,174,RUS,18.667,55,27,3-6 7-5 6-4,3,R64,,,,,,,,,,,,,,,,,,,
1994-2012,Berlin,Clay,56,T1,,19940509,20,200013,,,Angelica Gavaldon,R,,MEX,20.597,109,13,201066,,,Neus Avila Bonastre,,,ESP,22.788,135,11,6-7 7-5 7-5,3,R64,,,,,,,,,,,,,,,,,,,
1994-2012,Berlin,Clay,56,T1,,19940509,21,200674,,,Bettina Fulco,R,,ARG,25.542,124,12,200016,,,Sandrine Testud,R,176,FRA,22.098,76,19,6-1 6-1,3,R64,,,,,,,,,,,,,,,,,,,
1994-2012,Berlin,Clay,56,T1,,19940509,22,200602,,,Shaun Stafford,R,180,USA,25.402,69,20,201835,,Q,Maja Muric,,,CRO,20.195,382,2,6-1 6-2,3,R64,,,,,,,,,,,,,,,,,,,
1994-2012,Berlin,Clay,56,T1,,19940509,23,200700,,,Silvia Farina Elia,R,172,ITA,22.032,108,14,200053,,Q,Lubomira Bacheva,R,,BUL,19.174,,,6-1 6-4,3,R64,,,,,,,,,,,,,,,,,,,
1994-2012,Berlin,Clay,56,T1,,19940509,24,200711,,Q,Tatiana Ignatieva,,173,BLR,19.910,,,200671,16,,Meike Babel,R,173,GER,19.461,43,35,6-4 6-1,3,R64,,,,,,,,,,,,,,,,,,,
1994-2012,Berlin,Clay,56,T1,,19940509,25,200414,1,,Steffi Graf,R,175,GER,24.901,1,437,200579,,,Karin Kschwendt,R,175,AUT,25.649,160,8,7-6 6-2,3,R32,,,,,,,,,,,,,,,,,,,
1994-2012,Berlin,Clay,56,T1,,19940509,26,200649,13,,Ginger Helgeson,R,,USA,25.649,35,45,200576,,Q,Nathalie Herreman,L,,FRA,28.116,,,6-1 6-1,3,R32,,,,,,,,,,,,,,,,,,,
1994-2012,Berlin,Clay,56,T1,,19940509,27,200112,12,,Julie Halard Decugis,R,173,FRA,23.661,26,52,200013,,,Angelica Gavaldon,R,,MEX,20.597,109,13,6-4 7-6,3,R32,,,,,,,,,,,,,,,,,,,
1994-2012,Berlin,Clay,56,T1,,19940509,28,200096,8,,Mary Pierce,R,178,FRA,19.313,12,98,200674,,,Bettina Fulco,R,,ARG,25.542,124,12,6-2 6-1,3,R32,,,,,,,,,,,,,,,,,,,
1994-2012,Berlin,Clay,56,T1,,19940509,29,200539,3,,Jana Novotna,R,175,CZE,25.599,5,154,200602,,,Shaun Stafford,R,180,USA,25.402,69,20,6-3 6-1,3,R32,,,,,,,,,,,,,,,,,,,
1994-2012,Berlin,Clay,56,T1,,19940509,30,200711,,Q,Tatiana Ignatieva,,173,BLR,19.910,,,200700,,,Silvia Farina Elia,R,172,ITA,22.032,108,14,6-3 6-2,3,R32,,,,,,,,,,,,,,,,,,,
1994-2012,Berlin,Clay,56,T1,,19940509,31,200651,9,,Sabine Hack,,170,GER,24.825,16,73,200497,,,Patricia Hy Boulais,R,163,CAN,28.712,42,35,6-2 6-0,3,R32,,,,,,,,,,,,,,,,,,,
1994-2012,Berlin,Clay,56,T1,,19940509,32,200667,,,Ines Gorrochategui,R,169,ARG,20.904,47,32,200116,6,,Natalia Zvereva,R,174,BLR,23.064,9,114,7-6 RET,3,R32,,,,,,,,,,,,,,,,,,,
1994-2012,Berlin,Clay,56,T1,,19940509,33,200587,,WC,Silke Meier,,,GER,25.821,158,8,200617,5,,Kimiko Date Krumm,R,163,JPN,23.612,7,124,6-4 4-6 6-2,3,R32,,,,,,,,,,,,,,,,,,,
1994-2012,Berlin,Clay,56,T1,,19940509,34,200554,11,,Brenda Schultz Mccarthy,R,188,NED,23.363,28,51,201021,,Q,Laura Garrone,R,166,ITA,26.481,189,6,6-2 7-6,3,R32,,,,,,,,,,,,,,,,,,,
1994-2012,Berlin,Clay,56,T1,,19940509,35,200595,,,Ann Grossman,,,USA,23.571,40,35,200097,10,,Nathalie Tauziat,R,165,FRA,26.560,19,65,3-6 6-2 6-3,3,R32,,,,,,,,,,,,,,,,,,,
1994-2012,Berlin,Clay,56,T1,,19940509,36,200572,4,,Gabriela Sabatini,R,175,ARG,23.981,6,125,200660,,,Kimberly Po Messerli,R,157,USA,22.552,48,31,6-4 6-0,3,R32,,,,,,,,,,,,,,,,,,,
1994-2012,Berlin,Clay,56,T1,,19940509,37,200081,7,,Anke Huber,R,173,GER,19.428,11,102,200627,,,Petra Schwarz,R,168,AUT,21.958,97,15,6-2 6-3,3,R32,,,,,,,,,,,,,,,,,,,
1994-2012,Berlin,Clay,56,T1,,19940509,38,200455,14,,Katerina Maleeva,R,168,BUL,25.005,32,46,200506,,,Wiltrud Probst,R,170,GER,24.945,73,20,7-6 7-5,3,R32,,,,,,,,,,,,,,,,,,,
1994-2012,Berlin,Clay,56,T1,,19940509,39,200094,15,,Barbara Rittner,R,173,GER,21.038,36,39,200614,,Q,Elena Pampoulova,,,BUL,21.977,,,7-5 6-3,3,R32,,,,,,,,,,,,,,,,,,,
1994-2012,Berlin,Clay,56,T1,,19940509,40,200693,,,Elena Makarova,R,,RUS,21.265,88,16,200017,2,,Arantxa Sanchez Vicario,R,168,ESP,22.391,2,235,6-4 5-7 7-6,3,R32,,,,,,,,,,,,,,,,,,,
1994-2012,Berlin,Clay,56,T1,,19940509,41,200414,1,,Steffi Graf,R,175,GER,24.901,1,437,200649,13,,Ginger Helgeson,R,,USA,25.649,35,45,6-2 6-2,3,R16,,,,,,,,,,,,,,,,,,,
1994-2012,Berlin,Clay,56,T1,,19940509,42,200112,12,,Julie Halard Decugis,R,173,FRA,23.661,26,52,200096,8,,Mary Pierce,R,178,FRA,19.313,12,98,6-2 6-4,3,R16,,,,,,,,,,,,,,,,,,,
1994-2012,Berlin,Clay,56,T1,,19940509,43,200539,3,,Jana Novotna,R,175,CZE,25.599,5,154,200711,,Q,Tatiana Ignatieva,,173,BLR,19.910,,,4-6 6-1 6-2,3,R16,,,,,,,,,,,,,,,,,,,
1994-2012,Berlin,Clay,56,T1,,19940509,44,200667,,,Ines Gorrochategui,R,169,ARG,20.904,47,32,200651,9,,Sabine Hack,,170,GER,24.825,16,73,6-4 6-2,3,R16,,,,,,,,,,,,,,,,,,,
1994-2012,Berlin,Clay,56,T1,,19940509,45,200554,11,,Brenda Schultz Mccarthy,R,188,NED,23.363,28,51,200587,,WC,Silke Meier,,,GER,25.821,158,8,6-2 6-4,3,R16,,,,,,,,,,,,,,,,,,,
1994-2012,Berlin,Clay,56,T1,,19940509,46,200595,,,Ann Grossman,,,USA,23.571,40,35,200572,4,,Gabriela Sabatini,R,175,ARG,23.981,6,125,6-3 6-4,3,R16,,,,,,,,,,,,,,,,,,,
1994-2012,Berlin,Clay,56,T1,,19940509,47,200081,7,,Anke Huber,R,173,GER,19.428,11,102,200455,14,,Katerina Maleeva,R,168,BUL,25.005,32,46,5-7 6-4 6-4,3,R16,,,,,,,,,,,,,,,,,,,
1994-2012,Berlin,Clay,56,T1,,19940509,48,200693,,,Elena Makarova,R,,RUS,21.265,88,16,200094,15,,Barbara Rittner,R,173,GER,21.038,36,39,6-2 6-1,3,R16,,,,,,,,,,,,,,,,,,,
1994-2012,Berlin,Clay,56,T1,,19940509,49,200414,1,,Steffi Graf,R,175,GER,24.901,1,437,200112,12,,Julie Halard Decugis,R,173,FRA,23.661,26,52,6-3 4-6 7-5,3,QF,,,,,,,,,,,,,,,,,,,
1994-2012,Berlin,Clay,56,T1,,19940509,50,200539,3,,Jana Novotna,R,175,CZE,25.599,5,154,200667,,,Ines Gorrochategui,R,169,ARG,20.904,47,32,6-2 6-2,3,QF,,,,,,,,,,,,,,,,,,,
1994-2012,Berlin,Clay,56,T1,,19940509,51,200554,11,,Brenda Schultz Mccarthy,R,188,NED,23.363,28,51,200595,,,Ann Grossman,,,USA,23.571,40,35,6-2 6-2,3,QF,,,,,,,,,,,,,,,,,,,
1994-2012,Berlin,Clay,56,T1,,19940509,52,200081,7,,Anke Huber,R,173,GER,19.428,11,102,200693,,,Elena Makarova,R,,RUS,21.265,88,16,6-0 6-1,3,QF,,,,,,,,,,,,,,,,,,,
1994-2012,Berlin,Clay,56,T1,,19940509,53,200414,1,,Steffi Graf,R,175,GER,24.901,1,437,200539,3,,Jana Novotna,R,175,CZE,25.599,5,154,6-2 6-3,3,SF,,,,,,,,,,,,,,,,,,,
1994-2012,Berlin,Clay,56,T1,,19940509,54,200554,11,,Brenda Schultz Mccarthy,R,188,NED,23.363,28,51,200081,7,,Anke Huber,R,173,GER,19.428,11,102,7-6 6-3,3,SF,,,,,,,,,,,,,,,,,,,
1994-2012,Berlin,Clay,56,T1,,19940509,55,200414,1,,Steffi Graf,R,175,GER,24.901,1,437,200554,11,,Brenda Schultz Mccarthy,R,188,NED,23.363,28,51,7-6 6-4,3,F,,,,,,,,,,,,,,,,,,,
1994-575,Prague,Clay,32,T4,,19940510,1,200064,1,,Amanda Coetzer,R,158,RSA,22.549,18,67,201061,,,Eva Martincova,,170,CZE,19.185,122,12,6-3 6-3,3,R32,,,,,,,,,,,,,,,,,,,
1994-575,Prague,Clay,32,T4,,19940510,2,200692,,,Marzia Grossi,,,ITA,23.686,112,13,200666,,Q,Marion Maruska,R,172,AUT,21.399,,,6-3 7-6,3,R32,,,,,,,,,,,,,,,,,,,
1994-575,Prague,Clay,32,T4,,19940510,3,200698,,,Petra Begerow,R,178,GER,19.072,114,13,200498,,,Michelle Jaggard Lai,R,146,AUS,25.011,162,8,6-3 6-4,3,R32,,,,,,,,,,,,,,,,,,,
1994-575,Prague,Clay,32,T4,,19940510,4,200084,,,Asa Carlsson,R,178,SWE,18.900,84,17,200095,3,,Linda Wild,R,,USA,23.242,44,34,6-4 6-0,3,R32,,,,,,,,,,,,,,,,,,,
1994-575,Prague,Clay,32,T4,,19940510,5,200634,,,Elena Brioukhovets,,,UKR,22.922,116,12,200625,,LL,Jana Pospisilova,,,CZE,24.132,,,0-6 6-4 6-3,3,R32,,,,,,,,,,,,,,,,,,,
1994-575,Prague,Clay,32,T4,,19940510,6,200019,,,Alexandra Fusai,R,176,FRA,20.463,107,14,200593,,,Karine Quentrec,,,FRA,24.551,105,14,6-3 6-2,3,R32,,,,,,,,,,,,,,,,,,,
1994-575,Prague,Clay,32,T4,,19940510,7,200668,,,Silke Frankl,,,GER,23.948,120,12,200127,,Q,Sarah Pitkowski Malcor,R,,FRA,18.489,142,9,6-3 7-6,3,R32,,,,,,,,,,,,,,,,,,,
1994-575,Prague,Clay,32,T4,,19940510,8,200612,2,,Natalia Medvedeva,R,176,UKR,22.484,27,51,200006,,,Karina Habsudova,R,170,SVK,20.770,57,27,6-3 7-6,3,R32,,,,,,,,,,,,,,,,,,,
1994-575,Prague,Clay,32,T4,,19940510,9,200697,,,Janette Husarova,R,169,SVK,19.932,93,16,200738,,WC,Lenka Cenkova,R,175,CZE,17.290,521,1,6-4 6-4,3,R32,,,,,,,,,,,,,,,,,,,
1994-575,Prague,Clay,32,T4,,19940510,10,200584,,,Laura Golarsa,R,165,ITA,26.451,79,18,201193,,Q,Claire Wegink,,,NED,26.612,165,8,6-3 2-6 6-2,3,R32,,,,,,,,,,,,,,,,,,,
1994-575,Prague,Clay,32,T4,,19940510,11,200032,8,,Barbara Schett,R,176,AUT,18.166,82,17,200724,,LL,Lea Ghirardi,R,173,FRA,20.244,168,7,7-6 6-2,3,R32,,,,,,,,,,,,,,,,,,,
1994-575,Prague,Clay,32,T4,,19940510,12,200718,,WC,Ludmila Richterova,,180,CZE,17.175,99,14,200657,4,,Radka Bobkova,R,172,CZE,21.238,70,20,7-5 7-6,3,R32,,,,,,,,,,,,,,,,,,,
1994-575,Prague,Clay,32,T4,,19940510,13,200712,,,Katerina Kroupova,,,CZE,20.217,125,12,200647,,,Noelle Van Lottum,,170,FRA,21.827,127,12,6-2 6-1,3,R32,,,,,,,,,,,,,,,,,,,
1994-575,Prague,Clay,32,T4,,19940510,14,200663,,LL,Nanne Dahlman,,163,FIN,23.672,143,9,200690,,,Kyoko Nagatsuka,,166,JPN,20.211,87,17,6-1 6-4,3,R32,,,,,,,,,,,,,,,,,,,
1994-575,Prague,Clay,32,T4,,19940510,15,200107,,Q,Paola Suarez,R,170,ARG,17.879,154,8,200082,6,,Kristie Boogert,R,178,NED,20.397,61,24,6-3 6-3,3,R32,,,,,,,,,,,,,,,,,,,
1994-575,Prague,Clay,32,T4,,19940510,16,200059,,,Ruxandra Dragomir Ilie,R,168,ROU,21.542,101,14,200626,5,,Emanuela Zardo,L,,SUI,24.044,52,30,6-2 6-4,3,R32,,,,,,,,,,,,,,,,,,,
1994-575,Prague,Clay,32,T4,,19940510,17,200064,1,,Amanda Coetzer,R,158,RSA,22.549,18,67,200697,,,Janette Husarova,R,169,SVK,19.932,93,16,6-2 6-4,3,R16,,,,,,,,,,,,,,,,,,,
1994-575,Prague,Clay,32,T4,,19940510,18,200032,8,,Barbara Schett,R,176,AUT,18.166,82,17,200584,,,Laura Golarsa,R,165,ITA,26.451,79,18,7-5 4-6 6-3,3,R16,,,,,,,,,,,,,,,,,,,
1994-575,Prague,Clay,32,T4,,19940510,19,200718,,WC,Ludmila Richterova,,180,CZE,17.175,99,14,200712,,,Katerina Kroupova,,,CZE,20.217,125,12,6-2 6-7 6-0,3,R16,,,,,,,,,,,,,,,,,,,
1994-575,Prague,Clay,32,T4,,19940510,20,200107,,Q,Paola Suarez,R,170,ARG,17.879,154,8,200663,,LL,Nanne Dahlman,,163,FIN,23.672,143,9,6-3 6-4,3,R16,,,,,,,,,,,,,,,,,,,
1994-575,Prague,Clay,32,T4,,19940510,21,200059,,,Ruxandra Dragomir Ilie,R,168,ROU,21.542,101,14,200692,,,Marzia Grossi,,,ITA,23.686,112,13,6-1 6-3,3,R16,,,,,,,,,,,,,,,,,,,
1994-575,Prague,Clay,32,T4,,19940510,22,200084,,,Asa Carlsson,R,178,SWE,18.900,84,17,200698,,,Petra Begerow,R,178,GER,19.072,114,13,6-3 2-6 6-3,3,R16,,,,,,,,,,,,,,,,,,,
1994-575,Prague,Clay,32,T4,,19940510,23,200019,,,Alexandra Fusai,R,176,FRA,20.463,107,14,200634,,,Elena Brioukhovets,,,UKR,22.922,116,12,6-0 6-2,3,R16,,,,,,,,,,,,,,,,,,,
1994-575,Prague,Clay,32,T4,,19940510,24,200668,,,Silke Frankl,,,GER,23.948,120,12,200612,2,,Natalia Medvedeva,R,176,UKR,22.484,27,51,6-2 6-3,3,R16,,,,,,,,,,,,,,,,,,,
1994-575,Prague,Clay,32,T4,,19940510,25,200064,1,,Amanda Coetzer,R,158,RSA,22.549,18,67,200032,8,,Barbara Schett,R,176,AUT,18.166,82,17,6-3 6-1,3,QF,,,,,,,,,,,,,,,,,,,
1994-575,Prague,Clay,32,T4,,19940510,26,200107,,Q,Paola Suarez,R,170,ARG,17.879,154,8,200718,,WC,Ludmila Richterova,,180,CZE,17.175,99,14,6-3 0-6 6-3,3,QF,,,,,,,,,,,,,,,,,,,
1994-575,Prague,Clay,32,T4,,19940510,27,200084,,,Asa Carlsson,R,178,SWE,18.900,84,17,200059,,,Ruxandra Dragomir Ilie,R,168,ROU,21.542,101,14,4-6 7-5 7-5,3,QF,,,,,,,,,,,,,,,,,,,
1994-575,Prague,Clay,32,T4,,19940510,28,200668,,,Silke Frankl,,,GER,23.948,120,12,200019,,,Alexandra Fusai,R,176,FRA,20.463,107,14,6-4 7-6,3,QF,,,,,,,,,,,,,,,,,,,
1994-575,Prague,Clay,32,T4,,19940510,29,200064,1,,Amanda Coetzer,R,158,RSA,22.549,18,67,200107,,Q,Paola Suarez,R,170,ARG,17.879,154,8,7-5 6-2,3,SF,,,,,,,,,,,,,,,,,,,
1994-575,Prague,Clay,32,T4,,19940510,30,200084,,,Asa Carlsson,R,178,SWE,18.900,84,17,200668,,,Silke Frankl,,,GER,23.948,120,12,6-2 6-1,3,SF,,,,,,,,,,,,,,,,,,,
1994-575,Prague,Clay,32,T4,,19940510,31,200064,1,,Amanda Coetzer,R,158,RSA,22.549,18,67,200084,,,Asa Carlsson,R,178,SWE,18.900,84,17,6-1 7-6,3,F,,,,,,,,,,,,,,,,,,,
1994-406,Strasbourg,Clay,28,T3,,19940516,1,200019,,,Alexandra Fusai,R,176,FRA,20.480,104,14,200649,,,Ginger Helgeson,R,,USA,25.668,35,44,6-4 7-5,3,R32,,,,,,,,,,,,,,,,,,,
1994-406,Strasbourg,Clay,28,T3,,19940516,2,200644,5,,Naoko Sawamatsu,R,167,JPN,21.148,19,65,200703,,,Katarina Studenikova,R,172,SVK,21.701,106,14,6-1 7-6,3,R32,,,,,,,,,,,,,,,,,,,
1994-406,Strasbourg,Clay,28,T3,,19940516,3,200032,,,Barbara Schett,R,176,AUT,18.182,76,19,200712,,,Katerina Kroupova,,,CZE,20.233,122,12,4-6 6-3 6-3,3,R32,,,,,,,,,,,,,,,,,,,
1994-406,Strasbourg,Clay,28,T3,,19940516,4,200084,,,Asa Carlsson,R,178,SWE,18.916,66,22,201047,,Q,Andrea Vieira,,,BRA,23.275,182,7,7-5 6-2,3,R32,,,,,,,,,,,,,,,,,,,
1994-406,Strasbourg,Clay,28,T3,,19940516,5,200621,,WC,Isabelle Demongeot,R,,FRA,27.658,,,200608,,LL,Audra Keller,,,USA,22.495,130,12,7-5 6-1,3,R32,,,,,,,,,,,,,,,,,,,
1994-406,Strasbourg,Clay,28,T3,,19940516,6,200723,6,,Iva Majoli,R,175,CRO,16.759,21,64,200080,,,Dominique Monami,R,170,BEL,20.959,69,21,3-6 6-2 6-2,3,R32,,,,,,,,,,,,,,,,,,,
1994-406,Strasbourg,Clay,28,T3,,19940516,7,200021,,Q,Alexia Dechaume Balleret,R,,FRA,24.036,,,201062,,Q,Amelie Castera,L,,FRA,16.102,340,2,6-4 6-0,3,R32,,,,,,,,,,,,,,,,,,,
1994-406,Strasbourg,Clay,28,T3,,19940516,8,200690,,,Kyoko Nagatsuka,,166,JPN,20.228,95,15,200054,,,Sylvia Plischke,R,177,AUT,16.822,174,7,6-3 7-5,3,R32,,,,,,,,,,,,,,,,,,,
1994-406,Strasbourg,Clay,28,T3,,19940516,9,200482,7,,Judith Wiesner,R,,AUT,28.206,22,63,200013,,,Angelica Gavaldon,R,,MEX,20.616,107,14,6-3 6-1,3,R32,,,,,,,,,,,,,,,,,,,
1994-406,Strasbourg,Clay,28,T3,,19940516,10,200428,8,,Lori Mcneil,,170,USA,30.410,24,62,200582,,Q,Maria Strandlund Tomsvik,,,SWE,24.745,,,6-2 7-6,3,R32,,,,,,,,,,,,,,,,,,,
1994-406,Strasbourg,Clay,28,T3,,19940516,11,200602,,,Shaun Stafford,R,180,USA,25.421,72,20,200638,,,Stephanie Rottier,,,NED,20.313,63,23,4-6 6-4 6-2,3,R32,,,,,,,,,,,,,,,,,,,
1994-406,Strasbourg,Clay,28,T3,,19940516,12,200016,,,Sandrine Testud,R,176,FRA,22.117,82,18,200089,,,Miriam Oremans,R,169,NED,21.681,50,29,6-1 6-2,3,R32,,,,,,,,,,,,,,,,,,,
1994-406,Strasbourg,Clay,28,T3,,19940516,13,200572,1,,Gabriela Sabatini,R,175,ARG,24.000,8,112,200019,,,Alexandra Fusai,R,176,FRA,20.480,104,14,6-1 6-1,3,R16,,,,,,,,,,,,,,,,,,,
1994-406,Strasbourg,Clay,28,T3,,19940516,14,200723,6,,Iva Majoli,R,175,CRO,16.759,21,64,200621,,WC,Isabelle Demongeot,R,,FRA,27.658,,,6-2 6-1,3,R16,,,,,,,,,,,,,,,,,,,
1994-406,Strasbourg,Clay,28,T3,,19940516,15,200037,4,,Sabine Appelmans,L,168,BEL,22.065,17,71,200021,,Q,Alexia Dechaume Balleret,R,,FRA,24.036,,,7-5 6-2,3,R16,,,,,,,,,,,,,,,,,,,
1994-406,Strasbourg,Clay,28,T3,,19940516,16,200482,7,,Judith Wiesner,R,,AUT,28.206,22,63,200690,,,Kyoko Nagatsuka,,166,JPN,20.228,95,15,6-0 6-2,3,R16,,,,,,,,,,,,,,,,,,,
1994-406,Strasbourg,Clay,28,T3,,19940516,17,200428,8,,Lori Mcneil,,170,USA,30.410,24,62,200602,,,Shaun Stafford,R,180,USA,25.421,72,20,0-6 6-2 6-3,3,R16,,,,,,,,,,,,,,,,,,,
1994-406,Strasbourg,Clay,28,T3,,19940516,18,200597,3,,Mary Joe Fernandez,R,175,USA,22.741,10,105,200016,,,Sandrine Testud,R,176,FRA,22.117,82,18,6-3 7-6,3,R16,,,,,,,,,,,,,,,,,,,
1994-406,Strasbourg,Clay,28,T3,,19940516,19,200644,5,,Naoko Sawamatsu,R,167,JPN,21.148,19,65,200032,,,Barbara Schett,R,176,AUT,18.182,76,19,4-6 6-4 6-1,3,R16,,,,,,,,,,,,,,,,,,,
1994-406,Strasbourg,Clay,28,T3,,19940516,20,200617,2,,Kimiko Date Krumm,R,163,JPN,23.631,6,124,200084,,,Asa Carlsson,R,178,SWE,18.916,66,22,4-6 6-4 6-2,3,R16,,,,,,,,,,,,,,,,,,,
1994-406,Strasbourg,Clay,28,T3,,19940516,21,200572,1,,Gabriela Sabatini,R,175,ARG,24.000,8,112,200723,6,,Iva Majoli,R,175,CRO,16.759,21,64,6-3 4-6 6-2,3,QF,,,,,,,,,,,,,,,,,,,
1994-406,Strasbourg,Clay,28,T3,,19940516,22,200482,7,,Judith Wiesner,R,,AUT,28.206,22,63,200037,4,,Sabine Appelmans,L,168,BEL,22.065,17,71,6-4 7-6,3,QF,,,,,,,,,,,,,,,,,,,
1994-406,Strasbourg,Clay,28,T3,,19940516,23,200597,3,,Mary Joe Fernandez,R,175,USA,22.741,10,105,200428,8,,Lori Mcneil,,170,USA,30.410,24,62,6-4 4-6 6-3,3,QF,,,,,,,,,,,,,,,,,,,
1994-406,Strasbourg,Clay,28,T3,,19940516,24,200617,2,,Kimiko Date Krumm,R,163,JPN,23.631,6,124,200644,5,,Naoko Sawamatsu,R,167,JPN,21.148,19,65,6-3 6-4,3,QF,,,,,,,,,,,,,,,,,,,
1994-406,Strasbourg,Clay,28,T3,,19940516,25,200572,1,,Gabriela Sabatini,R,175,ARG,24.000,8,112,200482,7,,Judith Wiesner,R,,AUT,28.206,22,63,6-4 4-6 6-3,3,SF,,,,,,,,,,,,,,,,,,,
1994-406,Strasbourg,Clay,28,T3,,19940516,26,200597,3,,Mary Joe Fernandez,R,175,USA,22.741,10,105,200617,2,,Kimiko Date Krumm,R,163,JPN,23.631,6,124,3-6 6-4 6-1,3,SF,,,,,,,,,,,,,,,,,,,
1994-406,Strasbourg,Clay,28,T3,,19940516,27,200597,3,,Mary Joe Fernandez,R,175,USA,22.741,10,105,200572,1,,Gabriela Sabatini,R,175,ARG,24.000,8,112,2-6 6-4 6-0,3,F,,,,,,,,,,,,,,,,,,,
1994-501,Lucerne,Clay,28,T3,,19940516,1,200397,,,Tracy Austin,R,165,USA,31.426,87,17,201968,,WC,Geraldine Dondit,,,SUI,18.089,342,2,6-4 6-0,3,R32,,,,,,,,,,,,,,,,,,,
1994-501,Lucerne,Clay,28,T3,,19940516,2,201850,,,Nino Louarsabishvili,,,GEO,17.279,466,1,200612,5,,Natalia Medvedeva,R,176,UKR,22.500,27,52,7-5 7-6,3,R32,,,,,,,,,,,,,,,,,,,
1994-501,Lucerne,Clay,28,T3,,19940516,3,200020,,,Lisa Raymond,R,165,USA,20.764,59,26,200627,,,Petra Schwarz,R,168,AUT,21.977,99,15,6-2 6-4,3,R32,,,,,,,,,,,,,,,,,,,
1994-501,Lucerne,Clay,28,T3,,19940516,4,200040,,,Anna Smashnova,R,157,ISR,17.832,100,15,200626,,,Emanuela Zardo,L,,SUI,24.061,52,28,7-5 6-4,3,R32,,,,,,,,,,,,,,,,,,,
1994-501,Lucerne,Clay,28,T3,,19940516,5,201061,,Q,Eva Martincova,,170,CZE,19.201,123,12,200439,,Q,Jenny Byrne,,,AUS,27.220,120,12,3-6 6-3 6-0,3,R32,,,,,,,,,,,,,,,,,,,
1994-501,Lucerne,Clay,28,T3,,19940516,6,200699,7,,Meredith Mcgrath,,,USA,23.050,40,37,200584,,,Laura Golarsa,R,165,ITA,26.467,79,18,6-1 1-6 6-3,3,R32,,,,,,,,,,,,,,,,,,,
1994-501,Lucerne,Clay,28,T3,,19940516,7,200726,,Q,Nancy Feber,L,160,BEL,18.276,179,7,200708,,,Sandra Cacic,R,,USA,19.680,43,34,6-2 6-1,3,R32,,,,,,,,,,,,,,,,,,,
1994-501,Lucerne,Clay,28,T3,,19940516,8,200095,,,Linda Wild,R,,USA,23.259,46,33,200501,,,Marianne Werdel Witmeyer,,,USA,26.580,53,28,7-5 6-2,3,R32,,,,,,,,,,,,,,,,,,,
1994-501,Lucerne,Clay,28,T3,,19940516,9,200039,6,,Chanda Rubin,R,168,USA,18.240,28,50,200660,,,Kimberly Po Messerli,R,157,USA,22.571,49,31,6-2 6-4,3,R32,,,,,,,,,,,,,,,,,,,
1994-501,Lucerne,Clay,28,T3,,19940516,10,200705,8,,Linda Ferrando,,170,ITA,28.340,41,36,200676,,,Mana Endo,R,160,JPN,23.272,45,33,6-2 6-4,3,R32,,,,,,,,,,,,,,,,,,,
1994-501,Lucerne,Clay,28,T3,,19940516,11,200607,,,Beate Reinstadler,,168,AUT,26.990,62,24,201969,,Q,Karin Ptaszek,R,,DEN,22.393,319,3,6-7 6-0 6-1,3,R32,,,,,,,,,,,,,,,,,,,
1994-501,Lucerne,Clay,28,T3,,19940516,12,200127,,,Sarah Pitkowski Malcor,R,,FRA,18.506,145,9,200679,,,Caroline Kuhlman,,,USA,27.724,71,21,6-4 6-3,3,R32,,,,,,,,,,,,,,,,,,,
1994-501,Lucerne,Clay,28,T3,,19940516,13,200128,1,,Lindsay Davenport,R,189,USA,17.936,9,106,200397,,,Tracy Austin,R,165,USA,31.426,87,17,6-1 6-2,3,R16,,,,,,,,,,,,,,,,,,,
1994-501,Lucerne,Clay,28,T3,,19940516,14,200699,7,,Meredith Mcgrath,,,USA,23.050,40,37,201061,,Q,Eva Martincova,,170,CZE,19.201,123,12,6-3 6-1,3,R16,,,,,,,,,,,,,,,,,,,
1994-501,Lucerne,Clay,28,T3,,19940516,15,200377,3,,Helena Sukova,R,188,CZE,29.224,15,74,200726,,Q,Nancy Feber,L,160,BEL,18.276,179,7,2-6 6-4 6-4,3,R16,,,,,,,,,,,,,,,,,,,
1994-501,Lucerne,Clay,28,T3,,19940516,16,200039,6,,Chanda Rubin,R,168,USA,18.240,28,50,200095,,,Linda Wild,R,,USA,23.259,46,33,6-4 6-1,3,R16,,,,,,,,,,,,,,,,,,,
1994-501,Lucerne,Clay,28,T3,,19940516,17,200607,,,Beate Reinstadler,,168,AUT,26.990,62,24,200705,8,,Linda Ferrando,,170,ITA,28.340,41,36,6-2 6-0,3,R16,,,,,,,,,,,,,,,,,,,
1994-501,Lucerne,Clay,28,T3,,19940516,18,200041,4,,Amy Frazier,R,175,USA,21.654,20,65,200127,,,Sarah Pitkowski Malcor,R,,FRA,18.506,145,9,6-2 6-3,3,R16,,,,,,,,,,,,,,,,,,,
1994-501,Lucerne,Clay,28,T3,,19940516,19,200020,,,Lisa Raymond,R,165,USA,20.764,59,26,201850,,,Nino Louarsabishvili,,,GEO,17.279,466,1,6-2 7-6,3,R16,,,,,,,,,,,,,,,,,,,
1994-501,Lucerne,Clay,28,T3,,19940516,20,200086,2,,Magdalena Maleeva,R,168,BUL,19.124,13,83,200040,,,Anna Smashnova,R,157,ISR,17.832,100,15,6-3 6-1 6-1,3,R16,,,,,,,,,,,,,,,,,,,
1994-501,Lucerne,Clay,28,T3,,19940516,21,200128,1,,Lindsay Davenport,R,189,USA,17.936,9,106,200699,7,,Meredith Mcgrath,,,USA,23.050,40,37,6-1 6-1,3,QF,,,,,,,,,,,,,,,,,,,
1994-501,Lucerne,Clay,28,T3,,19940516,22,200039,6,,Chanda Rubin,R,168,USA,18.240,28,50,200377,3,,Helena Sukova,R,188,CZE,29.224,15,74,0-6 6-3 6-4,3,QF,,,,,,,,,,,,,,,,,,,
1994-501,Lucerne,Clay,28,T3,,19940516,23,200041,4,,Amy Frazier,R,175,USA,21.654,20,65,200607,,,Beate Reinstadler,,168,AUT,26.990,62,24,6-0 4-6 7-5,3,QF,,,,,,,,,,,,,,,,,,,
1994-501,Lucerne,Clay,28,T3,,19940516,24,200020,,,Lisa Raymond,R,165,USA,20.764,59,26,200086,2,,Magdalena Maleeva,R,168,BUL,19.124,13,83,7-5 6-4,3,QF,,,,,,,,,,,,,,,,,,,
1994-501,Lucerne,Clay,28,T3,,19940516,25,200128,1,,Lindsay Davenport,R,189,USA,17.936,9,106,200039,6,,Chanda Rubin,R,168,USA,18.240,28,50,6-3 3-0 RET,3,SF,,,,,,,,,,,,,,,,,,,
1994-501,Lucerne,Clay,28,T3,,19940516,26,200020,,,Lisa Raymond,R,165,USA,20.764,59,26,200041,4,,Amy Frazier,R,175,USA,21.654,20,65,6-1 6-3,3,SF,,,,,,,,,,,,,,,,,,,
1994-501,Lucerne,Clay,28,T3,,19940516,27,200128,1,,Lindsay Davenport,R,189,USA,17.936,9,106,200020,,,Lisa Raymond,R,165,USA,20.764,59,26,7-6 6-4,3,F,,,,,,,,,,,,,,,,,,,
1994-903,Roland Garros,Clay,128,G,,19940523,1,200414,1,,Steffi Graf,R,175,GER,24.940,1,432,200703,,,Katarina Studenikova,R,172,SVK,21.720,100,14,6-2 6-2,3,R128,,,,,,,,,,,,,,,,,,,
1994-903,Roland Garros,Clay,128,G,,19940523,2,200542,,,Clare Wood,R,,GBR,26.207,87,16,200417,,,Gigi Fernandez,,170,USA,30.248,79,18,6-3 2-6 6-2,3,R128,,,,,,,,,,,,,,,,,,,
1994-903,Roland Garros,Clay,128,G,,19940523,3,200644,,,Naoko Sawamatsu,R,167,JPN,21.167,26,54,201021,,Q,Laura Garrone,R,166,ITA,26.519,198,6,4-6 6-4 6-0,3,R128,,,,,,,,,,,,,,,,,,,
1994-903,Roland Garros,Clay,128,G,,19940523,4,200667,,,Ines Gorrochategui,R,169,ARG,20.942,36,41,200498,,Q,Michelle Jaggard Lai,R,146,AUS,25.046,168,7,6-3 6-2,3,R128,,,,,,,,,,,,,,,,,,,
1994-903,Roland Garros,Clay,128,G,,19940523,5,200579,,Q,Karin Kschwendt,R,175,AUT,25.687,143,9,201057,,WC,Angelique Olivier,,,FRA,18.946,,,5-7 6-4 9-7,3,R128,,,,,,,,,,,,,,,,,,,
1994-903,Roland Garros,Clay,128,G,,19940523,6,200660,,,Kimberly Po Messerli,R,157,USA,22.590,48,31,201044,,,Catherine Mothes Jobkel,,,FRA,23.959,338,2,6-1 6-1,3,R128,,,,,,,,,,,,,,,,,,,
1994-903,Roland Garros,Clay,128,G,,19940523,7,200723,,,Iva Majoli,R,175,CRO,16.778,21,63,200080,,,Dominique Monami,R,170,BEL,20.978,74,19,6-1 7-5,3,R128,,,,,,,,,,,,,,,,,,,
1994-903,Roland Garros,Clay,128,G,,19940523,8,200700,,,Silvia Farina Elia,R,172,ITA,22.070,108,13,200572,8,,Gabriela Sabatini,R,175,ARG,24.020,8,114,2-6 6-2 6-4,3,R128,,,,,,,,,,,,,,,,,,,
1994-903,Roland Garros,Clay,128,G,,19940523,9,200089,,,Miriam Oremans,R,169,NED,21.701,54,28,200293,4,,Martina Navratilova,L,173,USA,37.594,4,172,6-4 6-4,3,R128,,,,,,,,,,,,,,,,,,,
1994-903,Roland Garros,Clay,128,G,,19940523,10,200037,,,Sabine Appelmans,L,168,BEL,22.084,17,72,201062,,WC,Amelie Castera,L,,FRA,16.121,312,3,6-4 6-1,3,R128,,,,,,,,,,,,,,,,,,,
1994-903,Roland Garros,Clay,128,G,,19940523,11,200097,,,Nathalie Tauziat,R,165,FRA,26.599,22,63,200607,,,Beate Reinstadler,,168,AUT,27.009,61,25,7-5 6-2,3,R128,,,,,,,,,,,,,,,,,,,
1994-903,Roland Garros,Clay,128,G,,19940523,12,200638,,,Stephanie Rottier,,,NED,20.332,67,22,200612,,,Natalia Medvedeva,R,176,UKR,22.519,28,49,6-2 3-6 6-3,3,R128,,,,,,,,,,,,,,,,,,,
1994-903,Roland Garros,Clay,128,G,,19940523,13,200627,,,Petra Schwarz,R,168,AUT,21.996,103,14,200020,,,Lisa Raymond,R,165,USA,20.783,43,34,3-6 6-2 11-9,3,R128,,,,,,,,,,,,,,,,,,,
1994-903,Roland Garros,Clay,128,G,,19940523,14,200718,,,Ludmila Richterova,,180,CZE,17.210,90,16,200032,,,Barbara Schett,R,176,AUT,18.202,75,19,6-1 7-6(3),3,R128,,,,,,,,,,,,,,,,,,,
1994-903,Roland Garros,Clay,128,G,,19940523,15,200624,,,Tami Whitlinger Jones,,,USA,25.523,93,15,200690,,,Kyoko Nagatsuka,,166,JPN,20.247,84,17,6-4 2-6 6-3,3,R128,,,,,,,,,,,,,,,,,,,
1994-903,Roland Garros,Clay,128,G,,19940523,16,200725,,,Sandra Cecchini,R,170,ITA,29.233,57,27,200041,,,Amy Frazier,R,175,USA,21.673,19,66,3-6 6-1 7-5,3,R128,,,,,,,,,,,,,,,,,,,
1994-903,Roland Garros,Clay,128,G,,19940523,17,200059,,,Ruxandra Dragomir Ilie,R,168,ROU,21.577,95,15,200086,13,,Magdalena Maleeva,R,168,BUL,19.143,14,81,6-3 7-5,3,R128,,,,,,,,,,,,,,,,,,,
1994-903,Roland Garros,Clay,128,G,,19940523,18,200096,12,,Mary Pierce,R,178,FRA,19.352,12,95,200469,,,Nicole Bradtke,R,176,AUS,24.666,186,6,6-1 6-0,3,R128,,,,,,,,,,,,,,,,,,,
1994-903,Roland Garros,Clay,128,G,,19940523,19,201063,,,Maria Francesca Bentivoglio,R,,ITA,17.317,,,200497,,,Patricia Hy Boulais,R,163,CAN,28.751,40,37,4-6 4-2 RET,3,R128,,,,,,,,,,,,,,,,,,,
1994-903,Roland Garros,Clay,128,G,,19940523,20,200082,,,Kristie Boogert,R,178,NED,20.433,62,24,200621,,WC,Isabelle Demongeot,R,,FRA,27.678,,,6-2 6-2,3,R128,,,,,,,,,,,,,,,,,,,
1994-903,Roland Garros,Clay,128,G,,19940523,21,200428,,,Lori Mcneil,,170,USA,30.429,20,65,200701,,,Caroline Vis,R,180,NED,24.220,112,13,6-0 6-2,3,R128,,,,,,,,,,,,,,,,,,,
1994-903,Roland Garros,Clay,128,G,,19940523,22,200648,,,Marketa Kochta,R,168,GER,18.859,55,27,200397,,,Tracy Austin,R,165,USA,31.445,78,18,6-0 6-1,3,R128,,,,,,,,,,,,,,,,,,,
1994-903,Roland Garros,Clay,128,G,,19940523,23,200530,,Q,Radomira Zrubakova,R,169,SVK,23.406,147,9,200576,,WC,Nathalie Herreman,L,,FRA,28.154,,,6-0 6-1,3,R128,,,,,,,,,,,,,,,,,,,
1994-903,Roland Garros,Clay,128,G,,19940523,24,200455,,,Katerina Maleeva,R,168,BUL,25.044,33,46,200095,,,Linda Wild,R,,USA,23.278,42,34,6-1 6-4,3,R128,,,,,,,,,,,,,,,,,,,
1994-903,Roland Garros,Clay,128,G,,19940523,25,200657,,,Radka Bobkova,R,172,CZE,21.274,77,19,200105,,,Rachel Mcquillan,,170,AUS,22.473,65,23,6-3 5-7 7-5,3,R128,,,,,,,,,,,,,,,,,,,
1994-903,Roland Garros,Clay,128,G,,19940523,26,200064,,,Amanda Coetzer,R,158,RSA,22.585,18,69,200617,6,,Kimiko Date Krumm,R,163,JPN,23.650,6,133,6-2 6-1,3,R128,,,,,,,,,,,,,,,,,,,
1994-903,Roland Garros,Clay,128,G,,19940523,27,200040,,,Anna Smashnova,R,157,ISR,17.851,94,15,200539,5,,Jana Novotna,R,175,CZE,25.638,5,158,6-4 6-2,3,R128,,,,,,,,,,,,,,,,,,,
1994-903,Roland Garros,Clay,128,G,,19940523,28,200602,,,Shaun Stafford,R,180,USA,25.441,70,21,200693,,,Elena Makarova,R,,RUS,21.304,64,23,6-2 6-1,3,R128,,,,,,,,,,,,,,,,,,,
1994-903,Roland Garros,Clay,128,G,,19940523,29,200595,,,Ann Grossman,,,USA,23.609,39,39,200106,,LL,Angeles Montolio,R,157,ESP,18.796,133,11,6-2 6-1,3,R128,,,,,,,,,,,,,,,,,,,
1994-903,Roland Garros,Clay,128,G,,19940523,30,200569,,,Petra Langrova,,,TCH,23.905,114,13,200674,,Q,Bettina Fulco,R,,ARG,25.580,105,14,7-5 2-6 6-3,3,R128,,,,,,,,,,,,,,,,,,,
1994-903,Roland Garros,Clay,128,G,,19940523,31,200658,,,Fang Li,R,166,CHN,21.389,91,16,200472,,,Helen Kelesi,R,,CAN,24.518,53,28,6-7(6) 6-1 6-3,3,R128,,,,,,,,,,,,,,,,,,,
1994-903,Roland Garros,Clay,128,G,,19940523,32,200019,,,Alexandra Fusai,R,176,FRA,20.499,96,15,200522,,,Nicole Jagerman,R,179,NED,26.834,71,20,6-3 7-5,3,R128,,,,,,,,,,,,,,,,,,,
1994-903,Roland Garros,Clay,128,G,,19940523,33,200634,,,Elena Brioukhovets,,,UKR,22.957,117,13,200485,,,Manon Bollegraf,R,173,NED,30.117,98,14,6-4 6-3,3,R128,,,,,,,,,,,,,,,,,,,
1994-903,Roland Garros,Clay,128,G,,19940523,34,200682,,,Joannette Kruger,R,179,RSA,20.718,76,19,200675,,,Eugenia Maniokova,R,178,RUS,26.016,86,16,4-6 6-0 6-3,3,R128,,,,,,,,,,,,,,,,,,,
1994-903,Roland Garros,Clay,128,G,,19940523,35,200651,16,,Sabine Hack,,170,GER,24.863,16,73,200704,,,Maria Jose Gaidano,,171,ARG,20.994,128,12,6-2 6-1,3,R128,,,,,,,,,,,,,,,,,,,
1994-903,Roland Garros,Clay,128,G,,19940523,36,200668,,,Silke Frankl,,,GER,23.984,81,18,200404,14,,Zina Garrison,R,164,USA,30.517,13,81,6-3 4-6 6-2,3,R128,,,,,,,,,,,,,,,,,,,
1994-903,Roland Garros,Clay,128,G,,19940523,37,200692,,,Marzia Grossi,,,ITA,23.721,110,13,200679,,,Caroline Kuhlman,,,USA,27.743,80,18,6-4 6-4,3,R128,,,,,,,,,,,,,,,,,,,
1994-903,Roland Garros,Clay,128,G,,19940523,38,200021,,WC,Alexia Dechaume Balleret,R,,FRA,24.055,197,6,200626,,,Emanuela Zardo,L,,SUI,24.080,52,28,6-3 6-1,3,R128,,,,,,,,,,,,,,,,,,,
1994-903,Roland Garros,Clay,128,G,,19940523,39,200506,,,Wiltrud Probst,R,170,GER,24.983,73,19,201060,,WC,Carole Lucarelli,,,FRA,21.487,,,6-4 6-1,3,R128,,,,,,,,,,,,,,,,,,,
1994-903,Roland Garros,Clay,128,G,,19940523,40,200501,,,Marianne Werdel Witmeyer,,,USA,26.599,59,27,200360,,,Pam Shriver,R,183,USA,31.886,46,31,6-3 6-2,3,R128,,,,,,,,,,,,,,,,,,,
1994-903,Roland Garros,Clay,128,G,,19940523,41,200554,,,Brenda Schultz Mccarthy,R,188,NED,23.401,25,56,200107,,Q,Paola Suarez,R,170,ARG,17.914,107,13,6-1 6-1,3,R128,,,,,,,,,,,,,,,,,,,
1994-903,Roland Garros,Clay,128,G,,19940523,42,200649,,,Ginger Helgeson,R,,USA,25.687,35,42,200481,,,Elna Reinach,,,RSA,25.471,69,21,4-6 6-4 6-3,3,R128,,,,,,,,,,,,,,,,,,,
1994-903,Roland Garros,Clay,128,G,,19940523,43,200049,3,,Conchita Martinez,R,170,ESP,22.100,3,183,200450,,,Larisa Savchenko,,169,URS,27.839,50,29,6-2 6-3,3,R128,,,,,,,,,,,,,,,,,,,
1994-903,Roland Garros,Clay,128,G,,19940523,44,200116,7,,Natalia Zvereva,R,174,BLR,23.102,9,113,200707,,,Romana Tedjakusuma,R,,INA,17.829,121,12,6-0 6-1,3,R128,,,,,,,,,,,,,,,,,,,
1994-903,Roland Garros,Clay,128,G,,19940523,45,200593,,,Karine Quentrec,,,FRA,24.586,118,13,201061,,,Eva Martincova,,170,CZE,19.220,111,13,6-2 3-6 6-4,3,R128,,,,,,,,,,,,,,,,,,,
1994-903,Roland Garros,Clay,128,G,,19940523,46,200482,,,Judith Wiesner,R,,AUT,28.225,23,59,200643,,LL,Petra Kamstra,,,NED,20.181,142,9,7-5 6-1,3,R128,,,,,,,,,,,,,,,,,,,
1994-903,Roland Garros,Clay,128,G,,19940523,47,200587,,Q,Silke Meier,,,GER,25.860,115,13,200665,,,Yone Kamio,R,164,JPN,22.500,104,14,6-1 6-3,3,R128,,,,,,,,,,,,,,,,,,,
1994-903,Roland Garros,Clay,128,G,,19940523,48,200684,,,Shi Ting Wang,R,171,TPE,20.592,31,48,200084,,,Asa Carlsson,R,178,SWE,18.935,66,22,7-5 7-6(2),3,R128,,,,,,,,,,,,,,,,,,,
1994-903,Roland Garros,Clay,128,G,,19940523,49,200698,,Q,Petra Begerow,R,178,GER,19.108,102,14,200699,,,Meredith Mcgrath,,,USA,23.070,38,40,6-2 4-6 9-7,3,R128,,,,,,,,,,,,,,,,,,,
1994-903,Roland Garros,Clay,128,G,,19940523,50,200112,,,Julie Halard Decugis,R,173,FRA,23.699,24,57,200641,,,Patricia Tarabini,R,165,ARG,25.794,72,20,6-3 6-2,3,R128,,,,,,,,,,,,,,,,,,,
1994-903,Roland Garros,Clay,128,G,,19940523,51,200687,,LL,Katarzyna Nowak,,173,POL,25.356,171,7,200724,,WC,Lea Ghirardi,R,173,FRA,20.280,173,7,6-4 6-2,3,R128,,,,,,,,,,,,,,,,,,,
1994-903,Roland Garros,Clay,128,G,,19940523,52,200128,9,,Lindsay Davenport,R,189,USA,17.955,11,103,200039,,,Chanda Rubin,R,168,USA,18.259,27,53,6-7(2) 6-4 6-3,3,R128,,,,,,,,,,,,,,,,,,,
1994-903,Roland Garros,Clay,128,G,,19940523,53,200081,11,,Anke Huber,R,173,GER,19.467,10,105,200016,,,Sandrine Testud,R,176,FRA,22.136,106,13,7-6(2) 6-3,3,R128,,,,,,,,,,,,,,,,,,,
1994-903,Roland Garros,Clay,128,G,,19940523,54,200671,,,Meike Babel,R,173,GER,19.499,45,32,200548,,,Patty Fendick,R,165,USA,29.145,34,46,6-3 6-4,3,R128,,,,,,,,,,,,,,,,,,,
1994-903,Roland Garros,Clay,128,G,,19940523,55,200601,,,Leila Meskhi,R,164,GEO,26.380,32,47,200706,,LL,Catalina Cristea,R,178,ROU,18.974,135,11,6-2 4-6 6-4,3,R128,,,,,,,,,,,,,,,,,,,
1994-903,Roland Garros,Clay,128,G,,19940523,56,200051,,,Irina Spirlea,R,175,ROU,20.159,41,35,200712,,,Katerina Kroupova,,,CZE,20.252,137,10,6-3 6-1,3,R128,,,,,,,,,,,,,,,,,,,
1994-903,Roland Garros,Clay,128,G,,19940523,57,200708,,,Sandra Cacic,R,,USA,19.699,47,31,200676,,,Mana Endo,R,160,JPN,23.291,49,29,6-3 6-4,3,R128,,,,,,,,,,,,,,,,,,,
1994-903,Roland Garros,Clay,128,G,,19940523,58,200094,,,Barbara Rittner,R,173,GER,21.076,37,40,200559,,,Kristine Kunce,R,177,AUS,24.222,56,27,6-1 6-2,3,R128,,,,,,,,,,,,,,,,,,,
1994-903,Roland Garros,Clay,128,G,,19940523,59,200686,,,Sandra Dopfer,,174,AUT,23.995,82,18,200584,,,Laura Golarsa,R,165,ITA,26.487,83,17,6-3 3-6 6-1,3,R128,,,,,,,,,,,,,,,,,,,
1994-903,Roland Garros,Clay,128,G,,19940523,60,200647,,,Noelle Van Lottum,,170,FRA,21.862,136,11,200705,,,Linda Ferrando,,170,ITA,28.359,51,29,6-2 6-2,3,R128,,,,,,,,,,,,,,,,,,,
1994-903,Roland Garros,Clay,128,G,,19940523,61,200017,2,,Arantxa Sanchez Vicario,R,168,ESP,22.429,2,221,200026,,,Florencia Labat,L,170,ARG,22.946,30,49,6-4 6-1,3,R128,,,,,,,,,,,,,,,,,,,
1994-903,Roland Garros,Clay,128,G,,19940523,62,200013,,,Angelica Gavaldon,R,,MEX,20.636,101,14,200491,,,Christina Singer,,176,GER,25.821,89,16,7-5 6-0,3,R128,,,,,,,,,,,,,,,,,,,
1994-903,Roland Garros,Clay,128,G,,19940523,63,200597,10,,Mary Joe Fernandez,R,175,USA,22.760,7,128,200006,,,Karina Habsudova,R,170,SVK,20.805,58,27,6-4 3-6 6-1,3,R128,,,,,,,,,,,,,,,,,,,
1994-903,Roland Garros,Clay,128,G,,19940523,64,200377,15,,Helena Sukova,R,188,CZE,29.244,15,74,200076,,,Laurence Courtois,R,172,BEL,18.344,68,21,6-3 7-5,3,R128,,,,,,,,,,,,,,,,,,,
1994-903,Roland Garros,Clay,128,G,,19940523,65,200414,1,,Steffi Graf,R,175,GER,24.940,1,432,200638,,,Stephanie Rottier,,,NED,20.332,67,22,7-5 6-3,3,R64,,,,,,,,,,,,,,,,,,,
1994-903,Roland Garros,Clay,128,G,,19940523,66,200682,,,Joannette Kruger,R,179,RSA,20.718,76,19,200530,,Q,Radomira Zrubakova,R,169,SVK,23.406,147,9,4-6 7-5 6-3,3,R64,,,,,,,,,,,,,,,,,,,
1994-903,Roland Garros,Clay,128,G,,19940523,67,200051,,,Irina Spirlea,R,175,ROU,20.159,41,35,200593,,,Karine Quentrec,,,FRA,24.586,118,13,7-5 6-0,3,R64,,,,,,,,,,,,,,,,,,,
1994-903,Roland Garros,Clay,128,G,,19940523,68,200597,10,,Mary Joe Fernandez,R,175,USA,22.760,7,128,200013,,,Angelica Gavaldon,R,,MEX,20.636,101,14,6-0 6-1,3,R64,,,,,,,,,,,,,,,,,,,
1994-903,Roland Garros,Clay,128,G,,19940523,69,200377,15,,Helena Sukova,R,188,CZE,29.244,15,74,200542,,,Clare Wood,R,,GBR,26.207,87,16,2-6 6-3 6-2,3,R64,,,,,,,,,,,,,,,,,,,
1994-903,Roland Garros,Clay,128,G,,19940523,70,200667,,,Ines Gorrochategui,R,169,ARG,20.942,36,41,200644,,,Naoko Sawamatsu,R,167,JPN,21.167,26,54,7-5 6-4,3,R64,,,,,,,,,,,,,,,,,,,
1994-903,Roland Garros,Clay,128,G,,19940523,71,200579,,Q,Karin Kschwendt,R,175,AUT,25.687,143,9,200660,,,Kimberly Po Messerli,R,157,USA,22.590,48,31,2-6 6-1 7-5,3,R64,,,,,,,,,,,,,,,,,,,
1994-903,Roland Garros,Clay,128,G,,19940523,72,200723,,,Iva Majoli,R,175,CRO,16.778,21,63,200700,,,Silvia Farina Elia,R,172,ITA,22.070,108,13,6-4 6-1,3,R64,,,,,,,,,,,,,,,,,,,
1994-903,Roland Garros,Clay,128,G,,19940523,73,200089,,,Miriam Oremans,R,169,NED,21.701,54,28,200037,,,Sabine Appelmans,L,168,BEL,22.084,17,72,6-3 1-6 6-4,3,R64,,,,,,,,,,,,,,,,,,,
1994-903,Roland Garros,Clay,128,G,,19940523,74,200627,,,Petra Schwarz,R,168,AUT,21.996,103,14,200097,,,Nathalie Tauziat,R,165,FRA,26.599,22,63,6-3 6-1,3,R64,,,,,,,,,,,,,,,,,,,
1994-903,Roland Garros,Clay,128,G,,19940523,75,200718,,,Ludmila Richterova,,180,CZE,17.210,90,16,200624,,,Tami Whitlinger Jones,,,USA,25.523,93,15,6-4 6-2,3,R64,,,,,,,,,,,,,,,,,,,
1994-903,Roland Garros,Clay,128,G,,19940523,76,200059,,,Ruxandra Dragomir Ilie,R,168,ROU,21.577,95,15,200725,,,Sandra Cecchini,R,170,ITA,29.233,57,27,6-2 4-6 6-1,3,R64,,,,,,,,,,,,,,,,,,,
1994-903,Roland Garros,Clay,128,G,,19940523,77,200096,12,,Mary Pierce,R,178,FRA,19.352,12,95,201063,,,Maria Francesca Bentivoglio,R,,ITA,17.317,,,6-0 6-1,3,R64,,,,,,,,,,,,,,,,,,,
1994-903,Roland Garros,Clay,128,G,,19940523,78,200428,,,Lori Mcneil,,170,USA,30.429,20,65,200082,,,Kristie Boogert,R,178,NED,20.433,62,24,4-6 6-1 6-2,3,R64,,,,,,,,,,,,,,,,,,,
1994-903,Roland Garros,Clay,128,G,,19940523,79,200648,,,Marketa Kochta,R,168,GER,18.859,55,27,200455,,,Katerina Maleeva,R,168,BUL,25.044,33,46,0-6 6-3 6-2,3,R64,,,,,,,,,,,,,,,,,,,
1994-903,Roland Garros,Clay,128,G,,19940523,80,200064,,,Amanda Coetzer,R,158,RSA,22.585,18,69,200657,,,Radka Bobkova,R,172,CZE,21.274,77,19,6-4 6-4,3,R64,,,,,,,,,,,,,,,,,,,
1994-903,Roland Garros,Clay,128,G,,19940523,81,200602,,,Shaun Stafford,R,180,USA,25.441,70,21,200040,,,Anna Smashnova,R,157,ISR,17.851,94,15,6-4 6-1,3,R64,,,,,,,,,,,,,,,,,,,
1994-903,Roland Garros,Clay,128,G,,19940523,82,200595,,,Ann Grossman,,,USA,23.609,39,39,200569,,,Petra Langrova,,,TCH,23.905,114,13,3-6 6-4 6-3,3,R64,,,,,,,,,,,,,,,,,,,
1994-903,Roland Garros,Clay,128,G,,19940523,83,200019,,,Alexandra Fusai,R,176,FRA,20.499,96,15,200658,,,Fang Li,R,166,CHN,21.389,91,16,6-0 6-2,3,R64,,,,,,,,,,,,,,,,,,,
1994-903,Roland Garros,Clay,128,G,,19940523,84,200651,16,,Sabine Hack,,170,GER,24.863,16,73,200634,,,Elena Brioukhovets,,,UKR,22.957,117,13,6-2 3-6 6-1,3,R64,,,,,,,,,,,,,,,,,,,
1994-903,Roland Garros,Clay,128,G,,19940523,85,200692,,,Marzia Grossi,,,ITA,23.721,110,13,200668,,,Silke Frankl,,,GER,23.984,81,18,6-3 6-1,3,R64,,,,,,,,,,,,,,,,,,,
1994-903,Roland Garros,Clay,128,G,,19940523,86,200021,,WC,Alexia Dechaume Balleret,R,,FRA,24.055,197,6,200506,,,Wiltrud Probst,R,170,GER,24.983,73,19,7-6(2) 6-2,3,R64,,,,,,,,,,,,,,,,,,,
1994-903,Roland Garros,Clay,128,G,,19940523,87,200554,,,Brenda Schultz Mccarthy,R,188,NED,23.401,25,56,200501,,,Marianne Werdel Witmeyer,,,USA,26.599,59,27,6-4 7-6(9),3,R64,,,,,,,,,,,,,,,,,,,
1994-903,Roland Garros,Clay,128,G,,19940523,88,200049,3,,Conchita Martinez,R,170,ESP,22.100,3,183,200649,,,Ginger Helgeson,R,,USA,25.687,35,42,6-2 6-3,3,R64,,,,,,,,,,,,,,,,,,,
1994-903,Roland Garros,Clay,128,G,,19940523,89,200116,7,,Natalia Zvereva,R,174,BLR,23.102,9,113,200482,,,Judith Wiesner,R,,AUT,28.225,23,59,7-5 7-5,3,R64,,,,,,,,,,,,,,,,,,,
1994-903,Roland Garros,Clay,128,G,,19940523,90,200684,,,Shi Ting Wang,R,171,TPE,20.592,31,48,200587,,Q,Silke Meier,,,GER,25.860,115,13,6-4 6-2,3,R64,,,,,,,,,,,,,,,,,,,
1994-903,Roland Garros,Clay,128,G,,19940523,91,200112,,,Julie Halard Decugis,R,173,FRA,23.699,24,57,200698,,Q,Petra Begerow,R,178,GER,19.108,102,14,7-5 4-6 6-4,3,R64,,,,,,,,,,,,,,,,,,,
1994-903,Roland Garros,Clay,128,G,,19940523,92,200128,9,,Lindsay Davenport,R,189,USA,17.955,11,103,200687,,LL,Katarzyna Nowak,,173,POL,25.356,171,7,6-4 6-2,3,R64,,,,,,,,,,,,,,,,,,,
1994-903,Roland Garros,Clay,128,G,,19940523,93,200081,11,,Anke Huber,R,173,GER,19.467,10,105,200671,,,Meike Babel,R,173,GER,19.499,45,32,7-6(5) 6-2,3,R64,,,,,,,,,,,,,,,,,,,
1994-903,Roland Garros,Clay,128,G,,19940523,94,200601,,,Leila Meskhi,R,164,GEO,26.380,32,47,200708,,,Sandra Cacic,R,,USA,19.699,47,31,7-6(3) 4-6 7-5,3,R64,,,,,,,,,,,,,,,,,,,
1994-903,Roland Garros,Clay,128,G,,19940523,95,200094,,,Barbara Rittner,R,173,GER,21.076,37,40,200686,,,Sandra Dopfer,,174,AUT,23.995,82,18,6-2 6-3,3,R64,,,,,,,,,,,,,,,,,,,
1994-903,Roland Garros,Clay,128,G,,19940523,96,200017,2,,Arantxa Sanchez Vicario,R,168,ESP,22.429,2,221,200647,,,Noelle Van Lottum,,170,FRA,21.862,136,11,6-1 6-0,3,R64,,,,,,,,,,,,,,,,,,,
1994-903,Roland Garros,Clay,128,G,,19940523,97,200723,,,Iva Majoli,R,175,CRO,16.778,21,63,200579,,Q,Karin Kschwendt,R,175,AUT,25.687,143,9,3-6 6-3 6-2,3,R32,,,,,,,,,,,,,,,,,,,
1994-903,Roland Garros,Clay,128,G,,19940523,98,200627,,,Petra Schwarz,R,168,AUT,21.996,103,14,200089,,,Miriam Oremans,R,169,NED,21.701,54,28,4-6 6-2 6-1,3,R32,,,,,,,,,,,,,,,,,,,
1994-903,Roland Garros,Clay,128,G,,19940523,99,200059,,,Ruxandra Dragomir Ilie,R,168,ROU,21.577,95,15,200718,,,Ludmila Richterova,,180,CZE,17.210,90,16,6-3 6-4,3,R32,,,,,,,,,,,,,,,,,,,
1994-903,Roland Garros,Clay,128,G,,19940523,100,200096,12,,Mary Pierce,R,178,FRA,19.352,12,95,200428,,,Lori Mcneil,,170,USA,30.429,20,65,6-0 6-0,3,R32,,,,,,,,,,,,,,,,,,,
1994-903,Roland Garros,Clay,128,G,,19940523,101,200064,,,Amanda Coetzer,R,158,RSA,22.585,18,69,200648,,,Marketa Kochta,R,168,GER,18.859,55,27,6-0 6-3,3,R32,,,,,,,,,,,,,,,,,,,
1994-903,Roland Garros,Clay,128,G,,19940523,102,200602,,,Shaun Stafford,R,180,USA,25.441,70,21,200595,,,Ann Grossman,,,USA,23.609,39,39,6-7(4) 6-3 6-3,3,R32,,,,,,,,,,,,,,,,,,,
1994-903,Roland Garros,Clay,128,G,,19940523,103,200651,16,,Sabine Hack,,170,GER,24.863,16,73,200019,,,Alexandra Fusai,R,176,FRA,20.499,96,15,6-0 6-7(3) 6-1,3,R32,,,,,,,,,,,,,,,,,,,
1994-903,Roland Garros,Clay,128,G,,19940523,104,200021,,WC,Alexia Dechaume Balleret,R,,FRA,24.055,197,6,200692,,,Marzia Grossi,,,ITA,23.721,110,13,6-3 6-2,3,R32,,,,,,,,,,,,,,,,,,,
1994-903,Roland Garros,Clay,128,G,,19940523,105,200049,3,,Conchita Martinez,R,170,ESP,22.100,3,183,200554,,,Brenda Schultz Mccarthy,R,188,NED,23.401,25,56,7-5 6-3,3,R32,,,,,,,,,,,,,,,,,,,
1994-903,Roland Garros,Clay,128,G,,19940523,106,200116,7,,Natalia Zvereva,R,174,BLR,23.102,9,113,200684,,,Shi Ting Wang,R,171,TPE,20.592,31,48,6-2 6-1,3,R32,,,,,,,,,,,,,,,,,,,
1994-903,Roland Garros,Clay,128,G,,19940523,107,200112,,,Julie Halard Decugis,R,173,FRA,23.699,24,57,200128,9,,Lindsay Davenport,R,189,USA,17.955,11,103,6-4 6-2,3,R32,,,,,,,,,,,,,,,,,,,
1994-903,Roland Garros,Clay,128,G,,19940523,108,200081,11,,Anke Huber,R,173,GER,19.467,10,105,200601,,,Leila Meskhi,R,164,GEO,26.380,32,47,6-1 6-4,3,R32,,,,,,,,,,,,,,,,,,,
1994-903,Roland Garros,Clay,128,G,,19940523,109,200017,2,,Arantxa Sanchez Vicario,R,168,ESP,22.429,2,221,200094,,,Barbara Rittner,R,173,GER,21.076,37,40,6-4 6-2,3,R32,,,,,,,,,,,,,,,,,,,
1994-903,Roland Garros,Clay,128,G,,19940523,110,200414,1,,Steffi Graf,R,175,GER,24.940,1,432,200682,,,Joannette Kruger,R,179,RSA,20.718,76,19,6-0 4-6 6-2,3,R32,,,,,,,,,,,,,,,,,,,
1994-903,Roland Garros,Clay,128,G,,19940523,111,200051,,,Irina Spirlea,R,175,ROU,20.159,41,35,200597,10,,Mary Joe Fernandez,R,175,USA,22.760,7,128,6-4 6-1,3,R32,,,,,,,,,,,,,,,,,,,
1994-903,Roland Garros,Clay,128,G,,19940523,112,200667,,,Ines Gorrochategui,R,169,ARG,20.942,36,41,200377,15,,Helena Sukova,R,188,CZE,29.244,15,74,7-6(8) 7-6(1),3,R32,,,,,,,,,,,,,,,,,,,
1994-903,Roland Garros,Clay,128,G,,19940523,113,200414,1,,Steffi Graf,R,175,GER,24.940,1,432,200051,,,Irina Spirlea,R,175,ROU,20.159,41,35,6-0 6-1,3,R16,,,,,,,,,,,,,,,,,,,
1994-903,Roland Garros,Clay,128,G,,19940523,114,200667,,,Ines Gorrochategui,R,169,ARG,20.942,36,41,200723,,,Iva Majoli,R,175,CRO,16.778,21,63,7-5 6-4,3,R16,,,,,,,,,,,,,,,,,,,
1994-903,Roland Garros,Clay,128,G,,19940523,115,200627,,,Petra Schwarz,R,168,AUT,21.996,103,14,200059,,,Ruxandra Dragomir Ilie,R,168,ROU,21.577,95,15,7-6(2) 4-6 6-0,3,R16,,,,,,,,,,,,,,,,,,,
1994-903,Roland Garros,Clay,128,G,,19940523,116,200096,12,,Mary Pierce,R,178,FRA,19.352,12,95,200064,,,Amanda Coetzer,R,158,RSA,22.585,18,69,6-1 6-1,3,R16,,,,,,,,,,,,,,,,,,,
1994-903,Roland Garros,Clay,128,G,,19940523,117,200651,16,,Sabine Hack,,170,GER,24.863,16,73,200602,,,Shaun Stafford,R,180,USA,25.441,70,21,6-4 6-2,3,R16,,,,,,,,,,,,,,,,,,,
1994-903,Roland Garros,Clay,128,G,,19940523,118,200049,3,,Conchita Martinez,R,170,ESP,22.100,3,183,200021,,WC,Alexia Dechaume Balleret,R,,FRA,24.055,197,6,6-1 6-2,3,R16,,,,,,,,,,,,,,,,,,,
1994-903,Roland Garros,Clay,128,G,,19940523,119,200112,,,Julie Halard Decugis,R,173,FRA,23.699,24,57,200116,7,,Natalia Zvereva,R,174,BLR,23.102,9,113,7-6(2) 7-5,3,R16,,,,,,,,,,,,,,,,,,,
1994-903,Roland Garros,Clay,128,G,,19940523,120,200017,2,,Arantxa Sanchez Vicario,R,168,ESP,22.429,2,221,200081,11,,Anke Huber,R,173,GER,19.467,10,105,6-3 6-2,3,R16,,,,,,,,,,,,,,,,,,,
1994-903,Roland Garros,Clay,128,G,,19940523,121,200414,1,,Steffi Graf,R,175,GER,24.940,1,432,200667,,,Ines Gorrochategui,R,169,ARG,20.942,36,41,6-4 6-1,3,QF,,,,,,,,,,,,,,,,,,,
1994-903,Roland Garros,Clay,128,G,,19940523,122,200096,12,,Mary Pierce,R,178,FRA,19.352,12,95,200627,,,Petra Schwarz,R,168,AUT,21.996,103,14,6-0 6-2,3,QF,,,,,,,,,,,,,,,,,,,
1994-903,Roland Garros,Clay,128,G,,19940523,123,200049,3,,Conchita Martinez,R,170,ESP,22.100,3,183,200651,16,,Sabine Hack,,170,GER,24.863,16,73,2-6 6-0 6-2,3,QF,,,,,,,,,,,,,,,,,,,
1994-903,Roland Garros,Clay,128,G,,19940523,124,200017,2,,Arantxa Sanchez Vicario,R,168,ESP,22.429,2,221,200112,,,Julie Halard Decugis,R,173,FRA,23.699,24,57,6-1 7-6(6),3,QF,,,,,,,,,,,,,,,,,,,
1994-903,Roland Garros,Clay,128,G,,19940523,125,200096,12,,Mary Pierce,R,178,FRA,19.352,12,95,200414,1,,Steffi Graf,R,175,GER,24.940,1,432,6-2 6-2,3,SF,,,,,,,,,,,,,,,,,,,
1994-903,Roland Garros,Clay,128,G,,19940523,126,200017,2,,Arantxa Sanchez Vicario,R,168,ESP,22.429,2,221,200049,3,,Conchita Martinez,R,170,ESP,22.100,3,183,6-3 6-1,3,SF,,,,,,,,,,,,,,,,,,,
1994-903,Roland Garros,Clay,128,G,,19940523,127,200017,2,,Arantxa Sanchez Vicario,R,168,ESP,22.429,2,221,200096,12,,Mary Pierce,R,178,FRA,19.352,12,95,6-4 6-4,3,F,,,,,,,,,,,,,,,,,,,
1994-1052,Birmingham,Grass,56,T3,,19940606,1,200701,,,Caroline Vis,R,180,NED,24.258,121,12,200621,,Q,Isabelle Demongeot,R,,FRA,27.716,,,6-3 3-6 6-3,3,R64,,,,,,,,,,,,,,,,,,,
1994-1052,Birmingham,Grass,56,T3,,19940606,2,200105,12,,Rachel Mcquillan,,170,AUS,22.511,71,21,200494,,,Dianne Van Rensburg,R,,RSA,26.257,190,6,6-2 6-1,3,R64,,,,,,,,,,,,,,,,,,,
1994-1052,Birmingham,Grass,56,T3,,19940606,3,200498,,,Michelle Jaggard Lai,R,146,AUS,25.085,149,9,201847,,Q,Mareze Joubert,,,RSA,20.800,311,3,6-2 6-2,3,R64,,,,,,,,,,,,,,,,,,,
1994-1052,Birmingham,Grass,56,T3,,19940606,4,200491,,,Christina Singer,,176,GER,25.860,96,16,200634,,,Elena Brioukhovets,,,UKR,22.996,109,14,6-4 3-6 6-1,3,R64,,,,,,,,,,,,,,,,,,,
1994-1052,Birmingham,Grass,56,T3,,19940606,5,200362,,,Liz Smylie,R,170,AUS,31.155,148,9,200557,,,Katrina Adams,R,165,USA,25.835,162,8,6-4 6-4,3,R64,,,,,,,,,,,,,,,,,,,
1994-1052,Birmingham,Grass,56,T3,,19940606,6,201191,,Q,Shirli Ann Siddall,,,GBR,19.962,446,1,201193,,,Claire Wegink,,,NED,26.686,170,8,6-2 6-2,3,R64,,,,,,,,,,,,,,,,,,,
1994-1052,Birmingham,Grass,56,T3,,19940606,7,200542,16,,Clare Wood,R,,GBR,26.246,86,18,200085,,,Ai Sugiyama,R,163,JPN,18.922,114,13,6-4 3-6 6-3,3,R64,,,,,,,,,,,,,,,,,,,
1994-1052,Birmingham,Grass,56,T3,,19940606,8,200559,11,,Kristine Kunce,R,177,AUS,24.261,61,25,200663,,,Nanne Dahlman,,163,FIN,23.746,137,10,6-1 6-1,3,R64,,,,,,,,,,,,,,,,,,,
1994-1052,Birmingham,Grass,56,T3,,19940606,9,200036,,Q,Nicole Pratt,R,163,AUS,21.254,183,7,200439,,,Jenny Byrne,,,AUS,27.278,132,11,2-6 6-3 6-4,3,R64,,,,,,,,,,,,,,,,,,,
1994-1052,Birmingham,Grass,56,T3,,19940606,10,200655,,,Nicole Arendt,L,177,USA,24.778,105,15,200485,,,Manon Bollegraf,R,173,NED,30.155,108,14,6-2 7-5,3,R64,,,,,,,,,,,,,,,,,,,
1994-1052,Birmingham,Grass,56,T3,,19940606,11,200695,,,Tina Krizan,R,175,SLO,20.219,175,7,200593,,,Karine Quentrec,,,FRA,24.625,119,12,2-6 6-1 6-1,3,R64,,,,,,,,,,,,,,,,,,,
1994-1052,Birmingham,Grass,56,T3,,19940606,12,200073,,Q,Julie Pullin,L,173,GBR,18.585,,,200010,,,Rita Grande,R,177,ITA,19.206,153,8,6-3 6-3,3,R64,,,,,,,,,,,,,,,,,,,
1994-1052,Birmingham,Grass,56,T3,,19940606,13,200005,,,Jolene Watanabe,R,,USA,25.764,124,12,200578,,,Rennae Stubbs,R,178,AUS,23.198,144,9,7-5 6-1,3,R64,,,,,,,,,,,,,,,,,,,
1994-1052,Birmingham,Grass,56,T3,,19940606,14,200682,14,,Joannette Kruger,R,179,RSA,20.756,66,24,200514,,WC,Monique Javer,R,,GBR,26.875,,,6-3 6-1,3,R64,,,,,,,,,,,,,,,,,,,
1994-1052,Birmingham,Grass,56,T3,,19940606,15,200450,9,,Larisa Savchenko,,169,URS,27.877,51,29,200689,,,Tessa Price,,,RSA,27.201,125,12,3-6 7-5 6-2,3,R64,,,,,,,,,,,,,,,,,,,
1994-1052,Birmingham,Grass,56,T3,,19940606,16,200643,,,Petra Kamstra,,,NED,20.219,140,10,200004,,Q,Kerry Anne Guse,R,159,AUS,21.504,,,6-4 6-3,3,R64,,,,,,,,,,,,,,,,,,,
1994-1052,Birmingham,Grass,56,T3,,19940606,17,200615,,,Kristin Godridge,,,HKG,21.326,172,7,200057,,,Erika De Lone,R,,USA,21.643,186,7,6-2 6-4,3,R64,,,,,,,,,,,,,,,,,,,
1994-1052,Birmingham,Grass,56,T3,,19940606,18,200481,13,,Elna Reinach,,,RSA,25.509,79,19,200392,,WC,Jo Durie,R,163,GBR,33.860,377,2,4-6 6-3 6-3,3,R64,,,,,,,,,,,,,,,,,,,
1994-1052,Birmingham,Grass,56,T3,,19940606,19,200584,15,,Laura Golarsa,R,165,ITA,26.525,92,17,201196,,WC,Claire Taylor,,,GBR,19.300,462,1,6-1 6-4,3,R64,,,,,,,,,,,,,,,,,,,
1994-1052,Birmingham,Grass,56,T3,,19940606,20,201729,,,Larissa Schaerer,R,170,PAR,19.143,181,7,200726,,,Nancy Feber,L,160,BEL,18.333,147,9,6-0 3-6 7-5,3,R64,,,,,,,,,,,,,,,,,,,
1994-1052,Birmingham,Grass,56,T3,,19940606,21,200715,,,Mariaan De Swardt,R,177,RSA,23.220,,,201273,,Q,Shannan Mccarthy,,,USA,24.050,197,6,7-6 6-4,3,R64,,,,,,,,,,,,,,,,,,,
1994-1052,Birmingham,Grass,56,T3,,19940606,22,200464,,,Ann Henricksson,,,USA,34.599,166,8,201275,,LL,Julie Steven,,,USA,18.117,179,7,6-4 5-7 7-5,3,R64,,,,,,,,,,,,,,,,,,,
1994-1052,Birmingham,Grass,56,T3,,19940606,23,200042,,,Els Callens,R,178,BEL,23.795,155,8,200740,,Q,Elena Tatarkova,L,170,UKR,17.788,,,6-3 6-4,3,R64,,,,,,,,,,,,,,,,,,,
1994-1052,Birmingham,Grass,56,T3,,19940606,24,200089,10,,Miriam Oremans,R,169,NED,21.739,40,35,201059,,,Misumi Miyauchi,,,JPN,22.749,133,10,6-2 7-6,3,R64,,,,,,,,,,,,,,,,,,,
1994-1052,Birmingham,Grass,56,T3,,19940606,25,200404,1,,Zina Garrison,R,164,USA,30.555,13,81,200701,,,Caroline Vis,R,180,NED,24.258,121,12,6-4 3-6 7-5,3,R32,,,,,,,,,,,,,,,,,,,
1994-1052,Birmingham,Grass,56,T3,,19940606,26,200481,13,,Elna Reinach,,,RSA,25.509,79,19,200073,,Q,Julie Pullin,L,173,GBR,18.585,,,7-5 6-2,3,R32,,,,,,,,,,,,,,,,,,,
1994-1052,Birmingham,Grass,56,T3,,19940606,27,200584,15,,Laura Golarsa,R,165,ITA,26.525,92,17,201729,,,Larissa Schaerer,R,170,PAR,19.143,181,7,6-2 6-2,3,R32,,,,,,,,,,,,,,,,,,,
1994-1052,Birmingham,Grass,56,T3,,19940606,28,200548,6,,Patty Fendick,R,165,USA,29.183,32,46,200715,,,Mariaan De Swardt,R,177,RSA,23.220,,,6-2 6-1,3,R32,,,,,,,,,,,,,,,,,,,
1994-1052,Birmingham,Grass,56,T3,,19940606,29,200097,4,,Nathalie Tauziat,R,165,FRA,26.637,22,62,200464,,,Ann Henricksson,,,USA,34.599,166,8,6-3 6-3,3,R32,,,,,,,,,,,,,,,,,,,
1994-1052,Birmingham,Grass,56,T3,,19940606,30,200089,10,,Miriam Oremans,R,169,NED,21.739,40,35,200042,,,Els Callens,R,178,BEL,23.795,155,8,6-4 6-2,3,R32,,,,,,,,,,,,,,,,,,,
1994-1052,Birmingham,Grass,56,T3,,19940606,31,200105,12,,Rachel Mcquillan,,170,AUS,22.511,71,21,200498,,,Michelle Jaggard Lai,R,146,AUS,25.085,149,9,6-2 1-6 6-4,3,R32,,,,,,,,,,,,,,,,,,,
1994-1052,Birmingham,Grass,56,T3,,19940606,32,200360,8,,Pam Shriver,R,183,USA,31.924,52,29,200491,,,Christina Singer,,176,GER,25.860,96,16,6-4 6-1,3,R32,,,,,,,,,,,,,,,,,,,
1994-1052,Birmingham,Grass,56,T3,,19940606,33,200554,5,,Brenda Schultz Mccarthy,R,188,NED,23.439,27,53,200362,,,Liz Smylie,R,170,AUS,31.155,148,9,6-3 6-2,3,R32,,,,,,,,,,,,,,,,,,,
1994-1052,Birmingham,Grass,56,T3,,19940606,34,200542,16,,Clare Wood,R,,GBR,26.246,86,18,201191,,Q,Shirli Ann Siddall,,,GBR,19.962,446,1,6-2 6-3,3,R32,,,,,,,,,,,,,,,,,,,
1994-1052,Birmingham,Grass,56,T3,,19940606,35,200559,11,,Kristine Kunce,R,177,AUS,24.261,61,25,200036,,Q,Nicole Pratt,R,163,AUS,21.254,183,7,6-1 6-2,3,R32,,,,,,,,,,,,,,,,,,,
1994-1052,Birmingham,Grass,56,T3,,19940606,36,200723,3,,Iva Majoli,R,175,CRO,16.816,21,63,200655,,,Nicole Arendt,L,177,USA,24.778,105,15,3-6 6-3 8-6,3,R32,,,,,,,,,,,,,,,,,,,
1994-1052,Birmingham,Grass,56,T3,,19940606,37,200695,,,Tina Krizan,R,175,SLO,20.219,175,7,200699,7,,Meredith Mcgrath,,,USA,23.108,38,40,6-4 6-3,3,R32,,,,,,,,,,,,,,,,,,,
1994-1052,Birmingham,Grass,56,T3,,19940606,38,200682,14,,Joannette Kruger,R,179,RSA,20.756,66,24,200005,,,Jolene Watanabe,R,,USA,25.764,124,12,6-4 6-4,3,R32,,,,,,,,,,,,,,,,,,,
1994-1052,Birmingham,Grass,56,T3,,19940606,39,200450,9,,Larisa Savchenko,,169,URS,27.877,51,29,200643,,,Petra Kamstra,,,NED,20.219,140,10,7-5 6-2,3,R32,,,,,,,,,,,,,,,,,,,
1994-1052,Birmingham,Grass,56,T3,,19940606,40,200428,2,,Lori Mcneil,,170,USA,30.467,20,66,200615,,,Kristin Godridge,,,HKG,21.326,172,7,6-0 6-4,3,R32,,,,,,,,,,,,,,,,,,,
1994-1052,Birmingham,Grass,56,T3,,19940606,41,200404,1,,Zina Garrison,R,164,USA,30.555,13,81,200481,13,,Elna Reinach,,,RSA,25.509,79,19,6-3 6-3,3,R16,,,,,,,,,,,,,,,,,,,
1994-1052,Birmingham,Grass,56,T3,,19940606,42,200584,15,,Laura Golarsa,R,165,ITA,26.525,92,17,200548,6,,Patty Fendick,R,165,USA,29.183,32,46,6-4 6-2,3,R16,,,,,,,,,,,,,,,,,,,
1994-1052,Birmingham,Grass,56,T3,,19940606,43,200097,4,,Nathalie Tauziat,R,165,FRA,26.637,22,62,200089,10,,Miriam Oremans,R,169,NED,21.739,40,35,6-7 7-6 6-3,3,R16,,,,,,,,,,,,,,,,,,,
1994-1052,Birmingham,Grass,56,T3,,19940606,44,200360,8,,Pam Shriver,R,183,USA,31.924,52,29,200105,12,,Rachel Mcquillan,,170,AUS,22.511,71,21,6-0 6-4,3,R16,,,,,,,,,,,,,,,,,,,
1994-1052,Birmingham,Grass,56,T3,,19940606,45,200554,5,,Brenda Schultz Mccarthy,R,188,NED,23.439,27,53,200542,16,,Clare Wood,R,,GBR,26.246,86,18,6-1 6-3,3,R16,,,,,,,,,,,,,,,,,,,
1994-1052,Birmingham,Grass,56,T3,,19940606,46,200723,3,,Iva Majoli,R,175,CRO,16.816,21,63,200559,11,,Kristine Kunce,R,177,AUS,24.261,61,25,7-6 2-6 6-4,3,R16,,,,,,,,,,,,,,,,,,,
1994-1052,Birmingham,Grass,56,T3,,19940606,47,200682,14,,Joannette Kruger,R,179,RSA,20.756,66,24,200695,,,Tina Krizan,R,175,SLO,20.219,175,7,7-6 6-4,3,R16,,,,,,,,,,,,,,,,,,,
1994-1052,Birmingham,Grass,56,T3,,19940606,48,200428,2,,Lori Mcneil,,170,USA,30.467,20,66,200450,9,,Larisa Savchenko,,169,URS,27.877,51,29,6-4 7-5,3,R16,,,,,,,,,,,,,,,,,,,
1994-1052,Birmingham,Grass,56,T3,,19940606,49,200404,1,,Zina Garrison,R,164,USA,30.555,13,81,200584,15,,Laura Golarsa,R,165,ITA,26.525,92,17,6-4 6-2,3,QF,,,,,,,,,,,,,,,,,,,
1994-1052,Birmingham,Grass,56,T3,,19940606,50,200097,4,,Nathalie Tauziat,R,165,FRA,26.637,22,62,200360,8,,Pam Shriver,R,183,USA,31.924,52,29,6-1 6-3,3,QF,,,,,,,,,,,,,,,,,,,
1994-1052,Birmingham,Grass,56,T3,,19940606,51,200554,5,,Brenda Schultz Mccarthy,R,188,NED,23.439,27,53,200723,3,,Iva Majoli,R,175,CRO,16.816,21,63,6-4 5-7 6-0,3,QF,,,,,,,,,,,,,,,,,,,
1994-1052,Birmingham,Grass,56,T3,,19940606,52,200428,2,,Lori Mcneil,,170,USA,30.467,20,66,200682,14,,Joannette Kruger,R,179,RSA,20.756,66,24,6-3 6-4,3,QF,,,,,,,,,,,,,,,,,,,
1994-1052,Birmingham,Grass,56,T3,,19940606,53,200404,1,,Zina Garrison,R,164,USA,30.555,13,81,200097,4,,Nathalie Tauziat,R,165,FRA,26.637,22,62,6-4 3-6 6-2,3,SF,,,,,,,,,,,,,,,,,,,
1994-1052,Birmingham,Grass,56,T3,,19940606,54,200428,2,,Lori Mcneil,,170,USA,30.467,20,66,200554,5,,Brenda Schultz Mccarthy,R,188,NED,23.439,27,53,3-6 7-5 6-2,3,SF,,,,,,,,,,,,,,,,,,,
1994-1052,Birmingham,Grass,56,T3,,19940606,55,200428,2,,Lori Mcneil,,170,USA,30.467,20,66,200404,1,,Zina Garrison,R,164,USA,30.555,13,81,6-2 6-2,3,F,,,,,,,,,,,,,,,,,,,
1994-710,Eastbourne,Grass,56,T2,,19940613,1,200491,,,Christina Singer,,176,GER,25.879,98,16,200051,,,Irina Spirlea,R,175,ROU,20.217,36,43,6-7 6-4 6-3,3,R64,,,,,,,,,,,,,,,,,,,
1994-710,Eastbourne,Grass,56,T2,,19940613,2,200481,,,Elna Reinach,,,RSA,25.528,79,19,200612,14,,Natalia Medvedeva,R,176,UKR,22.577,28,50,6-2 RET,3,R64,,,,,,,,,,,,,,,,,,,
1994-710,Eastbourne,Grass,56,T2,,19940613,3,200653,,,Yayuk Basuki,R,164,INA,23.535,45,33,200450,,,Larisa Savchenko,,169,URS,27.897,58,27,7-5 6-3,3,R64,,,,,,,,,,,,,,,,,,,
1994-710,Eastbourne,Grass,56,T2,,19940613,4,200679,,,Caroline Kuhlman,,,USA,27.801,85,18,200360,,,Pam Shriver,R,183,USA,31.943,51,29,6-4 3-6 6-4,3,R64,,,,,,,,,,,,,,,,,,,
1994-710,Eastbourne,Grass,56,T2,,19940613,5,200682,,,Joannette Kruger,R,179,RSA,20.775,59,26,200510,,Q,Julie Richardson,,173,NZL,27.207,326,2,6-7 6-2 6-1,3,R64,,,,,,,,,,,,,,,,,,,
1994-710,Eastbourne,Grass,56,T2,,19940613,6,200559,,,Kristine Kunce,R,177,AUS,24.280,72,20,200397,,,Tracy Austin,R,165,USA,31.502,81,19,6-3 6-4,3,R64,,,,,,,,,,,,,,,,,,,
1994-710,Eastbourne,Grass,56,T2,,19940613,7,200644,10,,Naoko Sawamatsu,R,167,JPN,21.224,25,54,201835,,Q,Maja Muric,,,CRO,20.291,368,2,7-6 6-7 6-2,3,R64,,,,,,,,,,,,,,,,,,,
1994-710,Eastbourne,Grass,56,T2,,19940613,8,200667,11,,Ines Gorrochategui,R,169,ARG,21.000,26,54,200497,,,Patricia Hy Boulais,R,163,CAN,28.808,44,34,6-3 6-3,3,R64,,,,,,,,,,,,,,,,,,,
1994-710,Eastbourne,Grass,56,T2,,19940613,9,200676,,,Mana Endo,R,160,JPN,23.349,55,27,200048,,,Elena Likhovtseva,R,174,RUS,18.763,61,26,6-3 6-4,3,R64,,,,,,,,,,,,,,,,,,,
1994-710,Eastbourne,Grass,56,T2,,19940613,10,200634,,Q,Elena Brioukhovets,,,UKR,23.015,113,13,200542,,,Clare Wood,R,,GBR,26.265,87,18,6-2 6-4,3,R64,,,,,,,,,,,,,,,,,,,
1994-710,Eastbourne,Grass,56,T2,,19940613,11,200655,,,Nicole Arendt,L,177,USA,24.797,106,15,200660,,,Kimberly Po Messerli,R,157,USA,22.648,49,31,6-1 6-1,3,R64,,,,,,,,,,,,,,,,,,,
1994-710,Eastbourne,Grass,56,T2,,19940613,12,200584,,,Laura Golarsa,R,165,ITA,26.544,95,16,200407,,Q,Camille Benjamin,L,175,USA,28.031,316,3,6-1 7-6,3,R64,,,,,,,,,,,,,,,,,,,
1994-710,Eastbourne,Grass,56,T2,,19940613,13,200020,,,Lisa Raymond,R,165,USA,20.841,46,32,200105,,,Rachel Mcquillan,,170,AUS,22.530,68,22,6-3 7-5,3,R64,,,,,,,,,,,,,,,,,,,
1994-710,Eastbourne,Grass,56,T2,,19940613,14,200501,,,Marianne Werdel Witmeyer,,,USA,26.656,50,29,200039,13,,Chanda Rubin,R,168,USA,18.317,31,48,0-6 7-5 7-5,3,R64,,,,,,,,,,,,,,,,,,,
1994-710,Eastbourne,Grass,56,T2,,19940613,15,200089,,,Miriam Oremans,R,169,NED,21.758,41,35,200649,16,,Ginger Helgeson,R,,USA,25.745,34,44,6-4 3-6 6-1,3,R64,,,,,,,,,,,,,,,,,,,
1994-710,Eastbourne,Grass,56,T2,,19940613,16,201196,,WC,Claire Taylor,,,GBR,19.319,461,1,200602,,,Shaun Stafford,R,180,USA,25.498,64,24,6-3 4-6 6-2,3,R64,,,,,,,,,,,,,,,,,,,
1994-710,Eastbourne,Grass,56,T2,,19940613,17,200095,,,Linda Wild,R,,USA,23.335,43,34,200084,,,Asa Carlsson,R,178,SWE,18.993,69,22,6-3 6-0,3,R64,,,,,,,,,,,,,,,,,,,
1994-710,Eastbourne,Grass,56,T2,,19940613,18,200417,,,Gigi Fernandez,,170,USA,30.306,84,18,200554,12,,Brenda Schultz Mccarthy,R,188,NED,23.458,24,55,6-2 6-0,3,R64,,,,,,,,,,,,,,,,,,,
1994-710,Eastbourne,Grass,56,T2,,19940613,19,200636,,Q,Danielle Jones,,,AUS,25.276,321,2,200041,9,,Amy Frazier,R,175,USA,21.731,23,61,6-3 6-3,3,R64,,,,,,,,,,,,,,,,,,,
1994-710,Eastbourne,Grass,56,T2,,19940613,20,200699,,,Meredith Mcgrath,,,USA,23.127,39,39,200720,,Q,Dally Randriantefy,R,165,MAD,17.301,,,6-3 6-4,3,R64,,,,,,,,,,,,,,,,,,,
1994-710,Eastbourne,Grass,56,T2,,19940613,21,200073,,WC,Julie Pullin,L,173,GBR,18.604,,,200701,,,Caroline Vis,R,180,NED,24.277,119,13,6-3 2-6 6-3,3,R64,,,,,,,,,,,,,,,,,,,
1994-710,Eastbourne,Grass,56,T2,,19940613,22,200700,,,Silvia Farina Elia,R,172,ITA,22.128,86,18,201191,,Q,Shirli Ann Siddall,,,GBR,19.981,361,2,6-2 6-0,3,R64,,,,,,,,,,,,,,,,,,,
1994-710,Eastbourne,Grass,56,T2,,19940613,23,200485,,,Manon Bollegraf,R,173,NED,30.174,108,14,200635,,Q,Ingelise Driehuis,,,NED,26.738,382,2,3-6 7-5 6-2,3,R64,,,,,,,,,,,,,,,,,,,
1994-710,Eastbourne,Grass,56,T2,,19940613,24,200548,15,,Patty Fendick,R,165,USA,29.203,32,47,200392,,WC,Jo Durie,R,163,GBR,33.879,369,2,6-2 6-1,3,R64,,,,,,,,,,,,,,,,,,,
1994-710,Eastbourne,Grass,56,T2,,19940613,25,200293,1,,Martina Navratilova,L,173,USA,37.652,4,171,200491,,,Christina Singer,,176,GER,25.879,98,16,6-3 6-3,3,R32,,,,,,,,,,,,,,,,,,,
1994-710,Eastbourne,Grass,56,T2,,19940613,26,200584,,,Laura Golarsa,R,165,ITA,26.544,95,16,200417,,,Gigi Fernandez,,170,USA,30.306,84,18,7-6 7-5,3,R32,,,,,,,,,,,,,,,,,,,
1994-710,Eastbourne,Grass,56,T2,,19940613,27,200699,,,Meredith Mcgrath,,,USA,23.127,39,39,200636,,Q,Danielle Jones,,,AUS,25.276,321,2,6-0 6-1,3,R32,,,,,,,,,,,,,,,,,,,
1994-710,Eastbourne,Grass,56,T2,,19940613,28,200097,8,,Nathalie Tauziat,R,165,FRA,26.656,21,64,200073,,WC,Julie Pullin,L,173,GBR,18.604,,,6-1 5-7 6-1,3,R32,,,,,,,,,,,,,,,,,,,
1994-710,Eastbourne,Grass,56,T2,,19940613,29,200700,,,Silvia Farina Elia,R,172,ITA,22.128,86,18,200617,3,,Kimiko Date Krumm,R,163,JPN,23.708,6,130,5-7 6-3 10-8,3,R32,,,,,,,,,,,,,,,,,,,
1994-710,Eastbourne,Grass,56,T2,,19940613,30,200548,15,,Patty Fendick,R,165,USA,29.203,32,47,200485,,,Manon Bollegraf,R,173,NED,30.174,108,14,4-6 6-0 6-3,3,R32,,,,,,,,,,,,,,,,,,,
1994-710,Eastbourne,Grass,56,T2,,19940613,31,200653,,,Yayuk Basuki,R,164,INA,23.535,45,33,200481,,,Elna Reinach,,,RSA,25.528,79,19,6-2 6-4,3,R32,,,,,,,,,,,,,,,,,,,
1994-710,Eastbourne,Grass,56,T2,,19940613,32,200377,5,,Helena Sukova,R,188,CZE,29.301,17,73,200679,,,Caroline Kuhlman,,,USA,27.801,85,18,6-4 6-2,3,R32,,,,,,,,,,,,,,,,,,,
1994-710,Eastbourne,Grass,56,T2,,19940613,33,200428,7,,Lori Mcneil,,170,USA,30.487,20,67,200682,,,Joannette Kruger,R,179,RSA,20.775,59,26,6-1 6-3,3,R32,,,,,,,,,,,,,,,,,,,
1994-710,Eastbourne,Grass,56,T2,,19940613,34,200559,,,Kristine Kunce,R,177,AUS,24.280,72,20,200644,10,,Naoko Sawamatsu,R,167,JPN,21.224,25,54,5-7 6-0 9-7,3,R32,,,,,,,,,,,,,,,,,,,
1994-710,Eastbourne,Grass,56,T2,,19940613,35,200667,11,,Ines Gorrochategui,R,169,ARG,21.000,26,54,200676,,,Mana Endo,R,160,JPN,23.349,55,27,6-2 6-0,3,R32,,,,,,,,,,,,,,,,,,,
1994-710,Eastbourne,Grass,56,T2,,19940613,36,200116,4,,Natalia Zvereva,R,174,BLR,23.160,8,113,200634,,Q,Elena Brioukhovets,,,UKR,23.015,113,13,6-4 6-2,3,R32,,,,,,,,,,,,,,,,,,,
1994-710,Eastbourne,Grass,56,T2,,19940613,37,200655,,,Nicole Arendt,L,177,USA,24.797,106,15,200037,6,,Sabine Appelmans,L,168,BEL,22.141,18,72,6-4 6-3,3,R32,,,,,,,,,,,,,,,,,,,
1994-710,Eastbourne,Grass,56,T2,,19940613,38,200020,,,Lisa Raymond,R,165,USA,20.841,46,32,200501,,,Marianne Werdel Witmeyer,,,USA,26.656,50,29,6-2 6-0,3,R32,,,,,,,,,,,,,,,,,,,
1994-710,Eastbourne,Grass,56,T2,,19940613,39,200089,,,Miriam Oremans,R,169,NED,21.758,41,35,201196,,WC,Claire Taylor,,,GBR,19.319,461,1,6-0 7-5,3,R32,,,,,,,,,,,,,,,,,,,
1994-710,Eastbourne,Grass,56,T2,,19940613,40,200095,,,Linda Wild,R,,USA,23.335,43,34,201939,,LL,Anique Snijders,,,NED,20.742,,,6-4 6-1,3,R32,,,,,,,,,,,,,,,,,,,
1994-710,Eastbourne,Grass,56,T2,,19940613,41,200293,1,,Martina Navratilova,L,173,USA,37.652,4,171,200584,,,Laura Golarsa,R,165,ITA,26.544,95,16,2-6 6-1 6-2,3,R16,,,,,,,,,,,,,,,,,,,
1994-710,Eastbourne,Grass,56,T2,,19940613,42,200699,,,Meredith Mcgrath,,,USA,23.127,39,39,200097,8,,Nathalie Tauziat,R,165,FRA,26.656,21,64,6-4 3-6 6-3,3,R16,,,,,,,,,,,,,,,,,,,
1994-710,Eastbourne,Grass,56,T2,,19940613,43,200700,,,Silvia Farina Elia,R,172,ITA,22.128,86,18,200548,15,,Patty Fendick,R,165,USA,29.203,32,47,6-4 6-4,3,R16,,,,,,,,,,,,,,,,,,,
1994-710,Eastbourne,Grass,56,T2,,19940613,44,200653,,,Yayuk Basuki,R,164,INA,23.535,45,33,200377,5,,Helena Sukova,R,188,CZE,29.301,17,73,6-2 7-6,3,R16,,,,,,,,,,,,,,,,,,,
1994-710,Eastbourne,Grass,56,T2,,19940613,45,200559,,,Kristine Kunce,R,177,AUS,24.280,72,20,200428,7,,Lori Mcneil,,170,USA,30.487,20,67,1-6 7-5 6-3,3,R16,,,,,,,,,,,,,,,,,,,
1994-710,Eastbourne,Grass,56,T2,,19940613,46,200116,4,,Natalia Zvereva,R,174,BLR,23.160,8,113,200667,11,,Ines Gorrochategui,R,169,ARG,21.000,26,54,6-3 6-1,3,R16,,,,,,,,,,,,,,,,,,,
1994-710,Eastbourne,Grass,56,T2,,19940613,47,200020,,,Lisa Raymond,R,165,USA,20.841,46,32,200655,,,Nicole Arendt,L,177,USA,24.797,106,15,6-4 6-4,3,R16,,,,,,,,,,,,,,,,,,,
1994-710,Eastbourne,Grass,56,T2,,19940613,48,200095,,,Linda Wild,R,,USA,23.335,43,34,200089,,,Miriam Oremans,R,169,NED,21.758,41,35,6-3 6-3,3,R16,,,,,,,,,,,,,,,,,,,
1994-710,Eastbourne,Grass,56,T2,,19940613,49,200699,,,Meredith Mcgrath,,,USA,23.127,39,39,200293,1,,Martina Navratilova,L,173,USA,37.652,4,171,6-7 6-2 6-4,3,QF,,,,,,,,,,,,,,,,,,,
1994-710,Eastbourne,Grass,56,T2,,19940613,50,200653,,,Yayuk Basuki,R,164,INA,23.535,45,33,200700,,,Silvia Farina Elia,R,172,ITA,22.128,86,18,7-6 4-6 6-4,3,QF,,,,,,,,,,,,,,,,,,,
1994-710,Eastbourne,Grass,56,T2,,19940613,51,200116,4,,Natalia Zvereva,R,174,BLR,23.160,8,113,200559,,,Kristine Kunce,R,177,AUS,24.280,72,20,6-3 7-5,3,QF,,,,,,,,,,,,,,,,,,,
1994-710,Eastbourne,Grass,56,T2,,19940613,52,200095,,,Linda Wild,R,,USA,23.335,43,34,200020,,,Lisa Raymond,R,165,USA,20.841,46,32,6-4 3-6 6-4,3,QF,,,,,,,,,,,,,,,,,,,
1994-710,Eastbourne,Grass,56,T2,,19940613,53,200699,,,Meredith Mcgrath,,,USA,23.127,39,39,200653,,,Yayuk Basuki,R,164,INA,23.535,45,33,6-0 7-5,3,SF,,,,,,,,,,,,,,,,,,,
1994-710,Eastbourne,Grass,56,T2,,19940613,54,200095,,,Linda Wild,R,,USA,23.335,43,34,200116,4,,Natalia Zvereva,R,174,BLR,23.160,8,113,6-4 7-5,3,SF,,,,,,,,,,,,,,,,,,,
1994-710,Eastbourne,Grass,56,T2,,19940613,55,200699,,,Meredith Mcgrath,,,USA,23.127,39,39,200095,,,Linda Wild,R,,USA,23.335,43,34,6-2 6-4,3,F,,,,,,,,,,,,,,,,,,,
1994-904,Wimbledon,Grass,128,G,,19940620,1,200428,,,Lori Mcneil,,170,USA,30.506,22,58,200414,1,,Steffi Graf,R,175,GER,25.016,1,407,7-5 7-6,3,R128,,,,,,,,,,,,,,,,,,,
1994-904,Wimbledon,Grass,128,G,,19940620,2,200441,,Q,Louise Field,,,AUS,27.316,,,200039,,,Chanda Rubin,R,168,USA,18.336,32,48,6-2 6-7 8-6,3,R128,,,,,,,,,,,,,,,,,,,
1994-904,Wimbledon,Grass,128,G,,19940620,3,201193,,LL,Claire Wegink,,,NED,26.725,195,6,201195,,WC,Amanda Wainwright,R,,GBR,18.240,,,6-2 6-3,3,R128,,,,,,,,,,,,,,,,,,,
1994-904,Wimbledon,Grass,128,G,,19940620,4,200649,,,Ginger Helgeson,R,,USA,25.764,41,38,200570,,,Veronika Martinek,,160,GER,22.213,102,16,6-3 6-2,3,R128,,,,,,,,,,,,,,,,,,,
1994-904,Wimbledon,Grass,128,G,,19940620,5,200450,,,Larisa Savchenko,,169,URS,27.916,58,26,200557,,Q,Katrina Adams,R,165,USA,25.873,196,6,6-4 6-3,3,R128,,,,,,,,,,,,,,,,,,,
1994-904,Wimbledon,Grass,128,G,,19940620,6,200040,,,Anna Smashnova,R,157,ISR,17.928,66,24,200675,,,Eugenia Maniokova,R,178,RUS,26.092,103,15,4-6 6-4 7-5,3,R128,,,,,,,,,,,,,,,,,,,
1994-904,Wimbledon,Grass,128,G,,19940620,7,201191,,WC,Shirli Ann Siddall,,,GBR,20.000,345,2,200491,,,Christina Singer,,176,GER,25.898,96,16,6-4 5-7 7-5,3,R128,,,,,,,,,,,,,,,,,,,
1994-904,Wimbledon,Grass,128,G,,19940620,8,200617,6,,Kimiko Date Krumm,R,163,JPN,23.727,6,128,200085,,LL,Ai Sugiyama,R,163,JPN,18.960,116,13,6-3 7-6,3,R128,,,,,,,,,,,,,,,,,,,
1994-904,Wimbledon,Grass,128,G,,19940620,9,200049,3,,Conchita Martinez,R,170,ESP,22.177,3,193,200560,,,Rene Simpson,L,165,CAN,28.430,144,9,6-1 6-3,3,R128,,,,,,,,,,,,,,,,,,,
1994-904,Wimbledon,Grass,128,G,,19940620,10,200606,,Q,Nana Smith,R,163,JPN,23.196,181,7,200020,,,Lisa Raymond,R,165,USA,20.860,44,33,4-6 7-5 8-6,3,R128,,,,,,,,,,,,,,,,,,,
1994-904,Wimbledon,Grass,128,G,,19940620,11,200097,,,Nathalie Tauziat,R,165,FRA,26.675,21,62,200084,,,Asa Carlsson,R,178,SWE,19.012,71,21,6-2 6-1,3,R128,,,,,,,,,,,,,,,,,,,
1994-904,Wimbledon,Grass,128,G,,19940620,12,200665,,,Yone Kamio,R,164,JPN,22.577,113,14,200698,,,Petra Begerow,R,178,GER,19.185,100,16,6-0 6-2,3,R128,,,,,,,,,,,,,,,,,,,
1994-904,Wimbledon,Grass,128,G,,19940620,13,200481,,,Elna Reinach,,,RSA,25.547,72,21,200682,,,Joannette Kruger,R,179,RSA,20.794,62,25,7-6 6-3,3,R128,,,,,,,,,,,,,,,,,,,
1994-904,Wimbledon,Grass,128,G,,19940620,14,200559,,,Kristine Kunce,R,177,AUS,24.299,63,25,200013,,,Angelica Gavaldon,R,,MEX,20.712,97,16,6-0 6-0,3,R128,,,,,,,,,,,,,,,,,,,
1994-904,Wimbledon,Grass,128,G,,19940620,15,200051,,,Irina Spirlea,R,175,ROU,20.236,38,41,200514,,WC,Monique Javer,R,,GBR,26.914,,,6-1 6-2,3,R128,,,,,,,,,,,,,,,,,,,
1994-904,Wimbledon,Grass,128,G,,19940620,16,200667,,,Ines Gorrochategui,R,169,ARG,21.019,25,54,200669,,,Debbie Graham,R,183,USA,23.820,80,19,6-3 6-1,3,R128,,,,,,,,,,,,,,,,,,,
1994-904,Wimbledon,Grass,128,G,,19940620,17,200081,12,,Anke Huber,R,173,GER,19.543,11,90,200392,,WC,Jo Durie,R,163,GBR,33.898,547,1,7-5 6-2,3,R128,,,,,,,,,,,,,,,,,,,
1994-904,Wimbledon,Grass,128,G,,19940620,18,200572,10,,Gabriela Sabatini,R,175,ARG,24.096,10,109,200482,,,Judith Wiesner,R,,AUT,28.302,27,53,2-6 6-4 6-1,3,R128,,,,,,,,,,,,,,,,,,,
1994-904,Wimbledon,Grass,128,G,,19940620,19,200439,,,Jenny Byrne,,,AUS,27.316,138,9,200697,,,Janette Husarova,R,169,SVK,20.044,95,17,6-3 6-0,3,R128,,,,,,,,,,,,,,,,,,,
1994-904,Wimbledon,Grass,128,G,,19940620,20,200679,,,Caroline Kuhlman,,,USA,27.820,86,18,200593,,,Karine Quentrec,,,FRA,24.663,125,12,3-6 7-5 6-4,3,R128,,,,,,,,,,,,,,,,,,,
1994-904,Wimbledon,Grass,128,G,,19940620,21,200699,,,Meredith Mcgrath,,,USA,23.146,24,56,200073,,WC,Julie Pullin,L,173,GBR,18.623,,,6-2 6-4,3,R128,,,,,,,,,,,,,,,,,,,
1994-904,Wimbledon,Grass,128,G,,19940620,22,200059,,,Ruxandra Dragomir Ilie,R,168,ROU,21.654,90,17,200542,,,Clare Wood,R,,GBR,26.284,88,18,6-3 6-1,3,R128,,,,,,,,,,,,,,,,,,,
1994-904,Wimbledon,Grass,128,G,,19940620,23,200082,,,Kristie Boogert,R,178,NED,20.510,55,27,200362,,Q,Liz Smylie,R,170,AUS,31.193,153,8,6-4 4-6 6-2,3,R128,,,,,,,,,,,,,,,,,,,
1994-904,Wimbledon,Grass,128,G,,19940620,24,200094,,,Barbara Rittner,R,173,GER,21.153,39,40,200037,,,Sabine Appelmans,L,168,BEL,22.161,19,67,6-0 6-4,3,R128,,,,,,,,,,,,,,,,,,,
1994-904,Wimbledon,Grass,128,G,,19940620,25,200689,,LL,Tessa Price,,,RSA,27.239,124,12,200632,,LL,Andrea Strnadova,,175,CZE,22.062,119,13,6-3 7-5,3,R128,,,,,,,,,,,,,,,,,,,
1994-904,Wimbledon,Grass,128,G,,19940620,26,200128,9,,Lindsay Davenport,R,189,USA,18.032,9,114,200112,,,Julie Halard Decugis,R,173,FRA,23.776,18,68,6-1 6-4,3,R128,,,,,,,,,,,,,,,,,,,
1994-904,Wimbledon,Grass,128,G,,19940620,27,200539,5,,Jana Novotna,R,175,CZE,25.714,5,146,200089,,,Miriam Oremans,R,169,NED,21.777,64,25,6-4 4-6 6-4,3,R128,,,,,,,,,,,,,,,,,,,
1994-904,Wimbledon,Grass,128,G,,19940620,28,200506,,,Wiltrud Probst,R,170,GER,25.060,77,19,200016,,,Sandrine Testud,R,176,FRA,22.213,110,14,6-2 6-1,3,R128,,,,,,,,,,,,,,,,,,,
1994-904,Wimbledon,Grass,128,G,,19940620,29,200634,,,Elena Brioukhovets,,,UKR,23.034,107,15,200019,,,Alexandra Fusai,R,176,FRA,20.575,92,17,7-5 7-5,3,R128,,,,,,,,,,,,,,,,,,,
1994-904,Wimbledon,Grass,128,G,,19940620,30,200080,,,Dominique Monami,R,170,BEL,21.055,75,19,201081,,WC,Joanne Ward,,,GBR,18.996,445,1,6-0 6-2,3,R128,,,,,,,,,,,,,,,,,,,
1994-904,Wimbledon,Grass,128,G,,19940620,31,200644,,,Naoko Sawamatsu,R,167,JPN,21.243,28,53,200701,,,Caroline Vis,R,180,NED,24.296,127,11,7-6 6-3,3,R128,,,,,,,,,,,,,,,,,,,
1994-904,Wimbledon,Grass,128,G,,19940620,32,200657,,,Radka Bobkova,R,172,CZE,21.350,73,21,200718,,,Ludmila Richterova,,180,CZE,17.287,82,19,6-3 6-1,3,R128,,,,,,,,,,,,,,,,,,,
1994-904,Wimbledon,Grass,128,G,,19940620,33,200554,,,Brenda Schultz Mccarthy,R,188,NED,23.478,26,53,200601,,,Leila Meskhi,R,164,GEO,26.456,31,48,2-6 6-3 6-4,3,R128,,,,,,,,,,,,,,,,,,,
1994-904,Wimbledon,Grass,128,G,,19940620,34,200021,,Q,Alexia Dechaume Balleret,R,,FRA,24.132,112,14,200690,,,Kyoko Nagatsuka,,166,JPN,20.323,98,16,6-3 7-5,3,R128,,,,,,,,,,,,,,,,,,,
1994-904,Wimbledon,Grass,128,G,,19940620,35,200597,11,,Mary Joe Fernandez,R,175,USA,22.837,12,89,200006,,,Karina Habsudova,R,170,SVK,20.882,54,27,6-4 6-2,3,R128,,,,,,,,,,,,,,,,,,,
1994-904,Wimbledon,Grass,128,G,,19940620,36,200377,17,,Helena Sukova,R,188,CZE,29.320,17,71,200624,,,Tami Whitlinger Jones,,,USA,25.599,89,17,6-7 6-0 6-3,3,R128,,,,,,,,,,,,,,,,,,,
1994-904,Wimbledon,Grass,128,G,,19940620,37,200641,,,Patricia Tarabini,R,165,ARG,25.870,84,18,200627,,,Petra Schwarz,R,168,AUT,22.073,67,24,6-3 3-6 8-6,3,R128,,,,,,,,,,,,,,,,,,,
1994-904,Wimbledon,Grass,128,G,,19940620,38,200668,,,Silke Frankl,,,GER,24.061,79,19,200032,,,Barbara Schett,R,176,AUT,18.278,76,19,6-1 7-6,3,R128,,,,,,,,,,,,,,,,,,,
1994-904,Wimbledon,Grass,128,G,,19940620,39,200708,,,Sandra Cacic,R,,USA,19.776,45,32,200723,,,Iva Majoli,R,175,CRO,16.855,20,62,4-6 6-3 6-4,3,R128,,,,,,,,,,,,,,,,,,,
1994-904,Wimbledon,Grass,128,G,,19940620,40,200095,,,Linda Wild,R,,USA,23.354,34,44,200485,,,Manon Bollegraf,R,173,NED,30.194,108,14,6-1 4-6 6-3,3,R128,,,,,,,,,,,,,,,,,,,
1994-904,Wimbledon,Grass,128,G,,19940620,41,200671,,,Meike Babel,R,173,GER,19.576,43,34,200107,,,Paola Suarez,R,170,ARG,17.991,101,16,4-6 6-2 6-1,3,R128,,,,,,,,,,,,,,,,,,,
1994-904,Wimbledon,Grass,128,G,,19940620,42,200725,,,Sandra Cecchini,R,170,ITA,29.309,50,28,200497,,,Patricia Hy Boulais,R,163,CAN,28.827,48,30,6-2 6-4,3,R128,,,,,,,,,,,,,,,,,,,
1994-904,Wimbledon,Grass,128,G,,19940620,43,200293,4,,Martina Navratilova,L,173,USA,37.671,4,158,201196,,WC,Claire Taylor,,,GBR,19.338,360,2,6-2 6-3,3,R128,,,,,,,,,,,,,,,,,,,
1994-904,Wimbledon,Grass,128,G,,19940620,44,200676,,,Mana Endo,R,160,JPN,23.368,57,26,200116,8,,Natalia Zvereva,R,174,BLR,23.179,7,119,4-6 6-4 6-1,3,R128,,,,,,,,,,,,,,,,,,,
1994-904,Wimbledon,Grass,128,G,,19940620,45,200105,,,Rachel Mcquillan,,170,AUS,22.549,70,22,200548,,,Patty Fendick,R,165,USA,29.222,37,42,6-3 2-6 6-3,3,R128,,,,,,,,,,,,,,,,,,,
1994-904,Wimbledon,Grass,128,G,,19940620,46,200005,,,Jolene Watanabe,R,,USA,25.802,123,12,201088,,WC,Karen Cross,L,,GBR,20.332,,,6-0 6-1,3,R128,,,,,,,,,,,,,,,,,,,
1994-904,Wimbledon,Grass,128,G,,19940620,47,200660,,,Kimberly Po Messerli,R,157,USA,22.667,49,30,200648,,,Marketa Kochta,R,168,GER,18.935,46,31,6-2 6-4,3,R128,,,,,,,,,,,,,,,,,,,
1994-904,Wimbledon,Grass,128,G,,19940620,48,200417,,,Gigi Fernandez,,170,USA,30.325,99,16,200692,,,Marzia Grossi,,,ITA,23.798,93,17,6-2 6-1,3,R128,,,,,,,,,,,,,,,,,,,
1994-904,Wimbledon,Grass,128,G,,19940620,49,200595,,,Ann Grossman,,,USA,23.686,40,40,200700,,,Silvia Farina Elia,R,172,ITA,22.147,68,23,6-2 6-4,3,R128,,,,,,,,,,,,,,,,,,,
1994-904,Wimbledon,Grass,128,G,,19940620,50,200655,,,Nicole Arendt,L,177,USA,24.816,87,18,200522,,,Nicole Jagerman,R,179,NED,26.911,85,18,6-3 6-2,3,R128,,,,,,,,,,,,,,,,,,,
1994-904,Wimbledon,Grass,128,G,,19940620,51,200653,,,Yayuk Basuki,R,164,INA,23.554,36,42,200612,,,Natalia Medvedeva,R,176,UKR,22.596,29,49,6-3 6-2,3,R128,,,,,,,,,,,,,,,,,,,
1994-904,Wimbledon,Grass,128,G,,19940620,52,200086,16,,Magdalena Maleeva,R,168,BUL,19.220,16,75,200602,,,Shaun Stafford,R,180,USA,25.517,65,24,6-7 6-2 6-4,3,R128,,,,,,,,,,,,,,,,,,,
1994-904,Wimbledon,Grass,128,G,,19940620,53,200404,13,,Zina Garrison,R,164,USA,30.593,13,84,200703,,,Katarina Studenikova,R,172,SVK,21.796,111,14,6-3 7-6,3,R128,,,,,,,,,,,,,,,,,,,
1994-904,Wimbledon,Grass,128,G,,19940620,54,200640,,Q,Mercedes Paz,R,180,ARG,27.981,171,7,200686,,,Sandra Dopfer,,174,AUT,24.072,78,19,6-1 7-6,3,R128,,,,,,,,,,,,,,,,,,,
1994-904,Wimbledon,Grass,128,G,,19940620,55,200658,,,Fang Li,R,166,CHN,21.465,91,17,200626,,,Emanuela Zardo,L,,SUI,24.157,51,28,6-4 6-3,3,R128,,,,,,,,,,,,,,,,,,,
1994-904,Wimbledon,Grass,128,G,,19940620,56,200360,,,Pam Shriver,R,183,USA,31.962,53,27,200041,,,Amy Frazier,R,175,USA,21.750,23,57,6-7 6-2 8-6,3,R128,,,,,,,,,,,,,,,,,,,
1994-904,Wimbledon,Grass,128,G,,19940620,57,200584,,,Laura Golarsa,R,165,ITA,26.563,94,17,200621,,Q,Isabelle Demongeot,R,,FRA,27.754,,,6-3 7-6,3,R128,,,,,,,,,,,,,,,,,,,
1994-904,Wimbledon,Grass,128,G,,19940620,58,200501,,,Marianne Werdel Witmeyer,,,USA,26.675,47,30,200674,,,Bettina Fulco,R,,ARG,25.657,106,15,6-2 5-7 6-2,3,R128,,,,,,,,,,,,,,,,,,,
1994-904,Wimbledon,Grass,128,G,,19940620,59,200726,,Q,Nancy Feber,L,160,BEL,18.371,155,8,200076,,,Laurence Courtois,R,172,BEL,18.421,74,21,6-0 6-1,3,R128,,,,,,,,,,,,,,,,,,,
1994-904,Wimbledon,Grass,128,G,,19940620,60,200704,,,Maria Jose Gaidano,,171,ARG,21.071,143,9,200607,,,Beate Reinstadler,,168,AUT,27.086,60,25,7-6 7-5,3,R128,,,,,,,,,,,,,,,,,,,
1994-904,Wimbledon,Grass,128,G,,19940620,61,200017,2,,Arantxa Sanchez Vicario,R,168,ESP,22.506,2,250,200455,,,Katerina Maleeva,R,168,BUL,25.120,35,44,6-1 6-2,3,R128,,,,,,,,,,,,,,,,,,,
1994-904,Wimbledon,Grass,128,G,,19940620,62,200569,,,Petra Langrova,,,TCH,23.981,105,15,200472,,,Helen Kelesi,R,,CAN,24.595,52,28,7-6 6-2,3,R128,,,,,,,,,,,,,,,,,,,
1994-904,Wimbledon,Grass,128,G,,19940620,63,200026,,,Florencia Labat,L,170,ARG,23.023,33,46,200651,15,,Sabine Hack,,170,GER,24.940,15,78,6-3 3-6 6-4,3,R128,,,,,,,,,,,,,,,,,,,
1994-904,Wimbledon,Grass,128,G,,19940620,64,200064,14,,Amanda Coetzer,R,158,RSA,22.662,14,78,200048,,,Elena Likhovtseva,R,174,RUS,18.782,61,25,6-4 6-0,3,R128,,,,,,,,,,,,,,,,,,,
1994-904,Wimbledon,Grass,128,G,,19940620,65,200428,,,Lori Mcneil,,170,USA,30.506,22,58,200665,,,Yone Kamio,R,164,JPN,22.577,113,14,6-3 6-7 6-3,3,R64,,,,,,,,,,,,,,,,,,,
1994-904,Wimbledon,Grass,128,G,,19940620,66,200082,,,Kristie Boogert,R,178,NED,20.510,55,27,200021,,Q,Alexia Dechaume Balleret,R,,FRA,24.132,112,14,6-3 7-5,3,R64,,,,,,,,,,,,,,,,,,,
1994-904,Wimbledon,Grass,128,G,,19940620,67,200360,,,Pam Shriver,R,183,USA,31.962,53,27,200105,,,Rachel Mcquillan,,170,AUS,22.549,70,22,5-7 6-2 8-6,3,R64,,,,,,,,,,,,,,,,,,,
1994-904,Wimbledon,Grass,128,G,,19940620,68,200026,,,Florencia Labat,L,170,ARG,23.023,33,46,200569,,,Petra Langrova,,,TCH,23.981,105,15,6-2 6-2,3,R64,,,,,,,,,,,,,,,,,,,
1994-904,Wimbledon,Grass,128,G,,19940620,69,200064,14,,Amanda Coetzer,R,158,RSA,22.662,14,78,200441,,Q,Louise Field,,,AUS,27.316,,,6-4 6-0,3,R64,,,,,,,,,,,,,,,,,,,
1994-904,Wimbledon,Grass,128,G,,19940620,70,200649,,,Ginger Helgeson,R,,USA,25.764,41,38,201193,,LL,Claire Wegink,,,NED,26.725,195,6,6-2 6-2,3,R64,,,,,,,,,,,,,,,,,,,
1994-904,Wimbledon,Grass,128,G,,19940620,71,200450,,,Larisa Savchenko,,169,URS,27.916,58,26,200040,,,Anna Smashnova,R,157,ISR,17.928,66,24,6-3 6-4,3,R64,,,,,,,,,,,,,,,,,,,
1994-904,Wimbledon,Grass,128,G,,19940620,72,200617,6,,Kimiko Date Krumm,R,163,JPN,23.727,6,128,201191,,WC,Shirli Ann Siddall,,,GBR,20.000,345,2,6-2 6-0,3,R64,,,,,,,,,,,,,,,,,,,
1994-904,Wimbledon,Grass,128,G,,19940620,73,200049,3,,Conchita Martinez,R,170,ESP,22.177,3,193,200606,,Q,Nana Smith,R,163,JPN,23.196,181,7,6-1 7-6,3,R64,,,,,,,,,,,,,,,,,,,
1994-904,Wimbledon,Grass,128,G,,19940620,74,200097,,,Nathalie Tauziat,R,165,FRA,26.675,21,62,200481,,,Elna Reinach,,,RSA,25.547,72,21,6-3 6-7 6-2,3,R64,,,,,,,,,,,,,,,,,,,
1994-904,Wimbledon,Grass,128,G,,19940620,75,200559,,,Kristine Kunce,R,177,AUS,24.299,63,25,200051,,,Irina Spirlea,R,175,ROU,20.236,38,41,7-5 3-6 6-4,3,R64,,,,,,,,,,,,,,,,,,,
1994-904,Wimbledon,Grass,128,G,,19940620,76,200667,,,Ines Gorrochategui,R,169,ARG,21.019,25,54,200081,12,,Anke Huber,R,173,GER,19.543,11,90,6-3 6-4,3,R64,,,,,,,,,,,,,,,,,,,
1994-904,Wimbledon,Grass,128,G,,19940620,77,200572,10,,Gabriela Sabatini,R,175,ARG,24.096,10,109,200439,,,Jenny Byrne,,,AUS,27.316,138,9,6-2 6-3,3,R64,,,,,,,,,,,,,,,,,,,
1994-904,Wimbledon,Grass,128,G,,19940620,78,200699,,,Meredith Mcgrath,,,USA,23.146,24,56,200679,,,Caroline Kuhlman,,,USA,27.820,86,18,6-1 6-3,3,R64,,,,,,,,,,,,,,,,,,,
1994-904,Wimbledon,Grass,128,G,,19940620,79,200094,,,Barbara Rittner,R,173,GER,21.153,39,40,200059,,,Ruxandra Dragomir Ilie,R,168,ROU,21.654,90,17,6-2 6-1,3,R64,,,,,,,,,,,,,,,,,,,
1994-904,Wimbledon,Grass,128,G,,19940620,80,200128,9,,Lindsay Davenport,R,189,USA,18.032,9,114,200689,,LL,Tessa Price,,,RSA,27.239,124,12,6-4 6-2,3,R64,,,,,,,,,,,,,,,,,,,
1994-904,Wimbledon,Grass,128,G,,19940620,81,200539,5,,Jana Novotna,R,175,CZE,25.714,5,146,200506,,,Wiltrud Probst,R,170,GER,25.060,77,19,6-2 6-1,3,R64,,,,,,,,,,,,,,,,,,,
1994-904,Wimbledon,Grass,128,G,,19940620,82,200080,,,Dominique Monami,R,170,BEL,21.055,75,19,200634,,,Elena Brioukhovets,,,UKR,23.034,107,15,6-1 4-6 6-2,3,R64,,,,,,,,,,,,,,,,,,,
1994-904,Wimbledon,Grass,128,G,,19940620,83,200644,,,Naoko Sawamatsu,R,167,JPN,21.243,28,53,200657,,,Radka Bobkova,R,172,CZE,21.350,73,21,6-1 6-3,3,R64,,,,,,,,,,,,,,,,,,,
1994-904,Wimbledon,Grass,128,G,,19940620,84,200597,11,,Mary Joe Fernandez,R,175,USA,22.837,12,89,200554,,,Brenda Schultz Mccarthy,R,188,NED,23.478,26,53,6-4 6-4,3,R64,,,,,,,,,,,,,,,,,,,
1994-904,Wimbledon,Grass,128,G,,19940620,85,200377,17,,Helena Sukova,R,188,CZE,29.320,17,71,200641,,,Patricia Tarabini,R,165,ARG,25.870,84,18,6-4 6-2,3,R64,,,,,,,,,,,,,,,,,,,
1994-904,Wimbledon,Grass,128,G,,19940620,86,200668,,,Silke Frankl,,,GER,24.061,79,19,200708,,,Sandra Cacic,R,,USA,19.776,45,32,2-6 6-1 6-3,3,R64,,,,,,,,,,,,,,,,,,,
1994-904,Wimbledon,Grass,128,G,,19940620,87,200095,,,Linda Wild,R,,USA,23.354,34,44,200671,,,Meike Babel,R,173,GER,19.576,43,34,6-2 2-6 6-2,3,R64,,,,,,,,,,,,,,,,,,,
1994-904,Wimbledon,Grass,128,G,,19940620,88,200293,4,,Martina Navratilova,L,173,USA,37.671,4,158,200725,,,Sandra Cecchini,R,170,ITA,29.309,50,28,6-2 6-0,3,R64,,,,,,,,,,,,,,,,,,,
1994-904,Wimbledon,Grass,128,G,,19940620,89,200676,,,Mana Endo,R,160,JPN,23.368,57,26,200005,,,Jolene Watanabe,R,,USA,25.802,123,12,6-3 6-4,3,R64,,,,,,,,,,,,,,,,,,,
1994-904,Wimbledon,Grass,128,G,,19940620,90,200417,,,Gigi Fernandez,,170,USA,30.325,99,16,200660,,,Kimberly Po Messerli,R,157,USA,22.667,49,30,6-2 1-6 9-7,3,R64,,,,,,,,,,,,,,,,,,,
1994-904,Wimbledon,Grass,128,G,,19940620,91,200595,,,Ann Grossman,,,USA,23.686,40,40,200655,,,Nicole Arendt,L,177,USA,24.816,87,18,6-4 3-6 6-4,3,R64,,,,,,,,,,,,,,,,,,,
1994-904,Wimbledon,Grass,128,G,,19940620,92,200653,,,Yayuk Basuki,R,164,INA,23.554,36,42,200086,16,,Magdalena Maleeva,R,168,BUL,19.220,16,75,5-7 7-6 6-4,3,R64,,,,,,,,,,,,,,,,,,,
1994-904,Wimbledon,Grass,128,G,,19940620,93,200404,13,,Zina Garrison,R,164,USA,30.593,13,84,200640,,Q,Mercedes Paz,R,180,ARG,27.981,171,7,7-5 6-0,3,R64,,,,,,,,,,,,,,,,,,,
1994-904,Wimbledon,Grass,128,G,,19940620,94,200584,,,Laura Golarsa,R,165,ITA,26.563,94,17,200658,,,Fang Li,R,166,CHN,21.465,91,17,6-3 6-0,3,R64,,,,,,,,,,,,,,,,,,,
1994-904,Wimbledon,Grass,128,G,,19940620,95,200726,,Q,Nancy Feber,L,160,BEL,18.371,155,8,200501,,,Marianne Werdel Witmeyer,,,USA,26.675,47,30,6-4 6-4,3,R64,,,,,,,,,,,,,,,,,,,
1994-904,Wimbledon,Grass,128,G,,19940620,96,200017,2,,Arantxa Sanchez Vicario,R,168,ESP,22.506,2,250,200704,,,Maria Jose Gaidano,,171,ARG,21.071,143,9,6-2 6-1,3,R64,,,,,,,,,,,,,,,,,,,
1994-904,Wimbledon,Grass,128,G,,19940620,97,200450,,,Larisa Savchenko,,169,URS,27.916,58,26,200617,6,,Kimiko Date Krumm,R,163,JPN,23.727,6,128,6-3 6-2,3,R32,,,,,,,,,,,,,,,,,,,
1994-904,Wimbledon,Grass,128,G,,19940620,98,200049,3,,Conchita Martinez,R,170,ESP,22.177,3,193,200097,,,Nathalie Tauziat,R,165,FRA,26.675,21,62,6-1 6-3,3,R32,,,,,,,,,,,,,,,,,,,
1994-904,Wimbledon,Grass,128,G,,19940620,99,200559,,,Kristine Kunce,R,177,AUS,24.299,63,25,200667,,,Ines Gorrochategui,R,169,ARG,21.019,25,54,W/O,3,R32,,,,,,,,,,,,,,,,,,,
1994-904,Wimbledon,Grass,128,G,,19940620,100,200572,10,,Gabriela Sabatini,R,175,ARG,24.096,10,109,200699,,,Meredith Mcgrath,,,USA,23.146,24,56,6-4 6-1,3,R32,,,,,,,,,,,,,,,,,,,
1994-904,Wimbledon,Grass,128,G,,19940620,101,200128,9,,Lindsay Davenport,R,189,USA,18.032,9,114,200094,,,Barbara Rittner,R,173,GER,21.153,39,40,6-4 3-6 6-1,3,R32,,,,,,,,,,,,,,,,,,,
1994-904,Wimbledon,Grass,128,G,,19940620,102,200539,5,,Jana Novotna,R,175,CZE,25.714,5,146,200080,,,Dominique Monami,R,170,BEL,21.055,75,19,6-0 4-6 6-0,3,R32,,,,,,,,,,,,,,,,,,,
1994-904,Wimbledon,Grass,128,G,,19940620,103,200644,,,Naoko Sawamatsu,R,167,JPN,21.243,28,53,200597,11,,Mary Joe Fernandez,R,175,USA,22.837,12,89,6-0 7-5,3,R32,,,,,,,,,,,,,,,,,,,
1994-904,Wimbledon,Grass,128,G,,19940620,104,200377,17,,Helena Sukova,R,188,CZE,29.320,17,71,200668,,,Silke Frankl,,,GER,24.061,79,19,6-3 6-2,3,R32,,,,,,,,,,,,,,,,,,,
1994-904,Wimbledon,Grass,128,G,,19940620,105,200293,4,,Martina Navratilova,L,173,USA,37.671,4,158,200095,,,Linda Wild,R,,USA,23.354,34,44,6-3 6-2,3,R32,,,,,,,,,,,,,,,,,,,
1994-904,Wimbledon,Grass,128,G,,19940620,106,200417,,,Gigi Fernandez,,170,USA,30.325,99,16,200676,,,Mana Endo,R,160,JPN,23.368,57,26,4-6 6-3 6-3,3,R32,,,,,,,,,,,,,,,,,,,
1994-904,Wimbledon,Grass,128,G,,19940620,107,200653,,,Yayuk Basuki,R,164,INA,23.554,36,42,200595,,,Ann Grossman,,,USA,23.686,40,40,6-0 6-2,3,R32,,,,,,,,,,,,,,,,,,,
1994-904,Wimbledon,Grass,128,G,,19940620,108,200404,13,,Zina Garrison,R,164,USA,30.593,13,84,200584,,,Laura Golarsa,R,165,ITA,26.563,94,17,6-2 4-1 RET,3,R32,,,,,,,,,,,,,,,,,,,
1994-904,Wimbledon,Grass,128,G,,19940620,109,200017,2,,Arantxa Sanchez Vicario,R,168,ESP,22.506,2,250,200726,,Q,Nancy Feber,L,160,BEL,18.371,155,8,6-2 6-1,3,R32,,,,,,,,,,,,,,,,,,,
1994-904,Wimbledon,Grass,128,G,,19940620,110,200428,,,Lori Mcneil,,170,USA,30.506,22,58,200082,,,Kristie Boogert,R,178,NED,20.510,55,27,6-2 6-4,3,R32,,,,,,,,,,,,,,,,,,,
1994-904,Wimbledon,Grass,128,G,,19940620,111,200026,,,Florencia Labat,L,170,ARG,23.023,33,46,200360,,,Pam Shriver,R,183,USA,31.962,53,27,6-4 4-6 6-2,3,R32,,,,,,,,,,,,,,,,,,,
1994-904,Wimbledon,Grass,128,G,,19940620,112,200064,14,,Amanda Coetzer,R,158,RSA,22.662,14,78,200649,,,Ginger Helgeson,R,,USA,25.764,41,38,6-0 6-3,3,R32,,,,,,,,,,,,,,,,,,,
1994-904,Wimbledon,Grass,128,G,,19940620,113,200428,,,Lori Mcneil,,170,USA,30.506,22,58,200026,,,Florencia Labat,L,170,ARG,23.023,33,46,7-6 7-6,3,R16,,,,,,,,,,,,,,,,,,,
1994-904,Wimbledon,Grass,128,G,,19940620,114,200450,,,Larisa Savchenko,,169,URS,27.916,58,26,200064,14,,Amanda Coetzer,R,158,RSA,22.662,14,78,1-6 6-3 6-4,3,R16,,,,,,,,,,,,,,,,,,,
1994-904,Wimbledon,Grass,128,G,,19940620,115,200049,3,,Conchita Martinez,R,170,ESP,22.177,3,193,200559,,,Kristine Kunce,R,177,AUS,24.299,63,25,3-6 6-3 6-4,3,R16,,,,,,,,,,,,,,,,,,,
1994-904,Wimbledon,Grass,128,G,,19940620,116,200128,9,,Lindsay Davenport,R,189,USA,18.032,9,114,200572,10,,Gabriela Sabatini,R,175,ARG,24.096,10,109,6-1 6-3,3,R16,,,,,,,,,,,,,,,,,,,
1994-904,Wimbledon,Grass,128,G,,19940620,117,200539,5,,Jana Novotna,R,175,CZE,25.714,5,146,200644,,,Naoko Sawamatsu,R,167,JPN,21.243,28,53,6-3 6-3,3,R16,,,,,,,,,,,,,,,,,,,
1994-904,Wimbledon,Grass,128,G,,19940620,118,200293,4,,Martina Navratilova,L,173,USA,37.671,4,158,200377,17,,Helena Sukova,R,188,CZE,29.320,17,71,6-1 6-2,3,R16,,,,,,,,,,,,,,,,,,,
1994-904,Wimbledon,Grass,128,G,,19940620,119,200417,,,Gigi Fernandez,,170,USA,30.325,99,16,200653,,,Yayuk Basuki,R,164,INA,23.554,36,42,6-4 6-1,3,R16,,,,,,,,,,,,,,,,,,,
1994-904,Wimbledon,Grass,128,G,,19940620,120,200404,13,,Zina Garrison,R,164,USA,30.593,13,84,200017,2,,Arantxa Sanchez Vicario,R,168,ESP,22.506,2,250,7-5 4-6 6-3,3,R16,,,,,,,,,,,,,,,,,,,
1994-904,Wimbledon,Grass,128,G,,19940620,121,200428,,,Lori Mcneil,,170,USA,30.506,22,58,200450,,,Larisa Savchenko,,169,URS,27.916,58,26,6-3 6-4,3,QF,,,,,,,,,,,,,,,,,,,
1994-904,Wimbledon,Grass,128,G,,19940620,122,200049,3,,Conchita Martinez,R,170,ESP,22.177,3,193,200128,9,,Lindsay Davenport,R,189,USA,18.032,9,114,6-2 6-7 6-3,3,QF,,,,,,,,,,,,,,,,,,,
1994-904,Wimbledon,Grass,128,G,,19940620,123,200293,4,,Martina Navratilova,L,173,USA,37.671,4,158,200539,5,,Jana Novotna,R,175,CZE,25.714,5,146,5-7 6-0 6-1,3,QF,,,,,,,,,,,,,,,,,,,
1994-904,Wimbledon,Grass,128,G,,19940620,124,200417,,,Gigi Fernandez,,170,USA,30.325,99,16,200404,13,,Zina Garrison,R,164,USA,30.593,13,84,6-4 6-4,3,QF,,,,,,,,,,,,,,,,,,,
1994-904,Wimbledon,Grass,128,G,,19940620,125,200049,3,,Conchita Martinez,R,170,ESP,22.177,3,193,200428,,,Lori Mcneil,,170,USA,30.506,22,58,3-6 6-2 10-8,3,SF,,,,,,,,,,,,,,,,,,,
1994-904,Wimbledon,Grass,128,G,,19940620,126,200293,4,,Martina Navratilova,L,173,USA,37.671,4,158,200417,,,Gigi Fernandez,,170,USA,30.325,99,16,6-4 7-6,3,SF,,,,,,,,,,,,,,,,,,,
1994-904,Wimbledon,Grass,128,G,,19940620,127,200049,3,,Conchita Martinez,R,170,ESP,22.177,3,193,200293,4,,Martina Navratilova,L,173,USA,37.671,4,158,6-4 3-6 6-3,3,F,,,,,,,,,,,,,,,,,,,
1994-466,Palermo,Clay,32,T4,,19940705,1,200554,1,,Brenda Schultz Mccarthy,R,188,NED,23.519,27,52,200080,,,Dominique Monami,R,170,BEL,21.096,70,22,6-3 7-5,3,R32,,,,,,,,,,,,,,,,,,,
1994-466,Palermo,Clay,32,T4,,19940705,2,201952,,,Elena Savoldi,,,ITA,21.646,157,8,200059,,,Ruxandra Dragomir Ilie,R,168,ROU,21.695,90,17,6-1 6-1,3,R32,,,,,,,,,,,,,,,,,,,
1994-466,Palermo,Clay,32,T4,,19940705,3,201061,,,Eva Martincova,,170,CZE,19.338,116,13,200010,,WC,Rita Grande,R,177,ITA,19.286,163,8,6-3 3-6 6-4,3,R32,,,,,,,,,,,,,,,,,,,
1994-466,Palermo,Clay,32,T4,,19940705,4,200686,,,Sandra Dopfer,,174,AUT,24.113,93,17,200094,3,,Barbara Rittner,R,173,GER,21.194,37,43,4-6 6-2 7-5,3,R32,,,,,,,,,,,,,,,,,,,
1994-466,Palermo,Clay,32,T4,,19940705,5,200007,,Q,Silvija Talaja,R,173,CRO,16.471,,,200607,6,,Beate Reinstadler,,168,AUT,27.127,65,24,4-6 6-2 6-1,3,R32,,,,,,,,,,,,,,,,,,,
1994-466,Palermo,Clay,32,T4,,19940705,6,200703,,,Katarina Studenikova,R,172,SVK,21.838,110,14,200672,,,Barbara Mulej,R,,SLO,20.102,121,13,6-4 7-6,3,R32,,,,,,,,,,,,,,,,,,,
1994-466,Palermo,Clay,32,T4,,19940705,7,200442,,Q,Andrea Temesvari,R,182,HUN,28.192,137,10,200076,,,Laurence Courtois,R,172,BEL,18.462,78,20,4-6 6-4 6-4,3,R32,,,,,,,,,,,,,,,,,,,
1994-466,Palermo,Clay,32,T4,,19940705,8,200051,2,,Irina Spirlea,R,175,ROU,20.277,40,40,200569,,,Petra Langrova,,,TCH,24.022,89,17,6-3 3-6 6-3,3,R32,,,,,,,,,,,,,,,,,,,
1994-466,Palermo,Clay,32,T4,,19940705,9,200698,,,Petra Begerow,R,178,GER,19.226,102,16,200657,,,Radka Bobkova,R,172,CZE,21.391,68,23,5-7 7-6 6-2,3,R32,,,,,,,,,,,,,,,,,,,
1994-466,Palermo,Clay,32,T4,,19940705,10,201021,,WC,Laura Garrone,R,166,ITA,26.637,183,6,200692,,,Marzia Grossi,,,ITA,23.839,98,16,6-2 6-3,3,R32,,,,,,,,,,,,,,,,,,,
1994-466,Palermo,Clay,32,T4,,19940705,11,200658,,,Fang Li,R,166,CHN,21.506,81,19,200040,7,,Anna Smashnova,R,157,ISR,17.969,60,26,6-4 5-7 6-2,3,R32,,,,,,,,,,,,,,,,,,,
1994-466,Palermo,Clay,32,T4,,19940705,12,200725,4,,Sandra Cecchini,R,170,ITA,29.350,52,29,200696,,Q,Christina Papadaki,R,,GRE,21.358,,,6-2 0-6 6-2,3,R32,,,,,,,,,,,,,,,,,,,
1994-466,Palermo,Clay,32,T4,,19940705,13,200700,,,Silvia Farina Elia,R,172,ITA,22.188,72,21,200106,,,Angeles Montolio,R,157,ESP,18.913,111,14,6-3 6-1,3,R32,,,,,,,,,,,,,,,,,,,
1994-466,Palermo,Clay,32,T4,,19940705,14,200674,,,Bettina Fulco,R,,ARG,25.698,105,15,201051,,Q,Laura Lapi,,,ITA,23.817,168,8,7-5 6-4,3,R32,,,,,,,,,,,,,,,,,,,
1994-466,Palermo,Clay,32,T4,,19940705,15,201066,,,Neus Avila Bonastre,,,ESP,22.944,128,11,200626,5,,Emanuela Zardo,L,,SUI,24.198,54,28,6-4 6-4,3,R32,,,,,,,,,,,,,,,,,,,
1994-466,Palermo,Clay,32,T4,,19940705,16,200627,8,,Petra Schwarz,R,168,AUT,22.114,69,22,200641,,,Patricia Tarabini,R,165,ARG,25.912,77,21,6-4 6-7 6-3,3,R32,,,,,,,,,,,,,,,,,,,
1994-466,Palermo,Clay,32,T4,,19940705,17,200554,1,,Brenda Schultz Mccarthy,R,188,NED,23.519,27,52,200698,,,Petra Begerow,R,178,GER,19.226,102,16,6-4 3-6 6-6 RET,3,R16,,,,,,,,,,,,,,,,,,,
1994-466,Palermo,Clay,32,T4,,19940705,18,200658,,,Fang Li,R,166,CHN,21.506,81,19,201021,,WC,Laura Garrone,R,166,ITA,26.637,183,6,6-4 6-1,3,R16,,,,,,,,,,,,,,,,,,,
1994-466,Palermo,Clay,32,T4,,19940705,19,200725,4,,Sandra Cecchini,R,170,ITA,29.350,52,29,200700,,,Silvia Farina Elia,R,172,ITA,22.188,72,21,6-2 5-7 6-3,3,R16,,,,,,,,,,,,,,,,,,,
1994-466,Palermo,Clay,32,T4,,19940705,20,201066,,,Neus Avila Bonastre,,,ESP,22.944,128,11,200674,,,Bettina Fulco,R,,ARG,25.698,105,15,6-1 6-0,3,R16,,,,,,,,,,,,,,,,,,,
1994-466,Palermo,Clay,32,T4,,19940705,21,200627,8,,Petra Schwarz,R,168,AUT,22.114,69,22,201952,,,Elena Savoldi,,,ITA,21.646,157,8,7-6 6-4,3,R16,,,,,,,,,,,,,,,,,,,
1994-466,Palermo,Clay,32,T4,,19940705,22,200686,,,Sandra Dopfer,,174,AUT,24.113,93,17,201061,,,Eva Martincova,,170,CZE,19.338,116,13,6-1 6-2,3,R16,,,,,,,,,,,,,,,,,,,
1994-466,Palermo,Clay,32,T4,,19940705,23,200703,,,Katarina Studenikova,R,172,SVK,21.838,110,14,200007,,Q,Silvija Talaja,R,173,CRO,16.471,,,6-1 6-2,3,R16,,,,,,,,,,,,,,,,,,,
1994-466,Palermo,Clay,32,T4,,19940705,24,200051,2,,Irina Spirlea,R,175,ROU,20.277,40,40,200442,,Q,Andrea Temesvari,R,182,HUN,28.192,137,10,6-2 3-0 RET,3,R16,,,,,,,,,,,,,,,,,,,
1994-466,Palermo,Clay,32,T4,,19940705,25,200554,1,,Brenda Schultz Mccarthy,R,188,NED,23.519,27,52,200658,,,Fang Li,R,166,CHN,21.506,81,19,6-4 4-6 6-4,3,QF,,,,,,,,,,,,,,,,,,,
1994-466,Palermo,Clay,32,T4,,19940705,26,200725,4,,Sandra Cecchini,R,170,ITA,29.350,52,29,201066,,,Neus Avila Bonastre,,,ESP,22.944,128,11,3-6 6-4 6-0,3,QF,,,,,,,,,,,,,,,,,,,
1994-466,Palermo,Clay,32,T4,,19940705,27,200686,,,Sandra Dopfer,,174,AUT,24.113,93,17,200627,8,,Petra Schwarz,R,168,AUT,22.114,69,22,6-3 7-6,3,QF,,,,,,,,,,,,,,,,,,,
1994-466,Palermo,Clay,32,T4,,19940705,28,200051,2,,Irina Spirlea,R,175,ROU,20.277,40,40,200703,,,Katarina Studenikova,R,172,SVK,21.838,110,14,6-1 6-3,3,QF,,,,,,,,,,,,,,,,,,,
1994-466,Palermo,Clay,32,T4,,19940705,29,200554,1,,Brenda Schultz Mccarthy,R,188,NED,23.519,27,52,200725,4,,Sandra Cecchini,R,170,ITA,29.350,52,29,7-6 6-4,3,SF,,,,,,,,,,,,,,,,,,,
1994-466,Palermo,Clay,32,T4,,19940705,30,200051,2,,Irina Spirlea,R,175,ROU,20.277,40,40,200686,,,Sandra Dopfer,,174,AUT,24.113,93,17,7-5 6-4,3,SF,,,,,,,,,,,,,,,,,,,
1994-466,Palermo,Clay,32,T4,,19940705,31,200051,2,,Irina Spirlea,R,175,ROU,20.277,40,40,200554,1,,Brenda Schultz Mccarthy,R,188,NED,23.519,27,52,6-4 1-6 7-6,3,F,,,,,,,,,,,,,,,,,,,
1994-D004,Fed Cup WG R1: FIN vs SVK,Clay,4,D,,19940718,1,200530,,,Radomira Zrubakova,R,169,SVK,23.560,118,13,200623,,,Petra Thoren,,,FIN,24.942,212,5,6-4 6-3,3,RR,,,,,,,,,,,,,,,,,,,
1994-D004,Fed Cup WG R1: FIN vs SVK,Clay,4,D,,19940718,2,200006,,,Karina Habsudova,R,170,SVK,20.959,59,26,200663,,,Nanne Dahlman,,163,FIN,23.861,154,9,6-2 6-3,3,RR,,,,,,,,,,,,,,,,,,,
1994-D006,Fed Cup WG R1: BLR vs NED,Clay,4,D,,19940718,1,200089,,,Miriam Oremans,R,169,NED,21.854,74,21,200711,,,Tatiana Ignatieva,,173,BLR,20.102,157,9,3-6 6-4 6-4,3,RR,,,,,,,,,,,,,,,,,,,
1994-D006,Fed Cup WG R1: BLR vs NED,Clay,4,D,,19940718,2,200116,,,Natalia Zvereva,R,174,BLR,23.256,9,109,200554,,,Brenda Schultz Mccarthy,R,188,NED,23.554,25,56,6-3 7-5,3,RR,,,,,,,,,,,,,,,,,,,
1994-D046,Fed Cup WG R1: CUB vs ARG,Clay,4,D,,19940718,1,200641,,,Patricia Tarabini,R,165,ARG,25.947,108,14,206904,,,Yoannis Montesino,,,CUB,23.061,,,6-4 6-2,3,RR,,,,,,,,,,,,,,,,,,,
1994-D046,Fed Cup WG R1: CUB vs ARG,Clay,4,D,,19940718,2,200026,,,Florencia Labat,L,170,ARG,23.100,28,51,212410,,,Belkis Rodriguez,,,CUB,29.178,,,6-1 6-0,3,RR,,,,,,,,,,,,,,,,,,,
1994-D061,Fed Cup WG R1: KOR vs FRA,Clay,4,D,,19940718,1,200112,,,Julie Halard Decugis,R,173,FRA,23.853,18,68,201625,,,Ju Yeon Choi,,,KOR,18.662,224,5,6-4 6-4,3,RR,,,,,,,,,,,,,,,,,,,
1994-D061,Fed Cup WG R1: KOR vs FRA,Clay,4,D,,19940718,2,200096,,,Mary Pierce,R,178,FRA,19.505,7,125,200716,,,Sung Hee Park,R,165,KOR,19.414,146,9,6-3 6-1,3,RR,,,,,,,,,,,,,,,,,,,
1994-D070,Fed Cup WG R1: BEL vs SWE,Clay,4,D,,19940718,1,200582,,,Maria Strandlund Tomsvik,,,SWE,24.918,205,5,200080,,,Dominique Monami,R,170,BEL,21.131,75,20,6-4 6-2,3,RR,,,,,,,,,,,,,,,,,,,
1994-D070,Fed Cup WG R1: BEL vs SWE,Clay,4,D,,19940718,2,200037,,,Sabine Appelmans,L,168,BEL,22.237,20,64,200084,,,Asa Carlsson,R,178,SWE,19.089,70,22,5-7 6-4 6-2,3,RR,,,,,,,,,,,,,,,,,,,
1994-D077,Fed Cup WG R1: CHN vs JPN,Clay,4,D,,19940718,1,200644,,,Naoko Sawamatsu,R,167,JPN,21.320,24,56,200736,,,Li Ling Chen,,165,CHN,23.349,243,4,6-3 6-2,3,RR,,,,,,,,,,,,,,,,,,,
1994-D077,Fed Cup WG R1: CHN vs JPN,Clay,4,D,,19940718,2,200658,,,Fang Li,R,166,CHN,21.542,76,20,200617,,,Kimiko Date Krumm,R,163,JPN,23.803,5,132,7-5 6-1,3,RR,,,,,,,,,,,,,,,,,,,
1994-D087,Fed Cup WG R1: GER vs COL,Clay,4,D,,19940718,1,200651,,,Sabine Hack,,170,GER,25.016,15,77,203047,,,Cecilia Hincapie,,,COL,17.657,,,6-1 6-0,3,RR,,,,,,,,,,,,,,,,,,,
1994-D087,Fed Cup WG R1: GER vs COL,Clay,4,D,,19940718,2,200081,,,Anke Huber,R,173,GER,19.620,16,77,202257,,,Carmina Giraldo,,,COL,17.947,,,6-0 3-6 6-2,3,RR,,,,,,,,,,,,,,,,,,,
1994-D088,Fed Cup WG R1: RSA vs PAR,Clay,4,D,,19940718,1,200481,,,Elna Reinach,,,RSA,25.624,67,23,212599,,,Magali Benitez,,,PAR,18.607,,,6-3 6-2,3,RR,,,,,,,,,,,,,,,,,,,
1994-D088,Fed Cup WG R1: RSA vs PAR,Clay,4,D,,19940718,2,200682,,,Joannette Kruger,R,179,RSA,20.871,60,25,201729,,,Larissa Schaerer,R,170,PAR,19.258,170,8,6-2 5-7 6-3,3,RR,,,,,,,,,,,,,,,,,,,
1994-D005,Fed Cup WG R1: LAT vs AUS,Clay,4,D,,19940719,1,200105,,,Rachel Mcquillan,,170,AUS,22.629,68,23,201844,,,Agnese Gustmane,R,170,LAT,23.278,,,6-1 6-1,3,RR,,,,,,,,,,,,,,,,,,,
1994-D005,Fed Cup WG R1: LAT vs AUS,Clay,4,D,,19940719,2,200450,,,Larisa Savchenko,,169,URS,27.995,42,37,200559,,,Kristine Kunce,R,177,AUS,24.378,51,30,6-3 2-6 6-0,3,RR,,,,,,,,,,,,,,,,,,,
1994-D016,Fed Cup WG R1: AUT vs POL,Clay,4,D,,19940719,1,200627,,,Petra Schwarz,R,168,AUT,22.152,65,23,200710,,,Magdalena Feistel,,,POL,23.907,211,5,6-3 3-6 6-4,3,RR,,,,,,,,,,,,,,,,,,,
1994-D016,Fed Cup WG R1: AUT vs POL,Clay,4,D,,19940719,2,200482,,,Judith Wiesner,R,,AUT,28.381,35,45,200687,,,Katarzyna Nowak,,173,POL,25.512,125,12,6-3 7-5,3,RR,,,,,,,,,,,,,,,,,,,
1994-D025,Fed Cup WG R1: ESP vs CHI,Clay,4,D,,19940719,1,200049,,,Conchita Martinez,R,170,ESP,22.256,3,220,204756,,,Maria Alejandra Quezada,,,CHI,20.367,,,6-1 6-0,3,RR,,,,,,,,,,,,,,,,,,,
1994-D025,Fed Cup WG R1: ESP vs CHI,Clay,4,D,,19940719,2,200017,,,Arantxa Sanchez Vicario,R,168,ESP,22.585,2,249,202170,,,Paula Cabezas,,,ESP,21.909,273,3,6-1 6-0,3,RR,,,,,,,,,,,,,,,,,,,
1994-D038,Fed Cup WG R1: CAN vs SUI,Clay,4,D,,19940719,1,200560,,,Rene Simpson,L,165,CAN,28.510,149,9,201968,,,Geraldine Dondit,,,SUI,18.265,,,6-0 6-2,3,RR,,,,,,,,,,,,,,,,,,,
1994-D038,Fed Cup WG R1: CAN vs SUI,Clay,4,D,,19940719,2,200497,,,Patricia Hy Boulais,R,163,CAN,28.907,58,26,200626,,,Emanuela Zardo,L,,SUI,24.236,71,22,6-3 6-4,3,RR,,,,,,,,,,,,,,,,,,,
1994-D047,Fed Cup WG R1: ITA vs DEN,Clay,4,D,,19940719,1,200700,,,Silvia Farina Elia,R,172,ITA,22.226,63,24,200452,,,Tine Scheuer Larsen,,170,DEN,28.351,,,6-2 6-3,3,RR,,,,,,,,,,,,,,,,,,,
1994-D047,Fed Cup WG R1: ITA vs DEN,Clay,4,D,,19940719,2,200725,,,Sandra Cecchini,R,170,ITA,29.389,50,31,201969,,,Karin Ptaszek,R,,DEN,22.569,298,3,6-1 7-5,3,RR,,,,,,,,,,,,,,,,,,,
1994-D054,Fed Cup WG R1: TPE vs INA,Clay,4,D,,19940719,1,200707,,,Romana Tedjakusuma,R,,INA,17.985,121,13,202192,,,Tzu Ting Weng,,,TPE,16.050,,,7-6(6) 6-1,3,RR,,,,,,,,,,,,,,,,,,,
1994-D054,Fed Cup WG R1: TPE vs INA,Clay,4,D,,19940719,2,200684,,,Shi Ting Wang,R,171,TPE,20.748,29,48,200653,,,Yayuk Basuki,R,164,INA,23.634,37,45,6-4 6-2,3,RR,,,,,,,,,,,,,,,,,,,
1994-D063,Fed Cup WG R1: BUL vs CRO,Clay,4,D,,19940719,1,200455,,,Katerina Maleeva,R,168,BUL,25.200,32,46,200680,,,Nadin Ercegovic,R,177,CRO,21.457,175,7,6-0 6-3,3,RR,,,,,,,,,,,,,,,,,,,
1994-D063,Fed Cup WG R1: BUL vs CRO,Clay,4,D,,19940719,2,200723,,,Iva Majoli,R,175,CRO,16.934,23,59,200086,,,Magdalena Maleeva,R,168,BUL,19.300,17,73,3-6 6-4 6-4,3,RR,,,,,,,,,,,,,,,,,,,
1994-D067,Fed Cup WG R1: CZE vs USA,Clay,4,D,,19940719,1,200597,,,Mary Joe Fernandez,R,175,USA,22.916,11,92,200569,,,Petra Langrova,,,TCH,24.061,83,18,6-2 6-4,3,RR,,,,,,,,,,,,,,,,,,,
1994-D067,Fed Cup WG R1: CZE vs USA,Clay,4,D,,19940719,2,200128,,,Lindsay Davenport,R,189,USA,18.111,6,126,200718,,,Ludmila Richterova,,180,CZE,17.367,82,18,4-6 6-1 6-4,3,RR,,,,,,,,,,,,,,,,,,,
1994-D028,Fed Cup WG R2: SWE vs JPN,Clay,4,D,,19940720,1,200644,,,Naoko Sawamatsu,R,167,JPN,21.326,24,56,200582,,,Maria Strandlund Tomsvik,,,SWE,24.923,205,5,6-4 6-3,3,RR,,,,,,,,,,,,,,,,,,,
1994-D028,Fed Cup WG R2: SWE vs JPN,Clay,4,D,,19940720,2,200617,,,Kimiko Date Krumm,R,163,JPN,23.809,5,132,200084,,,Asa Carlsson,R,178,SWE,19.094,70,22,6-2 7-5,3,RR,,,,,,,,,,,,,,,,,,,
1994-D062,Fed Cup WG R2: ITA vs FRA,Clay,4,D,,19940720,1,200112,,,Julie Halard Decugis,R,173,FRA,23.858,18,68,200700,,,Silvia Farina Elia,R,172,ITA,22.229,63,24,2-6 6-4 6-2,3,RR,,,,,,,,,,,,,,,,,,,
1994-D062,Fed Cup WG R2: ITA vs FRA,Clay,4,D,,19940720,2,200096,,,Mary Pierce,R,178,FRA,19.510,7,125,200725,,,Sandra Cecchini,R,170,ITA,29.391,50,31,6-0 6-3,3,RR,,,,,,,,,,,,,,,,,,,
1994-D064,Fed Cup WG R2: GER vs SVK,Clay,4,D,,19940720,1,200651,,,Sabine Hack,,170,GER,25.022,15,77,200530,,,Radomira Zrubakova,R,169,SVK,23.565,118,13,6-2 4-6 6-3,3,RR,,,,,,,,,,,,,,,,,,,
1994-D064,Fed Cup WG R2: GER vs SVK,Clay,4,D,,19940720,2,200081,,,Anke Huber,R,173,GER,19.625,16,77,200006,,,Karina Habsudova,R,170,SVK,20.964,59,26,7-6(6) 7-5,3,RR,,,,,,,,,,,,,,,,,,,
1994-D086,Fed Cup WG R2: RSA vs NED,Clay,4,D,,19940720,1,200089,,,Miriam Oremans,R,169,NED,21.859,74,21,200481,,,Elna Reinach,,,RSA,25.630,67,23,6-4 7-5,3,RR,,,,,,,,,,,,,,,,,,,
1994-D086,Fed Cup WG R2: RSA vs NED,Clay,4,D,,19940720,2,200682,,,Joannette Kruger,R,179,RSA,20.877,60,25,200554,,,Brenda Schultz Mccarthy,R,188,NED,23.560,25,56,6-4 6-0,3,RR,,,,,,,,,,,,,,,,,,,
1994-D003,Fed Cup WG R2: AUT vs AUS,Clay,4,D,,19940721,1,200627,,,Petra Schwarz,R,168,AUT,22.158,65,23,200105,,,Rachel Mcquillan,,170,AUS,22.634,68,23,6-4 6-1,3,RR,,,,,,,,,,,,,,,,,,,
1994-D003,Fed Cup WG R2: AUT vs AUS,Clay,4,D,,19940721,2,200482,,,Judith Wiesner,R,,AUT,28.387,35,45,200559,,,Kristine Kunce,R,177,AUS,24.384,51,30,6-0 6-3,3,RR,,,,,,,,,,,,,,,,,,,
1994-D034,Fed Cup WG R2: CAN vs USA,Clay,4,D,,19940721,1,200597,,,Mary Joe Fernandez,R,175,USA,22.922,11,92,200472,,,Helen Kelesi,R,,CAN,24.679,62,24,6-1 4-1 RET,5,RR,,,,,,,,,,,,,,,,,,,
1994-D034,Fed Cup WG R2: CAN vs USA,Clay,4,D,,19940721,2,200128,,,Lindsay Davenport,R,189,USA,18.117,6,126,200497,,,Patricia Hy Boulais,R,163,CAN,28.912,58,26,6-2 6-4,3,RR,,,,,,,,,,,,,,,,,,,
1994-D039,Fed Cup WG R2: ESP vs ARG,Clay,4,D,,19940721,1,200049,,,Conchita Martinez,R,170,ESP,22.262,3,220,200641,,,Patricia Tarabini,R,165,ARG,25.955,108,14,6-3 6-7(6) 6-2,3,RR,,,,,,,,,,,,,,,,,,,
1994-D039,Fed Cup WG R2: ESP vs ARG,Clay,4,D,,19940721,2,200017,,,Arantxa Sanchez Vicario,R,168,ESP,22.590,2,249,200026,,,Florencia Labat,L,170,ARG,23.108,28,51,6-1 6-4,3,RR,,,,,,,,,,,,,,,,,,,
1994-D058,Fed Cup WG R2: BUL vs INA,Clay,4,D,,19940721,1,200455,,,Katerina Maleeva,R,168,BUL,25.205,32,46,200707,,,Romana Tedjakusuma,R,,INA,17.991,121,13,6-2 6-1,3,RR,,,,,,,,,,,,,,,,,,,
1994-D058,Fed Cup WG R2: BUL vs INA,Clay,4,D,,19940721,2,200086,,,Magdalena Maleeva,R,168,BUL,19.305,17,73,200653,,,Yayuk Basuki,R,164,INA,23.639,37,45,6-3 6-3,3,RR,,,,,,,,,,,,,,,,,,,
1994-D026,Fed Cup WG QF: AUT vs USA,Clay,4,D,,19940722,1,200597,,,Mary Joe Fernandez,R,175,USA,22.924,11,92,200627,,,Petra Schwarz,R,168,AUT,22.161,65,23,6-2 6-4,3,RR,,,,,,,,,,,,,,,,,,,
1994-D026,Fed Cup WG QF: AUT vs USA,Clay,4,D,,19940722,2,200128,,,Lindsay Davenport,R,189,USA,18.119,6,126,200482,,,Judith Wiesner,R,,AUT,28.389,35,45,2-6 6-2 6-2,3,RR,,,,,,,,,,,,,,,,,,,
1994-D056,Fed Cup WG QF: BUL vs FRA,Clay,4,D,,19940722,1,200112,,,Julie Halard Decugis,R,173,FRA,23.864,18,68,200455,,,Katerina Maleeva,R,168,BUL,25.208,32,46,6-3 3-6 6-2,3,RR,,,,,,,,,,,,,,,,,,,
1994-D056,Fed Cup WG QF: BUL vs FRA,Clay,4,D,,19940722,2,200086,,,Magdalena Maleeva,R,168,BUL,19.308,17,73,200096,,,Mary Pierce,R,178,FRA,19.516,7,125,6-7(6) 6-4 6-4,3,RR,,,,,,,,,,,,,,,,,,,
1994-D065,Fed Cup WG QF: GER vs RSA,Clay,4,D,,19940722,1,200651,,,Sabine Hack,,170,GER,25.027,15,77,200481,,,Elna Reinach,,,RSA,25.635,67,23,6-3 6-4,3,RR,,,,,,,,,,,,,,,,,,,
1994-D065,Fed Cup WG QF: GER vs RSA,Clay,4,D,,19940722,2,200081,,,Anke Huber,R,173,GER,19.631,16,77,200682,,,Joannette Kruger,R,179,RSA,20.882,60,25,6-1 6-2,3,RR,,,,,,,,,,,,,,,,,,,
1994-D115,Fed Cup WG QF: ESP vs JPN,Clay,4,D,,19940722,1,200049,,,Conchita Martinez,R,170,ESP,22.265,3,220,200644,,,Naoko Sawamatsu,R,167,JPN,21.331,24,56,6-3 6-4,3,RR,,,,,,,,,,,,,,,,,,,
1994-D115,Fed Cup WG QF: ESP vs JPN,Clay,4,D,,19940722,2,200017,,,Arantxa Sanchez Vicario,R,168,ESP,22.593,2,249,200617,,,Kimiko Date Krumm,R,163,JPN,23.814,5,132,6-3 2-6 8-6,3,RR,,,,,,,,,,,,,,,,,,,
1994-D057,Fed Cup WG SF: FRA vs USA,Clay,4,D,,19940723,1,200597,,,Mary Joe Fernandez,R,175,USA,22.927,11,92,200112,,,Julie Halard Decugis,R,173,FRA,23.866,18,68,6-1 6-3,3,RR,,,,,,,,,,,,,,,,,,,
1994-D057,Fed Cup WG SF: FRA vs USA,Clay,4,D,,19940723,2,200128,,,Lindsay Davenport,R,189,USA,18.122,6,126,200096,,,Mary Pierce,R,178,FRA,19.519,7,125,5-7 6-2 6-2,3,RR,,,,,,,,,,,,,,,,,,,
1994-D097,Fed Cup WG SF: GER vs ESP,Clay,4,D,,19940723,1,200651,,,Sabine Hack,,170,GER,25.030,15,77,200049,,,Conchita Martinez,R,170,ESP,22.267,3,220,2-6 7-5 6-4,3,RR,,,,,,,,,,,,,,,,,,,
1994-D097,Fed Cup WG SF: GER vs ESP,Clay,4,D,,19940723,2,200017,,,Arantxa Sanchez Vicario,R,168,ESP,22.596,2,249,200081,,,Anke Huber,R,173,GER,19.634,16,77,4-6 6-0 7-5,3,RR,,,,,,,,,,,,,,,,,,,
1994-D090,Fed Cup WG F: ESP vs USA,Clay,4,D,,19940724,1,200049,,,Conchita Martinez,R,170,ESP,22.270,3,220,200597,,,Mary Joe Fernandez,R,175,USA,22.930,11,92,6-2 6-2,3,RR,,,,,,,,,,,,,,,,,,,
1994-D090,Fed Cup WG F: ESP vs USA,Clay,4,D,,19940724,2,200017,,,Arantxa Sanchez Vicario,R,168,ESP,22.599,2,249,200128,,,Lindsay Davenport,R,189,USA,18.125,6,126,6-2 6-1,3,RR,,,,,,,,,,,,,,,,,,,
1994-531,Styria,Clay,32,T4,,19940726,1,200081,1,,Anke Huber,R,173,GER,19.642,16,77,200587,,,Silke Meier,,,GER,26.035,90,16,7-5 6-2,3,R32,,,,,,,,,,,,,,,,,,,
1994-531,Styria,Clay,32,T4,,19940726,2,200101,,Q,Jana Kandarr,R,181,GER,17.843,,,200570,,,Veronika Martinek,,160,GER,22.311,115,14,6-3 4-6 6-2,3,R32,,,,,,,,,,,,,,,,,,,
1994-531,Styria,Clay,32,T4,,19940726,3,200718,,,Ludmila Richterova,,180,CZE,17.386,81,18,201319,,WC,Evelyn Fauth,R,168,AUT,17.660,,,6-3 6-3,3,R32,,,,,,,,,,,,,,,,,,,
1994-531,Styria,Clay,32,T4,,19940726,4,200094,3,,Barbara Rittner,R,173,GER,21.252,38,42,200054,,WC,Sylvia Plischke,R,177,AUT,17.016,179,7,6-2 6-0,3,R32,,,,,,,,,,,,,,,,,,,
1994-531,Styria,Clay,32,T4,,19940726,5,200006,5,,Karina Habsudova,R,170,SVK,20.981,59,26,200697,,,Janette Husarova,R,169,SVK,20.143,105,15,6-2 6-4,3,R32,,,,,,,,,,,,,,,,,,,
1994-531,Styria,Clay,32,T4,,19940726,6,200668,,,Silke Frankl,,,GER,24.159,72,21,200106,,,Angeles Montolio,R,157,ESP,18.971,100,15,6-4 6-4,3,R32,,,,,,,,,,,,,,,,,,,
1994-531,Styria,Clay,32,T4,,19940726,7,200066,,,Cristina Torrens Valero,R,171,ESP,19.869,165,8,200641,,,Patricia Tarabini,R,165,ARG,25.969,107,14,5-7 6-2 6-4,3,R32,,,,,,,,,,,,,,,,,,,
1994-531,Styria,Clay,32,T4,,19940726,8,200482,2,,Judith Wiesner,R,,AUT,28.400,35,45,200674,,,Bettina Fulco,R,,ARG,25.755,94,16,7-6 6-3,3,R32,,,,,,,,,,,,,,,,,,,
1994-531,Styria,Clay,32,T4,,19940726,9,200657,,,Radka Bobkova,R,172,CZE,21.449,114,14,200634,,,Elena Brioukhovets,,,UKR,23.133,121,12,6-4 4-6 7-6,3,R32,,,,,,,,,,,,,,,,,,,
1994-531,Styria,Clay,32,T4,,19940726,10,200035,,Q,Maria Sanchez Lorenzo,R,171,ESP,16.715,164,8,200614,,Q,Elena Pampoulova,,,BUL,22.191,,,6-4 3-6 7-5,3,R32,,,,,,,,,,,,,,,,,,,
1994-531,Styria,Clay,32,T4,,19940726,11,200032,,,Barbara Schett,R,176,AUT,18.377,99,15,200705,6,,Linda Ferrando,,170,ITA,28.534,61,24,6-4 6-4,3,R32,,,,,,,,,,,,,,,,,,,
1994-531,Styria,Clay,32,T4,,19940726,12,200725,4,,Sandra Cecchini,R,170,ITA,29.408,50,31,200586,,Q,Federica Bonsignori,,,ITA,26.681,177,7,1-6 6-2 6-4,3,R32,,,,,,,,,,,,,,,,,,,
1994-531,Styria,Clay,32,T4,,19940726,13,200019,,,Alexandra Fusai,R,176,FRA,20.674,84,18,200686,,,Sandra Dopfer,,174,AUT,24.170,77,20,6-4 7-6,3,R32,,,,,,,,,,,,,,,,,,,
1994-531,Styria,Clay,32,T4,,19940726,14,200647,,,Noelle Van Lottum,,170,FRA,22.037,113,14,200703,,,Katarina Studenikova,R,172,SVK,21.895,88,17,2-6 6-3 7-5,3,R32,,,,,,,,,,,,,,,,,,,
1994-531,Styria,Clay,32,T4,,19940726,15,200627,8,,Petra Schwarz,R,168,AUT,22.172,65,23,200675,,,Eugenia Maniokova,R,178,RUS,26.191,111,14,6-2 6-3,3,R32,,,,,,,,,,,,,,,,,,,
1994-531,Styria,Clay,32,T4,,19940726,16,200700,7,,Silvia Farina Elia,R,172,ITA,22.245,63,24,200692,,,Marzia Grossi,,,ITA,23.896,110,14,6-7 6-2 6-4,3,R32,,,,,,,,,,,,,,,,,,,
1994-531,Styria,Clay,32,T4,,19940726,17,200081,1,,Anke Huber,R,173,GER,19.642,16,77,200657,,,Radka Bobkova,R,172,CZE,21.449,114,14,6-2 6-1,3,R16,,,,,,,,,,,,,,,,,,,
1994-531,Styria,Clay,32,T4,,19940726,18,200035,,Q,Maria Sanchez Lorenzo,R,171,ESP,16.715,164,8,200032,,,Barbara Schett,R,176,AUT,18.377,99,15,4-6 7-5 6-4,3,R16,,,,,,,,,,,,,,,,,,,
1994-531,Styria,Clay,32,T4,,19940726,19,200725,4,,Sandra Cecchini,R,170,ITA,29.408,50,31,200019,,,Alexandra Fusai,R,176,FRA,20.674,84,18,6-4 6-7 6-1,3,R16,,,,,,,,,,,,,,,,,,,
1994-531,Styria,Clay,32,T4,,19940726,20,200627,8,,Petra Schwarz,R,168,AUT,22.172,65,23,200647,,,Noelle Van Lottum,,170,FRA,22.037,113,14,7-5 6-2,3,R16,,,,,,,,,,,,,,,,,,,
1994-531,Styria,Clay,32,T4,,19940726,21,200700,7,,Silvia Farina Elia,R,172,ITA,22.245,63,24,200101,,Q,Jana Kandarr,R,181,GER,17.843,,,6-3 2-0 RET,3,R16,,,,,,,,,,,,,,,,,,,
1994-531,Styria,Clay,32,T4,,19940726,22,200094,3,,Barbara Rittner,R,173,GER,21.252,38,42,200718,,,Ludmila Richterova,,180,CZE,17.386,81,18,6-7 6-0 6-1,3,R16,,,,,,,,,,,,,,,,,,,
1994-531,Styria,Clay,32,T4,,19940726,23,200006,5,,Karina Habsudova,R,170,SVK,20.981,59,26,200668,,,Silke Frankl,,,GER,24.159,72,21,6-4 6-2,3,R16,,,,,,,,,,,,,,,,,,,
1994-531,Styria,Clay,32,T4,,19940726,24,200482,2,,Judith Wiesner,R,,AUT,28.400,35,45,200066,,,Cristina Torrens Valero,R,171,ESP,19.869,165,8,6-2 6-0,3,R16,,,,,,,,,,,,,,,,,,,
1994-531,Styria,Clay,32,T4,,19940726,25,200081,1,,Anke Huber,R,173,GER,19.642,16,77,200035,,Q,Maria Sanchez Lorenzo,R,171,ESP,16.715,164,8,7-5 6-2,3,QF,,,,,,,,,,,,,,,,,,,
1994-531,Styria,Clay,32,T4,,19940726,26,200725,4,,Sandra Cecchini,R,170,ITA,29.408,50,31,200627,8,,Petra Schwarz,R,168,AUT,22.172,65,23,6-2 5-7 6-0,3,QF,,,,,,,,,,,,,,,,,,,
1994-531,Styria,Clay,32,T4,,19940726,27,200700,7,,Silvia Farina Elia,R,172,ITA,22.245,63,24,200094,3,,Barbara Rittner,R,173,GER,21.252,38,42,6-3 RET,3,QF,,,,,,,,,,,,,,,,,,,
1994-531,Styria,Clay,32,T4,,19940726,28,200482,2,,Judith Wiesner,R,,AUT,28.400,35,45,200006,5,,Karina Habsudova,R,170,SVK,20.981,59,26,6-1 7-5,3,QF,,,,,,,,,,,,,,,,,,,
1994-531,Styria,Clay,32,T4,,19940726,29,200081,1,,Anke Huber,R,173,GER,19.642,16,77,200725,4,,Sandra Cecchini,R,170,ITA,29.408,50,31,6-3 7-6,3,SF,,,,,,,,,,,,,,,,,,,
1994-531,Styria,Clay,32,T4,,19940726,30,200482,2,,Judith Wiesner,R,,AUT,28.400,35,45,200700,7,,Silvia Farina Elia,R,172,ITA,22.245,63,24,6-4 6-3,3,SF,,,,,,,,,,,,,,,,,,,
1994-531,Styria,Clay,32,T4,,19940726,31,200081,1,,Anke Huber,R,173,GER,19.642,16,77,200482,2,,Judith Wiesner,R,,AUT,28.400,35,45,6-3 6-3,3,F,,,,,,,,,,,,,,,,,,,
1994-602,Stratton Mountain,Hard,32,T2,,19940726,1,200017,1,,Arantxa Sanchez Vicario,R,168,ESP,22.604,2,249,201087,,WC,Mashona Washington,R,168,USA,18.152,,,6-2 6-0,3,R32,,,,,,,,,,,,,,,,,,,
1994-602,Stratton Mountain,Hard,32,T2,,19940726,2,200105,,,Rachel Mcquillan,,170,AUS,22.648,68,23,200013,,,Angelica Gavaldon,R,,MEX,20.811,101,15,6-4 6-4,3,R32,,,,,,,,,,,,,,,,,,,
1994-602,Stratton Mountain,Hard,32,T2,,19940726,3,200727,,,Adriana Serra Zanetti,R,160,ITA,18.391,112,14,201751,,Q,Melissa Mazzotta,,,USA,22.095,218,5,6-1 0-6 6-4,3,R32,,,,,,,,,,,,,,,,,,,
1994-602,Stratton Mountain,Hard,32,T2,,19940726,4,200064,4,,Amanda Coetzer,R,158,RSA,22.760,13,82,201752,,WC,Cristina Salvi,,,ITA,24.198,281,3,6-0 6-0,3,R32,,,,,,,,,,,,,,,,,,,
1994-602,Stratton Mountain,Hard,32,T2,,19940726,5,201278,,Q,Angela Lettiere,,,USA,22.308,,,200455,6,,Katerina Maleeva,R,168,BUL,25.219,32,46,7-6 7-6,3,R32,,,,,,,,,,,,,,,,,,,
1994-602,Stratton Mountain,Hard,32,T2,,19940726,6,200501,,,Marianne Werdel Witmeyer,,,USA,26.774,53,29,200048,,,Elena Likhovtseva,R,174,RUS,18.881,56,26,6-1 6-2,3,R32,,,,,,,,,,,,,,,,,,,
1994-602,Stratton Mountain,Hard,32,T2,,19940726,7,200579,,,Karin Kschwendt,R,175,AUT,25.862,108,14,200480,,,Claudia Porwik,,,GER,25.695,122,12,6-1 7-5,3,R32,,,,,,,,,,,,,,,,,,,
1994-602,Stratton Mountain,Hard,32,T2,,19940726,8,200049,2,,Conchita Martinez,R,170,ESP,22.276,3,220,200638,,,Stephanie Rottier,,,NED,20.507,55,28,6-1 6-1,3,R32,,,,,,,,,,,,,,,,,,,
1994-602,Stratton Mountain,Hard,32,T2,,19940726,9,200708,,,Sandra Cacic,R,,USA,19.874,44,33,200417,,,Gigi Fernandez,,170,USA,30.424,48,31,6-1 4-6 6-4,3,R32,,,,,,,,,,,,,,,,,,,
1994-602,Stratton Mountain,Hard,32,T2,,19940726,10,200005,,,Jolene Watanabe,R,,USA,25.901,116,13,200085,,,Ai Sugiyama,R,163,JPN,19.059,102,15,6-1 6-3,3,R32,,,,,,,,,,,,,,,,,,,
1994-602,Stratton Mountain,Hard,32,T2,,19940726,11,200624,,,Tami Whitlinger Jones,,,USA,25.698,86,17,200595,8,,Ann Grossman,,,USA,23.784,40,41,7-5 6-1,3,R32,,,,,,,,,,,,,,,,,,,
1994-602,Stratton Mountain,Hard,32,T2,,19940726,12,200597,3,,Mary Joe Fernandez,R,175,USA,22.935,11,92,200584,,,Laura Golarsa,R,165,ITA,26.662,85,18,6-2 6-0,3,R32,,,,,,,,,,,,,,,,,,,
1994-602,Stratton Mountain,Hard,32,T2,,19940726,13,200099,,Q,Sonya Jeyaseelan,R,157,CAN,18.254,193,6,200599,,WC,Carrie Cunningham,,,USA,22.243,,,3-6 6-3 6-4,3,R32,,,,,,,,,,,,,,,,,,,
1994-602,Stratton Mountain,Hard,32,T2,,19940726,14,200360,,,Pam Shriver,R,183,USA,32.061,49,31,200632,,,Andrea Strnadova,,175,CZE,22.161,130,10,6-2 6-1,3,R32,,,,,,,,,,,,,,,,,,,
1994-602,Stratton Mountain,Hard,32,T2,,19940726,15,200723,5,,Iva Majoli,R,175,CRO,16.953,23,59,200548,,,Patty Fendick,R,165,USA,29.320,41,39,6-1 1-6 6-4,3,R32,,,,,,,,,,,,,,,,,,,
1994-602,Stratton Mountain,Hard,32,T2,,19940726,16,200649,7,,Ginger Helgeson,R,,USA,25.862,39,41,200648,,,Marketa Kochta,R,168,GER,19.034,45,32,6-2 6-0,3,R32,,,,,,,,,,,,,,,,,,,
1994-602,Stratton Mountain,Hard,32,T2,,19940726,17,200017,1,,Arantxa Sanchez Vicario,R,168,ESP,22.604,2,249,200708,,,Sandra Cacic,R,,USA,19.874,44,33,6-4 3-6 6-1,3,R16,,,,,,,,,,,,,,,,,,,
1994-602,Stratton Mountain,Hard,32,T2,,19940726,18,200624,,,Tami Whitlinger Jones,,,USA,25.698,86,17,200005,,,Jolene Watanabe,R,,USA,25.901,116,13,6-2 6-2,3,R16,,,,,,,,,,,,,,,,,,,
1994-602,Stratton Mountain,Hard,32,T2,,19940726,19,200597,3,,Mary Joe Fernandez,R,175,USA,22.935,11,92,200099,,Q,Sonya Jeyaseelan,R,157,CAN,18.254,193,6,6-1 6-0,3,R16,,,,,,,,,,,,,,,,,,,
1994-602,Stratton Mountain,Hard,32,T2,,19940726,20,200723,5,,Iva Majoli,R,175,CRO,16.953,23,59,200360,,,Pam Shriver,R,183,USA,32.061,49,31,6-1 6-2,3,R16,,,,,,,,,,,,,,,,,,,
1994-602,Stratton Mountain,Hard,32,T2,,19940726,21,200649,7,,Ginger Helgeson,R,,USA,25.862,39,41,200105,,,Rachel Mcquillan,,170,AUS,22.648,68,23,6-3 7-6,3,R16,,,,,,,,,,,,,,,,,,,
1994-602,Stratton Mountain,Hard,32,T2,,19940726,22,200064,4,,Amanda Coetzer,R,158,RSA,22.760,13,82,200727,,,Adriana Serra Zanetti,R,160,ITA,18.391,112,14,6-4 6-2,3,R16,,,,,,,,,,,,,,,,,,,
1994-602,Stratton Mountain,Hard,32,T2,,19940726,23,200501,,,Marianne Werdel Witmeyer,,,USA,26.774,53,29,201278,,Q,Angela Lettiere,,,USA,22.308,,,6-0 6-4,3,R16,,,,,,,,,,,,,,,,,,,
1994-602,Stratton Mountain,Hard,32,T2,,19940726,24,200049,2,,Conchita Martinez,R,170,ESP,22.276,3,220,200579,,,Karin Kschwendt,R,175,AUT,25.862,108,14,6-2 6-0,3,R16,,,,,,,,,,,,,,,,,,,
1994-602,Stratton Mountain,Hard,32,T2,,19940726,25,200017,1,,Arantxa Sanchez Vicario,R,168,ESP,22.604,2,249,200624,,,Tami Whitlinger Jones,,,USA,25.698,86,17,6-3 6-0,3,QF,,,,,,,,,,,,,,,,,,,
1994-602,Stratton Mountain,Hard,32,T2,,19940726,26,200723,5,,Iva Majoli,R,175,CRO,16.953,23,59,200597,3,,Mary Joe Fernandez,R,175,USA,22.935,11,92,6-3 5-7 7-6,3,QF,,,,,,,,,,,,,,,,,,,
1994-602,Stratton Mountain,Hard,32,T2,,19940726,27,200064,4,,Amanda Coetzer,R,158,RSA,22.760,13,82,200649,7,,Ginger Helgeson,R,,USA,25.862,39,41,6-3 6-4,3,QF,,,,,,,,,,,,,,,,,,,
1994-602,Stratton Mountain,Hard,32,T2,,19940726,28,200049,2,,Conchita Martinez,R,170,ESP,22.276,3,220,200501,,,Marianne Werdel Witmeyer,,,USA,26.774,53,29,6-0 6-4,3,QF,,,,,,,,,,,,,,,,,,,
1994-602,Stratton Mountain,Hard,32,T2,,19940726,29,200017,1,,Arantxa Sanchez Vicario,R,168,ESP,22.604,2,249,200723,5,,Iva Majoli,R,175,CRO,16.953,23,59,6-3 6-3,3,SF,,,,,,,,,,,,,,,,,,,
1994-602,Stratton Mountain,Hard,32,T2,,19940726,30,200049,2,,Conchita Martinez,R,170,ESP,22.276,3,220,200064,4,,Amanda Coetzer,R,158,RSA,22.760,13,82,6-4 6-4,3,SF,,,,,,,,,,,,,,,,,,,
1994-602,Stratton Mountain,Hard,32,T2,,19940726,31,200049,2,,Conchita Martinez,R,170,ESP,22.276,3,220,200017,1,,Arantxa Sanchez Vicario,R,168,ESP,22.604,2,249,4-6 6-3 6-4,3,F,,,,,,,,,,,,,,,,,,,
1994-408,San Diego,Hard,56,T2,,19940801,1,200021,,,Alexia Dechaume Balleret,R,,FRA,24.247,85,17,201926,,Q,Stephanie Reece,,,USA,24.272,,,6-2 6-2,3,R64,,,,,,,,,,,,,,,,,,,
1994-408,San Diego,Hard,56,T2,,19940801,2,200417,14,,Gigi Fernandez,,170,USA,30.440,51,30,200584,,,Laura Golarsa,R,165,ITA,26.678,95,16,6-4 6-2,3,R64,,,,,,,,,,,,,,,,,,,
1994-408,San Diego,Hard,56,T2,,19940801,3,200013,,,Angelica Gavaldon,R,,MEX,20.827,123,11,200057,,Q,Erika De Lone,R,,USA,21.796,210,5,2-6 7-5 6-4,3,R64,,,,,,,,,,,,,,,,,,,
1994-408,San Diego,Hard,56,T2,,19940801,4,200624,,,Tami Whitlinger Jones,,,USA,25.714,83,18,200439,,,Jenny Byrne,,,AUS,27.431,127,11,6-4 6-2,3,R64,,,,,,,,,,,,,,,,,,,
1994-408,San Diego,Hard,56,T2,,19940801,5,200105,,,Rachel Mcquillan,,170,AUS,22.664,65,23,200560,,,Rene Simpson,L,165,CAN,28.545,145,9,6-2 3-6 7-5,3,R64,,,,,,,,,,,,,,,,,,,
1994-408,San Diego,Hard,56,T2,,19940801,6,200392,,WC,Jo Durie,R,163,GBR,34.013,,,200659,,,Rika Hiraki,R,157,JPN,22.653,151,9,7-5 7-5,3,R64,,,,,,,,,,,,,,,,,,,
1994-408,San Diego,Hard,56,T2,,19940801,7,200723,9,,Iva Majoli,R,175,CRO,16.970,21,63,201061,,,Eva Martincova,,170,CZE,19.412,105,14,7-6 6-1,3,R64,,,,,,,,,,,,,,,,,,,
1994-408,San Diego,Hard,56,T2,,19940801,8,200649,11,,Ginger Helgeson,R,,USA,25.879,37,42,200593,,,Karine Quentrec,,,FRA,24.778,121,11,6-3 6-1,3,R64,,,,,,,,,,,,,,,,,,,
1994-408,San Diego,Hard,56,T2,,19940801,9,200464,,,Ann Henricksson,,,USA,34.752,179,6,201742,,Q,Susi Fortun Lohrmann,R,,GER,21.347,,,6-3 5-7,3,R64,,,,,,,,,,,,,,,,,,,
1994-408,San Diego,Hard,56,T2,,19940801,10,200681,,,Natalia Baudone,,,ITA,22.054,154,8,201923,,Q,Alix Creek,,,USA,21.775,223,5,6-3 7-5,3,R64,,,,,,,,,,,,,,,,,,,
1994-408,San Diego,Hard,56,T2,,19940801,11,200024,,Q,Maria Vento Kabchi,R,168,VEN,20.189,183,6,200099,,Q,Sonya Jeyaseelan,R,157,CAN,18.270,178,6,6-4 2-6 6-3,3,R64,,,,,,,,,,,,,,,,,,,
1994-408,San Diego,Hard,56,T2,,19940801,12,200632,,,Andrea Strnadova,,175,CZE,22.177,133,10,200704,,,Maria Jose Gaidano,,171,ARG,21.186,138,10,6-4 6-2,3,R64,,,,,,,,,,,,,,,,,,,
1994-408,San Diego,Hard,56,T2,,19940801,13,200491,,,Christina Singer,,176,GER,26.013,86,16,200107,,,Paola Suarez,R,170,ARG,18.106,101,15,6-4 1-6 6-3,3,R64,,,,,,,,,,,,,,,,,,,
1994-408,San Diego,Hard,56,T2,,19940801,14,200012,,Q,Jana Nejedly,R,175,CAN,20.146,146,9,200648,13,,Marketa Kochta,R,168,GER,19.050,46,32,6-3 5-7 6-3,3,R64,,,,,,,,,,,,,,,,,,,
1994-408,San Diego,Hard,56,T2,,19940801,15,200501,15,,Marianne Werdel Witmeyer,,,USA,26.790,49,30,200448,,WC,Sandy Collins,,178,USA,35.801,,,4-6 6-4 6-2,3,R64,,,,,,,,,,,,,,,,,,,
1994-408,San Diego,Hard,56,T2,,19940801,16,200005,,,Jolene Watanabe,R,,USA,25.917,118,12,200721,,Q,Hiromi Nagano,,,JPN,23.034,213,5,4-6 6-2 6-3,3,R64,,,,,,,,,,,,,,,,,,,
1994-408,San Diego,Hard,56,T2,,19940801,17,200016,,,Sandrine Testud,R,176,FRA,22.328,103,14,200579,,,Karin Kschwendt,R,175,AUT,25.879,98,15,6-1 6-2,3,R64,,,,,,,,,,,,,,,,,,,
1994-408,San Diego,Hard,56,T2,,19940801,18,200020,16,,Lisa Raymond,R,165,USA,20.975,53,29,200578,,,Rennae Stubbs,R,178,AUS,23.352,167,7,7-5 7-6,3,R64,,,,,,,,,,,,,,,,,,,
1994-408,San Diego,Hard,56,T2,,19940801,19,200612,10,,Natalia Medvedeva,R,176,UKR,22.711,33,46,200576,,LL,Nathalie Herreman,L,,FRA,28.346,190,6,6-0 6-2,3,R64,,,,,,,,,,,,,,,,,,,
1994-408,San Diego,Hard,56,T2,,19940801,20,201717,,,Michelle Jackson Nobrega,,,USA,20.592,176,7,200608,,,Audra Keller,,,USA,22.705,158,8,6-4 6-3,3,R64,,,,,,,,,,,,,,,,,,,
1994-408,San Diego,Hard,56,T2,,19940801,21,200048,,,Elena Likhovtseva,R,174,RUS,18.897,57,26,200689,,,Tessa Price,,,RSA,27.354,111,13,6-4 6-1,3,R64,,,,,,,,,,,,,,,,,,,
1994-408,San Diego,Hard,56,T2,,19940801,22,200638,,,Stephanie Rottier,,,NED,20.523,60,26,200727,,,Adriana Serra Zanetti,R,160,ITA,18.407,99,15,6-1 6-1,3,R64,,,,,,,,,,,,,,,,,,,
1994-408,San Diego,Hard,56,T2,,19940801,23,200010,,,Rita Grande,R,177,ITA,19.360,155,8,200416,,WC,Robin White,R,164,USA,30.643,272,3,6-4 6-7 6-3,3,R64,,,,,,,,,,,,,,,,,,,
1994-408,San Diego,Hard,56,T2,,19940801,24,200595,12,,Ann Grossman,,,USA,23.801,43,35,200599,,,Carrie Cunningham,,,USA,22.259,,,6-3 6-1,3,R64,,,,,,,,,,,,,,,,,,,
1994-408,San Diego,Hard,56,T2,,19940801,25,200414,1,,Steffi Graf,R,175,GER,25.131,1,365,200021,,,Alexia Dechaume Balleret,R,,FRA,24.247,85,17,6-0 6-1,3,R32,,,,,,,,,,,,,,,,,,,
1994-408,San Diego,Hard,56,T2,,19940801,26,200020,16,,Lisa Raymond,R,165,USA,20.975,53,29,200632,,,Andrea Strnadova,,175,CZE,22.177,133,10,6-3 6-1,3,R32,,,,,,,,,,,,,,,,,,,
1994-408,San Diego,Hard,56,T2,,19940801,27,200612,10,,Natalia Medvedeva,R,176,UKR,22.711,33,46,201717,,,Michelle Jackson Nobrega,,,USA,20.592,176,7,4-6 6-3 6-3,3,R32,,,,,,,,,,,,,,,,,,,
1994-408,San Diego,Hard,56,T2,,19940801,28,200112,6,,Julie Halard Decugis,R,173,FRA,23.891,18,68,200048,,,Elena Likhovtseva,R,174,RUS,18.897,57,26,1-6 6-2 6-0,3,R32,,,,,,,,,,,,,,,,,,,
1994-408,San Diego,Hard,56,T2,,19940801,29,200128,4,,Lindsay Davenport,R,189,USA,18.147,6,126,200638,,,Stephanie Rottier,,,NED,20.523,60,26,6-2 6-3,3,R32,,,,,,,,,,,,,,,,,,,
1994-408,San Diego,Hard,56,T2,,19940801,30,200595,12,,Ann Grossman,,,USA,23.801,43,35,200010,,,Rita Grande,R,177,ITA,19.360,155,8,6-3 6-1,3,R32,,,,,,,,,,,,,,,,,,,
1994-408,San Diego,Hard,56,T2,,19940801,31,200013,,,Angelica Gavaldon,R,,MEX,20.827,123,11,200417,14,,Gigi Fernandez,,170,USA,30.440,51,30,6-4 6-7 6-4,3,R32,,,,,,,,,,,,,,,,,,,
1994-408,San Diego,Hard,56,T2,,19940801,32,200624,,,Tami Whitlinger Jones,,,USA,25.714,83,18,200097,8,,Nathalie Tauziat,R,165,FRA,26.790,23,60,6-4 4-6 6-4,3,R32,,,,,,,,,,,,,,,,,,,
1994-408,San Diego,Hard,56,T2,,19940801,33,200539,5,,Jana Novotna,R,175,CZE,25.829,8,121,200105,,,Rachel Mcquillan,,170,AUS,22.664,65,23,6-4 6-2,3,R32,,,,,,,,,,,,,,,,,,,
1994-408,San Diego,Hard,56,T2,,19940801,34,200723,9,,Iva Majoli,R,175,CRO,16.970,21,63,200392,,WC,Jo Durie,R,163,GBR,34.013,,,6-2 2-6 7-5,3,R32,,,,,,,,,,,,,,,,,,,
1994-408,San Diego,Hard,56,T2,,19940801,35,200649,11,,Ginger Helgeson,R,,USA,25.879,37,42,200464,,,Ann Henricksson,,,USA,34.752,179,6,6-0 7-5,3,R32,,,,,,,,,,,,,,,,,,,
1994-408,San Diego,Hard,56,T2,,19940801,36,200049,3,,Conchita Martinez,R,170,ESP,22.292,3,223,200681,,,Natalia Baudone,,,ITA,22.054,154,8,6-0 6-4,3,R32,,,,,,,,,,,,,,,,,,,
1994-408,San Diego,Hard,56,T2,,19940801,37,200037,7,,Sabine Appelmans,L,168,BEL,22.276,20,64,200024,,Q,Maria Vento Kabchi,R,168,VEN,20.189,183,6,6-4 6-2,3,R32,,,,,,,,,,,,,,,,,,,
1994-408,San Diego,Hard,56,T2,,19940801,38,200491,,,Christina Singer,,176,GER,26.013,86,16,200012,,Q,Jana Nejedly,R,175,CAN,20.146,146,9,2-6 6-4 6-4,3,R32,,,,,,,,,,,,,,,,,,,
1994-408,San Diego,Hard,56,T2,,19940801,39,200501,15,,Marianne Werdel Witmeyer,,,USA,26.790,49,30,200005,,,Jolene Watanabe,R,,USA,25.917,118,12,7-6 2-6 7-5,3,R32,,,,,,,,,,,,,,,,,,,
1994-408,San Diego,Hard,56,T2,,19940801,40,200017,2,,Arantxa Sanchez Vicario,R,168,ESP,22.621,2,245,200016,,,Sandrine Testud,R,176,FRA,22.328,103,14,6-1 6-3,3,R32,,,,,,,,,,,,,,,,,,,
1994-408,San Diego,Hard,56,T2,,19940801,41,200414,1,,Steffi Graf,R,175,GER,25.131,1,365,200020,16,,Lisa Raymond,R,165,USA,20.975,53,29,6-7 6-2 6-2,3,R16,,,,,,,,,,,,,,,,,,,
1994-408,San Diego,Hard,56,T2,,19940801,42,200112,6,,Julie Halard Decugis,R,173,FRA,23.891,18,68,200612,10,,Natalia Medvedeva,R,176,UKR,22.711,33,46,6-2 6-3,3,R16,,,,,,,,,,,,,,,,,,,
1994-408,San Diego,Hard,56,T2,,19940801,43,200128,4,,Lindsay Davenport,R,189,USA,18.147,6,126,200595,12,,Ann Grossman,,,USA,23.801,43,35,6-1 6-2,3,R16,,,,,,,,,,,,,,,,,,,
1994-408,San Diego,Hard,56,T2,,19940801,44,200624,,,Tami Whitlinger Jones,,,USA,25.714,83,18,200013,,,Angelica Gavaldon,R,,MEX,20.827,123,11,6-2 3-0 RET,3,R16,,,,,,,,,,,,,,,,,,,
1994-408,San Diego,Hard,56,T2,,19940801,45,200539,5,,Jana Novotna,R,175,CZE,25.829,8,121,200723,9,,Iva Majoli,R,175,CRO,16.970,21,63,6-0 6-1,3,R16,,,,,,,,,,,,,,,,,,,
1994-408,San Diego,Hard,56,T2,,19940801,46,200049,3,,Conchita Martinez,R,170,ESP,22.292,3,223,200649,11,,Ginger Helgeson,R,,USA,25.879,37,42,6-4 6-3,3,R16,,,,,,,,,,,,,,,,,,,
1994-408,San Diego,Hard,56,T2,,19940801,47,200491,,,Christina Singer,,176,GER,26.013,86,16,200037,7,,Sabine Appelmans,L,168,BEL,22.276,20,64,6-4 6-0,3,R16,,,,,,,,,,,,,,,,,,,
1994-408,San Diego,Hard,56,T2,,19940801,48,200017,2,,Arantxa Sanchez Vicario,R,168,ESP,22.621,2,245,200501,15,,Marianne Werdel Witmeyer,,,USA,26.790,49,30,0-6 6-4 6-4,3,R16,,,,,,,,,,,,,,,,,,,
1994-408,San Diego,Hard,56,T2,,19940801,49,200414,1,,Steffi Graf,R,175,GER,25.131,1,365,200112,6,,Julie Halard Decugis,R,173,FRA,23.891,18,68,6-4 6-7 6-0,3,QF,,,,,,,,,,,,,,,,,,,
1994-408,San Diego,Hard,56,T2,,19940801,50,200624,,,Tami Whitlinger Jones,,,USA,25.714,83,18,200128,4,,Lindsay Davenport,R,189,USA,18.147,6,126,DEF,3,QF,,,,,,,,,,,,,,,,,,,
1994-408,San Diego,Hard,56,T2,,19940801,51,200049,3,,Conchita Martinez,R,170,ESP,22.292,3,223,200539,5,,Jana Novotna,R,175,CZE,25.829,8,121,6-1 6-2,3,QF,,,,,,,,,,,,,,,,,,,
1994-408,San Diego,Hard,56,T2,,19940801,52,200017,2,,Arantxa Sanchez Vicario,R,168,ESP,22.621,2,245,200491,,,Christina Singer,,176,GER,26.013,86,16,6-0 6-1,3,QF,,,,,,,,,,,,,,,,,,,
1994-408,San Diego,Hard,56,T2,,19940801,53,200414,1,,Steffi Graf,R,175,GER,25.131,1,365,200624,,,Tami Whitlinger Jones,,,USA,25.714,83,18,6-3 6-4,3,SF,,,,,,,,,,,,,,,,,,,
1994-408,San Diego,Hard,56,T2,,19940801,54,200017,2,,Arantxa Sanchez Vicario,R,168,ESP,22.621,2,245,200049,3,,Conchita Martinez,R,170,ESP,22.292,3,223,6-4 6-1,3,SF,,,,,,,,,,,,,,,,,,,
1994-408,San Diego,Hard,56,T2,,19940801,55,200414,1,,Steffi Graf,R,175,GER,25.131,1,365,200017,2,,Arantxa Sanchez Vicario,R,168,ESP,22.621,2,245,6-2 6-1,3,F,,,,,,,,,,,,,,,,,,,
1994-805,Manhattan Beach,Hard,56,T2,,19940808,1,200020,,,Lisa Raymond,R,165,USA,20.994,52,30,200010,,Q,Rita Grande,R,177,ITA,19.379,147,9,6-2 6-3,3,R64,,,,,,,,,,,,,,,,,,,
1994-805,Manhattan Beach,Hard,56,T2,,19940808,2,200704,,,Maria Jose Gaidano,,171,ARG,21.205,137,10,200648,14,,Marketa Kochta,R,168,GER,19.070,60,24,7-5 6-2,3,R64,,,,,,,,,,,,,,,,,,,
1994-805,Manhattan Beach,Hard,56,T2,,19940808,3,200016,,,Sandrine Testud,R,176,FRA,22.347,104,14,200485,,,Manon Bollegraf,R,173,NED,30.328,96,15,6-1 7-6,3,R64,,,,,,,,,,,,,,,,,,,
1994-805,Manhattan Beach,Hard,56,T2,,19940808,4,200624,,,Tami Whitlinger Jones,,,USA,25.734,62,23,200439,,,Jenny Byrne,,,AUS,27.450,133,10,6-2 6-3,3,R64,,,,,,,,,,,,,,,,,,,
1994-805,Manhattan Beach,Hard,56,T2,,19940808,5,201277,,WC,Anne Mall,R,,IRL,19.661,149,9,200107,,,Paola Suarez,R,170,ARG,18.125,106,14,7-5 6-3,3,R64,,,,,,,,,,,,,,,,,,,
1994-805,Manhattan Beach,Hard,56,T2,,19940808,6,200690,,,Kyoko Nagatsuka,,166,JPN,20.458,91,16,200606,,,Nana Smith,R,163,JPN,23.330,124,11,4-6 7-5 7-6,3,R64,,,,,,,,,,,,,,,,,,,
1994-805,Manhattan Beach,Hard,56,T2,,19940808,7,200013,,,Angelica Gavaldon,R,,MEX,20.846,114,13,200612,11,,Natalia Medvedeva,R,176,UKR,22.730,34,46,6-2 6-2,3,R64,,,,,,,,,,,,,,,,,,,
1994-805,Manhattan Beach,Hard,56,T2,,19940808,8,200660,15,,Kimberly Po Messerli,R,157,USA,22.801,43,34,200557,,Q,Katrina Adams,R,165,USA,26.007,164,7,6-3 6-2,3,R64,,,,,,,,,,,,,,,,,,,
1994-805,Manhattan Beach,Hard,56,T2,,19940808,9,201751,,Q,Melissa Mazzotta,,,USA,22.131,218,5,200105,,,Rachel Mcquillan,,170,AUS,22.684,65,23,6-4 7-5,3,R64,,,,,,,,,,,,,,,,,,,
1994-805,Manhattan Beach,Hard,56,T2,,19940808,10,200497,,,Patricia Hy Boulais,R,163,CAN,28.962,57,26,200959,,WC,Mareen Louie Harper,R,,USA,33.980,,,6-2 7-6,3,R64,,,,,,,,,,,,,,,,,,,
1994-805,Manhattan Beach,Hard,56,T2,,19940808,11,200669,,,Debbie Graham,R,183,USA,23.954,121,12,200681,,Q,Natalia Baudone,,,ITA,22.073,145,9,7-6 6-1,3,R64,,,,,,,,,,,,,,,,,,,
1994-805,Manhattan Beach,Hard,56,T2,,19940808,12,200048,,,Elena Likhovtseva,R,174,RUS,18.916,70,22,200417,,,Gigi Fernandez,,170,USA,30.459,51,30,6-4 6-1,3,R64,,,,,,,,,,,,,,,,,,,
1994-805,Manhattan Beach,Hard,56,T2,,19940808,13,200608,,,Audra Keller,,,USA,22.725,160,8,201061,,,Eva Martincova,,170,CZE,19.431,119,12,2-6 6-4 6-4,3,R64,,,,,,,,,,,,,,,,,,,
1994-805,Manhattan Beach,Hard,56,T2,,19940808,14,200097,9,,Nathalie Tauziat,R,165,FRA,26.810,23,60,200012,,Q,Jana Nejedly,R,175,CAN,20.165,129,10,6-3 6-4,3,R64,,,,,,,,,,,,,,,,,,,
1994-805,Manhattan Beach,Hard,56,T2,,19940808,15,200595,13,,Ann Grossman,,,USA,23.820,46,32,200689,,,Tessa Price,,,RSA,27.374,113,13,7-5 6-3,3,R64,,,,,,,,,,,,,,,,,,,
1994-805,Manhattan Beach,Hard,56,T2,,19940808,16,200084,,,Asa Carlsson,R,178,SWE,19.146,71,22,200560,,Q,Rene Simpson,L,165,CAN,28.565,151,9,4-6 6-1 6-0,3,R64,,,,,,,,,,,,,,,,,,,
1994-805,Manhattan Beach,Hard,56,T2,,19940808,17,200021,,,Alexia Dechaume Balleret,R,,FRA,24.266,83,18,200110,,Q,Fabiola Zuluaga,R,172,COL,15.584,,,6-3 6-1,3,R64,,,,,,,,,,,,,,,,,,,
1994-805,Manhattan Beach,Hard,56,T2,,19940808,18,200360,16,,Pam Shriver,R,183,USA,32.096,48,31,200057,,Q,Erika De Lone,R,,USA,21.816,196,5,7-6 7-5,3,R64,,,,,,,,,,,,,,,,,,,
1994-805,Manhattan Beach,Hard,56,T2,,19940808,19,200041,10,,Amy Frazier,R,175,USA,21.884,26,54,200632,,,Andrea Strnadova,,175,CZE,22.196,131,10,6-0 4-1 RET,3,R64,,,,,,,,,,,,,,,,,,,
1994-805,Manhattan Beach,Hard,56,T2,,19940808,20,200491,,,Christina Singer,,176,GER,26.032,75,20,200682,,,Joannette Kruger,R,179,RSA,20.929,67,23,7-5 7-5,3,R64,,,,,,,,,,,,,,,,,,,
1994-805,Manhattan Beach,Hard,56,T2,,19940808,21,200638,,,Stephanie Rottier,,,NED,20.543,58,25,200005,,,Jolene Watanabe,R,,USA,25.936,118,12,6-4 7-5,3,R64,,,,,,,,,,,,,,,,,,,
1994-805,Manhattan Beach,Hard,56,T2,,19940808,22,200579,,,Karin Kschwendt,R,175,AUT,25.898,98,14,200593,,,Karine Quentrec,,,FRA,24.797,128,11,3-6 6-2 6-1,3,R64,,,,,,,,,,,,,,,,,,,
1994-805,Manhattan Beach,Hard,56,T2,,19940808,23,200584,,,Laura Golarsa,R,165,ITA,26.697,94,15,200727,,,Adriana Serra Zanetti,R,160,ITA,18.426,103,14,6-2 6-4,3,R64,,,,,,,,,,,,,,,,,,,
1994-805,Manhattan Beach,Hard,56,T2,,19940808,24,200548,12,,Patty Fendick,R,165,USA,29.356,41,37,200679,,,Caroline Kuhlman,,,USA,27.954,76,20,6-4 7-6,3,R64,,,,,,,,,,,,,,,,,,,
1994-805,Manhattan Beach,Hard,56,T2,,19940808,25,200049,1,,Conchita Martinez,R,170,ESP,22.311,3,224,200020,,,Lisa Raymond,R,165,USA,20.994,52,30,6-0 3-6 6-1,3,R32,,,,,,,,,,,,,,,,,,,
1994-805,Manhattan Beach,Hard,56,T2,,19940808,26,200048,,,Elena Likhovtseva,R,174,RUS,18.916,70,22,200360,16,,Pam Shriver,R,183,USA,32.096,48,31,6-0 3-6 7-5,3,R32,,,,,,,,,,,,,,,,,,,
1994-805,Manhattan Beach,Hard,56,T2,,19940808,27,200041,10,,Amy Frazier,R,175,USA,21.884,26,54,200491,,,Christina Singer,,176,GER,26.032,75,20,6-1 6-2,3,R32,,,,,,,,,,,,,,,,,,,
1994-805,Manhattan Beach,Hard,56,T2,,19940808,28,200081,6,,Anke Huber,R,173,GER,19.677,14,81,200638,,,Stephanie Rottier,,,NED,20.543,58,25,6-2 6-1,3,R32,,,,,,,,,,,,,,,,,,,
1994-805,Manhattan Beach,Hard,56,T2,,19940808,29,200539,4,,Jana Novotna,R,175,CZE,25.849,8,118,200579,,,Karin Kschwendt,R,175,AUT,25.898,98,14,6-3 6-2,3,R32,,,,,,,,,,,,,,,,,,,
1994-805,Manhattan Beach,Hard,56,T2,,19940808,30,200548,12,,Patty Fendick,R,165,USA,29.356,41,37,200584,,,Laura Golarsa,R,165,ITA,26.697,94,15,3-6 6-4 6-1,3,R32,,,,,,,,,,,,,,,,,,,
1994-805,Manhattan Beach,Hard,56,T2,,19940808,31,200016,,,Sandrine Testud,R,176,FRA,22.347,104,14,200704,,,Maria Jose Gaidano,,171,ARG,21.205,137,10,6-3 6-3,3,R32,,,,,,,,,,,,,,,,,,,
1994-805,Manhattan Beach,Hard,56,T2,,19940808,32,200037,8,,Sabine Appelmans,L,168,BEL,22.295,20,62,200624,,,Tami Whitlinger Jones,,,USA,25.734,62,23,6-2 1-6 6-2,3,R32,,,,,,,,,,,,,,,,,,,
1994-805,Manhattan Beach,Hard,56,T2,,19940808,33,200112,7,,Julie Halard Decugis,R,173,FRA,23.910,18,68,201277,,WC,Anne Mall,R,,IRL,19.661,149,9,6-4 7-5,3,R32,,,,,,,,,,,,,,,,,,,
1994-805,Manhattan Beach,Hard,56,T2,,19940808,34,200013,,,Angelica Gavaldon,R,,MEX,20.846,114,13,200690,,,Kyoko Nagatsuka,,166,JPN,20.458,91,16,6-2 6-1,3,R32,,,,,,,,,,,,,,,,,,,
1994-805,Manhattan Beach,Hard,56,T2,,19940808,35,200660,15,,Kimberly Po Messerli,R,157,USA,22.801,43,34,201751,,Q,Melissa Mazzotta,,,USA,22.131,218,5,6-3 6-0,3,R32,,,,,,,,,,,,,,,,,,,
1994-805,Manhattan Beach,Hard,56,T2,,19940808,36,200497,,,Patricia Hy Boulais,R,163,CAN,28.962,57,26,200640,,LL,Mercedes Paz,R,180,ARG,28.116,159,8,6-0 6-4,3,R32,,,,,,,,,,,,,,,,,,,
1994-805,Manhattan Beach,Hard,56,T2,,19940808,37,200404,5,,Zina Garrison,R,164,USA,30.728,12,85,200669,,,Debbie Graham,R,183,USA,23.954,121,12,4-6 6-3 6-4,3,R32,,,,,,,,,,,,,,,,,,,
1994-805,Manhattan Beach,Hard,56,T2,,19940808,38,200097,9,,Nathalie Tauziat,R,165,FRA,26.810,23,60,200608,,,Audra Keller,,,USA,22.725,160,8,6-2 6-0,3,R32,,,,,,,,,,,,,,,,,,,
1994-805,Manhattan Beach,Hard,56,T2,,19940808,39,200595,13,,Ann Grossman,,,USA,23.820,46,32,200084,,,Asa Carlsson,R,178,SWE,19.146,71,22,5-7 6-3 6-4,3,R32,,,,,,,,,,,,,,,,,,,
1994-805,Manhattan Beach,Hard,56,T2,,19940808,40,200293,2,,Martina Navratilova,L,173,USA,37.805,4,172,200021,,,Alexia Dechaume Balleret,R,,FRA,24.266,83,18,6-3 3-6 7-6,3,R32,,,,,,,,,,,,,,,,,,,
1994-805,Manhattan Beach,Hard,56,T2,,19940808,41,200049,1,,Conchita Martinez,R,170,ESP,22.311,3,224,200048,,,Elena Likhovtseva,R,174,RUS,18.916,70,22,6-0 6-0,3,R16,,,,,,,,,,,,,,,,,,,
1994-805,Manhattan Beach,Hard,56,T2,,19940808,42,200041,10,,Amy Frazier,R,175,USA,21.884,26,54,200081,6,,Anke Huber,R,173,GER,19.677,14,81,6-0 7-5,3,R16,,,,,,,,,,,,,,,,,,,
1994-805,Manhattan Beach,Hard,56,T2,,19940808,43,200539,4,,Jana Novotna,R,175,CZE,25.849,8,118,200548,12,,Patty Fendick,R,165,USA,29.356,41,37,6-3 6-3,3,R16,,,,,,,,,,,,,,,,,,,
1994-805,Manhattan Beach,Hard,56,T2,,19940808,44,200037,8,,Sabine Appelmans,L,168,BEL,22.295,20,62,200016,,,Sandrine Testud,R,176,FRA,22.347,104,14,5-7 6-1 7-5,3,R16,,,,,,,,,,,,,,,,,,,
1994-805,Manhattan Beach,Hard,56,T2,,19940808,45,200112,7,,Julie Halard Decugis,R,173,FRA,23.910,18,68,200013,,,Angelica Gavaldon,R,,MEX,20.846,114,13,6-4 6-3,3,R16,,,,,,,,,,,,,,,,,,,
1994-805,Manhattan Beach,Hard,56,T2,,19940808,46,200497,,,Patricia Hy Boulais,R,163,CAN,28.962,57,26,200660,15,,Kimberly Po Messerli,R,157,USA,22.801,43,34,7-5 6-0,3,R16,,,,,,,,,,,,,,,,,,,
1994-805,Manhattan Beach,Hard,56,T2,,19940808,47,200404,5,,Zina Garrison,R,164,USA,30.728,12,85,200097,9,,Nathalie Tauziat,R,165,FRA,26.810,23,60,7-5 1-6 6-4,3,R16,,,,,,,,,,,,,,,,,,,
1994-805,Manhattan Beach,Hard,56,T2,,19940808,48,200595,13,,Ann Grossman,,,USA,23.820,46,32,200293,2,,Martina Navratilova,L,173,USA,37.805,4,172,4-6 7-5 6-4,3,R16,,,,,,,,,,,,,,,,,,,
1994-805,Manhattan Beach,Hard,56,T2,,19940808,49,200041,10,,Amy Frazier,R,175,USA,21.884,26,54,200049,1,,Conchita Martinez,R,170,ESP,22.311,3,224,6-4 7-6,3,QF,,,,,,,,,,,,,,,,,,,
1994-805,Manhattan Beach,Hard,56,T2,,19940808,50,200037,8,,Sabine Appelmans,L,168,BEL,22.295,20,62,200539,4,,Jana Novotna,R,175,CZE,25.849,8,118,6-4 4-6 6-4,3,QF,,,,,,,,,,,,,,,,,,,
1994-805,Manhattan Beach,Hard,56,T2,,19940808,51,200112,7,,Julie Halard Decugis,R,173,FRA,23.910,18,68,200497,,,Patricia Hy Boulais,R,163,CAN,28.962,57,26,3-6 6-2 6-4,3,QF,,,,,,,,,,,,,,,,,,,
1994-805,Manhattan Beach,Hard,56,T2,,19940808,52,200595,13,,Ann Grossman,,,USA,23.820,46,32,200404,5,,Zina Garrison,R,164,USA,30.728,12,85,3-6 7-6 6-2,3,QF,,,,,,,,,,,,,,,,,,,
1994-805,Manhattan Beach,Hard,56,T2,,19940808,53,200041,10,,Amy Frazier,R,175,USA,21.884,26,54,200037,8,,Sabine Appelmans,L,168,BEL,22.295,20,62,6-2 6-4,3,SF,,,,,,,,,,,,,,,,,,,
1994-805,Manhattan Beach,Hard,56,T2,,19940808,54,200595,13,,Ann Grossman,,,USA,23.820,46,32,200112,7,,Julie Halard Decugis,R,173,FRA,23.910,18,68,1-6 6-3 6-1,3,SF,,,,,,,,,,,,,,,,,,,
1994-805,Manhattan Beach,Hard,56,T2,,19940808,55,200041,10,,Amy Frazier,R,175,USA,21.884,26,54,200595,13,,Ann Grossman,,,USA,23.820,46,32,6-1 6-3,3,F,,,,,,,,,,,,,,,,,,,
1994-806,Toronto,Hard,56,T1,,19940815,1,200708,,,Sandra Cacic,R,,USA,19.929,41,38,200621,,Q,Isabelle Demongeot,R,,FRA,27.907,186,6,7-6 7-6,3,R64,,,,,,,,,,,,,,,,,,,
1994-806,Toronto,Hard,56,T1,,19940815,2,200482,,,Judith Wiesner,R,,AUT,28.455,32,48,200699,15,,Meredith Mcgrath,,,USA,23.300,27,53,6-2 6-2,3,R64,,,,,,,,,,,,,,,,,,,
1994-806,Toronto,Hard,56,T1,,19940815,3,200082,,,Kristie Boogert,R,178,NED,20.663,53,29,200608,,Q,Audra Keller,,,USA,22.744,161,7,6-3 6-1,3,R64,,,,,,,,,,,,,,,,,,,
1994-806,Toronto,Hard,56,T1,,19940815,4,200089,,,Miriam Oremans,R,169,NED,21.931,75,21,200362,,Q,Liz Smylie,R,170,AUS,31.346,158,8,6-2 6-1,3,R64,,,,,,,,,,,,,,,,,,,
1994-806,Toronto,Hard,56,T1,,19940815,5,200021,,Q,Alexia Dechaume Balleret,R,,FRA,24.285,81,19,200612,,,Natalia Medvedeva,R,176,UKR,22.749,36,43,6-0 3-6 6-4,3,R64,,,,,,,,,,,,,,,,,,,
1994-806,Toronto,Hard,56,T1,,19940815,6,200681,,Q,Natalia Baudone,,,ITA,22.092,153,8,200099,,WC,Sonya Jeyaseelan,R,157,CAN,18.308,189,6,7-6 6-0,3,R64,,,,,,,,,,,,,,,,,,,
1994-806,Toronto,Hard,56,T1,,19940815,7,200097,13,,Nathalie Tauziat,R,165,FRA,26.829,25,59,200705,,,Linda Ferrando,,170,ITA,28.589,59,24,6-3 6-1,3,R64,,,,,,,,,,,,,,,,,,,
1994-806,Toronto,Hard,56,T1,,19940815,8,200039,17,,Chanda Rubin,R,168,USA,18.489,29,49,200450,,,Larisa Savchenko,,169,URS,28.069,42,37,7-6 6-3,3,R64,,,,,,,,,,,,,,,,,,,
1994-806,Toronto,Hard,56,T1,,19940815,9,200040,,,Anna Smashnova,R,157,ISR,18.081,61,23,201275,,Q,Julie Steven,,,USA,18.308,178,7,6-3 6-3,3,R64,,,,,,,,,,,,,,,,,,,
1994-806,Toronto,Hard,56,T1,,19940815,10,200601,,,Leila Meskhi,R,164,GEO,26.610,31,48,200012,,WC,Jana Nejedly,R,175,CAN,20.184,134,10,6-2 6-4,3,R64,,,,,,,,,,,,,,,,,,,
1994-806,Toronto,Hard,56,T1,,19940815,11,200094,,,Barbara Rittner,R,173,GER,21.306,40,39,200442,,LL,Andrea Temesvari,R,182,HUN,28.304,121,11,6-1 6-3,3,R64,,,,,,,,,,,,,,,,,,,
1994-806,Toronto,Hard,56,T1,,19940815,12,200602,,,Shaun Stafford,R,180,USA,25.671,70,22,200051,,,Irina Spirlea,R,175,ROU,20.389,33,48,6-1 4-6 6-4,3,R64,,,,,,,,,,,,,,,,,,,
1994-806,Toronto,Hard,56,T1,,19940815,13,200627,,,Petra Schwarz,R,168,AUT,22.226,60,24,200560,,WC,Rene Simpson,L,165,CAN,28.584,145,9,0-6 6-3 6-2,3,R64,,,,,,,,,,,,,,,,,,,
1994-806,Toronto,Hard,56,T1,,19940815,14,200455,,,Katerina Maleeva,R,168,BUL,25.274,35,46,200026,16,,Florencia Labat,L,170,ARG,23.176,28,53,6-2 6-1,3,R64,,,,,,,,,,,,,,,,,,,
1994-806,Toronto,Hard,56,T1,,19940815,15,200723,12,,Iva Majoli,R,175,CRO,17.008,22,61,200668,,,Silke Frankl,,,GER,24.214,67,22,7-6 6-0,3,R64,,,,,,,,,,,,,,,,,,,
1994-806,Toronto,Hard,56,T1,,19940815,16,200048,,,Elena Likhovtseva,R,174,RUS,18.935,62,23,200649,,,Ginger Helgeson,R,,USA,25.917,38,42,3-6 6-1 6-2,3,R64,,,,,,,,,,,,,,,,,,,
1994-806,Toronto,Hard,56,T1,,19940815,17,200084,,,Asa Carlsson,R,178,SWE,19.165,72,22,200700,,,Silvia Farina Elia,R,172,ITA,22.300,56,27,6-3 6-2,3,R64,,,,,,,,,,,,,,,,,,,
1994-806,Toronto,Hard,56,T1,,19940815,18,200644,14,,Naoko Sawamatsu,R,167,JPN,21.397,26,58,200576,,Q,Nathalie Herreman,L,,FRA,28.384,203,5,7-5 6-1,3,R64,,,,,,,,,,,,,,,,,,,
1994-806,Toronto,Hard,56,T1,,19940815,19,200086,10,,Magdalena Maleeva,R,168,BUL,19.373,16,75,200682,,,Joannette Kruger,R,179,RSA,20.948,73,21,6-4 6-1,3,R64,,,,,,,,,,,,,,,,,,,
1994-806,Toronto,Hard,56,T1,,19940815,20,200653,,,Yayuk Basuki,R,164,INA,23.708,34,47,200497,,,Patricia Hy Boulais,R,163,CAN,28.981,54,29,7-5 6-4,3,R64,,,,,,,,,,,,,,,,,,,
1994-806,Toronto,Hard,56,T1,,19940815,21,200016,,Q,Sandrine Testud,R,176,FRA,22.366,96,15,200501,,,Marianne Werdel Witmeyer,,,USA,26.829,48,30,6-4 6-0,3,R64,,,,,,,,,,,,,,,,,,,
1994-806,Toronto,Hard,56,T1,,19940815,22,200105,,,Rachel Mcquillan,,170,AUS,22.703,65,23,200693,,,Elena Makarova,R,,RUS,21.534,57,26,6-2 7-6,3,R64,,,,,,,,,,,,,,,,,,,
1994-806,Toronto,Hard,56,T1,,19940815,23,200481,,,Elna Reinach,,,RSA,25.701,64,23,200559,,,Kristine Kunce,R,177,AUS,24.452,45,33,7-5 6-4,3,R64,,,,,,,,,,,,,,,,,,,
1994-806,Toronto,Hard,56,T1,,19940815,24,200669,18,,Debbie Graham,R,183,USA,23.973,109,13,200684,18,,Shi Ting Wang,R,171,TPE,20.822,30,48,6-4 3-6 6-4,3,R64,,,,,,,,,,,,,,,,,,,
1994-806,Toronto,Hard,56,T1,,19940815,25,200414,1,,Steffi Graf,R,175,GER,25.170,1,362,200708,,,Sandra Cacic,R,,USA,19.929,41,38,6-2 6-2,3,R32,,,,,,,,,,,,,,,,,,,
1994-806,Toronto,Hard,56,T1,,19940815,26,200644,14,,Naoko Sawamatsu,R,167,JPN,21.397,26,58,200602,,,Shaun Stafford,R,180,USA,25.671,70,22,6-2 5-7 6-3,3,R32,,,,,,,,,,,,,,,,,,,
1994-806,Toronto,Hard,56,T1,,19940815,27,200653,,,Yayuk Basuki,R,164,INA,23.708,34,47,200086,10,,Magdalena Maleeva,R,168,BUL,19.373,16,75,6-4 2-6 6-3,3,R32,,,,,,,,,,,,,,,,,,,
1994-806,Toronto,Hard,56,T1,,19940815,28,200572,5,,Gabriela Sabatini,R,175,ARG,24.250,10,106,200016,,Q,Sandrine Testud,R,176,FRA,22.366,96,15,6-1 6-3,3,R32,,,,,,,,,,,,,,,,,,,
1994-806,Toronto,Hard,56,T1,,19940815,29,200096,4,,Mary Pierce,R,178,FRA,19.582,5,135,200105,,,Rachel Mcquillan,,170,AUS,22.703,65,23,6-3 6-3,3,R32,,,,,,,,,,,,,,,,,,,
1994-806,Toronto,Hard,56,T1,,19940815,30,200481,,,Elna Reinach,,,RSA,25.701,64,23,200669,18,,Debbie Graham,R,183,USA,23.973,109,13,3-6 6-2 6-4,3,R32,,,,,,,,,,,,,,,,,,,
1994-806,Toronto,Hard,56,T1,,19940815,31,200482,,,Judith Wiesner,R,,AUT,28.455,32,48,200082,,,Kristie Boogert,R,178,NED,20.663,53,29,7-5 6-3,3,R32,,,,,,,,,,,,,,,,,,,
1994-806,Toronto,Hard,56,T1,,19940815,32,200089,,,Miriam Oremans,R,169,NED,21.931,75,21,200081,8,,Anke Huber,R,173,GER,19.697,14,78,6-3 6-1,3,R32,,,,,,,,,,,,,,,,,,,
1994-806,Toronto,Hard,56,T1,,19940815,33,200428,9,,Lori Mcneil,,170,USA,30.659,17,73,200021,,Q,Alexia Dechaume Balleret,R,,FRA,24.285,81,19,2-6 6-3 1-0 RET,3,R32,,,,,,,,,,,,,,,,,,,
1994-806,Toronto,Hard,56,T1,,19940815,34,200681,,Q,Natalia Baudone,,,ITA,22.092,153,8,200097,13,,Nathalie Tauziat,R,165,FRA,26.829,25,59,6-4 6-3,3,R32,,,,,,,,,,,,,,,,,,,
1994-806,Toronto,Hard,56,T1,,19940815,35,200040,,,Anna Smashnova,R,157,ISR,18.081,61,23,200039,17,,Chanda Rubin,R,168,USA,18.489,29,49,6-1 6-3,3,R32,,,,,,,,,,,,,,,,,,,
1994-806,Toronto,Hard,56,T1,,19940815,36,200617,3,,Kimiko Date Krumm,R,163,JPN,23.880,6,132,200601,,,Leila Meskhi,R,164,GEO,26.610,31,48,7-6 7-5,3,R32,,,,,,,,,,,,,,,,,,,
1994-806,Toronto,Hard,56,T1,,19940815,37,200064,7,,Amanda Coetzer,R,158,RSA,22.815,13,84,200094,,,Barbara Rittner,R,173,GER,21.306,40,39,5-7 6-4 6-2,3,R32,,,,,,,,,,,,,,,,,,,
1994-806,Toronto,Hard,56,T1,,19940815,38,200455,,,Katerina Maleeva,R,168,BUL,25.274,35,46,200627,,,Petra Schwarz,R,168,AUT,22.226,60,24,6-3 6-2,3,R32,,,,,,,,,,,,,,,,,,,
1994-806,Toronto,Hard,56,T1,,19940815,39,200048,,,Elena Likhovtseva,R,174,RUS,18.935,62,23,200723,12,,Iva Majoli,R,175,CRO,17.008,22,61,6-4 6-4,3,R32,,,,,,,,,,,,,,,,,,,
1994-806,Toronto,Hard,56,T1,,19940815,40,200017,3,,Arantxa Sanchez Vicario,R,168,ESP,22.659,2,251,200084,,,Asa Carlsson,R,178,SWE,19.165,72,22,6-4 6-2,3,R32,,,,,,,,,,,,,,,,,,,
1994-806,Toronto,Hard,56,T1,,19940815,41,200414,1,,Steffi Graf,R,175,GER,25.170,1,362,200644,14,,Naoko Sawamatsu,R,167,JPN,21.397,26,58,6-1 2-6 6-2,3,R16,,,,,,,,,,,,,,,,,,,
1994-806,Toronto,Hard,56,T1,,19940815,42,200572,5,,Gabriela Sabatini,R,175,ARG,24.250,10,106,200653,,,Yayuk Basuki,R,164,INA,23.708,34,47,6-1 6-4,3,R16,,,,,,,,,,,,,,,,,,,
1994-806,Toronto,Hard,56,T1,,19940815,43,200096,4,,Mary Pierce,R,178,FRA,19.582,5,135,200481,,,Elna Reinach,,,RSA,25.701,64,23,6-2 6-1,3,R16,,,,,,,,,,,,,,,,,,,
1994-806,Toronto,Hard,56,T1,,19940815,44,200482,,,Judith Wiesner,R,,AUT,28.455,32,48,200089,,,Miriam Oremans,R,169,NED,21.931,75,21,2-6 7-5 6-1,3,R16,,,,,,,,,,,,,,,,,,,
1994-806,Toronto,Hard,56,T1,,19940815,45,200681,,Q,Natalia Baudone,,,ITA,22.092,153,8,200428,9,,Lori Mcneil,,170,USA,30.659,17,73,6-7 6-2 6-4,3,R16,,,,,,,,,,,,,,,,,,,
1994-806,Toronto,Hard,56,T1,,19940815,46,200617,3,,Kimiko Date Krumm,R,163,JPN,23.880,6,132,200040,,,Anna Smashnova,R,157,ISR,18.081,61,23,4-6 6-2 6-1,3,R16,,,,,,,,,,,,,,,,,,,
1994-806,Toronto,Hard,56,T1,,19940815,47,200455,,,Katerina Maleeva,R,168,BUL,25.274,35,46,200064,7,,Amanda Coetzer,R,158,RSA,22.815,13,84,7-5 6-3,3,R16,,,,,,,,,,,,,,,,,,,
1994-806,Toronto,Hard,56,T1,,19940815,48,200017,3,,Arantxa Sanchez Vicario,R,168,ESP,22.659,2,251,200048,,,Elena Likhovtseva,R,174,RUS,18.935,62,23,6-0 6-4,3,R16,,,,,,,,,,,,,,,,,,,
1994-806,Toronto,Hard,56,T1,,19940815,49,200414,1,,Steffi Graf,R,175,GER,25.170,1,362,200572,5,,Gabriela Sabatini,R,175,ARG,24.250,10,106,7-5 6-0,3,QF,,,,,,,,,,,,,,,,,,,
1994-806,Toronto,Hard,56,T1,,19940815,50,200096,4,,Mary Pierce,R,178,FRA,19.582,5,135,200482,,,Judith Wiesner,R,,AUT,28.455,32,48,6-1 6-1,3,QF,,,,,,,,,,,,,,,,,,,
1994-806,Toronto,Hard,56,T1,,19940815,51,200617,3,,Kimiko Date Krumm,R,163,JPN,23.880,6,132,200681,,Q,Natalia Baudone,,,ITA,22.092,153,8,4-6 6-2 6-0,3,QF,,,,,,,,,,,,,,,,,,,
1994-806,Toronto,Hard,56,T1,,19940815,52,200017,3,,Arantxa Sanchez Vicario,R,168,ESP,22.659,2,251,200455,,,Katerina Maleeva,R,168,BUL,25.274,35,46,6-2 6-1,3,QF,,,,,,,,,,,,,,,,,,,
1994-806,Toronto,Hard,56,T1,,19940815,53,200414,1,,Steffi Graf,R,175,GER,25.170,1,362,200096,4,,Mary Pierce,R,178,FRA,19.582,5,135,6-3 6-4,3,SF,,,,,,,,,,,,,,,,,,,
1994-806,Toronto,Hard,56,T1,,19940815,54,200017,3,,Arantxa Sanchez Vicario,R,168,ESP,22.659,2,251,200617,3,,Kimiko Date Krumm,R,163,JPN,23.880,6,132,2-6 6-1 6-2,3,SF,,,,,,,,,,,,,,,,,,,
1994-806,Toronto,Hard,56,T1,,19940815,55,200017,3,,Arantxa Sanchez Vicario,R,168,ESP,22.659,2,251,200414,1,,Steffi Graf,R,175,GER,25.170,1,362,7-5 1-6 7-6,3,F,,,,,,,,,,,,,,,,,,,
1994-414,Schenectady,Hard,32,T3,,19940822,1,200064,1,,Amanda Coetzer,R,158,RSA,22.834,13,84,200076,,Q,Laurence Courtois,R,172,BEL,18.593,75,20,6-1 6-3,3,R32,,,,,,,,,,,,,,,,,,,
1994-414,Schenectady,Hard,32,T3,,19940822,2,200638,,,Stephanie Rottier,,,NED,20.581,62,25,200082,,,Kristie Boogert,R,178,NED,20.682,53,29,4-6 6-4 6-2,3,R32,,,,,,,,,,,,,,,,,,,
1994-414,Schenectady,Hard,32,T3,,19940822,3,200693,,,Elena Makarova,R,,RUS,21.553,61,25,200649,,,Ginger Helgeson,R,,USA,25.936,38,41,6-0 6-4,3,R32,,,,,,,,,,,,,,,,,,,
1994-414,Schenectady,Hard,32,T3,,19940822,4,200097,4,,Nathalie Tauziat,R,165,FRA,26.848,26,55,200095,,,Linda Wild,R,,USA,23.527,39,41,6-1 6-4,3,R32,,,,,,,,,,,,,,,,,,,
1994-414,Schenectady,Hard,32,T3,,19940822,5,200482,8,,Judith Wiesner,R,,AUT,28.474,29,51,200006,,,Karina Habsudova,R,170,SVK,21.055,54,28,6-3 6-1,3,R32,,,,,,,,,,,,,,,,,,,
1994-414,Schenectady,Hard,32,T3,,19940822,6,200665,,Q,Yone Kamio,R,164,JPN,22.749,88,17,201278,,WC,Angela Lettiere,,,USA,22.382,269,3,6-2 6-2,3,R32,,,,,,,,,,,,,,,,,,,
1994-414,Schenectady,Hard,32,T3,,19940822,7,200089,,,Miriam Oremans,R,169,NED,21.950,65,23,200035,,WC,Maria Sanchez Lorenzo,R,171,ESP,16.789,126,11,5-7 7-6(4) 6-3,3,R32,,,,,,,,,,,,,,,,,,,
1994-414,Schenectady,Hard,32,T3,,19940822,8,200094,,,Barbara Rittner,R,173,GER,21.326,40,40,200651,2,,Sabine Hack,,170,GER,25.112,14,77,6-4 7-5,3,R32,,,,,,,,,,,,,,,,,,,
1994-414,Schenectady,Hard,32,T3,,19940822,9,200481,,,Elna Reinach,,,RSA,25.720,58,26,200705,,,Linda Ferrando,,170,ITA,28.608,81,19,6-1 6-2,3,R32,,,,,,,,,,,,,,,,,,,
1994-414,Schenectady,Hard,32,T3,,19940822,10,200669,,,Debbie Graham,R,183,USA,23.992,90,16,200675,,Q,Eugenia Maniokova,R,178,RUS,26.265,111,13,7-6 2-6 6-1,3,R32,,,,,,,,,,,,,,,,,,,
1994-414,Schenectady,Hard,32,T3,,19940822,11,200684,6,,Shi Ting Wang,R,171,TPE,20.841,35,45,200105,,,Rachel Mcquillan,,170,AUS,22.722,63,24,6-1 2-6 6-2,3,R32,,,,,,,,,,,,,,,,,,,
1994-414,Schenectady,Hard,32,T3,,19940822,12,200112,3,,Julie Halard Decugis,R,173,FRA,23.948,20,69,200360,,,Pam Shriver,R,183,USA,32.135,49,30,4-6 6-4 7-5,3,R32,,,,,,,,,,,,,,,,,,,
1994-414,Schenectady,Hard,32,T3,,19940822,13,200450,,,Larisa Savchenko,,169,URS,28.088,43,37,200084,,,Asa Carlsson,R,178,SWE,19.185,70,22,4-6 6-1 6-3,3,R32,,,,,,,,,,,,,,,,,,,
1994-414,Schenectady,Hard,32,T3,,19940822,14,200612,,,Natalia Medvedeva,R,176,UKR,22.768,37,42,200576,,Q,Nathalie Herreman,L,,FRA,28.403,193,6,5-7 6-2 6-1,3,R32,,,,,,,,,,,,,,,,,,,
1994-414,Schenectady,Hard,32,T3,,19940822,15,200602,,,Shaun Stafford,R,180,USA,25.690,66,23,200601,7,,Leila Meskhi,R,164,GEO,26.629,34,46,6-4 6-4,3,R32,,,,,,,,,,,,,,,,,,,
1994-414,Schenectady,Hard,32,T3,,19940822,16,200501,,,Marianne Werdel Witmeyer,,,USA,26.848,52,29,200699,5,,Meredith Mcgrath,,,USA,23.319,27,53,6-3 7-5,3,R32,,,,,,,,,,,,,,,,,,,
1994-414,Schenectady,Hard,32,T3,,19940822,17,200064,1,,Amanda Coetzer,R,158,RSA,22.834,13,84,200481,,,Elna Reinach,,,RSA,25.720,58,26,6-3 3-6 6-3,3,R16,,,,,,,,,,,,,,,,,,,
1994-414,Schenectady,Hard,32,T3,,19940822,18,200684,6,,Shi Ting Wang,R,171,TPE,20.841,35,45,200669,,,Debbie Graham,R,183,USA,23.992,90,16,6-1 6-1,3,R16,,,,,,,,,,,,,,,,,,,
1994-414,Schenectady,Hard,32,T3,,19940822,19,200450,,,Larisa Savchenko,,169,URS,28.088,43,37,200112,3,,Julie Halard Decugis,R,173,FRA,23.948,20,69,6-7 7-6 6-4,3,R16,,,,,,,,,,,,,,,,,,,
1994-414,Schenectady,Hard,32,T3,,19940822,20,200612,,,Natalia Medvedeva,R,176,UKR,22.768,37,42,200602,,,Shaun Stafford,R,180,USA,25.690,66,23,3-6 6-1 7-5,3,R16,,,,,,,,,,,,,,,,,,,
1994-414,Schenectady,Hard,32,T3,,19940822,21,200638,,,Stephanie Rottier,,,NED,20.581,62,25,200501,,,Marianne Werdel Witmeyer,,,USA,26.848,52,29,6-2 5-7 7-5,3,R16,,,,,,,,,,,,,,,,,,,
1994-414,Schenectady,Hard,32,T3,,19940822,22,200097,4,,Nathalie Tauziat,R,165,FRA,26.848,26,55,200693,,,Elena Makarova,R,,RUS,21.553,61,25,6-3 6-4,3,R16,,,,,,,,,,,,,,,,,,,
1994-414,Schenectady,Hard,32,T3,,19940822,23,200482,8,,Judith Wiesner,R,,AUT,28.474,29,51,200665,,Q,Yone Kamio,R,164,JPN,22.749,88,17,6-3 6-1,3,R16,,,,,,,,,,,,,,,,,,,
1994-414,Schenectady,Hard,32,T3,,19940822,24,200094,,,Barbara Rittner,R,173,GER,21.326,40,40,200089,,,Miriam Oremans,R,169,NED,21.950,65,23,6-2 6-3,3,R16,,,,,,,,,,,,,,,,,,,
1994-414,Schenectady,Hard,32,T3,,19940822,25,200064,1,,Amanda Coetzer,R,158,RSA,22.834,13,84,200684,6,,Shi Ting Wang,R,171,TPE,20.841,35,45,6-7 6-3 6-3,3,QF,,,,,,,,,,,,,,,,,,,
1994-414,Schenectady,Hard,32,T3,,19940822,26,200450,,,Larisa Savchenko,,169,URS,28.088,43,37,200612,,,Natalia Medvedeva,R,176,UKR,22.768,37,42,3-6 7-5 7-5,3,QF,,,,,,,,,,,,,,,,,,,
1994-414,Schenectady,Hard,32,T3,,19940822,27,200097,4,,Nathalie Tauziat,R,165,FRA,26.848,26,55,200638,,,Stephanie Rottier,,,NED,20.581,62,25,6-3 6-1,3,QF,,,,,,,,,,,,,,,,,,,
1994-414,Schenectady,Hard,32,T3,,19940822,28,200482,8,,Judith Wiesner,R,,AUT,28.474,29,51,200094,,,Barbara Rittner,R,173,GER,21.326,40,40,7-6 6-1,3,QF,,,,,,,,,,,,,,,,,,,
1994-414,Schenectady,Hard,32,T3,,19940822,29,200450,,,Larisa Savchenko,,169,URS,28.088,43,37,200064,1,,Amanda Coetzer,R,158,RSA,22.834,13,84,6-3 6-4,3,SF,,,,,,,,,,,,,,,,,,,
1994-414,Schenectady,Hard,32,T3,,19940822,30,200482,8,,Judith Wiesner,R,,AUT,28.474,29,51,200097,4,,Nathalie Tauziat,R,165,FRA,26.848,26,55,4-6 6-3 6-3,3,SF,,,,,,,,,,,,,,,,,,,
1994-414,Schenectady,Hard,32,T3,,19940822,31,200482,8,,Judith Wiesner,R,,AUT,28.474,29,51,200450,,,Larisa Savchenko,,169,URS,28.088,43,37,7-5 3-6 6-4,3,F,,,,,,,,,,,,,,,,,,,
1994-905,US Open,Hard,128,G,,19940829,1,200414,1,,Steffi Graf,R,175,GER,25.208,1,358,201277,,WC,Anne Mall,R,,IRL,19.718,139,9,6-2 6-1,3,R128,,,,,,,,,,,,,,,,,,,
1994-905,US Open,Hard,128,G,,19940829,2,200675,,,Eugenia Maniokova,R,178,RUS,26.284,107,14,200472,,,Helen Kelesi,R,,CAN,24.786,73,20,4-6 6-2 2-0 RET,3,R128,,,,,,,,,,,,,,,,,,,
1994-905,US Open,Hard,128,G,,19940829,3,200501,,,Marianne Werdel Witmeyer,,,USA,26.867,50,29,200718,,,Ludmila Richterova,,180,CZE,17.479,88,17,6-3 2-6 6-4,3,R128,,,,,,,,,,,,,,,,,,,
1994-905,US Open,Hard,128,G,,19940829,4,200715,,Q,Mariaan De Swardt,R,177,RSA,23.450,178,7,200653,,,Yayuk Basuki,R,164,INA,23.746,30,52,6-3 6-4,3,R128,,,,,,,,,,,,,,,,,,,
1994-905,US Open,Hard,128,G,,19940829,5,200112,,,Julie Halard Decugis,R,173,FRA,23.968,20,67,200569,,,Petra Langrova,,,TCH,24.173,84,18,6-1 3-6 6-2,3,R128,,,,,,,,,,,,,,,,,,,
1994-905,US Open,Hard,128,G,,19940829,6,200676,,,Mana Endo,R,160,JPN,23.560,44,33,200624,,,Tami Whitlinger Jones,,,USA,25.791,65,23,6-4 7-6,3,R128,,,,,,,,,,,,,,,,,,,
1994-905,US Open,Hard,128,G,,19940829,7,200360,,,Pam Shriver,R,183,USA,32.154,52,28,200607,,,Beate Reinstadler,,168,AUT,27.278,101,15,7-6 6-4,3,R128,,,,,,,,,,,,,,,,,,,
1994-905,US Open,Hard,128,G,,19940829,8,200128,6,,Lindsay Davenport,R,189,USA,18.224,7,128,200692,,,Marzia Grossi,,,ITA,23.990,204,5,6-1 6-1,3,R128,,,,,,,,,,,,,,,,,,,
1994-905,US Open,Hard,128,G,,19940829,9,200096,4,,Mary Pierce,R,178,FRA,19.620,5,135,200442,,Q,Andrea Temesvari,R,182,HUN,28.343,127,11,6-3 6-2,3,R128,,,,,,,,,,,,,,,,,,,
1994-905,US Open,Hard,128,G,,19940829,10,200703,,,Katarina Studenikova,R,172,SVK,21.988,103,15,200669,,,Debbie Graham,R,183,USA,24.011,90,17,6-3 3-6 6-4,3,R128,,,,,,,,,,,,,,,,,,,
1994-905,US Open,Hard,128,G,,19940829,11,200679,,,Caroline Kuhlman,,,USA,28.012,75,20,200668,,,Silke Frankl,,,GER,24.252,71,21,6-3 6-1,3,R128,,,,,,,,,,,,,,,,,,,
1994-905,US Open,Hard,128,G,,19940829,12,200708,,,Sandra Cacic,R,,USA,19.968,41,37,200106,,,Angeles Montolio,R,157,ESP,19.064,115,13,7-5 6-3,3,R128,,,,,,,,,,,,,,,,,,,
1994-905,US Open,Hard,128,G,,19940829,13,200482,,,Judith Wiesner,R,,AUT,28.493,24,61,200707,,,Romana Tedjakusuma,R,,INA,18.098,114,13,6-2 6-0,3,R128,,,,,,,,,,,,,,,,,,,
1994-905,US Open,Hard,128,G,,19940829,14,200723,,,Iva Majoli,R,175,CRO,17.046,23,62,200647,,,Noelle Van Lottum,,170,FRA,22.131,102,15,6-1 2-0 RET,3,R128,,,,,,,,,,,,,,,,,,,
1994-905,US Open,Hard,128,G,,19940829,15,200481,,,Elna Reinach,,,RSA,25.739,62,26,200494,,Q,Dianne Van Rensburg,R,,RSA,26.487,177,7,6-3 2-6 6-4,3,R128,,,,,,,,,,,,,,,,,,,
1994-905,US Open,Hard,128,G,,19940829,16,200522,,,Nicole Jagerman,R,179,NED,27.103,95,16,200697,,,Janette Husarova,R,169,SVK,20.236,96,16,7-5 6-1,3,R128,,,,,,,,,,,,,,,,,,,
1994-905,US Open,Hard,128,G,,19940829,17,200040,,,Anna Smashnova,R,157,ISR,18.119,54,28,200428,13,,Lori Mcneil,,170,USA,30.697,15,73,6-2 6-4,3,R128,,,,,,,,,,,,,,,,,,,
1994-905,US Open,Hard,128,G,,19940829,18,200086,15,,Magdalena Maleeva,R,168,BUL,19.412,17,71,200039,,,Chanda Rubin,R,168,USA,18.527,29,52,6-3 6-3,3,R128,,,,,,,,,,,,,,,,,,,
1994-905,US Open,Hard,128,G,,19940829,19,200059,,,Ruxandra Dragomir Ilie,R,168,ROU,21.846,89,17,200082,,,Kristie Boogert,R,178,NED,20.701,57,28,7-5 6-2,3,R128,,,,,,,,,,,,,,,,,,,
1994-905,US Open,Hard,128,G,,19940829,20,200095,,,Linda Wild,R,,USA,23.546,38,40,200727,,,Adriana Serra Zanetti,R,160,ITA,18.484,112,13,6-0 6-4,3,R128,,,,,,,,,,,,,,,,,,,
1994-905,US Open,Hard,128,G,,19940829,21,200602,,,Shaun Stafford,R,180,USA,25.709,66,23,200644,,,Naoko Sawamatsu,R,167,JPN,21.435,26,57,2-6 7-6 6-4,3,R128,,,,,,,,,,,,,,,,,,,
1994-905,US Open,Hard,128,G,,19940829,22,200013,,,Angelica Gavaldon,R,,MEX,20.904,122,11,200674,,,Bettina Fulco,R,,ARG,25.849,98,15,7-5 7-6,3,R128,,,,,,,,,,,,,,,,,,,
1994-905,US Open,Hard,128,G,,19940829,23,200469,,WC,Nicole Bradtke,R,176,AUS,24.934,244,4,200005,,,Jolene Watanabe,R,,USA,25.994,121,12,6-3 6-4,3,R128,,,,,,,,,,,,,,,,,,,
1994-905,US Open,Hard,128,G,,19940829,24,200497,,,Patricia Hy Boulais,R,163,CAN,29.019,51,29,200026,,,Florencia Labat,L,170,ARG,23.215,28,53,6-1 7-6,3,R128,,,,,,,,,,,,,,,,,,,
1994-905,US Open,Hard,128,G,,19940829,25,200006,,,Karina Habsudova,R,170,SVK,21.074,53,28,200080,,,Dominique Monami,R,170,BEL,21.246,76,20,6-3 6-2,3,R128,,,,,,,,,,,,,,,,,,,
1994-905,US Open,Hard,128,G,,19940829,26,200539,7,,Jana Novotna,R,175,CZE,25.906,8,119,200693,,,Elena Makarova,R,,RUS,21.572,58,27,7-5 7-5,3,R128,,,,,,,,,,,,,,,,,,,
1994-905,US Open,Hard,128,G,,19940829,27,200572,8,,Gabriela Sabatini,R,175,ARG,24.288,10,109,200450,,,Larisa Savchenko,,169,URS,28.107,43,35,6-0 6-1,3,R128,,,,,,,,,,,,,,,,,,,
1994-905,US Open,Hard,128,G,,19940829,28,200699,,,Meredith Mcgrath,,,USA,23.338,32,50,200689,,,Tessa Price,,,RSA,27.431,117,12,6-1 6-2,3,R128,,,,,,,,,,,,,,,,,,,
1994-905,US Open,Hard,128,G,,19940829,29,200530,,,Radomira Zrubakova,R,169,SVK,23.675,100,15,200641,,,Patricia Tarabini,R,165,ARG,26.062,108,13,6-2 6-2,3,R128,,,,,,,,,,,,,,,,,,,
1994-905,US Open,Hard,128,G,,19940829,30,200621,,Q,Isabelle Demongeot,R,,FRA,27.946,182,6,200724,,Q,Lea Ghirardi,R,173,FRA,20.548,167,7,6-2 6-3,3,R128,,,,,,,,,,,,,,,,,,,
1994-905,US Open,Hard,128,G,,19940829,31,200700,,,Silvia Farina Elia,R,172,ITA,22.339,60,26,200031,,WC,Meilen Tu,R,163,USA,16.614,,,7-5 6-7 6-1,3,R128,,,,,,,,,,,,,,,,,,,
1994-905,US Open,Hard,128,G,,19940829,32,200048,,,Elena Likhovtseva,R,174,RUS,18.974,59,26,200682,,,Joannette Kruger,R,179,RSA,20.986,79,20,6-2 6-4,3,R128,,,,,,,,,,,,,,,,,,,
1994-905,US Open,Hard,128,G,,19940829,33,200612,,,Natalia Medvedeva,R,176,UKR,22.788,42,37,200032,,,Barbara Schett,R,176,AUT,18.470,91,17,4-6 6-2 7-6,3,R128,,,,,,,,,,,,,,,,,,,
1994-905,US Open,Hard,128,G,,19940829,34,200657,,,Radka Bobkova,R,172,CZE,21.542,109,13,200660,,,Kimberly Po Messerli,R,157,USA,22.859,49,30,3-6 7-5 7-6,3,R128,,,,,,,,,,,,,,,,,,,
1994-905,US Open,Hard,128,G,,19940829,35,200041,16,,Amy Frazier,R,175,USA,21.942,19,70,200105,,,Rachel Mcquillan,,170,AUS,22.741,64,24,6-0 6-3,3,R128,,,,,,,,,,,,,,,,,,,
1994-905,US Open,Hard,128,G,,19940829,36,200417,,,Gigi Fernandez,,170,USA,30.517,48,30,200651,12,,Sabine Hack,,170,GER,25.131,14,76,6-2 2-6 7-6,3,R128,,,,,,,,,,,,,,,,,,,
1994-905,US Open,Hard,128,G,,19940829,37,200016,,,Sandrine Testud,R,176,FRA,22.404,93,16,200634,,Q,Elena Brioukhovets,,,UKR,23.226,120,12,7-5 7-5,3,R128,,,,,,,,,,,,,,,,,,,
1994-905,US Open,Hard,128,G,,19940829,38,200684,,,Shi Ting Wang,R,171,TPE,20.860,34,47,200658,,,Fang Li,R,166,CHN,21.657,77,20,7-5 6-4,3,R128,,,,,,,,,,,,,,,,,,,
1994-905,US Open,Hard,128,G,,19940829,39,200690,,,Kyoko Nagatsuka,,166,JPN,20.515,87,17,200686,,,Sandra Dopfer,,174,AUT,24.263,70,21,6-1 6-3,3,R128,,,,,,,,,,,,,,,,,,,
1994-905,US Open,Hard,128,G,,19940829,40,200649,,,Ginger Helgeson,R,,USA,25.955,40,38,200579,,,Karin Kschwendt,R,175,AUT,25.955,104,14,6-2 6-1,3,R128,,,,,,,,,,,,,,,,,,,
1994-905,US Open,Hard,128,G,,19940829,41,200084,,,Asa Carlsson,R,178,SWE,19.204,82,19,200726,,,Nancy Feber,L,160,BEL,18.563,113,13,4-6 6-1 6-2,3,R128,,,,,,,,,,,,,,,,,,,
1994-905,US Open,Hard,128,G,,19940829,42,200655,,,Nicole Arendt,L,177,USA,25.008,85,18,200542,,,Clare Wood,R,,GBR,26.476,80,20,6-2 7-6,3,R128,,,,,,,,,,,,,,,,,,,
1994-905,US Open,Hard,128,G,,19940829,43,200049,3,,Conchita Martinez,R,170,ESP,22.369,3,215,200570,,,Veronika Martinek,,160,GER,22.404,92,17,6-1 6-0,3,R128,,,,,,,,,,,,,,,,,,,
1994-905,US Open,Hard,128,G,,19940829,44,200617,5,,Kimiko Date Krumm,R,163,JPN,23.918,6,132,200659,,Q,Rika Hiraki,R,157,JPN,22.730,152,8,6-0 6-2,3,R128,,,,,,,,,,,,,,,,,,,
1994-905,US Open,Hard,128,G,,19940829,45,200704,,Q,Maria Jose Gaidano,,171,ARG,21.263,134,10,201278,,WC,Angela Lettiere,,,USA,22.402,264,3,6-1 7-6,3,R128,,,,,,,,,,,,,,,,,,,
1994-905,US Open,Hard,128,G,,19940829,46,200665,,,Yone Kamio,R,164,JPN,22.768,86,18,200584,,,Laura Golarsa,R,165,ITA,26.755,99,15,6-4 6-4,3,R128,,,,,,,,,,,,,,,,,,,
1994-905,US Open,Hard,128,G,,19940829,47,200019,,,Alexandra Fusai,R,176,FRA,20.767,78,20,200554,,,Brenda Schultz Mccarthy,R,188,NED,23.669,22,63,6-4 6-3,3,R128,,,,,,,,,,,,,,,,,,,
1994-905,US Open,Hard,128,G,,19940829,48,200020,,,Lisa Raymond,R,165,USA,21.052,47,31,200599,,WC,Carrie Cunningham,,,USA,22.336,,,7-6 6-4,3,R128,,,,,,,,,,,,,,,,,,,
1994-905,US Open,Hard,128,G,,19940829,49,200094,,,Barbara Rittner,R,173,GER,21.345,35,44,200485,,,Manon Bollegraf,R,173,NED,30.385,105,14,6-2 6-1,3,R128,,,,,,,,,,,,,,,,,,,
1994-905,US Open,Hard,128,G,,19940829,50,200626,,,Emanuela Zardo,L,,SUI,24.348,72,20,201061,,,Eva Martincova,,170,CZE,19.488,124,11,6-3 6-0,3,R128,,,,,,,,,,,,,,,,,,,
1994-905,US Open,Hard,128,G,,19940829,51,200601,,,Leila Meskhi,R,164,GEO,26.648,37,43,200085,,,Ai Sugiyama,R,163,JPN,19.152,110,13,6-1 6-4,3,R128,,,,,,,,,,,,,,,,,,,
1994-905,US Open,Hard,128,G,,19940829,52,200081,14,,Anke Huber,R,173,GER,19.735,16,72,200051,,,Irina Spirlea,R,175,ROU,20.428,33,47,6-4 6-2,3,R128,,,,,,,,,,,,,,,,,,,
1994-905,US Open,Hard,128,G,,19940829,53,200597,9,,Mary Joe Fernandez,R,175,USA,23.029,11,90,200037,,,Sabine Appelmans,L,168,BEL,22.352,21,67,6-4 6-3,3,R128,,,,,,,,,,,,,,,,,,,
1994-905,US Open,Hard,128,G,,19940829,54,200548,,,Patty Fendick,R,165,USA,29.413,39,39,200557,,WC,Katrina Adams,R,165,USA,26.065,157,8,6-7 6-4 6-3,3,R128,,,,,,,,,,,,,,,,,,,
1994-905,US Open,Hard,128,G,,19940829,55,200595,,,Ann Grossman,,,USA,23.877,36,44,200491,,,Christina Singer,,176,GER,26.090,74,20,6-3 6-4,3,R128,,,,,,,,,,,,,,,,,,,
1994-905,US Open,Hard,128,G,,19940829,56,200021,,,Alexia Dechaume Balleret,R,,FRA,24.324,68,22,200089,,,Miriam Oremans,R,169,NED,21.969,63,24,6-4 6-3,3,R128,,,,,,,,,,,,,,,,,,,
1994-905,US Open,Hard,128,G,,19940829,57,200455,,,Katerina Maleeva,R,168,BUL,25.312,31,51,200648,,,Marketa Kochta,R,168,GER,19.127,69,22,6-1 6-2,3,R128,,,,,,,,,,,,,,,,,,,
1994-905,US Open,Hard,128,G,,19940829,58,200725,,,Sandra Cecchini,R,170,ITA,29.501,45,33,200587,,,Silke Meier,,,GER,26.128,94,16,6-3 6-1,3,R128,,,,,,,,,,,,,,,,,,,
1994-905,US Open,Hard,128,G,,19940829,59,200608,,WC,Audra Keller,,,USA,22.782,158,8,200076,,,Laurence Courtois,R,172,BEL,18.612,81,20,6-1 6-3,3,R128,,,,,,,,,,,,,,,,,,,
1994-905,US Open,Hard,128,G,,19940829,60,200097,,,Nathalie Tauziat,R,165,FRA,26.867,27,55,200638,,,Stephanie Rottier,,,NED,20.600,55,28,7-5 2-6 7-5,3,R128,,,,,,,,,,,,,,,,,,,
1994-905,US Open,Hard,128,G,,19940829,61,200017,2,,Arantxa Sanchez Vicario,R,168,ESP,22.697,2,263,200705,,,Linda Ferrando,,170,ITA,28.628,83,19,7-5 6-1,3,R128,,,,,,,,,,,,,,,,,,,
1994-905,US Open,Hard,128,G,,19940829,62,200107,,,Paola Suarez,R,170,ARG,18.182,118,12,201275,,WC,Julie Steven,,,USA,18.347,174,7,7-6 6-2,3,R128,,,,,,,,,,,,,,,,,,,
1994-905,US Open,Hard,128,G,,19940829,63,200404,10,,Zina Garrison,R,164,USA,30.785,12,85,200559,,,Kristine Kunce,R,177,AUS,24.491,46,31,6-3 6-4,3,R128,,,,,,,,,,,,,,,,,,,
1994-905,US Open,Hard,128,G,,19940829,64,200064,11,,Amanda Coetzer,R,158,RSA,22.853,13,85,200627,,,Petra Schwarz,R,168,AUT,22.265,61,26,6-1 7-6,3,R128,,,,,,,,,,,,,,,,,,,
1994-905,US Open,Hard,128,G,,19940829,65,200414,1,,Steffi Graf,R,175,GER,25.208,1,358,200708,,,Sandra Cacic,R,,USA,19.968,41,37,6-0 6-2,3,R64,,,,,,,,,,,,,,,,,,,
1994-905,US Open,Hard,128,G,,19940829,66,200657,,,Radka Bobkova,R,172,CZE,21.542,109,13,200469,,WC,Nicole Bradtke,R,176,AUS,24.934,244,4,6-7 6-4 6-2,3,R64,,,,,,,,,,,,,,,,,,,
1994-905,US Open,Hard,128,G,,19940829,67,200021,,,Alexia Dechaume Balleret,R,,FRA,24.324,68,22,200704,,Q,Maria Jose Gaidano,,171,ARG,21.263,134,10,7-5 6-3,3,R64,,,,,,,,,,,,,,,,,,,
1994-905,US Open,Hard,128,G,,19940829,68,200404,10,,Zina Garrison,R,164,USA,30.785,12,85,200107,,,Paola Suarez,R,170,ARG,18.182,118,12,6-4 6-3,3,R64,,,,,,,,,,,,,,,,,,,
1994-905,US Open,Hard,128,G,,19940829,69,200064,11,,Amanda Coetzer,R,158,RSA,22.853,13,85,200675,,,Eugenia Maniokova,R,178,RUS,26.284,107,14,6-2 6-0,3,R64,,,,,,,,,,,,,,,,,,,
1994-905,US Open,Hard,128,G,,19940829,70,200715,,Q,Mariaan De Swardt,R,177,RSA,23.450,178,7,200501,,,Marianne Werdel Witmeyer,,,USA,26.867,50,29,6-4 2-6 7-6,3,R64,,,,,,,,,,,,,,,,,,,
1994-905,US Open,Hard,128,G,,19940829,71,200676,,,Mana Endo,R,160,JPN,23.560,44,33,200112,,,Julie Halard Decugis,R,173,FRA,23.968,20,67,6-1 7-5,3,R64,,,,,,,,,,,,,,,,,,,
1994-905,US Open,Hard,128,G,,19940829,72,200128,6,,Lindsay Davenport,R,189,USA,18.224,7,128,200360,,,Pam Shriver,R,183,USA,32.154,52,28,6-1 6-2,3,R64,,,,,,,,,,,,,,,,,,,
1994-905,US Open,Hard,128,G,,19940829,73,200096,4,,Mary Pierce,R,178,FRA,19.620,5,135,200703,,,Katarina Studenikova,R,172,SVK,21.988,103,15,6-3 2-6 6-4,3,R64,,,,,,,,,,,,,,,,,,,
1994-905,US Open,Hard,128,G,,19940829,74,200482,,,Judith Wiesner,R,,AUT,28.493,24,61,200679,,,Caroline Kuhlman,,,USA,28.012,75,20,6-2 6-2,3,R64,,,,,,,,,,,,,,,,,,,
1994-905,US Open,Hard,128,G,,19940829,75,200723,,,Iva Majoli,R,175,CRO,17.046,23,62,200481,,,Elna Reinach,,,RSA,25.739,62,26,6-2 6-2,3,R64,,,,,,,,,,,,,,,,,,,
1994-905,US Open,Hard,128,G,,19940829,76,200040,,,Anna Smashnova,R,157,ISR,18.119,54,28,200522,,,Nicole Jagerman,R,179,NED,27.103,95,16,6-2 3-6 6-3,3,R64,,,,,,,,,,,,,,,,,,,
1994-905,US Open,Hard,128,G,,19940829,77,200086,15,,Magdalena Maleeva,R,168,BUL,19.412,17,71,200059,,,Ruxandra Dragomir Ilie,R,168,ROU,21.846,89,17,7-5 6-3,3,R64,,,,,,,,,,,,,,,,,,,
1994-905,US Open,Hard,128,G,,19940829,78,200602,,,Shaun Stafford,R,180,USA,25.709,66,23,200095,,,Linda Wild,R,,USA,23.546,38,40,6-0 6-7 6-2,3,R64,,,,,,,,,,,,,,,,,,,
1994-905,US Open,Hard,128,G,,19940829,79,200497,,,Patricia Hy Boulais,R,163,CAN,29.019,51,29,200013,,,Angelica Gavaldon,R,,MEX,20.904,122,11,6-3 6-2,3,R64,,,,,,,,,,,,,,,,,,,
1994-905,US Open,Hard,128,G,,19940829,80,200539,7,,Jana Novotna,R,175,CZE,25.906,8,119,200006,,,Karina Habsudova,R,170,SVK,21.074,53,28,6-2 6-3,3,R64,,,,,,,,,,,,,,,,,,,
1994-905,US Open,Hard,128,G,,19940829,81,200572,8,,Gabriela Sabatini,R,175,ARG,24.288,10,109,200699,,,Meredith Mcgrath,,,USA,23.338,32,50,6-4 6-7 6-1,3,R64,,,,,,,,,,,,,,,,,,,
1994-905,US Open,Hard,128,G,,19940829,82,200621,,Q,Isabelle Demongeot,R,,FRA,27.946,182,6,200530,,,Radomira Zrubakova,R,169,SVK,23.675,100,15,3-6 6-1 6-2,3,R64,,,,,,,,,,,,,,,,,,,
1994-905,US Open,Hard,128,G,,19940829,83,200048,,,Elena Likhovtseva,R,174,RUS,18.974,59,26,200700,,,Silvia Farina Elia,R,172,ITA,22.339,60,26,7-5 2-6 6-3,3,R64,,,,,,,,,,,,,,,,,,,
1994-905,US Open,Hard,128,G,,19940829,84,200612,,,Natalia Medvedeva,R,176,UKR,22.788,42,37,200041,16,,Amy Frazier,R,175,USA,21.942,19,70,6-2 6-7 6-4,3,R64,,,,,,,,,,,,,,,,,,,
1994-905,US Open,Hard,128,G,,19940829,85,200417,,,Gigi Fernandez,,170,USA,30.517,48,30,200016,,,Sandrine Testud,R,176,FRA,22.404,93,16,7-5 6-3,3,R64,,,,,,,,,,,,,,,,,,,
1994-905,US Open,Hard,128,G,,19940829,86,200684,,,Shi Ting Wang,R,171,TPE,20.860,34,47,200690,,,Kyoko Nagatsuka,,166,JPN,20.515,87,17,4-6 6-0 6-2,3,R64,,,,,,,,,,,,,,,,,,,
1994-905,US Open,Hard,128,G,,19940829,87,200649,,,Ginger Helgeson,R,,USA,25.955,40,38,200084,,,Asa Carlsson,R,178,SWE,19.204,82,19,6-1 6-1,3,R64,,,,,,,,,,,,,,,,,,,
1994-905,US Open,Hard,128,G,,19940829,88,200049,3,,Conchita Martinez,R,170,ESP,22.369,3,215,200655,,,Nicole Arendt,L,177,USA,25.008,85,18,6-3 6-3,3,R64,,,,,,,,,,,,,,,,,,,
1994-905,US Open,Hard,128,G,,19940829,89,200617,5,,Kimiko Date Krumm,R,163,JPN,23.918,6,132,200665,,,Yone Kamio,R,164,JPN,22.768,86,18,6-0 6-2,3,R64,,,,,,,,,,,,,,,,,,,
1994-905,US Open,Hard,128,G,,19940829,90,200020,,,Lisa Raymond,R,165,USA,21.052,47,31,200019,,,Alexandra Fusai,R,176,FRA,20.767,78,20,6-2 3-6 6-1,3,R64,,,,,,,,,,,,,,,,,,,
1994-905,US Open,Hard,128,G,,19940829,91,200094,,,Barbara Rittner,R,173,GER,21.345,35,44,200626,,,Emanuela Zardo,L,,SUI,24.348,72,20,6-0 6-3,3,R64,,,,,,,,,,,,,,,,,,,
1994-905,US Open,Hard,128,G,,19940829,92,200601,,,Leila Meskhi,R,164,GEO,26.648,37,43,200081,14,,Anke Huber,R,173,GER,19.735,16,72,6-2 6-2,3,R64,,,,,,,,,,,,,,,,,,,
1994-905,US Open,Hard,128,G,,19940829,93,200597,9,,Mary Joe Fernandez,R,175,USA,23.029,11,90,200548,,,Patty Fendick,R,165,USA,29.413,39,39,6-2 2-6 7-6,3,R64,,,,,,,,,,,,,,,,,,,
1994-905,US Open,Hard,128,G,,19940829,94,200595,,,Ann Grossman,,,USA,23.877,36,44,200455,,,Katerina Maleeva,R,168,BUL,25.312,31,51,6-4 1-6 6-1,3,R64,,,,,,,,,,,,,,,,,,,
1994-905,US Open,Hard,128,G,,19940829,95,200725,,,Sandra Cecchini,R,170,ITA,29.501,45,33,200608,,WC,Audra Keller,,,USA,22.782,158,8,6-3 3-6 6-4,3,R64,,,,,,,,,,,,,,,,,,,
1994-905,US Open,Hard,128,G,,19940829,96,200017,2,,Arantxa Sanchez Vicario,R,168,ESP,22.697,2,263,200097,,,Nathalie Tauziat,R,165,FRA,26.867,27,55,6-2 7-6,3,R64,,,,,,,,,,,,,,,,,,,
1994-905,US Open,Hard,128,G,,19940829,97,200676,,,Mana Endo,R,160,JPN,23.560,44,33,200128,6,,Lindsay Davenport,R,189,USA,18.224,7,128,6-3 7-6,3,R32,,,,,,,,,,,,,,,,,,,
1994-905,US Open,Hard,128,G,,19940829,98,200096,4,,Mary Pierce,R,178,FRA,19.620,5,135,200482,,,Judith Wiesner,R,,AUT,28.493,24,61,6-2 6-4,3,R32,,,,,,,,,,,,,,,,,,,
1994-905,US Open,Hard,128,G,,19940829,99,200723,,,Iva Majoli,R,175,CRO,17.046,23,62,200040,,,Anna Smashnova,R,157,ISR,18.119,54,28,6-2 6-3,3,R32,,,,,,,,,,,,,,,,,,,
1994-905,US Open,Hard,128,G,,19940829,100,200086,15,,Magdalena Maleeva,R,168,BUL,19.412,17,71,200602,,,Shaun Stafford,R,180,USA,25.709,66,23,6-3 7-6,3,R32,,,,,,,,,,,,,,,,,,,
1994-905,US Open,Hard,128,G,,19940829,101,200539,7,,Jana Novotna,R,175,CZE,25.906,8,119,200497,,,Patricia Hy Boulais,R,163,CAN,29.019,51,29,6-1 6-2,3,R32,,,,,,,,,,,,,,,,,,,
1994-905,US Open,Hard,128,G,,19940829,102,200572,8,,Gabriela Sabatini,R,175,ARG,24.288,10,109,200621,,Q,Isabelle Demongeot,R,,FRA,27.946,182,6,6-0 6-2,3,R32,,,,,,,,,,,,,,,,,,,
1994-905,US Open,Hard,128,G,,19940829,103,200048,,,Elena Likhovtseva,R,174,RUS,18.974,59,26,200612,,,Natalia Medvedeva,R,176,UKR,22.788,42,37,7-6 7-6,3,R32,,,,,,,,,,,,,,,,,,,
1994-905,US Open,Hard,128,G,,19940829,104,200417,,,Gigi Fernandez,,170,USA,30.517,48,30,200684,,,Shi Ting Wang,R,171,TPE,20.860,34,47,6-3 6-2,3,R32,,,,,,,,,,,,,,,,,,,
1994-905,US Open,Hard,128,G,,19940829,105,200649,,,Ginger Helgeson,R,,USA,25.955,40,38,200049,3,,Conchita Martinez,R,170,ESP,22.369,3,215,3-6 6-4 6-1,3,R32,,,,,,,,,,,,,,,,,,,
1994-905,US Open,Hard,128,G,,19940829,106,200617,5,,Kimiko Date Krumm,R,163,JPN,23.918,6,132,200020,,,Lisa Raymond,R,165,USA,21.052,47,31,6-4 6-2,3,R32,,,,,,,,,,,,,,,,,,,
1994-905,US Open,Hard,128,G,,19940829,107,200601,,,Leila Meskhi,R,164,GEO,26.648,37,43,200094,,,Barbara Rittner,R,173,GER,21.345,35,44,4-6 6-3 6-2,3,R32,,,,,,,,,,,,,,,,,,,
1994-905,US Open,Hard,128,G,,19940829,108,200595,,,Ann Grossman,,,USA,23.877,36,44,200597,9,,Mary Joe Fernandez,R,175,USA,23.029,11,90,6-4 6-4,3,R32,,,,,,,,,,,,,,,,,,,
1994-905,US Open,Hard,128,G,,19940829,109,200017,2,,Arantxa Sanchez Vicario,R,168,ESP,22.697,2,263,200725,,,Sandra Cecchini,R,170,ITA,29.501,45,33,6-2 6-1,3,R32,,,,,,,,,,,,,,,,,,,
1994-905,US Open,Hard,128,G,,19940829,110,200414,1,,Steffi Graf,R,175,GER,25.208,1,358,200657,,,Radka Bobkova,R,172,CZE,21.542,109,13,6-2 6-3,3,R32,,,,,,,,,,,,,,,,,,,
1994-905,US Open,Hard,128,G,,19940829,111,200404,10,,Zina Garrison,R,164,USA,30.785,12,85,200021,,,Alexia Dechaume Balleret,R,,FRA,24.324,68,22,2-6 6-4 7-6,3,R32,,,,,,,,,,,,,,,,,,,
1994-905,US Open,Hard,128,G,,19940829,112,200064,11,,Amanda Coetzer,R,158,RSA,22.853,13,85,200715,,Q,Mariaan De Swardt,R,177,RSA,23.450,178,7,6-1 6-3,3,R32,,,,,,,,,,,,,,,,,,,
1994-905,US Open,Hard,128,G,,19940829,113,200414,1,,Steffi Graf,R,175,GER,25.208,1,358,200404,10,,Zina Garrison,R,164,USA,30.785,12,85,6-1 6-2,3,R16,,,,,,,,,,,,,,,,,,,
1994-905,US Open,Hard,128,G,,19940829,114,200064,11,,Amanda Coetzer,R,158,RSA,22.853,13,85,200676,,,Mana Endo,R,160,JPN,23.560,44,33,6-3 6-0,3,R16,,,,,,,,,,,,,,,,,,,
1994-905,US Open,Hard,128,G,,19940829,115,200096,4,,Mary Pierce,R,178,FRA,19.620,5,135,200723,,,Iva Majoli,R,175,CRO,17.046,23,62,6-1 6-2,3,R16,,,,,,,,,,,,,,,,,,,
1994-905,US Open,Hard,128,G,,19940829,116,200539,7,,Jana Novotna,R,175,CZE,25.906,8,119,200086,15,,Magdalena Maleeva,R,168,BUL,19.412,17,71,6-0 6-4,3,R16,,,,,,,,,,,,,,,,,,,
1994-905,US Open,Hard,128,G,,19940829,117,200572,8,,Gabriela Sabatini,R,175,ARG,24.288,10,109,200048,,,Elena Likhovtseva,R,174,RUS,18.974,59,26,6-2 6-1,3,R16,,,,,,,,,,,,,,,,,,,
1994-905,US Open,Hard,128,G,,19940829,118,200417,,,Gigi Fernandez,,170,USA,30.517,48,30,200649,,,Ginger Helgeson,R,,USA,25.955,40,38,6-3 6-4,3,R16,,,,,,,,,,,,,,,,,,,
1994-905,US Open,Hard,128,G,,19940829,119,200617,5,,Kimiko Date Krumm,R,163,JPN,23.918,6,132,200601,,,Leila Meskhi,R,164,GEO,26.648,37,43,6-2 6-7 7-5,3,R16,,,,,,,,,,,,,,,,,,,
1994-905,US Open,Hard,128,G,,19940829,120,200017,2,,Arantxa Sanchez Vicario,R,168,ESP,22.697,2,263,200595,,,Ann Grossman,,,USA,23.877,36,44,6-2 6-0,3,R16,,,,,,,,,,,,,,,,,,,
1994-905,US Open,Hard,128,G,,19940829,121,200414,1,,Steffi Graf,R,175,GER,25.208,1,358,200064,11,,Amanda Coetzer,R,158,RSA,22.853,13,85,6-0 6-2,3,QF,,,,,,,,,,,,,,,,,,,
1994-905,US Open,Hard,128,G,,19940829,122,200539,7,,Jana Novotna,R,175,CZE,25.906,8,119,200096,4,,Mary Pierce,R,178,FRA,19.620,5,135,6-4 6-0,3,QF,,,,,,,,,,,,,,,,,,,
1994-905,US Open,Hard,128,G,,19940829,123,200572,8,,Gabriela Sabatini,R,175,ARG,24.288,10,109,200417,,,Gigi Fernandez,,170,USA,30.517,48,30,6-2 7-5,3,QF,,,,,,,,,,,,,,,,,,,
1994-905,US Open,Hard,128,G,,19940829,124,200017,2,,Arantxa Sanchez Vicario,R,168,ESP,22.697,2,263,200617,5,,Kimiko Date Krumm,R,163,JPN,23.918,6,132,6-3 6-0,3,QF,,,,,,,,,,,,,,,,,,,
1994-905,US Open,Hard,128,G,,19940829,125,200414,1,,Steffi Graf,R,175,GER,25.208,1,358,200539,7,,Jana Novotna,R,175,CZE,25.906,8,119,6-3 7-5,3,SF,,,,,,,,,,,,,,,,,,,
1994-905,US Open,Hard,128,G,,19940829,126,200017,2,,Arantxa Sanchez Vicario,R,168,ESP,22.697,2,263,200572,8,,Gabriela Sabatini,R,175,ARG,24.288,10,109,6-1 7-6,3,SF,,,,,,,,,,,,,,,,,,,
1994-905,US Open,Hard,128,G,,19940829,127,200017,2,,Arantxa Sanchez Vicario,R,168,ESP,22.697,2,263,200414,1,,Steffi Graf,R,175,GER,25.208,1,358,1-6 7-6 6-4,3,F,,,,,,,,,,,,,,,,,,,
1994-730,Moscow,Carpet,32,T3,,19940919,1,200086,1,,Magdalena Maleeva,R,168,BUL,19.469,14,73,200663,,LL,Nanne Dahlman,,163,FIN,24.033,155,8,6-4 6-0,3,R32,,,,,,,,,,,,,,,,,,,
1994-730,Moscow,Carpet,32,T3,,19940919,2,200698,,,Petra Begerow,R,178,GER,19.434,117,13,201195,,Q,Amanda Wainwright,R,,GBR,18.489,360,2,6-2 4-6 6-3,3,R32,,,,,,,,,,,,,,,,,,,
1994-730,Moscow,Carpet,32,T3,,19940919,3,200059,,,Ruxandra Dragomir Ilie,R,168,ROU,21.903,76,19,202090,,Q,Emily Bond,R,,GBR,20.934,369,2,6-7 6-3 6-1,3,R32,,,,,,,,,,,,,,,,,,,
1994-730,Moscow,Carpet,32,T3,,19940919,4,200725,4,,Sandra Cecchini,R,170,ITA,29.558,47,34,200587,,,Silke Meier,,,GER,26.185,99,15,6-1 6-1,3,R32,,,,,,,,,,,,,,,,,,,
1994-730,Moscow,Carpet,32,T3,,19940919,5,200700,6,,Silvia Farina Elia,R,172,ITA,22.396,56,27,200675,,,Eugenia Maniokova,R,178,RUS,26.341,100,15,2-6 6-4 6-1,3,R32,,,,,,,,,,,,,,,,,,,
1994-730,Moscow,Carpet,32,T3,,19940919,6,200607,,,Beate Reinstadler,,168,AUT,27.335,105,14,200035,,,Maria Sanchez Lorenzo,R,171,ESP,16.866,140,10,6-2 6-4,3,R32,,,,,,,,,,,,,,,,,,,
1994-730,Moscow,Carpet,32,T3,,19940919,7,200063,,Q,Tatiana Panova,R,154,RUS,18.100,167,7,200634,,,Elena Brioukhovets,,,UKR,23.283,113,13,6-3 6-1,3,R32,,,,,,,,,,,,,,,,,,,
1994-730,Moscow,Carpet,32,T3,,19940919,8,200037,2,,Sabine Appelmans,L,168,BEL,22.410,22,65,200084,,,Asa Carlsson,R,178,SWE,19.261,73,20,6-3 5-7 6-2,3,R32,,,,,,,,,,,,,,,,,,,
1994-730,Moscow,Carpet,32,T3,,19940919,9,200579,,,Karin Kschwendt,R,175,AUT,26.013,104,14,200626,,,Emanuela Zardo,L,,SUI,24.406,83,18,6-3 7-6,3,R32,,,,,,,,,,,,,,,,,,,
1994-730,Moscow,Carpet,32,T3,,19940919,10,200697,,,Janette Husarova,R,169,SVK,20.293,128,11,202089,,Q,Irina Sukhova,,,UKR,20.608,271,3,6-7 6-3 6-4,3,R32,,,,,,,,,,,,,,,,,,,
1994-730,Moscow,Carpet,32,T3,,19940919,11,200048,5,,Elena Likhovtseva,R,174,RUS,19.031,49,30,200701,,,Caroline Vis,R,180,NED,24.545,126,12,6-1 6-1,3,R32,,,,,,,,,,,,,,,,,,,
1994-730,Moscow,Carpet,32,T3,,19940919,12,200377,3,,Helena Sukova,R,188,CZE,29.569,41,40,200090,,LL,Anca Barna,L,175,GER,17.350,199,5,3-6 6-3 6-4,3,R32,,,,,,,,,,,,,,,,,,,
1994-730,Moscow,Carpet,32,T3,,19940919,13,200076,,,Laurence Courtois,R,172,BEL,18.670,86,18,200584,,,Laura Golarsa,R,165,ITA,26.812,116,13,7-6 6-3,3,R32,,,,,,,,,,,,,,,,,,,
1994-730,Moscow,Carpet,32,T3,,19940919,14,200734,,,Tatjana Jecmenica,R,180,SRB,16.211,222,4,201850,,WC,Nino Louarsabishvili,,,GEO,17.624,218,4,6-2 6-4,3,R32,,,,,,,,,,,,,,,,,,,
1994-730,Moscow,Carpet,32,T3,,19940919,15,200693,7,,Elena Makarova,R,,RUS,21.629,58,27,200718,,,Ludmila Richterova,,180,CZE,17.536,96,16,6-2 3-6 6-4,3,R32,,,,,,,,,,,,,,,,,,,
1994-730,Moscow,Carpet,32,T3,,19940919,16,200042,,,Els Callens,R,178,BEL,24.083,121,12,200019,8,,Alexandra Fusai,R,176,FRA,20.825,70,21,6-3 7-6,3,R32,,,,,,,,,,,,,,,,,,,
1994-730,Moscow,Carpet,32,T3,,19940919,17,200086,1,,Magdalena Maleeva,R,168,BUL,19.469,14,73,200579,,,Karin Kschwendt,R,175,AUT,26.013,104,14,6-1 6-2,3,R16,,,,,,,,,,,,,,,,,,,
1994-730,Moscow,Carpet,32,T3,,19940919,18,200048,5,,Elena Likhovtseva,R,174,RUS,19.031,49,30,200697,,,Janette Husarova,R,169,SVK,20.293,128,11,6-1 6-2,3,R16,,,,,,,,,,,,,,,,,,,
1994-730,Moscow,Carpet,32,T3,,19940919,19,200377,3,,Helena Sukova,R,188,CZE,29.569,41,40,200076,,,Laurence Courtois,R,172,BEL,18.670,86,18,6-2 6-2,3,R16,,,,,,,,,,,,,,,,,,,
1994-730,Moscow,Carpet,32,T3,,19940919,20,200693,7,,Elena Makarova,R,,RUS,21.629,58,27,200734,,,Tatjana Jecmenica,R,180,SRB,16.211,222,4,6-3 6-0,3,R16,,,,,,,,,,,,,,,,,,,
1994-730,Moscow,Carpet,32,T3,,19940919,21,200042,,,Els Callens,R,178,BEL,24.083,121,12,200698,,,Petra Begerow,R,178,GER,19.434,117,13,6-1 6-0,3,R16,,,,,,,,,,,,,,,,,,,
1994-730,Moscow,Carpet,32,T3,,19940919,22,200725,4,,Sandra Cecchini,R,170,ITA,29.558,47,34,200059,,,Ruxandra Dragomir Ilie,R,168,ROU,21.903,76,19,6-3 0-6 6-3,3,R16,,,,,,,,,,,,,,,,,,,
1994-730,Moscow,Carpet,32,T3,,19940919,23,200700,6,,Silvia Farina Elia,R,172,ITA,22.396,56,27,200607,,,Beate Reinstadler,,168,AUT,27.335,105,14,2-6 6-3 6-0,3,R16,,,,,,,,,,,,,,,,,,,
1994-730,Moscow,Carpet,32,T3,,19940919,24,200037,2,,Sabine Appelmans,L,168,BEL,22.410,22,65,200063,,Q,Tatiana Panova,R,154,RUS,18.100,167,7,6-1 6-0,3,R16,,,,,,,,,,,,,,,,,,,
1994-730,Moscow,Carpet,32,T3,,19940919,25,200086,1,,Magdalena Maleeva,R,168,BUL,19.469,14,73,200048,5,,Elena Likhovtseva,R,174,RUS,19.031,49,30,6-2 4-6 6-2,3,QF,,,,,,,,,,,,,,,,,,,
1994-730,Moscow,Carpet,32,T3,,19940919,26,200693,7,,Elena Makarova,R,,RUS,21.629,58,27,200377,3,,Helena Sukova,R,188,CZE,29.569,41,40,6-2 6-4,3,QF,,,,,,,,,,,,,,,,,,,
1994-730,Moscow,Carpet,32,T3,,19940919,27,200725,4,,Sandra Cecchini,R,170,ITA,29.558,47,34,200042,,,Els Callens,R,178,BEL,24.083,121,12,6-4 2-6 6-3,3,QF,,,,,,,,,,,,,,,,,,,
1994-730,Moscow,Carpet,32,T3,,19940919,28,200037,2,,Sabine Appelmans,L,168,BEL,22.410,22,65,200700,6,,Silvia Farina Elia,R,172,ITA,22.396,56,27,6-2 7-6,3,QF,,,,,,,,,,,,,,,,,,,
1994-730,Moscow,Carpet,32,T3,,19940919,29,200086,1,,Magdalena Maleeva,R,168,BUL,19.469,14,73,200693,7,,Elena Makarova,R,,RUS,21.629,58,27,3-6 6-1 6-4,3,SF,,,,,,,,,,,,,,,,,,,
1994-730,Moscow,Carpet,32,T3,,19940919,30,200725,4,,Sandra Cecchini,R,170,ITA,29.558,47,34,200037,2,,Sabine Appelmans,L,168,BEL,22.410,22,65,7-5 6-3,3,SF,,,,,,,,,,,,,,,,,,,
1994-730,Moscow,Carpet,32,T3,,19940919,31,200086,1,,Magdalena Maleeva,R,168,BUL,19.469,14,73,200725,4,,Sandra Cecchini,R,170,ITA,29.558,47,34,7-5 6-1,3,F,,,,,,,,,,,,,,,,,,,
1994-526,Tokyo Nichirei,Hard,32,T2,,19940920,1,200017,1,,Arantxa Sanchez Vicario,R,168,ESP,22.757,2,294,200702,,,Naoko Kijimuta,R,164,JPN,22.486,134,10,6-0 6-0,3,R32,,,,,,,,,,,,,,,,,,,
1994-526,Tokyo Nichirei,Hard,32,T2,,19940920,2,200085,,,Ai Sugiyama,R,163,JPN,19.212,119,12,202232,,WC,Yuka Tanaka,,,JPN,20.083,322,2,6-2 6-4,3,R32,,,,,,,,,,,,,,,,,,,
1994-526,Tokyo Nichirei,Hard,32,T2,,19940920,3,200080,,,Dominique Monami,R,170,BEL,21.306,82,18,200665,,,Yone Kamio,R,164,JPN,22.829,78,19,6-0 7-6,3,R32,,,,,,,,,,,,,,,,,,,
1994-526,Tokyo Nichirei,Hard,32,T2,,19940920,4,200572,4,,Gabriela Sabatini,R,175,ARG,24.348,9,115,200005,,,Jolene Watanabe,R,,USA,26.054,125,12,6-0 6-0,3,R32,,,,,,,,,,,,,,,,,,,
1994-526,Tokyo Nichirei,Hard,32,T2,,19940920,5,200041,7,,Amy Frazier,R,175,USA,22.002,18,70,200721,,Q,Hiromi Nagano,,,JPN,23.171,214,5,6-2 6-2,3,R32,,,,,,,,,,,,,,,,,,,
1994-526,Tokyo Nichirei,Hard,32,T2,,19940920,6,200004,,LL,Kerry Anne Guse,R,159,AUS,21.794,217,4,201061,,,Eva Martincova,,170,CZE,19.549,131,10,6-4 6-1,3,R32,,,,,,,,,,,,,,,,,,,
1994-526,Tokyo Nichirei,Hard,32,T2,,19940920,7,200676,,,Mana Endo,R,160,JPN,23.620,32,48,200659,,,Rika Hiraki,R,157,JPN,22.790,143,9,6-0 6-0,3,R32,,,,,,,,,,,,,,,,,,,
1994-526,Tokyo Nichirei,Hard,32,T2,,19940920,8,200617,2,,Kimiko Date Krumm,R,163,JPN,23.979,7,128,202233,,Q,Ayako Hirose,,,JPN,25.662,296,2,6-4 6-0,3,R32,,,,,,,,,,,,,,,,,,,
1994-526,Tokyo Nichirei,Hard,32,T2,,19940920,9,200669,,,Debbie Graham,R,183,USA,24.072,95,16,200690,,,Kyoko Nagatsuka,,166,JPN,20.575,87,17,6-2 6-1,3,R32,,,,,,,,,,,,,,,,,,,
1994-526,Tokyo Nichirei,Hard,32,T2,,19940920,10,200501,,,Marianne Werdel Witmeyer,,,USA,26.927,53,28,200542,,,Clare Wood,R,,GBR,26.536,92,17,6-2 7-5,3,R32,,,,,,,,,,,,,,,,,,,
1994-526,Tokyo Nichirei,Hard,32,T2,,19940920,11,200112,8,,Julie Halard Decugis,R,173,FRA,24.028,19,67,200640,,,Mercedes Paz,R,180,ARG,28.233,150,9,6-4 7-6,3,R32,,,,,,,,,,,,,,,,,,,
1994-526,Tokyo Nichirei,Hard,32,T2,,19940920,12,200128,3,,Lindsay Davenport,R,189,USA,18.284,8,125,202102,,,Kaoru Shibata,,,JPN,21.238,,,6-2 4-6 6-0,3,R32,,,,,,,,,,,,,,,,,,,
1994-526,Tokyo Nichirei,Hard,32,T2,,19940920,13,200606,,,Nana Smith,R,163,JPN,23.447,127,11,200716,,,Sung Hee Park,R,165,KOR,19.590,146,9,7-5 6-1,3,R32,,,,,,,,,,,,,,,,,,,
1994-526,Tokyo Nichirei,Hard,32,T2,,19940920,14,200713,,WC,Yuka Yoshida,R,161,JPN,18.470,251,3,202219,,Q,Keiko Nagatomi,,,JPN,19.828,,,6-4 6-7 6-4,3,R32,,,,,,,,,,,,,,,,,,,
1994-526,Tokyo Nichirei,Hard,32,T2,,19940920,15,200651,6,,Sabine Hack,,170,GER,25.191,15,73,200012,,,Jana Nejedly,R,175,CAN,20.282,133,10,6-4 6-1,3,R32,,,,,,,,,,,,,,,,,,,
1994-526,Tokyo Nichirei,Hard,32,T2,,19940920,16,200644,9,,Naoko Sawamatsu,R,167,JPN,21.495,25,57,200684,,,Shi Ting Wang,R,171,TPE,20.920,37,43,6-0 4-6 6-1,3,R32,,,,,,,,,,,,,,,,,,,
1994-526,Tokyo Nichirei,Hard,32,T2,,19940920,17,200017,1,,Arantxa Sanchez Vicario,R,168,ESP,22.757,2,294,200669,,,Debbie Graham,R,183,USA,24.072,95,16,6-1 6-2,3,R16,,,,,,,,,,,,,,,,,,,
1994-526,Tokyo Nichirei,Hard,32,T2,,19940920,18,200501,,,Marianne Werdel Witmeyer,,,USA,26.927,53,28,200112,8,,Julie Halard Decugis,R,173,FRA,24.028,19,67,6-1 6-1,3,R16,,,,,,,,,,,,,,,,,,,
1994-526,Tokyo Nichirei,Hard,32,T2,,19940920,19,200606,,,Nana Smith,R,163,JPN,23.447,127,11,200128,3,,Lindsay Davenport,R,189,USA,18.284,8,125,3-6 6-4 6-4,3,R16,,,,,,,,,,,,,,,,,,,
1994-526,Tokyo Nichirei,Hard,32,T2,,19940920,20,200651,6,,Sabine Hack,,170,GER,25.191,15,73,200713,,WC,Yuka Yoshida,R,161,JPN,18.470,251,3,6-1 6-0,3,R16,,,,,,,,,,,,,,,,,,,
1994-526,Tokyo Nichirei,Hard,32,T2,,19940920,21,200085,,,Ai Sugiyama,R,163,JPN,19.212,119,12,200644,9,,Naoko Sawamatsu,R,167,JPN,21.495,25,57,6-3 6-1,3,R16,,,,,,,,,,,,,,,,,,,
1994-526,Tokyo Nichirei,Hard,32,T2,,19940920,22,200572,4,,Gabriela Sabatini,R,175,ARG,24.348,9,115,200080,,,Dominique Monami,R,170,BEL,21.306,82,18,6-1 6-2,3,R16,,,,,,,,,,,,,,,,,,,
1994-526,Tokyo Nichirei,Hard,32,T2,,19940920,23,200041,7,,Amy Frazier,R,175,USA,22.002,18,70,200004,,LL,Kerry Anne Guse,R,159,AUS,21.794,217,4,6-2 7-5,3,R16,,,,,,,,,,,,,,,,,,,
1994-526,Tokyo Nichirei,Hard,32,T2,,19940920,24,200676,,,Mana Endo,R,160,JPN,23.620,32,48,200617,2,,Kimiko Date Krumm,R,163,JPN,23.979,7,128,7-5 2-6 6-4,3,R16,,,,,,,,,,,,,,,,,,,
1994-526,Tokyo Nichirei,Hard,32,T2,,19940920,25,200017,1,,Arantxa Sanchez Vicario,R,168,ESP,22.757,2,294,200501,,,Marianne Werdel Witmeyer,,,USA,26.927,53,28,6-4 6-0,3,QF,,,,,,,,,,,,,,,,,,,
1994-526,Tokyo Nichirei,Hard,32,T2,,19940920,26,200606,,,Nana Smith,R,163,JPN,23.447,127,11,200651,6,,Sabine Hack,,170,GER,25.191,15,73,7-6 7-5,3,QF,,,,,,,,,,,,,,,,,,,
1994-526,Tokyo Nichirei,Hard,32,T2,,19940920,27,200572,4,,Gabriela Sabatini,R,175,ARG,24.348,9,115,200085,,,Ai Sugiyama,R,163,JPN,19.212,119,12,6-3 6-7 7-5,3,QF,,,,,,,,,,,,,,,,,,,
1994-526,Tokyo Nichirei,Hard,32,T2,,19940920,28,200041,7,,Amy Frazier,R,175,USA,22.002,18,70,200676,,,Mana Endo,R,160,JPN,23.620,32,48,6-2 7-5,3,QF,,,,,,,,,,,,,,,,,,,
1994-526,Tokyo Nichirei,Hard,32,T2,,19940920,29,200017,1,,Arantxa Sanchez Vicario,R,168,ESP,22.757,2,294,200606,,,Nana Smith,R,163,JPN,23.447,127,11,6-2 2-6 6-4,3,SF,,,,,,,,,,,,,,,,,,,
1994-526,Tokyo Nichirei,Hard,32,T2,,19940920,30,200041,7,,Amy Frazier,R,175,USA,22.002,18,70,200572,4,,Gabriela Sabatini,R,175,ARG,24.348,9,115,6-1 6-3,3,SF,,,,,,,,,,,,,,,,,,,
1994-526,Tokyo Nichirei,Hard,32,T2,,19940920,31,200017,1,,Arantxa Sanchez Vicario,R,168,ESP,22.757,2,294,200041,7,,Amy Frazier,R,175,USA,22.002,18,70,6-1 6-2,3,F,,,,,,,,,,,,,,,,,,,
1994-527,Leipzig,Carpet,32,T2,,19940926,1,200096,1,,Mary Pierce,R,178,FRA,19.697,5,142,200101,,WC,Jana Kandarr,R,181,GER,18.013,368,2,6-1 6-2,3,R32,,,,,,,,,,,,,,,,,,,
1994-527,Leipzig,Carpet,32,T2,,19940926,2,200612,,,Natalia Medvedeva,R,176,UKR,22.864,43,40,200632,,Q,Andrea Strnadova,,175,CZE,22.330,130,11,6-4 6-3,3,R32,,,,,,,,,,,,,,,,,,,
1994-527,Leipzig,Carpet,32,T2,,19940926,3,200638,,,Stephanie Rottier,,,NED,20.677,55,28,200582,,Q,Maria Strandlund Tomsvik,,,SWE,25.109,184,6,6-3 7-6,3,R32,,,,,,,,,,,,,,,,,,,
1994-527,Leipzig,Carpet,32,T2,,19940926,4,200081,3,,Anke Huber,R,173,GER,19.811,18,71,200082,,,Kristie Boogert,R,178,NED,20.778,59,26,6-2 6-2,3,R32,,,,,,,,,,,,,,,,,,,
1994-527,Leipzig,Carpet,32,T2,,19940926,5,200725,,,Sandra Cecchini,R,170,ITA,29.578,39,40,200595,8,,Ann Grossman,,,USA,23.954,31,51,6-4 6-4,3,R32,,,,,,,,,,,,,,,,,,,
1994-527,Leipzig,Carpet,32,T2,,19940926,6,200660,,,Kimberly Po Messerli,R,157,USA,22.935,58,27,200051,,,Irina Spirlea,R,175,ROU,20.504,33,47,6-2 6-4,3,R32,,,,,,,,,,,,,,,,,,,
1994-527,Leipzig,Carpet,32,T2,,19940926,7,200084,,Q,Asa Carlsson,R,178,SWE,19.280,76,19,200648,,,Marketa Kochta,R,168,GER,19.204,73,21,6-2 6-1,3,R32,,,,,,,,,,,,,,,,,,,
1994-527,Leipzig,Carpet,32,T2,,19940926,8,200539,2,,Jana Novotna,R,175,CZE,25.983,6,140,200699,,,Meredith Mcgrath,,,USA,23.415,32,50,3-6 6-0 7-5,3,R32,,,,,,,,,,,,,,,,,,,
1994-527,Leipzig,Carpet,32,T2,,19940926,9,200501,,,Marianne Werdel Witmeyer,,,USA,26.944,57,27,200455,,,Katerina Maleeva,R,168,BUL,25.389,35,45,6-4 6-2,3,R32,,,,,,,,,,,,,,,,,,,
1994-527,Leipzig,Carpet,32,T2,,19940926,10,200491,,,Christina Singer,,176,GER,26.166,87,17,200548,,,Patty Fendick,R,165,USA,29.490,41,40,7-5 6-2,3,R32,,,,,,,,,,,,,,,,,,,
1994-527,Leipzig,Carpet,32,T2,,19940926,11,200554,7,,Brenda Schultz Mccarthy,R,188,NED,23.746,24,61,200089,,,Miriam Oremans,R,169,NED,22.046,64,24,7-6 6-4,3,R32,,,,,,,,,,,,,,,,,,,
1994-527,Leipzig,Carpet,32,T2,,19940926,12,200723,4,,Iva Majoli,R,175,CRO,17.123,21,65,200450,,,Larisa Savchenko,,169,URS,28.184,46,35,6-0 6-4,3,R32,,,,,,,,,,,,,,,,,,,
1994-527,Leipzig,Carpet,32,T2,,19940926,13,200020,,,Lisa Raymond,R,165,USA,21.128,48,34,200506,,,Wiltrud Probst,R,170,GER,25.328,67,24,6-2 6-2,3,R32,,,,,,,,,,,,,,,,,,,
1994-527,Leipzig,Carpet,32,T2,,19940926,14,200700,,,Silvia Farina Elia,R,172,ITA,22.415,54,28,200059,,Q,Ruxandra Dragomir Ilie,R,168,ROU,21.922,77,19,6-1 6-0,3,R32,,,,,,,,,,,,,,,,,,,
1994-527,Leipzig,Carpet,32,T2,,19940926,15,200482,6,,Judith Wiesner,R,,AUT,28.570,23,62,200080,,,Dominique Monami,R,170,BEL,21.323,84,18,6-4 6-7 6-4,3,R32,,,,,,,,,,,,,,,,,,,
1994-527,Leipzig,Carpet,32,T2,,19940926,16,200094,,,Barbara Rittner,R,173,GER,21.421,36,45,200037,5,,Sabine Appelmans,L,168,BEL,22.429,19,66,6-1 7-5,3,R32,,,,,,,,,,,,,,,,,,,
1994-527,Leipzig,Carpet,32,T2,,19940926,17,200096,1,,Mary Pierce,R,178,FRA,19.697,5,142,200501,,,Marianne Werdel Witmeyer,,,USA,26.944,57,27,6-0 6-1,3,R16,,,,,,,,,,,,,,,,,,,
1994-527,Leipzig,Carpet,32,T2,,19940926,18,200554,7,,Brenda Schultz Mccarthy,R,188,NED,23.746,24,61,200491,,,Christina Singer,,176,GER,26.166,87,17,6-2 6-3,3,R16,,,,,,,,,,,,,,,,,,,
1994-527,Leipzig,Carpet,32,T2,,19940926,19,200723,4,,Iva Majoli,R,175,CRO,17.123,21,65,200020,,,Lisa Raymond,R,165,USA,21.128,48,34,6-0 6-4,3,R16,,,,,,,,,,,,,,,,,,,
1994-527,Leipzig,Carpet,32,T2,,19940926,20,200482,6,,Judith Wiesner,R,,AUT,28.570,23,62,200700,,,Silvia Farina Elia,R,172,ITA,22.415,54,28,6-3 6-1,3,R16,,,,,,,,,,,,,,,,,,,
1994-527,Leipzig,Carpet,32,T2,,19940926,21,200094,,,Barbara Rittner,R,173,GER,21.421,36,45,200612,,,Natalia Medvedeva,R,176,UKR,22.864,43,40,1-6 6-3 7-6,3,R16,,,,,,,,,,,,,,,,,,,
1994-527,Leipzig,Carpet,32,T2,,19940926,22,200081,3,,Anke Huber,R,173,GER,19.811,18,71,200638,,,Stephanie Rottier,,,NED,20.677,55,28,6-3 6-3,3,R16,,,,,,,,,,,,,,,,,,,
1994-527,Leipzig,Carpet,32,T2,,19940926,23,200725,,,Sandra Cecchini,R,170,ITA,29.578,39,40,200660,,,Kimberly Po Messerli,R,157,USA,22.935,58,27,6-2 6-4,3,R16,,,,,,,,,,,,,,,,,,,
1994-527,Leipzig,Carpet,32,T2,,19940926,24,200539,2,,Jana Novotna,R,175,CZE,25.983,6,140,200084,,Q,Asa Carlsson,R,178,SWE,19.280,76,19,6-2 7-5,3,R16,,,,,,,,,,,,,,,,,,,
1994-527,Leipzig,Carpet,32,T2,,19940926,25,200096,1,,Mary Pierce,R,178,FRA,19.697,5,142,200554,7,,Brenda Schultz Mccarthy,R,188,NED,23.746,24,61,6-3 6-2,3,QF,,,,,,,,,,,,,,,,,,,
1994-527,Leipzig,Carpet,32,T2,,19940926,26,200482,6,,Judith Wiesner,R,,AUT,28.570,23,62,200723,4,,Iva Majoli,R,175,CRO,17.123,21,65,7-5 6-4,3,QF,,,,,,,,,,,,,,,,,,,
1994-527,Leipzig,Carpet,32,T2,,19940926,27,200081,3,,Anke Huber,R,173,GER,19.811,18,71,200094,,,Barbara Rittner,R,173,GER,21.421,36,45,3-3 RET,3,QF,,,,,,,,,,,,,,,,,,,
1994-527,Leipzig,Carpet,32,T2,,19940926,28,200539,2,,Jana Novotna,R,175,CZE,25.983,6,140,200725,,,Sandra Cecchini,R,170,ITA,29.578,39,40,6-3 6-2,3,QF,,,,,,,,,,,,,,,,,,,
1994-527,Leipzig,Carpet,32,T2,,19940926,29,200096,1,,Mary Pierce,R,178,FRA,19.697,5,142,200482,6,,Judith Wiesner,R,,AUT,28.570,23,62,6-2 7-5,3,SF,,,,,,,,,,,,,,,,,,,
1994-527,Leipzig,Carpet,32,T2,,19940926,30,200539,2,,Jana Novotna,R,175,CZE,25.983,6,140,200081,3,,Anke Huber,R,173,GER,19.811,18,71,1-6 6-1 7-5,3,SF,,,,,,,,,,,,,,,,,,,
1994-527,Leipzig,Carpet,32,T2,,19940926,31,200539,2,,Jana Novotna,R,175,CZE,25.983,6,140,200096,1,,Mary Pierce,R,178,FRA,19.697,5,142,7-5 6-1,3,F,,,,,,,,,,,,,,,,,,,
1994-608,Zurich,Carpet,32,T1,,19941003,1,200293,1,,Martina Navratilova,L,173,USA,37.958,4,155,200595,,,Ann Grossman,,,USA,23.973,31,49,7-5 4-6 6-1,3,R32,,,,,,,,,,,,,,,,,,,
1994-608,Zurich,Carpet,32,T1,,19941003,2,200020,,,Lisa Raymond,R,165,USA,21.148,48,33,200082,,,Kristie Boogert,R,178,NED,20.797,58,26,6-4 3-6 7-6,3,R32,,,,,,,,,,,,,,,,,,,
1994-608,Zurich,Carpet,32,T1,,19941003,3,200693,,,Elena Makarova,R,,RUS,21.668,50,30,200530,,WC,Radomira Zrubakova,R,169,SVK,23.771,85,17,7-5 6-1,3,R32,,,,,,,,,,,,,,,,,,,
1994-608,Zurich,Carpet,32,T1,,19941003,4,200116,3,,Natalia Zvereva,R,174,BLR,23.467,9,115,200612,,,Natalia Medvedeva,R,176,UKR,22.883,41,39,6-3 7-6,3,R32,,,,,,,,,,,,,,,,,,,
1994-608,Zurich,Carpet,32,T1,,19941003,5,200723,7,,Iva Majoli,R,175,CRO,17.142,21,65,200559,,,Kristine Kunce,R,177,AUS,24.586,54,29,6-2 6-1,3,R32,,,,,,,,,,,,,,,,,,,
1994-608,Zurich,Carpet,32,T1,,19941003,6,200089,,Q,Miriam Oremans,R,169,NED,22.065,65,24,200701,,Q,Caroline Vis,R,180,NED,24.584,129,11,6-3 7-6,3,R32,,,,,,,,,,,,,,,,,,,
1994-608,Zurich,Carpet,32,T1,,19941003,7,200001,,WC,Martina Hingis,R,170,SUI,14.007,378,2,200548,,,Patty Fendick,R,165,USA,29.509,45,37,6-4 6-3,3,R32,,,,,,,,,,,,,,,,,,,
1994-608,Zurich,Carpet,32,T1,,19941003,8,200096,2,,Mary Pierce,R,178,FRA,19.716,5,145,200450,,,Larisa Savchenko,,169,URS,28.203,46,35,6-3 6-3,3,R32,,,,,,,,,,,,,,,,,,,
1994-608,Zurich,Carpet,32,T1,,19941003,9,200699,,,Meredith Mcgrath,,,USA,23.434,32,48,200660,,,Kimberly Po Messerli,R,157,USA,22.955,57,27,4-6 6-0 6-2,3,R32,,,,,,,,,,,,,,,,,,,
1994-608,Zurich,Carpet,32,T1,,19941003,10,200097,,,Nathalie Tauziat,R,165,FRA,26.963,30,52,200638,,,Stephanie Rottier,,,NED,20.696,62,25,7-6 6-4,3,R32,,,,,,,,,,,,,,,,,,,
1994-608,Zurich,Carpet,32,T1,,19941003,11,200377,,,Helena Sukova,R,188,CZE,29.608,39,40,200026,8,,Florencia Labat,L,170,ARG,23.311,29,53,6-4 6-3,3,R32,,,,,,,,,,,,,,,,,,,
1994-608,Zurich,Carpet,32,T1,,19941003,12,200404,4,,Zina Garrison,R,164,USA,30.881,12,88,200006,,,Karina Habsudova,R,170,SVK,21.169,59,26,7-6 2-6 6-2,3,R32,,,,,,,,,,,,,,,,,,,
1994-608,Zurich,Carpet,32,T1,,19941003,13,200602,,Q,Shaun Stafford,R,180,USA,25.805,60,25,200040,,,Anna Smashnova,R,157,ISR,18.215,47,34,6-0 6-1,3,R32,,,,,,,,,,,,,,,,,,,
1994-608,Zurich,Carpet,32,T1,,19941003,14,200501,,,Marianne Werdel Witmeyer,,,USA,26.963,56,28,200708,,,Sandra Cacic,R,,USA,20.063,44,37,6-3 6-4,3,R32,,,,,,,,,,,,,,,,,,,
1994-608,Zurich,Carpet,32,T1,,19941003,15,200086,5,,Magdalena Maleeva,R,168,BUL,19.508,13,81,200360,,,Pam Shriver,R,183,USA,32.250,51,30,7-5 7-6,3,R32,,,,,,,,,,,,,,,,,,,
1994-608,Zurich,Carpet,32,T1,,19941003,16,200428,6,,Lori Mcneil,,170,USA,30.793,18,71,200557,,Q,Katrina Adams,R,165,USA,26.161,167,8,2-6 6-3 7-5,3,R32,,,,,,,,,,,,,,,,,,,
1994-608,Zurich,Carpet,32,T1,,19941003,17,200293,1,,Martina Navratilova,L,173,USA,37.958,4,155,200699,,,Meredith Mcgrath,,,USA,23.434,32,48,7-6 6-3,3,R16,,,,,,,,,,,,,,,,,,,
1994-608,Zurich,Carpet,32,T1,,19941003,18,200377,,,Helena Sukova,R,188,CZE,29.608,39,40,200097,,,Nathalie Tauziat,R,165,FRA,26.963,30,52,6-4 6-4,3,R16,,,,,,,,,,,,,,,,,,,
1994-608,Zurich,Carpet,32,T1,,19941003,19,200602,,Q,Shaun Stafford,R,180,USA,25.805,60,25,200404,4,,Zina Garrison,R,164,USA,30.881,12,88,6-4 6-4,3,R16,,,,,,,,,,,,,,,,,,,
1994-608,Zurich,Carpet,32,T1,,19941003,20,200086,5,,Magdalena Maleeva,R,168,BUL,19.508,13,81,200501,,,Marianne Werdel Witmeyer,,,USA,26.963,56,28,6-1 3-1 RET,3,R16,,,,,,,,,,,,,,,,,,,
1994-608,Zurich,Carpet,32,T1,,19941003,21,200428,6,,Lori Mcneil,,170,USA,30.793,18,71,200020,,,Lisa Raymond,R,165,USA,21.148,48,33,6-1 6-2,3,R16,,,,,,,,,,,,,,,,,,,
1994-608,Zurich,Carpet,32,T1,,19941003,22,200116,3,,Natalia Zvereva,R,174,BLR,23.467,9,115,200693,,,Elena Makarova,R,,RUS,21.668,50,30,4-6 6-2 6-1,3,R16,,,,,,,,,,,,,,,,,,,
1994-608,Zurich,Carpet,32,T1,,19941003,23,200089,,Q,Miriam Oremans,R,169,NED,22.065,65,24,200723,7,,Iva Majoli,R,175,CRO,17.142,21,65,7-5 6-1,3,R16,,,,,,,,,,,,,,,,,,,
1994-608,Zurich,Carpet,32,T1,,19941003,24,200096,2,,Mary Pierce,R,178,FRA,19.716,5,145,200001,,WC,Martina Hingis,R,170,SUI,14.007,378,2,6-4 6-0,3,R16,,,,,,,,,,,,,,,,,,,
1994-608,Zurich,Carpet,32,T1,,19941003,25,200377,,,Helena Sukova,R,188,CZE,29.608,39,40,200293,1,,Martina Navratilova,L,173,USA,37.958,4,155,7-5 3-6 6-4,3,QF,,,,,,,,,,,,,,,,,,,
1994-608,Zurich,Carpet,32,T1,,19941003,26,200086,5,,Magdalena Maleeva,R,168,BUL,19.508,13,81,200602,,Q,Shaun Stafford,R,180,USA,25.805,60,25,6-3 6-1,3,QF,,,,,,,,,,,,,,,,,,,
1994-608,Zurich,Carpet,32,T1,,19941003,27,200116,3,,Natalia Zvereva,R,174,BLR,23.467,9,115,200428,6,,Lori Mcneil,,170,USA,30.793,18,71,7-6 5-7 6-4,3,QF,,,,,,,,,,,,,,,,,,,
1994-608,Zurich,Carpet,32,T1,,19941003,28,200089,,Q,Miriam Oremans,R,169,NED,22.065,65,24,200096,2,,Mary Pierce,R,178,FRA,19.716,5,145,6-4 6-7 6-3,3,QF,,,,,,,,,,,,,,,,,,,
1994-608,Zurich,Carpet,32,T1,,19941003,29,200086,5,,Magdalena Maleeva,R,168,BUL,19.508,13,81,200377,,,Helena Sukova,R,188,CZE,29.608,39,40,6-2 7-5,3,SF,,,,,,,,,,,,,,,,,,,
1994-608,Zurich,Carpet,32,T1,,19941003,30,200116,3,,Natalia Zvereva,R,174,BLR,23.467,9,115,200089,,Q,Miriam Oremans,R,169,NED,22.065,65,24,6-0 6-2,3,SF,,,,,,,,,,,,,,,,,,,
1994-608,Zurich,Carpet,32,T1,,19941003,31,200086,5,,Magdalena Maleeva,R,168,BUL,19.508,13,81,200116,3,,Natalia Zvereva,R,174,BLR,23.467,9,115,7-5 3-6 6-4,3,F,,,,,,,,,,,,,,,,,,,
1994-1051,Filderstadt,Hard,32,T2,,19941010,1,200049,1,,Conchita Martinez,R,170,ESP,22.484,3,219,200455,,,Katerina Maleeva,R,168,BUL,25.427,37,42,7-5 6-2,3,R32,,,,,,,,,,,,,,,,,,,
1994-1051,Filderstadt,Hard,32,T2,,19941010,2,200097,,,Nathalie Tauziat,R,165,FRA,26.982,30,51,200699,,,Meredith Mcgrath,,,USA,23.453,33,48,7-5 6-2,3,R32,,,,,,,,,,,,,,,,,,,
1994-1051,Filderstadt,Hard,32,T2,,19941010,3,200001,,WC,Martina Hingis,R,170,SUI,14.026,199,5,200377,,,Helena Sukova,R,188,CZE,29.627,29,51,6-2 6-1,3,R32,,,,,,,,,,,,,,,,,,,
1994-1051,Filderstadt,Hard,32,T2,,19941010,4,200491,,WC,Christina Singer,,176,GER,26.205,85,18,200572,4,,Gabriela Sabatini,R,175,ARG,24.403,9,120,3-6 7-5 6-1,3,R32,,,,,,,,,,,,,,,,,,,
1994-1051,Filderstadt,Hard,32,T2,,19941010,5,200081,8,,Anke Huber,R,173,GER,19.850,15,78,200094,,,Barbara Rittner,R,173,GER,21.460,32,48,6-3 4-6 6-4,3,R32,,,,,,,,,,,,,,,,,,,
1994-1051,Filderstadt,Hard,32,T2,,19941010,6,200112,,,Julie Halard Decugis,R,173,FRA,24.083,24,63,200026,,,Florencia Labat,L,170,ARG,23.330,31,49,6-4 1-6 6-0,3,R32,,,,,,,,,,,,,,,,,,,
1994-1051,Filderstadt,Hard,32,T2,,19941010,7,200428,,,Lori Mcneil,,170,USA,30.812,17,76,200498,,Q,Michelle Jaggard Lai,R,146,AUS,25.430,154,9,1-6 6-1 6-0,3,R32,,,,,,,,,,,,,,,,,,,
1994-1051,Filderstadt,Hard,32,T2,,19941010,8,200293,2,,Martina Navratilova,L,173,USA,37.978,5,145,200595,,,Ann Grossman,,,USA,23.992,34,47,6-4 3-6 6-0,3,R32,,,,,,,,,,,,,,,,,,,
1994-1051,Filderstadt,Hard,32,T2,,19941010,9,200601,,,Leila Meskhi,R,164,GEO,26.763,35,46,200660,,Q,Kimberly Po Messerli,R,157,USA,22.974,59,27,6-1 6-2,3,R32,,,,,,,,,,,,,,,,,,,
1994-1051,Filderstadt,Hard,32,T2,,19941010,10,200006,,Q,Karina Habsudova,R,170,SVK,21.189,61,26,200497,,,Patricia Hy Boulais,R,163,CAN,29.134,50,30,6-3 6-1,3,R32,,,,,,,,,,,,,,,,,,,
1994-1051,Filderstadt,Hard,32,T2,,19941010,11,200554,,,Brenda Schultz Mccarthy,R,188,NED,23.784,23,64,200404,6,,Zina Garrison,R,164,USA,30.900,13,90,6-2 6-3,3,R32,,,,,,,,,,,,,,,,,,,
1994-1051,Filderstadt,Hard,32,T2,,19941010,12,200096,3,,Mary Pierce,R,178,FRA,19.735,6,141,200612,,,Natalia Medvedeva,R,176,UKR,22.903,40,39,6-3 6-2,3,R32,,,,,,,,,,,,,,,,,,,
1994-1051,Filderstadt,Hard,32,T2,,19941010,13,200039,,,Chanda Rubin,R,168,USA,18.642,26,56,200051,,,Irina Spirlea,R,175,ROU,20.543,39,40,3-6 7-5 7-5,3,R32,,,,,,,,,,,,,,,,,,,
1994-1051,Filderstadt,Hard,32,T2,,19941010,14,200417,,,Gigi Fernandez,,170,USA,30.632,41,39,200482,,,Judith Wiesner,R,,AUT,28.608,22,64,4-6 6-3 7-6,3,R32,,,,,,,,,,,,,,,,,,,
1994-1051,Filderstadt,Hard,32,T2,,19941010,15,200064,7,,Amanda Coetzer,R,158,RSA,22.968,14,80,200548,,,Patty Fendick,R,165,USA,29.528,44,34,3-6 6-4 6-3,3,R32,,,,,,,,,,,,,,,,,,,
1994-1051,Filderstadt,Hard,32,T2,,19941010,16,200501,,Q,Marianne Werdel Witmeyer,,,USA,26.982,54,29,200116,5,,Natalia Zvereva,R,174,BLR,23.486,7,126,2-6 6-2 7-6,3,R32,,,,,,,,,,,,,,,,,,,
1994-1051,Filderstadt,Hard,32,T2,,19941010,17,200049,1,,Conchita Martinez,R,170,ESP,22.484,3,219,200601,,,Leila Meskhi,R,164,GEO,26.763,35,46,6-2 6-3,3,R16,,,,,,,,,,,,,,,,,,,
1994-1051,Filderstadt,Hard,32,T2,,19941010,18,200006,,Q,Karina Habsudova,R,170,SVK,21.189,61,26,200554,,,Brenda Schultz Mccarthy,R,188,NED,23.784,23,64,6-0 6-2,3,R16,,,,,,,,,,,,,,,,,,,
1994-1051,Filderstadt,Hard,32,T2,,19941010,19,200096,3,,Mary Pierce,R,178,FRA,19.735,6,141,200039,,,Chanda Rubin,R,168,USA,18.642,26,56,7-5 7-6,3,R16,,,,,,,,,,,,,,,,,,,
1994-1051,Filderstadt,Hard,32,T2,,19941010,20,200417,,,Gigi Fernandez,,170,USA,30.632,41,39,200064,7,,Amanda Coetzer,R,158,RSA,22.968,14,80,7-5 6-4,3,R16,,,,,,,,,,,,,,,,,,,
1994-1051,Filderstadt,Hard,32,T2,,19941010,21,200501,,Q,Marianne Werdel Witmeyer,,,USA,26.982,54,29,200097,,,Nathalie Tauziat,R,165,FRA,26.982,30,51,6-4 6-3,3,R16,,,,,,,,,,,,,,,,,,,
1994-1051,Filderstadt,Hard,32,T2,,19941010,22,200001,,WC,Martina Hingis,R,170,SUI,14.026,199,5,200491,,WC,Christina Singer,,176,GER,26.205,85,18,6-1 6-4,3,R16,,,,,,,,,,,,,,,,,,,
1994-1051,Filderstadt,Hard,32,T2,,19941010,23,200081,8,,Anke Huber,R,173,GER,19.850,15,78,200112,,,Julie Halard Decugis,R,173,FRA,24.083,24,63,6-1 6-1,3,R16,,,,,,,,,,,,,,,,,,,
1994-1051,Filderstadt,Hard,32,T2,,19941010,24,200293,2,,Martina Navratilova,L,173,USA,37.978,5,145,200428,,,Lori Mcneil,,170,USA,30.812,17,76,5-7 7-6 6-4,3,R16,,,,,,,,,,,,,,,,,,,
1994-1051,Filderstadt,Hard,32,T2,,19941010,25,200006,,Q,Karina Habsudova,R,170,SVK,21.189,61,26,200049,1,,Conchita Martinez,R,170,ESP,22.484,3,219,6-4 6-1,3,QF,,,,,,,,,,,,,,,,,,,
1994-1051,Filderstadt,Hard,32,T2,,19941010,26,200096,3,,Mary Pierce,R,178,FRA,19.735,6,141,200417,,,Gigi Fernandez,,170,USA,30.632,41,39,6-0 6-1,3,QF,,,,,,,,,,,,,,,,,,,
1994-1051,Filderstadt,Hard,32,T2,,19941010,27,200501,,Q,Marianne Werdel Witmeyer,,,USA,26.982,54,29,200001,,WC,Martina Hingis,R,170,SUI,14.026,199,5,0-6 6-2 7-6,3,QF,,,,,,,,,,,,,,,,,,,
1994-1051,Filderstadt,Hard,32,T2,,19941010,28,200081,8,,Anke Huber,R,173,GER,19.850,15,78,200293,2,,Martina Navratilova,L,173,USA,37.978,5,145,6-3 3-6 6-4,3,QF,,,,,,,,,,,,,,,,,,,
1994-1051,Filderstadt,Hard,32,T2,,19941010,29,200096,3,,Mary Pierce,R,178,FRA,19.735,6,141,200006,,Q,Karina Habsudova,R,170,SVK,21.189,61,26,6-4 6-1,3,SF,,,,,,,,,,,,,,,,,,,
1994-1051,Filderstadt,Hard,32,T2,,19941010,30,200081,8,,Anke Huber,R,173,GER,19.850,15,78,200501,,Q,Marianne Werdel Witmeyer,,,USA,26.982,54,29,4-6 6-2 6-3,3,SF,,,,,,,,,,,,,,,,,,,
1994-1051,Filderstadt,Hard,32,T2,,19941010,31,200081,8,,Anke Huber,R,173,GER,19.850,15,78,200096,3,,Mary Pierce,R,178,FRA,19.735,6,141,6-4 6-2,3,F,,,,,,,,,,,,,,,,,,,
1994-714,Brighton,Carpet,32,T2,,19941017,1,200049,1,,Conchita Martinez,R,170,ESP,22.503,3,219,200506,,,Wiltrud Probst,R,170,GER,25.386,67,24,7-6 6-0,3,R32,,,,,,,,,,,,,,,,,,,
1994-714,Brighton,Carpet,32,T2,,19941017,2,200417,,WC,Gigi Fernandez,,170,USA,30.651,38,43,200040,,,Anna Smashnova,R,157,ISR,18.254,45,34,6-4 6-2,3,R32,,,,,,,,,,,,,,,,,,,
1994-714,Brighton,Carpet,32,T2,,19941017,3,200671,,,Meike Babel,R,173,GER,19.902,52,31,200032,,Q,Barbara Schett,R,176,AUT,18.604,96,16,6-3 6-2,3,R32,,,,,,,,,,,,,,,,,,,
1994-714,Brighton,Carpet,32,T2,,19941017,4,200548,,,Patty Fendick,R,165,USA,29.547,48,32,200597,3,,Mary Joe Fernandez,R,175,USA,23.163,11,97,4-6 6-3 6-2,3,R32,,,,,,,,,,,,,,,,,,,
1994-714,Brighton,Carpet,32,T2,,19941017,5,200455,,,Katerina Maleeva,R,168,BUL,25.446,40,40,200651,5,,Sabine Hack,,170,GER,25.265,18,76,6-3 6-2,3,R32,,,,,,,,,,,,,,,,,,,
1994-714,Brighton,Carpet,32,T2,,19941017,6,200024,,Q,Maria Vento Kabchi,R,168,VEN,20.400,205,5,200649,,,Ginger Helgeson,R,,USA,26.090,31,46,6-3 7-5,3,R32,,,,,,,,,,,,,,,,,,,
1994-714,Brighton,Carpet,32,T2,,19941017,7,200497,,,Patricia Hy Boulais,R,163,CAN,29.153,58,28,200481,,,Elna Reinach,,,RSA,25.873,62,26,6-3 6-3,3,R32,,,,,,,,,,,,,,,,,,,
1994-714,Brighton,Carpet,32,T2,,19941017,8,200539,2,,Jana Novotna,R,175,CZE,26.040,4,155,200682,,Q,Joannette Kruger,R,179,RSA,21.120,78,18,2-6 6-0 6-4,3,R32,,,,,,,,,,,,,,,,,,,
1994-714,Brighton,Carpet,32,T2,,19941017,9,200627,,,Petra Schwarz,R,168,AUT,22.399,66,24,200668,,,Silke Frankl,,,GER,24.387,71,22,6-3 6-1,3,R32,,,,,,,,,,,,,,,,,,,
1994-714,Brighton,Carpet,32,T2,,19941017,10,200653,,,Yayuk Basuki,R,164,INA,23.880,26,55,200559,,,Kristine Kunce,R,177,AUS,24.625,55,29,6-3 6-1,3,R32,,,,,,,,,,,,,,,,,,,
1994-714,Brighton,Carpet,32,T2,,19941017,11,200450,,,Larisa Savchenko,,169,URS,28.242,47,33,200037,6,,Sabine Appelmans,L,168,BEL,22.486,21,66,6-0 7-6,3,R32,,,,,,,,,,,,,,,,,,,
1994-714,Brighton,Carpet,32,T2,,19941017,12,200081,4,,Anke Huber,R,173,GER,19.869,12,94,200048,,Q,Elena Likhovtseva,R,174,RUS,19.108,60,27,6-4 3-6 6-4,3,R32,,,,,,,,,,,,,,,,,,,
1994-714,Brighton,Carpet,32,T2,,19941017,13,200097,,,Nathalie Tauziat,R,165,FRA,27.001,30,47,200084,,,Asa Carlsson,R,178,SWE,19.338,74,20,7-6 7-5,3,R32,,,,,,,,,,,,,,,,,,,
1994-714,Brighton,Carpet,32,T2,,19941017,14,200377,,,Helena Sukova,R,188,CZE,29.646,29,48,200686,,,Sandra Dopfer,,174,AUT,24.397,87,17,6-2 6-1,3,R32,,,,,,,,,,,,,,,,,,,
1994-714,Brighton,Carpet,32,T2,,19941017,15,200624,,,Tami Whitlinger Jones,,,USA,25.925,68,23,200039,8,,Chanda Rubin,R,168,USA,18.662,27,54,6-1 6-4,3,R32,,,,,,,,,,,,,,,,,,,
1994-714,Brighton,Carpet,32,T2,,19941017,16,200112,7,,Julie Halard Decugis,R,173,FRA,24.102,23,63,200542,,WC,Clare Wood,R,,GBR,26.610,107,14,6-3 6-2,3,R32,,,,,,,,,,,,,,,,,,,
1994-714,Brighton,Carpet,32,T2,,19941017,17,200049,1,,Conchita Martinez,R,170,ESP,22.503,3,219,200627,,,Petra Schwarz,R,168,AUT,22.399,66,24,6-3 6-4,3,R16,,,,,,,,,,,,,,,,,,,
1994-714,Brighton,Carpet,32,T2,,19941017,18,200450,,,Larisa Savchenko,,169,URS,28.242,47,33,200653,,,Yayuk Basuki,R,164,INA,23.880,26,55,4-6 6-3 6-3,3,R16,,,,,,,,,,,,,,,,,,,
1994-714,Brighton,Carpet,32,T2,,19941017,19,200097,,,Nathalie Tauziat,R,165,FRA,27.001,30,47,200081,4,,Anke Huber,R,173,GER,19.869,12,94,7-5 6-4,3,R16,,,,,,,,,,,,,,,,,,,
1994-714,Brighton,Carpet,32,T2,,19941017,20,200377,,,Helena Sukova,R,188,CZE,29.646,29,48,200624,,,Tami Whitlinger Jones,,,USA,25.925,68,23,6-1 6-2,3,R16,,,,,,,,,,,,,,,,,,,
1994-714,Brighton,Carpet,32,T2,,19941017,21,200112,7,,Julie Halard Decugis,R,173,FRA,24.102,23,63,200417,,WC,Gigi Fernandez,,170,USA,30.651,38,43,6-4 5-7 7-6,3,R16,,,,,,,,,,,,,,,,,,,
1994-714,Brighton,Carpet,32,T2,,19941017,22,200671,,,Meike Babel,R,173,GER,19.902,52,31,200548,,,Patty Fendick,R,165,USA,29.547,48,32,6-4 6-7 6-3,3,R16,,,,,,,,,,,,,,,,,,,
1994-714,Brighton,Carpet,32,T2,,19941017,23,200455,,,Katerina Maleeva,R,168,BUL,25.446,40,40,200024,,Q,Maria Vento Kabchi,R,168,VEN,20.400,205,5,6-4 5-7 6-4,3,R16,,,,,,,,,,,,,,,,,,,
1994-714,Brighton,Carpet,32,T2,,19941017,24,200539,2,,Jana Novotna,R,175,CZE,26.040,4,155,200497,,,Patricia Hy Boulais,R,163,CAN,29.153,58,28,6-2 6-2,3,R16,,,,,,,,,,,,,,,,,,,
1994-714,Brighton,Carpet,32,T2,,19941017,25,200450,,,Larisa Savchenko,,169,URS,28.242,47,33,200049,1,,Conchita Martinez,R,170,ESP,22.503,3,219,6-1 6-3,3,QF,,,,,,,,,,,,,,,,,,,
1994-714,Brighton,Carpet,32,T2,,19941017,26,200377,,,Helena Sukova,R,188,CZE,29.646,29,48,200097,,,Nathalie Tauziat,R,165,FRA,27.001,30,47,6-4 7-5,3,QF,,,,,,,,,,,,,,,,,,,
1994-714,Brighton,Carpet,32,T2,,19941017,27,200112,7,,Julie Halard Decugis,R,173,FRA,24.102,23,63,200671,,,Meike Babel,R,173,GER,19.902,52,31,6-4 6-1,3,QF,,,,,,,,,,,,,,,,,,,
1994-714,Brighton,Carpet,32,T2,,19941017,28,200539,2,,Jana Novotna,R,175,CZE,26.040,4,155,200455,,,Katerina Maleeva,R,168,BUL,25.446,40,40,6-4 6-2,3,QF,,,,,,,,,,,,,,,,,,,
1994-714,Brighton,Carpet,32,T2,,19941017,29,200377,,,Helena Sukova,R,188,CZE,29.646,29,48,200450,,,Larisa Savchenko,,169,URS,28.242,47,33,6-4 0-6 7-5,3,SF,,,,,,,,,,,,,,,,,,,
1994-714,Brighton,Carpet,32,T2,,19941017,30,200539,2,,Jana Novotna,R,175,CZE,26.040,4,155,200112,7,,Julie Halard Decugis,R,173,FRA,24.102,23,63,6-3 7-5,3,SF,,,,,,,,,,,,,,,,,,,
1994-714,Brighton,Carpet,32,T2,,19941017,31,200539,2,,Jana Novotna,R,175,CZE,26.040,4,155,200377,,,Helena Sukova,R,188,CZE,29.646,29,48,6-7 6-3 6-4,3,F,,,,,,,,,,,,,,,,,,,
1994-1031,Essen,Hard,32,T2,,19941024,1,200612,,,Natalia Medvedeva,R,176,UKR,22.941,43,36,200049,1,,Conchita Martinez,R,170,ESP,22.522,3,211,7-5 6-4,3,R32,,,,,,,,,,,,,,,,,,,
1994-1031,Essen,Hard,32,T2,,19941024,2,200006,,,Karina Habsudova,R,170,SVK,21.227,42,38,200482,,,Judith Wiesner,R,,AUT,28.647,23,61,6-4 6-4,3,R32,,,,,,,,,,,,,,,,,,,
1994-1031,Essen,Hard,32,T2,,19941024,3,200001,,WC,Martina Hingis,R,170,SUI,14.065,120,11,200701,,Q,Caroline Vis,R,180,NED,24.641,114,12,6-1 6-0,3,R32,,,,,,,,,,,,,,,,,,,
1994-1031,Essen,Hard,32,T2,,19941024,4,200651,4,,Sabine Hack,,170,GER,25.285,18,72,200698,,Q,Petra Begerow,R,178,GER,19.529,110,13,6-2 6-2,3,R32,,,,,,,,,,,,,,,,,,,
1994-1031,Essen,Hard,32,T2,,19941024,5,200037,6,,Sabine Appelmans,L,168,BEL,22.506,24,58,200506,,,Wiltrud Probst,R,170,GER,25.405,68,22,6-7 6-4 6-0,3,R32,,,,,,,,,,,,,,,,,,,
1994-1031,Essen,Hard,32,T2,,19941024,6,200089,,,Miriam Oremans,R,169,NED,22.122,49,32,200048,,,Elena Likhovtseva,R,174,RUS,19.127,61,27,6-4 6-3,3,R32,,,,,,,,,,,,,,,,,,,
1994-1031,Essen,Hard,32,T2,,19941024,7,200648,,WC,Marketa Kochta,R,168,GER,19.280,90,16,200082,,,Kristie Boogert,R,178,NED,20.855,52,29,3-6 6-4 7-6,3,R32,,,,,,,,,,,,,,,,,,,
1994-1031,Essen,Hard,32,T2,,19941024,8,200539,2,,Jana Novotna,R,175,CZE,26.059,4,154,200094,,,Barbara Rittner,R,173,GER,21.498,37,43,7-5 6-4,3,R32,,,,,,,,,,,,,,,,,,,
1994-1031,Essen,Hard,32,T2,,19941024,9,200601,,,Leila Meskhi,R,164,GEO,26.801,32,46,200051,,,Irina Spirlea,R,175,ROU,20.581,41,39,3-6 6-1 6-1,3,R32,,,,,,,,,,,,,,,,,,,
1994-1031,Essen,Hard,32,T2,,19941024,10,200481,,,Elna Reinach,,,RSA,25.892,69,22,200450,,,Larisa Savchenko,,169,URS,28.261,39,41,7-5 4-6 6-3,3,R32,,,,,,,,,,,,,,,,,,,
1994-1031,Essen,Hard,32,T2,,19941024,11,200554,7,,Brenda Schultz Mccarthy,R,188,NED,23.823,22,64,200643,,Q,Petra Kamstra,,,NED,20.603,141,9,7-6 6-3,3,R32,,,,,,,,,,,,,,,,,,,
1994-1031,Essen,Hard,32,T2,,19941024,12,200081,3,,Anke Huber,R,173,GER,19.888,13,85,200653,,,Yayuk Basuki,R,164,INA,23.899,25,57,6-3 6-0,3,R32,,,,,,,,,,,,,,,,,,,
1994-1031,Essen,Hard,32,T2,,19941024,13,200682,,LL,Joannette Kruger,R,179,RSA,21.139,81,18,200671,,,Meike Babel,R,173,GER,19.921,44,36,6-7 6-2 3-1 RET,3,R32,,,,,,,,,,,,,,,,,,,
1994-1031,Essen,Hard,32,T2,,19941024,14,200693,,,Elena Makarova,R,,RUS,21.725,51,32,200668,,,Silke Frankl,,,GER,24.406,70,22,6-2 6-3,3,R32,,,,,,,,,,,,,,,,,,,
1994-1031,Essen,Hard,32,T2,,19941024,15,200723,5,,Iva Majoli,R,175,CRO,17.200,19,69,200095,,,Linda Wild,R,,USA,23.699,45,36,6-7 7-6 7-6,3,R32,,,,,,,,,,,,,,,,,,,
1994-1031,Essen,Hard,32,T2,,19941024,16,200084,,Q,Asa Carlsson,R,178,SWE,19.357,72,20,200112,8,,Julie Halard Decugis,R,173,FRA,24.121,21,65,3-6 6-4 6-2,3,R32,,,,,,,,,,,,,,,,,,,
1994-1031,Essen,Hard,32,T2,,19941024,17,200612,,,Natalia Medvedeva,R,176,UKR,22.941,43,36,200601,,,Leila Meskhi,R,164,GEO,26.801,32,46,6-0 6-4,3,R16,,,,,,,,,,,,,,,,,,,
1994-1031,Essen,Hard,32,T2,,19941024,18,200554,7,,Brenda Schultz Mccarthy,R,188,NED,23.823,22,64,200481,,,Elna Reinach,,,RSA,25.892,69,22,6-4 6-0,3,R16,,,,,,,,,,,,,,,,,,,
1994-1031,Essen,Hard,32,T2,,19941024,19,200081,3,,Anke Huber,R,173,GER,19.888,13,85,200682,,LL,Joannette Kruger,R,179,RSA,21.139,81,18,6-2 6-3,3,R16,,,,,,,,,,,,,,,,,,,
1994-1031,Essen,Hard,32,T2,,19941024,20,200723,5,,Iva Majoli,R,175,CRO,17.200,19,69,200693,,,Elena Makarova,R,,RUS,21.725,51,32,6-3 6-2,3,R16,,,,,,,,,,,,,,,,,,,
1994-1031,Essen,Hard,32,T2,,19941024,21,200006,,,Karina Habsudova,R,170,SVK,21.227,42,38,200084,,Q,Asa Carlsson,R,178,SWE,19.357,72,20,6-2 6-4,3,R16,,,,,,,,,,,,,,,,,,,
1994-1031,Essen,Hard,32,T2,,19941024,22,200001,,WC,Martina Hingis,R,170,SUI,14.065,120,11,200651,4,,Sabine Hack,,170,GER,25.285,18,72,6-3 6-0,3,R16,,,,,,,,,,,,,,,,,,,
1994-1031,Essen,Hard,32,T2,,19941024,23,200037,6,,Sabine Appelmans,L,168,BEL,22.506,24,58,200089,,,Miriam Oremans,R,169,NED,22.122,49,32,6-0 7-5,3,R16,,,,,,,,,,,,,,,,,,,
1994-1031,Essen,Hard,32,T2,,19941024,24,200539,2,,Jana Novotna,R,175,CZE,26.059,4,154,200648,,WC,Marketa Kochta,R,168,GER,19.280,90,16,6-1 6-1,3,R16,,,,,,,,,,,,,,,,,,,
1994-1031,Essen,Hard,32,T2,,19941024,25,200612,,,Natalia Medvedeva,R,176,UKR,22.941,43,36,200554,7,,Brenda Schultz Mccarthy,R,188,NED,23.823,22,64,6-3 7-5,3,QF,,,,,,,,,,,,,,,,,,,
1994-1031,Essen,Hard,32,T2,,19941024,26,200723,5,,Iva Majoli,R,175,CRO,17.200,19,69,200081,3,,Anke Huber,R,173,GER,19.888,13,85,2-6 6-3 6-1,3,QF,,,,,,,,,,,,,,,,,,,
1994-1031,Essen,Hard,32,T2,,19941024,27,200006,,,Karina Habsudova,R,170,SVK,21.227,42,38,200001,,WC,Martina Hingis,R,170,SUI,14.065,120,11,6-3 2-6 6-2,3,QF,,,,,,,,,,,,,,,,,,,
1994-1031,Essen,Hard,32,T2,,19941024,28,200539,2,,Jana Novotna,R,175,CZE,26.059,4,154,200037,6,,Sabine Appelmans,L,168,BEL,22.506,24,58,6-4 6-3,3,QF,,,,,,,,,,,,,,,,,,,
1994-1031,Essen,Hard,32,T2,,19941024,29,200723,5,,Iva Majoli,R,175,CRO,17.200,19,69,200612,,,Natalia Medvedeva,R,176,UKR,22.941,43,36,1-6 6-2 7-6,3,SF,,,,,,,,,,,,,,,,,,,
1994-1031,Essen,Hard,32,T2,,19941024,30,200539,2,,Jana Novotna,R,175,CZE,26.059,4,154,200006,,,Karina Habsudova,R,170,SVK,21.227,42,38,6-1 7-5,3,SF,,,,,,,,,,,,,,,,,,,
1994-1031,Essen,Hard,32,T2,,19941024,31,200539,2,,Jana Novotna,R,175,CZE,26.059,4,154,200723,5,,Iva Majoli,R,175,CRO,17.200,19,69,6-2 6-4,3,F,,,,,,,,,,,,,,,,,,,
1994-656,Quebec City,Carpet,32,T3,,19941031,1,200064,1,,Amanda Coetzer,R,158,RSA,23.026,16,78,200024,,Q,Maria Vento Kabchi,R,168,VEN,20.438,169,7,5-7 7-6 6-2,3,R32,,,,,,,,,,,,,,,,,,,
1994-656,Quebec City,Carpet,32,T3,,19941031,2,200099,,WC,Sonya Jeyaseelan,R,157,CAN,18.519,181,7,201926,,,Stephanie Reece,,,USA,24.521,,,7-5 1-0 RET,3,R32,,,,,,,,,,,,,,,,,,,
1994-656,Quebec City,Carpet,32,T3,,19941031,3,200127,,,Sarah Pitkowski Malcor,R,,FRA,18.965,124,11,200587,,,Silke Meier,,,GER,26.300,105,14,6-1 6-3,3,R32,,,,,,,,,,,,,,,,,,,
1994-656,Quebec City,Carpet,32,T3,,19941031,4,200097,4,,Nathalie Tauziat,R,165,FRA,27.040,30,48,200593,,,Karine Quentrec,,,FRA,25.027,161,8,7-6 6-2,3,R32,,,,,,,,,,,,,,,,,,,
1994-656,Quebec City,Carpet,32,T3,,19941031,5,200095,6,,Linda Wild,R,,USA,23.718,44,34,200583,,LL,Laxmi Poruri,,,USA,21.974,198,6,6-0 7-6,3,R32,,,,,,,,,,,,,,,,,,,
1994-656,Quebec City,Carpet,32,T3,,19941031,6,200076,,,Laurence Courtois,R,172,BEL,18.785,104,14,200607,,,Beate Reinstadler,,168,AUT,27.450,81,18,7-6 2-6 6-4,3,R32,,,,,,,,,,,,,,,,,,,
1994-656,Quebec City,Carpet,32,T3,,19941031,7,200028,,,Maureen Drake,R,175,CAN,23.614,157,8,201924,,WC,Caroline Delisle,,,CAN,25.071,,,6-3 2-6 6-2,3,R32,,,,,,,,,,,,,,,,,,,
1994-656,Quebec City,Carpet,32,T3,,19941031,8,200554,2,,Brenda Schultz Mccarthy,R,188,NED,23.842,21,64,200645,,,Maja Zivec Skulj,,,GER,21.098,168,8,6-2 6-3,3,R32,,,,,,,,,,,,,,,,,,,
1994-656,Quebec City,Carpet,32,T3,,19941031,9,200640,,,Mercedes Paz,R,180,ARG,28.346,145,9,201925,,Q,Erica Adams,,,USA,25.293,,,6-1 6-1,3,R32,,,,,,,,,,,,,,,,,,,
1994-656,Quebec City,Carpet,32,T3,,19941031,10,201717,,,Michelle Jackson Nobrega,,,USA,20.841,150,9,201275,,,Julie Steven,,,USA,18.519,182,7,6-2 6-1,3,R32,,,,,,,,,,,,,,,,,,,
1994-656,Quebec City,Carpet,32,T3,,19941031,11,200455,5,,Katerina Maleeva,R,168,BUL,25.484,41,39,200621,,,Isabelle Demongeot,R,,FRA,28.118,143,9,6-3 6-2,3,R32,,,,,,,,,,,,,,,,,,,
1994-656,Quebec City,Carpet,32,T3,,19941031,12,200039,3,,Chanda Rubin,R,168,USA,18.700,29,51,201850,,Q,Nino Louarsabishvili,,,GEO,17.739,,,6-4 6-1,3,R32,,,,,,,,,,,,,,,,,,,
1994-656,Quebec City,Carpet,32,T3,,19941031,13,200485,,,Manon Bollegraf,R,173,NED,30.558,117,12,200608,,,Audra Keller,,,USA,22.955,151,9,6-4 3-6 6-2,3,R32,,,,,,,,,,,,,,,,,,,
1994-656,Quebec City,Carpet,32,T3,,19941031,14,200724,,,Lea Ghirardi,R,173,FRA,20.720,156,8,200057,,Q,Erika De Lone,R,,USA,22.046,,,6-7 6-4 6-0,3,R32,,,,,,,,,,,,,,,,,,,
1994-656,Quebec City,Carpet,32,T3,,19941031,15,200497,7,,Patricia Hy Boulais,R,163,CAN,29.192,55,28,200013,,,Angelica Gavaldon,R,,MEX,21.076,101,15,6-4 6-4,3,R32,,,,,,,,,,,,,,,,,,,
1994-656,Quebec City,Carpet,32,T3,,19941031,16,200481,8,,Elna Reinach,,,RSA,25.912,78,19,200012,,,Jana Nejedly,R,175,CAN,20.395,142,9,4-6 6-2 6-3,3,R32,,,,,,,,,,,,,,,,,,,
1994-656,Quebec City,Carpet,32,T3,,19941031,17,200064,1,,Amanda Coetzer,R,158,RSA,23.026,16,78,200640,,,Mercedes Paz,R,180,ARG,28.346,145,9,6-3 6-1,3,R16,,,,,,,,,,,,,,,,,,,
1994-656,Quebec City,Carpet,32,T3,,19941031,18,200455,5,,Katerina Maleeva,R,168,BUL,25.484,41,39,201717,,,Michelle Jackson Nobrega,,,USA,20.841,150,9,7-5 6-1,3,R16,,,,,,,,,,,,,,,,,,,
1994-656,Quebec City,Carpet,32,T3,,19941031,19,200039,3,,Chanda Rubin,R,168,USA,18.700,29,51,200485,,,Manon Bollegraf,R,173,NED,30.558,117,12,6-3 6-4,3,R16,,,,,,,,,,,,,,,,,,,
1994-656,Quebec City,Carpet,32,T3,,19941031,20,200497,7,,Patricia Hy Boulais,R,163,CAN,29.192,55,28,200724,,,Lea Ghirardi,R,173,FRA,20.720,156,8,6-3 7-5,3,R16,,,,,,,,,,,,,,,,,,,
1994-656,Quebec City,Carpet,32,T3,,19941031,21,200481,8,,Elna Reinach,,,RSA,25.912,78,19,200099,,WC,Sonya Jeyaseelan,R,157,CAN,18.519,181,7,4-6 6-2 7-5,3,R16,,,,,,,,,,,,,,,,,,,
1994-656,Quebec City,Carpet,32,T3,,19941031,22,200097,4,,Nathalie Tauziat,R,165,FRA,27.040,30,48,200127,,,Sarah Pitkowski Malcor,R,,FRA,18.965,124,11,6-3 6-7 6-3,3,R16,,,,,,,,,,,,,,,,,,,
1994-656,Quebec City,Carpet,32,T3,,19941031,23,200095,6,,Linda Wild,R,,USA,23.718,44,34,200076,,,Laurence Courtois,R,172,BEL,18.785,104,14,6-0 6-2,3,R16,,,,,,,,,,,,,,,,,,,
1994-656,Quebec City,Carpet,32,T3,,19941031,24,200554,2,,Brenda Schultz Mccarthy,R,188,NED,23.842,21,64,200028,,,Maureen Drake,R,175,CAN,23.614,157,8,6-4 3-6 6-3,3,R16,,,,,,,,,,,,,,,,,,,
1994-656,Quebec City,Carpet,32,T3,,19941031,25,200455,5,,Katerina Maleeva,R,168,BUL,25.484,41,39,200064,1,,Amanda Coetzer,R,158,RSA,23.026,16,78,6-4 5-7 7-5,3,QF,,,,,,,,,,,,,,,,,,,
1994-656,Quebec City,Carpet,32,T3,,19941031,26,200039,3,,Chanda Rubin,R,168,USA,18.700,29,51,200497,7,,Patricia Hy Boulais,R,163,CAN,29.192,55,28,6-4 7-6,3,QF,,,,,,,,,,,,,,,,,,,
1994-656,Quebec City,Carpet,32,T3,,19941031,27,200097,4,,Nathalie Tauziat,R,165,FRA,27.040,30,48,200481,8,,Elna Reinach,,,RSA,25.912,78,19,6-4 6-4,3,QF,,,,,,,,,,,,,,,,,,,
1994-656,Quebec City,Carpet,32,T3,,19941031,28,200554,2,,Brenda Schultz Mccarthy,R,188,NED,23.842,21,64,200095,6,,Linda Wild,R,,USA,23.718,44,34,7-6 3-6 6-4,3,QF,,,,,,,,,,,,,,,,,,,
1994-656,Quebec City,Carpet,32,T3,,19941031,29,200455,5,,Katerina Maleeva,R,168,BUL,25.484,41,39,200039,3,,Chanda Rubin,R,168,USA,18.700,29,51,4-6 6-4 6-3,3,SF,,,,,,,,,,,,,,,,,,,
1994-656,Quebec City,Carpet,32,T3,,19941031,30,200554,2,,Brenda Schultz Mccarthy,R,188,NED,23.842,21,64,200097,4,,Nathalie Tauziat,R,165,FRA,27.040,30,48,6-4 6-7 6-4,3,SF,,,,,,,,,,,,,,,,,,,
1994-656,Quebec City,Carpet,32,T3,,19941031,31,200455,5,,Katerina Maleeva,R,168,BUL,25.484,41,39,200554,2,,Brenda Schultz Mccarthy,R,188,NED,23.842,21,64,6-3 6-3,3,F,,,,,,,,,,,,,,,,,,,
1994-703,Oakland,Carpet,28,T2,,19941031,1,200748,,WC,Venus Williams,R,185,USA,14.371,,,200602,,,Shaun Stafford,R,180,USA,25.881,58,27,6-3 6-4,3,R32,,,,,,,,,,,,,,,,,,,
1994-703,Oakland,Carpet,28,T2,,19941031,2,200041,6,,Amy Frazier,R,175,USA,22.114,14,83,200357,,,Rosalyn Fairbank,R,173,USA,33.994,,,6-0 6-0,3,R32,,,,,,,,,,,,,,,,,,,
1994-703,Oakland,Carpet,28,T2,,19941031,3,200624,,,Tami Whitlinger Jones,,,USA,25.964,66,24,200360,,,Pam Shriver,R,183,USA,32.326,52,29,6-4 6-7 6-2,3,R32,,,,,,,,,,,,,,,,,,,
1994-703,Oakland,Carpet,28,T2,,19941031,4,200648,,,Marketa Kochta,R,168,GER,19.300,86,17,200708,,,Sandra Cacic,R,,USA,20.140,51,29,6-3 7-5,3,R32,,,,,,,,,,,,,,,,,,,
1994-703,Oakland,Carpet,28,T2,,19941031,5,200501,,,Marianne Werdel Witmeyer,,,USA,27.040,43,35,200682,,,Joannette Kruger,R,179,RSA,21.159,77,19,6-4 4-6 6-3,3,R32,,,,,,,,,,,,,,,,,,,
1994-703,Oakland,Carpet,28,T2,,19941031,6,200404,8,,Zina Garrison,R,164,USA,30.958,18,74,200021,,,Alexia Dechaume Balleret,R,,FRA,24.496,65,25,6-0 6-1,3,R32,,,,,,,,,,,,,,,,,,,
1994-703,Oakland,Carpet,28,T2,,19941031,7,200660,,,Kimberly Po Messerli,R,157,USA,23.031,56,28,200679,,,Caroline Kuhlman,,,USA,28.184,75,20,4-6 6-4 6-2,3,R32,,,,,,,,,,,,,,,,,,,
1994-703,Oakland,Carpet,28,T2,,19941031,8,200699,,,Meredith Mcgrath,,,USA,23.510,35,46,200031,,WC,Meilen Tu,R,163,USA,16.786,636,0,6-3 6-4,3,R32,,,,,,,,,,,,,,,,,,,
1994-703,Oakland,Carpet,28,T2,,19941031,9,200081,5,,Anke Huber,R,173,GER,19.907,13,88,201277,,,Anne Mall,R,,IRL,19.891,152,9,6-2 4-6 6-2,3,R32,,,,,,,,,,,,,,,,,,,
1994-703,Oakland,Carpet,28,T2,,19941031,10,200669,,,Debbie Graham,R,183,USA,24.184,90,17,200428,7,,Lori Mcneil,,170,USA,30.870,17,77,7-5 6-2,3,R32,,,,,,,,,,,,,,,,,,,
1994-703,Oakland,Carpet,28,T2,,19941031,11,200548,,,Patty Fendick,R,165,USA,29.586,53,29,200711,,,Tatiana Ignatieva,,173,BLR,20.389,111,13,6-4 6-2,3,R32,,,,,,,,,,,,,,,,,,,
1994-703,Oakland,Carpet,28,T2,,19941031,12,200005,,,Jolene Watanabe,R,,USA,26.166,120,11,200569,,,Petra Langrova,,,TCH,24.345,93,17,6-2 6-1,3,R32,,,,,,,,,,,,,,,,,,,
1994-703,Oakland,Carpet,28,T2,,19941031,13,200017,1,,Arantxa Sanchez Vicario,R,168,ESP,22.870,2,312,200748,,WC,Venus Williams,R,185,USA,14.371,,,2-6 6-3 6-0,3,R16,,,,,,,,,,,,,,,,,,,
1994-703,Oakland,Carpet,28,T2,,19941031,14,200404,8,,Zina Garrison,R,164,USA,30.958,18,74,200501,,,Marianne Werdel Witmeyer,,,USA,27.040,43,35,6-3 6-3,3,R16,,,,,,,,,,,,,,,,,,,
1994-703,Oakland,Carpet,28,T2,,19941031,15,200128,3,,Lindsay Davenport,R,189,USA,18.396,7,122,200660,,,Kimberly Po Messerli,R,157,USA,23.031,56,28,5-7 6-3 7-6,3,R16,,,,,,,,,,,,,,,,,,,
1994-703,Oakland,Carpet,28,T2,,19941031,16,200081,5,,Anke Huber,R,173,GER,19.907,13,88,200699,,,Meredith Mcgrath,,,USA,23.510,35,46,6-0 6-4,3,R16,,,,,,,,,,,,,,,,,,,
1994-703,Oakland,Carpet,28,T2,,19941031,17,200669,,,Debbie Graham,R,183,USA,24.184,90,17,200548,,,Patty Fendick,R,165,USA,29.586,53,29,5-7 6-2 6-2,3,R16,,,,,,,,,,,,,,,,,,,
1994-703,Oakland,Carpet,28,T2,,19941031,18,200005,,,Jolene Watanabe,R,,USA,26.166,120,11,200362,,LL,Liz Smylie,R,170,AUS,31.557,185,6,6-0 6-2,3,R16,,,,,,,,,,,,,,,,,,,
1994-703,Oakland,Carpet,28,T2,,19941031,19,200041,6,,Amy Frazier,R,175,USA,22.114,14,83,200624,,,Tami Whitlinger Jones,,,USA,25.964,66,24,6-4 6-2,3,R16,,,,,,,,,,,,,,,,,,,
1994-703,Oakland,Carpet,28,T2,,19941031,20,200293,2,,Martina Navratilova,L,173,USA,38.035,5,146,200648,,,Marketa Kochta,R,168,GER,19.300,86,17,4-6 6-2 6-3,3,R16,,,,,,,,,,,,,,,,,,,
1994-703,Oakland,Carpet,28,T2,,19941031,21,200017,1,,Arantxa Sanchez Vicario,R,168,ESP,22.870,2,312,200404,8,,Zina Garrison,R,164,USA,30.958,18,74,6-3 6-3,3,QF,,,,,,,,,,,,,,,,,,,
1994-703,Oakland,Carpet,28,T2,,19941031,22,200128,3,,Lindsay Davenport,R,189,USA,18.396,7,122,200081,5,,Anke Huber,R,173,GER,19.907,13,88,6-2 6-2,3,QF,,,,,,,,,,,,,,,,,,,
1994-703,Oakland,Carpet,28,T2,,19941031,23,200669,,,Debbie Graham,R,183,USA,24.184,90,17,200005,,,Jolene Watanabe,R,,USA,26.166,120,11,6-0 6-2,3,QF,,,,,,,,,,,,,,,,,,,
1994-703,Oakland,Carpet,28,T2,,19941031,24,200293,2,,Martina Navratilova,L,173,USA,38.035,5,146,200041,6,,Amy Frazier,R,175,USA,22.114,14,83,2-6 6-4 6-1,3,QF,,,,,,,,,,,,,,,,,,,
1994-703,Oakland,Carpet,28,T2,,19941031,25,200017,1,,Arantxa Sanchez Vicario,R,168,ESP,22.870,2,312,200128,3,,Lindsay Davenport,R,189,USA,18.396,7,122,6-2 4-6 6-3,3,SF,,,,,,,,,,,,,,,,,,,
1994-703,Oakland,Carpet,28,T2,,19941031,26,200293,2,,Martina Navratilova,L,173,USA,38.035,5,146,200669,,,Debbie Graham,R,183,USA,24.184,90,17,3-6 6-2 7-5,3,SF,,,,,,,,,,,,,,,,,,,
1994-703,Oakland,Carpet,28,T2,,19941031,27,200017,1,,Arantxa Sanchez Vicario,R,168,ESP,22.870,2,312,200293,2,,Martina Navratilova,L,173,USA,38.035,5,146,1-6 7-6 7-6,3,F,,,,,,,,,,,,,,,,,,,
1994-465,Surabaya,Hard,32,T4,,19941107,1,200653,1,,Yayuk Basuki,R,164,INA,23.938,29,53,200715,,,Mariaan De Swardt,R,177,RSA,23.642,99,15,6-4 7-5,3,R32,,,,,,,,,,,,,,,,,,,
1994-465,Surabaya,Hard,32,T4,,19941107,2,200645,,,Maja Zivec Skulj,,,GER,21.117,167,8,202042,,WC,Natalia Soetrisno,,,INA,18.829,300,2,6-1 6-3,3,R32,,,,,,,,,,,,,,,,,,,
1994-465,Surabaya,Hard,32,T4,,19941107,3,200560,,Q,Rene Simpson,L,165,CAN,28.814,175,7,201059,,,Misumi Miyauchi,,,JPN,23.171,147,9,6-0 6-3,3,R32,,,,,,,,,,,,,,,,,,,
1994-465,Surabaya,Hard,32,T4,,19941107,4,200697,,,Janette Husarova,R,169,SVK,20.428,161,8,200019,3,,Alexandra Fusai,R,176,FRA,20.959,79,19,6-7 6-3 6-4,3,R32,,,,,,,,,,,,,,,,,,,
1994-465,Surabaya,Hard,32,T4,,19941107,5,200570,5,,Veronika Martinek,,160,GER,22.596,87,17,202043,,WC,Mimma Chernovita,,,INA,19.989,610,0,6-0 6-0,3,R32,,,,,,,,,,,,,,,,,,,
1994-465,Surabaya,Hard,32,T4,,19941107,6,200698,,,Petra Begerow,R,178,GER,19.568,105,14,200718,,,Ludmila Richterova,,180,CZE,17.670,97,15,3-6 6-4 6-3,3,R32,,,,,,,,,,,,,,,,,,,
1994-465,Surabaya,Hard,32,T4,,19941107,7,200716,,,Sung Hee Park,R,165,KOR,19.721,126,11,200010,,,Rita Grande,R,177,ITA,19.628,166,8,7-6 6-2,3,R32,,,,,,,,,,,,,,,,,,,
1994-465,Surabaya,Hard,32,T4,,19941107,8,200684,2,,Shi Ting Wang,R,171,TPE,21.052,47,32,200063,,,Tatiana Panova,R,154,RUS,18.234,133,10,6-1 6-4,3,R32,,,,,,,,,,,,,,,,,,,
1994-465,Surabaya,Hard,32,T4,,19941107,9,200614,,,Elena Pampoulova,,,BUL,22.475,,,200726,,,Nancy Feber,L,160,BEL,18.755,109,13,6-4 6-2,3,R32,,,,,,,,,,,,,,,,,,,
1994-465,Surabaya,Hard,32,T4,,19941107,10,201927,,Q,Ludmilla Varmuza,L,,SMR,15.699,235,4,200615,,Q,Kristin Godridge,,,HKG,21.747,192,6,6-3 6-4,3,R32,,,,,,,,,,,,,,,,,,,
1994-465,Surabaya,Hard,32,T4,,19941107,11,200657,7,,Radka Bobkova,R,172,CZE,21.734,90,17,200004,,Q,Kerry Anne Guse,R,159,AUS,21.925,207,5,7-6 3-6 6-1,3,R32,,,,,,,,,,,,,,,,,,,
1994-465,Surabaya,Hard,32,T4,,19941107,12,200498,,,Michelle Jaggard Lai,R,146,AUS,25.506,140,10,200690,4,,Kyoko Nagatsuka,,166,JPN,20.707,82,18,7-5 6-4,3,R32,,,,,,,,,,,,,,,,,,,
1994-465,Surabaya,Hard,32,T4,,19941107,13,200707,,,Romana Tedjakusuma,R,,INA,18.289,151,9,200702,,,Naoko Kijimuta,R,164,JPN,22.618,153,8,7-6 6-4,3,R32,,,,,,,,,,,,,,,,,,,
1994-465,Surabaya,Hard,32,T4,,19941107,14,200703,,,Katarina Studenikova,R,172,SVK,22.180,131,10,201626,,,Petra Winzenholler,,,GER,22.659,155,8,6-4 6-3,3,R32,,,,,,,,,,,,,,,,,,,
1994-465,Surabaya,Hard,32,T4,,19941107,15,200604,,,Barbara Paulus,R,177,AUT,24.184,127,11,200032,6,,Barbara Schett,R,176,AUT,18.662,89,17,7-6 RET,3,R32,,,,,,,,,,,,,,,,,,,
1994-465,Surabaya,Hard,32,T4,,19941107,16,200085,8,,Ai Sugiyama,R,163,JPN,19.343,91,17,200080,,,Dominique Monami,R,170,BEL,21.438,137,10,3-6 6-2 6-4,3,R32,,,,,,,,,,,,,,,,,,,
1994-465,Surabaya,Hard,32,T4,,19941107,17,200614,,,Elena Pampoulova,,,BUL,22.475,,,200653,1,,Yayuk Basuki,R,164,INA,23.938,29,53,6-7 6-0 6-2,3,R16,,,,,,,,,,,,,,,,,,,
1994-465,Surabaya,Hard,32,T4,,19941107,18,200657,7,,Radka Bobkova,R,172,CZE,21.734,90,17,201927,,Q,Ludmilla Varmuza,L,,SMR,15.699,235,4,6-2 RET,3,R16,,,,,,,,,,,,,,,,,,,
1994-465,Surabaya,Hard,32,T4,,19941107,19,200498,,,Michelle Jaggard Lai,R,146,AUS,25.506,140,10,200707,,,Romana Tedjakusuma,R,,INA,18.289,151,9,6-4 6-1,3,R16,,,,,,,,,,,,,,,,,,,
1994-465,Surabaya,Hard,32,T4,,19941107,20,200703,,,Katarina Studenikova,R,172,SVK,22.180,131,10,200604,,,Barbara Paulus,R,177,AUT,24.184,127,11,6-2 6-3,3,R16,,,,,,,,,,,,,,,,,,,
1994-465,Surabaya,Hard,32,T4,,19941107,21,200085,8,,Ai Sugiyama,R,163,JPN,19.343,91,17,200645,,,Maja Zivec Skulj,,,GER,21.117,167,8,6-2 5-7 6-2,3,R16,,,,,,,,,,,,,,,,,,,
1994-465,Surabaya,Hard,32,T4,,19941107,22,200697,,,Janette Husarova,R,169,SVK,20.428,161,8,200560,,Q,Rene Simpson,L,165,CAN,28.814,175,7,6-1 1-6 6-1,3,R16,,,,,,,,,,,,,,,,,,,
1994-465,Surabaya,Hard,32,T4,,19941107,23,200698,,,Petra Begerow,R,178,GER,19.568,105,14,200570,5,,Veronika Martinek,,160,GER,22.596,87,17,5-7 7-6 4-0 RET,3,R16,,,,,,,,,,,,,,,,,,,
1994-465,Surabaya,Hard,32,T4,,19941107,24,200716,,,Sung Hee Park,R,165,KOR,19.721,126,11,200684,2,,Shi Ting Wang,R,171,TPE,21.052,47,32,7-5 0-6 6-3,3,R16,,,,,,,,,,,,,,,,,,,
1994-465,Surabaya,Hard,32,T4,,19941107,25,200614,,,Elena Pampoulova,,,BUL,22.475,,,200657,7,,Radka Bobkova,R,172,CZE,21.734,90,17,6-2 7-5,3,QF,,,,,,,,,,,,,,,,,,,
1994-465,Surabaya,Hard,32,T4,,19941107,26,200498,,,Michelle Jaggard Lai,R,146,AUS,25.506,140,10,200703,,,Katarina Studenikova,R,172,SVK,22.180,131,10,7-5 7-6,3,QF,,,,,,,,,,,,,,,,,,,
1994-465,Surabaya,Hard,32,T4,,19941107,27,200085,8,,Ai Sugiyama,R,163,JPN,19.343,91,17,200697,,,Janette Husarova,R,169,SVK,20.428,161,8,7-5 6-3,3,QF,,,,,,,,,,,,,,,,,,,
1994-465,Surabaya,Hard,32,T4,,19941107,28,200716,,,Sung Hee Park,R,165,KOR,19.721,126,11,200698,,,Petra Begerow,R,178,GER,19.568,105,14,6-2 6-2,3,QF,,,,,,,,,,,,,,,,,,,
1994-465,Surabaya,Hard,32,T4,,19941107,29,200614,,,Elena Pampoulova,,,BUL,22.475,,,200498,,,Michelle Jaggard Lai,R,146,AUS,25.506,140,10,6-1 6-2,3,SF,,,,,,,,,,,,,,,,,,,
1994-465,Surabaya,Hard,32,T4,,19941107,30,200085,8,,Ai Sugiyama,R,163,JPN,19.343,91,17,200716,,,Sung Hee Park,R,165,KOR,19.721,126,11,6-3 4-6 6-3,3,SF,,,,,,,,,,,,,,,,,,,
1994-465,Surabaya,Hard,32,T4,,19941107,31,200614,,,Elena Pampoulova,,,BUL,22.475,,,200085,8,,Ai Sugiyama,R,163,JPN,19.343,91,17,2-6 6-0 RET,3,F,,,,,,,,,,,,,,,,,,,
1994-535,Philadelphia,Carpet,32,T1,,19941107,1,200097,,,Nathalie Tauziat,R,165,FRA,27.059,39,43,200049,1,,Conchita Martinez,R,170,ESP,22.560,3,200,6-4 6-4,3,R32,,,,,,,,,,,,,,,,,,,
1994-535,Philadelphia,Carpet,32,T1,,19941107,2,200112,,,Julie Halard Decugis,R,173,FRA,24.159,22,63,200095,,,Linda Wild,R,,USA,23.738,45,34,6-2 3-6 6-3,3,R32,,,,,,,,,,,,,,,,,,,
1994-535,Philadelphia,Carpet,32,T1,,19941107,3,200554,,,Brenda Schultz Mccarthy,R,188,NED,23.861,17,71,200360,,,Pam Shriver,R,183,USA,32.346,57,27,6-4 6-0,3,R32,,,,,,,,,,,,,,,,,,,
1994-535,Philadelphia,Carpet,32,T1,,19941107,4,200128,3,,Lindsay Davenport,R,189,USA,18.415,7,124,200624,,Q,Tami Whitlinger Jones,,,USA,25.983,62,26,7-5 6-3,3,R32,,,,,,,,,,,,,,,,,,,
1994-535,Philadelphia,Carpet,32,T1,,19941107,5,200031,,WC,Meilen Tu,R,163,USA,16.805,604,0,200064,8,,Amanda Coetzer,R,158,RSA,23.045,16,76,6-1 6-3,3,R32,,,,,,,,,,,,,,,,,,,
1994-535,Philadelphia,Carpet,32,T1,,19941107,6,200455,,,Katerina Maleeva,R,168,BUL,25.504,36,44,200404,,,Zina Garrison,R,164,USA,30.977,19,68,6-4 7-5,3,R32,,,,,,,,,,,,,,,,,,,
1994-535,Philadelphia,Carpet,32,T1,,19941107,7,200548,,,Patty Fendick,R,165,USA,29.605,51,30,200501,,,Marianne Werdel Witmeyer,,,USA,27.059,43,35,6-2 6-4,3,R32,,,,,,,,,,,,,,,,,,,
1994-535,Philadelphia,Carpet,32,T1,,19941107,8,200096,2,,Mary Pierce,R,178,FRA,19.811,5,143,200711,,LL,Tatiana Ignatieva,,173,BLR,20.408,112,13,6-0 6-1,3,R32,,,,,,,,,,,,,,,,,,,
1994-535,Philadelphia,Carpet,32,T1,,19941107,9,200660,,,Kimberly Po Messerli,R,157,USA,23.050,56,27,200024,,Q,Maria Vento Kabchi,R,168,VEN,20.458,169,7,6-4 1-6 7-6,3,R32,,,,,,,,,,,,,,,,,,,
1994-535,Philadelphia,Carpet,32,T1,,19941107,10,200020,,,Lisa Raymond,R,165,USA,21.243,44,34,200708,,,Sandra Cacic,R,,USA,20.159,52,29,2-6 7-6 7-5,3,R32,,,,,,,,,,,,,,,,,,,
1994-535,Philadelphia,Carpet,32,T1,,19941107,11,200081,6,,Anke Huber,R,173,GER,19.926,13,87,200077,,WC,Jennifer Capriati,R,170,USA,18.610,,,6-4 3-6 6-1,3,R32,,,,,,,,,,,,,,,,,,,
1994-535,Philadelphia,Carpet,32,T1,,19941107,12,200572,4,,Gabriela Sabatini,R,175,ARG,24.480,9,113,200012,,Q,Jana Nejedly,R,175,CAN,20.414,141,9,6-4 6-1,3,R32,,,,,,,,,,,,,,,,,,,
1994-535,Philadelphia,Carpet,32,T1,,19941107,13,200682,,LL,Joannette Kruger,R,179,RSA,21.178,81,18,200602,,,Shaun Stafford,R,180,USA,25.901,55,27,6-3 6-3,3,R32,,,,,,,,,,,,,,,,,,,
1994-535,Philadelphia,Carpet,32,T1,,19941107,14,200057,,Q,Erika De Lone,R,,USA,22.065,242,4,200640,,LL,Mercedes Paz,R,180,ARG,28.365,139,10,6-3 6-2,3,R32,,,,,,,,,,,,,,,,,,,
1994-535,Philadelphia,Carpet,32,T1,,19941107,15,200039,,,Chanda Rubin,R,168,USA,18.719,26,55,200041,7,,Amy Frazier,R,175,USA,22.133,14,85,6-1 6-1,3,R32,,,,,,,,,,,,,,,,,,,
1994-535,Philadelphia,Carpet,32,T1,,19941107,16,200116,5,,Natalia Zvereva,R,174,BLR,23.562,10,113,200699,,,Meredith Mcgrath,,,USA,23.530,34,45,6-4 6-3,3,R32,,,,,,,,,,,,,,,,,,,
1994-535,Philadelphia,Carpet,32,T1,,19941107,17,200660,,,Kimberly Po Messerli,R,157,USA,23.050,56,27,200097,,,Nathalie Tauziat,R,165,FRA,27.059,39,43,6-3 2-6 7-5,3,R16,,,,,,,,,,,,,,,,,,,
1994-535,Philadelphia,Carpet,32,T1,,19941107,18,200081,6,,Anke Huber,R,173,GER,19.926,13,87,200020,,,Lisa Raymond,R,165,USA,21.243,44,34,5-7 6-3 7-6,3,R16,,,,,,,,,,,,,,,,,,,
1994-535,Philadelphia,Carpet,32,T1,,19941107,19,200572,4,,Gabriela Sabatini,R,175,ARG,24.480,9,113,200682,,LL,Joannette Kruger,R,179,RSA,21.178,81,18,6-4 6-0,3,R16,,,,,,,,,,,,,,,,,,,
1994-535,Philadelphia,Carpet,32,T1,,19941107,20,200039,,,Chanda Rubin,R,168,USA,18.719,26,55,200057,,Q,Erika De Lone,R,,USA,22.065,242,4,6-2 6-2,3,R16,,,,,,,,,,,,,,,,,,,
1994-535,Philadelphia,Carpet,32,T1,,19941107,21,200116,5,,Natalia Zvereva,R,174,BLR,23.562,10,113,200112,,,Julie Halard Decugis,R,173,FRA,24.159,22,63,6-1 6-4,3,R16,,,,,,,,,,,,,,,,,,,
1994-535,Philadelphia,Carpet,32,T1,,19941107,22,200554,,,Brenda Schultz Mccarthy,R,188,NED,23.861,17,71,200128,3,,Lindsay Davenport,R,189,USA,18.415,7,124,2-6 6-2 6-4,3,R16,,,,,,,,,,,,,,,,,,,
1994-535,Philadelphia,Carpet,32,T1,,19941107,23,200031,,WC,Meilen Tu,R,163,USA,16.805,604,0,200455,,,Katerina Maleeva,R,168,BUL,25.504,36,44,6-4 6-3,3,R16,,,,,,,,,,,,,,,,,,,
1994-535,Philadelphia,Carpet,32,T1,,19941107,24,200096,2,,Mary Pierce,R,178,FRA,19.811,5,143,200548,,,Patty Fendick,R,165,USA,29.605,51,30,6-3 6-1,3,R16,,,,,,,,,,,,,,,,,,,
1994-535,Philadelphia,Carpet,32,T1,,19941107,25,200081,6,,Anke Huber,R,173,GER,19.926,13,87,200660,,,Kimberly Po Messerli,R,157,USA,23.050,56,27,6-3 6-2,3,QF,,,,,,,,,,,,,,,,,,,
1994-535,Philadelphia,Carpet,32,T1,,19941107,26,200572,4,,Gabriela Sabatini,R,175,ARG,24.480,9,113,200039,,,Chanda Rubin,R,168,USA,18.719,26,55,6-3 6-0,3,QF,,,,,,,,,,,,,,,,,,,
1994-535,Philadelphia,Carpet,32,T1,,19941107,27,200116,5,,Natalia Zvereva,R,174,BLR,23.562,10,113,200554,,,Brenda Schultz Mccarthy,R,188,NED,23.861,17,71,6-1 7-6,3,QF,,,,,,,,,,,,,,,,,,,
1994-535,Philadelphia,Carpet,32,T1,,19941107,28,200096,2,,Mary Pierce,R,178,FRA,19.811,5,143,200031,,WC,Meilen Tu,R,163,USA,16.805,604,0,6-2 6-4,3,QF,,,,,,,,,,,,,,,,,,,
1994-535,Philadelphia,Carpet,32,T1,,19941107,29,200081,6,,Anke Huber,R,173,GER,19.926,13,87,200572,4,,Gabriela Sabatini,R,175,ARG,24.480,9,113,6-7 6-1 6-4,3,SF,,,,,,,,,,,,,,,,,,,
1994-535,Philadelphia,Carpet,32,T1,,19941107,30,200096,2,,Mary Pierce,R,178,FRA,19.811,5,143,200116,5,,Natalia Zvereva,R,174,BLR,23.562,10,113,6-3 6-3,3,SF,,,,,,,,,,,,,,,,,,,
1994-535,Philadelphia,Carpet,32,T1,,19941107,31,200081,6,,Anke Huber,R,173,GER,19.926,13,87,200096,2,,Mary Pierce,R,178,FRA,19.811,5,143,6-0 6-7 7-5,3,F,,,,,,,,,,,,,,,,,,,
1994-579,Taipei,Hard,32,T4,,19941114,1,200684,1,,Shi Ting Wang,R,171,TPE,21.071,44,34,200645,,,Maja Zivec Skulj,,,GER,21.137,150,9,6-3 6-1,3,R32,,,,,,,,,,,,,,,,,,,
1994-579,Taipei,Hard,32,T4,,19941114,2,200080,,,Dominique Monami,R,170,BEL,21.457,145,9,202203,,WC,Yu Min Fan Chiang,,,TPE,17.076,,,6-3 6-4,3,R32,,,,,,,,,,,,,,,,,,,
1994-579,Taipei,Hard,32,T4,,19941114,3,200703,,,Katarina Studenikova,R,172,SVK,22.199,122,12,200636,,LL,Danielle Jones,,,AUS,25.698,270,3,6-3 6-3,3,R32,,,,,,,,,,,,,,,,,,,
1994-579,Taipei,Hard,32,T4,,19941114,4,200690,4,,Kyoko Nagatsuka,,166,JPN,20.726,91,16,202204,,LL,Yu Hsien Liu,,,TPE,20.244,,,6-1 6-1,3,R32,,,,,,,,,,,,,,,,,,,
1994-579,Taipei,Hard,32,T4,,19941114,5,200665,6,,Yone Kamio,R,164,JPN,22.979,90,17,200560,,,Rene Simpson,L,165,CAN,28.833,153,8,6-1 6-2,3,R32,,,,,,,,,,,,,,,,,,,
1994-579,Taipei,Hard,32,T4,,19941114,6,200498,,,Michelle Jaggard Lai,R,146,AUS,25.526,121,12,200707,,,Romana Tedjakusuma,R,,INA,18.308,139,10,6-3 4-6 6-2,3,R32,,,,,,,,,,,,,,,,,,,
1994-579,Taipei,Hard,32,T4,,19941114,7,200697,,,Janette Husarova,R,169,SVK,20.447,146,9,202205,,LL,Shu Ping Lin,,,AUS,20.715,,,7-5 6-2,3,R32,,,,,,,,,,,,,,,,,,,
1994-579,Taipei,Hard,32,T4,,19941114,8,200606,2,,Nana Smith,R,163,JPN,23.598,60,26,202192,,WC,Tzu Ting Weng,,,TPE,16.373,587,0,6-2 6-0,3,R32,,,,,,,,,,,,,,,,,,,
1994-579,Taipei,Hard,32,T4,,19941114,9,200728,,Q,Melanie Schnell,R,,AUT,17.725,218,5,201059,,,Misumi Miyauchi,,,JPN,23.190,148,9,6-0 6-1,3,R32,,,,,,,,,,,,,,,,,,,
1994-579,Taipei,Hard,32,T4,,19941114,10,200005,,,Jolene Watanabe,R,,USA,26.205,106,14,200721,,Q,Hiromi Nagano,,,JPN,23.321,180,7,6-2 6-2,3,R32,,,,,,,,,,,,,,,,,,,
1994-579,Taipei,Hard,32,T4,,19941114,11,200702,,,Naoko Kijimuta,R,164,JPN,22.637,166,8,200032,7,,Barbara Schett,R,176,AUT,18.681,95,16,6-1 6-1,3,R32,,,,,,,,,,,,,,,,,,,
1994-579,Taipei,Hard,32,T4,,19941114,12,200004,,Q,Kerry Anne Guse,R,159,AUS,21.944,219,5,200019,3,,Alexandra Fusai,R,176,FRA,20.978,83,18,7-5 6-4,3,R32,,,,,,,,,,,,,,,,,,,
1994-579,Taipei,Hard,32,T4,,19941114,13,200010,,,Rita Grande,R,177,ITA,19.647,173,7,200718,,,Ludmila Richterova,,180,CZE,17.690,105,14,6-0 6-1,3,R32,,,,,,,,,,,,,,,,,,,
1994-579,Taipei,Hard,32,T4,,19941114,14,200604,,,Barbara Paulus,R,177,AUT,24.203,120,12,201626,,,Petra Winzenholler,,,GER,22.678,154,8,6-3 6-1,3,R32,,,,,,,,,,,,,,,,,,,
1994-579,Taipei,Hard,32,T4,,19941114,15,200657,8,,Radka Bobkova,R,172,CZE,21.753,87,17,201993,,Q,Pavlina Rajzlova,,,CZE,22.478,231,4,6-2 6-3,3,R32,,,,,,,,,,,,,,,,,,,
1994-579,Taipei,Hard,32,T4,,19941114,16,200570,5,,Veronika Martinek,,160,GER,22.615,84,18,200726,,,Nancy Feber,L,160,BEL,18.774,119,12,7-6 6-2,3,R32,,,,,,,,,,,,,,,,,,,
1994-579,Taipei,Hard,32,T4,,19941114,17,200684,1,,Shi Ting Wang,R,171,TPE,21.071,44,34,200728,,Q,Melanie Schnell,R,,AUT,17.725,218,5,6-2 6-1,3,R16,,,,,,,,,,,,,,,,,,,
1994-579,Taipei,Hard,32,T4,,19941114,18,200005,,,Jolene Watanabe,R,,USA,26.205,106,14,200702,,,Naoko Kijimuta,R,164,JPN,22.637,166,8,7-6 6-1,3,R16,,,,,,,,,,,,,,,,,,,
1994-579,Taipei,Hard,32,T4,,19941114,19,200010,,,Rita Grande,R,177,ITA,19.647,173,7,200004,,Q,Kerry Anne Guse,R,159,AUS,21.944,219,5,6-4 6-3,3,R16,,,,,,,,,,,,,,,,,,,
1994-579,Taipei,Hard,32,T4,,19941114,20,200657,8,,Radka Bobkova,R,172,CZE,21.753,87,17,200604,,,Barbara Paulus,R,177,AUT,24.203,120,12,6-1 6-4,3,R16,,,,,,,,,,,,,,,,,,,
1994-579,Taipei,Hard,32,T4,,19941114,21,200080,,,Dominique Monami,R,170,BEL,21.457,145,9,200570,5,,Veronika Martinek,,160,GER,22.615,84,18,4-6 6-0 6-2,3,R16,,,,,,,,,,,,,,,,,,,
1994-579,Taipei,Hard,32,T4,,19941114,22,200690,4,,Kyoko Nagatsuka,,166,JPN,20.726,91,16,200703,,,Katarina Studenikova,R,172,SVK,22.199,122,12,5-7 7-6 6-2,3,R16,,,,,,,,,,,,,,,,,,,
1994-579,Taipei,Hard,32,T4,,19941114,23,200665,6,,Yone Kamio,R,164,JPN,22.979,90,17,200498,,,Michelle Jaggard Lai,R,146,AUS,25.526,121,12,6-3 7-5,3,R16,,,,,,,,,,,,,,,,,,,
1994-579,Taipei,Hard,32,T4,,19941114,24,200606,2,,Nana Smith,R,163,JPN,23.598,60,26,200697,,,Janette Husarova,R,169,SVK,20.447,146,9,6-1 6-3,3,R16,,,,,,,,,,,,,,,,,,,
1994-579,Taipei,Hard,32,T4,,19941114,25,200684,1,,Shi Ting Wang,R,171,TPE,21.071,44,34,200005,,,Jolene Watanabe,R,,USA,26.205,106,14,6-7 6-3 6-0,3,QF,,,,,,,,,,,,,,,,,,,
1994-579,Taipei,Hard,32,T4,,19941114,26,200010,,,Rita Grande,R,177,ITA,19.647,173,7,200657,8,,Radka Bobkova,R,172,CZE,21.753,87,17,6-3 6-4,3,QF,,,,,,,,,,,,,,,,,,,
1994-579,Taipei,Hard,32,T4,,19941114,27,200690,4,,Kyoko Nagatsuka,,166,JPN,20.726,91,16,200080,,,Dominique Monami,R,170,BEL,21.457,145,9,7-5 6-3,3,QF,,,,,,,,,,,,,,,,,,,
1994-579,Taipei,Hard,32,T4,,19941114,28,200665,6,,Yone Kamio,R,164,JPN,22.979,90,17,200606,2,,Nana Smith,R,163,JPN,23.598,60,26,6-2 6-2,3,QF,,,,,,,,,,,,,,,,,,,
1994-579,Taipei,Hard,32,T4,,19941114,29,200684,1,,Shi Ting Wang,R,171,TPE,21.071,44,34,200010,,,Rita Grande,R,177,ITA,19.647,173,7,7-6 6-2,3,SF,,,,,,,,,,,,,,,,,,,
1994-579,Taipei,Hard,32,T4,,19941114,30,200690,4,,Kyoko Nagatsuka,,166,JPN,20.726,91,16,200665,6,,Yone Kamio,R,164,JPN,22.979,90,17,2-6 7-5 6-3,3,SF,,,,,,,,,,,,,,,,,,,
1994-579,Taipei,Hard,32,T4,,19941114,31,200684,1,,Shi Ting Wang,R,171,TPE,21.071,44,34,200690,4,,Kyoko Nagatsuka,,166,JPN,20.726,91,16,6-1 6-3,3,F,,,,,,,,,,,,,,,,,,,
1994-808,Virginia Slims Championships,Carpet,16,W,,19941114,1,200414,1,,Steffi Graf,R,175,GER,25.419,1,365,200554,,,Brenda Schultz Mccarthy,R,188,NED,23.880,15,76,7-5 6-3,3,R16,,,,,,,,,,,,,,,,,,,
1994-808,Virginia Slims Championships,Carpet,16,W,,19941114,2,200096,5,,Mary Pierce,R,178,FRA,19.831,5,155,200064,,,Amanda Coetzer,R,158,RSA,23.064,17,72,5-7 6-3 6-3,3,R16,,,,,,,,,,,,,,,,,,,
1994-808,Virginia Slims Championships,Carpet,16,W,,19941114,3,200539,4,,Jana Novotna,R,175,CZE,26.117,4,162,200723,,,Iva Majoli,R,175,CRO,17.257,14,84,6-2 3-6 6-1,3,R16,,,,,,,,,,,,,,,,,,,
1994-808,Virginia Slims Championships,Carpet,16,W,,19941114,4,200128,7,,Lindsay Davenport,R,189,USA,18.434,7,124,200081,,,Anke Huber,R,173,GER,19.946,11,102,6-2 6-3,3,R16,,,,,,,,,,,,,,,,,,,
1994-808,Virginia Slims Championships,Carpet,16,W,,19941114,5,200617,8,,Kimiko Date Krumm,R,163,JPN,24.129,10,114,200651,,,Sabine Hack,,170,GER,25.342,19,67,6-3 6-0,3,R16,,,,,,,,,,,,,,,,,,,
1994-808,Virginia Slims Championships,Carpet,16,W,,19941114,6,200049,3,,Conchita Martinez,R,170,ESP,22.580,3,179,200116,,,Natalia Zvereva,R,174,BLR,23.582,8,120,2-6 6-2 6-4,3,R16,,,,,,,,,,,,,,,,,,,
1994-808,Virginia Slims Championships,Carpet,16,W,,19941114,7,200572,,,Gabriela Sabatini,R,175,ARG,24.499,9,116,200293,6,,Martina Navratilova,L,173,USA,38.073,6,141,6-4 6-2,3,R16,,,,,,,,,,,,,,,,,,,
1994-808,Virginia Slims Championships,Carpet,16,W,,19941114,8,200112,,,Julie Halard Decugis,R,173,FRA,24.178,22,62,200017,2,,Arantxa Sanchez Vicario,R,168,ESP,22.908,2,313,6-2 1-6 7-6,3,R16,,,,,,,,,,,,,,,,,,,
1994-808,Virginia Slims Championships,Carpet,16,W,,19941114,9,200128,7,,Lindsay Davenport,R,189,USA,18.434,7,124,200539,4,,Jana Novotna,R,175,CZE,26.117,4,162,6-2 6-2,3,QF,,,,,,,,,,,,,,,,,,,
1994-808,Virginia Slims Championships,Carpet,16,W,,19941114,10,200617,8,,Kimiko Date Krumm,R,163,JPN,24.129,10,114,200049,3,,Conchita Martinez,R,170,ESP,22.580,3,179,2-6 6-4 7-6,3,QF,,,,,,,,,,,,,,,,,,,
1994-808,Virginia Slims Championships,Carpet,16,W,,19941114,11,200572,,,Gabriela Sabatini,R,175,ARG,24.499,9,116,200112,,,Julie Halard Decugis,R,173,FRA,24.178,22,62,2-6 6-2 6-3,3,QF,,,,,,,,,,,,,,,,,,,
1994-808,Virginia Slims Championships,Carpet,16,W,,19941114,12,200096,5,,Mary Pierce,R,178,FRA,19.831,5,155,200414,1,,Steffi Graf,R,175,GER,25.419,1,365,6-4 6-4,3,QF,,,,,,,,,,,,,,,,,,,
1994-808,Virginia Slims Championships,Carpet,16,W,,19941114,13,200128,7,,Lindsay Davenport,R,189,USA,18.434,7,124,200096,5,,Mary Pierce,R,178,FRA,19.831,5,155,6-3 6-2,3,SF,,,,,,,,,,,,,,,,,,,
1994-808,Virginia Slims Championships,Carpet,16,W,,19941114,14,200572,,,Gabriela Sabatini,R,175,ARG,24.499,9,116,200617,8,,Kimiko Date Krumm,R,163,JPN,24.129,10,114,4-6 6-0 6-3,3,SF,,,,,,,,,,,,,,,,,,,
1994-808,Virginia Slims Championships,Carpet,16,W,,19941114,15,200572,,,Gabriela Sabatini,R,175,ARG,24.499,9,116,200128,7,,Lindsay Davenport,R,189,USA,18.434,7,124,6-3 6-2 6-4,3,F,,,,,,,,,,,,,,,,,,,
