tourney_id,tourney_name,surface,draw_size,tourney_level,indoor,tourney_date,match_num,winner_id,winner_seed,winner_entry,winner_name,winner_hand,winner_ht,winner_ioc,winner_age,winner_rank,winner_rank_points,loser_id,loser_seed,loser_entry,loser_name,loser_hand,loser_ht,loser_ioc,loser_age,loser_rank,loser_rank_points,score,best_of,round,minutes,w_ace,w_df,w_svpt,w_1stIn,w_1stWon,w_2ndWon,w_SvGms,w_bpSaved,w_bpFaced,l_ace,l_df,l_svpt,l_1stIn,l_1stWon,l_2ndWon,l_SvGms,l_bpSaved,l_bpFaced
2002-1066,Gold Coast,Hard,30,T3,,20011230,1,200067,,,Patty Schnyder,L,168,SUI,23.045,37,816,201344,,Q,Klara Koukalova,R,166,CZE,19.847,139,227,6-4 3-6 6-2,3,R32,,,,,,,,,,,,,,,,,,,
2002-1066,Gold Coast,Hard,30,T3,,20011230,2,200048,,,Elena Likhovtseva,R,174,RUS,26.311,36,837,200083,,,Alexandra Stevenson,R,185,USA,21.041,60,589,6-2 1-6 6-4,3,R32,,,,,,,,,,,,,,,,,,,
2002-1066,Gold Coast,Hard,30,T3,,20011230,3,200122,,,Tina Pisnik,R,172,SLO,20.860,63,566,200016,3,,Sandrine Testud,R,176,FRA,29.742,11,2056,6-4 7-5,3,R32,,,,,,,,,,,,,,,,,,,
2002-1066,Gold Coast,Hard,30,T3,,20011230,4,200090,,Q,Anca Barna,L,175,GER,24.630,116,327,200010,6,,Rita Grande,R,177,ITA,26.774,24,1020,6-3 1-6 6-2,3,R32,,,,,,,,,,,,,,,,,,,
2002-1066,Gold Coast,Hard,30,T3,,20011230,5,200036,,,Nicole Pratt,R,163,AUS,28.822,51,636,200068,,,Lilia Osterloh,R,170,USA,23.732,53,625,6-2 6-1,3,R32,,,,,,,,,,,,,,,,,,,
2002-1066,Gold Coast,Hard,30,T3,,20011230,6,201290,,,Daniela Hantuchova,R,181,SVK,18.689,38,810,201296,,,Bianka Lamade,R,184,GER,19.335,67,521,6-1 7-5,3,R32,,,,,,,,,,,,,,,,,,,
2002-1066,Gold Coast,Hard,30,T3,,20011230,7,200772,,,Anastasia Myskina,R,174,RUS,20.480,59,590,201325,,WC,Samantha Stosur,R,172,AUS,17.753,261,87,6-2 6-0,3,R32,,,,,,,,,,,,,,,,,,,
2002-1066,Gold Coast,Hard,30,T3,,20011230,8,200085,8,,Ai Sugiyama,R,163,JPN,26.489,30,910,200123,,,Marlene Weingartner,R,174,GER,21.917,42,718,6-0 4-6 6-2,3,R32,,,,,,,,,,,,,,,,,,,
2002-1066,Gold Coast,Hard,30,T3,,20011230,9,200046,4,,Meghann Shaughnessy,R,180,USA,22.716,12,1833,201291,,Q,Nuria Llagostera Vives,R,156,ESP,21.624,103,370,6-2 6-2,3,R32,,,,,,,,,,,,,,,,,,,
2002-1066,Gold Coast,Hard,30,T3,,20011230,10,200069,,,Nadia Petrova,R,178,RUS,19.562,39,792,200066,,,Cristina Torrens Valero,R,171,ESP,27.300,32,900,6-2 6-1,3,R32,,,,,,,,,,,,,,,,,,,
2002-1066,Gold Coast,Hard,30,T3,,20011230,11,201313,,Q,Yoon Jeong Cho,R,167,KOR,22.747,115,330,201324,,,Irina Selyutina,R,178,KAZ,22.147,86,419,6-2 6-4,3,R32,,,,,,,,,,,,,,,,,,,
2002-1066,Gold Coast,Hard,30,T3,,20011230,12,200700,5,,Silvia Farina Elia,R,172,ITA,29.676,14,1738,200104,,,Emilie Loit,L,167,FRA,22.560,95,381,6-2 4-6 6-3,3,R32,,,,,,,,,,,,,,,,,,,
2002-1066,Gold Coast,Hard,30,T3,,20011230,13,201083,7,,Daja Bedanova,R,171,CZE,18.812,28,935,201289,,WC,Christina Wheeler,R,161,AUS,19.710,170,178,6-4 6-4,3,R32,,,,,,,,,,,,,,,,,,,
2002-1066,Gold Coast,Hard,30,T3,,20011230,14,200682,,,Joannette Kruger,R,179,RSA,28.324,46,680,200723,,,Iva Majoli,R,175,CRO,24.384,44,700,4-6 6-4 6-3,3,R32,,,,,,,,,,,,,,,,,,,
2002-1066,Gold Coast,Hard,30,T3,,20011230,15,200748,1,,Venus Williams,R,185,USA,21.536,3,4128,200067,,,Patty Schnyder,L,168,SUI,23.045,37,816,6-0 6-4,3,R16,,,,,,,,,,,,,,,,,,,
2002-1066,Gold Coast,Hard,30,T3,,20011230,16,200085,8,,Ai Sugiyama,R,163,JPN,26.489,30,910,200772,,,Anastasia Myskina,R,174,RUS,20.480,59,590,7-5 6-3,3,R16,,,,,,,,,,,,,,,,,,,
2002-1066,Gold Coast,Hard,30,T3,,20011230,17,200069,,,Nadia Petrova,R,178,RUS,19.562,39,792,200046,4,,Meghann Shaughnessy,R,180,USA,22.716,12,1833,6-4 4-6 6-3,3,R16,,,,,,,,,,,,,,,,,,,
2002-1066,Gold Coast,Hard,30,T3,,20011230,18,200700,5,,Silvia Farina Elia,R,172,ITA,29.676,14,1738,201313,,Q,Yoon Jeong Cho,R,167,KOR,22.747,115,330,7-6(5) 4-6 6-3,3,R16,,,,,,,,,,,,,,,,,,,
2002-1066,Gold Coast,Hard,30,T3,,20011230,19,201083,7,,Daja Bedanova,R,171,CZE,18.812,28,935,200682,,,Joannette Kruger,R,179,RSA,28.324,46,680,3-6 7-5 6-2,3,R16,,,,,,,,,,,,,,,,,,,
2002-1066,Gold Coast,Hard,30,T3,,20011230,20,200122,,,Tina Pisnik,R,172,SLO,20.860,63,566,200048,,,Elena Likhovtseva,R,174,RUS,26.311,36,837,6-3 6-4,3,R16,,,,,,,,,,,,,,,,,,,
2002-1066,Gold Coast,Hard,30,T3,,20011230,21,200090,,Q,Anca Barna,L,175,GER,24.630,116,327,200036,,,Nicole Pratt,R,163,AUS,28.822,51,636,6-3 2-6 6-1,3,R16,,,,,,,,,,,,,,,,,,,
2002-1066,Gold Coast,Hard,30,T3,,20011230,22,200003,2,,Justine Henin,R,167,BEL,19.582,7,2980,201290,,,Daniela Hantuchova,R,181,SVK,18.689,38,810,1-6 6-0 6-3,3,R16,,,,,,,,,,,,,,,,,,,
2002-1066,Gold Coast,Hard,30,T3,,20011230,23,200748,1,,Venus Williams,R,185,USA,21.536,3,4128,200085,8,,Ai Sugiyama,R,163,JPN,26.489,30,910,6-2 6-4,3,QF,,,,,,,,,,,,,,,,,,,
2002-1066,Gold Coast,Hard,30,T3,,20011230,24,200069,,,Nadia Petrova,R,178,RUS,19.562,39,792,200700,5,,Silvia Farina Elia,R,172,ITA,29.676,14,1738,7-6(4) 7-5,3,QF,,,,,,,,,,,,,,,,,,,
2002-1066,Gold Coast,Hard,30,T3,,20011230,25,201083,7,,Daja Bedanova,R,171,CZE,18.812,28,935,200122,,,Tina Pisnik,R,172,SLO,20.860,63,566,6-1 3-0 RET,3,QF,,,,,,,,,,,,,,,,,,,
2002-1066,Gold Coast,Hard,30,T3,,20011230,26,200003,2,,Justine Henin,R,167,BEL,19.582,7,2980,200090,,Q,Anca Barna,L,175,GER,24.630,116,327,6-2 6-1,3,QF,,,,,,,,,,,,,,,,,,,
2002-1066,Gold Coast,Hard,30,T3,,20011230,27,200748,1,,Venus Williams,R,185,USA,21.536,3,4128,200069,,,Nadia Petrova,R,178,RUS,19.562,39,792,7-6(1) 6-5 RET,3,SF,,,,,,,,,,,,,,,,,,,
2002-1066,Gold Coast,Hard,30,T3,,20011230,28,200003,2,,Justine Henin,R,167,BEL,19.582,7,2980,201083,7,,Daja Bedanova,R,171,CZE,18.812,28,935,6-2 6-2,3,SF,,,,,,,,,,,,,,,,,,,
2002-1066,Gold Coast,Hard,30,T3,,20011230,29,200748,1,,Venus Williams,R,185,USA,21.536,3,4128,200003,2,,Justine Henin,R,167,BEL,19.582,7,2980,7-5 6-2,3,F,,,,,,,,,,,,,,,,,,,
2002-1049,Auckland,Hard,32,T4,,20011231,1,200121,,,Alina Jidkova,R,168,RUS,24.951,114,333,200106,1,,Angeles Montolio,R,157,ESP,26.404,23,1041,6-3 6-1,3,R32,,,,,,,,,,,,,,,,,,,
2002-1049,Auckland,Hard,32,T4,,20011231,2,200766,,,Jennifer Hopkins,R,170,USA,20.887,57,604,201328,,,Milagros Sequera,R,165,VEN,21.252,153,200,6-2 6-7(5) 6-0,3,R32,,,,,,,,,,,,,,,,,,,
2002-1049,Auckland,Hard,32,T4,,20011231,3,200078,,Q,Barbara Schwartz,L,181,AUT,22.927,90,411,202276,,WC,Shelley Stephens,R,,NZL,23.426,282,75,6-2 6-1,3,R32,,,,,,,,,,,,,,,,,,,
2002-1049,Auckland,Hard,32,T4,,20011231,4,200124,3,,Anne Kremer,R,165,LUX,26.207,33,891,200047,,WC,Pavlina Nola,R,,NZL,27.467,125,268,6-2 6-3,3,R32,,,,,,,,,,,,,,,,,,,
2002-1049,Auckland,Hard,32,T4,,20011231,5,200007,,Q,Silvija Talaja,R,173,CRO,23.962,109,354,200055,8,,Mariana Diaz Oliva,R,172,ARG,25.808,55,608,7-6(5) 7-5,3,R32,,,,,,,,,,,,,,,,,,,
2002-1049,Auckland,Hard,32,T4,,20011231,6,201297,,,Maja Matevzic,L,175,SLO,21.550,75,477,200727,,,Adriana Serra Zanetti,R,160,ITA,25.824,80,442,2-6 6-3 6-4,3,R32,,,,,,,,,,,,,,,,,,,
2002-1049,Auckland,Hard,32,T4,,20011231,7,201284,,,Tatiana Poutchek,R,176,BLR,22.977,76,472,201383,,Q,Marie Eve Pelletier,R,172,CAN,19.623,151,203,6-2 6-1,3,R32,,,,,,,,,,,,,,,,,,,
2002-1049,Auckland,Hard,32,T4,,20011231,8,200098,2,,Henrieta Nagyova,R,177,SVK,23.045,25,993,200117,,,Kveta Peschke,R,165,CZE,26.481,85,420,7-5 6-2,3,R32,,,,,,,,,,,,,,,,,,,
2002-1049,Auckland,Hard,32,T4,,20011231,9,200040,,,Anna Smashnova,R,157,ISR,25.460,88,413,200105,,,Rachel Mcquillan,,170,AUS,30.081,79,455,6-4 6-1,3,R32,,,,,,,,,,,,,,,,,,,
2002-1049,Auckland,Hard,32,T4,,20011231,10,201286,,,Anabel Medina Garrigues,R,169,ESP,19.420,66,527,200735,,,Miho Saeki,R,168,JPN,25.788,179,167,6-0 6-1,3,R32,,,,,,,,,,,,,,,,,,,
2002-1049,Auckland,Hard,32,T4,,20011231,11,201209,,,Selima Sfar,R,166,TUN,24.482,82,431,200031,6,,Meilen Tu,R,163,USA,23.954,45,688,6-3 6-2,3,R32,,,,,,,,,,,,,,,,,,,
2002-1049,Auckland,Hard,32,T4,,20011231,12,200062,,,Kristina Brandi,R,168,PUR,24.759,77,469,200049,4,,Conchita Martinez,R,170,ESP,29.709,35,853,7-6(5) 6-3,3,R32,,,,,,,,,,,,,,,,,,,
2002-1049,Auckland,Hard,32,T4,,20011231,13,200022,,,Emmanuelle Gagliardi,R,171,SUI,25.479,69,519,200697,,,Janette Husarova,R,169,SVK,27.576,72,483,6-1 6-1,3,R32,,,,,,,,,,,,,,,,,,,
2002-1049,Auckland,Hard,32,T4,,20011231,14,200113,,,Anna Kournikova,R,173,RUS,20.567,71,484,200072,,,Cara Black,R,167,ZIM,22.870,58,601,7-6(6) 6-2,3,R32,,,,,,,,,,,,,,,,,,,
2002-1049,Auckland,Hard,32,T4,,20011231,15,200041,7,,Amy Frazier,R,175,USA,29.282,48,654,201292,,,Martina Sucha,R,170,SVK,21.112,65,536,3-6 6-1 6-0,3,R32,,,,,,,,,,,,,,,,,,,
2002-1049,Auckland,Hard,32,T4,,20011231,16,200063,5,,Tatiana Panova,R,154,RUS,25.383,40,787,200087,,Q,Seda Noorlander,R,166,NED,27.612,100,373,7-6(4) 6-3,3,R32,,,,,,,,,,,,,,,,,,,
2002-1049,Auckland,Hard,32,T4,,20011231,17,200040,,,Anna Smashnova,R,157,ISR,25.460,88,413,200121,,,Alina Jidkova,R,168,RUS,24.951,114,333,7-5 6-1,3,R16,,,,,,,,,,,,,,,,,,,
2002-1049,Auckland,Hard,32,T4,,20011231,18,201286,,,Anabel Medina Garrigues,R,169,ESP,19.420,66,527,201209,,,Selima Sfar,R,166,TUN,24.482,82,431,6-3 7-5,3,R16,,,,,,,,,,,,,,,,,,,
2002-1049,Auckland,Hard,32,T4,,20011231,19,200022,,,Emmanuelle Gagliardi,R,171,SUI,25.479,69,519,200062,,,Kristina Brandi,R,168,PUR,24.759,77,469,2-6 6-2 6-3,3,R16,,,,,,,,,,,,,,,,,,,
2002-1049,Auckland,Hard,32,T4,,20011231,20,200113,,,Anna Kournikova,R,173,RUS,20.567,71,484,200041,7,,Amy Frazier,R,175,USA,29.282,48,654,6-4 6-1,3,R16,,,,,,,,,,,,,,,,,,,
2002-1049,Auckland,Hard,32,T4,,20011231,21,200063,5,,Tatiana Panova,R,154,RUS,25.383,40,787,200766,,,Jennifer Hopkins,R,170,USA,20.887,57,604,6-4 6-2,3,R16,,,,,,,,,,,,,,,,,,,
2002-1049,Auckland,Hard,32,T4,,20011231,22,200124,3,,Anne Kremer,R,165,LUX,26.207,33,891,200078,,Q,Barbara Schwartz,L,181,AUT,22.927,90,411,6-2 6-4,3,R16,,,,,,,,,,,,,,,,,,,
2002-1049,Auckland,Hard,32,T4,,20011231,23,200007,,Q,Silvija Talaja,R,173,CRO,23.962,109,354,201297,,,Maja Matevzic,L,175,SLO,21.550,75,477,6-4 3-6 6-2,3,R16,,,,,,,,,,,,,,,,,,,
2002-1049,Auckland,Hard,32,T4,,20011231,24,201284,,,Tatiana Poutchek,R,176,BLR,22.977,76,472,200098,2,,Henrieta Nagyova,R,177,SVK,23.045,25,993,7-5 6-3,3,R16,,,,,,,,,,,,,,,,,,,
2002-1049,Auckland,Hard,32,T4,,20011231,25,200040,,,Anna Smashnova,R,157,ISR,25.460,88,413,201286,,,Anabel Medina Garrigues,R,169,ESP,19.420,66,527,6-2 6-2,3,QF,,,,,,,,,,,,,,,,,,,
2002-1049,Auckland,Hard,32,T4,,20011231,26,200113,,,Anna Kournikova,R,173,RUS,20.567,71,484,200022,,,Emmanuelle Gagliardi,R,171,SUI,25.479,69,519,2-6 6-4 7-5,3,QF,,,,,,,,,,,,,,,,,,,
2002-1049,Auckland,Hard,32,T4,,20011231,27,200063,5,,Tatiana Panova,R,154,RUS,25.383,40,787,200124,3,,Anne Kremer,R,165,LUX,26.207,33,891,7-6(7) 7-5,3,QF,,,,,,,,,,,,,,,,,,,
2002-1049,Auckland,Hard,32,T4,,20011231,28,200007,,Q,Silvija Talaja,R,173,CRO,23.962,109,354,201284,,,Tatiana Poutchek,R,176,BLR,22.977,76,472,6-4 7-5,3,QF,,,,,,,,,,,,,,,,,,,
2002-1049,Auckland,Hard,32,T4,,20011231,29,200040,,,Anna Smashnova,R,157,ISR,25.460,88,413,200113,,,Anna Kournikova,R,173,RUS,20.567,71,484,6-1 6-4,3,SF,,,,,,,,,,,,,,,,,,,
2002-1049,Auckland,Hard,32,T4,,20011231,30,200063,5,,Tatiana Panova,R,154,RUS,25.383,40,787,200007,,Q,Silvija Talaja,R,173,CRO,23.962,109,354,6-3 6-2,3,SF,,,,,,,,,,,,,,,,,,,
2002-1049,Auckland,Hard,32,T4,,20011231,31,200040,,,Anna Smashnova,R,157,ISR,25.460,88,413,200063,5,,Tatiana Panova,R,154,RUS,25.383,40,787,6-2 6-2,3,F,,,,,,,,,,,,,,,,,,,
2002-702,Sydney,Hard,28,T2,,20020106,1,200083,,Q,Alexandra Stevenson,R,185,USA,21.060,61,582,201204,,,Iroda Tulyaganova,R,170,UZB,19.998,20,1166,6-1 6-7(0) 7-5,3,R32,,,,,,,,,,,,,,,,,,,
2002-702,Sydney,Hard,28,T2,,20020106,2,200016,7,,Sandrine Testud,R,176,FRA,29.761,11,2056,200122,,Q,Tina Pisnik,R,172,SLO,20.879,50,640,6-0 6-2,3,R32,,,,,,,,,,,,,,,,,,,
2002-702,Sydney,Hard,28,T2,,20020106,3,200098,,,Henrieta Nagyova,R,177,SVK,23.061,26,1007,200017,,,Arantxa Sanchez Vicario,R,168,ESP,30.054,17,1548,6-1 2-6 6-3,3,R32,,,,,,,,,,,,,,,,,,,
2002-702,Sydney,Hard,28,T2,,20020106,4,200020,,,Lisa Raymond,R,165,USA,28.409,22,1101,200027,,,Magui Serna,L,167,ESP,22.853,27,971,6-1 6-1,3,R32,,,,,,,,,,,,,,,,,,,
2002-702,Sydney,Hard,28,T2,,20020106,5,201290,,Q,Daniela Hantuchova,R,181,SVK,18.708,37,833,200086,,,Magdalena Maleeva,R,168,BUL,26.769,16,1571,4-6 6-4 6-4,3,R32,,,,,,,,,,,,,,,,,,,
2002-702,Sydney,Hard,28,T2,,20020106,6,200046,8,,Meghann Shaughnessy,R,180,USA,22.736,13,1736,200008,,WC,Alicia Molik,R,182,AUS,20.942,46,663,6-4 6-4,3,R32,,,,,,,,,,,,,,,,,,,
2002-702,Sydney,Hard,28,T2,,20020106,7,200113,,WC,Anna Kournikova,R,173,RUS,20.584,66,553,200106,,,Angeles Montolio,R,157,ESP,26.421,23,1035,6-4 6-2,3,R32,,,,,,,,,,,,,,,,,,,
2002-702,Sydney,Hard,28,T2,,20020106,8,200064,,,Amanda Coetzer,R,158,RSA,30.210,19,1474,202258,,WC,Jaslyn Hewitt,R,,AUS,18.870,353,47,6-0 6-1,3,R32,,,,,,,,,,,,,,,,,,,
2002-702,Sydney,Hard,28,T2,,20020106,9,200065,6,,Amelie Mauresmo,R,175,FRA,22.508,9,2765,201083,,,Daja Bedanova,R,171,CZE,18.831,25,1009,6-3 7-6(6),3,R32,,,,,,,,,,,,,,,,,,,
2002-702,Sydney,Hard,28,T2,,20020106,10,200003,5,,Justine Henin,R,167,BEL,19.601,7,2901,200032,,,Barbara Schett,R,176,AUT,25.827,21,1141,7-6(3) 6-3,3,R32,,,,,,,,,,,,,,,,,,,
2002-702,Sydney,Hard,28,T2,,20020106,11,200049,,,Conchita Martinez,R,170,ESP,29.725,39,811,200108,,,Elena Dementieva,R,180,RUS,20.228,15,1576,6-4 3-6 6-1,3,R32,,,,,,,,,,,,,,,,,,,
2002-702,Sydney,Hard,28,T2,,20020106,12,200700,,,Silvia Farina Elia,R,172,ITA,29.695,14,1623,200772,,Q,Anastasia Myskina,R,174,RUS,20.499,55,606,6-3 6-2,3,R32,,,,,,,,,,,,,,,,,,,
2002-702,Sydney,Hard,28,T2,,20020106,13,200083,,Q,Alexandra Stevenson,R,185,USA,21.060,61,582,200077,1,,Jennifer Capriati,R,170,USA,25.775,2,4892,7-6(5) 3-6 6-4,3,R16,,,,,,,,,,,,,,,,,,,
2002-702,Sydney,Hard,28,T2,,20020106,14,200046,8,,Meghann Shaughnessy,R,180,USA,22.736,13,1736,201290,,Q,Daniela Hantuchova,R,181,SVK,18.708,37,833,6-4 6-1,3,R16,,,,,,,,,,,,,,,,,,,
2002-702,Sydney,Hard,28,T2,,20020106,15,200033,4,,Serena Williams,R,175,USA,20.280,6,3004,200113,,WC,Anna Kournikova,R,173,RUS,20.584,66,553,6-2 4-6 6-3,3,R16,,,,,,,,,,,,,,,,,,,
2002-702,Sydney,Hard,28,T2,,20020106,16,200065,6,,Amelie Mauresmo,R,175,FRA,22.508,9,2765,200064,,,Amanda Coetzer,R,158,RSA,30.210,19,1474,6-3 5-7 6-3,3,R16,,,,,,,,,,,,,,,,,,,
2002-702,Sydney,Hard,28,T2,,20020106,17,200003,5,,Justine Henin,R,167,BEL,19.601,7,2901,200049,,,Conchita Martinez,R,170,ESP,29.725,39,811,6-0 6-3,3,R16,,,,,,,,,,,,,,,,,,,
2002-702,Sydney,Hard,28,T2,,20020106,18,200079,3,,Kim Clijsters,R,175,BEL,18.582,5,3265,200700,,,Silvia Farina Elia,R,172,ITA,29.695,14,1623,6-7(4) 6-4 6-1,3,R16,,,,,,,,,,,,,,,,,,,
2002-702,Sydney,Hard,28,T2,,20020106,19,200016,7,,Sandrine Testud,R,176,FRA,29.761,11,2056,200098,,,Henrieta Nagyova,R,177,SVK,23.061,26,1007,6-1 6-2,3,R16,,,,,,,,,,,,,,,,,,,
2002-702,Sydney,Hard,28,T2,,20020106,20,200001,2,,Martina Hingis,R,170,SUI,21.268,4,3944,200020,,,Lisa Raymond,R,165,USA,28.409,22,1101,6-1 6-1,3,R16,,,,,,,,,,,,,,,,,,,
2002-702,Sydney,Hard,28,T2,,20020106,21,200046,8,,Meghann Shaughnessy,R,180,USA,22.736,13,1736,200083,,Q,Alexandra Stevenson,R,185,USA,21.060,61,582,6-4 6-1,3,QF,,,,,,,,,,,,,,,,,,,
2002-702,Sydney,Hard,28,T2,,20020106,22,200033,4,,Serena Williams,R,175,USA,20.280,6,3004,200065,6,,Amelie Mauresmo,R,175,FRA,22.508,9,2765,6-4 7-6(6),3,QF,,,,,,,,,,,,,,,,,,,
2002-702,Sydney,Hard,28,T2,,20020106,23,200079,3,,Kim Clijsters,R,175,BEL,18.582,5,3265,200003,5,,Justine Henin,R,167,BEL,19.601,7,2901,7-6(6) 6-2,3,QF,,,,,,,,,,,,,,,,,,,
2002-702,Sydney,Hard,28,T2,,20020106,24,200001,2,,Martina Hingis,R,170,SUI,21.268,4,3944,200016,7,,Sandrine Testud,R,176,FRA,29.761,11,2056,6-4 6-2,3,QF,,,,,,,,,,,,,,,,,,,
2002-702,Sydney,Hard,28,T2,,20020106,25,200046,8,,Meghann Shaughnessy,R,180,USA,22.736,13,1736,200033,4,,Serena Williams,R,175,USA,20.280,6,3004,5-4 RET,3,SF,,,,,,,,,,,,,,,,,,,
2002-702,Sydney,Hard,28,T2,,20020106,26,200001,2,,Martina Hingis,R,170,SUI,21.268,4,3944,200079,3,,Kim Clijsters,R,175,BEL,18.582,5,3265,7-5 4-6 6-2,3,SF,,,,,,,,,,,,,,,,,,,
2002-702,Sydney,Hard,28,T2,,20020106,27,200001,2,,Martina Hingis,R,170,SUI,21.268,4,3944,200046,8,,Meghann Shaughnessy,R,180,USA,22.736,13,1736,6-2 6-3,3,F,,,,,,,,,,,,,,,,,,,
2002-1050,Hobart,Hard,32,T5,,20020106,1,200010,1,,Rita Grande,R,177,ITA,26.793,24,1020,200119,,,Rita Kuti Kis,L,176,HUN,23.896,79,468,6-4 6-3,3,R32,,,,,,,,,,,,,,,,,,,
2002-1050,Hobart,Hard,32,T5,,20020106,2,200766,,,Jennifer Hopkins,R,170,USA,20.904,57,604,201296,,,Bianka Lamade,R,184,GER,19.354,71,511,6-1 6-1,3,R32,,,,,,,,,,,,,,,,,,,
2002-1050,Hobart,Hard,32,T5,,20020106,3,200773,,Q,Stephanie Foretz Gacon,R,166,FRA,20.679,125,264,201316,,Q,Lenka Dlhopolcova,R,,SVK,17.482,172,170,6-3 7-6(6),3,R32,,,,,,,,,,,,,,,,,,,
2002-1050,Hobart,Hard,32,T5,,20020106,4,200031,5,,Meilen Tu,R,163,USA,23.970,63,569,200072,,,Cara Black,R,167,ZIM,22.886,62,570,6-4 6-3,3,R32,,,,,,,,,,,,,,,,,,,
2002-1050,Hobart,Hard,32,T5,,20020106,5,201310,,Q,Martina Muller,R,165,GER,19.239,105,368,200682,6,,Joannette Kruger,R,179,RSA,28.343,45,664,6-3 7-6(3),3,R32,,,,,,,,,,,,,,,,,,,
2002-1050,Hobart,Hard,32,T5,,20020106,6,201292,,,Martina Sucha,R,170,SVK,21.128,68,536,200118,,,Virginia Ruano Pascual,R,169,ESP,28.294,56,604,4-6 7-6(9) 6-2,3,R32,,,,,,,,,,,,,,,,,,,
2002-1050,Hobart,Hard,32,T5,,20020106,7,200121,,,Alina Jidkova,R,168,RUS,24.967,109,361,201284,,,Tatiana Poutchek,R,176,BLR,22.993,70,519,7-5 6-2,3,R32,,,,,,,,,,,,,,,,,,,
2002-1050,Hobart,Hard,32,T5,,20020106,8,200107,2,,Paola Suarez,R,170,ARG,25.539,32,894,200740,,Q,Elena Tatarkova,L,170,UKR,25.375,189,145,6-3 6-3,3,R32,,,,,,,,,,,,,,,,,,,
2002-1050,Hobart,Hard,32,T5,,20020106,9,200078,,LL,Barbara Schwartz,L,181,AUT,22.944,84,436,201289,,WC,Christina Wheeler,R,161,AUS,19.729,191,144,6-1 5-7 6-3,3,R32,,,,,,,,,,,,,,,,,,,
2002-1050,Hobart,Hard,32,T5,,20020106,10,200096,,WC,Mary Pierce,R,178,FRA,26.977,129,255,200062,,,Kristina Brandi,R,168,PUR,24.775,73,494,6-0 6-3,3,R32,,,,,,,,,,,,,,,,,,,
2002-1050,Hobart,Hard,32,T5,,20020106,11,201286,,,Anabel Medina Garrigues,R,169,ESP,19.436,64,556,200055,9,,Mariana Diaz Oliva,R,172,ARG,25.824,58,604,6-2 6-2,3,R32,,,,,,,,,,,,,,,,,,,
2002-1050,Hobart,Hard,32,T5,,20020106,12,200777,,,Marta Marrero,R,173,ESP,18.974,59,589,200061,4,,Gala Leon Garcia,L,163,ESP,28.039,40,762,7-6(3) 7-5,3,R32,,,,,,,,,,,,,,,,,,,
2002-1050,Hobart,Hard,32,T5,,20020106,13,200697,,,Janette Husarova,R,169,SVK,27.593,77,479,201333,,,Angelika Roesch,R,172,GER,24.581,149,210,6-2 6-4,3,R32,,,,,,,,,,,,,,,,,,,
2002-1050,Hobart,Hard,32,T5,,20020106,14,200022,,,Emmanuelle Gagliardi,R,171,SUI,25.495,65,554,200126,,,Marissa Irvin,R,170,USA,21.539,67,539,6-2 6-4,3,R32,,,,,,,,,,,,,,,,,,,
2002-1050,Hobart,Hard,32,T5,,20020106,15,200041,7,,Amy Frazier,R,175,USA,29.298,44,673,201299,,LL,Celine Beigbeder,,,FRA,26.864,100,379,6-3 6-2,3,R32,,,,,,,,,,,,,,,,,,,
2002-1050,Hobart,Hard,32,T5,,20020106,16,200036,8,,Nicole Pratt,R,163,AUS,28.841,47,659,200043,,,Virginie Razzano,R,173,FRA,18.656,89,418,6-2 6-3,3,R32,,,,,,,,,,,,,,,,,,,
2002-1050,Hobart,Hard,32,T5,,20020106,17,200010,1,,Rita Grande,R,177,ITA,26.793,24,1020,200078,,LL,Barbara Schwartz,L,181,AUT,22.944,84,436,6-4 5-7 6-4,3,R16,,,,,,,,,,,,,,,,,,,
2002-1050,Hobart,Hard,32,T5,,20020106,18,201286,,,Anabel Medina Garrigues,R,169,ESP,19.436,64,556,200096,,WC,Mary Pierce,R,178,FRA,26.977,129,255,7-5 6-4,3,R16,,,,,,,,,,,,,,,,,,,
2002-1050,Hobart,Hard,32,T5,,20020106,19,200697,,,Janette Husarova,R,169,SVK,27.593,77,479,200777,,,Marta Marrero,R,173,ESP,18.974,59,589,6-2 6-0,3,R16,,,,,,,,,,,,,,,,,,,
2002-1050,Hobart,Hard,32,T5,,20020106,20,200041,7,,Amy Frazier,R,175,USA,29.298,44,673,200022,,,Emmanuelle Gagliardi,R,171,SUI,25.495,65,554,7-6(5) 6-4,3,R16,,,,,,,,,,,,,,,,,,,
2002-1050,Hobart,Hard,32,T5,,20020106,21,200036,8,,Nicole Pratt,R,163,AUS,28.841,47,659,200766,,,Jennifer Hopkins,R,170,USA,20.904,57,604,6-1 6-3,3,R16,,,,,,,,,,,,,,,,,,,
2002-1050,Hobart,Hard,32,T5,,20020106,22,200031,5,,Meilen Tu,R,163,USA,23.970,63,569,200773,,Q,Stephanie Foretz Gacon,R,166,FRA,20.679,125,264,7-5 6-0,3,R16,,,,,,,,,,,,,,,,,,,
2002-1050,Hobart,Hard,32,T5,,20020106,23,201292,,,Martina Sucha,R,170,SVK,21.128,68,536,201310,,Q,Martina Muller,R,165,GER,19.239,105,368,7-5 6-4,3,R16,,,,,,,,,,,,,,,,,,,
2002-1050,Hobart,Hard,32,T5,,20020106,24,200121,,,Alina Jidkova,R,168,RUS,24.967,109,361,200107,2,,Paola Suarez,R,170,ARG,25.539,32,894,1-6 6-1 6-2,3,R16,,,,,,,,,,,,,,,,,,,
2002-1050,Hobart,Hard,32,T5,,20020106,25,201286,,,Anabel Medina Garrigues,R,169,ESP,19.436,64,556,200010,1,,Rita Grande,R,177,ITA,26.793,24,1020,6-2 6-2,3,QF,,,,,,,,,,,,,,,,,,,
2002-1050,Hobart,Hard,32,T5,,20020106,26,200041,7,,Amy Frazier,R,175,USA,29.298,44,673,200697,,,Janette Husarova,R,169,SVK,27.593,77,479,6-2 5-7 6-2,3,QF,,,,,,,,,,,,,,,,,,,
2002-1050,Hobart,Hard,32,T5,,20020106,27,200036,8,,Nicole Pratt,R,163,AUS,28.841,47,659,200031,5,,Meilen Tu,R,163,USA,23.970,63,569,6-4 7-6(3),3,QF,,,,,,,,,,,,,,,,,,,
2002-1050,Hobart,Hard,32,T5,,20020106,28,201292,,,Martina Sucha,R,170,SVK,21.128,68,536,200121,,,Alina Jidkova,R,168,RUS,24.967,109,361,1-6 7-5 6-4,3,QF,,,,,,,,,,,,,,,,,,,
2002-1050,Hobart,Hard,32,T5,,20020106,29,201286,,,Anabel Medina Garrigues,R,169,ESP,19.436,64,556,200041,7,,Amy Frazier,R,175,USA,29.298,44,673,6-2 3-6 6-4,3,SF,,,,,,,,,,,,,,,,,,,
2002-1050,Hobart,Hard,32,T5,,20020106,30,201292,,,Martina Sucha,R,170,SVK,21.128,68,536,200036,8,,Nicole Pratt,R,163,AUS,28.841,47,659,1-6 6-4 6-4,3,SF,,,,,,,,,,,,,,,,,,,
2002-1050,Hobart,Hard,32,T5,,20020106,31,201292,,,Martina Sucha,R,170,SVK,21.128,68,536,201286,,,Anabel Medina Garrigues,R,169,ESP,19.436,64,556,7-6(7) 6-1,3,F,,,,,,,,,,,,,,,,,,,
2002-1000,Canberra,Hard,32,T5,,20020106,1,200009,1,,Tamarine Tanasugarn,R,165,THA,24.622,30,916,201324,,Q,Irina Selyutina,R,178,KAZ,22.166,88,419,6-2 6-7(3) 6-3,3,R32,,,,,,,,,,,,,,,,,,,
2002-1000,Canberra,Hard,32,T5,,20020106,2,200104,,,Emilie Loit,L,167,FRA,22.580,98,381,200114,,Q,Patricia Wartusch,R,175,AUT,23.423,150,205,5-7 6-4 6-2,3,R32,,,,,,,,,,,,,,,,,,,
2002-1000,Canberra,Hard,32,T5,,20020106,3,200040,,,Anna Smashnova,R,157,ISR,25.476,69,528,201323,,Q,Saori Obata,L,165,JPN,23.708,95,384,6-1 6-3,3,R32,,,,,,,,,,,,,,,,,,,
2002-1000,Canberra,Hard,32,T5,,20020106,4,200023,,WC,Bryanne Stewart,R,174,AUS,22.078,180,159,200066,3,,Cristina Torrens Valero,R,171,ESP,27.319,31,900,7-5 4-6 6-1,3,R32,,,,,,,,,,,,,,,,,,,
2002-1000,Canberra,Hard,32,T5,,20020106,5,200105,,,Rachel Mcquillan,,170,AUS,30.098,80,455,200723,8,,Iva Majoli,R,175,CRO,24.403,43,700,6-4 6-2,3,R32,,,,,,,,,,,,,,,,,,,
2002-1000,Canberra,Hard,32,T5,,20020106,6,200034,,Q,Amanda Grahame,L,,AUS,22.788,284,72,200094,,,Barbara Rittner,R,173,GER,28.701,72,507,7-5 2-0 RET,3,R32,,,,,,,,,,,,,,,,,,,
2002-1000,Canberra,Hard,32,T5,,20020106,7,200103,,,Evie Dominikovic,R,173,AUS,21.608,85,425,200038,,WC,Annabel Ellwood,R,165,AUS,23.927,170,174,6-0 6-3,3,R32,,,,,,,,,,,,,,,,,,,
2002-1000,Canberra,Hard,32,T5,,20020106,8,200015,,,Petra Mandula,R,178,HUN,23.970,60,585,201212,2,,Francesca Schiavone,R,166,ITA,21.539,36,850,6-1 7-6(3),3,R32,,,,,,,,,,,,,,,,,,,
2002-1000,Canberra,Hard,32,T5,,20020106,9,200044,,,Denisa Chladkova,R,174,CZE,22.911,51,639,200025,,,Ludmila Cervanova,R,171,SVK,22.229,92,401,6-3 6-2,3,R32,,,,,,,,,,,,,,,,,,,
2002-1000,Canberra,Hard,32,T5,,20020106,10,201305,,,Eleni Daniilidou,R,182,GRE,19.300,83,440,201297,,,Maja Matevzic,L,175,SLO,21.566,75,483,6-4 4-6 6-2,3,R32,,,,,,,,,,,,,,,,,,,
2002-1000,Canberra,Hard,32,T5,,20020106,11,200067,6,,Patty Schnyder,L,168,SUI,23.064,41,759,200709,,,Rossana De Los Rios,R,170,PAR,26.309,54,612,6-4 6-4,3,R32,,,,,,,,,,,,,,,,,,,
2002-1000,Canberra,Hard,32,T5,,20020106,12,200749,,,Samantha Reeves,R,173,USA,22.971,106,364,200124,4,,Anne Kremer,R,165,LUX,26.224,33,889,7-6(7) 6-3,3,R32,,,,,,,,,,,,,,,,,,,
2002-1000,Canberra,Hard,32,T5,,20020106,13,200068,,,Lilia Osterloh,R,170,USA,23.751,53,613,200101,,,Jana Kandarr,R,181,GER,25.293,74,487,6-3 6-3,3,R32,,,,,,,,,,,,,,,,,,,
2002-1000,Canberra,Hard,32,T5,,20020106,14,200754,,,Jill Craybas,R,160,USA,27.510,115,334,200012,,,Jana Nejedly,R,175,CAN,27.579,99,379,2-6 6-3 7-5,3,R32,,,,,,,,,,,,,,,,,,,
2002-1000,Canberra,Hard,32,T5,,20020106,15,200109,7,,Nathalie Dechy,R,177,FRA,22.875,42,715,200727,,,Adriana Serra Zanetti,R,160,ITA,25.840,82,442,6-1 7-6(5),3,R32,,,,,,,,,,,,,,,,,,,
2002-1000,Canberra,Hard,32,T5,,20020106,16,200048,5,,Elena Likhovtseva,R,174,RUS,26.330,35,859,201209,,,Selima Sfar,R,166,TUN,24.499,81,446,6-3 6-2,3,R32,,,,,,,,,,,,,,,,,,,
2002-1000,Canberra,Hard,32,T5,,20020106,17,200009,1,,Tamarine Tanasugarn,R,165,THA,24.622,30,916,200044,,,Denisa Chladkova,R,174,CZE,22.911,51,639,6-4 6-3,3,R16,,,,,,,,,,,,,,,,,,,
2002-1000,Canberra,Hard,32,T5,,20020106,18,200067,6,,Patty Schnyder,L,168,SUI,23.064,41,759,201305,,,Eleni Daniilidou,R,182,GRE,19.300,83,440,6-4 6-3,3,R16,,,,,,,,,,,,,,,,,,,
2002-1000,Canberra,Hard,32,T5,,20020106,19,200068,,,Lilia Osterloh,R,170,USA,23.751,53,613,200749,,,Samantha Reeves,R,173,USA,22.971,106,364,3-6 6-4 6-2,3,R16,,,,,,,,,,,,,,,,,,,
2002-1000,Canberra,Hard,32,T5,,20020106,20,200109,7,,Nathalie Dechy,R,177,FRA,22.875,42,715,200754,,,Jill Craybas,R,160,USA,27.510,115,334,0-6 7-6(8) 7-5,3,R16,,,,,,,,,,,,,,,,,,,
2002-1000,Canberra,Hard,32,T5,,20020106,21,200104,,,Emilie Loit,L,167,FRA,22.580,98,381,200048,5,,Elena Likhovtseva,R,174,RUS,26.330,35,859,6-4 6-3,3,R16,,,,,,,,,,,,,,,,,,,
2002-1000,Canberra,Hard,32,T5,,20020106,22,200040,,,Anna Smashnova,R,157,ISR,25.476,69,528,200023,,WC,Bryanne Stewart,R,174,AUS,22.078,180,159,7-6(3) 6-0,3,R16,,,,,,,,,,,,,,,,,,,
2002-1000,Canberra,Hard,32,T5,,20020106,23,200034,,Q,Amanda Grahame,L,,AUS,22.788,284,72,200105,,,Rachel Mcquillan,,170,AUS,30.098,80,455,6-4 6-4,3,R16,,,,,,,,,,,,,,,,,,,
2002-1000,Canberra,Hard,32,T5,,20020106,24,200015,,,Petra Mandula,R,178,HUN,23.970,60,585,200103,,,Evie Dominikovic,R,173,AUS,21.608,85,425,6-7(3) 7-6(5) 6-3,3,R16,,,,,,,,,,,,,,,,,,,
2002-1000,Canberra,Hard,32,T5,,20020106,25,200009,1,,Tamarine Tanasugarn,R,165,THA,24.622,30,916,200067,6,,Patty Schnyder,L,168,SUI,23.064,41,759,6-2 6-4,3,QF,,,,,,,,,,,,,,,,,,,
2002-1000,Canberra,Hard,32,T5,,20020106,26,200068,,,Lilia Osterloh,R,170,USA,23.751,53,613,200109,7,,Nathalie Dechy,R,177,FRA,22.875,42,715,4-6 7-5 6-3,3,QF,,,,,,,,,,,,,,,,,,,
2002-1000,Canberra,Hard,32,T5,,20020106,27,200040,,,Anna Smashnova,R,157,ISR,25.476,69,528,200104,,,Emilie Loit,L,167,FRA,22.580,98,381,6-3 6-0,3,QF,,,,,,,,,,,,,,,,,,,
2002-1000,Canberra,Hard,32,T5,,20020106,28,200034,,Q,Amanda Grahame,L,,AUS,22.788,284,72,200015,,,Petra Mandula,R,178,HUN,23.970,60,585,5-7 6-1 6-1,3,QF,,,,,,,,,,,,,,,,,,,
2002-1000,Canberra,Hard,32,T5,,20020106,29,200009,1,,Tamarine Tanasugarn,R,165,THA,24.622,30,916,200068,,,Lilia Osterloh,R,170,USA,23.751,53,613,6-4 6-4,3,SF,,,,,,,,,,,,,,,,,,,
2002-1000,Canberra,Hard,32,T5,,20020106,30,200040,,,Anna Smashnova,R,157,ISR,25.476,69,528,200034,,Q,Amanda Grahame,L,,AUS,22.788,284,72,7-5 6-2,3,SF,,,,,,,,,,,,,,,,,,,
2002-1000,Canberra,Hard,32,T5,,20020106,31,200040,,,Anna Smashnova,R,157,ISR,25.476,69,528,200009,1,,Tamarine Tanasugarn,R,165,THA,24.622,30,916,7-5 7-6(2),3,F,,,,,,,,,,,,,,,,,,,
2002-901,Australian Open,Hard,128,G,,20020114,1,200077,1,,Jennifer Capriati,R,170,USA,25.797,1,4857,200007,,,Silvija Talaja,R,173,CRO,24.000,103,375,6-4 6-1,3,R128,,,,,,,,,,,,,,,,,,,
2002-901,Australian Open,Hard,128,G,,20020114,2,200023,,WC,Bryanne Stewart,R,174,AUS,22.100,172,171,200012,,,Jana Nejedly,R,175,CAN,27.601,102,379,6-4 6-4,3,R128,,,,,,,,,,,,,,,,,,,
2002-901,Australian Open,Hard,128,G,,20020114,3,201321,,Q,Antonella Serra Zanetti,R,168,ITA,21.473,181,155,200764,,,Elena Bovina,R,189,RUS,18.850,52,641,6-2 2-6 7-5,3,R128,,,,,,,,,,,,,,,,,,,
2002-901,Australian Open,Hard,128,G,,20020114,4,200123,,,Marlene Weingartner,R,174,GER,21.958,48,650,200106,19,,Angeles Montolio,R,157,ESP,26.443,23,1030,6-3 6-3,3,R128,,,,,,,,,,,,,,,,,,,
2002-901,Australian Open,Hard,128,G,,20020114,5,200009,25,,Tamarine Tanasugarn,R,165,THA,24.644,25,1000,201209,,,Selima Sfar,R,166,TUN,24.521,89,416,6-4 6-3,3,R128,,,,,,,,,,,,,,,,,,,
2002-901,Australian Open,Hard,128,G,,20020114,6,200015,,,Petra Mandula,R,178,HUN,23.992,57,618,200090,,,Anca Barna,L,175,GER,24.671,92,399,6-4 6-4,3,R128,,,,,,,,,,,,,,,,,,,
2002-901,Australian Open,Hard,128,G,,20020114,7,200011,,,Katarina Srebotnik,R,180,SLO,20.844,108,357,200040,,,Anna Smashnova,R,157,ISR,25.498,55,622,6-2 6-2,3,R128,,,,,,,,,,,,,,,,,,,
2002-901,Australian Open,Hard,128,G,,20020114,8,200065,7,,Amelie Mauresmo,R,175,FRA,22.530,9,2670,200091,,,Janet Lee,R,175,TPE,25.230,115,337,6-1 6-0,3,R128,,,,,,,,,,,,,,,,,,,
2002-901,Australian Open,Hard,128,G,,20020114,9,200079,4,,Kim Clijsters,R,175,BEL,18.604,5,3376,201289,,WC,Christina Wheeler,R,161,AUS,19.751,189,144,6-2 6-1,3,R128,,,,,,,,,,,,,,,,,,,
2002-901,Australian Open,Hard,128,G,,20020114,10,200078,,,Barbara Schwartz,L,181,AUT,22.966,82,452,201322,,Q,Eva Dyrberg,R,175,DEN,21.909,135,229,6-1 6-4,3,R128,,,,,,,,,,,,,,,,,,,
2002-901,Australian Open,Hard,128,G,,20020114,11,200753,,WC,Cindy Watson,R,,AUS,23.812,194,141,201287,,,Maria Jose Martinez Sanchez,L,176,ESP,19.425,93,398,6-3 6-3,3,R128,,,,,,,,,,,,,,,,,,,
2002-901,Australian Open,Hard,128,G,,20020114,12,200031,,,Meilen Tu,R,163,USA,23.992,63,597,200682,,,Joannette Kruger,R,179,RSA,28.365,58,609,7-6(2) 6-0,3,R128,,,,,,,,,,,,,,,,,,,
2002-901,Australian Open,Hard,128,G,,20020114,13,200022,,,Emmanuelle Gagliardi,R,171,SUI,25.517,65,571,200048,30,,Elena Likhovtseva,R,174,RUS,26.352,37,847,6-1 6-7(7) 8-6,3,R128,,,,,,,,,,,,,,,,,,,
2002-901,Australian Open,Hard,128,G,,20020114,14,200085,24,,Ai Sugiyama,R,163,JPN,26.530,34,888,200105,,,Rachel Mcquillan,,170,AUS,30.120,78,474,6-7(7) 6-3 6-3,3,R128,,,,,,,,,,,,,,,,,,,
2002-901,Australian Open,Hard,128,G,,20020114,15,200122,,,Tina Pisnik,R,172,SLO,20.901,50,648,201294,,WC,Marion Bartoli,R,170,FRA,17.284,304,61,6-3 4-6 9-7,3,R128,,,,,,,,,,,,,,,,,,,
2002-901,Australian Open,Hard,128,G,,20020114,16,200697,,,Janette Husarova,R,169,SVK,27.615,69,508,200047,,LL,Pavlina Nola,R,,NZL,27.505,129,244,6-1 6-0,3,R128,,,,,,,,,,,,,,,,,,,
2002-901,Australian Open,Hard,128,G,,20020114,17,200723,,,Iva Majoli,R,175,CRO,24.425,43,700,200017,14,,Arantxa Sanchez Vicario,R,168,ESP,30.076,15,1548,6-4 7-5,3,R128,,,,,,,,,,,,,,,,,,,
2002-901,Australian Open,Hard,128,G,,20020114,18,200108,12,,Elena Dementieva,R,180,RUS,20.250,17,1536,200121,,,Alina Jidkova,R,168,RUS,24.989,94,397,6-3 6-2,3,R128,,,,,,,,,,,,,,,,,,,
2002-901,Australian Open,Hard,128,G,,20020114,19,200772,,,Anastasia Myskina,R,174,RUS,20.521,53,624,201295,,,Wynne Prakusya,R,160,INA,20.720,107,358,6-7(3) 6-2 6-2,3,R128,,,,,,,,,,,,,,,,,,,
2002-901,Australian Open,Hard,128,G,,20020114,20,201308,,,Maria Elena Camerin,R,164,ITA,19.820,113,339,201323,,,Saori Obata,L,165,JPN,23.729,97,388,7-5 6-4,3,R128,,,,,,,,,,,,,,,,,,,
2002-901,Australian Open,Hard,128,G,,20020114,21,200027,23,,Magui Serna,L,167,ESP,22.875,27,971,200034,,WC,Amanda Grahame,L,,AUS,22.810,220,117,6-3 6-3,3,R128,,,,,,,,,,,,,,,,,,,
2002-901,Australian Open,Hard,128,G,,20020114,22,201310,,,Martina Muller,R,165,GER,19.261,95,397,200107,27,,Paola Suarez,R,170,ARG,25.561,31,905,6-3 6-4,3,R128,,,,,,,,,,,,,,,,,,,
2002-901,Australian Open,Hard,128,G,,20020114,23,201305,,,Eleni Daniilidou,R,182,GRE,19.321,81,456,200119,,,Rita Kuti Kis,L,176,HUN,23.918,80,468,4-6 7-6(2) 6-4,3,R128,,,,,,,,,,,,,,,,,,,
2002-901,Australian Open,Hard,128,G,,20020114,24,200036,,,Nicole Pratt,R,163,AUS,28.863,45,687,201298,,,Zsofia Gubacsi,R,173,HUN,20.775,109,354,6-7(6) 6-2 6-3,3,R128,,,,,,,,,,,,,,,,,,,
2002-901,Australian Open,Hard,128,G,,20020114,25,200777,,,Marta Marrero,R,173,ESP,18.996,59,608,200088,,,Adriana Gersi,R,166,CZE,25.553,74,501,6-4 6-2,3,R128,,,,,,,,,,,,,,,,,,,
2002-901,Australian Open,Hard,128,G,,20020114,26,200003,6,,Justine Henin,R,167,BEL,19.623,8,2722,200113,,,Anna Kournikova,R,173,RUS,20.605,64,573,6-2 7-5,3,R128,,,,,,,,,,,,,,,,,,,
2002-901,Australian Open,Hard,128,G,,20020114,27,200049,,,Conchita Martinez,R,170,ESP,29.747,39,767,200111,33,,Lina Krasnoroutskaya,R,174,RUS,17.712,38,821,3-6 6-3 2-0 RET,3,R128,,,,,,,,,,,,,,,,,,,
2002-901,Australian Open,Hard,128,G,,20020114,28,200084,,,Asa Carlsson,R,178,SWE,26.582,104,375,200103,,,Evie Dominikovic,R,173,AUS,21.629,84,436,6-3 6-2,3,R128,,,,,,,,,,,,,,,,,,,
2002-901,Australian Open,Hard,128,G,,20020114,29,201292,,,Martina Sucha,R,170,SVK,21.150,51,642,200061,,,Gala Leon Garcia,L,163,ESP,28.061,41,762,1-6 6-2 6-4,3,R128,,,,,,,,,,,,,,,,,,,
2002-901,Australian Open,Hard,128,G,,20020114,30,200055,,,Mariana Diaz Oliva,R,172,ARG,25.846,61,604,200066,26,,Cristina Torrens Valero,R,171,ESP,27.341,32,900,7-5 6-4,3,R128,,,,,,,,,,,,,,,,,,,
2002-901,Australian Open,Hard,128,G,,20020114,31,200041,,,Amy Frazier,R,175,USA,29.320,44,693,200098,22,,Henrieta Nagyova,R,177,SVK,23.083,24,1027,7-5 6-4,3,R128,,,,,,,,,,,,,,,,,,,
2002-901,Australian Open,Hard,128,G,,20020114,32,200727,,,Adriana Serra Zanetti,R,160,ITA,25.862,83,442,200118,,,Virginia Ruano Pascual,R,169,ESP,28.315,60,604,6-2 2-6 7-5,3,R128,,,,,,,,,,,,,,,,,,,
2002-901,Australian Open,Hard,128,G,,20020114,33,200766,,,Jennifer Hopkins,R,170,USA,20.926,68,537,201324,,,Irina Selyutina,R,178,KAZ,22.188,85,422,6-2 0-6 6-2,3,R128,,,,,,,,,,,,,,,,,,,
2002-901,Australian Open,Hard,128,G,,20020114,34,200063,29,,Tatiana Panova,R,154,RUS,25.421,35,883,200008,,,Alicia Molik,R,182,AUS,20.964,54,624,1-6 6-3 10-8,3,R128,,,,,,,,,,,,,,,,,,,
2002-901,Australian Open,Hard,128,G,,20020114,35,200700,11,,Silvia Farina Elia,R,172,ITA,29.717,14,1623,200068,,,Lilia Osterloh,R,170,USA,23.773,46,658,6-4 3-6 6-4,3,R128,,,,,,,,,,,,,,,,,,,
2002-901,Australian Open,Hard,128,G,,20020114,36,200064,15,,Amanda Coetzer,R,158,RSA,30.232,19,1466,200089,,,Miriam Oremans,R,169,NED,29.348,86,421,6-1 6-1,3,R128,,,,,,,,,,,,,,,,,,,
2002-901,Australian Open,Hard,128,G,,20020114,37,200709,,,Rossana De Los Rios,R,170,PAR,26.330,62,600,200740,,Q,Elena Tatarkova,L,170,UKR,25.397,180,156,6-3 6-2,3,R128,,,,,,,,,,,,,,,,,,,
2002-901,Australian Open,Hard,128,G,,20020114,38,201291,,,Nuria Llagostera Vives,R,156,ESP,21.665,98,385,200101,,,Jana Kandarr,R,181,GER,25.315,75,487,6-0 6-1,3,R128,,,,,,,,,,,,,,,,,,,
2002-901,Australian Open,Hard,128,G,,20020114,39,200032,17,,Barbara Schett,R,176,AUT,25.849,21,1101,200745,,,Andrea Glass,R,168,GER,25.495,116,315,6-2 6-4,3,R128,,,,,,,,,,,,,,,,,,,
2002-901,Australian Open,Hard,128,G,,20020114,40,200124,28,,Anne Kremer,R,165,LUX,26.246,33,889,200044,,,Denisa Chladkova,R,174,CZE,22.933,47,651,6-3 6-4,3,R128,,,,,,,,,,,,,,,,,,,
2002-901,Australian Open,Hard,128,G,,20020114,41,200094,,,Barbara Rittner,R,173,GER,28.723,71,507,201072,,,Eva Bes Ostariz,R,,ESP,29.000,101,379,6-3 6-4,3,R128,,,,,,,,,,,,,,,,,,,
2002-901,Australian Open,Hard,128,G,,20020114,42,201086,,Q,Greta Arn,R,180,HUN,22.757,121,291,201325,,WC,Samantha Stosur,R,172,AUS,17.794,258,88,6-2 4-6 6-2,3,R128,,,,,,,,,,,,,,,,,,,
2002-901,Australian Open,Hard,128,G,,20020114,43,200001,3,,Martina Hingis,R,170,SUI,21.290,4,3891,200043,,,Virginie Razzano,R,173,FRA,18.678,88,418,6-2 6-2,3,R128,,,,,,,,,,,,,,,,,,,
2002-901,Australian Open,Hard,128,G,,20020114,44,200652,8,,Monica Seles,L,178,USA,28.118,10,2248,200067,,,Patty Schnyder,L,168,SUI,23.086,40,763,6-1 6-2,3,R128,,,,,,,,,,,,,,,,,,,
2002-901,Australian Open,Hard,128,G,,20020114,45,200010,20,,Rita Grande,R,177,ITA,26.815,29,917,201302,,Q,Clarisa Fernandez,L,179,ARG,20.381,137,222,7-6(4) 6-4,3,R128,,,,,,,,,,,,,,,,,,,
2002-901,Australian Open,Hard,128,G,,20020114,46,200072,,,Cara Black,R,167,ZIM,22.908,73,502,200104,,,Emilie Loit,L,167,FRA,22.601,90,413,7-5 6-3,3,R128,,,,,,,,,,,,,,,,,,,
2002-901,Australian Open,Hard,128,G,,20020114,47,200056,,Q,Jelena Kostanic Tosic,L,168,CRO,20.526,127,249,200749,,,Samantha Reeves,R,173,USA,22.993,99,384,6-0 6-7(6) 6-3,3,R128,,,,,,,,,,,,,,,,,,,
2002-901,Australian Open,Hard,128,G,,20020114,48,201212,31,,Francesca Schiavone,R,166,ITA,21.561,36,850,201317,,,Aniko Kapros,R,173,HUN,18.177,110,350,4-6 6-3 8-6,3,R128,,,,,,,,,,,,,,,,,,,
2002-901,Australian Open,Hard,128,G,,20020114,49,201083,21,,Daja Bedanova,R,171,CZE,18.853,26,982,201284,,,Tatiana Poutchek,R,176,BLR,23.015,70,507,6-1 6-2,3,R128,,,,,,,,,,,,,,,,,,,
2002-901,Australian Open,Hard,128,G,,20020114,50,201286,,,Anabel Medina Garrigues,R,169,ESP,19.458,49,649,201326,,Q,Bahia Mouhtassine,R,,MAR,22.396,154,195,6-2 4-6 6-1,3,R128,,,,,,,,,,,,,,,,,,,
2002-901,Australian Open,Hard,128,G,,20020114,51,201296,,,Bianka Lamade,R,184,GER,19.376,72,504,201299,,,Celine Beigbeder,,,FRA,26.886,100,384,5-7 7-5 6-2,3,R128,,,,,,,,,,,,,,,,,,,
2002-901,Australian Open,Hard,128,G,,20020114,52,200109,,,Nathalie Dechy,R,177,FRA,22.897,56,621,200016,9,,Sandrine Testud,R,176,FRA,29.783,11,1946,7-5 4-6 6-3,3,R128,,,,,,,,,,,,,,,,,,,
2002-901,Australian Open,Hard,128,G,,20020114,53,200086,13,,Magdalena Maleeva,R,168,BUL,26.790,16,1538,201306,,,Marie Gaiane Mikaelian,R,172,SUI,17.868,76,478,6-3 6-4,3,R128,,,,,,,,,,,,,,,,,,,
2002-901,Australian Open,Hard,128,G,,20020114,54,200117,,,Kveta Peschke,R,165,CZE,26.519,87,420,201085,,,Shinobu Asagoe,R,170,JPN,25.547,112,343,4-6 6-3 6-2,3,R128,,,,,,,,,,,,,,,,,,,
2002-901,Australian Open,Hard,128,G,,20020114,55,200754,,,Jill Craybas,R,160,USA,27.532,111,347,200096,,WC,Mary Pierce,R,178,FRA,26.999,156,192,4-0 RET,3,R128,,,,,,,,,,,,,,,,,,,
2002-901,Australian Open,Hard,128,G,,20020114,56,200082,,Q,Kristie Boogert,R,178,NED,28.080,145,213,200678,,Q,Gloria Pizzichini,R,163,ITA,26.478,221,116,6-3 6-3,3,R128,,,,,,,,,,,,,,,,,,,
2002-901,Australian Open,Hard,128,G,,20020114,57,200020,18,,Lisa Raymond,R,165,USA,28.430,22,1048,200087,,,Seda Noorlander,R,166,NED,27.650,105,367,6-0 6-1,3,R128,,,,,,,,,,,,,,,,,,,
2002-901,Australian Open,Hard,128,G,,20020114,58,201290,32,,Daniela Hantuchova,R,181,SVK,18.730,28,920,201297,,,Maja Matevzic,L,175,SLO,21.588,77,478,6-3 6-1,3,R128,,,,,,,,,,,,,,,,,,,
2002-901,Australian Open,Hard,128,G,,20020114,59,200060,,,Tathiana Garbin,R,172,ITA,24.543,91,406,200126,,,Marissa Irvin,R,170,USA,21.561,67,539,6-0 6-3,3,R128,,,,,,,,,,,,,,,,,,,
2002-901,Australian Open,Hard,128,G,,20020114,60,200062,,,Kristina Brandi,R,168,PUR,24.797,79,468,200025,,,Ludmila Cervanova,R,171,SVK,22.251,96,393,6-3 4-6 6-0,3,R128,,,,,,,,,,,,,,,,,,,
2002-901,Australian Open,Hard,128,G,,20020114,61,200748,2,,Venus Williams,R,185,USA,21.577,3,4326,201207,,Q,Ansley Cargill,R,170,USA,20.025,230,108,6-2 6-2,3,R128,,,,,,,,,,,,,,,,,,,
2002-901,Australian Open,Hard,128,G,,20020114,62,201320,,Q,Svetlana Kuznetsova,R,174,RUS,16.551,264,83,201313,,WC,Yoon Jeong Cho,R,167,KOR,22.788,106,358,6-3 2-6 6-4,3,R128,,,,,,,,,,,,,,,,,,,
2002-901,Australian Open,Hard,128,G,,20020114,63,201204,16,,Iroda Tulyaganova,R,170,UZB,20.020,20,1166,201300,,Q,Maria Emilia Salerni,R,174,ARG,18.673,117,300,6-3 6-4,3,R128,,,,,,,,,,,,,,,,,,,
2002-901,Australian Open,Hard,128,G,,20020114,64,200046,10,,Meghann Shaughnessy,R,180,USA,22.757,12,1910,200083,,,Alexandra Stevenson,R,185,USA,21.082,42,745,6-7(5) 6-2 7-5,3,R128,,,,,,,,,,,,,,,,,,,
2002-901,Australian Open,Hard,128,G,,20020114,65,200077,1,,Jennifer Capriati,R,170,USA,25.797,1,4857,200031,,,Meilen Tu,R,163,USA,23.992,63,597,6-1 6-3,3,R64,,,,,,,,,,,,,,,,,,,
2002-901,Australian Open,Hard,128,G,,20020114,66,201305,,,Eleni Daniilidou,R,182,GRE,19.321,81,456,200063,29,,Tatiana Panova,R,154,RUS,25.421,35,883,6-2 4-6 6-0,3,R64,,,,,,,,,,,,,,,,,,,
2002-901,Australian Open,Hard,128,G,,20020114,67,200010,20,,Rita Grande,R,177,ITA,26.815,29,917,200082,,Q,Kristie Boogert,R,178,NED,28.080,145,213,7-6(4) 7-5,3,R64,,,,,,,,,,,,,,,,,,,
2002-901,Australian Open,Hard,128,G,,20020114,68,201204,16,,Iroda Tulyaganova,R,170,UZB,20.020,20,1166,201320,,Q,Svetlana Kuznetsova,R,174,RUS,16.551,264,83,6-4 6-1,3,R64,,,,,,,,,,,,,,,,,,,
2002-901,Australian Open,Hard,128,G,,20020114,69,200046,10,,Meghann Shaughnessy,R,180,USA,22.757,12,1910,200023,,WC,Bryanne Stewart,R,174,AUS,22.100,172,171,6-2 6-0,3,R64,,,,,,,,,,,,,,,,,,,
2002-901,Australian Open,Hard,128,G,,20020114,70,200123,,,Marlene Weingartner,R,174,GER,21.958,48,650,201321,,Q,Antonella Serra Zanetti,R,168,ITA,21.473,181,155,6-4 6-2,3,R64,,,,,,,,,,,,,,,,,,,
2002-901,Australian Open,Hard,128,G,,20020114,71,200009,25,,Tamarine Tanasugarn,R,165,THA,24.644,25,1000,200015,,,Petra Mandula,R,178,HUN,23.992,57,618,2-6 6-2 6-2,3,R64,,,,,,,,,,,,,,,,,,,
2002-901,Australian Open,Hard,128,G,,20020114,72,200065,7,,Amelie Mauresmo,R,175,FRA,22.530,9,2670,200011,,,Katarina Srebotnik,R,180,SLO,20.844,108,357,7-5 6-3,3,R64,,,,,,,,,,,,,,,,,,,
2002-901,Australian Open,Hard,128,G,,20020114,73,200079,4,,Kim Clijsters,R,175,BEL,18.604,5,3376,200078,,,Barbara Schwartz,L,181,AUT,22.966,82,452,6-1 6-1,3,R64,,,,,,,,,,,,,,,,,,,
2002-901,Australian Open,Hard,128,G,,20020114,74,200753,,WC,Cindy Watson,R,,AUS,23.812,194,141,200022,,,Emmanuelle Gagliardi,R,171,SUI,25.517,65,571,3-6 7-5 6-2,3,R64,,,,,,,,,,,,,,,,,,,
2002-901,Australian Open,Hard,128,G,,20020114,75,200085,24,,Ai Sugiyama,R,163,JPN,26.530,34,888,200122,,,Tina Pisnik,R,172,SLO,20.901,50,648,7-6(2) 6-0,3,R64,,,,,,,,,,,,,,,,,,,
2002-901,Australian Open,Hard,128,G,,20020114,76,200697,,,Janette Husarova,R,169,SVK,27.615,69,508,200723,,,Iva Majoli,R,175,CRO,24.425,43,700,6-4 6-3,3,R64,,,,,,,,,,,,,,,,,,,
2002-901,Australian Open,Hard,128,G,,20020114,77,200108,12,,Elena Dementieva,R,180,RUS,20.250,17,1536,200772,,,Anastasia Myskina,R,174,RUS,20.521,53,624,6-4 6-2,3,R64,,,,,,,,,,,,,,,,,,,
2002-901,Australian Open,Hard,128,G,,20020114,78,200027,23,,Magui Serna,L,167,ESP,22.875,27,971,201308,,,Maria Elena Camerin,R,164,ITA,19.820,113,339,6-3 6-3,3,R64,,,,,,,,,,,,,,,,,,,
2002-901,Australian Open,Hard,128,G,,20020114,79,200036,,,Nicole Pratt,R,163,AUS,28.863,45,687,201310,,,Martina Muller,R,165,GER,19.261,95,397,6-1 6-2,3,R64,,,,,,,,,,,,,,,,,,,
2002-901,Australian Open,Hard,128,G,,20020114,80,200003,6,,Justine Henin,R,167,BEL,19.623,8,2722,200777,,,Marta Marrero,R,173,ESP,18.996,59,608,6-3 3-6 6-1,3,R64,,,,,,,,,,,,,,,,,,,
2002-901,Australian Open,Hard,128,G,,20020114,81,200084,,,Asa Carlsson,R,178,SWE,26.582,104,375,200049,,,Conchita Martinez,R,170,ESP,29.747,39,767,6-4 6-1,3,R64,,,,,,,,,,,,,,,,,,,
2002-901,Australian Open,Hard,128,G,,20020114,82,201292,,,Martina Sucha,R,170,SVK,21.150,51,642,200055,,,Mariana Diaz Oliva,R,172,ARG,25.846,61,604,6-1 7-5,3,R64,,,,,,,,,,,,,,,,,,,
2002-901,Australian Open,Hard,128,G,,20020114,83,200727,,,Adriana Serra Zanetti,R,160,ITA,25.862,83,442,200041,,,Amy Frazier,R,175,USA,29.320,44,693,6-3 7-6(5),3,R64,,,,,,,,,,,,,,,,,,,
2002-901,Australian Open,Hard,128,G,,20020114,84,200700,11,,Silvia Farina Elia,R,172,ITA,29.717,14,1623,200766,,,Jennifer Hopkins,R,170,USA,20.926,68,537,6-2 6-0,3,R64,,,,,,,,,,,,,,,,,,,
2002-901,Australian Open,Hard,128,G,,20020114,85,200064,15,,Amanda Coetzer,R,158,RSA,30.232,19,1466,200709,,,Rossana De Los Rios,R,170,PAR,26.330,62,600,6-3 6-1,3,R64,,,,,,,,,,,,,,,,,,,
2002-901,Australian Open,Hard,128,G,,20020114,86,200032,17,,Barbara Schett,R,176,AUT,25.849,21,1101,201291,,,Nuria Llagostera Vives,R,156,ESP,21.665,98,385,6-2 1-6 6-2,3,R64,,,,,,,,,,,,,,,,,,,
2002-901,Australian Open,Hard,128,G,,20020114,87,200094,,,Barbara Rittner,R,173,GER,28.723,71,507,200124,28,,Anne Kremer,R,165,LUX,26.246,33,889,6-1 6-4,3,R64,,,,,,,,,,,,,,,,,,,
2002-901,Australian Open,Hard,128,G,,20020114,88,200001,3,,Martina Hingis,R,170,SUI,21.290,4,3891,201086,,Q,Greta Arn,R,180,HUN,22.757,121,291,6-1 6-2,3,R64,,,,,,,,,,,,,,,,,,,
2002-901,Australian Open,Hard,128,G,,20020114,89,200652,8,,Monica Seles,L,178,USA,28.118,10,2248,200072,,,Cara Black,R,167,ZIM,22.908,73,502,6-1 6-1,3,R64,,,,,,,,,,,,,,,,,,,
2002-901,Australian Open,Hard,128,G,,20020114,90,201212,31,,Francesca Schiavone,R,166,ITA,21.561,36,850,200056,,Q,Jelena Kostanic Tosic,L,168,CRO,20.526,127,249,6-1 6-2,3,R64,,,,,,,,,,,,,,,,,,,
2002-901,Australian Open,Hard,128,G,,20020114,91,201286,,,Anabel Medina Garrigues,R,169,ESP,19.458,49,649,201083,21,,Daja Bedanova,R,171,CZE,18.853,26,982,6-4 6-2,3,R64,,,,,,,,,,,,,,,,,,,
2002-901,Australian Open,Hard,128,G,,20020114,92,200109,,,Nathalie Dechy,R,177,FRA,22.897,56,621,201296,,,Bianka Lamade,R,184,GER,19.376,72,504,6-3 6-7(4) 6-1,3,R64,,,,,,,,,,,,,,,,,,,
2002-901,Australian Open,Hard,128,G,,20020114,93,200086,13,,Magdalena Maleeva,R,168,BUL,26.790,16,1538,200117,,,Kveta Peschke,R,165,CZE,26.519,87,420,6-4 7-5,3,R64,,,,,,,,,,,,,,,,,,,
2002-901,Australian Open,Hard,128,G,,20020114,94,200020,18,,Lisa Raymond,R,165,USA,28.430,22,1048,200754,,,Jill Craybas,R,160,USA,27.532,111,347,6-3 6-3,3,R64,,,,,,,,,,,,,,,,,,,
2002-901,Australian Open,Hard,128,G,,20020114,95,201290,32,,Daniela Hantuchova,R,181,SVK,18.730,28,920,200060,,,Tathiana Garbin,R,172,ITA,24.543,91,406,6-0 6-2,3,R64,,,,,,,,,,,,,,,,,,,
2002-901,Australian Open,Hard,128,G,,20020114,96,200748,2,,Venus Williams,R,185,USA,21.577,3,4326,200062,,,Kristina Brandi,R,168,PUR,24.797,79,468,6-3 6-4,3,R64,,,,,,,,,,,,,,,,,,,
2002-901,Australian Open,Hard,128,G,,20020114,97,200065,7,,Amelie Mauresmo,R,175,FRA,22.530,9,2670,200009,25,,Tamarine Tanasugarn,R,165,THA,24.644,25,1000,7-6(3) 6-1,3,R32,,,,,,,,,,,,,,,,,,,
2002-901,Australian Open,Hard,128,G,,20020114,98,200079,4,,Kim Clijsters,R,175,BEL,18.604,5,3376,200753,,WC,Cindy Watson,R,,AUS,23.812,194,141,6-1 6-2,3,R32,,,,,,,,,,,,,,,,,,,
2002-901,Australian Open,Hard,128,G,,20020114,99,200697,,,Janette Husarova,R,169,SVK,27.615,69,508,200085,24,,Ai Sugiyama,R,163,JPN,26.530,34,888,6-2 6-3,3,R32,,,,,,,,,,,,,,,,,,,
2002-901,Australian Open,Hard,128,G,,20020114,100,200108,12,,Elena Dementieva,R,180,RUS,20.250,17,1536,200027,23,,Magui Serna,L,167,ESP,22.875,27,971,6-1 6-2,3,R32,,,,,,,,,,,,,,,,,,,
2002-901,Australian Open,Hard,128,G,,20020114,101,200003,6,,Justine Henin,R,167,BEL,19.623,8,2722,200036,,,Nicole Pratt,R,163,AUS,28.863,45,687,6-4 6-0,3,R32,,,,,,,,,,,,,,,,,,,
2002-901,Australian Open,Hard,128,G,,20020114,102,201292,,,Martina Sucha,R,170,SVK,21.150,51,642,200084,,,Asa Carlsson,R,178,SWE,26.582,104,375,6-0 6-4,3,R32,,,,,,,,,,,,,,,,,,,
2002-901,Australian Open,Hard,128,G,,20020114,103,200727,,,Adriana Serra Zanetti,R,160,ITA,25.862,83,442,200700,11,,Silvia Farina Elia,R,172,ITA,29.717,14,1623,6-2 4-6 6-4,3,R32,,,,,,,,,,,,,,,,,,,
2002-901,Australian Open,Hard,128,G,,20020114,104,200064,15,,Amanda Coetzer,R,158,RSA,30.232,19,1466,200032,17,,Barbara Schett,R,176,AUT,25.849,21,1101,6-3 6-3,3,R32,,,,,,,,,,,,,,,,,,,
2002-901,Australian Open,Hard,128,G,,20020114,105,200001,3,,Martina Hingis,R,170,SUI,21.290,4,3891,200094,,,Barbara Rittner,R,173,GER,28.723,71,507,6-1 6-0,3,R32,,,,,,,,,,,,,,,,,,,
2002-901,Australian Open,Hard,128,G,,20020114,106,200652,8,,Monica Seles,L,178,USA,28.118,10,2248,201212,31,,Francesca Schiavone,R,166,ITA,21.561,36,850,6-4 6-4,3,R32,,,,,,,,,,,,,,,,,,,
2002-901,Australian Open,Hard,128,G,,20020114,107,201286,,,Anabel Medina Garrigues,R,169,ESP,19.458,49,649,200109,,,Nathalie Dechy,R,177,FRA,22.897,56,621,6-3 6-2,3,R32,,,,,,,,,,,,,,,,,,,
2002-901,Australian Open,Hard,128,G,,20020114,108,200086,13,,Magdalena Maleeva,R,168,BUL,26.790,16,1538,200020,18,,Lisa Raymond,R,165,USA,28.430,22,1048,7-5 6-1,3,R32,,,,,,,,,,,,,,,,,,,
2002-901,Australian Open,Hard,128,G,,20020114,109,200748,2,,Venus Williams,R,185,USA,21.577,3,4326,201290,32,,Daniela Hantuchova,R,181,SVK,18.730,28,920,3-6 6-0 6-4,3,R32,,,,,,,,,,,,,,,,,,,
2002-901,Australian Open,Hard,128,G,,20020114,110,200077,1,,Jennifer Capriati,R,170,USA,25.797,1,4857,201305,,,Eleni Daniilidou,R,182,GRE,19.321,81,456,6-2 3-6 6-1,3,R32,,,,,,,,,,,,,,,,,,,
2002-901,Australian Open,Hard,128,G,,20020114,111,200010,20,,Rita Grande,R,177,ITA,26.815,29,917,201204,16,,Iroda Tulyaganova,R,170,UZB,20.020,20,1166,6-3 5-7 6-4,3,R32,,,,,,,,,,,,,,,,,,,
2002-901,Australian Open,Hard,128,G,,20020114,112,200123,,,Marlene Weingartner,R,174,GER,21.958,48,650,200046,10,,Meghann Shaughnessy,R,180,USA,22.757,12,1910,6-2 3-6 6-3,3,R32,,,,,,,,,,,,,,,,,,,
2002-901,Australian Open,Hard,128,G,,20020114,113,200077,1,,Jennifer Capriati,R,170,USA,25.797,1,4857,200010,20,,Rita Grande,R,177,ITA,26.815,29,917,6-3 7-6(9),3,R16,,,,,,,,,,,,,,,,,,,
2002-901,Australian Open,Hard,128,G,,20020114,114,200065,7,,Amelie Mauresmo,R,175,FRA,22.530,9,2670,200123,,,Marlene Weingartner,R,174,GER,21.958,48,650,6-0 4-6 7-5,3,R16,,,,,,,,,,,,,,,,,,,
2002-901,Australian Open,Hard,128,G,,20020114,115,200079,4,,Kim Clijsters,R,175,BEL,18.604,5,3376,200697,,,Janette Husarova,R,169,SVK,27.615,69,508,6-0 6-2,3,R16,,,,,,,,,,,,,,,,,,,
2002-901,Australian Open,Hard,128,G,,20020114,116,200003,6,,Justine Henin,R,167,BEL,19.623,8,2722,200108,12,,Elena Dementieva,R,180,RUS,20.250,17,1536,6-0 6-3,3,R16,,,,,,,,,,,,,,,,,,,
2002-901,Australian Open,Hard,128,G,,20020114,117,200727,,,Adriana Serra Zanetti,R,160,ITA,25.862,83,442,201292,,,Martina Sucha,R,170,SVK,21.150,51,642,6-1 7-5,3,R16,,,,,,,,,,,,,,,,,,,
2002-901,Australian Open,Hard,128,G,,20020114,118,200001,3,,Martina Hingis,R,170,SUI,21.290,4,3891,200064,15,,Amanda Coetzer,R,158,RSA,30.232,19,1466,6-1 6-0,3,R16,,,,,,,,,,,,,,,,,,,
2002-901,Australian Open,Hard,128,G,,20020114,119,200652,8,,Monica Seles,L,178,USA,28.118,10,2248,201286,,,Anabel Medina Garrigues,R,169,ESP,19.458,49,649,4-2 RET,3,R16,,,,,,,,,,,,,,,,,,,
2002-901,Australian Open,Hard,128,G,,20020114,120,200748,2,,Venus Williams,R,185,USA,21.577,3,4326,200086,13,,Magdalena Maleeva,R,168,BUL,26.790,16,1538,6-0 6-3,3,R16,,,,,,,,,,,,,,,,,,,
2002-901,Australian Open,Hard,128,G,,20020114,121,200077,1,,Jennifer Capriati,R,170,USA,25.797,1,4857,200065,7,,Amelie Mauresmo,R,175,FRA,22.530,9,2670,6-2 6-2,3,QF,,,,,,,,,,,,,,,,,,,
2002-901,Australian Open,Hard,128,G,,20020114,122,200079,4,,Kim Clijsters,R,175,BEL,18.604,5,3376,200003,6,,Justine Henin,R,167,BEL,19.623,8,2722,6-2 6-3,3,QF,,,,,,,,,,,,,,,,,,,
2002-901,Australian Open,Hard,128,G,,20020114,123,200001,3,,Martina Hingis,R,170,SUI,21.290,4,3891,200727,,,Adriana Serra Zanetti,R,160,ITA,25.862,83,442,6-2 6-3,3,QF,,,,,,,,,,,,,,,,,,,
2002-901,Australian Open,Hard,128,G,,20020114,124,200652,8,,Monica Seles,L,178,USA,28.118,10,2248,200748,2,,Venus Williams,R,185,USA,21.577,3,4326,6-7(4) 6-2 6-3,3,QF,,,,,,,,,,,,,,,,,,,
2002-901,Australian Open,Hard,128,G,,20020114,125,200077,1,,Jennifer Capriati,R,170,USA,25.797,1,4857,200079,4,,Kim Clijsters,R,175,BEL,18.604,5,3376,7-5 3-6 6-1,3,SF,,,,,,,,,,,,,,,,,,,
2002-901,Australian Open,Hard,128,G,,20020114,126,200001,3,,Martina Hingis,R,170,SUI,21.290,4,3891,200652,8,,Monica Seles,L,178,USA,28.118,10,2248,4-6 6-1 6-4,3,SF,,,,,,,,,,,,,,,,,,,
2002-901,Australian Open,Hard,128,G,,20020114,127,200077,1,,Jennifer Capriati,R,170,USA,25.797,1,4857,200001,3,,Martina Hingis,R,170,SUI,21.290,4,3891,4-6 7-6(7) 6-2,3,F,,,,,,,,,,,,,,,,,,,
2002-1056,Tokyo,Carpet,28,T1,,20020129,1,200123,,,Marlene Weingartner,R,174,GER,21.999,40,770,201429,,WC,Rika Fujiwara,R,155,JPN,20.362,124,267,6-1 7-6(5),3,R32,,,,,,,,,,,,,,,,,,,
2002-1056,Tokyo,Carpet,28,T1,,20020129,2,200108,7,,Elena Dementieva,R,180,RUS,20.291,16,1608,201323,,Q,Saori Obata,L,165,JPN,23.771,97,367,6-3 6-3,3,R32,,,,,,,,,,,,,,,,,,,
2002-1056,Tokyo,Carpet,28,T1,,20020129,3,200113,,WC,Anna Kournikova,R,173,RUS,20.647,99,367,200066,,,Cristina Torrens Valero,R,171,ESP,27.382,33,900,6-3 6-0,3,R32,,,,,,,,,,,,,,,,,,,
2002-1056,Tokyo,Carpet,28,T1,,20020129,4,200124,,,Anne Kremer,R,165,LUX,26.287,32,907,200048,,,Elena Likhovtseva,R,174,RUS,26.393,36,847,4-6 6-1 6-3,3,R32,,,,,,,,,,,,,,,,,,,
2002-1056,Tokyo,Carpet,28,T1,,20020129,5,200009,,,Tamarine Tanasugarn,R,165,THA,24.685,26,998,201300,,WC,Maria Emilia Salerni,R,174,ARG,18.714,116,324,6-3 3-6 6-2,3,R32,,,,,,,,,,,,,,,,,,,
2002-1056,Tokyo,Carpet,28,T1,,20020129,6,200086,6,,Magdalena Maleeva,R,168,BUL,26.831,14,1688,201083,,,Daja Bedanova,R,171,CZE,18.894,35,876,6-4 6-4,3,R32,,,,,,,,,,,,,,,,,,,
2002-1056,Tokyo,Carpet,28,T1,,20020129,7,200032,,,Barbara Schett,R,176,AUT,25.890,22,1079,200027,,,Magui Serna,L,167,ESP,22.916,25,1005,6-1 6-3,3,R32,,,,,,,,,,,,,,,,,,,
2002-1056,Tokyo,Carpet,28,T1,,20020129,8,200010,,,Rita Grande,R,177,ITA,26.856,31,909,201204,,,Iroda Tulyaganova,R,170,UZB,20.061,20,1230,7-6(7) 6-3,3,R32,,,,,,,,,,,,,,,,,,,
2002-1056,Tokyo,Carpet,28,T1,,20020129,9,200700,5,,Silvia Farina Elia,R,172,ITA,29.758,15,1661,200063,,,Tatiana Panova,R,154,RUS,25.463,29,918,6-4 7-5,3,R32,,,,,,,,,,,,,,,,,,,
2002-1056,Tokyo,Carpet,28,T1,,20020129,10,200064,8,,Amanda Coetzer,R,158,RSA,30.273,19,1418,200020,,,Lisa Raymond,R,165,USA,28.471,21,1090,7-5 6-4,3,R32,,,,,,,,,,,,,,,,,,,
2002-1056,Tokyo,Carpet,28,T1,,20020129,11,200083,,Q,Alexandra Stevenson,R,185,USA,21.123,49,713,200011,,Q,Katarina Srebotnik,R,180,SLO,20.885,93,381,6-1 6-4,3,R32,,,,,,,,,,,,,,,,,,,
2002-1056,Tokyo,Carpet,28,T1,,20020129,12,200042,,Q,Els Callens,R,178,BEL,31.445,203,137,200085,,,Ai Sugiyama,R,163,JPN,26.571,28,958,1-6 6-2 6-4,3,R32,,,,,,,,,,,,,,,,,,,
2002-1056,Tokyo,Carpet,28,T1,,20020129,13,200001,1,,Martina Hingis,R,170,SUI,21.331,4,3901,200123,,,Marlene Weingartner,R,174,GER,21.999,40,770,6-1 6-2,3,R16,,,,,,,,,,,,,,,,,,,
2002-1056,Tokyo,Carpet,28,T1,,20020129,14,200009,,,Tamarine Tanasugarn,R,165,THA,24.685,26,998,200086,6,,Magdalena Maleeva,R,168,BUL,26.831,14,1688,6-3 2-6 6-2,3,R16,,,,,,,,,,,,,,,,,,,
2002-1056,Tokyo,Carpet,28,T1,,20020129,15,200016,4,,Sandrine Testud,R,176,FRA,29.824,12,1942,200032,,,Barbara Schett,R,176,AUT,25.890,22,1079,4-6 7-5 7-5,3,R16,,,,,,,,,,,,,,,,,,,
2002-1056,Tokyo,Carpet,28,T1,,20020129,16,200700,5,,Silvia Farina Elia,R,172,ITA,29.758,15,1661,200010,,,Rita Grande,R,177,ITA,26.856,31,909,7-5 6-4,3,R16,,,,,,,,,,,,,,,,,,,
2002-1056,Tokyo,Carpet,28,T1,,20020129,17,200083,,Q,Alexandra Stevenson,R,185,USA,21.123,49,713,200064,8,,Amanda Coetzer,R,158,RSA,30.273,19,1418,4-6 6-0 7-6(3),3,R16,,,,,,,,,,,,,,,,,,,
2002-1056,Tokyo,Carpet,28,T1,,20020129,18,200652,3,,Monica Seles,L,178,USA,28.159,10,2540,200042,,Q,Els Callens,R,178,BEL,31.445,203,137,6-2 6-3,3,R16,,,,,,,,,,,,,,,,,,,
2002-1056,Tokyo,Carpet,28,T1,,20020129,19,200113,,WC,Anna Kournikova,R,173,RUS,20.647,99,367,200108,7,,Elena Dementieva,R,180,RUS,20.291,16,1608,7-6(4) 7-6(5),3,R16,,,,,,,,,,,,,,,,,,,
2002-1056,Tokyo,Carpet,28,T1,,20020129,20,200124,,,Anne Kremer,R,165,LUX,26.287,32,907,200120,2,,Jelena Dokic,R,175,AUS,18.801,9,2780,7-5 6-2,3,R16,,,,,,,,,,,,,,,,,,,
2002-1056,Tokyo,Carpet,28,T1,,20020129,21,200001,1,,Martina Hingis,R,170,SUI,21.331,4,3901,200009,,,Tamarine Tanasugarn,R,165,THA,24.685,26,998,6-3 6-2,3,QF,,,,,,,,,,,,,,,,,,,
2002-1056,Tokyo,Carpet,28,T1,,20020129,22,200700,5,,Silvia Farina Elia,R,172,ITA,29.758,15,1661,200016,4,,Sandrine Testud,R,176,FRA,29.824,12,1942,6-4 6-3,3,QF,,,,,,,,,,,,,,,,,,,
2002-1056,Tokyo,Carpet,28,T1,,20020129,23,200652,3,,Monica Seles,L,178,USA,28.159,10,2540,200083,,Q,Alexandra Stevenson,R,185,USA,21.123,49,713,7-6(9) 7-6(9),3,QF,,,,,,,,,,,,,,,,,,,
2002-1056,Tokyo,Carpet,28,T1,,20020129,24,200113,,WC,Anna Kournikova,R,173,RUS,20.647,99,367,200124,,,Anne Kremer,R,165,LUX,26.287,32,907,6-4 6-2,3,QF,,,,,,,,,,,,,,,,,,,
2002-1056,Tokyo,Carpet,28,T1,,20020129,25,200001,1,,Martina Hingis,R,170,SUI,21.331,4,3901,200700,5,,Silvia Farina Elia,R,172,ITA,29.758,15,1661,6-0 6-4,3,SF,,,,,,,,,,,,,,,,,,,
2002-1056,Tokyo,Carpet,28,T1,,20020129,26,200652,3,,Monica Seles,L,178,USA,28.159,10,2540,200113,,WC,Anna Kournikova,R,173,RUS,20.647,99,367,6-3 3-6 6-3,3,SF,,,,,,,,,,,,,,,,,,,
2002-1056,Tokyo,Carpet,28,T1,,20020129,27,200001,1,,Martina Hingis,R,170,SUI,21.331,4,3901,200652,3,,Monica Seles,L,178,USA,28.159,10,2540,7-6(6) 4-6 6-3,3,F,,,,,,,,,,,,,,,,,,,
2002-604,Paris,Carpet,28,T2,,20020205,1,200031,,LL,Meilen Tu,R,163,USA,24.053,58,611,200098,,,Henrieta Nagyova,R,177,SVK,23.144,24,1027,6-3 4-2 RET,3,R32,,,,,,,,,,,,,,,,,,,
2002-604,Paris,Carpet,28,T2,,20020205,2,200652,5,,Monica Seles,L,178,USA,28.179,10,2749,200032,,,Barbara Schett,R,176,AUT,25.909,20,1139,6-2 6-3,3,R32,,,,,,,,,,,,,,,,,,,
2002-604,Paris,Carpet,28,T2,,20020205,3,200727,,Q,Adriana Serra Zanetti,R,160,ITA,25.923,47,724,200027,,,Magui Serna,L,167,ESP,22.935,25,1005,2-6 7-5 6-4,3,R32,,,,,,,,,,,,,,,,,,,
2002-604,Paris,Carpet,28,T2,,20020205,4,200109,,WC,Nathalie Dechy,R,177,FRA,22.957,45,741,201083,,,Daja Bedanova,R,171,CZE,18.913,33,876,6-3 3-6 6-4,3,R32,,,,,,,,,,,,,,,,,,,
2002-604,Paris,Carpet,28,T2,,20020205,5,200124,,,Anne Kremer,R,165,LUX,26.306,26,999,200070,,WC,Anne Gaelle Sidot,L,172,FRA,22.538,160,195,6-3 6-7(3) 7-6(5),3,R32,,,,,,,,,,,,,,,,,,,
2002-604,Paris,Carpet,28,T2,,20020205,6,200700,8,,Silvia Farina Elia,R,172,ITA,29.777,13,1805,200106,,,Angeles Montolio,R,157,ESP,26.503,23,1030,6-2 6-2,3,R32,,,,,,,,,,,,,,,,,,,
2002-604,Paris,Carpet,28,T2,,20020205,7,200113,,WC,Anna Kournikova,R,173,RUS,20.666,86,422,200022,,Q,Emmanuelle Gagliardi,R,171,SUI,25.578,78,475,6-7(3) 6-4 6-4,3,R32,,,,,,,,,,,,,,,,,,,
2002-604,Paris,Carpet,28,T2,,20020205,8,201212,,,Francesca Schiavone,R,166,ITA,21.621,29,916,200123,,,Marlene Weingartner,R,174,GER,22.018,36,808,6-3 1-6 6-4,3,R32,,,,,,,,,,,,,,,,,,,
2002-604,Paris,Carpet,28,T2,,20020205,9,201290,,,Daniela Hantuchova,R,181,SVK,18.790,27,990,200086,7,,Magdalena Maleeva,R,168,BUL,26.851,16,1603,7-5 6-4,3,R32,,,,,,,,,,,,,,,,,,,
2002-604,Paris,Carpet,28,T2,,20020205,10,200108,9,,Elena Dementieva,R,180,RUS,20.310,15,1649,200764,,Q,Elena Bovina,R,189,RUS,18.911,57,611,3-6 6-3 7-5,3,R32,,,,,,,,,,,,,,,,,,,
2002-604,Paris,Carpet,28,T2,,20020205,11,201086,,Q,Greta Arn,R,180,HUN,22.818,118,289,200048,,,Elena Likhovtseva,R,174,RUS,26.413,37,803,6-3 6-4,3,R32,,,,,,,,,,,,,,,,,,,
2002-604,Paris,Carpet,28,T2,,20020205,12,200066,,,Cristina Torrens Valero,R,171,ESP,27.401,30,900,200067,,,Patty Schnyder,L,168,SUI,23.146,41,763,1-6 7-5 6-3,3,R32,,,,,,,,,,,,,,,,,,,
2002-604,Paris,Carpet,28,T2,,20020205,13,200748,1,,Venus Williams,R,185,USA,21.638,2,4200,200031,,LL,Meilen Tu,R,163,USA,24.053,58,611,6-1 6-3,3,R16,,,,,,,,,,,,,,,,,,,
2002-604,Paris,Carpet,28,T2,,20020205,14,200700,8,,Silvia Farina Elia,R,172,ITA,29.777,13,1805,200124,,,Anne Kremer,R,165,LUX,26.306,26,999,6-3 6-2,3,R16,,,,,,,,,,,,,,,,,,,
2002-604,Paris,Carpet,28,T2,,20020205,15,200065,3,,Amelie Mauresmo,R,175,FRA,22.590,8,2780,200113,,WC,Anna Kournikova,R,173,RUS,20.666,86,422,6-3 7-5,3,R16,,,,,,,,,,,,,,,,,,,
2002-604,Paris,Carpet,28,T2,,20020205,16,201212,,,Francesca Schiavone,R,166,ITA,21.621,29,916,201290,,,Daniela Hantuchova,R,181,SVK,18.790,27,990,6-2 7-5,3,R16,,,,,,,,,,,,,,,,,,,
2002-604,Paris,Carpet,28,T2,,20020205,17,200108,9,,Elena Dementieva,R,180,RUS,20.310,15,1649,201086,,Q,Greta Arn,R,180,HUN,22.818,118,289,7-6(3) 6-4,3,R16,,,,,,,,,,,,,,,,,,,
2002-604,Paris,Carpet,28,T2,,20020205,18,200120,4,,Jelena Dokic,R,175,AUS,18.820,9,2780,200066,,,Cristina Torrens Valero,R,171,ESP,27.401,30,900,6-3 6-2,3,R16,,,,,,,,,,,,,,,,,,,
2002-604,Paris,Carpet,28,T2,,20020205,19,200652,5,,Monica Seles,L,178,USA,28.179,10,2749,200727,,Q,Adriana Serra Zanetti,R,160,ITA,25.923,47,724,7-5 6-2,3,R16,,,,,,,,,,,,,,,,,,,
2002-604,Paris,Carpet,28,T2,,20020205,20,200003,2,,Justine Henin,R,167,BEL,19.683,7,2816,200109,,WC,Nathalie Dechy,R,177,FRA,22.957,45,741,6-4 3-6 7-6(8),3,R16,,,,,,,,,,,,,,,,,,,
2002-604,Paris,Carpet,28,T2,,20020205,21,200748,1,,Venus Williams,R,185,USA,21.638,2,4200,200700,8,,Silvia Farina Elia,R,172,ITA,29.777,13,1805,6-2 6-1,3,QF,,,,,,,,,,,,,,,,,,,
2002-604,Paris,Carpet,28,T2,,20020205,22,200065,3,,Amelie Mauresmo,R,175,FRA,22.590,8,2780,201212,,,Francesca Schiavone,R,166,ITA,21.621,29,916,6-2 6-2,3,QF,,,,,,,,,,,,,,,,,,,
2002-604,Paris,Carpet,28,T2,,20020205,23,200120,4,,Jelena Dokic,R,175,AUS,18.820,9,2780,200108,9,,Elena Dementieva,R,180,RUS,20.310,15,1649,5-7 6-1 6-2,3,QF,,,,,,,,,,,,,,,,,,,
2002-604,Paris,Carpet,28,T2,,20020205,24,200652,5,,Monica Seles,L,178,USA,28.179,10,2749,200003,2,,Justine Henin,R,167,BEL,19.683,7,2816,6-4 6-3,3,QF,,,,,,,,,,,,,,,,,,,
2002-604,Paris,Carpet,28,T2,,20020205,25,200748,1,,Venus Williams,R,185,USA,21.638,2,4200,200065,3,,Amelie Mauresmo,R,175,FRA,22.590,8,2780,4-6 7-6(3) 7-5,3,SF,,,,,,,,,,,,,,,,,,,
2002-604,Paris,Carpet,28,T2,,20020205,26,200120,4,,Jelena Dokic,R,175,AUS,18.820,9,2780,200652,5,,Monica Seles,L,178,USA,28.179,10,2749,6-3 3-6 6-4,3,SF,,,,,,,,,,,,,,,,,,,
2002-604,Paris,Carpet,28,T2,,20020205,27,200748,1,,Venus Williams,R,185,USA,21.638,2,4200,200120,4,,Jelena Dokic,R,175,AUS,18.820,9,2780,W/O,3,F,,,,,,,,,,,,,,,,,,,
2002-1016,Antwerp,Carpet,28,T2,,20020211,1,200113,,,Anna Kournikova,R,173,RUS,20.682,89,399,200123,,,Marlene Weingartner,R,174,GER,22.035,36,808,6-2 6-1,3,R32,,,,,,,,,,,,,,,,,,,
2002-1016,Antwerp,Carpet,28,T2,,20020211,2,200086,6,,Magdalena Maleeva,R,168,BUL,26.867,18,1450,201292,,,Martina Sucha,R,170,SVK,21.227,41,774,6-1 6-1,3,R32,,,,,,,,,,,,,,,,,,,
2002-1016,Antwerp,Carpet,28,T2,,20020211,3,200031,,,Meilen Tu,R,163,USA,24.069,50,660,200764,,,Elena Bovina,R,189,RUS,18.927,56,632,6-4 3-6 7-5,3,R32,,,,,,,,,,,,,,,,,,,
2002-1016,Antwerp,Carpet,28,T2,,20020211,4,200042,,WC,Els Callens,R,178,BEL,31.480,155,200,200090,,Q,Anca Barna,L,175,GER,24.748,100,360,7-5 7-6(10),3,R32,,,,,,,,,,,,,,,,,,,
2002-1016,Antwerp,Carpet,28,T2,,20020211,5,201306,,Q,Marie Gaiane Mikaelian,R,172,SUI,17.944,78,479,200109,,,Nathalie Dechy,R,177,FRA,22.974,44,745,6-4 3-6 6-4,3,R32,,,,,,,,,,,,,,,,,,,
2002-1016,Antwerp,Carpet,28,T2,,20020211,6,200700,5,,Silvia Farina Elia,R,172,ITA,29.794,13,1838,200777,,,Marta Marrero,R,173,ESP,19.072,66,553,6-1 6-2,3,R32,,,,,,,,,,,,,,,,,,,
2002-1016,Antwerp,Carpet,28,T2,,20020211,7,201298,,Q,Zsofia Gubacsi,R,173,HUN,20.852,111,337,200709,,,Rossana De Los Rios,R,170,PAR,26.407,60,602,7-6(3) 3-6 7-5,3,R32,,,,,,,,,,,,,,,,,,,
2002-1016,Antwerp,Carpet,28,T2,,20020211,8,201083,,,Daja Bedanova,R,171,CZE,18.930,33,876,200068,,,Lilia Osterloh,R,170,USA,23.850,51,658,6-7(4) 6-4 7-6(5),3,R32,,,,,,,,,,,,,,,,,,,
2002-1016,Antwerp,Carpet,28,T2,,20020211,9,201290,8,,Daniela Hantuchova,R,181,SVK,18.807,23,1041,200066,,,Cristina Torrens Valero,R,171,ESP,27.417,29,934,6-3 6-2,3,R32,,,,,,,,,,,,,,,,,,,
2002-1016,Antwerp,Carpet,28,T2,,20020211,10,200124,7,,Anne Kremer,R,165,LUX,26.322,30,932,201212,,,Francesca Schiavone,R,166,ITA,21.638,26,982,6-4 6-1,3,R32,,,,,,,,,,,,,,,,,,,
2002-1016,Antwerp,Carpet,28,T2,,20020211,11,201322,,Q,Eva Dyrberg,R,175,DEN,21.985,118,289,200682,,,Joannette Kruger,R,179,RSA,28.441,59,609,3-6 6-1 6-3,3,R32,,,,,,,,,,,,,,,,,,,
2002-1016,Antwerp,Carpet,28,T2,,20020211,12,200067,,,Patty Schnyder,L,168,SUI,23.163,42,763,202288,,WC,Elke Clijsters,R,174,BEL,17.065,,,6-3 7-6(5),3,R32,,,,,,,,,,,,,,,,,,,
2002-1016,Antwerp,Carpet,28,T2,,20020211,13,200748,1,WC,Venus Williams,R,185,USA,21.654,2,4481,200113,,,Anna Kournikova,R,173,RUS,20.682,89,399,7-5 6-0,3,R16,,,,,,,,,,,,,,,,,,,
2002-1016,Antwerp,Carpet,28,T2,,20020211,14,200700,5,,Silvia Farina Elia,R,172,ITA,29.794,13,1838,201306,,Q,Marie Gaiane Mikaelian,R,172,SUI,17.944,78,479,3-6 7-5 6-2,3,R16,,,,,,,,,,,,,,,,,,,
2002-1016,Antwerp,Carpet,28,T2,,20020211,15,200065,3,,Amelie Mauresmo,R,175,FRA,22.607,10,2544,201298,,Q,Zsofia Gubacsi,R,173,HUN,20.852,111,337,6-3 6-3,3,R16,,,,,,,,,,,,,,,,,,,
2002-1016,Antwerp,Carpet,28,T2,,20020211,16,201083,,,Daja Bedanova,R,171,CZE,18.930,33,876,201290,8,,Daniela Hantuchova,R,181,SVK,18.807,23,1041,3-6 7-6(5) 6-4,3,R16,,,,,,,,,,,,,,,,,,,
2002-1016,Antwerp,Carpet,28,T2,,20020211,17,201322,,Q,Eva Dyrberg,R,175,DEN,21.985,118,289,200124,7,,Anne Kremer,R,165,LUX,26.322,30,932,7-6(5) 7-6(11),3,R16,,,,,,,,,,,,,,,,,,,
2002-1016,Antwerp,Carpet,28,T2,,20020211,18,200067,,,Patty Schnyder,L,168,SUI,23.163,42,763,200120,4,,Jelena Dokic,R,175,AUS,18.837,6,2974,4-6 6-4 1-1 RET,3,R16,,,,,,,,,,,,,,,,,,,
2002-1016,Antwerp,Carpet,28,T2,,20020211,19,200086,6,,Magdalena Maleeva,R,168,BUL,26.867,18,1450,200031,,,Meilen Tu,R,163,USA,24.069,50,660,6-4 6-3,3,R16,,,,,,,,,,,,,,,,,,,
2002-1016,Antwerp,Carpet,28,T2,,20020211,20,200003,2,,Justine Henin,R,167,BEL,19.699,9,2845,200042,,WC,Els Callens,R,178,BEL,31.480,155,200,6-1 6-4,3,R16,,,,,,,,,,,,,,,,,,,
2002-1016,Antwerp,Carpet,28,T2,,20020211,21,200748,1,WC,Venus Williams,R,185,USA,21.654,2,4481,200700,5,,Silvia Farina Elia,R,172,ITA,29.794,13,1838,6-3 0-1 RET,3,QF,,,,,,,,,,,,,,,,,,,
2002-1016,Antwerp,Carpet,28,T2,,20020211,22,200065,3,,Amelie Mauresmo,R,175,FRA,22.607,10,2544,201083,,,Daja Bedanova,R,171,CZE,18.930,33,876,6-4 7-5,3,QF,,,,,,,,,,,,,,,,,,,
2002-1016,Antwerp,Carpet,28,T2,,20020211,23,200067,,,Patty Schnyder,L,168,SUI,23.163,42,763,201322,,Q,Eva Dyrberg,R,175,DEN,21.985,118,289,4-6 6-3 7-6(3),3,QF,,,,,,,,,,,,,,,,,,,
2002-1016,Antwerp,Carpet,28,T2,,20020211,24,200003,2,,Justine Henin,R,167,BEL,19.699,9,2845,200086,6,,Magdalena Maleeva,R,168,BUL,26.867,18,1450,7-6(1) 6-1,3,QF,,,,,,,,,,,,,,,,,,,
2002-1016,Antwerp,Carpet,28,T2,,20020211,25,200748,1,WC,Venus Williams,R,185,USA,21.654,2,4481,200065,3,,Amelie Mauresmo,R,175,FRA,22.607,10,2544,7-6(4) 6-0,3,SF,,,,,,,,,,,,,,,,,,,
2002-1016,Antwerp,Carpet,28,T2,,20020211,26,200003,2,,Justine Henin,R,167,BEL,19.699,9,2845,200067,,,Patty Schnyder,L,168,SUI,23.163,42,763,1-6 6-3 6-4,3,SF,,,,,,,,,,,,,,,,,,,
2002-1016,Antwerp,Carpet,28,T2,,20020211,27,200748,1,WC,Venus Williams,R,185,USA,21.654,2,4481,200003,2,,Justine Henin,R,167,BEL,19.699,9,2845,6-3 5-7 6-3,3,F,,,,,,,,,,,,,,,,,,,
2002-1003,Doha,Hard,30,T3,,20020211,1,200024,,WC,Maria Vento Kabchi,R,168,VEN,27.721,188,153,200094,,,Barbara Rittner,R,173,GER,28.800,77,485,7-5 4-6 7-6(5),3,R32,,,,,,,,,,,,,,,,,,,
2002-1003,Doha,Hard,30,T3,,20020211,2,200082,,LL,Kristie Boogert,R,178,NED,28.157,120,285,200088,,,Adriana Gersi,R,166,CZE,25.630,72,501,6-2 6-2,3,R32,,,,,,,,,,,,,,,,,,,
2002-1003,Doha,Hard,30,T3,,20020211,3,200009,4,,Tamarine Tanasugarn,R,165,THA,24.721,21,1104,200022,,,Emmanuelle Gagliardi,R,171,SUI,25.594,71,503,7-5 7-6(4),3,R32,,,,,,,,,,,,,,,,,,,
2002-1003,Doha,Hard,30,T3,,20020211,4,200772,,,Anastasia Myskina,R,174,RUS,20.597,49,663,200106,5,,Angeles Montolio,R,157,ESP,26.519,24,1030,6-2 4-6 6-1,3,R32,,,,,,,,,,,,,,,,,,,
2002-1003,Doha,Hard,30,T3,,20020211,5,200015,,,Petra Mandula,R,178,HUN,24.069,52,651,201284,,,Tatiana Poutchek,R,176,BLR,23.092,73,501,6-2 6-3,3,R32,,,,,,,,,,,,,,,,,,,
2002-1003,Doha,Hard,30,T3,,20020211,6,200697,,,Janette Husarova,R,169,SVK,27.691,68,517,201327,,Q,Angelique Widjaja,R,173,INA,17.167,147,212,6-4 6-2,3,R32,,,,,,,,,,,,,,,,,,,
2002-1003,Doha,Hard,30,T3,,20020211,7,201209,,,Selima Sfar,R,166,TUN,24.597,88,404,200122,,,Tina Pisnik,R,172,SLO,20.978,53,648,6-1 6-2,3,R32,,,,,,,,,,,,,,,,,,,
2002-1003,Doha,Hard,30,T3,,20020211,8,200036,8,,Nicole Pratt,R,163,AUS,28.940,45,734,200084,,Q,Asa Carlsson,R,178,SWE,26.659,82,457,7-6(6) 6-2,3,R32,,,,,,,,,,,,,,,,,,,
2002-1003,Doha,Hard,30,T3,,20020211,9,200008,,,Alicia Molik,R,182,AUS,21.041,54,639,200017,3,WC,Arantxa Sanchez Vicario,R,168,ESP,30.153,16,1548,6-4 6-3,3,R32,,,,,,,,,,,,,,,,,,,
2002-1003,Doha,Hard,30,T3,,20020211,10,201326,,WC,Bahia Mouhtassine,R,,MAR,22.473,152,203,200101,,,Jana Kandarr,R,181,GER,25.391,74,491,6-3 6-4,3,R32,,,,,,,,,,,,,,,,,,,
2002-1003,Doha,Hard,30,T3,,20020211,11,200060,,,Tathiana Garbin,R,172,ITA,24.619,83,457,201311,,Q,Roberta Vinci,R,163,ITA,18.982,169,187,6-3 4-6 7-5,3,R32,,,,,,,,,,,,,,,,,,,
2002-1003,Doha,Hard,30,T3,,20020211,12,201305,,,Eleni Daniilidou,R,182,GRE,19.398,64,556,200010,6,,Rita Grande,R,177,ITA,26.892,28,953,6-2 6-4,3,R32,,,,,,,,,,,,,,,,,,,
2002-1003,Doha,Hard,30,T3,,20020211,13,201297,,,Maja Matevzic,L,175,SLO,21.665,76,488,200063,7,,Tatiana Panova,R,154,RUS,25.498,31,885,7-5 7-6(3),3,R32,,,,,,,,,,,,,,,,,,,
2002-1003,Doha,Hard,30,T3,,20020211,14,200105,,,Rachel Mcquillan,,170,AUS,30.196,79,474,200071,,Q,Lenka Nemeckova,R,170,CZE,25.813,145,218,2-6 6-4 6-0,3,R32,,,,,,,,,,,,,,,,,,,
2002-1003,Doha,Hard,30,T3,,20020211,15,200652,1,,Monica Seles,L,178,USA,28.195,7,2913,200024,,WC,Maria Vento Kabchi,R,168,VEN,27.721,188,153,6-2 6-3,3,R16,,,,,,,,,,,,,,,,,,,
2002-1003,Doha,Hard,30,T3,,20020211,16,200036,8,,Nicole Pratt,R,163,AUS,28.940,45,734,201209,,,Selima Sfar,R,166,TUN,24.597,88,404,6-1 6-1,3,R16,,,,,,,,,,,,,,,,,,,
2002-1003,Doha,Hard,30,T3,,20020211,17,200008,,,Alicia Molik,R,182,AUS,21.041,54,639,201326,,WC,Bahia Mouhtassine,R,,MAR,22.473,152,203,6-1 6-1,3,R16,,,,,,,,,,,,,,,,,,,
2002-1003,Doha,Hard,30,T3,,20020211,18,200060,,,Tathiana Garbin,R,172,ITA,24.619,83,457,201305,,,Eleni Daniilidou,R,182,GRE,19.398,64,556,2-6 6-3 6-4,3,R16,,,,,,,,,,,,,,,,,,,
2002-1003,Doha,Hard,30,T3,,20020211,19,201297,,,Maja Matevzic,L,175,SLO,21.665,76,488,200105,,,Rachel Mcquillan,,170,AUS,30.196,79,474,6-3 6-3,3,R16,,,,,,,,,,,,,,,,,,,
2002-1003,Doha,Hard,30,T3,,20020211,20,200009,4,,Tamarine Tanasugarn,R,165,THA,24.721,21,1104,200082,,LL,Kristie Boogert,R,178,NED,28.157,120,285,6-2 6-3,3,R16,,,,,,,,,,,,,,,,,,,
2002-1003,Doha,Hard,30,T3,,20020211,21,200772,,,Anastasia Myskina,R,174,RUS,20.597,49,663,200015,,,Petra Mandula,R,178,HUN,24.069,52,651,6-3 6-0,3,R16,,,,,,,,,,,,,,,,,,,
2002-1003,Doha,Hard,30,T3,,20020211,22,200697,,,Janette Husarova,R,169,SVK,27.691,68,517,200016,2,,Sandrine Testud,R,176,FRA,29.860,11,1978,7-6(5) 0-6 6-2,3,R16,,,,,,,,,,,,,,,,,,,
2002-1003,Doha,Hard,30,T3,,20020211,23,200652,1,,Monica Seles,L,178,USA,28.195,7,2913,200036,8,,Nicole Pratt,R,163,AUS,28.940,45,734,6-1 6-0,3,QF,,,,,,,,,,,,,,,,,,,
2002-1003,Doha,Hard,30,T3,,20020211,24,200008,,,Alicia Molik,R,182,AUS,21.041,54,639,200060,,,Tathiana Garbin,R,172,ITA,24.619,83,457,6-7(3) 6-4 7-6(3),3,QF,,,,,,,,,,,,,,,,,,,
2002-1003,Doha,Hard,30,T3,,20020211,25,200009,4,,Tamarine Tanasugarn,R,165,THA,24.721,21,1104,201297,,,Maja Matevzic,L,175,SLO,21.665,76,488,6-4 3-6 6-2,3,QF,,,,,,,,,,,,,,,,,,,
2002-1003,Doha,Hard,30,T3,,20020211,26,200697,,,Janette Husarova,R,169,SVK,27.691,68,517,200772,,,Anastasia Myskina,R,174,RUS,20.597,49,663,6-2 7-6(2),3,QF,,,,,,,,,,,,,,,,,,,
2002-1003,Doha,Hard,30,T3,,20020211,27,200652,1,,Monica Seles,L,178,USA,28.195,7,2913,200008,,,Alicia Molik,R,182,AUS,21.041,54,639,6-3 6-7(5) 6-4,3,SF,,,,,,,,,,,,,,,,,,,
2002-1003,Doha,Hard,30,T3,,20020211,28,200009,4,,Tamarine Tanasugarn,R,165,THA,24.721,21,1104,200697,,,Janette Husarova,R,169,SVK,27.691,68,517,6-0 7-6(2),3,SF,,,,,,,,,,,,,,,,,,,
2002-1003,Doha,Hard,30,T3,,20020211,29,200652,1,,Monica Seles,L,178,USA,28.195,7,2913,200009,4,,Tamarine Tanasugarn,R,165,THA,24.721,21,1104,7-6(6) 6-3,3,F,,,,,,,,,,,,,,,,,,,
2002-1012,Memphis,Hard,30,T3,,20020217,1,200121,,,Alina Jidkova,R,168,RUS,25.082,105,351,200749,,,Samantha Reeves,R,173,USA,23.086,92,384,6-2 3-6 6-2,3,R32,,,,,,,,,,,,,,,,,,,
2002-1012,Memphis,Hard,30,T3,,20020217,2,201085,,Q,Shinobu Asagoe,R,170,JPN,25.640,131,233,201355,,,Flavia Pennetta,R,172,ITA,19.979,215,124,6-4 6-2,3,R32,,,,,,,,,,,,,,,,,,,
2002-1012,Memphis,Hard,30,T3,,20020217,3,200085,3,,Ai Sugiyama,R,163,JPN,26.623,35,870,201323,,,Saori Obata,L,165,JPN,23.823,108,340,7-6(6) 6-4,3,R32,,,,,,,,,,,,,,,,,,,
2002-1012,Memphis,Hard,30,T3,,20020217,4,201317,,,Aniko Kapros,R,173,HUN,18.270,116,318,200126,8,,Marissa Irvin,R,170,USA,21.654,67,545,6-4 6-4,3,R32,,,,,,,,,,,,,,,,,,,
2002-1012,Memphis,Hard,30,T3,,20020217,5,200754,,,Jill Craybas,R,160,USA,27.625,115,320,200090,,,Anca Barna,L,175,GER,24.764,100,361,6-4 2-6 6-4,3,R32,,,,,,,,,,,,,,,,,,,
2002-1012,Memphis,Hard,30,T3,,20020217,6,201298,,,Zsofia Gubacsi,R,173,HUN,20.868,91,384,201383,,Q,Marie Eve Pelletier,R,172,CAN,19.754,134,229,6-3 3-6 6-0,3,R32,,,,,,,,,,,,,,,,,,,
2002-1012,Memphis,Hard,30,T3,,20020217,7,200012,,,Jana Nejedly,R,175,CAN,27.694,94,375,200087,,,Seda Noorlander,R,166,NED,27.743,102,356,7-6(3) 6-2,3,R32,,,,,,,,,,,,,,,,,,,
2002-1012,Memphis,Hard,30,T3,,20020217,8,200766,7,,Jennifer Hopkins,R,170,USA,21.019,64,563,200745,,,Andrea Glass,R,168,GER,25.588,142,222,6-4 6-4,3,R32,,,,,,,,,,,,,,,,,,,
2002-1012,Memphis,Hard,30,T3,,20020217,9,200083,4,,Alexandra Stevenson,R,185,USA,21.175,36,831,201329,,Q,Vera Zvonareva,R,172,RUS,17.446,370,43,7-6(4) 4-6 7-6(5),3,R32,,,,,,,,,,,,,,,,,,,
2002-1012,Memphis,Hard,30,T3,,20020217,10,201313,,,Yoon Jeong Cho,R,167,KOR,22.881,117,283,201312,,,Sarah Taylor,R,,USA,20.282,118,280,6-3 7-6(5),3,R32,,,,,,,,,,,,,,,,,,,
2002-1012,Memphis,Hard,30,T3,,20020217,11,200007,,,Silvija Talaja,R,173,CRO,24.094,103,351,201295,,,Wynne Prakusya,R,160,INA,20.814,98,364,6-0 6-1,3,R32,,,,,,,,,,,,,,,,,,,
2002-1012,Memphis,Hard,30,T3,,20020217,12,201324,9,,Irina Selyutina,R,178,KAZ,22.281,87,411,202304,,WC,Nicole Pitts,,178,USA,15.291,,,6-4 6-2,3,R32,,,,,,,,,,,,,,,,,,,
2002-1012,Memphis,Hard,30,T3,,20020217,13,200727,5,,Adriana Serra Zanetti,R,160,ITA,25.955,43,742,200002,,WC,Mirjana Lucic,R,181,CRO,19.946,196,143,6-0 3-6 6-2,3,R32,,,,,,,,,,,,,,,,,,,
2002-1012,Memphis,Hard,30,T3,,20020217,14,200057,,LL,Erika De Lone,R,,USA,29.345,146,220,201321,,Q,Antonella Serra Zanetti,R,168,ITA,21.566,129,239,6-2 6-4,3,R32,,,,,,,,,,,,,,,,,,,
2002-1012,Memphis,Hard,30,T3,,20020217,15,200121,,,Alina Jidkova,R,168,RUS,25.082,105,351,200064,1,,Amanda Coetzer,R,158,RSA,30.325,17,1477,6-3 7-6(5),3,R16,,,,,,,,,,,,,,,,,,,
2002-1012,Memphis,Hard,30,T3,,20020217,16,200012,,,Jana Nejedly,R,175,CAN,27.694,94,375,200766,7,,Jennifer Hopkins,R,170,USA,21.019,64,563,6-4 4-6 6-1,3,R16,,,,,,,,,,,,,,,,,,,
2002-1012,Memphis,Hard,30,T3,,20020217,17,200083,4,,Alexandra Stevenson,R,185,USA,21.175,36,831,201313,,,Yoon Jeong Cho,R,167,KOR,22.881,117,283,6-2 4-6 6-3,3,R16,,,,,,,,,,,,,,,,,,,
2002-1012,Memphis,Hard,30,T3,,20020217,18,200007,,,Silvija Talaja,R,173,CRO,24.094,103,351,201324,9,,Irina Selyutina,R,178,KAZ,22.281,87,411,W/O,3,R16,,,,,,,,,,,,,,,,,,,
2002-1012,Memphis,Hard,30,T3,,20020217,19,200727,5,,Adriana Serra Zanetti,R,160,ITA,25.955,43,742,200057,,LL,Erika De Lone,R,,USA,29.345,146,220,6-7(3) 6-3 6-4,3,R16,,,,,,,,,,,,,,,,,,,
2002-1012,Memphis,Hard,30,T3,,20020217,20,200085,3,,Ai Sugiyama,R,163,JPN,26.623,35,870,201085,,Q,Shinobu Asagoe,R,170,JPN,25.640,131,233,6-2 7-6(3),3,R16,,,,,,,,,,,,,,,,,,,
2002-1012,Memphis,Hard,30,T3,,20020217,21,200754,,,Jill Craybas,R,160,USA,27.625,115,320,201317,,,Aniko Kapros,R,173,HUN,18.270,116,318,2-6 6-4 6-4,3,R16,,,,,,,,,,,,,,,,,,,
2002-1012,Memphis,Hard,30,T3,,20020217,22,200020,2,,Lisa Raymond,R,165,USA,28.524,21,1074,201298,,,Zsofia Gubacsi,R,173,HUN,20.868,91,384,6-1 6-1,3,R16,,,,,,,,,,,,,,,,,,,
2002-1012,Memphis,Hard,30,T3,,20020217,23,200121,,,Alina Jidkova,R,168,RUS,25.082,105,351,200012,,,Jana Nejedly,R,175,CAN,27.694,94,375,7-6(5) 6-2,3,QF,,,,,,,,,,,,,,,,,,,
2002-1012,Memphis,Hard,30,T3,,20020217,24,200083,4,,Alexandra Stevenson,R,185,USA,21.175,36,831,200007,,,Silvija Talaja,R,173,CRO,24.094,103,351,6-1 4-6 6-2,3,QF,,,,,,,,,,,,,,,,,,,
2002-1012,Memphis,Hard,30,T3,,20020217,25,200085,3,,Ai Sugiyama,R,163,JPN,26.623,35,870,200727,5,,Adriana Serra Zanetti,R,160,ITA,25.955,43,742,6-0 6-4,3,QF,,,,,,,,,,,,,,,,,,,
2002-1012,Memphis,Hard,30,T3,,20020217,26,200020,2,,Lisa Raymond,R,165,USA,28.524,21,1074,200754,,,Jill Craybas,R,160,USA,27.625,115,320,6-4 6-4,3,QF,,,,,,,,,,,,,,,,,,,
2002-1012,Memphis,Hard,30,T3,,20020217,27,200083,4,,Alexandra Stevenson,R,185,USA,21.175,36,831,200121,,,Alina Jidkova,R,168,RUS,25.082,105,351,6-1 6-2,3,SF,,,,,,,,,,,,,,,,,,,
2002-1012,Memphis,Hard,30,T3,,20020217,28,200020,2,,Lisa Raymond,R,165,USA,28.524,21,1074,200085,3,,Ai Sugiyama,R,163,JPN,26.623,35,870,6-2 6-1,3,SF,,,,,,,,,,,,,,,,,,,
2002-1012,Memphis,Hard,30,T3,,20020217,29,200020,2,,Lisa Raymond,R,165,USA,28.524,21,1074,200083,4,,Alexandra Stevenson,R,185,USA,21.175,36,831,4-6 6-3 7-6(9),3,F,,,,,,,,,,,,,,,,,,,
2002-718,Dubai,Hard,28,T2,,20020218,1,200113,,,Anna Kournikova,R,173,RUS,20.701,83,434,201209,,WC,Selima Sfar,R,166,TUN,24.617,88,404,6-7(3) 6-2 6-4,3,R32,,,,,,,,,,,,,,,,,,,
2002-718,Dubai,Hard,28,T2,,20020218,2,200106,7,,Angeles Montolio,R,157,ESP,26.539,24,1030,201301,,Q,Camille Pin,R,162,FRA,20.485,217,122,6-3 2-6 6-2,3,R32,,,,,,,,,,,,,,,,,,,
2002-718,Dubai,Hard,28,T2,,20020218,3,200697,,,Janette Husarova,R,169,SVK,27.710,58,617,201327,,Q,Angelique Widjaja,R,173,INA,17.186,137,226,6-1 6-4,3,R32,,,,,,,,,,,,,,,,,,,
2002-718,Dubai,Hard,28,T2,,20020218,4,200060,,Q,Tathiana Garbin,R,172,ITA,24.638,74,496,201284,,,Tatiana Poutchek,R,176,BLR,23.111,79,480,6-2 3-6 6-4,3,R32,,,,,,,,,,,,,,,,,,,
2002-718,Dubai,Hard,28,T2,,20020218,5,200056,,Q,Jelena Kostanic Tosic,L,168,CRO,20.622,107,342,200015,,,Petra Mandula,R,178,HUN,24.088,50,674,7-6(3) 6-1,3,R32,,,,,,,,,,,,,,,,,,,
2002-718,Dubai,Hard,28,T2,,20020218,6,200772,,,Anastasia Myskina,R,174,RUS,20.616,47,723,200098,8,,Henrieta Nagyova,R,177,SVK,23.179,26,965,6-3 6-3,3,R32,,,,,,,,,,,,,,,,,,,
2002-718,Dubai,Hard,28,T2,,20020218,7,200010,,,Rita Grande,R,177,ITA,26.911,28,953,200088,,,Adriana Gersi,R,166,CZE,25.649,93,383,0-6 6-4 7-5,3,R32,,,,,,,,,,,,,,,,,,,
2002-718,Dubai,Hard,28,T2,,20020218,8,200063,,,Tatiana Panova,R,154,RUS,25.517,32,885,200008,,,Alicia Molik,R,182,AUS,21.060,45,728,6-0 5-7 6-4,3,R32,,,,,,,,,,,,,,,,,,,
2002-718,Dubai,Hard,28,T2,,20020218,9,200009,6,,Tamarine Tanasugarn,R,165,THA,24.740,20,1189,201292,,,Martina Sucha,R,170,SVK,21.246,40,774,3-6 6-0 6-3,3,R32,,,,,,,,,,,,,,,,,,,
2002-718,Dubai,Hard,28,T2,,20020218,10,200094,,,Barbara Rittner,R,173,GER,28.819,78,485,201204,5,,Iroda Tulyaganova,R,170,UZB,20.115,19,1201,6-2 6-2,3,R32,,,,,,,,,,,,,,,,,,,
2002-718,Dubai,Hard,28,T2,,20020218,11,200122,,,Tina Pisnik,R,172,SLO,20.997,53,648,200105,,WC,Rachel Mcquillan,,170,AUS,30.216,75,491,6-2 6-4,3,R32,,,,,,,,,,,,,,,,,,,
2002-718,Dubai,Hard,28,T2,,20020218,12,200022,,,Emmanuelle Gagliardi,R,171,SUI,25.613,73,503,200036,,,Nicole Pratt,R,163,AUS,28.959,41,770,6-4 6-3,3,R32,,,,,,,,,,,,,,,,,,,
2002-718,Dubai,Hard,28,T2,,20020218,13,200748,1,,Venus Williams,R,185,USA,21.673,2,4688,200113,,,Anna Kournikova,R,173,RUS,20.701,83,434,6-2 7-6(3),3,R16,,,,,,,,,,,,,,,,,,,
2002-718,Dubai,Hard,28,T2,,20020218,14,200772,,,Anastasia Myskina,R,174,RUS,20.616,47,723,200056,,Q,Jelena Kostanic Tosic,L,168,CRO,20.622,107,342,6-3 6-2,3,R16,,,,,,,,,,,,,,,,,,,
2002-718,Dubai,Hard,28,T2,,20020218,15,200016,4,,Sandrine Testud,R,176,FRA,29.879,11,1900,200010,,,Rita Grande,R,177,ITA,26.911,28,953,4-6 7-5 6-2,3,R16,,,,,,,,,,,,,,,,,,,
2002-718,Dubai,Hard,28,T2,,20020218,16,200009,6,,Tamarine Tanasugarn,R,165,THA,24.740,20,1189,200063,,,Tatiana Panova,R,154,RUS,25.517,32,885,6-2 6-3,3,R16,,,,,,,,,,,,,,,,,,,
2002-718,Dubai,Hard,28,T2,,20020218,17,200122,,,Tina Pisnik,R,172,SLO,20.997,53,648,200094,,,Barbara Rittner,R,173,GER,28.819,78,485,7-5 6-4,3,R16,,,,,,,,,,,,,,,,,,,
2002-718,Dubai,Hard,28,T2,,20020218,18,200065,3,,Amelie Mauresmo,R,175,FRA,22.626,10,2362,200022,,,Emmanuelle Gagliardi,R,171,SUI,25.613,73,503,6-3 6-2,3,R16,,,,,,,,,,,,,,,,,,,
2002-718,Dubai,Hard,28,T2,,20020218,19,200106,7,,Angeles Montolio,R,157,ESP,26.539,24,1030,200697,,,Janette Husarova,R,169,SVK,27.710,58,617,6-3 6-2,3,R16,,,,,,,,,,,,,,,,,,,
2002-718,Dubai,Hard,28,T2,,20020218,20,200652,2,,Monica Seles,L,178,USA,28.214,6,3076,200060,,Q,Tathiana Garbin,R,172,ITA,24.638,74,496,6-2 6-3,3,R16,,,,,,,,,,,,,,,,,,,
2002-718,Dubai,Hard,28,T2,,20020218,21,200748,1,,Venus Williams,R,185,USA,21.673,2,4688,200772,,,Anastasia Myskina,R,174,RUS,20.616,47,723,6-0 3-6 6-4,3,QF,,,,,,,,,,,,,,,,,,,
2002-718,Dubai,Hard,28,T2,,20020218,22,200016,4,,Sandrine Testud,R,176,FRA,29.879,11,1900,200009,6,,Tamarine Tanasugarn,R,165,THA,24.740,20,1189,6-2 6-0,3,QF,,,,,,,,,,,,,,,,,,,
2002-718,Dubai,Hard,28,T2,,20020218,23,200065,3,,Amelie Mauresmo,R,175,FRA,22.626,10,2362,200122,,,Tina Pisnik,R,172,SLO,20.997,53,648,6-1 6-2,3,QF,,,,,,,,,,,,,,,,,,,
2002-718,Dubai,Hard,28,T2,,20020218,24,200652,2,,Monica Seles,L,178,USA,28.214,6,3076,200106,7,,Angeles Montolio,R,157,ESP,26.539,24,1030,6-0 6-2,3,QF,,,,,,,,,,,,,,,,,,,
2002-718,Dubai,Hard,28,T2,,20020218,25,200016,4,,Sandrine Testud,R,176,FRA,29.879,11,1900,200748,1,,Venus Williams,R,185,USA,21.673,2,4688,1-6 7-6(5) 6-4,3,SF,,,,,,,,,,,,,,,,,,,
2002-718,Dubai,Hard,28,T2,,20020218,26,200065,3,,Amelie Mauresmo,R,175,FRA,22.626,10,2362,200652,2,,Monica Seles,L,178,USA,28.214,6,3076,6-4 6-3,3,SF,,,,,,,,,,,,,,,,,,,
2002-718,Dubai,Hard,28,T2,,20020218,27,200065,3,,Amelie Mauresmo,R,175,FRA,22.626,10,2362,200016,4,,Sandrine Testud,R,176,FRA,29.879,11,1900,6-4 7-6(3),3,F,,,,,,,,,,,,,,,,,,,
2002-894,Bogota,Clay,30,T3,,20020218,1,201072,,,Eva Bes Ostariz,R,,ESP,29.096,95,369,200751,,,Conchita Martinez Granados,R,,ESP,26.081,164,190,7-6(6) 4-6 6-3,3,R32,,,,,,,,,,,,,,,,,,,
2002-894,Bogota,Clay,30,T3,,20020218,2,200011,,,Katarina Srebotnik,R,180,SLO,20.940,89,394,201344,,,Klara Koukalova,R,166,CZE,19.984,124,257,6-7(2) 6-3 6-4,3,R32,,,,,,,,,,,,,,,,,,,
2002-894,Bogota,Clay,30,T3,,20020218,3,200025,,,Ludmila Cervanova,R,171,SVK,22.347,96,369,200055,4,,Mariana Diaz Oliva,R,172,ARG,25.942,56,624,7-6(3) 3-6 6-0,3,R32,,,,,,,,,,,,,,,,,,,
2002-894,Bogota,Clay,30,T3,,20020218,4,201300,,,Maria Emilia Salerni,R,174,ARG,18.768,113,324,201296,7,,Bianka Lamade,R,184,GER,19.472,71,515,6-1 6-4,3,R32,,,,,,,,,,,,,,,,,,,
2002-894,Bogota,Clay,30,T3,,20020218,5,201452,,Q,Lourdes Dominguez Lino,R,163,ESP,20.887,349,47,200104,,,Emilie Loit,L,167,FRA,22.697,111,333,7-6(3) 7-6(5),3,R32,,,,,,,,,,,,,,,,,,,
2002-894,Bogota,Clay,30,T3,,20020218,6,201293,,,Catalina Castano,R,171,COL,22.621,145,221,201291,,,Nuria Llagostera Vives,R,156,ESP,21.761,114,320,5-7 7-5 7-5,3,R32,,,,,,,,,,,,,,,,,,,
2002-894,Bogota,Clay,30,T3,,20020218,7,200035,,,Maria Sanchez Lorenzo,R,171,ESP,24.282,201,141,202277,,Q,Mariana Correa,R,,ECU,17.290,,,7-6(2) 6-4,3,R32,,,,,,,,,,,,,,,,,,,
2002-894,Bogota,Clay,30,T3,,20020218,8,200709,5,,Rossana De Los Rios,R,170,PAR,26.426,60,602,200053,,,Lubomira Bacheva,R,,BUL,26.955,112,327,6-1 6-3,3,R32,,,,,,,,,,,,,,,,,,,
2002-894,Bogota,Clay,30,T3,,20020218,9,200107,3,,Paola Suarez,R,170,ARG,25.657,49,695,201308,,,Maria Elena Camerin,R,164,ITA,19.916,99,363,6-1 6-3,3,R32,,,,,,,,,,,,,,,,,,,
2002-894,Bogota,Clay,30,T3,,20020218,10,201942,,Q,Andreea Ehritt Vanc,L,168,ROU,28.370,221,116,200752,,Q,Raluca Sandu,R,177,ROU,22.043,279,71,3-6 6-4 7-5,3,R32,,,,,,,,,,,,,,,,,,,
2002-894,Bogota,Clay,30,T3,,20020218,11,200110,,WC,Fabiola Zuluaga,R,172,COL,23.116,285,68,201288,,,Maja Palaversic,R,175,CRO,28.907,127,249,6-3 7-5,3,R32,,,,,,,,,,,,,,,,,,,
2002-894,Bogota,Clay,30,T3,,20020218,12,200119,8,,Rita Kuti Kis,L,176,HUN,24.014,84,432,201429,,,Rika Fujiwara,R,155,JPN,20.417,123,267,6-2 5-7 6-2,3,R32,,,,,,,,,,,,,,,,,,,
2002-894,Bogota,Clay,30,T3,,20020218,13,201203,,,Alena Vaskova,R,175,CZE,26.281,163,191,200118,6,,Virginia Ruano Pascual,R,169,ESP,28.411,65,554,7-5 6-1,3,R32,,,,,,,,,,,,,,,,,,,
2002-894,Bogota,Clay,30,T3,,20020218,14,201299,,,Celine Beigbeder,,,FRA,26.982,90,385,202278,,WC,Romy Farah,R,168,COL,17.120,,,6-0 6-1,3,R32,,,,,,,,,,,,,,,,,,,
2002-894,Bogota,Clay,30,T3,,20020218,15,200066,1,,Cristina Torrens Valero,R,171,ESP,27.437,30,934,201072,,,Eva Bes Ostariz,R,,ESP,29.096,95,369,3-6 6-4 6-1,3,R16,,,,,,,,,,,,,,,,,,,
2002-894,Bogota,Clay,30,T3,,20020218,16,200709,5,,Rossana De Los Rios,R,170,PAR,26.426,60,602,200035,,,Maria Sanchez Lorenzo,R,171,ESP,24.282,201,141,6-1 6-3,3,R16,,,,,,,,,,,,,,,,,,,
2002-894,Bogota,Clay,30,T3,,20020218,17,200107,3,,Paola Suarez,R,170,ARG,25.657,49,695,201942,,Q,Andreea Ehritt Vanc,L,168,ROU,28.370,221,116,6-3 6-3,3,R16,,,,,,,,,,,,,,,,,,,
2002-894,Bogota,Clay,30,T3,,20020218,18,200110,,WC,Fabiola Zuluaga,R,172,COL,23.116,285,68,200119,8,,Rita Kuti Kis,L,176,HUN,24.014,84,432,6-3 6-2,3,R16,,,,,,,,,,,,,,,,,,,
2002-894,Bogota,Clay,30,T3,,20020218,19,201299,,,Celine Beigbeder,,,FRA,26.982,90,385,201203,,,Alena Vaskova,R,175,CZE,26.281,163,191,3-6 6-4 6-4,3,R16,,,,,,,,,,,,,,,,,,,
2002-894,Bogota,Clay,30,T3,,20020218,20,200011,,,Katarina Srebotnik,R,180,SLO,20.940,89,394,200025,,,Ludmila Cervanova,R,171,SVK,22.347,96,369,6-1 6-1,3,R16,,,,,,,,,,,,,,,,,,,
2002-894,Bogota,Clay,30,T3,,20020218,21,201300,,,Maria Emilia Salerni,R,174,ARG,18.768,113,324,201452,,Q,Lourdes Dominguez Lino,R,163,ESP,20.887,349,47,7-6(4) 6-4,3,R16,,,,,,,,,,,,,,,,,,,
2002-894,Bogota,Clay,30,T3,,20020218,22,201293,,,Catalina Castano,R,171,COL,22.621,145,221,200061,2,,Gala Leon Garcia,L,163,ESP,28.157,42,762,6-3 2-6 6-2,3,R16,,,,,,,,,,,,,,,,,,,
2002-894,Bogota,Clay,30,T3,,20020218,23,200066,1,,Cristina Torrens Valero,R,171,ESP,27.437,30,934,200709,5,,Rossana De Los Rios,R,170,PAR,26.426,60,602,6-2 6-1,3,QF,,,,,,,,,,,,,,,,,,,
2002-894,Bogota,Clay,30,T3,,20020218,24,200110,,WC,Fabiola Zuluaga,R,172,COL,23.116,285,68,200107,3,,Paola Suarez,R,170,ARG,25.657,49,695,6-2 6-4,3,QF,,,,,,,,,,,,,,,,,,,
2002-894,Bogota,Clay,30,T3,,20020218,25,200011,,,Katarina Srebotnik,R,180,SLO,20.940,89,394,201299,,,Celine Beigbeder,,,FRA,26.982,90,385,6-1 7-6(5),3,QF,,,,,,,,,,,,,,,,,,,
2002-894,Bogota,Clay,30,T3,,20020218,26,201293,,,Catalina Castano,R,171,COL,22.621,145,221,201300,,,Maria Emilia Salerni,R,174,ARG,18.768,113,324,1-6 7-5 6-4,3,QF,,,,,,,,,,,,,,,,,,,
2002-894,Bogota,Clay,30,T3,,20020218,27,200110,,WC,Fabiola Zuluaga,R,172,COL,23.116,285,68,200066,1,,Cristina Torrens Valero,R,171,ESP,27.437,30,934,6-4 6-4,3,SF,,,,,,,,,,,,,,,,,,,
2002-894,Bogota,Clay,30,T3,,20020218,28,200011,,,Katarina Srebotnik,R,180,SLO,20.940,89,394,201293,,,Catalina Castano,R,171,COL,22.621,145,221,5-7 7-5 6-4,3,SF,,,,,,,,,,,,,,,,,,,
2002-894,Bogota,Clay,30,T3,,20020218,29,200110,,WC,Fabiola Zuluaga,R,172,COL,23.116,285,68,200011,,,Katarina Srebotnik,R,180,SLO,20.940,89,394,6-1 6-4,3,F,,,,,,,,,,,,,,,,,,,
2002-716,Scottsdale,Hard,28,T2,,20020225,1,200083,,,Alexandra Stevenson,R,185,USA,21.197,34,882,200041,,,Amy Frazier,R,175,USA,29.435,50,667,1-6 6-4 6-4,3,R32,,,,,,,,,,,,,,,,,,,
2002-716,Scottsdale,Hard,28,T2,,20020225,2,201083,8,,Daja Bedanova,R,171,CZE,18.968,26,955,200764,,WC,Elena Bovina,R,189,RUS,18.965,54,632,7-5 4-6 7-5,3,R32,,,,,,,,,,,,,,,,,,,
2002-716,Scottsdale,Hard,28,T2,,20020225,3,200007,,Q,Silvija Talaja,R,173,CRO,24.115,95,384,200727,,,Adriana Serra Zanetti,R,160,ITA,25.977,40,774,7-5 6-2,3,R32,,,,,,,,,,,,,,,,,,,
2002-716,Scottsdale,Hard,28,T2,,20020225,4,200773,,Q,Stephanie Foretz Gacon,R,166,FRA,20.816,125,252,200777,,,Marta Marrero,R,173,ESP,19.111,64,553,6-2 6-1,3,R32,,,,,,,,,,,,,,,,,,,
2002-716,Scottsdale,Hard,28,T2,,20020225,5,200122,,,Tina Pisnik,R,172,SLO,21.016,48,708,201363,,WC,Gisela Dulko,R,170,ARG,17.071,212,126,6-2 6-3,3,R32,,,,,,,,,,,,,,,,,,,
2002-716,Scottsdale,Hard,28,T2,,20020225,6,200032,6,,Barbara Schett,R,176,AUT,25.964,23,1026,201347,,Q,Jelena Jankovic,R,177,SRB,16.991,347,48,6-3 7-6(5),3,R32,,,,,,,,,,,,,,,,,,,
2002-716,Scottsdale,Hard,28,T2,,20020225,7,200109,,,Nathalie Dechy,R,177,FRA,23.012,45,739,200766,,,Jennifer Hopkins,R,170,USA,21.041,62,559,6-2 4-6 6-0,3,R32,,,,,,,,,,,,,,,,,,,
2002-716,Scottsdale,Hard,28,T2,,20020225,8,200063,,,Tatiana Panova,R,154,RUS,25.536,32,907,200027,,,Magui Serna,L,167,ESP,22.990,28,943,6-1 6-2,3,R32,,,,,,,,,,,,,,,,,,,
2002-716,Scottsdale,Hard,28,T2,,20020225,9,201212,7,,Francesca Schiavone,R,166,ITA,21.676,24,982,200048,,,Elena Likhovtseva,R,174,RUS,26.467,37,803,6-4 6-3,3,R32,,,,,,,,,,,,,,,,,,,
2002-716,Scottsdale,Hard,28,T2,,20020225,10,200085,,,Ai Sugiyama,R,163,JPN,26.645,30,927,200020,5,,Lisa Raymond,R,165,USA,28.545,19,1180,7-6(3) 6-0,3,R32,,,,,,,,,,,,,,,,,,,
2002-716,Scottsdale,Hard,28,T2,,20020225,11,200036,,,Nicole Pratt,R,163,AUS,28.978,42,770,200031,,,Meilen Tu,R,163,USA,24.107,58,605,6-3 6-2,3,R32,,,,,,,,,,,,,,,,,,,
2002-716,Scottsdale,Hard,28,T2,,20020225,12,200121,,Q,Alina Jidkova,R,168,RUS,25.104,84,430,200068,,,Lilia Osterloh,R,170,USA,23.888,55,628,6-2 6-2,3,R32,,,,,,,,,,,,,,,,,,,
2002-716,Scottsdale,Hard,28,T2,,20020225,13,200077,1,,Jennifer Capriati,R,170,USA,25.912,2,4684,200083,,,Alexandra Stevenson,R,185,USA,21.197,34,882,6-4 6-4,3,R16,,,,,,,,,,,,,,,,,,,
2002-716,Scottsdale,Hard,28,T2,,20020225,14,200032,6,,Barbara Schett,R,176,AUT,25.964,23,1026,200122,,,Tina Pisnik,R,172,SLO,21.016,48,708,4-6 6-3 7-5,3,R16,,,,,,,,,,,,,,,,,,,
2002-716,Scottsdale,Hard,28,T2,,20020225,15,200109,,,Nathalie Dechy,R,177,FRA,23.012,45,739,200046,4,,Meghann Shaughnessy,R,180,USA,22.872,12,1893,7-5 6-2,3,R16,,,,,,,,,,,,,,,,,,,
2002-716,Scottsdale,Hard,28,T2,,20020225,16,201212,7,,Francesca Schiavone,R,166,ITA,21.676,24,982,200063,,,Tatiana Panova,R,154,RUS,25.536,32,907,7-6(5) 1-6 6-2,3,R16,,,,,,,,,,,,,,,,,,,
2002-716,Scottsdale,Hard,28,T2,,20020225,17,200036,,,Nicole Pratt,R,163,AUS,28.978,42,770,200085,,,Ai Sugiyama,R,163,JPN,26.645,30,927,6-2 6-1,3,R16,,,,,,,,,,,,,,,,,,,
2002-716,Scottsdale,Hard,28,T2,,20020225,18,200033,3,,Serena Williams,R,175,USA,20.417,9,2875,200121,,Q,Alina Jidkova,R,168,RUS,25.104,84,430,6-3 6-3,3,R16,,,,,,,,,,,,,,,,,,,
2002-716,Scottsdale,Hard,28,T2,,20020225,19,201083,8,,Daja Bedanova,R,171,CZE,18.968,26,955,200007,,Q,Silvija Talaja,R,173,CRO,24.115,95,384,6-2 6-3,3,R16,,,,,,,,,,,,,,,,,,,
2002-716,Scottsdale,Hard,28,T2,,20020225,20,200001,2,,Martina Hingis,R,170,SUI,21.405,5,3558,200773,,Q,Stephanie Foretz Gacon,R,166,FRA,20.816,125,252,6-2 6-4,3,R16,,,,,,,,,,,,,,,,,,,
2002-716,Scottsdale,Hard,28,T2,,20020225,21,200077,1,,Jennifer Capriati,R,170,USA,25.912,2,4684,200032,6,,Barbara Schett,R,176,AUT,25.964,23,1026,7-5 6-3,3,QF,,,,,,,,,,,,,,,,,,,
2002-716,Scottsdale,Hard,28,T2,,20020225,22,200109,,,Nathalie Dechy,R,177,FRA,23.012,45,739,201212,7,,Francesca Schiavone,R,166,ITA,21.676,24,982,7-6(5) 6-4,3,QF,,,,,,,,,,,,,,,,,,,
2002-716,Scottsdale,Hard,28,T2,,20020225,23,200033,3,,Serena Williams,R,175,USA,20.417,9,2875,200036,,,Nicole Pratt,R,163,AUS,28.978,42,770,6-2 7-5,3,QF,,,,,,,,,,,,,,,,,,,
2002-716,Scottsdale,Hard,28,T2,,20020225,24,200001,2,,Martina Hingis,R,170,SUI,21.405,5,3558,201083,8,,Daja Bedanova,R,171,CZE,18.968,26,955,6-4 0-6 6-3,3,QF,,,,,,,,,,,,,,,,,,,
2002-716,Scottsdale,Hard,28,T2,,20020225,25,200077,1,,Jennifer Capriati,R,170,USA,25.912,2,4684,200109,,,Nathalie Dechy,R,177,FRA,23.012,45,739,6-2 6-3,3,SF,,,,,,,,,,,,,,,,,,,
2002-716,Scottsdale,Hard,28,T2,,20020225,26,200033,3,,Serena Williams,R,175,USA,20.417,9,2875,200001,2,,Martina Hingis,R,170,SUI,21.405,5,3558,6-1 3-6 6-4,3,SF,,,,,,,,,,,,,,,,,,,
2002-716,Scottsdale,Hard,28,T2,,20020225,27,200033,3,,Serena Williams,R,175,USA,20.417,9,2875,200077,1,,Jennifer Capriati,R,170,USA,25.912,2,4684,6-2 4-6 6-4,3,F,,,,,,,,,,,,,,,,,,,
2002-1002,Acapulco,Clay,30,T3,,20020225,1,201300,,Q,Maria Emilia Salerni,R,174,ARG,18.788,98,362,201291,,Q,Nuria Llagostera Vives,R,156,ESP,21.780,113,320,6-1 6-2,3,R32,,,,,,,,,,,,,,,,,,,
2002-1002,Acapulco,Clay,30,T3,,20020225,2,201072,,,Eva Bes Ostariz,R,,ESP,29.115,93,386,202296,,WC,Maria Jose Lopez Herrera,R,,MEX,17.380,,,6-2 6-2,3,R32,,,,,,,,,,,,,,,,,,,
2002-1002,Acapulco,Clay,30,T3,,20020225,3,200066,4,,Cristina Torrens Valero,R,171,ESP,27.456,31,918,200088,,,Adriana Gersi,R,166,CZE,25.668,96,383,6-3 6-3,3,R32,,,,,,,,,,,,,,,,,,,
2002-1002,Acapulco,Clay,30,T3,,20020225,4,200113,,,Anna Kournikova,R,173,RUS,20.720,80,463,200055,8,,Mariana Diaz Oliva,R,172,ARG,25.961,66,542,6-4 7-5,3,R32,,,,,,,,,,,,,,,,,,,
2002-1002,Acapulco,Clay,30,T3,,20020225,5,200060,,,Tathiana Garbin,R,172,ITA,24.658,67,540,201942,,Q,Andreea Ehritt Vanc,L,168,ROU,28.389,199,140,6-2 6-3,3,R32,,,,,,,,,,,,,,,,,,,
2002-1002,Acapulco,Clay,30,T3,,20020225,6,200697,,,Janette Husarova,R,169,SVK,27.730,51,638,201296,,,Bianka Lamade,R,184,GER,19.491,74,515,6-2 6-4,3,R32,,,,,,,,,,,,,,,,,,,
2002-1002,Acapulco,Clay,30,T3,,20020225,7,200101,,,Jana Kandarr,R,181,GER,25.430,82,458,200119,,,Rita Kuti Kis,L,176,HUN,24.033,110,330,6-4 7-6(3),3,R32,,,,,,,,,,,,,,,,,,,
2002-1002,Acapulco,Clay,30,T3,,20020225,8,200104,,Q,Emilie Loit,L,167,FRA,22.716,109,333,200049,5,,Conchita Martinez,R,170,ESP,29.862,39,788,6-4 6-3,3,R32,,,,,,,,,,,,,,,,,,,
2002-1002,Acapulco,Clay,30,T3,,20020225,9,200064,3,,Amanda Coetzer,R,158,RSA,30.347,17,1451,202269,,WC,Erika Valdes,R,,MEX,18.604,410,35,6-0 6-1,3,R32,,,,,,,,,,,,,,,,,,,
2002-1002,Acapulco,Clay,30,T3,,20020225,10,200118,,,Virginia Ruano Pascual,R,169,ESP,28.430,63,554,200103,,,Evie Dominikovic,R,173,AUS,21.744,107,340,6-2 6-3,3,R32,,,,,,,,,,,,,,,,,,,
2002-1002,Acapulco,Clay,30,T3,,20020225,11,201299,,,Celine Beigbeder,,,FRA,27.001,86,415,201305,,,Eleni Daniilidou,R,182,GRE,19.436,59,579,6-4 6-2,3,R32,,,,,,,,,,,,,,,,,,,
2002-1002,Acapulco,Clay,30,T3,,20020225,12,200107,7,,Paola Suarez,R,170,ARG,25.676,61,564,200709,,,Rossana De Los Rios,R,170,PAR,26.445,52,636,6-1 6-3,3,R32,,,,,,,,,,,,,,,,,,,
2002-1002,Acapulco,Clay,30,T3,,20020225,13,200061,6,,Gala Leon Garcia,L,163,ESP,28.176,43,762,200040,,,Anna Smashnova,R,157,ISR,25.613,56,622,6-4 6-2,3,R32,,,,,,,,,,,,,,,,,,,
2002-1002,Acapulco,Clay,30,T3,,20020225,14,200011,,,Katarina Srebotnik,R,180,SLO,20.959,79,471,200022,,,Emmanuelle Gagliardi,R,171,SUI,25.632,69,537,6-2 6-4,3,R32,,,,,,,,,,,,,,,,,,,
2002-1002,Acapulco,Clay,30,T3,,20020225,15,200108,1,,Elena Dementieva,R,180,RUS,20.365,14,1658,201300,,Q,Maria Emilia Salerni,R,174,ARG,18.788,98,362,7-6(5) 6-7(5) 6-1,3,R16,,,,,,,,,,,,,,,,,,,
2002-1002,Acapulco,Clay,30,T3,,20020225,16,200104,,Q,Emilie Loit,L,167,FRA,22.716,109,333,200101,,,Jana Kandarr,R,181,GER,25.430,82,458,3-6 6-4 6-3,3,R16,,,,,,,,,,,,,,,,,,,
2002-1002,Acapulco,Clay,30,T3,,20020225,17,200064,3,,Amanda Coetzer,R,158,RSA,30.347,17,1451,200118,,,Virginia Ruano Pascual,R,169,ESP,28.430,63,554,6-2 6-2,3,R16,,,,,,,,,,,,,,,,,,,
2002-1002,Acapulco,Clay,30,T3,,20020225,18,200107,7,,Paola Suarez,R,170,ARG,25.676,61,564,201299,,,Celine Beigbeder,,,FRA,27.001,86,415,6-3 6-0,3,R16,,,,,,,,,,,,,,,,,,,
2002-1002,Acapulco,Clay,30,T3,,20020225,19,200011,,,Katarina Srebotnik,R,180,SLO,20.959,79,471,200061,6,,Gala Leon Garcia,L,163,ESP,28.176,43,762,6-4 6-4,3,R16,,,,,,,,,,,,,,,,,,,
2002-1002,Acapulco,Clay,30,T3,,20020225,20,200066,4,,Cristina Torrens Valero,R,171,ESP,27.456,31,918,201072,,,Eva Bes Ostariz,R,,ESP,29.115,93,386,6-1 6-2,3,R16,,,,,,,,,,,,,,,,,,,
2002-1002,Acapulco,Clay,30,T3,,20020225,21,200113,,,Anna Kournikova,R,173,RUS,20.720,80,463,200060,,,Tathiana Garbin,R,172,ITA,24.658,67,540,6-1 6-2,3,R16,,,,,,,,,,,,,,,,,,,
2002-1002,Acapulco,Clay,30,T3,,20020225,22,200697,,,Janette Husarova,R,169,SVK,27.730,51,638,200017,2,,Arantxa Sanchez Vicario,R,168,ESP,30.191,15,1548,3-6 6-2 6-3,3,R16,,,,,,,,,,,,,,,,,,,
2002-1002,Acapulco,Clay,30,T3,,20020225,23,200108,1,,Elena Dementieva,R,180,RUS,20.365,14,1658,200104,,Q,Emilie Loit,L,167,FRA,22.716,109,333,6-4 RET,3,QF,,,,,,,,,,,,,,,,,,,
2002-1002,Acapulco,Clay,30,T3,,20020225,24,200107,7,,Paola Suarez,R,170,ARG,25.676,61,564,200064,3,,Amanda Coetzer,R,158,RSA,30.347,17,1451,6-3 6-4,3,QF,,,,,,,,,,,,,,,,,,,
2002-1002,Acapulco,Clay,30,T3,,20020225,25,200011,,,Katarina Srebotnik,R,180,SLO,20.959,79,471,200066,4,,Cristina Torrens Valero,R,171,ESP,27.456,31,918,3-6 7-6(4) 6-4,3,QF,,,,,,,,,,,,,,,,,,,
2002-1002,Acapulco,Clay,30,T3,,20020225,26,200113,,,Anna Kournikova,R,173,RUS,20.720,80,463,200697,,,Janette Husarova,R,169,SVK,27.730,51,638,6-3 6-4,3,QF,,,,,,,,,,,,,,,,,,,
2002-1002,Acapulco,Clay,30,T3,,20020225,27,200107,7,,Paola Suarez,R,170,ARG,25.676,61,564,200108,1,,Elena Dementieva,R,180,RUS,20.365,14,1658,7-5 6-3,3,SF,,,,,,,,,,,,,,,,,,,
2002-1002,Acapulco,Clay,30,T3,,20020225,28,200011,,,Katarina Srebotnik,R,180,SLO,20.959,79,471,200113,,,Anna Kournikova,R,173,RUS,20.720,80,463,5-7 6-3 6-1,3,SF,,,,,,,,,,,,,,,,,,,
2002-1002,Acapulco,Clay,30,T3,,20020225,29,200011,,,Katarina Srebotnik,R,180,SLO,20.959,79,471,200107,7,,Paola Suarez,R,170,ARG,25.676,61,564,6-7(1) 6-4 6-2,3,F,,,,,,,,,,,,,,,,,,,
2002-D009,Fed Cup G1 RRA: INA vs IND,Hard,4,D,,20020304,1,201327,,,Angelique Widjaja,R,173,INA,17.224,127,249,202349,,,Rushmi Chakravarthi,R,170,IND,24.400,449,29,6-1 6-2,3,RR,,,,,,,,,,,,,,,,,,,
2002-D009,Fed Cup G1 RRA: INA vs IND,Hard,4,D,,20020304,2,201295,,,Wynne Prakusya,R,160,INA,20.855,99,367,202305,,,Manisha Malhotra,R,,IND,25.454,334,51,6-2 6-3,3,RR,,,,,,,,,,,,,,,,,,,
2002-D017,Fed Cup G1 RRA: NZL vs KOR,Hard,4,D,,20020304,1,201341,,,Mi Ra Jeon,,174,KOR,24.072,244,99,204874,,,Tracey Oconnor,,,NZL,19.442,436,31,6-0 6-3,3,RR,,,,,,,,,,,,,,,,,,,
2002-D017,Fed Cup G1 RRA: NZL vs KOR,Hard,4,D,,20020304,2,201313,,,Yoon Jeong Cho,R,167,KOR,22.922,114,302,202317,,,Ilke Gers,R,,NZL,20.354,393,37,6-4 6-2,3,RR,,,,,,,,,,,,,,,,,,,
2002-D020,Fed Cup G1 RRB: JPN vs PHI,Hard,4,D,,20020304,1,201352,,,Akiko Morigami,R,165,JPN,22.141,156,197,207551,,,Anna Patricia Santos,,,PHI,22.158,,,4-6 6-1 6-2,3,RR,,,,,,,,,,,,,,,,,,,
2002-D020,Fed Cup G1 RRB: JPN vs PHI,Hard,4,D,,20020304,2,201429,,,Rika Fujiwara,R,155,JPN,20.455,118,276,204690,,,Czarina Mae Arevalo,R,,PHI,16.805,,,6-3 6-0,3,RR,,,,,,,,,,,,,,,,,,,
2002-D026,Fed Cup G1 RRB: HKG vs UZB,Hard,4,D,,20020304,1,201454,,,Akgul Amanmuradova,R,190,UZB,17.695,,,203235,,,Po Kuen Lam,,,HKG,19.872,,,6-1 7-5,3,RR,,,,,,,,,,,,,,,,,,,
2002-D026,Fed Cup G1 RRB: HKG vs UZB,Hard,4,D,,20020304,2,202774,,,Ka Po Tong,,,HKG,20.964,257,87,202281,,,Ivanna Israilova,R,,RUS,16.077,,,6-1 6-3,3,RR,,,,,,,,,,,,,,,,,,,
2002-D032,Fed Cup G1 RRB: CHN vs THA,Hard,4,D,,20020304,1,201405,,,Nan Nan Liu,,176,CHN,18.708,242,99,203243,,,Wilawan Choptang,R,,THA,17.876,,,6-0 6-0,3,RR,,,,,,,,,,,,,,,,,,,
2002-D032,Fed Cup G1 RRB: CHN vs THA,Hard,4,D,,20020304,2,201419,,,Na Li,R,172,CHN,20.017,201,142,202321,,,Napaporn Tongsalee,R,,THA,22.369,,,6-1 6-2,3,RR,,,,,,,,,,,,,,,,,,,
2002-D039,Fed Cup G2 RR: MAS vs SIN,Hard,4,D,,20020304,1,212095,,,Chen Yee Liaw,,,MAS,16.063,,,212099,,,Sonya Kumar,,,SGP,16.143,,,6-1 6-0,3,RR,,,,,,,,,,,,,,,,,,,
2002-D039,Fed Cup G2 RR: MAS vs SIN,Hard,4,D,,20020304,2,202073,,,Chin Bee Khoo,,,MAS,24.833,,,202047,,,Agustine Limanto,,,INA,23.582,,,7-6(5) 6-4,3,RR,,,,,,,,,,,,,,,,,,,
2002-D042,Fed Cup G2 RR: POC vs SYR,Hard,4,D,,20020304,1,212145,,,Gurianna Korinihona,R,,POC,17.328,,,212097,,,Shaza Tinawi,,,SYR,21.090,,,6-1 6-0,3,RR,,,,,,,,,,,,,,,,,,,
2002-D042,Fed Cup G2 RR: POC vs SYR,Hard,4,D,,20020304,2,212085,,,Davilyn Godinet,,,POC,18.733,,,209992,,,Lara Alsamman,,,SYR,14.891,,,6-1 6-1,3,RR,,,,,,,,,,,,,,,,,,,
2002-D015,Fed Cup G1 RRA: IND vs KOR,Hard,4,D,,20020305,1,201341,,,Mi Ra Jeon,,174,KOR,24.074,244,99,202349,,,Rushmi Chakravarthi,R,170,IND,24.403,449,29,6-1 6-0,3,RR,,,,,,,,,,,,,,,,,,,
2002-D015,Fed Cup G1 RRA: IND vs KOR,Hard,4,D,,20020305,2,201313,,,Yoon Jeong Cho,R,167,KOR,22.924,114,302,202305,,,Manisha Malhotra,R,,IND,25.457,334,51,6-0 3-6 6-1,3,RR,,,,,,,,,,,,,,,,,,,
2002-D016,Fed Cup G1 RRA: NZL vs TPE,Hard,4,D,,20020305,1,202359,,,Chin Wei Chan,R,169,TPE,17.153,,,204874,,,Tracey Oconnor,,,NZL,19.445,436,31,6-0 3-6 6-0,3,RR,,,,,,,,,,,,,,,,,,,
2002-D016,Fed Cup G1 RRA: NZL vs TPE,Hard,4,D,,20020305,2,200091,,,Janet Lee,R,175,TPE,25.367,108,339,202317,,,Ilke Gers,R,,NZL,20.356,393,37,6-4 6-2,3,RR,,,,,,,,,,,,,,,,,,,
2002-D021,Fed Cup G1 RRB: JPN vs THA,Hard,4,D,,20020305,1,201352,,,Akiko Morigami,R,165,JPN,22.144,156,197,207251,,,Pichaya Laosirichon,R,,THA,16.425,,,6-1 6-2,3,RR,,,,,,,,,,,,,,,,,,,
2002-D021,Fed Cup G1 RRB: JPN vs THA,Hard,4,D,,20020305,2,201323,,,Saori Obata,L,165,JPN,23.866,106,340,202321,,,Napaporn Tongsalee,R,,THA,22.371,,,6-1 6-0,3,RR,,,,,,,,,,,,,,,,,,,
2002-D027,Fed Cup G1 RRB: CHN vs HKG,Hard,4,D,,20020305,1,201386,,,Jie Zheng,R,164,CHN,18.667,372,42,203235,,,Po Kuen Lam,,,HKG,19.874,,,6-1 6-2,3,RR,,,,,,,,,,,,,,,,,,,
2002-D027,Fed Cup G1 RRB: CHN vs HKG,Hard,4,D,,20020305,2,201419,,,Na Li,R,172,CHN,20.020,201,142,202774,,,Ka Po Tong,,,HKG,20.967,257,87,6-1 6-3,3,RR,,,,,,,,,,,,,,,,,,,
2002-D029,Fed Cup G1 RRB: PHI vs UZB,Hard,4,D,,20020305,1,201454,,,Akgul Amanmuradova,R,190,UZB,17.698,,,207551,,,Anna Patricia Santos,,,PHI,22.161,,,6-0 6-1,3,RR,,,,,,,,,,,,,,,,,,,
2002-D029,Fed Cup G1 RRB: PHI vs UZB,Hard,4,D,,20020305,2,202281,,,Ivanna Israilova,R,,RUS,16.080,,,204690,,,Czarina Mae Arevalo,R,,PHI,16.808,,,7-5 6-2,3,RR,,,,,,,,,,,,,,,,,,,
2002-D035,Fed Cup G2 RR: KAZ vs POC,Hard,4,D,,20020305,1,212087,,,Valeria Khazova,,,KAZ,20.929,,,212145,,,Gurianna Korinihona,R,,POC,17.331,,,6-3 6-4,3,RR,,,,,,,,,,,,,,,,,,,
2002-D035,Fed Cup G2 RR: KAZ vs POC,Hard,4,D,,20020305,2,212086,,,Olga Dzuba,,,KAZ,18.881,,,212085,,,Davilyn Godinet,,,POC,18.735,,,6-2 6-1,3,RR,,,,,,,,,,,,,,,,,,,
2002-D043,Fed Cup G2 RR: SIN vs SYR,Hard,4,D,,20020305,1,212099,,,Sonya Kumar,,,SGP,16.145,,,212097,,,Shaza Tinawi,,,SYR,21.093,,,6-1 6-2,3,RR,,,,,,,,,,,,,,,,,,,
2002-D043,Fed Cup G2 RR: SIN vs SYR,Hard,4,D,,20020305,2,202047,,,Agustine Limanto,,,INA,23.584,,,209992,,,Lara Alsamman,,,SYR,14.894,,,6-1 6-0,3,RR,,,,,,,,,,,,,,,,,,,
2002-D011,Fed Cup G1 RRA: INA vs TPE,Hard,4,D,,20020306,1,201327,,,Angelique Widjaja,R,173,INA,17.230,127,249,202359,,,Chin Wei Chan,R,169,TPE,17.156,,,6-3 6-0,3,RR,,,,,,,,,,,,,,,,,,,
2002-D011,Fed Cup G1 RRA: INA vs TPE,Hard,4,D,,20020306,2,201295,,,Wynne Prakusya,R,160,INA,20.860,99,367,200091,,,Janet Lee,R,175,TPE,25.369,108,339,6-7(4) 6-3 6-0,3,RR,,,,,,,,,,,,,,,,,,,
2002-D013,Fed Cup G1 RRA: IND vs NZL,Hard,4,D,,20020306,1,202317,,,Ilke Gers,R,,NZL,20.359,393,37,202349,,,Rushmi Chakravarthi,R,170,IND,24.406,449,29,6-3 6-4,3,RR,,,,,,,,,,,,,,,,,,,
2002-D013,Fed Cup G1 RRA: IND vs NZL,Hard,4,D,,20020306,2,202276,,,Shelley Stephens,R,,NZL,23.603,276,73,202305,,,Manisha Malhotra,R,,IND,25.460,334,51,6-4 3-6 6-1,3,RR,,,,,,,,,,,,,,,,,,,
2002-D022,Fed Cup G1 RRB: JPN vs UZB,Hard,4,D,,20020306,1,201352,,,Akiko Morigami,R,165,JPN,22.147,156,197,201454,,,Akgul Amanmuradova,R,190,UZB,17.701,,,6-1 6-2,3,RR,,,,,,,,,,,,,,,,,,,
2002-D022,Fed Cup G1 RRB: JPN vs UZB,Hard,4,D,,20020306,2,201323,,,Saori Obata,L,165,JPN,23.869,106,340,202281,,,Ivanna Israilova,R,,RUS,16.082,,,6-1 6-1,3,RR,,,,,,,,,,,,,,,,,,,
2002-D025,Fed Cup G1 RRB: HKG vs THA,Hard,4,D,,20020306,1,207251,,,Pichaya Laosirichon,R,,THA,16.427,,,203235,,,Po Kuen Lam,,,HKG,19.877,,,7-5 6-1,3,RR,,,,,,,,,,,,,,,,,,,
2002-D025,Fed Cup G1 RRB: HKG vs THA,Hard,4,D,,20020306,2,202774,,,Ka Po Tong,,,HKG,20.970,257,87,202321,,,Napaporn Tongsalee,R,,THA,22.374,,,6-2 6-1,3,RR,,,,,,,,,,,,,,,,,,,
2002-D030,Fed Cup G1 RRB: CHN vs PHI,Hard,4,D,,20020306,1,201386,,,Jie Zheng,R,164,CHN,18.670,372,42,207551,,,Anna Patricia Santos,,,PHI,22.163,,,6-1 6-1,3,RR,,,,,,,,,,,,,,,,,,,
2002-D030,Fed Cup G1 RRB: CHN vs PHI,Hard,4,D,,20020306,2,201419,,,Na Li,R,172,CHN,20.022,201,142,204690,,,Czarina Mae Arevalo,R,,PHI,16.811,,,6-0 6-1,3,RR,,,,,,,,,,,,,,,,,,,
2002-609,Indian Wells,Hard,96,T1,,20020306,1,200109,,,Nathalie Dechy,R,177,FRA,23.037,35,871,201299,,,Celine Beigbeder,,,FRA,27.026,86,437,6-1 6-0,3,R128,,,,,,,,,,,,,,,,,,,
2002-609,Indian Wells,Hard,96,T1,,20020306,2,200709,,,Rossana De Los Rios,R,170,PAR,26.470,52,636,201281,,WC,Laura Granville,R,175,USA,20.816,179,164,6-4 6-0,3,R128,,,,,,,,,,,,,,,,,,,
2002-609,Indian Wells,Hard,96,T1,,20020306,3,201284,,,Tatiana Poutchek,R,176,BLR,23.154,81,475,200107,,,Paola Suarez,R,170,ARG,25.701,53,634,6-7(5) 6-3 6-2,3,R128,,,,,,,,,,,,,,,,,,,
2002-609,Indian Wells,Hard,96,T1,,20020306,4,201296,,,Bianka Lamade,R,184,GER,19.516,75,515,200094,,,Barbara Rittner,R,173,GER,28.863,71,532,6-2 1-6 6-4,3,R128,,,,,,,,,,,,,,,,,,,
2002-609,Indian Wells,Hard,96,T1,,20020306,5,200126,,,Marissa Irvin,R,170,USA,21.701,65,545,200118,,,Virginia Ruano Pascual,R,169,ESP,28.455,66,544,6-1 6-4,3,R128,,,,,,,,,,,,,,,,,,,
2002-609,Indian Wells,Hard,96,T1,,20020306,6,200089,,,Miriam Oremans,R,169,NED,29.487,89,403,201087,,Q,Mashona Washington,R,168,USA,25.764,121,276,7-5 6-7(5) 6-3,3,R128,,,,,,,,,,,,,,,,,,,
2002-609,Indian Wells,Hard,96,T1,,20020306,7,200015,,,Petra Mandula,R,178,HUN,24.132,49,668,200052,,WC,Olga Barabanschikova,R,172,BLR,22.341,430,32,6-4 7-6(4),3,R128,,,,,,,,,,,,,,,,,,,
2002-609,Indian Wells,Hard,96,T1,,20020306,8,200764,,,Elena Bovina,R,189,RUS,18.990,55,632,200749,,LL,Samantha Reeves,R,173,USA,23.133,96,384,6-3 6-1,3,R128,,,,,,,,,,,,,,,,,,,
2002-609,Indian Wells,Hard,96,T1,,20020306,9,200103,,,Evie Dominikovic,R,173,AUS,21.769,107,340,200031,,,Meilen Tu,R,163,USA,24.132,59,605,6-4 6-4,3,R128,,,,,,,,,,,,,,,,,,,
2002-609,Indian Wells,Hard,96,T1,,20020306,10,200068,,,Lilia Osterloh,R,170,USA,23.913,56,628,200113,,,Anna Kournikova,R,173,RUS,20.745,67,542,6-1 6-4,3,R128,,,,,,,,,,,,,,,,,,,
2002-609,Indian Wells,Hard,96,T1,,20020306,11,201086,,Q,Greta Arn,R,180,HUN,22.897,100,364,200119,,,Rita Kuti Kis,L,176,HUN,24.058,116,284,6-1 6-4,3,R128,,,,,,,,,,,,,,,,,,,
2002-609,Indian Wells,Hard,96,T1,,20020306,12,200045,,WC,Tara Snyder,R,175,USA,24.778,229,109,200060,,,Tathiana Garbin,R,172,ITA,24.682,63,557,1-6 6-3 6-3,3,R128,,,,,,,,,,,,,,,,,,,
2002-609,Indian Wells,Hard,96,T1,,20020306,13,200011,,WC,Katarina Srebotnik,R,180,SLO,20.983,60,597,200062,,,Kristina Brandi,R,168,PUR,24.937,82,474,6-3 RET,3,R128,,,,,,,,,,,,,,,,,,,
2002-609,Indian Wells,Hard,96,T1,,20020306,14,200056,,Q,Jelena Kostanic Tosic,L,168,CRO,20.666,91,398,200123,,,Marlene Weingartner,R,174,GER,22.098,44,753,6-3 6-1,3,R128,,,,,,,,,,,,,,,,,,,
2002-609,Indian Wells,Hard,96,T1,,20020306,15,201305,,,Eleni Daniilidou,R,182,GRE,19.461,61,579,200088,,,Adriana Gersi,R,166,CZE,25.693,97,383,6-1 6-4,3,R128,,,,,,,,,,,,,,,,,,,
2002-609,Indian Wells,Hard,96,T1,,20020306,16,200012,,,Jana Nejedly,R,175,CAN,27.740,102,359,201333,,Q,Angelika Roesch,R,172,GER,24.742,136,229,6-4 7-5,3,R128,,,,,,,,,,,,,,,,,,,
2002-609,Indian Wells,Hard,96,T1,,20020306,17,201345,,WC,Maria Sharapova,R,188,RUS,14.881,,,200115,,,Brie Rippner,R,175,USA,22.122,302,62,5-7 6-1 6-2,3,R128,,,,,,,,,,,,,,,,,,,
2002-609,Indian Wells,Hard,96,T1,,20020306,18,200041,,,Amy Frazier,R,175,USA,29.460,50,667,201291,,Q,Nuria Llagostera Vives,R,156,ESP,21.805,124,254,3-6 6-3 6-3,3,R128,,,,,,,,,,,,,,,,,,,
2002-609,Indian Wells,Hard,96,T1,,20020306,19,200050,,Q,Sandra Kleinova,R,177,CZE,23.828,135,236,200057,,WC,Erika De Lone,R,,USA,29.391,132,242,1-6 6-4 6-3,3,R128,,,,,,,,,,,,,,,,,,,
2002-609,Indian Wells,Hard,96,T1,,20020306,20,200777,,,Marta Marrero,R,173,ESP,19.135,64,553,200105,,,Rachel Mcquillan,,170,AUS,30.259,112,314,6-4 6-3,3,R128,,,,,,,,,,,,,,,,,,,
2002-609,Indian Wells,Hard,96,T1,,20020306,21,200043,,Q,Virginie Razzano,R,173,FRA,18.818,101,363,200723,,,Iva Majoli,R,175,CRO,24.565,54,633,7-6(5) 6-1,3,R128,,,,,,,,,,,,,,,,,,,
2002-609,Indian Wells,Hard,96,T1,,20020306,22,200101,,,Jana Kandarr,R,181,GER,25.454,79,477,200061,,,Gala Leon Garcia,L,163,ESP,28.200,45,745,6-4 6-4,3,R128,,,,,,,,,,,,,,,,,,,
2002-609,Indian Wells,Hard,96,T1,,20020306,23,200697,,,Janette Husarova,R,169,SVK,27.754,47,705,200025,,Q,Ludmila Cervanova,R,171,SVK,22.391,93,392,6-3 6-4,3,R128,,,,,,,,,,,,,,,,,,,
2002-609,Indian Wells,Hard,96,T1,,20020306,24,200072,,,Cara Black,R,167,ZIM,23.048,84,443,201209,,,Selima Sfar,R,166,TUN,24.660,111,327,4-6 6-4 6-3,3,R128,,,,,,,,,,,,,,,,,,,
2002-609,Indian Wells,Hard,96,T1,,20020306,25,200766,,,Jennifer Hopkins,R,170,USA,21.065,69,539,200773,,Q,Stephanie Foretz Gacon,R,166,FRA,20.841,115,301,6-2 6-1,3,R128,,,,,,,,,,,,,,,,,,,
2002-609,Indian Wells,Hard,96,T1,,20020306,26,200007,,Q,Silvija Talaja,R,173,CRO,24.140,85,438,201324,,,Irina Selyutina,R,178,KAZ,22.328,92,396,6-2 6-2,3,R128,,,,,,,,,,,,,,,,,,,
2002-609,Indian Wells,Hard,96,T1,,20020306,27,200022,,,Emmanuelle Gagliardi,R,171,SUI,25.657,70,537,200084,,,Asa Carlsson,R,178,SWE,26.722,78,477,6-4 6-1,3,R128,,,,,,,,,,,,,,,,,,,
2002-609,Indian Wells,Hard,96,T1,,20020306,28,201322,,Q,Eva Dyrberg,R,175,DEN,22.048,105,345,201298,,Q,Zsofia Gubacsi,R,173,HUN,20.915,88,407,3-6 6-4 6-1,3,R128,,,,,,,,,,,,,,,,,,,
2002-609,Indian Wells,Hard,96,T1,,20020306,29,200040,,,Anna Smashnova,R,157,ISR,25.638,57,622,201285,,WC,Melissa Middleton,R,170,USA,19.749,314,59,6-4 6-3,3,R128,,,,,,,,,,,,,,,,,,,
2002-609,Indian Wells,Hard,96,T1,,20020306,30,200122,,,Tina Pisnik,R,172,SLO,21.041,51,643,200117,,,Kveta Peschke,R,165,CZE,26.659,87,424,5-7 6-4 6-3,3,R128,,,,,,,,,,,,,,,,,,,
2002-609,Indian Wells,Hard,96,T1,,20020306,31,201310,,,Martina Muller,R,165,GER,19.401,83,450,200055,,,Mariana Diaz Oliva,R,172,ARG,25.985,80,477,4-6 6-4 6-0,3,R128,,,,,,,,,,,,,,,,,,,
2002-609,Indian Wells,Hard,96,T1,,20020306,32,201297,,,Maja Matevzic,L,175,SLO,21.728,73,522,200002,,WC,Mirjana Lucic,R,181,CRO,19.992,198,145,6-3 6-4,3,R128,,,,,,,,,,,,,,,,,,,
2002-609,Indian Wells,Hard,96,T1,,20020306,33,200109,,,Nathalie Dechy,R,177,FRA,23.037,35,871,200079,1,,Kim Clijsters,R,175,BEL,18.744,3,3695,6-2 7-5,3,R64,,,,,,,,,,,,,,,,,,,
2002-609,Indian Wells,Hard,96,T1,,20020306,34,200772,28,,Anastasia Myskina,R,174,RUS,20.660,39,790,200045,,WC,Tara Snyder,R,175,USA,24.778,229,109,6-3 6-2,3,R64,,,,,,,,,,,,,,,,,,,
2002-609,Indian Wells,Hard,96,T1,,20020306,35,200697,,,Janette Husarova,R,169,SVK,27.754,47,705,200027,21,,Magui Serna,L,167,ESP,23.015,36,861,6-3 6-3,3,R64,,,,,,,,,,,,,,,,,,,
2002-609,Indian Wells,Hard,96,T1,,20020306,36,200022,,,Emmanuelle Gagliardi,R,171,SUI,25.657,70,537,200106,15,,Angeles Montolio,R,157,ESP,26.582,24,1033,6-1 6-4,3,R64,,,,,,,,,,,,,,,,,,,
2002-609,Indian Wells,Hard,96,T1,,20020306,37,201322,,Q,Eva Dyrberg,R,175,DEN,22.048,105,345,200086,11,,Magdalena Maleeva,R,168,BUL,26.930,18,1240,6-2 6-3,3,R64,,,,,,,,,,,,,,,,,,,
2002-609,Indian Wells,Hard,96,T1,,20020306,38,200040,,,Anna Smashnova,R,157,ISR,25.638,57,622,200010,20,,Rita Grande,R,177,ITA,26.955,28,948,6-1 7-6(4),3,R64,,,,,,,,,,,,,,,,,,,
2002-609,Indian Wells,Hard,96,T1,,20020306,39,200036,32,,Nicole Pratt,R,163,AUS,29.003,38,835,200122,,,Tina Pisnik,R,172,SLO,21.041,51,643,2-6 6-4 6-3,3,R64,,,,,,,,,,,,,,,,,,,
2002-609,Indian Wells,Hard,96,T1,,20020306,40,200046,6,,Meghann Shaughnessy,R,180,USA,22.897,13,1695,201310,,,Martina Muller,R,165,GER,19.401,83,450,6-2 6-4,3,R64,,,,,,,,,,,,,,,,,,,
2002-609,Indian Wells,Hard,96,T1,,20020306,41,200003,3,,Justine Henin,R,167,BEL,19.762,7,2987,201297,,,Maja Matevzic,L,175,SLO,21.728,73,522,5-7 6-4 6-4,3,R64,,,,,,,,,,,,,,,,,,,
2002-609,Indian Wells,Hard,96,T1,,20020306,42,200727,30,,Adriana Serra Zanetti,R,160,ITA,26.002,43,763,200709,,,Rossana De Los Rios,R,170,PAR,26.470,52,636,6-3 6-3,3,R64,,,,,,,,,,,,,,,,,,,
2002-609,Indian Wells,Hard,96,T1,,20020306,43,201290,18,,Daniela Hantuchova,R,181,SVK,18.870,26,962,201284,,,Tatiana Poutchek,R,176,BLR,23.154,81,475,6-2 6-2,3,R64,,,,,,,,,,,,,,,,,,,
2002-609,Indian Wells,Hard,96,T1,,20020306,44,200032,16,,Barbara Schett,R,176,AUT,25.988,22,1085,201296,,,Bianka Lamade,R,184,GER,19.516,75,515,6-4 6-4,3,R64,,,,,,,,,,,,,,,,,,,
2002-609,Indian Wells,Hard,96,T1,,20020306,45,200020,12,,Lisa Raymond,R,165,USA,28.570,21,1114,200126,,,Marissa Irvin,R,170,USA,21.701,65,545,6-3 3-6 6-3,3,R64,,,,,,,,,,,,,,,,,,,
2002-609,Indian Wells,Hard,96,T1,,20020306,46,200063,24,,Tatiana Panova,R,154,RUS,25.561,31,925,200089,,,Miriam Oremans,R,169,NED,29.487,89,403,6-2 6-3,3,R64,,,,,,,,,,,,,,,,,,,
2002-609,Indian Wells,Hard,96,T1,,20020306,47,200124,26,,Anne Kremer,R,165,LUX,26.385,34,879,200015,,,Petra Mandula,R,178,HUN,24.132,49,668,4-6 6-3 6-3,3,R64,,,,,,,,,,,,,,,,,,,
2002-609,Indian Wells,Hard,96,T1,,20020306,48,200120,5,,Jelena Dokic,R,175,AUS,18.900,8,2974,200764,,,Elena Bovina,R,189,RUS,18.990,55,632,4-6 6-3 6-2,3,R64,,,,,,,,,,,,,,,,,,,
2002-609,Indian Wells,Hard,96,T1,,20020306,49,200700,7,,Silvia Farina Elia,R,172,ITA,29.857,12,1795,200103,,,Evie Dominikovic,R,173,AUS,21.769,107,340,6-4 3-6 6-4,3,R64,,,,,,,,,,,,,,,,,,,
2002-609,Indian Wells,Hard,96,T1,,20020306,50,200068,,,Lilia Osterloh,R,170,USA,23.913,56,628,200049,29,,Conchita Martinez,R,170,ESP,29.887,40,789,6-2 6-7(6) 7-5,3,R64,,,,,,,,,,,,,,,,,,,
2002-609,Indian Wells,Hard,96,T1,,20020306,51,201083,19,,Daja Bedanova,R,171,CZE,18.993,25,1015,201086,,Q,Greta Arn,R,180,HUN,22.897,100,364,6-4 7-5,3,R64,,,,,,,,,,,,,,,,,,,
2002-609,Indian Wells,Hard,96,T1,,20020306,52,200017,9,,Arantxa Sanchez Vicario,R,168,ESP,30.216,15,1548,200011,,WC,Katarina Srebotnik,R,180,SLO,20.983,60,597,6-4 4-6 6-1,3,R64,,,,,,,,,,,,,,,,,,,
2002-609,Indian Wells,Hard,96,T1,,20020306,53,201204,13,,Iroda Tulyaganova,R,170,UZB,20.159,19,1168,200056,,Q,Jelena Kostanic Tosic,L,168,CRO,20.666,91,398,6-3 6-3,3,R64,,,,,,,,,,,,,,,,,,,
2002-609,Indian Wells,Hard,96,T1,,20020306,54,200085,22,,Ai Sugiyama,R,163,JPN,26.670,29,941,201305,,,Eleni Daniilidou,R,182,GRE,19.461,61,579,6-4 3-6 6-1,3,R64,,,,,,,,,,,,,,,,,,,
2002-609,Indian Wells,Hard,96,T1,,20020306,55,201292,31,,Martina Sucha,R,170,SVK,21.290,41,774,200012,,,Jana Nejedly,R,175,CAN,27.740,102,359,6-3 6-0,3,R64,,,,,,,,,,,,,,,,,,,
2002-609,Indian Wells,Hard,96,T1,,20020306,56,200652,4,,Monica Seles,L,178,USA,28.258,9,2864,201345,,WC,Maria Sharapova,R,188,RUS,14.881,,,6-0 6-2,3,R64,,,,,,,,,,,,,,,,,,,
2002-609,Indian Wells,Hard,96,T1,,20020306,57,200108,8,,Elena Dementieva,R,180,RUS,20.389,14,1597,200041,,,Amy Frazier,R,175,USA,29.460,50,667,6-3 1-6 6-3,3,R64,,,,,,,,,,,,,,,,,,,
2002-609,Indian Wells,Hard,96,T1,,20020306,58,200083,25,,Alexandra Stevenson,R,185,USA,21.222,32,908,200050,,Q,Sandra Kleinova,R,177,CZE,23.828,135,236,6-2 6-2,3,R64,,,,,,,,,,,,,,,,,,,
2002-609,Indian Wells,Hard,96,T1,,20020306,59,200777,,,Marta Marrero,R,173,ESP,19.135,64,553,201212,17,,Francesca Schiavone,R,166,ITA,21.701,23,1046,6-4 6-3,3,R64,,,,,,,,,,,,,,,,,,,
2002-609,Indian Wells,Hard,96,T1,,20020306,60,200064,10,,Amanda Coetzer,R,158,RSA,30.372,17,1257,200043,,Q,Virginie Razzano,R,173,FRA,18.818,101,363,6-4 6-4,3,R64,,,,,,,,,,,,,,,,,,,
2002-609,Indian Wells,Hard,96,T1,,20020306,61,200009,14,,Tamarine Tanasugarn,R,165,THA,24.784,20,1153,200101,,,Jana Kandarr,R,181,GER,25.454,79,477,6-2 6-3,3,R64,,,,,,,,,,,,,,,,,,,
2002-609,Indian Wells,Hard,96,T1,,20020306,62,200072,,,Cara Black,R,167,ZIM,23.048,84,443,200066,23,,Cristina Torrens Valero,R,171,ESP,27.480,27,955,6-4 6-1,3,R64,,,,,,,,,,,,,,,,,,,
2002-609,Indian Wells,Hard,96,T1,,20020306,63,200048,27,,Elena Likhovtseva,R,174,RUS,26.492,42,768,200766,,,Jennifer Hopkins,R,170,USA,21.065,69,539,7-5 6-0,3,R64,,,,,,,,,,,,,,,,,,,
2002-609,Indian Wells,Hard,96,T1,,20020306,64,200001,2,,Martina Hingis,R,170,SUI,21.430,4,3663,200007,,Q,Silvija Talaja,R,173,CRO,24.140,85,438,6-0 6-1,3,R64,,,,,,,,,,,,,,,,,,,
2002-609,Indian Wells,Hard,96,T1,,20020306,65,200772,28,,Anastasia Myskina,R,174,RUS,20.660,39,790,200109,,,Nathalie Dechy,R,177,FRA,23.037,35,871,7-6(2) 7-5,3,R32,,,,,,,,,,,,,,,,,,,
2002-609,Indian Wells,Hard,96,T1,,20020306,66,200022,,,Emmanuelle Gagliardi,R,171,SUI,25.657,70,537,200697,,,Janette Husarova,R,169,SVK,27.754,47,705,6-2 6-0,3,R32,,,,,,,,,,,,,,,,,,,
2002-609,Indian Wells,Hard,96,T1,,20020306,67,200040,,,Anna Smashnova,R,157,ISR,25.638,57,622,201322,,Q,Eva Dyrberg,R,175,DEN,22.048,105,345,1-6 6-3 6-2,3,R32,,,,,,,,,,,,,,,,,,,
2002-609,Indian Wells,Hard,96,T1,,20020306,68,200046,6,,Meghann Shaughnessy,R,180,USA,22.897,13,1695,200036,32,,Nicole Pratt,R,163,AUS,29.003,38,835,6-4 6-1,3,R32,,,,,,,,,,,,,,,,,,,
2002-609,Indian Wells,Hard,96,T1,,20020306,69,200003,3,,Justine Henin,R,167,BEL,19.762,7,2987,200727,30,,Adriana Serra Zanetti,R,160,ITA,26.002,43,763,6-3 6-0,3,R32,,,,,,,,,,,,,,,,,,,
2002-609,Indian Wells,Hard,96,T1,,20020306,70,201290,18,,Daniela Hantuchova,R,181,SVK,18.870,26,962,200032,16,,Barbara Schett,R,176,AUT,25.988,22,1085,5-7 6-3 6-1,3,R32,,,,,,,,,,,,,,,,,,,
2002-609,Indian Wells,Hard,96,T1,,20020306,71,200020,12,,Lisa Raymond,R,165,USA,28.570,21,1114,200063,24,,Tatiana Panova,R,154,RUS,25.561,31,925,6-2 6-1,3,R32,,,,,,,,,,,,,,,,,,,
2002-609,Indian Wells,Hard,96,T1,,20020306,72,200124,26,,Anne Kremer,R,165,LUX,26.385,34,879,200120,5,,Jelena Dokic,R,175,AUS,18.900,8,2974,6-3 6-0,3,R32,,,,,,,,,,,,,,,,,,,
2002-609,Indian Wells,Hard,96,T1,,20020306,73,200700,7,,Silvia Farina Elia,R,172,ITA,29.857,12,1795,200068,,,Lilia Osterloh,R,170,USA,23.913,56,628,6-4 6-3,3,R32,,,,,,,,,,,,,,,,,,,
2002-609,Indian Wells,Hard,96,T1,,20020306,74,200017,9,,Arantxa Sanchez Vicario,R,168,ESP,30.216,15,1548,201083,19,,Daja Bedanova,R,171,CZE,18.993,25,1015,6-4 6-4,3,R32,,,,,,,,,,,,,,,,,,,
2002-609,Indian Wells,Hard,96,T1,,20020306,75,200085,22,,Ai Sugiyama,R,163,JPN,26.670,29,941,201204,13,,Iroda Tulyaganova,R,170,UZB,20.159,19,1168,6-2 6-3,3,R32,,,,,,,,,,,,,,,,,,,
2002-609,Indian Wells,Hard,96,T1,,20020306,76,200652,4,,Monica Seles,L,178,USA,28.258,9,2864,201292,31,,Martina Sucha,R,170,SVK,21.290,41,774,6-0 6-3,3,R32,,,,,,,,,,,,,,,,,,,
2002-609,Indian Wells,Hard,96,T1,,20020306,77,200083,25,,Alexandra Stevenson,R,185,USA,21.222,32,908,200108,8,,Elena Dementieva,R,180,RUS,20.389,14,1597,6-4 0-6 6-4,3,R32,,,,,,,,,,,,,,,,,,,
2002-609,Indian Wells,Hard,96,T1,,20020306,78,200064,10,,Amanda Coetzer,R,158,RSA,30.372,17,1257,200777,,,Marta Marrero,R,173,ESP,19.135,64,553,4-6 7-5 6-0,3,R32,,,,,,,,,,,,,,,,,,,
2002-609,Indian Wells,Hard,96,T1,,20020306,79,200072,,,Cara Black,R,167,ZIM,23.048,84,443,200009,14,,Tamarine Tanasugarn,R,165,THA,24.784,20,1153,3-6 7-5 6-1,3,R32,,,,,,,,,,,,,,,,,,,
2002-609,Indian Wells,Hard,96,T1,,20020306,80,200001,2,,Martina Hingis,R,170,SUI,21.430,4,3663,200048,27,,Elena Likhovtseva,R,174,RUS,26.492,42,768,6-3 6-3,3,R32,,,,,,,,,,,,,,,,,,,
2002-609,Indian Wells,Hard,96,T1,,20020306,81,200022,,,Emmanuelle Gagliardi,R,171,SUI,25.657,70,537,200772,28,,Anastasia Myskina,R,174,RUS,20.660,39,790,1-6 7-6(4) 7-6(5),3,R16,,,,,,,,,,,,,,,,,,,
2002-609,Indian Wells,Hard,96,T1,,20020306,82,200040,,,Anna Smashnova,R,157,ISR,25.638,57,622,200046,6,,Meghann Shaughnessy,R,180,USA,22.897,13,1695,4-6 6-3 6-1,3,R16,,,,,,,,,,,,,,,,,,,
2002-609,Indian Wells,Hard,96,T1,,20020306,83,201290,18,,Daniela Hantuchova,R,181,SVK,18.870,26,962,200003,3,,Justine Henin,R,167,BEL,19.762,7,2987,6-3 6-3,3,R16,,,,,,,,,,,,,,,,,,,
2002-609,Indian Wells,Hard,96,T1,,20020306,84,200020,12,,Lisa Raymond,R,165,USA,28.570,21,1114,200124,26,,Anne Kremer,R,165,LUX,26.385,34,879,6-2 6-3,3,R16,,,,,,,,,,,,,,,,,,,
2002-609,Indian Wells,Hard,96,T1,,20020306,85,200017,9,,Arantxa Sanchez Vicario,R,168,ESP,30.216,15,1548,200700,7,,Silvia Farina Elia,R,172,ITA,29.857,12,1795,6-4 7-6(4),3,R16,,,,,,,,,,,,,,,,,,,
2002-609,Indian Wells,Hard,96,T1,,20020306,86,200652,4,,Monica Seles,L,178,USA,28.258,9,2864,200085,22,,Ai Sugiyama,R,163,JPN,26.670,29,941,6-0 6-1,3,R16,,,,,,,,,,,,,,,,,,,
2002-609,Indian Wells,Hard,96,T1,,20020306,87,200064,10,,Amanda Coetzer,R,158,RSA,30.372,17,1257,200083,25,,Alexandra Stevenson,R,185,USA,21.222,32,908,6-1 5-7 7-5,3,R16,,,,,,,,,,,,,,,,,,,
2002-609,Indian Wells,Hard,96,T1,,20020306,88,200001,2,,Martina Hingis,R,170,SUI,21.430,4,3663,200072,,,Cara Black,R,167,ZIM,23.048,84,443,6-0 6-3,3,R16,,,,,,,,,,,,,,,,,,,
2002-609,Indian Wells,Hard,96,T1,,20020306,89,200022,,,Emmanuelle Gagliardi,R,171,SUI,25.657,70,537,200040,,,Anna Smashnova,R,157,ISR,25.638,57,622,6-2 6-1,3,QF,,,,,,,,,,,,,,,,,,,
2002-609,Indian Wells,Hard,96,T1,,20020306,90,201290,18,,Daniela Hantuchova,R,181,SVK,18.870,26,962,200020,12,,Lisa Raymond,R,165,USA,28.570,21,1114,6-4 6-2,3,QF,,,,,,,,,,,,,,,,,,,
2002-609,Indian Wells,Hard,96,T1,,20020306,91,200652,4,,Monica Seles,L,178,USA,28.258,9,2864,200017,9,,Arantxa Sanchez Vicario,R,168,ESP,30.216,15,1548,6-3 3-6 6-3,3,QF,,,,,,,,,,,,,,,,,,,
2002-609,Indian Wells,Hard,96,T1,,20020306,92,200001,2,,Martina Hingis,R,170,SUI,21.430,4,3663,200064,10,,Amanda Coetzer,R,158,RSA,30.372,17,1257,6-1 6-2,3,QF,,,,,,,,,,,,,,,,,,,
2002-609,Indian Wells,Hard,96,T1,,20020306,93,201290,18,,Daniela Hantuchova,R,181,SVK,18.870,26,962,200022,,,Emmanuelle Gagliardi,R,171,SUI,25.657,70,537,4-6 6-0 6-4,3,SF,,,,,,,,,,,,,,,,,,,
2002-609,Indian Wells,Hard,96,T1,,20020306,94,200001,2,,Martina Hingis,R,170,SUI,21.430,4,3663,200652,4,,Monica Seles,L,178,USA,28.258,9,2864,6-3 6-2,3,SF,,,,,,,,,,,,,,,,,,,
2002-609,Indian Wells,Hard,96,T1,,20020306,95,201290,18,,Daniela Hantuchova,R,181,SVK,18.870,26,962,200001,2,,Martina Hingis,R,170,SUI,21.430,4,3663,6-3 6-4,3,F,,,,,,,,,,,,,,,,,,,
2002-D010,Fed Cup G1 RRA: INA vs NZL,Hard,4,D,,20020307,1,201327,,,Angelique Widjaja,R,173,INA,17.232,127,249,202317,,,Ilke Gers,R,,NZL,20.362,393,37,6-4 6-1,3,RR,,,,,,,,,,,,,,,,,,,
2002-D010,Fed Cup G1 RRA: INA vs NZL,Hard,4,D,,20020307,2,201295,,,Wynne Prakusya,R,160,INA,20.863,99,367,202276,,,Shelley Stephens,R,,NZL,23.606,276,73,6-4 6-4,3,RR,,,,,,,,,,,,,,,,,,,
2002-D018,Fed Cup G1 RRA: TPE vs KOR,Hard,4,D,,20020307,1,201341,,,Mi Ra Jeon,,174,KOR,24.080,244,99,204978,,,Hsiao Han Chao,R,,TPE,18.040,,,7-6(4) 6-1,3,RR,,,,,,,,,,,,,,,,,,,
2002-D018,Fed Cup G1 RRA: TPE vs KOR,Hard,4,D,,20020307,2,201313,,,Yoon Jeong Cho,R,167,KOR,22.930,114,302,200091,,,Janet Lee,R,175,TPE,25.372,108,339,6-2 6-2,3,RR,,,,,,,,,,,,,,,,,,,
2002-D019,Fed Cup G1 RRB: JPN vs HKG,Hard,4,D,,20020307,1,200713,,,Yuka Yoshida,R,161,JPN,25.931,333,51,212143,,,Wing Shan Cheung,,,HKG,15.603,,,6-1 6-0,3,RR,,,,,,,,,,,,,,,,,,,
2002-D019,Fed Cup G1 RRB: JPN vs HKG,Hard,4,D,,20020307,2,201429,,,Rika Fujiwara,R,155,JPN,20.463,118,276,203235,,,Po Kuen Lam,,,HKG,19.880,,,6-0 6-1,3,RR,,,,,,,,,,,,,,,,,,,
2002-D028,Fed Cup G1 RRB: PHI vs THA,Hard,4,D,,20020307,1,207251,,,Pichaya Laosirichon,R,,THA,16.430,,,207551,,,Anna Patricia Santos,,,PHI,22.166,,,6-2 6-1,3,RR,,,,,,,,,,,,,,,,,,,
2002-D028,Fed Cup G1 RRB: PHI vs THA,Hard,4,D,,20020307,2,202321,,,Napaporn Tongsalee,R,,THA,22.377,,,204690,,,Czarina Mae Arevalo,R,,PHI,16.813,,,4-6 6-2 6-4,3,RR,,,,,,,,,,,,,,,,,,,
2002-D033,Fed Cup G1 RRB: CHN vs UZB,Hard,4,D,,20020307,1,201405,,,Nan Nan Liu,,176,CHN,18.716,242,99,202217,,,Kamila Dadakhodjaeva,R,,UZB,18.418,,,6-2 6-3,3,RR,,,,,,,,,,,,,,,,,,,
2002-D033,Fed Cup G1 RRB: CHN vs UZB,Hard,4,D,,20020307,2,201419,,,Na Li,R,172,CHN,20.025,201,142,202281,,,Ivanna Israilova,R,,RUS,16.085,,,6-1 6-4,3,RR,,,,,,,,,,,,,,,,,,,
2002-D037,Fed Cup G2 RR: KAZ vs SYR,Hard,4,D,,20020307,1,212087,,,Valeria Khazova,,,KAZ,20.934,,,212097,,,Shaza Tinawi,,,SYR,21.098,,,6-1 6-1,3,RR,,,,,,,,,,,,,,,,,,,
2002-D037,Fed Cup G2 RR: KAZ vs SYR,Hard,4,D,,20020307,2,212144,,,Alissa Velts,,,KAZ,21.120,,,209992,,,Lara Alsamman,,,SYR,14.900,,,6-0 6-0,3,RR,,,,,,,,,,,,,,,,,,,
2002-D038,Fed Cup G2 RR: MAS vs POC,Hard,4,D,,20020307,1,212095,,,Chen Yee Liaw,,,MAS,16.072,,,212145,,,Gurianna Korinihona,R,,POC,17.336,,,6-2 1-6 8-6,3,RR,,,,,,,,,,,,,,,,,,,
2002-D038,Fed Cup G2 RR: MAS vs POC,Hard,4,D,,20020307,2,202073,,,Chin Bee Khoo,,,MAS,24.841,,,212085,,,Davilyn Godinet,,,POC,18.741,,,6-2 6-0,3,RR,,,,,,,,,,,,,,,,,,,
2002-D012,Fed Cup G1 RRA: INA vs KOR,Hard,4,D,,20020308,1,201327,,,Angelique Widjaja,R,173,INA,17.235,127,249,203110,,,Mi Ok Kim,R,,KOR,23.434,,,6-2 6-2,3,RR,,,,,,,,,,,,,,,,,,,
2002-D012,Fed Cup G1 RRA: INA vs KOR,Hard,4,D,,20020308,2,201295,,,Wynne Prakusya,R,160,INA,20.866,99,367,202984,,,Yang Jin Chung,R,,KOR,23.335,568,19,6-4 6-2,3,RR,,,,,,,,,,,,,,,,,,,
2002-D014,Fed Cup G1 RRA: IND vs TPE,Hard,4,D,,20020308,1,202359,,,Chin Wei Chan,R,169,TPE,17.161,,,204728,,,Sonal Phadke,R,,IND,19.746,,,6-2 6-0,3,RR,,,,,,,,,,,,,,,,,,,
2002-D014,Fed Cup G1 RRA: IND vs TPE,Hard,4,D,,20020308,2,200091,,,Janet Lee,R,175,TPE,25.375,108,339,202305,,,Manisha Malhotra,R,,IND,25.465,334,51,6-4 6-4,3,RR,,,,,,,,,,,,,,,,,,,
2002-D023,Fed Cup G1 RRB: CHN vs JPN,Hard,4,D,,20020308,1,201386,,,Jie Zheng,R,164,CHN,18.675,372,42,201429,,,Rika Fujiwara,R,155,JPN,20.466,118,276,5-7 7-6(4) 6-1,3,RR,,,,,,,,,,,,,,,,,,,
2002-D023,Fed Cup G1 RRB: CHN vs JPN,Hard,4,D,,20020308,2,201405,,,Nan Nan Liu,,176,CHN,18.719,242,99,201323,,,Saori Obata,L,165,JPN,23.875,106,340,6-4 6-2,3,RR,,,,,,,,,,,,,,,,,,,
2002-D024,Fed Cup G1 RRB: HKG vs PHI,Hard,4,D,,20020308,1,203235,,,Po Kuen Lam,,,HKG,19.883,,,207551,,,Anna Patricia Santos,,,PHI,22.169,,,6-2 6-1,3,RR,,,,,,,,,,,,,,,,,,,
2002-D024,Fed Cup G1 RRB: HKG vs PHI,Hard,4,D,,20020308,2,202774,,,Ka Po Tong,,,HKG,20.975,257,87,204690,,,Czarina Mae Arevalo,R,,PHI,16.816,,,6-2 6-0,3,RR,,,,,,,,,,,,,,,,,,,
2002-D031,Fed Cup G1 RRB: THA vs UZB,Hard,4,D,,20020308,1,201454,,,Akgul Amanmuradova,R,190,UZB,17.706,,,207251,,,Pichaya Laosirichon,R,,THA,16.433,,,6-0 6-2,3,RR,,,,,,,,,,,,,,,,,,,
2002-D031,Fed Cup G1 RRB: THA vs UZB,Hard,4,D,,20020308,2,202321,,,Napaporn Tongsalee,R,,THA,22.380,,,202281,,,Ivanna Israilova,R,,RUS,16.088,,,6-1 6-7(1) 6-4,3,RR,,,,,,,,,,,,,,,,,,,
2002-D034,Fed Cup G2 RR: KAZ vs MAS,Hard,4,D,,20020308,1,212144,,,Alissa Velts,,,KAZ,21.123,,,212095,,,Chen Yee Liaw,,,MAS,16.074,,,7-6(5) 6-0,3,RR,,,,,,,,,,,,,,,,,,,
2002-D034,Fed Cup G2 RR: KAZ vs MAS,Hard,4,D,,20020308,2,202073,,,Chin Bee Khoo,,,MAS,24.844,,,212086,,,Olga Dzuba,,,KAZ,18.889,,,6-1 6-2,3,RR,,,,,,,,,,,,,,,,,,,
2002-D041,Fed Cup G2 RR: POC vs SIN,Hard,4,D,,20020308,1,212145,,,Gurianna Korinihona,R,,POC,17.339,,,212099,,,Sonya Kumar,,,SGP,16.154,,,6-3 6-2,3,RR,,,,,,,,,,,,,,,,,,,
2002-D041,Fed Cup G2 RR: POC vs SIN,Hard,4,D,,20020308,2,212085,,,Davilyn Godinet,,,POC,18.744,,,202047,,,Agustine Limanto,,,INA,23.593,,,6-4 6-1,3,RR,,,,,,,,,,,,,,,,,,,
2002-D044,Fed Cup G1 PO: KOR vs JPN,Hard,4,D,,20020309,1,201429,,,Rika Fujiwara,R,155,JPN,20.469,118,276,201341,,,Mi Ra Jeon,,174,KOR,24.085,244,99,6-4 6-2,3,RR,,,,,,,,,,,,,,,,,,,
2002-D044,Fed Cup G1 PO: KOR vs JPN,Hard,4,D,,20020309,2,201323,,,Saori Obata,L,165,JPN,23.877,106,340,201313,,,Yoon Jeong Cho,R,167,KOR,22.935,114,302,6-4 5-7 6-2,3,RR,,,,,,,,,,,,,,,,,,,
2002-D045,Fed Cup G1 PO: CHN vs INA,Hard,4,D,,20020309,1,201386,,,Jie Zheng,R,164,CHN,18.678,372,42,201327,,,Angelique Widjaja,R,173,INA,17.238,127,249,6-4 6-2,3,RR,,,,,,,,,,,,,,,,,,,
2002-D045,Fed Cup G1 PO: CHN vs INA,Hard,4,D,,20020309,2,201419,,,Na Li,R,172,CHN,20.031,201,142,201295,,,Wynne Prakusya,R,160,INA,20.868,99,367,4-6 6-0 6-2,3,RR,,,,,,,,,,,,,,,,,,,
2002-902,Miami,Hard,96,T1,,20020318,1,201305,,,Eleni Daniilidou,R,182,GRE,19.494,61,596,200113,,WC,Anna Kournikova,R,173,RUS,20.778,65,543,7-5 6-3,3,R128,,,,,,,,,,,,,,,,,,,
2002-902,Miami,Hard,96,T1,,20020318,2,200107,,,Paola Suarez,R,170,ARG,25.734,58,609,200089,,LL,Miriam Oremans,R,169,NED,29.520,88,419,5-7 6-4 6-2,3,R128,,,,,,,,,,,,,,,,,,,
2002-902,Miami,Hard,96,T1,,20020318,3,200122,,,Tina Pisnik,R,172,SLO,21.074,54,642,200088,,,Adriana Gersi,R,166,CZE,25.725,102,367,6-1 6-3,3,R128,,,,,,,,,,,,,,,,,,,
2002-902,Miami,Hard,96,T1,,20020318,4,200072,,,Cara Black,R,167,ZIM,23.081,75,500,201297,,,Maja Matevzic,L,175,SLO,21.761,74,510,6-0 6-4,3,R128,,,,,,,,,,,,,,,,,,,
2002-902,Miami,Hard,96,T1,,20020318,5,200048,,,Elena Likhovtseva,R,174,RUS,26.525,41,803,200060,,,Tathiana Garbin,R,172,ITA,24.715,80,477,6-4 6-1,3,R128,,,,,,,,,,,,,,,,,,,
2002-902,Miami,Hard,96,T1,,20020318,6,200777,,,Marta Marrero,R,173,ESP,19.168,59,606,201209,,Q,Selima Sfar,R,166,TUN,24.693,109,327,6-2 6-2,3,R128,,,,,,,,,,,,,,,,,,,
2002-902,Miami,Hard,96,T1,,20020318,7,200749,,WC,Samantha Reeves,R,173,USA,23.165,98,387,200007,,LL,Silvija Talaja,R,173,CRO,24.173,82,474,3-6 6-2 6-2,3,R128,,,,,,,,,,,,,,,,,,,
2002-902,Miami,Hard,96,T1,,20020318,8,200049,,WC,Conchita Martinez,R,170,ESP,29.920,43,789,200766,,,Jennifer Hopkins,R,170,USA,21.098,66,542,7-5 6-2,3,R128,,,,,,,,,,,,,,,,,,,
2002-902,Miami,Hard,96,T1,,20020318,9,200068,,,Lilia Osterloh,R,170,USA,23.946,53,651,200118,,,Virginia Ruano Pascual,R,169,ESP,28.488,64,544,5-7 7-5 6-3,3,R128,,,,,,,,,,,,,,,,,,,
2002-902,Miami,Hard,96,T1,,20020318,10,200011,,WC,Katarina Srebotnik,R,180,SLO,21.016,56,616,200002,,WC,Mirjana Lucic,R,181,CRO,20.025,192,146,6-2 6-4,3,R128,,,,,,,,,,,,,,,,,,,
2002-902,Miami,Hard,96,T1,,20020318,11,200126,,,Marissa Irvin,R,170,USA,21.734,63,562,200764,,,Elena Bovina,R,189,RUS,19.023,71,522,6-2 7-6(1),3,R128,,,,,,,,,,,,,,,,,,,
2002-902,Miami,Hard,96,T1,,20020318,12,201086,,Q,Greta Arn,R,180,HUN,22.930,94,398,200041,,,Amy Frazier,R,175,USA,29.493,52,684,6-4 6-2,3,R128,,,,,,,,,,,,,,,,,,,
2002-902,Miami,Hard,96,T1,,20020318,13,200774,,Q,Vanessa Webb,L,180,CAN,26.147,184,160,200027,,,Magui Serna,L,167,ESP,23.048,38,832,6-3 6-2,3,R128,,,,,,,,,,,,,,,,,,,
2002-902,Miami,Hard,96,T1,,20020318,14,200723,,,Iva Majoli,R,175,CRO,24.597,57,613,201329,,Q,Vera Zvonareva,R,172,RUS,17.525,327,55,2-6 6-2 7-5,3,R128,,,,,,,,,,,,,,,,,,,
2002-902,Miami,Hard,96,T1,,20020318,15,200103,,Q,Evie Dominikovic,R,173,AUS,21.802,116,282,200105,,,Rachel Mcquillan,,170,AUS,30.292,137,229,6-3 6-4,3,R128,,,,,,,,,,,,,,,,,,,
2002-902,Miami,Hard,96,T1,,20020318,16,201284,,,Tatiana Poutchek,R,176,BLR,23.187,84,467,200031,,,Meilen Tu,R,163,USA,24.165,60,605,6-4 6-7(6) 7-5,3,R128,,,,,,,,,,,,,,,,,,,
2002-902,Miami,Hard,96,T1,,20020318,17,200091,,Q,Janet Lee,R,175,TPE,25.402,108,332,200709,,,Rossana De Los Rios,R,170,PAR,26.503,55,637,6-3 2-6 7-6(1),3,R128,,,,,,,,,,,,,,,,,,,
2002-902,Miami,Hard,96,T1,,20020318,18,200123,,,Marlene Weingartner,R,174,GER,22.131,45,753,200062,,,Kristina Brandi,R,168,PUR,24.970,85,458,6-1 6-1,3,R128,,,,,,,,,,,,,,,,,,,
2002-902,Miami,Hard,96,T1,,20020318,19,201309,,Q,Tatiana Perebiynis,R,173,UKR,19.256,122,261,200008,,,Alicia Molik,R,182,AUS,21.137,49,710,6-1 6-4,3,R128,,,,,,,,,,,,,,,,,,,
2002-902,Miami,Hard,96,T1,,20020318,20,201363,,WC,Gisela Dulko,R,170,ARG,17.128,211,124,201312,,WC,Sarah Taylor,R,,USA,20.362,118,276,4-1 RET,3,R128,,,,,,,,,,,,,,,,,,,
2002-902,Miami,Hard,96,T1,,20020318,21,200022,,,Emmanuelle Gagliardi,R,171,SUI,25.690,46,736,200101,,,Jana Kandarr,R,181,GER,25.487,77,480,6-0 6-3,3,R128,,,,,,,,,,,,,,,,,,,
2002-902,Miami,Hard,96,T1,,20020318,22,200061,,,Gala Leon Garcia,L,163,ESP,28.233,47,716,200084,,,Asa Carlsson,R,178,SWE,26.755,79,477,6-3 6-7(0) 6-2,3,R128,,,,,,,,,,,,,,,,,,,
2002-902,Miami,Hard,96,T1,,20020318,23,200115,,,Brie Rippner,R,175,USA,22.155,305,62,200015,,,Petra Mandula,R,178,HUN,24.165,51,684,7-6(0) 6-3,3,R128,,,,,,,,,,,,,,,,,,,
2002-902,Miami,Hard,96,T1,,20020318,24,200094,,,Barbara Rittner,R,173,GER,28.896,72,520,201087,,Q,Mashona Washington,R,168,USA,25.797,114,289,6-1 6-2,3,R128,,,,,,,,,,,,,,,,,,,
2002-902,Miami,Hard,96,T1,,20020318,25,200055,,,Mariana Diaz Oliva,R,172,ARG,26.018,81,477,200110,,,Fabiola Zuluaga,R,172,COL,23.193,140,223,7-6(4) 6-7(5) 6-4,3,R128,,,,,,,,,,,,,,,,,,,
2002-902,Miami,Hard,96,T1,,20020318,26,201322,,Q,Eva Dyrberg,R,175,DEN,22.081,90,409,200036,,,Nicole Pratt,R,163,AUS,29.036,37,848,6-2 6-3,3,R128,,,,,,,,,,,,,,,,,,,
2002-902,Miami,Hard,96,T1,,20020318,27,201310,,,Martina Muller,R,165,GER,19.434,83,468,201315,,WC,Ashley Harkleroad,R,165,USA,16.876,252,91,6-4 6-4,3,R128,,,,,,,,,,,,,,,,,,,
2002-902,Miami,Hard,96,T1,,20020318,28,200117,,Q,Kveta Peschke,R,165,CZE,26.692,91,404,202264,,WC,Cory Ann Avants,R,,USA,17.150,335,51,6-1 6-1,3,R128,,,,,,,,,,,,,,,,,,,
2002-902,Miami,Hard,96,T1,,20020318,29,201295,,Q,Wynne Prakusya,R,160,INA,20.893,103,367,201292,,,Martina Sucha,R,170,SVK,21.323,39,805,7-5 7-5,3,R128,,,,,,,,,,,,,,,,,,,
2002-902,Miami,Hard,96,T1,,20020318,30,201306,,,Marie Gaiane Mikaelian,R,172,SUI,18.040,73,517,200697,,,Janette Husarova,R,169,SVK,27.787,48,714,6-4 7-5,3,R128,,,,,,,,,,,,,,,,,,,
2002-902,Miami,Hard,96,T1,,20020318,31,200040,,,Anna Smashnova,R,157,ISR,25.671,44,757,201296,,,Bianka Lamade,R,184,GER,19.549,69,538,6-4 6-1,3,R128,,,,,,,,,,,,,,,,,,,
2002-902,Miami,Hard,96,T1,,20020318,32,200773,,Q,Stephanie Foretz Gacon,R,166,FRA,20.874,111,316,200727,,,Adriana Serra Zanetti,R,160,ITA,26.035,42,797,6-4 6-3,3,R128,,,,,,,,,,,,,,,,,,,
2002-902,Miami,Hard,96,T1,,20020318,33,200077,1,,Jennifer Capriati,R,170,USA,25.969,1,4767,201305,,,Eleni Daniilidou,R,182,GRE,19.494,61,596,6-0 6-3,3,R64,,,,,,,,,,,,,,,,,,,
2002-902,Miami,Hard,96,T1,,20020318,34,200772,32,,Anastasia Myskina,R,174,RUS,20.693,36,850,201086,,Q,Greta Arn,R,180,HUN,22.930,94,398,3-6 6-2 6-2,3,R64,,,,,,,,,,,,,,,,,,,
2002-902,Miami,Hard,96,T1,,20020318,35,200085,24,,Ai Sugiyama,R,163,JPN,26.703,28,969,200115,,,Brie Rippner,R,175,USA,22.155,305,62,6-3 7-5,3,R64,,,,,,,,,,,,,,,,,,,
2002-902,Miami,Hard,96,T1,,20020318,36,201204,15,,Iroda Tulyaganova,R,170,UZB,20.192,19,1199,201310,,,Martina Muller,R,165,GER,19.434,83,468,6-3 6-2,3,R64,,,,,,,,,,,,,,,,,,,
2002-902,Miami,Hard,96,T1,,20020318,37,200017,11,,Arantxa Sanchez Vicario,R,168,ESP,30.248,14,1665,200117,,Q,Kveta Peschke,R,165,CZE,26.692,91,404,6-4 6-3,3,R64,,,,,,,,,,,,,,,,,,,
2002-902,Miami,Hard,96,T1,,20020318,38,200020,17,,Lisa Raymond,R,165,USA,28.603,21,1164,201295,,Q,Wynne Prakusya,R,160,INA,20.893,103,367,6-2 6-4,3,R64,,,,,,,,,,,,,,,,,,,
2002-902,Miami,Hard,96,T1,,20020318,39,200063,28,,Tatiana Panova,R,154,RUS,25.594,32,933,201306,,,Marie Gaiane Mikaelian,R,172,SUI,18.040,73,517,2-6 6-1 7-5,3,R64,,,,,,,,,,,,,,,,,,,
2002-902,Miami,Hard,96,T1,,20020318,40,200040,,,Anna Smashnova,R,157,ISR,25.671,44,757,200003,6,,Justine Henin,R,167,BEL,19.795,7,2991,6-7(6) 6-3 6-4,3,R64,,,,,,,,,,,,,,,,,,,
2002-902,Miami,Hard,96,T1,,20020318,41,200079,4,,Kim Clijsters,R,175,BEL,18.777,5,3375,200773,,Q,Stephanie Foretz Gacon,R,166,FRA,20.874,111,316,6-2 6-3,3,R64,,,,,,,,,,,,,,,,,,,
2002-902,Miami,Hard,96,T1,,20020318,42,200107,,,Paola Suarez,R,170,ARG,25.734,58,609,200010,25,,Rita Grande,R,177,ITA,26.988,29,948,6-3 6-3,3,R64,,,,,,,,,,,,,,,,,,,
2002-902,Miami,Hard,96,T1,,20020318,43,200122,,,Tina Pisnik,R,172,SLO,21.074,54,642,201212,22,,Francesca Schiavone,R,166,ITA,21.734,26,1015,6-4 6-1,3,R64,,,,,,,,,,,,,,,,,,,
2002-902,Miami,Hard,96,T1,,20020318,44,200072,,,Cara Black,R,167,ZIM,23.081,75,500,201290,13,,Daniela Hantuchova,R,181,SVK,18.903,17,1428,4-6 6-4 6-2,3,R64,,,,,,,,,,,,,,,,,,,
2002-902,Miami,Hard,96,T1,,20020318,45,200700,9,,Silvia Farina Elia,R,172,ITA,29.890,12,1748,200048,,,Elena Likhovtseva,R,174,RUS,26.525,41,803,6-1 6-4,3,R64,,,,,,,,,,,,,,,,,,,
2002-902,Miami,Hard,96,T1,,20020318,46,200009,18,,Tamarine Tanasugarn,R,165,THA,24.816,22,1159,200777,,,Marta Marrero,R,173,ESP,19.168,59,606,6-4 6-1,3,R64,,,,,,,,,,,,,,,,,,,
2002-902,Miami,Hard,96,T1,,20020318,47,200749,,WC,Samantha Reeves,R,173,USA,23.165,98,387,200067,30,,Patty Schnyder,L,168,SUI,23.259,34,897,6-4 6-0,3,R64,,,,,,,,,,,,,,,,,,,
2002-902,Miami,Hard,96,T1,,20020318,48,200652,5,,Monica Seles,L,178,USA,28.291,6,3069,200049,,WC,Conchita Martinez,R,170,ESP,29.920,43,789,5-7 6-4 6-3,3,R64,,,,,,,,,,,,,,,,,,,
2002-902,Miami,Hard,96,T1,,20020318,49,200033,8,,Serena Williams,R,175,USA,20.474,9,2793,200068,,,Lilia Osterloh,R,170,USA,23.946,53,651,7-5 6-1,3,R64,,,,,,,,,,,,,,,,,,,
2002-902,Miami,Hard,96,T1,,20020318,50,200011,,WC,Katarina Srebotnik,R,180,SLO,21.016,56,616,200066,29,,Cristina Torrens Valero,R,171,ESP,27.513,33,900,7-5 6-4,3,R64,,,,,,,,,,,,,,,,,,,
2002-902,Miami,Hard,96,T1,,20020318,51,200126,,,Marissa Irvin,R,170,USA,21.734,63,562,201083,20,,Daja Bedanova,R,171,CZE,19.026,24,1046,7-6(5) 6-2,3,R64,,,,,,,,,,,,,,,,,,,
2002-902,Miami,Hard,96,T1,,20020318,52,200046,10,,Meghann Shaughnessy,R,180,USA,22.930,13,1724,200774,,Q,Vanessa Webb,L,180,CAN,26.147,184,160,6-4 6-4,3,R64,,,,,,,,,,,,,,,,,,,
2002-902,Miami,Hard,96,T1,,20020318,53,200086,16,,Magdalena Maleeva,R,168,BUL,26.963,20,1186,200723,,,Iva Majoli,R,175,CRO,24.597,57,613,6-1 5-7 6-0,3,R64,,,,,,,,,,,,,,,,,,,
2002-902,Miami,Hard,96,T1,,20020318,54,200083,23,,Alexandra Stevenson,R,185,USA,21.254,27,988,200103,,Q,Evie Dominikovic,R,173,AUS,21.802,116,282,6-3 6-2,3,R64,,,,,,,,,,,,,,,,,,,
2002-902,Miami,Hard,96,T1,,20020318,55,201284,,,Tatiana Poutchek,R,176,BLR,23.187,84,467,200109,31,,Nathalie Dechy,R,177,FRA,23.070,35,890,6-3 0-6 6-0,3,R64,,,,,,,,,,,,,,,,,,,
2002-902,Miami,Hard,96,T1,,20020318,56,200001,3,,Martina Hingis,R,170,SUI,21.462,3,3811,200091,,Q,Janet Lee,R,175,TPE,25.402,108,332,6-1 6-0,3,R64,,,,,,,,,,,,,,,,,,,
2002-902,Miami,Hard,96,T1,,20020318,57,200120,7,,Jelena Dokic,R,175,AUS,18.933,8,2974,200123,,,Marlene Weingartner,R,174,GER,22.131,45,753,6-3 6-2,3,R64,,,,,,,,,,,,,,,,,,,
2002-902,Miami,Hard,96,T1,,20020318,58,200124,26,,Anne Kremer,R,165,LUX,26.418,30,947,201309,,Q,Tatiana Perebiynis,R,173,UKR,19.256,122,261,3-6 6-2 7-5,3,R64,,,,,,,,,,,,,,,,,,,
2002-902,Miami,Hard,96,T1,,20020318,59,200032,19,,Barbara Schett,R,176,AUT,26.021,23,1058,201363,,WC,Gisela Dulko,R,170,ARG,17.128,211,124,6-1 6-2,3,R64,,,,,,,,,,,,,,,,,,,
2002-902,Miami,Hard,96,T1,,20020318,60,200108,12,,Elena Dementieva,R,180,RUS,20.422,15,1537,200022,,,Emmanuelle Gagliardi,R,171,SUI,25.690,46,736,6-0 6-4,3,R64,,,,,,,,,,,,,,,,,,,
2002-902,Miami,Hard,96,T1,,20020318,61,200064,14,,Amanda Coetzer,R,158,RSA,30.404,18,1363,200061,,,Gala Leon Garcia,L,163,ESP,28.233,47,716,6-3 6-4,3,R64,,,,,,,,,,,,,,,,,,,
2002-902,Miami,Hard,96,T1,,20020318,62,200094,,,Barbara Rittner,R,173,GER,28.896,72,520,200106,21,,Angeles Montolio,R,157,ESP,26.615,25,1018,6-7(4) 6-2 7-6(4),3,R64,,,,,,,,,,,,,,,,,,,
2002-902,Miami,Hard,96,T1,,20020318,63,200055,,,Mariana Diaz Oliva,R,172,ARG,26.018,81,477,200098,27,,Henrieta Nagyova,R,177,SVK,23.256,31,936,6-3 6-3,3,R64,,,,,,,,,,,,,,,,,,,
2002-902,Miami,Hard,96,T1,,20020318,64,200748,2,,Venus Williams,R,185,USA,21.750,2,4616,201322,,Q,Eva Dyrberg,R,175,DEN,22.081,90,409,4-6 6-2 6-1,3,R64,,,,,,,,,,,,,,,,,,,
2002-902,Miami,Hard,96,T1,,20020318,65,200077,1,,Jennifer Capriati,R,170,USA,25.969,1,4767,200772,32,,Anastasia Myskina,R,174,RUS,20.693,36,850,3-6 7-5 6-2,3,R32,,,,,,,,,,,,,,,,,,,
2002-902,Miami,Hard,96,T1,,20020318,66,201204,15,,Iroda Tulyaganova,R,170,UZB,20.192,19,1199,200085,24,,Ai Sugiyama,R,163,JPN,26.703,28,969,3-6 6-4 7-5,3,R32,,,,,,,,,,,,,,,,,,,
2002-902,Miami,Hard,96,T1,,20020318,67,200017,11,,Arantxa Sanchez Vicario,R,168,ESP,30.248,14,1665,200020,17,,Lisa Raymond,R,165,USA,28.603,21,1164,6-2 7-6(2),3,R32,,,,,,,,,,,,,,,,,,,
2002-902,Miami,Hard,96,T1,,20020318,68,200063,28,,Tatiana Panova,R,154,RUS,25.594,32,933,200040,,,Anna Smashnova,R,157,ISR,25.671,44,757,2-6 7-5 6-1,3,R32,,,,,,,,,,,,,,,,,,,
2002-902,Miami,Hard,96,T1,,20020318,69,200079,4,,Kim Clijsters,R,175,BEL,18.777,5,3375,200107,,,Paola Suarez,R,170,ARG,25.734,58,609,6-4 6-4,3,R32,,,,,,,,,,,,,,,,,,,
2002-902,Miami,Hard,96,T1,,20020318,70,200072,,,Cara Black,R,167,ZIM,23.081,75,500,200122,,,Tina Pisnik,R,172,SLO,21.074,54,642,6-4 7-5,3,R32,,,,,,,,,,,,,,,,,,,
2002-902,Miami,Hard,96,T1,,20020318,71,200700,9,,Silvia Farina Elia,R,172,ITA,29.890,12,1748,200009,18,,Tamarine Tanasugarn,R,165,THA,24.816,22,1159,6-3 6-2,3,R32,,,,,,,,,,,,,,,,,,,
2002-902,Miami,Hard,96,T1,,20020318,72,200652,5,,Monica Seles,L,178,USA,28.291,6,3069,200749,,WC,Samantha Reeves,R,173,USA,23.165,98,387,6-3 6-2,3,R32,,,,,,,,,,,,,,,,,,,
2002-902,Miami,Hard,96,T1,,20020318,73,200033,8,,Serena Williams,R,175,USA,20.474,9,2793,200011,,WC,Katarina Srebotnik,R,180,SLO,21.016,56,616,6-1 6-0,3,R32,,,,,,,,,,,,,,,,,,,
2002-902,Miami,Hard,96,T1,,20020318,74,200126,,,Marissa Irvin,R,170,USA,21.734,63,562,200046,10,,Meghann Shaughnessy,R,180,USA,22.930,13,1724,4-6 6-3 6-4,3,R32,,,,,,,,,,,,,,,,,,,
2002-902,Miami,Hard,96,T1,,20020318,75,200083,23,,Alexandra Stevenson,R,185,USA,21.254,27,988,200086,16,,Magdalena Maleeva,R,168,BUL,26.963,20,1186,6-3 7-5,3,R32,,,,,,,,,,,,,,,,,,,
2002-902,Miami,Hard,96,T1,,20020318,76,200001,3,,Martina Hingis,R,170,SUI,21.462,3,3811,201284,,,Tatiana Poutchek,R,176,BLR,23.187,84,467,6-0 6-1,3,R32,,,,,,,,,,,,,,,,,,,
2002-902,Miami,Hard,96,T1,,20020318,77,200124,26,,Anne Kremer,R,165,LUX,26.418,30,947,200120,7,,Jelena Dokic,R,175,AUS,18.933,8,2974,6-3 6-1,3,R32,,,,,,,,,,,,,,,,,,,
2002-902,Miami,Hard,96,T1,,20020318,78,200108,12,,Elena Dementieva,R,180,RUS,20.422,15,1537,200032,19,,Barbara Schett,R,176,AUT,26.021,23,1058,7-6(3) 6-2,3,R32,,,,,,,,,,,,,,,,,,,
2002-902,Miami,Hard,96,T1,,20020318,79,200064,14,,Amanda Coetzer,R,158,RSA,30.404,18,1363,200094,,,Barbara Rittner,R,173,GER,28.896,72,520,2-6 6-3 7-5,3,R32,,,,,,,,,,,,,,,,,,,
2002-902,Miami,Hard,96,T1,,20020318,80,200748,2,,Venus Williams,R,185,USA,21.750,2,4616,200055,,,Mariana Diaz Oliva,R,172,ARG,26.018,81,477,6-2 1-0 RET,3,R32,,,,,,,,,,,,,,,,,,,
2002-902,Miami,Hard,96,T1,,20020318,81,200077,1,,Jennifer Capriati,R,170,USA,25.969,1,4767,201204,15,,Iroda Tulyaganova,R,170,UZB,20.192,19,1199,7-5 5-7 6-1,3,R16,,,,,,,,,,,,,,,,,,,
2002-902,Miami,Hard,96,T1,,20020318,82,200063,28,,Tatiana Panova,R,154,RUS,25.594,32,933,200017,11,,Arantxa Sanchez Vicario,R,168,ESP,30.248,14,1665,6-1 7-6(8),3,R16,,,,,,,,,,,,,,,,,,,
2002-902,Miami,Hard,96,T1,,20020318,83,200079,4,,Kim Clijsters,R,175,BEL,18.777,5,3375,200072,,,Cara Black,R,167,ZIM,23.081,75,500,6-4 6-2,3,R16,,,,,,,,,,,,,,,,,,,
2002-902,Miami,Hard,96,T1,,20020318,84,200652,5,,Monica Seles,L,178,USA,28.291,6,3069,200700,9,,Silvia Farina Elia,R,172,ITA,29.890,12,1748,7-6(4) 6-4,3,R16,,,,,,,,,,,,,,,,,,,
2002-902,Miami,Hard,96,T1,,20020318,85,200033,8,,Serena Williams,R,175,USA,20.474,9,2793,200126,,,Marissa Irvin,R,170,USA,21.734,63,562,6-1 6-4,3,R16,,,,,,,,,,,,,,,,,,,
2002-902,Miami,Hard,96,T1,,20020318,86,200001,3,,Martina Hingis,R,170,SUI,21.462,3,3811,200083,23,,Alexandra Stevenson,R,185,USA,21.254,27,988,6-2 6-0,3,R16,,,,,,,,,,,,,,,,,,,
2002-902,Miami,Hard,96,T1,,20020318,87,200108,12,,Elena Dementieva,R,180,RUS,20.422,15,1537,200124,26,,Anne Kremer,R,165,LUX,26.418,30,947,1-6 7-5 7-6(14),3,R16,,,,,,,,,,,,,,,,,,,
2002-902,Miami,Hard,96,T1,,20020318,88,200748,2,,Venus Williams,R,185,USA,21.750,2,4616,200064,14,,Amanda Coetzer,R,158,RSA,30.404,18,1363,6-2 6-0,3,R16,,,,,,,,,,,,,,,,,,,
2002-902,Miami,Hard,96,T1,,20020318,89,200077,1,,Jennifer Capriati,R,170,USA,25.969,1,4767,200063,28,,Tatiana Panova,R,154,RUS,25.594,32,933,6-2 6-0,3,QF,,,,,,,,,,,,,,,,,,,
2002-902,Miami,Hard,96,T1,,20020318,90,200652,5,,Monica Seles,L,178,USA,28.291,6,3069,200079,4,,Kim Clijsters,R,175,BEL,18.777,5,3375,4-6 6-3 6-3,3,QF,,,,,,,,,,,,,,,,,,,
2002-902,Miami,Hard,96,T1,,20020318,91,200033,8,,Serena Williams,R,175,USA,20.474,9,2793,200001,3,,Martina Hingis,R,170,SUI,21.462,3,3811,6-4 6-0,3,QF,,,,,,,,,,,,,,,,,,,
2002-902,Miami,Hard,96,T1,,20020318,92,200748,2,,Venus Williams,R,185,USA,21.750,2,4616,200108,12,,Elena Dementieva,R,180,RUS,20.422,15,1537,5-7 6-3 6-2,3,QF,,,,,,,,,,,,,,,,,,,
2002-902,Miami,Hard,96,T1,,20020318,93,200077,1,,Jennifer Capriati,R,170,USA,25.969,1,4767,200652,5,,Monica Seles,L,178,USA,28.291,6,3069,4-6 6-3 7-6(4),3,SF,,,,,,,,,,,,,,,,,,,
2002-902,Miami,Hard,96,T1,,20020318,94,200033,8,,Serena Williams,R,175,USA,20.474,9,2793,200748,2,,Venus Williams,R,185,USA,21.750,2,4616,6-2 6-2,3,SF,,,,,,,,,,,,,,,,,,,
2002-902,Miami,Hard,96,T1,,20020318,95,200033,8,,Serena Williams,R,175,USA,20.474,9,2793,200077,1,,Jennifer Capriati,R,170,USA,25.969,1,4767,7-5 7-6(4),3,F,,,,,,,,,,,,,,,,,,,
2002-193,Oporto,Clay,32,T4,,20020401,1,200106,1,,Angeles Montolio,R,157,ESP,26.654,29,1004,201072,,,Eva Bes Ostariz,R,,ESP,29.211,93,400,6-3 6-2,3,R32,,,,,,,,,,,,,,,,,,,
2002-193,Oporto,Clay,32,T4,,20020401,2,200025,,,Ludmila Cervanova,R,171,SVK,22.462,94,397,201645,,WC,Frederica Piedade,,,POR,19.822,493,25,6-0 6-2,3,R32,,,,,,,,,,,,,,,,,,,
2002-193,Oporto,Clay,32,T4,,20020401,3,200090,,,Anca Barna,L,175,GER,24.882,106,348,201324,,,Irina Selyutina,R,178,KAZ,22.399,95,396,6-1 6-0,3,R32,,,,,,,,,,,,,,,,,,,
2002-193,Oporto,Clay,32,T4,,20020401,4,200027,3,,Magui Serna,L,167,ESP,23.086,44,770,201309,,,Tatiana Perebiynis,R,173,UKR,19.294,121,266,6-2 7-5,3,R32,,,,,,,,,,,,,,,,,,,
2002-193,Oporto,Clay,32,T4,,20020401,5,201298,,,Zsofia Gubacsi,R,173,HUN,20.986,90,425,200122,5,,Tina Pisnik,R,172,SLO,21.112,51,688,6-2 6-3,3,R32,,,,,,,,,,,,,,,,,,,
2002-193,Oporto,Clay,32,T4,,20020401,6,200007,,,Silvija Talaja,R,173,CRO,24.211,84,456,201209,,,Selima Sfar,R,166,TUN,24.732,108,337,7-6(3) 2-6 7-6(4),3,R32,,,,,,,,,,,,,,,,,,,
2002-193,Oporto,Clay,32,T4,,20020401,7,200072,,,Cara Black,R,167,ZIM,23.119,62,583,201310,,,Martina Muller,R,165,GER,19.472,78,481,6-3 4-6 6-0,3,R32,,,,,,,,,,,,,,,,,,,
2002-193,Oporto,Clay,32,T4,,20020401,8,201452,,Q,Lourdes Dominguez Lino,R,163,ESP,21.002,263,82,200066,2,,Cristina Torrens Valero,R,171,ESP,27.552,33,900,6-3 6-4,3,R32,,,,,,,,,,,,,,,,,,,
2002-193,Oporto,Clay,32,T4,,20020401,9,201466,,Q,Kaia Kanepi,R,181,EST,16.808,187,151,202259,,Q,Valentina Sassi,R,,ITA,21.720,148,208,6-3 6-2,3,R32,,,,,,,,,,,,,,,,,,,
2002-193,Oporto,Clay,32,T4,,20020401,10,200104,,,Emilie Loit,L,167,FRA,22.812,100,378,201287,,,Maria Jose Martinez Sanchez,L,176,ESP,19.636,113,303,3-6 6-2 6-2,3,R32,,,,,,,,,,,,,,,,,,,
2002-193,Oporto,Clay,32,T4,,20020401,11,201305,6,,Eleni Daniilidou,R,182,GRE,19.532,59,613,201291,,,Nuria Llagostera Vives,R,156,ESP,21.876,120,267,6-3 6-2,3,R32,,,,,,,,,,,,,,,,,,,
2002-193,Oporto,Clay,32,T4,,20020401,12,201292,4,,Martina Sucha,R,170,SVK,21.361,41,805,200053,,,Lubomira Bacheva,R,,BUL,27.070,110,316,6-1 7-5,3,R32,,,,,,,,,,,,,,,,,,,
2002-193,Oporto,Clay,32,T4,,20020401,13,200056,,,Jelena Kostanic Tosic,L,168,CRO,20.737,87,437,200119,,,Rita Kuti Kis,L,176,HUN,24.129,118,268,6-2 3-6 6-4,3,R32,,,,,,,,,,,,,,,,,,,
2002-193,Oporto,Clay,32,T4,,20020401,14,201320,,Q,Svetlana Kuznetsova,R,174,RUS,16.761,181,161,201299,,,Celine Beigbeder,,,FRA,27.097,86,442,4-6 6-2 6-3,3,R32,,,,,,,,,,,,,,,,,,,
2002-193,Oporto,Clay,32,T4,,20020401,15,201297,8,,Maja Matevzic,L,175,SLO,21.799,75,510,200082,,,Kristie Boogert,R,178,NED,28.291,124,253,6-4 5-7 6-1,3,R32,,,,,,,,,,,,,,,,,,,
2002-193,Oporto,Clay,32,T4,,20020401,16,201306,7,,Marie Gaiane Mikaelian,R,172,SUI,18.078,67,543,201959,,WC,Ana Catarina Nogueira,,,POR,23.530,519,23,6-2 3-6 6-0,3,R32,,,,,,,,,,,,,,,,,,,
2002-193,Oporto,Clay,32,T4,,20020401,17,200106,1,,Angeles Montolio,R,157,ESP,26.654,29,1004,201466,,Q,Kaia Kanepi,R,181,EST,16.808,187,151,6-4 6-1,3,R16,,,,,,,,,,,,,,,,,,,
2002-193,Oporto,Clay,32,T4,,20020401,18,201305,6,,Eleni Daniilidou,R,182,GRE,19.532,59,613,200104,,,Emilie Loit,L,167,FRA,22.812,100,378,6-1 6-1,3,R16,,,,,,,,,,,,,,,,,,,
2002-193,Oporto,Clay,32,T4,,20020401,19,200056,,,Jelena Kostanic Tosic,L,168,CRO,20.737,87,437,201292,4,,Martina Sucha,R,170,SVK,21.361,41,805,7-5 2-6 6-2,3,R16,,,,,,,,,,,,,,,,,,,
2002-193,Oporto,Clay,32,T4,,20020401,20,201297,8,,Maja Matevzic,L,175,SLO,21.799,75,510,201320,,Q,Svetlana Kuznetsova,R,174,RUS,16.761,181,161,6-1 6-2,3,R16,,,,,,,,,,,,,,,,,,,
2002-193,Oporto,Clay,32,T4,,20020401,21,200025,,,Ludmila Cervanova,R,171,SVK,22.462,94,397,201306,7,,Marie Gaiane Mikaelian,R,172,SUI,18.078,67,543,6-3 6-3,3,R16,,,,,,,,,,,,,,,,,,,
2002-193,Oporto,Clay,32,T4,,20020401,22,200027,3,,Magui Serna,L,167,ESP,23.086,44,770,200090,,,Anca Barna,L,175,GER,24.882,106,348,4-6 6-3 6-4,3,R16,,,,,,,,,,,,,,,,,,,
2002-193,Oporto,Clay,32,T4,,20020401,23,201298,,,Zsofia Gubacsi,R,173,HUN,20.986,90,425,200007,,,Silvija Talaja,R,173,CRO,24.211,84,456,W/O,3,R16,,,,,,,,,,,,,,,,,,,
2002-193,Oporto,Clay,32,T4,,20020401,24,200072,,,Cara Black,R,167,ZIM,23.119,62,583,201452,,Q,Lourdes Dominguez Lino,R,163,ESP,21.002,263,82,6-3 6-2,3,R16,,,,,,,,,,,,,,,,,,,
2002-193,Oporto,Clay,32,T4,,20020401,25,200106,1,,Angeles Montolio,R,157,ESP,26.654,29,1004,201305,6,,Eleni Daniilidou,R,182,GRE,19.532,59,613,6-1 6-3,3,QF,,,,,,,,,,,,,,,,,,,
2002-193,Oporto,Clay,32,T4,,20020401,26,201297,8,,Maja Matevzic,L,175,SLO,21.799,75,510,200056,,,Jelena Kostanic Tosic,L,168,CRO,20.737,87,437,6-0 6-4,3,QF,,,,,,,,,,,,,,,,,,,
2002-193,Oporto,Clay,32,T4,,20020401,27,200027,3,,Magui Serna,L,167,ESP,23.086,44,770,200025,,,Ludmila Cervanova,R,171,SVK,22.462,94,397,7-5 6-1,3,QF,,,,,,,,,,,,,,,,,,,
2002-193,Oporto,Clay,32,T4,,20020401,28,201298,,,Zsofia Gubacsi,R,173,HUN,20.986,90,425,200072,,,Cara Black,R,167,ZIM,23.119,62,583,6-3 6-2,3,QF,,,,,,,,,,,,,,,,,,,
2002-193,Oporto,Clay,32,T4,,20020401,29,200106,1,,Angeles Montolio,R,157,ESP,26.654,29,1004,201297,8,,Maja Matevzic,L,175,SLO,21.799,75,510,6-3 7-5,3,SF,,,,,,,,,,,,,,,,,,,
2002-193,Oporto,Clay,32,T4,,20020401,30,200027,3,,Magui Serna,L,167,ESP,23.086,44,770,201298,,,Zsofia Gubacsi,R,173,HUN,20.986,90,425,6-3 7-5,3,SF,,,,,,,,,,,,,,,,,,,
2002-193,Oporto,Clay,32,T4,,20020401,31,200106,1,,Angeles Montolio,R,157,ESP,26.654,29,1004,200027,3,,Magui Serna,L,167,ESP,23.086,44,770,6-1 2-6 7-5,3,F,,,,,,,,,,,,,,,,,,,
2002-1011,Sarasota,Clay,32,T4,,20020401,1,200120,1,,Jelena Dokic,R,175,AUS,18.971,9,2892,200049,,,Conchita Martinez,R,170,ESP,29.958,39,813,6-2 7-5,3,R32,,,,,,,,,,,,,,,,,,,
2002-1011,Sarasota,Clay,32,T4,,20020401,2,200061,,,Gala Leon Garcia,L,163,ESP,28.272,48,710,200723,,,Iva Majoli,R,175,CRO,24.636,61,596,6-3 6-7(2) 6-4,3,R32,,,,,,,,,,,,,,,,,,,
2002-1011,Sarasota,Clay,32,T4,,20020401,3,200008,,,Alicia Molik,R,182,AUS,21.175,49,696,201087,,Q,Mashona Washington,R,168,USA,25.835,115,285,6-4 6-4,3,R32,,,,,,,,,,,,,,,,,,,
2002-1011,Sarasota,Clay,32,T4,,20020401,4,200697,,,Janette Husarova,R,169,SVK,27.825,47,714,200017,3,,Arantxa Sanchez Vicario,R,168,ESP,30.287,14,1685,6-4 6-1,3,R32,,,,,,,,,,,,,,,,,,,
2002-1011,Sarasota,Clay,32,T4,,20020401,5,200096,,WC,Mary Pierce,R,178,FRA,27.209,295,66,200085,7,,Ai Sugiyama,R,163,JPN,26.741,30,977,6-3 6-3,3,R32,,,,,,,,,,,,,,,,,,,
2002-1011,Sarasota,Clay,32,T4,,20020401,6,200772,,,Anastasia Myskina,R,174,RUS,20.731,36,880,200121,,Q,Alina Jidkova,R,168,RUS,25.200,80,479,7-6(5) 6-2,3,R32,,,,,,,,,,,,,,,,,,,
2002-1011,Sarasota,Clay,32,T4,,20020401,7,200123,,,Marlene Weingartner,R,174,GER,22.169,46,752,200709,,,Rossana De Los Rios,R,170,PAR,26.541,58,637,6-3 6-2,3,R32,,,,,,,,,,,,,,,,,,,
2002-1011,Sarasota,Clay,32,T4,,20020401,8,200046,2,,Meghann Shaughnessy,R,180,USA,22.968,13,1724,200766,,WC,Jennifer Hopkins,R,170,USA,21.137,68,542,3-6 7-5 7-5,3,R32,,,,,,,,,,,,,,,,,,,
2002-1011,Sarasota,Clay,32,T4,,20020401,9,200040,,Q,Anna Smashnova,R,157,ISR,25.709,37,835,200048,,,Elena Likhovtseva,R,174,RUS,26.563,38,821,6-2 6-2,3,R32,,,,,,,,,,,,,,,,,,,
2002-1011,Sarasota,Clay,32,T4,,20020401,10,200067,,,Patty Schnyder,L,168,SUI,23.297,34,897,200068,,,Lilia Osterloh,R,170,USA,23.984,57,639,6-0 6-1,3,R32,,,,,,,,,,,,,,,,,,,
2002-1011,Sarasota,Clay,32,T4,,20020401,11,200098,9,,Henrieta Nagyova,R,177,SVK,23.294,32,913,200042,,,Els Callens,R,178,BEL,31.615,119,268,7-5 6-4,3,R32,,,,,,,,,,,,,,,,,,,
2002-1011,Sarasota,Clay,32,T4,,20020401,12,200118,,,Virginia Ruano Pascual,R,169,ESP,28.526,72,524,200009,4,,Tamarine Tanasugarn,R,165,THA,24.855,22,1147,6-1 6-3,3,R32,,,,,,,,,,,,,,,,,,,
2002-1011,Sarasota,Clay,32,T4,,20020401,13,200043,,LL,Virginie Razzano,R,173,FRA,18.889,98,391,200109,,,Nathalie Dechy,R,177,FRA,23.108,35,890,6-3 6-4,3,R32,,,,,,,,,,,,,,,,,,,
2002-1011,Sarasota,Clay,32,T4,,20020401,14,200107,,,Paola Suarez,R,170,ARG,25.772,53,656,200126,,LL,Marissa Irvin,R,170,USA,21.772,55,652,6-2 6-0,3,R32,,,,,,,,,,,,,,,,,,,
2002-1011,Sarasota,Clay,32,T4,,20020401,15,201083,6,,Daja Bedanova,R,171,CZE,19.064,26,1026,200110,,,Fabiola Zuluaga,R,172,COL,23.231,138,224,6-4 2-6 6-2,3,R32,,,,,,,,,,,,,,,,,,,
2002-1011,Sarasota,Clay,32,T4,,20020401,16,200063,10,,Tatiana Panova,R,154,RUS,25.632,25,1041,200754,,Q,Jill Craybas,R,160,USA,27.743,112,309,6-1 3-6 6-2,3,R32,,,,,,,,,,,,,,,,,,,
2002-1011,Sarasota,Clay,32,T4,,20020401,17,200120,1,,Jelena Dokic,R,175,AUS,18.971,9,2892,200040,,Q,Anna Smashnova,R,157,ISR,25.709,37,835,6-1 6-0,3,R16,,,,,,,,,,,,,,,,,,,
2002-1011,Sarasota,Clay,32,T4,,20020401,18,200067,,,Patty Schnyder,L,168,SUI,23.297,34,897,200098,9,,Henrieta Nagyova,R,177,SVK,23.294,32,913,6-2 3-6 6-2,3,R16,,,,,,,,,,,,,,,,,,,
2002-1011,Sarasota,Clay,32,T4,,20020401,19,200043,,LL,Virginie Razzano,R,173,FRA,18.889,98,391,200118,,,Virginia Ruano Pascual,R,169,ESP,28.526,72,524,6-3 5-7 6-2,3,R16,,,,,,,,,,,,,,,,,,,
2002-1011,Sarasota,Clay,32,T4,,20020401,20,200107,,,Paola Suarez,R,170,ARG,25.772,53,656,201083,6,,Daja Bedanova,R,171,CZE,19.064,26,1026,W/O,3,R16,,,,,,,,,,,,,,,,,,,
2002-1011,Sarasota,Clay,32,T4,,20020401,21,200063,10,,Tatiana Panova,R,154,RUS,25.632,25,1041,200061,,,Gala Leon Garcia,L,163,ESP,28.272,48,710,6-4 6-2,3,R16,,,,,,,,,,,,,,,,,,,
2002-1011,Sarasota,Clay,32,T4,,20020401,22,200697,,,Janette Husarova,R,169,SVK,27.825,47,714,200008,,,Alicia Molik,R,182,AUS,21.175,49,696,3-6 6-0 6-2,3,R16,,,,,,,,,,,,,,,,,,,
2002-1011,Sarasota,Clay,32,T4,,20020401,23,200772,,,Anastasia Myskina,R,174,RUS,20.731,36,880,200096,,WC,Mary Pierce,R,178,FRA,27.209,295,66,6-4 3-6 7-6(4),3,R16,,,,,,,,,,,,,,,,,,,
2002-1011,Sarasota,Clay,32,T4,,20020401,24,200046,2,,Meghann Shaughnessy,R,180,USA,22.968,13,1724,200123,,,Marlene Weingartner,R,174,GER,22.169,46,752,6-2 6-3,3,R16,,,,,,,,,,,,,,,,,,,
2002-1011,Sarasota,Clay,32,T4,,20020401,25,200120,1,,Jelena Dokic,R,175,AUS,18.971,9,2892,200067,,,Patty Schnyder,L,168,SUI,23.297,34,897,6-1 7-5,3,QF,,,,,,,,,,,,,,,,,,,
2002-1011,Sarasota,Clay,32,T4,,20020401,26,200043,,LL,Virginie Razzano,R,173,FRA,18.889,98,391,200107,,,Paola Suarez,R,170,ARG,25.772,53,656,6-2 4-6 6-4,3,QF,,,,,,,,,,,,,,,,,,,
2002-1011,Sarasota,Clay,32,T4,,20020401,27,200063,10,,Tatiana Panova,R,154,RUS,25.632,25,1041,200697,,,Janette Husarova,R,169,SVK,27.825,47,714,6-4 4-6 6-1,3,QF,,,,,,,,,,,,,,,,,,,
2002-1011,Sarasota,Clay,32,T4,,20020401,28,200046,2,,Meghann Shaughnessy,R,180,USA,22.968,13,1724,200772,,,Anastasia Myskina,R,174,RUS,20.731,36,880,3-6 7-6(6) 6-4,3,QF,,,,,,,,,,,,,,,,,,,
2002-1011,Sarasota,Clay,32,T4,,20020401,29,200120,1,,Jelena Dokic,R,175,AUS,18.971,9,2892,200043,,LL,Virginie Razzano,R,173,FRA,18.889,98,391,6-3 6-1,3,SF,,,,,,,,,,,,,,,,,,,
2002-1011,Sarasota,Clay,32,T4,,20020401,30,200063,10,,Tatiana Panova,R,154,RUS,25.632,25,1041,200046,2,,Meghann Shaughnessy,R,180,USA,22.968,13,1724,7-6(9) 6-4,3,SF,,,,,,,,,,,,,,,,,,,
2002-1011,Sarasota,Clay,32,T4,,20020401,31,200120,1,,Jelena Dokic,R,175,AUS,18.971,9,2892,200063,10,,Tatiana Panova,R,154,RUS,25.632,25,1041,6-2 6-2,3,F,,,,,,,,,,,,,,,,,,,
2002-803,Amelia Island,Clay,56,T2,,20020408,1,200041,,,Amy Frazier,R,175,USA,29.550,53,655,200098,,,Henrieta Nagyova,R,177,SVK,23.313,37,849,1-6 6-4 6-2,3,R64,,,,,,,,,,,,,,,,,,,
2002-803,Amelia Island,Clay,56,T2,,20020408,2,200723,,,Iva Majoli,R,175,CRO,24.655,61,596,200064,11,,Amanda Coetzer,R,158,RSA,30.462,18,1378,6-2 6-1,3,R64,,,,,,,,,,,,,,,,,,,
2002-803,Amelia Island,Clay,56,T2,,20020408,3,200049,,,Conchita Martinez,R,170,ESP,29.977,40,814,200061,,,Gala Leon Garcia,L,163,ESP,28.291,47,729,4-6 7-6(5) 6-1,3,R64,,,,,,,,,,,,,,,,,,,
2002-803,Amelia Island,Clay,56,T2,,20020408,4,200709,,,Rossana De Los Rios,R,170,PAR,26.560,56,637,200727,,,Adriana Serra Zanetti,R,160,ITA,26.092,43,787,7-6(3) 7-6(6),3,R64,,,,,,,,,,,,,,,,,,,
2002-803,Amelia Island,Clay,56,T2,,20020408,5,200109,,,Nathalie Dechy,R,177,FRA,23.127,35,874,200126,,,Marissa Irvin,R,170,USA,21.791,55,651,7-5 6-4,3,R64,,,,,,,,,,,,,,,,,,,
2002-803,Amelia Island,Clay,56,T2,,20020408,6,200067,,,Patty Schnyder,L,168,SUI,23.316,32,943,200118,,,Virginia Ruano Pascual,R,169,ESP,28.545,63,558,6-1 6-0,3,R64,,,,,,,,,,,,,,,,,,,
2002-803,Amelia Island,Clay,56,T2,,20020408,7,200108,10,,Elena Dementieva,R,180,RUS,20.480,16,1425,200068,,WC,Lilia Osterloh,R,170,USA,24.003,58,619,7-6(1) 6-3,3,R64,,,,,,,,,,,,,,,,,,,
2002-803,Amelia Island,Clay,56,T2,,20020408,8,200022,,,Emmanuelle Gagliardi,R,171,SUI,25.747,46,754,200121,,LL,Alina Jidkova,R,168,RUS,25.219,78,484,6-2 7-5,3,R64,,,,,,,,,,,,,,,,,,,
2002-803,Amelia Island,Clay,56,T2,,20020408,9,200031,,,Meilen Tu,R,163,USA,24.222,60,605,200123,,,Marlene Weingartner,R,174,GER,22.188,45,771,6-4 4-0 RET,3,R64,,,,,,,,,,,,,,,,,,,
2002-803,Amelia Island,Clay,56,T2,,20020408,10,200096,,WC,Mary Pierce,R,178,FRA,27.228,250,93,202135,,Q,Vanessa Henke,R,,GER,21.227,243,99,6-2 6-3,3,R64,,,,,,,,,,,,,,,,,,,
2002-803,Amelia Island,Clay,56,T2,,20020408,11,200008,,,Alicia Molik,R,182,AUS,21.194,50,689,200085,,,Ai Sugiyama,R,163,JPN,26.760,30,977,6-2 6-2,3,R64,,,,,,,,,,,,,,,,,,,
2002-803,Amelia Island,Clay,56,T2,,20020408,12,200772,,,Anastasia Myskina,R,174,RUS,20.751,33,902,201347,,Q,Jelena Jankovic,R,177,SRB,17.106,328,54,4-6 6-3 6-3,3,R64,,,,,,,,,,,,,,,,,,,
2002-803,Amelia Island,Clay,56,T2,,20020408,13,200697,,,Janette Husarova,R,169,SVK,27.845,44,775,200010,,,Rita Grande,R,177,ITA,27.045,31,948,6-1 6-1,3,R64,,,,,,,,,,,,,,,,,,,
2002-803,Amelia Island,Clay,56,T2,,20020408,14,201290,9,,Daniela Hantuchova,R,181,SVK,18.960,15,1428,200103,,Q,Evie Dominikovic,R,173,AUS,21.859,115,291,7-5 6-4,3,R64,,,,,,,,,,,,,,,,,,,
2002-803,Amelia Island,Clay,56,T2,,20020408,15,201212,16,,Francesca Schiavone,R,166,ITA,21.791,28,1015,201295,,Q,Wynne Prakusya,R,160,INA,20.950,92,407,7-6(5) 6-2,3,R64,,,,,,,,,,,,,,,,,,,
2002-803,Amelia Island,Clay,56,T2,,20020408,16,200060,,,Tathiana Garbin,R,172,ITA,24.773,95,396,200777,,,Marta Marrero,R,173,ESP,19.226,64,557,6-3 3-6 6-3,3,R64,,,,,,,,,,,,,,,,,,,
2002-803,Amelia Island,Clay,56,T2,,20020408,17,201302,,Q,Clarisa Fernandez,L,179,ARG,20.611,134,228,201360,,Q,Julia Vakulenko,R,183,UKR,18.746,128,238,6-1 6-1,3,R64,,,,,,,,,,,,,,,,,,,
2002-803,Amelia Island,Clay,56,T2,,20020408,18,200083,13,,Alexandra Stevenson,R,185,USA,21.312,26,1047,201321,,Q,Antonella Serra Zanetti,R,168,ITA,21.703,126,251,6-4 5-7 6-2,3,R64,,,,,,,,,,,,,,,,,,,
2002-803,Amelia Island,Clay,56,T2,,20020408,19,200754,,WC,Jill Craybas,R,160,USA,27.762,109,325,200020,12,,Lisa Raymond,R,165,USA,28.660,21,1164,6-4 6-2,3,R64,,,,,,,,,,,,,,,,,,,
2002-803,Amelia Island,Clay,56,T2,,20020408,20,200749,,Q,Samantha Reeves,R,173,USA,23.223,90,416,200040,,,Anna Smashnova,R,157,ISR,25.728,36,870,6-7(5) 6-3 6-4,3,R64,,,,,,,,,,,,,,,,,,,
2002-803,Amelia Island,Clay,56,T2,,20020408,21,200107,,,Paola Suarez,R,170,ARG,25.791,52,688,200113,,,Anna Kournikova,R,173,RUS,20.835,69,544,6-4 6-1,3,R64,,,,,,,,,,,,,,,,,,,
2002-803,Amelia Island,Clay,56,T2,,20020408,22,200124,,,Anne Kremer,R,165,LUX,26.476,29,1007,200766,,,Jennifer Hopkins,R,170,USA,21.156,70,542,5-7 6-4 6-2,3,R64,,,,,,,,,,,,,,,,,,,
2002-803,Amelia Island,Clay,56,T2,,20020408,23,200048,,,Elena Likhovtseva,R,174,RUS,26.582,38,821,200110,,,Fabiola Zuluaga,R,172,COL,23.250,137,225,7-6(7) 6-0,3,R64,,,,,,,,,,,,,,,,,,,
2002-803,Amelia Island,Clay,56,T2,,20020408,24,200036,,,Nicole Pratt,R,163,AUS,29.093,41,808,200063,14,,Tatiana Panova,R,154,RUS,25.651,23,1143,3-6 6-3 6-4,3,R64,,,,,,,,,,,,,,,,,,,
2002-803,Amelia Island,Clay,56,T2,,20020408,25,200748,1,,Venus Williams,R,185,USA,21.807,2,4385,200041,,,Amy Frazier,R,175,USA,29.550,53,655,6-1 7-5,3,R32,,,,,,,,,,,,,,,,,,,
2002-803,Amelia Island,Clay,56,T2,,20020408,26,200772,,,Anastasia Myskina,R,174,RUS,20.751,33,902,200083,13,,Alexandra Stevenson,R,185,USA,21.312,26,1047,2-6 6-0 6-2,3,R32,,,,,,,,,,,,,,,,,,,
2002-803,Amelia Island,Clay,56,T2,,20020408,27,200754,,WC,Jill Craybas,R,160,USA,27.762,109,325,200749,,Q,Samantha Reeves,R,173,USA,23.223,90,416,3-6 7-6(5) 6-3,3,R32,,,,,,,,,,,,,,,,,,,
2002-803,Amelia Island,Clay,56,T2,,20020408,28,200107,,,Paola Suarez,R,170,ARG,25.791,52,688,200046,7,,Meghann Shaughnessy,R,180,USA,22.987,12,1763,6-1 1-6 6-0,3,R32,,,,,,,,,,,,,,,,,,,
2002-803,Amelia Island,Clay,56,T2,,20020408,29,200124,,,Anne Kremer,R,165,LUX,26.476,29,1007,200065,4,,Amelie Mauresmo,R,175,FRA,22.760,10,2651,3-6 6-2 6-3,3,R32,,,,,,,,,,,,,,,,,,,
2002-803,Amelia Island,Clay,56,T2,,20020408,30,200048,,,Elena Likhovtseva,R,174,RUS,26.582,38,821,200036,,,Nicole Pratt,R,163,AUS,29.093,41,808,6-4 6-0,3,R32,,,,,,,,,,,,,,,,,,,
2002-803,Amelia Island,Clay,56,T2,,20020408,31,200049,,,Conchita Martinez,R,170,ESP,29.977,40,814,200723,,,Iva Majoli,R,175,CRO,24.655,61,596,1-6 6-4 6-2,3,R32,,,,,,,,,,,,,,,,,,,
2002-803,Amelia Island,Clay,56,T2,,20020408,32,200016,5,,Sandrine Testud,R,176,FRA,30.013,11,2079,200709,,,Rossana De Los Rios,R,170,PAR,26.560,56,637,6-1 6-4,3,R32,,,,,,,,,,,,,,,,,,,
2002-803,Amelia Island,Clay,56,T2,,20020408,33,200109,,,Nathalie Dechy,R,177,FRA,23.127,35,874,200017,8,,Arantxa Sanchez Vicario,R,168,ESP,30.306,14,1507,6-2 6-2,3,R32,,,,,,,,,,,,,,,,,,,
2002-803,Amelia Island,Clay,56,T2,,20020408,34,200108,10,,Elena Dementieva,R,180,RUS,20.480,16,1425,200067,,,Patty Schnyder,L,168,SUI,23.316,32,943,6-4 7-5,3,R32,,,,,,,,,,,,,,,,,,,
2002-803,Amelia Island,Clay,56,T2,,20020408,35,200022,,,Emmanuelle Gagliardi,R,171,SUI,25.747,46,754,200031,,,Meilen Tu,R,163,USA,24.222,60,605,6-4 5-7 6-4,3,R32,,,,,,,,,,,,,,,,,,,
2002-803,Amelia Island,Clay,56,T2,,20020408,36,200120,3,,Jelena Dokic,R,175,AUS,18.990,8,3011,200096,,WC,Mary Pierce,R,178,FRA,27.228,250,93,6-2 6-0,3,R32,,,,,,,,,,,,,,,,,,,
2002-803,Amelia Island,Clay,56,T2,,20020408,37,200700,6,,Silvia Farina Elia,R,172,ITA,29.947,13,1747,200008,,,Alicia Molik,R,182,AUS,21.194,50,689,6-4 6-2,3,R32,,,,,,,,,,,,,,,,,,,
2002-803,Amelia Island,Clay,56,T2,,20020408,38,200697,,,Janette Husarova,R,169,SVK,27.845,44,775,201290,9,,Daniela Hantuchova,R,181,SVK,18.960,15,1428,6-4 3-6 6-1,3,R32,,,,,,,,,,,,,,,,,,,
2002-803,Amelia Island,Clay,56,T2,,20020408,39,200060,,,Tathiana Garbin,R,172,ITA,24.773,95,396,201212,16,,Francesca Schiavone,R,166,ITA,21.791,28,1015,6-3 6-2,3,R32,,,,,,,,,,,,,,,,,,,
2002-803,Amelia Island,Clay,56,T2,,20020408,40,200003,2,,Justine Henin,R,167,BEL,19.853,9,2991,201302,,Q,Clarisa Fernandez,L,179,ARG,20.611,134,228,6-4 7-5,3,R32,,,,,,,,,,,,,,,,,,,
2002-803,Amelia Island,Clay,56,T2,,20020408,41,200748,1,,Venus Williams,R,185,USA,21.807,2,4385,200772,,,Anastasia Myskina,R,174,RUS,20.751,33,902,6-4 7-6(5),3,R16,,,,,,,,,,,,,,,,,,,
2002-803,Amelia Island,Clay,56,T2,,20020408,42,200107,,,Paola Suarez,R,170,ARG,25.791,52,688,200754,,WC,Jill Craybas,R,160,USA,27.762,109,325,6-0 6-0,3,R16,,,,,,,,,,,,,,,,,,,
2002-803,Amelia Island,Clay,56,T2,,20020408,43,200124,,,Anne Kremer,R,165,LUX,26.476,29,1007,200048,,,Elena Likhovtseva,R,174,RUS,26.582,38,821,6-4 3-6 6-2,3,R16,,,,,,,,,,,,,,,,,,,
2002-803,Amelia Island,Clay,56,T2,,20020408,44,200016,5,,Sandrine Testud,R,176,FRA,30.013,11,2079,200049,,,Conchita Martinez,R,170,ESP,29.977,40,814,5-7 6-4 7-6(6),3,R16,,,,,,,,,,,,,,,,,,,
2002-803,Amelia Island,Clay,56,T2,,20020408,45,200108,10,,Elena Dementieva,R,180,RUS,20.480,16,1425,200109,,,Nathalie Dechy,R,177,FRA,23.127,35,874,6-3 6-7(5) 6-3,3,R16,,,,,,,,,,,,,,,,,,,
2002-803,Amelia Island,Clay,56,T2,,20020408,46,200120,3,,Jelena Dokic,R,175,AUS,18.990,8,3011,200022,,,Emmanuelle Gagliardi,R,171,SUI,25.747,46,754,6-3 6-4,3,R16,,,,,,,,,,,,,,,,,,,
2002-803,Amelia Island,Clay,56,T2,,20020408,47,200700,6,,Silvia Farina Elia,R,172,ITA,29.947,13,1747,200697,,,Janette Husarova,R,169,SVK,27.845,44,775,6-2 RET,3,R16,,,,,,,,,,,,,,,,,,,
2002-803,Amelia Island,Clay,56,T2,,20020408,48,200003,2,,Justine Henin,R,167,BEL,19.853,9,2991,200060,,,Tathiana Garbin,R,172,ITA,24.773,95,396,6-3 6-3,3,R16,,,,,,,,,,,,,,,,,,,
2002-803,Amelia Island,Clay,56,T2,,20020408,49,200748,1,,Venus Williams,R,185,USA,21.807,2,4385,200107,,,Paola Suarez,R,170,ARG,25.791,52,688,6-3 6-1,3,QF,,,,,,,,,,,,,,,,,,,
2002-803,Amelia Island,Clay,56,T2,,20020408,50,200124,,,Anne Kremer,R,165,LUX,26.476,29,1007,200016,5,,Sandrine Testud,R,176,FRA,30.013,11,2079,7-5 6-1,3,QF,,,,,,,,,,,,,,,,,,,
2002-803,Amelia Island,Clay,56,T2,,20020408,51,200120,3,,Jelena Dokic,R,175,AUS,18.990,8,3011,200108,10,,Elena Dementieva,R,180,RUS,20.480,16,1425,0-6 7-6(3) 6-1,3,QF,,,,,,,,,,,,,,,,,,,
2002-803,Amelia Island,Clay,56,T2,,20020408,52,200003,2,,Justine Henin,R,167,BEL,19.853,9,2991,200700,6,,Silvia Farina Elia,R,172,ITA,29.947,13,1747,6-4 6-4,3,QF,,,,,,,,,,,,,,,,,,,
2002-803,Amelia Island,Clay,56,T2,,20020408,53,200748,1,,Venus Williams,R,185,USA,21.807,2,4385,200124,,,Anne Kremer,R,165,LUX,26.476,29,1007,7-5 6-0,3,SF,,,,,,,,,,,,,,,,,,,
2002-803,Amelia Island,Clay,56,T2,,20020408,54,200003,2,,Justine Henin,R,167,BEL,19.853,9,2991,200120,3,,Jelena Dokic,R,175,AUS,18.990,8,3011,6-2 4-1 RET,3,SF,,,,,,,,,,,,,,,,,,,
2002-803,Amelia Island,Clay,56,T2,,20020408,55,200748,1,,Venus Williams,R,185,USA,21.807,2,4385,200003,2,,Justine Henin,R,167,BEL,19.853,9,2991,2-6 7-5 7-6(5),3,F,,,,,,,,,,,,,,,,,,,
2002-358,Estoril,Clay,32,T4,,20020408,1,200106,1,,Angeles Montolio,R,157,ESP,26.673,24,1109,201324,,,Irina Selyutina,R,178,KAZ,22.418,97,389,6-3 6-0,3,R32,,,,,,,,,,,,,,,,,,,
2002-358,Estoril,Clay,32,T4,,20020408,2,200088,,,Adriana Gersi,R,166,CZE,25.783,102,367,201072,,,Eva Bes Ostariz,R,,ESP,29.230,93,400,6-4 6-0,3,R32,,,,,,,,,,,,,,,,,,,
2002-358,Estoril,Clay,32,T4,,20020408,3,200025,,,Ludmila Cervanova,R,171,SVK,22.481,100,371,200101,,,Jana Kandarr,R,181,GER,25.545,81,480,7-6(3) 6-2,3,R32,,,,,,,,,,,,,,,,,,,
2002-358,Estoril,Clay,32,T4,,20020408,4,200027,4,,Magui Serna,L,167,ESP,23.105,48,723,201298,,,Zsofia Gubacsi,R,173,HUN,21.005,80,481,1-6 6-4 6-3,3,R32,,,,,,,,,,,,,,,,,,,
2002-358,Estoril,Clay,32,T4,,20020408,5,200764,,,Elena Bovina,R,189,RUS,19.080,76,500,201305,8,,Eleni Daniilidou,R,182,GRE,19.551,62,562,6-4 7-6(5),3,R32,,,,,,,,,,,,,,,,,,,
2002-358,Estoril,Clay,32,T4,,20020408,6,200078,,,Barbara Schwartz,L,181,AUT,23.196,77,489,200072,,,Cara Black,R,167,ZIM,23.138,59,611,6-4 6-4,3,R32,,,,,,,,,,,,,,,,,,,
2002-358,Estoril,Clay,32,T4,,20020408,7,200119,,,Rita Kuti Kis,L,176,HUN,24.148,139,222,200053,,Q,Lubomira Bacheva,R,,BUL,27.089,124,259,6-4 7-6(6),3,R32,,,,,,,,,,,,,,,,,,,
2002-358,Estoril,Clay,32,T4,,20020408,8,201452,,Q,Lourdes Dominguez Lino,R,163,ESP,21.022,217,122,200066,2,,Cristina Torrens Valero,R,171,ESP,27.571,34,875,7-5 6-1,3,R32,,,,,,,,,,,,,,,,,,,
2002-358,Estoril,Clay,32,T4,,20020408,9,201299,,,Celine Beigbeder,,,FRA,27.116,87,442,201574,,WC,Neuza Silva,R,170,POR,18.930,,,6-2 6-2,3,R32,,,,,,,,,,,,,,,,,,,
2002-358,Estoril,Clay,32,T4,,20020408,10,200090,,Q,Anca Barna,L,175,GER,24.901,103,362,201354,,Q,Libuse Prusova,R,176,CZE,22.738,378,40,6-2 6-1,3,R32,,,,,,,,,,,,,,,,,,,
2002-358,Estoril,Clay,32,T4,,20020408,11,200011,7,,Katarina Srebotnik,R,180,SLO,21.074,54,652,200087,,,Seda Noorlander,R,166,NED,27.880,99,374,6-4 6-2,3,R32,,,,,,,,,,,,,,,,,,,
2002-358,Estoril,Clay,32,T4,,20020408,12,201336,,WC,Dinara Safina,R,185,RUS,15.948,404,35,201292,3,,Martina Sucha,R,170,SVK,21.380,39,820,6-3 3-6 6-1,3,R32,,,,,,,,,,,,,,,,,,,
2002-358,Estoril,Clay,32,T4,,20020408,13,200089,,,Miriam Oremans,R,169,NED,29.578,91,414,201209,,,Selima Sfar,R,166,TUN,24.751,108,332,6-4 6-3,3,R32,,,,,,,,,,,,,,,,,,,
2002-358,Estoril,Clay,32,T4,,20020408,14,201297,,,Maja Matevzic,L,175,SLO,21.818,66,554,200094,,,Barbara Rittner,R,173,GER,28.953,67,554,6-4 7-6(7),3,R32,,,,,,,,,,,,,,,,,,,
2002-358,Estoril,Clay,32,T4,,20020408,15,200015,6,,Petra Mandula,R,178,HUN,24.222,57,624,200007,,,Silvija Talaja,R,173,CRO,24.230,94,397,6-4 6-3,3,R32,,,,,,,,,,,,,,,,,,,
2002-358,Estoril,Clay,32,T4,,20020408,16,200122,5,,Tina Pisnik,R,172,SLO,21.131,51,688,201310,,,Martina Muller,R,165,GER,19.491,79,481,6-0 4-6 6-4,3,R32,,,,,,,,,,,,,,,,,,,
2002-358,Estoril,Clay,32,T4,,20020408,17,200106,1,,Angeles Montolio,R,157,ESP,26.673,24,1109,201299,,,Celine Beigbeder,,,FRA,27.116,87,442,6-2 6-2,3,R16,,,,,,,,,,,,,,,,,,,
2002-358,Estoril,Clay,32,T4,,20020408,18,200090,,Q,Anca Barna,L,175,GER,24.901,103,362,200011,7,,Katarina Srebotnik,R,180,SLO,21.074,54,652,7-5 4-6 6-3,3,R16,,,,,,,,,,,,,,,,,,,
2002-358,Estoril,Clay,32,T4,,20020408,19,201336,,WC,Dinara Safina,R,185,RUS,15.948,404,35,200089,,,Miriam Oremans,R,169,NED,29.578,91,414,6-1 7-6(5),3,R16,,,,,,,,,,,,,,,,,,,
2002-358,Estoril,Clay,32,T4,,20020408,20,201297,,,Maja Matevzic,L,175,SLO,21.818,66,554,200015,6,,Petra Mandula,R,178,HUN,24.222,57,624,6-4 6-1,3,R16,,,,,,,,,,,,,,,,,,,
2002-358,Estoril,Clay,32,T4,,20020408,21,200122,5,,Tina Pisnik,R,172,SLO,21.131,51,688,200088,,,Adriana Gersi,R,166,CZE,25.783,102,367,6-4 6-2,3,R16,,,,,,,,,,,,,,,,,,,
2002-358,Estoril,Clay,32,T4,,20020408,22,200027,4,,Magui Serna,L,167,ESP,23.105,48,723,200025,,,Ludmila Cervanova,R,171,SVK,22.481,100,371,6-3 6-2,3,R16,,,,,,,,,,,,,,,,,,,
2002-358,Estoril,Clay,32,T4,,20020408,23,200764,,,Elena Bovina,R,189,RUS,19.080,76,500,200078,,,Barbara Schwartz,L,181,AUT,23.196,77,489,6-4 4-6 7-6(5),3,R16,,,,,,,,,,,,,,,,,,,
2002-358,Estoril,Clay,32,T4,,20020408,24,201452,,Q,Lourdes Dominguez Lino,R,163,ESP,21.022,217,122,200119,,,Rita Kuti Kis,L,176,HUN,24.148,139,222,6-3 6-4,3,R16,,,,,,,,,,,,,,,,,,,
2002-358,Estoril,Clay,32,T4,,20020408,25,200090,,Q,Anca Barna,L,175,GER,24.901,103,362,200106,1,,Angeles Montolio,R,157,ESP,26.673,24,1109,6-4 7-6(0),3,QF,,,,,,,,,,,,,,,,,,,
2002-358,Estoril,Clay,32,T4,,20020408,26,201336,,WC,Dinara Safina,R,185,RUS,15.948,404,35,201297,,,Maja Matevzic,L,175,SLO,21.818,66,554,6-0 7-5,3,QF,,,,,,,,,,,,,,,,,,,
2002-358,Estoril,Clay,32,T4,,20020408,27,200027,4,,Magui Serna,L,167,ESP,23.105,48,723,200122,5,,Tina Pisnik,R,172,SLO,21.131,51,688,6-2 6-0,3,QF,,,,,,,,,,,,,,,,,,,
2002-358,Estoril,Clay,32,T4,,20020408,28,200764,,,Elena Bovina,R,189,RUS,19.080,76,500,201452,,Q,Lourdes Dominguez Lino,R,163,ESP,21.022,217,122,6-3 6-2,3,QF,,,,,,,,,,,,,,,,,,,
2002-358,Estoril,Clay,32,T4,,20020408,29,200090,,Q,Anca Barna,L,175,GER,24.901,103,362,201336,,WC,Dinara Safina,R,185,RUS,15.948,404,35,7-6(6) 6-4,3,SF,,,,,,,,,,,,,,,,,,,
2002-358,Estoril,Clay,32,T4,,20020408,30,200027,4,,Magui Serna,L,167,ESP,23.105,48,723,200764,,,Elena Bovina,R,189,RUS,19.080,76,500,6-3 6-3,3,SF,,,,,,,,,,,,,,,,,,,
2002-358,Estoril,Clay,32,T4,,20020408,31,200027,4,,Magui Serna,L,167,ESP,23.105,48,723,200090,,Q,Anca Barna,L,175,GER,24.901,103,362,6-4 6-2,3,F,,,,,,,,,,,,,,,,,,,
2002-D047,Fed Cup G2 RRA: GBR vs MLT,Hard,4,D,,20020409,1,201199,,,Rachel Viollet,R,168,GBR,30.158,252,93,212146,,,Sarah Wetz,,,MLT,21.744,,,6-0 6-2,3,RR,,,,,,,,,,,,,,,,,,,
2002-D047,Fed Cup G2 RRA: GBR vs MLT,Hard,4,D,,20020409,2,201089,,,Lucie Ahl,R,159,GBR,27.713,172,171,212147,,,Rosanne Dimech,R,,MLT,16.449,,,6-1 6-2,3,RR,,,,,,,,,,,,,,,,,,,
2002-D050,Fed Cup G2 RRB: DEN vs TUN,Hard,4,D,,20020409,1,204970,,,Karina Ildor Jacobsgaard,R,,DEN,22.270,440,31,212148,,,Nadia Kilani,,,TUN,19.801,,,6-0 6-2,3,RR,,,,,,,,,,,,,,,,,,,
2002-D050,Fed Cup G2 RRB: DEN vs TUN,Hard,4,D,,20020409,2,201322,,,Eva Dyrberg,R,175,DEN,22.141,84,463,212138,,,Mariem Nissaf Bouchlaka,,,TUN,18.987,,,6-0 6-0,3,RR,,,,,,,,,,,,,,,,,,,
2002-D054,Fed Cup G2 RRC: RSA vs LIE,Hard,4,D,,20020409,1,202766,,,Nicole Rencken,R,,RSA,20.825,301,64,212149,,,Jeannine Niedhardt,,,LIE,21.824,,,6-2 6-1,3,RR,,,,,,,,,,,,,,,,,,,
2002-D054,Fed Cup G2 RRC: RSA vs LIE,Hard,4,D,,20020409,2,201708,,,Natalie Grandin,L,175,RSA,21.112,259,88,212150,,,Sabrina Vogt,,,LIE,19.560,,,6-0 6-0,3,RR,,,,,,,,,,,,,,,,,,,
2002-D055,Fed Cup G2 RRC: ALG vs LAT,Hard,4,D,,20020409,1,208217,,,Anete Bandere,R,,LAT,14.993,,,208060,,,Sihem Ben Youcef,,,ALG,22.341,,,6-2 6-3,3,RR,,,,,,,,,,,,,,,,,,,
2002-D055,Fed Cup G2 RRC: ALG vs LAT,Hard,4,D,,20020409,2,207583,,,Katrina Bandere,,,LAT,17.495,,,202298,,,Feriel Esseghir,R,,ALG,18.445,381,40,6-1 6-4,3,RR,,,,,,,,,,,,,,,,,,,
2002-D060,Fed Cup G2 RRD: IRL vs BOT,Hard,4,D,,20020409,1,204591,,,Elsa Oriain,,,IRL,19.551,481,27,212151,,,Lesedi Ramocha,,,BOT,21.361,,,6-0 6-0,3,RR,,,,,,,,,,,,,,,,,,,
2002-D060,Fed Cup G2 RRD: IRL vs BOT,Hard,4,D,,20020409,2,202266,,,Kelly Liggan,R,,IRL,23.174,253,92,212134,,,Razalia Phethu,,,BOT,19.494,,,6-1 6-0,3,RR,,,,,,,,,,,,,,,,,,,
2002-D061,Fed Cup G2 RRD: EGY vs FIN,Hard,4,D,,20020409,1,205296,,,Maarit Nieminen,R,,FIN,18.161,,,204897,,,Dina Khalil,,,EGY,19.776,,,6-3 6-2,3,RR,,,,,,,,,,,,,,,,,,,
2002-D061,Fed Cup G2 RRD: EGY vs FIN,Hard,4,D,,20020409,2,201441,,,Emma Laine,L,164,FIN,16.039,,,203969,,,Yomna Farid,R,,EGY,18.782,,,6-3 6-3,3,RR,,,,,,,,,,,,,,,,,,,
2002-D048,Fed Cup G2 RRA: NOR vs MLT,Hard,4,D,,20020410,1,212146,,,Sarah Wetz,,,MLT,21.747,,,208978,,,Annette Aksdal,,,NOR,15.502,,,6-4 6-3,3,RR,,,,,,,,,,,,,,,,,,,
2002-D048,Fed Cup G2 RRA: NOR vs MLT,Hard,4,D,,20020410,2,208207,,,Ina Sartz,,,NOR,20.559,,,212147,,,Rosanne Dimech,R,,MLT,16.452,,,6-3 3-6 6-2,3,RR,,,,,,,,,,,,,,,,,,,
2002-D051,Fed Cup G2 RRB: LTU vs TUN,Hard,4,D,,20020410,1,202348,,,Lina Stanciute,R,,LTU,16.170,,,212148,,,Nadia Kilani,,,TUN,19.803,,,6-0 6-0,3,RR,,,,,,,,,,,,,,,,,,,
2002-D051,Fed Cup G2 RRB: LTU vs TUN,Hard,4,D,,20020410,2,204969,,,Edita Liachoviciute,,,LTU,26.007,697,12,212138,,,Mariem Nissaf Bouchlaka,,,TUN,18.990,,,6-0 6-1,3,RR,,,,,,,,,,,,,,,,,,,
2002-D053,Fed Cup G2 RRC: RSA vs LAT,Hard,4,D,,20020410,1,201541,,,Chanelle Scheepers,R,176,RSA,18.076,359,43,208217,,,Anete Bandere,R,,LAT,14.996,,,6-2 6-1,3,RR,,,,,,,,,,,,,,,,,,,
2002-D053,Fed Cup G2 RRC: RSA vs LAT,Hard,4,D,,20020410,2,207583,,,Katrina Bandere,,,LAT,17.498,,,201708,,,Natalie Grandin,L,175,RSA,21.115,259,88,6-4 6-4,3,RR,,,,,,,,,,,,,,,,,,,
2002-D056,Fed Cup G2 RRC: ALG vs LIE,Hard,4,D,,20020410,1,207933,,,Sana Ben Salah,R,,ALG,18.314,,,212149,,,Jeannine Niedhardt,,,LIE,21.827,,,6-4 6-1,3,RR,,,,,,,,,,,,,,,,,,,
2002-D056,Fed Cup G2 RRC: ALG vs LIE,Hard,4,D,,20020410,2,202298,,,Feriel Esseghir,R,,ALG,18.448,381,40,212150,,,Sabrina Vogt,,,LIE,19.562,,,6-2 6-1,3,RR,,,,,,,,,,,,,,,,,,,
2002-D059,Fed Cup G2 RRD: IRL vs FIN,Hard,4,D,,20020410,1,204591,,,Elsa Oriain,,,IRL,19.554,481,27,205296,,,Maarit Nieminen,R,,FIN,18.163,,,6-4 6-0,3,RR,,,,,,,,,,,,,,,,,,,
2002-D059,Fed Cup G2 RRD: IRL vs FIN,Hard,4,D,,20020410,2,202266,,,Kelly Liggan,R,,IRL,23.176,253,92,201441,,,Emma Laine,L,164,FIN,16.041,,,6-1 6-1,3,RR,,,,,,,,,,,,,,,,,,,
2002-D062,Fed Cup G2 RRD: EGY vs BOT,Hard,4,D,,20020410,1,204898,,,Noha Mohsen,R,,EGY,17.542,,,212134,,,Razalia Phethu,,,BOT,19.497,,,6-2 6-1,3,RR,,,,,,,,,,,,,,,,,,,
2002-D062,Fed Cup G2 RRD: EGY vs BOT,Hard,4,D,,20020410,2,203969,,,Yomna Farid,R,,EGY,18.785,,,210539,,,Tapiwa Marobela,L,,BOT,14.946,,,6-2 6-2,3,RR,,,,,,,,,,,,,,,,,,,
2002-D046,Fed Cup G2 RRA: GBR vs NOR,Hard,4,D,,20020411,1,201304,,,Elena Baltacha,R,175,GBR,18.659,224,113,208978,,,Annette Aksdal,,,NOR,15.505,,,6-0 6-1,3,RR,,,,,,,,,,,,,,,,,,,
2002-D046,Fed Cup G2 RRA: GBR vs NOR,Hard,4,D,,20020411,2,200073,,,Julie Pullin,L,173,GBR,26.432,184,156,208207,,,Ina Sartz,,,NOR,20.562,,,6-3 6-0,3,RR,,,,,,,,,,,,,,,,,,,
2002-D049,Fed Cup G2 RRB: DEN vs LTU,Hard,4,D,,20020411,1,204970,,,Karina Ildor Jacobsgaard,R,,DEN,22.276,440,31,202348,,,Lina Stanciute,R,,LTU,16.173,,,6-2 6-1,3,RR,,,,,,,,,,,,,,,,,,,
2002-D049,Fed Cup G2 RRB: DEN vs LTU,Hard,4,D,,20020411,2,201322,,,Eva Dyrberg,R,175,DEN,22.147,84,463,204969,,,Edita Liachoviciute,,,LTU,26.010,697,12,6-3 6-0,3,RR,,,,,,,,,,,,,,,,,,,
2002-D052,Fed Cup G2 RRC: RSA vs ALG,Hard,4,D,,20020411,1,201541,,,Chanelle Scheepers,R,176,RSA,18.078,359,43,207933,,,Sana Ben Salah,R,,ALG,18.317,,,6-2 6-4,3,RR,,,,,,,,,,,,,,,,,,,
2002-D052,Fed Cup G2 RRC: RSA vs ALG,Hard,4,D,,20020411,2,202766,,,Nicole Rencken,R,,RSA,20.830,301,64,202298,,,Feriel Esseghir,R,,ALG,18.451,381,40,6-4 6-7(0) 6-3,3,RR,,,,,,,,,,,,,,,,,,,
2002-D057,Fed Cup G2 RRC: LAT vs LIE,Hard,4,D,,20020411,1,212124,,,Ilona Giberte,,,LAT,17.391,,,212149,,,Jeannine Niedhardt,,,LIE,21.829,,,6-3 6-3,3,RR,,,,,,,,,,,,,,,,,,,
2002-D057,Fed Cup G2 RRC: LAT vs LIE,Hard,4,D,,20020411,2,207583,,,Katrina Bandere,,,LAT,17.501,,,212150,,,Sabrina Vogt,,,LIE,19.565,,,6-2 6-1,3,RR,,,,,,,,,,,,,,,,,,,
2002-D058,Fed Cup G2 RRD: IRL vs EGY,Hard,4,D,,20020411,1,202997,,,Yvonne Doyle,,,IRL,27.343,394,37,204898,,,Noha Mohsen,R,,EGY,17.545,,,6-1 6-2,3,RR,,,,,,,,,,,,,,,,,,,
2002-D058,Fed Cup G2 RRD: IRL vs EGY,Hard,4,D,,20020411,2,202266,,,Kelly Liggan,R,,IRL,23.179,253,92,204897,,,Dina Khalil,,,EGY,19.781,,,6-3 6-2,3,RR,,,,,,,,,,,,,,,,,,,
2002-D063,Fed Cup G2 RRD: FIN vs BOT,Hard,4,D,,20020411,1,203290,,,Piia Suomalainen,R,172,FIN,17.755,,,212152,,,Phemelo Mogapi,,,BOT,17.257,,,6-0 6-1,3,RR,,,,,,,,,,,,,,,,,,,
2002-D063,Fed Cup G2 RRD: FIN vs BOT,Hard,4,D,,20020411,2,201441,,,Emma Laine,L,164,FIN,16.044,,,210539,,,Tapiwa Marobela,L,,BOT,14.949,,,6-0 6-0,3,RR,,,,,,,,,,,,,,,,,,,
2002-D064,Fed Cup G2 PO: LTU vs EGY,Hard,4,D,,20020412,1,202348,,,Lina Stanciute,R,,LTU,16.176,,,204897,,,Dina Khalil,,,EGY,19.784,,,6-3 6-4,3,RR,,,,,,,,,,,,,,,,,,,
2002-D064,Fed Cup G2 PO: LTU vs EGY,Hard,4,D,,20020412,2,204969,,,Edita Liachoviciute,,,LTU,26.013,697,12,203969,,,Yomna Farid,R,,EGY,18.790,,,7-5 1-6 6-3,3,RR,,,,,,,,,,,,,,,,,,,
2002-D065,Fed Cup G2 PO: RSA vs MLT,Hard,4,D,,20020412,1,201541,,,Chanelle Scheepers,R,176,RSA,18.081,359,43,212146,,,Sarah Wetz,,,MLT,21.753,,,6-0 6-2,3,RR,,,,,,,,,,,,,,,,,,,
2002-D065,Fed Cup G2 PO: RSA vs MLT,Hard,4,D,,20020412,2,201708,,,Natalie Grandin,L,175,RSA,21.120,259,88,212147,,,Rosanne Dimech,R,,MLT,16.458,,,6-1 6-1,3,RR,,,,,,,,,,,,,,,,,,,
2002-D066,Fed Cup G2 PO: FIN vs TUN,Hard,4,D,,20020412,1,205296,,,Maarit Nieminen,R,,FIN,18.169,,,207696,,,Imen Ben Larbi,,,TUN,24.318,,,6-0 6-4,3,RR,,,,,,,,,,,,,,,,,,,
2002-D066,Fed Cup G2 PO: FIN vs TUN,Hard,4,D,,20020412,2,201441,,,Emma Laine,L,164,FIN,16.047,,,212148,,,Nadia Kilani,,,TUN,19.809,,,6-0 6-1,3,RR,,,,,,,,,,,,,,,,,,,
2002-D067,Fed Cup G2 PO: ALG vs NOR,Hard,4,D,,20020412,1,207933,,,Sana Ben Salah,R,,ALG,18.319,,,208978,,,Annette Aksdal,,,NOR,15.508,,,6-0 6-1,3,RR,,,,,,,,,,,,,,,,,,,
2002-D067,Fed Cup G2 PO: ALG vs NOR,Hard,4,D,,20020412,2,202298,,,Feriel Esseghir,R,,ALG,18.453,381,40,208207,,,Ina Sartz,,,NOR,20.564,,,6-2 6-4,3,RR,,,,,,,,,,,,,,,,,,,
2002-D068,Fed Cup G2 PO: LIE vs IRL,Hard,4,D,,20020412,1,202997,,,Yvonne Doyle,,,IRL,27.346,394,37,212149,,,Jeannine Niedhardt,,,LIE,21.832,,,6-2 6-0,3,RR,,,,,,,,,,,,,,,,,,,
2002-D068,Fed Cup G2 PO: LIE vs IRL,Hard,4,D,,20020412,2,202266,,,Kelly Liggan,R,,IRL,23.182,253,92,212150,,,Sabrina Vogt,,,LIE,19.568,,,6-1 6-1,3,RR,,,,,,,,,,,,,,,,,,,
2002-D069,Fed Cup G2 PO: BOT vs LAT,Hard,4,D,,20020412,1,208217,,,Anete Bandere,R,,LAT,15.001,,,212134,,,Razalia Phethu,,,BOT,19.502,,,6-1 6-2,3,RR,,,,,,,,,,,,,,,,,,,
2002-D069,Fed Cup G2 PO: BOT vs LAT,Hard,4,D,,20020412,2,207583,,,Katrina Bandere,,,LAT,17.503,,,210539,,,Tapiwa Marobela,L,,BOT,14.952,,,6-2 6-2,3,RR,,,,,,,,,,,,,,,,,,,
2002-D070,Fed Cup G2 PO: GBR vs LTU,Hard,4,D,,20020413,1,201304,,,Elena Baltacha,R,175,GBR,18.664,224,113,202348,,,Lina Stanciute,R,,LTU,16.178,,,4-6 6-2 6-2,3,RR,,,,,,,,,,,,,,,,,,,
2002-D070,Fed Cup G2 PO: GBR vs LTU,Hard,4,D,,20020413,2,201089,,,Lucie Ahl,R,159,GBR,27.724,172,171,204969,,,Edita Liachoviciute,,,LTU,26.016,697,12,6-3 6-1,3,RR,,,,,,,,,,,,,,,,,,,
2002-D071,Fed Cup G2 PO: RSA vs FIN,Hard,4,D,,20020413,1,202766,,,Nicole Rencken,R,,RSA,20.835,301,64,205296,,,Maarit Nieminen,R,,FIN,18.171,,,3-6 6-0 6-2,3,RR,,,,,,,,,,,,,,,,,,,
2002-D071,Fed Cup G2 PO: RSA vs FIN,Hard,4,D,,20020413,2,201708,,,Natalie Grandin,L,175,RSA,21.123,259,88,201441,,,Emma Laine,L,164,FIN,16.050,,,6-2 6-4,3,RR,,,,,,,,,,,,,,,,,,,
2002-D072,Fed Cup G2 PO: ALG vs IRL,Hard,4,D,,20020413,1,202997,,,Yvonne Doyle,,,IRL,27.349,394,37,207933,,,Sana Ben Salah,R,,ALG,18.322,,,6-3 6-1,3,RR,,,,,,,,,,,,,,,,,,,
2002-D072,Fed Cup G2 PO: ALG vs IRL,Hard,4,D,,20020413,2,202266,,,Kelly Liggan,R,,IRL,23.185,253,92,202298,,,Feriel Esseghir,R,,ALG,18.456,381,40,7-6(3) 6-1,3,RR,,,,,,,,,,,,,,,,,,,
2002-D073,Fed Cup G2 PO: LAT vs DEN,Hard,4,D,,20020413,1,204970,,,Karina Ildor Jacobsgaard,R,,DEN,22.281,440,31,208217,,,Anete Bandere,R,,LAT,15.004,,,6-7(3) 6-2 6-0,3,RR,,,,,,,,,,,,,,,,,,,
2002-D073,Fed Cup G2 PO: LAT vs DEN,Hard,4,D,,20020413,2,201322,,,Eva Dyrberg,R,175,DEN,22.152,84,463,207583,,,Katrina Bandere,,,LAT,17.506,,,6-3 6-3,3,RR,,,,,,,,,,,,,,,,,,,
2002-804,Charleston,Clay,56,T1,,20020415,1,200697,,,Janette Husarova,R,169,SVK,27.864,43,812,200749,,Q,Samantha Reeves,R,173,USA,23.242,85,448,3-6 6-3 6-3,3,R64,,,,,,,,,,,,,,,,,,,
2002-804,Charleston,Clay,56,T1,,20020415,2,201290,11,,Daniela Hantuchova,R,181,SVK,18.979,15,1431,200709,,,Rossana De Los Rios,R,170,PAR,26.580,57,637,4-6 7-6(4) 6-0,3,R64,,,,,,,,,,,,,,,,,,,
2002-804,Charleston,Clay,56,T1,,20020415,3,200096,,WC,Mary Pierce,R,178,FRA,27.248,232,109,200008,,,Alicia Molik,R,182,AUS,21.213,49,717,6-3 6-4,3,R64,,,,,,,,,,,,,,,,,,,
2002-804,Charleston,Clay,56,T1,,20020415,4,200067,,,Patty Schnyder,L,168,SUI,23.335,30,943,200118,,,Virginia Ruano Pascual,R,169,ESP,28.565,66,545,6-2 6-3,3,R64,,,,,,,,,,,,,,,,,,,
2002-804,Charleston,Clay,56,T1,,20020415,5,200107,,,Paola Suarez,R,170,ARG,25.810,47,750,200126,,,Marissa Irvin,R,170,USA,21.810,55,648,6-1 6-1,3,R64,,,,,,,,,,,,,,,,,,,
2002-804,Charleston,Clay,56,T1,,20020415,6,200727,,,Adriana Serra Zanetti,R,160,ITA,26.111,44,787,200777,,,Marta Marrero,R,173,ESP,19.245,69,536,6-1 6-1,3,R64,,,,,,,,,,,,,,,,,,,
2002-804,Charleston,Clay,56,T1,,20020415,7,200064,13,,Amanda Coetzer,R,158,RSA,30.481,20,1196,200057,,Q,Erika De Lone,R,,USA,29.501,133,229,6-4 6-2,3,R64,,,,,,,,,,,,,,,,,,,
2002-804,Charleston,Clay,56,T1,,20020415,8,201306,,,Marie Gaiane Mikaelian,R,172,SUI,18.117,64,555,201212,17,,Francesca Schiavone,R,166,ITA,21.810,28,990,6-3 3-6 7-5,3,R64,,,,,,,,,,,,,,,,,,,
2002-804,Charleston,Clay,56,T1,,20020415,9,200723,,,Iva Majoli,R,175,CRO,24.674,58,632,201296,,,Bianka Lamade,R,184,GER,19.625,71,532,7-5 6-3,3,R64,,,,,,,,,,,,,,,,,,,
2002-804,Charleston,Clay,56,T1,,20020415,10,200040,,,Anna Smashnova,R,157,ISR,25.747,35,870,201086,,LL,Greta Arn,R,180,HUN,23.007,91,426,6-2 6-0,3,R64,,,,,,,,,,,,,,,,,,,
2002-804,Charleston,Clay,56,T1,,20020415,11,200085,,,Ai Sugiyama,R,163,JPN,26.779,29,977,200124,,,Anne Kremer,R,165,LUX,26.495,21,1161,3-6 6-4 6-4,3,R64,,,,,,,,,,,,,,,,,,,
2002-804,Charleston,Clay,56,T1,,20020415,12,200019,,Q,Alexandra Fusai,R,176,FRA,28.395,185,158,200036,,,Nicole Pratt,R,163,AUS,29.112,38,838,6-4 6-1,3,R64,,,,,,,,,,,,,,,,,,,
2002-804,Charleston,Clay,56,T1,,20020415,13,200754,,WC,Jill Craybas,R,160,USA,27.782,108,325,200068,,WC,Lilia Osterloh,R,170,USA,24.022,60,605,6-2 6-0,3,R64,,,,,,,,,,,,,,,,,,,
2002-804,Charleston,Clay,56,T1,,20020415,14,200108,12,,Elena Dementieva,R,180,RUS,20.499,14,1437,201429,,Q,Rika Fujiwara,R,155,JPN,20.570,119,277,7-6(7) 6-1,3,R64,,,,,,,,,,,,,,,,,,,
2002-804,Charleston,Clay,56,T1,,20020415,15,200773,,Q,Stephanie Foretz Gacon,R,166,FRA,20.950,109,323,201295,,LL,Wynne Prakusya,R,160,INA,20.970,92,417,6-2 6-0,3,R64,,,,,,,,,,,,,,,,,,,
2002-804,Charleston,Clay,56,T1,,20020415,16,200049,,,Conchita Martinez,R,170,ESP,29.997,37,856,200113,,,Anna Kournikova,R,173,RUS,20.855,68,545,7-6(5) 6-1,3,R64,,,,,,,,,,,,,,,,,,,
2002-804,Charleston,Clay,56,T1,,20020415,17,200041,,,Amy Frazier,R,175,USA,29.569,51,678,201360,,Q,Julia Vakulenko,R,183,UKR,18.766,125,257,6-4 6-2,3,R64,,,,,,,,,,,,,,,,,,,
2002-804,Charleston,Clay,56,T1,,20020415,18,200031,,,Meilen Tu,R,163,USA,24.241,61,599,200063,15,,Tatiana Panova,R,154,RUS,25.671,23,1143,6-3 6-4,3,R64,,,,,,,,,,,,,,,,,,,
2002-804,Charleston,Clay,56,T1,,20020415,19,200017,10,,Arantxa Sanchez Vicario,R,168,ESP,30.325,17,1291,200010,,,Rita Grande,R,177,ITA,27.064,34,906,6-4 6-2,3,R64,,,,,,,,,,,,,,,,,,,
2002-804,Charleston,Clay,56,T1,,20020415,20,200772,,,Anastasia Myskina,R,174,RUS,20.770,33,919,200061,,,Gala Leon Garcia,L,163,ESP,28.310,48,729,6-2 6-3,3,R64,,,,,,,,,,,,,,,,,,,
2002-804,Charleston,Clay,56,T1,,20020415,21,201302,,Q,Clarisa Fernandez,L,179,ARG,20.630,128,251,200098,,,Henrieta Nagyova,R,177,SVK,23.332,42,814,4-6 6-4 6-0,3,R64,,,,,,,,,,,,,,,,,,,
2002-804,Charleston,Clay,56,T1,,20020415,22,200766,,,Jennifer Hopkins,R,170,USA,21.175,70,534,200022,,,Emmanuelle Gagliardi,R,171,SUI,25.766,45,781,6-7(1) 6-2 6-1,3,R64,,,,,,,,,,,,,,,,,,,
2002-804,Charleston,Clay,56,T1,,20020415,23,200048,,,Elena Likhovtseva,R,174,RUS,26.602,39,824,201321,,Q,Antonella Serra Zanetti,R,168,ITA,21.723,124,260,6-3 6-2,3,R64,,,,,,,,,,,,,,,,,,,
2002-804,Charleston,Clay,56,T1,,20020415,24,200109,,,Nathalie Dechy,R,177,FRA,23.146,32,920,200020,14,,Lisa Raymond,R,165,USA,28.680,24,1131,2-6 6-2 6-3,3,R64,,,,,,,,,,,,,,,,,,,
2002-804,Charleston,Clay,56,T1,,20020415,25,200077,1,,Jennifer Capriati,R,170,USA,26.046,1,4803,200697,,,Janette Husarova,R,169,SVK,27.864,43,812,2-6 6-2 6-4,3,R32,,,,,,,,,,,,,,,,,,,
2002-804,Charleston,Clay,56,T1,,20020415,26,200019,,Q,Alexandra Fusai,R,176,FRA,28.395,185,158,200031,,,Meilen Tu,R,163,USA,24.241,61,599,6-1 6-1,3,R32,,,,,,,,,,,,,,,,,,,
2002-804,Charleston,Clay,56,T1,,20020415,27,200772,,,Anastasia Myskina,R,174,RUS,20.770,33,919,200017,10,,Arantxa Sanchez Vicario,R,168,ESP,30.325,17,1291,7-6(4) 7-6(7),3,R32,,,,,,,,,,,,,,,,,,,
2002-804,Charleston,Clay,56,T1,,20020415,28,201302,,Q,Clarisa Fernandez,L,179,ARG,20.630,128,251,200700,9,,Silvia Farina Elia,R,172,ITA,29.966,13,1713,7-6(4) 6-0,3,R32,,,,,,,,,,,,,,,,,,,
2002-804,Charleston,Clay,56,T1,,20020415,29,200033,3,,Serena Williams,R,175,USA,20.551,7,3271,200766,,,Jennifer Hopkins,R,170,USA,21.175,70,534,6-0 6-2,3,R32,,,,,,,,,,,,,,,,,,,
2002-804,Charleston,Clay,56,T1,,20020415,30,200109,,,Nathalie Dechy,R,177,FRA,23.146,32,920,200048,,,Elena Likhovtseva,R,174,RUS,26.602,39,824,6-4 7-6(3),3,R32,,,,,,,,,,,,,,,,,,,
2002-804,Charleston,Clay,56,T1,,20020415,31,200096,,WC,Mary Pierce,R,178,FRA,27.248,232,109,201290,11,,Daniela Hantuchova,R,181,SVK,18.979,15,1431,6-3 6-4,3,R32,,,,,,,,,,,,,,,,,,,
2002-804,Charleston,Clay,56,T1,,20020415,32,200067,,,Patty Schnyder,L,168,SUI,23.335,30,943,200065,6,,Amelie Mauresmo,R,175,FRA,22.779,10,2341,6-4 3-6 6-2,3,R32,,,,,,,,,,,,,,,,,,,
2002-804,Charleston,Clay,56,T1,,20020415,33,200107,,,Paola Suarez,R,170,ARG,25.810,47,750,200046,8,,Meghann Shaughnessy,R,180,USA,23.007,12,1731,6-1 6-1,3,R32,,,,,,,,,,,,,,,,,,,
2002-804,Charleston,Clay,56,T1,,20020415,34,200064,13,,Amanda Coetzer,R,158,RSA,30.481,20,1196,200727,,,Adriana Serra Zanetti,R,160,ITA,26.111,44,787,7-5 4-6 6-2,3,R32,,,,,,,,,,,,,,,,,,,
2002-804,Charleston,Clay,56,T1,,20020415,35,200723,,,Iva Majoli,R,175,CRO,24.674,58,632,201306,,,Marie Gaiane Mikaelian,R,172,SUI,18.117,64,555,6-2 6-4,3,R32,,,,,,,,,,,,,,,,,,,
2002-804,Charleston,Clay,56,T1,,20020415,36,200040,,,Anna Smashnova,R,157,ISR,25.747,35,870,200120,4,,Jelena Dokic,R,175,AUS,19.009,9,3086,6-1 6-3,3,R32,,,,,,,,,,,,,,,,,,,
2002-804,Charleston,Clay,56,T1,,20020415,37,200016,7,,Sandrine Testud,R,176,FRA,30.032,11,2094,200085,,,Ai Sugiyama,R,163,JPN,26.779,29,977,7-5 4-6 7-6(2),3,R32,,,,,,,,,,,,,,,,,,,
2002-804,Charleston,Clay,56,T1,,20020415,38,200754,,WC,Jill Craybas,R,160,USA,27.782,108,325,200108,12,,Elena Dementieva,R,180,RUS,20.499,14,1437,6-4 3-2 RET,3,R32,,,,,,,,,,,,,,,,,,,
2002-804,Charleston,Clay,56,T1,,20020415,39,200773,,Q,Stephanie Foretz Gacon,R,166,FRA,20.950,109,323,200049,,,Conchita Martinez,R,170,ESP,29.997,37,856,6-1 6-2,3,R32,,,,,,,,,,,,,,,,,,,
2002-804,Charleston,Clay,56,T1,,20020415,40,200652,2,,Monica Seles,L,178,USA,28.367,6,3314,200041,,,Amy Frazier,R,175,USA,29.569,51,678,4-6 6-3 6-0,3,R32,,,,,,,,,,,,,,,,,,,
2002-804,Charleston,Clay,56,T1,,20020415,41,200077,1,,Jennifer Capriati,R,170,USA,26.046,1,4803,200019,,Q,Alexandra Fusai,R,176,FRA,28.395,185,158,6-3 7-5,3,R16,,,,,,,,,,,,,,,,,,,
2002-804,Charleston,Clay,56,T1,,20020415,42,200772,,,Anastasia Myskina,R,174,RUS,20.770,33,919,201302,,Q,Clarisa Fernandez,L,179,ARG,20.630,128,251,3-6 6-4 6-4,3,R16,,,,,,,,,,,,,,,,,,,
2002-804,Charleston,Clay,56,T1,,20020415,43,200033,3,,Serena Williams,R,175,USA,20.551,7,3271,200109,,,Nathalie Dechy,R,177,FRA,23.146,32,920,7-6(3) 6-3,3,R16,,,,,,,,,,,,,,,,,,,
2002-804,Charleston,Clay,56,T1,,20020415,44,200067,,,Patty Schnyder,L,168,SUI,23.335,30,943,200096,,WC,Mary Pierce,R,178,FRA,27.248,232,109,7-6(4) 6-2,3,R16,,,,,,,,,,,,,,,,,,,
2002-804,Charleston,Clay,56,T1,,20020415,45,200064,13,,Amanda Coetzer,R,158,RSA,30.481,20,1196,200107,,,Paola Suarez,R,170,ARG,25.810,47,750,3-6 7-5 6-3,3,R16,,,,,,,,,,,,,,,,,,,
2002-804,Charleston,Clay,56,T1,,20020415,46,200723,,,Iva Majoli,R,175,CRO,24.674,58,632,200040,,,Anna Smashnova,R,157,ISR,25.747,35,870,6-1 3-6 6-2,3,R16,,,,,,,,,,,,,,,,,,,
2002-804,Charleston,Clay,56,T1,,20020415,47,200016,7,,Sandrine Testud,R,176,FRA,30.032,11,2094,200754,,WC,Jill Craybas,R,160,USA,27.782,108,325,6-3 6-2,3,R16,,,,,,,,,,,,,,,,,,,
2002-804,Charleston,Clay,56,T1,,20020415,48,200773,,Q,Stephanie Foretz Gacon,R,166,FRA,20.950,109,323,200652,2,,Monica Seles,L,178,USA,28.367,6,3314,6-4 7-6(6),3,R16,,,,,,,,,,,,,,,,,,,
2002-804,Charleston,Clay,56,T1,,20020415,49,200077,1,,Jennifer Capriati,R,170,USA,26.046,1,4803,200772,,,Anastasia Myskina,R,174,RUS,20.770,33,919,6-0 7-5,3,QF,,,,,,,,,,,,,,,,,,,
2002-804,Charleston,Clay,56,T1,,20020415,50,200067,,,Patty Schnyder,L,168,SUI,23.335,30,943,200033,3,,Serena Williams,R,175,USA,20.551,7,3271,2-6 6-4 7-5,3,QF,,,,,,,,,,,,,,,,,,,
2002-804,Charleston,Clay,56,T1,,20020415,51,200723,,,Iva Majoli,R,175,CRO,24.674,58,632,200064,13,,Amanda Coetzer,R,158,RSA,30.481,20,1196,6-4 7-5,3,QF,,,,,,,,,,,,,,,,,,,
2002-804,Charleston,Clay,56,T1,,20020415,52,200016,7,,Sandrine Testud,R,176,FRA,30.032,11,2094,200773,,Q,Stephanie Foretz Gacon,R,166,FRA,20.950,109,323,6-7(4) 6-3 6-3,3,QF,,,,,,,,,,,,,,,,,,,
2002-804,Charleston,Clay,56,T1,,20020415,53,200067,,,Patty Schnyder,L,168,SUI,23.335,30,943,200077,1,,Jennifer Capriati,R,170,USA,26.046,1,4803,6-4 6-3,3,SF,,,,,,,,,,,,,,,,,,,
2002-804,Charleston,Clay,56,T1,,20020415,54,200723,,,Iva Majoli,R,175,CRO,24.674,58,632,200016,7,,Sandrine Testud,R,176,FRA,30.032,11,2094,6-2 6-4,3,SF,,,,,,,,,,,,,,,,,,,
2002-804,Charleston,Clay,56,T1,,20020415,55,200723,,,Iva Majoli,R,175,CRO,24.674,58,632,200067,,,Patty Schnyder,L,168,SUI,23.335,30,943,7-6(5) 6-4,3,F,,,,,,,,,,,,,,,,,,,
2002-578,Budapest,Clay,32,T5,,20020415,1,201292,1,,Martina Sucha,R,170,SVK,21.399,40,820,201331,,Q,Iveta Benesova,L,170,CZE,19.201,157,196,3-6 6-3 6-4,3,R32,,,,,,,,,,,,,,,,,,,
2002-578,Budapest,Clay,32,T5,,20020415,2,200119,,,Rita Kuti Kis,L,176,HUN,24.168,130,235,201072,,,Eva Bes Ostariz,R,,ESP,29.249,95,400,6-4 2-6 6-1,3,R32,,,,,,,,,,,,,,,,,,,
2002-578,Budapest,Clay,32,T5,,20020415,3,201298,,,Zsofia Gubacsi,R,173,HUN,21.024,78,481,201287,,,Maria Jose Martinez Sanchez,L,176,ESP,19.675,117,289,7-5 4-6 6-2,3,R32,,,,,,,,,,,,,,,,,,,
2002-578,Budapest,Clay,32,T5,,20020415,4,201305,4,,Eleni Daniilidou,R,182,GRE,19.571,63,562,200025,,,Ludmila Cervanova,R,171,SVK,22.500,100,382,6-3 6-4,3,R32,,,,,,,,,,,,,,,,,,,
2002-578,Budapest,Clay,32,T5,,20020415,5,200053,,,Lubomira Bacheva,R,,BUL,27.108,129,245,200764,7,,Elena Bovina,R,189,RUS,19.100,93,404,7-6(1) 6-4,3,R32,,,,,,,,,,,,,,,,,,,
2002-578,Budapest,Clay,32,T5,,20020415,6,200014,,Q,Tzipi Obziler,R,172,ISR,28.989,565,20,200089,,,Miriam Oremans,R,169,NED,29.597,90,428,6-3 6-3,3,R32,,,,,,,,,,,,,,,,,,,
2002-578,Budapest,Clay,32,T5,,20020415,7,201335,,Q,Myriam Casanova,R,172,SUI,16.819,348,49,200056,,,Jelena Kostanic Tosic,L,168,CRO,20.775,82,465,6-3 6-4,3,R32,,,,,,,,,,,,,,,,,,,
2002-578,Budapest,Clay,32,T5,,20020415,8,201346,,LL,Lubomira Kurhajcova,R,180,SVK,18.511,175,168,200015,2,,Petra Mandula,R,178,HUN,24.241,56,639,6-2 6-3,3,R32,,,,,,,,,,,,,,,,,,,
2002-578,Budapest,Clay,32,T5,,20020415,9,201320,,LL,Svetlana Kuznetsova,R,174,RUS,16.800,161,187,200007,,,Silvija Talaja,R,173,CRO,24.250,96,397,6-3 6-4,3,R32,,,,,,,,,,,,,,,,,,,
2002-578,Budapest,Clay,32,T5,,20020415,10,201299,,,Celine Beigbeder,,,FRA,27.135,84,448,201317,,,Aniko Kapros,R,173,HUN,18.426,150,207,6-1 6-3,3,R32,,,,,,,,,,,,,,,,,,,
2002-578,Budapest,Clay,32,T5,,20020415,11,201310,,,Martina Muller,R,165,GER,19.510,77,481,201297,5,,Maja Matevzic,L,175,SLO,21.838,62,586,3-6 6-3 7-5,3,R32,,,,,,,,,,,,,,,,,,,
2002-578,Budapest,Clay,32,T5,,20020415,12,200072,3,,Cara Black,R,167,ZIM,23.157,59,611,201351,,Q,Eva Fislova,R,,SVK,21.079,188,155,6-3 3-6 6-3,3,R32,,,,,,,,,,,,,,,,,,,
2002-578,Budapest,Clay,32,T5,,20020415,13,200765,,WC,Katalin Marosi,R,178,HUN,22.423,220,121,200087,,,Seda Noorlander,R,166,NED,27.899,102,374,2-6 7-5 6-4,3,R32,,,,,,,,,,,,,,,,,,,
2002-578,Budapest,Clay,32,T5,,20020415,14,200104,,,Emilie Loit,L,167,FRA,22.851,89,432,202279,,WC,Virag Nemeth,R,,HUN,16.822,,,7-6(1) 4-6 6-3,3,R32,,,,,,,,,,,,,,,,,,,
2002-578,Budapest,Clay,32,T5,,20020415,15,201284,6,,Tatiana Poutchek,R,176,BLR,23.264,74,517,201308,,,Maria Elena Camerin,R,164,ITA,20.069,106,342,6-2 6-3,3,R32,,,,,,,,,,,,,,,,,,,
2002-578,Budapest,Clay,32,T5,,20020415,16,200101,,,Jana Kandarr,R,181,GER,25.564,101,375,200078,8,,Barbara Schwartz,L,181,AUT,23.215,75,509,4-6 6-1 6-2,3,R32,,,,,,,,,,,,,,,,,,,
2002-578,Budapest,Clay,32,T5,,20020415,17,201292,1,,Martina Sucha,R,170,SVK,21.399,40,820,201320,,LL,Svetlana Kuznetsova,R,174,RUS,16.800,161,187,6-1 6-2,3,R16,,,,,,,,,,,,,,,,,,,
2002-578,Budapest,Clay,32,T5,,20020415,18,201310,,,Martina Muller,R,165,GER,19.510,77,481,201299,,,Celine Beigbeder,,,FRA,27.135,84,448,4-6 7-6(4) 6-0,3,R16,,,,,,,,,,,,,,,,,,,
2002-578,Budapest,Clay,32,T5,,20020415,19,200072,3,,Cara Black,R,167,ZIM,23.157,59,611,200765,,WC,Katalin Marosi,R,178,HUN,22.423,220,121,6-3 6-3,3,R16,,,,,,,,,,,,,,,,,,,
2002-578,Budapest,Clay,32,T5,,20020415,20,201284,6,,Tatiana Poutchek,R,176,BLR,23.264,74,517,200104,,,Emilie Loit,L,167,FRA,22.851,89,432,6-2 2-6 6-3,3,R16,,,,,,,,,,,,,,,,,,,
2002-578,Budapest,Clay,32,T5,,20020415,21,200119,,,Rita Kuti Kis,L,176,HUN,24.168,130,235,200101,,,Jana Kandarr,R,181,GER,25.564,101,375,6-0 7-5,3,R16,,,,,,,,,,,,,,,,,,,
2002-578,Budapest,Clay,32,T5,,20020415,22,201305,4,,Eleni Daniilidou,R,182,GRE,19.571,63,562,201298,,,Zsofia Gubacsi,R,173,HUN,21.024,78,481,6-4 7-5,3,R16,,,,,,,,,,,,,,,,,,,
2002-578,Budapest,Clay,32,T5,,20020415,23,200053,,,Lubomira Bacheva,R,,BUL,27.108,129,245,200014,,Q,Tzipi Obziler,R,172,ISR,28.989,565,20,3-6 6-4 6-0,3,R16,,,,,,,,,,,,,,,,,,,
2002-578,Budapest,Clay,32,T5,,20020415,24,201335,,Q,Myriam Casanova,R,172,SUI,16.819,348,49,201346,,LL,Lubomira Kurhajcova,R,180,SVK,18.511,175,168,3-6 6-2 6-4,3,R16,,,,,,,,,,,,,,,,,,,
2002-578,Budapest,Clay,32,T5,,20020415,25,201310,,,Martina Muller,R,165,GER,19.510,77,481,201292,1,,Martina Sucha,R,170,SVK,21.399,40,820,6-3 6-7(3) 6-3,3,QF,,,,,,,,,,,,,,,,,,,
2002-578,Budapest,Clay,32,T5,,20020415,26,201284,6,,Tatiana Poutchek,R,176,BLR,23.264,74,517,200072,3,,Cara Black,R,167,ZIM,23.157,59,611,3-6 7-6(7) 6-4,3,QF,,,,,,,,,,,,,,,,,,,
2002-578,Budapest,Clay,32,T5,,20020415,27,201305,4,,Eleni Daniilidou,R,182,GRE,19.571,63,562,200119,,,Rita Kuti Kis,L,176,HUN,24.168,130,235,6-2 6-2,3,QF,,,,,,,,,,,,,,,,,,,
2002-578,Budapest,Clay,32,T5,,20020415,28,201335,,Q,Myriam Casanova,R,172,SUI,16.819,348,49,200053,,,Lubomira Bacheva,R,,BUL,27.108,129,245,3-6 6-1 6-1,3,QF,,,,,,,,,,,,,,,,,,,
2002-578,Budapest,Clay,32,T5,,20020415,29,201310,,,Martina Muller,R,165,GER,19.510,77,481,201284,6,,Tatiana Poutchek,R,176,BLR,23.264,74,517,6-2 6-1,3,SF,,,,,,,,,,,,,,,,,,,
2002-578,Budapest,Clay,32,T5,,20020415,30,201335,,Q,Myriam Casanova,R,172,SUI,16.819,348,49,201305,4,,Eleni Daniilidou,R,182,GRE,19.571,63,562,6-4 2-6 7-5,3,SF,,,,,,,,,,,,,,,,,,,
2002-578,Budapest,Clay,32,T5,,20020415,31,201310,,,Martina Muller,R,165,GER,19.510,77,481,201335,,Q,Myriam Casanova,R,172,SUI,16.819,348,49,6-2 3-6 6-4,3,F,,,,,,,,,,,,,,,,,,,
2002-D080,Fed Cup G1 RRB: COL vs VEN,Hard,4,D,,20020422,1,201293,,,Catalina Castano,R,171,COL,22.793,147,209,204543,,,Mariela Salinas,,,VEN,22.191,,,6-2 6-3,3,RR,,,,,,,,,,,,,,,,,,,
2002-D080,Fed Cup G1 RRB: COL vs VEN,Hard,4,D,,20020422,2,200110,,,Fabiola Zuluaga,R,172,COL,23.289,137,226,203083,,,Stephanie Schaer,,,VEN,22.448,531,22,6-3 6-3,3,RR,,,,,,,,,,,,,,,,,,,
2002-D087,Fed Cup G1 RRB: PAR vs URU,Hard,4,D,,20020422,1,202309,,,Ana Lucia Migliarini De Leon,L,,URU,18.349,446,30,201729,,,Larissa Schaerer,R,170,PAR,27.020,,,6-3 6-3,3,RR,,,,,,,,,,,,,,,,,,,
2002-D087,Fed Cup G1 RRB: PAR vs URU,Hard,4,D,,20020422,2,203084,,,Daniela Olivera,,,URU,21.364,291,68,206484,,,Monica Acosta,,,PAR,19.201,,,6-0 6-1,3,RR,,,,,,,,,,,,,,,,,,,
2002-D074,Fed Cup G1 RRA: CAN vs PUR,Hard,4,D,,20020423,1,200028,,,Maureen Drake,R,175,CAN,31.092,112,309,206910,,,Mari Toro,,175,PUR,22.448,,,6-1 6-1,3,RR,,,,,,,,,,,,,,,,,,,
2002-D074,Fed Cup G1 RRA: CAN vs PUR,Hard,4,D,,20020423,2,200012,,,Jana Nejedly,R,175,CAN,27.872,108,337,212153,,,Karmelina Rivera,,,PUR,19.839,,,6-3 6-1,3,RR,,,,,,,,,,,,,,,,,,,
2002-D079,Fed Cup G1 RRA: MEX vs BAH,Hard,4,D,,20020423,1,208983,,,Larikah Russell,R,,BAH,17.150,,,202296,,,Maria Jose Lopez Herrera,R,,MEX,17.536,,,2-6 6-3 6-4,3,RR,,,,,,,,,,,,,,,,,,,
2002-D079,Fed Cup G1 RRA: MEX vs BAH,Hard,4,D,,20020423,2,202269,,,Erika Valdes,R,,MEX,18.760,470,28,209836,,,Nikkita Fountain,R,168,BAH,18.081,,,6-2 6-1,3,RR,,,,,,,,,,,,,,,,,,,
2002-D082,Fed Cup G1 RRB: COL vs URU,Hard,4,D,,20020423,1,201293,,,Catalina Castano,R,171,COL,22.796,147,209,202309,,,Ana Lucia Migliarini De Leon,L,,URU,18.352,446,30,6-0 6-3,3,RR,,,,,,,,,,,,,,,,,,,
2002-D082,Fed Cup G1 RRB: COL vs URU,Hard,4,D,,20020423,2,200110,,,Fabiola Zuluaga,R,172,COL,23.291,137,226,203084,,,Daniela Olivera,,,URU,21.367,291,68,6-2 6-3,3,RR,,,,,,,,,,,,,,,,,,,
2002-D086,Fed Cup G1 RRB: VEN vs BRA,Hard,4,D,,20020423,1,202303,,,Carla Tiene,L,,BRA,20.940,256,90,204543,,,Mariela Salinas,,,VEN,22.193,,,5-7 6-4 7-5,3,RR,,,,,,,,,,,,,,,,,,,
2002-D086,Fed Cup G1 RRB: VEN vs BRA,Hard,4,D,,20020423,2,202173,,,Joana Cortez,L,170,BRA,23.280,241,102,203083,,,Stephanie Schaer,,,VEN,22.451,531,22,6-3 6-2,3,RR,,,,,,,,,,,,,,,,,,,
2002-D075,Fed Cup G1 RRA: CAN vs BAH,Hard,4,D,,20020424,1,200028,,,Maureen Drake,R,175,CAN,31.094,112,309,208983,,,Larikah Russell,R,,BAH,17.153,,,6-0 6-0,3,RR,,,,,,,,,,,,,,,,,,,
2002-D075,Fed Cup G1 RRA: CAN vs BAH,Hard,4,D,,20020424,2,200012,,,Jana Nejedly,R,175,CAN,27.875,108,337,209836,,,Nikkita Fountain,R,168,BAH,18.084,,,6-1 6-0,3,RR,,,,,,,,,,,,,,,,,,,
2002-D078,Fed Cup G1 RRA: MEX vs PUR,Hard,4,D,,20020424,1,201637,,,Melissa Torres Sandoval,R,,MEX,18.221,433,32,206910,,,Mari Toro,,175,PUR,22.451,,,6-3 6-2,3,RR,,,,,,,,,,,,,,,,,,,
2002-D078,Fed Cup G1 RRA: MEX vs PUR,Hard,4,D,,20020424,2,202329,,,Jessica Fernandez,,,MEX,22.766,237,104,212154,,,Maria Calbeto,,,PUR,15.009,,,6-0 6-0,3,RR,,,,,,,,,,,,,,,,,,,
2002-D081,Fed Cup G1 RRB: COL vs PAR,Hard,4,D,,20020424,1,201293,,,Catalina Castano,R,171,COL,22.799,147,209,206581,,,Maria Alejandra Garcia,,,PAR,19.319,,,6-0 6-0,3,RR,,,,,,,,,,,,,,,,,,,
2002-D081,Fed Cup G1 RRB: COL vs PAR,Hard,4,D,,20020424,2,200110,,,Fabiola Zuluaga,R,172,COL,23.294,137,226,206484,,,Monica Acosta,,,PAR,19.206,,,6-0 6-4,3,RR,,,,,,,,,,,,,,,,,,,
2002-D089,Fed Cup G1 RRB: URU vs BRA,Hard,4,D,,20020424,1,202309,,,Ana Lucia Migliarini De Leon,L,,URU,18.355,446,30,202303,,,Carla Tiene,L,,BRA,20.942,256,90,7-6(3) 4-6 8-6,3,RR,,,,,,,,,,,,,,,,,,,
2002-D089,Fed Cup G1 RRB: URU vs BRA,Hard,4,D,,20020424,2,203084,,,Daniela Olivera,,,URU,21.369,291,68,202173,,,Joana Cortez,L,170,BRA,23.283,241,102,6-4 7-6(9),3,RR,,,,,,,,,,,,,,,,,,,
2002-D090,Fed Cup G1 RRA: BLR vs GRE,Clay,4,D,,20020424,1,200052,,,Olga Barabanschikova,R,172,BLR,22.475,300,66,204740,,,Maria Pavlidou,R,,GRE,24.258,546,21,6-4 6-1,3,RR,,,,,,,,,,,,,,,,,,,
2002-D090,Fed Cup G1 RRA: BLR vs GRE,Clay,4,D,,20020424,2,201305,,,Eleni Daniilidou,R,182,GRE,19.595,58,600,201284,,,Tatiana Poutchek,R,176,BLR,23.289,66,568,6-3 6-2,3,RR,,,,,,,,,,,,,,,,,,,
2002-D095,Fed Cup G1 RRA: SLO vs UKR,Clay,4,D,,20020424,1,201297,,,Maja Matevzic,L,175,SLO,21.862,61,586,201416,,,Alona Bondarenko,R,168,UKR,17.695,322,59,6-0 6-1,3,RR,,,,,,,,,,,,,,,,,,,
2002-D095,Fed Cup G1 RRA: SLO vs UKR,Clay,4,D,,20020424,2,200122,,,Tina Pisnik,R,172,SLO,21.175,52,661,201377,,,Yuliya Beygelzimer,R,174,UKR,18.511,250,93,6-3 6-2,3,RR,,,,,,,,,,,,,,,,,,,
2002-D097,Fed Cup G1 RRB: BIH vs NED,Clay,4,D,,20020424,1,200100,,,Amanda Hopmans,R,167,NED,26.199,177,162,202389,,,Sandra Martinovic,R,,BIH,22.555,670,13,6-0 6-1,3,RR,,,,,,,,,,,,,,,,,,,
2002-D097,Fed Cup G1 RRB: BIH vs NED,Clay,4,D,,20020424,2,200089,,,Miriam Oremans,R,169,NED,29.621,92,412,201390,,,Mervana Jugic Salkic,R,179,BIH,21.944,497,25,3-6 6-1 6-1,3,RR,,,,,,,,,,,,,,,,,,,
2002-D100,Fed Cup G1 RRB: ISR vs ROU,Clay,4,D,,20020424,1,200014,,,Tzipi Obziler,R,172,ISR,29.014,369,42,201698,,,Liana Gabriela Ungur,,,ROU,17.306,575,19,6-4 6-1,3,RR,,,,,,,,,,,,,,,,,,,
2002-D100,Fed Cup G1 RRB: ISR vs ROU,Clay,4,D,,20020424,2,200040,,,Anna Smashnova,R,157,ISR,25.772,34,953,202344,,,Magda Mihalache,R,,ROU,20.800,274,80,6-0 6-3,3,RR,,,,,,,,,,,,,,,,,,,
2002-D104,Fed Cup G1 RRC: BUL vs POR,Clay,4,D,,20020424,1,202245,,,Desislava Topalova,,,BUL,23.877,203,139,201574,,,Neuza Silva,R,170,POR,18.974,,,7-6(4) 6-1,3,RR,,,,,,,,,,,,,,,,,,,
2002-D104,Fed Cup G1 RRC: BUL vs POR,Clay,4,D,,20020424,2,200086,,,Magdalena Maleeva,R,168,BUL,27.064,25,1086,201958,,,Angela Cardoso,,,POR,21.947,,,6-0 6-0,3,RR,,,,,,,,,,,,,,,,,,,
2002-D105,Fed Cup G1 RRC: EST vs GEO,Clay,4,D,,20020424,1,202789,,,Salome Devidze,R,,GEO,16.307,,,201343,,,Maret Ani,R,176,EST,20.228,193,149,2-6 6-4 6-4,3,RR,,,,,,,,,,,,,,,,,,,
2002-D105,Fed Cup G1 RRC: EST vs GEO,Clay,4,D,,20020424,2,201466,,,Kaia Kanepi,R,181,EST,16.871,167,177,201591,,,Margalita Chakhnashvili,R,172,GEO,19.373,437,31,1-6 6-4 6-4,3,RR,,,,,,,,,,,,,,,,,,,
2002-D109,Fed Cup G1 RRD: TUR vs LUX,Clay,4,D,,20020424,1,201380,,,Claudine Schaul,R,169,LUX,18.678,217,125,201664,,,Pemra Ozgen,R,170,TUR,15.962,,,6-1 6-2,3,RR,,,,,,,,,,,,,,,,,,,
2002-D109,Fed Cup G1 RRD: TUR vs LUX,Clay,4,D,,20020424,2,200124,,,Anne Kremer,R,165,LUX,26.519,23,1125,201665,,,Ipek Senoglu,R,180,TUR,22.878,540,21,6-3 6-2,3,RR,,,,,,,,,,,,,,,,,,,
2002-D112,Fed Cup G1 RRD: POL vs YUG,Clay,4,D,,20020424,1,201347,,,Jelena Jankovic,R,177,SRB,17.150,288,69,200732,,,Magdalena Grzybowska,R,184,POL,23.420,,,6-1 4-6 6-0,3,RR,,,,,,,,,,,,,,,,,,,
2002-D112,Fed Cup G1 RRD: POL vs YUG,Clay,4,D,,20020424,2,202071,,,Dragana Zaric,,170,SRB,24.729,247,97,201882,,,Katarzyna Straczy,,,POL,22.404,314,61,1-6 6-4 6-3,3,RR,,,,,,,,,,,,,,,,,,,
2002-D076,Fed Cup G1 RRA: MEX vs CAN,Hard,4,D,,20020425,1,200028,,,Maureen Drake,R,175,CAN,31.097,112,309,201637,,,Melissa Torres Sandoval,R,,MEX,18.224,433,32,7-6(4) 6-3,3,RR,,,,,,,,,,,,,,,,,,,
2002-D076,Fed Cup G1 RRA: MEX vs CAN,Hard,4,D,,20020425,2,200012,,,Jana Nejedly,R,175,CAN,27.877,108,337,202329,,,Jessica Fernandez,,,MEX,22.768,237,104,6-4 6-1,3,RR,,,,,,,,,,,,,,,,,,,
2002-D077,Fed Cup G1 RRA: PUR vs BAH,Hard,4,D,,20020425,1,206910,,,Mari Toro,,175,PUR,22.454,,,208983,,,Larikah Russell,R,,BAH,17.156,,,6-1 6-3,3,RR,,,,,,,,,,,,,,,,,,,
2002-D077,Fed Cup G1 RRA: PUR vs BAH,Hard,4,D,,20020425,2,209836,,,Nikkita Fountain,R,168,BAH,18.087,,,212153,,,Karmelina Rivera,,,PUR,19.844,,,7-5 6-4,3,RR,,,,,,,,,,,,,,,,,,,
2002-D085,Fed Cup G1 RRB: VEN vs URU,Hard,4,D,,20020425,1,202309,,,Ana Lucia Migliarini De Leon,L,,URU,18.358,446,30,204543,,,Mariela Salinas,,,VEN,22.199,,,6-0 7-5,3,RR,,,,,,,,,,,,,,,,,,,
2002-D085,Fed Cup G1 RRB: VEN vs URU,Hard,4,D,,20020425,2,203084,,,Daniela Olivera,,,URU,21.372,291,68,203083,,,Stephanie Schaer,,,VEN,22.456,531,22,6-2 6-1,3,RR,,,,,,,,,,,,,,,,,,,
2002-D088,Fed Cup G1 RRB: PAR vs BRA,Hard,4,D,,20020425,1,201729,,,Larissa Schaerer,R,170,PAR,27.029,,,202302,,,Maria Fernanda Alves,L,174,BRA,19.023,298,67,7-5 6-3,3,RR,,,,,,,,,,,,,,,,,,,
2002-D088,Fed Cup G1 RRB: PAR vs BRA,Hard,4,D,,20020425,2,202173,,,Joana Cortez,L,170,BRA,23.286,241,102,206484,,,Monica Acosta,,,PAR,19.209,,,6-1 6-2,3,RR,,,,,,,,,,,,,,,,,,,
2002-D092,Fed Cup G1 RRA: BLR vs UKR,Clay,4,D,,20020425,1,201416,,,Alona Bondarenko,R,168,UKR,17.698,322,59,201084,,,Nadejda Ostrovskaya,R,177,BLR,21.487,239,103,6-3 6-3,3,RR,,,,,,,,,,,,,,,,,,,
2002-D092,Fed Cup G1 RRA: BLR vs UKR,Clay,4,D,,20020425,2,201284,,,Tatiana Poutchek,R,176,BLR,23.291,66,568,201377,,,Yuliya Beygelzimer,R,174,UKR,18.514,250,93,7-6(2) 6-1,3,RR,,,,,,,,,,,,,,,,,,,
2002-D093,Fed Cup G1 RRA: GRE vs SLO,Clay,4,D,,20020425,1,201297,,,Maja Matevzic,L,175,SLO,21.865,61,586,204740,,,Maria Pavlidou,R,,GRE,24.261,546,21,6-1 6-2,3,RR,,,,,,,,,,,,,,,,,,,
2002-D093,Fed Cup G1 RRA: GRE vs SLO,Clay,4,D,,20020425,2,200122,,,Tina Pisnik,R,172,SLO,21.178,52,661,201305,,,Eleni Daniilidou,R,182,GRE,19.598,58,600,6-4 6-3,3,RR,,,,,,,,,,,,,,,,,,,
2002-D096,Fed Cup G1 RRB: BIH vs ISR,Clay,4,D,,20020425,1,200014,,,Tzipi Obziler,R,172,ISR,29.016,369,42,202389,,,Sandra Martinovic,R,,BIH,22.558,670,13,6-2 6-0,3,RR,,,,,,,,,,,,,,,,,,,
2002-D096,Fed Cup G1 RRB: BIH vs ISR,Clay,4,D,,20020425,2,200040,,,Anna Smashnova,R,157,ISR,25.775,34,953,201390,,,Mervana Jugic Salkic,R,179,BIH,21.947,497,25,7-6(5) 6-2,3,RR,,,,,,,,,,,,,,,,,,,
2002-D101,Fed Cup G1 RRB: NED vs ROU,Clay,4,D,,20020425,1,200087,,,Seda Noorlander,R,166,NED,27.927,107,346,201698,,,Liana Gabriela Ungur,,,ROU,17.309,575,19,3-6 7-6(4) 6-1,3,RR,,,,,,,,,,,,,,,,,,,
2002-D101,Fed Cup G1 RRB: NED vs ROU,Clay,4,D,,20020425,2,202344,,,Magda Mihalache,R,,ROU,20.803,274,80,200089,,,Miriam Oremans,R,169,NED,29.624,92,412,7-6(4) 6-3,3,RR,,,,,,,,,,,,,,,,,,,
2002-D103,Fed Cup G1 RRC: BUL vs GEO,Clay,4,D,,20020425,1,202245,,,Desislava Topalova,,,BUL,23.880,203,139,202778,,,Nana Urotadze,,,GEO,15.850,,,6-1 6-2,3,RR,,,,,,,,,,,,,,,,,,,
2002-D103,Fed Cup G1 RRC: BUL vs GEO,Clay,4,D,,20020425,2,200086,,,Magdalena Maleeva,R,168,BUL,27.067,25,1086,202789,,,Salome Devidze,R,,GEO,16.310,,,6-1 6-3,3,RR,,,,,,,,,,,,,,,,,,,
2002-D106,Fed Cup G1 RRC: EST vs POR,Clay,4,D,,20020425,1,201343,,,Maret Ani,R,176,EST,20.230,193,149,201959,,,Ana Catarina Nogueira,,,POR,23.595,500,25,6-2 3-6 6-2,3,RR,,,,,,,,,,,,,,,,,,,
2002-D106,Fed Cup G1 RRC: EST vs POR,Clay,4,D,,20020425,2,201466,,,Kaia Kanepi,R,181,EST,16.874,167,177,201645,,,Frederica Piedade,,,POR,19.888,472,28,5-7 6-4 6-2,3,RR,,,,,,,,,,,,,,,,,,,
2002-D108,Fed Cup G1 RRD: LUX vs POL,Clay,4,D,,20020425,1,201380,,,Claudine Schaul,R,169,LUX,18.681,217,125,200732,,,Magdalena Grzybowska,R,184,POL,23.423,,,6-2 7-6(1),3,RR,,,,,,,,,,,,,,,,,,,
2002-D108,Fed Cup G1 RRD: LUX vs POL,Clay,4,D,,20020425,2,200124,,,Anne Kremer,R,165,LUX,26.522,23,1125,202261,,,Joanna Sakowicz Kostecka,R,,POL,17.983,428,33,6-7(4) 6-1 6-3,3,RR,,,,,,,,,,,,,,,,,,,
2002-D113,Fed Cup G1 RRD: TUR vs YUG,Clay,4,D,,20020425,1,202717,,,Katarina Misic,,,SRB,26.218,282,74,207699,,,Merve Asimgil,,,TUR,18.122,,,2-6 6-0 6-2,3,RR,,,,,,,,,,,,,,,,,,,
2002-D113,Fed Cup G1 RRD: TUR vs YUG,Clay,4,D,,20020425,2,202071,,,Dragana Zaric,,170,SRB,24.732,247,97,201665,,,Ipek Senoglu,R,180,TUR,22.881,540,21,6-4 6-2,3,RR,,,,,,,,,,,,,,,,,,,
2002-D083,Fed Cup G1 RRB: COL vs BRA,Hard,4,D,,20020426,1,201293,,,Catalina Castano,R,171,COL,22.804,147,209,202303,,,Carla Tiene,L,,BRA,20.948,256,90,6-1 6-2,3,RR,,,,,,,,,,,,,,,,,,,
2002-D083,Fed Cup G1 RRB: COL vs BRA,Hard,4,D,,20020426,2,200110,,,Fabiola Zuluaga,R,172,COL,23.300,137,226,202173,,,Joana Cortez,L,170,BRA,23.289,241,102,6-1 6-2,3,RR,,,,,,,,,,,,,,,,,,,
2002-D084,Fed Cup G1 RRB: VEN vs PAR,Hard,4,D,,20020426,1,201729,,,Larissa Schaerer,R,170,PAR,27.031,,,204543,,,Mariela Salinas,,,VEN,22.202,,,7-5 6-4,3,RR,,,,,,,,,,,,,,,,,,,
2002-D084,Fed Cup G1 RRB: VEN vs PAR,Hard,4,D,,20020426,2,203083,,,Stephanie Schaer,,,VEN,22.459,531,22,206484,,,Monica Acosta,,,PAR,19.212,,,6-4 6-2,3,RR,,,,,,,,,,,,,,,,,,,
2002-D091,Fed Cup G1 RRA: BLR vs SLO,Clay,4,D,,20020426,1,201297,,,Maja Matevzic,L,175,SLO,21.868,61,586,200052,,,Olga Barabanschikova,R,172,BLR,22.481,300,66,6-3 6-3,3,RR,,,,,,,,,,,,,,,,,,,
2002-D091,Fed Cup G1 RRA: BLR vs SLO,Clay,4,D,,20020426,2,200122,,,Tina Pisnik,R,172,SLO,21.180,52,661,201084,,,Nadejda Ostrovskaya,R,177,BLR,21.490,239,103,2-6 6-2 6-3,3,RR,,,,,,,,,,,,,,,,,,,
2002-D094,Fed Cup G1 RRA: GRE vs UKR,Clay,4,D,,20020426,1,201416,,,Alona Bondarenko,R,168,UKR,17.701,322,59,204740,,,Maria Pavlidou,R,,GRE,24.263,546,21,3-6 6-3 6-3,3,RR,,,,,,,,,,,,,,,,,,,
2002-D094,Fed Cup G1 RRA: GRE vs UKR,Clay,4,D,,20020426,2,201377,,,Yuliya Beygelzimer,R,174,UKR,18.516,250,93,201305,,,Eleni Daniilidou,R,182,GRE,19.601,58,600,6-1 3-6 7-5,3,RR,,,,,,,,,,,,,,,,,,,
2002-D098,Fed Cup G1 RRB: BIH vs ROU,Clay,4,D,,20020426,1,201698,,,Liana Gabriela Ungur,,,ROU,17.312,575,19,202389,,,Sandra Martinovic,R,,BIH,22.560,670,13,6-1 6-3,3,RR,,,,,,,,,,,,,,,,,,,
2002-D098,Fed Cup G1 RRB: BIH vs ROU,Clay,4,D,,20020426,2,202344,,,Magda Mihalache,R,,ROU,20.805,274,80,201390,,,Mervana Jugic Salkic,R,179,BIH,21.950,497,25,6-3 6-3,3,RR,,,,,,,,,,,,,,,,,,,
2002-D099,Fed Cup G1 RRB: ISR vs NED,Clay,4,D,,20020426,1,200014,,,Tzipi Obziler,R,172,ISR,29.019,369,42,200082,,,Kristie Boogert,R,178,NED,28.359,128,253,6-2 6-3,3,RR,,,,,,,,,,,,,,,,,,,
2002-D099,Fed Cup G1 RRB: ISR vs NED,Clay,4,D,,20020426,2,200040,,,Anna Smashnova,R,157,ISR,25.777,34,953,200089,,,Miriam Oremans,R,169,NED,29.627,92,412,6-2 6-2,3,RR,,,,,,,,,,,,,,,,,,,
2002-D102,Fed Cup G1 RRC: BUL vs EST,Clay,4,D,,20020426,1,202245,,,Desislava Topalova,,,BUL,23.883,203,139,201343,,,Maret Ani,R,176,EST,20.233,193,149,7-5 6-3,3,RR,,,,,,,,,,,,,,,,,,,
2002-D102,Fed Cup G1 RRC: BUL vs EST,Clay,4,D,,20020426,2,200086,,,Magdalena Maleeva,R,168,BUL,27.070,25,1086,201466,,,Kaia Kanepi,R,181,EST,16.876,167,177,6-4 6-2,3,RR,,,,,,,,,,,,,,,,,,,
2002-D107,Fed Cup G1 RRC: GEO vs POR,Clay,4,D,,20020426,1,202789,,,Salome Devidze,R,,GEO,16.312,,,201959,,,Ana Catarina Nogueira,,,POR,23.598,500,25,6-4 6-7(7) 8-6,3,RR,,,,,,,,,,,,,,,,,,,
2002-D107,Fed Cup G1 RRC: GEO vs POR,Clay,4,D,,20020426,2,201645,,,Frederica Piedade,,,POR,19.891,472,28,201591,,,Margalita Chakhnashvili,R,172,GEO,19.379,437,31,6-1 5-7 6-1,3,RR,,,,,,,,,,,,,,,,,,,
2002-D110,Fed Cup G1 RRD: LUX vs YUG,Clay,4,D,,20020426,1,201380,,,Claudine Schaul,R,169,LUX,18.683,217,125,202717,,,Katarina Misic,,,SRB,26.221,282,74,4-6 6-4 6-4,3,RR,,,,,,,,,,,,,,,,,,,
2002-D110,Fed Cup G1 RRD: LUX vs YUG,Clay,4,D,,20020426,2,200124,,,Anne Kremer,R,165,LUX,26.525,23,1125,202071,,,Dragana Zaric,,170,SRB,24.734,247,97,6-2 6-1,3,RR,,,,,,,,,,,,,,,,,,,
2002-D111,Fed Cup G1 RRD: TUR vs POL,Clay,4,D,,20020426,1,202261,,,Joanna Sakowicz Kostecka,R,,POL,17.985,428,33,207699,,,Merve Asimgil,,,TUR,18.125,,,6-4 6-0,3,RR,,,,,,,,,,,,,,,,,,,
2002-D111,Fed Cup G1 RRD: TUR vs POL,Clay,4,D,,20020426,2,201665,,,Ipek Senoglu,R,180,TUR,22.883,540,21,201882,,,Katarzyna Straczy,,,POL,22.410,314,61,6-4 6-0,3,RR,,,,,,,,,,,,,,,,,,,
2002-D001,Fed Cup WG R1: USA vs AUT,Clay,4,D,,20020427,1,200078,,,Barbara Schwartz,L,181,AUT,23.248,75,510,200652,,,Monica Seles,L,178,USA,28.400,6,3360,7-6(7) 6-2,3,RR,,,,,,,,,,,,,,,,,,,
2002-D001,Fed Cup WG R1: USA vs AUT,Clay,4,D,,20020427,2,201319,,,Evelyn Fauth,R,168,AUT,25.413,139,225,200077,,,Jennifer Capriati,R,170,USA,26.079,2,4553,W/O,5,RR,,,,,,,,,,,,,,,,,,,
2002-D001,Fed Cup WG R1: USA vs AUT,Clay,4,D,,20020427,3,200078,,,Barbara Schwartz,L,181,AUT,23.248,75,510,200046,,,Meghann Shaughnessy,R,180,USA,23.039,12,1729,4-6 7-6(7) 9-7,3,RR,,,,,,,,,,,,,,,,,,,
2002-D001,Fed Cup WG R1: USA vs AUT,Clay,4,D,,20020427,4,200652,,,Monica Seles,L,178,USA,28.400,6,3360,201319,,,Evelyn Fauth,R,168,AUT,25.413,139,225,6-3 6-3,3,RR,,,,,,,,,,,,,,,,,,,
2002-D002,Fed Cup WG R1: CRO vs CZE,Clay,4,D,,20020427,1,200056,,,Jelena Kostanic Tosic,L,168,CRO,20.808,81,461,200050,,,Sandra Kleinova,R,177,CZE,23.970,131,234,7-6(1) 6-4,3,RR,,,,,,,,,,,,,,,,,,,
2002-D002,Fed Cup WG R1: CRO vs CZE,Clay,4,D,,20020427,2,201331,,,Iveta Benesova,L,170,CZE,19.234,154,203,200723,,,Iva Majoli,R,175,CRO,24.707,33,956,6-4 6-1,3,RR,,,,,,,,,,,,,,,,,,,
2002-D002,Fed Cup WG R1: CRO vs CZE,Clay,4,D,,20020427,3,201344,,,Klara Koukalova,R,166,CZE,20.170,121,274,200723,,,Iva Majoli,R,175,CRO,24.707,33,956,6-4 6-1,3,RR,,,,,,,,,,,,,,,,,,,
2002-D002,Fed Cup WG R1: CRO vs CZE,Clay,4,D,,20020427,4,200056,,,Jelena Kostanic Tosic,L,168,CRO,20.808,81,461,201331,,,Iveta Benesova,L,170,CZE,19.234,154,203,6-2 7-5,3,RR,,,,,,,,,,,,,,,,,,,
2002-D003,Fed Cup WG R1: ESP vs HUN,Clay,4,D,,20020427,1,201298,,,Zsofia Gubacsi,R,173,HUN,21.057,77,489,200106,,,Angeles Montolio,R,157,ESP,26.725,35,912,6-3 3-6 6-2,3,RR,,,,,,,,,,,,,,,,,,,
2002-D003,Fed Cup WG R1: ESP vs HUN,Clay,4,D,,20020427,2,200017,,,Arantxa Sanchez Vicario,R,168,ESP,30.358,18,1328,200119,,,Rita Kuti Kis,L,176,HUN,24.200,130,249,6-4 6-2,3,RR,,,,,,,,,,,,,,,,,,,
2002-D003,Fed Cup WG R1: ESP vs HUN,Clay,4,D,,20020427,3,200017,,,Arantxa Sanchez Vicario,R,168,ESP,30.358,18,1328,201298,,,Zsofia Gubacsi,R,173,HUN,21.057,77,489,6-0 6-2,3,RR,,,,,,,,,,,,,,,,,,,
2002-D003,Fed Cup WG R1: ESP vs HUN,Clay,4,D,,20020427,4,200027,,,Magui Serna,L,167,ESP,23.157,39,816,200119,,,Rita Kuti Kis,L,176,HUN,24.200,130,249,6-3 6-1,3,RR,,,,,,,,,,,,,,,,,,,
2002-D004,Fed Cup WG R1: GER vs RUS,Clay,4,D,,20020427,1,200108,,,Elena Dementieva,R,180,RUS,20.532,15,1437,201310,,,Martina Muller,R,165,GER,19.543,65,569,6-4 6-2,3,RR,,,,,,,,,,,,,,,,,,,
2002-D004,Fed Cup WG R1: GER vs RUS,Clay,4,D,,20020427,2,200094,,,Barbara Rittner,R,173,GER,29.005,67,554,200772,,,Anastasia Myskina,R,174,RUS,20.803,29,1010,7-5 3-6 7-5,3,RR,,,,,,,,,,,,,,,,,,,
2002-D004,Fed Cup WG R1: GER vs RUS,Clay,4,D,,20020427,3,200094,,,Barbara Rittner,R,173,GER,29.005,67,554,200108,,,Elena Dementieva,R,180,RUS,20.532,15,1437,6-3 6-1,3,RR,,,,,,,,,,,,,,,,,,,
2002-D004,Fed Cup WG R1: GER vs RUS,Clay,4,D,,20020427,4,200772,,,Anastasia Myskina,R,174,RUS,20.803,29,1010,201310,,,Martina Muller,R,165,GER,19.543,65,569,7-6(5) 6-7(4) 11-9,3,RR,,,,,,,,,,,,,,,,,,,
2002-D005,Fed Cup WG R1: SVK vs SUI,Clay,4,D,,20020427,1,200697,,,Janette Husarova,R,169,SVK,27.897,38,826,200067,,,Patty Schnyder,L,168,SUI,23.368,17,1331,7-6(7) 5-7 7-5,3,RR,,,,,,,,,,,,,,,,,,,
2002-D005,Fed Cup WG R1: SVK vs SUI,Clay,4,D,,20020427,2,201290,,,Daniela Hantuchova,R,181,SVK,19.012,14,1444,201335,,,Myriam Casanova,R,172,SUI,16.852,209,132,6-4 7-5,3,RR,,,,,,,,,,,,,,,,,,,
2002-D005,Fed Cup WG R1: SVK vs SUI,Clay,4,D,,20020427,3,200067,,,Patty Schnyder,L,168,SUI,23.368,17,1331,201290,,,Daniela Hantuchova,R,181,SVK,19.012,14,1444,6-3 6-3,3,RR,,,,,,,,,,,,,,,,,,,
2002-D005,Fed Cup WG R1: SVK vs SUI,Clay,4,D,,20020427,4,201335,,,Myriam Casanova,R,172,SUI,16.852,209,132,200098,,,Henrieta Nagyova,R,177,SVK,23.365,44,771,3-6 6-3 6-1,3,RR,,,,,,,,,,,,,,,,,,,
2002-D006,Fed Cup WG R1: ARG vs FRA,Clay,4,D,,20020427,1,200065,,,Amelie Mauresmo,R,175,FRA,22.812,10,2252,200055,,,Mariana Diaz Oliva,R,172,ARG,26.128,85,450,7-5 6-2,3,RR,,,,,,,,,,,,,,,,,,,
2002-D006,Fed Cup WG R1: ARG vs FRA,Clay,4,D,,20020427,2,200107,,,Paola Suarez,R,170,ARG,25.843,42,785,200016,,,Sandrine Testud,R,176,FRA,30.065,11,2185,7-5 6-4,3,RR,,,,,,,,,,,,,,,,,,,
2002-D006,Fed Cup WG R1: ARG vs FRA,Clay,4,D,,20020427,3,200065,,,Amelie Mauresmo,R,175,FRA,22.812,10,2252,200107,,,Paola Suarez,R,170,ARG,25.843,42,785,6-4 6-3,3,RR,,,,,,,,,,,,,,,,,,,
2002-D006,Fed Cup WG R1: ARG vs FRA,Clay,4,D,,20020427,4,200109,,,Nathalie Dechy,R,177,FRA,23.179,32,969,200055,,,Mariana Diaz Oliva,R,172,ARG,26.128,85,450,6-2 6-3,3,RR,,,,,,,,,,,,,,,,,,,
2002-D007,Fed Cup WG R1: ITA vs SWE,Clay,4,D,,20020427,1,201321,,,Antonella Serra Zanetti,R,168,ITA,21.755,123,273,200084,,,Asa Carlsson,R,178,SWE,26.864,89,436,6-7(4) 6-3 10-8,3,RR,,,,,,,,,,,,,,,,,,,
2002-D007,Fed Cup WG R1: ITA vs SWE,Clay,4,D,,20020427,2,200727,,,Adriana Serra Zanetti,R,160,ITA,26.144,45,769,201387,,,Sofia Arvidsson,R,176,SWE,18.193,344,50,6-1 6-1,3,RR,,,,,,,,,,,,,,,,,,,
2002-D007,Fed Cup WG R1: ITA vs SWE,Clay,4,D,,20020427,3,200727,,,Adriana Serra Zanetti,R,160,ITA,26.144,45,769,200084,,,Asa Carlsson,R,178,SWE,26.864,89,436,6-3 7-6(5),3,RR,,,,,,,,,,,,,,,,,,,
2002-D007,Fed Cup WG R1: ITA vs SWE,Clay,4,D,,20020427,4,201311,,,Roberta Vinci,R,163,ITA,19.187,142,215,201387,,,Sofia Arvidsson,R,176,SWE,18.193,344,50,6-3 6-2,3,RR,,,,,,,,,,,,,,,,,,,
2002-D008,Fed Cup WG R1: BEL vs AUS,Clay,4,D,,20020427,1,200003,,,Justine Henin,R,167,BEL,19.905,8,3133,200036,,,Nicole Pratt,R,163,AUS,29.145,41,786,6-4 4-6 6-0,3,RR,,,,,,,,,,,,,,,,,,,
2002-D008,Fed Cup WG R1: BEL vs AUS,Clay,4,D,,20020427,2,200079,,,Kim Clijsters,R,175,BEL,18.886,3,3421,200008,,,Alicia Molik,R,182,AUS,21.246,48,717,6-0 6-2,3,RR,,,,,,,,,,,,,,,,,,,
2002-D008,Fed Cup WG R1: BEL vs AUS,Clay,4,D,,20020427,3,200036,,,Nicole Pratt,R,163,AUS,29.145,41,786,200042,,,Els Callens,R,178,BEL,31.686,124,268,6-2 6-4,3,RR,,,,,,,,,,,,,,,,,,,
2002-D008,Fed Cup WG R1: BEL vs AUS,Clay,4,D,,20020427,4,200003,,,Justine Henin,R,167,BEL,19.905,8,3133,200008,,,Alicia Molik,R,182,AUS,21.246,48,717,6-2 6-1,3,RR,,,,,,,,,,,,,,,,,,,
2002-D118,Fed Cup G1 PO: SLO vs YUG,Clay,4,D,,20020427,1,201297,,,Maja Matevzic,L,175,SLO,21.870,61,586,201347,,,Jelena Jankovic,R,177,SRB,17.158,288,69,6-2 3-6 6-1,3,RR,,,,,,,,,,,,,,,,,,,
2002-D118,Fed Cup G1 PO: SLO vs YUG,Clay,4,D,,20020427,2,200122,,,Tina Pisnik,R,172,SLO,21.183,52,661,202071,,,Dragana Zaric,,170,SRB,24.737,247,97,6-1 6-3,3,RR,,,,,,,,,,,,,,,,,,,
2002-D119,Fed Cup G1 PO: UKR vs BUL,Clay,4,D,,20020427,1,202245,,,Desislava Topalova,,,BUL,23.886,203,139,201416,,,Alona Bondarenko,R,168,UKR,17.703,322,59,3-6 7-5 6-4,3,RR,,,,,,,,,,,,,,,,,,,
2002-D119,Fed Cup G1 PO: UKR vs BUL,Clay,4,D,,20020427,2,201377,,,Yuliya Beygelzimer,R,174,UKR,18.519,250,93,200086,,,Magdalena Maleeva,R,168,BUL,27.072,25,1086,6-3 6-4,3,RR,,,,,,,,,,,,,,,,,,,
2002-D120,Fed Cup G1 PO: NED vs LUX,Clay,4,D,,20020427,1,201380,,,Claudine Schaul,R,169,LUX,18.686,217,125,200082,,,Kristie Boogert,R,178,NED,28.362,128,253,5-7 6-3 7-5,3,RR,,,,,,,,,,,,,,,,,,,
2002-D120,Fed Cup G1 PO: NED vs LUX,Clay,4,D,,20020427,2,200089,,,Miriam Oremans,R,169,NED,29.630,92,412,200124,,,Anne Kremer,R,165,LUX,26.528,23,1125,6-4 2-6 6-4,3,RR,,,,,,,,,,,,,,,,,,,
2002-D121,Fed Cup G1 PO: ISR vs EST,Clay,4,D,,20020427,1,200014,,,Tzipi Obziler,R,172,ISR,29.022,369,42,201343,,,Maret Ani,R,176,EST,20.236,193,149,6-3 6-3,3,RR,,,,,,,,,,,,,,,,,,,
2002-D121,Fed Cup G1 PO: ISR vs EST,Clay,4,D,,20020427,2,200040,,,Anna Smashnova,R,157,ISR,25.780,34,953,201466,,,Kaia Kanepi,R,181,EST,16.879,167,177,6-1 6-3,3,RR,,,,,,,,,,,,,,,,,,,
2002-D122,Fed Cup G1 PO: MEX vs COL,Hard,4,D,,20020427,1,201293,,,Catalina Castano,R,171,COL,22.807,147,209,201637,,,Melissa Torres Sandoval,R,,MEX,18.229,433,32,4-6 6-3 6-1,3,RR,,,,,,,,,,,,,,,,,,,
2002-D122,Fed Cup G1 PO: MEX vs COL,Hard,4,D,,20020427,2,200110,,,Fabiola Zuluaga,R,172,COL,23.302,137,226,202329,,,Jessica Fernandez,,,MEX,22.774,237,104,6-1 6-0,3,RR,,,,,,,,,,,,,,,,,,,
2002-D123,Fed Cup G1 PO: CAN vs URU,Hard,4,D,,20020427,1,200028,,,Maureen Drake,R,175,CAN,31.103,112,309,202309,,,Ana Lucia Migliarini De Leon,L,,URU,18.363,446,30,6-2 6-2,3,RR,,,,,,,,,,,,,,,,,,,
2002-D123,Fed Cup G1 PO: CAN vs URU,Hard,4,D,,20020427,2,200012,,,Jana Nejedly,R,175,CAN,27.883,108,337,203084,,,Daniela Olivera,,,URU,21.378,291,68,6-4 5-7 11-9,3,RR,,,,,,,,,,,,,,,,,,,
2002-1090,Bol,Clay,30,T3,,20020429,1,201327,,,Angelique Widjaja,R,173,INA,17.377,110,319,200087,,,Seda Noorlander,R,166,NED,27.938,106,346,6-2 6-0,3,R32,,,,,,,,,,,,,,,,,,,
2002-1090,Bol,Clay,30,T3,,20020429,2,200056,,,Jelena Kostanic Tosic,L,168,CRO,20.814,82,461,201284,,,Tatiana Poutchek,R,176,BLR,23.302,66,568,6-7(5) 6-0 6-4,3,R32,,,,,,,,,,,,,,,,,,,
2002-1090,Bol,Clay,30,T3,,20020429,3,200723,4,,Iva Majoli,R,175,CRO,24.712,33,956,200025,,,Ludmila Cervanova,R,171,SVK,22.538,103,349,4-6 6-4 6-2,3,R32,,,,,,,,,,,,,,,,,,,
2002-1090,Bol,Clay,30,T3,,20020429,4,200035,,Q,Maria Sanchez Lorenzo,R,171,ESP,24.474,202,135,200106,5,,Angeles Montolio,R,157,ESP,26.730,35,912,6-2 6-2,3,R32,,,,,,,,,,,,,,,,,,,
2002-1090,Bol,Clay,30,T3,,20020429,5,201354,,Q,Libuse Prusova,R,176,CZE,22.796,318,58,201368,,WC,Karolina Sprem,R,174,CRO,17.509,403,36,6-3 6-0,3,R32,,,,,,,,,,,,,,,,,,,
2002-1090,Bol,Clay,30,T3,,20020429,6,200055,,,Mariana Diaz Oliva,R,172,ARG,26.133,84,450,200050,,WC,Sandra Kleinova,R,177,CZE,23.976,134,234,6-2 6-3,3,R32,,,,,,,,,,,,,,,,,,,
2002-1090,Bol,Clay,30,T3,,20020429,7,200060,,,Tathiana Garbin,R,172,ITA,24.830,108,329,201309,,,Tatiana Perebiynis,R,173,UKR,19.371,122,264,6-4 6-2,3,R32,,,,,,,,,,,,,,,,,,,
2002-1090,Bol,Clay,30,T3,,20020429,8,200098,6,,Henrieta Nagyova,R,177,SVK,23.371,44,771,201297,,,Maja Matevzic,L,175,SLO,21.876,61,586,7-6(5) 6-2,3,R32,,,,,,,,,,,,,,,,,,,
2002-1090,Bol,Clay,30,T3,,20020429,9,200086,3,,Magdalena Maleeva,R,168,BUL,27.078,25,1086,200007,,,Silvija Talaja,R,173,CRO,24.288,96,397,6-3 6-4,3,R32,,,,,,,,,,,,,,,,,,,
2002-1090,Bol,Clay,30,T3,,20020429,10,200084,,,Asa Carlsson,R,178,SWE,26.870,87,436,200764,,,Elena Bovina,R,189,RUS,19.138,94,404,6-4 7-5,3,R32,,,,,,,,,,,,,,,,,,,
2002-1090,Bol,Clay,30,T3,,20020429,11,200113,,,Anna Kournikova,R,173,RUS,20.893,68,545,201360,,,Julia Vakulenko,R,183,UKR,18.804,118,268,6-7(3) 6-2 6-2,3,R32,,,,,,,,,,,,,,,,,,,
2002-1090,Bol,Clay,30,T3,,20020429,12,200122,7,,Tina Pisnik,R,172,SLO,21.189,52,661,201944,,Q,Zuzana Hejdova,,,CZE,25.000,313,60,6-2 7-5,3,R32,,,,,,,,,,,,,,,,,,,
2002-1090,Bol,Clay,30,T3,,20020429,13,200011,8,,Katarina Srebotnik,R,180,SLO,21.131,53,655,201334,,,Zuzana Ondraskova,R,174,CZE,21.988,146,211,6-1 6-7(7) 6-3,3,R32,,,,,,,,,,,,,,,,,,,
2002-1090,Bol,Clay,30,T3,,20020429,14,201329,,Q,Vera Zvonareva,R,172,RUS,17.640,217,118,200101,,,Jana Kandarr,R,181,GER,25.602,97,392,6-3 6-2,3,R32,,,,,,,,,,,,,,,,,,,
2002-1090,Bol,Clay,30,T3,,20020429,15,200108,1,,Elena Dementieva,R,180,RUS,20.537,15,1437,201327,,,Angelique Widjaja,R,173,INA,17.377,110,319,6-2 6-1,3,R16,,,,,,,,,,,,,,,,,,,
2002-1090,Bol,Clay,30,T3,,20020429,16,200060,,,Tathiana Garbin,R,172,ITA,24.830,108,329,200098,6,,Henrieta Nagyova,R,177,SVK,23.371,44,771,6-3 7-5,3,R16,,,,,,,,,,,,,,,,,,,
2002-1090,Bol,Clay,30,T3,,20020429,17,200084,,,Asa Carlsson,R,178,SWE,26.870,87,436,200086,3,,Magdalena Maleeva,R,168,BUL,27.078,25,1086,7-5 6-3,3,R16,,,,,,,,,,,,,,,,,,,
2002-1090,Bol,Clay,30,T3,,20020429,18,200122,7,,Tina Pisnik,R,172,SLO,21.189,52,661,200113,,,Anna Kournikova,R,173,RUS,20.893,68,545,6-7(1) 6-3 6-3,3,R16,,,,,,,,,,,,,,,,,,,
2002-1090,Bol,Clay,30,T3,,20020429,19,201329,,Q,Vera Zvonareva,R,172,RUS,17.640,217,118,200011,8,,Katarina Srebotnik,R,180,SLO,21.131,53,655,6-4 6-2,3,R16,,,,,,,,,,,,,,,,,,,
2002-1090,Bol,Clay,30,T3,,20020429,20,200723,4,,Iva Majoli,R,175,CRO,24.712,33,956,200056,,,Jelena Kostanic Tosic,L,168,CRO,20.814,82,461,2-6 6-4 7-6(4),3,R16,,,,,,,,,,,,,,,,,,,
2002-1090,Bol,Clay,30,T3,,20020429,21,201354,,Q,Libuse Prusova,R,176,CZE,22.796,318,58,200035,,Q,Maria Sanchez Lorenzo,R,171,ESP,24.474,202,135,6-4 6-3,3,R16,,,,,,,,,,,,,,,,,,,
2002-1090,Bol,Clay,30,T3,,20020429,22,200055,,,Mariana Diaz Oliva,R,172,ARG,26.133,84,450,200124,2,,Anne Kremer,R,165,LUX,26.533,23,1125,6-2 7-5,3,R16,,,,,,,,,,,,,,,,,,,
2002-1090,Bol,Clay,30,T3,,20020429,23,200060,,,Tathiana Garbin,R,172,ITA,24.830,108,329,200108,1,,Elena Dementieva,R,180,RUS,20.537,15,1437,5-7 7-5 7-5,3,QF,,,,,,,,,,,,,,,,,,,
2002-1090,Bol,Clay,30,T3,,20020429,24,200084,,,Asa Carlsson,R,178,SWE,26.870,87,436,200122,7,,Tina Pisnik,R,172,SLO,21.189,52,661,7-5 6-1,3,QF,,,,,,,,,,,,,,,,,,,
2002-1090,Bol,Clay,30,T3,,20020429,25,200723,4,,Iva Majoli,R,175,CRO,24.712,33,956,201329,,Q,Vera Zvonareva,R,172,RUS,17.640,217,118,6-2 6-0,3,QF,,,,,,,,,,,,,,,,,,,
2002-1090,Bol,Clay,30,T3,,20020429,26,201354,,Q,Libuse Prusova,R,176,CZE,22.796,318,58,200055,,,Mariana Diaz Oliva,R,172,ARG,26.133,84,450,6-1 4-6 6-2,3,QF,,,,,,,,,,,,,,,,,,,
2002-1090,Bol,Clay,30,T3,,20020429,27,200084,,,Asa Carlsson,R,178,SWE,26.870,87,436,200060,,,Tathiana Garbin,R,172,ITA,24.830,108,329,6-3 6-2,3,SF,,,,,,,,,,,,,,,,,,,
2002-1090,Bol,Clay,30,T3,,20020429,28,200723,4,,Iva Majoli,R,175,CRO,24.712,33,956,201354,,Q,Libuse Prusova,R,176,CZE,22.796,318,58,6-7(5) 7-5 6-4,3,SF,,,,,,,,,,,,,,,,,,,
2002-1090,Bol,Clay,30,T3,,20020429,29,200084,,,Asa Carlsson,R,178,SWE,26.870,87,436,200723,4,,Iva Majoli,R,175,CRO,24.712,33,956,6-3 4-6 6-1,3,F,,,,,,,,,,,,,,,,,,,
2002-601,Hamburg,Clay,28,T2,,20020430,1,201212,,,Francesca Schiavone,R,166,ITA,21.851,31,970,201204,,,Iroda Tulyaganova,R,170,UZB,20.310,19,1206,6-0 6-1,3,R32,,,,,,,,,,,,,,,,,,,
2002-601,Hamburg,Clay,28,T2,,20020430,2,200090,,Q,Anca Barna,L,175,GER,24.961,80,466,200067,7,,Patty Schnyder,L,168,SUI,23.376,17,1331,2-6 6-4 6-4,3,R32,,,,,,,,,,,,,,,,,,,
2002-601,Hamburg,Clay,28,T2,,20020430,3,200032,,,Barbara Schett,R,176,AUT,26.139,26,1070,201292,,,Martina Sucha,R,170,SVK,21.441,37,843,7-5 6-4,3,R32,,,,,,,,,,,,,,,,,,,
2002-601,Hamburg,Clay,28,T2,,20020430,4,200094,,WC,Barbara Rittner,R,173,GER,29.014,67,554,200048,,,Elena Likhovtseva,R,174,RUS,26.643,47,724,2-6 6-4 6-1,3,R32,,,,,,,,,,,,,,,,,,,
2002-601,Hamburg,Clay,28,T2,,20020430,5,201310,,WC,Martina Muller,R,165,GER,19.551,65,569,200009,,,Tamarine Tanasugarn,R,165,THA,24.934,21,1147,3-6 6-0 6-0,3,R32,,,,,,,,,,,,,,,,,,,
2002-601,Hamburg,Clay,28,T2,,20020430,6,200017,8,,Arantxa Sanchez Vicario,R,168,ESP,30.366,18,1328,200727,,,Adriana Serra Zanetti,R,160,ITA,26.152,45,769,6-1 6-3,3,R32,,,,,,,,,,,,,,,,,,,
2002-601,Hamburg,Clay,28,T2,,20020430,7,200066,,,Cristina Torrens Valero,R,171,ESP,27.631,40,803,200776,,Q,Angelika Bachmann,R,,GER,22.957,215,122,4-6 6-2 7-5,3,R32,,,,,,,,,,,,,,,,,,,
2002-601,Hamburg,Clay,28,T2,,20020430,8,200027,,,Magui Serna,L,167,ESP,23.165,39,816,200063,,,Tatiana Panova,R,154,RUS,25.712,22,1135,7-5 6-1,3,R32,,,,,,,,,,,,,,,,,,,
2002-601,Hamburg,Clay,28,T2,,20020430,9,201290,6,,Daniela Hantuchova,R,181,SVK,19.020,14,1444,200777,,Q,Marta Marrero,R,173,ESP,19.286,71,536,6-1 6-1,3,R32,,,,,,,,,,,,,,,,,,,
2002-601,Hamburg,Clay,28,T2,,20020430,10,200120,5,,Jelena Dokic,R,175,AUS,19.050,9,3086,200772,,,Anastasia Myskina,R,174,RUS,20.811,29,1010,6-3 0-6 6-2,3,R32,,,,,,,,,,,,,,,,,,,
2002-601,Hamburg,Clay,28,T2,,20020430,11,200049,,,Conchita Martinez,R,170,ESP,30.038,46,729,200123,,WC,Marlene Weingartner,R,174,GER,22.248,64,577,7-6(5) 6-3,3,R32,,,,,,,,,,,,,,,,,,,
2002-601,Hamburg,Clay,28,T2,,20020430,12,200036,,,Nicole Pratt,R,163,AUS,29.153,41,786,200745,,Q,Andrea Glass,R,168,GER,25.786,194,144,6-2 6-3,3,R32,,,,,,,,,,,,,,,,,,,
2002-601,Hamburg,Clay,28,T2,,20020430,13,200748,1,,Venus Williams,R,185,USA,21.868,1,4669,201212,,,Francesca Schiavone,R,166,ITA,21.851,31,970,6-2 6-3,3,R16,,,,,,,,,,,,,,,,,,,
2002-601,Hamburg,Clay,28,T2,,20020430,14,200017,8,,Arantxa Sanchez Vicario,R,168,ESP,30.366,18,1328,201310,,WC,Martina Muller,R,165,GER,19.551,65,569,6-4 2-6 7-6(4),3,R16,,,,,,,,,,,,,,,,,,,
2002-601,Hamburg,Clay,28,T2,,20020430,15,200001,3,,Martina Hingis,R,170,SUI,21.580,4,3375,200066,,,Cristina Torrens Valero,R,171,ESP,27.631,40,803,6-1 6-0,3,R16,,,,,,,,,,,,,,,,,,,
2002-601,Hamburg,Clay,28,T2,,20020430,16,201290,6,,Daniela Hantuchova,R,181,SVK,19.020,14,1444,200027,,,Magui Serna,L,167,ESP,23.165,39,816,7-6(5) 6-3,3,R16,,,,,,,,,,,,,,,,,,,
2002-601,Hamburg,Clay,28,T2,,20020430,17,200120,5,,Jelena Dokic,R,175,AUS,19.050,9,3086,200049,,,Conchita Martinez,R,170,ESP,30.038,46,729,3-6 6-2 6-1,3,R16,,,,,,,,,,,,,,,,,,,
2002-601,Hamburg,Clay,28,T2,,20020430,18,200003,4,,Justine Henin,R,167,BEL,19.913,8,3133,200036,,,Nicole Pratt,R,163,AUS,29.153,41,786,6-3 6-4,3,R16,,,,,,,,,,,,,,,,,,,
2002-601,Hamburg,Clay,28,T2,,20020430,19,200032,,,Barbara Schett,R,176,AUT,26.139,26,1070,200090,,Q,Anca Barna,L,175,GER,24.961,80,466,6-1 6-2,3,R16,,,,,,,,,,,,,,,,,,,
2002-601,Hamburg,Clay,28,T2,,20020430,20,200079,2,,Kim Clijsters,R,175,BEL,18.894,3,3421,200094,,WC,Barbara Rittner,R,173,GER,29.014,67,554,6-3 2-1 RET,3,R16,,,,,,,,,,,,,,,,,,,
2002-601,Hamburg,Clay,28,T2,,20020430,21,200748,1,,Venus Williams,R,185,USA,21.868,1,4669,200017,8,,Arantxa Sanchez Vicario,R,168,ESP,30.366,18,1328,3-6 6-4 6-1,3,QF,,,,,,,,,,,,,,,,,,,
2002-601,Hamburg,Clay,28,T2,,20020430,22,200001,3,,Martina Hingis,R,170,SUI,21.580,4,3375,201290,6,,Daniela Hantuchova,R,181,SVK,19.020,14,1444,7-5 6-4,3,QF,,,,,,,,,,,,,,,,,,,
2002-601,Hamburg,Clay,28,T2,,20020430,23,200120,5,,Jelena Dokic,R,175,AUS,19.050,9,3086,200003,4,,Justine Henin,R,167,BEL,19.913,8,3133,7-6(3) 7-6(3),3,QF,,,,,,,,,,,,,,,,,,,
2002-601,Hamburg,Clay,28,T2,,20020430,24,200079,2,,Kim Clijsters,R,175,BEL,18.894,3,3421,200032,,,Barbara Schett,R,176,AUT,26.139,26,1070,6-4 6-2,3,QF,,,,,,,,,,,,,,,,,,,
2002-601,Hamburg,Clay,28,T2,,20020430,25,200748,1,,Venus Williams,R,185,USA,21.868,1,4669,200001,3,,Martina Hingis,R,170,SUI,21.580,4,3375,7-5 6-3,3,SF,,,,,,,,,,,,,,,,,,,
2002-601,Hamburg,Clay,28,T2,,20020430,26,200079,2,,Kim Clijsters,R,175,BEL,18.894,3,3421,200120,5,,Jelena Dokic,R,175,AUS,19.050,9,3086,6-4 4-4 RET,3,SF,,,,,,,,,,,,,,,,,,,
2002-601,Hamburg,Clay,28,T2,,20020430,27,200079,2,,Kim Clijsters,R,175,BEL,18.894,3,3421,200748,1,,Venus Williams,R,185,USA,21.868,1,4669,1-6 6-3 6-4,3,F,,,,,,,,,,,,,,,,,,,
2002-2012,Berlin,Clay,56,T1,,20020506,1,200031,,,Meilen Tu,R,163,USA,24.299,55,617,200727,,,Adriana Serra Zanetti,R,160,ITA,26.169,44,769,6-3 6-2,3,R64,,,,,,,,,,,,,,,,,,,
2002-2012,Berlin,Clay,56,T1,,20020506,2,200017,13,,Arantxa Sanchez Vicario,R,168,ESP,30.383,17,1337,200122,,,Tina Pisnik,R,172,SLO,21.208,53,647,6-4 6-1,3,R64,,,,,,,,,,,,,,,,,,,
2002-2012,Berlin,Clay,56,T1,,20020506,3,200049,,,Conchita Martinez,R,170,ESP,30.054,45,761,201305,,,Eleni Daniilidou,R,182,GRE,19.628,57,600,7-5 6-1,3,R64,,,,,,,,,,,,,,,,,,,
2002-2012,Berlin,Clay,56,T1,,20020506,4,200109,,,Nathalie Dechy,R,177,FRA,23.204,33,969,200697,,,Janette Husarova,R,169,SVK,27.921,39,826,6-3 6-2,3,R64,,,,,,,,,,,,,,,,,,,
2002-2012,Berlin,Clay,56,T1,,20020506,5,200072,,Q,Cara Black,R,167,ZIM,23.215,54,643,200068,,,Lilia Osterloh,R,170,USA,24.080,64,583,6-0 6-3,3,R64,,,,,,,,,,,,,,,,,,,
2002-2012,Berlin,Clay,56,T1,,20020506,6,200090,,WC,Anca Barna,L,175,GER,24.978,73,530,200010,,,Rita Grande,R,177,ITA,27.122,34,906,4-6 6-2 7-6(10),3,R64,,,,,,,,,,,,,,,,,,,
2002-2012,Berlin,Clay,56,T1,,20020506,7,200700,10,,Silvia Farina Elia,R,172,ITA,30.024,12,1705,200011,,,Katarina Srebotnik,R,180,SLO,21.150,50,672,3-6 6-4 6-4,3,R64,,,,,,,,,,,,,,,,,,,
2002-2012,Berlin,Clay,56,T1,,20020506,8,200009,16,,Tamarine Tanasugarn,R,165,THA,24.951,20,1147,200766,,LL,Jennifer Hopkins,R,170,USA,21.232,71,537,6-0 4-6 6-4,3,R64,,,,,,,,,,,,,,,,,,,
2002-2012,Berlin,Clay,56,T1,,20020506,9,200086,,,Magdalena Maleeva,R,168,BUL,27.097,26,1070,200777,,Q,Marta Marrero,R,173,ESP,19.302,70,538,6-1 1-6 7-6(5),3,R64,,,,,,,,,,,,,,,,,,,
2002-2012,Berlin,Clay,56,T1,,20020506,10,200032,,,Barbara Schett,R,176,AUT,26.155,22,1132,201212,,,Francesca Schiavone,R,166,ITA,21.868,31,1008,6-2 6-2,3,R64,,,,,,,,,,,,,,,,,,,
2002-2012,Berlin,Clay,56,T1,,20020506,11,200096,,SR,Mary Pierce,R,178,FRA,27.305,195,148,200055,,Q,Mariana Diaz Oliva,R,172,ARG,26.152,102,350,6-1 7-5,3,R64,,,,,,,,,,,,,,,,,,,
2002-2012,Berlin,Clay,56,T1,,20020506,12,201322,,Q,Eva Dyrberg,R,175,DEN,22.215,84,444,200044,,Q,Denisa Chladkova,R,174,CZE,23.239,91,416,6-4 6-2,3,R64,,,,,,,,,,,,,,,,,,,
2002-2012,Berlin,Clay,56,T1,,20020506,13,200039,,LL,Chanda Rubin,R,168,USA,26.213,69,544,200027,,,Magui Serna,L,167,ESP,23.182,36,863,6-4 5-7 6-4,3,R64,,,,,,,,,,,,,,,,,,,
2002-2012,Berlin,Clay,56,T1,,20020506,14,201290,11,,Daniela Hantuchova,R,181,SVK,19.037,14,1487,200107,,,Paola Suarez,R,170,ARG,25.868,42,785,7-5 3-6 6-1,3,R64,,,,,,,,,,,,,,,,,,,
2002-2012,Berlin,Clay,56,T1,,20020506,15,201083,,,Daja Bedanova,R,171,CZE,19.160,28,1039,200064,15,,Amanda Coetzer,R,158,RSA,30.539,25,1076,6-3 1-0 RET,3,R64,,,,,,,,,,,,,,,,,,,
2002-2012,Berlin,Clay,56,T1,,20020506,16,200066,,,Cristina Torrens Valero,R,171,ESP,27.647,38,829,200124,,,Anne Kremer,R,165,LUX,26.552,23,1125,6-7(5) 6-3 6-2,3,R64,,,,,,,,,,,,,,,,,,,
2002-2012,Berlin,Clay,56,T1,,20020506,17,200040,,,Anna Smashnova,R,157,ISR,25.805,35,902,200106,,,Angeles Montolio,R,157,ESP,26.749,46,703,6-1 6-3,3,R64,,,,,,,,,,,,,,,,,,,
2002-2012,Berlin,Clay,56,T1,,20020506,18,201204,14,,Iroda Tulyaganova,R,170,UZB,20.326,19,1206,200061,,,Gala Leon Garcia,L,163,ESP,28.367,51,665,6-4 6-0,3,R64,,,,,,,,,,,,,,,,,,,
2002-2012,Berlin,Clay,56,T1,,20020506,19,201333,,Q,Angelika Roesch,R,172,GER,24.909,125,257,200108,12,,Elena Dementieva,R,180,RUS,20.556,15,1441,6-4 1-6 7-5,3,R64,,,,,,,,,,,,,,,,,,,
2002-2012,Berlin,Clay,56,T1,,20020506,20,201306,,LL,Marie Gaiane Mikaelian,R,172,SUI,18.174,65,579,200123,,,Marlene Weingartner,R,174,GER,22.265,72,533,6-3 2-0 RET,3,R64,,,,,,,,,,,,,,,,,,,
2002-2012,Berlin,Clay,56,T1,,20020506,21,200772,,,Anastasia Myskina,R,174,RUS,20.827,30,1010,201292,,,Martina Sucha,R,170,SVK,21.457,37,838,6-2 7-5,3,R64,,,,,,,,,,,,,,,,,,,
2002-2012,Berlin,Clay,56,T1,,20020506,22,201310,,WC,Martina Muller,R,165,GER,19.568,60,592,200709,,,Rossana De Los Rios,R,170,PAR,26.637,56,604,7-5 6-1,3,R64,,,,,,,,,,,,,,,,,,,
2002-2012,Berlin,Clay,56,T1,,20020506,23,200028,,Q,Maureen Drake,R,175,CAN,31.127,114,292,200035,,Q,Maria Sanchez Lorenzo,R,171,ESP,24.493,170,176,6-3 6-7(5) 6-3,3,R64,,,,,,,,,,,,,,,,,,,
2002-2012,Berlin,Clay,56,T1,,20020506,24,200048,,,Elena Likhovtseva,R,174,RUS,26.659,47,692,200063,17,,Tatiana Panova,R,154,RUS,25.728,21,1135,7-5 3-6 7-6(3),3,R64,,,,,,,,,,,,,,,,,,,
2002-2012,Berlin,Clay,56,T1,,20020506,25,200077,1,,Jennifer Capriati,R,170,USA,26.103,2,4553,200031,,,Meilen Tu,R,163,USA,24.299,55,617,6-4 6-3,3,R32,,,,,,,,,,,,,,,,,,,
2002-2012,Berlin,Clay,56,T1,,20020506,26,201204,14,,Iroda Tulyaganova,R,170,UZB,20.326,19,1206,201322,,Q,Eva Dyrberg,R,175,DEN,22.215,84,444,7-5 6-3,3,R32,,,,,,,,,,,,,,,,,,,
2002-2012,Berlin,Clay,56,T1,,20020506,27,201306,,LL,Marie Gaiane Mikaelian,R,172,SUI,18.174,65,579,201333,,Q,Angelika Roesch,R,172,GER,24.909,125,257,6-0 6-1,3,R32,,,,,,,,,,,,,,,,,,,
2002-2012,Berlin,Clay,56,T1,,20020506,28,200016,8,,Sandrine Testud,R,176,FRA,30.090,11,2152,200772,,,Anastasia Myskina,R,174,RUS,20.827,30,1010,6-4 7-5,3,R32,,,,,,,,,,,,,,,,,,,
2002-2012,Berlin,Clay,56,T1,,20020506,29,200003,5,,Justine Henin,R,167,BEL,19.929,8,3112,201310,,WC,Martina Muller,R,165,GER,19.568,60,592,2-6 6-2 6-3,3,R32,,,,,,,,,,,,,,,,,,,
2002-2012,Berlin,Clay,56,T1,,20020506,30,200048,,,Elena Likhovtseva,R,174,RUS,26.659,47,692,200028,,Q,Maureen Drake,R,175,CAN,31.127,114,292,3-6 6-4 7-5,3,R32,,,,,,,,,,,,,,,,,,,
2002-2012,Berlin,Clay,56,T1,,20020506,31,200017,13,,Arantxa Sanchez Vicario,R,168,ESP,30.383,17,1337,200049,,,Conchita Martinez,R,170,ESP,30.054,45,761,6-1 6-3,3,R32,,,,,,,,,,,,,,,,,,,
2002-2012,Berlin,Clay,56,T1,,20020506,32,200109,,,Nathalie Dechy,R,177,FRA,23.204,33,969,200046,9,,Meghann Shaughnessy,R,180,USA,23.064,13,1546,6-3 2-6 6-3,3,R32,,,,,,,,,,,,,,,,,,,
2002-2012,Berlin,Clay,56,T1,,20020506,33,200065,7,,Amelie Mauresmo,R,175,FRA,22.837,10,2252,200072,,Q,Cara Black,R,167,ZIM,23.215,54,643,6-4 6-0,3,R32,,,,,,,,,,,,,,,,,,,
2002-2012,Berlin,Clay,56,T1,,20020506,34,200700,10,,Silvia Farina Elia,R,172,ITA,30.024,12,1705,200090,,WC,Anca Barna,L,175,GER,24.978,73,530,6-3 7-5,3,R32,,,,,,,,,,,,,,,,,,,
2002-2012,Berlin,Clay,56,T1,,20020506,35,200086,,,Magdalena Maleeva,R,168,BUL,27.097,26,1070,200009,16,,Tamarine Tanasugarn,R,165,THA,24.951,20,1147,6-4 6-0,3,R32,,,,,,,,,,,,,,,,,,,
2002-2012,Berlin,Clay,56,T1,,20020506,36,200033,4,,Serena Williams,R,175,USA,20.608,5,3363,200032,,,Barbara Schett,R,176,AUT,26.155,22,1132,6-3 6-2,3,R32,,,,,,,,,,,,,,,,,,,
2002-2012,Berlin,Clay,56,T1,,20020506,37,200120,6,,Jelena Dokic,R,175,AUS,19.067,9,3074,200096,,SR,Mary Pierce,R,178,FRA,27.305,195,148,1-6 6-3 6-1,3,R32,,,,,,,,,,,,,,,,,,,
2002-2012,Berlin,Clay,56,T1,,20020506,38,201290,11,,Daniela Hantuchova,R,181,SVK,19.037,14,1487,200039,,LL,Chanda Rubin,R,168,USA,26.213,69,544,6-2 6-4,3,R32,,,,,,,,,,,,,,,,,,,
2002-2012,Berlin,Clay,56,T1,,20020506,39,200066,,,Cristina Torrens Valero,R,171,ESP,27.647,38,829,201083,,,Daja Bedanova,R,171,CZE,19.160,28,1039,7-6(4) 4-6 7-5,3,R32,,,,,,,,,,,,,,,,,,,
2002-2012,Berlin,Clay,56,T1,,20020506,40,200040,,,Anna Smashnova,R,157,ISR,25.805,35,902,200079,2,,Kim Clijsters,R,175,BEL,18.911,3,3699,5-7 6-4 7-5,3,R32,,,,,,,,,,,,,,,,,,,
2002-2012,Berlin,Clay,56,T1,,20020506,41,200077,1,,Jennifer Capriati,R,170,USA,26.103,2,4553,201204,14,,Iroda Tulyaganova,R,170,UZB,20.326,19,1206,6-2 6-0,3,R16,,,,,,,,,,,,,,,,,,,
2002-2012,Berlin,Clay,56,T1,,20020506,42,200016,8,,Sandrine Testud,R,176,FRA,30.090,11,2152,201306,,LL,Marie Gaiane Mikaelian,R,172,SUI,18.174,65,579,6-2 6-2,3,R16,,,,,,,,,,,,,,,,,,,
2002-2012,Berlin,Clay,56,T1,,20020506,43,200003,5,,Justine Henin,R,167,BEL,19.929,8,3112,200048,,,Elena Likhovtseva,R,174,RUS,26.659,47,692,5-7 6-4 6-4,3,R16,,,,,,,,,,,,,,,,,,,
2002-2012,Berlin,Clay,56,T1,,20020506,44,200109,,,Nathalie Dechy,R,177,FRA,23.204,33,969,200017,13,,Arantxa Sanchez Vicario,R,168,ESP,30.383,17,1337,7-6(4) 6-3,3,R16,,,,,,,,,,,,,,,,,,,
2002-2012,Berlin,Clay,56,T1,,20020506,45,200065,7,,Amelie Mauresmo,R,175,FRA,22.837,10,2252,200700,10,,Silvia Farina Elia,R,172,ITA,30.024,12,1705,6-3 6-3,3,R16,,,,,,,,,,,,,,,,,,,
2002-2012,Berlin,Clay,56,T1,,20020506,46,200033,4,,Serena Williams,R,175,USA,20.608,5,3363,200086,,,Magdalena Maleeva,R,168,BUL,27.097,26,1070,7-6(2) 6-4,3,R16,,,,,,,,,,,,,,,,,,,
2002-2012,Berlin,Clay,56,T1,,20020506,47,201290,11,,Daniela Hantuchova,R,181,SVK,19.037,14,1487,200120,6,,Jelena Dokic,R,175,AUS,19.067,9,3074,6-2 6-3,3,R16,,,,,,,,,,,,,,,,,,,
2002-2012,Berlin,Clay,56,T1,,20020506,48,200040,,,Anna Smashnova,R,157,ISR,25.805,35,902,200066,,,Cristina Torrens Valero,R,171,ESP,27.647,38,829,7-6(0) 6-0,3,R16,,,,,,,,,,,,,,,,,,,
2002-2012,Berlin,Clay,56,T1,,20020506,49,200077,1,,Jennifer Capriati,R,170,USA,26.103,2,4553,200016,8,,Sandrine Testud,R,176,FRA,30.090,11,2152,6-3 5-7 6-4,3,QF,,,,,,,,,,,,,,,,,,,
2002-2012,Berlin,Clay,56,T1,,20020506,50,200003,5,,Justine Henin,R,167,BEL,19.929,8,3112,200109,,,Nathalie Dechy,R,177,FRA,23.204,33,969,6-0 6-4,3,QF,,,,,,,,,,,,,,,,,,,
2002-2012,Berlin,Clay,56,T1,,20020506,51,200033,4,,Serena Williams,R,175,USA,20.608,5,3363,200065,7,,Amelie Mauresmo,R,175,FRA,22.837,10,2252,W/O,3,QF,,,,,,,,,,,,,,,,,,,
2002-2012,Berlin,Clay,56,T1,,20020506,52,200040,,,Anna Smashnova,R,157,ISR,25.805,35,902,201290,11,,Daniela Hantuchova,R,181,SVK,19.037,14,1487,1-6 6-2 6-3,3,QF,,,,,,,,,,,,,,,,,,,
2002-2012,Berlin,Clay,56,T1,,20020506,53,200003,5,,Justine Henin,R,167,BEL,19.929,8,3112,200077,1,,Jennifer Capriati,R,170,USA,26.103,2,4553,5-7 6-2 6-1,3,SF,,,,,,,,,,,,,,,,,,,
2002-2012,Berlin,Clay,56,T1,,20020506,54,200033,4,,Serena Williams,R,175,USA,20.608,5,3363,200040,,,Anna Smashnova,R,157,ISR,25.805,35,902,6-3 6-2,3,SF,,,,,,,,,,,,,,,,,,,
2002-2012,Berlin,Clay,56,T1,,20020506,55,200003,5,,Justine Henin,R,167,BEL,19.929,8,3112,200033,4,,Serena Williams,R,175,USA,20.608,5,3363,6-2 1-6 7-6(5),3,F,,,,,,,,,,,,,,,,,,,
2002-680,Warsaw,Clay,32,T3,,20020506,1,200098,1,,Henrieta Nagyova,R,177,SVK,23.390,41,794,201324,,,Irina Selyutina,R,178,KAZ,22.495,99,360,6-4 6-4,3,R32,,,,,,,,,,,,,,,,,,,
2002-680,Warsaw,Clay,32,T3,,20020506,2,200764,,,Elena Bovina,R,189,RUS,19.157,94,404,202261,,WC,Joanna Sakowicz Kostecka,R,,POL,18.013,421,33,1-6 6-4 6-3,3,R32,,,,,,,,,,,,,,,,,,,
2002-680,Warsaw,Clay,32,T3,,20020506,3,200087,,,Seda Noorlander,R,166,NED,27.957,106,346,200012,,,Jana Nejedly,R,175,CAN,27.907,108,337,6-1 7-5,3,R32,,,,,,,,,,,,,,,,,,,
2002-680,Warsaw,Clay,32,T3,,20020506,4,201320,,Q,Svetlana Kuznetsova,R,174,RUS,16.857,162,193,200113,3,,Anna Kournikova,R,173,RUS,20.912,68,564,4-6 6-4 5-2 RET,3,R32,,,,,,,,,,,,,,,,,,,
2002-680,Warsaw,Clay,32,T3,,20020506,5,200773,8,,Stephanie Foretz Gacon,R,166,FRA,21.008,85,439,201078,,,Eugenia Kulikovskaya,L,163,RUS,23.374,132,241,7-5 6-2,3,R32,,,,,,,,,,,,,,,,,,,
2002-680,Warsaw,Clay,32,T3,,20020506,6,200025,,,Ludmila Cervanova,R,171,SVK,22.558,105,346,201311,,Q,Roberta Vinci,R,163,ITA,19.212,151,203,6-1 6-3,3,R32,,,,,,,,,,,,,,,,,,,
2002-680,Warsaw,Clay,32,T3,,20020506,7,200053,,,Lubomira Bacheva,R,,BUL,27.166,127,256,200754,,,Jill Craybas,R,160,USA,27.839,93,405,6-3 6-0,3,R32,,,,,,,,,,,,,,,,,,,
2002-680,Warsaw,Clay,32,T3,,20020506,8,200007,,,Silvija Talaja,R,173,CRO,24.307,96,397,201284,2,,Tatiana Poutchek,R,176,BLR,23.321,66,568,6-4 6-2,3,R32,,,,,,,,,,,,,,,,,,,
2002-680,Warsaw,Clay,32,T3,,20020506,9,201339,,Q,Renata Voracova,R,,CZE,18.582,174,172,201308,,,Maria Elena Camerin,R,164,ITA,20.126,131,242,3-6 7-5 6-4,3,R32,,,,,,,,,,,,,,,,,,,
2002-680,Warsaw,Clay,32,T3,,20020506,10,201299,,,Celine Beigbeder,,,FRA,27.193,87,428,201417,,WC,Marta Domachowska,R,176,POL,16.301,,,7-6(2) 1-6 6-3,3,R32,,,,,,,,,,,,,,,,,,,
2002-680,Warsaw,Clay,32,T3,,20020506,11,200118,5,,Virginia Ruano Pascual,R,169,ESP,28.622,79,481,201371,,Q,Vera Dushevina,R,180,RUS,15.581,,,6-1 7-6(2),3,R32,,,,,,,,,,,,,,,,,,,
2002-680,Warsaw,Clay,32,T3,,20020506,12,201209,,,Selima Sfar,R,166,TUN,24.827,110,327,200121,4,,Alina Jidkova,R,168,RUS,25.296,78,484,6-0 6-3,3,R32,,,,,,,,,,,,,,,,,,,
2002-680,Warsaw,Clay,32,T3,,20020506,13,200060,,,Tathiana Garbin,R,172,ITA,24.849,86,430,201300,,,Maria Emilia Salerni,R,174,ARG,18.979,117,273,6-1 6-4,3,R32,,,,,,,,,,,,,,,,,,,
2002-680,Warsaw,Clay,32,T3,,20020506,14,201329,,,Vera Zvonareva,R,172,RUS,17.660,177,170,201072,,,Eva Bes Ostariz,R,,ESP,29.307,95,398,4-6 6-4 6-1,3,R32,,,,,,,,,,,,,,,,,,,
2002-680,Warsaw,Clay,32,T3,,20020506,15,200104,,,Emilie Loit,L,167,FRA,22.908,88,427,200056,7,,Jelena Kostanic Tosic,L,168,CRO,20.833,83,455,6-4 6-0,3,R32,,,,,,,,,,,,,,,,,,,
2002-680,Warsaw,Clay,32,T3,,20020506,16,200749,6,,Samantha Reeves,R,173,USA,23.300,81,464,200101,,,Jana Kandarr,R,181,GER,25.621,97,392,7-6(4) 6-2,3,R32,,,,,,,,,,,,,,,,,,,
2002-680,Warsaw,Clay,32,T3,,20020506,17,200098,1,,Henrieta Nagyova,R,177,SVK,23.390,41,794,201339,,Q,Renata Voracova,R,,CZE,18.582,174,172,7-5 6-2,3,R16,,,,,,,,,,,,,,,,,,,
2002-680,Warsaw,Clay,32,T3,,20020506,18,200118,5,,Virginia Ruano Pascual,R,169,ESP,28.622,79,481,201299,,,Celine Beigbeder,,,FRA,27.193,87,428,6-3 6-2,3,R16,,,,,,,,,,,,,,,,,,,
2002-680,Warsaw,Clay,32,T3,,20020506,19,201209,,,Selima Sfar,R,166,TUN,24.827,110,327,200060,,,Tathiana Garbin,R,172,ITA,24.849,86,430,6-3 6-2,3,R16,,,,,,,,,,,,,,,,,,,
2002-680,Warsaw,Clay,32,T3,,20020506,20,201329,,,Vera Zvonareva,R,172,RUS,17.660,177,170,200104,,,Emilie Loit,L,167,FRA,22.908,88,427,6-3 6-2,3,R16,,,,,,,,,,,,,,,,,,,
2002-680,Warsaw,Clay,32,T3,,20020506,21,200764,,,Elena Bovina,R,189,RUS,19.157,94,404,200749,6,,Samantha Reeves,R,173,USA,23.300,81,464,6-4 7-6(1),3,R16,,,,,,,,,,,,,,,,,,,
2002-680,Warsaw,Clay,32,T3,,20020506,22,201320,,Q,Svetlana Kuznetsova,R,174,RUS,16.857,162,193,200087,,,Seda Noorlander,R,166,NED,27.957,106,346,6-4 2-6 6-1,3,R16,,,,,,,,,,,,,,,,,,,
2002-680,Warsaw,Clay,32,T3,,20020506,23,200025,,,Ludmila Cervanova,R,171,SVK,22.558,105,346,200773,8,,Stephanie Foretz Gacon,R,166,FRA,21.008,85,439,6-2 6-3,3,R16,,,,,,,,,,,,,,,,,,,
2002-680,Warsaw,Clay,32,T3,,20020506,24,200007,,,Silvija Talaja,R,173,CRO,24.307,96,397,200053,,,Lubomira Bacheva,R,,BUL,27.166,127,256,6-3 6-3,3,R16,,,,,,,,,,,,,,,,,,,
2002-680,Warsaw,Clay,32,T3,,20020506,25,200098,1,,Henrieta Nagyova,R,177,SVK,23.390,41,794,200118,5,,Virginia Ruano Pascual,R,169,ESP,28.622,79,481,6-7(1) 7-5 6-1,3,QF,,,,,,,,,,,,,,,,,,,
2002-680,Warsaw,Clay,32,T3,,20020506,26,201329,,,Vera Zvonareva,R,172,RUS,17.660,177,170,201209,,,Selima Sfar,R,166,TUN,24.827,110,327,6-4 7-6(2),3,QF,,,,,,,,,,,,,,,,,,,
2002-680,Warsaw,Clay,32,T3,,20020506,27,200764,,,Elena Bovina,R,189,RUS,19.157,94,404,201320,,Q,Svetlana Kuznetsova,R,174,RUS,16.857,162,193,6-3 6-2,3,QF,,,,,,,,,,,,,,,,,,,
2002-680,Warsaw,Clay,32,T3,,20020506,28,200007,,,Silvija Talaja,R,173,CRO,24.307,96,397,200025,,,Ludmila Cervanova,R,171,SVK,22.558,105,346,2-6 6-3 7-5,3,QF,,,,,,,,,,,,,,,,,,,
2002-680,Warsaw,Clay,32,T3,,20020506,29,200098,1,,Henrieta Nagyova,R,177,SVK,23.390,41,794,201329,,,Vera Zvonareva,R,172,RUS,17.660,177,170,6-1 6-4,3,SF,,,,,,,,,,,,,,,,,,,
2002-680,Warsaw,Clay,32,T3,,20020506,30,200764,,,Elena Bovina,R,189,RUS,19.157,94,404,200007,,,Silvija Talaja,R,173,CRO,24.307,96,397,1-6 6-2 7-5,3,SF,,,,,,,,,,,,,,,,,,,
2002-680,Warsaw,Clay,32,T3,,20020506,31,200764,,,Elena Bovina,R,189,RUS,19.157,94,404,200098,1,,Henrieta Nagyova,R,177,SVK,23.390,41,794,6-3 6-1,3,F,,,,,,,,,,,,,,,,,,,
2002-709,Rome,Clay,56,T1,,20020513,1,200113,,WC,Anna Kournikova,R,173,RUS,20.931,68,564,200777,,Q,Marta Marrero,R,173,ESP,19.321,75,524,6-3 6-3,3,R64,,,,,,,,,,,,,,,,,,,
2002-709,Rome,Clay,56,T1,,20020513,2,200700,9,,Silvia Farina Elia,R,172,ITA,30.043,12,1707,200042,,Q,Els Callens,R,178,BEL,31.730,123,263,6-0 6-4,3,R64,,,,,,,,,,,,,,,,,,,
2002-709,Rome,Clay,56,T1,,20020513,3,200032,,,Barbara Schett,R,176,AUT,26.174,22,1140,200031,,Q,Meilen Tu,R,163,USA,24.318,53,637,6-3 7-5,3,R64,,,,,,,,,,,,,,,,,,,
2002-709,Rome,Clay,56,T1,,20020513,4,201360,,Q,Julia Vakulenko,R,183,UKR,18.842,125,260,200022,,,Emmanuelle Gagliardi,R,171,SUI,25.843,42,775,7-5 6-0,3,R64,,,,,,,,,,,,,,,,,,,
2002-709,Rome,Clay,56,T1,,20020513,5,200040,,,Anna Smashnova,R,157,ISR,25.824,21,1145,200727,,,Adriana Serra Zanetti,R,160,ITA,26.188,43,767,6-1 6-2,3,R64,,,,,,,,,,,,,,,,,,,
2002-709,Rome,Clay,56,T1,,20020513,6,200027,,,Magui Serna,L,167,ESP,23.201,39,832,201308,,WC,Maria Elena Camerin,R,164,ITA,20.146,131,242,6-3 6-4,3,R64,,,,,,,,,,,,,,,,,,,
2002-709,Rome,Clay,56,T1,,20020513,7,200772,,,Anastasia Myskina,R,174,RUS,20.846,30,1026,201290,11,,Daniela Hantuchova,R,181,SVK,19.056,13,1593,6-4 6-4,3,R64,,,,,,,,,,,,,,,,,,,
2002-709,Rome,Clay,56,T1,,20020513,8,200044,,Q,Denisa Chladkova,R,174,CZE,23.259,105,344,200009,15,,Tamarine Tanasugarn,R,165,THA,24.970,19,1170,6-0 6-2,3,R64,,,,,,,,,,,,,,,,,,,
2002-709,Rome,Clay,56,T1,,20020513,9,200049,,,Conchita Martinez,R,170,ESP,30.073,46,710,200061,,,Gala Leon Garcia,L,163,ESP,28.387,54,634,0-6 6-1 7-6(4),3,R64,,,,,,,,,,,,,,,,,,,
2002-709,Rome,Clay,56,T1,,20020513,10,200010,,,Rita Grande,R,177,ITA,27.141,35,906,201344,,Q,Klara Koukalova,R,166,CZE,20.214,124,261,2-6 6-4 6-1,3,R64,,,,,,,,,,,,,,,,,,,
2002-709,Rome,Clay,56,T1,,20020513,11,200109,,,Nathalie Dechy,R,177,FRA,23.223,28,1047,200066,,,Cristina Torrens Valero,R,171,ESP,27.667,36,904,6-3 6-4,3,R64,,,,,,,,,,,,,,,,,,,
2002-709,Rome,Clay,56,T1,,20020513,12,200118,,Q,Virginia Ruano Pascual,R,169,ESP,28.641,78,498,200106,,,Angeles Montolio,R,157,ESP,26.769,50,672,7-6(4) 6-3,3,R64,,,,,,,,,,,,,,,,,,,
2002-709,Rome,Clay,56,T1,,20020513,13,200086,,,Magdalena Maleeva,R,168,BUL,27.116,24,1107,201292,,,Martina Sucha,R,170,SVK,21.476,38,838,6-0 7-6(4),3,R64,,,,,,,,,,,,,,,,,,,
2002-709,Rome,Clay,56,T1,,20020513,14,200085,,,Ai Sugiyama,R,163,JPN,26.856,33,977,200108,12,,Elena Dementieva,R,180,RUS,20.575,15,1441,6-4 7-5,3,R64,,,,,,,,,,,,,,,,,,,
2002-709,Rome,Clay,56,T1,,20020513,15,200067,13,,Patty Schnyder,L,168,SUI,23.412,20,1154,200697,,,Janette Husarova,R,169,SVK,27.940,40,826,6-2 6-3,3,R64,,,,,,,,,,,,,,,,,,,
2002-709,Rome,Clay,56,T1,,20020513,16,200096,,,Mary Pierce,R,178,FRA,27.324,172,175,201306,,Q,Marie Gaiane Mikaelian,R,172,SUI,18.193,56,621,6-3 5-7 6-4,3,R64,,,,,,,,,,,,,,,,,,,
2002-709,Rome,Clay,56,T1,,20020513,17,201297,,LL,Maja Matevzic,L,175,SLO,21.914,61,584,201302,,Q,Clarisa Fernandez,L,179,ARG,20.707,104,348,4-6 6-1 7-6(7),3,R64,,,,,,,,,,,,,,,,,,,
2002-709,Rome,Clay,56,T1,,20020513,18,201204,14,,Iroda Tulyaganova,R,170,UZB,20.345,18,1255,200060,,WC,Tathiana Garbin,R,172,ITA,24.868,91,414,6-3 6-2,3,R64,,,,,,,,,,,,,,,,,,,
2002-709,Rome,Clay,56,T1,,20020513,19,200084,,Q,Asa Carlsson,R,178,SWE,26.908,65,577,200046,10,,Meghann Shaughnessy,R,180,USA,23.083,14,1507,6-3 6-3,3,R64,,,,,,,,,,,,,,,,,,,
2002-709,Rome,Clay,56,T1,,20020513,20,200124,,,Anne Kremer,R,165,LUX,26.571,25,1095,200107,,,Paola Suarez,R,170,ARG,25.887,45,711,6-3 6-1,3,R64,,,,,,,,,,,,,,,,,,,
2002-709,Rome,Clay,56,T1,,20020513,21,201212,,,Francesca Schiavone,R,166,ITA,21.887,32,995,200110,,,Fabiola Zuluaga,R,172,COL,23.346,143,226,4-6 6-1 6-4,3,R64,,,,,,,,,,,,,,,,,,,
2002-709,Rome,Clay,56,T1,,20020513,22,200048,,,Elena Likhovtseva,R,174,RUS,26.678,44,755,200072,,Q,Cara Black,R,167,ZIM,23.234,48,685,7-5 4-6 6-4,3,R64,,,,,,,,,,,,,,,,,,,
2002-709,Rome,Clay,56,T1,,20020513,23,200098,,,Henrieta Nagyova,R,177,SVK,23.409,37,872,201321,,WC,Antonella Serra Zanetti,R,168,ITA,21.799,119,270,1-6 6-4 6-0,3,R64,,,,,,,,,,,,,,,,,,,
2002-709,Rome,Clay,56,T1,,20020513,24,200063,16,,Tatiana Panova,R,154,RUS,25.747,23,1135,200766,,Q,Jennifer Hopkins,R,170,USA,21.252,71,537,4-6 6-4 6-0,3,R64,,,,,,,,,,,,,,,,,,,
2002-709,Rome,Clay,56,T1,,20020513,25,200113,,WC,Anna Kournikova,R,173,RUS,20.931,68,564,200068,,LL,Lilia Osterloh,R,170,USA,24.099,62,583,6-1 4-6 6-1,3,R32,,,,,,,,,,,,,,,,,,,
2002-709,Rome,Clay,56,T1,,20020513,26,200118,,Q,Virginia Ruano Pascual,R,169,ESP,28.641,78,498,201204,14,,Iroda Tulyaganova,R,170,UZB,20.345,18,1255,6-2 3-6 7-6(2),3,R32,,,,,,,,,,,,,,,,,,,
2002-709,Rome,Clay,56,T1,,20020513,27,200124,,,Anne Kremer,R,165,LUX,26.571,25,1095,200084,,Q,Asa Carlsson,R,178,SWE,26.908,65,577,6-1 6-0,3,R32,,,,,,,,,,,,,,,,,,,
2002-709,Rome,Clay,56,T1,,20020513,28,200003,5,,Justine Henin,R,167,BEL,19.948,8,3335,201212,,,Francesca Schiavone,R,166,ITA,21.887,32,995,7-6(5) 6-2,3,R32,,,,,,,,,,,,,,,,,,,
2002-709,Rome,Clay,56,T1,,20020513,29,200079,3,,Kim Clijsters,R,175,BEL,18.930,3,3699,200048,,,Elena Likhovtseva,R,174,RUS,26.678,44,755,6-3 6-2,3,R32,,,,,,,,,,,,,,,,,,,
2002-709,Rome,Clay,56,T1,,20020513,30,200063,16,,Tatiana Panova,R,154,RUS,25.747,23,1135,200098,,,Henrieta Nagyova,R,177,SVK,23.409,37,872,6-0 5-2 RET,3,R32,,,,,,,,,,,,,,,,,,,
2002-709,Rome,Clay,56,T1,,20020513,31,200700,9,,Silvia Farina Elia,R,172,ITA,30.043,12,1707,200032,,,Barbara Schett,R,176,AUT,26.174,22,1140,6-2 6-4,3,R32,,,,,,,,,,,,,,,,,,,
2002-709,Rome,Clay,56,T1,,20020513,32,200016,8,,Sandrine Testud,R,176,FRA,30.109,10,2183,201360,,Q,Julia Vakulenko,R,183,UKR,18.842,125,260,6-1 6-1,3,R32,,,,,,,,,,,,,,,,,,,
2002-709,Rome,Clay,56,T1,,20020513,33,200120,6,,Jelena Dokic,R,175,AUS,19.086,9,3074,200040,,,Anna Smashnova,R,157,ISR,25.824,21,1145,6-3 3-6 6-1,3,R32,,,,,,,,,,,,,,,,,,,
2002-709,Rome,Clay,56,T1,,20020513,34,200772,,,Anastasia Myskina,R,174,RUS,20.846,30,1026,200027,,,Magui Serna,L,167,ESP,23.201,39,832,6-2 6-7(4) 6-2,3,R32,,,,,,,,,,,,,,,,,,,
2002-709,Rome,Clay,56,T1,,20020513,35,200044,,Q,Denisa Chladkova,R,174,CZE,23.259,105,344,200049,,,Conchita Martinez,R,170,ESP,30.073,46,710,6-4 4-6 7-5,3,R32,,,,,,,,,,,,,,,,,,,
2002-709,Rome,Clay,56,T1,,20020513,36,200033,4,,Serena Williams,R,175,USA,20.627,4,3609,200010,,,Rita Grande,R,177,ITA,27.141,35,906,6-0 6-3,3,R32,,,,,,,,,,,,,,,,,,,
2002-709,Rome,Clay,56,T1,,20020513,37,200065,7,,Amelie Mauresmo,R,175,FRA,22.856,11,1881,200109,,,Nathalie Dechy,R,177,FRA,23.223,28,1047,6-1 7-5,3,R32,,,,,,,,,,,,,,,,,,,
2002-709,Rome,Clay,56,T1,,20020513,38,200085,,,Ai Sugiyama,R,163,JPN,26.856,33,977,200086,,,Magdalena Maleeva,R,168,BUL,27.116,24,1107,7-6(3) 7-5,3,R32,,,,,,,,,,,,,,,,,,,
2002-709,Rome,Clay,56,T1,,20020513,39,200096,,,Mary Pierce,R,178,FRA,27.324,172,175,200067,13,,Patty Schnyder,L,168,SUI,23.412,20,1154,6-3 1-6 6-2,3,R32,,,,,,,,,,,,,,,,,,,
2002-709,Rome,Clay,56,T1,,20020513,40,200077,2,,Jennifer Capriati,R,170,USA,26.122,2,4449,201297,,LL,Maja Matevzic,L,175,SLO,21.914,61,584,6-2 6-1,3,R32,,,,,,,,,,,,,,,,,,,
2002-709,Rome,Clay,56,T1,,20020513,41,200118,,Q,Virginia Ruano Pascual,R,169,ESP,28.641,78,498,200113,,WC,Anna Kournikova,R,173,RUS,20.931,68,564,6-3 6-2,3,R16,,,,,,,,,,,,,,,,,,,
2002-709,Rome,Clay,56,T1,,20020513,42,200003,5,,Justine Henin,R,167,BEL,19.948,8,3335,200124,,,Anne Kremer,R,165,LUX,26.571,25,1095,6-2 6-4,3,R16,,,,,,,,,,,,,,,,,,,
2002-709,Rome,Clay,56,T1,,20020513,43,200079,3,,Kim Clijsters,R,175,BEL,18.930,3,3699,200063,16,,Tatiana Panova,R,154,RUS,25.747,23,1135,6-3 6-7(6) 6-1,3,R16,,,,,,,,,,,,,,,,,,,
2002-709,Rome,Clay,56,T1,,20020513,44,200016,8,,Sandrine Testud,R,176,FRA,30.109,10,2183,200700,9,,Silvia Farina Elia,R,172,ITA,30.043,12,1707,3-6 6-2 6-3,3,R16,,,,,,,,,,,,,,,,,,,
2002-709,Rome,Clay,56,T1,,20020513,45,200772,,,Anastasia Myskina,R,174,RUS,20.846,30,1026,200120,6,,Jelena Dokic,R,175,AUS,19.086,9,3074,5-7 6-4 6-3,3,R16,,,,,,,,,,,,,,,,,,,
2002-709,Rome,Clay,56,T1,,20020513,46,200033,4,,Serena Williams,R,175,USA,20.627,4,3609,200044,,Q,Denisa Chladkova,R,174,CZE,23.259,105,344,6-1 6-2,3,R16,,,,,,,,,,,,,,,,,,,
2002-709,Rome,Clay,56,T1,,20020513,47,200065,7,,Amelie Mauresmo,R,175,FRA,22.856,11,1881,200085,,,Ai Sugiyama,R,163,JPN,26.856,33,977,6-0 6-2,3,R16,,,,,,,,,,,,,,,,,,,
2002-709,Rome,Clay,56,T1,,20020513,48,200077,2,,Jennifer Capriati,R,170,USA,26.122,2,4449,200096,,,Mary Pierce,R,178,FRA,27.324,172,175,6-0 6-0,3,R16,,,,,,,,,,,,,,,,,,,
2002-709,Rome,Clay,56,T1,,20020513,49,200003,5,,Justine Henin,R,167,BEL,19.948,8,3335,200118,,Q,Virginia Ruano Pascual,R,169,ESP,28.641,78,498,6-3 6-4,3,QF,,,,,,,,,,,,,,,,,,,
2002-709,Rome,Clay,56,T1,,20020513,50,200079,3,,Kim Clijsters,R,175,BEL,18.930,3,3699,200016,8,,Sandrine Testud,R,176,FRA,30.109,10,2183,6-1 6-3,3,QF,,,,,,,,,,,,,,,,,,,
2002-709,Rome,Clay,56,T1,,20020513,51,200033,4,,Serena Williams,R,175,USA,20.627,4,3609,200772,,,Anastasia Myskina,R,174,RUS,20.846,30,1026,6-3 6-4,3,QF,,,,,,,,,,,,,,,,,,,
2002-709,Rome,Clay,56,T1,,20020513,52,200077,2,,Jennifer Capriati,R,170,USA,26.122,2,4449,200065,7,,Amelie Mauresmo,R,175,FRA,22.856,11,1881,6-2 3-6 6-4,3,QF,,,,,,,,,,,,,,,,,,,
2002-709,Rome,Clay,56,T1,,20020513,53,200003,5,,Justine Henin,R,167,BEL,19.948,8,3335,200079,3,,Kim Clijsters,R,175,BEL,18.930,3,3699,7-5 6-2,3,SF,,,,,,,,,,,,,,,,,,,
2002-709,Rome,Clay,56,T1,,20020513,54,200033,4,,Serena Williams,R,175,USA,20.627,4,3609,200077,2,,Jennifer Capriati,R,170,USA,26.122,2,4449,6-2 3-6 7-5,3,SF,,,,,,,,,,,,,,,,,,,
2002-709,Rome,Clay,56,T1,,20020513,55,200033,4,,Serena Williams,R,175,USA,20.627,4,3609,200003,5,,Justine Henin,R,167,BEL,19.948,8,3335,7-6(6) 6-4,3,F,,,,,,,,,,,,,,,,,,,
2002-D127,Fed Cup G2 RRA: BER vs ESA,Hard,4,D,,20020514,1,207002,,,Marcela Ivon Rodezno Hernandez,,,ESA,17.345,,,212155,,,Danielle Paynter,,,BER,21.096,,,6-1 6-1,3,RR,,,,,,,,,,,,,,,,,,,
2002-D127,Fed Cup G2 RRA: BER vs ESA,Hard,4,D,,20020514,2,207003,,,Liz Cruz,R,,ESA,16.813,,,212111,,,Zarah De Silva,,,BER,18.078,,,6-2 6-0,3,RR,,,,,,,,,,,,,,,,,,,
2002-D130,Fed Cup G2 RRA: BOL vs DOM,Hard,4,D,,20020514,1,206587,,,Daniela Alvarez,,,BOL,18.377,,,206911,,,Carla Prieto,,,DOM,19.776,,,7-5 6-1,3,RR,,,,,,,,,,,,,,,,,,,
2002-D130,Fed Cup G2 RRA: BOL vs DOM,Hard,4,D,,20020514,2,206903,,,Glenny Cepeda,R,,DOM,21.085,,,206583,,,Monica Poveda,,,BOL,23.357,,,6-0 6-4,3,RR,,,,,,,,,,,,,,,,,,,
2002-D135,Fed Cup G2 RRA: CHI vs PAN,Hard,4,D,,20020514,1,205143,,,Valentina Castro,,,CHI,20.825,,,212158,,,Yeniseik Gomez,,,PAN,14.705,,,6-0 6-3,3,RR,,,,,,,,,,,,,,,,,,,
2002-D135,Fed Cup G2 RRA: CHI vs PAN,Hard,4,D,,20020514,2,212157,,,Anabelle Espinosa Rodriguez,,,PAN,19.918,,,206756,,,Carolina Aravena,,,CHI,20.855,,,6-2 4-6 6-4,3,RR,,,,,,,,,,,,,,,,,,,
2002-D140,Fed Cup G2 RRB: CRC vs GUA,Hard,4,D,,20020514,1,212119,,,Luisa Elfride Lopez,,,GUA,21.243,,,212159,,,Laura Viquez,,,CRC,15.171,,,6-2 6-4,3,RR,,,,,,,,,,,,,,,,,,,
2002-D140,Fed Cup G2 RRB: CRC vs GUA,Hard,4,D,,20020514,2,212160,,,Karla Golfin,,,CRC,31.264,,,212161,,,Saira Sanchinelli,,,GUA,27.146,,,4-6 6-2 6-2,3,RR,,,,,,,,,,,,,,,,,,,
2002-D147,Fed Cup G2 RRB: CUB vs TRI,Hard,4,D,,20020514,1,207947,,,Yamile Fors Guerra,,,CUB,25.008,,,212106,,,Lisa Fung Kee Fung,,,TTO,17.112,,,6-0 6-2,3,RR,,,,,,,,,,,,,,,,,,,
2002-D147,Fed Cup G2 RRB: CUB vs TRI,Hard,4,D,,20020514,2,212165,,,Anneliese Rose,,,TTO,23.538,,,207956,,,Yanet Nunez Mojarena,,,CUB,20.866,,,7-6(4) 6-2,3,RR,,,,,,,,,,,,,,,,,,,
2002-D151,Fed Cup G2 RRB: JAM vs ECA,Hard,4,D,,20020514,1,206998,,,Kadija Richards,,,JAM,22.325,,,212162,,,Masika Williams,,,ECA,21.714,,,6-0 6-1,3,RR,,,,,,,,,,,,,,,,,,,
2002-D151,Fed Cup G2 RRB: JAM vs ECA,Hard,4,D,,20020514,2,205195,,,Alanna Broderick,R,,JAM,21.736,,,212163,,,Sylma Phillip,,,ECA,39.177,,,6-1 6-2,3,RR,,,,,,,,,,,,,,,,,,,
2002-D124,Fed Cup G2 RRA: BER vs BOL,Hard,4,D,,20020515,1,206587,,,Daniela Alvarez,,,BOL,18.380,,,212155,,,Danielle Paynter,,,BER,21.098,,,6-0 6-2,3,RR,,,,,,,,,,,,,,,,,,,
2002-D124,Fed Cup G2 RRA: BER vs BOL,Hard,4,D,,20020515,2,206583,,,Monica Poveda,,,BOL,23.360,,,212111,,,Zarah De Silva,,,BER,18.081,,,6-0 6-0,3,RR,,,,,,,,,,,,,,,,,,,
2002-D134,Fed Cup G2 RRA: CHI vs ESA,Hard,4,D,,20020515,1,207002,,,Marcela Ivon Rodezno Hernandez,,,ESA,17.347,,,205143,,,Valentina Castro,,,CHI,20.827,,,2-6 7-5 6-4,3,RR,,,,,,,,,,,,,,,,,,,
2002-D134,Fed Cup G2 RRA: CHI vs ESA,Hard,4,D,,20020515,2,207003,,,Liz Cruz,R,,ESA,16.816,,,206756,,,Carolina Aravena,,,CHI,20.857,,,6-1 2-6 6-2,3,RR,,,,,,,,,,,,,,,,,,,
2002-D137,Fed Cup G2 RRA: DOM vs PAN,Hard,4,D,,20020515,1,206911,,,Carla Prieto,,,DOM,19.779,,,212114,,,Anais Marie Moreno,,,PAN,20.315,,,6-0 6-0,3,RR,,,,,,,,,,,,,,,,,,,
2002-D137,Fed Cup G2 RRA: DOM vs PAN,Hard,4,D,,20020515,2,206903,,,Glenny Cepeda,R,,DOM,21.087,,,212157,,,Anabelle Espinosa Rodriguez,,,PAN,19.921,,,6-0 6-3,3,RR,,,,,,,,,,,,,,,,,,,
2002-D141,Fed Cup G2 RRB: CRC vs JAM,Hard,4,D,,20020515,1,206998,,,Kadija Richards,,,JAM,22.328,,,212159,,,Laura Viquez,,,CRC,15.173,,,6-3 6-7(4) 6-0,3,RR,,,,,,,,,,,,,,,,,,,
2002-D141,Fed Cup G2 RRB: CRC vs JAM,Hard,4,D,,20020515,2,212160,,,Karla Golfin,,,CRC,31.267,,,205195,,,Alanna Broderick,R,,JAM,21.739,,,6-2 2-6 6-4,3,RR,,,,,,,,,,,,,,,,,,,
2002-D144,Fed Cup G2 RRB: CUB vs GUA,Hard,4,D,,20020515,1,207947,,,Yamile Fors Guerra,,,CUB,25.011,,,212119,,,Luisa Elfride Lopez,,,GUA,21.246,,,7-5 6-0,3,RR,,,,,,,,,,,,,,,,,,,
2002-D144,Fed Cup G2 RRB: CUB vs GUA,Hard,4,D,,20020515,2,207956,,,Yanet Nunez Mojarena,,,CUB,20.868,,,212161,,,Saira Sanchinelli,,,GUA,27.149,,,6-2 6-2,3,RR,,,,,,,,,,,,,,,,,,,
2002-D153,Fed Cup G2 RRB: ECA vs TRI,Hard,4,D,,20020515,1,212106,,,Lisa Fung Kee Fung,,,TTO,17.115,,,212166,,,Lerissa Maurice,,,ECA,15.299,,,6-2 6-1,3,RR,,,,,,,,,,,,,,,,,,,
2002-D153,Fed Cup G2 RRB: ECA vs TRI,Hard,4,D,,20020515,2,212165,,,Anneliese Rose,,,TTO,23.541,,,212163,,,Sylma Phillip,,,ECA,39.179,,,6-2 6-0,3,RR,,,,,,,,,,,,,,,,,,,
2002-D128,Fed Cup G2 RRA: BER vs PAN,Hard,4,D,,20020516,1,212155,,,Danielle Paynter,,,BER,21.101,,,212156,,,Yimara Figueroa,,,PAN,18.692,,,6-2 6-2,3,RR,,,,,,,,,,,,,,,,,,,
2002-D128,Fed Cup G2 RRA: BER vs PAN,Hard,4,D,,20020516,2,212157,,,Anabelle Espinosa Rodriguez,,,PAN,19.924,,,212111,,,Zarah De Silva,,,BER,18.084,,,6-4 6-4,3,RR,,,,,,,,,,,,,,,,,,,
2002-D131,Fed Cup G2 RRA: BOL vs ESA,Hard,4,D,,20020516,1,206587,,,Daniela Alvarez,,,BOL,18.382,,,207002,,,Marcela Ivon Rodezno Hernandez,,,ESA,17.350,,,4-6 6-1 6-1,3,RR,,,,,,,,,,,,,,,,,,,
2002-D131,Fed Cup G2 RRA: BOL vs ESA,Hard,4,D,,20020516,2,206583,,,Monica Poveda,,,BOL,23.363,,,207003,,,Liz Cruz,R,,ESA,16.819,,,6-4 7-6(0),3,RR,,,,,,,,,,,,,,,,,,,
2002-D133,Fed Cup G2 RRA: CHI vs DOM,Hard,4,D,,20020516,1,205143,,,Valentina Castro,,,CHI,20.830,,,206911,,,Carla Prieto,,,DOM,19.781,,,6-1 6-2,3,RR,,,,,,,,,,,,,,,,,,,
2002-D133,Fed Cup G2 RRA: CHI vs DOM,Hard,4,D,,20020516,2,206903,,,Glenny Cepeda,R,,DOM,21.090,,,206756,,,Carolina Aravena,,,CHI,20.860,,,6-4 6-2,3,RR,,,,,,,,,,,,,,,,,,,
2002-D139,Fed Cup G2 RRB: CUB vs CRC,Hard,4,D,,20020516,1,207947,,,Yamile Fors Guerra,,,CUB,25.014,,,212159,,,Laura Viquez,,,CRC,15.176,,,6-0 6-2,3,RR,,,,,,,,,,,,,,,,,,,
2002-D139,Fed Cup G2 RRB: CUB vs CRC,Hard,4,D,,20020516,2,207956,,,Yanet Nunez Mojarena,,,CUB,20.871,,,212160,,,Karla Golfin,,,CRC,31.270,,,6-3 6-4,3,RR,,,,,,,,,,,,,,,,,,,
2002-D149,Fed Cup G2 RRB: GUA vs ECA,Hard,4,D,,20020516,1,212119,,,Luisa Elfride Lopez,,,GUA,21.249,,,212162,,,Masika Williams,,,ECA,21.720,,,6-0 6-1,3,RR,,,,,,,,,,,,,,,,,,,
2002-D149,Fed Cup G2 RRB: GUA vs ECA,Hard,4,D,,20020516,2,212161,,,Saira Sanchinelli,,,GUA,27.152,,,212163,,,Sylma Phillip,,,ECA,39.182,,,6-4 6-0,3,RR,,,,,,,,,,,,,,,,,,,
2002-D152,Fed Cup G2 RRB: JAM vs TRI,Hard,4,D,,20020516,1,206998,,,Kadija Richards,,,JAM,22.330,,,212106,,,Lisa Fung Kee Fung,,,TTO,17.117,,,6-0 6-0,3,RR,,,,,,,,,,,,,,,,,,,
2002-D152,Fed Cup G2 RRB: JAM vs TRI,Hard,4,D,,20020516,2,212165,,,Anneliese Rose,,,TTO,23.543,,,205195,,,Alanna Broderick,R,,JAM,21.742,,,6-4 5-7 6-3,3,RR,,,,,,,,,,,,,,,,,,,
2002-D125,Fed Cup G2 RRA: BER vs CHI,Hard,4,D,,20020517,1,205143,,,Valentina Castro,,,CHI,20.833,,,212155,,,Danielle Paynter,,,BER,21.104,,,6-1 6-0,3,RR,,,,,,,,,,,,,,,,,,,
2002-D125,Fed Cup G2 RRA: BER vs CHI,Hard,4,D,,20020517,2,206756,,,Carolina Aravena,,,CHI,20.863,,,212111,,,Zarah De Silva,,,BER,18.087,,,6-1 6-0,3,RR,,,,,,,,,,,,,,,,,,,
2002-D132,Fed Cup G2 RRA: BOL vs PAN,Hard,4,D,,20020517,1,206587,,,Daniela Alvarez,,,BOL,18.385,,,212158,,,Yeniseik Gomez,,,PAN,14.714,,,6-1 6-0,3,RR,,,,,,,,,,,,,,,,,,,
2002-D132,Fed Cup G2 RRA: BOL vs PAN,Hard,4,D,,20020517,2,206583,,,Monica Poveda,,,BOL,23.365,,,212157,,,Anabelle Espinosa Rodriguez,,,PAN,19.926,,,0-6 3-0 RET,5,RR,,,,,,,,,,,,,,,,,,,
2002-D136,Fed Cup G2 RRA: DOM vs ESA,Hard,4,D,,20020517,1,207002,,,Marcela Ivon Rodezno Hernandez,,,ESA,17.353,,,206908,,,Diana Espinal,,,DOM,18.607,,,6-3 7-6(3),3,RR,,,,,,,,,,,,,,,,,,,
2002-D136,Fed Cup G2 RRA: DOM vs ESA,Hard,4,D,,20020517,2,207003,,,Liz Cruz,R,,ESA,16.822,,,206903,,,Glenny Cepeda,R,,DOM,21.093,,,6-3 5-7 6-2,3,RR,,,,,,,,,,,,,,,,,,,
2002-D143,Fed Cup G2 RRB: CRC vs TRI,Hard,4,D,,20020517,1,212159,,,Laura Viquez,,,CRC,15.179,,,212164,,,Nicole Agostini,,,TTO,14.853,,,4-1 RET,5,RR,,,,,,,,,,,,,,,,,,,
2002-D143,Fed Cup G2 RRB: CRC vs TRI,Hard,4,D,,20020517,2,212165,,,Anneliese Rose,,,TTO,23.546,,,212160,,,Karla Golfin,,,CRC,31.272,,,6-2 6-4,3,RR,,,,,,,,,,,,,,,,,,,
2002-D146,Fed Cup G2 RRB: CUB vs ECA,Hard,4,D,,20020517,1,207947,,,Yamile Fors Guerra,,,CUB,25.016,,,212162,,,Masika Williams,,,ECA,21.723,,,6-0 6-1,3,RR,,,,,,,,,,,,,,,,,,,
2002-D146,Fed Cup G2 RRB: CUB vs ECA,Hard,4,D,,20020517,2,207956,,,Yanet Nunez Mojarena,,,CUB,20.874,,,212163,,,Sylma Phillip,,,ECA,39.185,,,6-1 6-3,3,RR,,,,,,,,,,,,,,,,,,,
2002-D148,Fed Cup G2 RRB: GUA vs JAM,Hard,4,D,,20020517,1,212119,,,Luisa Elfride Lopez,,,GUA,21.252,,,206998,,,Kadija Richards,,,JAM,22.333,,,6-4 6-7(4) 8-6,3,RR,,,,,,,,,,,,,,,,,,,
2002-D148,Fed Cup G2 RRB: GUA vs JAM,Hard,4,D,,20020517,2,212161,,,Saira Sanchinelli,,,GUA,27.155,,,205195,,,Alanna Broderick,R,,JAM,21.744,,,6-7(4) 6-3 8-6,3,RR,,,,,,,,,,,,,,,,,,,
2002-D126,Fed Cup G2 RRA: BER vs DOM,Hard,4,D,,20020518,1,206911,,,Carla Prieto,,,DOM,19.787,,,212108,,,Sasha Fisher,,,BER,15.280,,,6-2 6-0,3,RR,,,,,,,,,,,,,,,,,,,
2002-D126,Fed Cup G2 RRA: BER vs DOM,Hard,4,D,,20020518,2,206903,,,Glenny Cepeda,R,,DOM,21.096,,,212155,,,Danielle Paynter,,,BER,21.107,,,6-0 6-0,3,RR,,,,,,,,,,,,,,,,,,,
2002-D129,Fed Cup G2 RRA: BOL vs CHI,Hard,4,D,,20020518,1,205143,,,Valentina Castro,,,CHI,20.835,,,206587,,,Daniela Alvarez,,,BOL,18.388,,,7-5 6-2,3,RR,,,,,,,,,,,,,,,,,,,
2002-D129,Fed Cup G2 RRA: BOL vs CHI,Hard,4,D,,20020518,2,206583,,,Monica Poveda,,,BOL,23.368,,,206756,,,Carolina Aravena,,,CHI,20.866,,,6-2 6-1,3,RR,,,,,,,,,,,,,,,,,,,
2002-D138,Fed Cup G2 RRA: ESA vs PAN,Hard,4,D,,20020518,1,207002,,,Marcela Ivon Rodezno Hernandez,,,ESA,17.356,,,212158,,,Yeniseik Gomez,,,PAN,14.716,,,6-0 6-0,3,RR,,,,,,,,,,,,,,,,,,,
2002-D138,Fed Cup G2 RRA: ESA vs PAN,Hard,4,D,,20020518,2,207003,,,Liz Cruz,R,,ESA,16.824,,,212156,,,Yimara Figueroa,,,PAN,18.697,,,6-1 6-1,3,RR,,,,,,,,,,,,,,,,,,,
2002-D142,Fed Cup G2 RRB: CRC vs ECA,Hard,4,D,,20020518,1,212159,,,Laura Viquez,,,CRC,15.182,,,212162,,,Masika Williams,,,ECA,21.725,,,6-1 6-0,3,RR,,,,,,,,,,,,,,,,,,,
2002-D142,Fed Cup G2 RRB: CRC vs ECA,Hard,4,D,,20020518,2,212160,,,Karla Golfin,,,CRC,31.275,,,212163,,,Sylma Phillip,,,ECA,39.188,,,6-3 6-3,3,RR,,,,,,,,,,,,,,,,,,,
2002-D145,Fed Cup G2 RRB: CUB vs JAM,Hard,4,D,,20020518,1,207947,,,Yamile Fors Guerra,,,CUB,25.019,,,212104,,,Tinesta Rowe,,,JAM,16.526,,,6-3 6-0,3,RR,,,,,,,,,,,,,,,,,,,
2002-D145,Fed Cup G2 RRB: CUB vs JAM,Hard,4,D,,20020518,2,207956,,,Yanet Nunez Mojarena,,,CUB,20.877,,,206998,,,Kadija Richards,,,JAM,22.336,,,6-3 6-1,3,RR,,,,,,,,,,,,,,,,,,,
2002-D150,Fed Cup G2 RRB: GUA vs TRI,Hard,4,D,,20020518,1,212119,,,Luisa Elfride Lopez,,,GUA,21.254,,,212106,,,Lisa Fung Kee Fung,,,TTO,17.123,,,6-4 6-2,3,RR,,,,,,,,,,,,,,,,,,,
2002-D150,Fed Cup G2 RRB: GUA vs TRI,Hard,4,D,,20020518,2,212165,,,Anneliese Rose,,,TTO,23.549,,,212161,,,Saira Sanchinelli,,,GUA,27.157,,,6-3 6-2,3,RR,,,,,,,,,,,,,,,,,,,
2002-211,Madrid,Clay,30,T3,,20020520,1,200777,,,Marta Marrero,R,173,ESP,19.341,72,536,201296,,,Bianka Lamade,R,184,GER,19.721,92,413,5-7 6-3 6-2,3,R32,,,,,,,,,,,,,,,,,,,
2002-211,Madrid,Clay,30,T3,,20020520,2,200104,,,Emilie Loit,L,167,FRA,22.946,87,429,200061,,,Gala Leon Garcia,L,163,ESP,28.406,66,576,4-6 6-1 6-2,3,R32,,,,,,,,,,,,,,,,,,,
2002-211,Madrid,Clay,30,T3,,20020520,3,200072,,,Cara Black,R,167,ZIM,23.253,44,690,200009,3,,Tamarine Tanasugarn,R,165,THA,24.989,20,1170,6-3 6-3,3,R32,,,,,,,,,,,,,,,,,,,
2002-211,Madrid,Clay,30,T3,,20020520,4,200027,,,Magui Serna,L,167,ESP,23.220,38,856,200723,6,WC,Iva Majoli,R,175,CRO,24.770,32,1020,4-6 6-1 6-4,3,R32,,,,,,,,,,,,,,,,,,,
2002-211,Madrid,Clay,30,T3,,20020520,5,200036,,,Nicole Pratt,R,163,AUS,29.208,40,806,200019,,Q,Alexandra Fusai,R,176,FRA,28.491,142,222,7-5 6-2,3,R32,,,,,,,,,,,,,,,,,,,
2002-211,Madrid,Clay,30,T3,,20020520,6,200039,,,Chanda Rubin,R,168,USA,26.251,65,579,200709,,,Rossana De Los Rios,R,170,PAR,26.675,59,597,6-2 7-6(5),3,R32,,,,,,,,,,,,,,,,,,,
2002-211,Madrid,Clay,30,T3,,20020520,7,200008,,,Alicia Molik,R,182,AUS,21.309,53,631,200041,,,Amy Frazier,R,175,USA,29.665,60,595,6-4 6-3,3,R32,,,,,,,,,,,,,,,,,,,
2002-211,Madrid,Clay,30,T3,,20020520,8,200040,5,,Anna Smashnova,R,157,ISR,25.843,24,1150,200749,,Q,Samantha Reeves,R,173,USA,23.338,80,473,1-6 7-5 6-3,3,R32,,,,,,,,,,,,,,,,,,,
2002-211,Madrid,Clay,30,T3,,20020520,9,200107,,,Paola Suarez,R,170,ARG,25.906,54,618,200067,4,,Patty Schnyder,L,168,SUI,23.431,23,1157,6-4 6-4,3,R32,,,,,,,,,,,,,,,,,,,
2002-211,Madrid,Clay,30,T3,,20020520,10,201336,,Q,Dinara Safina,R,185,RUS,16.063,239,100,200066,,,Cristina Torrens Valero,R,171,ESP,27.686,35,904,6-3 6-7(5) 6-0,3,R32,,,,,,,,,,,,,,,,,,,
2002-211,Madrid,Clay,30,T3,,20020520,11,200126,,,Marissa Irvin,R,170,USA,21.906,62,585,200118,,WC,Virginia Ruano Pascual,R,169,ESP,28.660,57,603,2-1 RET,3,R32,,,,,,,,,,,,,,,,,,,
2002-211,Madrid,Clay,30,T3,,20020520,12,201302,,Q,Clarisa Fernandez,L,179,ARG,20.726,98,360,200085,7,,Ai Sugiyama,R,163,JPN,26.875,29,1059,7-6(4) 7-5,3,R32,,,,,,,,,,,,,,,,,,,
2002-211,Madrid,Clay,30,T3,,20020520,13,200010,8,,Rita Grande,R,177,ITA,27.160,34,926,200106,,,Angeles Montolio,R,157,ESP,26.788,48,643,6-1 1-6 6-1,3,R32,,,,,,,,,,,,,,,,,,,
2002-211,Madrid,Clay,30,T3,,20020520,14,200110,,,Fabiola Zuluaga,R,172,COL,23.365,138,227,200774,,,Vanessa Webb,L,180,CAN,26.320,126,249,6-4 6-3,3,R32,,,,,,,,,,,,,,,,,,,
2002-211,Madrid,Clay,30,T3,,20020520,15,200652,1,,Monica Seles,L,178,USA,28.463,6,3360,200777,,,Marta Marrero,R,173,ESP,19.341,72,536,7-5 6-2,3,R16,,,,,,,,,,,,,,,,,,,
2002-211,Madrid,Clay,30,T3,,20020520,16,200040,5,,Anna Smashnova,R,157,ISR,25.843,24,1150,200008,,,Alicia Molik,R,182,AUS,21.309,53,631,7-5 6-2,3,R16,,,,,,,,,,,,,,,,,,,
2002-211,Madrid,Clay,30,T3,,20020520,17,200107,,,Paola Suarez,R,170,ARG,25.906,54,618,201336,,Q,Dinara Safina,R,185,RUS,16.063,239,100,7-5 6-1,3,R16,,,,,,,,,,,,,,,,,,,
2002-211,Madrid,Clay,30,T3,,20020520,18,201302,,Q,Clarisa Fernandez,L,179,ARG,20.726,98,360,200126,,,Marissa Irvin,R,170,USA,21.906,62,585,6-4 3-6 6-0,3,R16,,,,,,,,,,,,,,,,,,,
2002-211,Madrid,Clay,30,T3,,20020520,19,200110,,,Fabiola Zuluaga,R,172,COL,23.365,138,227,200010,8,,Rita Grande,R,177,ITA,27.160,34,926,7-5 7-5,3,R16,,,,,,,,,,,,,,,,,,,
2002-211,Madrid,Clay,30,T3,,20020520,20,200104,,,Emilie Loit,L,167,FRA,22.946,87,429,200072,,,Cara Black,R,167,ZIM,23.253,44,690,6-4 6-4,3,R16,,,,,,,,,,,,,,,,,,,
2002-211,Madrid,Clay,30,T3,,20020520,21,200027,,,Magui Serna,L,167,ESP,23.220,38,856,200036,,,Nicole Pratt,R,163,AUS,29.208,40,806,6-2 6-2,3,R16,,,,,,,,,,,,,,,,,,,
2002-211,Madrid,Clay,30,T3,,20020520,22,200039,,,Chanda Rubin,R,168,USA,26.251,65,579,200017,2,WC,Arantxa Sanchez Vicario,R,168,ESP,30.421,18,1238,6-3 7-6(6),3,R16,,,,,,,,,,,,,,,,,,,
2002-211,Madrid,Clay,30,T3,,20020520,23,200652,1,,Monica Seles,L,178,USA,28.463,6,3360,200040,5,,Anna Smashnova,R,157,ISR,25.843,24,1150,6-3 6-2,3,QF,,,,,,,,,,,,,,,,,,,
2002-211,Madrid,Clay,30,T3,,20020520,24,200107,,,Paola Suarez,R,170,ARG,25.906,54,618,201302,,Q,Clarisa Fernandez,L,179,ARG,20.726,98,360,6-4 7-5,3,QF,,,,,,,,,,,,,,,,,,,
2002-211,Madrid,Clay,30,T3,,20020520,25,200110,,,Fabiola Zuluaga,R,172,COL,23.365,138,227,200104,,,Emilie Loit,L,167,FRA,22.946,87,429,4-6 6-0 7-5,3,QF,,,,,,,,,,,,,,,,,,,
2002-211,Madrid,Clay,30,T3,,20020520,26,200039,,,Chanda Rubin,R,168,USA,26.251,65,579,200027,,,Magui Serna,L,167,ESP,23.220,38,856,6-3 6-3,3,QF,,,,,,,,,,,,,,,,,,,
2002-211,Madrid,Clay,30,T3,,20020520,27,200652,1,,Monica Seles,L,178,USA,28.463,6,3360,200107,,,Paola Suarez,R,170,ARG,25.906,54,618,4-6 6-1 6-3,3,SF,,,,,,,,,,,,,,,,,,,
2002-211,Madrid,Clay,30,T3,,20020520,28,200039,,,Chanda Rubin,R,168,USA,26.251,65,579,200110,,,Fabiola Zuluaga,R,172,COL,23.365,138,227,6-4 6-2,3,SF,,,,,,,,,,,,,,,,,,,
2002-211,Madrid,Clay,30,T3,,20020520,29,200652,1,,Monica Seles,L,178,USA,28.463,6,3360,200039,,,Chanda Rubin,R,168,USA,26.251,65,579,6-4 6-2,3,F,,,,,,,,,,,,,,,,,,,
2002-406,Strasbourg,Clay,30,T3,,20020520,1,200122,,,Tina Pisnik,R,172,SLO,21.246,47,647,200068,,,Lilia Osterloh,R,170,USA,24.118,68,564,6-4 6-2,3,R32,,,,,,,,,,,,,,,,,,,
2002-406,Strasbourg,Clay,30,T3,,20020520,2,200078,,,Barbara Schwartz,L,181,AUT,23.311,75,510,200727,,,Adriana Serra Zanetti,R,160,ITA,26.207,42,767,7-6(0) 6-3,3,R32,,,,,,,,,,,,,,,,,,,
2002-406,Strasbourg,Clay,30,T3,,20020520,3,201305,,,Eleni Daniilidou,R,182,GRE,19.666,64,579,201204,4,,Iroda Tulyaganova,R,170,UZB,20.365,17,1281,6-7(3) 7-5 7-5,3,R32,,,,,,,,,,,,,,,,,,,
2002-406,Strasbourg,Clay,30,T3,,20020520,4,200020,6,,Lisa Raymond,R,165,USA,28.775,27,1091,201299,,WC,Celine Beigbeder,,,FRA,27.231,86,433,4-6 7-6(7) 6-3,3,R32,,,,,,,,,,,,,,,,,,,
2002-406,Strasbourg,Clay,30,T3,,20020520,5,200015,,,Petra Mandula,R,178,HUN,24.337,63,581,200113,,,Anna Kournikova,R,173,RUS,20.950,55,617,7-6(5) 6-2,3,R32,,,,,,,,,,,,,,,,,,,
2002-406,Strasbourg,Clay,30,T3,,20020520,6,201312,,Q,Sarah Taylor,R,,USA,20.534,116,291,200073,,,Julie Pullin,L,173,GBR,26.539,146,215,6-1 6-3,3,R32,,,,,,,,,,,,,,,,,,,
2002-406,Strasbourg,Clay,30,T3,,20020520,7,202135,,Q,Vanessa Henke,R,,GER,21.342,231,109,201310,,,Martina Muller,R,165,GER,19.606,67,576,6-3 6-2,3,R32,,,,,,,,,,,,,,,,,,,
2002-406,Strasbourg,Clay,30,T3,,20020520,8,200056,,,Jelena Kostanic Tosic,L,168,CRO,20.871,83,455,201083,7,,Daja Bedanova,R,171,CZE,19.198,28,1084,4-6 7-5 6-4,3,R32,,,,,,,,,,,,,,,,,,,
2002-406,Strasbourg,Clay,30,T3,,20020520,9,200046,3,,Meghann Shaughnessy,R,180,USA,23.102,14,1478,200766,,,Jennifer Hopkins,R,170,USA,21.271,71,540,7-5 6-0,3,R32,,,,,,,,,,,,,,,,,,,
2002-406,Strasbourg,Clay,30,T3,,20020520,10,200090,,,Anca Barna,L,175,GER,25.016,69,559,200043,,,Virginie Razzano,R,173,FRA,19.023,79,474,7-6(6) 6-1,3,R32,,,,,,,,,,,,,,,,,,,
2002-406,Strasbourg,Clay,30,T3,,20020520,11,201334,,Q,Zuzana Ondraskova,R,174,CZE,22.046,156,201,201297,,,Maja Matevzic,L,175,SLO,21.933,56,606,6-2 6-3,3,R32,,,,,,,,,,,,,,,,,,,
2002-406,Strasbourg,Clay,30,T3,,20020520,12,200022,8,,Emmanuelle Gagliardi,R,171,SUI,25.862,45,677,201327,,Q,Angelique Widjaja,R,173,INA,17.435,106,339,6-2 6-1,3,R32,,,,,,,,,,,,,,,,,,,
2002-406,Strasbourg,Clay,30,T3,,20020520,13,200086,5,,Magdalena Maleeva,R,168,BUL,27.135,25,1139,201306,,,Marie Gaiane Mikaelian,R,172,SUI,18.213,52,634,6-2 3-6 7-5,3,R32,,,,,,,,,,,,,,,,,,,
2002-406,Strasbourg,Clay,30,T3,,20020520,14,200773,,WC,Stephanie Foretz Gacon,R,166,FRA,21.046,85,446,201281,,LL,Laura Granville,R,175,USA,21.022,158,199,7-6(3) 7-6(5),3,R32,,,,,,,,,,,,,,,,,,,
2002-406,Strasbourg,Clay,30,T3,,20020520,15,200120,1,,Jelena Dokic,R,175,AUS,19.105,9,2762,200122,,,Tina Pisnik,R,172,SLO,21.246,47,647,6-4 7-5,3,R16,,,,,,,,,,,,,,,,,,,
2002-406,Strasbourg,Clay,30,T3,,20020520,16,200056,,,Jelena Kostanic Tosic,L,168,CRO,20.871,83,455,202135,,Q,Vanessa Henke,R,,GER,21.342,231,109,6-4 7-5,3,R16,,,,,,,,,,,,,,,,,,,
2002-406,Strasbourg,Clay,30,T3,,20020520,17,200046,3,,Meghann Shaughnessy,R,180,USA,23.102,14,1478,200090,,,Anca Barna,L,175,GER,25.016,69,559,6-4 6-1,3,R16,,,,,,,,,,,,,,,,,,,
2002-406,Strasbourg,Clay,30,T3,,20020520,18,200022,8,,Emmanuelle Gagliardi,R,171,SUI,25.862,45,677,201334,,Q,Zuzana Ondraskova,R,174,CZE,22.046,156,201,6-2 6-3,3,R16,,,,,,,,,,,,,,,,,,,
2002-406,Strasbourg,Clay,30,T3,,20020520,19,200086,5,,Magdalena Maleeva,R,168,BUL,27.135,25,1139,200773,,WC,Stephanie Foretz Gacon,R,166,FRA,21.046,85,446,6-3 6-4,3,R16,,,,,,,,,,,,,,,,,,,
2002-406,Strasbourg,Clay,30,T3,,20020520,20,200078,,,Barbara Schwartz,L,181,AUT,23.311,75,510,201305,,,Eleni Daniilidou,R,182,GRE,19.666,64,579,6-2 6-2,3,R16,,,,,,,,,,,,,,,,,,,
2002-406,Strasbourg,Clay,30,T3,,20020520,21,200020,6,,Lisa Raymond,R,165,USA,28.775,27,1091,200015,,,Petra Mandula,R,178,HUN,24.337,63,581,2-6 6-0 6-2,3,R16,,,,,,,,,,,,,,,,,,,
2002-406,Strasbourg,Clay,30,T3,,20020520,22,200700,2,,Silvia Farina Elia,R,172,ITA,30.062,11,1714,201312,,Q,Sarah Taylor,R,,USA,20.534,116,291,7-5 6-1,3,R16,,,,,,,,,,,,,,,,,,,
2002-406,Strasbourg,Clay,30,T3,,20020520,23,200120,1,,Jelena Dokic,R,175,AUS,19.105,9,2762,200056,,,Jelena Kostanic Tosic,L,168,CRO,20.871,83,455,4-6 6-4 6-3,3,QF,,,,,,,,,,,,,,,,,,,
2002-406,Strasbourg,Clay,30,T3,,20020520,24,200046,3,,Meghann Shaughnessy,R,180,USA,23.102,14,1478,200022,8,,Emmanuelle Gagliardi,R,171,SUI,25.862,45,677,2-6 6-4 6-3,3,QF,,,,,,,,,,,,,,,,,,,
2002-406,Strasbourg,Clay,30,T3,,20020520,25,200086,5,,Magdalena Maleeva,R,168,BUL,27.135,25,1139,200078,,,Barbara Schwartz,L,181,AUT,23.311,75,510,6-4 2-6 6-2,3,QF,,,,,,,,,,,,,,,,,,,
2002-406,Strasbourg,Clay,30,T3,,20020520,26,200700,2,,Silvia Farina Elia,R,172,ITA,30.062,11,1714,200020,6,,Lisa Raymond,R,165,USA,28.775,27,1091,6-4 6-0,3,QF,,,,,,,,,,,,,,,,,,,
2002-406,Strasbourg,Clay,30,T3,,20020520,27,200120,1,,Jelena Dokic,R,175,AUS,19.105,9,2762,200046,3,,Meghann Shaughnessy,R,180,USA,23.102,14,1478,6-1 6-2,3,SF,,,,,,,,,,,,,,,,,,,
2002-406,Strasbourg,Clay,30,T3,,20020520,28,200700,2,,Silvia Farina Elia,R,172,ITA,30.062,11,1714,200086,5,,Magdalena Maleeva,R,168,BUL,27.135,25,1139,6-3 6-1,3,SF,,,,,,,,,,,,,,,,,,,
2002-406,Strasbourg,Clay,30,T3,,20020520,29,200700,2,,Silvia Farina Elia,R,172,ITA,30.062,11,1714,200120,1,,Jelena Dokic,R,175,AUS,19.105,9,2762,6-4 3-6 6-3,3,F,,,,,,,,,,,,,,,,,,,
2002-903,Roland Garros,Clay,128,G,,20020527,1,200077,1,,Jennifer Capriati,R,170,USA,26.161,1,4617,200126,,,Marissa Irvin,R,170,USA,21.925,56,607,6-3 6-4,3,R128,,,,,,,,,,,,,,,,,,,
2002-903,Roland Garros,Clay,128,G,,20020527,2,200011,,,Katarina Srebotnik,R,180,SLO,21.208,48,672,200061,,,Gala Leon Garcia,L,163,ESP,28.425,63,576,6-3 6-4,3,R128,,,,,,,,,,,,,,,,,,,
2002-903,Roland Garros,Clay,128,G,,20020527,3,200104,,,Emilie Loit,L,167,FRA,22.966,79,475,200008,,,Alicia Molik,R,182,AUS,21.328,52,625,6-2 3-6 7-5,3,R128,,,,,,,,,,,,,,,,,,,
2002-903,Roland Garros,Clay,128,G,,20020527,4,201085,,Q,Shinobu Asagoe,R,170,JPN,25.912,119,273,200772,19,,Anastasia Myskina,R,174,RUS,20.885,22,1164,3-6 6-2 7-5,3,R128,,,,,,,,,,,,,,,,,,,
2002-903,Roland Garros,Clay,128,G,,20020527,5,201310,,,Martina Muller,R,165,GER,19.625,64,573,200064,30,,Amanda Coetzer,R,158,RSA,30.596,33,974,6-2 6-2,3,R128,,,,,,,,,,,,,,,,,,,
2002-903,Roland Garros,Clay,128,G,,20020527,6,200048,,,Elena Likhovtseva,R,174,RUS,26.716,43,727,200110,,SR,Fabiola Zuluaga,R,172,COL,23.384,116,303,6-2 6-4,3,R128,,,,,,,,,,,,,,,,,,,
2002-903,Roland Garros,Clay,128,G,,20020527,7,200049,,,Conchita Martinez,R,170,ESP,30.112,60,602,201308,,,Maria Elena Camerin,R,164,ITA,20.184,147,211,6-3 6-3,3,R128,,,,,,,,,,,,,,,,,,,
2002-903,Roland Garros,Clay,128,G,,20020527,8,200120,7,,Jelena Dokic,R,175,AUS,19.124,9,2835,200022,,,Emmanuelle Gagliardi,R,171,SUI,25.881,44,711,6-4 6-2,3,R128,,,,,,,,,,,,,,,,,,,
2002-903,Roland Garros,Clay,128,G,,20020527,9,200033,3,,Serena Williams,R,175,USA,20.666,3,4036,201292,,,Martina Sucha,R,170,SVK,21.514,39,838,6-3 6-0,3,R128,,,,,,,,,,,,,,,,,,,
2002-903,Roland Garros,Clay,128,G,,20020527,10,200720,,Q,Dally Randriantefy,R,165,MAD,25.254,169,178,200089,,,Miriam Oremans,R,169,NED,29.712,91,392,6-0 6-3,3,R128,,,,,,,,,,,,,,,,,,,
2002-903,Roland Garros,Clay,128,G,,20020527,11,200697,,,Janette Husarova,R,169,SVK,27.979,41,787,200019,,WC,Alexandra Fusai,R,176,FRA,28.510,140,227,6-2 3-6 7-5,3,R128,,,,,,,,,,,,,,,,,,,
2002-903,Roland Garros,Clay,128,G,,20020527,12,200041,,,Amy Frazier,R,175,USA,29.684,61,595,200031,,,Meilen Tu,R,163,USA,24.356,51,628,6-4 6-0,3,R128,,,,,,,,,,,,,,,,,,,
2002-903,Roland Garros,Clay,128,G,,20020527,13,200085,26,,Ai Sugiyama,R,163,JPN,26.894,32,997,201294,,WC,Marion Bartoli,R,170,FRA,17.649,224,114,6-3 4-6 7-5,3,R128,,,,,,,,,,,,,,,,,,,
2002-903,Roland Garros,Clay,128,G,,20020527,14,201212,,,Francesca Schiavone,R,166,ITA,21.925,36,887,200040,21,,Anna Smashnova,R,157,ISR,25.862,23,1162,6-4 6-2,3,R128,,,,,,,,,,,,,,,,,,,
2002-903,Roland Garros,Clay,128,G,,20020527,15,201306,,,Marie Gaiane Mikaelian,R,172,SUI,18.232,53,621,200119,,Q,Rita Kuti Kis,L,176,HUN,24.282,255,90,4-6 6-1 6-0,3,R128,,,,,,,,,,,,,,,,,,,
2002-903,Roland Garros,Clay,128,G,,20020527,16,201329,,Q,Vera Zvonareva,R,172,RUS,17.717,142,225,201297,,,Maja Matevzic,L,175,SLO,21.953,57,606,6-4 7-6(7),3,R128,,,,,,,,,,,,,,,,,,,
2002-903,Roland Garros,Clay,128,G,,20020527,17,200777,,,Marta Marrero,R,173,ESP,19.360,68,554,200017,15,,Arantxa Sanchez Vicario,R,168,ESP,30.440,29,1042,6-0 6-1,3,R128,,,,,,,,,,,,,,,,,,,
2002-903,Roland Garros,Clay,128,G,,20020527,18,200700,9,,Silvia Farina Elia,R,172,ITA,30.081,11,1682,200764,,,Elena Bovina,R,189,RUS,19.215,73,519,3-6 6-2 6-4,3,R128,,,,,,,,,,,,,,,,,,,
2002-903,Roland Garros,Clay,128,G,,20020527,19,200122,,,Tina Pisnik,R,172,SLO,21.265,49,669,200117,,,Kveta Peschke,R,165,CZE,26.884,98,356,2-6 6-3 6-4,3,R128,,,,,,,,,,,,,,,,,,,
2002-903,Roland Garros,Clay,128,G,,20020527,20,200101,,,Jana Kandarr,R,181,GER,25.679,99,352,200768,,WC,Laurence Andretto,R,,FRA,29.036,171,173,6-3 6-0,3,R128,,,,,,,,,,,,,,,,,,,
2002-903,Roland Garros,Clay,128,G,,20020527,21,200009,17,,Tamarine Tanasugarn,R,165,THA,25.008,20,1170,200044,,,Denisa Chladkova,R,174,CZE,23.297,92,388,6-3 6-2,3,R128,,,,,,,,,,,,,,,,,,,
2002-903,Roland Garros,Clay,128,G,,20020527,22,200066,32,,Cristina Torrens Valero,R,171,ESP,27.705,35,904,200732,,SR,Magdalena Grzybowska,R,184,POL,23.510,,,6-2 6-1,3,R128,,,,,,,,,,,,,,,,,,,
2002-903,Roland Garros,Clay,128,G,,20020527,23,201327,,,Angelique Widjaja,R,173,INA,17.454,101,348,200754,,,Jill Craybas,R,160,USA,27.897,94,384,2-6 7-5 6-1,3,R128,,,,,,,,,,,,,,,,,,,
2002-903,Roland Garros,Clay,128,G,,20020527,24,200096,,WC,Mary Pierce,R,178,FRA,27.363,132,242,201324,,,Irina Selyutina,R,178,KAZ,22.552,106,334,7-5 7-5,3,R128,,,,,,,,,,,,,,,,,,,
2002-903,Roland Garros,Clay,128,G,,20020527,25,200043,,,Virginie Razzano,R,173,FRA,19.042,81,474,200098,,,Henrieta Nagyova,R,177,SVK,23.447,37,862,6-3 1-6 6-4,3,R128,,,,,,,,,,,,,,,,,,,
2002-903,Roland Garros,Clay,128,G,,20020527,26,201317,,Q,Aniko Kapros,R,173,HUN,18.541,179,162,200003,5,,Justine Henin,R,167,BEL,19.987,5,3577,4-6 6-1 6-0,3,R128,,,,,,,,,,,,,,,,,,,
2002-903,Roland Garros,Clay,128,G,,20020527,27,200107,,,Paola Suarez,R,170,ARG,25.925,47,701,200016,8,,Sandrine Testud,R,176,FRA,30.147,10,2233,2-6 7-5 6-1,3,R128,,,,,,,,,,,,,,,,,,,
2002-903,Roland Garros,Clay,128,G,,20020527,28,201330,,Q,Maria Goloviznina,R,176,RUS,22.977,222,117,200078,,,Barbara Schwartz,L,181,AUT,23.330,66,557,2-6 7-5 5-2 RET,3,R128,,,,,,,,,,,,,,,,,,,
2002-903,Roland Garros,Clay,128,G,,20020527,29,201331,,Q,Iveta Benesova,L,170,CZE,19.316,156,197,200766,,,Jennifer Hopkins,R,170,USA,21.290,70,540,7-6(3) 6-4,3,R128,,,,,,,,,,,,,,,,,,,
2002-903,Roland Garros,Clay,128,G,,20020527,30,200109,27,,Nathalie Dechy,R,177,FRA,23.261,28,1058,201291,,Q,Nuria Llagostera Vives,R,156,ESP,22.029,144,221,6-1 3-6 6-0,3,R128,,,,,,,,,,,,,,,,,,,
2002-903,Roland Garros,Clay,128,G,,20020527,31,201072,,,Eva Bes Ostariz,R,,ESP,29.364,104,342,200020,24,,Lisa Raymond,R,165,USA,28.795,26,1086,6-4 6-3,3,R128,,,,,,,,,,,,,,,,,,,
2002-903,Roland Garros,Clay,128,G,,20020527,32,200118,,,Virginia Ruano Pascual,R,169,ESP,28.680,59,603,200773,,,Stephanie Foretz Gacon,R,166,FRA,21.065,83,462,6-2 6-4,3,R128,,,,,,,,,,,,,,,,,,,
2002-903,Roland Garros,Clay,128,G,,20020527,33,200036,,,Nicole Pratt,R,163,AUS,29.227,40,806,200027,,,Magui Serna,L,167,ESP,23.239,38,860,2-6 7-5 6-1,3,R128,,,,,,,,,,,,,,,,,,,
2002-903,Roland Garros,Clay,128,G,,20020527,34,200103,,,Evie Dominikovic,R,173,AUS,21.994,109,328,200083,28,,Alexandra Stevenson,R,185,USA,21.446,30,1037,6-3 6-2,3,R128,,,,,,,,,,,,,,,,,,,
2002-903,Roland Garros,Clay,128,G,,20020527,35,200065,10,,Amelie Mauresmo,R,175,FRA,22.894,12,1664,201301,,WC,Camille Pin,R,162,FRA,20.753,192,150,6-4 6-1,3,R128,,,,,,,,,,,,,,,,,,,
2002-903,Roland Garros,Clay,128,G,,20020527,36,200108,13,,Elena Dementieva,R,180,RUS,20.614,15,1441,200088,,,Adriana Gersi,R,166,CZE,25.917,102,346,7-5 6-3,3,R128,,,,,,,,,,,,,,,,,,,
2002-903,Roland Garros,Clay,128,G,,20020527,37,200084,,,Asa Carlsson,R,178,SWE,26.946,50,634,201209,,,Selima Sfar,R,166,TUN,24.885,115,309,6-0 6-2,3,R128,,,,,,,,,,,,,,,,,,,
2002-903,Roland Garros,Clay,128,G,,20020527,38,200709,,,Rossana De Los Rios,R,170,PAR,26.695,74,512,201086,,,Greta Arn,R,180,HUN,23.122,90,413,6-3 6-4,3,R128,,,,,,,,,,,,,,,,,,,
2002-903,Roland Garros,Clay,128,G,,20020527,39,200070,,WC,Anne Gaelle Sidot,L,172,FRA,22.842,211,129,200086,22,,Magdalena Maleeva,R,168,BUL,27.155,17,1213,6-2 6-4,3,R128,,,,,,,,,,,,,,,,,,,
2002-903,Roland Garros,Clay,128,G,,20020527,40,200056,,,Jelena Kostanic Tosic,L,168,CRO,20.890,76,499,201083,25,,Daja Bedanova,R,171,CZE,19.217,27,1084,2-6 6-3 6-2,3,R128,,,,,,,,,,,,,,,,,,,
2002-903,Roland Garros,Clay,128,G,,20020527,41,201302,,,Clarisa Fernandez,L,179,ARG,20.745,87,425,200053,,Q,Lubomira Bacheva,R,,BUL,27.223,128,249,7-5 6-1,3,R128,,,,,,,,,,,,,,,,,,,
2002-903,Roland Garros,Clay,128,G,,20020527,42,201305,,,Eleni Daniilidou,R,182,GRE,19.686,55,610,201299,,,Celine Beigbeder,,,FRA,27.250,110,326,6-3 6-1,3,R128,,,,,,,,,,,,,,,,,,,
2002-903,Roland Garros,Clay,128,G,,20020527,43,200079,4,,Kim Clijsters,R,175,BEL,18.968,4,3898,201284,,,Tatiana Poutchek,R,176,BLR,23.379,67,556,3-6 6-3 8-6,3,R128,,,,,,,,,,,,,,,,,,,
2002-903,Roland Garros,Clay,128,G,,20020527,44,200652,6,,Monica Seles,L,178,USA,28.482,6,3526,200106,,,Angeles Montolio,R,157,ESP,26.807,75,510,6-7(4) 6-3 6-0,3,R128,,,,,,,,,,,,,,,,,,,
2002-903,Roland Garros,Clay,128,G,,20020527,45,200067,20,,Patty Schnyder,L,168,SUI,23.450,24,1157,201328,,Q,Milagros Sequera,R,165,VEN,21.654,121,271,6-3 6-2,3,R128,,,,,,,,,,,,,,,,,,,
2002-903,Roland Garros,Clay,128,G,,20020527,46,200094,,,Barbara Rittner,R,173,GER,29.088,86,443,200015,,,Petra Mandula,R,178,HUN,24.356,58,604,6-3 4-6 6-0,3,R128,,,,,,,,,,,,,,,,,,,
2002-903,Roland Garros,Clay,128,G,,20020527,47,200025,,,Ludmila Cervanova,R,171,SVK,22.615,112,314,200068,,,Lilia Osterloh,R,170,USA,24.137,69,543,6-4 6-4,3,R128,,,,,,,,,,,,,,,,,,,
2002-903,Roland Garros,Clay,128,G,,20020527,48,200723,29,,Iva Majoli,R,175,CRO,24.789,31,1020,200062,,,Kristina Brandi,R,168,PUR,25.161,96,378,6-4 6-3,3,R128,,,,,,,,,,,,,,,,,,,
2002-903,Roland Garros,Clay,128,G,,20020527,49,200063,18,,Tatiana Panova,R,154,RUS,25.786,21,1165,200087,,,Seda Noorlander,R,166,NED,28.014,100,351,6-1 4-6 6-2,3,R128,,,,,,,,,,,,,,,,,,,
2002-903,Roland Garros,Clay,128,G,,20020527,50,200002,,Q,Mirjana Lucic,R,181,CRO,20.217,205,137,200770,,WC,Stephanie Cohen Aloro,R,175,FRA,19.193,220,118,6-3 6-3,3,R128,,,,,,,,,,,,,,,,,,,
2002-903,Roland Garros,Clay,128,G,,20020527,51,200727,,,Adriana Serra Zanetti,R,160,ITA,26.226,42,767,200012,,,Jana Nejedly,R,175,CAN,27.965,105,337,6-1 6-2,3,R128,,,,,,,,,,,,,,,,,,,
2002-903,Roland Garros,Clay,128,G,,20020527,52,201290,11,,Daniela Hantuchova,R,181,SVK,19.094,13,1549,200072,,,Cara Black,R,167,ZIM,23.272,46,705,6-2 6-3,3,R128,,,,,,,,,,,,,,,,,,,
2002-903,Roland Garros,Clay,128,G,,20020527,53,200032,16,,Barbara Schett,R,176,AUT,26.213,19,1170,200123,,,Marlene Weingartner,R,174,GER,22.322,71,533,6-2 2-6 6-0,3,R128,,,,,,,,,,,,,,,,,,,
2002-903,Roland Garros,Clay,128,G,,20020527,54,200039,,,Chanda Rubin,R,168,USA,26.270,45,707,201313,,,Yoon Jeong Cho,R,167,KOR,23.152,114,310,6-3 6-0,3,R128,,,,,,,,,,,,,,,,,,,
2002-903,Roland Garros,Clay,128,G,,20020527,55,200749,,,Samantha Reeves,R,173,USA,23.357,80,475,201298,,,Zsofia Gubacsi,R,173,HUN,21.139,84,461,6-1 6-1,3,R128,,,,,,,,,,,,,,,,,,,
2002-903,Roland Garros,Clay,128,G,,20020527,56,200060,,,Tathiana Garbin,R,172,ITA,24.907,89,414,200007,,,Silvija Talaja,R,173,CRO,24.365,85,453,7-6(5) 6-4,3,R128,,,,,,,,,,,,,,,,,,,
2002-903,Roland Garros,Clay,128,G,,20020527,57,200124,23,,Anne Kremer,R,165,LUX,26.610,25,1119,200091,,,Janet Lee,R,175,TPE,25.594,103,345,6-1 7-6(5),3,R128,,,,,,,,,,,,,,,,,,,
2002-903,Roland Garros,Clay,128,G,,20020527,58,200010,31,,Rita Grande,R,177,ITA,27.179,34,930,200055,,,Mariana Diaz Oliva,R,172,ARG,26.210,97,367,6-4 6-4,3,R128,,,,,,,,,,,,,,,,,,,
2002-903,Roland Garros,Clay,128,G,,20020527,59,200121,,,Alina Jidkova,R,168,RUS,25.353,77,484,201323,,,Saori Obata,L,165,JPN,24.094,113,311,0-6 6-2 6-0,3,R128,,,,,,,,,,,,,,,,,,,
2002-903,Roland Garros,Clay,128,G,,20020527,60,201295,,,Wynne Prakusya,R,160,INA,21.085,93,385,200090,,,Anca Barna,L,175,GER,25.035,65,573,1-6 7-5 6-1,3,R128,,,,,,,,,,,,,,,,,,,
2002-903,Roland Garros,Clay,128,G,,20020527,61,200748,2,,Venus Williams,R,185,USA,21.942,2,4591,201296,,,Bianka Lamade,R,184,GER,19.740,95,379,6-3 6-3,3,R128,,,,,,,,,,,,,,,,,,,
2002-903,Roland Garros,Clay,128,G,,20020527,62,201289,,WC,Christina Wheeler,R,161,AUS,20.115,193,148,200113,,,Anna Kournikova,R,173,RUS,20.970,54,617,6-4 6-3,3,R128,,,,,,,,,,,,,,,,,,,
2002-903,Roland Garros,Clay,128,G,,20020527,63,201204,14,,Iroda Tulyaganova,R,170,UZB,20.384,18,1210,201322,,,Eva Dyrberg,R,175,DEN,22.273,78,476,7-6(8) 6-3,3,R128,,,,,,,,,,,,,,,,,,,
2002-903,Roland Garros,Clay,128,G,,20020527,64,200751,,Q,Conchita Martinez Granados,R,,ESP,26.350,136,230,200046,12,,Meghann Shaughnessy,R,180,USA,23.122,14,1508,7-6(8) 6-3,3,R128,,,,,,,,,,,,,,,,,,,
2002-903,Roland Garros,Clay,128,G,,20020527,65,200077,1,,Jennifer Capriati,R,170,USA,26.161,1,4617,200041,,,Amy Frazier,R,175,USA,29.684,61,595,6-4 6-3,3,R64,,,,,,,,,,,,,,,,,,,
2002-903,Roland Garros,Clay,128,G,,20020527,66,200103,,,Evie Dominikovic,R,173,AUS,21.994,109,328,201327,,,Angelique Widjaja,R,173,INA,17.454,101,348,7-6(4) 6-4,3,R64,,,,,,,,,,,,,,,,,,,
2002-903,Roland Garros,Clay,128,G,,20020527,67,200067,20,,Patty Schnyder,L,168,SUI,23.450,24,1157,200060,,,Tathiana Garbin,R,172,ITA,24.907,89,414,6-3 6-2,3,R64,,,,,,,,,,,,,,,,,,,
2002-903,Roland Garros,Clay,128,G,,20020527,68,201204,14,,Iroda Tulyaganova,R,170,UZB,20.384,18,1210,201289,,WC,Christina Wheeler,R,161,AUS,20.115,193,148,6-1 6-4,3,R64,,,,,,,,,,,,,,,,,,,
2002-903,Roland Garros,Clay,128,G,,20020527,69,200011,,,Katarina Srebotnik,R,180,SLO,21.208,48,672,200751,,Q,Conchita Martinez Granados,R,,ESP,26.350,136,230,6-1 6-0,3,R64,,,,,,,,,,,,,,,,,,,
2002-903,Roland Garros,Clay,128,G,,20020527,70,200104,,,Emilie Loit,L,167,FRA,22.966,79,475,201085,,Q,Shinobu Asagoe,R,170,JPN,25.912,119,273,2-6 7-6(3) 6-2,3,R64,,,,,,,,,,,,,,,,,,,
2002-903,Roland Garros,Clay,128,G,,20020527,71,200048,,,Elena Likhovtseva,R,174,RUS,26.716,43,727,201310,,,Martina Muller,R,165,GER,19.625,64,573,7-5 6-4,3,R64,,,,,,,,,,,,,,,,,,,
2002-903,Roland Garros,Clay,128,G,,20020527,72,200120,7,,Jelena Dokic,R,175,AUS,19.124,9,2835,200049,,,Conchita Martinez,R,170,ESP,30.112,60,602,3-6 7-6(7) 6-2,3,R64,,,,,,,,,,,,,,,,,,,
2002-903,Roland Garros,Clay,128,G,,20020527,73,200033,3,,Serena Williams,R,175,USA,20.666,3,4036,200720,,Q,Dally Randriantefy,R,165,MAD,25.254,169,178,6-2 6-3,3,R64,,,,,,,,,,,,,,,,,,,
2002-903,Roland Garros,Clay,128,G,,20020527,74,200697,,,Janette Husarova,R,169,SVK,27.979,41,787,200085,26,,Ai Sugiyama,R,163,JPN,26.894,32,997,6-2 1-6 6-2,3,R64,,,,,,,,,,,,,,,,,,,
2002-903,Roland Garros,Clay,128,G,,20020527,75,201212,,,Francesca Schiavone,R,166,ITA,21.925,36,887,201306,,,Marie Gaiane Mikaelian,R,172,SUI,18.232,53,621,3-6 7-6(4) 6-3,3,R64,,,,,,,,,,,,,,,,,,,
2002-903,Roland Garros,Clay,128,G,,20020527,76,201329,,Q,Vera Zvonareva,R,172,RUS,17.717,142,225,200777,,,Marta Marrero,R,173,ESP,19.360,68,554,6-2 6-1,3,R64,,,,,,,,,,,,,,,,,,,
2002-903,Roland Garros,Clay,128,G,,20020527,77,200700,9,,Silvia Farina Elia,R,172,ITA,30.081,11,1682,200122,,,Tina Pisnik,R,172,SLO,21.265,49,669,7-6(6) 6-4,3,R64,,,,,,,,,,,,,,,,,,,
2002-903,Roland Garros,Clay,128,G,,20020527,78,200009,17,,Tamarine Tanasugarn,R,165,THA,25.008,20,1170,200101,,,Jana Kandarr,R,181,GER,25.679,99,352,6-4 1-6 6-3,3,R64,,,,,,,,,,,,,,,,,,,
2002-903,Roland Garros,Clay,128,G,,20020527,79,200096,,WC,Mary Pierce,R,178,FRA,27.363,132,242,200066,32,,Cristina Torrens Valero,R,171,ESP,27.705,35,904,6-3 6-1,3,R64,,,,,,,,,,,,,,,,,,,
2002-903,Roland Garros,Clay,128,G,,20020527,80,201317,,Q,Aniko Kapros,R,173,HUN,18.541,179,162,200043,,,Virginie Razzano,R,173,FRA,19.042,81,474,6-7(3) 7-6(1) 6-2,3,R64,,,,,,,,,,,,,,,,,,,
2002-903,Roland Garros,Clay,128,G,,20020527,81,200107,,,Paola Suarez,R,170,ARG,25.925,47,701,201330,,Q,Maria Goloviznina,R,176,RUS,22.977,222,117,6-4 6-4,3,R64,,,,,,,,,,,,,,,,,,,
2002-903,Roland Garros,Clay,128,G,,20020527,82,200109,27,,Nathalie Dechy,R,177,FRA,23.261,28,1058,201331,,Q,Iveta Benesova,L,170,CZE,19.316,156,197,4-6 6-1 6-4,3,R64,,,,,,,,,,,,,,,,,,,
2002-903,Roland Garros,Clay,128,G,,20020527,83,201072,,,Eva Bes Ostariz,R,,ESP,29.364,104,342,200118,,,Virginia Ruano Pascual,R,169,ESP,28.680,59,603,6-3 1-6 6-0,3,R64,,,,,,,,,,,,,,,,,,,
2002-903,Roland Garros,Clay,128,G,,20020527,84,200065,10,,Amelie Mauresmo,R,175,FRA,22.894,12,1664,200036,,,Nicole Pratt,R,163,AUS,29.227,40,806,6-2 6-1,3,R64,,,,,,,,,,,,,,,,,,,
2002-903,Roland Garros,Clay,128,G,,20020527,85,200108,13,,Elena Dementieva,R,180,RUS,20.614,15,1441,200084,,,Asa Carlsson,R,178,SWE,26.946,50,634,7-5 6-3,3,R64,,,,,,,,,,,,,,,,,,,
2002-903,Roland Garros,Clay,128,G,,20020527,86,200709,,,Rossana De Los Rios,R,170,PAR,26.695,74,512,200070,,WC,Anne Gaelle Sidot,L,172,FRA,22.842,211,129,6-3 6-1,3,R64,,,,,,,,,,,,,,,,,,,
2002-903,Roland Garros,Clay,128,G,,20020527,87,201302,,,Clarisa Fernandez,L,179,ARG,20.745,87,425,200056,,,Jelena Kostanic Tosic,L,168,CRO,20.890,76,499,6-3 6-4,3,R64,,,,,,,,,,,,,,,,,,,
2002-903,Roland Garros,Clay,128,G,,20020527,88,200079,4,,Kim Clijsters,R,175,BEL,18.968,4,3898,201305,,,Eleni Daniilidou,R,182,GRE,19.686,55,610,7-6(4) 7-6(7),3,R64,,,,,,,,,,,,,,,,,,,
2002-903,Roland Garros,Clay,128,G,,20020527,89,200652,6,,Monica Seles,L,178,USA,28.482,6,3526,200094,,,Barbara Rittner,R,173,GER,29.088,86,443,6-4 6-1,3,R64,,,,,,,,,,,,,,,,,,,
2002-903,Roland Garros,Clay,128,G,,20020527,90,200025,,,Ludmila Cervanova,R,171,SVK,22.615,112,314,200723,29,,Iva Majoli,R,175,CRO,24.789,31,1020,4-6 6-3 6-0,3,R64,,,,,,,,,,,,,,,,,,,
2002-903,Roland Garros,Clay,128,G,,20020527,91,200063,18,,Tatiana Panova,R,154,RUS,25.786,21,1165,200002,,Q,Mirjana Lucic,R,181,CRO,20.217,205,137,6-1 6-1,3,R64,,,,,,,,,,,,,,,,,,,
2002-903,Roland Garros,Clay,128,G,,20020527,92,201290,11,,Daniela Hantuchova,R,181,SVK,19.094,13,1549,200727,,,Adriana Serra Zanetti,R,160,ITA,26.226,42,767,6-3 6-1,3,R64,,,,,,,,,,,,,,,,,,,
2002-903,Roland Garros,Clay,128,G,,20020527,93,200039,,,Chanda Rubin,R,168,USA,26.270,45,707,200032,16,,Barbara Schett,R,176,AUT,26.213,19,1170,5-7 6-3 7-5,3,R64,,,,,,,,,,,,,,,,,,,
2002-903,Roland Garros,Clay,128,G,,20020527,94,200124,23,,Anne Kremer,R,165,LUX,26.610,25,1119,200749,,,Samantha Reeves,R,173,USA,23.357,80,475,7-6(3) 6-1,3,R64,,,,,,,,,,,,,,,,,,,
2002-903,Roland Garros,Clay,128,G,,20020527,95,200010,31,,Rita Grande,R,177,ITA,27.179,34,930,200121,,,Alina Jidkova,R,168,RUS,25.353,77,484,6-0 7-5,3,R64,,,,,,,,,,,,,,,,,,,
2002-903,Roland Garros,Clay,128,G,,20020527,96,200748,2,,Venus Williams,R,185,USA,21.942,2,4591,201295,,,Wynne Prakusya,R,160,INA,21.085,93,385,6-0 6-1,3,R64,,,,,,,,,,,,,,,,,,,
2002-903,Roland Garros,Clay,128,G,,20020527,97,200120,7,,Jelena Dokic,R,175,AUS,19.124,9,2835,200048,,,Elena Likhovtseva,R,174,RUS,26.716,43,727,6-2 6-3,3,R32,,,,,,,,,,,,,,,,,,,
2002-903,Roland Garros,Clay,128,G,,20020527,98,200033,3,,Serena Williams,R,175,USA,20.666,3,4036,200697,,,Janette Husarova,R,169,SVK,27.979,41,787,6-1 6-3,3,R32,,,,,,,,,,,,,,,,,,,
2002-903,Roland Garros,Clay,128,G,,20020527,99,201329,,Q,Vera Zvonareva,R,172,RUS,17.717,142,225,201212,,,Francesca Schiavone,R,166,ITA,21.925,36,887,6-2 6-7(4) 7-5,3,R32,,,,,,,,,,,,,,,,,,,
2002-903,Roland Garros,Clay,128,G,,20020527,100,200700,9,,Silvia Farina Elia,R,172,ITA,30.081,11,1682,200009,17,,Tamarine Tanasugarn,R,165,THA,25.008,20,1170,6-0 7-6(1),3,R32,,,,,,,,,,,,,,,,,,,
2002-903,Roland Garros,Clay,128,G,,20020527,101,200096,,WC,Mary Pierce,R,178,FRA,27.363,132,242,201317,,Q,Aniko Kapros,R,173,HUN,18.541,179,162,6-3 6-0,3,R32,,,,,,,,,,,,,,,,,,,
2002-903,Roland Garros,Clay,128,G,,20020527,102,200107,,,Paola Suarez,R,170,ARG,25.925,47,701,200109,27,,Nathalie Dechy,R,177,FRA,23.261,28,1058,6-4 4-6 7-5,3,R32,,,,,,,,,,,,,,,,,,,
2002-903,Roland Garros,Clay,128,G,,20020527,103,200065,10,,Amelie Mauresmo,R,175,FRA,22.894,12,1664,201072,,,Eva Bes Ostariz,R,,ESP,29.364,104,342,6-1 6-1,3,R32,,,,,,,,,,,,,,,,,,,
2002-903,Roland Garros,Clay,128,G,,20020527,104,200108,13,,Elena Dementieva,R,180,RUS,20.614,15,1441,200709,,,Rossana De Los Rios,R,170,PAR,26.695,74,512,6-3 6-0,3,R32,,,,,,,,,,,,,,,,,,,
2002-903,Roland Garros,Clay,128,G,,20020527,105,201302,,,Clarisa Fernandez,L,179,ARG,20.745,87,425,200079,4,,Kim Clijsters,R,175,BEL,18.968,4,3898,6-4 6-0,3,R32,,,,,,,,,,,,,,,,,,,
2002-903,Roland Garros,Clay,128,G,,20020527,106,200652,6,,Monica Seles,L,178,USA,28.482,6,3526,200025,,,Ludmila Cervanova,R,171,SVK,22.615,112,314,6-2 6-2,3,R32,,,,,,,,,,,,,,,,,,,
2002-903,Roland Garros,Clay,128,G,,20020527,107,201290,11,,Daniela Hantuchova,R,181,SVK,19.094,13,1549,200063,18,,Tatiana Panova,R,154,RUS,25.786,21,1165,6-3 6-1,3,R32,,,,,,,,,,,,,,,,,,,
2002-903,Roland Garros,Clay,128,G,,20020527,108,200039,,,Chanda Rubin,R,168,USA,26.270,45,707,200124,23,,Anne Kremer,R,165,LUX,26.610,25,1119,6-1 6-0,3,R32,,,,,,,,,,,,,,,,,,,
2002-903,Roland Garros,Clay,128,G,,20020527,109,200748,2,,Venus Williams,R,185,USA,21.942,2,4591,200010,31,,Rita Grande,R,177,ITA,27.179,34,930,6-1 6-4,3,R32,,,,,,,,,,,,,,,,,,,
2002-903,Roland Garros,Clay,128,G,,20020527,110,200077,1,,Jennifer Capriati,R,170,USA,26.161,1,4617,200103,,,Evie Dominikovic,R,173,AUS,21.994,109,328,6-3 6-1,3,R32,,,,,,,,,,,,,,,,,,,
2002-903,Roland Garros,Clay,128,G,,20020527,111,200067,20,,Patty Schnyder,L,168,SUI,23.450,24,1157,201204,14,,Iroda Tulyaganova,R,170,UZB,20.384,18,1210,7-5 7-6(6),3,R32,,,,,,,,,,,,,,,,,,,
2002-903,Roland Garros,Clay,128,G,,20020527,112,200011,,,Katarina Srebotnik,R,180,SLO,21.208,48,672,200104,,,Emilie Loit,L,167,FRA,22.966,79,475,6-0 6-1,3,R32,,,,,,,,,,,,,,,,,,,
2002-903,Roland Garros,Clay,128,G,,20020527,113,200077,1,,Jennifer Capriati,R,170,USA,26.161,1,4617,200067,20,,Patty Schnyder,L,168,SUI,23.450,24,1157,6-4 6-4,3,R16,,,,,,,,,,,,,,,,,,,
2002-903,Roland Garros,Clay,128,G,,20020527,114,200120,7,,Jelena Dokic,R,175,AUS,19.124,9,2835,200011,,,Katarina Srebotnik,R,180,SLO,21.208,48,672,7-6(3) 6-2,3,R16,,,,,,,,,,,,,,,,,,,
2002-903,Roland Garros,Clay,128,G,,20020527,115,200033,3,,Serena Williams,R,175,USA,20.666,3,4036,201329,,Q,Vera Zvonareva,R,172,RUS,17.717,142,225,4-6 6-0 6-1,3,R16,,,,,,,,,,,,,,,,,,,
2002-903,Roland Garros,Clay,128,G,,20020527,116,200096,,WC,Mary Pierce,R,178,FRA,27.363,132,242,200700,9,,Silvia Farina Elia,R,172,ITA,30.081,11,1682,6-1 6-2,3,R16,,,,,,,,,,,,,,,,,,,
2002-903,Roland Garros,Clay,128,G,,20020527,117,200107,,,Paola Suarez,R,170,ARG,25.925,47,701,200065,10,,Amelie Mauresmo,R,175,FRA,22.894,12,1664,6-2 2-6 6-4,3,R16,,,,,,,,,,,,,,,,,,,
2002-903,Roland Garros,Clay,128,G,,20020527,118,201302,,,Clarisa Fernandez,L,179,ARG,20.745,87,425,200108,13,,Elena Dementieva,R,180,RUS,20.614,15,1441,3-6 6-2 6-3,3,R16,,,,,,,,,,,,,,,,,,,
2002-903,Roland Garros,Clay,128,G,,20020527,119,200652,6,,Monica Seles,L,178,USA,28.482,6,3526,201290,11,,Daniela Hantuchova,R,181,SVK,19.094,13,1549,6-4 7-5,3,R16,,,,,,,,,,,,,,,,,,,
2002-903,Roland Garros,Clay,128,G,,20020527,120,200748,2,,Venus Williams,R,185,USA,21.942,2,4591,200039,,,Chanda Rubin,R,168,USA,26.270,45,707,6-3 6-2,3,R16,,,,,,,,,,,,,,,,,,,
2002-903,Roland Garros,Clay,128,G,,20020527,121,200077,1,,Jennifer Capriati,R,170,USA,26.161,1,4617,200120,7,,Jelena Dokic,R,175,AUS,19.124,9,2835,6-4 4-6 6-1,3,QF,,,,,,,,,,,,,,,,,,,
2002-903,Roland Garros,Clay,128,G,,20020527,122,200033,3,,Serena Williams,R,175,USA,20.666,3,4036,200096,,WC,Mary Pierce,R,178,FRA,27.363,132,242,6-1 6-1,3,QF,,,,,,,,,,,,,,,,,,,
2002-903,Roland Garros,Clay,128,G,,20020527,123,201302,,,Clarisa Fernandez,L,179,ARG,20.745,87,425,200107,,,Paola Suarez,R,170,ARG,25.925,47,701,2-6 7-6(5) 6-1,3,QF,,,,,,,,,,,,,,,,,,,
2002-903,Roland Garros,Clay,128,G,,20020527,124,200748,2,,Venus Williams,R,185,USA,21.942,2,4591,200652,6,,Monica Seles,L,178,USA,28.482,6,3526,6-4 6-3,3,QF,,,,,,,,,,,,,,,,,,,
2002-903,Roland Garros,Clay,128,G,,20020527,125,200033,3,,Serena Williams,R,175,USA,20.666,3,4036,200077,1,,Jennifer Capriati,R,170,USA,26.161,1,4617,3-6 7-6(2) 6-2,3,SF,,,,,,,,,,,,,,,,,,,
2002-903,Roland Garros,Clay,128,G,,20020527,126,200748,2,,Venus Williams,R,185,USA,21.942,2,4591,201302,,,Clarisa Fernandez,L,179,ARG,20.745,87,425,6-1 6-4,3,SF,,,,,,,,,,,,,,,,,,,
2002-903,Roland Garros,Clay,128,G,,20020527,127,200033,3,,Serena Williams,R,175,USA,20.666,3,4036,200748,2,,Venus Williams,R,185,USA,21.942,2,4591,7-5 6-3,3,F,,,,,,,,,,,,,,,,,,,
2002-531,Vienna,Clay,30,T3,,20020610,1,200114,,Q,Patricia Wartusch,R,175,AUT,23.847,144,226,200709,,,Rossana De Los Rios,R,170,PAR,26.733,72,524,6-3 7-5,3,R32,,,,,,,,,,,,,,,,,,,
2002-531,Vienna,Clay,30,T3,,20020610,2,200078,,,Barbara Schwartz,L,181,AUT,23.368,62,558,201331,,Q,Iveta Benesova,L,170,CZE,19.354,125,281,3-6 6-3 6-4,3,R32,,,,,,,,,,,,,,,,,,,
2002-531,Vienna,Clay,30,T3,,20020610,3,200032,3,,Barbara Schett,R,176,AUT,26.251,33,972,201319,,WC,Evelyn Fauth,R,168,AUT,25.534,133,259,6-3 2-6 6-2,3,R32,,,,,,,,,,,,,,,,,,,
2002-531,Vienna,Clay,30,T3,,20020610,4,200723,6,,Iva Majoli,R,175,CRO,24.827,26,1058,200044,,Q,Denisa Chladkova,R,174,CZE,23.335,119,308,5-7 6-2 6-4,3,R32,,,,,,,,,,,,,,,,,,,
2002-531,Vienna,Clay,30,T3,,20020610,5,200056,,,Jelena Kostanic Tosic,L,168,CRO,20.929,63,557,201377,,,Yuliya Beygelzimer,R,174,UKR,18.640,195,150,7-5 6-3,3,R32,,,,,,,,,,,,,,,,,,,
2002-531,Vienna,Clay,30,T3,,20020610,6,200049,,WC,Conchita Martinez,R,170,ESP,30.150,61,566,202287,,WC,Daniela Kix,R,,AUT,17.577,522,22,7-5 6-1,3,R32,,,,,,,,,,,,,,,,,,,
2002-531,Vienna,Clay,30,T3,,20020610,7,201297,,,Maja Matevzic,L,175,SLO,21.991,60,570,200090,,,Anca Barna,L,175,GER,25.074,65,553,7-5 6-3,3,R32,,,,,,,,,,,,,,,,,,,
2002-531,Vienna,Clay,30,T3,,20020610,8,200066,7,,Cristina Torrens Valero,R,171,ESP,27.743,38,860,200011,,,Katarina Srebotnik,R,180,SLO,21.246,46,726,7-6(1) 7-5,3,R32,,,,,,,,,,,,,,,,,,,
2002-531,Vienna,Clay,30,T3,,20020610,9,200040,4,,Anna Smashnova,R,157,ISR,25.901,23,1162,200022,,,Emmanuelle Gagliardi,R,171,SUI,25.920,47,711,6-2 6-2,3,R32,,,,,,,,,,,,,,,,,,,
2002-531,Vienna,Clay,30,T3,,20020610,10,200094,,,Barbara Rittner,R,173,GER,29.126,81,461,201298,,,Zsofia Gubacsi,R,173,HUN,21.178,110,335,6-1 6-4,3,R32,,,,,,,,,,,,,,,,,,,
2002-531,Vienna,Clay,30,T3,,20020610,11,200118,,,Virginia Ruano Pascual,R,169,ESP,28.718,57,601,201354,,Q,Libuse Prusova,R,176,CZE,22.911,182,167,6-4 7-6(2),3,R32,,,,,,,,,,,,,,,,,,,
2002-531,Vienna,Clay,30,T3,,20020610,12,200067,5,,Patty Schnyder,L,168,SUI,23.489,18,1271,201292,,,Martina Sucha,R,170,SVK,21.553,44,764,6-2 5-7 6-2,3,R32,,,,,,,,,,,,,,,,,,,
2002-531,Vienna,Clay,30,T3,,20020610,13,200098,8,,Henrieta Nagyova,R,177,SVK,23.486,49,670,200777,,,Marta Marrero,R,173,ESP,19.398,66,548,2-6 6-4 7-6(4),3,R32,,,,,,,,,,,,,,,,,,,
2002-531,Vienna,Clay,30,T3,,20020610,14,200015,,,Petra Mandula,R,178,HUN,24.395,106,344,200061,,,Gala Leon Garcia,L,163,ESP,28.463,59,576,6-1 6-1,3,R32,,,,,,,,,,,,,,,,,,,
2002-531,Vienna,Clay,30,T3,,20020610,15,200114,,Q,Patricia Wartusch,R,175,AUT,23.847,144,226,200700,1,,Silvia Farina Elia,R,172,ITA,30.120,13,1662,7-5 6-4,3,R16,,,,,,,,,,,,,,,,,,,
2002-531,Vienna,Clay,30,T3,,20020610,16,200066,7,,Cristina Torrens Valero,R,171,ESP,27.743,38,860,201297,,,Maja Matevzic,L,175,SLO,21.991,60,570,6-3 7-6(2),3,R16,,,,,,,,,,,,,,,,,,,
2002-531,Vienna,Clay,30,T3,,20020610,17,200040,4,,Anna Smashnova,R,157,ISR,25.901,23,1162,200094,,,Barbara Rittner,R,173,GER,29.126,81,461,6-4 6-2,3,R16,,,,,,,,,,,,,,,,,,,
2002-531,Vienna,Clay,30,T3,,20020610,18,200067,5,,Patty Schnyder,L,168,SUI,23.489,18,1271,200118,,,Virginia Ruano Pascual,R,169,ESP,28.718,57,601,6-1 4-6 7-6(4),3,R16,,,,,,,,,,,,,,,,,,,
2002-531,Vienna,Clay,30,T3,,20020610,19,200015,,,Petra Mandula,R,178,HUN,24.395,106,344,200098,8,,Henrieta Nagyova,R,177,SVK,23.486,49,670,6-3 6-2,3,R16,,,,,,,,,,,,,,,,,,,
2002-531,Vienna,Clay,30,T3,,20020610,20,200032,3,,Barbara Schett,R,176,AUT,26.251,33,972,200078,,,Barbara Schwartz,L,181,AUT,23.368,62,558,7-6(8) 6-4,3,R16,,,,,,,,,,,,,,,,,,,
2002-531,Vienna,Clay,30,T3,,20020610,21,200723,6,,Iva Majoli,R,175,CRO,24.827,26,1058,200056,,,Jelena Kostanic Tosic,L,168,CRO,20.929,63,557,7-6(3) 7-5,3,R16,,,,,,,,,,,,,,,,,,,
2002-531,Vienna,Clay,30,T3,,20020610,22,201204,2,,Iroda Tulyaganova,R,170,UZB,20.422,17,1276,200049,,WC,Conchita Martinez,R,170,ESP,30.150,61,566,4-6 7-6(1) 6-3,3,R16,,,,,,,,,,,,,,,,,,,
2002-531,Vienna,Clay,30,T3,,20020610,23,200114,,Q,Patricia Wartusch,R,175,AUT,23.847,144,226,200066,7,,Cristina Torrens Valero,R,171,ESP,27.743,38,860,7-6(1) 6-3,3,QF,,,,,,,,,,,,,,,,,,,
2002-531,Vienna,Clay,30,T3,,20020610,24,200040,4,,Anna Smashnova,R,157,ISR,25.901,23,1162,200067,5,,Patty Schnyder,L,168,SUI,23.489,18,1271,2-6 6-2 6-0,3,QF,,,,,,,,,,,,,,,,,,,
2002-531,Vienna,Clay,30,T3,,20020610,25,200015,,,Petra Mandula,R,178,HUN,24.395,106,344,200032,3,,Barbara Schett,R,176,AUT,26.251,33,972,6-4 6-2,3,QF,,,,,,,,,,,,,,,,,,,
2002-531,Vienna,Clay,30,T3,,20020610,26,201204,2,,Iroda Tulyaganova,R,170,UZB,20.422,17,1276,200723,6,,Iva Majoli,R,175,CRO,24.827,26,1058,3-6 6-2 7-5,3,QF,,,,,,,,,,,,,,,,,,,
2002-531,Vienna,Clay,30,T3,,20020610,27,200040,4,,Anna Smashnova,R,157,ISR,25.901,23,1162,200114,,Q,Patricia Wartusch,R,175,AUT,23.847,144,226,6-3 6-2,3,SF,,,,,,,,,,,,,,,,,,,
2002-531,Vienna,Clay,30,T3,,20020610,28,201204,2,,Iroda Tulyaganova,R,170,UZB,20.422,17,1276,200015,,,Petra Mandula,R,178,HUN,24.395,106,344,6-0 6-3,3,SF,,,,,,,,,,,,,,,,,,,
2002-531,Vienna,Clay,30,T3,,20020610,29,200040,4,,Anna Smashnova,R,157,ISR,25.901,23,1162,201204,2,,Iroda Tulyaganova,R,170,UZB,20.422,17,1276,6-4 6-1,3,F,,,,,,,,,,,,,,,,,,,
2002-1052,Birmingham,Grass,56,T3,,20020610,1,201089,,WC,Lucie Ahl,R,159,GBR,27.883,180,169,200034,,Q,Amanda Grahame,L,,AUS,23.212,186,159,4-6 6-4 6-1,3,R64,,,,,,,,,,,,,,,,,,,
2002-1052,Birmingham,Grass,56,T3,,20020610,2,200010,12,,Rita Grande,R,177,ITA,27.218,37,886,201324,,,Irina Selyutina,R,178,KAZ,22.590,111,334,6-2 6-4,3,R64,,,,,,,,,,,,,,,,,,,
2002-1052,Birmingham,Grass,56,T3,,20020610,3,200764,,,Elena Bovina,R,189,RUS,19.253,80,461,200735,,Q,Miho Saeki,R,168,JPN,26.229,198,143,6-4 7-6(2),3,R64,,,,,,,,,,,,,,,,,,,
2002-1052,Birmingham,Grass,56,T3,,20020610,4,200740,,Q,Elena Tatarkova,L,170,UKR,25.799,187,157,200008,,,Alicia Molik,R,182,AUS,21.367,53,625,7-6(2) 7-6(6),3,R64,,,,,,,,,,,,,,,,,,,
2002-1052,Birmingham,Grass,56,T3,,20020610,5,200773,,,Stephanie Foretz Gacon,R,166,FRA,21.104,79,462,201209,,,Selima Sfar,R,166,TUN,24.923,130,265,6-3 6-2,3,R64,,,,,,,,,,,,,,,,,,,
2002-1052,Birmingham,Grass,56,T3,,20020610,6,201085,,Q,Shinobu Asagoe,R,170,JPN,25.950,93,387,201078,,Q,Eugenia Kulikovskaya,L,163,RUS,23.469,129,266,6-2 6-0,3,R64,,,,,,,,,,,,,,,,,,,
2002-1052,Birmingham,Grass,56,T3,,20020610,7,200083,10,,Alexandra Stevenson,R,185,USA,21.484,28,1037,201295,,,Wynne Prakusya,R,160,INA,21.123,89,407,6-2 7-6(3),3,R64,,,,,,,,,,,,,,,,,,,
2002-1052,Birmingham,Grass,56,T3,,20020610,8,200027,13,,Magui Serna,L,167,ESP,23.278,41,820,201304,,WC,Elena Baltacha,R,175,GBR,18.823,238,104,6-1 6-3,3,R64,,,,,,,,,,,,,,,,,,,
2002-1052,Birmingham,Grass,56,T3,,20020610,9,200073,,WC,Julie Pullin,L,173,GBR,26.596,150,215,201327,,,Angelique Widjaja,R,173,INA,17.492,92,388,6-3 6-2,3,R64,,,,,,,,,,,,,,,,,,,
2002-1052,Birmingham,Grass,56,T3,,20020610,10,200031,,,Meilen Tu,R,163,USA,24.395,56,611,200091,,,Janet Lee,R,175,TPE,25.632,105,345,7-5 6-1,3,R64,,,,,,,,,,,,,,,,,,,
2002-1052,Birmingham,Grass,56,T3,,20020610,11,200089,,,Miriam Oremans,R,169,NED,29.750,91,392,200126,,,Marissa Irvin,R,170,USA,21.963,58,579,6-2 6-2,3,R64,,,,,,,,,,,,,,,,,,,
2002-1052,Birmingham,Grass,56,T3,,20020610,12,200072,,,Cara Black,R,167,ZIM,23.311,70,531,200766,,,Jennifer Hopkins,R,170,USA,21.328,68,540,6-1 6-3,3,R64,,,,,,,,,,,,,,,,,,,
2002-1052,Birmingham,Grass,56,T3,,20020610,13,201313,,,Yoon Jeong Cho,R,167,KOR,23.190,118,310,200028,,,Maureen Drake,R,175,CAN,31.223,109,335,2-6 7-6(1) 6-1,3,R64,,,,,,,,,,,,,,,,,,,
2002-1052,Birmingham,Grass,56,T3,,20020610,14,201083,9,,Daja Bedanova,R,171,CZE,19.256,29,1030,201323,,,Saori Obata,L,165,JPN,24.132,120,304,6-4 7-6(4),3,R64,,,,,,,,,,,,,,,,,,,
2002-1052,Birmingham,Grass,56,T3,,20020610,15,200036,14,,Nicole Pratt,R,163,AUS,29.265,39,828,200122,,,Tina Pisnik,R,172,SLO,21.304,48,707,6-1 3-6 6-0,3,R64,,,,,,,,,,,,,,,,,,,
2002-1052,Birmingham,Grass,56,T3,,20020610,16,200068,,,Lilia Osterloh,R,170,USA,24.176,67,543,200121,,,Alina Jidkova,R,168,RUS,25.391,75,510,6-2 5-7 7-6(8),3,R64,,,,,,,,,,,,,,,,,,,
2002-1052,Birmingham,Grass,56,T3,,20020610,17,200101,,,Jana Kandarr,R,181,GER,25.717,132,262,200123,,,Marlene Weingartner,R,174,GER,22.360,69,533,6-2 6-2,3,R64,,,,,,,,,,,,,,,,,,,
2002-1052,Birmingham,Grass,56,T3,,20020610,18,200048,16,,Elena Likhovtseva,R,174,RUS,26.755,42,805,200042,,Q,Els Callens,R,178,BEL,31.806,124,284,6-4 6-2,3,R64,,,,,,,,,,,,,,,,,,,
2002-1052,Birmingham,Grass,56,T3,,20020610,19,200085,11,,Ai Sugiyama,R,163,JPN,26.933,30,1019,200744,,Q,Svetlana Krivencheva,R,180,BUL,28.444,171,180,6-2 6-1,3,R64,,,,,,,,,,,,,,,,,,,
2002-1052,Birmingham,Grass,56,T3,,20020610,20,201086,,,Greta Arn,R,180,HUN,23.160,94,383,200012,,,Jana Nejedly,R,175,CAN,28.003,108,337,7-5 6-4,3,R64,,,,,,,,,,,,,,,,,,,
2002-1052,Birmingham,Grass,56,T3,,20020610,21,201305,,,Eleni Daniilidou,R,182,GRE,19.724,54,624,201087,,,Mashona Washington,R,168,USA,26.027,126,277,6-4 6-2,3,R64,,,,,,,,,,,,,,,,,,,
2002-1052,Birmingham,Grass,56,T3,,20020610,22,200754,,,Jill Craybas,R,160,USA,27.935,102,352,200062,,,Kristina Brandi,R,168,PUR,25.200,96,378,6-4 7-5,3,R64,,,,,,,,,,,,,,,,,,,
2002-1052,Birmingham,Grass,56,T3,,20020610,23,201341,,Q,Mi Ra Jeon,,174,KOR,24.340,170,181,201312,,,Sarah Taylor,R,,USA,20.592,116,320,2-6 6-3 6-3,3,R64,,,,,,,,,,,,,,,,,,,
2002-1052,Birmingham,Grass,56,T3,,20020610,24,201302,,,Clarisa Fernandez,L,179,ARG,20.783,34,927,200727,15,,Adriana Serra Zanetti,R,160,ITA,26.265,43,771,6-3 1-6 6-4,3,R64,,,,,,,,,,,,,,,,,,,
2002-1052,Birmingham,Grass,56,T3,,20020610,25,200120,1,,Jelena Dokic,R,175,AUS,19.163,8,3004,201089,,WC,Lucie Ahl,R,159,GBR,27.883,180,169,7-6(4) 6-4,3,R32,,,,,,,,,,,,,,,,,,,
2002-1052,Birmingham,Grass,56,T3,,20020610,26,200048,16,,Elena Likhovtseva,R,174,RUS,26.755,42,805,200072,,,Cara Black,R,167,ZIM,23.311,70,531,6-2 6-4,3,R32,,,,,,,,,,,,,,,,,,,
2002-1052,Birmingham,Grass,56,T3,,20020610,27,200085,11,,Ai Sugiyama,R,163,JPN,26.933,30,1019,201086,,,Greta Arn,R,180,HUN,23.160,94,383,6-4 6-2,3,R32,,,,,,,,,,,,,,,,,,,
2002-1052,Birmingham,Grass,56,T3,,20020610,28,201305,,,Eleni Daniilidou,R,182,GRE,19.724,54,624,200063,5,,Tatiana Panova,R,154,RUS,25.824,21,1203,6-4 6-2,3,R32,,,,,,,,,,,,,,,,,,,
2002-1052,Birmingham,Grass,56,T3,,20020610,29,200754,,,Jill Craybas,R,160,USA,27.935,102,352,200009,4,,Tamarine Tanasugarn,R,165,THA,25.046,19,1224,2-6 6-4 6-2,3,R32,,,,,,,,,,,,,,,,,,,
2002-1052,Birmingham,Grass,56,T3,,20020610,30,201302,,,Clarisa Fernandez,L,179,ARG,20.783,34,927,201341,,Q,Mi Ra Jeon,,174,KOR,24.340,170,181,6-4 6-4,3,R32,,,,,,,,,,,,,,,,,,,
2002-1052,Birmingham,Grass,56,T3,,20020610,31,200764,,,Elena Bovina,R,189,RUS,19.253,80,461,200010,12,,Rita Grande,R,177,ITA,27.218,37,886,4-6 6-4 6-0,3,R32,,,,,,,,,,,,,,,,,,,
2002-1052,Birmingham,Grass,56,T3,,20020610,32,200020,8,,Lisa Raymond,R,165,USA,28.833,25,1086,200740,,Q,Elena Tatarkova,L,170,UKR,25.799,187,157,6-1 6-3,3,R32,,,,,,,,,,,,,,,,,,,
2002-1052,Birmingham,Grass,56,T3,,20020610,33,200772,6,,Anastasia Myskina,R,174,RUS,20.923,22,1164,200773,,,Stephanie Foretz Gacon,R,166,FRA,21.104,79,462,6-2 7-5,3,R32,,,,,,,,,,,,,,,,,,,
2002-1052,Birmingham,Grass,56,T3,,20020610,34,200083,10,,Alexandra Stevenson,R,185,USA,21.484,28,1037,201085,,Q,Shinobu Asagoe,R,170,JPN,25.950,93,387,6-3 6-4,3,R32,,,,,,,,,,,,,,,,,,,
2002-1052,Birmingham,Grass,56,T3,,20020610,35,200073,,WC,Julie Pullin,L,173,GBR,26.596,150,215,200027,13,,Magui Serna,L,167,ESP,23.278,41,820,6-4 6-2,3,R32,,,,,,,,,,,,,,,,,,,
2002-1052,Birmingham,Grass,56,T3,,20020610,36,200086,3,,Magdalena Maleeva,R,168,BUL,27.193,20,1213,200031,,,Meilen Tu,R,163,USA,24.395,56,611,6-2 7-5,3,R32,,,,,,,,,,,,,,,,,,,
2002-1052,Birmingham,Grass,56,T3,,20020610,37,200124,7,,Anne Kremer,R,165,LUX,26.648,24,1157,200089,,,Miriam Oremans,R,169,NED,29.750,91,392,6-4 7-5,3,R32,,,,,,,,,,,,,,,,,,,
2002-1052,Birmingham,Grass,56,T3,,20020610,38,201083,9,,Daja Bedanova,R,171,CZE,19.256,29,1030,201313,,,Yoon Jeong Cho,R,167,KOR,23.190,118,310,7-5 6-1,3,R32,,,,,,,,,,,,,,,,,,,
2002-1052,Birmingham,Grass,56,T3,,20020610,39,200036,14,,Nicole Pratt,R,163,AUS,29.265,39,828,200068,,,Lilia Osterloh,R,170,USA,24.176,67,543,6-4 6-2,3,R32,,,,,,,,,,,,,,,,,,,
2002-1052,Birmingham,Grass,56,T3,,20020610,40,200016,2,,Sandrine Testud,R,176,FRA,30.185,10,2181,200101,,,Jana Kandarr,R,181,GER,25.717,132,262,6-1 6-3,3,R32,,,,,,,,,,,,,,,,,,,
2002-1052,Birmingham,Grass,56,T3,,20020610,41,200120,1,,Jelena Dokic,R,175,AUS,19.163,8,3004,200048,16,,Elena Likhovtseva,R,174,RUS,26.755,42,805,6-3 6-2,3,R16,,,,,,,,,,,,,,,,,,,
2002-1052,Birmingham,Grass,56,T3,,20020610,42,201305,,,Eleni Daniilidou,R,182,GRE,19.724,54,624,200085,11,,Ai Sugiyama,R,163,JPN,26.933,30,1019,6-4 6-2,3,R16,,,,,,,,,,,,,,,,,,,
2002-1052,Birmingham,Grass,56,T3,,20020610,43,201302,,,Clarisa Fernandez,L,179,ARG,20.783,34,927,200754,,,Jill Craybas,R,160,USA,27.935,102,352,7-5 6-3,3,R16,,,,,,,,,,,,,,,,,,,
2002-1052,Birmingham,Grass,56,T3,,20020610,44,200020,8,,Lisa Raymond,R,165,USA,28.833,25,1086,200764,,,Elena Bovina,R,189,RUS,19.253,80,461,7-5 6-4,3,R16,,,,,,,,,,,,,,,,,,,
2002-1052,Birmingham,Grass,56,T3,,20020610,45,200772,6,,Anastasia Myskina,R,174,RUS,20.923,22,1164,200083,10,,Alexandra Stevenson,R,185,USA,21.484,28,1037,3-6 6-2 6-3,3,R16,,,,,,,,,,,,,,,,,,,
2002-1052,Birmingham,Grass,56,T3,,20020610,46,200086,3,,Magdalena Maleeva,R,168,BUL,27.193,20,1213,200073,,WC,Julie Pullin,L,173,GBR,26.596,150,215,7-6(5) 6-0,3,R16,,,,,,,,,,,,,,,,,,,
2002-1052,Birmingham,Grass,56,T3,,20020610,47,200124,7,,Anne Kremer,R,165,LUX,26.648,24,1157,201083,9,,Daja Bedanova,R,171,CZE,19.256,29,1030,6-0 5-7 6-4,3,R16,,,,,,,,,,,,,,,,,,,
2002-1052,Birmingham,Grass,56,T3,,20020610,48,200036,14,,Nicole Pratt,R,163,AUS,29.265,39,828,200016,2,,Sandrine Testud,R,176,FRA,30.185,10,2181,6-4 6-1,3,R16,,,,,,,,,,,,,,,,,,,
2002-1052,Birmingham,Grass,56,T3,,20020610,49,200120,1,,Jelena Dokic,R,175,AUS,19.163,8,3004,201305,,,Eleni Daniilidou,R,182,GRE,19.724,54,624,6-4 4-6 6-4,3,QF,,,,,,,,,,,,,,,,,,,
2002-1052,Birmingham,Grass,56,T3,,20020610,50,200020,8,,Lisa Raymond,R,165,USA,28.833,25,1086,201302,,,Clarisa Fernandez,L,179,ARG,20.783,34,927,4-2 RET,3,QF,,,,,,,,,,,,,,,,,,,
2002-1052,Birmingham,Grass,56,T3,,20020610,51,200772,6,,Anastasia Myskina,R,174,RUS,20.923,22,1164,200086,3,,Magdalena Maleeva,R,168,BUL,27.193,20,1213,2-6 6-3 7-6(2),3,QF,,,,,,,,,,,,,,,,,,,
2002-1052,Birmingham,Grass,56,T3,,20020610,52,200036,14,,Nicole Pratt,R,163,AUS,29.265,39,828,200124,7,,Anne Kremer,R,165,LUX,26.648,24,1157,3-6 6-2 6-3,3,QF,,,,,,,,,,,,,,,,,,,
2002-1052,Birmingham,Grass,56,T3,,20020610,53,200120,1,,Jelena Dokic,R,175,AUS,19.163,8,3004,200020,8,,Lisa Raymond,R,165,USA,28.833,25,1086,6-1 7-5,3,SF,,,,,,,,,,,,,,,,,,,
2002-1052,Birmingham,Grass,56,T3,,20020610,54,200772,6,,Anastasia Myskina,R,174,RUS,20.923,22,1164,200036,14,,Nicole Pratt,R,163,AUS,29.265,39,828,6-3 7-5,3,SF,,,,,,,,,,,,,,,,,,,
2002-1052,Birmingham,Grass,56,T3,,20020610,55,200120,1,,Jelena Dokic,R,175,AUS,19.163,8,3004,200772,6,,Anastasia Myskina,R,174,RUS,20.923,22,1164,6-2 6-3,3,F,,,,,,,,,,,,,,,,,,,
2002-825,Tashkent,Hard,32,T4,,20020610,1,201306,1,,Marie Gaiane Mikaelian,R,172,SUI,18.270,50,651,201385,,LL,Yuliana Fedak,R,166,UKR,19.007,289,71,6-7(2) 6-1 6-2,3,R32,,,,,,,,,,,,,,,,,,,
2002-825,Tashkent,Hard,32,T4,,20020610,2,200071,,,Lenka Nemeckova,R,170,CZE,26.139,185,163,202281,,WC,Ivanna Israilova,R,,RUS,16.345,,,2-6 7-6(4) 6-1,3,R32,,,,,,,,,,,,,,,,,,,
2002-825,Tashkent,Hard,32,T4,,20020610,3,201309,,,Tatiana Perebiynis,R,173,UKR,19.486,141,232,202085,,,Galina Fokina,L,165,RUS,18.396,168,181,6-4 6-2,3,R32,,,,,,,,,,,,,,,,,,,
2002-825,Tashkent,Hard,32,T4,,20020610,4,201336,,,Dinara Safina,R,185,RUS,16.121,203,140,200087,4,,Seda Noorlander,R,166,NED,28.053,107,339,6-4 6-1,3,R32,,,,,,,,,,,,,,,,,,,
2002-825,Tashkent,Hard,32,T4,,20020610,5,201480,,Q,Lioudmila Skavronskaia,R,,RUS,22.215,443,29,201328,8,,Milagros Sequera,R,165,VEN,21.692,115,322,7-5 2-6 6-3,3,R32,,,,,,,,,,,,,,,,,,,
2002-825,Tashkent,Hard,32,T4,,20020610,6,201339,,,Renata Voracova,R,,CZE,18.678,169,181,201293,,,Catalina Castano,R,171,COL,22.927,176,176,6-7(4) 6-3 6-4,3,R32,,,,,,,,,,,,,,,,,,,
2002-825,Tashkent,Hard,32,T4,,20020610,7,202283,,,Anouska Van Exel,,,NED,27.653,,,202282,,Q,Goulnara Fattakhetdinova,,,RUS,19.658,352,48,6-1 6-2,3,R32,,,,,,,,,,,,,,,,,,,
2002-825,Tashkent,Hard,32,T4,,20020610,8,201284,2,,Tatiana Poutchek,R,176,BLR,23.417,73,516,202284,,Q,Mariona Gallifa Puig Desens,R,,ESP,20.365,487,25,6-2 6-3,3,R32,,,,,,,,,,,,,,,,,,,
2002-825,Tashkent,Hard,32,T4,,20020610,9,200024,,,Maria Vento Kabchi,R,168,VEN,28.047,188,157,201291,,,Nuria Llagostera Vives,R,156,ESP,22.068,164,191,6-0 6-2,3,R32,,,,,,,,,,,,,,,,,,,
2002-825,Tashkent,Hard,32,T4,,20020610,10,202280,,Q,Olga Kalyuzhnaya,,,RUS,19.475,367,45,201344,,,Klara Koukalova,R,166,CZE,20.291,134,252,6-3 6-0,3,R32,,,,,,,,,,,,,,,,,,,
2002-825,Tashkent,Hard,32,T4,,20020610,11,201084,,,Nadejda Ostrovskaya,R,177,BLR,21.613,228,109,201203,7,,Alena Vaskova,R,175,CZE,26.588,122,285,6-0 6-4,3,R32,,,,,,,,,,,,,,,,,,,
2002-825,Tashkent,Hard,32,T4,,20020610,12,200060,3,,Tathiana Garbin,R,172,ITA,24.945,86,424,201454,,WC,Akgul Amanmuradova,R,190,UZB,17.963,,,6-2 7-5,3,R32,,,,,,,,,,,,,,,,,,,
2002-825,Tashkent,Hard,32,T4,,20020610,13,201855,,,Adriana Barna,R,173,GER,24.055,239,103,201287,,,Maria Jose Martinez Sanchez,L,176,ESP,19.828,267,85,6-3 6-4,3,R32,,,,,,,,,,,,,,,,,,,
2002-825,Tashkent,Hard,32,T4,,20020610,14,201308,,,Maria Elena Camerin,R,164,ITA,20.222,148,218,200052,,,Olga Barabanschikova,R,172,BLR,22.604,291,69,0-6 7-5 6-1,3,R32,,,,,,,,,,,,,,,,,,,
2002-825,Tashkent,Hard,32,T4,,20020610,15,201383,,,Marie Eve Pelletier,R,172,CAN,20.063,159,200,200110,6,,Fabiola Zuluaga,R,172,COL,23.423,112,334,6-2 6-3,3,R32,,,,,,,,,,,,,,,,,,,
2002-825,Tashkent,Hard,32,T4,,20020610,16,201311,,,Roberta Vinci,R,163,ITA,19.308,154,210,200103,5,,Evie Dominikovic,R,173,AUS,22.032,87,420,6-3 7-5,3,R32,,,,,,,,,,,,,,,,,,,
2002-825,Tashkent,Hard,32,T4,,20020610,17,201306,1,,Marie Gaiane Mikaelian,R,172,SUI,18.270,50,651,200024,,,Maria Vento Kabchi,R,168,VEN,28.047,188,157,6-4 6-3,3,R16,,,,,,,,,,,,,,,,,,,
2002-825,Tashkent,Hard,32,T4,,20020610,18,201084,,,Nadejda Ostrovskaya,R,177,BLR,21.613,228,109,202280,,Q,Olga Kalyuzhnaya,,,RUS,19.475,367,45,6-1 1-0 RET,3,R16,,,,,,,,,,,,,,,,,,,
2002-825,Tashkent,Hard,32,T4,,20020610,19,200060,3,,Tathiana Garbin,R,172,ITA,24.945,86,424,201855,,,Adriana Barna,R,173,GER,24.055,239,103,6-1 6-3,3,R16,,,,,,,,,,,,,,,,,,,
2002-825,Tashkent,Hard,32,T4,,20020610,20,201308,,,Maria Elena Camerin,R,164,ITA,20.222,148,218,201383,,,Marie Eve Pelletier,R,172,CAN,20.063,159,200,6-0 7-5,3,R16,,,,,,,,,,,,,,,,,,,
2002-825,Tashkent,Hard,32,T4,,20020610,21,201311,,,Roberta Vinci,R,163,ITA,19.308,154,210,200071,,,Lenka Nemeckova,R,170,CZE,26.139,185,163,6-4 6-2,3,R16,,,,,,,,,,,,,,,,,,,
2002-825,Tashkent,Hard,32,T4,,20020610,22,201309,,,Tatiana Perebiynis,R,173,UKR,19.486,141,232,201336,,,Dinara Safina,R,185,RUS,16.121,203,140,6-3 4-6 7-6(6),3,R16,,,,,,,,,,,,,,,,,,,
2002-825,Tashkent,Hard,32,T4,,20020610,23,201480,,Q,Lioudmila Skavronskaia,R,,RUS,22.215,443,29,201339,,,Renata Voracova,R,,CZE,18.678,169,181,6-4 6-4,3,R16,,,,,,,,,,,,,,,,,,,
2002-825,Tashkent,Hard,32,T4,,20020610,24,201284,2,,Tatiana Poutchek,R,176,BLR,23.417,73,516,202283,,,Anouska Van Exel,,,NED,27.653,,,6-7(5) 6-4 6-4,3,R16,,,,,,,,,,,,,,,,,,,
2002-825,Tashkent,Hard,32,T4,,20020610,25,201306,1,,Marie Gaiane Mikaelian,R,172,SUI,18.270,50,651,201084,,,Nadejda Ostrovskaya,R,177,BLR,21.613,228,109,6-0 6-1,3,QF,,,,,,,,,,,,,,,,,,,
2002-825,Tashkent,Hard,32,T4,,20020610,26,200060,3,,Tathiana Garbin,R,172,ITA,24.945,86,424,201308,,,Maria Elena Camerin,R,164,ITA,20.222,148,218,6-4 6-1,3,QF,,,,,,,,,,,,,,,,,,,
2002-825,Tashkent,Hard,32,T4,,20020610,27,201311,,,Roberta Vinci,R,163,ITA,19.308,154,210,201309,,,Tatiana Perebiynis,R,173,UKR,19.486,141,232,0-6 6-4 6-4,3,QF,,,,,,,,,,,,,,,,,,,
2002-825,Tashkent,Hard,32,T4,,20020610,28,201284,2,,Tatiana Poutchek,R,176,BLR,23.417,73,516,201480,,Q,Lioudmila Skavronskaia,R,,RUS,22.215,443,29,6-4 6-1,3,QF,,,,,,,,,,,,,,,,,,,
2002-825,Tashkent,Hard,32,T4,,20020610,29,201306,1,,Marie Gaiane Mikaelian,R,172,SUI,18.270,50,651,200060,3,,Tathiana Garbin,R,172,ITA,24.945,86,424,6-2 6-1,3,SF,,,,,,,,,,,,,,,,,,,
2002-825,Tashkent,Hard,32,T4,,20020610,30,201284,2,,Tatiana Poutchek,R,176,BLR,23.417,73,516,201311,,,Roberta Vinci,R,163,ITA,19.308,154,210,7-6(3) 7-6(5),3,SF,,,,,,,,,,,,,,,,,,,
2002-825,Tashkent,Hard,32,T4,,20020610,31,201306,1,,Marie Gaiane Mikaelian,R,172,SUI,18.270,50,651,201284,2,,Tatiana Poutchek,R,176,BLR,23.417,73,516,6-4 6-4,3,F,,,,,,,,,,,,,,,,,,,
2002-710,Eastbourne,Grass,28,T2,,20020617,1,201083,,,Daja Bedanova,R,171,CZE,19.275,28,1053,200048,,Q,Elena Likhovtseva,R,174,RUS,26.774,42,786,6-3 6-7(6) 7-6(7),3,R32,,,,,,,,,,,,,,,,,,,
2002-710,Eastbourne,Grass,28,T2,,20020617,2,200772,,,Anastasia Myskina,R,174,RUS,20.942,19,1269,200067,7,,Patty Schnyder,L,168,SUI,23.508,18,1318,6-4 6-4,3,R32,,,,,,,,,,,,,,,,,,,
2002-710,Eastbourne,Grass,28,T2,,20020617,3,200085,,,Ai Sugiyama,R,163,JPN,26.952,30,1019,200096,,WC,Mary Pierce,R,178,FRA,27.420,74,516,6-4 6-4,3,R32,,,,,,,,,,,,,,,,,,,
2002-710,Eastbourne,Grass,28,T2,,20020617,4,200124,,,Anne Kremer,R,165,LUX,26.667,23,1163,200109,,,Nathalie Dechy,R,177,FRA,23.319,27,1054,6-4 2-6 6-4,3,R32,,,,,,,,,,,,,,,,,,,
2002-710,Eastbourne,Grass,28,T2,,20020617,5,200010,,,Rita Grande,R,177,ITA,27.237,38,878,200113,,WC,Anna Kournikova,R,173,RUS,21.027,54,618,6-7(4) 6-3 6-1,3,R32,,,,,,,,,,,,,,,,,,,
2002-710,Eastbourne,Grass,28,T2,,20020617,6,200046,5,,Meghann Shaughnessy,R,180,USA,23.179,15,1402,200774,,Q,Vanessa Webb,L,180,CAN,26.396,146,225,6-7(2) 7-6(8) 7-6(4),3,R32,,,,,,,,,,,,,,,,,,,
2002-710,Eastbourne,Grass,28,T2,,20020617,7,201212,,,Francesca Schiavone,R,166,ITA,21.983,45,733,200064,,,Amanda Coetzer,R,158,RSA,30.654,36,916,4-6 6-3 6-4,3,R32,,,,,,,,,,,,,,,,,,,
2002-710,Eastbourne,Grass,28,T2,,20020617,8,200027,,,Magui Serna,L,167,ESP,23.297,40,830,201295,,Q,Wynne Prakusya,R,160,INA,21.142,96,374,6-3 6-2,3,R32,,,,,,,,,,,,,,,,,,,
2002-710,Eastbourne,Grass,28,T2,,20020617,9,200039,,,Chanda Rubin,R,168,USA,26.328,37,897,200009,8,,Tamarine Tanasugarn,R,165,THA,25.066,21,1220,6-1 1-6 6-1,3,R32,,,,,,,,,,,,,,,,,,,
2002-710,Eastbourne,Grass,28,T2,,20020617,10,201204,6,,Iroda Tulyaganova,R,170,UZB,20.441,16,1349,200040,,,Anna Smashnova,R,157,ISR,25.920,17,1342,6-3 6-7(7) 6-4,3,R32,,,,,,,,,,,,,,,,,,,
2002-710,Eastbourne,Grass,28,T2,,20020617,11,200041,,Q,Amy Frazier,R,175,USA,29.742,76,509,200083,,,Alexandra Stevenson,R,185,USA,21.504,29,1026,7-6(6) 6-2,3,R32,,,,,,,,,,,,,,,,,,,
2002-710,Eastbourne,Grass,28,T2,,20020617,12,200293,,WC,Martina Navratilova,L,173,USA,45.663,,,200063,,,Tatiana Panova,R,154,RUS,25.843,22,1203,6-1 4-6 6-2,3,R32,,,,,,,,,,,,,,,,,,,
2002-710,Eastbourne,Grass,28,T2,,20020617,13,201083,,,Daja Bedanova,R,171,CZE,19.275,28,1053,200120,1,,Jelena Dokic,R,175,AUS,19.182,8,3093,6-4 1-6 6-2,3,R16,,,,,,,,,,,,,,,,,,,
2002-710,Eastbourne,Grass,28,T2,,20020617,14,200046,5,,Meghann Shaughnessy,R,180,USA,23.179,15,1402,200010,,,Rita Grande,R,177,ITA,27.237,38,878,6-4 6-2,3,R16,,,,,,,,,,,,,,,,,,,
2002-710,Eastbourne,Grass,28,T2,,20020617,15,200700,4,,Silvia Farina Elia,R,172,ITA,30.139,12,1662,201212,,,Francesca Schiavone,R,166,ITA,21.983,45,733,4-6 7-6(7) 6-2,3,R16,,,,,,,,,,,,,,,,,,,
2002-710,Eastbourne,Grass,28,T2,,20020617,16,200039,,,Chanda Rubin,R,168,USA,26.328,37,897,200027,,,Magui Serna,L,167,ESP,23.297,40,830,6-2 6-2,3,R16,,,,,,,,,,,,,,,,,,,
2002-710,Eastbourne,Grass,28,T2,,20020617,17,200041,,Q,Amy Frazier,R,175,USA,29.742,76,509,201204,6,,Iroda Tulyaganova,R,170,UZB,20.441,16,1349,6-5 RET,3,R16,,,,,,,,,,,,,,,,,,,
2002-710,Eastbourne,Grass,28,T2,,20020617,18,201290,3,,Daniela Hantuchova,R,181,SVK,19.152,13,1620,200293,,WC,Martina Navratilova,L,173,USA,45.663,,,2-6 6-2 6-2,3,R16,,,,,,,,,,,,,,,,,,,
2002-710,Eastbourne,Grass,28,T2,,20020617,19,200772,,,Anastasia Myskina,R,174,RUS,20.942,19,1269,200085,,,Ai Sugiyama,R,163,JPN,26.952,30,1019,7-5 7-6(3),3,R16,,,,,,,,,,,,,,,,,,,
2002-710,Eastbourne,Grass,28,T2,,20020617,20,200124,,,Anne Kremer,R,165,LUX,26.667,23,1163,200016,2,,Sandrine Testud,R,176,FRA,30.205,10,2181,4-6 6-3 6-1,3,R16,,,,,,,,,,,,,,,,,,,
2002-710,Eastbourne,Grass,28,T2,,20020617,21,201083,,,Daja Bedanova,R,171,CZE,19.275,28,1053,200046,5,,Meghann Shaughnessy,R,180,USA,23.179,15,1402,7-6(6) 6-2,3,QF,,,,,,,,,,,,,,,,,,,
2002-710,Eastbourne,Grass,28,T2,,20020617,22,200039,,,Chanda Rubin,R,168,USA,26.328,37,897,200700,4,,Silvia Farina Elia,R,172,ITA,30.139,12,1662,6-1 6-0,3,QF,,,,,,,,,,,,,,,,,,,
2002-710,Eastbourne,Grass,28,T2,,20020617,23,201290,3,,Daniela Hantuchova,R,181,SVK,19.152,13,1620,200041,,Q,Amy Frazier,R,175,USA,29.742,76,509,7-6(4) 6-1,3,QF,,,,,,,,,,,,,,,,,,,
2002-710,Eastbourne,Grass,28,T2,,20020617,24,200772,,,Anastasia Myskina,R,174,RUS,20.942,19,1269,200124,,,Anne Kremer,R,165,LUX,26.667,23,1163,6-2 7-5,3,QF,,,,,,,,,,,,,,,,,,,
2002-710,Eastbourne,Grass,28,T2,,20020617,25,200039,,,Chanda Rubin,R,168,USA,26.328,37,897,201083,,,Daja Bedanova,R,171,CZE,19.275,28,1053,6-4 6-1,3,SF,,,,,,,,,,,,,,,,,,,
2002-710,Eastbourne,Grass,28,T2,,20020617,26,200772,,,Anastasia Myskina,R,174,RUS,20.942,19,1269,201290,3,,Daniela Hantuchova,R,181,SVK,19.152,13,1620,6-2 6-1,3,SF,,,,,,,,,,,,,,,,,,,
2002-710,Eastbourne,Grass,28,T2,,20020617,27,200039,,,Chanda Rubin,R,168,USA,26.328,37,897,200772,,,Anastasia Myskina,R,174,RUS,20.942,19,1269,6-1 6-3,3,F,,,,,,,,,,,,,,,,,,,
2002-822,'s-Hertogenbosch,Grass,30,T3,,20020617,1,200745,,,Andrea Glass,R,168,GER,25.917,316,60,200709,,,Rossana De Los Rios,R,170,PAR,26.752,72,524,6-7(4) 7-5 6-4,3,R32,,,,,,,,,,,,,,,,,,,
2002-822,'s-Hertogenbosch,Grass,30,T3,,20020617,2,200011,,,Katarina Srebotnik,R,180,SLO,21.265,46,726,200090,,,Anca Barna,L,175,GER,25.093,71,527,6-3 6-4,3,R32,,,,,,,,,,,,,,,,,,,
2002-822,'s-Hertogenbosch,Grass,30,T3,,20020617,3,200065,3,,Amelie Mauresmo,R,175,FRA,22.952,11,1784,200106,,,Angeles Montolio,R,157,ESP,26.864,80,478,6-3 7-5,3,R32,,,,,,,,,,,,,,,,,,,
2002-822,'s-Hertogenbosch,Grass,30,T3,,20020617,4,201292,8,,Martina Sucha,R,170,SVK,21.572,43,764,200094,,,Barbara Rittner,R,173,GER,29.145,79,480,7-6(3) 7-5,3,R32,,,,,,,,,,,,,,,,,,,
2002-822,'s-Hertogenbosch,Grass,30,T3,,20020617,5,200764,,,Elena Bovina,R,189,RUS,19.272,78,488,200123,,,Marlene Weingartner,R,174,GER,22.380,69,533,6-4 7-5,3,R32,,,,,,,,,,,,,,,,,,,
2002-822,'s-Hertogenbosch,Grass,30,T3,,20020617,6,200117,,,Kveta Peschke,R,165,CZE,26.941,101,356,202286,,WC,Elise Tamaela,L,,NED,18.401,,,6-2 6-2,3,R32,,,,,,,,,,,,,,,,,,,
2002-822,'s-Hertogenbosch,Grass,30,T3,,20020617,7,200122,,,Tina Pisnik,R,172,SLO,21.323,50,677,200031,,,Meilen Tu,R,163,USA,24.414,55,611,6-0 3-6 6-1,3,R32,,,,,,,,,,,,,,,,,,,
2002-822,'s-Hertogenbosch,Grass,30,T3,,20020617,8,200727,7,,Adriana Serra Zanetti,R,160,ITA,26.284,44,748,201297,,,Maja Matevzic,L,175,SLO,22.010,57,592,7-6(3) 6-4,3,R32,,,,,,,,,,,,,,,,,,,
2002-822,'s-Hertogenbosch,Grass,30,T3,,20020617,9,200108,4,,Elena Dementieva,R,180,RUS,20.671,14,1545,200777,,,Marta Marrero,R,173,ESP,19.417,67,548,7-6(4) 6-3,3,R32,,,,,,,,,,,,,,,,,,,
2002-822,'s-Hertogenbosch,Grass,30,T3,,20020617,10,201296,,,Bianka Lamade,R,184,GER,19.798,140,231,202285,,WC,Silvana Bauer,R,,NED,16.176,,,6-2 6-2,3,R32,,,,,,,,,,,,,,,,,,,
2002-822,'s-Hertogenbosch,Grass,30,T3,,20020617,11,200089,,,Miriam Oremans,R,169,NED,29.769,128,263,201322,,,Eva Dyrberg,R,175,DEN,22.330,84,449,6-1 6-3,3,R32,,,,,,,,,,,,,,,,,,,
2002-822,'s-Hertogenbosch,Grass,30,T3,,20020617,12,200086,5,,Magdalena Maleeva,R,168,BUL,27.212,20,1251,201310,,,Martina Muller,R,165,GER,19.683,56,609,6-4 6-2,3,R32,,,,,,,,,,,,,,,,,,,
2002-822,'s-Hertogenbosch,Grass,30,T3,,20020617,13,200066,6,,Cristina Torrens Valero,R,171,ESP,27.762,39,833,201061,,A,Eva Martincova,,170,CZE,27.289,260,87,6-4 6-3,3,R32,,,,,,,,,,,,,,,,,,,
2002-822,'s-Hertogenbosch,Grass,30,T3,,20020617,14,201305,,,Eleni Daniilidou,R,182,GRE,19.743,51,666,201284,,,Tatiana Poutchek,R,176,BLR,23.436,64,571,7-6(2) 6-0,3,R32,,,,,,,,,,,,,,,,,,,
2002-822,'s-Hertogenbosch,Grass,30,T3,,20020617,15,200079,1,,Kim Clijsters,R,175,BEL,19.026,5,3474,200745,,,Andrea Glass,R,168,GER,25.917,316,60,6-3 6-2,3,R16,,,,,,,,,,,,,,,,,,,
2002-822,'s-Hertogenbosch,Grass,30,T3,,20020617,16,200122,,,Tina Pisnik,R,172,SLO,21.323,50,677,200727,7,,Adriana Serra Zanetti,R,160,ITA,26.284,44,748,6-3 4-6 6-4,3,R16,,,,,,,,,,,,,,,,,,,
2002-822,'s-Hertogenbosch,Grass,30,T3,,20020617,17,200108,4,,Elena Dementieva,R,180,RUS,20.671,14,1545,201296,,,Bianka Lamade,R,184,GER,19.798,140,231,6-4 3-6 6-1,3,R16,,,,,,,,,,,,,,,,,,,
2002-822,'s-Hertogenbosch,Grass,30,T3,,20020617,18,200086,5,,Magdalena Maleeva,R,168,BUL,27.212,20,1251,200089,,,Miriam Oremans,R,169,NED,29.769,128,263,7-6(3) 7-5,3,R16,,,,,,,,,,,,,,,,,,,
2002-822,'s-Hertogenbosch,Grass,30,T3,,20020617,19,201305,,,Eleni Daniilidou,R,182,GRE,19.743,51,666,200066,6,,Cristina Torrens Valero,R,171,ESP,27.762,39,833,6-2 6-2,3,R16,,,,,,,,,,,,,,,,,,,
2002-822,'s-Hertogenbosch,Grass,30,T3,,20020617,20,200065,3,,Amelie Mauresmo,R,175,FRA,22.952,11,1784,200011,,,Katarina Srebotnik,R,180,SLO,21.265,46,726,6-2 6-1,3,R16,,,,,,,,,,,,,,,,,,,
2002-822,'s-Hertogenbosch,Grass,30,T3,,20020617,21,200764,,,Elena Bovina,R,189,RUS,19.272,78,488,201292,8,,Martina Sucha,R,170,SVK,21.572,43,764,7-5 6-3,3,R16,,,,,,,,,,,,,,,,,,,
2002-822,'s-Hertogenbosch,Grass,30,T3,,20020617,22,200003,2,,Justine Henin,R,167,BEL,20.044,7,3286,200117,,,Kveta Peschke,R,165,CZE,26.941,101,356,6-1 6-4,3,R16,,,,,,,,,,,,,,,,,,,
2002-822,'s-Hertogenbosch,Grass,30,T3,,20020617,23,200122,,,Tina Pisnik,R,172,SLO,21.323,50,677,200079,1,,Kim Clijsters,R,175,BEL,19.026,5,3474,7-6(5) 6-2,3,QF,,,,,,,,,,,,,,,,,,,
2002-822,'s-Hertogenbosch,Grass,30,T3,,20020617,24,200108,4,,Elena Dementieva,R,180,RUS,20.671,14,1545,200086,5,,Magdalena Maleeva,R,168,BUL,27.212,20,1251,6-2 0-6 6-1,3,QF,,,,,,,,,,,,,,,,,,,
2002-822,'s-Hertogenbosch,Grass,30,T3,,20020617,25,201305,,,Eleni Daniilidou,R,182,GRE,19.743,51,666,200065,3,,Amelie Mauresmo,R,175,FRA,22.952,11,1784,6-4 6-4,3,QF,,,,,,,,,,,,,,,,,,,
2002-822,'s-Hertogenbosch,Grass,30,T3,,20020617,26,200003,2,,Justine Henin,R,167,BEL,20.044,7,3286,200764,,,Elena Bovina,R,189,RUS,19.272,78,488,7-6(4) 6-4,3,QF,,,,,,,,,,,,,,,,,,,
2002-822,'s-Hertogenbosch,Grass,30,T3,,20020617,27,200108,4,,Elena Dementieva,R,180,RUS,20.671,14,1545,200122,,,Tina Pisnik,R,172,SLO,21.323,50,677,6-2 6-0,3,SF,,,,,,,,,,,,,,,,,,,
2002-822,'s-Hertogenbosch,Grass,30,T3,,20020617,28,201305,,,Eleni Daniilidou,R,182,GRE,19.743,51,666,200003,2,,Justine Henin,R,167,BEL,20.044,7,3286,4-6 7-6(9) 6-3,3,SF,,,,,,,,,,,,,,,,,,,
2002-822,'s-Hertogenbosch,Grass,30,T3,,20020617,29,201305,,,Eleni Daniilidou,R,182,GRE,19.743,51,666,200108,4,,Elena Dementieva,R,180,RUS,20.671,14,1545,3-6 6-2 6-3,3,F,,,,,,,,,,,,,,,,,,,
2002-904,Wimbledon,Grass,128,G,,20020624,1,200748,1,,Venus Williams,R,185,USA,22.018,1,5205,201332,,WC,Jane Odonoghue,R,172,GBR,19.239,344,53,6-1 6-1,3,R128,,,,,,,,,,,,,,,,,,,
2002-904,Wimbledon,Grass,128,G,,20020624,2,200094,,,Barbara Rittner,R,173,GER,29.164,82,451,200766,,,Jennifer Hopkins,R,170,USA,21.367,67,540,6-0 5-7 6-3,3,R128,,,,,,,,,,,,,,,,,,,
2002-904,Wimbledon,Grass,128,G,,20020624,3,200022,,,Emmanuelle Gagliardi,R,171,SUI,25.958,47,704,201079,,WC,Hannah Collin,R,,GBR,20.345,403,37,6-1 6-7(1) 6-2,3,R128,,,,,,,,,,,,,,,,,,,
2002-904,Wimbledon,Grass,128,G,,20020624,4,200086,19,,Magdalena Maleeva,R,168,BUL,27.231,19,1271,201199,,WC,Rachel Viollet,R,168,GBR,30.366,255,89,6-1 6-0,3,R128,,,,,,,,,,,,,,,,,,,
2002-904,Wimbledon,Grass,128,G,,20020624,5,200064,32,,Amanda Coetzer,R,158,RSA,30.673,37,916,201298,,,Zsofia Gubacsi,R,173,HUN,21.216,105,335,6-3 6-2,3,R128,,,,,,,,,,,,,,,,,,,
2002-904,Wimbledon,Grass,128,G,,20020624,6,201304,,WC,Elena Baltacha,R,175,GBR,18.861,295,69,200024,,Q,Maria Vento Kabchi,R,168,VEN,28.085,179,170,6-4 6-4,3,R128,,,,,,,,,,,,,,,,,,,
2002-904,Wimbledon,Grass,128,G,,20020624,7,200048,,,Elena Likhovtseva,R,174,RUS,26.793,48,684,201311,,Q,Roberta Vinci,R,163,ITA,19.346,131,251,6-3 6-2,3,R128,,,,,,,,,,,,,,,,,,,
2002-904,Wimbledon,Grass,128,G,,20020624,8,200079,5,,Kim Clijsters,R,175,BEL,19.045,5,3342,200749,,,Samantha Reeves,R,173,USA,23.434,77,501,6-2 7-6(5),3,R128,,,,,,,,,,,,,,,,,,,
2002-904,Wimbledon,Grass,128,G,,20020624,9,200652,4,,Monica Seles,L,178,USA,28.559,4,3744,201072,,,Eva Bes Ostariz,R,,ESP,29.441,98,362,6-0 6-0,3,R128,,,,,,,,,,,,,,,,,,,
2002-904,Wimbledon,Grass,128,G,,20020624,10,200709,,,Rossana De Los Rios,R,170,PAR,26.771,71,524,200088,,,Adriana Gersi,R,166,CZE,25.994,100,346,6-3 7-5,3,R128,,,,,,,,,,,,,,,,,,,
2002-904,Wimbledon,Grass,128,G,,20020624,11,200043,,,Virginie Razzano,R,173,FRA,19.119,99,347,201303,,WC,Anne Keothavong,R,175,GBR,18.771,290,71,6-3 7-6(5),3,R128,,,,,,,,,,,,,,,,,,,
2002-904,Wimbledon,Grass,128,G,,20020624,12,200118,,,Virginia Ruano Pascual,R,169,ESP,28.756,54,618,201333,,,Angelika Roesch,R,172,GER,25.044,97,369,6-2 6-4,3,R128,,,,,,,,,,,,,,,,,,,
2002-904,Wimbledon,Grass,128,G,,20020624,13,200085,27,,Ai Sugiyama,R,163,JPN,26.971,30,1026,201334,,Q,Zuzana Ondraskova,R,174,CZE,22.141,140,236,6-1 6-2,3,R128,,,,,,,,,,,,,,,,,,,
2002-904,Wimbledon,Grass,128,G,,20020624,14,200009,20,,Tamarine Tanasugarn,R,165,THA,25.085,24,1127,200035,,Q,Maria Sanchez Lorenzo,R,171,ESP,24.627,167,190,5-7 6-4 6-4,3,R128,,,,,,,,,,,,,,,,,,,
2002-904,Wimbledon,Grass,128,G,,20020624,15,200101,,,Jana Kandarr,R,181,GER,25.755,120,278,200060,,,Tathiana Garbin,R,172,ITA,24.983,83,451,7-6(4) 6-3,3,R128,,,,,,,,,,,,,,,,,,,
2002-904,Wimbledon,Grass,128,G,,20020624,16,200031,,,Meilen Tu,R,163,USA,24.433,58,589,200126,,,Marissa Irvin,R,170,USA,22.002,60,578,7-6(0) 6-2,3,R128,,,,,,,,,,,,,,,,,,,
2002-904,Wimbledon,Grass,128,G,,20020624,17,201327,,,Angelique Widjaja,R,173,INA,17.531,93,389,200040,15,,Anna Smashnova,R,157,ISR,25.939,17,1342,6-3 6-2,3,R128,,,,,,,,,,,,,,,,,,,
2002-904,Wimbledon,Grass,128,G,,20020624,18,200108,12,,Elena Dementieva,R,180,RUS,20.690,14,1639,201296,,,Bianka Lamade,R,184,GER,19.817,136,246,6-4 6-3,3,R128,,,,,,,,,,,,,,,,,,,
2002-904,Wimbledon,Grass,128,G,,20020624,19,200104,,,Emilie Loit,L,167,FRA,23.042,59,579,200091,,,Janet Lee,R,175,TPE,25.671,113,319,6-4 6-4,3,R128,,,,,,,,,,,,,,,,,,,
2002-904,Wimbledon,Grass,128,G,,20020624,20,201329,,,Vera Zvonareva,R,172,RUS,17.794,88,405,201321,,Q,Antonella Serra Zanetti,R,168,ITA,21.914,125,264,6-3 6-2,3,R128,,,,,,,,,,,,,,,,,,,
2002-904,Wimbledon,Grass,128,G,,20020624,21,200723,23,,Iva Majoli,R,175,CRO,24.866,26,1099,200122,,,Tina Pisnik,R,172,SLO,21.342,42,796,6-3 6-4,3,R128,,,,,,,,,,,,,,,,,,,
2002-904,Wimbledon,Grass,128,G,,20020624,22,200032,29,,Barbara Schett,R,176,AUT,26.289,33,982,200072,,,Cara Black,R,167,ZIM,23.349,68,529,6-2 6-2,3,R128,,,,,,,,,,,,,,,,,,,
2002-904,Wimbledon,Grass,128,G,,20020624,23,200028,,,Maureen Drake,R,175,CAN,31.261,110,328,201306,,,Marie Gaiane Mikaelian,R,172,SUI,18.308,49,680,6-3 6-3,3,R128,,,,,,,,,,,,,,,,,,,
2002-904,Wimbledon,Grass,128,G,,20020624,24,201335,,Q,Myriam Casanova,R,172,SUI,17.011,180,168,200098,,,Henrieta Nagyova,R,177,SVK,23.524,51,637,7-5 6-4,3,R128,,,,,,,,,,,,,,,,,,,
2002-904,Wimbledon,Grass,128,G,,20020624,25,200044,,,Denisa Chladkova,R,174,CZE,23.374,114,319,201310,,,Martina Muller,R,165,GER,19.702,56,609,6-3 7-5,3,R128,,,,,,,,,,,,,,,,,,,
2002-904,Wimbledon,Grass,128,G,,20020624,26,200003,6,,Justine Henin,R,167,BEL,20.063,6,3125,200115,,SR,Brie Rippner,R,175,USA,22.423,239,99,6-2 6-7(4) 6-1,3,R128,,,,,,,,,,,,,,,,,,,
2002-904,Wimbledon,Grass,128,G,,20020624,27,200016,8,,Sandrine Testud,R,176,FRA,30.224,10,2181,200090,,,Anca Barna,L,175,GER,25.112,70,527,6-7(3) 6-4 6-1,3,R128,,,,,,,,,,,,,,,,,,,
2002-904,Wimbledon,Grass,128,G,,20020624,28,200096,,SR,Mary Pierce,R,178,FRA,27.439,74,517,200008,,,Alicia Molik,R,182,AUS,21.405,73,521,6-4 4-6 8-6,3,R128,,,,,,,,,,,,,,,,,,,
2002-904,Wimbledon,Grass,128,G,,20020624,29,200123,,,Marlene Weingartner,R,174,GER,22.399,76,506,200116,,WC,Natalia Zvereva,R,174,BLR,31.190,,,4-6 6-3 6-2,3,R128,,,,,,,,,,,,,,,,,,,
2002-904,Wimbledon,Grass,128,G,,20020624,30,201281,,Q,Laura Granville,R,175,USA,21.117,134,246,200036,31,,Nicole Pratt,R,163,AUS,29.304,36,924,7-5 7-5,3,R128,,,,,,,,,,,,,,,,,,,
2002-904,Wimbledon,Grass,128,G,,20020624,31,200772,18,,Anastasia Myskina,R,174,RUS,20.961,15,1480,201322,,,Eva Dyrberg,R,175,DEN,22.350,84,449,2-6 6-1 7-5,3,R128,,,,,,,,,,,,,,,,,,,
2002-904,Wimbledon,Grass,128,G,,20020624,32,201086,,,Greta Arn,R,180,HUN,23.198,87,409,201324,,,Irina Selyutina,R,178,KAZ,22.629,107,331,6-4 6-3,3,R128,,,,,,,,,,,,,,,,,,,
2002-904,Wimbledon,Grass,128,G,,20020624,33,200010,,,Rita Grande,R,177,ITA,27.256,39,898,200027,,,Magui Serna,L,167,ESP,23.316,53,623,6-1 6-3,3,R128,,,,,,,,,,,,,,,,,,,
2002-904,Wimbledon,Grass,128,G,,20020624,34,200754,,,Jill Craybas,R,160,USA,27.973,91,402,200107,28,,Paola Suarez,R,170,ARG,26.002,32,1011,6-4 5-7 7-5,3,R128,,,,,,,,,,,,,,,,,,,
2002-904,Wimbledon,Grass,128,G,,20020624,35,200065,9,,Amelie Mauresmo,R,175,FRA,22.971,11,1827,201331,,Q,Iveta Benesova,L,170,CZE,19.393,121,278,6-1 6-7(0) 6-2,3,R128,,,,,,,,,,,,,,,,,,,
2002-904,Wimbledon,Grass,128,G,,20020624,36,200046,13,,Meghann Shaughnessy,R,180,USA,23.198,16,1405,201089,,WC,Lucie Ahl,R,159,GBR,27.921,189,154,6-2 6-2,3,R128,,,,,,,,,,,,,,,,,,,
2002-904,Wimbledon,Grass,128,G,,20020624,37,200089,,,Miriam Oremans,R,169,NED,29.788,129,255,200019,,Q,Alexandra Fusai,R,176,FRA,28.586,144,227,6-3 6-4,3,R128,,,,,,,,,,,,,,,,,,,
2002-904,Wimbledon,Grass,128,G,,20020624,38,201305,,,Eleni Daniilidou,R,182,GRE,19.762,38,906,200056,,,Jelena Kostanic Tosic,L,168,CRO,20.967,64,570,6-2 6-3,3,R128,,,,,,,,,,,,,,,,,,,
2002-904,Wimbledon,Grass,128,G,,20020624,39,201323,,,Saori Obata,L,165,JPN,24.170,116,304,200083,24,,Alexandra Stevenson,R,185,USA,21.523,29,1026,6-1 6-3,3,R128,,,,,,,,,,,,,,,,,,,
2002-904,Wimbledon,Grass,128,G,,20020624,40,201083,26,,Daja Bedanova,R,171,CZE,19.294,21,1227,200087,,,Seda Noorlander,R,166,NED,28.091,142,230,6-1 6-2,3,R128,,,,,,,,,,,,,,,,,,,
2002-904,Wimbledon,Grass,128,G,,20020624,41,201209,,,Selima Sfar,R,166,TUN,24.961,135,246,200062,,,Kristina Brandi,R,168,PUR,25.238,146,221,6-3 6-3,3,R128,,,,,,,,,,,,,,,,,,,
2002-904,Wimbledon,Grass,128,G,,20020624,42,200777,,,Marta Marrero,R,173,ESP,19.436,72,522,200121,,,Alina Jidkova,R,168,RUS,25.430,75,508,6-0 7-6(5),3,R128,,,,,,,,,,,,,,,,,,,
2002-904,Wimbledon,Grass,128,G,,20020624,43,200077,3,,Jennifer Capriati,R,170,USA,26.237,3,4131,200697,,,Janette Husarova,R,169,SVK,28.055,41,807,6-1 6-4,3,R128,,,,,,,,,,,,,,,,,,,
2002-904,Wimbledon,Grass,128,G,,20020624,44,200120,7,,Jelena Dokic,R,175,AUS,19.201,7,3086,200740,,Q,Elena Tatarkova,L,170,UKR,25.838,173,181,7-6(4) 6-4,3,R128,,,,,,,,,,,,,,,,,,,
2002-904,Wimbledon,Grass,128,G,,20020624,45,200067,17,,Patty Schnyder,L,168,SUI,23.527,18,1318,201309,,Q,Tatiana Perebiynis,R,173,UKR,19.524,127,259,3-6 7-6(3) 7-5,3,R128,,,,,,,,,,,,,,,,,,,
2002-904,Wimbledon,Grass,128,G,,20020624,46,200117,,,Kveta Peschke,R,165,CZE,26.960,96,371,200773,,,Stephanie Foretz Gacon,R,166,FRA,21.142,80,456,3-6 6-4 6-3,3,R128,,,,,,,,,,,,,,,,,,,
2002-904,Wimbledon,Grass,128,G,,20020624,47,201284,,,Tatiana Poutchek,R,176,BLR,23.456,63,571,200106,,,Angeles Montolio,R,157,ESP,26.884,78,478,6-4 6-3,3,R128,,,,,,,,,,,,,,,,,,,
2002-904,Wimbledon,Grass,128,G,,20020624,48,200109,25,,Nathalie Dechy,R,177,FRA,23.338,28,1046,200055,,,Mariana Diaz Oliva,R,172,ARG,26.287,95,376,6-2 6-3,3,R128,,,,,,,,,,,,,,,,,,,
2002-904,Wimbledon,Grass,128,G,,20020624,49,200124,22,,Anne Kremer,R,165,LUX,26.686,22,1221,200061,,,Gala Leon Garcia,L,163,ESP,28.502,61,576,6-4 6-4,3,R128,,,,,,,,,,,,,,,,,,,
2002-904,Wimbledon,Grass,128,G,,20020624,50,201297,,,Maja Matevzic,L,175,SLO,22.029,57,592,200073,,WC,Julie Pullin,L,173,GBR,26.634,133,246,6-7(4) 6-1 6-4,3,R128,,,,,,,,,,,,,,,,,,,
2002-904,Wimbledon,Grass,128,G,,20020624,51,201292,,,Martina Sucha,R,170,SVK,21.591,43,783,200068,,,Lilia Osterloh,R,170,USA,24.214,65,559,6-2 6-1,3,R128,,,,,,,,,,,,,,,,,,,
2002-904,Wimbledon,Grass,128,G,,20020624,52,201290,11,,Daniela Hantuchova,R,181,SVK,19.171,12,1688,200066,,,Cristina Torrens Valero,R,171,ESP,27.782,40,849,6-3 6-2,3,R128,,,,,,,,,,,,,,,,,,,
2002-904,Wimbledon,Grass,128,G,,20020624,53,201204,14,,Iroda Tulyaganova,R,170,UZB,20.460,20,1268,200007,,,Silvija Talaja,R,173,CRO,24.441,81,453,2-6 6-2 6-4,3,R128,,,,,,,,,,,,,,,,,,,
2002-904,Wimbledon,Grass,128,G,,20020624,54,200039,,,Chanda Rubin,R,168,USA,26.347,27,1062,200084,,,Asa Carlsson,R,178,SWE,27.023,52,628,6-3 6-2,3,R128,,,,,,,,,,,,,,,,,,,
2002-904,Wimbledon,Grass,128,G,,20020624,55,200764,,,Elena Bovina,R,189,RUS,19.291,79,472,200727,,,Adriana Serra Zanetti,R,160,ITA,26.303,44,771,7-6(4) 7-6(3),3,R128,,,,,,,,,,,,,,,,,,,
2002-904,Wimbledon,Grass,128,G,,20020624,56,200049,,,Conchita Martinez,R,170,ESP,30.188,66,555,201299,,,Celine Beigbeder,,,FRA,27.327,108,330,6-1 6-0,3,R128,,,,,,,,,,,,,,,,,,,
2002-904,Wimbledon,Grass,128,G,,20020624,57,200063,21,,Tatiana Panova,R,154,RUS,25.862,23,1176,200113,,,Anna Kournikova,R,173,RUS,21.046,55,618,6-1 4-6 6-4,3,R128,,,,,,,,,,,,,,,,,,,
2002-904,Wimbledon,Grass,128,G,,20020624,58,201302,30,,Clarisa Fernandez,L,179,ARG,20.822,34,965,200025,,,Ludmila Cervanova,R,171,SVK,22.692,90,404,6-3 6-3,3,R128,,,,,,,,,,,,,,,,,,,
2002-904,Wimbledon,Grass,128,G,,20020624,59,200042,,Q,Els Callens,R,178,BEL,31.845,119,289,200078,,,Barbara Schwartz,L,181,AUT,23.406,62,575,3-6 6-4 6-2,3,R128,,,,,,,,,,,,,,,,,,,
2002-904,Wimbledon,Grass,128,G,,20020624,60,201212,,,Francesca Schiavone,R,166,ITA,22.002,45,767,200015,,,Petra Mandula,R,178,HUN,24.433,86,412,6-4 6-3,3,R128,,,,,,,,,,,,,,,,,,,
2002-904,Wimbledon,Grass,128,G,,20020624,61,200033,2,,Serena Williams,R,175,USA,20.742,2,4926,200103,,,Evie Dominikovic,R,173,AUS,22.070,103,342,6-1 6-1,3,R128,,,,,,,,,,,,,,,,,,,
2002-904,Wimbledon,Grass,128,G,,20020624,62,201295,,,Wynne Prakusya,R,160,INA,21.161,92,400,200012,,,Jana Nejedly,R,175,CAN,28.042,102,342,6-0 6-2,3,R128,,,,,,,,,,,,,,,,,,,
2002-904,Wimbledon,Grass,128,G,,20020624,63,200020,16,,Lisa Raymond,R,165,USA,28.871,35,959,200011,,,Katarina Srebotnik,R,180,SLO,21.284,46,749,6-4 6-2,3,R128,,,,,,,,,,,,,,,,,,,
2002-904,Wimbledon,Grass,128,G,,20020624,64,200700,10,,Silvia Farina Elia,R,172,ITA,30.158,13,1661,200041,,,Amy Frazier,R,175,USA,29.761,50,638,7-5 4-6 6-4,3,R128,,,,,,,,,,,,,,,,,,,
2002-904,Wimbledon,Grass,128,G,,20020624,65,200748,1,,Venus Williams,R,185,USA,22.018,1,5205,200118,,,Virginia Ruano Pascual,R,169,ESP,28.756,54,618,6-3 6-1,3,R64,,,,,,,,,,,,,,,,,,,
2002-904,Wimbledon,Grass,128,G,,20020624,66,200028,,,Maureen Drake,R,175,CAN,31.261,110,328,200754,,,Jill Craybas,R,160,USA,27.973,91,402,6-2 6-2,3,R64,,,,,,,,,,,,,,,,,,,
2002-904,Wimbledon,Grass,128,G,,20020624,67,200049,,,Conchita Martinez,R,170,ESP,30.188,66,555,200067,17,,Patty Schnyder,L,168,SUI,23.527,18,1318,6-1 6-3,3,R64,,,,,,,,,,,,,,,,,,,
2002-904,Wimbledon,Grass,128,G,,20020624,68,200020,16,,Lisa Raymond,R,165,USA,28.871,35,959,201295,,,Wynne Prakusya,R,160,INA,21.161,92,400,6-4 2-6 6-1,3,R64,,,,,,,,,,,,,,,,,,,
2002-904,Wimbledon,Grass,128,G,,20020624,69,200700,10,,Silvia Farina Elia,R,172,ITA,30.158,13,1661,200094,,,Barbara Rittner,R,173,GER,29.164,82,451,6-3 6-2,3,R64,,,,,,,,,,,,,,,,,,,
2002-904,Wimbledon,Grass,128,G,,20020624,70,200086,19,,Magdalena Maleeva,R,168,BUL,27.231,19,1271,200022,,,Emmanuelle Gagliardi,R,171,SUI,25.958,47,704,6-4 6-3,3,R64,,,,,,,,,,,,,,,,,,,
2002-904,Wimbledon,Grass,128,G,,20020624,71,201304,,WC,Elena Baltacha,R,175,GBR,18.861,295,69,200064,32,,Amanda Coetzer,R,158,RSA,30.673,37,916,5-7 6-4 6-2,3,R64,,,,,,,,,,,,,,,,,,,
2002-904,Wimbledon,Grass,128,G,,20020624,72,200048,,,Elena Likhovtseva,R,174,RUS,26.793,48,684,200079,5,,Kim Clijsters,R,175,BEL,19.045,5,3342,7-6(5) 6-2,3,R64,,,,,,,,,,,,,,,,,,,
2002-904,Wimbledon,Grass,128,G,,20020624,73,200652,4,,Monica Seles,L,178,USA,28.559,4,3744,200709,,,Rossana De Los Rios,R,170,PAR,26.771,71,524,6-4 6-0,3,R64,,,,,,,,,,,,,,,,,,,
2002-904,Wimbledon,Grass,128,G,,20020624,74,200085,27,,Ai Sugiyama,R,163,JPN,26.971,30,1026,200043,,,Virginie Razzano,R,173,FRA,19.119,99,347,6-2 6-1,3,R64,,,,,,,,,,,,,,,,,,,
2002-904,Wimbledon,Grass,128,G,,20020624,75,200009,20,,Tamarine Tanasugarn,R,165,THA,25.085,24,1127,200101,,,Jana Kandarr,R,181,GER,25.755,120,278,6-3 6-4,3,R64,,,,,,,,,,,,,,,,,,,
2002-904,Wimbledon,Grass,128,G,,20020624,76,200031,,,Meilen Tu,R,163,USA,24.433,58,589,201327,,,Angelique Widjaja,R,173,INA,17.531,93,389,7-6(2) 7-5,3,R64,,,,,,,,,,,,,,,,,,,
2002-904,Wimbledon,Grass,128,G,,20020624,77,200108,12,,Elena Dementieva,R,180,RUS,20.690,14,1639,200104,,,Emilie Loit,L,167,FRA,23.042,59,579,6-1 7-5,3,R64,,,,,,,,,,,,,,,,,,,
2002-904,Wimbledon,Grass,128,G,,20020624,78,200723,23,,Iva Majoli,R,175,CRO,24.866,26,1099,201329,,,Vera Zvonareva,R,172,RUS,17.794,88,405,7-6(5) 6-2,3,R64,,,,,,,,,,,,,,,,,,,
2002-904,Wimbledon,Grass,128,G,,20020624,79,201335,,Q,Myriam Casanova,R,172,SUI,17.011,180,168,200032,29,,Barbara Schett,R,176,AUT,26.289,33,982,6-3 3-6 6-3,3,R64,,,,,,,,,,,,,,,,,,,
2002-904,Wimbledon,Grass,128,G,,20020624,80,200003,6,,Justine Henin,R,167,BEL,20.063,6,3125,200044,,,Denisa Chladkova,R,174,CZE,23.374,114,319,6-2 7-5,3,R64,,,,,,,,,,,,,,,,,,,
2002-904,Wimbledon,Grass,128,G,,20020624,81,200096,,SR,Mary Pierce,R,178,FRA,27.439,74,517,200016,8,,Sandrine Testud,R,176,FRA,30.224,10,2181,6-3 6-4,3,R64,,,,,,,,,,,,,,,,,,,
2002-904,Wimbledon,Grass,128,G,,20020624,82,201281,,Q,Laura Granville,R,175,USA,21.117,134,246,200123,,,Marlene Weingartner,R,174,GER,22.399,76,506,6-3 6-4,3,R64,,,,,,,,,,,,,,,,,,,
2002-904,Wimbledon,Grass,128,G,,20020624,83,200772,18,,Anastasia Myskina,R,174,RUS,20.961,15,1480,201086,,,Greta Arn,R,180,HUN,23.198,87,409,6-4 6-3,3,R64,,,,,,,,,,,,,,,,,,,
2002-904,Wimbledon,Grass,128,G,,20020624,84,200065,9,,Amelie Mauresmo,R,175,FRA,22.971,11,1827,200010,,,Rita Grande,R,177,ITA,27.256,39,898,6-4 6-2,3,R64,,,,,,,,,,,,,,,,,,,
2002-904,Wimbledon,Grass,128,G,,20020624,85,200089,,,Miriam Oremans,R,169,NED,29.788,129,255,200046,13,,Meghann Shaughnessy,R,180,USA,23.198,16,1405,7-5 6-3,3,R64,,,,,,,,,,,,,,,,,,,
2002-904,Wimbledon,Grass,128,G,,20020624,86,201305,,,Eleni Daniilidou,R,182,GRE,19.762,38,906,201323,,,Saori Obata,L,165,JPN,24.170,116,304,6-2 6-2,3,R64,,,,,,,,,,,,,,,,,,,
2002-904,Wimbledon,Grass,128,G,,20020624,87,201083,26,,Daja Bedanova,R,171,CZE,19.294,21,1227,201209,,,Selima Sfar,R,166,TUN,24.961,135,246,6-3 6-2,3,R64,,,,,,,,,,,,,,,,,,,
2002-904,Wimbledon,Grass,128,G,,20020624,88,200077,3,,Jennifer Capriati,R,170,USA,26.237,3,4131,200777,,,Marta Marrero,R,173,ESP,19.436,72,522,6-2 6-1,3,R64,,,,,,,,,,,,,,,,,,,
2002-904,Wimbledon,Grass,128,G,,20020624,89,200120,7,,Jelena Dokic,R,175,AUS,19.201,7,3086,200117,,,Kveta Peschke,R,165,CZE,26.960,96,371,6-0 4-6 8-6,3,R64,,,,,,,,,,,,,,,,,,,
2002-904,Wimbledon,Grass,128,G,,20020624,90,200109,25,,Nathalie Dechy,R,177,FRA,23.338,28,1046,201284,,,Tatiana Poutchek,R,176,BLR,23.456,63,571,6-3 6-2,3,R64,,,,,,,,,,,,,,,,,,,
2002-904,Wimbledon,Grass,128,G,,20020624,91,201297,,,Maja Matevzic,L,175,SLO,22.029,57,592,200124,22,,Anne Kremer,R,165,LUX,26.686,22,1221,2-6 6-1 6-2,3,R64,,,,,,,,,,,,,,,,,,,
2002-904,Wimbledon,Grass,128,G,,20020624,92,201290,11,,Daniela Hantuchova,R,181,SVK,19.171,12,1688,201292,,,Martina Sucha,R,170,SVK,21.591,43,783,6-2 4-6 6-3,3,R64,,,,,,,,,,,,,,,,,,,
2002-904,Wimbledon,Grass,128,G,,20020624,93,200039,,,Chanda Rubin,R,168,USA,26.347,27,1062,201204,14,,Iroda Tulyaganova,R,170,UZB,20.460,20,1268,6-3 6-1,3,R64,,,,,,,,,,,,,,,,,,,
2002-904,Wimbledon,Grass,128,G,,20020624,94,200063,21,,Tatiana Panova,R,154,RUS,25.862,23,1176,200764,,,Elena Bovina,R,189,RUS,19.291,79,472,6-7(2) 6-3 6-2,3,R64,,,,,,,,,,,,,,,,,,,
2002-904,Wimbledon,Grass,128,G,,20020624,95,200042,,Q,Els Callens,R,178,BEL,31.845,119,289,201302,30,,Clarisa Fernandez,L,179,ARG,20.822,34,965,2-6 6-3 6-4,3,R64,,,,,,,,,,,,,,,,,,,
2002-904,Wimbledon,Grass,128,G,,20020624,96,200033,2,,Serena Williams,R,175,USA,20.742,2,4926,201212,,,Francesca Schiavone,R,166,ITA,22.002,45,767,6-3 6-3,3,R64,,,,,,,,,,,,,,,,,,,
2002-904,Wimbledon,Grass,128,G,,20020624,97,200048,,,Elena Likhovtseva,R,174,RUS,26.793,48,684,201304,,WC,Elena Baltacha,R,175,GBR,18.861,295,69,6-4 7-6(2),3,R32,,,,,,,,,,,,,,,,,,,
2002-904,Wimbledon,Grass,128,G,,20020624,98,200652,4,,Monica Seles,L,178,USA,28.559,4,3744,200085,27,,Ai Sugiyama,R,163,JPN,26.971,30,1026,4-6 6-1 6-4,3,R32,,,,,,,,,,,,,,,,,,,
2002-904,Wimbledon,Grass,128,G,,20020624,99,200009,20,,Tamarine Tanasugarn,R,165,THA,25.085,24,1127,200031,,,Meilen Tu,R,163,USA,24.433,58,589,6-2 3-6 6-0,3,R32,,,,,,,,,,,,,,,,,,,
2002-904,Wimbledon,Grass,128,G,,20020624,100,200108,12,,Elena Dementieva,R,180,RUS,20.690,14,1639,200723,23,,Iva Majoli,R,175,CRO,24.866,26,1099,7-5 6-2,3,R32,,,,,,,,,,,,,,,,,,,
2002-904,Wimbledon,Grass,128,G,,20020624,101,200003,6,,Justine Henin,R,167,BEL,20.063,6,3125,201335,,Q,Myriam Casanova,R,172,SUI,17.011,180,168,6-4 6-4,3,R32,,,,,,,,,,,,,,,,,,,
2002-904,Wimbledon,Grass,128,G,,20020624,102,201281,,Q,Laura Granville,R,175,USA,21.117,134,246,200096,,SR,Mary Pierce,R,178,FRA,27.439,74,517,3-6 6-4 6-1,3,R32,,,,,,,,,,,,,,,,,,,
2002-904,Wimbledon,Grass,128,G,,20020624,103,200065,9,,Amelie Mauresmo,R,175,FRA,22.971,11,1827,200772,18,,Anastasia Myskina,R,174,RUS,20.961,15,1480,6-4 6-2,3,R32,,,,,,,,,,,,,,,,,,,
2002-904,Wimbledon,Grass,128,G,,20020624,104,201305,,,Eleni Daniilidou,R,182,GRE,19.762,38,906,200089,,,Miriam Oremans,R,169,NED,29.788,129,255,7-6(5) 6-4,3,R32,,,,,,,,,,,,,,,,,,,
2002-904,Wimbledon,Grass,128,G,,20020624,105,200077,3,,Jennifer Capriati,R,170,USA,26.237,3,4131,201083,26,,Daja Bedanova,R,171,CZE,19.294,21,1227,6-4 6-2,3,R32,,,,,,,,,,,,,,,,,,,
2002-904,Wimbledon,Grass,128,G,,20020624,106,200120,7,,Jelena Dokic,R,175,AUS,19.201,7,3086,200109,25,,Nathalie Dechy,R,177,FRA,23.338,28,1046,7-5 6-2,3,R32,,,,,,,,,,,,,,,,,,,
2002-904,Wimbledon,Grass,128,G,,20020624,107,201290,11,,Daniela Hantuchova,R,181,SVK,19.171,12,1688,201297,,,Maja Matevzic,L,175,SLO,22.029,57,592,6-4 6-4,3,R32,,,,,,,,,,,,,,,,,,,
2002-904,Wimbledon,Grass,128,G,,20020624,108,200039,,,Chanda Rubin,R,168,USA,26.347,27,1062,200063,21,,Tatiana Panova,R,154,RUS,25.862,23,1176,6-4 6-1,3,R32,,,,,,,,,,,,,,,,,,,
2002-904,Wimbledon,Grass,128,G,,20020624,109,200033,2,,Serena Williams,R,175,USA,20.742,2,4926,200042,,Q,Els Callens,R,178,BEL,31.845,119,289,7-6(5) 7-6(2),3,R32,,,,,,,,,,,,,,,,,,,
2002-904,Wimbledon,Grass,128,G,,20020624,110,200748,1,,Venus Williams,R,185,USA,22.018,1,5205,200028,,,Maureen Drake,R,175,CAN,31.261,110,328,5-7 6-2 6-1,3,R32,,,,,,,,,,,,,,,,,,,
2002-904,Wimbledon,Grass,128,G,,20020624,111,200020,16,,Lisa Raymond,R,165,USA,28.871,35,959,200049,,,Conchita Martinez,R,170,ESP,30.188,66,555,2-6 6-3 6-2,3,R32,,,,,,,,,,,,,,,,,,,
2002-904,Wimbledon,Grass,128,G,,20020624,112,200086,19,,Magdalena Maleeva,R,168,BUL,27.231,19,1271,200700,10,,Silvia Farina Elia,R,172,ITA,30.158,13,1661,7-6(2) 6-4,3,R32,,,,,,,,,,,,,,,,,,,
2002-904,Wimbledon,Grass,128,G,,20020624,113,200748,1,,Venus Williams,R,185,USA,22.018,1,5205,200020,16,,Lisa Raymond,R,165,USA,28.871,35,959,6-1 6-2,3,R16,,,,,,,,,,,,,,,,,,,
2002-904,Wimbledon,Grass,128,G,,20020624,114,200048,,,Elena Likhovtseva,R,174,RUS,26.793,48,684,200086,19,,Magdalena Maleeva,R,168,BUL,27.231,19,1271,6-3 6-4,3,R16,,,,,,,,,,,,,,,,,,,
2002-904,Wimbledon,Grass,128,G,,20020624,115,200652,4,,Monica Seles,L,178,USA,28.559,4,3744,200009,20,,Tamarine Tanasugarn,R,165,THA,25.085,24,1127,6-2 6-2,3,R16,,,,,,,,,,,,,,,,,,,
2002-904,Wimbledon,Grass,128,G,,20020624,116,200003,6,,Justine Henin,R,167,BEL,20.063,6,3125,200108,12,,Elena Dementieva,R,180,RUS,20.690,14,1639,7-6(4) 7-6(5),3,R16,,,,,,,,,,,,,,,,,,,
2002-904,Wimbledon,Grass,128,G,,20020624,117,200065,9,,Amelie Mauresmo,R,175,FRA,22.971,11,1827,201281,,Q,Laura Granville,R,175,USA,21.117,134,246,6-2 6-2,3,R16,,,,,,,,,,,,,,,,,,,
2002-904,Wimbledon,Grass,128,G,,20020624,118,200077,3,,Jennifer Capriati,R,170,USA,26.237,3,4131,201305,,,Eleni Daniilidou,R,182,GRE,19.762,38,906,6-1 3-6 6-1,3,R16,,,,,,,,,,,,,,,,,,,
2002-904,Wimbledon,Grass,128,G,,20020624,119,201290,11,,Daniela Hantuchova,R,181,SVK,19.171,12,1688,200120,7,,Jelena Dokic,R,175,AUS,19.201,7,3086,6-4 7-5,3,R16,,,,,,,,,,,,,,,,,,,
2002-904,Wimbledon,Grass,128,G,,20020624,120,200033,2,,Serena Williams,R,175,USA,20.742,2,4926,200039,,,Chanda Rubin,R,168,USA,26.347,27,1062,6-3 6-3,3,R16,,,,,,,,,,,,,,,,,,,
2002-904,Wimbledon,Grass,128,G,,20020624,121,200748,1,,Venus Williams,R,185,USA,22.018,1,5205,200048,,,Elena Likhovtseva,R,174,RUS,26.793,48,684,6-2 6-0,3,QF,,,,,,,,,,,,,,,,,,,
2002-904,Wimbledon,Grass,128,G,,20020624,122,200003,6,,Justine Henin,R,167,BEL,20.063,6,3125,200652,4,,Monica Seles,L,178,USA,28.559,4,3744,7-5 7-6(4),3,QF,,,,,,,,,,,,,,,,,,,
2002-904,Wimbledon,Grass,128,G,,20020624,123,200065,9,,Amelie Mauresmo,R,175,FRA,22.971,11,1827,200077,3,,Jennifer Capriati,R,170,USA,26.237,3,4131,6-3 6-2,3,QF,,,,,,,,,,,,,,,,,,,
2002-904,Wimbledon,Grass,128,G,,20020624,124,200033,2,,Serena Williams,R,175,USA,20.742,2,4926,201290,11,,Daniela Hantuchova,R,181,SVK,19.171,12,1688,6-3 6-2,3,QF,,,,,,,,,,,,,,,,,,,
2002-904,Wimbledon,Grass,128,G,,20020624,125,200748,1,,Venus Williams,R,185,USA,22.018,1,5205,200003,6,,Justine Henin,R,167,BEL,20.063,6,3125,6-3 6-2,3,SF,,,,,,,,,,,,,,,,,,,
2002-904,Wimbledon,Grass,128,G,,20020624,126,200033,2,,Serena Williams,R,175,USA,20.742,2,4926,200065,9,,Amelie Mauresmo,R,175,FRA,22.971,11,1827,6-2 6-1,3,SF,,,,,,,,,,,,,,,,,,,
2002-904,Wimbledon,Grass,128,G,,20020624,127,200033,2,,Serena Williams,R,175,USA,20.742,2,4926,200748,1,,Venus Williams,R,185,USA,22.018,1,5205,7-6(4) 6-3,3,F,,,,,,,,,,,,,,,,,,,
2002-1016,Brussels,Clay,32,T4,,20020708,28,200017,1,,Arantxa Sanchez Vicario,R,168,ESP,30.555,32,981,200044,,,Denisa Chladkova,R,174,CZE,23.412,99,365,6-3 3-6 6-0,3,R32,,,,,,,,,,,,,,,,,,,
2002-1016,Brussels,Clay,32,T4,,20020708,29,200042,,,Els Callens,R,178,BEL,31.883,87,427,200777,,,Marta Marrero,R,173,ESP,19.475,66,528,6-1 6-2,3,R32,,,,,,,,,,,,,,,,,,,
2002-1016,Brussels,Clay,32,T4,,20020708,30,200090,,,Anca Barna,L,175,GER,25.150,80,453,201387,,Q,Sofia Arvidsson,R,176,SWE,18.391,228,113,6-2 2-6 7-6(7),3,R32,,,,,,,,,,,,,,,,,,,
2002-1016,Brussels,Clay,32,T4,,20020708,31,201335,,WC,Myriam Casanova,R,172,SUI,17.049,119,303,200066,3,,Cristina Torrens Valero,R,171,ESP,27.820,41,817,7-6(5) 6-2,3,R32,,,,,,,,,,,,,,,,,,,
2002-1016,Brussels,Clay,32,T4,,20020708,32,200118,6,,Virginia Ruano Pascual,R,169,ESP,28.795,85,432,201823,,,Daphne Van De Zande,R,,BEL,27.965,,,5-7 7-5 6-2,3,R32,,,,,,,,,,,,,,,,,,,
2002-1016,Brussels,Clay,32,T4,,20020708,33,200007,,,Silvija Talaja,R,173,CRO,24.480,79,454,201317,,,Aniko Kapros,R,173,HUN,18.656,115,316,7-5 6-1,3,R32,,,,,,,,,,,,,,,,,,,
2002-1016,Brussels,Clay,32,T4,,20020708,34,201354,,,Libuse Prusova,R,176,CZE,22.987,158,211,201284,,,Tatiana Poutchek,R,176,BLR,23.494,57,609,6-3 6-1,3,R32,,,,,,,,,,,,,,,,,,,
2002-1016,Brussels,Clay,32,T4,,20020708,35,200032,2,,Barbara Schett,R,176,AUT,26.328,33,962,202152,,Q,Jana Hlavackova,,,CZE,21.128,298,70,6-3 6-4,3,R32,,,,,,,,,,,,,,,,,,,
2002-1016,Brussels,Clay,32,T4,,20020708,36,200061,,,Gala Leon Garcia,L,163,ESP,28.540,61,576,200094,,,Barbara Rittner,R,173,GER,29.203,78,457,6-2 2-6 6-4,3,R32,,,,,,,,,,,,,,,,,,,
2002-1016,Brussels,Clay,32,T4,,20020708,37,200082,,,Kristie Boogert,R,178,NED,28.559,168,198,201860,,Q,Mariam Ramon Climent,,,ESP,25.865,346,51,7-5 6-3,3,R32,,,,,,,,,,,,,,,,,,,
2002-1016,Brussels,Clay,32,T4,,20020708,38,200027,5,,Magui Serna,L,167,ESP,23.354,55,623,200060,,,Tathiana Garbin,R,172,ITA,25.022,81,451,6-4 3-6 6-4,3,R32,,,,,,,,,,,,,,,,,,,
2002-1016,Brussels,Clay,32,T4,,20020708,39,200078,,,Barbara Schwartz,L,181,AUT,23.445,77,461,201292,4,,Martina Sucha,R,170,SVK,21.629,43,791,6-4 0-6 6-4,3,R32,,,,,,,,,,,,,,,,,,,
2002-1016,Brussels,Clay,32,T4,,20020708,40,201322,,,Eva Dyrberg,R,175,DEN,22.388,82,449,201434,,Q,Sabine Klaschka,R,,GER,21.914,225,116,6-2 6-2,3,R32,,,,,,,,,,,,,,,,,,,
2002-1016,Brussels,Clay,32,T4,,20020708,41,201343,,,Maret Ani,R,176,EST,20.433,185,163,200043,,,Virginie Razzano,R,173,FRA,19.157,95,379,7-5 6-7(5) 6-2,3,R32,,,,,,,,,,,,,,,,,,,
2002-1016,Brussels,Clay,32,T4,,20020708,42,200104,8,,Emilie Loit,L,167,FRA,23.081,59,589,201466,,,Kaia Kanepi,R,181,EST,17.076,188,160,6-3 6-0,3,R32,,,,,,,,,,,,,,,,,,,
2002-1016,Brussels,Clay,32,T4,,20020708,43,201310,7,,Martina Muller,R,165,GER,19.740,58,597,202288,,WC,Elke Clijsters,R,174,BEL,17.468,,,6-4 6-2,3,R32,,,,,,,,,,,,,,,,,,,
2002-1016,Brussels,Clay,32,T4,,20020708,44,200017,1,,Arantxa Sanchez Vicario,R,168,ESP,30.555,32,981,200061,,,Gala Leon Garcia,L,163,ESP,28.540,61,576,6-2 6-3,3,R16,,,,,,,,,,,,,,,,,,,
2002-1016,Brussels,Clay,32,T4,,20020708,45,200027,5,,Magui Serna,L,167,ESP,23.354,55,623,200082,,,Kristie Boogert,R,178,NED,28.559,168,198,6-3 6-3,3,R16,,,,,,,,,,,,,,,,,,,
2002-1016,Brussels,Clay,32,T4,,20020708,46,200078,,,Barbara Schwartz,L,181,AUT,23.445,77,461,201322,,,Eva Dyrberg,R,175,DEN,22.388,82,449,7-5 6-4,3,R16,,,,,,,,,,,,,,,,,,,
2002-1016,Brussels,Clay,32,T4,,20020708,47,200104,8,,Emilie Loit,L,167,FRA,23.081,59,589,201343,,,Maret Ani,R,176,EST,20.433,185,163,6-3 6-2,3,R16,,,,,,,,,,,,,,,,,,,
2002-1016,Brussels,Clay,32,T4,,20020708,48,201310,7,,Martina Muller,R,165,GER,19.740,58,597,200042,,,Els Callens,R,178,BEL,31.883,87,427,6-4 3-6 6-2,3,R16,,,,,,,,,,,,,,,,,,,
2002-1016,Brussels,Clay,32,T4,,20020708,49,201335,,WC,Myriam Casanova,R,172,SUI,17.049,119,303,200090,,,Anca Barna,L,175,GER,25.150,80,453,6-4 6-4,3,R16,,,,,,,,,,,,,,,,,,,
2002-1016,Brussels,Clay,32,T4,,20020708,50,200118,6,,Virginia Ruano Pascual,R,169,ESP,28.795,85,432,200007,,,Silvija Talaja,R,173,CRO,24.480,79,454,6-2 6-1,3,R16,,,,,,,,,,,,,,,,,,,
2002-1016,Brussels,Clay,32,T4,,20020708,51,200032,2,,Barbara Schett,R,176,AUT,26.328,33,962,201354,,,Libuse Prusova,R,176,CZE,22.987,158,211,6-4 6-0,3,R16,,,,,,,,,,,,,,,,,,,
2002-1016,Brussels,Clay,32,T4,,20020708,52,200017,1,,Arantxa Sanchez Vicario,R,168,ESP,30.555,32,981,200027,5,,Magui Serna,L,167,ESP,23.354,55,623,3-6 6-2 6-2,3,QF,,,,,,,,,,,,,,,,,,,
2002-1016,Brussels,Clay,32,T4,,20020708,53,200104,8,,Emilie Loit,L,167,FRA,23.081,59,589,200078,,,Barbara Schwartz,L,181,AUT,23.445,77,461,4-6 7-5 6-3,3,QF,,,,,,,,,,,,,,,,,,,
2002-1016,Brussels,Clay,32,T4,,20020708,54,201335,,WC,Myriam Casanova,R,172,SUI,17.049,119,303,201310,7,,Martina Muller,R,165,GER,19.740,58,597,6-4 7-5,3,QF,,,,,,,,,,,,,,,,,,,
2002-1016,Brussels,Clay,32,T4,,20020708,55,200118,6,,Virginia Ruano Pascual,R,169,ESP,28.795,85,432,200032,2,,Barbara Schett,R,176,AUT,26.328,33,962,6-4 3-6 6-1,3,QF,,,,,,,,,,,,,,,,,,,
2002-1016,Brussels,Clay,32,T4,,20020708,56,200017,1,,Arantxa Sanchez Vicario,R,168,ESP,30.555,32,981,200104,8,,Emilie Loit,L,167,FRA,23.081,59,589,6-4 RET,3,SF,,,,,,,,,,,,,,,,,,,
2002-1016,Brussels,Clay,32,T4,,20020708,57,201335,,WC,Myriam Casanova,R,172,SUI,17.049,119,303,200118,6,,Virginia Ruano Pascual,R,169,ESP,28.795,85,432,6-2 3-6 6-2,3,SF,,,,,,,,,,,,,,,,,,,
2002-1016,Brussels,Clay,32,T4,,20020708,58,201335,,WC,Myriam Casanova,R,172,SUI,17.049,119,303,200017,1,,Arantxa Sanchez Vicario,R,168,ESP,30.555,32,981,4-6 6-2 6-1,3,F,,,,,,,,,,,,,,,,,,,
2002-466,Palermo,Clay,32,T5,,20020708,1,200107,1,,Paola Suarez,R,170,ARG,26.040,30,1011,201288,,,Maja Palaversic,R,175,CRO,29.290,149,219,6-2 6-2,3,R32,,,,,,,,,,,,,,,,,,,
2002-466,Palermo,Clay,32,T5,,20020708,2,201309,,,Tatiana Perebiynis,R,173,UKR,19.562,121,294,201289,,Q,Christina Wheeler,R,161,AUS,20.230,177,177,6-4 6-3,3,R32,,,,,,,,,,,,,,,,,,,
2002-466,Palermo,Clay,32,T5,,20020708,3,200053,,,Lubomira Bacheva,R,,BUL,27.338,125,284,200720,,,Dally Randriantefy,R,165,MAD,25.369,142,235,6-1 6-1,3,R32,,,,,,,,,,,,,,,,,,,
2002-466,Palermo,Clay,32,T5,,20020708,4,200084,3,,Asa Carlsson,R,178,SWE,27.061,54,628,200050,,,Sandra Kleinova,R,177,CZE,24.168,128,275,6-4 6-3,3,R32,,,,,,,,,,,,,,,,,,,
2002-466,Palermo,Clay,32,T5,,20020708,5,201333,7,,Angelika Roesch,R,172,GER,25.082,101,358,201464,,WC,Nathalie Vierin,,,ITA,19.729,178,173,6-2 6-4,3,R32,,,,,,,,,,,,,,,,,,,
2002-466,Palermo,Clay,32,T5,,20020708,6,201084,,Q,Nadejda Ostrovskaya,R,177,BLR,21.690,224,117,201330,,,Maria Goloviznina,R,176,RUS,23.092,161,206,4-6 6-2 6-2,3,R32,,,,,,,,,,,,,,,,,,,
2002-466,Palermo,Clay,32,T5,,20020708,7,201078,,,Eugenia Kulikovskaya,L,163,RUS,23.546,102,351,202085,,,Galina Fokina,L,165,RUS,18.473,189,159,6-4 6-3,3,R32,,,,,,,,,,,,,,,,,,,
2002-466,Palermo,Clay,32,T5,,20020708,8,200098,2,,Henrieta Nagyova,R,177,SVK,23.562,53,637,200732,,,Magdalena Grzybowska,R,184,POL,23.625,,,6-2 6-3,3,R32,,,,,,,,,,,,,,,,,,,
2002-466,Palermo,Clay,32,T5,,20020708,9,201334,,,Zuzana Ondraskova,R,174,CZE,22.180,131,268,201321,,,Antonella Serra Zanetti,R,168,ITA,21.953,120,299,6-1 6-0,3,R32,,,,,,,,,,,,,,,,,,,
2002-466,Palermo,Clay,32,T5,,20020708,10,200678,,WC,Gloria Pizzichini,R,163,ITA,26.957,212,132,200035,,,Maria Sanchez Lorenzo,R,171,ESP,24.666,132,267,6-3 6-4,3,R32,,,,,,,,,,,,,,,,,,,
2002-466,Palermo,Clay,32,T5,,20020708,11,201299,8,,Celine Beigbeder,,,FRA,27.365,122,289,201355,,,Flavia Pennetta,R,172,ITA,20.365,136,247,6-3 6-4,3,R32,,,,,,,,,,,,,,,,,,,
2002-466,Palermo,Clay,32,T5,,20020708,12,200101,,,Jana Kandarr,R,181,GER,25.794,127,276,201086,4,,Greta Arn,R,180,HUN,23.237,83,447,6-2 6-3,3,R32,,,,,,,,,,,,,,,,,,,
2002-466,Palermo,Clay,32,T5,,20020708,13,201856,,Q,Ekaterina Sysoeva,R,183,RUS,21.096,206,138,201377,,Q,Yuliya Beygelzimer,R,174,UKR,18.716,205,138,3-6 6-2 6-3,3,R32,,,,,,,,,,,,,,,,,,,
2002-466,Palermo,Clay,32,T5,,20020708,14,201296,,,Bianka Lamade,R,184,GER,19.855,164,202,200087,,,Seda Noorlander,R,166,NED,28.129,145,230,6-4 6-2,3,R32,,,,,,,,,,,,,,,,,,,
2002-466,Palermo,Clay,32,T5,,20020708,15,201329,5,,Vera Zvonareva,R,172,RUS,17.832,84,441,201331,,,Iveta Benesova,L,170,CZE,19.431,113,325,6-2 7-6(5),3,R32,,,,,,,,,,,,,,,,,,,
2002-466,Palermo,Clay,32,T5,,20020708,16,200055,6,,Mariana Diaz Oliva,R,172,ARG,26.325,103,348,201314,,,Nina Duebbers,,,GER,22.037,169,194,6-3 7-5,3,R32,,,,,,,,,,,,,,,,,,,
2002-466,Palermo,Clay,32,T5,,20020708,17,200107,1,,Paola Suarez,R,170,ARG,26.040,30,1011,201334,,,Zuzana Ondraskova,R,174,CZE,22.180,131,268,6-2 4-6 6-2,3,R16,,,,,,,,,,,,,,,,,,,
2002-466,Palermo,Clay,32,T5,,20020708,18,201299,8,,Celine Beigbeder,,,FRA,27.365,122,289,200678,,WC,Gloria Pizzichini,R,163,ITA,26.957,212,132,6-3 6-3,3,R16,,,,,,,,,,,,,,,,,,,
2002-466,Palermo,Clay,32,T5,,20020708,19,201856,,Q,Ekaterina Sysoeva,R,183,RUS,21.096,206,138,200101,,,Jana Kandarr,R,181,GER,25.794,127,276,6-4 7-6(5),3,R16,,,,,,,,,,,,,,,,,,,
2002-466,Palermo,Clay,32,T5,,20020708,20,201329,5,,Vera Zvonareva,R,172,RUS,17.832,84,441,201296,,,Bianka Lamade,R,184,GER,19.855,164,202,7-6(2) 6-0,3,R16,,,,,,,,,,,,,,,,,,,
2002-466,Palermo,Clay,32,T5,,20020708,21,200055,6,,Mariana Diaz Oliva,R,172,ARG,26.325,103,348,201309,,,Tatiana Perebiynis,R,173,UKR,19.562,121,294,6-2 6-4,3,R16,,,,,,,,,,,,,,,,,,,
2002-466,Palermo,Clay,32,T5,,20020708,22,200053,,,Lubomira Bacheva,R,,BUL,27.338,125,284,200084,3,,Asa Carlsson,R,178,SWE,27.061,54,628,6-3 6-3,3,R16,,,,,,,,,,,,,,,,,,,
2002-466,Palermo,Clay,32,T5,,20020708,23,201084,,Q,Nadejda Ostrovskaya,R,177,BLR,21.690,224,117,201333,7,,Angelika Roesch,R,172,GER,25.082,101,358,3-6 6-4 6-4,3,R16,,,,,,,,,,,,,,,,,,,
2002-466,Palermo,Clay,32,T5,,20020708,24,200098,2,,Henrieta Nagyova,R,177,SVK,23.562,53,637,201078,,,Eugenia Kulikovskaya,L,163,RUS,23.546,102,351,7-5 6-3,3,R16,,,,,,,,,,,,,,,,,,,
2002-466,Palermo,Clay,32,T5,,20020708,25,200107,1,,Paola Suarez,R,170,ARG,26.040,30,1011,201299,8,,Celine Beigbeder,,,FRA,27.365,122,289,2-6 6-1 6-3,3,QF,,,,,,,,,,,,,,,,,,,
2002-466,Palermo,Clay,32,T5,,20020708,26,201329,5,,Vera Zvonareva,R,172,RUS,17.832,84,441,201856,,Q,Ekaterina Sysoeva,R,183,RUS,21.096,206,138,6-0 6-4,3,QF,,,,,,,,,,,,,,,,,,,
2002-466,Palermo,Clay,32,T5,,20020708,27,200055,6,,Mariana Diaz Oliva,R,172,ARG,26.325,103,348,200053,,,Lubomira Bacheva,R,,BUL,27.338,125,284,6-4 6-1,3,QF,,,,,,,,,,,,,,,,,,,
2002-466,Palermo,Clay,32,T5,,20020708,28,200098,2,,Henrieta Nagyova,R,177,SVK,23.562,53,637,201084,,Q,Nadejda Ostrovskaya,R,177,BLR,21.690,224,117,6-4 6-2,3,QF,,,,,,,,,,,,,,,,,,,
2002-466,Palermo,Clay,32,T5,,20020708,29,201329,5,,Vera Zvonareva,R,172,RUS,17.832,84,441,200107,1,,Paola Suarez,R,170,ARG,26.040,30,1011,7-5 RET,3,SF,,,,,,,,,,,,,,,,,,,
2002-466,Palermo,Clay,32,T5,,20020708,30,200055,6,,Mariana Diaz Oliva,R,172,ARG,26.325,103,348,200098,2,,Henrieta Nagyova,R,177,SVK,23.562,53,637,6-2 6-3,3,SF,,,,,,,,,,,,,,,,,,,
2002-466,Palermo,Clay,32,T5,,20020708,31,200055,6,,Mariana Diaz Oliva,R,172,ARG,26.325,103,348,201329,5,,Vera Zvonareva,R,172,RUS,17.832,84,441,6-7(6) 6-1 6-3,3,F,,,,,,,,,,,,,,,,,,,
2002-1005,Casablanca,Clay,32,T5,,20020708,1,201370,,,Anastasia Rodionova,R,167,AUS,20.156,171,187,200123,1,,Marlene Weingartner,R,174,GER,22.437,68,508,6-1 6-0,3,R32,,,,,,,,,,,,,,,,,,,
2002-1005,Casablanca,Clay,32,T5,,20020708,2,201365,,Q,Edina Gallovits Hall,R,165,ROU,17.575,264,88,201346,,,Lubomira Kurhajcova,R,180,SVK,18.741,157,211,6-1 7-6(5),3,R32,,,,,,,,,,,,,,,,,,,
2002-1005,Casablanca,Clay,32,T5,,20020708,3,201383,,,Marie Eve Pelletier,R,172,CAN,20.140,150,214,202298,,WC,Feriel Esseghir,R,,ALG,18.692,436,32,7-6(3) 6-4,3,R32,,,,,,,,,,,,,,,,,,,
2002-1005,Casablanca,Clay,32,T5,,20020708,4,200015,3,,Petra Mandula,R,178,HUN,24.471,98,372,201203,,,Alena Vaskova,R,175,CZE,26.664,141,237,1-6 6-4 6-4,3,R32,,,,,,,,,,,,,,,,,,,
2002-1005,Casablanca,Clay,32,T5,,20020708,5,201298,7,,Zsofia Gubacsi,R,173,HUN,21.254,109,335,202299,,Q,Maria Wolfbrandt,R,,SWE,23.308,247,99,6-1 6-3,3,R32,,,,,,,,,,,,,,,,,,,
2002-1005,Casablanca,Clay,32,T5,,20020708,6,200071,,,Lenka Nemeckova,R,170,CZE,26.215,187,160,201352,,,Akiko Morigami,R,165,JPN,22.486,166,200,6-4 6-0,3,R32,,,,,,,,,,,,,,,,,,,
2002-1005,Casablanca,Clay,32,T5,,20020708,7,200753,,,Cindy Watson,R,,AUS,24.291,143,232,202300,,WC,Meryem El Haddad,,,MAR,21.884,,,6-3 6-0,3,R32,,,,,,,,,,,,,,,,,,,
2002-1005,Casablanca,Clay,32,T5,,20020708,8,201363,,,Gisela Dulko,R,170,ARG,17.435,154,213,200106,2,,Angeles Montolio,R,157,ESP,26.922,90,420,6-2 2-6 6-1,3,R32,,,,,,,,,,,,,,,,,,,
2002-1005,Casablanca,Clay,32,T5,,20020708,9,201308,,,Maria Elena Camerin,R,164,ITA,20.299,151,214,201326,,,Bahia Mouhtassine,R,,MAR,22.875,148,223,4-6 6-1 6-3,3,R32,,,,,,,,,,,,,,,,,,,
2002-1005,Casablanca,Clay,32,T5,,20020708,10,200062,,,Kristina Brandi,R,168,PUR,25.276,182,167,202259,,,Valentina Sassi,R,,ITA,21.988,180,169,6-3 6-2,3,R32,,,,,,,,,,,,,,,,,,,
2002-1005,Casablanca,Clay,32,T5,,20020708,11,200114,6,,Patricia Wartusch,R,175,AUT,23.924,100,362,200765,,,Katalin Marosi,R,178,HUN,22.653,167,200,6-3 7-6(6),3,R32,,,,,,,,,,,,,,,,,,,
2002-1005,Casablanca,Clay,32,T5,,20020708,12,200025,4,,Ludmila Cervanova,R,171,SVK,22.730,97,372,201339,,,Renata Voracova,R,,CZE,18.755,173,186,6-4 6-3,3,R32,,,,,,,,,,,,,,,,,,,
2002-1005,Casablanca,Clay,32,T5,,20020708,13,201938,,,Ainhoa Goni Blanco,R,,ESP,22.919,152,214,201311,,,Roberta Vinci,R,163,ITA,19.384,123,286,7-6(5) 6-4,3,R32,,,,,,,,,,,,,,,,,,,
2002-1005,Casablanca,Clay,32,T5,,20020708,14,201320,,,Svetlana Kuznetsova,R,174,RUS,17.030,147,226,202297,,Q,Maria Kondratieva,R,,RUS,20.471,251,98,7-6(5) 6-3,3,R32,,,,,,,,,,,,,,,,,,,
2002-1005,Casablanca,Clay,32,T5,,20020708,15,200751,5,,Conchita Martinez Granados,R,,ESP,26.465,96,372,201439,,Q,Tiffany Dabek,R,,USA,22.317,238,104,6-3 6-0,3,R32,,,,,,,,,,,,,,,,,,,
2002-1005,Casablanca,Clay,32,T5,,20020708,16,201344,,,Klara Koukalova,R,166,CZE,20.367,163,203,201319,8,,Evelyn Fauth,R,168,AUT,25.610,130,269,6-3 6-4,3,R32,,,,,,,,,,,,,,,,,,,
2002-1005,Casablanca,Clay,32,T5,,20020708,17,201308,,,Maria Elena Camerin,R,164,ITA,20.299,151,214,201370,,,Anastasia Rodionova,R,167,AUS,20.156,171,187,6-1 5-2 RET,3,R16,,,,,,,,,,,,,,,,,,,
2002-1005,Casablanca,Clay,32,T5,,20020708,18,200114,6,,Patricia Wartusch,R,175,AUT,23.924,100,362,200062,,,Kristina Brandi,R,168,PUR,25.276,182,167,7-6(2) 2-6 6-2,3,R16,,,,,,,,,,,,,,,,,,,
2002-1005,Casablanca,Clay,32,T5,,20020708,19,200025,4,,Ludmila Cervanova,R,171,SVK,22.730,97,372,201938,,,Ainhoa Goni Blanco,R,,ESP,22.919,152,214,6-1 6-2,3,R16,,,,,,,,,,,,,,,,,,,
2002-1005,Casablanca,Clay,32,T5,,20020708,20,201320,,,Svetlana Kuznetsova,R,174,RUS,17.030,147,226,200751,5,,Conchita Martinez Granados,R,,ESP,26.465,96,372,6-2 6-0,3,R16,,,,,,,,,,,,,,,,,,,
2002-1005,Casablanca,Clay,32,T5,,20020708,21,201344,,,Klara Koukalova,R,166,CZE,20.367,163,203,201365,,Q,Edina Gallovits Hall,R,165,ROU,17.575,264,88,6-2 1-6 7-5,3,R16,,,,,,,,,,,,,,,,,,,
2002-1005,Casablanca,Clay,32,T5,,20020708,22,200015,3,,Petra Mandula,R,178,HUN,24.471,98,372,201383,,,Marie Eve Pelletier,R,172,CAN,20.140,150,214,7-6(3) 6-2,3,R16,,,,,,,,,,,,,,,,,,,
2002-1005,Casablanca,Clay,32,T5,,20020708,23,201298,7,,Zsofia Gubacsi,R,173,HUN,21.254,109,335,200071,,,Lenka Nemeckova,R,170,CZE,26.215,187,160,6-2 6-3,3,R16,,,,,,,,,,,,,,,,,,,
2002-1005,Casablanca,Clay,32,T5,,20020708,24,201363,,,Gisela Dulko,R,170,ARG,17.435,154,213,200753,,,Cindy Watson,R,,AUS,24.291,143,232,6-3 6-2,3,R16,,,,,,,,,,,,,,,,,,,
2002-1005,Casablanca,Clay,32,T5,,20020708,25,200114,6,,Patricia Wartusch,R,175,AUT,23.924,100,362,201308,,,Maria Elena Camerin,R,164,ITA,20.299,151,214,0-6 6-4 6-4,3,QF,,,,,,,,,,,,,,,,,,,
2002-1005,Casablanca,Clay,32,T5,,20020708,26,201320,,,Svetlana Kuznetsova,R,174,RUS,17.030,147,226,200025,4,,Ludmila Cervanova,R,171,SVK,22.730,97,372,6-2 3-0 RET,3,QF,,,,,,,,,,,,,,,,,,,
2002-1005,Casablanca,Clay,32,T5,,20020708,27,201344,,,Klara Koukalova,R,166,CZE,20.367,163,203,200015,3,,Petra Mandula,R,178,HUN,24.471,98,372,6-2 6-2,3,QF,,,,,,,,,,,,,,,,,,,
2002-1005,Casablanca,Clay,32,T5,,20020708,28,201363,,,Gisela Dulko,R,170,ARG,17.435,154,213,201298,7,,Zsofia Gubacsi,R,173,HUN,21.254,109,335,5-7 6-2 6-1,3,QF,,,,,,,,,,,,,,,,,,,
2002-1005,Casablanca,Clay,32,T5,,20020708,29,200114,6,,Patricia Wartusch,R,175,AUT,23.924,100,362,201320,,,Svetlana Kuznetsova,R,174,RUS,17.030,147,226,5-7 7-5 6-1,3,SF,,,,,,,,,,,,,,,,,,,
2002-1005,Casablanca,Clay,32,T5,,20020708,30,201344,,,Klara Koukalova,R,166,CZE,20.367,163,203,201363,,,Gisela Dulko,R,170,ARG,17.435,154,213,1-6 7-5 6-4,3,SF,,,,,,,,,,,,,,,,,,,
2002-1005,Casablanca,Clay,32,T5,,20020708,31,200114,6,,Patricia Wartusch,R,175,AUT,23.924,100,362,201344,,,Klara Koukalova,R,166,CZE,20.367,163,203,5-7 6-3 6-3,3,F,,,,,,,,,,,,,,,,,,,
2002-D114,Fed Cup WG QF: AUT vs CRO,Clay,4,D,,20020720,1,200078,,,Barbara Schwartz,L,181,AUT,23.478,69,498,200723,,,Iva Majoli,R,175,CRO,24.937,23,1181,6-2 6-3,3,RR,,,,,,,,,,,,,,,,,,,
2002-D114,Fed Cup WG QF: AUT vs CRO,Clay,4,D,,20020720,2,200032,,,Barbara Schett,R,176,AUT,26.361,34,947,200056,,,Jelena Kostanic Tosic,L,168,CRO,21.038,88,423,6-2 6-1,3,RR,,,,,,,,,,,,,,,,,,,
2002-D114,Fed Cup WG QF: AUT vs CRO,Clay,4,D,,20020720,3,200723,,,Iva Majoli,R,175,CRO,24.937,23,1181,200032,,,Barbara Schett,R,176,AUT,26.361,34,947,6-4 6-3,3,RR,,,,,,,,,,,,,,,,,,,
2002-D114,Fed Cup WG QF: AUT vs CRO,Clay,4,D,,20020720,4,200078,,,Barbara Schwartz,L,181,AUT,23.478,69,498,200056,,,Jelena Kostanic Tosic,L,168,CRO,21.038,88,423,4-6 6-3 8-6,3,RR,,,,,,,,,,,,,,,,,,,
2002-D115,Fed Cup WG QF: ESP vs GER,Clay,4,D,,20020720,1,200017,,,Arantxa Sanchez Vicario,R,168,ESP,30.588,26,1075,200094,,,Barbara Rittner,R,173,GER,29.235,80,457,4-6 7-6(4) 6-3,3,RR,,,,,,,,,,,,,,,,,,,
2002-D115,Fed Cup WG QF: ESP vs GER,Clay,4,D,,20020720,2,200777,,,Marta Marrero,R,173,ESP,19.508,77,465,201310,,,Martina Muller,R,165,GER,19.773,57,610,6-1 6-1,3,RR,,,,,,,,,,,,,,,,,,,
2002-D115,Fed Cup WG QF: ESP vs GER,Clay,4,D,,20020720,3,200017,,,Arantxa Sanchez Vicario,R,168,ESP,30.588,26,1075,201310,,,Martina Muller,R,165,GER,19.773,57,610,3-6 6-2 6-3,3,RR,,,,,,,,,,,,,,,,,,,
2002-D115,Fed Cup WG QF: ESP vs GER,Clay,4,D,,20020720,4,200777,,,Marta Marrero,R,173,ESP,19.508,77,465,200090,,,Anca Barna,L,175,GER,25.183,78,465,7-6(2) 2-6 6-2,3,RR,,,,,,,,,,,,,,,,,,,
2002-D116,Fed Cup WG QF: SVK vs FRA,Carpet,4,D,,20020720,1,201290,,,Daniela Hantuchova,R,181,SVK,19.242,12,1950,200109,,,Nathalie Dechy,R,177,FRA,23.409,25,1096,7-5 7-5,3,RR,,,,,,,,,,,,,,,,,,,
2002-D116,Fed Cup WG QF: SVK vs FRA,Carpet,4,D,,20020720,2,200065,,,Amelie Mauresmo,R,175,FRA,23.042,10,2285,200697,,,Janette Husarova,R,169,SVK,28.127,41,807,6-2 4-6 6-2,3,RR,,,,,,,,,,,,,,,,,,,
2002-D116,Fed Cup WG QF: SVK vs FRA,Carpet,4,D,,20020720,3,201290,,,Daniela Hantuchova,R,181,SVK,19.242,12,1950,200065,,,Amelie Mauresmo,R,175,FRA,23.042,10,2285,2-6 6-4 6-3,3,RR,,,,,,,,,,,,,,,,,,,
2002-D116,Fed Cup WG QF: SVK vs FRA,Carpet,4,D,,20020720,4,201292,,,Martina Sucha,R,170,SVK,21.662,42,791,200109,,,Nathalie Dechy,R,177,FRA,23.409,25,1096,7-6(3) 6-1,3,RR,,,,,,,,,,,,,,,,,,,
2002-D117,Fed Cup WG QF: ITA vs BEL,Clay,4,D,,20020720,1,200042,,,Els Callens,R,178,BEL,31.916,84,446,200010,,,Rita Grande,R,177,ITA,27.327,37,922,6-2 6-1,3,RR,,,,,,,,,,,,,,,,,,,
2002-D117,Fed Cup WG QF: ITA vs BEL,Clay,4,D,,20020720,2,200700,,,Silvia Farina Elia,R,172,ITA,30.229,14,1685,202340,,,Caroline Maes,R,167,BEL,19.694,278,78,6-2 6-1,3,RR,,,,,,,,,,,,,,,,,,,
2002-D117,Fed Cup WG QF: ITA vs BEL,Clay,4,D,,20020720,3,200700,,,Silvia Farina Elia,R,172,ITA,30.229,14,1685,200042,,,Els Callens,R,178,BEL,31.916,84,446,6-2 7-6(4),3,RR,,,,,,,,,,,,,,,,,,,
2002-D117,Fed Cup WG QF: ITA vs BEL,Clay,4,D,,20020720,4,200010,,,Rita Grande,R,177,ITA,27.327,37,922,202340,,,Caroline Maes,R,167,BEL,19.694,278,78,6-4 7-6(5),3,RR,,,,,,,,,,,,,,,,,,,
2002-D154,Fed Cup WG PO: AUS vs NED,Hard,4,D,,20020720,1,200089,,,Miriam Oremans,R,169,NED,29.860,99,383,200103,,,Evie Dominikovic,R,173,AUS,22.141,107,342,6-4 6-3,3,RR,,,,,,,,,,,,,,,,,,,
2002-D154,Fed Cup WG PO: AUS vs NED,Hard,4,D,,20020720,2,200008,,,Alicia Molik,R,182,AUS,21.476,71,489,200082,,,Kristie Boogert,R,178,NED,28.592,158,210,1-6 6-2 10-8,3,RR,,,,,,,,,,,,,,,,,,,
2002-D154,Fed Cup WG PO: AUS vs NED,Hard,4,D,,20020720,3,200008,,,Alicia Molik,R,182,AUS,21.476,71,489,200089,,,Miriam Oremans,R,169,NED,29.860,99,383,6-2 6-3,3,RR,,,,,,,,,,,,,,,,,,,
2002-D154,Fed Cup WG PO: AUS vs NED,Hard,4,D,,20020720,4,200082,,,Kristie Boogert,R,178,NED,28.592,158,210,200103,,,Evie Dominikovic,R,173,AUS,22.141,107,342,7-5 5-7 6-1,3,RR,,,,,,,,,,,,,,,,,,,
2002-D155,Fed Cup WG PO: CHN vs RUS,Hard,4,D,,20020720,1,200063,,,Tatiana Panova,R,154,RUS,25.933,22,1185,201386,,,Jie Zheng,R,164,CHN,19.042,213,134,6-3 6-1,3,RR,,,,,,,,,,,,,,,,,,,
2002-D155,Fed Cup WG PO: CHN vs RUS,Hard,4,D,,20020720,2,200108,,,Elena Dementieva,R,180,RUS,20.762,13,1711,201381,,,Tian Tian Sun,R,175,CHN,20.770,256,95,6-2 6-3,3,RR,,,,,,,,,,,,,,,,,,,
2002-D155,Fed Cup WG PO: CHN vs RUS,Hard,4,D,,20020720,3,200108,,,Elena Dementieva,R,180,RUS,20.762,13,1711,201386,,,Jie Zheng,R,164,CHN,19.042,213,134,6-4 6-0,3,RR,,,,,,,,,,,,,,,,,,,
2002-D155,Fed Cup WG PO: CHN vs RUS,Hard,4,D,,20020720,4,200764,,,Elena Bovina,R,189,RUS,19.362,70,490,201419,,,Na Li,R,172,CHN,20.395,236,106,6-0 6-2,3,RR,,,,,,,,,,,,,,,,,,,
2002-D157,Fed Cup WG PO: CZE vs CAN,Clay,4,D,,20020720,1,201366,,,Barbora Strycova,R,164,CZE,16.312,,,200028,,,Maureen Drake,R,175,CAN,31.333,110,336,6-1 6-0,3,RR,,,,,,,,,,,,,,,,,,,
2002-D157,Fed Cup WG PO: CZE vs CAN,Clay,4,D,,20020720,2,201344,,,Klara Koukalova,R,166,CZE,20.400,135,266,201383,,,Marie Eve Pelletier,R,172,CAN,20.173,153,223,4-6 6-3 6-4,3,RR,,,,,,,,,,,,,,,,,,,
2002-D157,Fed Cup WG PO: CZE vs CAN,Clay,4,D,,20020720,3,201344,,,Klara Koukalova,R,166,CZE,20.400,135,266,200012,,,Jana Nejedly,R,175,CAN,28.113,114,325,6-3 6-3,3,RR,,,,,,,,,,,,,,,,,,,
2002-D157,Fed Cup WG PO: CZE vs CAN,Clay,4,D,,20020720,4,201331,,,Iveta Benesova,L,170,CZE,19.464,115,325,201383,,,Marie Eve Pelletier,R,172,CAN,20.173,153,223,4-6 6-1 7-6(3),3,RR,,,,,,,,,,,,,,,,,,,
2002-D158,Fed Cup WG PO: HUN vs ARG,Clay,4,D,,20020720,1,200055,,,Mariana Diaz Oliva,R,172,ARG,26.358,90,422,200015,,,Petra Mandula,R,178,HUN,24.504,97,395,7-5 6-2,3,RR,,,,,,,,,,,,,,,,,,,
2002-D158,Fed Cup WG PO: HUN vs ARG,Clay,4,D,,20020720,2,201302,,,Clarisa Fernandez,L,179,ARG,20.893,38,901,201298,,,Zsofia Gubacsi,R,173,HUN,21.287,103,357,4-6 7-5 6-1,3,RR,,,,,,,,,,,,,,,,,,,
2002-D158,Fed Cup WG PO: HUN vs ARG,Clay,4,D,,20020720,3,201302,,,Clarisa Fernandez,L,179,ARG,20.893,38,901,200015,,,Petra Mandula,R,178,HUN,24.504,97,395,7-5 2-6 6-4,3,RR,,,,,,,,,,,,,,,,,,,
2002-D158,Fed Cup WG PO: HUN vs ARG,Clay,4,D,,20020720,4,200055,,,Mariana Diaz Oliva,R,172,ARG,26.358,90,422,201298,,,Zsofia Gubacsi,R,173,HUN,21.287,103,357,4-6 7-5 6-3,3,RR,,,,,,,,,,,,,,,,,,,
2002-D159,Fed Cup WG PO: SLO vs UKR,Clay,4,D,,20020720,1,201297,,,Maja Matevzic,L,175,SLO,22.100,53,658,201309,,,Tatiana Perebiynis,R,173,UKR,19.595,121,301,6-3 6-2,3,RR,,,,,,,,,,,,,,,,,,,
2002-D159,Fed Cup WG PO: SLO vs UKR,Clay,4,D,,20020720,2,200122,,,Tina Pisnik,R,172,SLO,21.413,43,752,201377,,,Yuliya Beygelzimer,R,174,UKR,18.749,204,145,6-2 3-6 6-2,3,RR,,,,,,,,,,,,,,,,,,,
2002-D159,Fed Cup WG PO: SLO vs UKR,Clay,4,D,,20020720,3,200122,,,Tina Pisnik,R,172,SLO,21.413,43,752,201309,,,Tatiana Perebiynis,R,173,UKR,19.595,121,301,7-6(3) 4-6 6-3,3,RR,,,,,,,,,,,,,,,,,,,
2002-D159,Fed Cup WG PO: SLO vs UKR,Clay,4,D,,20020720,4,201297,,,Maja Matevzic,L,175,SLO,22.100,53,658,201377,,,Yuliya Beygelzimer,R,174,UKR,18.749,204,145,6-3 7-6(2),3,RR,,,,,,,,,,,,,,,,,,,
2002-D160,Fed Cup WG PO: SWE vs SUI,Clay,4,D,,20020720,1,201387,,,Sofia Arvidsson,R,176,SWE,18.423,221,124,200067,,,Patty Schnyder,L,168,SUI,23.598,24,1134,6-2 6-2,3,RR,,,,,,,,,,,,,,,,,,,
2002-D160,Fed Cup WG PO: SWE vs SUI,Clay,4,D,,20020720,2,200084,,,Asa Carlsson,R,178,SWE,27.094,59,582,201335,,,Myriam Casanova,R,172,SUI,17.082,85,439,6-2 6-4,3,RR,,,,,,,,,,,,,,,,,,,
2002-D160,Fed Cup WG PO: SWE vs SUI,Clay,4,D,,20020720,3,200067,,,Patty Schnyder,L,168,SUI,23.598,24,1134,200084,,,Asa Carlsson,R,178,SWE,27.094,59,582,7-6(4) 5-7 8-6,3,RR,,,,,,,,,,,,,,,,,,,
2002-D160,Fed Cup WG PO: SWE vs SUI,Clay,4,D,,20020720,4,201335,,,Myriam Casanova,R,172,SUI,17.082,85,439,201387,,,Sofia Arvidsson,R,176,SWE,18.423,221,124,6-0 6-2,3,RR,,,,,,,,,,,,,,,,,,,
2002-D161,Fed Cup WG PO: USA vs ISR,Hard,4,D,,20020720,1,200128,,,Lindsay Davenport,R,189,USA,26.114,9,2637,200040,,,Anna Smashnova,R,157,ISR,26.010,18,1275,6-3 6-3,3,RR,,,,,,,,,,,,,,,,,,,
2002-D161,Fed Cup WG PO: USA vs ISR,Hard,4,D,,20020720,2,200652,,,Monica Seles,L,178,USA,28.630,4,3906,200014,,,Tzipi Obziler,R,172,ISR,29.252,287,75,6-4 6-2,3,RR,,,,,,,,,,,,,,,,,,,
2002-D161,Fed Cup WG PO: USA vs ISR,Hard,4,D,,20020720,3,200652,,,Monica Seles,L,178,USA,28.630,4,3906,200040,,,Anna Smashnova,R,157,ISR,26.010,18,1275,6-4 6-0,3,RR,,,,,,,,,,,,,,,,,,,
2002-D161,Fed Cup WG PO: USA vs ISR,Hard,4,D,,20020720,4,200128,,,Lindsay Davenport,R,189,USA,26.114,9,2637,200014,,,Tzipi Obziler,R,172,ISR,29.252,287,75,2-6 6-1 7-6(1),3,RR,,,,,,,,,,,,,,,,,,,
2002-956,Sopot,Clay,30,T3,,20020721,1,200094,,,Barbara Rittner,R,173,GER,29.238,78,457,200061,,,Gala Leon Garcia,L,163,ESP,28.576,85,429,6-2 0-6 6-3,3,R32,,,,,,,,,,,,,,,,,,,
2002-956,Sopot,Clay,30,T3,,20020721,2,200118,,,Virginia Ruano Pascual,R,169,ESP,28.830,77,461,201320,,Q,Svetlana Kuznetsova,R,174,RUS,17.065,128,271,6-2 6-7(7) 6-1,3,R32,,,,,,,,,,,,,,,,,,,
2002-956,Sopot,Clay,30,T3,,20020721,3,201292,4,,Martina Sucha,R,170,SVK,21.665,42,765,200106,,,Angeles Montolio,R,157,ESP,26.957,105,359,1-6 7-6(4) 6-3,3,R32,,,,,,,,,,,,,,,,,,,
2002-956,Sopot,Clay,30,T3,,20020721,4,200027,8,,Magui Serna,L,167,ESP,23.390,57,589,200007,,,Silvija Talaja,R,173,CRO,24.515,73,468,6-0 2-6 6-2,3,R32,,,,,,,,,,,,,,,,,,,
2002-956,Sopot,Clay,30,T3,,20020721,5,200101,,LL,Jana Kandarr,R,181,GER,25.829,123,289,200055,,WC,Mariana Diaz Oliva,R,172,ARG,26.361,89,422,7-5 6-4,3,R32,,,,,,,,,,,,,,,,,,,
2002-956,Sopot,Clay,30,T3,,20020721,6,201336,,Q,Dinara Safina,R,185,RUS,16.233,169,189,200084,,,Asa Carlsson,R,178,SWE,27.097,58,586,6-3 6-1,3,R32,,,,,,,,,,,,,,,,,,,
2002-956,Sopot,Clay,30,T3,,20020721,7,200090,,,Anca Barna,L,175,GER,25.186,75,465,200732,,WC,Magdalena Grzybowska,R,184,POL,23.661,,,6-2 4-6 6-3,3,R32,,,,,,,,,,,,,,,,,,,
2002-956,Sopot,Clay,30,T3,,20020721,8,200098,6,,Henrieta Nagyova,R,177,SVK,23.598,47,678,201078,,,Eugenia Kulikovskaya,L,163,RUS,23.582,101,377,4-6 7-6(3) 6-1,3,R32,,,,,,,,,,,,,,,,,,,
2002-956,Sopot,Clay,30,T3,,20020721,9,200017,3,,Arantxa Sanchez Vicario,R,168,ESP,30.591,26,1075,200777,,,Marta Marrero,R,173,ESP,19.510,97,383,6-3 6-1,3,R32,,,,,,,,,,,,,,,,,,,
2002-956,Sopot,Clay,30,T3,,20020721,10,201330,,Q,Maria Goloviznina,R,176,RUS,23.127,168,191,200056,,,Jelena Kostanic Tosic,L,168,CRO,21.041,87,423,6-2 2-6 7-6(2),3,R32,,,,,,,,,,,,,,,,,,,
2002-956,Sopot,Clay,30,T3,,20020721,11,200060,,,Tathiana Garbin,R,172,ITA,25.057,90,418,201310,,,Martina Muller,R,165,GER,19.776,60,578,6-4 6-3,3,R32,,,,,,,,,,,,,,,,,,,
2002-956,Sopot,Clay,30,T3,,20020721,12,202261,,WC,Joanna Sakowicz Kostecka,R,,POL,18.221,396,38,200066,5,,Cristina Torrens Valero,R,171,ESP,27.855,46,681,6-2 7-6(8),3,R32,,,,,,,,,,,,,,,,,,,
2002-956,Sopot,Clay,30,T3,,20020721,13,201329,,,Vera Zvonareva,R,172,RUS,17.868,65,503,201297,7,,Maja Matevzic,L,175,SLO,22.103,56,603,6-3 6-2,3,R32,,,,,,,,,,,,,,,,,,,
2002-956,Sopot,Clay,30,T3,,20020721,14,201355,,Q,Flavia Pennetta,R,172,ITA,20.400,138,253,201284,,,Tatiana Poutchek,R,176,BLR,23.530,55,609,7-5 6-3,3,R32,,,,,,,,,,,,,,,,,,,
2002-956,Sopot,Clay,30,T3,,20020721,15,200094,,,Barbara Rittner,R,173,GER,29.238,78,457,200700,1,,Silvia Farina Elia,R,172,ITA,30.232,14,1685,6-4 2-6 6-3,3,R16,,,,,,,,,,,,,,,,,,,
2002-956,Sopot,Clay,30,T3,,20020721,16,200098,6,,Henrieta Nagyova,R,177,SVK,23.598,47,678,200090,,,Anca Barna,L,175,GER,25.186,75,465,6-4 6-2,3,R16,,,,,,,,,,,,,,,,,,,
2002-956,Sopot,Clay,30,T3,,20020721,17,200017,3,,Arantxa Sanchez Vicario,R,168,ESP,30.591,26,1075,201330,,Q,Maria Goloviznina,R,176,RUS,23.127,168,191,7-5 6-2,3,R16,,,,,,,,,,,,,,,,,,,
2002-956,Sopot,Clay,30,T3,,20020721,18,200060,,,Tathiana Garbin,R,172,ITA,25.057,90,418,202261,,WC,Joanna Sakowicz Kostecka,R,,POL,18.221,396,38,6-4 6-2,3,R16,,,,,,,,,,,,,,,,,,,
2002-956,Sopot,Clay,30,T3,,20020721,19,201329,,,Vera Zvonareva,R,172,RUS,17.868,65,503,201355,,Q,Flavia Pennetta,R,172,ITA,20.400,138,253,6-3 6-1,3,R16,,,,,,,,,,,,,,,,,,,
2002-956,Sopot,Clay,30,T3,,20020721,20,200118,,,Virginia Ruano Pascual,R,169,ESP,28.830,77,461,201292,4,,Martina Sucha,R,170,SVK,21.665,42,765,6-4 6-3,3,R16,,,,,,,,,,,,,,,,,,,
2002-956,Sopot,Clay,30,T3,,20020721,21,200027,8,,Magui Serna,L,167,ESP,23.390,57,589,200101,,LL,Jana Kandarr,R,181,GER,25.829,123,289,4-6 6-2 6-3,3,R16,,,,,,,,,,,,,,,,,,,
2002-956,Sopot,Clay,30,T3,,20020721,22,201336,,Q,Dinara Safina,R,185,RUS,16.233,169,189,200067,2,,Patty Schnyder,L,168,SUI,23.601,24,1134,6-1 6-1,3,R16,,,,,,,,,,,,,,,,,,,
2002-956,Sopot,Clay,30,T3,,20020721,23,200098,6,,Henrieta Nagyova,R,177,SVK,23.598,47,678,200094,,,Barbara Rittner,R,173,GER,29.238,78,457,7-5 7-5,3,QF,,,,,,,,,,,,,,,,,,,
2002-956,Sopot,Clay,30,T3,,20020721,24,200060,,,Tathiana Garbin,R,172,ITA,25.057,90,418,200017,3,,Arantxa Sanchez Vicario,R,168,ESP,30.591,26,1075,6-1 6-1,3,QF,,,,,,,,,,,,,,,,,,,
2002-956,Sopot,Clay,30,T3,,20020721,25,201329,,,Vera Zvonareva,R,172,RUS,17.868,65,503,200118,,,Virginia Ruano Pascual,R,169,ESP,28.830,77,461,2-6 6-4 7-5,3,QF,,,,,,,,,,,,,,,,,,,
2002-956,Sopot,Clay,30,T3,,20020721,26,201336,,Q,Dinara Safina,R,185,RUS,16.233,169,189,200027,8,,Magui Serna,L,167,ESP,23.390,57,589,6-1 5-7 6-3,3,QF,,,,,,,,,,,,,,,,,,,
2002-956,Sopot,Clay,30,T3,,20020721,27,200098,6,,Henrieta Nagyova,R,177,SVK,23.598,47,678,200060,,,Tathiana Garbin,R,172,ITA,25.057,90,418,2-6 7-5 7-6(2),3,SF,,,,,,,,,,,,,,,,,,,
2002-956,Sopot,Clay,30,T3,,20020721,28,201336,,Q,Dinara Safina,R,185,RUS,16.233,169,189,201329,,,Vera Zvonareva,R,172,RUS,17.868,65,503,6-3 6-2,3,SF,,,,,,,,,,,,,,,,,,,
2002-956,Sopot,Clay,30,T3,,20020721,29,201336,,Q,Dinara Safina,R,185,RUS,16.233,169,189,200098,6,,Henrieta Nagyova,R,177,SVK,23.598,47,678,6-3 4-0 RET,3,F,,,,,,,,,,,,,,,,,,,
2002-703,Stanford,Hard,28,T2,,20020722,1,200046,,,Meghann Shaughnessy,R,180,USA,23.275,19,1271,200002,,Q,Mirjana Lucic,R,181,CRO,20.370,229,116,7-6(5) 6-3,3,R32,,,,,,,,,,,,,,,,,,,
2002-703,Stanford,Hard,28,T2,,20020722,2,200120,5,,Jelena Dokic,R,175,AUS,19.278,6,3076,200041,,,Amy Frazier,R,175,USA,29.838,59,580,6-3 7-5,3,R32,,,,,,,,,,,,,,,,,,,
2002-703,Stanford,Hard,28,T2,,20020722,3,200049,,WC,Conchita Martinez,R,170,ESP,30.265,72,471,201281,,WC,Laura Granville,R,175,USA,21.194,93,404,6-3 6-3,3,R32,,,,,,,,,,,,,,,,,,,
2002-703,Stanford,Hard,28,T2,,20020722,4,200124,,Q,Anne Kremer,R,165,LUX,26.763,21,1242,200010,,,Rita Grande,R,177,ITA,27.333,36,922,7-5 6-2,3,R32,,,,,,,,,,,,,,,,,,,
2002-703,Stanford,Hard,28,T2,,20020722,5,201295,,Q,Wynne Prakusya,R,160,INA,21.238,92,406,201306,,,Marie Gaiane Mikaelian,R,172,SUI,18.385,50,668,6-1 3-6 6-3,3,R32,,,,,,,,,,,,,,,,,,,
2002-703,Stanford,Hard,28,T2,,20020722,6,200113,,,Anna Kournikova,R,173,RUS,21.123,54,619,200040,8,,Anna Smashnova,R,157,ISR,26.016,18,1275,6-3 6-2,3,R32,,,,,,,,,,,,,,,,,,,
2002-703,Stanford,Hard,28,T2,,20020722,7,200009,,,Tamarine Tanasugarn,R,165,THA,25.161,27,1059,200697,,,Janette Husarova,R,169,SVK,28.132,40,807,6-4 4-6 6-4,3,R32,,,,,,,,,,,,,,,,,,,
2002-703,Stanford,Hard,28,T2,,20020722,8,200020,,,Lisa Raymond,R,165,USA,28.948,28,1045,200085,,,Ai Sugiyama,R,163,JPN,27.048,29,1034,6-4 6-7(3) 6-1,3,R32,,,,,,,,,,,,,,,,,,,
2002-703,Stanford,Hard,28,T2,,20020722,9,200126,,Q,Marissa Irvin,R,170,USA,22.078,61,534,200003,6,,Justine Henin,R,167,BEL,20.140,7,3005,6-3 4-6 6-1,3,R32,,,,,,,,,,,,,,,,,,,
2002-703,Stanford,Hard,28,T2,,20020722,10,201083,7,,Daja Bedanova,R,171,CZE,19.371,17,1289,200063,,,Tatiana Panova,R,154,RUS,25.939,22,1185,6-3 6-4,3,R32,,,,,,,,,,,,,,,,,,,
2002-703,Stanford,Hard,28,T2,,20020722,11,201347,,WC,Jelena Jankovic,R,177,SRB,17.394,262,86,201312,,LL,Sarah Taylor,R,,USA,20.707,118,311,6-1 6-1,3,R32,,,,,,,,,,,,,,,,,,,
2002-703,Stanford,Hard,28,T2,,20020722,12,200031,,,Meilen Tu,R,163,USA,24.510,51,667,200083,,,Alexandra Stevenson,R,185,USA,21.599,30,986,7-6(5) 6-4,3,R32,,,,,,,,,,,,,,,,,,,
2002-703,Stanford,Hard,28,T2,,20020722,13,200748,1,,Venus Williams,R,185,USA,22.095,2,4917,200046,,,Meghann Shaughnessy,R,180,USA,23.275,19,1271,6-4 6-1,3,R16,,,,,,,,,,,,,,,,,,,
2002-703,Stanford,Hard,28,T2,,20020722,14,200113,,,Anna Kournikova,R,173,RUS,21.123,54,619,201295,,Q,Wynne Prakusya,R,160,INA,21.238,92,406,7-5 6-4,3,R16,,,,,,,,,,,,,,,,,,,
2002-703,Stanford,Hard,28,T2,,20020722,15,200652,3,,Monica Seles,L,178,USA,28.636,4,3906,200009,,,Tamarine Tanasugarn,R,165,THA,25.161,27,1059,6-4 3-6 6-1,3,R16,,,,,,,,,,,,,,,,,,,
2002-703,Stanford,Hard,28,T2,,20020722,16,200020,,,Lisa Raymond,R,165,USA,28.948,28,1045,200126,,Q,Marissa Irvin,R,170,USA,22.078,61,534,6-1 6-4,3,R16,,,,,,,,,,,,,,,,,,,
2002-703,Stanford,Hard,28,T2,,20020722,17,201347,,WC,Jelena Jankovic,R,177,SRB,17.394,262,86,201083,7,,Daja Bedanova,R,171,CZE,19.371,17,1289,7-6(8) 2-6 6-3,3,R16,,,,,,,,,,,,,,,,,,,
2002-703,Stanford,Hard,28,T2,,20020722,18,200079,4,,Kim Clijsters,R,175,BEL,19.122,5,3077,200031,,,Meilen Tu,R,163,USA,24.510,51,667,7-5 6-2,3,R16,,,,,,,,,,,,,,,,,,,
2002-703,Stanford,Hard,28,T2,,20020722,19,200120,5,,Jelena Dokic,R,175,AUS,19.278,6,3076,200049,,WC,Conchita Martinez,R,170,ESP,30.265,72,471,1-6 6-0 6-1,3,R16,,,,,,,,,,,,,,,,,,,
2002-703,Stanford,Hard,28,T2,,20020722,20,200128,2,,Lindsay Davenport,R,189,USA,26.120,9,2637,200124,,Q,Anne Kremer,R,165,LUX,26.763,21,1242,6-3 6-0,3,R16,,,,,,,,,,,,,,,,,,,
2002-703,Stanford,Hard,28,T2,,20020722,21,200748,1,,Venus Williams,R,185,USA,22.095,2,4917,200113,,,Anna Kournikova,R,173,RUS,21.123,54,619,6-3 6-4,3,QF,,,,,,,,,,,,,,,,,,,
2002-703,Stanford,Hard,28,T2,,20020722,22,200020,,,Lisa Raymond,R,165,USA,28.948,28,1045,200652,3,,Monica Seles,L,178,USA,28.636,4,3906,6-4 6-2,3,QF,,,,,,,,,,,,,,,,,,,
2002-703,Stanford,Hard,28,T2,,20020722,23,200079,4,,Kim Clijsters,R,175,BEL,19.122,5,3077,201347,,WC,Jelena Jankovic,R,177,SRB,17.394,262,86,7-5 6-3,3,QF,,,,,,,,,,,,,,,,,,,
2002-703,Stanford,Hard,28,T2,,20020722,24,200128,2,,Lindsay Davenport,R,189,USA,26.120,9,2637,200120,5,,Jelena Dokic,R,175,AUS,19.278,6,3076,6-2 6-2,3,QF,,,,,,,,,,,,,,,,,,,
2002-703,Stanford,Hard,28,T2,,20020722,25,200748,1,,Venus Williams,R,185,USA,22.095,2,4917,200020,,,Lisa Raymond,R,165,USA,28.948,28,1045,6-3 6-0,3,SF,,,,,,,,,,,,,,,,,,,
2002-703,Stanford,Hard,28,T2,,20020722,26,200079,4,,Kim Clijsters,R,175,BEL,19.122,5,3077,200128,2,,Lindsay Davenport,R,189,USA,26.120,9,2637,4-6 6-4 6-2,3,SF,,,,,,,,,,,,,,,,,,,
2002-703,Stanford,Hard,28,T2,,20020722,27,200748,1,,Venus Williams,R,185,USA,22.095,2,4917,200079,4,,Kim Clijsters,R,175,BEL,19.122,5,3077,6-3 6-3,3,F,,,,,,,,,,,,,,,,,,,
2002-408,San Diego,Hard,48,T2,,20020729,1,200697,,,Janette Husarova,R,169,SVK,28.151,40,807,200727,,,Adriana Serra Zanetti,R,160,ITA,26.399,49,676,6-3 6-1,3,R64,,,,,,,,,,,,,,,,,,,
2002-408,San Diego,Hard,48,T2,,20020729,2,200126,,,Marissa Irvin,R,170,USA,22.098,54,618,200041,,,Amy Frazier,R,175,USA,29.857,60,551,6-3 6-4,3,R64,,,,,,,,,,,,,,,,,,,
2002-408,San Diego,Hard,48,T2,,20020729,3,200049,,WC,Conchita Martinez,R,170,ESP,30.284,70,500,200048,,,Elena Likhovtseva,R,174,RUS,26.889,34,930,6-2 6-7(2) 6-2,3,R64,,,,,,,,,,,,,,,,,,,
2002-408,San Diego,Hard,48,T2,,20020729,4,200113,,,Anna Kournikova,R,173,RUS,21.142,47,694,200083,,,Alexandra Stevenson,R,185,USA,21.619,30,986,6-0 6-1,3,R64,,,,,,,,,,,,,,,,,,,
2002-408,San Diego,Hard,48,T2,,20020729,5,200061,,,Gala Leon Garcia,L,163,ESP,28.597,138,251,200008,,,Alicia Molik,R,182,AUS,21.501,71,489,6-3 6-2,3,R64,,,,,,,,,,,,,,,,,,,
2002-408,San Diego,Hard,48,T2,,20020729,6,201212,,,Francesca Schiavone,R,166,ITA,22.098,46,727,200009,,,Tamarine Tanasugarn,R,165,THA,25.181,28,1086,6-3 6-2,3,R64,,,,,,,,,,,,,,,,,,,
2002-408,San Diego,Hard,48,T2,,20020729,7,200031,,,Meilen Tu,R,163,USA,24.529,48,680,200072,,Q,Cara Black,R,167,ZIM,23.445,65,508,7-5 6-3,3,R64,,,,,,,,,,,,,,,,,,,
2002-408,San Diego,Hard,48,T2,,20020729,8,201315,,WC,Ashley Harkleroad,R,165,USA,17.241,232,118,200010,,,Rita Grande,R,177,ITA,27.352,35,916,6-1 7-6(4),3,R64,,,,,,,,,,,,,,,,,,,
2002-408,San Diego,Hard,48,T2,,20020729,9,201086,,Q,Greta Arn,R,180,HUN,23.294,84,442,200096,,WC,Mary Pierce,R,178,FRA,27.535,50,675,3-6 6-3 6-4,3,R64,,,,,,,,,,,,,,,,,,,
2002-408,San Diego,Hard,48,T2,,20020729,10,200109,,,Nathalie Dechy,R,177,FRA,23.434,27,1096,200122,,,Tina Pisnik,R,172,SLO,21.438,43,752,5-7 6-2 6-0,3,R64,,,,,,,,,,,,,,,,,,,
2002-408,San Diego,Hard,48,T2,,20020729,11,201305,,,Eleni Daniilidou,R,182,GRE,19.858,31,952,200022,,,Emmanuelle Gagliardi,R,171,SUI,26.054,52,648,6-2 6-1,3,R64,,,,,,,,,,,,,,,,,,,
2002-408,San Diego,Hard,48,T2,,20020729,12,201306,,,Marie Gaiane Mikaelian,R,172,SUI,18.404,51,668,201204,,,Iroda Tulyaganova,R,170,UZB,20.556,41,796,6-4 6-3,3,R64,,,,,,,,,,,,,,,,,,,
2002-408,San Diego,Hard,48,T2,,20020729,13,200064,,,Amanda Coetzer,R,158,RSA,30.769,38,900,201312,,Q,Sarah Taylor,R,,USA,20.726,113,317,6-2 6-2,3,R64,,,,,,,,,,,,,,,,,,,
2002-408,San Diego,Hard,48,T2,,20020729,14,200011,,,Katarina Srebotnik,R,180,SLO,21.380,44,749,201206,,WC,Allison Bradshaw,R,180,USA,21.703,199,147,6-2 6-4,3,R64,,,,,,,,,,,,,,,,,,,
2002-408,San Diego,Hard,48,T2,,20020729,15,200085,,,Ai Sugiyama,R,163,JPN,27.067,29,1034,200020,,,Lisa Raymond,R,165,USA,28.967,20,1210,7-5 6-0,3,R64,,,,,,,,,,,,,,,,,,,
2002-408,San Diego,Hard,48,T2,,20020729,16,200107,,,Paola Suarez,R,170,ARG,26.098,32,947,201295,,Q,Wynne Prakusya,R,160,INA,21.257,80,456,7-6(3) 6-0,3,R64,,,,,,,,,,,,,,,,,,,
2002-408,San Diego,Hard,48,T2,,20020729,17,200748,1,,Venus Williams,R,185,USA,22.114,2,5148,200697,,,Janette Husarova,R,169,SVK,28.151,40,807,6-4 6-1,3,R32,,,,,,,,,,,,,,,,,,,
2002-408,San Diego,Hard,48,T2,,20020729,18,200124,15,,Anne Kremer,R,165,LUX,26.782,18,1262,201086,,Q,Greta Arn,R,180,HUN,23.294,84,442,5-7 6-3 6-0,3,R32,,,,,,,,,,,,,,,,,,,
2002-408,San Diego,Hard,48,T2,,20020729,19,200086,10,,Magdalena Maleeva,R,168,BUL,27.327,17,1315,200109,,,Nathalie Dechy,R,177,FRA,23.434,27,1096,7-5 7-5,3,R32,,,,,,,,,,,,,,,,,,,
2002-408,San Diego,Hard,48,T2,,20020729,20,200079,5,,Kim Clijsters,R,175,BEL,19.141,7,2951,201305,,,Eleni Daniilidou,R,182,GRE,19.858,31,952,6-3 6-1,3,R32,,,,,,,,,,,,,,,,,,,
2002-408,San Diego,Hard,48,T2,,20020729,21,200128,3,,Lindsay Davenport,R,189,USA,26.139,9,2592,201306,,,Marie Gaiane Mikaelian,R,172,SUI,18.404,51,668,6-3 6-0,3,R32,,,,,,,,,,,,,,,,,,,
2002-408,San Diego,Hard,48,T2,,20020729,22,200039,14,,Chanda Rubin,R,168,USA,26.443,21,1190,200064,,,Amanda Coetzer,R,158,RSA,30.769,38,900,6-1 6-1,3,R32,,,,,,,,,,,,,,,,,,,
2002-408,San Diego,Hard,48,T2,,20020729,23,200011,,,Katarina Srebotnik,R,180,SLO,21.380,44,749,201083,11,,Daja Bedanova,R,171,CZE,19.390,16,1323,6-4 3-6 6-2,3,R32,,,,,,,,,,,,,,,,,,,
2002-408,San Diego,Hard,48,T2,,20020729,24,200085,,,Ai Sugiyama,R,163,JPN,27.067,29,1034,201290,7,,Daniela Hantuchova,R,181,SVK,19.267,12,1950,6-4 1-6 7-5,3,R32,,,,,,,,,,,,,,,,,,,
2002-408,San Diego,Hard,48,T2,,20020729,25,200108,8,,Elena Dementieva,R,180,RUS,20.786,13,1711,200107,,,Paola Suarez,R,170,ARG,26.098,32,947,6-4 6-2,3,R32,,,,,,,,,,,,,,,,,,,
2002-408,San Diego,Hard,48,T2,,20020729,26,200040,12,,Anna Smashnova,R,157,ISR,26.035,19,1253,200126,,,Marissa Irvin,R,170,USA,22.098,54,618,5-7 6-1 6-1,3,R32,,,,,,,,,,,,,,,,,,,
2002-408,San Diego,Hard,48,T2,,20020729,27,200049,,WC,Conchita Martinez,R,170,ESP,30.284,70,500,200063,16,,Tatiana Panova,R,154,RUS,25.958,22,1185,5-7 6-2 7-6(4),3,R32,,,,,,,,,,,,,,,,,,,
2002-408,San Diego,Hard,48,T2,,20020729,28,200113,,,Anna Kournikova,R,173,RUS,21.142,47,694,200766,,LL,Jennifer Hopkins,R,170,USA,21.462,68,504,6-2 6-4,3,R32,,,,,,,,,,,,,,,,,,,
2002-408,San Diego,Hard,48,T2,,20020729,29,200120,6,,Jelena Dokic,R,175,AUS,19.297,5,3048,200061,,,Gala Leon Garcia,L,163,ESP,28.597,138,251,6-2 7-5,3,R32,,,,,,,,,,,,,,,,,,,
2002-408,San Diego,Hard,48,T2,,20020729,30,200772,9,,Anastasia Myskina,R,174,RUS,21.057,15,1480,201212,,,Francesca Schiavone,R,166,ITA,22.098,46,727,1-6 6-3 6-4,3,R32,,,,,,,,,,,,,,,,,,,
2002-408,San Diego,Hard,48,T2,,20020729,31,200046,13,,Meghann Shaughnessy,R,180,USA,23.294,25,1119,200031,,,Meilen Tu,R,163,USA,24.529,48,680,6-1 6-2,3,R32,,,,,,,,,,,,,,,,,,,
2002-408,San Diego,Hard,48,T2,,20020729,32,200077,2,,Jennifer Capriati,R,170,USA,26.333,3,3947,201315,,WC,Ashley Harkleroad,R,165,USA,17.241,232,118,6-0 6-3,3,R32,,,,,,,,,,,,,,,,,,,
2002-408,San Diego,Hard,48,T2,,20020729,33,200748,1,,Venus Williams,R,185,USA,22.114,2,5148,200124,15,,Anne Kremer,R,165,LUX,26.782,18,1262,6-3 6-2,3,R16,,,,,,,,,,,,,,,,,,,
2002-408,San Diego,Hard,48,T2,,20020729,34,200079,5,,Kim Clijsters,R,175,BEL,19.141,7,2951,200086,10,,Magdalena Maleeva,R,168,BUL,27.327,17,1315,6-3 6-3,3,R16,,,,,,,,,,,,,,,,,,,
2002-408,San Diego,Hard,48,T2,,20020729,35,200128,3,,Lindsay Davenport,R,189,USA,26.139,9,2592,200039,14,,Chanda Rubin,R,168,USA,26.443,21,1190,6-2 2-6 6-1,3,R16,,,,,,,,,,,,,,,,,,,
2002-408,San Diego,Hard,48,T2,,20020729,36,200085,,,Ai Sugiyama,R,163,JPN,27.067,29,1034,200011,,,Katarina Srebotnik,R,180,SLO,21.380,44,749,6-4 7-6(4),3,R16,,,,,,,,,,,,,,,,,,,
2002-408,San Diego,Hard,48,T2,,20020729,37,200040,12,,Anna Smashnova,R,157,ISR,26.035,19,1253,200108,8,,Elena Dementieva,R,180,RUS,20.786,13,1711,6-2 5-7 7-6(2),3,R16,,,,,,,,,,,,,,,,,,,
2002-408,San Diego,Hard,48,T2,,20020729,38,200113,,,Anna Kournikova,R,173,RUS,21.142,47,694,200049,,WC,Conchita Martinez,R,170,ESP,30.284,70,500,1-6 6-2 6-1,3,R16,,,,,,,,,,,,,,,,,,,
2002-408,San Diego,Hard,48,T2,,20020729,39,200120,6,,Jelena Dokic,R,175,AUS,19.297,5,3048,200772,9,,Anastasia Myskina,R,174,RUS,21.057,15,1480,6-4 6-3,3,R16,,,,,,,,,,,,,,,,,,,
2002-408,San Diego,Hard,48,T2,,20020729,40,200077,2,,Jennifer Capriati,R,170,USA,26.333,3,3947,200046,13,,Meghann Shaughnessy,R,180,USA,23.294,25,1119,6-4 6-1,3,R16,,,,,,,,,,,,,,,,,,,
2002-408,San Diego,Hard,48,T2,,20020729,41,200748,1,,Venus Williams,R,185,USA,22.114,2,5148,200079,5,,Kim Clijsters,R,175,BEL,19.141,7,2951,6-3 5-7 6-4,3,QF,,,,,,,,,,,,,,,,,,,
2002-408,San Diego,Hard,48,T2,,20020729,42,200128,3,,Lindsay Davenport,R,189,USA,26.139,9,2592,200085,,,Ai Sugiyama,R,163,JPN,27.067,29,1034,6-1 6-1,3,QF,,,,,,,,,,,,,,,,,,,
2002-408,San Diego,Hard,48,T2,,20020729,43,200113,,,Anna Kournikova,R,173,RUS,21.142,47,694,200040,12,,Anna Smashnova,R,157,ISR,26.035,19,1253,1-6 6-3 6-4,3,QF,,,,,,,,,,,,,,,,,,,
2002-408,San Diego,Hard,48,T2,,20020729,44,200120,6,,Jelena Dokic,R,175,AUS,19.297,5,3048,200077,2,,Jennifer Capriati,R,170,USA,26.333,3,3947,2-6 6-2 6-4,3,QF,,,,,,,,,,,,,,,,,,,
2002-408,San Diego,Hard,48,T2,,20020729,45,200748,1,,Venus Williams,R,185,USA,22.114,2,5148,200128,3,,Lindsay Davenport,R,189,USA,26.139,9,2592,6-2 6-1,3,SF,,,,,,,,,,,,,,,,,,,
2002-408,San Diego,Hard,48,T2,,20020729,46,200120,6,,Jelena Dokic,R,175,AUS,19.297,5,3048,200113,,,Anna Kournikova,R,173,RUS,21.142,47,694,6-7(6) 7-6(2) 6-0,3,SF,,,,,,,,,,,,,,,,,,,
2002-408,San Diego,Hard,48,T2,,20020729,47,200748,1,,Venus Williams,R,185,USA,22.114,2,5148,200120,6,,Jelena Dokic,R,175,AUS,19.297,5,3048,6-2 6-2,3,F,,,,,,,,,,,,,,,,,,,
2002-805,Los Angeles,Hard,48,T2,,20020804,1,200111,,,Lina Krasnoroutskaya,R,174,RUS,18.265,279,75,201327,,Q,Angelique Widjaja,R,173,INA,17.643,75,467,6-1 7-6(0),3,R64,,,,,,,,,,,,,,,,,,,
2002-805,Los Angeles,Hard,48,T2,,20020804,2,201306,,,Marie Gaiane Mikaelian,R,172,SUI,18.421,60,546,200125,,WC,Corina Morariu,R,174,USA,24.521,,,3-6 6-3 7-5,3,R64,,,,,,,,,,,,,,,,,,,
2002-805,Los Angeles,Hard,48,T2,,20020804,3,200031,,,Meilen Tu,R,163,USA,24.545,48,690,201284,,,Tatiana Poutchek,R,176,BLR,23.568,61,532,6-2 7-6(2),3,R64,,,,,,,,,,,,,,,,,,,
2002-805,Los Angeles,Hard,48,T2,,20020804,4,200764,,WC,Elena Bovina,R,189,RUS,19.404,83,427,201212,,,Francesca Schiavone,R,166,ITA,22.114,47,735,6-3 6-1,3,R64,,,,,,,,,,,,,,,,,,,
2002-805,Los Angeles,Hard,48,T2,,20020804,5,200085,,,Ai Sugiyama,R,163,JPN,27.083,29,1034,200098,,,Henrieta Nagyova,R,177,SVK,23.636,46,744,6-4 6-3,3,R64,,,,,,,,,,,,,,,,,,,
2002-805,Los Angeles,Hard,48,T2,,20020804,6,200064,,,Amanda Coetzer,R,158,RSA,30.785,35,918,201347,,WC,Jelena Jankovic,R,177,SRB,17.430,187,162,6-2 6-2,3,R64,,,,,,,,,,,,,,,,,,,
2002-805,Los Angeles,Hard,48,T2,,20020804,7,200041,,Q,Amy Frazier,R,175,USA,29.873,59,551,200032,,,Barbara Schett,R,176,AUT,26.402,32,933,6-4 6-4,3,R64,,,,,,,,,,,,,,,,,,,
2002-805,Los Angeles,Hard,48,T2,,20020804,8,200022,,,Emmanuelle Gagliardi,R,171,SUI,26.070,51,648,200110,,SR,Fabiola Zuluaga,R,172,COL,23.573,110,335,6-0 6-2,3,R64,,,,,,,,,,,,,,,,,,,
2002-805,Los Angeles,Hard,48,T2,,20020804,9,201204,,,Iroda Tulyaganova,R,170,UZB,20.573,42,796,200727,,,Adriana Serra Zanetti,R,160,ITA,26.415,49,676,3-6 6-3 7-5,3,R64,,,,,,,,,,,,,,,,,,,
2002-805,Los Angeles,Hard,48,T2,,20020804,10,200126,,Q,Marissa Irvin,R,170,USA,22.114,52,637,201086,,Q,Greta Arn,R,180,HUN,23.311,86,419,6-0 6-3,3,R64,,,,,,,,,,,,,,,,,,,
2002-805,Los Angeles,Hard,48,T2,,20020804,11,200083,,,Alexandra Stevenson,R,185,USA,21.635,34,922,200048,,,Elena Likhovtseva,R,174,RUS,26.905,33,930,6-4 7-6(6),3,R64,,,,,,,,,,,,,,,,,,,
2002-805,Los Angeles,Hard,48,T2,,20020804,12,200122,,,Tina Pisnik,R,172,SLO,21.454,45,752,201397,,WC,Shuai Peng,R,173,CHN,16.570,358,48,2-6 6-2 7-5,3,R64,,,,,,,,,,,,,,,,,,,
2002-805,Los Angeles,Hard,48,T2,,20020804,13,200697,,,Janette Husarova,R,169,SVK,28.168,40,826,200027,,,Magui Serna,L,167,ESP,23.428,53,614,4-6 6-1 6-3,3,R64,,,,,,,,,,,,,,,,,,,
2002-805,Los Angeles,Hard,48,T2,,20020804,14,200010,,,Rita Grande,R,177,ITA,27.368,36,905,200008,,,Alicia Molik,R,182,AUS,21.517,70,489,6-4 6-2,3,R64,,,,,,,,,,,,,,,,,,,
2002-805,Los Angeles,Hard,48,T2,,20020804,15,200011,,,Katarina Srebotnik,R,180,SLO,21.397,43,771,200107,,,Paola Suarez,R,170,ARG,26.114,30,965,6-2 4-6 6-1,3,R64,,,,,,,,,,,,,,,,,,,
2002-805,Los Angeles,Hard,48,T2,,20020804,16,201305,,,Eleni Daniilidou,R,182,GRE,19.874,31,963,200036,,,Nicole Pratt,R,163,AUS,29.416,39,843,6-4 6-4,3,R64,,,,,,,,,,,,,,,,,,,
2002-805,Los Angeles,Hard,48,T2,,20020804,17,200033,1,,Serena Williams,R,175,USA,20.855,1,5742,200111,,,Lina Krasnoroutskaya,R,174,RUS,18.265,279,75,6-4 6-2,3,R32,,,,,,,,,,,,,,,,,,,
2002-805,Los Angeles,Hard,48,T2,,20020804,18,200109,15,,Nathalie Dechy,R,177,FRA,23.450,27,1099,201204,,,Iroda Tulyaganova,R,170,UZB,20.573,42,796,6-4 6-2,3,R32,,,,,,,,,,,,,,,,,,,
2002-805,Los Angeles,Hard,48,T2,,20020804,19,200039,12,,Chanda Rubin,R,168,USA,26.459,21,1205,200126,,Q,Marissa Irvin,R,170,USA,22.114,52,637,6-1 3-6 6-2,3,R32,,,,,,,,,,,,,,,,,,,
2002-805,Los Angeles,Hard,48,T2,,20020804,20,201083,8,,Daja Bedanova,R,171,CZE,19.406,17,1286,200083,,,Alexandra Stevenson,R,185,USA,21.635,34,922,6-3 6-2,3,R32,,,,,,,,,,,,,,,,,,,
2002-805,Los Angeles,Hard,48,T2,,20020804,21,200120,4,,Jelena Dokic,R,175,AUS,19.313,5,3246,200122,,,Tina Pisnik,R,172,SLO,21.454,45,752,6-3 6-2,3,R32,,,,,,,,,,,,,,,,,,,
2002-805,Los Angeles,Hard,48,T2,,20020804,22,200697,,,Janette Husarova,R,169,SVK,28.168,40,826,200046,14,,Meghann Shaughnessy,R,180,USA,23.311,26,1117,6-4 6-4,3,R32,,,,,,,,,,,,,,,,,,,
2002-805,Los Angeles,Hard,48,T2,,20020804,23,200010,,,Rita Grande,R,177,ITA,27.368,36,905,200086,9,,Magdalena Maleeva,R,168,BUL,27.343,16,1329,4-6 6-0 6-3,3,R32,,,,,,,,,,,,,,,,,,,
2002-805,Los Angeles,Hard,48,T2,,20020804,24,200011,,,Katarina Srebotnik,R,180,SLO,21.397,43,771,200079,5,,Kim Clijsters,R,175,BEL,19.157,6,3043,6-4 2-6 6-4,3,R32,,,,,,,,,,,,,,,,,,,
2002-805,Los Angeles,Hard,48,T2,,20020804,25,201305,,,Eleni Daniilidou,R,182,GRE,19.874,31,963,201290,6,,Daniela Hantuchova,R,181,SVK,19.283,12,1921,6-4 6-2,3,R32,,,,,,,,,,,,,,,,,,,
2002-805,Los Angeles,Hard,48,T2,,20020804,26,200124,10,,Anne Kremer,R,165,LUX,26.799,19,1265,201306,,,Marie Gaiane Mikaelian,R,172,SUI,18.421,60,546,6-2 6-2,3,R32,,,,,,,,,,,,,,,,,,,
2002-805,Los Angeles,Hard,48,T2,,20020804,27,200063,13,,Tatiana Panova,R,154,RUS,25.975,22,1185,200031,,,Meilen Tu,R,163,USA,24.545,48,690,6-2 6-4,3,R32,,,,,,,,,,,,,,,,,,,
2002-805,Los Angeles,Hard,48,T2,,20020804,28,200128,3,,Lindsay Davenport,R,189,USA,26.155,9,2597,200764,,WC,Elena Bovina,R,189,RUS,19.404,83,427,6-2 6-7(3) 6-3,3,R32,,,,,,,,,,,,,,,,,,,
2002-805,Los Angeles,Hard,48,T2,,20020804,29,200085,,,Ai Sugiyama,R,163,JPN,27.083,29,1034,200108,7,,Elena Dementieva,R,180,RUS,20.803,13,1719,6-2 6-7(5) 7-5,3,R32,,,,,,,,,,,,,,,,,,,
2002-805,Los Angeles,Hard,48,T2,,20020804,30,200064,,,Amanda Coetzer,R,158,RSA,30.785,35,918,200040,11,,Anna Smashnova,R,157,ISR,26.051,18,1268,6-0 6-2,3,R32,,,,,,,,,,,,,,,,,,,
2002-805,Los Angeles,Hard,48,T2,,20020804,31,200009,16,,Tamarine Tanasugarn,R,165,THA,25.197,28,1086,200041,,Q,Amy Frazier,R,175,USA,29.873,59,551,3-6 7-6(7) 6-1,3,R32,,,,,,,,,,,,,,,,,,,
2002-805,Los Angeles,Hard,48,T2,,20020804,32,200077,2,,Jennifer Capriati,R,170,USA,26.350,3,3946,200022,,,Emmanuelle Gagliardi,R,171,SUI,26.070,51,648,6-1 6-2,3,R32,,,,,,,,,,,,,,,,,,,
2002-805,Los Angeles,Hard,48,T2,,20020804,33,200033,1,,Serena Williams,R,175,USA,20.855,1,5742,200109,15,,Nathalie Dechy,R,177,FRA,23.450,27,1099,6-2 6-1,3,R16,,,,,,,,,,,,,,,,,,,
2002-805,Los Angeles,Hard,48,T2,,20020804,34,200039,12,,Chanda Rubin,R,168,USA,26.459,21,1205,201083,8,,Daja Bedanova,R,171,CZE,19.406,17,1286,6-2 6-1,3,R16,,,,,,,,,,,,,,,,,,,
2002-805,Los Angeles,Hard,48,T2,,20020804,35,200120,4,,Jelena Dokic,R,175,AUS,19.313,5,3246,200697,,,Janette Husarova,R,169,SVK,28.168,40,826,4-0 RET,3,R16,,,,,,,,,,,,,,,,,,,
2002-805,Los Angeles,Hard,48,T2,,20020804,36,200010,,,Rita Grande,R,177,ITA,27.368,36,905,200011,,,Katarina Srebotnik,R,180,SLO,21.397,43,771,6-2 6-1,3,R16,,,,,,,,,,,,,,,,,,,
2002-805,Los Angeles,Hard,48,T2,,20020804,37,201305,,,Eleni Daniilidou,R,182,GRE,19.874,31,963,200124,10,,Anne Kremer,R,165,LUX,26.799,19,1265,6-0 7-5,3,R16,,,,,,,,,,,,,,,,,,,
2002-805,Los Angeles,Hard,48,T2,,20020804,38,200128,3,,Lindsay Davenport,R,189,USA,26.155,9,2597,200063,13,,Tatiana Panova,R,154,RUS,25.975,22,1185,6-2 6-4,3,R16,,,,,,,,,,,,,,,,,,,
2002-805,Los Angeles,Hard,48,T2,,20020804,39,200085,,,Ai Sugiyama,R,163,JPN,27.083,29,1034,200064,,,Amanda Coetzer,R,158,RSA,30.785,35,918,6-1 7-6(4),3,R16,,,,,,,,,,,,,,,,,,,
2002-805,Los Angeles,Hard,48,T2,,20020804,40,200077,2,,Jennifer Capriati,R,170,USA,26.350,3,3946,200009,16,,Tamarine Tanasugarn,R,165,THA,25.197,28,1086,6-3 6-7(3) 6-2,3,R16,,,,,,,,,,,,,,,,,,,
2002-805,Los Angeles,Hard,48,T2,,20020804,41,200039,12,,Chanda Rubin,R,168,USA,26.459,21,1205,200033,1,,Serena Williams,R,175,USA,20.855,1,5742,6-2 4-6 7-5,3,QF,,,,,,,,,,,,,,,,,,,
2002-805,Los Angeles,Hard,48,T2,,20020804,42,200120,4,,Jelena Dokic,R,175,AUS,19.313,5,3246,200010,,,Rita Grande,R,177,ITA,27.368,36,905,6-4 6-1,3,QF,,,,,,,,,,,,,,,,,,,
2002-805,Los Angeles,Hard,48,T2,,20020804,43,200128,3,,Lindsay Davenport,R,189,USA,26.155,9,2597,201305,,,Eleni Daniilidou,R,182,GRE,19.874,31,963,7-6(2) 6-2,3,QF,,,,,,,,,,,,,,,,,,,
2002-805,Los Angeles,Hard,48,T2,,20020804,44,200085,,,Ai Sugiyama,R,163,JPN,27.083,29,1034,200077,2,,Jennifer Capriati,R,170,USA,26.350,3,3946,6-3 6-3,3,QF,,,,,,,,,,,,,,,,,,,
2002-805,Los Angeles,Hard,48,T2,,20020804,45,200039,12,,Chanda Rubin,R,168,USA,26.459,21,1205,200120,4,,Jelena Dokic,R,175,AUS,19.313,5,3246,6-0 6-2,3,SF,,,,,,,,,,,,,,,,,,,
2002-805,Los Angeles,Hard,48,T2,,20020804,46,200128,3,,Lindsay Davenport,R,189,USA,26.155,9,2597,200085,,,Ai Sugiyama,R,163,JPN,27.083,29,1034,6-3 6-4,3,SF,,,,,,,,,,,,,,,,,,,
2002-805,Los Angeles,Hard,48,T2,,20020804,47,200039,12,,Chanda Rubin,R,168,USA,26.459,21,1205,200128,3,,Lindsay Davenport,R,189,USA,26.155,9,2597,5-7 7-6(5) 6-3,3,F,,,,,,,,,,,,,,,,,,,
2002-1013,Helsinki,Clay,32,T4,,20020805,1,200700,1,,Silvia Farina Elia,R,172,ITA,30.273,14,1658,200025,,,Ludmila Cervanova,R,171,SVK,22.807,91,402,6-2 6-1,3,R32,,,,,,,,,,,,,,,,,,,
2002-1013,Helsinki,Clay,32,T4,,20020805,2,201320,,Q,Svetlana Kuznetsova,R,174,RUS,17.106,123,282,200106,,,Angeles Montolio,R,157,ESP,26.999,106,338,6-2 6-3,3,R32,,,,,,,,,,,,,,,,,,,
2002-1013,Helsinki,Clay,32,T4,,20020805,3,201309,,,Tatiana Perebiynis,R,173,UKR,19.639,121,286,200055,,,Mariana Diaz Oliva,R,172,ARG,26.402,89,409,6-1 6-1,3,R32,,,,,,,,,,,,,,,,,,,
2002-1013,Helsinki,Clay,32,T4,,20020805,4,200067,3,,Patty Schnyder,L,168,SUI,23.642,24,1134,200007,,,Silvija Talaja,R,173,CRO,24.556,73,468,5-7 6-2 7-5,3,R32,,,,,,,,,,,,,,,,,,,
2002-1013,Helsinki,Clay,32,T4,,20020805,5,201292,5,,Martina Sucha,R,170,SVK,21.706,44,760,201334,,Q,Zuzana Ondraskova,R,174,CZE,22.256,128,267,6-0 6-0,3,R32,,,,,,,,,,,,,,,,,,,
2002-1013,Helsinki,Clay,32,T4,,20020805,6,200090,,,Anca Barna,L,175,GER,25.227,78,461,200765,,Q,Katalin Marosi,R,178,HUN,22.730,169,183,6-2 6-2,3,R32,,,,,,,,,,,,,,,,,,,
2002-1013,Helsinki,Clay,32,T4,,20020805,7,201317,,,Aniko Kapros,R,173,HUN,18.733,126,272,201072,,,Eva Bes Ostariz,R,,ESP,29.556,127,269,6-4 6-3,3,R32,,,,,,,,,,,,,,,,,,,
2002-1013,Helsinki,Clay,32,T4,,20020805,8,200061,,,Gala Leon Garcia,L,163,ESP,28.617,125,273,200723,2,,Iva Majoli,R,175,CRO,24.981,23,1181,6-2 6-2,3,R32,,,,,,,,,,,,,,,,,,,
2002-1013,Helsinki,Clay,32,T4,,20020805,9,200044,,,Denisa Chladkova,R,174,CZE,23.489,102,361,201331,,,Iveta Benesova,L,170,CZE,19.508,113,310,6-7(4) 6-2 6-4,3,R32,,,,,,,,,,,,,,,,,,,
2002-1013,Helsinki,Clay,32,T4,,20020805,10,201466,,WC,Kaia Kanepi,R,181,EST,17.153,316,62,201322,,,Eva Dyrberg,R,175,DEN,22.465,79,451,6-3 6-1,3,R32,,,,,,,,,,,,,,,,,,,
2002-1013,Helsinki,Clay,32,T4,,20020805,11,200084,6,,Asa Carlsson,R,178,SWE,27.138,58,554,201298,,,Zsofia Gubacsi,R,173,HUN,21.331,122,285,7-5 7-5,3,R32,,,,,,,,,,,,,,,,,,,
2002-1013,Helsinki,Clay,32,T4,,20020805,12,200017,4,,Arantxa Sanchez Vicario,R,168,ESP,30.632,25,1117,202299,,Q,Maria Wolfbrandt,R,,SWE,23.384,240,104,6-1 6-2,3,R32,,,,,,,,,,,,,,,,,,,
2002-1013,Helsinki,Clay,32,T4,,20020805,13,200015,,,Petra Mandula,R,178,HUN,24.548,93,389,201441,,WC,Emma Laine,L,164,FIN,16.362,,,6-2 6-2,3,R32,,,,,,,,,,,,,,,,,,,
2002-1013,Helsinki,Clay,32,T4,,20020805,14,200114,,,Patricia Wartusch,R,175,AUT,24.000,80,448,200066,,,Cristina Torrens Valero,R,171,ESP,27.897,94,387,7-6(3) 6-3,3,R32,,,,,,,,,,,,,,,,,,,
2002-1013,Helsinki,Clay,32,T4,,20020805,15,201297,8,,Maja Matevzic,L,175,SLO,22.144,55,580,200050,,,Sandra Kleinova,R,177,CZE,24.244,118,293,6-3 5-7 6-4,3,R32,,,,,,,,,,,,,,,,,,,
2002-1013,Helsinki,Clay,32,T4,,20020805,16,200732,,,Magdalena Grzybowska,R,184,POL,23.702,,,201310,7,,Martina Muller,R,165,GER,19.817,68,506,6-3 2-6 6-2,3,R32,,,,,,,,,,,,,,,,,,,
2002-1013,Helsinki,Clay,32,T4,,20020805,17,200044,,,Denisa Chladkova,R,174,CZE,23.489,102,361,200700,1,,Silvia Farina Elia,R,172,ITA,30.273,14,1658,7-5 7-6(3),3,R16,,,,,,,,,,,,,,,,,,,
2002-1013,Helsinki,Clay,32,T4,,20020805,18,200084,6,,Asa Carlsson,R,178,SWE,27.138,58,554,201466,,WC,Kaia Kanepi,R,181,EST,17.153,316,62,6-0 6-4,3,R16,,,,,,,,,,,,,,,,,,,
2002-1013,Helsinki,Clay,32,T4,,20020805,19,200015,,,Petra Mandula,R,178,HUN,24.548,93,389,200017,4,,Arantxa Sanchez Vicario,R,168,ESP,30.632,25,1117,4-6 6-3 7-6(3),3,R16,,,,,,,,,,,,,,,,,,,
2002-1013,Helsinki,Clay,32,T4,,20020805,20,200114,,,Patricia Wartusch,R,175,AUT,24.000,80,448,201297,8,,Maja Matevzic,L,175,SLO,22.144,55,580,6-4 6-4,3,R16,,,,,,,,,,,,,,,,,,,
2002-1013,Helsinki,Clay,32,T4,,20020805,21,201320,,Q,Svetlana Kuznetsova,R,174,RUS,17.106,123,282,200732,,,Magdalena Grzybowska,R,184,POL,23.702,,,6-3 6-0,3,R16,,,,,,,,,,,,,,,,,,,
2002-1013,Helsinki,Clay,32,T4,,20020805,22,200067,3,,Patty Schnyder,L,168,SUI,23.642,24,1134,201309,,,Tatiana Perebiynis,R,173,UKR,19.639,121,286,3-6 6-2 6-2,3,R16,,,,,,,,,,,,,,,,,,,
2002-1013,Helsinki,Clay,32,T4,,20020805,23,201292,5,,Martina Sucha,R,170,SVK,21.706,44,760,200090,,,Anca Barna,L,175,GER,25.227,78,461,6-4 6-4,3,R16,,,,,,,,,,,,,,,,,,,
2002-1013,Helsinki,Clay,32,T4,,20020805,24,200061,,,Gala Leon Garcia,L,163,ESP,28.617,125,273,201317,,,Aniko Kapros,R,173,HUN,18.733,126,272,6-3 6-2,3,R16,,,,,,,,,,,,,,,,,,,
2002-1013,Helsinki,Clay,32,T4,,20020805,25,200044,,,Denisa Chladkova,R,174,CZE,23.489,102,361,200084,6,,Asa Carlsson,R,178,SWE,27.138,58,554,6-3 6-2,3,QF,,,,,,,,,,,,,,,,,,,
2002-1013,Helsinki,Clay,32,T4,,20020805,26,200114,,,Patricia Wartusch,R,175,AUT,24.000,80,448,200015,,,Petra Mandula,R,178,HUN,24.548,93,389,6-4 6-1,3,QF,,,,,,,,,,,,,,,,,,,
2002-1013,Helsinki,Clay,32,T4,,20020805,27,201320,,Q,Svetlana Kuznetsova,R,174,RUS,17.106,123,282,200067,3,,Patty Schnyder,L,168,SUI,23.642,24,1134,2-6 6-1 6-2,3,QF,,,,,,,,,,,,,,,,,,,
2002-1013,Helsinki,Clay,32,T4,,20020805,28,201292,5,,Martina Sucha,R,170,SVK,21.706,44,760,200061,,,Gala Leon Garcia,L,163,ESP,28.617,125,273,6-1 6-2,3,QF,,,,,,,,,,,,,,,,,,,
2002-1013,Helsinki,Clay,32,T4,,20020805,29,200044,,,Denisa Chladkova,R,174,CZE,23.489,102,361,200114,,,Patricia Wartusch,R,175,AUT,24.000,80,448,7-5 7-6(4),3,SF,,,,,,,,,,,,,,,,,,,
2002-1013,Helsinki,Clay,32,T4,,20020805,30,201320,,Q,Svetlana Kuznetsova,R,174,RUS,17.106,123,282,201292,5,,Martina Sucha,R,170,SVK,21.706,44,760,6-2 3-6 7-5,3,SF,,,,,,,,,,,,,,,,,,,
2002-1013,Helsinki,Clay,32,T4,,20020805,31,201320,,Q,Svetlana Kuznetsova,R,174,RUS,17.106,123,282,200044,,,Denisa Chladkova,R,174,CZE,23.489,102,361,0-6 6-3 7-6(2),3,F,,,,,,,,,,,,,,,,,,,
2002-806,Montreal,Hard,56,T1,,20020812,1,200110,,,Fabiola Zuluaga,R,172,COL,23.595,109,336,201204,,,Iroda Tulyaganova,R,170,UZB,20.595,41,819,6-1 6-2,3,R64,,,,,,,,,,,,,,,,,,,
2002-806,Montreal,Hard,56,T1,,20020812,2,200108,9,,Elena Dementieva,R,180,RUS,20.825,13,1699,200727,,,Adriana Serra Zanetti,R,160,ITA,26.437,48,676,6-3 6-4,3,R64,,,,,,,,,,,,,,,,,,,
2002-806,Montreal,Hard,56,T1,,20020812,3,200064,,,Amanda Coetzer,R,158,RSA,30.807,32,967,200072,,Q,Cara Black,R,167,ZIM,23.483,70,496,6-2 6-2,3,R64,,,,,,,,,,,,,,,,,,,
2002-806,Montreal,Hard,56,T1,,20020812,4,200067,,,Patty Schnyder,L,168,SUI,23.661,25,1167,200048,,,Elena Likhovtseva,R,174,RUS,26.927,36,898,7-6(4) 7-5,3,R64,,,,,,,,,,,,,,,,,,,
2002-806,Montreal,Hard,56,T1,,20020812,5,200027,,Q,Magui Serna,L,167,ESP,23.450,53,614,200709,,Q,Rossana De Los Rios,R,170,PAR,26.905,77,462,6-3 2-6 6-2,3,R64,,,,,,,,,,,,,,,,,,,
2002-806,Montreal,Hard,56,T1,,20020812,6,200109,,,Nathalie Dechy,R,177,FRA,23.472,28,1109,200723,,,Iva Majoli,R,175,CRO,25.000,24,1181,6-3 6-1,3,R64,,,,,,,,,,,,,,,,,,,
2002-806,Montreal,Hard,56,T1,,20020812,7,201302,,,Clarisa Fernandez,L,179,ARG,20.956,37,891,200772,11,,Anastasia Myskina,R,174,RUS,21.096,16,1490,6-3 6-1,3,R64,,,,,,,,,,,,,,,,,,,
2002-806,Montreal,Hard,56,T1,,20020812,8,200083,,,Alexandra Stevenson,R,185,USA,21.657,34,940,200040,13,,Anna Smashnova,R,157,ISR,26.073,19,1268,6-2 7-6(4),3,R64,,,,,,,,,,,,,,,,,,,
2002-806,Montreal,Hard,56,T1,,20020812,9,200009,,,Tamarine Tanasugarn,R,165,THA,25.219,29,1101,200122,,,Tina Pisnik,R,172,SLO,21.476,44,765,6-0 6-1,3,R64,,,,,,,,,,,,,,,,,,,
2002-806,Montreal,Hard,56,T1,,20020812,10,201292,,,Martina Sucha,R,170,SVK,21.725,42,810,200697,,,Janette Husarova,R,169,SVK,28.189,38,856,6-2 6-2,3,R64,,,,,,,,,,,,,,,,,,,
2002-806,Montreal,Hard,56,T1,,20020812,11,200098,,Q,Henrieta Nagyova,R,177,SVK,23.658,45,744,200096,,WC,Mary Pierce,R,178,FRA,27.573,49,676,7-6(7) 6-7(4) 7-5,3,R64,,,,,,,,,,,,,,,,,,,
2002-806,Montreal,Hard,56,T1,,20020812,12,200113,,WC,Anna Kournikova,R,173,RUS,21.180,40,846,201323,,Q,Saori Obata,L,165,JPN,24.304,102,369,6-3 6-1,3,R64,,,,,,,,,,,,,,,,,,,
2002-806,Montreal,Hard,56,T1,,20020812,13,201212,,LL,Francesca Schiavone,R,166,ITA,22.136,46,735,201305,,,Eleni Daniilidou,R,182,GRE,19.896,30,1065,6-7(10) 6-4 6-4,3,R64,,,,,,,,,,,,,,,,,,,
2002-806,Montreal,Hard,56,T1,,20020812,14,201083,12,,Daja Bedanova,R,171,CZE,19.428,18,1273,200754,,Q,Jill Craybas,R,160,USA,28.107,75,470,2-6 6-1 6-4,3,R64,,,,,,,,,,,,,,,,,,,
2002-806,Montreal,Hard,56,T1,,20020812,15,200085,,,Ai Sugiyama,R,163,JPN,27.105,21,1220,200020,15,,Lisa Raymond,R,165,USA,29.005,22,1210,6-3 6-1,3,R64,,,,,,,,,,,,,,,,,,,
2002-806,Montreal,Hard,56,T1,,20020812,16,200107,,,Paola Suarez,R,170,ARG,26.136,33,965,200010,,,Rita Grande,R,177,ITA,27.390,31,983,6-0 6-4,3,R64,,,,,,,,,,,,,,,,,,,
2002-806,Montreal,Hard,56,T1,,20020812,17,201312,,Q,Sarah Taylor,R,,USA,20.764,112,321,200012,,WC,Jana Nejedly,R,175,CAN,28.176,115,308,6-1 6-0,3,R64,,,,,,,,,,,,,,,,,,,
2002-806,Montreal,Hard,56,T1,,20020812,18,200118,,Q,Virginia Ruano Pascual,R,169,ESP,28.890,66,509,200124,14,,Anne Kremer,R,165,LUX,26.821,20,1265,6-1 6-0,3,R64,,,,,,,,,,,,,,,,,,,
2002-806,Montreal,Hard,56,T1,,20020812,19,200700,10,,Silvia Farina Elia,R,172,ITA,30.292,14,1658,200028,,WC,Maureen Drake,R,175,CAN,31.396,108,336,6-2 7-5,3,R64,,,,,,,,,,,,,,,,,,,
2002-806,Montreal,Hard,56,T1,,20020812,20,201281,,Q,Laura Granville,R,175,USA,21.252,93,403,200017,,,Arantxa Sanchez Vicario,R,168,ESP,30.651,26,1130,6-2 6-2,3,R64,,,,,,,,,,,,,,,,,,,
2002-806,Montreal,Hard,56,T1,,20020812,21,200066,,,Cristina Torrens Valero,R,171,ESP,27.916,96,387,200042,,Q,Els Callens,R,178,BEL,31.979,81,446,7-6(3) 2-6 6-3,3,R64,,,,,,,,,,,,,,,,,,,
2002-806,Montreal,Hard,56,T1,,20020812,22,200036,,,Nicole Pratt,R,163,AUS,29.438,43,788,201284,,Q,Tatiana Poutchek,R,176,BLR,23.590,61,532,6-1 6-3,3,R64,,,,,,,,,,,,,,,,,,,
2002-806,Montreal,Hard,56,T1,,20020812,23,200032,,,Barbara Schett,R,176,AUT,26.424,35,933,200126,,Q,Marissa Irvin,R,170,USA,22.136,51,646,1-6 6-3 6-4,3,R64,,,,,,,,,,,,,,,,,,,
2002-806,Montreal,Hard,56,T1,,20020812,24,200039,16,,Chanda Rubin,R,168,USA,26.481,15,1623,200063,,,Tatiana Panova,R,154,RUS,25.996,23,1207,6-1 6-3,3,R64,,,,,,,,,,,,,,,,,,,
2002-806,Montreal,Hard,56,T1,,20020812,25,200110,,,Fabiola Zuluaga,R,172,COL,23.595,109,336,200031,,LL,Meilen Tu,R,163,USA,24.567,47,697,6-3 2-6 6-1,3,R32,,,,,,,,,,,,,,,,,,,
2002-806,Montreal,Hard,56,T1,,20020812,26,200118,,Q,Virginia Ruano Pascual,R,169,ESP,28.890,66,509,200113,,WC,Anna Kournikova,R,173,RUS,21.180,40,846,7-5 6-1,3,R32,,,,,,,,,,,,,,,,,,,
2002-806,Montreal,Hard,56,T1,,20020812,27,201281,,Q,Laura Granville,R,175,USA,21.252,93,403,200700,10,,Silvia Farina Elia,R,172,ITA,30.292,14,1658,6-2 6-1,3,R32,,,,,,,,,,,,,,,,,,,
2002-806,Montreal,Hard,56,T1,,20020812,28,200065,7,,Amelie Mauresmo,R,175,FRA,23.105,10,2285,200066,,,Cristina Torrens Valero,R,171,ESP,27.916,96,387,6-1 6-2,3,R32,,,,,,,,,,,,,,,,,,,
2002-806,Montreal,Hard,56,T1,,20020812,29,200079,4,,Kim Clijsters,R,175,BEL,19.179,7,2978,200036,,,Nicole Pratt,R,163,AUS,29.438,43,788,6-4 3-6 6-1,3,R32,,,,,,,,,,,,,,,,,,,
2002-806,Montreal,Hard,56,T1,,20020812,30,200032,,,Barbara Schett,R,176,AUT,26.424,35,933,200039,16,,Chanda Rubin,R,168,USA,26.481,15,1623,6-4 6-4,3,R32,,,,,,,,,,,,,,,,,,,
2002-806,Montreal,Hard,56,T1,,20020812,31,200064,,,Amanda Coetzer,R,158,RSA,30.807,32,967,200108,9,,Elena Dementieva,R,180,RUS,20.825,13,1699,6-3 6-3,3,R32,,,,,,,,,,,,,,,,,,,
2002-806,Montreal,Hard,56,T1,,20020812,32,201290,8,,Daniela Hantuchova,R,181,SVK,19.305,12,1921,200067,,,Patty Schnyder,L,168,SUI,23.661,25,1167,6-3 7-6(3),3,R32,,,,,,,,,,,,,,,,,,,
2002-806,Montreal,Hard,56,T1,,20020812,33,200001,6,,Martina Hingis,R,170,SUI,21.865,8,2572,200027,,Q,Magui Serna,L,167,ESP,23.450,53,614,6-4 6-3,3,R32,,,,,,,,,,,,,,,,,,,
2002-806,Montreal,Hard,56,T1,,20020812,34,201302,,,Clarisa Fernandez,L,179,ARG,20.956,37,891,200109,,,Nathalie Dechy,R,177,FRA,23.472,28,1109,6-3 4-6 6-4,3,R32,,,,,,,,,,,,,,,,,,,
2002-806,Montreal,Hard,56,T1,,20020812,35,200083,,,Alexandra Stevenson,R,185,USA,21.657,34,940,200009,,,Tamarine Tanasugarn,R,165,THA,25.219,29,1101,6-3 5-7 6-4,3,R32,,,,,,,,,,,,,,,,,,,
2002-806,Montreal,Hard,56,T1,,20020812,36,200120,3,,Jelena Dokic,R,175,AUS,19.335,5,3264,201292,,,Martina Sucha,R,170,SVK,21.725,42,810,6-3 6-4,3,R32,,,,,,,,,,,,,,,,,,,
2002-806,Montreal,Hard,56,T1,,20020812,37,200003,5,,Justine Henin,R,167,BEL,20.198,6,3005,200098,,Q,Henrieta Nagyova,R,177,SVK,23.658,45,744,5-7 6-0 4-1 RET,3,R32,,,,,,,,,,,,,,,,,,,
2002-806,Montreal,Hard,56,T1,,20020812,38,201212,,LL,Francesca Schiavone,R,166,ITA,22.136,46,735,201083,12,,Daja Bedanova,R,171,CZE,19.428,18,1273,4-6 6-4 6-2,3,R32,,,,,,,,,,,,,,,,,,,
2002-806,Montreal,Hard,56,T1,,20020812,39,200085,,,Ai Sugiyama,R,163,JPN,27.105,21,1220,200107,,,Paola Suarez,R,170,ARG,26.136,33,965,3-6 6-4 6-2,3,R32,,,,,,,,,,,,,,,,,,,
2002-806,Montreal,Hard,56,T1,,20020812,40,200077,2,,Jennifer Capriati,R,170,USA,26.372,3,4018,201312,,Q,Sarah Taylor,R,,USA,20.764,112,321,6-4 6-1,3,R32,,,,,,,,,,,,,,,,,,,
2002-806,Montreal,Hard,56,T1,,20020812,41,200110,,,Fabiola Zuluaga,R,172,COL,23.595,109,336,200118,,Q,Virginia Ruano Pascual,R,169,ESP,28.890,66,509,6-3 6-2,3,R16,,,,,,,,,,,,,,,,,,,
2002-806,Montreal,Hard,56,T1,,20020812,42,200065,7,,Amelie Mauresmo,R,175,FRA,23.105,10,2285,201281,,Q,Laura Granville,R,175,USA,21.252,93,403,7-6(7) 7-6(5),3,R16,,,,,,,,,,,,,,,,,,,
2002-806,Montreal,Hard,56,T1,,20020812,43,200032,,,Barbara Schett,R,176,AUT,26.424,35,933,200079,4,,Kim Clijsters,R,175,BEL,19.179,7,2978,6-4 6-4,3,R16,,,,,,,,,,,,,,,,,,,
2002-806,Montreal,Hard,56,T1,,20020812,44,201290,8,,Daniela Hantuchova,R,181,SVK,19.305,12,1921,200064,,,Amanda Coetzer,R,158,RSA,30.807,32,967,6-1 6-3,3,R16,,,,,,,,,,,,,,,,,,,
2002-806,Montreal,Hard,56,T1,,20020812,45,200001,6,,Martina Hingis,R,170,SUI,21.865,8,2572,201302,,,Clarisa Fernandez,L,179,ARG,20.956,37,891,6-4 6-2,3,R16,,,,,,,,,,,,,,,,,,,
2002-806,Montreal,Hard,56,T1,,20020812,46,200120,3,,Jelena Dokic,R,175,AUS,19.335,5,3264,200083,,,Alexandra Stevenson,R,185,USA,21.657,34,940,1-6 7-5 6-1,3,R16,,,,,,,,,,,,,,,,,,,
2002-806,Montreal,Hard,56,T1,,20020812,47,200003,5,,Justine Henin,R,167,BEL,20.198,6,3005,201212,,LL,Francesca Schiavone,R,166,ITA,22.136,46,735,6-3 7-6(2),3,R16,,,,,,,,,,,,,,,,,,,
2002-806,Montreal,Hard,56,T1,,20020812,48,200077,2,,Jennifer Capriati,R,170,USA,26.372,3,4018,200085,,,Ai Sugiyama,R,163,JPN,27.105,21,1220,6-1 7-5,3,R16,,,,,,,,,,,,,,,,,,,
2002-806,Montreal,Hard,56,T1,,20020812,49,200065,7,,Amelie Mauresmo,R,175,FRA,23.105,10,2285,200110,,,Fabiola Zuluaga,R,172,COL,23.595,109,336,6-0 6-2,3,QF,,,,,,,,,,,,,,,,,,,
2002-806,Montreal,Hard,56,T1,,20020812,50,201290,8,,Daniela Hantuchova,R,181,SVK,19.305,12,1921,200032,,,Barbara Schett,R,176,AUT,26.424,35,933,6-3 6-3,3,QF,,,,,,,,,,,,,,,,,,,
2002-806,Montreal,Hard,56,T1,,20020812,51,200120,3,,Jelena Dokic,R,175,AUS,19.335,5,3264,200001,6,,Martina Hingis,R,170,SUI,21.865,8,2572,6-4 6-3,3,QF,,,,,,,,,,,,,,,,,,,
2002-806,Montreal,Hard,56,T1,,20020812,52,200077,2,,Jennifer Capriati,R,170,USA,26.372,3,4018,200003,5,,Justine Henin,R,167,BEL,20.198,6,3005,4-6 6-0 6-2,3,QF,,,,,,,,,,,,,,,,,,,
2002-806,Montreal,Hard,56,T1,,20020812,53,200065,7,,Amelie Mauresmo,R,175,FRA,23.105,10,2285,201290,8,,Daniela Hantuchova,R,181,SVK,19.305,12,1921,6-2 7-6(3),3,SF,,,,,,,,,,,,,,,,,,,
2002-806,Montreal,Hard,56,T1,,20020812,54,200077,2,,Jennifer Capriati,R,170,USA,26.372,3,4018,200120,3,,Jelena Dokic,R,175,AUS,19.335,5,3264,7-6(5) 4-0 RET,3,SF,,,,,,,,,,,,,,,,,,,
2002-806,Montreal,Hard,56,T1,,20020812,55,200065,7,,Amelie Mauresmo,R,175,FRA,23.105,10,2285,200077,2,,Jennifer Capriati,R,170,USA,26.372,3,4018,6-4 6-1,3,F,,,,,,,,,,,,,,,,,,,
2002-602,New Haven,Hard,28,T2,,20020819,1,200046,,,Meghann Shaughnessy,R,180,USA,23.352,31,1025,200009,,,Tamarine Tanasugarn,R,165,THA,25.238,28,1102,4-6 6-2 7-5,3,R32,,,,,,,,,,,,,,,,,,,
2002-602,New Haven,Hard,28,T2,,20020819,2,200065,6,,Amelie Mauresmo,R,175,FRA,23.124,9,2622,200063,,,Tatiana Panova,R,154,RUS,26.016,23,1207,6-2 6-2,3,R32,,,,,,,,,,,,,,,,,,,
2002-602,New Haven,Hard,28,T2,,20020819,3,200764,,Q,Elena Bovina,R,189,RUS,19.445,77,464,200020,,WC,Lisa Raymond,R,165,USA,29.025,22,1210,4-6 6-1 6-2,3,R32,,,,,,,,,,,,,,,,,,,
2002-602,New Haven,Hard,28,T2,,20020819,4,201204,,,Iroda Tulyaganova,R,170,UZB,20.614,42,819,200017,,,Arantxa Sanchez Vicario,R,168,ESP,30.670,26,1130,7-6(5) 6-3,3,R32,,,,,,,,,,,,,,,,,,,
2002-602,New Haven,Hard,28,T2,,20020819,5,201281,,Q,Laura Granville,R,175,USA,21.271,62,515,201083,,,Daja Bedanova,R,171,CZE,19.447,21,1225,3-6 6-4 6-1,3,R32,,,,,,,,,,,,,,,,,,,
2002-602,New Haven,Hard,28,T2,,20020819,6,201333,,Q,Angelika Roesch,R,172,GER,25.197,94,387,200108,8,,Elena Dementieva,R,180,RUS,20.844,13,1688,6-3 1-6 6-3,3,R32,,,,,,,,,,,,,,,,,,,
2002-602,New Haven,Hard,28,T2,,20020819,7,200067,,,Patty Schnyder,L,168,SUI,23.680,24,1199,200777,,Q,Marta Marrero,R,173,ESP,19.590,105,364,6-4 6-1,3,R32,,,,,,,,,,,,,,,,,,,
2002-602,New Haven,Hard,28,T2,,20020819,8,200723,,,Iva Majoli,R,175,CRO,25.019,25,1158,200700,,,Silvia Farina Elia,R,172,ITA,30.311,14,1658,6-2 4-6 7-6(2),3,R32,,,,,,,,,,,,,,,,,,,
2002-602,New Haven,Hard,28,T2,,20020819,9,201290,7,,Daniela Hantuchova,R,181,SVK,19.324,11,2072,200766,,Q,Jennifer Hopkins,R,170,USA,21.520,103,372,6-3 6-4,3,R32,,,,,,,,,,,,,,,,,,,
2002-602,New Haven,Hard,28,T2,,20020819,10,200001,5,,Martina Hingis,R,170,SUI,21.884,8,2659,200040,,,Anna Smashnova,R,157,ISR,26.092,18,1268,6-4 6-4,3,R32,,,,,,,,,,,,,,,,,,,
2002-602,New Haven,Hard,28,T2,,20020819,11,200083,,WC,Alexandra Stevenson,R,185,USA,21.676,32,1014,200056,,Q,Jelena Kostanic Tosic,L,168,CRO,21.120,87,423,6-3 7-5,3,R32,,,,,,,,,,,,,,,,,,,
2002-602,New Haven,Hard,28,T2,,20020819,12,200772,,,Anastasia Myskina,R,174,RUS,21.115,16,1490,200049,,WC,Conchita Martinez,R,170,ESP,30.341,59,567,6-1 6-4,3,R32,,,,,,,,,,,,,,,,,,,
2002-602,New Haven,Hard,28,T2,,20020819,13,200748,1,,Venus Williams,R,185,USA,22.172,2,5178,200046,,,Meghann Shaughnessy,R,180,USA,23.352,31,1025,6-2 6-4,3,R16,,,,,,,,,,,,,,,,,,,
2002-602,New Haven,Hard,28,T2,,20020819,14,201281,,Q,Laura Granville,R,175,USA,21.271,62,515,201333,,Q,Angelika Roesch,R,172,GER,25.197,94,387,7-5 6-2,3,R16,,,,,,,,,,,,,,,,,,,
2002-602,New Haven,Hard,28,T2,,20020819,15,200067,,,Patty Schnyder,L,168,SUI,23.680,24,1199,201292,,LL,Martina Sucha,R,170,SVK,21.744,41,842,2-6 6-3 6-3,3,R16,,,,,,,,,,,,,,,,,,,
2002-602,New Haven,Hard,28,T2,,20020819,16,201290,7,,Daniela Hantuchova,R,181,SVK,19.324,11,2072,200723,,,Iva Majoli,R,175,CRO,25.019,25,1158,4-6 6-4 6-1,3,R16,,,,,,,,,,,,,,,,,,,
2002-602,New Haven,Hard,28,T2,,20020819,17,200001,5,,Martina Hingis,R,170,SUI,21.884,8,2659,200083,,WC,Alexandra Stevenson,R,185,USA,21.676,32,1014,7-5 6-4,3,R16,,,,,,,,,,,,,,,,,,,
2002-602,New Haven,Hard,28,T2,,20020819,18,200772,,,Anastasia Myskina,R,174,RUS,21.115,16,1490,200003,4,,Justine Henin,R,167,BEL,20.217,7,3004,7-5 6-2,3,R16,,,,,,,,,,,,,,,,,,,
2002-602,New Haven,Hard,28,T2,,20020819,19,200065,6,,Amelie Mauresmo,R,175,FRA,23.124,9,2622,200764,,Q,Elena Bovina,R,189,RUS,19.445,77,464,6-4 4-6 7-6(1),3,R16,,,,,,,,,,,,,,,,,,,
2002-602,New Haven,Hard,28,T2,,20020819,20,200128,2,,Lindsay Davenport,R,189,USA,26.196,10,2450,201204,,,Iroda Tulyaganova,R,170,UZB,20.614,42,819,6-4 7-6(3),3,R16,,,,,,,,,,,,,,,,,,,
2002-602,New Haven,Hard,28,T2,,20020819,21,200748,1,,Venus Williams,R,185,USA,22.172,2,5178,201281,,Q,Laura Granville,R,175,USA,21.271,62,515,6-2 6-1,3,QF,,,,,,,,,,,,,,,,,,,
2002-602,New Haven,Hard,28,T2,,20020819,22,201290,7,,Daniela Hantuchova,R,181,SVK,19.324,11,2072,200067,,,Patty Schnyder,L,168,SUI,23.680,24,1199,6-4 6-3,3,QF,,,,,,,,,,,,,,,,,,,
2002-602,New Haven,Hard,28,T2,,20020819,23,200772,,,Anastasia Myskina,R,174,RUS,21.115,16,1490,200001,5,,Martina Hingis,R,170,SUI,21.884,8,2659,6-7(2) 6-4 6-0,3,QF,,,,,,,,,,,,,,,,,,,
2002-602,New Haven,Hard,28,T2,,20020819,24,200128,2,,Lindsay Davenport,R,189,USA,26.196,10,2450,200065,6,,Amelie Mauresmo,R,175,FRA,23.124,9,2622,7-6(7) 6-3,3,QF,,,,,,,,,,,,,,,,,,,
2002-602,New Haven,Hard,28,T2,,20020819,25,200748,1,,Venus Williams,R,185,USA,22.172,2,5178,201290,7,,Daniela Hantuchova,R,181,SVK,19.324,11,2072,6-3 6-3,3,SF,,,,,,,,,,,,,,,,,,,
2002-602,New Haven,Hard,28,T2,,20020819,26,200128,2,,Lindsay Davenport,R,189,USA,26.196,10,2450,200772,,,Anastasia Myskina,R,174,RUS,21.115,16,1490,6-2 6-2,3,SF,,,,,,,,,,,,,,,,,,,
2002-602,New Haven,Hard,28,T2,,20020819,27,200748,1,,Venus Williams,R,185,USA,22.172,2,5178,200128,2,,Lindsay Davenport,R,189,USA,26.196,10,2450,7-5 6-0,3,F,,,,,,,,,,,,,,,,,,,
2002-905,US Open,Hard,128,G,,20020826,1,200033,1,,Serena Williams,R,175,USA,20.915,1,5322,200125,,WC,Corina Morariu,R,174,USA,24.581,,,6-2 6-3,3,R128,,,,,,,,,,,,,,,,,,,
2002-905,US Open,Hard,128,G,,20020826,2,200043,,,Virginie Razzano,R,173,FRA,19.291,104,354,200055,,,Mariana Diaz Oliva,R,172,ARG,26.459,97,386,7-5 6-1,3,R128,,,,,,,,,,,,,,,,,,,
2002-905,US Open,Hard,128,G,,20020826,3,200011,,,Katarina Srebotnik,R,180,SLO,21.457,42,853,201281,,,Laura Granville,R,175,USA,21.290,52,613,6-3 6-4,3,R128,,,,,,,,,,,,,,,,,,,
2002-905,US Open,Hard,128,G,,20020826,4,200723,24,,Iva Majoli,R,175,CRO,25.038,22,1217,201315,,WC,Ashley Harkleroad,R,165,USA,17.317,165,191,6-3 6-2,3,R128,,,,,,,,,,,,,,,,,,,
2002-905,US Open,Hard,128,G,,20020826,5,200009,27,,Tamarine Tanasugarn,R,165,THA,25.257,27,1102,200094,,,Barbara Rittner,R,173,GER,29.337,68,507,6-4 6-7(4) 6-2,3,R128,,,,,,,,,,,,,,,,,,,
2002-905,US Open,Hard,128,G,,20020826,6,201338,,WC,Bea Bielik,R,183,USA,21.742,,,201339,,Q,Renata Voracova,R,,CZE,18.889,148,220,6-4 6-4,3,R128,,,,,,,,,,,,,,,,,,,
2002-905,US Open,Hard,128,G,,20020826,7,200072,,,Cara Black,R,167,ZIM,23.521,65,511,201300,,Q,Maria Emilia Salerni,R,174,ARG,19.286,145,221,6-3 6-7(8) 6-4,3,R128,,,,,,,,,,,,,,,,,,,
2002-905,US Open,Hard,128,G,,20020826,8,200003,8,,Justine Henin,R,167,BEL,20.236,6,2986,200749,,,Samantha Reeves,R,173,USA,23.606,66,511,6-1 6-2,3,R128,,,,,,,,,,,,,,,,,,,
2002-905,US Open,Hard,128,G,,20020826,9,200128,4,,Lindsay Davenport,R,189,USA,26.215,10,2488,201322,,,Eva Dyrberg,R,175,DEN,22.522,82,449,6-2 6-1,3,R128,,,,,,,,,,,,,,,,,,,
2002-905,US Open,Hard,128,G,,20020826,10,200015,,,Petra Mandula,R,178,HUN,24.606,90,415,200089,,,Miriam Oremans,R,169,NED,29.961,102,370,4-6 6-4 6-2,3,R128,,,,,,,,,,,,,,,,,,,
2002-905,US Open,Hard,128,G,,20020826,11,200709,,,Rossana De Los Rios,R,170,PAR,26.944,70,490,200025,,,Ludmila Cervanova,R,171,SVK,22.864,92,402,6-1 6-4,3,R128,,,,,,,,,,,,,,,,,,,
2002-905,US Open,Hard,128,G,,20020826,12,201336,,,Dinara Safina,R,185,RUS,16.332,91,404,200010,,,Rita Grande,R,177,ITA,27.428,36,948,7-6(5) 6-1,3,R128,,,,,,,,,,,,,,,,,,,
2002-905,US Open,Hard,128,G,,20020826,13,201294,,Q,Marion Bartoli,R,170,FRA,17.898,231,117,200017,25,,Arantxa Sanchez Vicario,R,168,ESP,30.689,28,1090,6-3 6-1,3,R128,,,,,,,,,,,,,,,,,,,
2002-905,US Open,Hard,128,G,,20020826,14,201320,,Q,Svetlana Kuznetsova,R,174,RUS,17.164,88,429,200124,19,,Anne Kremer,R,165,LUX,26.859,20,1265,7-6(3) 6-2,3,R128,,,,,,,,,,,,,,,,,,,
2002-905,US Open,Hard,128,G,,20020826,15,200697,,,Janette Husarova,R,169,SVK,28.228,41,856,201340,,Q,Maria Geznenge,R,,GER,25.454,218,127,6-0 7-5,3,R128,,,,,,,,,,,,,,,,,,,
2002-905,US Open,Hard,128,G,,20020826,16,200042,,,Els Callens,R,178,BEL,32.017,78,467,200060,,,Tathiana Garbin,R,172,ITA,25.156,67,511,6-0 2-6 6-1,3,R128,,,,,,,,,,,,,,,,,,,
2002-905,US Open,Hard,128,G,,20020826,17,200700,13,,Silvia Farina Elia,R,172,ITA,30.331,14,1658,200115,,Q,Brie Rippner,R,175,USA,22.596,240,108,6-1 6-4,3,R128,,,,,,,,,,,,,,,,,,,
2002-905,US Open,Hard,128,G,,20020826,18,200108,12,,Elena Dementieva,R,180,RUS,20.863,13,1688,201323,,,Saori Obata,L,165,JPN,24.343,94,388,6-2 6-4,3,R128,,,,,,,,,,,,,,,,,,,
2002-905,US Open,Hard,128,G,,20020826,19,201212,,,Francesca Schiavone,R,166,ITA,22.174,43,819,201207,,Q,Ansley Cargill,R,170,USA,20.638,162,199,3-6 6-1 6-1,3,R128,,,,,,,,,,,,,,,,,,,
2002-905,US Open,Hard,128,G,,20020826,20,200110,,Q,Fabiola Zuluaga,R,172,COL,23.634,86,433,201312,,WC,Sarah Taylor,R,,USA,20.803,101,374,6-3 4-6 6-2,3,R128,,,,,,,,,,,,,,,,,,,
2002-905,US Open,Hard,128,G,,20020826,21,200063,22,,Tatiana Panova,R,154,RUS,26.035,23,1207,200068,,,Lilia Osterloh,R,170,USA,24.387,110,326,6-1 6-1,3,R128,,,,,,,,,,,,,,,,,,,
2002-905,US Open,Hard,128,G,,20020826,22,200773,,,Stephanie Foretz Gacon,R,166,FRA,21.315,89,423,200083,31,,Alexandra Stevenson,R,185,USA,21.695,31,1041,6-4 5-7 6-3,3,R128,,,,,,,,,,,,,,,,,,,
2002-905,US Open,Hard,128,G,,20020826,23,201204,,,Iroda Tulyaganova,R,170,UZB,20.633,40,858,200727,,,Adriana Serra Zanetti,R,160,ITA,26.476,50,646,6-0 6-0,3,R128,,,,,,,,,,,,,,,,,,,
2002-905,US Open,Hard,128,G,,20020826,24,201327,,,Angelique Widjaja,R,173,INA,17.703,75,475,200113,,,Anna Kournikova,R,173,RUS,21.219,37,872,6-3 6-0,3,R128,,,,,,,,,,,,,,,,,,,
2002-905,US Open,Hard,128,G,,20020826,25,200764,,,Elena Bovina,R,189,RUS,19.464,61,541,201302,,,Clarisa Fernandez,L,179,ARG,20.994,35,971,7-6(5) 7-6(6),3,R128,,,,,,,,,,,,,,,,,,,
2002-905,US Open,Hard,128,G,,20020826,26,200120,5,,Jelena Dokic,R,175,AUS,19.373,4,3338,201086,,,Greta Arn,R,180,HUN,23.371,84,436,6-2 6-2,3,R128,,,,,,,,,,,,,,,,,,,
2002-905,US Open,Hard,128,G,,20020826,27,200079,7,,Kim Clijsters,R,175,BEL,19.217,7,2870,200751,,,Conchita Martinez Granados,R,,ESP,26.599,100,375,6-1 6-0,3,R128,,,,,,,,,,,,,,,,,,,
2002-905,US Open,Hard,128,G,,20020826,28,201087,,WC,Mashona Washington,R,168,USA,26.237,116,304,200061,,,Gala Leon Garcia,L,163,ESP,28.674,111,321,6-4 6-3,3,R128,,,,,,,,,,,,,,,,,,,
2002-905,US Open,Hard,128,G,,20020826,29,201329,,,Vera Zvonareva,R,172,RUS,17.966,57,579,200022,,,Emmanuelle Gagliardi,R,171,SUI,26.131,49,664,6-3 6-3,3,R128,,,,,,,,,,,,,,,,,,,
2002-905,US Open,Hard,128,G,,20020826,30,200098,,,Henrieta Nagyova,R,177,SVK,23.697,46,730,201305,28,,Eleni Daniilidou,R,182,GRE,19.935,29,1065,7-5 4-6 7-5,3,R128,,,,,,,,,,,,,,,,,,,
2002-905,US Open,Hard,128,G,,20020826,31,200067,23,,Patty Schnyder,L,168,SUI,23.699,21,1260,200069,,SR,Nadia Petrova,R,178,RUS,20.217,147,221,7-6(6) 5-7 6-2,3,R128,,,,,,,,,,,,,,,,,,,
2002-905,US Open,Hard,128,G,,20020826,32,201292,,,Martina Sucha,R,170,SVK,21.764,39,859,200088,,,Adriana Gersi,R,166,CZE,26.166,191,158,6-1 5-7 6-0,3,R128,,,,,,,,,,,,,,,,,,,
2002-905,US Open,Hard,128,G,,20020826,33,200066,,,Cristina Torrens Valero,R,171,ESP,27.954,87,432,201333,,,Angelika Roesch,R,172,GER,25.216,74,478,7-6(1) 6-3,3,R128,,,,,,,,,,,,,,,,,,,
2002-905,US Open,Hard,128,G,,20020826,34,200109,26,,Nathalie Dechy,R,177,FRA,23.510,26,1128,201297,,,Maja Matevzic,L,175,SLO,22.202,56,594,6-3 7-6(4),3,R128,,,,,,,,,,,,,,,,,,,
2002-905,US Open,Hard,128,G,,20020826,35,200065,10,,Amelie Mauresmo,R,175,FRA,23.144,9,2598,201331,,Q,Iveta Benesova,L,170,CZE,19.565,113,310,6-3 6-2,3,R128,,,,,,,,,,,,,,,,,,,
2002-905,US Open,Hard,128,G,,20020826,36,200086,16,,Magdalena Maleeva,R,168,BUL,27.404,17,1329,200117,,,Kveta Peschke,R,165,CZE,27.133,119,298,6-3 3-6 7-5,3,R128,,,,,,,,,,,,,,,,,,,
2002-905,US Open,Hard,128,G,,20020826,37,200104,,,Emilie Loit,L,167,FRA,23.215,54,602,201085,,,Shinobu Asagoe,R,170,JPN,26.161,98,377,6-4 7-6(9),3,R128,,,,,,,,,,,,,,,,,,,
2002-905,US Open,Hard,128,G,,20020826,38,200041,,,Amy Frazier,R,175,USA,29.934,73,478,200118,,,Virginia Ruano Pascual,R,169,ESP,28.929,55,595,6-3 6-3,3,R128,,,,,,,,,,,,,,,,,,,
2002-905,US Open,Hard,128,G,,20020826,39,200085,18,,Ai Sugiyama,R,163,JPN,27.144,19,1267,201341,,Q,Mi Ra Jeon,,174,KOR,24.551,155,209,6-3 6-3,3,R128,,,,,,,,,,,,,,,,,,,
2002-905,US Open,Hard,128,G,,20020826,40,200046,30,,Meghann Shaughnessy,R,180,USA,23.371,30,1064,201295,,,Wynne Prakusya,R,160,INA,21.334,96,386,6-3 6-4,3,R128,,,,,,,,,,,,,,,,,,,
2002-905,US Open,Hard,128,G,,20020826,41,200049,,,Conchita Martinez,R,170,ESP,30.361,59,567,200123,,,Marlene Weingartner,R,174,GER,22.571,93,391,6-2 6-1,3,R128,,,,,,,,,,,,,,,,,,,
2002-905,US Open,Hard,128,G,,20020826,42,200122,,,Tina Pisnik,R,172,SLO,21.514,45,765,200708,,SR,Sandra Cacic,R,,USA,27.960,661,14,6-2 6-2,3,R128,,,,,,,,,,,,,,,,,,,
2002-905,US Open,Hard,128,G,,20020826,43,200077,3,,Jennifer Capriati,R,170,USA,26.410,3,3931,201318,,Q,Bethanie Mattek Sands,R,168,USA,17.427,401,38,6-0 6-0,3,R128,,,,,,,,,,,,,,,,,,,
2002-905,US Open,Hard,128,G,,20020826,44,200652,6,,Monica Seles,L,178,USA,28.732,5,3141,201298,,,Zsofia Gubacsi,R,173,HUN,21.389,124,278,6-3 6-3,3,R128,,,,,,,,,,,,,,,,,,,
2002-905,US Open,Hard,128,G,,20020826,45,201083,20,,Daja Bedanova,R,171,CZE,19.467,24,1206,200121,,,Alina Jidkova,R,168,RUS,25.602,64,514,6-1 6-3,3,R128,,,,,,,,,,,,,,,,,,,
2002-905,US Open,Hard,128,G,,20020826,46,200078,,,Barbara Schwartz,L,181,AUT,23.579,83,437,200007,,,Silvija Talaja,R,173,CRO,24.614,79,463,6-4 4-6 6-2,3,R128,,,,,,,,,,,,,,,,,,,
2002-905,US Open,Hard,128,G,,20020826,47,201313,,Q,Yoon Jeong Cho,R,167,KOR,23.401,106,346,200027,,,Magui Serna,L,167,ESP,23.489,51,631,6-3 6-4,3,R128,,,,,,,,,,,,,,,,,,,
2002-905,US Open,Hard,128,G,,20020826,48,200107,32,,Paola Suarez,R,170,ARG,26.174,32,1002,200096,,,Mary Pierce,R,178,FRA,27.612,47,677,7-6(3) 6-3,3,R128,,,,,,,,,,,,,,,,,,,
2002-905,US Open,Hard,128,G,,20020826,49,200040,17,,Anna Smashnova,R,157,ISR,26.111,18,1268,201306,,,Marie Gaiane Mikaelian,R,172,SUI,18.481,58,577,7-6(1) 6-4,3,R128,,,,,,,,,,,,,,,,,,,
2002-905,US Open,Hard,128,G,,20020826,50,200064,,,Amanda Coetzer,R,158,RSA,30.845,33,1002,201284,,,Tatiana Poutchek,R,176,BLR,23.628,62,532,7-6(3) 7-6(7),3,R128,,,,,,,,,,,,,,,,,,,
2002-905,US Open,Hard,128,G,,20020826,51,201321,,Q,Antonella Serra Zanetti,R,168,ITA,22.087,120,295,200106,,,Angeles Montolio,R,157,ESP,27.056,107,338,1-6 6-2 6-4,3,R128,,,,,,,,,,,,,,,,,,,
2002-905,US Open,Hard,128,G,,20020826,52,200001,9,WC,Martina Hingis,R,170,SUI,21.903,8,2746,200126,,,Marissa Irvin,R,170,USA,22.174,53,604,6-3 5-7 6-4,3,R128,,,,,,,,,,,,,,,,,,,
2002-905,US Open,Hard,128,G,,20020826,53,200039,14,,Chanda Rubin,R,168,USA,26.519,15,1645,200754,,,Jill Craybas,R,160,USA,28.146,72,479,6-1 6-3,3,R128,,,,,,,,,,,,,,,,,,,
2002-905,US Open,Hard,128,G,,20020826,54,200090,,,Anca Barna,L,175,GER,25.285,71,484,201342,,WC,Alexandra Podkolzina,R,,USA,16.980,,,6-1 6-2,3,R128,,,,,,,,,,,,,,,,,,,
2002-905,US Open,Hard,128,G,,20020826,55,201335,,,Myriam Casanova,R,172,SUI,17.183,85,435,200056,,,Jelena Kostanic Tosic,L,168,CRO,21.139,81,456,6-4 6-3,3,R128,,,,,,,,,,,,,,,,,,,
2002-905,US Open,Hard,128,G,,20020826,56,200048,,,Elena Likhovtseva,R,174,RUS,26.966,38,867,201337,,WC,Allison Baker,L,,USA,16.378,295,70,4-6 6-2 7-6(3),3,R128,,,,,,,,,,,,,,,,,,,
2002-905,US Open,Hard,128,G,,20020826,57,200020,21,,Lisa Raymond,R,165,USA,29.044,25,1181,200766,,,Jennifer Hopkins,R,170,USA,21.539,103,369,6-4 6-3,3,R128,,,,,,,,,,,,,,,,,,,
2002-905,US Open,Hard,128,G,,20020826,58,200032,29,,Barbara Schett,R,176,AUT,26.462,34,996,200084,,,Asa Carlsson,R,178,SWE,27.196,60,544,6-3 6-2,3,R128,,,,,,,,,,,,,,,,,,,
2002-905,US Open,Hard,128,G,,20020826,59,201310,,,Martina Muller,R,165,GER,19.874,77,470,201343,,Q,Maret Ani,R,176,EST,20.567,180,166,6-2 6-2,3,R128,,,,,,,,,,,,,,,,,,,
2002-905,US Open,Hard,128,G,,20020826,60,200008,,,Alicia Molik,R,182,AUS,21.577,80,456,200114,,,Patricia Wartusch,R,175,AUT,24.058,69,493,6-4 6-0,3,R128,,,,,,,,,,,,,,,,,,,
2002-905,US Open,Hard,128,G,,20020826,61,200748,2,,Venus Williams,R,185,USA,22.191,2,5067,200002,,Q,Mirjana Lucic,R,181,CRO,20.466,214,135,6-0 6-0,3,R128,,,,,,,,,,,,,,,,,,,
2002-905,US Open,Hard,128,G,,20020826,62,200044,,Q,Denisa Chladkova,R,174,CZE,23.546,76,473,200031,,,Meilen Tu,R,163,USA,24.606,48,667,6-0 6-4,3,R128,,,,,,,,,,,,,,,,,,,
2002-905,US Open,Hard,128,G,,20020826,63,200772,15,,Anastasia Myskina,R,174,RUS,21.134,16,1587,200777,,,Marta Marrero,R,173,ESP,19.609,95,387,4-6 6-4 6-0,3,R128,,,,,,,,,,,,,,,,,,,
2002-905,US Open,Hard,128,G,,20020826,64,201290,11,,Daniela Hantuchova,R,181,SVK,19.343,11,2186,200036,,,Nicole Pratt,R,163,AUS,29.476,44,818,6-2 6-1,3,R128,,,,,,,,,,,,,,,,,,,
2002-905,US Open,Hard,128,G,,20020826,65,200033,1,,Serena Williams,R,175,USA,20.915,1,5322,201336,,,Dinara Safina,R,185,RUS,16.332,91,404,6-0 6-1,3,R64,,,,,,,,,,,,,,,,,,,
2002-905,US Open,Hard,128,G,,20020826,66,200109,26,,Nathalie Dechy,R,177,FRA,23.510,26,1128,201204,,,Iroda Tulyaganova,R,170,UZB,20.633,40,858,6-1 3-6 7-6(1),3,R64,,,,,,,,,,,,,,,,,,,
2002-905,US Open,Hard,128,G,,20020826,67,201083,20,,Daja Bedanova,R,171,CZE,19.467,24,1206,200048,,,Elena Likhovtseva,R,174,RUS,26.966,38,867,7-6(2) 2-6 6-3,3,R64,,,,,,,,,,,,,,,,,,,
2002-905,US Open,Hard,128,G,,20020826,68,200772,15,,Anastasia Myskina,R,174,RUS,21.134,16,1587,200044,,Q,Denisa Chladkova,R,174,CZE,23.546,76,473,3-6 7-5 6-1,3,R64,,,,,,,,,,,,,,,,,,,
2002-905,US Open,Hard,128,G,,20020826,69,201290,11,,Daniela Hantuchova,R,181,SVK,19.343,11,2186,200043,,,Virginie Razzano,R,173,FRA,19.291,104,354,6-3 6-2,3,R64,,,,,,,,,,,,,,,,,,,
2002-905,US Open,Hard,128,G,,20020826,70,200723,24,,Iva Majoli,R,175,CRO,25.038,22,1217,200011,,,Katarina Srebotnik,R,180,SLO,21.457,42,853,6-4 6-4,3,R64,,,,,,,,,,,,,,,,,,,
2002-905,US Open,Hard,128,G,,20020826,71,201338,,WC,Bea Bielik,R,183,USA,21.742,,,200009,27,,Tamarine Tanasugarn,R,165,THA,25.257,27,1102,6-4 6-2,3,R64,,,,,,,,,,,,,,,,,,,
2002-905,US Open,Hard,128,G,,20020826,72,200003,8,,Justine Henin,R,167,BEL,20.236,6,2986,200072,,,Cara Black,R,167,ZIM,23.521,65,511,6-3 6-2,3,R64,,,,,,,,,,,,,,,,,,,
2002-905,US Open,Hard,128,G,,20020826,73,200128,4,,Lindsay Davenport,R,189,USA,26.215,10,2488,200015,,,Petra Mandula,R,178,HUN,24.606,90,415,6-4 6-2,3,R64,,,,,,,,,,,,,,,,,,,
2002-905,US Open,Hard,128,G,,20020826,74,201294,,Q,Marion Bartoli,R,170,FRA,17.898,231,117,200709,,,Rossana De Los Rios,R,170,PAR,26.944,70,490,3-6 6-2 6-2,3,R64,,,,,,,,,,,,,,,,,,,
2002-905,US Open,Hard,128,G,,20020826,75,201320,,Q,Svetlana Kuznetsova,R,174,RUS,17.164,88,429,200697,,,Janette Husarova,R,169,SVK,28.228,41,856,2-6 6-3 6-2,3,R64,,,,,,,,,,,,,,,,,,,
2002-905,US Open,Hard,128,G,,20020826,76,200700,13,,Silvia Farina Elia,R,172,ITA,30.331,14,1658,200042,,,Els Callens,R,178,BEL,32.017,78,467,6-2 6-2,3,R64,,,,,,,,,,,,,,,,,,,
2002-905,US Open,Hard,128,G,,20020826,77,201212,,,Francesca Schiavone,R,166,ITA,22.174,43,819,200108,12,,Elena Dementieva,R,180,RUS,20.863,13,1688,7-6(7) 6-3,3,R64,,,,,,,,,,,,,,,,,,,
2002-905,US Open,Hard,128,G,,20020826,78,200063,22,,Tatiana Panova,R,154,RUS,26.035,23,1207,200110,,Q,Fabiola Zuluaga,R,172,COL,23.634,86,433,5-7 7-5 6-4,3,R64,,,,,,,,,,,,,,,,,,,
2002-905,US Open,Hard,128,G,,20020826,79,200773,,,Stephanie Foretz Gacon,R,166,FRA,21.315,89,423,201327,,,Angelique Widjaja,R,173,INA,17.703,75,475,7-5 6-1,3,R64,,,,,,,,,,,,,,,,,,,
2002-905,US Open,Hard,128,G,,20020826,80,200764,,,Elena Bovina,R,189,RUS,19.464,61,541,200120,5,,Jelena Dokic,R,175,AUS,19.373,4,3338,6-3 6-2,3,R64,,,,,,,,,,,,,,,,,,,
2002-905,US Open,Hard,128,G,,20020826,81,200079,7,,Kim Clijsters,R,175,BEL,19.217,7,2870,201087,,WC,Mashona Washington,R,168,USA,26.237,116,304,6-1 7-6(1),3,R64,,,,,,,,,,,,,,,,,,,
2002-905,US Open,Hard,128,G,,20020826,82,201329,,,Vera Zvonareva,R,172,RUS,17.966,57,579,200098,,,Henrieta Nagyova,R,177,SVK,23.697,46,730,6-1 6-0,3,R64,,,,,,,,,,,,,,,,,,,
2002-905,US Open,Hard,128,G,,20020826,83,200067,23,,Patty Schnyder,L,168,SUI,23.699,21,1260,201292,,,Martina Sucha,R,170,SVK,21.764,39,859,6-3 6-3,3,R64,,,,,,,,,,,,,,,,,,,
2002-905,US Open,Hard,128,G,,20020826,84,200065,10,,Amelie Mauresmo,R,175,FRA,23.144,9,2598,200066,,,Cristina Torrens Valero,R,171,ESP,27.954,87,432,7-6(3) 6-2,3,R64,,,,,,,,,,,,,,,,,,,
2002-905,US Open,Hard,128,G,,20020826,85,200086,16,,Magdalena Maleeva,R,168,BUL,27.404,17,1329,200104,,,Emilie Loit,L,167,FRA,23.215,54,602,4-6 6-3 7-5,3,R64,,,,,,,,,,,,,,,,,,,
2002-905,US Open,Hard,128,G,,20020826,86,200041,,,Amy Frazier,R,175,USA,29.934,73,478,200085,18,,Ai Sugiyama,R,163,JPN,27.144,19,1267,6-4 6-2,3,R64,,,,,,,,,,,,,,,,,,,
2002-905,US Open,Hard,128,G,,20020826,87,200046,30,,Meghann Shaughnessy,R,180,USA,23.371,30,1064,200049,,,Conchita Martinez,R,170,ESP,30.361,59,567,6-3 6-2,3,R64,,,,,,,,,,,,,,,,,,,
2002-905,US Open,Hard,128,G,,20020826,88,200077,3,,Jennifer Capriati,R,170,USA,26.410,3,3931,200122,,,Tina Pisnik,R,172,SLO,21.514,45,765,6-4 6-2,3,R64,,,,,,,,,,,,,,,,,,,
2002-905,US Open,Hard,128,G,,20020826,89,200652,6,,Monica Seles,L,178,USA,28.732,5,3141,200078,,,Barbara Schwartz,L,181,AUT,23.579,83,437,1-6 7-6(5) 6-2,3,R64,,,,,,,,,,,,,,,,,,,
2002-905,US Open,Hard,128,G,,20020826,90,201313,,Q,Yoon Jeong Cho,R,167,KOR,23.401,106,346,200107,32,,Paola Suarez,R,170,ARG,26.174,32,1002,6-4 6-4,3,R64,,,,,,,,,,,,,,,,,,,
2002-905,US Open,Hard,128,G,,20020826,91,200064,,,Amanda Coetzer,R,158,RSA,30.845,33,1002,200040,17,,Anna Smashnova,R,157,ISR,26.111,18,1268,6-2 6-4,3,R64,,,,,,,,,,,,,,,,,,,
2002-905,US Open,Hard,128,G,,20020826,92,200001,9,WC,Martina Hingis,R,170,SUI,21.903,8,2746,201321,,Q,Antonella Serra Zanetti,R,168,ITA,22.087,120,295,6-4 6-1,3,R64,,,,,,,,,,,,,,,,,,,
2002-905,US Open,Hard,128,G,,20020826,93,200039,14,,Chanda Rubin,R,168,USA,26.519,15,1645,200090,,,Anca Barna,L,175,GER,25.285,71,484,6-4 6-1,3,R64,,,,,,,,,,,,,,,,,,,
2002-905,US Open,Hard,128,G,,20020826,94,200020,21,,Lisa Raymond,R,165,USA,29.044,25,1181,201335,,,Myriam Casanova,R,172,SUI,17.183,85,435,6-4 6-2,3,R64,,,,,,,,,,,,,,,,,,,
2002-905,US Open,Hard,128,G,,20020826,95,201310,,,Martina Muller,R,165,GER,19.874,77,470,200032,29,,Barbara Schett,R,176,AUT,26.462,34,996,5-7 6-2 7-5,3,R64,,,,,,,,,,,,,,,,,,,
2002-905,US Open,Hard,128,G,,20020826,96,200748,2,,Venus Williams,R,185,USA,22.191,2,5067,200008,,,Alicia Molik,R,182,AUS,21.577,80,456,6-1 6-2,3,R64,,,,,,,,,,,,,,,,,,,
2002-905,US Open,Hard,128,G,,20020826,97,200003,8,,Justine Henin,R,167,BEL,20.236,6,2986,201338,,WC,Bea Bielik,R,183,USA,21.742,,,7-5 6-1,3,R32,,,,,,,,,,,,,,,,,,,
2002-905,US Open,Hard,128,G,,20020826,98,200128,4,,Lindsay Davenport,R,189,USA,26.215,10,2488,201294,,Q,Marion Bartoli,R,170,FRA,17.898,231,117,6-3 6-1,3,R32,,,,,,,,,,,,,,,,,,,
2002-905,US Open,Hard,128,G,,20020826,99,200700,13,,Silvia Farina Elia,R,172,ITA,30.331,14,1658,201320,,Q,Svetlana Kuznetsova,R,174,RUS,17.164,88,429,6-2 6-3,3,R32,,,,,,,,,,,,,,,,,,,
2002-905,US Open,Hard,128,G,,20020826,100,201212,,,Francesca Schiavone,R,166,ITA,22.174,43,819,200063,22,,Tatiana Panova,R,154,RUS,26.035,23,1207,3-6 6-4 6-3,3,R32,,,,,,,,,,,,,,,,,,,
2002-905,US Open,Hard,128,G,,20020826,101,200764,,,Elena Bovina,R,189,RUS,19.464,61,541,200773,,,Stephanie Foretz Gacon,R,166,FRA,21.315,89,423,6-2 5-7 7-5,3,R32,,,,,,,,,,,,,,,,,,,
2002-905,US Open,Hard,128,G,,20020826,102,200079,7,,Kim Clijsters,R,175,BEL,19.217,7,2870,201329,,,Vera Zvonareva,R,172,RUS,17.966,57,579,1-6 7-5 6-4,3,R32,,,,,,,,,,,,,,,,,,,
2002-905,US Open,Hard,128,G,,20020826,103,200065,10,,Amelie Mauresmo,R,175,FRA,23.144,9,2598,200067,23,,Patty Schnyder,L,168,SUI,23.699,21,1260,6-1 6-4,3,R32,,,,,,,,,,,,,,,,,,,
2002-905,US Open,Hard,128,G,,20020826,104,200041,,,Amy Frazier,R,175,USA,29.934,73,478,200086,16,,Magdalena Maleeva,R,168,BUL,27.404,17,1329,3-6 6-2 6-2,3,R32,,,,,,,,,,,,,,,,,,,
2002-905,US Open,Hard,128,G,,20020826,105,200077,3,,Jennifer Capriati,R,170,USA,26.410,3,3931,200046,30,,Meghann Shaughnessy,R,180,USA,23.371,30,1064,6-2 6-2,3,R32,,,,,,,,,,,,,,,,,,,
2002-905,US Open,Hard,128,G,,20020826,106,200652,6,,Monica Seles,L,178,USA,28.732,5,3141,201313,,Q,Yoon Jeong Cho,R,167,KOR,23.401,106,346,6-1 5-7 6-3,3,R32,,,,,,,,,,,,,,,,,,,
2002-905,US Open,Hard,128,G,,20020826,107,200001,9,WC,Martina Hingis,R,170,SUI,21.903,8,2746,200064,,,Amanda Coetzer,R,158,RSA,30.845,33,1002,6-3 6-4,3,R32,,,,,,,,,,,,,,,,,,,
2002-905,US Open,Hard,128,G,,20020826,108,200039,14,,Chanda Rubin,R,168,USA,26.519,15,1645,200020,21,,Lisa Raymond,R,165,USA,29.044,25,1181,7-6(2) 6-4,3,R32,,,,,,,,,,,,,,,,,,,
2002-905,US Open,Hard,128,G,,20020826,109,200748,2,,Venus Williams,R,185,USA,22.191,2,5067,201310,,,Martina Muller,R,165,GER,19.874,77,470,6-1 6-2,3,R32,,,,,,,,,,,,,,,,,,,
2002-905,US Open,Hard,128,G,,20020826,110,200033,1,,Serena Williams,R,175,USA,20.915,1,5322,200109,26,,Nathalie Dechy,R,177,FRA,23.510,26,1128,6-1 6-1,3,R32,,,,,,,,,,,,,,,,,,,
2002-905,US Open,Hard,128,G,,20020826,111,201083,20,,Daja Bedanova,R,171,CZE,19.467,24,1206,200772,15,,Anastasia Myskina,R,174,RUS,21.134,16,1587,6-3 3-6 6-2,3,R32,,,,,,,,,,,,,,,,,,,
2002-905,US Open,Hard,128,G,,20020826,112,201290,11,,Daniela Hantuchova,R,181,SVK,19.343,11,2186,200723,24,,Iva Majoli,R,175,CRO,25.038,22,1217,6-3 6-1,3,R32,,,,,,,,,,,,,,,,,,,
2002-905,US Open,Hard,128,G,,20020826,113,200033,1,,Serena Williams,R,175,USA,20.915,1,5322,201083,20,,Daja Bedanova,R,171,CZE,19.467,24,1206,6-1 6-1,3,R16,,,,,,,,,,,,,,,,,,,
2002-905,US Open,Hard,128,G,,20020826,114,201290,11,,Daniela Hantuchova,R,181,SVK,19.343,11,2186,200003,8,,Justine Henin,R,167,BEL,20.236,6,2986,6-1 3-6 7-6(4),3,R16,,,,,,,,,,,,,,,,,,,
2002-905,US Open,Hard,128,G,,20020826,115,200128,4,,Lindsay Davenport,R,189,USA,26.215,10,2488,200700,13,,Silvia Farina Elia,R,172,ITA,30.331,14,1658,6-3 6-1,3,R16,,,,,,,,,,,,,,,,,,,
2002-905,US Open,Hard,128,G,,20020826,116,200764,,,Elena Bovina,R,189,RUS,19.464,61,541,201212,,,Francesca Schiavone,R,166,ITA,22.174,43,819,7-6(4) 6-4,3,R16,,,,,,,,,,,,,,,,,,,
2002-905,US Open,Hard,128,G,,20020826,117,200065,10,,Amelie Mauresmo,R,175,FRA,23.144,9,2598,200079,7,,Kim Clijsters,R,175,BEL,19.217,7,2870,4-6 6-3 7-5,3,R16,,,,,,,,,,,,,,,,,,,
2002-905,US Open,Hard,128,G,,20020826,118,200077,3,,Jennifer Capriati,R,170,USA,26.410,3,3931,200041,,,Amy Frazier,R,175,USA,29.934,73,478,6-1 6-3,3,R16,,,,,,,,,,,,,,,,,,,
2002-905,US Open,Hard,128,G,,20020826,119,200652,6,,Monica Seles,L,178,USA,28.732,5,3141,200001,9,WC,Martina Hingis,R,170,SUI,21.903,8,2746,6-4 6-2,3,R16,,,,,,,,,,,,,,,,,,,
2002-905,US Open,Hard,128,G,,20020826,120,200748,2,,Venus Williams,R,185,USA,22.191,2,5067,200039,14,,Chanda Rubin,R,168,USA,26.519,15,1645,6-2 4-6 7-5,3,R16,,,,,,,,,,,,,,,,,,,
2002-905,US Open,Hard,128,G,,20020826,121,200033,1,,Serena Williams,R,175,USA,20.915,1,5322,201290,11,,Daniela Hantuchova,R,181,SVK,19.343,11,2186,6-2 6-2,3,QF,,,,,,,,,,,,,,,,,,,
2002-905,US Open,Hard,128,G,,20020826,122,200128,4,,Lindsay Davenport,R,189,USA,26.215,10,2488,200764,,,Elena Bovina,R,189,RUS,19.464,61,541,3-6 6-0 6-2,3,QF,,,,,,,,,,,,,,,,,,,
2002-905,US Open,Hard,128,G,,20020826,123,200065,10,,Amelie Mauresmo,R,175,FRA,23.144,9,2598,200077,3,,Jennifer Capriati,R,170,USA,26.410,3,3931,4-6 7-6(5) 6-3,3,QF,,,,,,,,,,,,,,,,,,,
2002-905,US Open,Hard,128,G,,20020826,124,200748,2,,Venus Williams,R,185,USA,22.191,2,5067,200652,6,,Monica Seles,L,178,USA,28.732,5,3141,6-2 6-3,3,QF,,,,,,,,,,,,,,,,,,,
2002-905,US Open,Hard,128,G,,20020826,125,200033,1,,Serena Williams,R,175,USA,20.915,1,5322,200128,4,,Lindsay Davenport,R,189,USA,26.215,10,2488,6-3 7-5,3,SF,,,,,,,,,,,,,,,,,,,
2002-905,US Open,Hard,128,G,,20020826,126,200748,2,,Venus Williams,R,185,USA,22.191,2,5067,200065,10,,Amelie Mauresmo,R,175,FRA,23.144,9,2598,6-3 5-7 6-4,3,SF,,,,,,,,,,,,,,,,,,,
2002-905,US Open,Hard,128,G,,20020826,127,200033,1,,Serena Williams,R,175,USA,20.915,1,5322,200748,2,,Venus Williams,R,185,USA,22.191,2,5067,6-4 6-3,3,F,,,,,,,,,,,,,,,,,,,
2002-1010,Bahia,Hard,28,T2,,20020909,1,201335,,Q,Myriam Casanova,R,172,SUI,17.221,79,475,201284,,,Tatiana Poutchek,R,176,BLR,23.666,75,488,6-4 4-6 7-6(1),3,R32,,,,,,,,,,,,,,,,,,,
2002-1010,Bahia,Hard,28,T2,,20020909,2,200723,5,,Iva Majoli,R,175,CRO,25.076,23,1217,202303,,WC,Carla Tiene,L,,BRA,21.320,282,76,6-2 6-1,3,R32,,,,,,,,,,,,,,,,,,,
2002-1010,Bahia,Hard,28,T2,,20020909,3,200098,,,Henrieta Nagyova,R,177,SVK,23.735,47,712,200084,,,Asa Carlsson,R,178,SWE,27.234,67,512,6-4 4-6 6-1,3,R32,,,,,,,,,,,,,,,,,,,
2002-1010,Bahia,Hard,28,T2,,20020909,4,200122,,,Tina Pisnik,R,172,SLO,21.553,46,795,200107,,,Paola Suarez,R,170,ARG,26.213,30,1052,6-2 6-2,3,R32,,,,,,,,,,,,,,,,,,,
2002-1010,Bahia,Hard,28,T2,,20020909,5,200064,,,Amanda Coetzer,R,158,RSA,30.884,27,1118,200697,,,Janette Husarova,R,169,SVK,28.266,41,858,6-1 6-1,3,R32,,,,,,,,,,,,,,,,,,,
2002-1010,Bahia,Hard,28,T2,,20020909,6,200109,7,,Nathalie Dechy,R,177,FRA,23.549,25,1178,200046,,,Meghann Shaughnessy,R,180,USA,23.409,29,1072,6-4 0-6 6-4,3,R32,,,,,,,,,,,,,,,,,,,
2002-1010,Bahia,Hard,28,T2,,20020909,7,202301,,Q,Sunitha Rao,R,170,IND,16.868,314,63,202135,,Q,Vanessa Henke,R,,GER,21.649,208,147,6-2 6-3,3,R32,,,,,,,,,,,,,,,,,,,
2002-1010,Bahia,Hard,28,T2,,20020909,8,200066,,,Cristina Torrens Valero,R,171,ESP,27.992,78,478,202302,,WC,Maria Fernanda Alves,L,174,BRA,19.398,290,72,6-2 6-1,3,R32,,,,,,,,,,,,,,,,,,,
2002-1010,Bahia,Hard,28,T2,,20020909,9,201297,,,Maja Matevzic,L,175,SLO,22.240,81,469,200063,6,,Tatiana Panova,R,154,RUS,26.073,22,1255,6-4 1-6 6-0,3,R32,,,,,,,,,,,,,,,,,,,
2002-1010,Bahia,Hard,28,T2,,20020909,10,201305,8,,Eleni Daniilidou,R,182,GRE,19.973,34,986,200110,,Q,Fabiola Zuluaga,R,172,COL,23.672,70,511,4-6 6-3 6-1,3,R32,,,,,,,,,,,,,,,,,,,
2002-1010,Bahia,Hard,28,T2,,20020909,11,200104,,,Emilie Loit,L,167,FRA,23.253,56,608,201204,,,Iroda Tulyaganova,R,170,UZB,20.671,40,868,4-6 7-5 6-2,3,R32,,,,,,,,,,,,,,,,,,,
2002-1010,Bahia,Hard,28,T2,,20020909,12,200011,,,Katarina Srebotnik,R,180,SLO,21.495,43,833,201292,,,Martina Sucha,R,170,SVK,21.802,42,839,6-1 6-4,3,R32,,,,,,,,,,,,,,,,,,,
2002-1010,Bahia,Hard,28,T2,,20020909,13,200120,1,,Jelena Dokic,R,175,AUS,19.412,4,3310,201335,,Q,Myriam Casanova,R,172,SUI,17.221,79,475,7-6(3) 6-4,3,R16,,,,,,,,,,,,,,,,,,,
2002-1010,Bahia,Hard,28,T2,,20020909,14,200064,,,Amanda Coetzer,R,158,RSA,30.884,27,1118,200109,7,,Nathalie Dechy,R,177,FRA,23.549,25,1178,6-2 3-6 6-3,3,R16,,,,,,,,,,,,,,,,,,,
2002-1010,Bahia,Hard,28,T2,,20020909,15,200772,3,,Anastasia Myskina,R,174,RUS,21.172,15,1627,202301,,Q,Sunitha Rao,R,170,IND,16.868,314,63,6-2 6-2,3,R16,,,,,,,,,,,,,,,,,,,
2002-1010,Bahia,Hard,28,T2,,20020909,16,201297,,,Maja Matevzic,L,175,SLO,22.240,81,469,200066,,,Cristina Torrens Valero,R,171,ESP,27.992,78,478,4-6 6-4 6-1,3,R16,,,,,,,,,,,,,,,,,,,
2002-1010,Bahia,Hard,28,T2,,20020909,17,201305,8,,Eleni Daniilidou,R,182,GRE,19.973,34,986,200104,,,Emilie Loit,L,167,FRA,23.253,56,608,4-6 6-2 7-5,3,R16,,,,,,,,,,,,,,,,,,,
2002-1010,Bahia,Hard,28,T2,,20020909,18,200067,4,,Patty Schnyder,L,168,SUI,23.738,18,1306,200011,,,Katarina Srebotnik,R,180,SLO,21.495,43,833,6-2 6-3,3,R16,,,,,,,,,,,,,,,,,,,
2002-1010,Bahia,Hard,28,T2,,20020909,19,200098,,,Henrieta Nagyova,R,177,SVK,23.735,47,712,200723,5,,Iva Majoli,R,175,CRO,25.076,23,1217,6-2 6-3,3,R16,,,,,,,,,,,,,,,,,,,
2002-1010,Bahia,Hard,28,T2,,20020909,20,200652,2,WC,Monica Seles,L,178,USA,28.770,5,3309,200122,,,Tina Pisnik,R,172,SLO,21.553,46,795,7-5 6-1,3,R16,,,,,,,,,,,,,,,,,,,
2002-1010,Bahia,Hard,28,T2,,20020909,21,200120,1,,Jelena Dokic,R,175,AUS,19.412,4,3310,200064,,,Amanda Coetzer,R,158,RSA,30.884,27,1118,6-2 5-7 6-4,3,QF,,,,,,,,,,,,,,,,,,,
2002-1010,Bahia,Hard,28,T2,,20020909,22,200772,3,,Anastasia Myskina,R,174,RUS,21.172,15,1627,201297,,,Maja Matevzic,L,175,SLO,22.240,81,469,7-5 6-1,3,QF,,,,,,,,,,,,,,,,,,,
2002-1010,Bahia,Hard,28,T2,,20020909,23,201305,8,,Eleni Daniilidou,R,182,GRE,19.973,34,986,200067,4,,Patty Schnyder,L,168,SUI,23.738,18,1306,2-6 6-2 6-4,3,QF,,,,,,,,,,,,,,,,,,,
2002-1010,Bahia,Hard,28,T2,,20020909,24,200652,2,WC,Monica Seles,L,178,USA,28.770,5,3309,200098,,,Henrieta Nagyova,R,177,SVK,23.735,47,712,6-0 6-4,3,QF,,,,,,,,,,,,,,,,,,,
2002-1010,Bahia,Hard,28,T2,,20020909,25,200772,3,,Anastasia Myskina,R,174,RUS,21.172,15,1627,200120,1,,Jelena Dokic,R,175,AUS,19.412,4,3310,6-2 6-4,3,SF,,,,,,,,,,,,,,,,,,,
2002-1010,Bahia,Hard,28,T2,,20020909,26,201305,8,,Eleni Daniilidou,R,182,GRE,19.973,34,986,200652,2,WC,Monica Seles,L,178,USA,28.770,5,3309,6-1 7-5,3,SF,,,,,,,,,,,,,,,,,,,
2002-1010,Bahia,Hard,28,T2,,20020909,27,200772,3,,Anastasia Myskina,R,174,RUS,21.172,15,1627,201305,8,,Eleni Daniilidou,R,182,GRE,19.973,34,986,6-3 0-6 6-2,3,F,,,,,,,,,,,,,,,,,,,
2002-367,Shanghai,Hard,32,T4,,20020909,1,200040,1,,Anna Smashnova,R,157,ISR,26.150,19,1283,201381,,WC,Tian Tian Sun,R,175,CHN,20.909,221,129,1-6 6-0 6-1,3,R32,,,,,,,,,,,,,,,,,,,
2002-367,Shanghai,Hard,32,T4,,20020909,2,200056,,,Jelena Kostanic Tosic,L,168,CRO,21.178,86,444,200777,,,Marta Marrero,R,173,ESP,19.647,94,387,6-4 6-4,3,R32,,,,,,,,,,,,,,,,,,,
2002-367,Shanghai,Hard,32,T4,,20020909,3,201386,,,Jie Zheng,R,164,CHN,19.182,185,165,201405,,WC,Nan Nan Liu,,176,CHN,19.226,271,83,2-6 7-6(4) 6-3,3,R32,,,,,,,,,,,,,,,,,,,
2002-367,Shanghai,Hard,32,T4,,20020909,4,200113,4,,Anna Kournikova,R,173,RUS,21.257,38,873,202265,,,Mirielle Dittmann,,,AUS,28.663,216,139,6-1 6-4,3,R32,,,,,,,,,,,,,,,,,,,
2002-367,Shanghai,Hard,32,T4,,20020909,5,200727,5,,Adriana Serra Zanetti,R,160,ITA,26.514,53,646,202294,,Q,Yan Ze Xie,,,CHN,18.662,413,36,6-2 6-1,3,R32,,,,,,,,,,,,,,,,,,,
2002-367,Shanghai,Hard,32,T4,,20020909,6,201321,,,Antonella Serra Zanetti,R,168,ITA,22.125,108,334,202295,,Q,Ying Yu,R,,CHN,20.562,553,20,6-2 6-1,3,R32,,,,,,,,,,,,,,,,,,,
2002-367,Shanghai,Hard,32,T4,,20020909,7,200774,,,Vanessa Webb,L,180,CAN,26.626,170,191,201429,,,Rika Fujiwara,R,155,JPN,20.972,160,199,6-1 3-5 RET,3,R32,,,,,,,,,,,,,,,,,,,
2002-367,Shanghai,Hard,32,T4,,20020909,8,200085,2,,Ai Sugiyama,R,163,JPN,27.182,20,1270,201323,,,Saori Obata,L,165,JPN,24.381,98,376,6-4 6-2,3,R32,,,,,,,,,,,,,,,,,,,
2002-367,Shanghai,Hard,32,T4,,20020909,9,201313,,,Yoon Jeong Cho,R,167,KOR,23.439,83,456,201085,,,Shinobu Asagoe,R,170,JPN,26.199,97,377,7-6(5) 7-5,3,R32,,,,,,,,,,,,,,,,,,,
2002-367,Shanghai,Hard,32,T4,,20020909,10,200015,,,Petra Mandula,R,178,HUN,24.644,85,453,200733,,LL,Trudi Musgrave,L,170,AUS,24.997,288,73,7-5 6-1,3,R32,,,,,,,,,,,,,,,,,,,
2002-367,Shanghai,Hard,32,T4,,20020909,11,200735,,,Miho Saeki,R,168,JPN,26.478,171,191,200114,6,,Patricia Wartusch,R,175,AUT,24.096,76,483,6-3 6-3,3,R32,,,,,,,,,,,,,,,,,,,
2002-367,Shanghai,Hard,32,T4,,20020909,12,201302,3,,Clarisa Fernandez,L,179,ARG,21.033,35,971,200091,,,Janet Lee,R,175,TPE,25.881,140,243,6-3 6-4,3,R32,,,,,,,,,,,,,,,,,,,
2002-367,Shanghai,Hard,32,T4,,20020909,13,201352,,,Akiko Morigami,R,165,JPN,22.659,143,238,200034,,,Amanda Grahame,L,,AUS,23.461,194,159,2-6 6-2 6-4,3,R32,,,,,,,,,,,,,,,,,,,
2002-367,Shanghai,Hard,32,T4,,20020909,14,202292,,LL,Ayami Takase,,,JPN,23.740,283,76,201341,,,Mi Ra Jeon,,174,KOR,24.589,139,244,6-4 7-5,3,R32,,,,,,,,,,,,,,,,,,,
2002-367,Shanghai,Hard,32,T4,,20020909,15,201327,7,,Angelique Widjaja,R,173,INA,17.742,65,527,201459,,Q,Zi Yan,R,171,CHN,17.824,298,70,6-4 6-3,3,R32,,,,,,,,,,,,,,,,,,,
2002-367,Shanghai,Hard,32,T4,,20020909,16,200007,8,,Silvija Talaja,R,173,CRO,24.652,90,409,202293,,Q,Jie Hao,,,CHN,17.898,993,4,6-0 6-1,3,R32,,,,,,,,,,,,,,,,,,,
2002-367,Shanghai,Hard,32,T4,,20020909,17,200040,1,,Anna Smashnova,R,157,ISR,26.150,19,1283,201313,,,Yoon Jeong Cho,R,167,KOR,23.439,83,456,6-0 6-3,3,R16,,,,,,,,,,,,,,,,,,,
2002-367,Shanghai,Hard,32,T4,,20020909,18,200735,,,Miho Saeki,R,168,JPN,26.478,171,191,200015,,,Petra Mandula,R,178,HUN,24.644,85,453,6-7(5) 6-4 6-3,3,R16,,,,,,,,,,,,,,,,,,,
2002-367,Shanghai,Hard,32,T4,,20020909,19,201302,3,,Clarisa Fernandez,L,179,ARG,21.033,35,971,201352,,,Akiko Morigami,R,165,JPN,22.659,143,238,6-2 6-3,3,R16,,,,,,,,,,,,,,,,,,,
2002-367,Shanghai,Hard,32,T4,,20020909,20,201327,7,,Angelique Widjaja,R,173,INA,17.742,65,527,202292,,LL,Ayami Takase,,,JPN,23.740,283,76,7-6(1) 6-4,3,R16,,,,,,,,,,,,,,,,,,,
2002-367,Shanghai,Hard,32,T4,,20020909,21,200056,,,Jelena Kostanic Tosic,L,168,CRO,21.178,86,444,200007,8,,Silvija Talaja,R,173,CRO,24.652,90,409,2-6 6-0 6-4,3,R16,,,,,,,,,,,,,,,,,,,
2002-367,Shanghai,Hard,32,T4,,20020909,22,200113,4,,Anna Kournikova,R,173,RUS,21.257,38,873,201386,,,Jie Zheng,R,164,CHN,19.182,185,165,6-4 7-6(4),3,R16,,,,,,,,,,,,,,,,,,,
2002-367,Shanghai,Hard,32,T4,,20020909,23,200727,5,,Adriana Serra Zanetti,R,160,ITA,26.514,53,646,201321,,,Antonella Serra Zanetti,R,168,ITA,22.125,108,334,6-1 6-0,3,R16,,,,,,,,,,,,,,,,,,,
2002-367,Shanghai,Hard,32,T4,,20020909,24,200085,2,,Ai Sugiyama,R,163,JPN,27.182,20,1270,200774,,,Vanessa Webb,L,180,CAN,26.626,170,191,2-6 6-3 7-5,3,R16,,,,,,,,,,,,,,,,,,,
2002-367,Shanghai,Hard,32,T4,,20020909,25,200040,1,,Anna Smashnova,R,157,ISR,26.150,19,1283,200735,,,Miho Saeki,R,168,JPN,26.478,171,191,6-3 6-2,3,QF,,,,,,,,,,,,,,,,,,,
2002-367,Shanghai,Hard,32,T4,,20020909,26,201327,7,,Angelique Widjaja,R,173,INA,17.742,65,527,201302,3,,Clarisa Fernandez,L,179,ARG,21.033,35,971,7-6(2) 6-3,3,QF,,,,,,,,,,,,,,,,,,,
2002-367,Shanghai,Hard,32,T4,,20020909,27,200113,4,,Anna Kournikova,R,173,RUS,21.257,38,873,200056,,,Jelena Kostanic Tosic,L,168,CRO,21.178,86,444,7-5 6-4,3,QF,,,,,,,,,,,,,,,,,,,
2002-367,Shanghai,Hard,32,T4,,20020909,28,200085,2,,Ai Sugiyama,R,163,JPN,27.182,20,1270,200727,5,,Adriana Serra Zanetti,R,160,ITA,26.514,53,646,6-1 6-3,3,QF,,,,,,,,,,,,,,,,,,,
2002-367,Shanghai,Hard,32,T4,,20020909,29,200040,1,,Anna Smashnova,R,157,ISR,26.150,19,1283,201327,7,,Angelique Widjaja,R,173,INA,17.742,65,527,6-1 6-1,3,SF,,,,,,,,,,,,,,,,,,,
2002-367,Shanghai,Hard,32,T4,,20020909,30,200113,4,,Anna Kournikova,R,173,RUS,21.257,38,873,200085,2,,Ai Sugiyama,R,163,JPN,27.182,20,1270,6-4 7-5,3,SF,,,,,,,,,,,,,,,,,,,
2002-367,Shanghai,Hard,32,T4,,20020909,31,200040,1,,Anna Smashnova,R,157,ISR,26.150,19,1283,200113,4,,Anna Kournikova,R,173,RUS,21.257,38,873,6-2 6-3,3,F,,,,,,,,,,,,,,,,,,,
2002-1008,Waikoloa,Hard,32,T4,,20020910,1,200061,,,Gala Leon Garcia,L,163,ESP,28.715,125,281,200124,1,,Anne Kremer,R,165,LUX,26.900,21,1265,6-3 3-6 7-5,3,R32,,,,,,,,,,,,,,,,,,,
2002-1008,Waikoloa,Hard,32,T4,,20020910,2,200042,,,Els Callens,R,178,BEL,32.058,73,505,201338,,WC,Bea Bielik,R,183,USA,21.783,251,93,4-6 7-5 6-3,3,R32,,,,,,,,,,,,,,,,,,,
2002-1008,Waikoloa,Hard,32,T4,,20020910,3,200749,,,Samantha Reeves,R,173,USA,23.647,74,494,200068,,,Lilia Osterloh,R,170,USA,24.428,120,294,6-1 6-2,3,R32,,,,,,,,,,,,,,,,,,,
2002-1008,Waikoloa,Hard,32,T4,,20020910,4,200032,3,,Barbara Schett,R,176,AUT,26.503,37,940,201444,,,Su Wei Hsieh,R,169,TPE,16.682,131,251,6-1 6-1,3,R32,,,,,,,,,,,,,,,,,,,
2002-1008,Waikoloa,Hard,32,T4,,20020910,5,200049,7,,Conchita Martinez,R,170,ESP,30.402,57,606,201333,,,Angelika Roesch,R,172,GER,25.257,80,471,6-4 6-4,3,R32,,,,,,,,,,,,,,,,,,,
2002-1008,Waikoloa,Hard,32,T4,,20020910,6,201312,,,Sarah Taylor,R,,USA,20.844,106,336,202283,,Q,Anouska Van Exel,,,NED,27.905,,,7-6(5) 7-6(5),3,R32,,,,,,,,,,,,,,,,,,,
2002-1008,Waikoloa,Hard,32,T4,,20020910,7,201315,,,Ashley Harkleroad,R,165,USA,17.358,169,191,200766,,,Jennifer Hopkins,R,170,USA,21.580,104,342,6-4 7-5,3,R32,,,,,,,,,,,,,,,,,,,
2002-1008,Waikoloa,Hard,32,T4,,20020910,8,200020,2,,Lisa Raymond,R,165,USA,29.085,24,1185,201324,,,Irina Selyutina,R,178,KAZ,22.842,117,296,6-4 6-2,3,R32,,,,,,,,,,,,,,,,,,,
2002-1008,Waikoloa,Hard,32,T4,,20020910,9,201328,,,Milagros Sequera,R,165,VEN,21.944,114,303,200024,,,Maria Vento Kabchi,R,168,VEN,28.299,141,240,6-2 6-3,3,R32,,,,,,,,,,,,,,,,,,,
2002-1008,Waikoloa,Hard,32,T4,,20020910,10,200754,,,Jill Craybas,R,160,USA,28.187,77,479,200012,,,Jana Nejedly,R,175,CAN,28.255,178,170,6-3 6-3,3,R32,,,,,,,,,,,,,,,,,,,
2002-1008,Waikoloa,Hard,32,T4,,20020910,11,200031,5,,Meilen Tu,R,163,USA,24.647,52,652,200028,,,Maureen Drake,R,175,CAN,31.475,102,348,7-6(6) 6-3,3,R32,,,,,,,,,,,,,,,,,,,
2002-1008,Waikoloa,Hard,32,T4,,20020910,12,200048,4,,Elena Likhovtseva,R,174,RUS,27.007,45,801,200103,,,Evie Dominikovic,R,173,AUS,22.284,133,248,6-1 6-3,3,R32,,,,,,,,,,,,,,,,,,,
2002-1008,Waikoloa,Hard,32,T4,,20020910,13,201207,,,Ansley Cargill,R,170,USA,20.679,144,232,200045,,Q,Tara Snyder,R,175,USA,25.293,203,153,5-7 7-6(2) 6-0,3,R32,,,,,,,,,,,,,,,,,,,
2002-1008,Waikoloa,Hard,32,T4,,20020910,14,200125,,WC,Corina Morariu,R,174,USA,24.622,,,202266,,Q,Kelly Liggan,R,,IRL,23.595,228,122,6-4 6-1,3,R32,,,,,,,,,,,,,,,,,,,
2002-1008,Waikoloa,Hard,32,T4,,20020910,15,200072,,,Cara Black,R,167,ZIM,23.562,61,541,200121,8,,Alina Jidkova,R,168,RUS,25.643,72,506,3-6 6-3 6-2,3,R32,,,,,,,,,,,,,,,,,,,
2002-1008,Waikoloa,Hard,32,T4,,20020910,16,200126,6,,Marissa Irvin,R,170,USA,22.215,58,604,201401,,Q,Abigail Spears,R,175,USA,21.164,310,65,4-6 6-2 6-4,3,R32,,,,,,,,,,,,,,,,,,,
2002-1008,Waikoloa,Hard,32,T4,,20020910,17,200061,,,Gala Leon Garcia,L,163,ESP,28.715,125,281,201328,,,Milagros Sequera,R,165,VEN,21.944,114,303,6-2 4-6 6-2,3,R16,,,,,,,,,,,,,,,,,,,
2002-1008,Waikoloa,Hard,32,T4,,20020910,18,200754,,,Jill Craybas,R,160,USA,28.187,77,479,200031,5,,Meilen Tu,R,163,USA,24.647,52,652,7-6(2) 2-6 6-0,3,R16,,,,,,,,,,,,,,,,,,,
2002-1008,Waikoloa,Hard,32,T4,,20020910,19,200048,4,,Elena Likhovtseva,R,174,RUS,27.007,45,801,201207,,,Ansley Cargill,R,170,USA,20.679,144,232,6-3 6-3,3,R16,,,,,,,,,,,,,,,,,,,
2002-1008,Waikoloa,Hard,32,T4,,20020910,20,200072,,,Cara Black,R,167,ZIM,23.562,61,541,200125,,WC,Corina Morariu,R,174,USA,24.622,,,6-3 6-4,3,R16,,,,,,,,,,,,,,,,,,,
2002-1008,Waikoloa,Hard,32,T4,,20020910,21,200042,,,Els Callens,R,178,BEL,32.058,73,505,200126,6,,Marissa Irvin,R,170,USA,22.215,58,604,2-6 7-5 7-6(2),3,R16,,,,,,,,,,,,,,,,,,,
2002-1008,Waikoloa,Hard,32,T4,,20020910,22,200749,,,Samantha Reeves,R,173,USA,23.647,74,494,200032,3,,Barbara Schett,R,176,AUT,26.503,37,940,3-6 7-6(3) 6-4,3,R16,,,,,,,,,,,,,,,,,,,
2002-1008,Waikoloa,Hard,32,T4,,20020910,23,200049,7,,Conchita Martinez,R,170,ESP,30.402,57,606,201312,,,Sarah Taylor,R,,USA,20.844,106,336,6-1 2-0 RET,3,R16,,,,,,,,,,,,,,,,,,,
2002-1008,Waikoloa,Hard,32,T4,,20020910,24,200020,2,,Lisa Raymond,R,165,USA,29.085,24,1185,201315,,,Ashley Harkleroad,R,165,USA,17.358,169,191,6-3 7-6(7),3,R16,,,,,,,,,,,,,,,,,,,
2002-1008,Waikoloa,Hard,32,T4,,20020910,25,200061,,,Gala Leon Garcia,L,163,ESP,28.715,125,281,200754,,,Jill Craybas,R,160,USA,28.187,77,479,6-0 6-3,3,QF,,,,,,,,,,,,,,,,,,,
2002-1008,Waikoloa,Hard,32,T4,,20020910,26,200072,,,Cara Black,R,167,ZIM,23.562,61,541,200048,4,,Elena Likhovtseva,R,174,RUS,27.007,45,801,6-4 6-0,3,QF,,,,,,,,,,,,,,,,,,,
2002-1008,Waikoloa,Hard,32,T4,,20020910,27,200042,,,Els Callens,R,178,BEL,32.058,73,505,200749,,,Samantha Reeves,R,173,USA,23.647,74,494,4-6 7-5 6-0,3,QF,,,,,,,,,,,,,,,,,,,
2002-1008,Waikoloa,Hard,32,T4,,20020910,28,200020,2,,Lisa Raymond,R,165,USA,29.085,24,1185,200049,7,,Conchita Martinez,R,170,ESP,30.402,57,606,6-4 6-7(2) 6-4,3,QF,,,,,,,,,,,,,,,,,,,
2002-1008,Waikoloa,Hard,32,T4,,20020910,29,200072,,,Cara Black,R,167,ZIM,23.562,61,541,200061,,,Gala Leon Garcia,L,163,ESP,28.715,125,281,6-1 2-1 RET,3,SF,,,,,,,,,,,,,,,,,,,
2002-1008,Waikoloa,Hard,32,T4,,20020910,30,200020,2,,Lisa Raymond,R,165,USA,29.085,24,1185,200042,,,Els Callens,R,178,BEL,32.058,73,505,6-2 7-5,3,SF,,,,,,,,,,,,,,,,,,,
2002-1008,Waikoloa,Hard,32,T4,,20020910,31,200072,,,Cara Black,R,167,ZIM,23.562,61,541,200020,2,,Lisa Raymond,R,165,USA,29.085,24,1185,7-6(1) 6-4,3,F,,,,,,,,,,,,,,,,,,,
2002-526,Tokyo,Hard,28,T2,,20020916,1,200114,,,Patricia Wartusch,R,175,AUT,24.115,74,483,201323,,WC,Saori Obata,L,165,JPN,24.400,98,376,6-4 5-7 6-3,3,R32,,,,,,,,,,,,,,,,,,,
2002-526,Tokyo,Hard,28,T2,,20020916,2,200009,7,,Tamarine Tanasugarn,R,165,THA,25.315,28,1132,200727,,,Adriana Serra Zanetti,R,160,ITA,26.533,49,674,6-2 7-6(3),3,R32,,,,,,,,,,,,,,,,,,,
2002-526,Tokyo,Hard,28,T2,,20020916,3,201302,,,Clarisa Fernandez,L,179,ARG,21.052,35,992,200015,,Q,Petra Mandula,R,178,HUN,24.663,79,465,7-5 6-2,3,R32,,,,,,,,,,,,,,,,,,,
2002-526,Tokyo,Hard,28,T2,,20020916,4,200111,,,Lina Krasnoroutskaya,R,174,RUS,18.382,307,66,200007,,Q,Silvija Talaja,R,173,CRO,24.671,88,419,6-3 6-4,3,R32,,,,,,,,,,,,,,,,,,,
2002-526,Tokyo,Hard,28,T2,,20020916,5,200036,,,Nicole Pratt,R,163,AUS,29.534,46,799,200061,,WC,Gala Leon Garcia,L,163,ESP,28.732,101,354,6-3 7-6(4),3,R32,,,,,,,,,,,,,,,,,,,
2002-526,Tokyo,Hard,28,T2,,20020916,6,200085,5,,Ai Sugiyama,R,163,JPN,27.201,20,1291,201085,,WC,Shinobu Asagoe,R,170,JPN,26.218,97,377,6-4 6-1,3,R32,,,,,,,,,,,,,,,,,,,
2002-526,Tokyo,Hard,28,T2,,20020916,7,200041,,,Amy Frazier,R,175,USA,29.991,53,649,200022,,,Emmanuelle Gagliardi,R,171,SUI,26.188,52,664,4-6 6-4 6-2,3,R32,,,,,,,,,,,,,,,,,,,
2002-526,Tokyo,Hard,28,T2,,20020916,8,200008,,Q,Alicia Molik,R,182,AUS,21.635,94,388,200066,,,Cristina Torrens Valero,R,171,ESP,28.012,76,472,6-4 6-2,3,R32,,,,,,,,,,,,,,,,,,,
2002-526,Tokyo,Hard,28,T2,,20020916,9,200063,6,,Tatiana Panova,R,154,RUS,26.092,22,1219,200098,,,Henrieta Nagyova,R,177,SVK,23.754,50,669,6-2 1-6 6-4,3,R32,,,,,,,,,,,,,,,,,,,
2002-526,Tokyo,Hard,28,T2,,20020916,10,200017,8,,Arantxa Sanchez Vicario,R,168,ESP,30.747,34,993,201297,,,Maja Matevzic,L,175,SLO,22.259,62,549,6-2 6-0,3,R32,,,,,,,,,,,,,,,,,,,
2002-526,Tokyo,Hard,28,T2,,20020916,11,200048,,,Elena Likhovtseva,R,174,RUS,27.023,44,827,200049,,,Conchita Martinez,R,170,ESP,30.418,54,637,6-2 4-6 6-2,3,R32,,,,,,,,,,,,,,,,,,,
2002-526,Tokyo,Hard,28,T2,,20020916,12,201320,,Q,Svetlana Kuznetsova,R,174,RUS,17.221,60,567,200122,,,Tina Pisnik,R,172,SLO,21.572,45,827,5-0 RET,3,R32,,,,,,,,,,,,,,,,,,,
2002-526,Tokyo,Hard,28,T2,,20020916,13,200033,1,,Serena Williams,R,175,USA,20.972,1,5544,200114,,,Patricia Wartusch,R,175,AUT,24.115,74,483,6-0 6-2,3,R16,,,,,,,,,,,,,,,,,,,
2002-526,Tokyo,Hard,28,T2,,20020916,14,200036,,,Nicole Pratt,R,163,AUS,29.534,46,799,200085,5,,Ai Sugiyama,R,163,JPN,27.201,20,1291,6-3 4-6 6-3,3,R16,,,,,,,,,,,,,,,,,,,
2002-526,Tokyo,Hard,28,T2,,20020916,15,200041,,,Amy Frazier,R,175,USA,29.991,53,649,200040,4,,Anna Smashnova,R,157,ISR,26.169,19,1348,6-4 6-3,3,R16,,,,,,,,,,,,,,,,,,,
2002-526,Tokyo,Hard,28,T2,,20020916,16,200063,6,,Tatiana Panova,R,154,RUS,26.092,22,1219,200008,,Q,Alicia Molik,R,182,AUS,21.635,94,388,7-5 6-4,3,R16,,,,,,,,,,,,,,,,,,,
2002-526,Tokyo,Hard,28,T2,,20020916,17,200048,,,Elena Likhovtseva,R,174,RUS,27.023,44,827,200017,8,,Arantxa Sanchez Vicario,R,168,ESP,30.747,34,993,6-2 6-7(1) 6-4,3,R16,,,,,,,,,,,,,,,,,,,
2002-526,Tokyo,Hard,28,T2,,20020916,18,200079,3,,Kim Clijsters,R,175,BEL,19.275,8,2730,201320,,Q,Svetlana Kuznetsova,R,174,RUS,17.221,60,567,6-4 0-6 7-5,3,R16,,,,,,,,,,,,,,,,,,,
2002-526,Tokyo,Hard,28,T2,,20020916,19,200009,7,,Tamarine Tanasugarn,R,165,THA,25.315,28,1132,201302,,,Clarisa Fernandez,L,179,ARG,21.052,35,992,6-4 6-4,3,R16,,,,,,,,,,,,,,,,,,,
2002-526,Tokyo,Hard,28,T2,,20020916,20,200120,2,,Jelena Dokic,R,175,AUS,19.431,4,3268,200111,,,Lina Krasnoroutskaya,R,174,RUS,18.382,307,66,6-2 7-6(5),3,R16,,,,,,,,,,,,,,,,,,,
2002-526,Tokyo,Hard,28,T2,,20020916,21,200033,1,,Serena Williams,R,175,USA,20.972,1,5544,200036,,,Nicole Pratt,R,163,AUS,29.534,46,799,6-1 6-0,3,QF,,,,,,,,,,,,,,,,,,,
2002-526,Tokyo,Hard,28,T2,,20020916,22,200041,,,Amy Frazier,R,175,USA,29.991,53,649,200063,6,,Tatiana Panova,R,154,RUS,26.092,22,1219,2-6 6-1 6-4,3,QF,,,,,,,,,,,,,,,,,,,
2002-526,Tokyo,Hard,28,T2,,20020916,23,200079,3,,Kim Clijsters,R,175,BEL,19.275,8,2730,200048,,,Elena Likhovtseva,R,174,RUS,27.023,44,827,6-2 6-2,3,QF,,,,,,,,,,,,,,,,,,,
2002-526,Tokyo,Hard,28,T2,,20020916,24,200120,2,,Jelena Dokic,R,175,AUS,19.431,4,3268,200009,7,,Tamarine Tanasugarn,R,165,THA,25.315,28,1132,6-3 6-1,3,QF,,,,,,,,,,,,,,,,,,,
2002-526,Tokyo,Hard,28,T2,,20020916,25,200033,1,,Serena Williams,R,175,USA,20.972,1,5544,200041,,,Amy Frazier,R,175,USA,29.991,53,649,7-6(0) 6-3,3,SF,,,,,,,,,,,,,,,,,,,
2002-526,Tokyo,Hard,28,T2,,20020916,26,200079,3,,Kim Clijsters,R,175,BEL,19.275,8,2730,200120,2,,Jelena Dokic,R,175,AUS,19.431,4,3268,5-7 6-2 6-3,3,SF,,,,,,,,,,,,,,,,,,,
2002-526,Tokyo,Hard,28,T2,,20020916,27,200033,1,,Serena Williams,R,175,USA,20.972,1,5544,200079,3,,Kim Clijsters,R,175,BEL,19.275,8,2730,2-6 6-3 6-3,3,F,,,,,,,,,,,,,,,,,,,
2002-656,Quebec City,Carpet,30,T3,,20020916,1,201281,,,Laura Granville,R,175,USA,21.347,58,613,200084,,,Asa Carlsson,R,178,SWE,27.253,70,512,6-7(5) 6-3 6-2,3,R32,,,,,,,,,,,,,,,,,,,
2002-656,Quebec City,Carpet,30,T3,,20020916,2,200123,,,Marlene Weingartner,R,174,GER,22.629,99,370,202153,,WC,Melanie Marois,R,,CAN,18.519,336,52,4-6 6-3 6-4,3,R32,,,,,,,,,,,,,,,,,,,
2002-656,Quebec City,Carpet,30,T3,,20020916,3,200028,,,Maureen Drake,R,175,CAN,31.491,105,348,200124,4,,Anne Kremer,R,165,LUX,26.916,21,1265,6-4 7-5,3,R32,,,,,,,,,,,,,,,,,,,
2002-656,Quebec City,Carpet,30,T3,,20020916,4,200764,7,,Elena Bovina,R,189,RUS,19.521,39,869,200012,,,Jana Nejedly,R,175,CAN,28.272,181,170,6-1 6-4,3,R32,,,,,,,,,,,,,,,,,,,
2002-656,Quebec City,Carpet,30,T3,,20020916,5,200110,,,Fabiola Zuluaga,R,172,COL,23.691,64,532,200749,,,Samantha Reeves,R,173,USA,23.664,85,444,6-2 6-3,3,R32,,,,,,,,,,,,,,,,,,,
2002-656,Quebec City,Carpet,30,T3,,20020916,6,201333,,,Angelika Roesch,R,172,GER,25.274,82,454,202266,,Q,Kelly Liggan,R,,IRL,23.612,229,120,6-3 7-6(5),3,R32,,,,,,,,,,,,,,,,,,,
2002-656,Quebec City,Carpet,30,T3,,20020916,7,200709,,,Rossana De Los Rios,R,170,PAR,27.001,92,397,201086,,,Greta Arn,R,180,HUN,23.428,90,412,0-6 7-6(2) 7-6(4),3,R32,,,,,,,,,,,,,,,,,,,
2002-656,Quebec City,Carpet,30,T3,,20020916,8,200083,6,,Alexandra Stevenson,R,185,USA,21.753,32,1041,201300,,,Maria Emilia Salerni,R,174,ARG,19.343,131,252,6-4 6-1,3,R32,,,,,,,,,,,,,,,,,,,
2002-656,Quebec City,Carpet,30,T3,,20020916,9,200086,3,,Magdalena Maleeva,R,168,BUL,27.461,17,1367,201728,,Q,Jessica Steck,R,173,RSA,24.113,325,57,6-4 6-3,3,R32,,,,,,,,,,,,,,,,,,,
2002-656,Quebec City,Carpet,30,T3,,20020916,10,202283,,Q,Anouska Van Exel,,,NED,27.921,,,200104,,,Emilie Loit,L,167,FRA,23.272,56,630,6-1 7-6(8),3,R32,,,,,,,,,,,,,,,,,,,
2002-656,Quebec City,Carpet,30,T3,,20020916,11,201306,,,Marie Gaiane Mikaelian,R,172,SUI,18.538,63,549,201383,,WC,Marie Eve Pelletier,R,172,CAN,20.332,144,231,6-3 6-3,3,R32,,,,,,,,,,,,,,,,,,,
2002-656,Quebec City,Carpet,30,T3,,20020916,12,200046,5,,Meghann Shaughnessy,R,180,USA,23.428,30,1072,200121,,,Alina Jidkova,R,168,RUS,25.660,81,454,6-3 3-6 7-6(2),3,R32,,,,,,,,,,,,,,,,,,,
2002-656,Quebec City,Carpet,30,T3,,20020916,13,200031,8,,Meilen Tu,R,163,USA,24.663,57,630,200115,,SR,Brie Rippner,R,175,USA,22.653,211,147,2-6 7-6(3) 6-1,3,R32,,,,,,,,,,,,,,,,,,,
2002-656,Quebec City,Carpet,30,T3,,20020916,14,201370,,Q,Anastasia Rodionova,R,167,AUS,20.348,163,196,200766,,,Jennifer Hopkins,R,170,USA,21.597,108,342,6-1 6-1,3,R32,,,,,,,,,,,,,,,,,,,
2002-656,Quebec City,Carpet,30,T3,,20020916,15,200700,1,,Silvia Farina Elia,R,172,ITA,30.388,14,1710,201281,,,Laura Granville,R,175,USA,21.347,58,613,6-1 6-4,3,R16,,,,,,,,,,,,,,,,,,,
2002-656,Quebec City,Carpet,30,T3,,20020916,16,200083,6,,Alexandra Stevenson,R,185,USA,21.753,32,1041,200709,,,Rossana De Los Rios,R,170,PAR,27.001,92,397,6-1 6-4,3,R16,,,,,,,,,,,,,,,,,,,
2002-656,Quebec City,Carpet,30,T3,,20020916,17,200086,3,,Magdalena Maleeva,R,168,BUL,27.461,17,1367,202283,,Q,Anouska Van Exel,,,NED,27.921,,,6-4 2-6 6-3,3,R16,,,,,,,,,,,,,,,,,,,
2002-656,Quebec City,Carpet,30,T3,,20020916,18,201306,,,Marie Gaiane Mikaelian,R,172,SUI,18.538,63,549,200046,5,,Meghann Shaughnessy,R,180,USA,23.428,30,1072,6-4 6-4,3,R16,,,,,,,,,,,,,,,,,,,
2002-656,Quebec City,Carpet,30,T3,,20020916,19,201370,,Q,Anastasia Rodionova,R,167,AUS,20.348,163,196,200031,8,,Meilen Tu,R,163,USA,24.663,57,630,7-6(5) 7-5,3,R16,,,,,,,,,,,,,,,,,,,
2002-656,Quebec City,Carpet,30,T3,,20020916,20,200123,,,Marlene Weingartner,R,174,GER,22.629,99,370,200028,,,Maureen Drake,R,175,CAN,31.491,105,348,6-1 6-7(5) 6-4,3,R16,,,,,,,,,,,,,,,,,,,
2002-656,Quebec City,Carpet,30,T3,,20020916,21,200764,7,,Elena Bovina,R,189,RUS,19.521,39,869,200110,,,Fabiola Zuluaga,R,172,COL,23.691,64,532,4-6 7-6(3) 6-3,3,R16,,,,,,,,,,,,,,,,,,,
2002-656,Quebec City,Carpet,30,T3,,20020916,22,201333,,,Angelika Roesch,R,172,GER,25.274,82,454,200108,2,,Elena Dementieva,R,180,RUS,20.920,16,1598,7-6(0) 6-7(1) 6-4,3,R16,,,,,,,,,,,,,,,,,,,
2002-656,Quebec City,Carpet,30,T3,,20020916,23,200700,1,,Silvia Farina Elia,R,172,ITA,30.388,14,1710,200083,6,,Alexandra Stevenson,R,185,USA,21.753,32,1041,6-2 3-6 6-1,3,QF,,,,,,,,,,,,,,,,,,,
2002-656,Quebec City,Carpet,30,T3,,20020916,24,201306,,,Marie Gaiane Mikaelian,R,172,SUI,18.538,63,549,200086,3,,Magdalena Maleeva,R,168,BUL,27.461,17,1367,6-1 6-1,3,QF,,,,,,,,,,,,,,,,,,,
2002-656,Quebec City,Carpet,30,T3,,20020916,25,201370,,Q,Anastasia Rodionova,R,167,AUS,20.348,163,196,200123,,,Marlene Weingartner,R,174,GER,22.629,99,370,7-6(4) 6-0,3,QF,,,,,,,,,,,,,,,,,,,
2002-656,Quebec City,Carpet,30,T3,,20020916,26,200764,7,,Elena Bovina,R,189,RUS,19.521,39,869,201333,,,Angelika Roesch,R,172,GER,25.274,82,454,6-2 6-0,3,QF,,,,,,,,,,,,,,,,,,,
2002-656,Quebec City,Carpet,30,T3,,20020916,27,201306,,,Marie Gaiane Mikaelian,R,172,SUI,18.538,63,549,200700,1,,Silvia Farina Elia,R,172,ITA,30.388,14,1710,7-6(3) 6-1,3,SF,,,,,,,,,,,,,,,,,,,
2002-656,Quebec City,Carpet,30,T3,,20020916,28,200764,7,,Elena Bovina,R,189,RUS,19.521,39,869,201370,,Q,Anastasia Rodionova,R,167,AUS,20.348,163,196,6-1 6-0,3,SF,,,,,,,,,,,,,,,,,,,
2002-656,Quebec City,Carpet,30,T3,,20020916,29,200764,7,,Elena Bovina,R,189,RUS,19.521,39,869,201306,,,Marie Gaiane Mikaelian,R,172,SUI,18.538,63,549,6-3 6-4,3,F,,,,,,,,,,,,,,,,,,,
2002-527,Leipzig,Carpet,28,T2,,20020923,1,200090,,Q,Anca Barna,L,175,GER,25.361,74,510,202288,,WC,Elke Clijsters,R,174,BEL,17.679,801,8,6-4 6-2,3,R32,,,,,,,,,,,,,,,,,,,
2002-527,Leipzig,Carpet,28,T2,,20020923,2,200772,6,,Anastasia Myskina,R,174,RUS,21.211,12,1878,200109,,,Nathalie Dechy,R,177,FRA,23.587,25,1186,2-6 6-1 6-3,3,R32,,,,,,,,,,,,,,,,,,,
2002-527,Leipzig,Carpet,28,T2,,20020923,3,200117,,Q,Kveta Peschke,R,165,CZE,27.209,119,298,201083,,,Daja Bedanova,R,171,CZE,19.543,28,1096,6-2 2-1 RET,3,R32,,,,,,,,,,,,,,,,,,,
2002-527,Leipzig,Carpet,28,T2,,20020923,4,200046,,,Meghann Shaughnessy,R,180,USA,23.447,38,909,200048,,,Elena Likhovtseva,R,174,RUS,27.042,39,898,6-3 3-6 6-2,3,R32,,,,,,,,,,,,,,,,,,,
2002-527,Leipzig,Carpet,28,T2,,20020923,5,200083,,,Alexandra Stevenson,R,185,USA,21.772,31,1028,200044,,Q,Denisa Chladkova,R,174,CZE,23.623,66,529,6-4 4-6 6-2,3,R32,,,,,,,,,,,,,,,,,,,
2002-527,Leipzig,Carpet,28,T2,,20020923,6,200697,,,Janette Husarova,R,169,SVK,28.304,44,828,200086,8,,Magdalena Maleeva,R,168,BUL,27.480,17,1367,3-6 6-2 6-3,3,R32,,,,,,,,,,,,,,,,,,,
2002-527,Leipzig,Carpet,28,T2,,20020923,7,201331,,Q,Iveta Benesova,L,170,CZE,19.642,111,327,200107,,,Paola Suarez,R,170,ARG,26.251,30,1052,6-3 6-1,3,R32,,,,,,,,,,,,,,,,,,,
2002-527,Leipzig,Carpet,28,T2,,20020923,8,200010,,,Rita Grande,R,177,ITA,27.505,37,948,200723,,,Iva Majoli,R,175,CRO,25.115,29,1094,7-6(4) 6-1,3,R32,,,,,,,,,,,,,,,,,,,
2002-527,Leipzig,Carpet,28,T2,,20020923,9,201290,5,,Daniela Hantuchova,R,181,SVK,19.420,11,2484,200011,,,Katarina Srebotnik,R,180,SLO,21.534,41,852,4-6 6-3 6-3,3,R32,,,,,,,,,,,,,,,,,,,
2002-527,Leipzig,Carpet,28,T2,,20020923,10,200700,7,,Silvia Farina Elia,R,172,ITA,30.407,14,1732,201212,,,Francesca Schiavone,R,166,ITA,22.251,32,1027,6-4 6-7(2) 6-2,3,R32,,,,,,,,,,,,,,,,,,,
2002-527,Leipzig,Carpet,28,T2,,20020923,11,200094,,WC,Barbara Rittner,R,173,GER,29.413,83,453,201305,,,Eleni Daniilidou,R,182,GRE,20.011,23,1214,6-3 3-6 7-6(1),3,R32,,,,,,,,,,,,,,,,,,,
2002-527,Leipzig,Carpet,28,T2,,20020923,12,200069,,,Nadia Petrova,R,178,RUS,20.293,169,193,201310,,WC,Martina Muller,R,165,GER,19.951,69,515,6-3 6-1,3,R32,,,,,,,,,,,,,,,,,,,
2002-527,Leipzig,Carpet,28,T2,,20020923,13,200033,1,,Serena Williams,R,175,USA,20.992,1,5808,200090,,Q,Anca Barna,L,175,GER,25.361,74,510,6-1 3-6 6-1,3,R16,,,,,,,,,,,,,,,,,,,
2002-527,Leipzig,Carpet,28,T2,,20020923,14,200697,,,Janette Husarova,R,169,SVK,28.304,44,828,200083,,,Alexandra Stevenson,R,185,USA,21.772,31,1028,1-6 7-6(2) 7-6(6),3,R16,,,,,,,,,,,,,,,,,,,
2002-527,Leipzig,Carpet,28,T2,,20020923,15,200003,3,,Justine Henin,R,167,BEL,20.313,7,2869,201331,,Q,Iveta Benesova,L,170,CZE,19.642,111,327,6-7(4) 7-6(5) 6-2,3,R16,,,,,,,,,,,,,,,,,,,
2002-527,Leipzig,Carpet,28,T2,,20020923,16,201290,5,,Daniela Hantuchova,R,181,SVK,19.420,11,2484,200010,,,Rita Grande,R,177,ITA,27.505,37,948,6-4 2-6 7-6(3),3,R16,,,,,,,,,,,,,,,,,,,
2002-527,Leipzig,Carpet,28,T2,,20020923,17,200094,,WC,Barbara Rittner,R,173,GER,29.413,83,453,200700,7,,Silvia Farina Elia,R,172,ITA,30.407,14,1732,4-6 6-4 6-3,3,R16,,,,,,,,,,,,,,,,,,,
2002-527,Leipzig,Carpet,28,T2,,20020923,18,200079,4,,Kim Clijsters,R,175,BEL,19.294,8,2827,200069,,,Nadia Petrova,R,178,RUS,20.293,169,193,6-4 6-2,3,R16,,,,,,,,,,,,,,,,,,,
2002-527,Leipzig,Carpet,28,T2,,20020923,19,200772,6,,Anastasia Myskina,R,174,RUS,21.211,12,1878,200117,,Q,Kveta Peschke,R,165,CZE,27.209,119,298,6-4 3-6 6-1,3,R16,,,,,,,,,,,,,,,,,,,
2002-527,Leipzig,Carpet,28,T2,,20020923,20,200046,,,Meghann Shaughnessy,R,180,USA,23.447,38,909,200120,2,,Jelena Dokic,R,175,AUS,19.450,5,3074,6-2 6-4,3,R16,,,,,,,,,,,,,,,,,,,
2002-527,Leipzig,Carpet,28,T2,,20020923,21,200033,1,,Serena Williams,R,175,USA,20.992,1,5808,200697,,,Janette Husarova,R,169,SVK,28.304,44,828,6-3 6-3,3,QF,,,,,,,,,,,,,,,,,,,
2002-527,Leipzig,Carpet,28,T2,,20020923,22,200003,3,,Justine Henin,R,167,BEL,20.313,7,2869,201290,5,,Daniela Hantuchova,R,181,SVK,19.420,11,2484,6-4 7-5,3,QF,,,,,,,,,,,,,,,,,,,
2002-527,Leipzig,Carpet,28,T2,,20020923,23,200079,4,,Kim Clijsters,R,175,BEL,19.294,8,2827,200094,,WC,Barbara Rittner,R,173,GER,29.413,83,453,6-1 6-0,3,QF,,,,,,,,,,,,,,,,,,,
2002-527,Leipzig,Carpet,28,T2,,20020923,24,200772,6,,Anastasia Myskina,R,174,RUS,21.211,12,1878,200046,,,Meghann Shaughnessy,R,180,USA,23.447,38,909,6-4 7-5,3,QF,,,,,,,,,,,,,,,,,,,
2002-527,Leipzig,Carpet,28,T2,,20020923,25,200033,1,,Serena Williams,R,175,USA,20.992,1,5808,200003,3,,Justine Henin,R,167,BEL,20.313,7,2869,6-4 6-2,3,SF,,,,,,,,,,,,,,,,,,,
2002-527,Leipzig,Carpet,28,T2,,20020923,26,200772,6,,Anastasia Myskina,R,174,RUS,21.211,12,1878,200079,4,,Kim Clijsters,R,175,BEL,19.294,8,2827,6-4 5-7 7-6(3),3,SF,,,,,,,,,,,,,,,,,,,
2002-527,Leipzig,Carpet,28,T2,,20020923,27,200033,1,,Serena Williams,R,175,USA,20.992,1,5808,200772,6,,Anastasia Myskina,R,174,RUS,21.211,12,1878,6-3 6-2,3,F,,,,,,,,,,,,,,,,,,,
2002-1009,Bali,Hard,30,T3,,20020923,1,200709,,,Rossana De Los Rios,R,170,PAR,27.020,89,416,201352,,Q,Akiko Morigami,R,165,JPN,22.697,130,255,6-3 7-6(3),3,R32,,,,,,,,,,,,,,,,,,,
2002-1009,Bali,Hard,30,T3,,20020923,2,201320,,,Svetlana Kuznetsova,R,174,RUS,17.241,59,627,200008,,,Alicia Molik,R,182,AUS,21.654,85,433,6-2 6-4,3,R32,,,,,,,,,,,,,,,,,,,
2002-1009,Bali,Hard,30,T3,,20020923,3,200043,,WC,Virginie Razzano,R,173,FRA,19.368,104,352,201302,3,,Clarisa Fernandez,L,179,ARG,21.071,33,1020,6-3 6-3,3,R32,,,,,,,,,,,,,,,,,,,
2002-1009,Bali,Hard,30,T3,,20020923,4,200022,7,,Emmanuelle Gagliardi,R,171,SUI,26.207,52,664,202266,,Q,Kelly Liggan,R,,IRL,23.631,232,119,7-6(3) 5-7 6-4,3,R32,,,,,,,,,,,,,,,,,,,
2002-1009,Bali,Hard,30,T3,,20020923,5,201323,,,Saori Obata,L,165,JPN,24.419,105,351,200754,,,Jill Craybas,R,160,USA,28.222,80,466,7-5 6-3,3,R32,,,,,,,,,,,,,,,,,,,
2002-1009,Bali,Hard,30,T3,,20020923,6,200118,,,Virginia Ruano Pascual,R,169,ESP,29.005,67,519,200103,,LL,Evie Dominikovic,R,173,AUS,22.319,135,249,6-2 6-0,3,R32,,,,,,,,,,,,,,,,,,,
2002-1009,Bali,Hard,30,T3,,20020923,7,201295,,,Wynne Prakusya,R,160,INA,21.410,102,364,200061,,WC,Gala Leon Garcia,L,163,ESP,28.751,134,249,7-5 6-3,3,R32,,,,,,,,,,,,,,,,,,,
2002-1009,Bali,Hard,30,T3,,20020923,8,200049,8,,Conchita Martinez,R,170,ESP,30.437,55,637,200056,,,Jelena Kostanic Tosic,L,168,CRO,21.216,76,483,6-2 6-4,3,R32,,,,,,,,,,,,,,,,,,,
2002-1009,Bali,Hard,30,T3,,20020923,9,200036,4,,Nicole Pratt,R,163,AUS,29.553,42,839,201373,,WC,Maria Kirilenko,R,173,RUS,15.661,532,21,6-2 6-4,3,R32,,,,,,,,,,,,,,,,,,,
2002-1009,Bali,Hard,30,T3,,20020923,10,200777,,,Marta Marrero,R,173,ESP,19.686,94,391,201327,,,Angelique Widjaja,R,173,INA,17.780,61,587,6-4 6-3,3,R32,,,,,,,,,,,,,,,,,,,
2002-1009,Bali,Hard,30,T3,,20020923,11,200125,,,Corina Morariu,R,174,USA,24.658,611,17,200066,,,Cristina Torrens Valero,R,171,ESP,28.031,78,472,6-2 6-4,3,R32,,,,,,,,,,,,,,,,,,,
2002-1009,Bali,Hard,30,T3,,20020923,12,201312,,Q,Sarah Taylor,R,,USA,20.879,109,341,200727,5,,Adriana Serra Zanetti,R,160,ITA,26.552,53,654,6-2 7-5,3,R32,,,,,,,,,,,,,,,,,,,
2002-1009,Bali,Hard,30,T3,,20020923,13,200111,,,Lina Krasnoroutskaya,R,174,RUS,18.401,320,59,200072,6,,Cara Black,R,167,ZIM,23.598,54,651,2-6 6-2 7-6(5),3,R32,,,,,,,,,,,,,,,,,,,
2002-1009,Bali,Hard,30,T3,,20020923,14,201321,,Q,Antonella Serra Zanetti,R,168,ITA,22.163,108,342,200007,,,Silvija Talaja,R,173,CRO,24.690,95,391,7-6(4) 1-6 6-3,3,R32,,,,,,,,,,,,,,,,,,,
2002-1009,Bali,Hard,30,T3,,20020923,15,200709,,,Rossana De Los Rios,R,170,PAR,27.020,89,416,200009,1,,Tamarine Tanasugarn,R,165,THA,25.334,27,1138,2-6 6-4 6-2,3,R16,,,,,,,,,,,,,,,,,,,
2002-1009,Bali,Hard,30,T3,,20020923,16,200049,8,,Conchita Martinez,R,170,ESP,30.437,55,637,201295,,,Wynne Prakusya,R,160,INA,21.410,102,364,6-3 3-6 6-1,3,R16,,,,,,,,,,,,,,,,,,,
2002-1009,Bali,Hard,30,T3,,20020923,17,200777,,,Marta Marrero,R,173,ESP,19.686,94,391,200036,4,,Nicole Pratt,R,163,AUS,29.553,42,839,7-5 6-3,3,R16,,,,,,,,,,,,,,,,,,,
2002-1009,Bali,Hard,30,T3,,20020923,18,201312,,Q,Sarah Taylor,R,,USA,20.879,109,341,200125,,,Corina Morariu,R,174,USA,24.658,611,17,6-2 1-2 RET,3,R16,,,,,,,,,,,,,,,,,,,
2002-1009,Bali,Hard,30,T3,,20020923,19,200111,,,Lina Krasnoroutskaya,R,174,RUS,18.401,320,59,201321,,Q,Antonella Serra Zanetti,R,168,ITA,22.163,108,342,6-1 7-5,3,R16,,,,,,,,,,,,,,,,,,,
2002-1009,Bali,Hard,30,T3,,20020923,20,201320,,,Svetlana Kuznetsova,R,174,RUS,17.241,59,627,200043,,WC,Virginie Razzano,R,173,FRA,19.368,104,352,7-6(7) 4-6 6-2,3,R16,,,,,,,,,,,,,,,,,,,
2002-1009,Bali,Hard,30,T3,,20020923,21,201323,,,Saori Obata,L,165,JPN,24.419,105,351,200022,7,,Emmanuelle Gagliardi,R,171,SUI,26.207,52,664,6-2 7-5,3,R16,,,,,,,,,,,,,,,,,,,
2002-1009,Bali,Hard,30,T3,,20020923,22,200017,2,,Arantxa Sanchez Vicario,R,168,ESP,30.766,43,831,200118,,,Virginia Ruano Pascual,R,169,ESP,29.005,67,519,6-2 7-6(6),3,R16,,,,,,,,,,,,,,,,,,,
2002-1009,Bali,Hard,30,T3,,20020923,23,200049,8,,Conchita Martinez,R,170,ESP,30.437,55,637,200709,,,Rossana De Los Rios,R,170,PAR,27.020,89,416,6-1 6-3,3,QF,,,,,,,,,,,,,,,,,,,
2002-1009,Bali,Hard,30,T3,,20020923,24,201312,,Q,Sarah Taylor,R,,USA,20.879,109,341,200777,,,Marta Marrero,R,173,ESP,19.686,94,391,6-3 7-5,3,QF,,,,,,,,,,,,,,,,,,,
2002-1009,Bali,Hard,30,T3,,20020923,25,201320,,,Svetlana Kuznetsova,R,174,RUS,17.241,59,627,200111,,,Lina Krasnoroutskaya,R,174,RUS,18.401,320,59,6-3 RET,3,QF,,,,,,,,,,,,,,,,,,,
2002-1009,Bali,Hard,30,T3,,20020923,26,200017,2,,Arantxa Sanchez Vicario,R,168,ESP,30.766,43,831,201323,,,Saori Obata,L,165,JPN,24.419,105,351,6-3 4-6 6-0,3,QF,,,,,,,,,,,,,,,,,,,
2002-1009,Bali,Hard,30,T3,,20020923,27,200049,8,,Conchita Martinez,R,170,ESP,30.437,55,637,201312,,Q,Sarah Taylor,R,,USA,20.879,109,341,6-0 6-3,3,SF,,,,,,,,,,,,,,,,,,,
2002-1009,Bali,Hard,30,T3,,20020923,28,201320,,,Svetlana Kuznetsova,R,174,RUS,17.241,59,627,200017,2,,Arantxa Sanchez Vicario,R,168,ESP,30.766,43,831,7-5 6-4,3,SF,,,,,,,,,,,,,,,,,,,
2002-1009,Bali,Hard,30,T3,,20020923,29,201320,,,Svetlana Kuznetsova,R,174,RUS,17.241,59,627,200049,8,,Conchita Martinez,R,170,ESP,30.437,55,637,3-6 7-6(4) 7-5,3,F,,,,,,,,,,,,,,,,,,,
2002-730,Moscow,Carpet,28,T1,,20020930,1,200086,,,Magdalena Maleeva,R,168,BUL,27.500,23,1192,200040,,,Anna Smashnova,R,157,ISR,26.207,18,1348,6-1 6-2,3,R32,,,,,,,,,,,,,,,,,,,
2002-730,Moscow,Carpet,28,T1,,20020930,2,200108,9,,Elena Dementieva,R,180,RUS,20.959,16,1503,200723,,,Iva Majoli,R,175,CRO,25.134,29,1094,6-4 6-1,3,R32,,,,,,,,,,,,,,,,,,,
2002-730,Moscow,Carpet,28,T1,,20020930,3,200764,,WC,Elena Bovina,R,189,RUS,19.560,34,1012,201329,,Q,Vera Zvonareva,R,172,RUS,18.062,54,676,2-6 7-6(1) 6-3,3,R32,,,,,,,,,,,,,,,,,,,
2002-730,Moscow,Carpet,28,T1,,20020930,4,200027,,Q,Magui Serna,L,167,ESP,23.584,58,640,200107,,,Paola Suarez,R,170,ARG,26.270,31,1052,6-2 2-6 6-2,3,R32,,,,,,,,,,,,,,,,,,,
2002-730,Moscow,Carpet,28,T1,,20020930,5,200109,,,Nathalie Dechy,R,177,FRA,23.606,24,1186,201305,,,Eleni Daniilidou,R,182,GRE,20.031,21,1214,3-6 6-3 6-4,3,R32,,,,,,,,,,,,,,,,,,,
2002-730,Moscow,Carpet,28,T1,,20020930,6,200046,,,Meghann Shaughnessy,R,180,USA,23.467,33,1017,200772,7,,Anastasia Myskina,R,174,RUS,21.230,12,2003,6-3 6-7(10) 6-4,3,R32,,,,,,,,,,,,,,,,,,,
2002-730,Moscow,Carpet,28,T1,,20020930,7,200063,,,Tatiana Panova,R,154,RUS,26.131,20,1222,200124,,,Anne Kremer,R,165,LUX,26.955,25,1161,7-5 6-3,3,R32,,,,,,,,,,,,,,,,,,,
2002-730,Moscow,Carpet,28,T1,,20020930,8,201297,,LL,Maja Matevzic,L,175,SLO,22.298,65,539,200010,,,Rita Grande,R,177,ITA,27.524,38,945,6-4 7-5,3,R32,,,,,,,,,,,,,,,,,,,
2002-730,Moscow,Carpet,28,T1,,20020930,9,201336,,WC,Dinara Safina,R,185,RUS,16.427,83,456,200700,8,,Silvia Farina Elia,R,172,ITA,30.426,14,1722,0-6 7-6(4) 6-4,3,R32,,,,,,,,,,,,,,,,,,,
2002-730,Moscow,Carpet,28,T1,,20020930,10,200069,,,Nadia Petrova,R,178,RUS,20.313,145,225,200001,6,,Martina Hingis,R,170,SUI,21.999,10,2514,6-2 6-2,3,R32,,,,,,,,,,,,,,,,,,,
2002-730,Moscow,Carpet,28,T1,,20020930,11,200113,,WC,Anna Kournikova,R,173,RUS,21.315,36,969,201306,,Q,Marie Gaiane Mikaelian,R,172,SUI,18.577,50,708,6-4 6-3,3,R32,,,,,,,,,,,,,,,,,,,
2002-730,Moscow,Carpet,28,T1,,20020930,12,200064,,,Amanda Coetzer,R,158,RSA,30.941,26,1152,201354,,Q,Libuse Prusova,R,176,CZE,23.217,111,319,6-4 6-4,3,R32,,,,,,,,,,,,,,,,,,,
2002-730,Moscow,Carpet,28,T1,,20020930,13,200086,,,Magdalena Maleeva,R,168,BUL,27.500,23,1192,200748,1,,Venus Williams,R,185,USA,22.287,2,4843,2-6 6-1 7-6(3),3,R16,,,,,,,,,,,,,,,,,,,
2002-730,Moscow,Carpet,28,T1,,20020930,14,200109,,,Nathalie Dechy,R,177,FRA,23.606,24,1186,200046,,,Meghann Shaughnessy,R,180,USA,23.467,33,1017,6-3 6-3,3,R16,,,,,,,,,,,,,,,,,,,
2002-730,Moscow,Carpet,28,T1,,20020930,15,200065,5,,Amelie Mauresmo,R,175,FRA,23.239,7,2908,200063,,,Tatiana Panova,R,154,RUS,26.131,20,1222,6-4 6-3,3,R16,,,,,,,,,,,,,,,,,,,
2002-730,Moscow,Carpet,28,T1,,20020930,16,201297,,LL,Maja Matevzic,L,175,SLO,22.298,65,539,201336,,WC,Dinara Safina,R,185,RUS,16.427,83,456,3-6 7-5 6-3,3,R16,,,,,,,,,,,,,,,,,,,
2002-730,Moscow,Carpet,28,T1,,20020930,17,200069,,,Nadia Petrova,R,178,RUS,20.313,145,225,200113,,WC,Anna Kournikova,R,173,RUS,21.315,36,969,W/O,3,R16,,,,,,,,,,,,,,,,,,,
2002-730,Moscow,Carpet,28,T1,,20020930,18,200064,,,Amanda Coetzer,R,158,RSA,30.941,26,1152,200120,4,,Jelena Dokic,R,175,AUS,19.469,5,3074,7-6(1) 3-6 6-3,3,R16,,,,,,,,,,,,,,,,,,,
2002-730,Moscow,Carpet,28,T1,,20020930,19,200764,,WC,Elena Bovina,R,189,RUS,19.560,34,1012,200108,9,,Elena Dementieva,R,180,RUS,20.959,16,1503,6-1 4-6 6-4,3,R16,,,,,,,,,,,,,,,,,,,
2002-730,Moscow,Carpet,28,T1,,20020930,20,200128,3,,Lindsay Davenport,R,189,USA,26.311,8,2680,200027,,Q,Magui Serna,L,167,ESP,23.584,58,640,6-4 6-3,3,R16,,,,,,,,,,,,,,,,,,,
2002-730,Moscow,Carpet,28,T1,,20020930,21,200086,,,Magdalena Maleeva,R,168,BUL,27.500,23,1192,200109,,,Nathalie Dechy,R,177,FRA,23.606,24,1186,6-4 6-2,3,QF,,,,,,,,,,,,,,,,,,,
2002-730,Moscow,Carpet,28,T1,,20020930,22,200065,5,,Amelie Mauresmo,R,175,FRA,23.239,7,2908,201297,,LL,Maja Matevzic,L,175,SLO,22.298,65,539,7-6(1) 6-3,3,QF,,,,,,,,,,,,,,,,,,,
2002-730,Moscow,Carpet,28,T1,,20020930,23,200064,,,Amanda Coetzer,R,158,RSA,30.941,26,1152,200069,,,Nadia Petrova,R,178,RUS,20.313,145,225,6-2 6-1,3,QF,,,,,,,,,,,,,,,,,,,
2002-730,Moscow,Carpet,28,T1,,20020930,24,200128,3,,Lindsay Davenport,R,189,USA,26.311,8,2680,200764,,WC,Elena Bovina,R,189,RUS,19.560,34,1012,3-6 6-3 6-3,3,QF,,,,,,,,,,,,,,,,,,,
2002-730,Moscow,Carpet,28,T1,,20020930,25,200086,,,Magdalena Maleeva,R,168,BUL,27.500,23,1192,200065,5,,Amelie Mauresmo,R,175,FRA,23.239,7,2908,7-5 6-4,3,SF,,,,,,,,,,,,,,,,,,,
2002-730,Moscow,Carpet,28,T1,,20020930,26,200128,3,,Lindsay Davenport,R,189,USA,26.311,8,2680,200064,,,Amanda Coetzer,R,158,RSA,30.941,26,1152,6-3 6-4,3,SF,,,,,,,,,,,,,,,,,,,
2002-730,Moscow,Carpet,28,T1,,20020930,27,200086,,,Magdalena Maleeva,R,168,BUL,27.500,23,1192,200128,3,,Lindsay Davenport,R,189,USA,26.311,8,2680,5-7 6-3 7-6(4),3,F,,,,,,,,,,,,,,,,,,,
2002-1062,Japan Open,Hard,30,T3,,20020930,1,201352,,,Akiko Morigami,R,165,JPN,22.716,125,265,200709,,,Rossana De Los Rios,R,170,PAR,27.040,81,469,6-4 6-2,3,R32,,,,,,,,,,,,,,,,,,,
2002-1062,Japan Open,Hard,30,T3,,20020930,2,200754,,,Jill Craybas,R,160,USA,28.242,82,466,200735,,,Miho Saeki,R,168,JPN,26.536,186,165,7-6(7) 6-0,3,R32,,,,,,,,,,,,,,,,,,,
2002-1062,Japan Open,Hard,30,T3,,20020930,3,200022,4,,Emmanuelle Gagliardi,R,171,SUI,26.226,52,683,201345,,WC,Maria Sharapova,R,188,RUS,15.450,262,92,2-6 7-6(4) 6-4,3,R32,,,,,,,,,,,,,,,,,,,
2002-1062,Japan Open,Hard,30,T3,,20020930,4,201320,6,,Svetlana Kuznetsova,R,174,RUS,17.260,45,799,200043,,,Virginie Razzano,R,173,FRA,19.387,99,385,7-5 6-2,3,R32,,,,,,,,,,,,,,,,,,,
2002-1062,Japan Open,Hard,30,T3,,20020930,5,200008,,,Alicia Molik,R,182,AUS,21.673,89,406,200774,,,Vanessa Webb,L,180,CAN,26.684,158,208,6-0 7-5,3,R32,,,,,,,,,,,,,,,,,,,
2002-1062,Japan Open,Hard,30,T3,,20020930,6,202266,,,Kelly Liggan,R,,IRL,23.650,218,132,201429,,,Rika Fujiwara,R,155,JPN,21.030,162,199,6-3 4-6 6-2,3,R32,,,,,,,,,,,,,,,,,,,
2002-1062,Japan Open,Hard,30,T3,,20020930,7,200007,,,Silvija Talaja,R,173,CRO,24.710,95,391,201085,,,Shinobu Asagoe,R,170,JPN,26.257,110,325,6-4 3-6 6-0,3,R32,,,,,,,,,,,,,,,,,,,
2002-1062,Japan Open,Hard,30,T3,,20020930,8,200118,7,,Virginia Ruano Pascual,R,169,ESP,29.025,66,539,202289,,Q,Jin Hee Kim,,,KOR,21.295,333,55,6-0 6-1,3,R32,,,,,,,,,,,,,,,,,,,
2002-1062,Japan Open,Hard,30,T3,,20020930,9,200017,3,,Arantxa Sanchez Vicario,R,168,ESP,30.785,44,824,201373,,Q,Maria Kirilenko,R,173,RUS,15.680,527,22,6-3 6-2,3,R32,,,,,,,,,,,,,,,,,,,
2002-1062,Japan Open,Hard,30,T3,,20020930,10,201312,,,Sarah Taylor,R,,USA,20.898,87,421,200103,,,Evie Dominikovic,R,173,AUS,22.339,142,230,6-2 6-2,3,R32,,,,,,,,,,,,,,,,,,,
2002-1062,Japan Open,Hard,30,T3,,20020930,11,201207,,,Ansley Cargill,R,170,USA,20.734,133,249,202290,,Q,Kyung Mi Chang,,,KOR,20.595,341,52,6-3 7-6(2),3,R32,,,,,,,,,,,,,,,,,,,
2002-1062,Japan Open,Hard,30,T3,,20020930,12,200713,,WC,Yuka Yoshida,R,161,JPN,26.497,269,87,200072,5,,Cara Black,R,167,ZIM,23.617,57,651,6-2 6-1,3,R32,,,,,,,,,,,,,,,,,,,
2002-1062,Japan Open,Hard,30,T3,,20020930,13,200056,8,,Jelena Kostanic Tosic,L,168,CRO,21.235,75,483,201323,,,Saori Obata,L,165,JPN,24.439,93,398,6-4 7-6(3),3,R32,,,,,,,,,,,,,,,,,,,
2002-1062,Japan Open,Hard,30,T3,,20020930,14,200777,,,Marta Marrero,R,173,ESP,19.705,85,445,202291,,Q,Seiko Okamoto,R,,JPN,24.548,362,46,6-3 6-3,3,R32,,,,,,,,,,,,,,,,,,,
2002-1062,Japan Open,Hard,30,T3,,20020930,15,200085,1,,Ai Sugiyama,R,163,JPN,27.239,19,1254,201352,,,Akiko Morigami,R,165,JPN,22.716,125,265,6-3 7-5,3,R16,,,,,,,,,,,,,,,,,,,
2002-1062,Japan Open,Hard,30,T3,,20020930,16,200007,,,Silvija Talaja,R,173,CRO,24.710,95,391,200118,7,,Virginia Ruano Pascual,R,169,ESP,29.025,66,539,6-2 6-3,3,R16,,,,,,,,,,,,,,,,,,,
2002-1062,Japan Open,Hard,30,T3,,20020930,17,201312,,,Sarah Taylor,R,,USA,20.898,87,421,200017,3,,Arantxa Sanchez Vicario,R,168,ESP,30.785,44,824,6-3 7-6(3),3,R16,,,,,,,,,,,,,,,,,,,
2002-1062,Japan Open,Hard,30,T3,,20020930,18,200713,,WC,Yuka Yoshida,R,161,JPN,26.497,269,87,201207,,,Ansley Cargill,R,170,USA,20.734,133,249,6-7(5) 7-5 6-4,3,R16,,,,,,,,,,,,,,,,,,,
2002-1062,Japan Open,Hard,30,T3,,20020930,19,200056,8,,Jelena Kostanic Tosic,L,168,CRO,21.235,75,483,200777,,,Marta Marrero,R,173,ESP,19.705,85,445,5-7 6-0 6-2,3,R16,,,,,,,,,,,,,,,,,,,
2002-1062,Japan Open,Hard,30,T3,,20020930,20,200754,,,Jill Craybas,R,160,USA,28.242,82,466,200022,4,,Emmanuelle Gagliardi,R,171,SUI,26.226,52,683,6-3 4-6 6-3,3,R16,,,,,,,,,,,,,,,,,,,
2002-1062,Japan Open,Hard,30,T3,,20020930,21,200008,,,Alicia Molik,R,182,AUS,21.673,89,406,201320,6,,Svetlana Kuznetsova,R,174,RUS,17.260,45,799,7-6(3) 6-2,3,R16,,,,,,,,,,,,,,,,,,,
2002-1062,Japan Open,Hard,30,T3,,20020930,22,200009,2,,Tamarine Tanasugarn,R,165,THA,25.353,27,1115,202266,,,Kelly Liggan,R,,IRL,23.650,218,132,6-2 1-6 7-6(1),3,R16,,,,,,,,,,,,,,,,,,,
2002-1062,Japan Open,Hard,30,T3,,20020930,23,200007,,,Silvija Talaja,R,173,CRO,24.710,95,391,200085,1,,Ai Sugiyama,R,163,JPN,27.239,19,1254,3-6 7-6(5) 6-3,3,QF,,,,,,,,,,,,,,,,,,,
2002-1062,Japan Open,Hard,30,T3,,20020930,24,201312,,,Sarah Taylor,R,,USA,20.898,87,421,200713,,WC,Yuka Yoshida,R,161,JPN,26.497,269,87,6-4 6-2,3,QF,,,,,,,,,,,,,,,,,,,
2002-1062,Japan Open,Hard,30,T3,,20020930,25,200754,,,Jill Craybas,R,160,USA,28.242,82,466,200056,8,,Jelena Kostanic Tosic,L,168,CRO,21.235,75,483,6-2 6-1,3,QF,,,,,,,,,,,,,,,,,,,
2002-1062,Japan Open,Hard,30,T3,,20020930,26,200009,2,,Tamarine Tanasugarn,R,165,THA,25.353,27,1115,200008,,,Alicia Molik,R,182,AUS,21.673,89,406,6-4 1-6 6-1,3,QF,,,,,,,,,,,,,,,,,,,
2002-1062,Japan Open,Hard,30,T3,,20020930,27,200007,,,Silvija Talaja,R,173,CRO,24.710,95,391,201312,,,Sarah Taylor,R,,USA,20.898,87,421,6-3 6-4,3,SF,,,,,,,,,,,,,,,,,,,
2002-1062,Japan Open,Hard,30,T3,,20020930,28,200754,,,Jill Craybas,R,160,USA,28.242,82,466,200009,2,,Tamarine Tanasugarn,R,165,THA,25.353,27,1115,6-4 4-6 6-4,3,SF,,,,,,,,,,,,,,,,,,,
2002-1062,Japan Open,Hard,30,T3,,20020930,29,200754,,,Jill Craybas,R,160,USA,28.242,82,466,200007,,,Silvija Talaja,R,173,CRO,24.710,95,391,2-6 6-4 6-4,3,F,,,,,,,,,,,,,,,,,,,
2002-1051,Filderstadt,Hard,28,T2,,20021007,1,200083,,Q,Alexandra Stevenson,R,185,USA,21.810,35,966,200046,,WC,Meghann Shaughnessy,R,180,USA,23.486,29,1088,6-3 5-7 6-3,3,R32,,,,,,,,,,,,,,,,,,,
2002-1051,Filderstadt,Hard,28,T2,,20021007,2,200079,6,,Kim Clijsters,R,175,BEL,19.332,9,2618,200772,,,Anastasia Myskina,R,174,RUS,21.249,12,1845,6-4 6-2,3,R32,,,,,,,,,,,,,,,,,,,
2002-1051,Filderstadt,Hard,28,T2,,20021007,3,200723,,,Iva Majoli,R,175,CRO,25.153,28,1094,200010,,Q,Rita Grande,R,177,ITA,27.543,37,899,3-6 6-4 6-4,3,R32,,,,,,,,,,,,,,,,,,,
2002-1051,Filderstadt,Hard,28,T2,,20021007,4,200040,,,Anna Smashnova,R,157,ISR,26.226,18,1348,200067,,,Patty Schnyder,L,168,SUI,23.814,17,1353,7-5 6-4,3,R32,,,,,,,,,,,,,,,,,,,
2002-1051,Filderstadt,Hard,28,T2,,20021007,5,200032,,WC,Barbara Schett,R,176,AUT,26.577,44,823,200039,,,Chanda Rubin,R,168,USA,26.634,13,1733,1-6 6-2 6-2,3,R32,,,,,,,,,,,,,,,,,,,
2002-1051,Filderstadt,Hard,28,T2,,20021007,6,201290,8,,Daniela Hantuchova,R,181,SVK,19.458,11,2423,201083,,,Daja Bedanova,R,171,CZE,19.582,34,974,6-2 6-3,3,R32,,,,,,,,,,,,,,,,,,,
2002-1051,Filderstadt,Hard,28,T2,,20021007,7,201335,,Q,Myriam Casanova,R,172,SUI,17.298,69,522,200020,,Q,Lisa Raymond,R,165,USA,29.159,25,1197,1-6 6-3 6-4,3,R32,,,,,,,,,,,,,,,,,,,
2002-1051,Filderstadt,Hard,28,T2,,20021007,8,200108,,,Elena Dementieva,R,180,RUS,20.978,22,1254,200064,,,Amanda Coetzer,R,158,RSA,30.960,19,1330,6-3 6-0,3,R32,,,,,,,,,,,,,,,,,,,
2002-1051,Filderstadt,Hard,28,T2,,20021007,9,200001,7,,Martina Hingis,R,170,SUI,22.018,10,2448,200017,,,Arantxa Sanchez Vicario,R,168,ESP,30.804,41,839,6-4 6-2,3,R32,,,,,,,,,,,,,,,,,,,
2002-1051,Filderstadt,Hard,28,T2,,20021007,10,200065,5,,Amelie Mauresmo,R,175,FRA,23.259,4,3062,200094,,WC,Barbara Rittner,R,173,GER,29.452,68,540,6-4 6-0,3,R32,,,,,,,,,,,,,,,,,,,
2002-1051,Filderstadt,Hard,28,T2,,20021007,11,200124,,,Anne Kremer,R,165,LUX,26.974,26,1161,200086,,,Magdalena Maleeva,R,168,BUL,27.519,15,1615,6-4 7-6(5),3,R32,,,,,,,,,,,,,,,,,,,
2002-1051,Filderstadt,Hard,28,T2,,20021007,12,200063,,,Tatiana Panova,R,154,RUS,26.150,21,1259,200700,,,Silvia Farina Elia,R,172,ITA,30.446,14,1617,6-3 6-2,3,R32,,,,,,,,,,,,,,,,,,,
2002-1051,Filderstadt,Hard,28,T2,,20021007,13,200083,,Q,Alexandra Stevenson,R,185,USA,21.810,35,966,200077,1,,Jennifer Capriati,R,170,USA,26.525,3,3759,7-6(4) 4-6 6-4,3,R16,,,,,,,,,,,,,,,,,,,
2002-1051,Filderstadt,Hard,28,T2,,20021007,14,201290,8,,Daniela Hantuchova,R,181,SVK,19.458,11,2423,200032,,WC,Barbara Schett,R,176,AUT,26.577,44,823,7-5 6-1,3,R16,,,,,,,,,,,,,,,,,,,
2002-1051,Filderstadt,Hard,28,T2,,20021007,15,201335,,Q,Myriam Casanova,R,172,SUI,17.298,69,522,200003,4,,Justine Henin,R,167,BEL,20.351,5,2994,7-5 4-6 6-4,3,R16,,,,,,,,,,,,,,,,,,,
2002-1051,Filderstadt,Hard,28,T2,,20021007,16,200108,,,Elena Dementieva,R,180,RUS,20.978,22,1254,200001,7,,Martina Hingis,R,170,SUI,22.018,10,2448,6-3 6-1,3,R16,,,,,,,,,,,,,,,,,,,
2002-1051,Filderstadt,Hard,28,T2,,20021007,17,200065,5,,Amelie Mauresmo,R,175,FRA,23.259,4,3062,200124,,,Anne Kremer,R,165,LUX,26.974,26,1161,6-1 6-2,3,R16,,,,,,,,,,,,,,,,,,,
2002-1051,Filderstadt,Hard,28,T2,,20021007,18,200063,,,Tatiana Panova,R,154,RUS,26.150,21,1259,200120,3,,Jelena Dokic,R,175,AUS,19.488,8,2800,1-6 6-4 6-1,3,R16,,,,,,,,,,,,,,,,,,,
2002-1051,Filderstadt,Hard,28,T2,,20021007,19,200079,6,,Kim Clijsters,R,175,BEL,19.332,9,2618,200723,,,Iva Majoli,R,175,CRO,25.153,28,1094,6-1 6-2,3,R16,,,,,,,,,,,,,,,,,,,
2002-1051,Filderstadt,Hard,28,T2,,20021007,20,200128,2,,Lindsay Davenport,R,189,USA,26.330,7,2911,200040,,,Anna Smashnova,R,157,ISR,26.226,18,1348,6-4 6-3,3,R16,,,,,,,,,,,,,,,,,,,
2002-1051,Filderstadt,Hard,28,T2,,20021007,21,201290,8,,Daniela Hantuchova,R,181,SVK,19.458,11,2423,200083,,Q,Alexandra Stevenson,R,185,USA,21.810,35,966,6-1 6-2,3,QF,,,,,,,,,,,,,,,,,,,
2002-1051,Filderstadt,Hard,28,T2,,20021007,22,200108,,,Elena Dementieva,R,180,RUS,20.978,22,1254,201335,,Q,Myriam Casanova,R,172,SUI,17.298,69,522,6-2 6-3,3,QF,,,,,,,,,,,,,,,,,,,
2002-1051,Filderstadt,Hard,28,T2,,20021007,23,200065,5,,Amelie Mauresmo,R,175,FRA,23.259,4,3062,200063,,,Tatiana Panova,R,154,RUS,26.150,21,1259,6-3 6-4,3,QF,,,,,,,,,,,,,,,,,,,
2002-1051,Filderstadt,Hard,28,T2,,20021007,24,200079,6,,Kim Clijsters,R,175,BEL,19.332,9,2618,200128,2,,Lindsay Davenport,R,189,USA,26.330,7,2911,4-6 6-3 6-4,3,QF,,,,,,,,,,,,,,,,,,,
2002-1051,Filderstadt,Hard,28,T2,,20021007,25,201290,8,,Daniela Hantuchova,R,181,SVK,19.458,11,2423,200108,,,Elena Dementieva,R,180,RUS,20.978,22,1254,6-3 6-2,3,SF,,,,,,,,,,,,,,,,,,,
2002-1051,Filderstadt,Hard,28,T2,,20021007,26,200079,6,,Kim Clijsters,R,175,BEL,19.332,9,2618,200065,5,,Amelie Mauresmo,R,175,FRA,23.259,4,3062,3-6 6-3 7-5,3,SF,,,,,,,,,,,,,,,,,,,
2002-1051,Filderstadt,Hard,28,T2,,20021007,27,200079,6,,Kim Clijsters,R,175,BEL,19.332,9,2618,201290,8,,Daniela Hantuchova,R,181,SVK,19.458,11,2423,4-6 6-3 6-4,3,F,,,,,,,,,,,,,,,,,,,
2002-608,Zurich,Hard,28,T1,,20021014,1,200049,,,Conchita Martinez,R,170,ESP,30.495,47,755,201335,,WC,Myriam Casanova,R,172,SUI,17.317,54,677,6-4 6-3,3,R32,,,,,,,,,,,,,,,,,,,
2002-608,Zurich,Hard,28,T1,,20021014,2,200079,6,,Kim Clijsters,R,175,BEL,19.352,5,2995,201083,,,Daja Bedanova,R,171,CZE,19.601,35,974,7-5 6-2,3,R32,,,,,,,,,,,,,,,,,,,
2002-608,Zurich,Hard,28,T1,,20021014,3,200064,,,Amanda Coetzer,R,158,RSA,30.979,20,1330,200700,,,Silvia Farina Elia,R,172,ITA,30.465,14,1617,7-5 6-2,3,R32,,,,,,,,,,,,,,,,,,,
2002-608,Zurich,Hard,28,T1,,20021014,4,200063,,,Tatiana Panova,R,154,RUS,26.169,21,1270,200124,,,Anne Kremer,R,165,LUX,26.993,26,1164,6-4 6-2,3,R32,,,,,,,,,,,,,,,,,,,
2002-608,Zurich,Hard,28,T1,,20021014,5,200083,,Q,Alexandra Stevenson,R,185,USA,21.829,28,1124,200085,,,Ai Sugiyama,R,163,JPN,27.278,25,1193,6-3 6-4,3,R32,,,,,,,,,,,,,,,,,,,
2002-608,Zurich,Hard,28,T1,,20021014,6,200120,5,,Jelena Dokic,R,175,AUS,19.508,6,2800,200723,,,Iva Majoli,R,175,CRO,25.172,27,1128,6-1 6-4,3,R32,,,,,,,,,,,,,,,,,,,
2002-608,Zurich,Hard,28,T1,,20021014,7,200067,,,Patty Schnyder,L,168,SUI,23.833,19,1337,200044,,Q,Denisa Chladkova,R,174,CZE,23.680,69,529,6-3 6-2,3,R32,,,,,,,,,,,,,,,,,,,
2002-608,Zurich,Hard,28,T1,,20021014,8,200108,,,Elena Dementieva,R,180,RUS,20.997,18,1386,200090,,Q,Anca Barna,L,175,GER,25.419,67,543,6-2 7-5,3,R32,,,,,,,,,,,,,,,,,,,
2002-608,Zurich,Hard,28,T1,,20021014,9,201290,7,,Daniela Hantuchova,R,181,SVK,19.477,9,2595,200697,,Q,Janette Husarova,R,169,SVK,28.362,36,909,7-6(5) 6-1,3,R32,,,,,,,,,,,,,,,,,,,
2002-608,Zurich,Hard,28,T1,,20021014,10,200772,8,,Anastasia Myskina,R,174,RUS,21.268,12,1845,200020,,WC,Lisa Raymond,R,165,USA,29.178,23,1223,6-4 4-6 6-2,3,R32,,,,,,,,,,,,,,,,,,,
2002-608,Zurich,Hard,28,T1,,20021014,11,201306,,WC,Marie Gaiane Mikaelian,R,172,SUI,18.615,48,726,200086,,,Magdalena Maleeva,R,168,BUL,27.538,15,1586,7-5 3-6 7-5,3,R32,,,,,,,,,,,,,,,,,,,
2002-608,Zurich,Hard,28,T1,,20021014,12,200040,,,Anna Smashnova,R,157,ISR,26.246,16,1395,200039,,,Chanda Rubin,R,168,USA,26.654,13,1685,6-3 6-3,3,R32,,,,,,,,,,,,,,,,,,,
2002-608,Zurich,Hard,28,T1,,20021014,13,200049,,,Conchita Martinez,R,170,ESP,30.495,47,755,200077,1,,Jennifer Capriati,R,170,USA,26.544,3,3706,6-0 6-3,3,R16,,,,,,,,,,,,,,,,,,,
2002-608,Zurich,Hard,28,T1,,20021014,14,200083,,Q,Alexandra Stevenson,R,185,USA,21.829,28,1124,200120,5,,Jelena Dokic,R,175,AUS,19.508,6,2800,7-6(6) 4-6 7-5,3,R16,,,,,,,,,,,,,,,,,,,
2002-608,Zurich,Hard,28,T1,,20021014,15,200067,,,Patty Schnyder,L,168,SUI,23.833,19,1337,200764,,LL,Elena Bovina,R,189,RUS,19.598,30,1065,2-6 6-4 6-3,3,R16,,,,,,,,,,,,,,,,,,,
2002-608,Zurich,Hard,28,T1,,20021014,16,201290,7,,Daniela Hantuchova,R,181,SVK,19.477,9,2595,200108,,,Elena Dementieva,R,180,RUS,20.997,18,1386,3-6 7-6(4) 7-6(6),3,R16,,,,,,,,,,,,,,,,,,,
2002-608,Zurich,Hard,28,T1,,20021014,17,201306,,WC,Marie Gaiane Mikaelian,R,172,SUI,18.615,48,726,200772,8,,Anastasia Myskina,R,174,RUS,21.268,12,1845,0-6 6-4 7-5,3,R16,,,,,,,,,,,,,,,,,,,
2002-608,Zurich,Hard,28,T1,,20021014,18,200003,3,,Justine Henin,R,167,BEL,20.370,8,2775,200040,,,Anna Smashnova,R,157,ISR,26.246,16,1395,6-3 6-1,3,R16,,,,,,,,,,,,,,,,,,,
2002-608,Zurich,Hard,28,T1,,20021014,19,200079,6,,Kim Clijsters,R,175,BEL,19.352,5,2995,200064,,,Amanda Coetzer,R,158,RSA,30.979,20,1330,6-1 6-1,3,R16,,,,,,,,,,,,,,,,,,,
2002-608,Zurich,Hard,28,T1,,20021014,20,200128,2,,Lindsay Davenport,R,189,USA,26.350,10,2582,200063,,,Tatiana Panova,R,154,RUS,26.169,21,1270,6-2 6-2,3,R16,,,,,,,,,,,,,,,,,,,
2002-608,Zurich,Hard,28,T1,,20021014,21,200049,,,Conchita Martinez,R,170,ESP,30.495,47,755,200083,,Q,Alexandra Stevenson,R,185,USA,21.829,28,1124,7-5 7-5,3,QF,,,,,,,,,,,,,,,,,,,
2002-608,Zurich,Hard,28,T1,,20021014,22,200067,,,Patty Schnyder,L,168,SUI,23.833,19,1337,201290,7,,Daniela Hantuchova,R,181,SVK,19.477,9,2595,6-7(5) 6-3 7-6(5),3,QF,,,,,,,,,,,,,,,,,,,
2002-608,Zurich,Hard,28,T1,,20021014,23,200003,3,,Justine Henin,R,167,BEL,20.370,8,2775,201306,,WC,Marie Gaiane Mikaelian,R,172,SUI,18.615,48,726,7-5 6-2,3,QF,,,,,,,,,,,,,,,,,,,
2002-608,Zurich,Hard,28,T1,,20021014,24,200128,2,,Lindsay Davenport,R,189,USA,26.350,10,2582,200079,6,,Kim Clijsters,R,175,BEL,19.352,5,2995,6-3 7-6(5),3,QF,,,,,,,,,,,,,,,,,,,
2002-608,Zurich,Hard,28,T1,,20021014,25,200067,,,Patty Schnyder,L,168,SUI,23.833,19,1337,200049,,,Conchita Martinez,R,170,ESP,30.495,47,755,6-0 6-3,3,SF,,,,,,,,,,,,,,,,,,,
2002-608,Zurich,Hard,28,T1,,20021014,26,200128,2,,Lindsay Davenport,R,189,USA,26.350,10,2582,200003,3,,Justine Henin,R,167,BEL,20.370,8,2775,7-6(2) 7-6(5),3,SF,,,,,,,,,,,,,,,,,,,
2002-608,Zurich,Hard,28,T1,,20021014,27,200067,,,Patty Schnyder,L,168,SUI,23.833,19,1337,200128,2,,Lindsay Davenport,R,189,USA,26.350,10,2582,6-7(5) 7-6(8) 6-3,3,F,,,,,,,,,,,,,,,,,,,
2002-976,Bratislava,Hard,32,T5,,20021014,1,200109,1,,Nathalie Dechy,R,177,FRA,23.645,22,1265,200098,,,Henrieta Nagyova,R,177,SVK,23.831,55,669,7-6(6) 7-5,3,R32,,,,,,,,,,,,,,,,,,,
2002-976,Bratislava,Hard,32,T5,,20021014,2,200104,,,Emilie Loit,L,167,FRA,23.349,62,593,200773,,,Stephanie Foretz Gacon,R,166,FRA,21.449,81,456,6-2 7-6(4),3,R32,,,,,,,,,,,,,,,,,,,
2002-976,Bratislava,Hard,32,T5,,20021014,3,201315,,Q,Ashley Harkleroad,R,165,USA,17.451,139,244,200123,,,Marlene Weingartner,R,174,GER,22.705,99,377,6-0 6-0,3,R32,,,,,,,,,,,,,,,,,,,
2002-976,Bratislava,Hard,32,T5,,20021014,4,200010,3,,Rita Grande,R,177,ITA,27.563,39,866,200060,,,Tathiana Garbin,R,172,ITA,25.290,73,512,6-2 6-1,3,R32,,,,,,,,,,,,,,,,,,,
2002-976,Bratislava,Hard,32,T5,,20021014,5,201212,5,,Francesca Schiavone,R,166,ITA,22.308,40,855,200727,,,Adriana Serra Zanetti,R,160,ITA,26.610,57,654,7-5 6-3,3,R32,,,,,,,,,,,,,,,,,,,
2002-976,Bratislava,Hard,32,T5,,20021014,6,200709,,,Rossana De Los Rios,R,170,PAR,27.078,84,448,200007,,,Silvija Talaja,R,173,CRO,24.748,74,477,7-6(4) 6-1,3,R32,,,,,,,,,,,,,,,,,,,
2002-976,Bratislava,Hard,32,T5,,20021014,7,201297,,,Maja Matevzic,L,175,SLO,22.336,60,609,200111,,,Lina Krasnoroutskaya,R,174,RUS,18.459,240,107,6-3 0-0 RET,3,R32,,,,,,,,,,,,,,,,,,,
2002-976,Bratislava,Hard,32,T5,,20021014,8,200046,2,,Meghann Shaughnessy,R,180,USA,23.505,29,1088,201380,,Q,Claudine Schaul,R,169,LUX,19.152,161,202,6-3 6-1,3,R32,,,,,,,,,,,,,,,,,,,
2002-976,Bratislava,Hard,32,T5,,20021014,9,200094,,,Barbara Rittner,R,173,GER,29.471,68,540,201353,,WC,Stanislava Hrozenska,,,SVK,20.578,150,213,6-2 6-2,3,R32,,,,,,,,,,,,,,,,,,,
2002-976,Bratislava,Hard,32,T5,,20021014,10,201346,,,Lubomira Kurhajcova,R,180,SVK,19.009,114,299,201284,,,Tatiana Poutchek,R,176,BLR,23.762,85,435,7-5 6-3,3,R32,,,,,,,,,,,,,,,,,,,
2002-976,Bratislava,Hard,32,T5,,20021014,11,201204,6,,Iroda Tulyaganova,R,170,UZB,20.767,44,823,200121,,,Alina Jidkova,R,168,RUS,25.736,79,462,6-4 6-4,3,R32,,,,,,,,,,,,,,,,,,,
2002-976,Bratislava,Hard,32,T5,,20021014,12,200048,4,,Elena Likhovtseva,R,174,RUS,27.100,38,866,202085,,Q,Galina Fokina,L,165,RUS,18.741,216,130,6-4 3-6 6-4,3,R32,,,,,,,,,,,,,,,,,,,
2002-976,Bratislava,Hard,32,T5,,20021014,13,201351,,WC,Eva Fislova,R,,SVK,21.577,158,204,200031,,,Meilen Tu,R,163,USA,24.740,63,589,6-0 1-1 RET,3,R32,,,,,,,,,,,,,,,,,,,
2002-976,Bratislava,Hard,32,T5,,20021014,14,201331,,Q,Iveta Benesova,L,170,CZE,19.699,98,380,201310,,,Martina Muller,R,165,GER,20.009,72,515,6-2 6-2,3,R32,,,,,,,,,,,,,,,,,,,
2002-976,Bratislava,Hard,32,T5,,20021014,15,201281,8,,Laura Granville,R,175,USA,21.424,52,686,200072,,,Cara Black,R,167,ZIM,23.656,58,651,4-6 7-5 6-1,3,R32,,,,,,,,,,,,,,,,,,,
2002-976,Bratislava,Hard,32,T5,,20021014,16,200055,,,Mariana Diaz Oliva,R,172,ARG,26.593,90,390,200027,7,,Magui Serna,L,167,ESP,23.623,56,667,6-2 6-4,3,R32,,,,,,,,,,,,,,,,,,,
2002-976,Bratislava,Hard,32,T5,,20021014,17,200109,1,,Nathalie Dechy,R,177,FRA,23.645,22,1265,200094,,,Barbara Rittner,R,173,GER,29.471,68,540,2-6 6-4 7-6(3),3,R16,,,,,,,,,,,,,,,,,,,
2002-976,Bratislava,Hard,32,T5,,20021014,18,201346,,,Lubomira Kurhajcova,R,180,SVK,19.009,114,299,201204,6,,Iroda Tulyaganova,R,170,UZB,20.767,44,823,1-6 6-0 6-2,3,R16,,,,,,,,,,,,,,,,,,,
2002-976,Bratislava,Hard,32,T5,,20021014,19,201351,,WC,Eva Fislova,R,,SVK,21.577,158,204,200048,4,,Elena Likhovtseva,R,174,RUS,27.100,38,866,6-3 6-4,3,R16,,,,,,,,,,,,,,,,,,,
2002-976,Bratislava,Hard,32,T5,,20021014,20,201331,,Q,Iveta Benesova,L,170,CZE,19.699,98,380,201281,8,,Laura Granville,R,175,USA,21.424,52,686,6-3 6-4,3,R16,,,,,,,,,,,,,,,,,,,
2002-976,Bratislava,Hard,32,T5,,20021014,21,200104,,,Emilie Loit,L,167,FRA,23.349,62,593,200055,,,Mariana Diaz Oliva,R,172,ARG,26.593,90,390,6-1 4-6 7-5,3,R16,,,,,,,,,,,,,,,,,,,
2002-976,Bratislava,Hard,32,T5,,20021014,22,200010,3,,Rita Grande,R,177,ITA,27.563,39,866,201315,,Q,Ashley Harkleroad,R,165,USA,17.451,139,244,6-4 6-2,3,R16,,,,,,,,,,,,,,,,,,,
2002-976,Bratislava,Hard,32,T5,,20021014,23,200709,,,Rossana De Los Rios,R,170,PAR,27.078,84,448,201212,5,,Francesca Schiavone,R,166,ITA,22.308,40,855,6-4 7-5,3,R16,,,,,,,,,,,,,,,,,,,
2002-976,Bratislava,Hard,32,T5,,20021014,24,201297,,,Maja Matevzic,L,175,SLO,22.336,60,609,200046,2,,Meghann Shaughnessy,R,180,USA,23.505,29,1088,W/O,3,R16,,,,,,,,,,,,,,,,,,,
2002-976,Bratislava,Hard,32,T5,,20021014,25,200109,1,,Nathalie Dechy,R,177,FRA,23.645,22,1265,201346,,,Lubomira Kurhajcova,R,180,SVK,19.009,114,299,6-3 7-5,3,QF,,,,,,,,,,,,,,,,,,,
2002-976,Bratislava,Hard,32,T5,,20021014,26,201331,,Q,Iveta Benesova,L,170,CZE,19.699,98,380,201351,,WC,Eva Fislova,R,,SVK,21.577,158,204,6-4 4-6 6-4,3,QF,,,,,,,,,,,,,,,,,,,
2002-976,Bratislava,Hard,32,T5,,20021014,27,200010,3,,Rita Grande,R,177,ITA,27.563,39,866,200104,,,Emilie Loit,L,167,FRA,23.349,62,593,6-4 2-6 6-1,3,QF,,,,,,,,,,,,,,,,,,,
2002-976,Bratislava,Hard,32,T5,,20021014,28,201297,,,Maja Matevzic,L,175,SLO,22.336,60,609,200709,,,Rossana De Los Rios,R,170,PAR,27.078,84,448,1-6 7-5 6-1,3,QF,,,,,,,,,,,,,,,,,,,
2002-976,Bratislava,Hard,32,T5,,20021014,29,201331,,Q,Iveta Benesova,L,170,CZE,19.699,98,380,200109,1,,Nathalie Dechy,R,177,FRA,23.645,22,1265,7-5 4-6 6-1,3,SF,,,,,,,,,,,,,,,,,,,
2002-976,Bratislava,Hard,32,T5,,20021014,30,201297,,,Maja Matevzic,L,175,SLO,22.336,60,609,200010,3,,Rita Grande,R,177,ITA,27.563,39,866,0-6 6-2 6-0,3,SF,,,,,,,,,,,,,,,,,,,
2002-976,Bratislava,Hard,32,T5,,20021014,31,201297,,,Maja Matevzic,L,175,SLO,22.336,60,609,201331,,Q,Iveta Benesova,L,170,CZE,19.699,98,380,6-0 6-1,3,F,,,,,,,,,,,,,,,,,,,
2002-528,Linz,Hard,28,T2,,20021021,1,200107,,,Paola Suarez,R,170,ARG,26.328,30,1052,200723,,,Iva Majoli,R,175,CRO,25.191,31,1034,7-6(5) 4-6 6-1,3,R32,,,,,,,,,,,,,,,,,,,
2002-528,Linz,Hard,28,T2,,20021021,2,200039,7,,Chanda Rubin,R,168,USA,26.673,14,1635,201305,,,Eleni Daniilidou,R,182,GRE,20.088,25,1192,6-3 6-4,3,R32,,,,,,,,,,,,,,,,,,,
2002-528,Linz,Hard,28,T2,,20021021,3,200069,,,Nadia Petrova,R,178,RUS,20.370,114,289,200015,,LL,Petra Mandula,R,178,HUN,24.759,89,399,6-3 6-1,3,R32,,,,,,,,,,,,,,,,,,,
2002-528,Linz,Hard,28,T2,,20021021,4,200754,,LL,Jill Craybas,R,160,USA,28.299,59,601,202287,,WC,Daniela Kix,R,,AUT,17.942,492,25,6-2 3-0 RET,3,R32,,,,,,,,,,,,,,,,,,,
2002-528,Linz,Hard,28,T2,,20021021,5,200083,,,Alexandra Stevenson,R,185,USA,21.848,22,1269,200049,,,Conchita Martinez,R,170,ESP,30.514,36,967,6-1 6-2,3,R32,,,,,,,,,,,,,,,,,,,
2002-528,Linz,Hard,28,T2,,20021021,6,200772,6,,Anastasia Myskina,R,174,RUS,21.287,12,1874,200044,,Q,Denisa Chladkova,R,174,CZE,23.699,68,544,7-6(5) 6-1,3,R32,,,,,,,,,,,,,,,,,,,
2002-528,Linz,Hard,28,T2,,20021021,7,200032,,WC,Barbara Schett,R,176,AUT,26.615,43,832,200114,,WC,Patricia Wartusch,R,175,AUT,24.211,83,454,6-0 6-3,3,R32,,,,,,,,,,,,,,,,,,,
2002-528,Linz,Hard,28,T2,,20021021,8,200108,,,Elena Dementieva,R,180,RUS,21.016,18,1399,200085,,,Ai Sugiyama,R,163,JPN,27.297,24,1193,6-1 6-4,3,R32,,,,,,,,,,,,,,,,,,,
2002-528,Linz,Hard,28,T2,,20021021,9,200040,9,,Anna Smashnova,R,157,ISR,26.265,17,1466,200046,,,Meghann Shaughnessy,R,180,USA,23.524,28,1088,1-6 7-5 6-3,3,R32,,,,,,,,,,,,,,,,,,,
2002-528,Linz,Hard,28,T2,,20021021,10,200700,8,,Silvia Farina Elia,R,172,ITA,30.484,16,1554,201212,,,Francesca Schiavone,R,166,ITA,22.328,39,847,7-6(5) 6-3,3,R32,,,,,,,,,,,,,,,,,,,
2002-528,Linz,Hard,28,T2,,20021021,11,201306,,Q,Marie Gaiane Mikaelian,R,172,SUI,18.634,48,730,200090,,Q,Anca Barna,L,175,GER,25.438,63,567,6-4 6-3,3,R32,,,,,,,,,,,,,,,,,,,
2002-528,Linz,Hard,28,T2,,20021021,12,200063,,,Tatiana Panova,R,154,RUS,26.188,23,1247,200111,,Q,Lina Krasnoroutskaya,R,174,RUS,18.478,238,107,6-4 6-1,3,R32,,,,,,,,,,,,,,,,,,,
2002-528,Linz,Hard,28,T2,,20021021,13,200077,1,,Jennifer Capriati,R,170,USA,26.563,3,3576,200107,,,Paola Suarez,R,170,ARG,26.328,30,1052,6-4 6-4,3,R16,,,,,,,,,,,,,,,,,,,
2002-528,Linz,Hard,28,T2,,20021021,14,200083,,,Alexandra Stevenson,R,185,USA,21.848,22,1269,200772,6,,Anastasia Myskina,R,174,RUS,21.287,12,1874,6-3 7-6(5),3,R16,,,,,,,,,,,,,,,,,,,
2002-528,Linz,Hard,28,T2,,20021021,15,201290,5,,Daniela Hantuchova,R,181,SVK,19.497,9,2550,200032,,WC,Barbara Schett,R,176,AUT,26.615,43,832,6-1 7-5,3,R16,,,,,,,,,,,,,,,,,,,
2002-528,Linz,Hard,28,T2,,20021021,16,200040,9,,Anna Smashnova,R,157,ISR,26.265,17,1466,200108,,,Elena Dementieva,R,180,RUS,21.016,18,1399,6-3 3-6 7-5,3,R16,,,,,,,,,,,,,,,,,,,
2002-528,Linz,Hard,28,T2,,20021021,17,200700,8,,Silvia Farina Elia,R,172,ITA,30.484,16,1554,201306,,Q,Marie Gaiane Mikaelian,R,172,SUI,18.634,48,730,6-4 6-3,3,R16,,,,,,,,,,,,,,,,,,,
2002-528,Linz,Hard,28,T2,,20021021,18,200003,4,,Justine Henin,R,167,BEL,20.389,6,2942,200063,,,Tatiana Panova,R,154,RUS,26.188,23,1247,6-2 6-1,3,R16,,,,,,,,,,,,,,,,,,,
2002-528,Linz,Hard,28,T2,,20021021,19,200039,7,,Chanda Rubin,R,168,USA,26.673,14,1635,200069,,,Nadia Petrova,R,178,RUS,20.370,114,289,6-2 6-4,3,R16,,,,,,,,,,,,,,,,,,,
2002-528,Linz,Hard,28,T2,,20021021,20,200120,3,,Jelena Dokic,R,175,AUS,19.527,8,2599,200754,,LL,Jill Craybas,R,160,USA,28.299,59,601,6-2 6-1,3,R16,,,,,,,,,,,,,,,,,,,
2002-528,Linz,Hard,28,T2,,20021021,21,200083,,,Alexandra Stevenson,R,185,USA,21.848,22,1269,200077,1,,Jennifer Capriati,R,170,USA,26.563,3,3576,6-1 6-1,3,QF,,,,,,,,,,,,,,,,,,,
2002-528,Linz,Hard,28,T2,,20021021,22,201290,5,,Daniela Hantuchova,R,181,SVK,19.497,9,2550,200040,9,,Anna Smashnova,R,157,ISR,26.265,17,1466,6-1 4-6 6-4,3,QF,,,,,,,,,,,,,,,,,,,
2002-528,Linz,Hard,28,T2,,20021021,23,200003,4,,Justine Henin,R,167,BEL,20.389,6,2942,200700,8,,Silvia Farina Elia,R,172,ITA,30.484,16,1554,7-6(6) 6-2,3,QF,,,,,,,,,,,,,,,,,,,
2002-528,Linz,Hard,28,T2,,20021021,24,200039,7,,Chanda Rubin,R,168,USA,26.673,14,1635,200120,3,,Jelena Dokic,R,175,AUS,19.527,8,2599,7-5 6-2,3,QF,,,,,,,,,,,,,,,,,,,
2002-528,Linz,Hard,28,T2,,20021021,25,200083,,,Alexandra Stevenson,R,185,USA,21.848,22,1269,201290,5,,Daniela Hantuchova,R,181,SVK,19.497,9,2550,6-4 7-6(6),3,SF,,,,,,,,,,,,,,,,,,,
2002-528,Linz,Hard,28,T2,,20021021,26,200003,4,,Justine Henin,R,167,BEL,20.389,6,2942,200039,7,,Chanda Rubin,R,168,USA,26.673,14,1635,7-6(1) 6-4,3,SF,,,,,,,,,,,,,,,,,,,
2002-528,Linz,Hard,28,T2,,20021021,27,200003,4,,Justine Henin,R,167,BEL,20.389,6,2942,200083,,,Alexandra Stevenson,R,185,USA,21.848,22,1269,6-3 6-0,3,F,,,,,,,,,,,,,,,,,,,
2002-300,Luxembourg,Hard,30,T3,,20021021,1,200027,,Q,Magui Serna,L,167,ESP,23.642,55,667,201383,,,Marie Eve Pelletier,R,172,CAN,20.428,128,257,6-3 4-6 6-4,3,R32,,,,,,,,,,,,,,,,,,,
2002-300,Luxembourg,Hard,30,T3,,20021021,2,201321,,Q,Antonella Serra Zanetti,R,168,ITA,22.240,101,355,200072,,,Cara Black,R,167,ZIM,23.675,57,651,3-6 6-1 6-2,3,R32,,,,,,,,,,,,,,,,,,,
2002-300,Luxembourg,Hard,30,T3,,20021021,3,200011,,,Katarina Srebotnik,R,180,SLO,21.610,40,843,200109,4,,Nathalie Dechy,R,177,FRA,23.664,21,1295,1-6 6-4 RET,3,R32,,,,,,,,,,,,,,,,,,,
2002-300,Luxembourg,Hard,30,T3,,20021021,4,200764,7,,Elena Bovina,R,189,RUS,19.617,29,1084,200022,,,Emmanuelle Gagliardi,R,171,SUI,26.284,60,580,7-6(5) 6-1,3,R32,,,,,,,,,,,,,,,,,,,
2002-300,Luxembourg,Hard,30,T3,,20021021,5,200041,,,Amy Frazier,R,175,USA,30.087,41,840,200727,,,Adriana Serra Zanetti,R,160,ITA,26.629,64,562,3-6 6-3 6-1,3,R32,,,,,,,,,,,,,,,,,,,
2002-300,Luxembourg,Hard,30,T3,,20021021,6,201380,,WC,Claudine Schaul,R,169,LUX,19.171,148,216,200048,,,Elena Likhovtseva,R,174,RUS,27.119,38,876,5-2 RET,3,R32,,,,,,,,,,,,,,,,,,,
2002-300,Luxembourg,Hard,30,T3,,20021021,7,201281,,,Laura Granville,R,175,USA,21.443,52,681,200017,,,Arantxa Sanchez Vicario,R,168,ESP,30.843,42,839,6-3 6-1,3,R32,,,,,,,,,,,,,,,,,,,
2002-300,Luxembourg,Hard,30,T3,,20021021,8,200124,6,,Anne Kremer,R,165,LUX,27.012,27,1154,201300,,WC,Maria Emilia Salerni,R,174,ARG,19.439,117,278,7-5 6-3,3,R32,,,,,,,,,,,,,,,,,,,
2002-300,Luxembourg,Hard,30,T3,,20021021,9,200064,3,,Amanda Coetzer,R,158,RSA,30.999,19,1344,200770,,Q,Stephanie Cohen Aloro,R,175,FRA,19.595,189,162,6-4 7-6(4),3,R32,,,,,,,,,,,,,,,,,,,
2002-300,Luxembourg,Hard,30,T3,,20021021,10,200043,,LL,Virginie Razzano,R,173,FRA,19.445,93,385,200094,,WC,Barbara Rittner,R,173,GER,29.490,67,551,7-6(6) 6-1,3,R32,,,,,,,,,,,,,,,,,,,
2002-300,Luxembourg,Hard,30,T3,,20021021,11,201329,,,Vera Zvonareva,R,172,RUS,18.119,49,720,200010,,,Rita Grande,R,177,ITA,27.582,47,748,6-2 6-3,3,R32,,,,,,,,,,,,,,,,,,,
2002-300,Luxembourg,Hard,30,T3,,20021021,12,200697,8,,Janette Husarova,R,169,SVK,28.381,37,936,200104,,Q,Emilie Loit,L,167,FRA,23.368,58,613,6-3 6-1,3,R32,,,,,,,,,,,,,,,,,,,
2002-300,Luxembourg,Hard,30,T3,,20021021,13,200020,5,,Lisa Raymond,R,165,USA,29.197,26,1180,201084,,,Nadejda Ostrovskaya,R,177,BLR,21.977,173,177,7-5 6-4,3,R32,,,,,,,,,,,,,,,,,,,
2002-300,Luxembourg,Hard,30,T3,,20021021,14,200122,,,Tina Pisnik,R,172,SLO,21.668,46,788,200098,,,Henrieta Nagyova,R,177,SVK,23.850,54,669,6-1 4-1 RET,3,R32,,,,,,,,,,,,,,,,,,,
2002-300,Luxembourg,Hard,30,T3,,20021021,15,200079,1,,Kim Clijsters,R,175,BEL,19.371,5,3071,200027,,Q,Magui Serna,L,167,ESP,23.642,55,667,6-3 6-1,3,R16,,,,,,,,,,,,,,,,,,,
2002-300,Luxembourg,Hard,30,T3,,20021021,16,201281,,,Laura Granville,R,175,USA,21.443,52,681,200124,6,,Anne Kremer,R,165,LUX,27.012,27,1154,6-2 7-6(2),3,R16,,,,,,,,,,,,,,,,,,,
2002-300,Luxembourg,Hard,30,T3,,20021021,17,200043,,LL,Virginie Razzano,R,173,FRA,19.445,93,385,200064,3,,Amanda Coetzer,R,158,RSA,30.999,19,1344,6-3 6-0,3,R16,,,,,,,,,,,,,,,,,,,
2002-300,Luxembourg,Hard,30,T3,,20021021,18,200697,8,,Janette Husarova,R,169,SVK,28.381,37,936,201329,,,Vera Zvonareva,R,172,RUS,18.119,49,720,6-2 6-3,3,R16,,,,,,,,,,,,,,,,,,,
2002-300,Luxembourg,Hard,30,T3,,20021021,19,200122,,,Tina Pisnik,R,172,SLO,21.668,46,788,200020,5,,Lisa Raymond,R,165,USA,29.197,26,1180,7-6(4) 6-2,3,R16,,,,,,,,,,,,,,,,,,,
2002-300,Luxembourg,Hard,30,T3,,20021021,20,200011,,,Katarina Srebotnik,R,180,SLO,21.610,40,843,201321,,Q,Antonella Serra Zanetti,R,168,ITA,22.240,101,355,6-4 6-2,3,R16,,,,,,,,,,,,,,,,,,,
2002-300,Luxembourg,Hard,30,T3,,20021021,21,200764,7,,Elena Bovina,R,189,RUS,19.617,29,1084,200041,,,Amy Frazier,R,175,USA,30.087,41,840,7-6(5) 7-5,3,R16,,,,,,,,,,,,,,,,,,,
2002-300,Luxembourg,Hard,30,T3,,20021021,22,200086,2,,Magdalena Maleeva,R,168,BUL,27.557,15,1586,201380,,WC,Claudine Schaul,R,169,LUX,19.171,148,216,6-3 7-5,3,R16,,,,,,,,,,,,,,,,,,,
2002-300,Luxembourg,Hard,30,T3,,20021021,23,200079,1,,Kim Clijsters,R,175,BEL,19.371,5,3071,201281,,,Laura Granville,R,175,USA,21.443,52,681,6-0 6-4,3,QF,,,,,,,,,,,,,,,,,,,
2002-300,Luxembourg,Hard,30,T3,,20021021,24,200043,,LL,Virginie Razzano,R,173,FRA,19.445,93,385,200697,8,,Janette Husarova,R,169,SVK,28.381,37,936,7-6(6) 6-1,3,QF,,,,,,,,,,,,,,,,,,,
2002-300,Luxembourg,Hard,30,T3,,20021021,25,200011,,,Katarina Srebotnik,R,180,SLO,21.610,40,843,200122,,,Tina Pisnik,R,172,SLO,21.668,46,788,6-4 6-3,3,QF,,,,,,,,,,,,,,,,,,,
2002-300,Luxembourg,Hard,30,T3,,20021021,26,200086,2,,Magdalena Maleeva,R,168,BUL,27.557,15,1586,200764,7,,Elena Bovina,R,189,RUS,19.617,29,1084,6-3 4-6 6-3,3,QF,,,,,,,,,,,,,,,,,,,
2002-300,Luxembourg,Hard,30,T3,,20021021,27,200079,1,,Kim Clijsters,R,175,BEL,19.371,5,3071,200043,,LL,Virginie Razzano,R,173,FRA,19.445,93,385,6-3 6-0,3,SF,,,,,,,,,,,,,,,,,,,
2002-300,Luxembourg,Hard,30,T3,,20021021,28,200086,2,,Magdalena Maleeva,R,168,BUL,27.557,15,1586,200011,,,Katarina Srebotnik,R,180,SLO,21.610,40,843,7-5 4-6 6-3,3,SF,,,,,,,,,,,,,,,,,,,
2002-300,Luxembourg,Hard,30,T3,,20021021,29,200079,1,,Kim Clijsters,R,175,BEL,19.371,5,3071,200086,2,,Magdalena Maleeva,R,168,BUL,27.557,15,1586,6-1 6-2,3,F,,,,,,,,,,,,,,,,,,,
2002-D162,Fed Cup WG SF: ESP vs AUT,Hard,4,D,,20021030,1,200049,,,Conchita Martinez,R,170,ESP,30.539,35,967,200114,,,Patricia Wartusch,R,175,AUT,24.236,82,454,6-0 7-5,3,RR,,,,,,,,,,,,,,,,,,,
2002-D162,Fed Cup WG SF: ESP vs AUT,Hard,4,D,,20021030,2,200017,,,Arantxa Sanchez Vicario,R,168,ESP,30.867,44,799,200032,,,Barbara Schett,R,176,AUT,26.640,40,860,6-3 7-6(5),3,RR,,,,,,,,,,,,,,,,,,,
2002-D162,Fed Cup WG SF: ESP vs AUT,Hard,4,D,,20021030,3,200032,,,Barbara Schett,R,176,AUT,26.640,40,860,200049,,,Conchita Martinez,R,170,ESP,30.539,35,967,7-5 6-7(3) 6-2,3,RR,,,,,,,,,,,,,,,,,,,
2002-D162,Fed Cup WG SF: ESP vs AUT,Hard,4,D,,20021030,4,200114,,,Patricia Wartusch,R,175,AUT,24.236,82,454,200017,,,Arantxa Sanchez Vicario,R,168,ESP,30.867,44,799,4-6 6-4 9-7,3,RR,,,,,,,,,,,,,,,,,,,
2002-D163,Fed Cup WG SF: SVK vs ITA,Hard,4,D,,20021030,1,201212,,,Francesca Schiavone,R,166,ITA,22.352,41,847,201290,,,Daniela Hantuchova,R,181,SVK,19.521,8,2640,7-6(1) 6-1,3,RR,,,,,,,,,,,,,,,,,,,
2002-D163,Fed Cup WG SF: SVK vs ITA,Hard,4,D,,20021030,2,200697,,,Janette Husarova,R,169,SVK,28.406,34,978,200700,,,Silvia Farina Elia,R,172,ITA,30.508,16,1583,6-4 6-3,3,RR,,,,,,,,,,,,,,,,,,,
2002-D163,Fed Cup WG SF: SVK vs ITA,Hard,4,D,,20021030,3,201290,,,Daniela Hantuchova,R,181,SVK,19.521,8,2640,200700,,,Silvia Farina Elia,R,172,ITA,30.508,16,1583,7-5 6-3,3,RR,,,,,,,,,,,,,,,,,,,
2002-D163,Fed Cup WG SF: SVK vs ITA,Hard,4,D,,20021030,4,200697,,,Janette Husarova,R,169,SVK,28.406,34,978,201212,,,Francesca Schiavone,R,166,ITA,22.352,41,847,6-4 6-4,3,RR,,,,,,,,,,,,,,,,,,,
2002-D164,Fed Cup WG F: ESP vs SVK,Hard,4,D,,20021102,1,200049,,,Conchita Martinez,R,170,ESP,30.547,35,967,200697,,,Janette Husarova,R,169,SVK,28.414,34,978,6-4 7-6(6),3,RR,,,,,,,,,,,,,,,,,,,
2002-D164,Fed Cup WG F: ESP vs SVK,Hard,4,D,,20021102,2,201290,,,Daniela Hantuchova,R,181,SVK,19.529,8,2640,200027,,,Magui Serna,L,167,ESP,23.675,51,700,6-2 6-1,3,RR,,,,,,,,,,,,,,,,,,,
2002-D164,Fed Cup WG F: ESP vs SVK,Hard,4,D,,20021102,3,201290,,,Daniela Hantuchova,R,181,SVK,19.529,8,2640,200049,,,Conchita Martinez,R,170,ESP,30.547,35,967,6-7(8) 7-5 6-4,3,RR,,,,,,,,,,,,,,,,,,,
2002-D164,Fed Cup WG F: ESP vs SVK,Hard,4,D,,20021102,4,200697,,,Janette Husarova,R,169,SVK,28.414,34,978,200017,,,Arantxa Sanchez Vicario,R,168,ESP,30.875,44,799,6-0 6-2,3,RR,,,,,,,,,,,,,,,,,,,
2002-303,Pattaya,Hard,32,T5,,20021104,1,200063,1,,Tatiana Panova,R,154,RUS,26.226,24,1155,201373,,Q,Maria Kirilenko,R,173,RUS,15.776,461,28,6-1 6-0,3,R32,,,,,,,,,,,,,,,,,,,
2002-303,Pattaya,Hard,32,T5,,20021104,2,200770,,Q,Stephanie Cohen Aloro,R,175,FRA,19.634,190,167,201385,,Q,Yuliana Fedak,R,166,UKR,19.409,198,157,6-1 7-5,3,R32,,,,,,,,,,,,,,,,,,,
2002-303,Pattaya,Hard,32,T5,,20021104,3,200732,,,Magdalena Grzybowska,R,184,POL,23.951,480,26,201354,,,Libuse Prusova,R,176,CZE,23.313,104,340,3-6 6-2 6-2,3,R32,,,,,,,,,,,,,,,,,,,
2002-303,Pattaya,Hard,32,T5,,20021104,4,200111,,WC,Lina Krasnoroutskaya,R,174,RUS,18.516,222,127,200098,3,,Henrieta Nagyova,R,177,SVK,23.888,53,669,7-6(5) 6-2,3,R32,,,,,,,,,,,,,,,,,,,
2002-303,Pattaya,Hard,32,T5,,20021104,5,200044,7,,Denisa Chladkova,R,174,CZE,23.738,65,559,200008,,,Alicia Molik,R,182,AUS,21.769,100,362,6-3 6-2,3,R32,,,,,,,,,,,,,,,,,,,
2002-303,Pattaya,Hard,32,T5,,20021104,6,201313,,,Yoon Jeong Cho,R,167,KOR,23.593,101,356,200123,,,Marlene Weingartner,R,174,GER,22.763,98,377,7-6(4) 6-2,3,R32,,,,,,,,,,,,,,,,,,,
2002-303,Pattaya,Hard,32,T5,,20021104,7,201352,,,Akiko Morigami,R,165,JPN,22.812,138,234,201339,,,Renata Voracova,R,,CZE,19.080,128,253,7-5 6-4,3,R32,,,,,,,,,,,,,,,,,,,
2002-303,Pattaya,Hard,32,T5,,20021104,8,200009,2,,Tamarine Tanasugarn,R,165,THA,25.449,30,1031,200709,,,Rossana De Los Rios,R,170,PAR,27.135,78,470,7-5 6-1,3,R32,,,,,,,,,,,,,,,,,,,
2002-303,Pattaya,Hard,32,T5,,20021104,9,201284,,,Tatiana Poutchek,R,176,BLR,23.820,87,421,201298,,,Zsofia Gubacsi,R,173,HUN,21.580,117,281,6-0 6-2,3,R32,,,,,,,,,,,,,,,,,,,
2002-303,Pattaya,Hard,32,T5,,20021104,10,200025,,,Ludmila Cervanova,R,171,SVK,23.056,108,323,201681,,WC,Suchanun Viratprasert,R,168,THA,19.842,449,30,6-3 1-6 7-5,3,R32,,,,,,,,,,,,,,,,,,,
2002-303,Pattaya,Hard,32,T5,,20021104,11,200727,6,,Adriana Serra Zanetti,R,160,ITA,26.667,63,562,201323,,,Saori Obata,L,165,JPN,24.534,107,331,7-6(4) 7-5,3,R32,,,,,,,,,,,,,,,,,,,
2002-303,Pattaya,Hard,32,T5,,20021104,12,201370,,,Anastasia Rodionova,R,167,AUS,20.482,121,268,200090,4,,Anca Barna,L,175,GER,25.476,61,580,4-6 6-3 6-2,3,R32,,,,,,,,,,,,,,,,,,,
2002-303,Pattaya,Hard,32,T5,,20021104,13,201085,,,Shinobu Asagoe,R,170,JPN,26.352,102,354,202280,,Q,Olga Kalyuzhnaya,,,RUS,19.877,245,103,6-3 6-1,3,R32,,,,,,,,,,,,,,,,,,,
2002-303,Pattaya,Hard,32,T5,,20021104,14,200050,,LL,Sandra Kleinova,R,177,CZE,24.493,134,240,201360,,WC,Julia Vakulenko,R,183,UKR,19.321,175,179,6-3 6-3,3,R32,,,,,,,,,,,,,,,,,,,
2002-303,Pattaya,Hard,32,T5,,20021104,15,201327,,,Angelique Widjaja,R,173,INA,17.895,91,400,201292,5,,Martina Sucha,R,170,SVK,21.955,62,573,6-1 6-1,3,R32,,,,,,,,,,,,,,,,,,,
2002-303,Pattaya,Hard,32,T5,,20021104,16,200007,8,,Silvija Talaja,R,173,CRO,24.805,76,476,201346,,,Lubomira Kurhajcova,R,180,SVK,19.067,109,317,2-6 7-6(2) 6-4,3,R32,,,,,,,,,,,,,,,,,,,
2002-303,Pattaya,Hard,32,T5,,20021104,17,200063,1,,Tatiana Panova,R,154,RUS,26.226,24,1155,201284,,,Tatiana Poutchek,R,176,BLR,23.820,87,421,6-4 6-1,3,R16,,,,,,,,,,,,,,,,,,,
2002-303,Pattaya,Hard,32,T5,,20021104,18,200727,6,,Adriana Serra Zanetti,R,160,ITA,26.667,63,562,200025,,,Ludmila Cervanova,R,171,SVK,23.056,108,323,7-5 6-4,3,R16,,,,,,,,,,,,,,,,,,,
2002-303,Pattaya,Hard,32,T5,,20021104,19,201085,,,Shinobu Asagoe,R,170,JPN,26.352,102,354,201370,,,Anastasia Rodionova,R,167,AUS,20.482,121,268,4-6 6-2 6-3,3,R16,,,,,,,,,,,,,,,,,,,
2002-303,Pattaya,Hard,32,T5,,20021104,20,201327,,,Angelique Widjaja,R,173,INA,17.895,91,400,200050,,LL,Sandra Kleinova,R,177,CZE,24.493,134,240,6-4 6-1,3,R16,,,,,,,,,,,,,,,,,,,
2002-303,Pattaya,Hard,32,T5,,20021104,21,200007,8,,Silvija Talaja,R,173,CRO,24.805,76,476,200770,,Q,Stephanie Cohen Aloro,R,175,FRA,19.634,190,167,6-3 3-6 6-1,3,R16,,,,,,,,,,,,,,,,,,,
2002-303,Pattaya,Hard,32,T5,,20021104,22,200111,,WC,Lina Krasnoroutskaya,R,174,RUS,18.516,222,127,200732,,,Magdalena Grzybowska,R,184,POL,23.951,480,26,6-1 6-3,3,R16,,,,,,,,,,,,,,,,,,,
2002-303,Pattaya,Hard,32,T5,,20021104,23,201313,,,Yoon Jeong Cho,R,167,KOR,23.593,101,356,200044,7,,Denisa Chladkova,R,174,CZE,23.738,65,559,6-3 7-6(6),3,R16,,,,,,,,,,,,,,,,,,,
2002-303,Pattaya,Hard,32,T5,,20021104,24,200009,2,,Tamarine Tanasugarn,R,165,THA,25.449,30,1031,201352,,,Akiko Morigami,R,165,JPN,22.812,138,234,7-5 7-6(6),3,R16,,,,,,,,,,,,,,,,,,,
2002-303,Pattaya,Hard,32,T5,,20021104,25,200063,1,,Tatiana Panova,R,154,RUS,26.226,24,1155,200727,6,,Adriana Serra Zanetti,R,160,ITA,26.667,63,562,7-5 7-5,3,QF,,,,,,,,,,,,,,,,,,,
2002-303,Pattaya,Hard,32,T5,,20021104,26,201327,,,Angelique Widjaja,R,173,INA,17.895,91,400,201085,,,Shinobu Asagoe,R,170,JPN,26.352,102,354,3-6 7-5 6-4,3,QF,,,,,,,,,,,,,,,,,,,
2002-303,Pattaya,Hard,32,T5,,20021104,27,200111,,WC,Lina Krasnoroutskaya,R,174,RUS,18.516,222,127,200007,8,,Silvija Talaja,R,173,CRO,24.805,76,476,6-3 6-2,3,QF,,,,,,,,,,,,,,,,,,,
2002-303,Pattaya,Hard,32,T5,,20021104,28,201313,,,Yoon Jeong Cho,R,167,KOR,23.593,101,356,200009,2,,Tamarine Tanasugarn,R,165,THA,25.449,30,1031,6-4 6-2,3,QF,,,,,,,,,,,,,,,,,,,
2002-303,Pattaya,Hard,32,T5,,20021104,29,201327,,,Angelique Widjaja,R,173,INA,17.895,91,400,200063,1,,Tatiana Panova,R,154,RUS,26.226,24,1155,2-6 6-1 6-3,3,SF,,,,,,,,,,,,,,,,,,,
2002-303,Pattaya,Hard,32,T5,,20021104,30,201313,,,Yoon Jeong Cho,R,167,KOR,23.593,101,356,200111,,WC,Lina Krasnoroutskaya,R,174,RUS,18.516,222,127,6-4 7-6(3),3,SF,,,,,,,,,,,,,,,,,,,
2002-303,Pattaya,Hard,32,T5,,20021104,31,201327,,,Angelique Widjaja,R,173,INA,17.895,91,400,201313,,,Yoon Jeong Cho,R,167,KOR,23.593,101,356,6-2 6-4,3,F,,,,,,,,,,,,,,,,,,,
2002-808,WTA Tour Championships,Hard,16,F,,20021106,1,200033,1,,Serena Williams,R,175,USA,21.112,1,5596,200040,,,Anna Smashnova,R,157,ISR,26.309,16,1551,6-2 6-2,3,R16,,,,,,,,,,,,,,,,,,,
2002-808,WTA Tour Championships,Hard,16,F,,20021106,2,200120,8,,Jelena Dokic,R,175,AUS,19.571,9,2403,200772,,,Anastasia Myskina,R,174,RUS,21.331,11,1874,6-3 6-4,3,R16,,,,,,,,,,,,,,,,,,,
2002-808,WTA Tour Championships,Hard,16,F,,20021106,3,200077,3,,Jennifer Capriati,R,170,USA,26.607,3,3520,200700,,,Silvia Farina Elia,R,172,ITA,30.528,15,1569,7-5 6-1,3,R16,,,,,,,,,,,,,,,,,,,
2002-808,WTA Tour Championships,Hard,16,F,,20021106,4,200086,,,Magdalena Maleeva,R,168,BUL,27.601,17,1539,201290,7,,Daniela Hantuchova,R,181,SVK,19.540,8,2640,6-2 7-5,3,R16,,,,,,,,,,,,,,,,,,,
2002-808,WTA Tour Championships,Hard,16,F,,20021106,5,200079,5,,Kim Clijsters,R,175,BEL,19.414,6,2838,200039,,,Chanda Rubin,R,168,USA,26.716,14,1685,6-1 6-2,3,R16,,,,,,,,,,,,,,,,,,,
2002-808,WTA Tour Championships,Hard,16,F,,20021106,6,200003,4,,Justine Henin,R,167,BEL,20.433,4,3133,200108,,,Elena Dementieva,R,180,RUS,21.060,19,1393,6-3 6-3,3,R16,,,,,,,,,,,,,,,,,,,
2002-808,WTA Tour Championships,Hard,16,F,,20021106,7,200652,6,,Monica Seles,L,178,USA,28.929,7,2796,200128,,,Lindsay Davenport,R,189,USA,26.413,12,1728,3-6 7-6(6) 6-3,3,R16,,,,,,,,,,,,,,,,,,,
2002-808,WTA Tour Championships,Hard,16,F,,20021106,8,200748,2,,Venus Williams,R,185,USA,22.388,2,4844,200067,,,Patty Schnyder,L,168,SUI,23.896,13,1701,6-2 7-6(7),3,R16,,,,,,,,,,,,,,,,,,,
2002-808,WTA Tour Championships,Hard,16,F,,20021106,9,200077,3,,Jennifer Capriati,R,170,USA,26.607,3,3520,200086,,,Magdalena Maleeva,R,168,BUL,27.601,17,1539,6-2 4-6 6-1,3,QF,,,,,,,,,,,,,,,,,,,
2002-808,WTA Tour Championships,Hard,16,F,,20021106,10,200079,5,,Kim Clijsters,R,175,BEL,19.414,6,2838,200003,4,,Justine Henin,R,167,BEL,20.433,4,3133,6-2 6-1,3,QF,,,,,,,,,,,,,,,,,,,
2002-808,WTA Tour Championships,Hard,16,F,,20021106,11,200748,2,,Venus Williams,R,185,USA,22.388,2,4844,200652,6,,Monica Seles,L,178,USA,28.929,7,2796,7-5 6-4,3,QF,,,,,,,,,,,,,,,,,,,
2002-808,WTA Tour Championships,Hard,16,F,,20021106,12,200033,1,,Serena Williams,R,175,USA,21.112,1,5596,200120,8,,Jelena Dokic,R,175,AUS,19.571,9,2403,7-6(1) 6-0,3,QF,,,,,,,,,,,,,,,,,,,
2002-808,WTA Tour Championships,Hard,16,F,,20021106,13,200033,1,,Serena Williams,R,175,USA,21.112,1,5596,200077,3,,Jennifer Capriati,R,170,USA,26.607,3,3520,2-6 6-4 6-4,3,SF,,,,,,,,,,,,,,,,,,,
2002-808,WTA Tour Championships,Hard,16,F,,20021106,14,200079,5,,Kim Clijsters,R,175,BEL,19.414,6,2838,200748,2,,Venus Williams,R,185,USA,22.388,2,4844,5-0 RET,3,SF,,,,,,,,,,,,,,,,,,,
2002-808,WTA Tour Championships,Hard,16,F,,20021106,15,200079,5,,Kim Clijsters,R,175,BEL,19.414,6,2838,200033,1,,Serena Williams,R,175,USA,21.112,1,5596,7-5 6-3,3,F,,,,,,,,,,,,,,,,,,,
