tourney_id,tourney_name,surface,draw_size,tourney_level,indoor,tourney_date,match_num,winner_id,winner_seed,winner_entry,winner_name,winner_hand,winner_ht,winner_ioc,winner_age,winner_rank,winner_rank_points,loser_id,loser_seed,loser_entry,loser_name,loser_hand,loser_ht,loser_ioc,loser_age,loser_rank,loser_rank_points,score,best_of,round,minutes,w_ace,w_df,w_svpt,w_1stIn,w_1stWon,w_2ndWon,w_SvGms,w_bpSaved,w_bpFaced,l_ace,l_df,l_svpt,l_1stIn,l_1stWon,l_2ndWon,l_SvGms,l_bpSaved,l_bpFaced
2024-2084,United Cup,Hard,18,250,,20231229,1,211107,,,Katie Boulter,R,180,GBR,27.409,57,1075,201548,,,Ajla Tomljanovic,R,180,AUS,30.645,292,246,6-2 6-4,3,RR,93,8,4,64,34,27,16,9,6,6,5,2,52,31,20,11,9,0,3
2024-2084,United Cup,Hard,18,250,,20231229,2,206242,,,Beatriz Haddad Maia,L,185,BRA,27.582,11,2940,204427,,,Sara Sorribes Tormo,R,176,ESP,27.223,53,1126,7-6(1) 6-2,3,RR,126,0,2,70,44,27,13,10,3,6,0,7,59,38,23,7,10,0,5
2024-2084,United Cup,Hard,18,250,,20231230,3,201551,,,Arantxa Rus,L,180,NED,33.047,51,1149,214935,,,Malene Helgo,,,NOR,24.345,544,89,7-6(4) 6-1,3,RR,104,5,3,65,38,30,16,10,1,2,1,5,58,36,26,8,9,1,4
2024-2084,United Cup,Hard,18,250,,20231230,4,221012,,,Qinwen Zheng,R,,CHN,21.227,14,2770,214954,,,Marketa Vondrousova,L,173,CZE,24.507,7,4046,6-1 2-6 6-1,3,RR,108,2,4,64,29,22,17,11,1,4,1,6,69,43,20,11,11,6,12
2024-2084,United Cup,Hard,18,250,,20231230,5,211148,,,Jasmine Paolini,R,160,ITA,27.987,29,1530,201493,,,Angelique Kerber,L,173,GER,35.949,,,6-4 7-5,3,RR,108,3,0,72,48,27,12,11,6,10,0,2,95,75,39,8,11,15,21
2024-2084,United Cup,Hard,18,250,,20231230,6,216347,,,Iga Swiatek,R,176,POL,22.582,1,9505,206242,,,Beatriz Haddad Maia,L,185,BRA,27.584,11,2940,6-2 6-2,3,RR,77,0,0,49,37,25,8,8,3,4,2,1,46,33,14,5,8,3,8
2024-2084,United Cup,Hard,18,250,,20231231,7,221012,,,Qinwen Zheng,R,,CHN,21.230,14,2770,215337,,,Olga Danilovic,L,,SRB,22.935,121,627,6-4 6-2,3,RR,97,8,1,60,34,24,15,9,2,3,2,2,56,37,21,8,9,2,6
2024-2084,United Cup,Hard,18,250,,20231231,8,211107,,,Katie Boulter,R,180,GBR,27.415,57,1075,202468,,,Jessica Pegula,R,170,USA,29.849,5,6180,5-7 6-4 6-4,3,RR,164,1,6,119,79,46,15,16,4,11,2,3,100,58,38,11,16,4,12
2024-2084,United Cup,Hard,18,250,,20231231,9,220367,,,Leylah Fernandez,L,168,CAN,21.317,34,1385,206037,,,Daniela Seguel,,171,CHI,31.125,671,57,6-2 6-3,3,RR,73,0,1,42,33,22,6,9,0,2,0,1,50,42,19,3,8,0,5
2024-1049,Auckland,Hard,32,250,,20240101,1,202494,2,,Elina Svitolina,R,174,UKR,29.304,25,1809,201496,,WC,Caroline Wozniacki,R,177,DEN,33.476,256,301,6-4 6-3,3,R32,104,5,1,75,44,25,17,10,6,9,1,3,66,36,20,13,9,5,10
2024-1049,Auckland,Hard,32,250,,20240101,2,221054,,WC,Emma Raducanu,R,175,GBR,21.134,301,231,211817,,Q,Elena Gabriela Ruse,R,,ROU,26.152,134,575,6-3 4-6 7-5,3,R32,147,3,6,93,61,39,15,16,1,6,2,2,95,63,37,15,15,7,13
2024-1049,Auckland,Hard,32,250,,20240101,3,216153,,WC,Amanda Anisimova,R,180,USA,22.336,373,169,201499,,,Anastasia Pavlyuchenkova,R,177,RUS,32.499,60,1045,7-5 6-4,3,R32,115,6,4,94,58,35,13,11,8,13,1,2,74,41,22,11,11,7,14
2024-1049,Auckland,Hard,32,250,,20240101,4,213631,5,,Marie Bouzkova,R,180,CZE,25.449,36,1353,211684,,,Magdalena Frech,R,171,POL,26.046,70,937,6-0 3-6 6-4,3,R32,134,1,3,66,43,30,11,12,1,4,0,2,100,58,33,18,13,10,16
2024-1049,Auckland,Hard,32,250,,20240101,5,201615,3,,Lesia Tsurenko,R,174,UKR,34.591,32,1451,203500,,Q,Sachia Vickery,R,162,USA,28.644,143,537,7-5 6-4,3,R32,88,0,4,71,49,33,12,11,7,9,1,3,66,38,26,10,11,5,9
2024-1049,Auckland,Hard,32,250,,20240101,6,220348,,,Diane Parry,R,170,FRA,21.334,76,904,211765,,,Emina Bektas,R,,USA,30.758,91,820,6-7(4) 7-5 6-3,3,R32,165,13,7,111,54,45,30,17,3,4,10,2,109,73,48,21,16,3,6
2024-1049,Auckland,Hard,32,250,,20240101,7,216016,,,Xiyu Wang,L,,CHN,22.763,71,937,211713,,,Jaqueline Cristian,R,180,ROU,25.575,87,831,6-1 5-7 7-6(3),3,R32,167,5,4,100,73,51,15,15,6,8,2,10,103,50,40,21,16,6,10
2024-1049,Auckland,Hard,32,250,,20240101,8,216133,6,,Xinyu Wang,R,182,CHN,22.265,35,1383,201709,,,Yulia Putintseva,R,163,KAZ,28.983,63,1002,6-4 7-5,3,R32,103,2,2,67,42,29,9,11,1,5,0,0,83,63,36,6,11,7,13
2024-1049,Auckland,Hard,32,250,,20240101,9,201549,7,,Petra Martic,R,181,CRO,32.951,41,1264,214119,,,Rebeka Masarova,R,186,ESP,24.406,65,982,3-6 6-3 6-3,3,R32,136,5,2,78,50,30,20,13,4,6,4,4,95,61,38,16,14,8,12
2024-1049,Auckland,Hard,32,250,,20240101,10,206294,,,Yue Yuan,R,184,CHN,25.268,77,903,215037,,,Kayla Day,L,173,USA,24.261,89,825,7-6(1) 6-7(5) 6-1,3,R32,174,1,0,109,75,51,22,16,5,8,8,2,118,74,45,22,15,6,11
2024-1049,Auckland,Hard,32,250,,20240101,11,220589,,,Elina Avanesyan,R,,ARM,21.290,74,917,222667,,WC,Monique Barry,L,,NZL,21.531,649,62,7-6(6) 6-2,3,R32,91,0,7,69,47,33,6,10,2,6,0,5,60,35,16,10,10,1,7
2024-1049,Auckland,Hard,32,250,,20240101,12,215613,4,,Emma Navarro,R,,USA,22.623,31,1480,222258,,,Linda Fruhvirtova,R,,CZE,18.670,88,829,2-6 6-4 6-2,3,R32,132,2,1,77,52,33,12,13,5,9,4,7,113,69,44,17,13,7,12
2024-1049,Auckland,Hard,32,250,,20240101,13,219875,8,,Varvara Gracheva,R,,FRA,23.415,42,1248,206124,,Q,Tereza Martincova,R,178,CZE,29.189,156,495,6-7(3) 7-5 6-2,3,R32,159,4,11,113,75,50,14,16,8,13,2,8,125,91,52,12,16,12,20
2024-1049,Auckland,Hard,32,250,,20240101,14,215138,,Q,Lulu Sun,L,,NZL,22.716,214,362,220520,,Q,Mccartney Kessler,R,,USA,24.485,217,359,6-4 6-3,3,R32,72,2,2,46,26,21,11,9,2,4,1,4,63,38,22,8,10,3,8
2024-1049,Auckland,Hard,32,250,,20240101,15,259104,,Q,Brenda Fruhvirtova,R,,CZE,16.751,117,657,215020,,,Anna Blinkova,R,179,RUS,25.309,48,1170,7-5 6-4,3,R32,98,1,6,64,44,30,8,11,2,5,2,4,75,54,30,9,11,7,12
2024-1049,Auckland,Hard,32,250,,20240101,16,221103,1,,Coco Gauff,R,175,USA,19.803,3,6690,214906,,,Claire Liu,R,170,USA,23.603,95,797,6-4 6-2,3,R32,82,3,4,49,32,23,9,9,0,2,1,5,63,47,28,3,9,3,8
2024-1049,Auckland,Hard,32,250,,20240101,17,202494,2,,Elina Svitolina,R,174,UKR,29.304,25,1809,221054,,WC,Emma Raducanu,R,175,GBR,21.134,301,231,6-7(5) 7-6(3) 6-1,3,R16,169,11,3,128,87,56,20,16,9,13,6,6,104,64,39,18,15,8,14
2024-1049,Auckland,Hard,32,250,,20240101,18,213631,5,,Marie Bouzkova,R,180,CZE,25.449,36,1353,216153,,WC,Amanda Anisimova,R,180,USA,22.336,373,169,6-0 6-1,3,R16,52,0,0,37,30,23,6,7,2,2,1,3,36,24,11,3,6,4,9
2024-1049,Auckland,Hard,32,250,,20240101,19,220348,,,Diane Parry,R,170,FRA,21.334,76,904,201615,3,,Lesia Tsurenko,R,174,UKR,34.591,32,1451,2-6 6-4 6-1,3,R16,110,2,1,75,42,29,18,13,3,6,0,3,64,41,25,15,12,5,9
2024-1049,Auckland,Hard,32,250,,20240101,20,216016,,,Xiyu Wang,L,,CHN,22.763,71,937,216133,6,,Xinyu Wang,R,182,CHN,22.265,35,1383,6-3 3-6 7-6(2),3,R16,153,6,4,95,66,49,15,15,5,8,2,5,104,65,44,19,15,6,9
2024-1049,Auckland,Hard,32,250,,20240101,21,201549,7,,Petra Martic,R,181,CRO,32.951,41,1264,206294,,,Yue Yuan,R,184,CHN,25.268,77,903,6-2 6-2,3,R16,74,6,4,39,22,22,10,8,0,0,2,1,59,43,22,8,8,5,9
2024-1049,Auckland,Hard,32,250,,20240101,22,215613,4,,Emma Navarro,R,,USA,22.623,31,1480,220589,,,Elina Avanesyan,R,,ARM,21.290,74,917,6-1 6-2,3,R16,72,1,2,56,37,28,7,8,2,3,0,3,56,31,16,10,7,3,8
2024-1049,Auckland,Hard,32,250,,20240101,23,219875,8,,Varvara Gracheva,R,,FRA,23.415,42,1248,215138,,Q,Lulu Sun,L,,NZL,22.716,214,362,6-3 6-4,3,R16,79,4,1,58,35,30,14,10,2,2,5,4,64,31,22,16,9,7,9
2024-1049,Auckland,Hard,32,250,,20240101,24,221103,1,,Coco Gauff,R,175,USA,19.803,3,6690,259104,,Q,Brenda Fruhvirtova,R,,CZE,16.751,117,657,6-3 6-0,3,R16,70,5,4,49,27,23,9,8,5,6,2,3,48,26,13,6,7,1,6
2024-1049,Auckland,Hard,32,250,,20240101,25,202494,2,,Elina Svitolina,R,174,UKR,29.304,25,1809,213631,5,,Marie Bouzkova,R,180,CZE,25.449,36,1353,6-0 6-3,3,QF,65,3,1,49,30,19,13,8,2,3,0,0,36,21,12,2,7,4,9
2024-1049,Auckland,Hard,32,250,,20240101,26,216016,,,Xiyu Wang,L,,CHN,22.763,71,937,220348,,,Diane Parry,R,170,FRA,21.334,76,904,6-7(3) 6-3 6-4,3,QF,184,4,4,126,91,59,13,16,14,18,4,3,100,60,41,15,15,4,10
2024-1049,Auckland,Hard,32,250,,20240101,27,215613,4,,Emma Navarro,R,,USA,22.623,31,1480,201549,7,,Petra Martic,R,181,CRO,32.951,41,1264,6-4 6-3,3,QF,88,2,1,60,48,33,3,10,3,6,7,4,62,32,19,11,9,6,11
2024-1049,Auckland,Hard,32,250,,20240101,28,221103,1,,Coco Gauff,R,175,USA,19.803,3,6690,219875,8,,Varvara Gracheva,R,,FRA,23.415,42,1248,6-1 6-1,3,QF,53,5,1,40,29,21,8,7,0,0,1,2,46,29,14,6,7,2,7
2024-1049,Auckland,Hard,32,250,,20240101,29,202494,2,,Elina Svitolina,R,174,UKR,29.304,25,1809,216016,,,Xiyu Wang,L,,CHN,22.763,71,937,2-6 6-4 6-3,3,SF,143,6,3,89,62,40,12,14,6,10,2,4,83,44,32,18,13,6,10
2024-1049,Auckland,Hard,32,250,,20240101,30,221103,1,,Coco Gauff,R,175,USA,19.803,3,6690,215613,4,,Emma Navarro,R,,USA,22.623,31,1480,6-3 6-1,3,SF,62,10,1,46,30,28,7,8,2,2,1,2,53,37,18,8,8,1,5
2024-1049,Auckland,Hard,32,250,,20240101,31,221103,1,,Coco Gauff,R,175,USA,19.803,3,6690,202494,2,,Elina Svitolina,R,174,UKR,29.304,25,1809,6-7(4) 6-3 6-3,3,F,155,3,7,92,60,43,15,15,3,6,0,3,109,66,38,21,15,7,13
2024-800,Brisbane,Hard,64,500,,20240101,1,216265,,Q,Olivia Gadecki,R,,AUS,21.690,124,607,214040,,WC,Kimberly Birrell,R,170,AUS,25.676,115,671,4-6 6-0 6-4,3,R64,123,7,7,65,42,37,10,13,0,2,4,7,93,63,38,14,13,9,14
2024-800,Brisbane,Hard,64,500,,20240101,2,201585,,,Sloane Stephens,R,170,USA,30.785,44,1200,211701,,,Katerina Siniakova,R,174,CZE,27.645,50,1162,7-5 6-3,3,R64,102,2,2,78,56,34,13,11,5,7,0,5,61,34,20,14,10,0,4
2024-800,Brisbane,Hard,64,500,,20240101,3,201611,,WC,Daria Saville,R,166,AUS,29.827,209,366,215035,,Q,Dayana Yastremska,R,175,UKR,23.631,98,767,6-0 6-4,3,R64,90,4,2,50,31,24,11,8,3,3,0,2,61,33,22,9,8,7,11
2024-800,Brisbane,Hard,64,500,,20240101,4,203533,,,Anna Karolina Schmiedlova,R,176,SVK,29.301,73,918,214452,,,Caroline Dolehide,R,178,USA,25.323,45,1193,3-6 6-4 6-2,3,R64,145,3,3,89,55,37,16,14,3,7,7,2,95,69,38,15,13,8,13
2024-800,Brisbane,Hard,64,500,,20240101,5,259799,,,Mirra Andreeva,R,,RUS,16.677,58,1060,223670,,,Diana Shnaider,L,,RUS,19.749,97,785,6-2 6-3,3,R64,75,3,3,47,29,22,12,8,1,1,1,1,62,40,22,10,9,5,9
2024-800,Brisbane,Hard,64,500,,20240101,6,201613,,WC,Arina Rodionova,R,168,AUS,34.046,113,677,203354,,,Martina Trevisan,L,160,ITA,30.161,46,1189,6-3 6-2,3,R64,87,1,1,51,37,26,7,9,1,3,2,5,61,37,23,5,8,9,14
2024-800,Brisbane,Hard,64,500,,20240101,7,222328,,,Linda Noskova,R,,CZE,19.122,40,1278,201693,,Q,Timea Babos,R,179,HUN,30.645,192,404,5-7 7-6(8) 7-6(2),3,R64,186,5,6,132,76,61,29,18,6,7,18,4,123,72,57,31,18,9,9
2024-800,Brisbane,Hard,64,500,,20240101,8,220699,,Q,Julia Riera,R,,ARG,21.594,137,563,202600,,,Viktoriya Tomova,R,170,BUL,28.849,75,906,6-2 6-4,3,R64,78,3,1,53,33,27,11,9,1,1,0,2,54,31,17,13,9,1,4
2024-800,Brisbane,Hard,64,500,,20240101,9,214939,,,Anna Kalinskaya,R,175,RUS,25.082,80,887,211095,,,Bernarda Pera,L,175,USA,29.079,69,943,6-2 6-1,3,R64,57,3,1,44,27,21,11,8,0,1,1,1,43,30,14,4,7,1,6
2024-800,Brisbane,Hard,64,500,,20240101,10,216262,,,Clara Burel,R,176,FRA,22.774,56,1081,220309,,Q,Zeynep Sonmez,R,,TUR,21.673,163,478,6-4 6-2,3,R64,66,1,4,56,31,23,13,9,4,5,0,3,53,35,23,6,9,3,7
2024-800,Brisbane,Hard,64,500,,20240101,11,211768,,WC,Naomi Osaka,R,180,JPN,26.210,,,211337,,,Tamara Korpatsch,R,170,GER,28.641,83,847,6-3 7-6(9),3,R64,108,5,1,62,41,30,10,10,0,2,1,5,85,50,34,10,11,4,8
2024-800,Brisbane,Hard,64,500,,20240101,12,202429,,,Camila Giorgi,R,168,ITA,32.006,55,1089,220548,,,Peyton Stearns,R,,USA,22.232,49,1168,5-7 6-2 6-3,3,R64,159,4,7,105,60,40,22,15,9,13,7,10,100,44,33,20,14,6,12
2024-800,Brisbane,Hard,64,500,,20240101,13,216146,,,Marta Kostyuk,R,175,UKR,21.512,38,1316,202536,,,Ana Bogdan,R,171,ROU,31.100,66,956,4-6 6-3 6-3,3,R64,124,9,4,80,58,48,10,14,0,1,3,5,93,60,42,15,14,8,11
2024-800,Brisbane,Hard,64,500,,20240101,14,213710,,,Cristina Bucsa,R,,ESP,25.999,61,1023,213889,,,Greet Minnen,R,,BEL,26.382,64,999,5-7 6-3 6-1,3,R64,130,3,2,73,47,36,13,14,2,5,3,3,109,66,39,19,14,15,21
2024-800,Brisbane,Hard,64,500,,20240101,15,203389,,,Danielle Collins,R,178,USA,30.051,54,1090,221024,,Q,Hailey Baptiste,R,,USA,22.161,129,583,6-1 4-6 6-3,3,R64,117,2,6,82,43,29,24,13,4,6,5,4,75,40,30,12,13,6,11
2024-800,Brisbane,Hard,64,500,,20240101,16,214459,,,Lucia Bronzetti,R,,ITA,25.060,52,1137,221909,,,Ashlyn Krueger,R,185,USA,19.653,78,896,6-4 7-5,3,R64,118,1,3,75,41,26,18,11,1,4,4,10,86,53,34,10,11,10,15
2024-800,Brisbane,Hard,64,500,,20240101,17,214981,2,,Elena Rybakina,R,184,KAZ,24.543,4,6366,216265,,Q,Olivia Gadecki,R,,AUS,21.690,124,607,6-4 6-1,3,R32,72,4,1,53,35,28,10,9,3,3,0,2,54,34,23,7,8,2,5
2024-800,Brisbane,Hard,64,500,,20240101,18,210722,13,,Elise Mertens,R,179,BEL,28.124,30,1506,201585,,,Sloane Stephens,R,170,USA,30.785,44,1200,2-6 6-1 6-3,3,R32,101,5,4,63,33,23,17,12,2,5,1,2,66,47,29,8,12,3,8
2024-800,Brisbane,Hard,64,500,,20240101,19,215713,11,,Anastasia Potapova,R,175,RUS,22.757,28,1611,201611,,WC,Daria Saville,R,166,AUS,29.827,209,366,6-4 3-6 6-4,3,R32,172,3,4,99,52,32,21,15,5,11,1,11,122,84,47,17,14,11,17
2024-800,Brisbane,Hard,64,500,,20240101,20,206368,6,,Veronika Kudermetova,R,175,RUS,26.689,16,2720,203533,,,Anna Karolina Schmiedlova,R,176,SVK,29.301,73,918,6-2 6-3,3,R32,74,12,2,44,30,26,9,8,0,0,1,2,47,28,19,7,9,3,7
2024-800,Brisbane,Hard,64,500,,20240101,21,259799,,,Mirra Andreeva,R,,RUS,16.677,58,1060,214643,4,,Liudmila Samsonova,R,180,RUS,25.139,15,2760,6-2 6-1,3,R32,65,2,3,44,27,21,10,7,2,2,4,7,49,21,15,7,8,2,7
2024-800,Brisbane,Hard,64,500,,20240101,22,201613,,WC,Arina Rodionova,R,168,AUS,34.046,113,677,213550,14,,Sofia Kenin,R,170,USA,25.131,37,1334,7-5 7-6(7),3,R32,145,4,3,78,57,36,12,12,2,5,1,4,126,84,52,14,12,17,21
2024-800,Brisbane,Hard,64,500,,20240101,23,222328,,,Linda Noskova,R,,CZE,19.122,40,1278,201514,10,,Sorana Cirstea,R,176,ROU,33.736,26,1800,6-4 4-6 6-4,3,R32,141,8,4,130,83,55,25,15,11,13,10,1,100,67,43,20,15,5,8
2024-800,Brisbane,Hard,64,500,,20240101,24,220699,,Q,Julia Riera,R,,ARG,21.594,137,563,206420,7,,Ekaterina Alexandrova,R,175,RUS,29.129,21,2075,6-3 6-4,3,R32,81,4,2,75,45,32,14,10,8,9,0,6,52,29,23,8,9,4,7
2024-800,Brisbane,Hard,64,500,,20240101,25,201458,8,,Victoria Azarenka,R,180,BLR,34.421,23,1916,214939,,,Anna Kalinskaya,R,175,RUS,25.082,80,887,6-1 7-6(8),3,R32,132,4,2,83,45,33,17,10,5,7,2,3,76,51,28,11,9,7,11
2024-800,Brisbane,Hard,64,500,,20240101,26,216262,,,Clara Burel,R,176,FRA,22.774,56,1081,211843,12,,Anhelina Kalinina,R,179,UKR,26.897,27,1630,6-4 6-1,3,R32,81,2,4,52,28,20,11,8,3,5,1,4,69,48,22,8,9,6,12
2024-800,Brisbane,Hard,64,500,,20240101,27,201662,16,,Karolina Pliskova,R,184,CZE,31.782,39,1287,211768,,WC,Naomi Osaka,R,180,JPN,26.210,,,3-6 7-6(4) 6-4,3,R32,134,16,11,104,68,58,13,15,10,12,14,2,97,64,52,15,16,0,2
2024-800,Brisbane,Hard,64,500,,20240101,28,211533,3,,Jelena Ostapenko,R,177,LAT,26.566,12,2830,202429,,,Camila Giorgi,R,168,ITA,32.006,55,1089,6-1 6-4,3,R32,79,9,4,49,28,25,9,9,1,2,4,5,60,32,17,12,8,5,9
2024-800,Brisbane,Hard,64,500,,20240101,29,214082,5,,Daria Kasatkina,R,170,RUS,26.654,18,2715,216146,,,Marta Kostyuk,R,175,UKR,21.512,38,1316,6-3 6-4,3,R32,88,0,5,51,28,21,10,9,0,2,3,4,74,45,26,9,10,7,12
2024-800,Brisbane,Hard,64,500,,20240101,30,202663,9,,Magda Linette,R,171,POL,31.886,22,1921,213710,,,Cristina Bucsa,R,,ESP,25.999,61,1023,6-3 7-5,3,R32,86,4,0,51,34,28,9,10,0,1,1,0,71,42,27,13,11,9,13
2024-800,Brisbane,Hard,64,500,,20240101,31,202684,15,,Lin Zhu,R,173,CHN,29.925,33,1420,203389,,,Danielle Collins,R,178,USA,30.051,54,1090,1-6 6-3 7-6(7),3,R32,148,6,9,93,61,37,12,14,2,9,9,1,104,63,34,21,14,9,15
2024-800,Brisbane,Hard,64,500,,20240101,32,214544,1,,Aryna Sabalenka,R,182,BLR,25.660,2,9050,214459,,,Lucia Bronzetti,R,,ITA,25.060,52,1137,6-3 6-0,3,R32,58,8,1,44,25,20,13,8,1,1,3,3,32,14,9,6,7,1,5
2024-800,Brisbane,Hard,64,500,,20240101,33,214981,2,,Elena Rybakina,R,184,KAZ,24.543,4,6366,210722,13,,Elise Mertens,R,179,BEL,28.124,30,1506,6-1 6-0,3,R16,56,4,0,42,34,27,4,7,1,1,3,1,42,28,13,4,6,10,15
2024-800,Brisbane,Hard,64,500,,20240101,34,215713,11,,Anastasia Potapova,R,175,RUS,22.757,28,1611,206368,6,,Veronika Kudermetova,R,175,RUS,26.689,16,2720,7-5 6-7(7) 6-4,3,R16,206,4,4,113,75,50,22,17,4,7,9,1,124,81,52,20,17,10,15
2024-800,Brisbane,Hard,64,500,,20240101,35,259799,,,Mirra Andreeva,R,,RUS,16.677,58,1060,201613,,WC,Arina Rodionova,R,168,AUS,34.046,113,677,6-1 6-1,3,R16,64,2,1,40,23,22,8,7,1,1,1,4,46,34,18,2,7,7,12
2024-800,Brisbane,Hard,64,500,,20240101,36,222328,,,Linda Noskova,R,,CZE,19.122,40,1278,220699,,Q,Julia Riera,R,,ARG,21.594,137,563,6-1 6-7(4) 6-3,3,R16,120,2,4,88,55,37,18,13,4,7,6,2,108,75,42,14,15,11,19
2024-800,Brisbane,Hard,64,500,,20240101,37,201458,8,,Victoria Azarenka,R,180,BLR,34.421,23,1916,216262,,,Clara Burel,R,176,FRA,22.774,56,1081,7-5 6-2,3,R16,93,3,2,69,56,41,3,10,4,5,3,2,51,34,20,7,10,1,5
2024-800,Brisbane,Hard,64,500,,20240101,38,211533,3,,Jelena Ostapenko,R,177,LAT,26.566,12,2830,201662,16,,Karolina Pliskova,R,184,CZE,31.782,39,1287,6-2 4-6 6-3,3,R16,137,4,5,104,65,41,21,14,8,11,18,3,100,58,42,13,13,7,12
2024-800,Brisbane,Hard,64,500,,20240101,39,214082,5,,Daria Kasatkina,R,170,RUS,26.654,18,2715,202663,9,,Magda Linette,R,171,POL,31.886,22,1921,6-4 6-2,3,R16,88,4,3,58,37,31,6,9,2,4,2,3,64,42,23,8,9,8,13
2024-800,Brisbane,Hard,64,500,,20240101,40,214544,1,,Aryna Sabalenka,R,182,BLR,25.660,2,9050,202684,15,,Lin Zhu,R,173,CHN,29.925,33,1420,6-1 6-0,3,R16,69,9,2,54,31,24,11,7,4,5,1,4,38,21,11,1,6,5,11
2024-800,Brisbane,Hard,64,500,,20240101,41,214981,2,,Elena Rybakina,R,184,KAZ,24.543,4,6366,215713,11,,Anastasia Potapova,R,175,RUS,22.757,28,1611,6-1 RET,3,QF,32,2,0,25,17,13,4,4,3,3,0,0,18,11,3,5,3,1,3
2024-800,Brisbane,Hard,64,500,,20240101,42,222328,,,Linda Noskova,R,,CZE,19.122,40,1278,259799,,,Mirra Andreeva,R,,RUS,16.677,58,1060,7-5 6-3,3,QF,100,5,4,79,49,30,14,11,7,11,2,4,61,30,16,15,10,2,8
2024-800,Brisbane,Hard,64,500,,20240101,43,201458,8,,Victoria Azarenka,R,180,BLR,34.421,23,1916,211533,3,,Jelena Ostapenko,R,177,LAT,26.566,12,2830,6-3 3-6 7-5,3,QF,150,16,2,111,71,53,17,15,7,10,2,5,92,50,33,20,15,4,8
2024-800,Brisbane,Hard,64,500,,20240101,44,214544,1,,Aryna Sabalenka,R,182,BLR,25.660,2,9050,214082,5,,Daria Kasatkina,R,170,RUS,26.654,18,2715,6-1 6-4,3,QF,86,4,2,61,38,30,10,9,3,4,0,5,60,39,26,4,8,7,11
2024-800,Brisbane,Hard,64,500,,20240101,45,214981,2,,Elena Rybakina,R,184,KAZ,24.543,4,6366,222328,,,Linda Noskova,R,,CZE,19.122,40,1278,6-3 6-2,3,SF,63,8,1,53,40,32,7,9,4,4,1,4,51,28,20,9,8,2,5
2024-800,Brisbane,Hard,64,500,,20240101,46,214544,1,,Aryna Sabalenka,R,182,BLR,25.660,2,9050,201458,8,,Victoria Azarenka,R,180,BLR,34.421,23,1916,6-2 6-4,3,SF,89,10,3,60,40,31,10,9,3,3,3,3,56,37,25,8,9,5,8
2024-800,Brisbane,Hard,64,500,,20240101,47,214981,2,,Elena Rybakina,R,184,KAZ,24.543,4,6366,214544,1,,Aryna Sabalenka,R,182,BLR,25.660,2,9050,6-0 6-3,3,F,73,7,0,45,30,22,9,8,0,1,3,1,52,32,17,7,7,2,7
2024-2084,United Cup,Hard,18,250,,20240101,10,202499,,,Donna Vekic,R,179,CRO,27.510,24,1905,214935,,,Malene Helgo,,,NOR,24.351,544,89,7-5 3-6 6-3,3,RR,169,6,5,98,58,44,17,15,7,10,0,2,110,69,43,18,15,5,9
2024-2084,United Cup,Hard,18,250,,20240101,11,201614,,,Caroline Garcia,R,177,FRA,30.210,20,2330,201493,,,Angelique Kerber,L,173,GER,35.954,,,1-6 6-2 6-2,3,RR,89,10,0,72,46,32,13,12,2,5,2,2,75,50,29,15,11,7,11
2024-2084,United Cup,Hard,18,250,,20240101,12,202468,,,Jessica Pegula,R,170,USA,29.851,5,6180,201548,,,Ajla Tomljanovic,R,180,AUS,30.654,292,246,7-6(6) 6-3,3,RR,113,0,3,88,57,37,12,11,8,11,5,4,73,53,31,8,10,2,6
2024-2084,United Cup,Hard,18,250,,20240101,13,216347,,,Iga Swiatek,R,176,POL,22.588,1,9505,204427,,,Sara Sorribes Tormo,R,176,ESP,27.231,53,1126,6-2 6-1,3,RR,88,2,0,49,30,22,13,8,4,4,0,2,51,40,20,2,7,6,10
2024-2084,United Cup,Hard,18,250,,20240102,14,202499,,,Donna Vekic,R,179,CRO,27.513,24,1905,201551,,,Arantxa Rus,L,180,NED,33.055,51,1149,6-2 3-6 6-1,3,RR,112,5,6,70,49,38,9,12,3,5,2,4,70,48,30,9,12,1,6
2024-2084,United Cup,Hard,18,250,,20240102,15,214954,,,Marketa Vondrousova,L,173,CZE,24.515,7,4046,215337,,,Olga Danilovic,L,,SRB,22.941,121,627,6-1 3-6 6-3,3,RR,124,5,8,88,62,40,9,13,6,10,2,3,76,50,28,11,12,1,7
2024-2084,United Cup,Hard,18,250,,20240102,16,206289,,,Maria Sakkari,R,172,GRE,28.441,8,3785,206037,,,Daniela Seguel,,171,CHI,31.130,671,57,6-0 6-1,3,RR,68,3,6,42,25,21,9,7,1,1,0,1,49,38,15,3,6,4,9
2024-2084,United Cup,Hard,18,250,,20240103,17,201614,,,Caroline Garcia,R,177,FRA,30.216,20,2330,211148,,,Jasmine Paolini,R,160,ITA,27.998,29,1530,6-4 5-7 6-4,3,RR,136,11,5,95,57,41,17,16,0,4,3,1,88,57,37,19,16,3,8
2024-2084,United Cup,Hard,18,250,,20240103,18,206289,,,Maria Sakkari,R,172,GRE,28.444,8,3785,220367,,,Leylah Fernandez,L,168,CAN,21.326,34,1385,7-6(2) 6-3,3,RR,135,6,3,88,56,40,17,11,10,12,1,3,79,55,32,12,10,8,11
2024-2084,United Cup,Hard,18,250,,20240103,19,201548,,,Ajla Tomljanovic,R,180,AUS,30.659,292,246,210337,,,Natalija Stevanovic,R,,SRB,29.443,184,417,6-1 6-1,3,QF,64,0,3,37,19,16,9,7,1,2,1,2,42,30,11,3,7,3,9
2024-2084,United Cup,Hard,18,250,,20240103,20,216347,,,Iga Swiatek,R,176,POL,22.593,1,9505,221012,,,Qinwen Zheng,R,,CHN,21.238,14,2770,6-2 6-3,3,QF,94,0,1,55,32,21,14,9,1,3,2,9,57,27,18,6,8,6,11
2024-2084,United Cup,Hard,18,250,,20240104,21,201614,,,Caroline Garcia,R,177,FRA,30.218,20,2330,214935,,,Malene Helgo,,,NOR,24.359,544,89,6-2 6-7(6) 7-6(5),3,QF,153,15,4,101,62,46,28,16,1,2,4,6,111,72,51,22,16,3,6
2024-2084,United Cup,Hard,18,250,,20240105,22,206289,,,Maria Sakkari,R,172,GRE,28.450,8,3785,201493,,,Angelique Kerber,L,173,GER,35.965,,,6-0 6-3,3,QF,73,3,2,52,32,24,10,8,3,4,0,2,52,33,16,6,7,6,11
2024-2084,United Cup,Hard,18,250,,20240106,23,201493,,,Angelique Kerber,L,173,GER,35.968,,,201548,,,Ajla Tomljanovic,R,180,AUS,30.667,292,246,4-6 6-2 7-6(7),3,SF,154,1,1,99,78,45,8,15,6,13,3,4,116,82,47,10,15,11,19
2024-2084,United Cup,Hard,18,250,,20240106,24,216347,,,Iga Swiatek,R,176,POL,22.601,1,9505,201614,,,Caroline Garcia,R,177,FRA,30.224,20,2330,4-6 6-1 6-1,3,SF,106,2,4,76,54,41,10,12,3,4,2,1,66,47,28,7,12,3,8
2024-2084,United Cup,Hard,18,250,,20240107,25,216347,,,Iga Swiatek,R,176,POL,22.604,1,9505,201493,,,Angelique Kerber,L,173,GER,35.971,,,6-3 6-0,3,F,70,1,3,59,43,31,9,8,5,5,0,0,42,27,13,7,7,4,8
2024-1050,Hobart,Hard,32,250,,20240108,1,215613,2,,Emma Navarro,R,,USA,22.642,31,1530,216262,,,Clara Burel,R,176,FRA,22.793,52,1140,4-6 6-3 6-3,3,R32,125,1,2,104,73,49,14,14,13,16,3,8,99,57,30,21,14,6,11
2024-1050,Hobart,Hard,32,250,,20240108,2,211684,,Q,Magdalena Frech,R,171,POL,26.065,72,937,204427,,,Sara Sorribes Tormo,R,176,ESP,27.250,53,1126,0-6 6-1 6-4,3,R32,166,1,0,96,78,39,11,12,7,12,1,1,88,63,38,6,11,8,13
2024-1050,Hobart,Hard,32,250,,20240108,3,202600,,LL,Viktoriya Tomova,R,170,BUL,28.868,77,906,203354,,,Martina Trevisan,L,160,ITA,30.180,60,1045,6-3 6-3,3,R32,104,0,1,76,61,39,7,9,11,12,1,4,63,41,25,7,9,2,6
2024-1050,Hobart,Hard,32,250,,20240108,4,213583,9,,Tatjana Maria,R,172,GER,36.420,42,1215,206408,,LL,Nadia Podoroska,R,170,ARG,26.908,63,1009,6-1 4-3 RET,3,R32,67,4,3,55,34,26,8,7,4,5,0,2,40,28,16,4,7,2,6
2024-1050,Hobart,Hard,32,250,,20240108,5,216133,4,,Xinyu Wang,R,182,CHN,22.284,34,1395,216265,,WC,Olivia Gadecki,R,,AUS,21.709,121,655,6-3 3-6 6-3,3,R32,121,0,7,90,47,29,18,13,4,9,0,4,90,53,30,17,14,4,11
2024-1050,Hobart,Hard,32,250,,20240108,6,206294,,Q,Yue Yuan,R,184,CHN,25.287,73,925,201585,,,Sloane Stephens,R,170,USA,30.804,43,1202,6-4 3-6 7-6(5),3,R32,170,4,2,108,67,35,20,15,6,13,1,4,123,87,47,16,16,11,18
2024-1050,Hobart,Hard,32,250,,20240108,7,201709,,Q,Yulia Putintseva,R,163,KAZ,29.003,64,1002,220714,,,Elisabetta Cocciaretto,R,,ITA,22.952,45,1179,0-6 7-5 7-6(4),3,R32,137,1,3,82,58,32,11,15,2,9,2,8,95,54,37,17,15,6,11
2024-1050,Hobart,Hard,32,250,,20240108,8,213631,5,,Marie Bouzkova,R,180,CZE,25.468,35,1382,203530,,Q,Viktorija Golubic,R,169,SUI,31.229,90,812,6-2 6-4,3,R32,95,3,1,63,40,27,13,9,5,6,0,1,57,36,18,13,9,4,8
2024-1050,Hobart,Hard,32,250,,20240108,9,213550,6,,Sofia Kenin,R,170,USA,25.150,38,1305,213889,,,Greet Minnen,R,,BEL,26.402,65,999,6-3 6-3,3,R32,66,3,0,55,37,26,13,9,3,3,5,4,48,34,22,6,9,2,5
2024-1050,Hobart,Hard,32,250,,20240108,10,201611,,WC,Daria Saville,R,166,AUS,29.846,195,398,215020,,,Anna Blinkova,R,179,RUS,25.328,46,1170,3-6 6-4 6-4,3,R32,136,3,5,90,61,36,15,14,8,14,2,3,84,59,34,8,15,1,8
2024-1050,Hobart,Hard,32,250,,20240108,11,214452,,,Caroline Dolehide,R,178,USA,25.342,44,1193,210886,,,Mayar Sherif,R,180,EGY,27.678,58,1053,6-1 6-4,3,R32,75,4,2,55,42,30,7,9,3,4,0,2,47,38,25,1,8,3,7
2024-1050,Hobart,Hard,32,250,,20240108,12,202684,3,,Lin Zhu,R,173,CHN,29.944,33,1420,214459,,,Lucia Bronzetti,R,,ITA,25.079,56,1099,7-5 6-1,3,R32,106,2,2,74,45,30,13,10,5,7,1,3,69,43,25,10,9,7,12
2024-1050,Hobart,Hard,32,250,,20240108,13,219875,8,,Varvara Gracheva,R,,FRA,23.434,39,1290,220548,,,Peyton Stearns,R,,USA,22.251,48,1168,7-6(3) 3-6 7-5,3,R32,156,2,7,108,68,37,18,16,7,15,4,7,116,81,45,12,17,3,11
2024-1050,Hobart,Hard,32,250,,20240108,14,201551,,,Arantxa Rus,L,180,NED,33.071,50,1149,222258,,LL,Linda Fruhvirtova,R,,CZE,18.689,85,829,6-3 5-7 6-3,3,R32,147,1,6,88,55,33,17,15,3,8,4,3,95,64,37,11,15,3,10
2024-1050,Hobart,Hard,32,250,,20240108,15,203533,,Q,Anna Karolina Schmiedlova,R,176,SVK,29.320,67,949,215785,,Q,Camila Osorio,R,162,COL,22.046,79,876,1-6 7-6(4) 7-5,3,R32,152,0,5,92,53,33,18,15,4,11,3,7,117,90,54,8,16,11,17
2024-1050,Hobart,Hard,32,250,,20240108,16,210722,1,,Elise Mertens,R,179,BEL,28.143,29,1551,203389,,,Danielle Collins,R,178,USA,30.070,54,1121,6-2 6-3,3,R32,74,3,2,41,25,19,8,8,1,3,0,4,61,41,21,5,9,4,10
2024-1050,Hobart,Hard,32,250,,20240108,17,215613,2,,Emma Navarro,R,,USA,22.642,31,1530,211684,,Q,Magdalena Frech,R,171,POL,26.065,72,937,6-3 6-3,3,R16,81,1,3,56,40,31,8,9,1,2,1,0,63,48,27,7,9,8,12
2024-1050,Hobart,Hard,32,250,,20240108,18,202600,,LL,Viktoriya Tomova,R,170,BUL,28.868,77,906,213583,9,,Tatjana Maria,R,172,GER,36.420,42,1215,6-0 6-1,3,R16,59,1,1,44,33,23,6,6,2,2,0,3,38,18,7,4,7,1,7
2024-1050,Hobart,Hard,32,250,,20240108,19,206294,,Q,Yue Yuan,R,184,CHN,25.287,73,925,216133,4,,Xinyu Wang,R,182,CHN,22.284,34,1395,7-5 6-3,3,R16,82,4,0,56,30,26,18,11,0,0,4,2,55,37,23,14,10,2,4
2024-1050,Hobart,Hard,32,250,,20240108,20,201709,,Q,Yulia Putintseva,R,163,KAZ,29.003,64,1002,213631,5,,Marie Bouzkova,R,180,CZE,25.468,35,1382,6-4 1-6 6-3,3,R16,138,0,2,78,55,32,12,13,6,11,2,3,98,72,42,12,13,12,17
2024-1050,Hobart,Hard,32,250,,20240108,21,201611,,WC,Daria Saville,R,166,AUS,29.846,195,398,213550,6,,Sofia Kenin,R,170,USA,25.150,38,1305,7-6(3) 6-1,3,R16,97,13,3,71,57,37,7,10,4,6,1,1,68,50,28,7,9,1,5
2024-1050,Hobart,Hard,32,250,,20240108,22,202684,3,,Lin Zhu,R,173,CHN,29.944,33,1420,214452,,,Caroline Dolehide,R,178,USA,25.342,44,1193,5-7 6-3 6-4,3,R16,133,3,2,84,57,42,13,15,5,8,2,2,96,70,44,16,16,7,12
2024-1050,Hobart,Hard,32,250,,20240108,23,201551,,,Arantxa Rus,L,180,NED,33.071,50,1149,219875,8,,Varvara Gracheva,R,,FRA,23.434,39,1290,6-2 6-3,3,R16,72,0,1,44,36,31,2,9,0,1,2,5,53,33,17,9,8,3,7
2024-1050,Hobart,Hard,32,250,,20240108,24,210722,1,,Elise Mertens,R,179,BEL,28.143,29,1551,203533,,Q,Anna Karolina Schmiedlova,R,176,SVK,29.320,67,949,6-2 6-3,3,R16,76,5,4,41,26,22,9,8,1,2,1,3,53,33,21,3,9,3,8
2024-1050,Hobart,Hard,32,250,,20240108,25,215613,2,,Emma Navarro,R,,USA,22.642,31,1530,202600,,LL,Viktoriya Tomova,R,170,BUL,28.868,77,906,4-6 6-3 6-2,3,QF,115,1,4,95,62,41,13,14,7,12,1,1,87,63,34,9,13,8,15
2024-1050,Hobart,Hard,32,250,,20240108,26,206294,,Q,Yue Yuan,R,184,CHN,25.287,73,925,201709,,Q,Yulia Putintseva,R,163,KAZ,29.003,64,1002,7-5 7-6(4),3,QF,142,6,1,82,52,30,16,12,6,11,0,2,112,87,44,11,12,17,23
2024-1050,Hobart,Hard,32,250,,20240108,27,201611,,WC,Daria Saville,R,166,AUS,29.846,195,398,202684,3,,Lin Zhu,R,173,CHN,29.944,33,1420,3-6 6-1 6-4,3,QF,139,2,4,77,55,33,12,13,4,8,3,7,95,58,33,16,13,8,14
2024-1050,Hobart,Hard,32,250,,20240108,28,210722,1,,Elise Mertens,R,179,BEL,28.143,29,1551,201551,,,Arantxa Rus,L,180,NED,33.071,50,1149,7-5 6-0,3,QF,97,3,6,65,32,23,19,9,6,7,2,0,58,36,21,9,9,6,11
2024-1050,Hobart,Hard,32,250,,20240108,29,215613,2,,Emma Navarro,R,,USA,22.642,31,1530,206294,,Q,Yue Yuan,R,184,CHN,25.287,73,925,6-4 6-3,3,SF,81,4,1,51,37,27,10,9,0,0,5,0,74,50,33,10,10,6,9
2024-1050,Hobart,Hard,32,250,,20240108,30,210722,1,,Elise Mertens,R,179,BEL,28.143,29,1551,201611,,WC,Daria Saville,R,166,AUS,29.846,195,398,6-4 4-6 7-5,3,SF,178,4,4,102,68,50,15,16,6,9,0,5,98,68,43,20,16,5,9
2024-1050,Hobart,Hard,32,250,,20240108,31,215613,2,,Emma Navarro,R,,USA,22.642,31,1530,210722,1,,Elise Mertens,R,179,BEL,28.143,29,1551,6-1 4-6 7-5,3,F,168,1,2,99,66,36,18,15,6,12,2,6,114,65,34,21,14,11,19
2024-2014,Adelaide,Hard,32,500,,20240108,1,211095,,LL,Bernarda Pera,L,175,USA,29.098,69,943,211651,,WC,Paula Badosa,R,180,ESP,26.147,74,922,3-6 6-2 6-3,3,R32,119,4,3,77,51,35,12,13,3,6,6,5,93,56,32,19,13,12,17
2024-2014,Adelaide,Hard,32,500,,20240108,2,211701,,Q,Katerina Siniakova,R,174,CZE,27.664,49,1150,201662,,WC,Karolina Pliskova,R,184,CZE,31.801,37,1346,6-2 6-1,3,R32,72,2,5,43,23,17,11,7,2,3,2,7,69,43,21,10,8,16,22
2024-2014,Adelaide,Hard,32,500,,20240108,3,201499,,Q,Anastasia Pavlyuchenkova,R,177,RUS,32.518,59,1046,206242,5,,Beatriz Haddad Maia,L,185,BRA,27.609,11,2920,6-3 6-4,3,R32,97,4,5,62,45,32,10,10,1,2,4,0,59,45,25,7,9,3,6
2024-2014,Adelaide,Hard,32,500,,20240108,4,214939,,Q,Anna Kalinskaya,R,175,RUS,25.101,75,918,206252,4,,Barbora Krejcikova,R,178,CZE,28.058,10,2945,7-5 3-6 7-5,3,R32,172,1,5,106,66,45,18,16,4,8,11,6,108,59,42,22,17,6,11
2024-2014,Adelaide,Hard,32,500,,20240108,5,214082,,,Daria Kasatkina,R,170,RUS,26.673,15,2758,214906,,Q,Claire Liu,R,170,USA,23.623,104,730,6-4 6-3,3,R32,107,1,5,64,41,28,9,9,6,8,3,0,78,49,28,10,10,7,12
2024-2014,Adelaide,Hard,32,500,,20240108,6,202536,,LL,Ana Bogdan,R,171,ROU,31.119,66,956,211107,,Q,Katie Boulter,R,180,GBR,27.437,57,1085,6-3 6-4,3,R32,106,7,3,89,56,38,16,10,10,11,5,4,59,30,19,15,9,6,9
2024-2014,Adelaide,Hard,32,500,,20240108,7,201696,,SE,Laura Siegemund,R,168,GER,35.847,89,814,214643,7,,Liudmila Samsonova,R,180,RUS,25.159,14,2760,6-7(1) 6-4 6-4,3,R32,173,2,5,103,82,49,10,16,9,14,8,7,96,45,28,26,16,4,11
2024-2014,Adelaide,Hard,32,500,,20240108,8,211533,6,,Jelena Ostapenko,R,177,LAT,26.585,12,2883,201514,,,Sorana Cirstea,R,176,ROU,33.756,26,1746,2-6 6-2 6-4,3,R32,118,6,3,91,53,35,18,13,11,15,7,8,83,48,39,7,13,7,12
2024-2014,Adelaide,Hard,32,500,,20240108,9,201614,,,Caroline Garcia,R,177,FRA,30.229,20,2330,223194,,WC,Taylah Preston,R,,AUS,18.199,203,382,6-4 1-6 6-3,3,R32,117,5,6,85,39,26,23,13,2,6,0,7,100,68,42,16,13,12,16
2024-2014,Adelaide,Hard,32,500,,20240108,10,216146,,,Marta Kostyuk,R,175,UKR,21.531,41,1223,211843,,,Anhelina Kalinina,R,179,UKR,26.916,28,1630,7-6(3) 6-1,3,R32,86,10,7,63,43,31,8,9,5,8,1,2,58,38,20,3,10,2,8
2024-2014,Adelaide,Hard,32,500,,20240108,11,203501,,LL,Taylor Townsend,L,170,USA,27.730,80,870,205925,,Q,Aliaksandra Sasnovich,R,174,BLR,29.799,83,831,6-3 7-6(4),3,R32,116,7,2,72,52,34,11,11,2,4,5,6,86,54,39,9,10,8,11
2024-2014,Adelaide,Hard,32,500,,20240108,12,206368,8,,Veronika Kudermetova,R,175,RUS,26.708,16,2680,221909,,LL,Ashlyn Krueger,R,185,USA,19.672,78,896,6-2 7-5,3,R32,98,2,2,66,41,34,12,10,6,6,2,4,70,47,33,7,10,7,10
2024-2014,Adelaide,Hard,32,500,,20240108,13,206420,,,Ekaterina Alexandrova,R,175,RUS,29.148,21,2075,202663,,,Magda Linette,R,171,POL,31.905,24,1896,3-6 7-6(8) 7-5,3,R32,163,3,10,99,61,44,16,16,2,7,9,2,111,59,36,25,17,4,9
2024-2014,Adelaide,Hard,32,500,,20240108,14,213710,,LL,Cristina Bucsa,R,,ESP,26.018,61,1035,211148,,,Jasmine Paolini,R,160,ITA,28.012,30,1530,6-3 6-3,3,R32,93,0,2,63,39,20,14,9,1,4,0,3,71,41,22,10,9,4,10
2024-2014,Adelaide,Hard,32,500,,20240108,15,202468,2,,Jessica Pegula,R,170,USA,29.871,5,5905,211095,,LL,Bernarda Pera,L,175,USA,29.098,69,943,4-6 6-2 6-3,3,R16,132,7,4,112,68,44,20,13,10,13,7,4,101,68,38,16,14,15,21
2024-2014,Adelaide,Hard,32,500,,20240108,16,201499,,Q,Anastasia Pavlyuchenkova,R,177,RUS,32.518,59,1046,211701,,Q,Katerina Siniakova,R,174,CZE,27.664,49,1150,2-6 6-3 6-2,3,R16,124,4,4,68,42,33,12,13,1,4,3,12,95,59,39,13,12,7,11
2024-2014,Adelaide,Hard,32,500,,20240108,17,214082,,,Daria Kasatkina,R,170,RUS,26.673,15,2758,214939,,Q,Anna Kalinskaya,R,175,RUS,25.101,75,918,5-7 6-4 7-5,3,R16,171,1,7,113,81,47,10,17,12,20,0,7,119,84,45,14,17,10,19
2024-2014,Adelaide,Hard,32,500,,20240108,18,201696,,SE,Laura Siegemund,R,168,GER,35.847,89,814,202536,,LL,Ana Bogdan,R,171,ROU,31.119,66,956,6-4 7-5,3,R16,113,0,2,65,50,29,9,11,1,4,1,1,64,44,23,10,11,4,9
2024-2014,Adelaide,Hard,32,500,,20240108,19,211533,6,,Jelena Ostapenko,R,177,LAT,26.585,12,2883,201614,,,Caroline Garcia,R,177,FRA,30.229,20,2330,6-4 5-7 6-4,3,R16,161,3,10,117,66,50,21,16,7,10,15,4,106,60,44,21,16,10,14
2024-2014,Adelaide,Hard,32,500,,20240108,20,216146,,,Marta Kostyuk,R,175,UKR,21.531,41,1223,203501,,LL,Taylor Townsend,L,170,USA,27.730,80,870,6-3 2-6 6-4,3,R16,134,3,8,116,71,43,20,14,14,20,2,2,70,46,27,10,13,1,7
2024-2014,Adelaide,Hard,32,500,,20240108,21,206420,,,Ekaterina Alexandrova,R,175,RUS,29.148,21,2075,206368,8,,Veronika Kudermetova,R,175,RUS,26.708,16,2680,6-4 6-4,3,R16,98,8,2,73,52,37,7,10,6,8,3,3,62,38,21,12,10,1,5
2024-2014,Adelaide,Hard,32,500,,20240108,22,214981,1,,Elena Rybakina,R,184,KAZ,24.562,3,6811,213710,,LL,Cristina Bucsa,R,,ESP,26.018,61,1035,6-3 7-5,3,R16,90,11,4,76,58,41,7,11,7,8,1,3,66,48,30,8,10,2,5
2024-2014,Adelaide,Hard,32,500,,20240108,23,202468,2,,Jessica Pegula,R,170,USA,29.871,5,5905,201499,,Q,Anastasia Pavlyuchenkova,R,177,RUS,32.518,59,1046,6-7(1) 7-5 6-4,3,QF,146,9,5,115,67,50,22,17,10,13,3,4,100,66,46,18,17,3,8
2024-2014,Adelaide,Hard,32,500,,20240108,24,214082,,,Daria Kasatkina,R,170,RUS,26.673,15,2758,201696,,SE,Laura Siegemund,R,168,GER,35.847,89,814,W/O,3,QF,,,,,,,,,,,,,,,,,,,
2024-2014,Adelaide,Hard,32,500,,20240108,25,211533,6,,Jelena Ostapenko,R,177,LAT,26.585,12,2883,216146,,,Marta Kostyuk,R,175,UKR,21.531,41,1223,7-5 6-3,3,QF,92,1,2,73,51,36,11,11,3,5,4,3,54,30,17,13,10,2,6
2024-2014,Adelaide,Hard,32,500,,20240108,26,206420,,,Ekaterina Alexandrova,R,175,RUS,29.148,21,2075,214981,1,,Elena Rybakina,R,184,KAZ,24.562,3,6811,6-3 6-3,3,QF,90,6,4,58,33,26,8,9,5,7,9,2,76,39,18,20,9,8,13
2024-2014,Adelaide,Hard,32,500,,20240108,27,214082,,,Daria Kasatkina,R,170,RUS,26.673,15,2758,202468,2,,Jessica Pegula,R,170,USA,29.871,5,5905,W/O,3,SF,,,,,,,,,,,,,,,,,,,
2024-2014,Adelaide,Hard,32,500,,20240108,28,211533,6,,Jelena Ostapenko,R,177,LAT,26.585,12,2883,206420,,,Ekaterina Alexandrova,R,175,RUS,29.148,21,2075,6-2 7-6(3),3,SF,101,4,4,76,42,28,18,10,5,8,4,6,71,45,23,11,10,3,8
2024-2014,Adelaide,Hard,32,500,,20240108,29,211533,6,,Jelena Ostapenko,R,177,LAT,26.585,12,2883,214082,,,Daria Kasatkina,R,170,RUS,26.673,15,2758,6-3 6-2,3,F,74,3,2,60,35,27,10,9,5,7,3,4,53,29,15,10,8,4,9
2024-901,Australian Open,Hard,128,G,,20240115,1,216347,1,,Iga Swiatek,R,176,POL,22.626,1,9880,213550,,,Sofia Kenin,R,170,USA,25.170,41,1225,7-6(2) 6-2,3,R128,111,5,0,71,49,32,14,10,3,5,2,3,72,47,30,8,10,5,9
2024-901,Australian Open,Hard,128,G,,20240115,2,203389,,,Danielle Collins,R,178,USA,30.090,62,1022,201493,,,Angelique Kerber,L,173,GER,35.993,655,60,6-2 3-6 6-1,3,R128,112,4,6,81,50,36,9,12,6,10,0,2,84,59,31,8,12,12,19
2024-901,Australian Open,Hard,128,G,,20240115,3,220520,,WC,Mccartney Kessler,R,,USA,24.523,206,371,211539,,Q,Fiona Ferro,R,170,FRA,26.845,153,496,3-6 6-3 6-2,3,R128,103,3,3,71,50,38,10,13,2,4,0,0,82,53,33,14,13,7,11
2024-901,Australian Open,Hard,128,G,,20240115,4,222328,,,Linda Noskova,R,,CZE,19.160,50,1143,213631,31,,Marie Bouzkova,R,180,CZE,25.487,34,1382,6-1 7-5,3,R128,97,3,3,72,43,31,14,10,8,9,3,1,61,37,23,11,9,3,7
2024-901,Australian Open,Hard,128,G,,20240115,5,202494,19,,Elina Svitolina,R,174,UKR,29.342,23,1972,223194,,WC,Taylah Preston,R,,AUS,18.218,201,383,6-2 6-2,3,R128,59,2,0,42,24,17,10,8,0,2,2,5,53,33,16,4,8,4,10
2024-901,Australian Open,Hard,128,G,,20240115,6,202600,,,Viktoriya Tomova,R,170,BUL,28.888,70,957,215037,,,Kayla Day,L,173,USA,24.299,86,825,6-4 6-2,3,R128,112,2,4,66,46,33,7,9,4,6,2,2,79,48,24,14,9,10,15
2024-901,Australian Open,Hard,128,G,,20240115,7,211701,,,Katerina Siniakova,R,174,CZE,27.683,49,1155,211713,,,Jaqueline Cristian,R,180,ROU,25.613,83,831,6-2 7-5,3,R128,87,4,8,67,42,31,8,10,5,8,2,3,58,32,17,7,10,3,9
2024-901,Australian Open,Hard,128,G,,20240115,8,203530,,,Viktorija Golubic,R,169,SUI,31.248,85,829,206368,15,,Veronika Kudermetova,R,175,RUS,26.727,17,2555,7-6(4) 1-6 6-1,3,R128,141,1,0,94,63,44,13,13,4,7,6,2,88,57,39,13,13,2,5
2024-901,Australian Open,Hard,128,G,,20240115,9,211533,11,,Jelena Ostapenko,R,177,LAT,26.604,10,3328,214040,,WC,Kimberly Birrell,R,170,AUS,25.714,116,671,7-6(5) 6-1,3,R128,100,5,5,64,40,30,12,10,7,8,4,7,84,54,34,11,9,8,12
2024-901,Australian Open,Hard,128,G,,20240115,10,201548,,,Ajla Tomljanovic,R,180,AUS,30.692,271,271,201549,,,Petra Martic,R,181,CRO,32.989,40,1283,7-6(3) 4-6 6-4,3,R128,174,7,10,110,71,48,15,16,6,13,11,7,120,71,49,16,16,7,14
2024-901,Australian Open,Hard,128,G,,20240115,11,220704,,,Clara Tauson,R,182,DEN,21.068,96,749,213889,,,Greet Minnen,R,,BEL,26.421,67,999,7-5 7-5,3,R128,90,6,3,56,35,30,14,12,0,1,5,3,70,46,32,10,12,4,7
2024-901,Australian Open,Hard,128,G,,20240115,12,201458,18,,Victoria Azarenka,R,180,BLR,34.459,22,2011,202429,,,Camila Giorgi,R,168,ITA,32.044,53,1120,6-1 4-6 6-3,3,R128,146,8,7,85,45,38,16,13,6,8,5,7,96,49,32,19,13,7,12
2024-901,Australian Open,Hard,128,G,,20240115,13,215613,27,,Emma Navarro,R,,USA,22.662,26,1730,216016,,,Xiyu Wang,L,,CHN,22.801,60,1034,6-1 6-7(5) 7-5,3,R128,155,3,5,100,64,43,19,16,7,10,5,7,98,58,40,13,15,4,10
2024-901,Australian Open,Hard,128,G,,20240115,14,220714,,,Elisabetta Cocciaretto,R,,ITA,22.971,66,1000,215138,,Q,Lulu Sun,L,,NZL,22.755,193,401,6-1 7-5,3,R128,72,3,2,61,44,32,12,10,4,4,3,4,60,35,22,12,9,4,7
2024-901,Australian Open,Hard,128,G,,20240115,15,219875,,,Varvara Gracheva,R,,FRA,23.453,39,1290,201518,,,Yanina Wickmayer,R,182,BEL,34.238,79,880,6-3 6-4,3,R128,77,2,3,70,50,34,8,10,5,7,1,2,53,39,25,4,9,3,7
2024-901,Australian Open,Hard,128,G,,20240115,16,215035,,Q,Dayana Yastremska,R,175,UKR,23.669,93,777,214954,7,,Marketa Vondrousova,L,173,CZE,24.551,7,3966,6-1 6-2,3,R128,76,2,2,65,45,32,8,8,3,4,2,7,46,27,12,7,7,5,10
2024-901,Australian Open,Hard,128,G,,20240115,17,214981,3,,Elena Rybakina,R,184,KAZ,24.581,3,6918,201662,,,Karolina Pliskova,R,184,CZE,31.820,38,1322,7-6(6) 6-4,3,R128,93,6,1,60,37,27,17,11,0,1,4,1,76,56,38,9,11,6,8
2024-901,Australian Open,Hard,128,G,,20240115,18,215020,,,Anna Blinkova,R,179,RUS,25.348,57,1072,213710,,,Cristina Bucsa,R,,ESP,26.037,56,1088,6-2 6-4,3,R128,77,3,4,68,47,34,10,9,4,4,0,2,53,32,22,10,9,4,7
2024-901,Australian Open,Hard,128,G,,20240115,19,213583,,,Tatjana Maria,R,172,GER,36.439,42,1215,215785,,,Camila Osorio,R,162,COL,22.065,77,893,7-5 6-7(4) 6-4,3,R128,171,9,1,105,62,42,23,17,5,10,1,6,109,70,51,12,17,3,10
2024-901,Australian Open,Hard,128,G,,20240115,20,211148,26,,Jasmine Paolini,R,160,ITA,28.031,31,1530,223670,,,Diana Shnaider,L,,RUS,19.787,92,785,6-3 6-4,3,R128,69,1,1,55,38,26,8,10,0,2,1,1,50,34,19,7,9,1,5
2024-901,Australian Open,Hard,128,G,,20240115,21,201551,,,Arantxa Rus,L,180,NED,33.090,45,1188,211843,24,,Anhelina Kalinina,R,179,UKR,26.936,30,1600,6-1 6-0,3,R128,87,4,4,80,55,33,15,7,14,14,1,0,29,14,4,4,6,2,7
2024-901,Australian Open,Hard,128,G,,20240115,22,214939,,,Anna Kalinskaya,R,175,RUS,25.120,75,923,220465,,Q,Katie Volynets,R,,USA,22.040,103,732,6-3 3-6 6-2,3,R128,131,4,4,99,71,50,15,13,7,8,4,3,104,75,50,11,13,13,16
2024-901,Australian Open,Hard,128,G,,20240115,23,201585,,,Sloane Stephens,R,170,USA,30.823,44,1202,216265,,WC,Olivia Gadecki,R,,AUS,21.728,120,655,6-3 6-1,3,R128,56,0,1,43,32,24,6,8,0,1,2,3,40,26,14,3,8,3,8
2024-901,Australian Open,Hard,128,G,,20240115,24,214082,14,,Daria Kasatkina,R,170,RUS,26.692,13,2778,220548,,,Peyton Stearns,R,,USA,22.270,48,1168,6-2 3-6 6-2,3,R128,108,2,6,70,48,35,10,13,2,4,3,7,84,55,35,11,12,4,9
2024-901,Australian Open,Hard,128,G,,20240115,25,221012,12,,Qinwen Zheng,R,,CHN,21.271,15,2720,221909,,,Ashlyn Krueger,R,185,USA,19.691,76,896,3-6 6-2 6-3,3,R128,138,12,11,101,54,41,19,13,6,9,3,9,89,56,36,13,13,10,15
2024-901,Australian Open,Hard,128,G,,20240115,26,211107,,,Katie Boulter,R,180,GBR,27.456,54,1109,206294,,,Yue Yuan,R,184,CHN,25.306,61,1028,7-5 7-6(1),3,R128,115,7,9,84,46,38,15,12,3,5,4,3,80,48,31,15,12,4,7
2024-901,Australian Open,Hard,128,G,,20240115,27,221054,,,Emma Raducanu,R,175,GBR,21.172,296,231,201603,,,Shelby Rogers,R,175,USA,31.256,161,476,6-3 6-2,3,R128,76,4,3,53,33,30,10,9,0,0,2,2,48,29,20,7,8,2,5
2024-901,Australian Open,Hard,128,G,,20240115,28,206374,,,Yafan Wang,R,170,CHN,29.712,94,771,201514,22,,Sorana Cirstea,R,176,ROU,33.775,27,1722,0-6 7-5 6-2,3,R128,117,3,2,78,46,31,11,13,3,8,2,3,85,54,32,14,13,2,7
2024-901,Australian Open,Hard,128,G,,20240115,29,206219,,,Oceane Dodin,R,,FRA,27.226,95,765,202684,29,,Lin Zhu,R,173,CHN,29.964,32,1464,6-4 6-3,3,R128,90,4,8,67,37,32,12,10,8,8,4,4,69,37,21,19,9,5,8
2024-901,Australian Open,Hard,128,G,,20240115,30,203354,,,Martina Trevisan,L,160,ITA,30.199,59,1045,213887,,Q,Renata Zarazua,R,,MEX,26.292,97,749,4-6 6-4 6-2,3,R128,172,1,3,99,70,44,15,14,9,13,1,1,86,68,37,9,14,5,11
2024-901,Australian Open,Hard,128,G,,20240115,31,216262,,,Clara Burel,R,176,FRA,22.812,51,1140,202434,,,Aleksandra Krunic,R,163,SRB,30.837,687,53,6-4 6-1,3,R128,65,3,5,53,26,19,10,9,2,6,1,5,52,28,10,9,8,0,7
2024-901,Australian Open,Hard,128,G,,20240115,32,202468,5,,Jessica Pegula,R,170,USA,29.890,5,6065,201606,,Q,Rebecca Marino,R,183,CAN,33.082,182,425,6-2 6-4,3,R128,65,4,3,62,44,33,8,9,2,3,5,4,52,23,13,15,9,1,5
2024-901,Australian Open,Hard,128,G,,20240115,33,206289,8,,Maria Sakkari,R,172,GRE,28.477,8,3770,211702,,,Nao Hibino,R,163,JPN,29.131,88,808,6-4 6-1,3,R128,71,4,3,54,27,21,15,9,2,3,0,1,46,33,16,6,8,1,5
2024-901,Australian Open,Hard,128,G,,20240115,34,220589,,,Elina Avanesyan,R,,ARM,21.328,74,939,222296,,,Zhuoxuan Bai,R,,CHN,21.164,87,825,4-6 7-5 6-2,3,R128,147,0,3,95,65,38,13,15,6,12,0,0,90,62,30,14,15,5,13
2024-901,Australian Open,Hard,128,G,,20240115,35,216146,,,Marta Kostyuk,R,175,UKR,21.550,37,1330,214906,,,Claire Liu,R,170,USA,23.642,99,742,6-3 4-6 6-1,3,R128,123,1,7,77,38,26,24,13,2,5,0,0,76,48,29,11,13,2,8
2024-901,Australian Open,Hard,128,G,,20240115,36,210722,25,,Elise Mertens,R,179,BEL,28.162,28,1713,210886,,,Mayar Sherif,R,180,EGY,27.697,58,1053,6-2 2-0 RET,3,R128,50,1,3,29,15,12,9,5,0,0,2,2,26,16,8,2,5,1,4
2024-901,Australian Open,Hard,128,G,,20240115,37,201496,,WC,Caroline Wozniacki,R,177,DEN,33.515,252,302,202663,20,,Magda Linette,R,171,POL,31.924,24,1896,6-2 2-0 RET,3,R128,55,0,0,36,23,14,8,5,4,5,2,1,26,11,5,4,5,3,7
2024-901,Australian Open,Hard,128,G,,20240115,38,221237,,Q,Maria Timofeeva,R,,RUS,20.159,170,451,201427,,WC,Alize Cornet,R,173,FRA,33.980,110,690,6-2 6-4,3,R128,123,0,4,67,45,31,11,9,6,7,0,2,76,48,25,14,9,11,15
2024-901,Australian Open,Hard,128,G,,20240115,39,252499,,Q,Alina Korneeva,,,RUS,16.564,179,427,204427,,,Sara Sorribes Tormo,R,176,ESP,27.270,52,1127,4-6 6-3 6-2,3,R128,138,3,4,89,46,27,20,14,7,13,1,2,73,51,22,9,13,1,9
2024-901,Australian Open,Hard,128,G,,20240115,40,206242,10,,Beatriz Haddad Maia,L,185,BRA,27.628,12,2830,222258,,,Linda Fruhvirtova,R,,CZE,18.708,84,829,6-2 3-6 6-2,3,R128,138,1,2,80,57,38,15,13,3,5,4,1,86,52,33,13,12,6,11
2024-901,Australian Open,Hard,128,G,,20240115,41,201614,16,,Caroline Garcia,R,177,FRA,30.248,19,2330,211768,,,Naomi Osaka,R,180,JPN,26.248,831,32,6-4 7-6(2),3,R128,86,13,4,65,37,33,18,11,0,0,11,3,71,36,28,21,11,2,3
2024-901,Australian Open,Hard,128,G,,20240115,42,211684,,,Magdalena Frech,R,171,POL,26.084,69,965,201611,,WC,Daria Saville,R,166,AUS,29.865,152,496,6-7(5) 6-3 7-5,3,R128,193,3,5,105,67,44,16,17,2,8,3,14,109,61,37,15,16,7,16
2024-901,Australian Open,Hard,128,G,,20240115,43,220435,,Q,Anastasia Zakharova,R,,RUS,21.991,190,404,201709,,,Yulia Putintseva,R,163,KAZ,29.022,64,1014,2-6 6-0 6-3,3,R128,110,3,1,69,36,22,18,12,3,7,0,1,74,54,23,13,11,6,12
2024-901,Australian Open,Hard,128,G,,20240115,44,215219,,,Kaja Juvan,R,170,SLO,23.138,109,696,215713,23,,Anastasia Potapova,R,175,RUS,22.796,29,1694,6-1 6-4,3,R128,71,0,0,56,38,25,13,9,2,2,0,6,57,33,23,7,8,5,9
2024-901,Australian Open,Hard,128,G,,20240115,45,220367,32,,Leylah Fernandez,L,168,CAN,21.358,35,1355,239383,,Q,Sara Bejlek,L,,CZE,17.955,133,574,7-6(5) 6-2,3,R128,93,2,2,65,45,32,9,10,2,4,0,1,70,43,22,13,10,5,9
2024-901,Australian Open,Hard,128,G,,20240115,46,219917,,,Alycia Parks,R,185,USA,23.039,82,838,220750,,Q,Daria Snigur,R,,UKR,21.805,134,566,2-6 6-2 6-4,3,R128,105,10,7,85,47,34,18,13,3,6,0,1,83,68,39,7,13,4,8
2024-901,Australian Open,Hard,128,G,,20240115,47,214452,,,Caroline Dolehide,R,178,USA,25.361,43,1208,206417,,Q,Leolia Jeanjean,R,,FRA,28.422,143,523,6-2 6-4,3,R128,72,1,0,48,44,36,2,9,1,1,2,2,61,37,25,10,9,6,9
2024-901,Australian Open,Hard,128,G,,20240115,48,221103,4,,Coco Gauff,R,175,USA,19.842,4,6660,203533,,,Anna Karolina Schmiedlova,R,176,SVK,29.339,68,996,6-3 6-0,3,R128,60,3,1,38,21,15,10,8,2,5,0,3,37,16,5,3,7,2,9
2024-901,Australian Open,Hard,128,G,,20240115,49,202460,6,,Ons Jabeur,R,167,TUN,29.383,6,4076,263857,,Q,Yuliia Starodubtseva,R,,UKR,23.910,150,504,6-3 6-1,3,R128,67,5,1,47,24,18,11,8,2,4,0,2,59,39,16,9,8,6,12
2024-901,Australian Open,Hard,128,G,,20240115,50,259799,,,Mirra Andreeva,R,,RUS,16.715,47,1168,211095,,,Bernarda Pera,L,175,USA,29.118,71,956,7-5 6-2,3,R128,78,3,1,61,40,27,12,10,2,4,1,1,56,26,17,13,10,4,9
2024-901,Australian Open,Hard,128,G,,20240115,51,215872,,,Kamilla Rakhimova,R,,RUS,22.382,90,793,211765,,,Emina Bektas,R,,USA,30.796,89,804,6-4 6-4,3,R128,72,4,6,53,30,27,10,10,1,3,9,0,58,42,28,5,10,5,9
2024-901,Australian Open,Hard,128,G,,20240115,52,220348,,,Diane Parry,R,170,FRA,21.372,72,943,216133,30,,Xinyu Wang,R,182,CHN,22.303,36,1353,6-3 2-6 6-3,3,R128,141,9,4,93,49,34,19,13,8,13,2,3,102,61,38,17,13,8,14
2024-901,Australian Open,Hard,128,G,,20240115,53,201696,,,Laura Siegemund,R,168,GER,35.867,78,892,206420,17,,Ekaterina Alexandrova,R,175,RUS,29.167,20,2215,6-2 3-6 7-6(9),3,R128,181,0,4,106,83,46,9,15,9,16,2,8,105,67,41,13,14,10,18
2024-901,Australian Open,Hard,128,G,,20240115,54,204411,,Q,Storm Hunter,L,166,AUS,29.430,180,426,201506,,,Sara Errani,R,164,ITA,36.715,101,738,6-4 6-3,3,R128,89,2,1,55,33,22,12,10,2,4,0,0,68,46,24,10,9,8,13
2024-901,Australian Open,Hard,128,G,,20240115,55,211337,,,Tamara Korpatsch,R,170,GER,28.680,80,847,214839,,,Jodie Burrage,R,,GBR,24.636,102,733,2-6 6-3 6-0,3,R128,108,0,5,82,48,28,19,12,3,6,4,4,67,51,29,7,11,4,9
2024-901,Australian Open,Hard,128,G,,20240115,56,206252,9,,Barbora Krejcikova,R,178,CZE,28.077,11,2891,215988,,WC,Mai Hontama,R,,JPN,24.378,121,645,2-6 6-4 6-3,3,R128,150,2,1,91,61,35,12,14,6,12,2,5,98,64,33,16,13,7,13
2024-901,Australian Open,Hard,128,G,,20240115,57,216153,,,Amanda Anisimova,R,180,USA,22.374,442,130,214643,13,,Liudmila Samsonova,R,180,RUS,25.178,14,2760,6-3 6-4,3,R128,84,4,4,64,34,24,17,10,3,5,4,7,62,29,20,13,9,5,9
2024-901,Australian Open,Hard,128,G,,20240115,58,206408,,,Nadia Podoroska,R,170,ARG,26.927,65,1009,214461,,,Tamara Zidansek,R,168,SLO,26.054,98,745,6-1 6-0,3,R128,75,1,0,47,31,22,10,7,4,4,0,3,58,36,19,5,6,8,13
2024-901,Australian Open,Hard,128,G,,20240115,59,211651,,,Paula Badosa,R,180,ESP,26.166,100,738,203501,,,Taylor Townsend,L,170,USA,27.749,73,942,6-1 6-3,3,R128,57,8,2,44,26,22,11,8,3,3,1,2,46,29,20,4,8,3,7
2024-901,Australian Open,Hard,128,G,,20240115,60,201499,,,Anastasia Pavlyuchenkova,R,177,RUS,32.537,46,1178,202499,21,,Donna Vekic,R,179,CRO,27.549,25,1865,6-4 6-4,3,R128,109,5,9,78,39,31,16,10,6,8,2,7,69,36,19,16,10,5,9
2024-901,Australian Open,Hard,128,G,,20240115,61,201615,28,,Lesia Tsurenko,R,174,UKR,34.629,33,1452,214459,,,Lucia Bronzetti,R,,ITA,25.098,55,1099,3-6 7-5 6-3,3,R128,158,0,8,103,72,36,15,15,8,16,1,5,107,64,31,17,15,9,18
2024-901,Australian Open,Hard,128,G,,20240115,62,214119,,,Rebeka Masarova,R,186,ESP,24.444,91,786,205925,,,Aliaksandra Sasnovich,R,174,BLR,29.819,81,843,6-3 6-4,3,R128,97,6,3,66,37,28,11,10,2,5,0,6,67,44,23,8,9,9,14
2024-901,Australian Open,Hard,128,G,,20240115,63,259104,,Q,Brenda Fruhvirtova,R,,CZE,16.789,107,704,202536,,,Ana Bogdan,R,171,ROU,31.138,63,1016,2-6 6-4 6-3,3,R128,139,2,5,95,61,43,14,14,7,11,3,2,85,55,35,15,13,9,13
2024-901,Australian Open,Hard,128,G,,20240115,64,214544,2,,Aryna Sabalenka,R,182,BLR,25.698,2,8905,230870,,Q,Ella Seidel,R,,GER,18.916,173,439,6-0 6-1,3,R128,53,6,2,44,30,24,7,7,0,0,0,2,38,22,7,6,6,4,9
2024-901,Australian Open,Hard,128,G,,20240115,65,216347,1,,Iga Swiatek,R,176,POL,22.626,1,9880,203389,,,Danielle Collins,R,178,USA,30.090,62,1022,6-4 3-6 6-4,3,R64,194,1,4,94,64,41,9,15,9,15,2,7,110,62,39,17,14,8,15
2024-901,Australian Open,Hard,128,G,,20240115,66,222328,,,Linda Noskova,R,,CZE,19.160,50,1143,220520,,WC,Mccartney Kessler,R,,USA,24.523,206,371,6-3 1-6 6-4,3,R64,113,2,5,81,46,35,18,13,2,4,7,2,90,54,38,20,13,7,9
2024-901,Australian Open,Hard,128,G,,20240115,67,202494,19,,Elina Svitolina,R,174,UKR,29.342,23,1972,202600,,,Viktoriya Tomova,R,170,BUL,28.888,70,957,6-1 6-3,3,R64,65,1,1,43,29,20,8,8,2,4,1,2,55,37,14,8,8,1,7
2024-901,Australian Open,Hard,128,G,,20240115,68,203530,,,Viktorija Golubic,R,169,SUI,31.248,85,829,211701,,,Katerina Siniakova,R,174,CZE,27.683,49,1155,6-3 2-6 6-4,3,R64,137,0,1,90,70,39,10,14,7,12,1,7,82,58,37,8,13,4,9
2024-901,Australian Open,Hard,128,G,,20240115,69,211533,11,,Jelena Ostapenko,R,177,LAT,26.604,10,3328,201548,,,Ajla Tomljanovic,R,180,AUS,30.692,271,271,6-0 3-6 6-4,3,R64,102,3,4,86,48,33,20,13,8,11,4,7,67,45,31,7,12,3,8
2024-901,Australian Open,Hard,128,G,,20240115,70,201458,18,,Victoria Azarenka,R,180,BLR,34.459,22,2011,220704,,,Clara Tauson,R,182,DEN,21.068,96,749,6-4 3-6 6-2,3,R64,135,0,2,82,48,34,17,14,3,6,11,5,100,63,45,12,13,9,14
2024-901,Australian Open,Hard,128,G,,20240115,71,215613,27,,Emma Navarro,R,,USA,22.662,26,1730,220714,,,Elisabetta Cocciaretto,R,,ITA,22.971,66,1000,4-6 6-3 6-3,3,R64,133,1,1,85,57,41,13,14,6,9,1,3,119,87,49,15,14,13,18
2024-901,Australian Open,Hard,128,G,,20240115,72,215035,,Q,Dayana Yastremska,R,175,UKR,23.669,93,777,219875,,,Varvara Gracheva,R,,FRA,23.453,39,1290,6-3 6-2,3,R64,66,5,1,51,32,22,16,9,1,1,2,1,56,33,18,13,8,1,4
2024-901,Australian Open,Hard,128,G,,20240115,73,215020,,,Anna Blinkova,R,179,RUS,25.348,57,1072,214981,3,,Elena Rybakina,R,184,KAZ,24.581,3,6918,6-4 4-6 7-6(20),3,R64,166,4,6,124,77,57,14,16,2,7,9,2,112,68,47,21,16,1,6
2024-901,Australian Open,Hard,128,G,,20240115,74,211148,26,,Jasmine Paolini,R,160,ITA,28.031,31,1530,213583,,,Tatjana Maria,R,172,GER,36.439,42,1215,6-2 6-3,3,R64,70,1,1,58,48,35,4,9,4,5,1,4,60,41,23,7,8,3,7
2024-901,Australian Open,Hard,128,G,,20240115,75,214939,,,Anna Kalinskaya,R,175,RUS,25.120,75,923,201551,,,Arantxa Rus,L,180,NED,33.090,45,1188,6-1 7-5,3,R64,82,1,1,55,45,29,6,10,3,5,3,1,67,53,27,5,9,8,14
2024-901,Australian Open,Hard,128,G,,20240115,76,201585,,,Sloane Stephens,R,170,USA,30.823,44,1202,214082,14,,Daria Kasatkina,R,170,RUS,26.692,13,2778,4-6 6-3 6-3,3,R64,126,1,1,96,73,48,11,14,8,10,3,2,91,65,44,11,14,7,11
2024-901,Australian Open,Hard,128,G,,20240115,77,221012,12,,Qinwen Zheng,R,,CHN,21.271,15,2720,211107,,,Katie Boulter,R,180,GBR,27.456,54,1109,6-3 6-3,3,R64,95,7,8,71,39,30,11,9,7,9,1,3,54,26,16,9,9,1,6
2024-901,Australian Open,Hard,128,G,,20240115,78,206374,,,Yafan Wang,R,170,CHN,29.712,94,771,221054,,,Emma Raducanu,R,175,GBR,21.172,296,231,6-4 4-6 6-4,3,R64,174,6,4,114,69,46,23,15,15,19,6,2,103,77,45,14,15,7,12
2024-901,Australian Open,Hard,128,G,,20240115,79,206219,,,Oceane Dodin,R,,FRA,27.226,95,765,203354,,,Martina Trevisan,L,160,ITA,30.199,59,1045,6-4 6-4,3,R64,95,5,7,62,29,24,15,10,5,7,0,3,63,47,29,5,10,5,9
2024-901,Australian Open,Hard,128,G,,20240115,80,216262,,,Clara Burel,R,176,FRA,22.812,51,1140,202468,5,,Jessica Pegula,R,170,USA,29.890,5,6065,6-4 6-2,3,R64,70,2,4,49,28,20,13,9,1,3,0,2,67,35,21,13,9,5,10
2024-901,Australian Open,Hard,128,G,,20240115,81,220589,,,Elina Avanesyan,R,,ARM,21.328,74,939,206289,8,,Maria Sakkari,R,172,GRE,28.477,8,3770,6-4 6-4,3,R64,103,2,2,71,58,37,6,10,4,6,1,1,75,49,29,12,10,8,12
2024-901,Australian Open,Hard,128,G,,20240115,82,216146,,,Marta Kostyuk,R,175,UKR,21.550,37,1330,210722,25,,Elise Mertens,R,179,BEL,28.162,28,1713,5-7 6-1 7-6(6),3,R64,173,3,11,108,69,52,17,16,10,13,1,6,105,67,46,15,15,4,8
2024-901,Australian Open,Hard,128,G,,20240115,83,221237,,Q,Maria Timofeeva,R,,RUS,20.159,170,451,201496,,WC,Caroline Wozniacki,R,177,DEN,33.515,252,302,1-6 6-4 6-1,3,R64,141,1,0,96,67,36,15,12,10,15,0,1,93,68,37,9,12,7,13
2024-901,Australian Open,Hard,128,G,,20240115,84,206242,10,,Beatriz Haddad Maia,L,185,BRA,27.628,12,2830,252499,,Q,Alina Korneeva,,,RUS,16.564,179,427,6-1 6-2,3,R64,80,1,0,47,32,25,10,8,3,3,2,3,50,30,15,8,7,2,6
2024-901,Australian Open,Hard,128,G,,20240115,85,211684,,,Magdalena Frech,R,171,POL,26.084,69,965,201614,16,,Caroline Garcia,R,177,FRA,30.248,19,2330,6-4 7-6(2),3,R64,124,4,1,94,62,42,13,11,6,9,4,1,82,50,35,11,11,7,11
2024-901,Australian Open,Hard,128,G,,20240115,86,220435,,Q,Anastasia Zakharova,R,,RUS,21.991,190,404,215219,,,Kaja Juvan,R,170,SLO,23.138,109,696,6-1 6-1,3,R64,49,0,1,40,34,28,3,7,1,1,1,5,40,26,9,6,7,2,7
2024-901,Australian Open,Hard,128,G,,20240115,87,219917,,,Alycia Parks,R,185,USA,23.039,82,838,220367,32,,Leylah Fernandez,L,168,CAN,21.358,35,1355,7-5 6-4,3,R64,103,13,5,76,44,31,18,11,4,5,0,3,68,48,31,10,11,6,9
2024-901,Australian Open,Hard,128,G,,20240115,88,221103,4,,Coco Gauff,R,175,USA,19.842,4,6660,214452,,,Caroline Dolehide,R,178,USA,25.361,43,1208,7-6(2) 6-2,3,R64,104,3,4,77,48,38,11,10,6,8,1,2,66,47,29,6,10,3,7
2024-901,Australian Open,Hard,128,G,,20240115,89,259799,,,Mirra Andreeva,R,,RUS,16.715,47,1168,202460,6,,Ons Jabeur,R,167,TUN,29.383,6,4076,6-0 6-2,3,R64,54,2,1,40,26,22,8,7,1,1,2,0,39,19,8,8,7,2,7
2024-901,Australian Open,Hard,128,G,,20240115,90,220348,,,Diane Parry,R,170,FRA,21.372,72,943,215872,,,Kamilla Rakhimova,R,,RUS,22.382,90,793,7-5 6-2,3,R64,103,11,3,75,48,38,10,10,6,7,2,7,70,41,27,11,10,6,10
2024-901,Australian Open,Hard,128,G,,20240115,91,204411,,Q,Storm Hunter,L,166,AUS,29.430,180,426,201696,,,Laura Siegemund,R,168,GER,35.867,78,892,6-4 3-6 6-3,3,R64,141,0,3,84,58,30,16,14,5,11,3,1,88,68,32,12,14,7,14
2024-901,Australian Open,Hard,128,G,,20240115,92,206252,9,,Barbora Krejcikova,R,178,CZE,28.077,11,2891,211337,,,Tamara Korpatsch,R,170,GER,28.680,80,847,6-2 6-2,3,R64,85,8,0,42,27,23,11,8,2,2,2,4,73,41,23,14,8,7,11
2024-901,Australian Open,Hard,128,G,,20240115,93,216153,,,Amanda Anisimova,R,180,USA,22.374,442,130,206408,,,Nadia Podoroska,R,170,ARG,26.927,65,1009,6-2 6-3,3,R64,64,2,6,58,32,19,14,9,3,6,1,1,47,32,11,8,8,1,7
2024-901,Australian Open,Hard,128,G,,20240115,94,211651,,,Paula Badosa,R,180,ESP,26.166,100,738,201499,,,Anastasia Pavlyuchenkova,R,177,RUS,32.537,46,1178,6-2 6-3,3,R64,72,9,4,57,30,25,15,9,5,5,4,2,54,32,17,11,8,4,8
2024-901,Australian Open,Hard,128,G,,20240115,95,201615,28,,Lesia Tsurenko,R,174,UKR,34.629,33,1452,214119,,,Rebeka Masarova,R,186,ESP,24.444,91,786,6-3 6-4,3,R64,96,0,2,52,35,20,9,10,3,6,2,6,90,56,31,11,9,11,17
2024-901,Australian Open,Hard,128,G,,20240115,96,214544,2,,Aryna Sabalenka,R,182,BLR,25.698,2,8905,259104,,Q,Brenda Fruhvirtova,R,,CZE,16.789,107,704,6-3 6-2,3,R64,67,4,3,48,26,21,13,9,1,2,2,4,55,29,17,10,8,2,6
2024-901,Australian Open,Hard,128,G,,20240115,97,222328,,,Linda Noskova,R,,CZE,19.160,50,1143,216347,1,,Iga Swiatek,R,176,POL,22.626,1,9880,3-6 6-3 6-4,3,R32,140,10,4,100,63,45,17,14,5,7,4,1,86,54,35,18,14,4,7
2024-901,Australian Open,Hard,128,G,,20240115,98,202494,19,,Elina Svitolina,R,174,UKR,29.342,23,1972,203530,,,Viktorija Golubic,R,169,SUI,31.248,85,829,6-2 6-3,3,R32,64,2,2,50,30,23,9,9,1,3,1,2,50,35,19,5,8,3,8
2024-901,Australian Open,Hard,128,G,,20240115,99,201458,18,,Victoria Azarenka,R,180,BLR,34.459,22,2011,211533,11,,Jelena Ostapenko,R,177,LAT,26.604,10,3328,6-1 7-5,3,R32,83,11,3,70,45,36,9,10,6,7,3,2,48,29,20,6,9,0,4
2024-901,Australian Open,Hard,128,G,,20240115,100,215035,,Q,Dayana Yastremska,R,175,UKR,23.669,93,777,215613,27,,Emma Navarro,R,,USA,22.662,26,1730,6-2 2-6 6-1,3,R32,106,5,3,79,36,26,23,12,4,7,0,3,73,51,31,8,11,3,8
2024-901,Australian Open,Hard,128,G,,20240115,101,211148,26,,Jasmine Paolini,R,160,ITA,28.031,31,1530,215020,,,Anna Blinkova,R,179,RUS,25.348,57,1072,7-6(1) 6-4,3,R32,86,3,1,61,50,34,5,11,2,5,1,1,64,38,20,12,11,1,5
2024-901,Australian Open,Hard,128,G,,20240115,102,214939,,,Anna Kalinskaya,R,175,RUS,25.120,75,923,201585,,,Sloane Stephens,R,170,USA,30.823,44,1202,6-7(8) 6-1 6-4,3,R32,165,5,1,118,81,53,22,15,12,13,2,1,110,82,52,12,14,10,14
2024-901,Australian Open,Hard,128,G,,20240115,103,221012,12,,Qinwen Zheng,R,,CHN,21.271,15,2720,206374,,,Yafan Wang,R,170,CHN,29.712,94,771,6-4 2-6 7-6(8),3,R32,160,10,8,93,50,40,20,15,1,5,1,2,106,70,43,23,15,4,7
2024-901,Australian Open,Hard,128,G,,20240115,104,206219,,,Oceane Dodin,R,,FRA,27.226,95,765,216262,,,Clara Burel,R,176,FRA,22.812,51,1140,6-2 6-4,3,R32,74,4,1,55,28,19,15,9,0,2,8,4,61,32,17,12,9,6,11
2024-901,Australian Open,Hard,128,G,,20240115,105,216146,,,Marta Kostyuk,R,175,UKR,21.550,37,1330,220589,,,Elina Avanesyan,R,,ARM,21.328,74,939,2-6 6-4 6-4,3,R32,152,6,5,103,59,32,19,14,9,16,1,5,120,81,44,15,14,17,24
2024-901,Australian Open,Hard,128,G,,20240115,106,221237,,Q,Maria Timofeeva,R,,RUS,20.159,170,451,206242,10,,Beatriz Haddad Maia,L,185,BRA,27.628,12,2830,7-6(7) 6-3,3,R32,129,1,1,69,46,37,10,11,0,2,0,3,76,52,34,10,10,5,8
2024-901,Australian Open,Hard,128,G,,20240115,107,211684,,,Magdalena Frech,R,171,POL,26.084,69,965,220435,,Q,Anastasia Zakharova,R,,RUS,21.991,190,404,4-6 7-5 6-4,3,R32,170,7,1,118,79,48,12,16,13,20,2,5,114,79,45,15,16,17,25
2024-901,Australian Open,Hard,128,G,,20240115,108,221103,4,,Coco Gauff,R,175,USA,19.842,4,6660,219917,,,Alycia Parks,R,185,USA,23.039,82,838,6-0 6-2,3,R32,61,3,3,39,26,23,6,7,0,0,2,8,46,22,10,9,7,0,5
2024-901,Australian Open,Hard,128,G,,20240115,109,259799,,,Mirra Andreeva,R,,RUS,16.715,47,1168,220348,,,Diane Parry,R,170,FRA,21.372,72,943,1-6 6-1 7-6(5),3,R32,143,5,4,91,66,43,10,13,7,12,0,1,90,56,35,14,13,7,12
2024-901,Australian Open,Hard,128,G,,20240115,110,206252,9,,Barbora Krejcikova,R,178,CZE,28.077,11,2891,204411,,Q,Storm Hunter,L,166,AUS,29.430,180,426,4-6 7-5 6-3,3,R32,150,8,7,109,66,47,21,16,5,8,1,4,94,62,39,16,15,4,8
2024-901,Australian Open,Hard,128,G,,20240115,111,216153,,,Amanda Anisimova,R,180,USA,22.374,442,130,211651,,,Paula Badosa,R,180,ESP,26.166,100,738,7-5 6-4,3,R32,88,4,6,79,59,38,9,11,5,8,3,3,62,35,20,13,11,3,8
2024-901,Australian Open,Hard,128,G,,20240115,112,214544,2,,Aryna Sabalenka,R,182,BLR,25.698,2,8905,201615,28,,Lesia Tsurenko,R,174,UKR,34.629,33,1452,6-0 6-0,3,R32,52,0,0,39,25,19,8,6,1,1,0,6,39,26,9,3,6,4,10
2024-901,Australian Open,Hard,128,G,,20240115,113,222328,,,Linda Noskova,R,,CZE,19.160,50,1143,202494,19,,Elina Svitolina,R,174,UKR,29.342,23,1972,3-0 RET,3,R16,23,1,0,4,1,1,3,2,0,0,0,1,26,13,7,4,1,1,3
2024-901,Australian Open,Hard,128,G,,20240115,114,215035,,Q,Dayana Yastremska,R,175,UKR,23.669,93,777,201458,18,,Victoria Azarenka,R,180,BLR,34.459,22,2011,7-6(6) 6-4,3,R16,127,5,6,84,47,31,15,11,4,8,4,3,76,42,22,17,11,6,11
2024-901,Australian Open,Hard,128,G,,20240115,115,214939,,,Anna Kalinskaya,R,175,RUS,25.120,75,923,211148,26,,Jasmine Paolini,R,160,ITA,28.031,31,1530,6-4 6-2,3,R16,77,1,1,54,38,25,12,9,3,4,3,0,57,37,17,12,9,4,8
2024-901,Australian Open,Hard,128,G,,20240115,116,221012,12,,Qinwen Zheng,R,,CHN,21.271,15,2720,206219,,,Oceane Dodin,R,,FRA,27.226,95,765,6-0 6-3,3,R16,59,5,3,50,22,19,13,8,1,2,1,3,37,22,11,5,7,2,7
2024-901,Australian Open,Hard,128,G,,20240115,117,216146,,,Marta Kostyuk,R,175,UKR,21.550,37,1330,221237,,Q,Maria Timofeeva,R,,RUS,20.159,170,451,6-2 6-1,3,R16,76,1,1,56,36,26,13,8,4,4,0,2,47,30,16,7,7,1,5
2024-901,Australian Open,Hard,128,G,,20240115,118,221103,4,,Coco Gauff,R,175,USA,19.842,4,6660,211684,,,Magdalena Frech,R,171,POL,26.084,69,965,6-1 6-2,3,R16,63,1,1,38,21,16,12,8,0,0,2,0,48,32,15,7,7,4,9
2024-901,Australian Open,Hard,128,G,,20240115,119,206252,9,,Barbora Krejcikova,R,178,CZE,28.077,11,2891,259799,,,Mirra Andreeva,R,,RUS,16.715,47,1168,4-6 6-3 6-2,3,R16,119,1,5,87,55,35,18,14,5,9,3,5,79,54,31,9,13,5,11
2024-901,Australian Open,Hard,128,G,,20240115,120,214544,2,,Aryna Sabalenka,R,182,BLR,25.698,2,8905,216153,,,Amanda Anisimova,R,180,USA,22.374,442,130,6-3 6-2,3,R16,70,6,1,50,31,27,11,9,1,1,3,1,48,32,21,6,8,3,6
2024-901,Australian Open,Hard,128,G,,20240115,121,215035,,Q,Dayana Yastremska,R,175,UKR,23.669,93,777,222328,,,Linda Noskova,R,,CZE,19.160,50,1143,6-3 6-4,3,QF,78,3,3,62,34,26,15,10,2,3,4,2,54,38,24,7,9,2,5
2024-901,Australian Open,Hard,128,G,,20240115,122,221012,12,,Qinwen Zheng,R,,CHN,21.271,15,2720,214939,,,Anna Kalinskaya,R,175,RUS,25.120,75,923,6-7(4) 6-3 6-1,3,QF,140,10,2,81,45,36,19,14,0,2,2,5,96,73,44,7,14,3,9
2024-901,Australian Open,Hard,128,G,,20240115,123,221103,4,,Coco Gauff,R,175,USA,19.842,4,6660,216146,,,Marta Kostyuk,R,175,UKR,21.550,37,1330,7-6(6) 6-7(3) 6-2,3,QF,188,1,9,118,64,38,21,16,7,14,2,8,128,65,35,26,16,13,22
2024-901,Australian Open,Hard,128,G,,20240115,124,214544,2,,Aryna Sabalenka,R,182,BLR,25.698,2,8905,206252,9,,Barbora Krejcikova,R,178,CZE,28.077,11,2891,6-2 6-3,3,QF,71,4,2,40,25,18,8,9,2,4,2,3,49,29,16,4,8,3,9
2024-901,Australian Open,Hard,128,G,,20240115,125,221012,12,,Qinwen Zheng,R,,CHN,21.271,15,2720,215035,,Q,Dayana Yastremska,R,175,UKR,23.669,93,777,6-4 6-4,3,SF,102,4,3,67,37,28,15,10,8,10,3,5,63,34,21,13,10,7,11
2024-901,Australian Open,Hard,128,G,,20240115,126,214544,2,,Aryna Sabalenka,R,182,BLR,25.698,2,8905,221103,4,,Coco Gauff,R,175,USA,19.842,4,6660,7-6(2) 6-4,3,SF,102,4,2,66,50,35,8,11,1,4,5,8,84,48,31,14,11,6,10
2024-901,Australian Open,Hard,128,G,,20240115,127,214544,2,,Aryna Sabalenka,R,182,BLR,25.698,2,8905,221012,12,,Qinwen Zheng,R,,CHN,21.271,15,2720,6-3 6-2,3,F,76,3,0,57,38,32,8,9,4,4,6,6,51,27,20,9,8,3,6
2024-1096,Hua Hin,Hard,32,250,,20240129,1,202684,2,,Lin Zhu,R,173,CHN,30.002,45,1234,223194,,Q,Taylah Preston,R,,AUS,18.256,199,392,6-4 7-5,3,R32,106,4,8,68,35,24,13,11,5,9,1,7,66,31,16,18,11,7,13
2024-1096,Hua Hin,Hard,32,250,,20240129,2,222258,,,Linda Fruhvirtova,R,,CZE,18.746,126,599,221073,,LL,Anastasia Tikhonova,R,,RUS,23.020,194,411,6-3 6-1,3,R32,67,2,2,45,27,18,13,8,0,1,4,3,52,32,21,3,8,4,9
2024-1096,Hua Hin,Hard,32,250,,20240129,3,222296,,,Zhuoxuan Bai,R,,CHN,21.202,90,829,203564,,Q,Chloe Paquet,R,179,FRA,29.580,152,494,7-6(5) 6-3,3,R32,115,3,0,68,46,30,10,10,3,7,5,2,77,45,27,11,11,5,11
2024-1096,Hua Hin,Hard,32,250,,20240129,4,201613,,,Arina Rodionova,R,168,AUS,34.123,101,722,206294,6,,Yue Yuan,R,184,CHN,25.345,64,1028,7-6(6) 4-6 6-3,3,R32,172,1,5,98,54,39,18,16,2,7,2,0,99,57,40,18,15,9,14
2024-1096,Hua Hin,Hard,32,250,,20240129,5,213583,4,,Tatjana Maria,R,172,GER,36.477,44,1235,215996,,Q,Arianne Hartono,R,,NED,27.773,156,487,6-3 6-1,3,R32,71,4,3,44,24,18,13,8,0,1,0,4,49,21,16,7,8,1,6
2024-1096,Hua Hin,Hard,32,250,,20240129,6,220465,,,Katie Volynets,R,,USA,22.078,125,602,214461,,,Tamara Zidansek,R,168,SLO,26.092,97,745,6-2 6-2,3,R32,102,1,2,49,40,24,4,8,2,5,0,4,76,43,17,14,8,11,18
2024-1096,Hua Hin,Hard,32,250,,20240129,7,206374,,,Yafan Wang,R,170,CHN,29.750,78,900,252499,,Q,Alina Korneeva,,,RUS,16.603,141,537,6-2 6-4,3,R32,92,2,2,64,36,27,14,9,5,6,2,2,56,24,14,16,9,2,6
2024-1096,Hua Hin,Hard,32,250,,20240129,8,203533,8,,Anna Karolina Schmiedlova,R,176,SVK,29.378,79,896,215988,,Q,Mai Hontama,R,,JPN,24.417,117,635,7-6(5) 7-6(8),3,R32,165,1,5,90,53,28,18,12,1,6,4,7,117,72,47,11,12,9,14
2024-1096,Hua Hin,Hard,32,250,,20240129,9,201709,7,,Yulia Putintseva,R,163,KAZ,29.060,70,954,220597,,WC,Thasaporn Naklo,R,,THA,22.443,406,148,5-7 6-3 6-2,3,R32,142,2,4,97,63,43,12,14,6,11,3,10,103,53,28,23,15,5,13
2024-1096,Hua Hin,Hard,32,250,,20240129,10,203530,,,Viktorija Golubic,R,169,SUI,31.286,71,949,206007,,,Laura Pigossi,R,164,BRA,29.493,114,641,6-1 6-2,3,R32,74,1,1,53,41,24,8,8,3,5,0,0,47,36,12,4,7,3,9
2024-1096,Hua Hin,Hard,32,250,,20240129,11,211702,,,Nao Hibino,R,163,JPN,29.170,94,788,215872,,,Kamilla Rakhimova,R,,RUS,22.421,84,853,7-6(4) 6-0,3,R32,91,3,1,68,47,26,13,9,5,7,3,1,58,35,17,10,9,3,8
2024-1096,Hua Hin,Hard,32,250,,20240129,12,216133,3,,Xinyu Wang,R,182,CHN,22.341,40,1293,211765,,,Emina Bektas,R,,USA,30.834,93,812,5-2 RET,3,R32,33,3,3,23,10,7,8,3,2,2,0,5,22,11,9,2,4,0,2
2024-1096,Hua Hin,Hard,32,250,,20240129,13,216016,5,,Xiyu Wang,L,,CHN,22.840,63,1034,202492,,,Qiang Wang,R,172,CHN,32.042,,,6-1 6-1,3,R32,58,0,1,37,26,20,6,7,1,2,0,1,39,19,7,7,7,1,7
2024-1096,Hua Hin,Hard,32,250,,20240129,14,213646,,Q,Dalma Galfi,R,178,HUN,25.463,137,556,201548,,WC,Ajla Tomljanovic,R,180,AUS,30.730,227,341,6-3 6-0,3,R32,68,2,3,52,26,18,15,8,2,3,1,4,39,20,11,5,7,2,7
2024-1096,Hua Hin,Hard,32,250,,20240129,15,211651,,,Paula Badosa,R,180,ESP,26.205,83,868,222290,,WC,Lanlana Tararudee,R,,THA,19.562,298,231,3-6 6-4 6-1,3,R32,117,3,11,95,57,43,14,13,14,17,1,7,74,38,25,16,13,5,10
2024-1096,Hua Hin,Hard,32,250,,20240129,16,223670,,,Diana Shnaider,L,,RUS,19.825,108,685,202663,1,,Magda Linette,R,171,POL,31.962,56,1126,6-4 1-6 6-1,3,R32,129,4,2,80,48,33,16,12,6,9,2,1,82,54,35,11,12,9,13
2024-1096,Hua Hin,Hard,32,250,,20240129,17,202684,2,,Lin Zhu,R,173,CHN,30.002,45,1234,222258,,,Linda Fruhvirtova,R,,CZE,18.746,126,599,6-2 6-2,3,R16,78,2,0,51,28,20,16,8,3,3,1,4,47,29,20,3,8,1,5
2024-1096,Hua Hin,Hard,32,250,,20240129,18,201613,,,Arina Rodionova,R,168,AUS,34.123,101,722,222296,,,Zhuoxuan Bai,R,,CHN,21.202,90,829,3-6 6-1 6-0,3,R16,117,0,0,61,38,17,11,11,1,7,3,3,82,58,38,11,11,6,8
2024-1096,Hua Hin,Hard,32,250,,20240129,19,220465,,,Katie Volynets,R,,USA,22.078,125,602,213583,4,,Tatjana Maria,R,172,GER,36.477,44,1235,5-7 6-2 6-2,3,R16,167,0,1,90,65,39,15,14,5,8,7,7,116,64,39,22,14,14,20
2024-1096,Hua Hin,Hard,32,250,,20240129,20,206374,,,Yafan Wang,R,170,CHN,29.750,78,900,203533,8,,Anna Karolina Schmiedlova,R,176,SVK,29.378,79,896,6-2 6-4,3,R16,92,3,4,54,35,28,8,9,4,5,1,5,63,35,19,15,9,5,9
2024-1096,Hua Hin,Hard,32,250,,20240129,21,201709,7,,Yulia Putintseva,R,163,KAZ,29.060,70,954,203530,,,Viktorija Golubic,R,169,SUI,31.286,71,949,7-6(0) 7-6(1),3,R16,131,0,1,87,62,37,12,12,8,13,2,3,84,50,28,15,12,4,9
2024-1096,Hua Hin,Hard,32,250,,20240129,22,216133,3,,Xinyu Wang,R,182,CHN,22.341,40,1293,211702,,,Nao Hibino,R,163,JPN,29.170,94,788,7-5 6-4,3,R16,91,2,3,62,39,31,11,11,4,6,3,3,68,43,27,13,11,6,10
2024-1096,Hua Hin,Hard,32,250,,20240129,23,213646,,Q,Dalma Galfi,R,178,HUN,25.463,137,556,216016,5,,Xiyu Wang,L,,CHN,22.840,63,1034,6-4 3-6 7-5,3,R16,170,5,4,87,58,45,11,15,1,4,5,4,110,67,43,23,16,3,7
2024-1096,Hua Hin,Hard,32,250,,20240129,24,223670,,,Diana Shnaider,L,,RUS,19.825,108,685,211651,,,Paula Badosa,R,180,ESP,26.205,83,868,6-2 3-4 RET,3,R16,74,1,2,42,27,21,7,8,1,2,0,5,63,33,21,13,8,6,9
2024-1096,Hua Hin,Hard,32,250,,20240129,25,202684,2,,Lin Zhu,R,173,CHN,30.002,45,1234,201613,,,Arina Rodionova,R,168,AUS,34.123,101,722,6-3 6-3,3,QF,75,5,2,53,29,22,12,9,1,3,1,3,45,26,15,8,9,3,8
2024-1096,Hua Hin,Hard,32,250,,20240129,26,206374,,,Yafan Wang,R,170,CHN,29.750,78,900,220465,,,Katie Volynets,R,,USA,22.078,125,602,1-6 6-3 7-6(4),3,QF,160,2,4,93,54,35,20,14,2,6,3,3,97,65,42,18,14,4,7
2024-1096,Hua Hin,Hard,32,250,,20240129,27,216133,3,,Xinyu Wang,R,182,CHN,22.341,40,1293,201709,7,,Yulia Putintseva,R,163,KAZ,29.060,70,954,6-1 3-6 6-3,3,QF,132,1,7,95,58,36,12,13,10,16,1,1,79,55,23,10,12,4,12
2024-1096,Hua Hin,Hard,32,250,,20240129,28,223670,,,Diana Shnaider,L,,RUS,19.825,108,685,213646,,Q,Dalma Galfi,R,178,HUN,25.463,137,556,6-2 6-1,3,QF,75,1,1,53,31,24,13,8,4,4,0,2,42,25,15,4,7,5,9
2024-1096,Hua Hin,Hard,32,250,,20240129,29,202684,2,,Lin Zhu,R,173,CHN,30.002,45,1234,206374,,,Yafan Wang,R,170,CHN,29.750,78,900,6-3 6-2,3,SF,84,2,3,52,27,19,14,8,4,5,2,4,60,36,17,13,9,3,8
2024-1096,Hua Hin,Hard,32,250,,20240129,30,223670,,,Diana Shnaider,L,,RUS,19.825,108,685,216133,3,,Xinyu Wang,R,182,CHN,22.341,40,1293,6-2 7-6(5),3,SF,98,1,2,64,33,24,20,10,4,5,3,5,74,43,27,14,10,4,7
2024-1096,Hua Hin,Hard,32,250,,20240129,31,223670,,,Diana Shnaider,L,,RUS,19.825,108,685,202684,2,,Lin Zhu,R,173,CHN,30.002,45,1234,6-3 2-6 6-1,3,F,119,1,1,72,39,23,21,12,4,7,0,0,68,33,24,13,12,0,5
2024-528,Linz,Hard,32,500,,20240129,1,215898,,Q,Jule Niemeier,R,178,GER,24.466,159,481,215020,,,Anna Blinkova,R,179,RUS,25.386,50,1192,6-3 6-4,3,R32,79,5,5,65,42,31,13,10,7,8,3,4,51,33,24,5,9,2,5
2024-528,Linz,Hard,32,500,,20240129,2,220714,,,Elisabetta Cocciaretto,R,,ITA,23.009,60,1060,214593,,Q,Lucrezia Stefanini,R,,ITA,25.709,153,493,6-2 6-0,3,R32,81,1,5,62,33,21,13,7,7,9,0,2,49,38,13,3,7,5,12
2024-528,Linz,Hard,32,500,,20240129,3,215713,5,,Anastasia Potapova,R,175,RUS,22.834,27,1634,201506,,Q,Sara Errani,R,164,ITA,36.754,99,738,6-4 6-3,3,R32,82,0,6,56,30,24,12,9,4,6,0,1,62,50,27,3,10,1,6
2024-528,Linz,Hard,32,500,,20240129,4,215035,,WC,Dayana Yastremska,R,175,UKR,23.708,29,1587,222965,,Q,Erika Andreeva,R,,RUS,19.598,111,676,7-6(4) 3-6 6-2,3,R32,145,4,5,85,46,33,17,14,4,9,3,3,103,68,41,15,15,9,15
2024-528,Linz,Hard,32,500,,20240129,5,216262,,,Clara Burel,R,176,FRA,22.851,52,1160,221257,,WC,Sinja Kraus,R,,AUT,21.753,185,418,6-1 6-4,3,R32,70,3,2,49,27,15,14,9,0,2,1,4,51,31,17,5,8,3,8
2024-528,Linz,Hard,32,500,,20240129,6,211701,,,Katerina Siniakova,R,174,CZE,27.721,49,1215,201549,8,,Petra Martic,R,181,CRO,33.027,48,1223,4-6 6-3 7-5,3,R32,146,2,1,98,65,42,16,16,2,6,10,2,90,58,42,12,15,6,11
2024-528,Linz,Hard,32,500,,20240129,7,211107,,,Katie Boulter,R,180,GBR,27.494,53,1159,211148,6,,Jasmine Paolini,R,160,ITA,28.069,24,1760,6-2 6-2,3,R32,75,4,4,57,36,31,7,8,5,5,2,2,52,34,20,5,8,5,9
2024-528,Linz,Hard,32,500,,20240129,8,201499,,,Anastasia Pavlyuchenkova,R,177,RUS,32.576,42,1238,203354,,,Martina Trevisan,L,160,ITA,30.237,57,1105,6-4 6-0,3,R32,66,2,2,40,23,19,14,8,3,3,3,4,51,37,22,2,8,5,9
2024-528,Linz,Hard,32,500,,20240129,9,214459,,,Lucia Bronzetti,R,,ITA,25.137,58,1099,201493,,WC,Angelique Kerber,L,173,GER,36.031,607,70,6-1 6-3,3,R32,62,2,2,38,24,20,9,8,0,1,1,2,59,41,18,10,8,6,11
2024-528,Linz,Hard,32,500,,20240129,10,214839,,Q,Jodie Burrage,R,,GBR,24.674,102,713,219875,7,,Varvara Gracheva,R,,FRA,23.491,46,1230,6-4 6-0,3,R32,67,6,1,53,37,27,8,8,4,5,0,5,47,29,14,6,8,1,6
2024-528,Linz,Hard,32,500,,20240129,11,211713,,LL,Jaqueline Cristian,R,180,ROU,25.651,89,831,206408,,,Nadia Podoroska,R,170,ARG,26.966,67,1009,6-3 6-4,3,R32,88,1,0,53,34,25,11,10,1,3,1,1,59,41,25,5,9,2,6
2024-528,Linz,Hard,32,500,,20240129,12,220704,,Q,Clara Tauson,R,182,DEN,21.107,91,818,202429,,,Camila Giorgi,R,168,ITA,32.083,68,1000,3-6 6-3 6-3,3,R32,122,10,5,78,46,37,16,13,1,3,4,4,76,38,29,18,14,3,7
2024-528,Linz,Hard,32,500,,20240129,13,206420,2,,Ekaterina Alexandrova,R,175,RUS,29.205,21,2095,215898,,Q,Jule Niemeier,R,178,GER,24.466,159,481,6-3 6-0,3,R16,64,8,2,44,29,21,8,7,3,4,2,5,56,31,14,9,8,6,12
2024-528,Linz,Hard,32,500,,20240129,14,215713,5,,Anastasia Potapova,R,175,RUS,22.834,27,1634,220714,,,Elisabetta Cocciaretto,R,,ITA,23.009,60,1060,2-6 7-6(9) 7-5,3,R16,174,9,5,145,93,62,21,16,12,16,2,2,100,65,44,22,16,1,4
2024-528,Linz,Hard,32,500,,20240129,15,202499,3,,Donna Vekic,R,179,CRO,27.587,34,1445,215035,,WC,Dayana Yastremska,R,175,UKR,23.708,29,1587,6-1 6-1,3,R16,64,4,2,42,28,22,9,7,3,3,0,4,50,32,15,8,7,3,8
2024-528,Linz,Hard,32,500,,20240129,16,216262,,,Clara Burel,R,176,FRA,22.851,52,1160,211701,,,Katerina Siniakova,R,174,CZE,27.721,49,1215,6-3 5-7 6-4,3,R16,141,5,3,93,53,32,12,15,2,10,0,6,101,71,30,15,16,6,16
2024-528,Linz,Hard,32,500,,20240129,17,201499,,,Anastasia Pavlyuchenkova,R,177,RUS,32.576,42,1238,211107,,,Katie Boulter,R,180,GBR,27.494,53,1159,7-6(2) 6-4,3,R16,97,8,2,70,49,40,13,11,2,2,3,3,62,37,33,9,11,0,1
2024-528,Linz,Hard,32,500,,20240129,18,210722,4,,Elise Mertens,R,179,BEL,28.200,26,1653,214459,,,Lucia Bronzetti,R,,ITA,25.137,58,1099,6-1 6-3,3,R16,77,10,4,53,31,24,11,8,2,3,0,4,45,24,11,9,8,2,7
2024-528,Linz,Hard,32,500,,20240129,19,214839,,Q,Jodie Burrage,R,,GBR,24.674,102,713,211713,,LL,Jaqueline Cristian,R,180,ROU,25.651,89,831,6-3 7-6(5),3,R16,94,7,1,70,48,37,10,10,3,4,2,2,63,43,33,6,11,2,5
2024-528,Linz,Hard,32,500,,20240129,20,211533,1,,Jelena Ostapenko,R,177,LAT,26.643,12,3028,220704,,Q,Clara Tauson,R,182,DEN,21.107,91,818,3-6 6-4 7-6(7),3,R16,141,6,9,94,60,38,12,16,3,11,12,7,105,61,42,14,15,4,11
2024-528,Linz,Hard,32,500,,20240129,21,206420,2,,Ekaterina Alexandrova,R,175,RUS,29.205,21,2095,215713,5,,Anastasia Potapova,R,175,RUS,22.834,27,1634,6-2 7-6(8),3,QF,86,8,1,62,39,33,11,10,3,4,3,4,82,47,27,20,10,8,11
2024-528,Linz,Hard,32,500,,20240129,22,202499,3,,Donna Vekic,R,179,CRO,27.587,34,1445,216262,,,Clara Burel,R,176,FRA,22.851,52,1160,6-0 7-6(3),3,QF,90,0,3,63,36,25,14,9,0,2,3,7,57,30,19,6,9,5,10
2024-528,Linz,Hard,32,500,,20240129,23,201499,,,Anastasia Pavlyuchenkova,R,177,RUS,32.576,42,1238,210722,4,,Elise Mertens,R,179,BEL,28.200,26,1653,6-3 6-2,3,QF,73,2,2,53,35,26,11,9,1,2,1,1,43,22,13,9,8,2,6
2024-528,Linz,Hard,32,500,,20240129,24,211533,1,,Jelena Ostapenko,R,177,LAT,26.643,12,3028,214839,,Q,Jodie Burrage,R,,GBR,24.674,102,713,6-1 6-2,3,QF,70,4,4,54,29,22,13,8,3,4,1,4,46,20,9,9,7,4,9
2024-528,Linz,Hard,32,500,,20240129,25,206420,2,,Ekaterina Alexandrova,R,175,RUS,29.205,21,2095,202499,3,,Donna Vekic,R,179,CRO,27.587,34,1445,5-7 7-6(4) 7-6(6),3,SF,186,12,12,139,90,63,18,18,8,14,9,11,121,76,53,17,18,3,8
2024-528,Linz,Hard,32,500,,20240129,26,211533,1,,Jelena Ostapenko,R,177,LAT,26.643,12,3028,201499,,,Anastasia Pavlyuchenkova,R,177,RUS,32.576,42,1238,6-2 6-3,3,SF,73,10,2,66,48,37,9,9,7,7,0,3,44,26,15,10,8,1,4
2024-528,Linz,Hard,32,500,,20240129,27,211533,1,,Jelena Ostapenko,R,177,LAT,26.643,12,3028,206420,2,,Ekaterina Alexandrova,R,175,RUS,29.205,21,2095,6-2 6-3,3,F,70,6,4,55,35,26,13,9,1,1,6,2,60,37,25,8,8,4,7
2024-2050,Cluj-Napoca,Hard,32,250,,20240205,1,213583,2,,Tatjana Maria,R,172,GER,36.496,49,1205,222296,,,Zhuoxuan Bai,R,,CHN,21.222,87,850,7-5 6-3,3,R32,84,6,2,62,35,28,14,11,0,2,3,2,58,36,22,10,10,1,5
2024-2050,Cluj-Napoca,Hard,32,250,,20240205,2,201506,,,Sara Errani,R,164,ITA,36.773,98,751,216083,,,Caty McNally,R,,USA,22.210,170,447,6-2 6-4,3,R32,80,0,2,58,46,26,5,9,5,9,0,2,46,28,11,6,9,3,10
2024-2050,Cluj-Napoca,Hard,32,250,,20240205,3,201662,,,Karolina Pliskova,R,184,CZE,31.877,78,902,221257,,Q,Sinja Kraus,R,,AUT,21.772,188,418,6-4 7-6(6),3,R32,98,14,5,75,49,38,9,11,1,3,4,2,75,45,32,13,11,6,9
2024-2050,Cluj-Napoca,Hard,32,250,,20240205,4,215785,,,Camila Osorio,R,162,COL,22.122,101,724,202600,7,,Viktoriya Tomova,R,170,BUL,28.945,64,1017,6-2 6-4,3,R32,78,2,2,54,34,19,14,9,2,5,0,3,57,39,19,5,9,5,11
2024-2050,Cluj-Napoca,Hard,32,250,,20240205,5,215020,3,,Anna Blinkova,R,179,RUS,25.405,51,1192,215899,,Q,Simona Waltert,R,,SUI,23.146,175,437,6-3 6-0,3,R32,69,2,3,49,29,20,8,7,4,6,1,5,50,26,11,7,8,3,10
2024-2050,Cluj-Napoca,Hard,32,250,,20240205,6,203463,,,Nuria Parrizas Diaz,R,167,ESP,32.562,132,556,201696,,,Laura Siegemund,R,168,GER,35.924,90,832,6-4 6-4,3,R32,121,1,1,81,56,33,9,10,4,8,0,2,62,48,23,6,10,5,11
2024-2050,Cluj-Napoca,Hard,32,250,,20240205,7,211279,,Q,Harriet Dart,R,175,GBR,27.524,103,699,214388,,LL,Anna Bondar,R,,HUN,26.695,125,601,6-4 7-6(0),3,R32,100,4,5,69,41,34,16,11,3,4,6,0,72,46,33,12,11,5,7
2024-2050,Cluj-Napoca,Hard,32,250,,20240205,8,220714,5,,Elisabetta Cocciaretto,R,,ITA,23.029,56,1119,215306,,Q,Emiliana Arango,R,,COL,23.187,122,611,6-0 6-1,3,R32,67,1,2,38,28,18,5,6,0,1,1,2,62,38,17,6,7,7,14
2024-2050,Cluj-Napoca,Hard,32,250,,20240205,9,220589,6,,Elina Avanesyan,R,,ARM,21.386,61,1049,211337,,,Tamara Korpatsch,R,170,GER,28.737,77,918,6-4 7-6(3),3,R32,122,0,0,78,55,32,11,11,4,9,2,3,78,39,16,23,11,5,11
2024-2050,Cluj-Napoca,Hard,32,250,,20240205,10,201545,,,Anastasija Sevastova,R,169,LAT,33.816,656,58,202671,,WC,Cristina Andreea Mitu,R,175,ROU,32.373,216,350,6-2 6-3,3,R32,89,0,1,37,23,19,9,8,0,1,1,9,73,37,23,13,9,13,18
2024-2050,Cluj-Napoca,Hard,32,250,,20240205,11,211713,,,Jaqueline Cristian,R,180,ROU,25.671,81,891,215453,,LL,Marina Bassols Ribera,R,165,ESP,24.148,105,688,6-3 6-2,3,R32,78,4,2,51,28,23,17,9,4,4,1,2,48,21,11,14,8,4,7
2024-2050,Cluj-Napoca,Hard,32,250,,20240205,12,220704,,,Clara Tauson,R,182,DEN,21.126,80,895,206408,9,,Nadia Podoroska,R,170,ARG,26.985,85,867,6-3 6-1,3,R32,74,3,4,57,28,19,14,8,4,6,3,3,48,29,12,7,8,1,7
2024-2050,Cluj-Napoca,Hard,32,250,,20240205,13,202536,8,,Ana Bogdan,R,171,ROU,31.196,65,1016,219917,,,Alycia Parks,R,185,USA,23.097,110,669,7-5 7-5,3,R32,124,1,2,68,49,32,10,12,6,9,6,8,78,37,24,16,12,2,7
2024-2050,Cluj-Napoca,Hard,32,250,,20240205,14,222965,,Q,Erika Andreeva,R,,RUS,19.617,112,653,223331,,WC,Anca Alexia Todoni,R,,ROU,19.321,230,331,6-3 6-4,3,R32,99,6,1,64,41,35,11,10,4,4,5,0,71,43,28,13,9,6,8
2024-2050,Cluj-Napoca,Hard,32,250,,20240205,15,201427,,Q,Alize Cornet,R,173,FRA,34.038,104,690,201518,,,Yanina Wickmayer,R,182,BEL,34.295,83,883,7-5 4-6 6-3,3,R32,171,5,7,122,71,50,26,16,10,13,1,6,90,57,37,17,15,3,7
2024-2050,Cluj-Napoca,Hard,32,250,,20240205,16,201551,1,,Arantxa Rus,L,180,NED,33.148,45,1238,213889,,,Greet Minnen,R,,BEL,26.478,75,928,7-5 6-1,3,R32,97,3,1,59,45,34,7,10,4,5,0,4,75,36,21,16,9,9,13
2024-2050,Cluj-Napoca,Hard,32,250,,20240205,17,201506,,,Sara Errani,R,164,ITA,36.773,98,751,213583,2,,Tatjana Maria,R,172,GER,36.496,49,1205,6-0 6-1,3,R16,60,0,1,38,33,26,4,7,1,1,2,3,52,29,15,7,6,2,7
2024-2050,Cluj-Napoca,Hard,32,250,,20240205,18,201662,,,Karolina Pliskova,R,184,CZE,31.877,78,902,215785,,,Camila Osorio,R,162,COL,22.122,101,724,6-2 6-1,3,R16,56,2,4,38,21,17,10,7,2,3,0,4,42,26,12,5,8,3,9
2024-2050,Cluj-Napoca,Hard,32,250,,20240205,19,203463,,,Nuria Parrizas Diaz,R,167,ESP,32.562,132,556,215020,3,,Anna Blinkova,R,179,RUS,25.405,51,1192,6-1 3-6 6-4,3,R16,110,0,2,87,54,33,15,13,8,12,5,3,77,49,30,10,13,7,13
2024-2050,Cluj-Napoca,Hard,32,250,,20240205,20,211279,,Q,Harriet Dart,R,175,GBR,27.524,103,699,220714,5,,Elisabetta Cocciaretto,R,,ITA,23.029,56,1119,5-7 7-5 6-3,3,R16,158,3,8,104,57,44,18,17,5,10,1,3,103,72,43,15,16,9,15
2024-2050,Cluj-Napoca,Hard,32,250,,20240205,21,201545,,,Anastasija Sevastova,R,169,LAT,33.816,656,58,220589,6,,Elina Avanesyan,R,,ARM,21.386,61,1049,6-2 6-7(5) 2-0 RET,3,R16,111,3,1,89,60,33,16,11,6,10,0,0,74,50,23,13,11,6,13
2024-2050,Cluj-Napoca,Hard,32,250,,20240205,22,211713,,,Jaqueline Cristian,R,180,ROU,25.671,81,891,220704,,,Clara Tauson,R,182,DEN,21.126,80,895,6-4 6-0,3,R16,81,4,2,49,32,27,9,8,2,2,2,7,55,30,19,9,8,6,10
2024-2050,Cluj-Napoca,Hard,32,250,,20240205,23,202536,8,,Ana Bogdan,R,171,ROU,31.196,65,1016,222965,,Q,Erika Andreeva,R,,RUS,19.617,112,653,6-4 6-4,3,R16,108,3,1,62,35,21,16,10,5,8,1,2,60,43,25,6,10,3,8
2024-2050,Cluj-Napoca,Hard,32,250,,20240205,24,201551,1,,Arantxa Rus,L,180,NED,33.148,45,1238,201427,,Q,Alize Cornet,R,173,FRA,34.038,104,690,4-6 6-4 6-0,3,R16,171,3,8,109,65,43,20,13,15,19,0,5,87,59,32,13,13,4,11
2024-2050,Cluj-Napoca,Hard,32,250,,20240205,25,201662,,,Karolina Pliskova,R,184,CZE,31.877,78,902,201506,,,Sara Errani,R,164,ITA,36.773,98,751,6-2 6-0,3,QF,61,4,0,44,22,20,12,7,2,2,0,2,47,32,16,4,7,3,8
2024-2050,Cluj-Napoca,Hard,32,250,,20240205,26,211279,,Q,Harriet Dart,R,175,GBR,27.524,103,699,203463,,,Nuria Parrizas Diaz,R,167,ESP,32.562,132,556,6-3 6-2,3,QF,97,2,4,64,44,26,11,9,5,8,0,0,75,49,25,7,8,11,17
2024-2050,Cluj-Napoca,Hard,32,250,,20240205,27,211713,,,Jaqueline Cristian,R,180,ROU,25.671,81,891,201545,,,Anastasija Sevastova,R,169,LAT,33.816,656,58,6-3 7-5,3,QF,98,6,4,68,47,31,7,10,7,10,0,0,74,60,30,6,11,2,8
2024-2050,Cluj-Napoca,Hard,32,250,,20240205,28,202536,8,,Ana Bogdan,R,171,ROU,31.196,65,1016,201551,1,,Arantxa Rus,L,180,NED,33.148,45,1238,3-6 7-6(6) 7-6(5),3,QF,208,8,0,111,70,44,21,16,12,18,4,8,120,77,50,20,17,5,10
2024-2050,Cluj-Napoca,Hard,32,250,,20240205,29,201662,,,Karolina Pliskova,R,184,CZE,31.877,78,902,211279,,Q,Harriet Dart,R,175,GBR,27.524,103,699,6-3 6-3,3,SF,83,2,6,56,35,24,9,9,0,2,2,6,64,32,21,8,9,4,9
2024-2050,Cluj-Napoca,Hard,32,250,,20240205,30,202536,8,,Ana Bogdan,R,171,ROU,31.196,65,1016,211713,,,Jaqueline Cristian,R,180,ROU,25.671,81,891,6-3 3-6 6-4,3,SF,173,6,0,92,58,38,18,14,8,11,5,4,94,50,38,20,14,9,13
2024-2050,Cluj-Napoca,Hard,32,250,,20240205,31,201662,,,Karolina Pliskova,R,184,CZE,31.877,78,902,202536,8,,Ana Bogdan,R,171,ROU,31.196,65,1016,6-4 6-3,3,F,85,4,4,51,37,29,7,9,3,4,6,0,62,39,22,12,10,7,11
2024-2088,Abu Dhabi,Hard,32,500,,20240205,1,221054,,WC,Emma Raducanu,R,175,GBR,21.230,296,231,213631,,,Marie Bouzkova,R,180,CZE,25.545,36,1382,6-4 6-1,3,R32,82,0,1,48,33,22,6,8,0,3,0,0,54,37,15,5,9,2,9
2024-2088,Abu Dhabi,Hard,32,500,,20240205,2,202663,,,Magda Linette,R,171,POL,31.981,55,1126,223253,,WC,Alexandra Eala,L,173,PHI,18.705,187,421,7-6(4) 6-1,3,R32,111,1,0,64,45,30,11,9,3,4,0,5,77,55,29,12,10,5,9
2024-2088,Abu Dhabi,Hard,32,500,,20240205,3,206242,6,,Beatriz Haddad Maia,L,185,BRA,27.686,13,2950,216016,,WC,Xiyu Wang,L,,CHN,22.859,60,1054,6-2 7-6(4),3,R32,128,1,1,63,49,36,7,10,1,2,3,1,67,51,32,8,10,4,7
2024-2088,Abu Dhabi,Hard,32,500,,20240205,4,201514,,,Sorana Cirstea,R,176,ROU,33.832,26,1722,201614,,,Caroline Garcia,R,177,FRA,30.306,21,2075,6-7(4) 6-4 6-4,3,R32,160,4,2,107,71,53,19,16,7,8,7,1,111,70,53,18,16,3,6
2024-2088,Abu Dhabi,Hard,32,500,,20240205,5,221909,,Q,Ashlyn Krueger,R,185,USA,19.749,82,886,211095,,Q,Bernarda Pera,L,175,USA,29.175,89,836,6-2 5-7 6-3,3,R32,144,4,3,109,78,47,15,15,12,16,4,8,112,73,43,17,14,12,18
2024-2088,Abu Dhabi,Hard,32,500,,20240205,6,214082,7,,Daria Kasatkina,R,170,RUS,26.749,14,2838,220348,,Q,Diane Parry,R,170,FRA,21.430,59,1063,6-4 5-7 6-4,3,R32,155,4,4,114,76,47,20,16,6,10,3,1,89,56,35,21,16,1,6
2024-2088,Abu Dhabi,Hard,32,500,,20240205,7,214643,8,,Liudmila Samsonova,R,180,RUS,25.235,15,2700,201615,,,Lesia Tsurenko,R,174,UKR,34.687,37,1363,6-0 6-1,3,R32,51,4,2,34,22,18,7,6,1,1,0,7,43,28,10,4,7,3,9
2024-2088,Abu Dhabi,Hard,32,500,,20240205,8,211843,,,Anhelina Kalinina,R,179,UKR,26.993,32,1480,214459,,LL,Lucia Bronzetti,R,,ITA,25.156,53,1139,6-1 7-6(1),3,R32,104,3,4,63,45,31,12,10,1,2,5,5,73,45,27,12,9,8,11
2024-2088,Abu Dhabi,Hard,32,500,,20240205,9,204427,,LL,Sara Sorribes Tormo,R,176,ESP,27.327,54,1137,222328,,Q,Linda Noskova,R,,CZE,19.217,31,1494,6-3 3-6 6-3,3,R32,129,4,3,88,63,41,15,14,3,5,4,2,81,52,34,16,13,5,8
2024-2088,Abu Dhabi,Hard,32,500,,20240205,10,201586,,Q,Heather Watson,R,170,GBR,31.716,156,482,206368,9,,Veronika Kudermetova,R,175,RUS,26.785,16,2495,6-3 7-5,3,R32,103,5,1,73,52,33,13,11,4,5,5,3,56,33,25,9,10,0,3
2024-2088,Abu Dhabi,Hard,32,500,,20240205,11,213710,,LL,Cristina Bucsa,R,,ESP,26.095,74,928,216133,,,Xinyu Wang,R,182,CHN,22.360,41,1281,5-7 6-0 6-3,3,R32,112,0,3,83,55,38,13,14,4,8,1,6,81,49,22,16,13,4,11
2024-2088,Abu Dhabi,Hard,32,500,,20240205,12,203389,,Q,Danielle Collins,R,178,USA,30.147,71,962,211768,,WC,Naomi Osaka,R,180,JPN,26.306,757,42,7-5 6-0,3,R32,83,5,3,62,35,30,13,9,6,6,7,2,52,23,18,10,9,2,6
2024-2088,Abu Dhabi,Hard,32,500,,20240205,13,202460,2,,Ons Jabeur,R,167,TUN,29.441,6,4076,221054,,WC,Emma Raducanu,R,175,GBR,21.230,296,231,6-4 6-1,3,R16,78,8,0,50,29,24,9,8,2,3,0,2,68,49,26,9,9,6,11
2024-2088,Abu Dhabi,Hard,32,500,,20240205,14,206242,6,,Beatriz Haddad Maia,L,185,BRA,27.686,13,2950,202663,,,Magda Linette,R,171,POL,31.981,55,1126,7-6(6) 6-7(1) 6-1,3,R16,222,1,3,126,93,59,18,16,9,11,4,2,116,76,45,20,15,9,13
2024-2088,Abu Dhabi,Hard,32,500,,20240205,15,201514,,,Sorana Cirstea,R,176,ROU,33.832,26,1722,206289,3,,Maria Sakkari,R,172,GRE,28.534,9,3710,6-2 6-1,3,R16,76,1,1,48,32,24,9,7,6,6,0,6,64,38,21,10,8,11,16
2024-2088,Abu Dhabi,Hard,32,500,,20240205,16,214082,7,,Daria Kasatkina,R,170,RUS,26.749,14,2838,221909,,Q,Ashlyn Krueger,R,185,USA,19.749,82,886,6-3 7-5,3,R16,92,0,3,63,48,31,9,10,2,3,2,1,74,50,32,10,11,4,8
2024-2088,Abu Dhabi,Hard,32,500,,20240205,17,214643,8,,Liudmila Samsonova,R,180,RUS,25.235,15,2700,211843,,,Anhelina Kalinina,R,179,UKR,26.993,32,1480,6-1 6-3,3,R16,68,5,4,49,16,14,19,8,3,4,1,4,46,28,13,7,8,5,10
2024-2088,Abu Dhabi,Hard,32,500,,20240205,18,206252,4,,Barbora Krejcikova,R,178,CZE,28.135,12,3081,204427,,LL,Sara Sorribes Tormo,R,176,ESP,27.327,54,1137,6-2 1-0 RET,3,R16,47,1,1,22,17,15,2,5,0,0,0,1,27,22,10,2,5,0,3
2024-2088,Abu Dhabi,Hard,32,500,,20240205,19,213710,,LL,Cristina Bucsa,R,,ESP,26.095,74,928,201586,,Q,Heather Watson,R,170,GBR,31.716,156,482,7-6(1) 7-5,3,R16,103,2,3,70,45,35,12,12,2,4,0,5,76,44,30,16,12,6,9
2024-2088,Abu Dhabi,Hard,32,500,,20240205,20,214981,1,,Elena Rybakina,R,184,KAZ,24.638,5,5688,203389,,Q,Danielle Collins,R,178,USA,30.147,71,962,4-6 6-3 6-3,3,R16,137,3,0,89,60,36,17,14,5,9,2,1,98,63,38,16,14,6,12
2024-2088,Abu Dhabi,Hard,32,500,,20240205,21,206242,6,,Beatriz Haddad Maia,L,185,BRA,27.686,13,2950,202460,2,,Ons Jabeur,R,167,TUN,29.441,6,4076,6-3 6-4,3,QF,90,0,3,65,51,35,8,10,4,5,4,2,59,40,26,7,9,2,5
2024-2088,Abu Dhabi,Hard,32,500,,20240205,22,214082,7,,Daria Kasatkina,R,170,RUS,26.749,14,2838,201514,,,Sorana Cirstea,R,176,ROU,33.832,26,1722,6-2 6-0,3,QF,74,1,3,58,42,28,8,7,2,2,0,2,55,36,20,5,7,5,10
2024-2088,Abu Dhabi,Hard,32,500,,20240205,23,214643,8,,Liudmila Samsonova,R,180,RUS,25.235,15,2700,206252,4,,Barbora Krejcikova,R,178,CZE,28.135,12,3081,7-5 6-4,3,QF,104,4,3,62,31,25,16,11,4,6,4,2,77,39,27,17,11,7,11
2024-2088,Abu Dhabi,Hard,32,500,,20240205,24,214981,1,,Elena Rybakina,R,184,KAZ,24.638,5,5688,213710,,LL,Cristina Bucsa,R,,ESP,26.095,74,928,6-1 6-4,3,QF,64,7,3,48,33,28,8,9,0,1,2,4,55,37,21,6,8,7,11
2024-2088,Abu Dhabi,Hard,32,500,,20240205,25,214082,7,,Daria Kasatkina,R,170,RUS,26.749,14,2838,206242,6,,Beatriz Haddad Maia,L,185,BRA,27.686,13,2950,6-3 4-6 7-6(2),3,SF,179,1,4,109,83,48,12,15,8,14,3,1,108,85,49,5,16,9,16
2024-2088,Abu Dhabi,Hard,32,500,,20240205,26,214981,1,,Elena Rybakina,R,184,KAZ,24.638,5,5688,214643,8,,Liudmila Samsonova,R,180,RUS,25.235,15,2700,6-0 4-6 6-2,3,SF,111,9,1,70,45,33,12,12,1,3,6,7,84,45,27,15,12,9,15
2024-2088,Abu Dhabi,Hard,32,500,,20240205,27,214981,1,,Elena Rybakina,R,184,KAZ,24.638,5,5688,214082,7,,Daria Kasatkina,R,170,RUS,26.749,14,2838,6-1 6-4,3,F,68,3,2,49,37,26,3,9,2,5,0,9,52,38,18,2,8,4,10
2024-1003,Doha,Hard,64,1000,,20240212,1,211701,,,Katerina Siniakova,R,174,CZE,27.760,42,1274,202499,,,Donna Vekic,R,179,CRO,27.625,27,1580,7-5 6-1,3,R64,78,1,3,58,39,25,9,9,4,7,1,6,52,26,16,2,10,0,7
2024-1003,Doha,Hard,64,1000,,20240212,2,213631,,,Marie Bouzkova,R,180,CZE,25.564,35,1382,213550,,,Sofia Kenin,R,170,USA,25.246,45,1225,7-5 2-6 7-5,3,R64,174,9,4,108,63,42,21,16,6,10,0,3,128,96,60,15,16,9,13
2024-1003,Doha,Hard,64,1000,,20240212,3,203389,,Q,Danielle Collins,R,178,USA,30.166,63,1046,206368,13,,Veronika Kudermetova,R,175,RUS,26.804,18,2425,7-5 6-3,3,R64,106,1,4,67,41,29,10,11,1,4,1,3,65,50,29,5,10,4,9
2024-1003,Doha,Hard,64,1000,,20240212,4,201499,,,Anastasia Pavlyuchenkova,R,177,RUS,32.614,32,1421,214082,11,,Daria Kasatkina,R,170,RUS,26.769,13,3063,6-2 7-6(2),3,R64,101,1,1,73,56,32,8,10,12,16,2,4,76,45,18,16,10,5,11
2024-1003,Doha,Hard,64,1000,,20240212,5,216146,,,Marta Kostyuk,R,175,UKR,21.627,29,1517,214452,,,Caroline Dolehide,R,178,USA,25.438,44,1263,6-3 7-5,3,R64,86,4,3,66,39,29,12,10,4,6,0,0,63,43,23,9,11,0,5
2024-1003,Doha,Hard,64,1000,,20240212,6,213889,,Q,Greet Minnen,R,,BEL,26.497,85,859,213583,,,Tatjana Maria,R,172,GER,36.515,50,1205,6-1 6-1,3,R64,52,3,1,43,27,22,9,7,2,2,2,2,40,18,6,9,7,1,6
2024-1003,Doha,Hard,64,1000,,20240212,7,202684,,,Lin Zhu,R,173,CHN,30.040,57,1117,219875,,,Varvara Gracheva,R,,FRA,23.530,47,1218,6-1 6-1,3,R64,53,3,0,38,23,20,7,7,0,1,0,2,37,20,4,5,7,4,10
2024-1003,Doha,Hard,64,1000,,20240212,8,210722,,,Elise Mertens,R,179,BEL,28.239,25,1706,220548,,,Peyton Stearns,R,,USA,22.347,65,1032,6-2 6-3,3,R64,81,7,5,43,22,19,13,8,2,3,2,4,66,42,24,7,9,4,9
2024-1003,Doha,Hard,64,1000,,20240212,9,215613,16,,Emma Navarro,R,,USA,22.738,23,1803,211148,,,Jasmine Paolini,R,160,ITA,28.107,24,1735,6-3 7-5,3,R64,90,1,0,55,37,22,9,10,1,5,0,0,70,50,25,7,11,6,13
2024-1003,Doha,Hard,64,1000,,20240212,10,220367,,,Leylah Fernandez,L,168,CAN,21.435,38,1355,214643,12,,Liudmila Samsonova,R,180,RUS,25.254,15,2590,7-5 7-6(4),3,R64,130,1,5,89,59,40,13,12,6,8,3,5,82,50,36,13,12,3,6
2024-1003,Doha,Hard,64,1000,,20240212,11,211651,,WC,Paula Badosa,R,180,ESP,26.243,79,898,221909,,Q,Ashlyn Krueger,R,185,USA,19.768,74,942,6-3 4-6 6-4,3,R64,143,3,1,96,43,29,25,14,7,12,1,6,102,70,43,10,15,8,15
2024-1003,Doha,Hard,64,1000,,20240212,12,202663,,,Magda Linette,R,171,POL,32.001,53,1185,211702,,Q,Nao Hibino,R,163,JPN,29.208,93,788,6-1 6-4,3,R64,112,5,0,93,67,38,17,9,12,13,0,5,61,34,21,11,8,4,8
2024-1003,Doha,Hard,64,1000,,20240212,13,222328,,,Linda Noskova,R,,CZE,19.237,28,1518,211095,,Q,Bernarda Pera,L,175,USA,29.194,83,860,6-3 7-6(8),3,R64,80,11,3,67,43,30,12,11,2,6,4,5,67,40,21,11,10,3,8
2024-1003,Doha,Hard,64,1000,,20240212,14,201662,,,Karolina Pliskova,R,184,CZE,31.897,59,1097,214939,,WC,Anna Kalinskaya,R,175,RUS,25.197,40,1314,2-6 7-6(3) 6-4,3,R64,134,19,10,117,82,62,10,15,13,16,4,6,95,66,49,13,15,2,4
2024-1003,Doha,Hard,64,1000,,20240212,15,215713,,,Anastasia Potapova,R,175,RUS,22.872,34,1403,203354,,LL,Martina Trevisan,L,160,ITA,30.276,58,1105,6-4 6-4,3,R64,103,1,3,79,47,31,16,10,6,8,0,4,71,48,25,12,10,8,12
2024-1003,Doha,Hard,64,1000,,20240212,16,211768,,,Naomi Osaka,R,180,JPN,26.325,747,43,201614,15,,Caroline Garcia,R,177,FRA,30.325,21,2075,7-5 6-4,3,R64,88,6,3,76,37,32,19,11,7,8,4,1,55,32,20,15,11,0,3
2024-1003,Doha,Hard,64,1000,,20240212,17,201549,,,Petra Martic,R,181,CRO,33.066,67,1015,201551,,,Arantxa Rus,L,180,NED,33.167,43,1271,7-5 3-6 7-6(5),3,R64,176,6,6,107,59,45,20,16,4,8,8,3,120,80,52,18,17,6,10
2024-1003,Doha,Hard,64,1000,,20240212,18,201615,,,Lesia Tsurenko,R,174,UKR,34.706,37,1363,220309,,WC,Zeynep Sonmez,R,,TUR,21.788,183,424,7-5 6-3,3,R64,95,0,3,65,40,22,12,10,4,8,1,7,84,49,28,12,11,10,17
2024-1003,Doha,Hard,64,1000,,20240212,19,211843,,,Anhelina Kalinina,R,179,UKR,27.012,30,1510,221054,,WC,Emma Raducanu,R,175,GBR,21.249,262,291,6-0 7-6(6),3,R64,99,0,1,63,45,27,13,9,0,2,4,4,70,49,27,7,9,10,15
2024-1003,Doha,Hard,64,1000,,20240212,20,201458,,,Victoria Azarenka,R,180,BLR,34.536,31,1471,211684,,Q,Magdalena Frech,R,171,POL,26.161,52,1185,6-3 3-6 6-3,3,R64,154,2,4,108,66,44,18,14,14,18,2,0,82,58,32,12,13,6,11
2024-1003,Doha,Hard,64,1000,,20240212,21,216133,,,Xinyu Wang,R,182,CHN,22.380,41,1281,206242,10,,Beatriz Haddad Maia,L,185,BRA,27.705,14,2960,6-1 6-3,3,R64,69,0,2,43,26,23,11,8,1,1,1,3,48,32,18,6,8,3,7
2024-1003,Doha,Hard,64,1000,,20240212,22,206420,14,,Ekaterina Alexandrova,R,175,RUS,29.244,19,2410,202600,,LL,Viktoriya Tomova,R,170,BUL,28.964,68,1014,7-6(5) 6-3,3,R64,89,5,2,69,48,37,5,11,5,8,0,2,61,46,25,9,10,4,8
2024-1003,Doha,Hard,64,1000,,20240212,23,222965,,Q,Erika Andreeva,R,,RUS,19.636,106,686,223670,,Q,Diana Shnaider,L,,RUS,19.864,75,934,7-6(2) 6-4,3,R64,104,5,1,64,52,38,7,11,2,4,3,2,73,48,28,14,11,1,4
2024-1003,Doha,Hard,64,1000,,20240212,24,201514,,,Sorana Cirstea,R,176,ROU,33.851,22,1829,201585,,,Sloane Stephens,R,170,USA,30.900,39,1322,6-3 6-2,3,R64,81,4,1,60,39,28,12,9,2,3,0,0,63,49,20,10,8,5,9
2024-1003,Doha,Hard,64,1000,,20240212,25,211701,,,Katerina Siniakova,R,174,CZE,27.760,42,1274,221103,2,,Coco Gauff,R,175,USA,19.918,3,7200,6-2 6-4,3,R32,80,1,3,55,34,21,9,9,5,8,2,1,61,38,21,7,9,8,14
2024-1003,Doha,Hard,64,1000,,20240212,26,203389,,Q,Danielle Collins,R,178,USA,30.166,63,1046,213631,,,Marie Bouzkova,R,180,CZE,25.564,35,1382,6-4 7-5,3,R32,114,3,3,70,43,31,12,11,9,12,4,4,66,46,29,6,11,3,8
2024-1003,Doha,Hard,64,1000,,20240212,27,201499,,,Anastasia Pavlyuchenkova,R,177,RUS,32.614,32,1421,216146,,,Marta Kostyuk,R,175,UKR,21.627,29,1517,2-1 RET,3,R32,15,0,0,5,2,1,3,1,0,0,1,1,18,11,7,2,2,2,3
2024-1003,Doha,Hard,64,1000,,20240212,28,214954,6,,Marketa Vondrousova,L,173,CZE,24.627,8,3736,213889,,Q,Greet Minnen,R,,BEL,26.497,85,859,6-2 0-6 6-4,3,R32,96,3,2,72,50,27,8,12,4,11,1,0,72,56,27,7,12,5,12
2024-1003,Doha,Hard,64,1000,,20240212,29,214981,3,,Elena Rybakina,R,184,KAZ,24.658,4,6088,202684,,,Lin Zhu,R,173,CHN,30.040,57,1117,6-2 6-1,3,R32,58,7,1,42,30,26,7,8,0,0,1,2,47,28,15,8,7,3,7
2024-1003,Doha,Hard,64,1000,,20240212,30,215613,16,,Emma Navarro,R,,USA,22.738,23,1803,210722,,,Elise Mertens,R,179,BEL,28.239,25,1706,6-1 6-3,3,R32,62,0,1,42,23,17,12,8,0,1,0,4,45,20,11,8,8,2,7
2024-1003,Doha,Hard,64,1000,,20240212,31,220367,,,Leylah Fernandez,L,168,CAN,21.435,38,1355,211651,,WC,Paula Badosa,R,180,ESP,26.243,79,898,0-6 6-2 6-3,3,R32,116,3,3,70,52,33,9,12,5,9,5,10,88,49,33,16,11,11,15
2024-1003,Doha,Hard,64,1000,,20240212,32,221012,5,,Qinwen Zheng,R,,CHN,21.347,7,3766,202663,,,Magda Linette,R,171,POL,32.001,53,1185,6-2 2-6 6-3,3,R32,117,7,5,65,31,26,18,12,5,7,0,0,87,54,37,13,13,6,10
2024-1003,Doha,Hard,64,1000,,20240212,33,222328,,,Linda Noskova,R,,CZE,19.237,28,1518,206289,7,,Maria Sakkari,R,172,GRE,28.554,9,3630,3-6 7-6(2) 7-5,3,R32,135,7,3,96,62,46,19,16,4,7,8,7,113,75,50,18,17,2,5
2024-1003,Doha,Hard,64,1000,,20240212,34,201662,,,Karolina Pliskova,R,184,CZE,31.897,59,1097,215713,,,Anastasia Potapova,R,175,RUS,22.872,34,1403,6-1 5-7 6-4,3,R32,129,6,9,104,69,44,10,15,7,13,1,7,100,54,33,17,14,8,16
2024-1003,Doha,Hard,64,1000,,20240212,35,211768,,,Naomi Osaka,R,180,JPN,26.325,747,43,201549,,,Petra Martic,R,181,CRO,33.066,67,1015,6-3 7-6(9),3,R32,105,7,4,70,41,32,15,11,2,4,4,1,77,53,33,12,10,5,8
2024-1003,Doha,Hard,64,1000,,20240212,36,201615,,,Lesia Tsurenko,R,174,UKR,34.706,37,1363,202460,4,,Ons Jabeur,R,167,TUN,29.460,6,4183,6-3 6-2,3,R32,81,0,2,57,33,22,15,9,4,5,4,0,62,33,23,9,8,9,13
2024-1003,Doha,Hard,64,1000,,20240212,37,211533,8,,Jelena Ostapenko,R,177,LAT,26.681,11,3473,211843,,,Anhelina Kalinina,R,179,UKR,27.012,30,1510,6-0 6-3,3,R32,53,6,2,47,27,23,9,8,0,1,0,3,40,27,13,3,7,2,7
2024-1003,Doha,Hard,64,1000,,20240212,38,201458,,,Victoria Azarenka,R,180,BLR,34.536,31,1471,216133,,,Xinyu Wang,R,182,CHN,22.380,41,1281,7-6(2) 6-2,3,R32,101,1,3,71,57,36,6,10,6,9,2,3,64,37,24,8,10,1,6
2024-1003,Doha,Hard,64,1000,,20240212,39,206420,14,,Ekaterina Alexandrova,R,175,RUS,29.244,19,2410,222965,,Q,Erika Andreeva,R,,RUS,19.636,106,686,6-0 3-6 6-1,3,R32,95,6,5,64,36,27,15,11,1,3,4,4,69,45,27,7,11,3,9
2024-1003,Doha,Hard,64,1000,,20240212,40,216347,1,,Iga Swiatek,R,176,POL,22.703,1,9770,201514,,,Sorana Cirstea,R,176,ROU,33.851,22,1829,6-1 6-1,3,R32,61,0,1,36,26,20,8,7,0,0,1,0,50,29,13,8,7,6,11
2024-1003,Doha,Hard,64,1000,,20240212,41,203389,,Q,Danielle Collins,R,178,USA,30.166,63,1046,211701,,,Katerina Siniakova,R,174,CZE,27.760,42,1274,6-4 6-3,3,R16,102,5,4,80,47,31,10,10,9,14,1,4,55,32,14,5,9,5,12
2024-1003,Doha,Hard,64,1000,,20240212,42,201499,,,Anastasia Pavlyuchenkova,R,177,RUS,32.614,32,1421,214954,6,,Marketa Vondrousova,L,173,CZE,24.627,8,3736,7-5 6-3,3,R16,111,3,3,80,46,29,19,11,6,8,6,1,67,39,24,13,10,4,8
2024-1003,Doha,Hard,64,1000,,20240212,43,214981,3,,Elena Rybakina,R,184,KAZ,24.658,4,6088,215613,16,,Emma Navarro,R,,USA,22.738,23,1803,6-1 6-7(6) 6-4,3,R16,129,10,3,85,55,39,15,14,2,4,2,1,104,75,40,15,15,4,10
2024-1003,Doha,Hard,64,1000,,20240212,44,220367,,,Leylah Fernandez,L,168,CAN,21.435,38,1355,221012,5,,Qinwen Zheng,R,,CHN,21.347,7,3766,7-5 6-3,3,R16,92,0,2,61,43,32,12,11,0,1,4,3,60,37,27,9,10,1,4
2024-1003,Doha,Hard,64,1000,,20240212,45,201662,,,Karolina Pliskova,R,184,CZE,31.897,59,1097,222328,,,Linda Noskova,R,,CZE,19.237,28,1518,3-6 7-5 6-1,3,R16,105,12,6,88,59,38,15,14,8,12,7,8,88,50,29,18,14,6,12
2024-1003,Doha,Hard,64,1000,,20240212,46,211768,,,Naomi Osaka,R,180,JPN,26.325,747,43,201615,,,Lesia Tsurenko,R,174,UKR,34.706,37,1363,W/O,3,R16,,,,,,,,,,,,,,,,,,,
2024-1003,Doha,Hard,64,1000,,20240212,47,201458,,,Victoria Azarenka,R,180,BLR,34.536,31,1471,211533,8,,Jelena Ostapenko,R,177,LAT,26.681,11,3473,6-0 6-3,3,R16,88,6,3,63,48,34,7,8,5,5,1,8,62,38,21,9,7,4,8
2024-1003,Doha,Hard,64,1000,,20240212,48,216347,1,,Iga Swiatek,R,176,POL,22.703,1,9770,206420,14,,Ekaterina Alexandrova,R,175,RUS,29.244,19,2410,6-1 6-4,3,R16,91,5,0,73,54,40,9,9,8,8,2,3,51,28,14,14,8,3,6
2024-1003,Doha,Hard,64,1000,,20240212,49,201499,,,Anastasia Pavlyuchenkova,R,177,RUS,32.614,32,1421,203389,,Q,Danielle Collins,R,178,USA,30.166,63,1046,7-5 6-4,3,QF,94,1,1,67,44,32,9,11,1,3,0,1,61,43,24,11,11,0,4
2024-1003,Doha,Hard,64,1000,,20240212,50,214981,3,,Elena Rybakina,R,184,KAZ,24.658,4,6088,220367,,,Leylah Fernandez,L,168,CAN,21.435,38,1355,6-4 6-2,3,QF,94,6,2,56,34,27,10,9,4,6,1,4,71,51,29,7,9,6,11
2024-1003,Doha,Hard,64,1000,,20240212,51,201662,,,Karolina Pliskova,R,184,CZE,31.897,59,1097,211768,,,Naomi Osaka,R,180,JPN,26.325,747,43,7-6(6) 7-6(5),3,QF,103,8,6,86,63,44,11,12,2,4,10,2,86,52,38,17,12,5,7
2024-1003,Doha,Hard,64,1000,,20240212,52,216347,1,,Iga Swiatek,R,176,POL,22.703,1,9770,201458,,,Victoria Azarenka,R,180,BLR,34.536,31,1471,6-4 6-0,3,QF,74,0,1,42,27,21,8,8,1,2,0,2,43,30,15,5,8,1,6
2024-1003,Doha,Hard,64,1000,,20240212,53,214981,3,,Elena Rybakina,R,184,KAZ,24.658,4,6088,201499,,,Anastasia Pavlyuchenkova,R,177,RUS,32.614,32,1421,6-2 6-4,3,SF,89,3,2,76,53,36,12,9,8,9,2,2,56,40,27,4,9,2,6
2024-1003,Doha,Hard,64,1000,,20240212,54,216347,1,,Iga Swiatek,R,176,POL,22.703,1,9770,201662,,,Karolina Pliskova,R,184,CZE,31.897,59,1097,W/O,3,SF,,,,,,,,,,,,,,,,,,,
2024-1003,Doha,Hard,64,1000,,20240212,55,216347,1,,Iga Swiatek,R,176,POL,22.703,1,9770,214981,3,,Elena Rybakina,R,184,KAZ,24.658,4,6088,7-6(8) 6-2,3,F,139,2,4,86,63,36,11,10,7,10,3,2,78,42,26,13,10,5,10
2024-718,Dubai,Hard,64,1000,,20240219,1,202499,,,Donna Vekic,R,179,CRO,27.645,31,1580,216133,,,Xinyu Wang,R,182,CHN,22.399,42,1321,6-2 6-4,3,R64,90,3,3,74,42,31,13,9,9,10,3,0,54,37,20,8,9,2,6
2024-718,Dubai,Hard,64,1000,,20240219,2,201514,,,Sorana Cirstea,R,176,ROU,33.871,22,1893,213550,,,Sofia Kenin,R,170,USA,25.265,55,1180,6-3 7-6(2),3,R64,103,18,0,72,50,37,12,11,0,1,1,2,84,61,37,10,10,7,9
2024-718,Dubai,Hard,64,1000,,20240219,3,206368,13,,Veronika Kudermetova,R,175,RUS,26.823,19,2250,215035,,WC,Dayana Yastremska,R,175,UKR,23.765,29,1607,6-0 1-6 6-0,3,R64,96,7,1,53,33,25,8,9,0,2,2,5,78,49,26,11,10,7,13
2024-718,Dubai,Hard,64,1000,,20240219,4,214643,12,,Liudmila Samsonova,R,180,RUS,25.274,15,2590,202600,,Q,Viktoriya Tomova,R,170,BUL,28.983,68,1009,7-6(2) 6-3,3,R64,97,13,6,71,37,31,18,11,3,4,1,1,72,52,30,13,10,6,8
2024-718,Dubai,Hard,64,1000,,20240219,5,201499,,,Anastasia Pavlyuchenkova,R,177,RUS,32.633,24,1810,213631,,,Marie Bouzkova,R,180,CZE,25.583,37,1429,6-4 6-3,3,R64,92,2,2,60,36,28,12,10,3,4,2,3,61,39,27,8,9,5,8
2024-718,Dubai,Hard,64,1000,,20240219,6,220548,,,Peyton Stearns,R,,USA,22.366,65,1041,259799,,,Mirra Andreeva,R,,RUS,16.811,38,1408,6-2 2-6 6-1,3,R64,112,3,5,72,46,32,14,12,6,9,1,8,86,47,26,18,11,8,13
2024-718,Dubai,Hard,64,1000,,20240219,7,201458,,,Victoria Azarenka,R,180,BLR,34.555,27,1631,201551,,,Arantxa Rus,L,180,NED,33.186,43,1271,6-2 6-4,3,R64,80,0,1,53,39,29,9,9,1,2,1,5,53,38,24,4,9,3,7
2024-718,Dubai,Hard,64,1000,,20240219,8,201549,,,Petra Martic,R,181,CRO,33.085,61,1079,214452,,,Caroline Dolehide,R,178,USA,25.457,45,1263,6-4 7-6(4),3,R64,114,6,1,75,41,30,21,11,1,2,4,3,74,49,34,13,11,2,4
2024-718,Dubai,Hard,64,1000,,20240219,9,211684,,Q,Magdalena Frech,R,171,POL,26.180,53,1190,206420,14,,Ekaterina Alexandrova,R,175,RUS,29.263,17,2475,7-6(2) 6-3,3,R64,94,1,2,65,50,38,5,11,0,2,2,8,74,45,32,7,10,2,5
2024-718,Dubai,Hard,64,1000,,20240219,10,211148,,,Jasmine Paolini,R,160,ITA,28.127,26,1735,206242,11,,Beatriz Haddad Maia,L,185,BRA,27.724,14,2870,4-6 6-4 6-0,3,R64,118,1,3,78,60,43,8,13,4,6,0,2,69,57,35,6,13,1,6
2024-718,Dubai,Hard,64,1000,,20240219,11,220367,,,Leylah Fernandez,L,168,CAN,21.454,33,1540,211095,,Q,Bernarda Pera,L,175,USA,29.213,83,877,6-3 6-2,3,R64,79,4,4,56,38,26,9,9,5,7,4,5,57,37,17,9,8,3,8
2024-718,Dubai,Hard,64,1000,,20240219,12,215613,,,Emma Navarro,R,,USA,22.757,23,1863,211701,,,Katerina Siniakova,R,174,CZE,27.779,39,1393,4-6 7-5 6-4,3,R64,160,2,3,106,61,35,21,16,7,14,2,9,106,68,38,16,16,9,17
2024-718,Dubai,Hard,64,1000,,20240219,13,214939,,Q,Anna Kalinskaya,R,175,RUS,25.216,40,1323,204411,,Q,Storm Hunter,L,166,AUS,29.526,128,586,6-1 6-2,3,R64,57,3,0,50,41,31,5,8,4,4,2,1,38,27,11,6,7,2,6
2024-718,Dubai,Hard,64,1000,,20240219,14,215138,,WC,Lulu Sun,L,,NZL,22.851,181,428,211651,,,Paula Badosa,R,180,ESP,26.262,74,962,6-4 RET,3,R64,49,3,1,34,18,15,8,5,2,2,8,2,39,22,17,7,5,4,5
2024-718,Dubai,Hard,64,1000,,20240219,15,211533,9,,Jelena Ostapenko,R,177,LAT,26.700,9,3533,216016,,Q,Xiyu Wang,L,,CHN,22.897,64,1054,5-7 6-2 6-3,3,R64,122,2,6,73,37,29,19,14,1,4,11,8,90,60,41,10,15,9,15
2024-718,Dubai,Hard,64,1000,,20240219,16,221909,,WC,Ashlyn Krueger,R,185,USA,19.787,76,936,201614,16,,Caroline Garcia,R,177,FRA,30.344,21,2040,3-6 6-3 6-3,3,R64,115,7,5,81,58,39,12,13,5,8,6,2,85,51,33,13,14,3,8
2024-718,Dubai,Hard,64,1000,,20240219,17,201662,,,Karolina Pliskova,R,184,CZE,31.916,36,1462,201533,,WC,Shuai Zhang,R,177,CHN,35.078,776,40,6-3 7-5,3,R64,79,13,4,64,42,29,11,10,7,9,0,2,66,36,22,14,11,3,8
2024-718,Dubai,Hard,64,1000,,20240219,18,220714,,LL,Elisabetta Cocciaretto,R,,ITA,23.067,58,1148,210722,,,Elise Mertens,R,179,BEL,28.258,25,1746,1-6 6-3 7-6(3),3,R64,144,1,4,98,75,51,8,14,5,9,3,8,86,48,32,21,14,4,7
2024-718,Dubai,Hard,64,1000,,20240219,19,211702,,Q,Nao Hibino,R,163,JPN,29.227,90,806,202663,,,Magda Linette,R,171,POL,32.020,48,1220,6-2 3-6 6-4,3,R64,160,3,4,108,71,47,13,13,8,12,4,3,98,64,36,16,14,3,9
2024-718,Dubai,Hard,64,1000,,20240219,20,215713,,,Anastasia Potapova,R,175,RUS,22.892,35,1467,202684,,,Lin Zhu,R,173,CHN,30.059,57,1152,4-6 6-2 6-4,3,R64,128,4,4,86,44,31,19,14,5,9,3,1,90,54,34,14,14,5,11
2024-718,Dubai,Hard,64,1000,,20240219,21,214459,,LL,Lucia Bronzetti,R,,ITA,25.194,60,1117,214082,10,,Daria Kasatkina,R,170,RUS,26.788,13,3063,7-6(5) 4-6 7-5,3,R64,165,3,3,110,64,43,25,17,9,14,2,5,126,85,50,23,17,12,17
2024-718,Dubai,Hard,64,1000,,20240219,22,202494,15,,Elina Svitolina,R,174,UKR,29.438,20,2212,211843,,,Anhelina Kalinina,R,179,UKR,27.031,32,1545,6-3 7-6(7),3,R64,100,7,2,73,51,42,10,11,3,3,3,0,70,50,34,12,10,2,3
2024-718,Dubai,Hard,64,1000,,20240219,23,213583,,,Tatjana Maria,R,172,GER,36.535,54,1185,219875,,,Varvara Gracheva,R,,FRA,23.549,49,1218,6-2 6-1,3,R64,61,5,2,36,21,18,10,7,0,0,0,0,51,39,13,9,8,5,10
2024-718,Dubai,Hard,64,1000,,20240219,24,201585,,,Sloane Stephens,R,170,USA,30.919,41,1322,216262,,Q,Clara Burel,R,176,FRA,22.908,47,1224,6-4 1-6 6-2,3,R64,120,0,2,82,58,35,11,12,8,12,1,8,99,59,39,14,13,6,11
2024-718,Dubai,Hard,64,1000,,20240219,25,202499,,,Donna Vekic,R,179,CRO,27.645,31,1580,214544,2,,Aryna Sabalenka,R,182,BLR,25.794,2,8905,6-7(5) 6-3 6-0,3,R32,142,14,5,109,59,37,27,14,11,14,8,8,91,52,31,16,13,3,10
2024-718,Dubai,Hard,64,1000,,20240219,26,201514,,,Sorana Cirstea,R,176,ROU,33.871,22,1893,206368,13,,Veronika Kudermetova,R,175,RUS,26.823,19,2250,6-1 6-4,3,R32,89,8,1,61,42,31,6,9,4,6,1,2,51,31,18,7,8,3,8
2024-718,Dubai,Hard,64,1000,,20240219,27,214643,12,,Liudmila Samsonova,R,180,RUS,25.274,15,2590,201499,,,Anastasia Pavlyuchenkova,R,177,RUS,32.633,24,1810,W/O,3,R32,,,,,,,,,,,,,,,,,,,
2024-718,Dubai,Hard,64,1000,,20240219,28,214954,7,,Marketa Vondrousova,L,173,CZE,24.647,8,3856,220548,,,Peyton Stearns,R,,USA,22.366,65,1041,6-1 5-7 6-2,3,R32,123,9,7,84,51,37,13,13,7,11,1,5,100,66,29,20,14,4,12
2024-718,Dubai,Hard,64,1000,,20240219,29,214981,4,,Elena Rybakina,R,184,KAZ,24.677,4,6738,201458,,,Victoria Azarenka,R,180,BLR,34.555,27,1631,4-6 6-2 RET,3,R32,78,4,1,51,30,23,11,9,2,3,0,5,56,36,26,9,9,3,5
2024-718,Dubai,Hard,64,1000,,20240219,30,211684,,Q,Magdalena Frech,R,171,POL,26.180,53,1190,201549,,,Petra Martic,R,181,CRO,33.085,61,1079,6-4 1-6 6-2,3,R32,120,3,1,73,48,33,15,12,3,5,3,3,76,49,34,14,13,2,5
2024-718,Dubai,Hard,64,1000,,20240219,31,211148,,,Jasmine Paolini,R,160,ITA,28.127,26,1735,220367,,,Leylah Fernandez,L,168,CAN,21.454,33,1540,6-3 6-4,3,R32,97,2,3,75,57,34,7,10,8,11,1,2,58,39,21,8,9,2,7
2024-718,Dubai,Hard,64,1000,,20240219,32,206289,8,,Maria Sakkari,R,172,GRE,28.573,11,3455,215613,,,Emma Navarro,R,,USA,22.757,23,1863,6-2 6-4,3,R32,76,3,1,58,38,25,8,9,2,5,0,0,45,31,17,3,9,3,9
2024-718,Dubai,Hard,64,1000,,20240219,33,214939,,Q,Anna Kalinskaya,R,175,RUS,25.216,40,1323,213710,,LL,Cristina Bucsa,R,,ESP,26.133,67,1020,6-3 6-4,3,R32,75,,,,,,,,,,,,,,,,,,
2024-718,Dubai,Hard,64,1000,,20240219,34,211533,9,,Jelena Ostapenko,R,177,LAT,26.700,9,3533,215138,,WC,Lulu Sun,L,,NZL,22.851,181,428,6-4 6-3,3,R32,80,6,5,69,38,28,18,10,2,2,6,5,62,37,27,12,9,7,9
2024-718,Dubai,Hard,64,1000,,20240219,35,201662,,,Karolina Pliskova,R,184,CZE,31.916,36,1462,221909,,WC,Ashlyn Krueger,R,185,USA,19.787,76,936,6-7(2) 6-3 6-4,3,R32,138,16,9,116,83,65,16,16,13,13,7,2,103,70,46,22,15,9,11
2024-718,Dubai,Hard,64,1000,,20240219,36,221103,3,,Coco Gauff,R,175,USA,19.937,3,7110,220714,,LL,Elisabetta Cocciaretto,R,,ITA,23.067,58,1148,6-1 7-5,3,R32,101,4,2,80,46,25,15,10,3,8,0,4,63,41,17,6,9,2,10
2024-718,Dubai,Hard,64,1000,,20240219,37,221012,6,,Qinwen Zheng,R,,CHN,21.367,7,3885,211702,,Q,Nao Hibino,R,163,JPN,29.227,90,806,5-7 6-2 6-2,3,R32,133,6,5,78,43,36,18,14,1,3,2,2,94,63,38,13,14,8,13
2024-718,Dubai,Hard,64,1000,,20240219,38,215713,,,Anastasia Potapova,R,175,RUS,22.892,35,1467,214459,,LL,Lucia Bronzetti,R,,ITA,25.194,60,1117,6-0 6-3,3,R32,66,0,2,53,24,18,19,8,7,7,0,1,41,21,14,7,7,0,4
2024-718,Dubai,Hard,64,1000,,20240219,39,202494,15,,Elina Svitolina,R,174,UKR,29.438,20,2212,213583,,,Tatjana Maria,R,172,GER,36.535,54,1185,6-3 6-3,3,R32,72,3,0,52,32,23,12,9,4,5,4,3,61,33,20,13,9,3,7
2024-718,Dubai,Hard,64,1000,,20240219,40,216347,1,,Iga Swiatek,R,176,POL,22.722,1,10300,201585,,,Sloane Stephens,R,170,USA,30.919,41,1322,6-4 6-4,3,R32,117,1,3,67,42,26,13,10,5,8,0,3,80,58,30,9,10,10,15
2024-718,Dubai,Hard,64,1000,,20240219,41,201514,,,Sorana Cirstea,R,176,ROU,33.871,22,1893,202499,,,Donna Vekic,R,179,CRO,27.645,31,1580,3-6 6-3 7-5,3,R16,135,5,2,83,47,33,15,15,1,6,7,4,95,57,34,16,15,3,9
2024-718,Dubai,Hard,64,1000,,20240219,42,214954,7,,Marketa Vondrousova,L,173,CZE,24.647,8,3856,214643,12,,Liudmila Samsonova,R,180,RUS,25.274,15,2590,6-2 6-2,3,R16,75,1,4,52,36,27,7,8,1,2,0,3,48,19,11,12,8,4,9
2024-718,Dubai,Hard,64,1000,,20240219,43,214981,4,,Elena Rybakina,R,184,KAZ,24.677,4,6738,211684,,Q,Magdalena Frech,R,171,POL,26.180,53,1190,7-6(5) 3-6 6-4,3,R16,159,13,1,104,65,50,17,15,6,9,3,1,107,72,47,19,16,5,8
2024-718,Dubai,Hard,64,1000,,20240219,44,211148,,,Jasmine Paolini,R,160,ITA,28.127,26,1735,206289,8,,Maria Sakkari,R,172,GRE,28.573,11,3455,6-4 6-2,3,R16,81,0,0,55,41,20,11,9,5,8,1,3,54,28,16,8,9,1,7
2024-718,Dubai,Hard,64,1000,,20240219,45,214939,,Q,Anna Kalinskaya,R,175,RUS,25.216,40,1323,211533,9,,Jelena Ostapenko,R,177,LAT,26.700,9,3533,6-4 7-5,3,R16,93,8,2,66,49,31,13,11,3,5,4,2,69,39,23,16,11,1,5
2024-718,Dubai,Hard,64,1000,,20240219,46,221103,3,,Coco Gauff,R,175,USA,19.937,3,7110,201662,,,Karolina Pliskova,R,184,CZE,31.916,36,1462,2-6 6-4 6-3,3,R16,113,5,9,109,79,50,11,14,11,16,8,5,71,55,32,8,13,4,9
2024-718,Dubai,Hard,64,1000,,20240219,47,221012,6,,Qinwen Zheng,R,,CHN,21.367,7,3885,215713,,,Anastasia Potapova,R,175,RUS,22.892,35,1467,6-3 6-2,3,R16,92,3,3,62,35,23,15,8,4,5,2,4,70,41,21,11,9,7,12
2024-718,Dubai,Hard,64,1000,,20240219,48,216347,1,,Iga Swiatek,R,176,POL,22.722,1,10300,202494,15,,Elina Svitolina,R,174,UKR,29.438,20,2212,6-1 6-4,3,R16,83,4,2,58,40,27,8,9,4,6,4,1,52,31,18,6,8,1,6
2024-718,Dubai,Hard,64,1000,,20240219,49,201514,,,Sorana Cirstea,R,176,ROU,33.871,22,1893,214954,7,,Marketa Vondrousova,L,173,CZE,24.647,8,3856,2-6 7-6(1) 6-2,3,QF,161,7,1,111,66,43,19,14,15,20,5,6,131,80,48,21,14,18,23
2024-718,Dubai,Hard,64,1000,,20240219,50,211148,,,Jasmine Paolini,R,160,ITA,28.127,26,1735,214981,4,,Elena Rybakina,R,184,KAZ,24.677,4,6738,W/O,3,QF,,,,,,,,,,,,,,,,,,,
2024-718,Dubai,Hard,64,1000,,20240219,51,214939,,Q,Anna Kalinskaya,R,175,RUS,25.216,40,1323,221103,3,,Coco Gauff,R,175,USA,19.937,3,7110,2-6 6-4 6-2,3,QF,137,1,2,110,75,44,14,13,10,15,3,8,75,49,31,8,13,7,13
2024-718,Dubai,Hard,64,1000,,20240219,52,216347,1,,Iga Swiatek,R,176,POL,22.722,1,10300,221012,6,,Qinwen Zheng,R,,CHN,21.367,7,3885,6-3 6-2,3,QF,86,1,0,61,39,29,12,9,3,3,3,1,46,22,17,9,8,2,5
2024-718,Dubai,Hard,64,1000,,20240219,53,211148,,,Jasmine Paolini,R,160,ITA,28.127,26,1735,201514,,,Sorana Cirstea,R,176,ROU,33.871,22,1893,6-2 7-6(6),3,SF,117,0,2,69,49,29,10,10,3,6,1,1,96,64,35,13,10,8,13
2024-718,Dubai,Hard,64,1000,,20240219,54,214939,,Q,Anna Kalinskaya,R,175,RUS,25.216,40,1323,216347,1,,Iga Swiatek,R,176,POL,22.722,1,10300,6-4 6-4,3,SF,101,1,0,74,50,32,12,10,9,11,5,2,59,39,26,7,10,3,7
2024-718,Dubai,Hard,64,1000,,20240219,55,211148,,,Jasmine Paolini,R,160,ITA,28.127,26,1735,214939,,Q,Anna Kalinskaya,R,175,RUS,25.216,40,1323,4-6 7-5 7-5,3,F,133,0,1,92,63,38,16,17,2,8,2,4,91,60,32,17,17,2,9
2024-2074,San Diego,Hard,32,500,,20240226,1,211107,,,Katie Boulter,R,180,GBR,27.571,49,1218,201615,,,Lesia Tsurenko,R,174,UKR,34.744,36,1464,6-3 6-1,3,R32,71,3,8,56,33,25,6,8,2,4,0,8,48,27,15,4,8,2,8
2024-2074,San Diego,Hard,32,500,,20240226,2,222233,,Q,Marina Stakusic,R,,CAN,19.247,283,261,203379,,Q,Marina Melnikova,R,173,RUS,35.056,440,131,6-4 5-7 6-1,3,R32,129,4,7,93,50,32,19,15,10,16,0,6,87,69,38,4,14,2,10
2024-2074,San Diego,Hard,32,500,,20240226,3,202499,7,,Donna Vekic,R,179,CRO,27.664,28,1690,222866,,WC,Katherine Hui,R,,USA,19.075,872,27,7-5 6-2,3,R32,87,2,6,60,31,24,11,10,6,10,0,3,55,35,12,8,10,3,10
2024-2074,San Diego,Hard,32,500,,20240226,4,211701,,,Katerina Siniakova,R,174,CZE,27.798,43,1293,215988,,Q,Mai Hontama,R,,JPN,24.493,119,627,6-3 6-1,3,R32,73,2,7,51,28,22,11,8,2,3,0,1,47,35,16,4,8,1,6
2024-2074,San Diego,Hard,32,500,,20240226,5,201611,,Q,Daria Saville,R,166,AUS,29.980,148,519,202684,,,Lin Zhu,R,173,CHN,30.079,58,1152,6-3 6-3,3,R32,81,4,3,56,32,25,11,9,3,4,0,3,54,31,19,9,9,0,4
2024-2074,San Diego,Hard,32,500,,20240226,6,213583,,,Tatjana Maria,R,172,GER,36.554,47,1240,220367,8,,Leylah Fernandez,L,168,CAN,21.473,32,1545,6-7(7) 4-0 RET,3,R32,113,3,4,72,35,28,15,8,4,6,1,5,58,37,19,10,8,5,9
2024-2074,San Diego,Hard,32,500,,20240226,7,216146,6,,Marta Kostyuk,R,175,UKR,21.665,34,1521,215983,,Q,Ann Li,R,170,USA,23.669,167,452,6-4 4-6 6-2,3,R32,134,2,9,85,46,30,19,14,5,10,0,4,102,65,35,17,14,14,21
2024-2074,San Diego,Hard,32,500,,20240226,8,223194,,WC,Taylah Preston,R,,AUS,18.333,153,489,211684,,,Magdalena Frech,R,171,POL,26.199,42,1315,6-4 4-6 6-1,3,R32,124,2,3,91,59,38,20,14,10,13,3,2,86,56,35,12,13,5,10
2024-2074,San Diego,Hard,32,500,,20240226,9,216133,,,Xinyu Wang,R,182,CHN,22.418,41,1316,220704,,,Clara Tauson,R,182,DEN,21.183,92,781,6-2 2-6 6-1,3,R32,97,1,7,69,48,35,10,12,4,7,4,5,74,39,24,15,11,8,13
2024-2074,San Diego,Hard,32,500,,20240226,10,215035,5,,Dayana Yastremska,R,175,UKR,23.784,33,1532,214452,,,Caroline Dolehide,R,178,USA,25.476,45,1263,6-4 5-7 6-1,3,R32,128,3,9,91,51,39,14,15,5,10,3,6,83,53,28,11,14,1,8
2024-2074,San Diego,Hard,32,500,,20240226,11,215020,,,Anna Blinkova,R,179,RUS,25.463,51,1192,201496,,WC,Caroline Wozniacki,R,177,DEN,33.630,206,372,1-6 6-4 6-1,3,R32,120,4,9,71,40,25,14,12,3,8,3,4,99,54,31,18,12,9,15
2024-2074,San Diego,Hard,32,500,,20240226,12,215898,,Q,Jule Niemeier,R,178,GER,24.543,126,590,219875,,,Varvara Gracheva,R,,FRA,23.568,55,1186,6-3 6-0,3,R32,54,4,4,40,21,18,12,8,0,1,1,2,37,22,9,6,7,2,7
2024-2074,San Diego,Hard,32,500,,20240226,13,211107,,,Katie Boulter,R,180,GBR,27.571,49,1218,206242,2,,Beatriz Haddad Maia,L,185,BRA,27.743,13,2870,3-6 6-3 6-4,3,R16,141,4,9,81,43,31,22,14,3,5,4,3,80,41,32,20,14,3,6
2024-2074,San Diego,Hard,32,500,,20240226,14,202499,7,,Donna Vekic,R,179,CRO,27.664,28,1690,222233,,Q,Marina Stakusic,R,,CAN,19.247,283,261,6-4 3-6 6-3,3,R16,120,2,3,80,42,32,19,14,3,6,6,4,79,51,32,16,14,4,8
2024-2074,San Diego,Hard,32,500,,20240226,15,215613,3,,Emma Navarro,R,,USA,22.777,26,1868,211701,,,Katerina Siniakova,R,174,CZE,27.798,43,1293,6-3 3-6 6-1,3,R16,105,0,0,83,56,34,17,13,6,9,1,3,69,35,21,17,12,2,7
2024-2074,San Diego,Hard,32,500,,20240226,16,201611,,Q,Daria Saville,R,166,AUS,29.980,148,519,213583,,,Tatjana Maria,R,172,GER,36.554,47,1240,5-7 7-6(2) 6-2,3,R16,194,4,13,140,96,59,18,16,17,23,3,6,96,59,33,17,16,3,10
2024-2074,San Diego,Hard,32,500,,20240226,17,216146,6,,Marta Kostyuk,R,175,UKR,21.665,34,1521,223194,,WC,Taylah Preston,R,,AUS,18.333,153,489,6-4 6-3,3,R16,92,4,9,68,39,30,11,9,6,8,1,4,70,46,25,10,10,8,13
2024-2074,San Diego,Hard,32,500,,20240226,18,201499,4,,Anastasia Pavlyuchenkova,R,177,RUS,32.652,25,1874,216133,,,Xinyu Wang,R,182,CHN,22.418,41,1316,4-6 7-6(5) 6-2,3,R16,136,7,10,94,61,40,14,15,3,8,5,10,99,57,31,22,15,6,12
2024-2074,San Diego,Hard,32,500,,20240226,19,215020,,,Anna Blinkova,R,179,RUS,25.463,51,1192,215035,5,,Dayana Yastremska,R,175,UKR,23.784,33,1532,7-6(6) 6-2,3,R16,87,0,5,72,44,27,15,10,4,7,6,3,60,35,22,9,10,3,8
2024-2074,San Diego,Hard,32,500,,20240226,20,202468,1,,Jessica Pegula,R,170,USA,30.005,5,5050,215898,,Q,Jule Niemeier,R,178,GER,24.543,126,590,6-0 6-4,3,R16,64,2,1,48,24,20,12,8,4,5,1,6,46,25,13,7,8,1,6
2024-2074,San Diego,Hard,32,500,,20240226,21,211107,,,Katie Boulter,R,180,GBR,27.571,49,1218,202499,7,,Donna Vekic,R,179,CRO,27.664,28,1690,6-4 6-3,3,QF,96,3,7,66,35,21,17,9,6,8,5,6,66,37,22,12,10,1,6
2024-2074,San Diego,Hard,32,500,,20240226,22,215613,3,,Emma Navarro,R,,USA,22.777,26,1868,201611,,Q,Daria Saville,R,166,AUS,29.980,148,519,6-4 6-2,3,QF,87,0,0,57,32,15,12,9,3,8,1,7,50,32,11,4,9,4,12
2024-2074,San Diego,Hard,32,500,,20240226,23,216146,6,,Marta Kostyuk,R,175,UKR,21.665,34,1521,201499,4,,Anastasia Pavlyuchenkova,R,177,RUS,32.652,25,1874,3-6 6-4 6-3,3,QF,132,5,10,101,63,38,19,14,8,12,0,3,94,67,39,14,14,6,11
2024-2074,San Diego,Hard,32,500,,20240226,24,202468,1,,Jessica Pegula,R,170,USA,30.005,5,5050,215020,,,Anna Blinkova,R,179,RUS,25.463,51,1192,6-1 2-6 6-2,3,QF,93,2,2,73,40,21,18,12,3,8,1,3,63,37,18,8,11,3,10
2024-2074,San Diego,Hard,32,500,,20240226,25,211107,,,Katie Boulter,R,180,GBR,27.571,49,1218,215613,3,,Emma Navarro,R,,USA,22.777,26,1868,6-3 6-1,3,SF,74,2,4,47,24,21,13,8,2,2,2,2,58,37,23,7,8,6,10
2024-2074,San Diego,Hard,32,500,,20240226,26,216146,6,,Marta Kostyuk,R,175,UKR,21.665,34,1521,202468,1,,Jessica Pegula,R,170,USA,30.005,5,5050,7-6(4) 6-1,3,SF,95,3,9,73,44,32,10,9,5,7,0,2,72,43,23,13,10,3,8
2024-2074,San Diego,Hard,32,500,,20240226,27,211107,,,Katie Boulter,R,180,GBR,27.571,49,1218,216146,6,,Marta Kostyuk,R,175,UKR,21.665,34,1521,5-7 6-2 6-2,3,F,133,2,13,99,52,35,22,14,7,11,1,8,81,50,29,12,14,4,11
2024-2082,Austin,Hard,32,250,,20240226,1,201585,2,,Sloane Stephens,R,170,USA,30.938,40,1327,206124,,Q,Tereza Martincova,R,178,CZE,29.342,155,485,6-4 6-0,3,R32,89,1,0,68,48,31,13,8,7,7,1,5,62,46,24,6,8,6,10
2024-2082,Austin,Hard,32,250,,20240226,2,201545,,,Anastasija Sevastova,R,169,LAT,33.873,485,112,220699,,,Julia Riera,R,,ARG,21.747,116,646,6-4 6-3,3,R32,66,2,2,55,31,23,13,10,2,4,0,0,44,27,16,8,9,1,5
2024-2082,Austin,Hard,32,250,,20240226,3,203500,,Q,Sachia Vickery,R,162,USA,28.797,134,556,201606,,Q,Rebecca Marino,R,183,CAN,33.197,147,520,6-2 6-4,3,R32,74,1,3,48,21,16,14,9,2,4,8,3,70,38,25,9,9,10,15
2024-2082,Austin,Hard,32,250,,20240226,4,203533,,,Anna Karolina Schmiedlova,R,176,SVK,29.454,76,925,220548,7,,Peyton Stearns,R,,USA,22.385,61,1096,6-2 4-6 7-5,3,R32,158,7,3,104,58,41,23,15,1,4,4,3,92,62,37,15,15,7,12
2024-2082,Austin,Hard,32,250,,20240226,5,206374,,,Yafan Wang,R,170,CHN,29.827,69,993,214459,4,,Lucia Bronzetti,R,,ITA,25.213,52,1192,7-6(5) 6-4,3,R32,114,9,4,78,48,39,14,11,4,5,5,4,82,42,30,19,11,10,12
2024-2082,Austin,Hard,32,250,,20240226,6,215306,,,Emiliana Arango,R,,COL,23.245,121,617,219917,,,Alycia Parks,R,185,USA,23.154,117,642,6-2 6-3,3,R32,75,1,2,45,32,23,7,8,1,2,0,7,65,35,18,13,9,4,9
2024-2082,Austin,Hard,32,250,,20240226,7,203501,,,Taylor Townsend,L,170,USA,27.864,83,882,214782,,WC,Fernanda Contreras Gomez,R,,MEX,26.385,366,176,3-6 6-2 6-3,3,R32,161,4,3,82,50,32,19,13,6,8,3,3,126,78,51,18,13,13,17
2024-2082,Austin,Hard,32,250,,20240226,8,206294,8,,Yue Yuan,R,184,CHN,25.421,68,1006,201613,,,Arina Rodionova,R,168,AUS,34.199,99,745,3-6 6-3 6-1,3,R32,146,4,3,94,55,38,18,13,5,9,1,6,94,55,33,14,12,11,17
2024-2082,Austin,Hard,32,250,,20240226,9,216016,6,,Xiyu Wang,L,,CHN,22.916,64,1054,206408,,,Nadia Podoroska,R,170,ARG,27.042,85,852,7-5 6-4,3,R32,112,7,4,63,44,34,10,11,2,3,1,8,86,48,34,14,11,11,14
2024-2082,Austin,Hard,32,250,,20240226,10,221985,,,Darja Semenistaja,L,,LAT,21.446,115,654,223286,,WC,Victoria Jimenez Kasintseva,L,,AND,18.549,318,217,6-7(2) 6-2 6-4,3,R32,148,2,2,103,67,38,24,15,6,9,4,5,106,61,38,21,15,9,15
2024-2082,Austin,Hard,32,250,,20240226,11,220465,,WC,Katie Volynets,R,,USA,22.155,112,662,213887,,,Renata Zarazua,R,,MEX,26.407,102,726,6-4 7-6(6),3,R32,135,1,0,73,62,37,6,11,3,6,0,6,81,46,25,17,11,10,14
2024-2082,Austin,Hard,32,250,,20240226,12,203389,3,,Danielle Collins,R,178,USA,30.205,48,1236,216265,,Q,Olivia Gadecki,R,,AUS,21.843,143,528,7-5 6-3,3,R32,97,7,11,75,33,26,19,11,3,5,4,2,51,30,21,8,10,1,5
2024-2082,Austin,Hard,32,250,,20240226,13,220348,5,,Diane Parry,R,170,FRA,21.487,62,1073,211316,,Q,Jessika Ponchet,R,,FRA,27.417,146,521,6-3 7-6(4),3,R32,90,11,2,62,36,34,16,11,2,2,4,1,64,38,32,13,10,1,2
2024-2082,Austin,Hard,32,250,,20240226,14,215872,,,Kamilla Rakhimova,R,,RUS,22.497,94,778,201518,,,Yanina Wickmayer,R,182,BEL,34.353,87,828,6-3 6-7(4) 7-6(5),3,R32,182,8,11,134,76,51,22,17,10,17,1,5,111,84,46,10,16,6,14
2024-2082,Austin,Hard,32,250,,20240226,15,215785,,,Camila Osorio,R,162,COL,22.180,98,753,201427,,,Alize Cornet,R,173,FRA,34.095,104,718,6-3 6-2,3,R32,90,0,3,58,34,21,15,8,7,8,1,5,65,35,22,8,9,4,9
2024-2082,Austin,Hard,32,250,,20240226,16,211843,1,,Anhelina Kalinina,R,179,UKR,27.051,35,1470,239383,,Q,Sara Bejlek,L,,CZE,18.070,132,566,6-3 6-2,3,R32,67,3,3,44,16,14,11,8,2,5,1,7,52,30,16,4,9,7,14
2024-2082,Austin,Hard,32,250,,20240226,17,201545,,,Anastasija Sevastova,R,169,LAT,33.873,485,112,201585,2,,Sloane Stephens,R,170,USA,30.938,40,1327,6-3 6-2,3,R16,72,0,2,66,49,31,8,9,5,7,0,4,50,39,18,3,8,5,10
2024-2082,Austin,Hard,32,250,,20240226,18,203533,,,Anna Karolina Schmiedlova,R,176,SVK,29.454,76,925,203500,,Q,Sachia Vickery,R,162,USA,28.797,134,556,5-7 7-6(5) 7-5,3,R16,170,1,6,108,73,46,13,18,4,12,1,4,111,59,36,24,18,5,13
2024-2082,Austin,Hard,32,250,,20240226,19,206374,,,Yafan Wang,R,170,CHN,29.827,69,993,215306,,,Emiliana Arango,R,,COL,23.245,121,617,6-2 6-2,3,R16,83,0,2,62,42,27,12,8,9,10,1,6,51,33,20,4,8,4,9
2024-2082,Austin,Hard,32,250,,20240226,20,206294,8,,Yue Yuan,R,184,CHN,25.421,68,1006,203501,,,Taylor Townsend,L,170,USA,27.864,83,882,6-3 7-6(5),3,R16,99,3,3,73,44,30,12,11,4,7,5,5,60,45,25,4,10,2,6
2024-2082,Austin,Hard,32,250,,20240226,21,216016,6,,Xiyu Wang,L,,CHN,22.916,64,1054,221985,,,Darja Semenistaja,L,,LAT,21.446,115,654,6-1 6-2,3,R16,79,4,5,60,40,29,10,8,4,4,0,0,51,31,16,9,7,4,8
2024-2082,Austin,Hard,32,250,,20240226,22,203389,3,,Danielle Collins,R,178,USA,30.205,48,1236,220465,,WC,Katie Volynets,R,,USA,22.155,112,662,4-6 7-6(3) 6-0,3,R16,140,4,4,86,52,36,17,14,5,9,1,0,86,64,38,9,14,0,6
2024-2082,Austin,Hard,32,250,,20240226,23,220348,5,,Diane Parry,R,170,FRA,21.487,62,1073,215872,,,Kamilla Rakhimova,R,,RUS,22.497,94,778,6-3 6-3,3,R16,94,5,1,64,33,26,16,9,5,6,0,6,58,26,16,14,9,7,11
2024-2082,Austin,Hard,32,250,,20240226,24,211843,1,,Anhelina Kalinina,R,179,UKR,27.051,35,1470,215785,,,Camila Osorio,R,162,COL,22.180,98,753,6-1 6-2,3,R16,66,1,3,41,24,16,9,7,1,3,0,5,46,33,13,3,8,3,10
2024-2082,Austin,Hard,32,250,,20240226,25,203533,,,Anna Karolina Schmiedlova,R,176,SVK,29.454,76,925,201545,,,Anastasija Sevastova,R,169,LAT,33.873,485,112,4-6 1-2 RET,3,QF,70,0,3,40,20,13,7,7,1,5,2,3,47,35,24,4,7,4,6
2024-2082,Austin,Hard,32,250,,20240226,26,206294,8,,Yue Yuan,R,184,CHN,25.421,68,1006,206374,,,Yafan Wang,R,170,CHN,29.827,69,993,6-3 7-5,3,QF,119,1,2,75,43,26,21,11,4,6,0,3,80,59,35,6,10,8,12
2024-2082,Austin,Hard,32,250,,20240226,27,216016,6,,Xiyu Wang,L,,CHN,22.916,64,1054,203389,3,,Danielle Collins,R,178,USA,30.205,48,1236,6-2 RET,3,QF,37,2,0,24,13,9,9,4,4,4,0,3,20,10,7,4,4,0,2
2024-2082,Austin,Hard,32,250,,20240226,28,211843,1,,Anhelina Kalinina,R,179,UKR,27.051,35,1470,220348,5,,Diane Parry,R,170,FRA,21.487,62,1073,1-6 6-4 6-2,3,QF,138,3,5,75,52,34,8,12,8,12,9,2,89,48,30,18,13,9,14
2024-2082,Austin,Hard,32,250,,20240226,29,206294,8,,Yue Yuan,R,184,CHN,25.421,68,1006,203533,,,Anna Karolina Schmiedlova,R,176,SVK,29.454,76,925,6-0 6-3,3,SF,70,7,0,51,32,21,11,7,3,4,0,4,47,29,16,3,8,5,11
2024-2082,Austin,Hard,32,250,,20240226,30,216016,6,,Xiyu Wang,L,,CHN,22.916,64,1054,211843,1,,Anhelina Kalinina,R,179,UKR,27.051,35,1470,6-3 7-6(4),3,SF,106,8,9,69,40,33,13,11,1,3,0,4,63,40,30,10,10,2,5
2024-2082,Austin,Hard,32,250,,20240226,31,206294,8,,Yue Yuan,R,184,CHN,25.421,68,1006,216016,6,,Xiyu Wang,L,,CHN,22.916,64,1054,6-4 7-6(4),3,F,133,0,0,75,44,26,15,11,7,11,3,8,89,57,33,11,11,6,11
2024-609,Indian Wells,Hard,128,1000,,20240306,1,220548,,,Peyton Stearns,R,,USA,22.410,64,1046,220714,,,Elisabetta Cocciaretto,R,,ITA,23.111,60,1114,6-3 6-2,3,R128,95,1,3,81,47,27,19,9,6,8,0,2,47,33,16,4,8,4,9
2024-609,Indian Wells,Hard,128,1000,,20240306,2,221054,,WC,Emma Raducanu,R,175,GBR,21.312,250,301,214119,,Q,Rebeka Masarova,R,186,ESP,24.584,96,757,6-2 6-3,3,R128,105,0,8,54,28,19,14,8,8,10,2,3,81,46,25,12,9,10,16
2024-609,Indian Wells,Hard,128,1000,,20240306,3,201615,,,Lesia Tsurenko,R,174,UKR,34.769,37,1447,234222,,Q,Liv Hovde,,,USA,18.363,286,259,6-3 6-1,3,R128,65,0,2,44,27,14,9,8,2,5,0,2,59,38,17,5,8,9,16
2024-609,Indian Wells,Hard,128,1000,,20240306,4,211701,,,Katerina Siniakova,R,174,CZE,27.823,41,1352,213889,,,Greet Minnen,R,,BEL,26.560,81,879,7-5 7-6(3),3,R128,117,6,8,81,48,32,15,12,3,7,2,4,89,54,33,15,12,7,12
2024-609,Indian Wells,Hard,128,1000,,20240306,5,223670,,,Diana Shnaider,L,,RUS,19.926,74,963,202536,,,Ana Bogdan,R,171,ROU,31.278,65,1044,5-7 7-6(6) 6-3,3,R128,161,2,6,120,75,44,23,16,8,14,3,4,112,60,37,24,17,3,10
2024-609,Indian Wells,Hard,128,1000,,20240306,6,202600,,,Viktoriya Tomova,R,170,BUL,29.027,75,949,213550,,,Sofia Kenin,R,170,USA,25.309,55,1189,6-4 7-6(5),3,R128,99,0,3,70,44,25,13,11,2,6,0,2,77,46,26,15,11,6,11
2024-609,Indian Wells,Hard,128,1000,,20240306,7,220348,,,Diane Parry,R,170,FRA,21.512,61,1098,203354,,,Martina Trevisan,L,160,ITA,30.339,59,1125,7-5 6-3,3,R128,121,2,2,64,33,20,24,11,1,2,2,4,81,49,30,15,10,11,14
2024-609,Indian Wells,Hard,128,1000,,20240306,8,215020,,,Anna Blinkova,R,179,RUS,25.487,45,1270,201662,,WC,Karolina Pliskova,R,184,CZE,31.960,39,1392,6-1 2-6 6-4,3,R128,106,3,7,80,48,31,19,13,5,8,3,14,91,53,37,14,12,7,11
2024-609,Indian Wells,Hard,128,1000,,20240306,9,216262,,,Clara Burel,R,176,FRA,22.952,47,1253,216016,,,Xiyu Wang,L,,CHN,22.941,52,1199,4-6 6-2 6-4,3,R128,153,5,6,91,50,37,17,14,3,7,3,9,118,73,43,19,14,6,12
2024-609,Indian Wells,Hard,128,1000,,20240306,10,214459,,,Lucia Bronzetti,R,,ITA,25.238,53,1192,211684,,,Magdalena Frech,R,171,POL,26.224,43,1315,6-2 6-4,3,R128,99,2,3,62,29,23,16,9,6,7,0,1,59,34,20,12,9,6,10
2024-609,Indian Wells,Hard,128,1000,,20240306,11,216133,,,Xinyu Wang,R,182,CHN,22.443,42,1346,203533,,,Anna Karolina Schmiedlova,R,176,SVK,29.479,69,993,6-0 6-4,3,R128,70,3,0,53,32,22,13,8,2,3,1,1,48,25,15,7,8,2,7
2024-609,Indian Wells,Hard,128,1000,,20240306,12,211768,,,Naomi Osaka,R,180,JPN,26.388,287,258,201506,,Q,Sara Errani,R,164,ITA,36.855,100,727,6-3 6-1,3,R128,69,9,9,62,32,24,13,8,8,10,0,2,57,47,22,2,8,7,13
2024-609,Indian Wells,Hard,128,1000,,20240306,13,206219,,,Oceane Dodin,R,,FRA,27.365,85,850,220589,,,Elina Avanesyan,R,,ARM,21.468,63,1050,1-6 6-3 7-6(4),3,R128,119,2,9,99,58,40,16,14,3,8,2,3,94,70,45,11,14,4,8
2024-609,Indian Wells,Hard,128,1000,,20240306,14,201585,,,Sloane Stephens,R,170,USA,30.963,44,1297,210886,,,Mayar Sherif,R,180,EGY,27.836,70,983,7-5 6-3,3,R128,92,0,3,62,47,34,6,11,0,2,0,3,69,44,26,10,10,9,13
2024-609,Indian Wells,Hard,128,1000,,20240306,15,214452,,,Caroline Dolehide,R,178,USA,25.501,51,1200,213710,,,Cristina Bucsa,R,,ESP,26.177,67,1020,6-2 6-0,3,R128,57,0,1,45,39,27,2,7,1,2,2,6,53,33,14,7,7,6,12
2024-609,Indian Wells,Hard,128,1000,,20240306,16,206294,,,Yue Yuan,R,184,CHN,25.446,49,1241,219875,,,Varvara Gracheva,R,,FRA,23.593,68,1016,6-4 6-1,3,R128,89,1,3,57,33,23,10,8,6,8,1,6,73,41,21,11,9,7,13
2024-609,Indian Wells,Hard,128,1000,,20240306,17,211095,,Q,Bernarda Pera,L,175,USA,29.257,78,906,201611,,,Daria Saville,R,166,AUS,30.005,116,652,7-5 4-6 7-6(5),3,R128,188,1,12,128,90,53,10,17,12,21,2,13,129,72,42,21,17,13,22
2024-609,Indian Wells,Hard,128,1000,,20240306,18,215988,,Q,Mai Hontama,R,,JPN,24.518,120,639,201533,,,Shuai Zhang,R,177,CHN,35.122,713,49,5-7 6-2 6-0,3,R128,106,2,0,75,57,30,15,13,5,9,1,5,84,53,30,8,13,8,16
2024-609,Indian Wells,Hard,128,1000,,20240306,19,203463,,Q,Nuria Parrizas Diaz,R,167,ESP,32.644,134,559,220520,,WC,Mccartney Kessler,R,,USA,24.663,123,618,6-3 7-6(3),3,R128,115,0,1,76,54,35,10,11,6,9,0,7,80,44,27,17,10,7,11
2024-609,Indian Wells,Hard,128,1000,,20240306,20,211685,,Q,Rebecca Sramkova,R,,SVK,27.379,127,593,206374,,,Yafan Wang,R,170,CHN,29.851,66,1038,6-4 6-0,3,R128,87,2,1,52,23,14,19,8,3,4,2,4,61,33,16,12,8,8,13
2024-609,Indian Wells,Hard,128,1000,,20240306,21,213583,,,Tatjana Maria,R,172,GER,36.578,46,1270,201551,,,Arantxa Rus,L,180,NED,33.230,48,1244,7-6(5) 6-2,3,R128,112,2,4,63,35,30,11,10,3,5,0,8,76,51,31,9,10,4,8
2024-609,Indian Wells,Hard,128,1000,,20240306,22,203501,,Q,Taylor Townsend,L,170,USA,27.888,77,911,202663,,,Magda Linette,R,171,POL,32.064,54,1190,3-6 7-6(3) 6-1,3,R128,152,1,3,78,51,32,12,13,0,5,3,2,116,79,38,19,15,10,17
2024-609,Indian Wells,Hard,128,1000,,20240306,23,213631,,,Marie Bouzkova,R,180,CZE,25.627,40,1379,204427,,,Sara Sorribes Tormo,R,176,ESP,27.409,50,1209,6-1 6-1,3,R128,76,3,1,43,30,20,8,7,0,1,0,3,39,23,10,2,7,1,7
2024-609,Indian Wells,Hard,128,1000,,20240306,24,206408,,LL,Nadia Podoroska,R,170,ARG,27.067,84,852,221909,,WC,Ashlyn Krueger,R,185,USA,19.831,71,983,3-6 6-3 6-3,3,R128,121,1,7,86,62,44,8,14,6,10,2,9,81,40,29,16,13,8,13
2024-609,Indian Wells,Hard,128,1000,,20240306,25,220465,,WC,Katie Volynets,R,,USA,22.180,131,582,259799,,,Mirra Andreeva,R,,RUS,16.855,38,1418,7-5 7-5,3,R128,127,0,0,82,68,37,6,12,7,11,1,4,78,59,32,7,12,0,6
2024-609,Indian Wells,Hard,128,1000,,20240306,26,201496,,WC,Caroline Wozniacki,R,177,DEN,33.654,204,373,202684,,,Lin Zhu,R,173,CHN,30.103,62,1072,7-6(6) 6-1,3,R128,107,3,0,58,40,29,8,9,3,5,0,3,78,39,22,15,10,2,7
2024-609,Indian Wells,Hard,128,1000,,20240306,27,211702,,Q,Nao Hibino,R,163,JPN,29.271,80,888,200748,,WC,Venus Williams,R,185,USA,43.719,487,112,2-6 6-3 6-0,3,R128,121,1,3,61,43,25,10,11,6,10,7,10,92,57,33,12,12,8,15
2024-609,Indian Wells,Hard,128,1000,,20240306,28,201493,,,Angelique Kerber,L,173,GER,36.132,607,71,201549,,,Petra Martic,R,181,CRO,33.129,58,1143,6-3 6-4,3,R128,89,1,5,62,45,31,8,10,2,4,3,5,72,39,24,13,9,7,11
2024-609,Indian Wells,Hard,128,1000,,20240306,29,201709,,,Yulia Putintseva,R,163,KAZ,29.161,79,898,211337,,,Tamara Korpatsch,R,170,GER,28.819,76,918,6-2 6-3,3,R128,93,1,0,56,37,23,15,8,4,5,1,7,53,28,17,9,9,3,8
2024-609,Indian Wells,Hard,128,1000,,20240306,30,221024,,Q,Hailey Baptiste,R,,USA,22.339,105,692,221905,,Q,Robin Montgomery,L,,USA,19.499,199,387,6-2 4-6 6-1,3,R128,123,7,8,83,41,34,22,13,5,7,3,6,81,52,30,13,12,5,10
2024-609,Indian Wells,Hard,128,1000,,20240306,31,202429,,,Camila Giorgi,R,168,ITA,32.184,106,691,211107,,,Katie Boulter,R,180,GBR,27.595,27,1700,6-3 6-2,3,R128,78,1,7,58,28,21,17,9,3,4,1,6,47,22,14,9,8,0,4
2024-609,Indian Wells,Hard,128,1000,,20240306,32,203389,,,Danielle Collins,R,178,USA,30.229,56,1180,222965,,Q,Erika Andreeva,R,,RUS,19.699,98,739,7-6(3) 7-6(6),3,R128,148,1,8,85,44,29,22,12,3,7,0,3,87,56,34,16,12,1,5
2024-609,Indian Wells,Hard,128,1000,,20240306,33,214544,2,,Aryna Sabalenka,R,182,BLR,25.838,2,8725,220548,,,Peyton Stearns,R,,USA,22.410,64,1046,6-7(2) 6-2 7-6(6),3,R64,173,10,9,109,67,51,18,16,6,10,3,4,117,75,47,19,16,6,12
2024-609,Indian Wells,Hard,128,1000,,20240306,34,221054,,WC,Emma Raducanu,R,175,GBR,21.312,250,301,215035,30,,Dayana Yastremska,R,175,UKR,23.809,31,1577,4-0 RET,3,R64,21,0,1,14,7,5,5,2,1,1,0,2,11,5,1,2,3,0,2
2024-609,Indian Wells,Hard,128,1000,,20240306,35,215613,23,,Emma Navarro,R,,USA,22.801,23,1998,201615,,,Lesia Tsurenko,R,174,UKR,34.769,37,1447,4-6 7-5 7-5,3,R64,148,0,8,107,67,44,11,17,7,15,0,8,101,71,36,14,17,6,15
2024-609,Indian Wells,Hard,128,1000,,20240306,36,202494,16,,Elina Svitolina,R,174,UKR,29.482,17,2332,211701,,,Katerina Siniakova,R,174,CZE,27.823,41,1352,6-3 2-6 6-1,3,R64,118,2,5,82,49,34,17,12,6,8,0,7,93,49,27,22,12,7,11
2024-609,Indian Wells,Hard,128,1000,,20240306,37,206289,9,,Maria Sakkari,R,172,GRE,28.617,9,3565,223670,,,Diana Shnaider,L,,RUS,19.926,74,963,5-7 6-4 6-0,3,R64,136,4,6,89,58,44,12,14,6,9,1,4,94,56,36,16,14,7,13
2024-609,Indian Wells,Hard,128,1000,,20240306,38,201614,20,,Caroline Garcia,R,177,FRA,30.388,26,1920,202600,,,Viktoriya Tomova,R,170,BUL,29.027,75,949,6-1 3-6 6-3,3,R64,96,9,4,81,43,33,20,13,4,6,3,8,67,38,27,10,12,1,5
2024-609,Indian Wells,Hard,128,1000,,20240306,39,220348,,,Diane Parry,R,170,FRA,21.512,61,1098,220367,29,,Leylah Fernandez,L,168,CAN,21.498,34,1545,7-5 5-7 6-2,3,R64,177,2,10,94,38,28,27,16,4,9,6,8,94,54,32,15,16,5,12
2024-609,Indian Wells,Hard,128,1000,,20240306,40,215020,,,Anna Blinkova,R,179,RUS,25.487,45,1270,202468,5,,Jessica Pegula,R,170,USA,30.029,5,5145,6-2 3-6 6-3,3,R64,125,3,6,102,54,38,18,13,12,16,1,2,75,45,29,12,13,5,11
2024-609,Indian Wells,Hard,128,1000,,20240306,41,221103,3,,Coco Gauff,R,175,USA,19.981,3,6975,216262,,,Clara Burel,R,176,FRA,22.952,47,1253,2-6 6-3 7-6(4),3,R64,136,2,10,101,65,42,12,15,8,14,1,6,87,44,26,18,14,2,7
2024-609,Indian Wells,Hard,128,1000,,20240306,42,214459,,,Lucia Bronzetti,R,,ITA,25.238,53,1192,211843,32,,Anhelina Kalinina,R,179,UKR,27.075,35,1538,6-3 6-4,3,R64,84,2,1,46,27,20,11,9,2,4,0,1,62,36,20,11,10,6,11
2024-609,Indian Wells,Hard,128,1000,,20240306,43,210722,24,,Elise Mertens,R,179,BEL,28.302,28,1646,216133,,,Xinyu Wang,R,182,CHN,22.443,42,1346,6-1 6-4,3,R64,80,3,3,46,25,22,11,9,0,1,1,3,72,41,21,16,8,10,14
2024-609,Indian Wells,Hard,128,1000,,20240306,44,211768,,,Naomi Osaka,R,180,JPN,26.388,287,258,214643,14,,Liudmila Samsonova,R,180,RUS,25.317,15,2605,7-5 6-3,3,R64,97,4,5,68,32,21,24,11,5,7,2,6,63,30,20,17,10,3,7
2024-609,Indian Wells,Hard,128,1000,,20240306,45,214082,11,,Daria Kasatkina,R,170,RUS,26.831,12,3063,206219,,,Oceane Dodin,R,,FRA,27.365,85,850,6-3 7-6(5),3,R64,86,3,8,70,51,36,8,10,3,4,2,8,72,35,26,14,11,1,4
2024-609,Indian Wells,Hard,128,1000,,20240306,46,201585,,,Sloane Stephens,R,170,USA,30.963,44,1297,201514,19,,Sorana Cirstea,R,176,ROU,33.914,22,2223,6-0 7-5,3,R64,80,0,2,61,42,31,9,9,4,5,1,2,57,29,16,12,9,4,9
2024-609,Indian Wells,Hard,128,1000,,20240306,47,214452,,,Caroline Dolehide,R,178,USA,25.501,51,1200,201458,27,,Victoria Azarenka,R,180,BLR,34.599,30,1591,7-5 2-6 6-3,3,R64,145,2,4,104,83,45,9,14,7,13,1,4,97,60,35,18,15,5,12
2024-609,Indian Wells,Hard,128,1000,,20240306,48,206294,,,Yue Yuan,R,184,CHN,25.446,49,1241,221012,8,,Qinwen Zheng,R,,CHN,21.410,8,4040,6-4 6-3,3,R64,100,0,0,66,32,19,22,10,4,6,6,6,69,34,21,14,9,9,13
2024-609,Indian Wells,Hard,128,1000,,20240306,49,214954,7,,Marketa Vondrousova,L,173,CZE,24.690,7,4070,211095,,Q,Bernarda Pera,L,175,USA,29.257,78,906,6-0 6-2,3,R64,64,4,2,44,24,18,13,7,1,1,0,3,41,23,11,5,7,3,8
2024-609,Indian Wells,Hard,128,1000,,20240306,50,216146,31,,Marta Kostyuk,R,175,UKR,21.690,32,1566,215988,,Q,Mai Hontama,R,,JPN,24.518,120,639,6-4 6-2,3,R64,78,2,5,49,26,20,8,9,3,6,0,2,63,41,20,8,9,5,11
2024-609,Indian Wells,Hard,128,1000,,20240306,51,201499,22,,Anastasia Pavlyuchenkova,R,177,RUS,32.677,24,1981,203463,,Q,Nuria Parrizas Diaz,R,167,ESP,32.644,134,559,6-3 6-1,3,R64,65,5,1,41,27,20,10,8,0,1,0,5,53,34,13,11,8,4,9
2024-609,Indian Wells,Hard,128,1000,,20240306,52,206242,12,,Beatriz Haddad Maia,L,185,BRA,27.768,13,2870,211685,,Q,Rebecca Sramkova,R,,SVK,27.379,127,593,7-5 6-2,3,R64,115,0,5,73,44,31,13,10,6,8,2,0,74,43,20,18,10,11,16
2024-609,Indian Wells,Hard,128,1000,,20240306,53,211148,13,,Jasmine Paolini,R,160,ITA,28.170,14,2700,213583,,,Tatjana Maria,R,172,GER,36.578,46,1270,6-3 6-3,3,R64,77,0,1,59,39,24,13,9,6,8,2,7,60,26,15,13,9,6,11
2024-609,Indian Wells,Hard,128,1000,,20240306,54,214939,21,,Anna Kalinskaya,R,175,RUS,25.260,25,1943,203501,,Q,Taylor Townsend,L,170,USA,27.888,77,911,7-5 3-6 6-4,3,R64,143,0,10,91,47,30,24,15,5,10,5,1,108,79,48,13,16,13,19
2024-609,Indian Wells,Hard,128,1000,,20240306,55,215713,28,,Anastasia Potapova,R,175,RUS,22.935,33,1557,213631,,,Marie Bouzkova,R,180,CZE,25.627,40,1379,7-5 6-1,3,R64,99,1,3,75,43,27,13,10,7,11,0,2,58,37,15,9,9,9,16
2024-609,Indian Wells,Hard,128,1000,,20240306,56,206408,,LL,Nadia Podoroska,R,170,ARG,27.067,84,852,215037,,LL,Kayla Day,L,173,USA,24.439,88,818,7-6(3) 6-4,3,R64,137,0,1,79,55,38,18,11,10,11,3,6,96,54,36,21,11,11,13
2024-609,Indian Wells,Hard,128,1000,,20240306,57,220465,,WC,Katie Volynets,R,,USA,22.180,131,582,202460,6,,Ons Jabeur,R,167,TUN,29.523,6,4173,6-4 6-4,3,R64,82,1,0,61,52,35,4,10,3,5,4,0,65,32,19,18,10,3,7
2024-609,Indian Wells,Hard,128,1000,,20240306,58,201496,,WC,Caroline Wozniacki,R,177,DEN,33.654,204,373,202499,25,,Donna Vekic,R,179,CRO,27.688,36,1518,7-6(5) 6-3,3,R64,102,2,3,76,48,34,16,10,7,8,6,7,73,43,30,15,11,3,6
2024-609,Indian Wells,Hard,128,1000,,20240306,59,206368,17,,Veronika Kudermetova,R,175,RUS,26.867,19,2305,211702,,Q,Nao Hibino,R,163,JPN,29.271,80,888,6-1 7-5,3,R64,94,3,3,62,39,29,11,10,3,6,0,6,58,30,16,9,9,5,11
2024-609,Indian Wells,Hard,128,1000,,20240306,60,201493,,,Angelique Kerber,L,173,GER,36.132,607,71,211533,10,,Jelena Ostapenko,R,177,LAT,26.744,10,3548,5-7 6-3 6-3,3,R64,133,3,8,106,62,36,22,15,8,14,9,12,114,62,40,14,15,12,20
2024-609,Indian Wells,Hard,128,1000,,20240306,61,201709,,,Yulia Putintseva,R,163,KAZ,29.161,79,898,206420,15,,Ekaterina Alexandrova,R,175,RUS,29.307,16,2475,7-5 6-1,3,R64,89,1,1,62,39,26,12,9,8,10,4,10,76,37,24,13,10,6,12
2024-609,Indian Wells,Hard,128,1000,,20240306,62,201619,18,,Madison Keys,R,178,USA,29.049,20,2287,221024,,Q,Hailey Baptiste,R,,USA,22.339,105,692,6-4 4-6 7-6(4),3,R64,163,2,8,133,83,53,23,16,11,16,3,9,115,59,39,26,16,8,13
2024-609,Indian Wells,Hard,128,1000,,20240306,63,222328,26,,Linda Noskova,R,,CZE,19.300,29,1613,202429,,,Camila Giorgi,R,168,ITA,32.184,106,691,6-3 7-5,3,R64,95,4,5,59,37,28,10,10,5,7,6,10,83,44,30,11,11,7,12
2024-609,Indian Wells,Hard,128,1000,,20240306,64,216347,1,,Iga Swiatek,R,176,POL,22.766,1,10105,203389,,,Danielle Collins,R,178,USA,30.229,56,1180,6-3 6-0,3,R64,81,2,2,63,45,32,9,8,4,4,4,7,44,16,8,12,7,2,6
2024-609,Indian Wells,Hard,128,1000,,20240306,65,214544,2,,Aryna Sabalenka,R,182,BLR,25.838,2,8725,221054,,WC,Emma Raducanu,R,175,GBR,21.312,250,301,6-3 7-5,3,R32,95,8,2,75,47,35,15,11,9,10,1,4,58,36,24,12,10,4,7
2024-609,Indian Wells,Hard,128,1000,,20240306,66,215613,23,,Emma Navarro,R,,USA,22.801,23,1998,202494,16,,Elina Svitolina,R,174,UKR,29.482,17,2332,6-1 4-6 6-3,3,R32,120,0,1,83,59,34,14,13,2,6,1,4,88,50,30,14,13,6,13
2024-609,Indian Wells,Hard,128,1000,,20240306,67,206289,9,,Maria Sakkari,R,172,GRE,28.617,9,3565,201614,20,,Caroline Garcia,R,177,FRA,30.388,26,1920,6-3 6-4,3,R32,77,4,3,64,33,25,15,10,0,2,4,5,46,22,16,8,9,0,4
2024-609,Indian Wells,Hard,128,1000,,20240306,68,220348,,,Diane Parry,R,170,FRA,21.512,61,1098,215020,,,Anna Blinkova,R,179,RUS,25.487,45,1270,6-4 6-3,3,R32,113,2,2,65,33,23,20,10,3,4,2,14,82,41,25,18,9,12,15
2024-609,Indian Wells,Hard,128,1000,,20240306,69,221103,3,,Coco Gauff,R,175,USA,19.981,3,6975,214459,,,Lucia Bronzetti,R,,ITA,25.238,53,1192,6-2 7-6(5),3,R32,109,3,6,78,54,40,12,10,10,11,3,4,73,43,28,14,10,4,7
2024-609,Indian Wells,Hard,128,1000,,20240306,70,210722,24,,Elise Mertens,R,179,BEL,28.302,28,1646,211768,,,Naomi Osaka,R,180,JPN,26.388,287,258,7-5 6-4,3,R32,116,5,7,79,49,32,15,11,6,9,7,6,76,29,23,17,11,5,10
2024-609,Indian Wells,Hard,128,1000,,20240306,71,214082,11,,Daria Kasatkina,R,170,RUS,26.831,12,3063,201585,,,Sloane Stephens,R,170,USA,30.963,44,1297,2-6 6-4 6-4,3,R32,133,1,7,91,65,37,12,14,10,16,0,1,96,64,35,16,14,9,15
2024-609,Indian Wells,Hard,128,1000,,20240306,72,206294,,,Yue Yuan,R,184,CHN,25.446,49,1241,214452,,,Caroline Dolehide,R,178,USA,25.501,51,1200,1-6 6-4 7-6(2),3,R32,146,0,3,84,50,27,17,15,1,8,0,6,112,88,51,10,14,14,19
2024-609,Indian Wells,Hard,128,1000,,20240306,73,216146,31,,Marta Kostyuk,R,175,UKR,21.690,32,1566,214954,7,,Marketa Vondrousova,L,173,CZE,24.690,7,4070,W/O,3,R32,,,,,,,,,,,,,,,,,,,
2024-609,Indian Wells,Hard,128,1000,,20240306,74,201499,22,,Anastasia Pavlyuchenkova,R,177,RUS,32.677,24,1981,206242,12,,Beatriz Haddad Maia,L,185,BRA,27.768,13,2870,2-6 6-4 6-3,3,R32,158,4,4,98,53,35,20,13,2,6,4,4,97,55,31,22,14,11,16
2024-609,Indian Wells,Hard,128,1000,,20240306,75,211148,13,,Jasmine Paolini,R,160,ITA,28.170,14,2700,214939,21,,Anna Kalinskaya,R,175,RUS,25.260,25,1943,6-3 3-6 6-4,3,R32,121,3,4,82,49,34,18,14,1,4,1,10,100,67,43,14,14,9,13
2024-609,Indian Wells,Hard,128,1000,,20240306,76,215713,28,,Anastasia Potapova,R,175,RUS,22.935,33,1557,206408,,LL,Nadia Podoroska,R,170,ARG,27.067,84,852,6-1 6-1,3,R32,61,2,6,46,22,19,10,7,4,5,0,6,49,30,16,2,7,4,10
2024-609,Indian Wells,Hard,128,1000,,20240306,77,201496,,WC,Caroline Wozniacki,R,177,DEN,33.654,204,373,220465,,WC,Katie Volynets,R,,USA,22.180,131,582,6-2 4-6 6-0,3,R32,130,0,4,88,61,40,11,12,5,8,0,3,86,72,36,4,12,7,14
2024-609,Indian Wells,Hard,128,1000,,20240306,78,201493,,,Angelique Kerber,L,173,GER,36.132,607,71,206368,17,,Veronika Kudermetova,R,175,RUS,26.867,19,2305,6-4 7-5,3,R32,107,1,2,83,57,34,12,11,7,11,5,0,61,38,21,8,11,6,12
2024-609,Indian Wells,Hard,128,1000,,20240306,79,201709,,,Yulia Putintseva,R,163,KAZ,29.161,79,898,201619,18,,Madison Keys,R,178,USA,29.049,20,2287,6-4 6-1,3,R32,82,0,5,55,36,26,10,8,7,8,0,1,57,32,17,11,9,2,7
2024-609,Indian Wells,Hard,128,1000,,20240306,80,216347,1,,Iga Swiatek,R,176,POL,22.766,1,10105,222328,26,,Linda Noskova,R,,CZE,19.300,29,1613,6-4 6-0,3,R32,72,0,1,54,33,21,13,8,4,5,2,7,45,27,13,6,8,4,9
2024-609,Indian Wells,Hard,128,1000,,20240306,81,215613,23,,Emma Navarro,R,,USA,22.801,23,1998,214544,2,,Aryna Sabalenka,R,182,BLR,25.838,2,8725,6-3 3-6 6-2,3,R16,116,2,1,90,54,35,20,13,4,6,4,4,73,42,26,19,13,1,5
2024-609,Indian Wells,Hard,128,1000,,20240306,82,206289,9,,Maria Sakkari,R,172,GRE,28.617,9,3565,220348,,,Diane Parry,R,170,FRA,21.512,61,1098,6-2 3-6 6-3,3,R16,131,3,3,82,39,28,26,13,6,8,3,3,81,36,26,23,13,3,7
2024-609,Indian Wells,Hard,128,1000,,20240306,83,221103,3,,Coco Gauff,R,175,USA,19.981,3,6975,210722,24,,Elise Mertens,R,179,BEL,28.302,28,1646,6-0 6-2,3,R16,66,3,6,42,31,26,2,7,1,2,0,4,48,26,10,7,7,2,8
2024-609,Indian Wells,Hard,128,1000,,20240306,84,206294,,,Yue Yuan,R,184,CHN,25.446,49,1241,214082,11,,Daria Kasatkina,R,170,RUS,26.831,12,3063,4-6 6-4 6-3,3,R16,150,0,1,106,58,37,17,15,9,16,1,6,88,64,34,10,14,7,15
2024-609,Indian Wells,Hard,128,1000,,20240306,85,216146,31,,Marta Kostyuk,R,175,UKR,21.690,32,1566,201499,22,,Anastasia Pavlyuchenkova,R,177,RUS,32.677,24,1981,6-4 6-1,3,R16,78,0,3,49,18,14,18,8,1,2,2,4,59,37,20,8,9,3,8
2024-609,Indian Wells,Hard,128,1000,,20240306,86,215713,28,,Anastasia Potapova,R,175,RUS,22.935,33,1557,211148,13,,Jasmine Paolini,R,160,ITA,28.170,14,2700,7-5 0-6 6-3,3,R16,107,2,8,77,46,33,13,13,2,6,1,4,81,55,36,11,14,3,7
2024-609,Indian Wells,Hard,128,1000,,20240306,87,201496,,WC,Caroline Wozniacki,R,177,DEN,33.654,204,373,201493,,,Angelique Kerber,L,173,GER,36.132,607,71,6-4 6-2,3,R16,89,2,0,56,35,24,12,9,2,4,0,3,70,53,24,10,9,7,12
2024-609,Indian Wells,Hard,128,1000,,20240306,88,216347,1,,Iga Swiatek,R,176,POL,22.766,1,10105,201709,,,Yulia Putintseva,R,163,KAZ,29.161,79,898,6-1 6-2,3,R16,71,1,1,43,30,22,7,8,4,6,0,4,57,35,14,9,7,8,14
2024-609,Indian Wells,Hard,128,1000,,20240306,89,206289,9,,Maria Sakkari,R,172,GRE,28.617,9,3565,215613,23,,Emma Navarro,R,,USA,22.801,23,1998,5-7 6-2 6-4,3,QF,174,2,6,125,75,53,22,15,10,13,0,4,117,78,46,19,15,12,17
2024-609,Indian Wells,Hard,128,1000,,20240306,90,221103,3,,Coco Gauff,R,175,USA,19.981,3,6975,206294,,,Yue Yuan,R,184,CHN,25.446,49,1241,6-4 6-3,3,QF,94,7,17,84,52,39,9,10,7,10,0,1,56,33,19,7,9,2,7
2024-609,Indian Wells,Hard,128,1000,,20240306,91,216146,31,,Marta Kostyuk,R,175,UKR,21.690,32,1566,215713,28,,Anastasia Potapova,R,175,RUS,22.935,33,1557,6-0 7-5,3,QF,68,1,4,47,27,16,12,9,2,5,1,4,63,46,21,5,9,3,10
2024-609,Indian Wells,Hard,128,1000,,20240306,92,216347,1,,Iga Swiatek,R,176,POL,22.766,1,10105,201496,,WC,Caroline Wozniacki,R,177,DEN,33.654,204,373,6-4 1-0 RET,3,QF,65,2,0,27,16,10,8,5,0,1,1,1,55,34,18,9,6,7,10
2024-609,Indian Wells,Hard,128,1000,,20240306,93,206289,9,,Maria Sakkari,R,172,GRE,28.617,9,3565,221103,3,,Coco Gauff,R,175,USA,19.981,3,6975,6-4 6-7(5) 6-2,3,SF,161,2,4,120,76,51,21,15,11,14,3,7,100,53,37,19,15,6,12
2024-609,Indian Wells,Hard,128,1000,,20240306,94,216347,1,,Iga Swiatek,R,176,POL,22.766,1,10105,216146,31,,Marta Kostyuk,R,175,UKR,21.690,32,1566,6-2 6-1,3,SF,69,0,0,39,29,24,5,7,0,0,2,4,52,26,16,8,8,1,6
2024-609,Indian Wells,Hard,128,1000,,20240306,95,216347,1,,Iga Swiatek,R,176,POL,22.766,1,10105,206289,9,,Maria Sakkari,R,172,GRE,28.617,9,3565,6-4 6-0,3,F,68,2,2,43,29,22,9,8,1,2,1,1,44,27,12,7,8,3,8
2024-902,Miami,Hard,128,1000,,20240318,1,211651,,,Paula Badosa,R,180,ESP,26.339,80,906,201594,,WC,Simona Halep,R,168,ROU,32.474,,,1-6 6-4 6-3,3,R128,118,5,6,82,49,38,11,13,1,5,5,10,97,61,43,11,13,7,11
2024-902,Miami,Hard,128,1000,,20240318,2,201496,,WC,Caroline Wozniacki,R,177,DEN,33.687,129,588,216262,,,Clara Burel,R,176,FRA,22.985,45,1287,6-1 6-4,3,R128,78,0,2,52,29,23,12,9,3,5,2,7,60,32,16,10,8,6,11
2024-902,Miami,Hard,128,1000,,20240318,3,201615,,,Lesia Tsurenko,R,174,UKR,34.802,40,1387,202663,,,Magda Linette,R,171,POL,32.096,55,1190,2-6 6-1 6-4,3,R128,144,0,5,86,62,40,5,12,8,13,3,4,100,65,41,9,13,11,18
2024-902,Miami,Hard,128,1000,,20240318,4,201709,,,Yulia Putintseva,R,163,KAZ,29.194,68,1008,213710,,,Cristina Bucsa,R,,ESP,26.210,74,965,6-2 3-6 6-4,3,R128,137,1,2,91,64,36,11,14,7,14,1,1,98,64,34,11,13,4,12
2024-902,Miami,Hard,128,1000,,20240318,5,220348,,,Diane Parry,R,170,FRA,21.545,54,1200,211713,,,Jaqueline Cristian,R,180,ROU,25.786,82,884,7-6(2) 6-2,3,R128,105,3,2,67,32,24,21,10,2,3,3,1,65,37,24,12,10,4,7
2024-902,Miami,Hard,128,1000,,20240318,6,259104,,WC,Brenda Fruhvirtova,R,,CZE,16.961,105,704,214604,,Q,Maria Lourdes Carle,R,,ARG,24.102,100,726,6-3 6-3,3,R128,89,0,4,55,38,23,9,9,1,4,0,4,56,41,23,2,9,6,12
2024-902,Miami,Hard,128,1000,,20240318,7,220548,,,Peyton Stearns,R,,USA,22.443,67,1046,206374,,,Yafan Wang,R,170,CHN,29.884,64,1060,6-2 6-3,3,R128,86,3,0,71,48,32,8,9,9,11,3,2,45,27,15,5,8,6,11
2024-902,Miami,Hard,128,1000,,20240318,8,211701,,,Katerina Siniakova,R,174,CZE,27.855,42,1352,202536,,,Ana Bogdan,R,171,ROU,31.311,66,1054,6-2 6-4,3,R128,84,4,4,50,30,24,10,9,0,1,0,1,55,31,17,11,9,3,7
2024-902,Miami,Hard,128,1000,,20240318,9,220704,,Q,Clara Tauson,R,182,DEN,21.241,91,793,214452,,,Caroline Dolehide,R,178,USA,25.534,50,1245,6-3 3-6 6-2,3,R128,120,3,5,80,46,33,15,13,4,7,6,4,74,52,37,7,13,6,11
2024-902,Miami,Hard,128,1000,,20240318,10,203501,,Q,Taylor Townsend,L,170,USA,27.921,72,974,214459,,,Lucia Bronzetti,R,,ITA,25.271,49,1247,3-6 6-3 6-4,3,R128,127,4,5,81,58,43,12,14,3,5,5,4,87,53,37,16,14,4,7
2024-902,Miami,Hard,128,1000,,20240318,11,223670,,,Diana Shnaider,L,,RUS,19.959,62,1076,200748,,WC,Venus Williams,R,185,USA,43.752,457,122,6-3 6-3,3,R128,79,2,4,51,30,23,8,9,0,3,2,6,64,36,23,7,9,5,11
2024-902,Miami,Hard,128,1000,,20240318,12,216133,,,Xinyu Wang,R,182,CHN,22.475,43,1316,221024,,WC,Hailey Baptiste,R,,USA,22.371,96,744,7-6(1) 6-3,3,R128,86,6,2,65,38,32,17,11,3,4,2,5,60,28,23,15,10,3,5
2024-902,Miami,Hard,128,1000,,20240318,13,201696,,Q,Laura Siegemund,R,168,GER,36.039,90,795,202434,,Q,Aleksandra Krunic,R,163,SRB,31.010,626,66,4-6 6-2 6-2,3,R128,160,1,2,92,67,39,11,13,6,11,3,3,103,66,37,9,13,10,18
2024-902,Miami,Hard,128,1000,,20240318,14,216016,,,Xiyu Wang,L,,CHN,22.974,56,1174,203533,,Q,Anna Karolina Schmiedlova,R,176,SVK,29.512,69,983,6-1 6-3,3,R128,91,3,3,53,29,22,10,8,6,8,0,3,60,35,16,8,8,4,10
2024-902,Miami,Hard,128,1000,,20240318,15,201611,,,Daria Saville,R,166,AUS,30.038,115,661,201533,,,Shuai Zhang,R,177,CHN,35.155,711,49,6-4 2-6 6-4,3,R128,152,2,2,109,82,45,9,14,10,17,0,2,108,76,39,16,14,7,14
2024-902,Miami,Hard,128,1000,,20240318,16,206294,,,Yue Yuan,R,184,CHN,25.479,37,1436,215020,,,Anna Blinkova,R,179,RUS,25.520,44,1300,6-4 6-2,3,R128,99,4,2,54,35,24,9,9,2,5,2,8,88,50,29,12,9,10,16
2024-902,Miami,Hard,128,1000,,20240318,17,220589,,,Elina Avanesyan,R,,ARM,21.501,65,1059,222965,,WC,Erika Andreeva,R,,RUS,19.732,94,767,6-0 3-6 6-1,3,R128,99,1,1,63,51,35,6,11,0,1,0,0,61,39,23,9,11,1,6
2024-902,Miami,Hard,128,1000,,20240318,18,203389,,,Danielle Collins,R,178,USA,30.262,53,1205,211095,,LL,Bernarda Pera,L,175,USA,29.290,81,906,3-6 6-1 6-1,3,R128,106,12,9,93,53,39,19,12,10,12,3,7,77,53,33,7,11,8,13
2024-902,Miami,Hard,128,1000,,20240318,19,201585,,,Sloane Stephens,R,170,USA,30.996,41,1352,201493,,,Angelique Kerber,L,173,GER,36.165,342,191,6-2 6-3,3,R128,70,0,1,59,43,30,8,9,1,2,0,3,59,43,25,4,8,4,8
2024-902,Miami,Hard,128,1000,,20240318,20,214906,,Q,Claire Liu,R,170,USA,23.814,114,662,201549,,,Petra Martic,R,181,CRO,33.162,60,1143,6-4 6-1,3,R128,79,3,2,50,29,19,14,9,3,5,3,3,52,27,19,6,8,3,8
2024-902,Miami,Hard,128,1000,,20240318,21,211768,,,Naomi Osaka,R,180,JPN,26.421,229,323,220714,,,Elisabetta Cocciaretto,R,,ITA,23.144,51,1238,6-3 6-4,3,R128,78,6,2,49,20,17,23,10,0,0,2,2,59,36,23,11,9,5,7
2024-902,Miami,Hard,128,1000,,20240318,22,202600,,,Viktoriya Tomova,R,170,BUL,29.060,73,969,211337,,LL,Tamara Korpatsch,R,170,GER,28.852,77,928,6-2 6-4,3,R128,99,0,1,55,40,25,9,9,3,5,1,3,63,43,20,11,9,6,11
2024-902,Miami,Hard,128,1000,,20240318,23,201551,,,Arantxa Rus,L,180,NED,33.263,57,1174,204427,,,Sara Sorribes Tormo,R,176,ESP,27.442,52,1218,6-0 6-3,3,R128,102,3,0,52,36,26,11,8,3,3,1,3,52,38,19,6,7,3,7
2024-902,Miami,Hard,128,1000,,20240318,24,206408,,Q,Nadia Podoroska,R,170,ARG,27.100,78,919,221909,,,Ashlyn Krueger,R,185,USA,19.864,75,963,6-4 6-2,3,R128,81,1,0,57,40,27,12,9,3,3,1,2,56,32,20,13,9,7,10
2024-902,Miami,Hard,128,1000,,20240318,25,202684,,,Lin Zhu,R,173,CHN,30.136,63,1072,213631,,,Marie Bouzkova,R,180,CZE,25.660,39,1404,6-2 6-4,3,R128,84,3,3,51,26,22,14,9,1,2,1,1,55,39,21,8,9,6,10
2024-902,Miami,Hard,128,1000,,20240318,26,215306,,Q,Emiliana Arango,R,,COL,23.302,123,635,213583,,,Tatjana Maria,R,172,GER,36.611,48,1270,6-2 6-3,3,R128,85,0,1,62,54,33,6,8,7,8,4,0,52,22,12,12,9,4,9
2024-902,Miami,Hard,128,1000,,20240318,27,204411,,Q,Storm Hunter,L,166,AUS,29.602,122,636,203354,,,Martina Trevisan,L,160,ITA,30.372,61,1084,6-3 3-0 RET,3,R128,46,0,2,32,20,16,8,6,0,0,1,3,35,26,15,3,6,2,5
2024-902,Miami,Hard,128,1000,,20240318,28,220465,,Q,Katie Volynets,R,,USA,22.213,121,637,213550,,,Sofia Kenin,R,170,USA,25.342,58,1164,6-2 4-6 6-3,3,R128,123,3,2,77,61,35,9,13,2,6,0,5,105,82,39,13,14,9,16
2024-902,Miami,Hard,128,1000,,20240318,29,202499,,,Donna Vekic,R,179,CRO,27.721,34,1518,201662,,,Karolina Pliskova,R,184,CZE,31.992,46,1282,6-4 2-6 6-2,3,R128,121,9,3,85,54,38,15,13,5,8,6,7,91,59,39,12,13,8,12
2024-902,Miami,Hard,128,1000,,20240318,30,201603,,,Shelby Rogers,R,175,USA,31.428,325,208,222258,,WC,Linda Fruhvirtova,R,,CZE,18.881,138,536,4-6 6-4 6-2,3,R128,134,2,2,91,53,32,23,14,3,6,6,4,89,56,40,14,14,5,10
2024-902,Miami,Hard,128,1000,,20240318,31,221237,,Q,Maria Timofeeva,R,,RUS,20.332,99,726,219875,,,Varvara Gracheva,R,,FRA,23.625,83,876,6-3 6-3,3,R128,80,1,2,50,27,21,13,9,1,2,1,3,58,37,23,6,9,3,7
2024-902,Miami,Hard,128,1000,,20240318,32,202429,,,Camila Giorgi,R,168,ITA,32.217,107,691,211684,,,Magdalena Frech,R,171,POL,26.257,47,1270,6-4 6-2,3,R128,95,4,7,61,36,30,12,9,3,3,1,2,57,34,21,13,9,2,5
2024-902,Miami,Hard,128,1000,,20240318,33,214544,2,,Aryna Sabalenka,R,182,BLR,25.870,2,8195,211651,,,Paula Badosa,R,180,ESP,26.339,80,906,6-4 6-3,3,R64,83,3,4,51,39,30,7,9,1,1,3,4,74,44,27,14,10,5,8
2024-902,Miami,Hard,128,1000,,20240318,34,211843,32,,Anhelina Kalinina,R,179,UKR,27.108,36,1483,201496,,WC,Caroline Wozniacki,R,177,DEN,33.687,129,588,5-7 7-5 6-4,3,R64,198,5,2,120,83,47,22,17,14,19,1,7,130,82,45,24,17,15,21
2024-902,Miami,Hard,128,1000,,20240318,35,213889,,LL,Greet Minnen,R,,BEL,26.593,79,908,201615,,,Lesia Tsurenko,R,174,UKR,34.802,40,1387,7-5 6-1,3,R64,92,2,3,55,38,27,6,9,3,6,0,3,85,59,30,8,10,10,17
2024-902,Miami,Hard,128,1000,,20240318,36,201709,,,Yulia Putintseva,R,163,KAZ,29.194,68,1008,214643,13,,Liudmila Samsonova,R,180,RUS,25.350,15,2605,6-1 4-6 6-3,3,R64,141,2,0,83,61,40,10,13,3,6,1,8,82,38,24,18,13,8,14
2024-902,Miami,Hard,128,1000,,20240318,37,206242,11,,Beatriz Haddad Maia,L,185,BRA,27.801,13,2870,220348,,,Diane Parry,R,170,FRA,21.545,54,1200,3-6 6-1 6-4,3,R64,140,4,1,88,66,42,13,13,6,8,6,0,73,44,27,16,13,2,6
2024-902,Miami,Hard,128,1000,,20240318,38,211107,24,,Katie Boulter,R,180,GBR,27.628,30,1690,259104,,WC,Brenda Fruhvirtova,R,,CZE,16.961,105,704,7-6(5) 1-0 RET,3,R64,81,3,1,37,18,15,7,6,2,4,0,6,57,33,20,8,7,5,8
2024-902,Miami,Hard,128,1000,,20240318,39,201458,27,,Victoria Azarenka,R,180,BLR,34.632,32,1591,220548,,,Peyton Stearns,R,,USA,22.443,67,1046,7-5 3-6 6-4,3,R64,166,3,4,104,77,46,9,16,10,17,6,3,112,77,43,15,15,12,19
2024-902,Miami,Hard,128,1000,,20240318,40,221012,7,,Qinwen Zheng,R,,CHN,21.443,7,4050,211701,,,Katerina Siniakova,R,174,CZE,27.855,42,1352,4-6 6-3 1-0 RET,3,R64,103,4,1,65,37,30,11,11,1,4,2,1,56,32,21,9,10,2,6
2024-902,Miami,Hard,128,1000,,20240318,41,214981,4,,Elena Rybakina,R,184,KAZ,24.753,4,5848,220704,,Q,Clara Tauson,R,182,DEN,21.241,91,793,3-6 7-5 6-4,3,R64,147,6,5,103,59,41,19,16,5,10,2,7,110,73,46,15,15,9,14
2024-902,Miami,Hard,128,1000,,20240318,42,203501,,Q,Taylor Townsend,L,170,USA,27.921,72,974,210722,25,,Elise Mertens,R,179,BEL,28.335,28,1756,6-2 6-2,3,R64,78,4,2,48,34,26,8,8,2,2,1,4,48,22,11,14,8,1,5
2024-902,Miami,Hard,128,1000,,20240318,43,201619,17,,Madison Keys,R,178,USA,29.082,18,2342,223670,,,Diana Shnaider,L,,RUS,19.959,62,1076,6-2 6-4,3,R64,75,8,2,67,49,36,8,9,5,6,0,3,51,35,20,5,9,0,4
2024-902,Miami,Hard,128,1000,,20240318,44,216133,,,Xinyu Wang,R,182,CHN,22.475,43,1316,206368,16,,Veronika Kudermetova,R,175,RUS,26.900,19,2305,6-3 6-2,3,R64,88,1,4,61,38,31,10,9,2,3,1,4,66,41,21,12,8,3,7
2024-902,Miami,Hard,128,1000,,20240318,45,211533,9,,Jelena Ostapenko,R,177,LAT,26.777,10,3493,201696,,Q,Laura Siegemund,R,168,GER,36.039,90,795,7-6(3) 6-4,3,R64,123,3,8,80,41,33,17,11,3,6,4,2,76,64,37,4,11,5,9
2024-902,Miami,Hard,128,1000,,20240318,46,214939,22,,Anna Kalinskaya,R,175,RUS,25.293,25,1973,216016,,,Xiyu Wang,L,,CHN,22.974,56,1174,6-2 6-2,3,R64,87,3,2,54,43,32,6,8,2,2,4,3,54,31,20,8,8,5,9
2024-902,Miami,Hard,128,1000,,20240318,47,215035,28,,Dayana Yastremska,R,175,UKR,23.842,33,1577,201611,,,Daria Saville,R,166,AUS,30.038,115,661,7-5 7-5,3,R64,125,3,2,74,46,28,14,12,4,8,0,5,87,66,38,5,12,8,14
2024-902,Miami,Hard,128,1000,,20240318,48,206289,8,,Maria Sakkari,R,172,GRE,28.649,9,3825,206294,,,Yue Yuan,R,184,CHN,25.479,37,1436,6-2 6-2,3,R64,79,2,0,47,30,24,9,8,3,4,2,1,58,31,18,8,8,4,9
2024-902,Miami,Hard,128,1000,,20240318,49,220589,,,Elina Avanesyan,R,,ARM,21.501,65,1059,202460,6,,Ons Jabeur,R,167,TUN,29.556,6,4118,6-1 4-6 6-3,3,R64,114,1,1,73,55,35,10,13,3,7,2,0,81,46,27,15,13,6,13
2024-902,Miami,Hard,128,1000,,20240318,50,203389,,,Danielle Collins,R,178,USA,30.262,53,1205,215713,30,,Anastasia Potapova,R,175,RUS,22.968,29,1707,6-2 6-2,3,R64,62,1,3,45,20,15,17,8,1,2,1,3,43,29,16,2,8,2,7
2024-902,Miami,Hard,128,1000,,20240318,51,201514,19,,Sorana Cirstea,R,176,ROU,33.947,24,2018,201585,,,Sloane Stephens,R,170,USA,30.996,41,1352,6-2 6-1,3,R64,52,1,0,42,27,20,11,8,2,3,0,0,34,33,11,1,7,2,7
2024-902,Miami,Hard,128,1000,,20240318,52,214082,10,,Daria Kasatkina,R,170,RUS,26.864,11,3118,214906,,Q,Claire Liu,R,170,USA,23.814,114,662,6-0 1-0 RET,3,R64,61,0,2,21,13,11,3,4,0,0,1,4,41,24,11,4,4,3,7
2024-902,Miami,Hard,128,1000,,20240318,53,211768,,,Naomi Osaka,R,180,JPN,26.421,229,323,202494,15,,Elina Svitolina,R,174,UKR,29.515,17,2397,6-2 7-6(5),3,R64,90,5,2,64,38,27,17,10,3,4,2,0,62,40,27,12,10,2,5
2024-902,Miami,Hard,128,1000,,20240318,54,201614,23,,Caroline Garcia,R,177,FRA,30.421,27,1865,202600,,,Viktoriya Tomova,R,170,BUL,29.060,73,969,6-1 5-2 RET,3,R64,60,3,3,48,24,20,12,7,4,4,0,0,42,32,14,5,7,4,8
2024-902,Miami,Hard,128,1000,,20240318,55,206219,,LL,Oceane Dodin,R,,FRA,27.398,84,849,201551,,,Arantxa Rus,L,180,NED,33.263,57,1174,6-4 3-6 6-3,3,R64,105,3,6,78,47,34,15,14,4,8,3,4,83,62,37,9,14,6,11
2024-902,Miami,Hard,128,1000,,20240318,56,221103,3,,Coco Gauff,R,175,USA,20.014,3,7150,206408,,Q,Nadia Podoroska,R,170,ARG,27.100,78,919,6-1 6-2,3,R64,77,5,6,61,39,34,7,8,5,5,0,1,55,35,21,5,7,2,6
2024-902,Miami,Hard,128,1000,,20240318,57,202468,5,,Jessica Pegula,R,170,USA,30.062,5,5035,202684,,,Lin Zhu,R,173,CHN,30.136,63,1072,6-4 4-1 RET,3,R64,70,5,1,42,25,19,12,8,3,4,0,3,57,33,20,9,7,4,7
2024-902,Miami,Hard,128,1000,,20240318,58,220367,31,,Leylah Fernandez,L,168,CAN,21.531,35,1490,215306,,Q,Emiliana Arango,R,,COL,23.302,123,635,6-4 6-2,3,R64,77,0,4,47,33,22,5,9,2,5,2,3,61,46,25,3,9,0,6
2024-902,Miami,Hard,128,1000,,20240318,59,215613,20,,Emma Navarro,R,,USA,22.834,20,2178,204411,,Q,Storm Hunter,L,166,AUS,29.602,122,636,6-4 6-3,3,R64,89,2,1,67,47,28,11,10,4,7,1,2,68,44,26,10,9,6,11
2024-902,Miami,Hard,128,1000,,20240318,60,211148,12,,Jasmine Paolini,R,160,ITA,28.203,14,2810,220465,,Q,Katie Volynets,R,,USA,22.213,121,637,7-6(8) 7-5,3,R64,126,2,0,79,49,35,15,12,4,7,0,2,83,69,44,2,12,2,6
2024-902,Miami,Hard,128,1000,,20240318,61,206420,14,,Ekaterina Alexandrova,R,175,RUS,29.339,16,2475,202499,,,Donna Vekic,R,179,CRO,27.721,34,1518,6-3 6-4,3,R64,83,8,6,67,45,38,9,10,9,9,4,6,60,37,24,10,9,2,4
2024-902,Miami,Hard,128,1000,,20240318,62,201499,21,,Anastasia Pavlyuchenkova,R,177,RUS,32.710,22,2091,201603,,,Shelby Rogers,R,175,USA,31.428,325,208,6-2 6-1,3,R64,75,1,1,56,38,23,11,8,3,4,3,4,52,32,14,8,7,6,11
2024-902,Miami,Hard,128,1000,,20240318,63,222328,26,,Linda Noskova,R,,CZE,19.332,31,1613,221237,,Q,Maria Timofeeva,R,,RUS,20.332,99,726,6-4 6-4,3,R64,81,5,5,60,35,31,12,10,4,4,5,2,57,38,27,10,10,5,7
2024-902,Miami,Hard,128,1000,,20240318,64,216347,1,,Iga Swiatek,R,176,POL,22.799,1,10715,202429,,,Camila Giorgi,R,168,ITA,32.217,107,691,6-1 6-1,3,R64,67,2,1,42,26,20,11,7,4,4,2,9,48,29,17,5,7,6,11
2024-902,Miami,Hard,128,1000,,20240318,65,211843,32,,Anhelina Kalinina,R,179,UKR,27.108,36,1483,214544,2,,Aryna Sabalenka,R,182,BLR,25.870,2,8195,6-4 1-6 6-1,3,R32,122,1,5,82,55,33,10,12,6,11,3,6,76,50,31,8,12,5,11
2024-902,Miami,Hard,128,1000,,20240318,66,201709,,,Yulia Putintseva,R,163,KAZ,29.194,68,1008,213889,,LL,Greet Minnen,R,,BEL,26.593,79,908,6-2 2-6 6-4,3,R32,102,1,2,72,47,38,12,13,0,2,2,4,71,45,34,13,13,1,4
2024-902,Miami,Hard,128,1000,,20240318,67,211107,24,,Katie Boulter,R,180,GBR,27.628,30,1690,206242,11,,Beatriz Haddad Maia,L,185,BRA,27.801,13,2870,6-2 6-3,3,R32,90,2,5,59,38,30,9,8,0,0,2,3,51,34,20,8,9,3,7
2024-902,Miami,Hard,128,1000,,20240318,68,201458,27,,Victoria Azarenka,R,180,BLR,34.632,32,1591,221012,7,,Qinwen Zheng,R,,CHN,21.443,7,4050,6-4 7-5,3,R32,117,2,5,76,49,36,15,11,5,7,7,1,72,41,29,13,11,6,10
2024-902,Miami,Hard,128,1000,,20240318,69,214981,4,,Elena Rybakina,R,184,KAZ,24.753,4,5848,203501,,Q,Taylor Townsend,L,170,USA,27.921,72,974,6-3 6-7(3) 6-4,3,R32,144,16,3,106,60,47,22,16,5,7,9,1,95,66,42,18,15,6,10
2024-902,Miami,Hard,128,1000,,20240318,70,201619,17,,Madison Keys,R,178,USA,29.082,18,2342,216133,,,Xinyu Wang,R,182,CHN,22.475,43,1316,6-4 7-6(5),3,R32,103,3,1,71,42,30,19,11,4,5,5,0,88,51,34,20,11,5,7
2024-902,Miami,Hard,128,1000,,20240318,71,214939,22,,Anna Kalinskaya,R,175,RUS,25.293,25,1973,211533,9,,Jelena Ostapenko,R,177,LAT,26.777,10,3493,6-3 6-1,3,R32,69,2,1,56,33,24,14,8,2,2,2,3,46,24,14,10,8,2,6
2024-902,Miami,Hard,128,1000,,20240318,72,206289,8,,Maria Sakkari,R,172,GRE,28.649,9,3825,215035,28,,Dayana Yastremska,R,175,UKR,23.842,33,1577,7-5 6-4,3,R32,125,6,2,85,55,39,14,11,8,9,3,3,88,55,38,13,11,5,8
2024-902,Miami,Hard,128,1000,,20240318,73,203389,,,Danielle Collins,R,178,USA,30.262,53,1205,220589,,,Elina Avanesyan,R,,ARM,21.501,65,1059,6-1 6-2,3,R32,71,3,5,48,28,21,9,7,3,4,0,5,55,38,19,3,8,5,11
2024-902,Miami,Hard,128,1000,,20240318,74,201514,19,,Sorana Cirstea,R,176,ROU,33.947,24,2018,214082,10,,Daria Kasatkina,R,170,RUS,26.864,11,3118,7-5 6-2,3,R32,88,2,1,55,33,20,15,10,1,3,1,3,59,42,22,8,10,4,9
2024-902,Miami,Hard,128,1000,,20240318,75,201614,23,,Caroline Garcia,R,177,FRA,30.421,27,1865,211768,,,Naomi Osaka,R,180,JPN,26.421,229,323,7-6(4) 7-5,3,R32,108,12,4,79,51,38,14,12,3,4,16,2,76,46,32,18,12,7,9
2024-902,Miami,Hard,128,1000,,20240318,76,221103,3,,Coco Gauff,R,175,USA,20.014,3,7150,206219,,LL,Oceane Dodin,R,,FRA,27.398,84,849,6-4 6-0,3,R32,64,6,3,44,24,18,12,8,2,3,2,9,58,36,22,5,8,6,11
2024-902,Miami,Hard,128,1000,,20240318,77,202468,5,,Jessica Pegula,R,170,USA,30.062,5,5035,220367,31,,Leylah Fernandez,L,168,CAN,21.531,35,1490,7-5 6-4,3,R32,101,1,1,63,44,31,8,11,6,9,1,4,80,58,34,8,11,8,13
2024-902,Miami,Hard,128,1000,,20240318,78,215613,20,,Emma Navarro,R,,USA,22.834,20,2178,211148,12,,Jasmine Paolini,R,160,ITA,28.203,14,2810,6-2 3-6 6-0,3,R32,111,1,1,73,51,33,11,11,4,7,0,1,89,56,30,12,12,12,19
2024-902,Miami,Hard,128,1000,,20240318,79,206420,14,,Ekaterina Alexandrova,R,175,RUS,29.339,16,2475,201499,21,,Anastasia Pavlyuchenkova,R,177,RUS,32.710,22,2091,6-4 3-6 6-3,3,R32,125,9,5,94,60,42,18,14,6,8,9,2,73,53,38,10,14,0,3
2024-902,Miami,Hard,128,1000,,20240318,80,216347,1,,Iga Swiatek,R,176,POL,22.799,1,10715,222328,26,,Linda Noskova,R,,CZE,19.332,31,1613,6-7(7) 6-4 6-4,3,R32,153,2,3,98,73,49,14,16,5,8,7,4,99,55,37,22,16,3,8
2024-902,Miami,Hard,128,1000,,20240318,81,201709,,,Yulia Putintseva,R,163,KAZ,29.194,68,1008,211843,32,,Anhelina Kalinina,R,179,UKR,27.108,36,1483,6-4 7-6(5),3,R16,143,1,0,70,49,31,16,11,4,6,0,1,81,61,37,10,11,6,9
2024-902,Miami,Hard,128,1000,,20240318,82,201458,27,,Victoria Azarenka,R,180,BLR,34.632,32,1591,211107,24,,Katie Boulter,R,180,GBR,27.628,30,1690,7-5 6-1,3,R16,107,5,3,76,45,34,14,10,2,3,0,5,62,38,22,9,9,9,13
2024-902,Miami,Hard,128,1000,,20240318,83,214981,4,,Elena Rybakina,R,184,KAZ,24.753,4,5848,201619,17,,Madison Keys,R,178,USA,29.082,18,2342,6-3 7-5,3,R16,84,5,1,63,41,33,11,11,1,2,3,0,63,47,29,7,10,5,8
2024-902,Miami,Hard,128,1000,,20240318,84,206289,8,,Maria Sakkari,R,172,GRE,28.649,9,3825,214939,22,,Anna Kalinskaya,R,175,RUS,25.293,25,1973,W/O,3,R16,,,,,,,,,,,,,,,,,,,
2024-902,Miami,Hard,128,1000,,20240318,85,203389,,,Danielle Collins,R,178,USA,30.262,53,1205,201514,19,,Sorana Cirstea,R,176,ROU,33.947,24,2018,6-3 6-2,3,R16,89,6,2,71,40,30,16,9,3,3,3,2,55,42,24,5,8,5,8
2024-902,Miami,Hard,128,1000,,20240318,86,201614,23,,Caroline Garcia,R,177,FRA,30.421,27,1865,221103,3,,Coco Gauff,R,175,USA,20.014,3,7150,6-3 1-6 6-2,3,R16,103,1,1,80,52,36,14,12,5,7,8,3,65,38,29,13,12,2,5
2024-902,Miami,Hard,128,1000,,20240318,87,202468,5,,Jessica Pegula,R,170,USA,30.062,5,5035,215613,20,,Emma Navarro,R,,USA,22.834,20,2178,7-6(1) 6-3,3,R16,88,4,0,78,50,33,17,11,6,8,1,0,60,40,23,13,10,3,6
2024-902,Miami,Hard,128,1000,,20240318,88,206420,14,,Ekaterina Alexandrova,R,175,RUS,29.339,16,2475,216347,1,,Iga Swiatek,R,176,POL,22.799,1,10715,6-4 6-2,3,R16,84,8,4,58,34,26,14,9,1,1,3,1,56,40,25,7,9,3,6
2024-902,Miami,Hard,128,1000,,20240318,89,201458,27,,Victoria Azarenka,R,180,BLR,34.632,32,1591,201709,,,Yulia Putintseva,R,163,KAZ,29.194,68,1008,7-6(4) 1-6 6-3,3,QF,175,2,5,94,59,36,14,14,3,9,5,0,116,91,54,10,14,11,16
2024-902,Miami,Hard,128,1000,,20240318,90,214981,4,,Elena Rybakina,R,184,KAZ,24.753,4,5848,206289,8,,Maria Sakkari,R,172,GRE,28.649,9,3825,7-5 6-7(4) 6-4,3,QF,168,10,5,104,62,48,21,17,5,8,4,8,118,70,48,23,17,11,16
2024-902,Miami,Hard,128,1000,,20240318,91,203389,,,Danielle Collins,R,178,USA,30.262,53,1205,201614,23,,Caroline Garcia,R,177,FRA,30.421,27,1865,6-3 6-2,3,QF,80,3,2,49,29,26,12,9,0,0,2,0,53,33,20,10,8,5,8
2024-902,Miami,Hard,128,1000,,20240318,92,206420,14,,Ekaterina Alexandrova,R,175,RUS,29.339,16,2475,202468,5,,Jessica Pegula,R,170,USA,30.062,5,5035,3-6 6-4 6-4,3,QF,118,3,7,94,56,44,13,15,5,9,1,3,79,53,35,16,14,4,8
2024-902,Miami,Hard,128,1000,,20240318,93,214981,4,,Elena Rybakina,R,184,KAZ,24.753,4,5848,201458,27,,Victoria Azarenka,R,180,BLR,34.632,32,1591,6-4 0-6 7-6(2),3,SF,153,11,3,84,49,40,13,14,4,8,8,6,99,66,50,14,14,9,11
2024-902,Miami,Hard,128,1000,,20240318,94,203389,,,Danielle Collins,R,178,USA,30.262,53,1205,206420,14,,Ekaterina Alexandrova,R,175,RUS,29.339,16,2475,6-3 6-2,3,SF,75,5,0,47,24,19,17,9,3,4,1,3,52,31,20,7,8,8,12
2024-902,Miami,Hard,128,1000,,20240318,95,203389,,,Danielle Collins,R,178,USA,30.262,53,1205,214981,4,,Elena Rybakina,R,184,KAZ,24.753,4,5848,7-5 6-3,3,F,122,4,3,95,59,44,15,11,10,11,5,0,62,33,23,16,10,4,7
2024-804,Charleston,Clay,64,500,,20240401,1,203389,,,Danielle Collins,R,178,USA,30.300,22,2140,211651,,,Paula Badosa,R,180,ESP,26.377,82,876,6-1 6-4,3,R64,81,8,6,58,30,22,15,9,4,6,0,5,51,30,17,6,8,1,6
2024-804,Charleston,Clay,64,500,,20240401,2,201585,,,Sloane Stephens,R,170,USA,31.034,40,1377,211684,,,Magdalena Frech,R,171,POL,26.295,53,1195,6-0 6-2,3,R64,66,1,0,40,31,24,5,7,1,2,1,0,44,29,12,5,7,5,11
2024-804,Charleston,Clay,64,500,,20240401,3,219875,,Q,Varvara Gracheva,R,,FRA,23.664,100,736,238064,,WC,Clervie Ngounoue,R,,USA,17.703,363,176,6-2 6-1,3,R64,76,1,2,51,30,13,8,8,5,11,2,2,54,38,24,10,7,8,9
2024-804,Charleston,Clay,64,500,,20240401,4,201611,,Q,Daria Saville,R,166,AUS,30.076,108,695,211337,,,Tamara Korpatsch,R,170,GER,28.890,76,938,6-4 3-6 6-2,3,R64,134,1,3,91,69,40,9,13,8,13,1,4,75,43,22,14,14,1,8
2024-804,Charleston,Clay,64,500,,20240401,5,202600,,,Viktoriya Tomova,R,170,BUL,29.098,74,949,210886,,,Mayar Sherif,R,180,EGY,27.907,72,973,6-4 3-6 6-2,3,R64,156,2,3,81,59,41,11,13,3,5,2,0,115,87,50,14,14,9,13
2024-804,Charleston,Clay,64,500,,20240401,6,206292,,LL,Astra Sharma,R,178,AUS,28.556,135,544,201613,,,Arina Rodionova,R,168,AUS,34.295,101,731,6-4 6-1,3,R64,72,3,2,62,38,27,14,9,3,4,0,0,42,33,17,6,8,0,4
2024-804,Charleston,Clay,64,500,,20240401,7,201603,,WC,Shelby Rogers,R,175,USA,31.467,325,208,214906,,Q,Claire Liu,R,170,USA,23.853,116,662,6-1 6-1,3,R64,73,2,1,40,24,16,10,7,2,3,0,4,51,29,14,5,7,6,12
2024-804,Charleston,Clay,64,500,,20240401,8,214452,,,Caroline Dolehide,R,178,USA,25.572,47,1240,215037,,,Kayla Day,L,173,USA,24.510,84,840,6-3 0-6 6-4,3,R64,121,0,4,77,57,33,7,12,4,10,5,5,77,49,28,13,13,3,9
2024-804,Charleston,Clay,64,500,,20240401,9,211713,,,Jaqueline Cristian,R,180,ROU,25.824,83,844,203500,,Q,Sachia Vickery,R,162,USA,28.893,132,580,6-1 6-4,3,R64,95,2,1,72,46,28,15,9,8,10,1,2,57,27,14,13,8,6,11
2024-804,Charleston,Clay,64,500,,20240401,10,220465,,Q,Katie Volynets,R,,USA,22.251,110,687,201551,,,Arantxa Rus,L,180,NED,33.301,54,1189,6-2 6-7(6) 7-6(6),3,R64,223,0,2,124,103,57,9,16,11,17,2,7,138,96,51,17,16,13,21
2024-804,Charleston,Clay,64,500,,20240401,11,201496,,WC,Caroline Wozniacki,R,177,DEN,33.726,126,623,220520,,LL,Mccartney Kessler,R,,USA,24.734,122,641,6-0 6-1,3,R64,61,3,0,37,28,21,6,7,0,1,0,1,46,29,11,5,6,6,12
2024-804,Charleston,Clay,64,500,,20240401,12,221909,,,Ashlyn Krueger,R,185,USA,19.902,73,963,211342,,Q,Gabriela Lee,L,,ROU,28.608,312,222,7-6(0) 6-3,3,R64,103,2,3,69,47,32,10,11,4,8,1,4,72,46,25,9,10,5,10
2024-804,Charleston,Clay,64,500,,20240401,13,203501,,,Taylor Townsend,L,170,USA,27.960,68,1034,213550,,,Sofia Kenin,R,170,USA,25.380,57,1109,6-3 6-3,3,R64,82,10,3,46,29,26,8,9,0,1,4,7,72,43,25,12,9,5,9
2024-804,Charleston,Clay,64,500,,20240401,14,220714,,,Elisabetta Cocciaretto,R,,ITA,23.182,56,1127,202536,,,Ana Bogdan,R,171,ROU,31.349,66,1054,2-6 6-1 7-6(6),3,R64,143,1,5,78,60,39,7,13,5,9,2,2,95,71,43,10,14,2,7
2024-804,Charleston,Clay,64,500,,20240401,15,202663,,,Magda Linette,R,171,POL,32.135,63,1080,201549,,,Petra Martic,R,181,CRO,33.200,61,1088,6-3 6-4,3,R64,93,3,1,58,33,28,15,10,3,3,1,3,53,29,20,13,9,3,5
2024-804,Charleston,Clay,64,500,,20240401,16,216153,,,Amanda Anisimova,R,180,USA,22.585,264,280,201427,,,Alize Cornet,R,173,FRA,34.191,97,743,6-3 6-0,3,R64,85,2,0,51,38,25,9,7,4,4,0,4,77,45,26,10,8,9,14
2024-804,Charleston,Clay,64,500,,20240401,17,203389,,,Danielle Collins,R,178,USA,30.300,22,2140,202460,2,,Ons Jabeur,R,167,TUN,29.594,6,4118,6-3 1-6 6-3,3,R32,122,0,5,83,49,27,20,13,8,12,1,2,93,53,30,20,12,6,10
2024-804,Charleston,Clay,64,500,,20240401,18,201585,,,Sloane Stephens,R,170,USA,31.034,40,1377,220367,14,,Leylah Fernandez,L,168,CAN,21.569,34,1520,6-4 6-4,3,R32,105,1,0,56,41,28,10,10,1,2,1,6,87,54,28,19,10,6,9
2024-804,Charleston,Clay,64,500,,20240401,19,210722,11,,Elise Mertens,R,179,BEL,28.373,30,1646,219875,,Q,Varvara Gracheva,R,,FRA,23.664,100,736,6-4 3-6 6-2,3,R32,150,6,5,97,46,31,24,13,10,14,0,3,92,67,44,6,14,8,14
2024-804,Charleston,Clay,64,500,,20240401,20,202494,7,,Elina Svitolina,R,174,UKR,29.553,17,2406,201611,,Q,Daria Saville,R,166,AUS,30.076,108,695,6-2 6-4,3,R32,81,1,1,56,38,23,8,9,0,3,2,3,63,45,22,6,9,6,12
2024-804,Charleston,Clay,64,500,,20240401,21,206289,3,,Maria Sakkari,R,172,GRE,28.688,7,4030,202600,,,Viktoriya Tomova,R,170,BUL,29.098,74,949,6-3 6-3,3,R32,80,4,0,51,33,25,11,9,3,4,2,2,66,40,18,15,9,4,8
2024-804,Charleston,Clay,64,500,,20240401,22,206292,,LL,Astra Sharma,R,178,AUS,28.556,135,544,201615,16,,Lesia Tsurenko,R,174,UKR,34.840,39,1392,6-4 6-0,3,R32,76,3,4,55,33,24,11,8,0,1,0,1,55,44,21,4,8,6,11
2024-804,Charleston,Clay,64,500,,20240401,23,206368,9,,Veronika Kudermetova,R,175,RUS,26.938,19,2305,201603,,WC,Shelby Rogers,R,175,USA,31.467,325,208,7-6(5) 6-4,3,R32,112,4,6,72,45,30,15,11,2,5,1,5,67,35,26,12,11,2,6
2024-804,Charleston,Clay,64,500,,20240401,24,206242,5,,Beatriz Haddad Maia,L,185,BRA,27.839,13,2870,214452,,,Caroline Dolehide,R,178,USA,25.572,47,1240,6-2 7-5,3,R32,100,3,3,61,38,28,8,10,0,3,2,1,62,47,21,7,10,3,9
2024-804,Charleston,Clay,64,500,,20240401,25,211713,,,Jaqueline Cristian,R,180,ROU,25.824,83,844,201619,8,,Madison Keys,R,178,USA,29.120,18,2397,3-6 6-3 6-3,3,R32,122,0,5,86,45,30,20,13,4,8,8,4,85,56,33,14,14,9,15
2024-804,Charleston,Clay,64,500,,20240401,26,215613,10,,Emma Navarro,R,,USA,22.872,20,2218,220465,,Q,Katie Volynets,R,,USA,22.251,110,687,6-1 6-1,3,R32,69,0,0,39,23,20,9,7,0,0,1,1,63,48,23,4,7,6,11
2024-804,Charleston,Clay,64,500,,20240401,27,211843,15,,Anhelina Kalinina,R,179,UKR,27.146,33,1593,201496,,WC,Caroline Wozniacki,R,177,DEN,33.726,126,623,6-2 6-3,3,R32,80,1,3,43,31,24,6,8,0,1,1,1,64,43,23,6,9,6,11
2024-804,Charleston,Clay,64,500,,20240401,28,214082,4,,Daria Kasatkina,R,170,RUS,26.903,11,3173,221909,,,Ashlyn Krueger,R,185,USA,19.902,73,963,6-3 0-6 6-1,3,R32,108,1,8,85,52,30,16,11,8,12,3,3,71,50,32,6,11,7,12
2024-804,Charleston,Clay,64,500,,20240401,29,203501,,,Taylor Townsend,L,170,USA,27.960,68,1034,206420,6,,Ekaterina Alexandrova,R,175,RUS,29.378,15,2650,7-5 6-2,3,R32,97,7,0,58,38,26,13,10,0,1,0,5,70,30,20,18,10,4,8
2024-804,Charleston,Clay,64,500,,20240401,30,201458,12,,Victoria Azarenka,R,180,BLR,34.670,26,1916,220714,,,Elisabetta Cocciaretto,R,,ITA,23.182,56,1127,6-1 6-2,3,R32,70,1,1,53,42,28,6,8,4,5,0,1,39,22,12,4,7,2,7
2024-804,Charleston,Clay,64,500,,20240401,31,202663,,,Magda Linette,R,171,POL,32.135,63,1080,215035,13,,Dayana Yastremska,R,175,UKR,23.880,32,1597,0-6 6-4 6-3,3,R32,106,2,2,66,38,23,16,13,2,7,1,3,70,45,28,15,12,4,8
2024-804,Charleston,Clay,64,500,,20240401,32,202468,1,,Jessica Pegula,R,170,USA,30.101,5,4860,216153,,,Amanda Anisimova,R,180,USA,22.585,264,280,3-6 6-4 7-6(3),3,R32,146,7,3,95,55,39,19,15,4,8,3,6,126,80,46,22,16,11,15
2024-804,Charleston,Clay,64,500,,20240401,33,203389,,,Danielle Collins,R,178,USA,30.300,22,2140,201585,,,Sloane Stephens,R,170,USA,31.034,40,1377,6-2 6-2,3,R16,71,2,2,58,30,23,18,8,4,4,1,3,46,33,21,4,8,1,5
2024-804,Charleston,Clay,64,500,,20240401,34,210722,11,,Elise Mertens,R,179,BEL,28.373,30,1646,202494,7,,Elina Svitolina,R,174,UKR,29.553,17,2406,6-4 6-1,3,R16,66,3,4,63,40,29,11,9,7,8,2,0,35,25,15,3,8,2,6
2024-804,Charleston,Clay,64,500,,20240401,35,206289,3,,Maria Sakkari,R,172,GRE,28.688,7,4030,206292,,LL,Astra Sharma,R,178,AUS,28.556,135,544,6-4 6-1,3,R16,90,3,3,69,40,27,17,9,6,7,4,2,56,39,24,6,8,2,6
2024-804,Charleston,Clay,64,500,,20240401,36,206368,9,,Veronika Kudermetova,R,175,RUS,26.938,19,2305,206242,5,,Beatriz Haddad Maia,L,185,BRA,27.839,13,2870,7-5 6-1,3,R16,97,5,1,52,29,21,10,9,3,5,3,5,62,39,20,9,10,5,11
2024-804,Charleston,Clay,64,500,,20240401,37,211713,,,Jaqueline Cristian,R,180,ROU,25.824,83,844,215613,10,,Emma Navarro,R,,USA,22.872,20,2218,6-3 5-7 6-1,3,R16,147,3,7,86,50,37,19,14,4,6,1,2,108,73,43,16,14,8,13
2024-804,Charleston,Clay,64,500,,20240401,38,214082,4,,Daria Kasatkina,R,170,RUS,26.903,11,3173,211843,15,,Anhelina Kalinina,R,179,UKR,27.146,33,1593,6-1 6-4,3,R16,83,3,2,54,32,15,10,8,3,8,0,2,60,40,13,6,9,2,11
2024-804,Charleston,Clay,64,500,,20240401,39,201458,12,,Victoria Azarenka,R,180,BLR,34.670,26,1916,203501,,,Taylor Townsend,L,170,USA,27.960,68,1034,6-7(5) 6-3 6-4,3,R16,166,4,3,108,78,52,15,16,6,8,12,3,114,85,51,15,15,14,18
2024-804,Charleston,Clay,64,500,,20240401,40,202468,1,,Jessica Pegula,R,170,USA,30.101,5,4860,202663,,,Magda Linette,R,171,POL,32.135,63,1080,6-2 6-2,3,R16,59,2,0,40,22,18,14,8,0,0,2,1,44,30,18,4,8,1,5
2024-804,Charleston,Clay,64,500,,20240401,41,203389,,,Danielle Collins,R,178,USA,30.300,22,2140,210722,11,,Elise Mertens,R,179,BEL,28.373,30,1646,6-3 6-4,3,QF,83,5,4,60,37,28,12,10,4,6,1,7,47,25,15,9,9,1,5
2024-804,Charleston,Clay,64,500,,20240401,42,206289,3,,Maria Sakkari,R,172,GRE,28.688,7,4030,206368,9,,Veronika Kudermetova,R,175,RUS,26.938,19,2305,6-2 6-4,3,QF,93,2,3,54,38,26,9,9,1,3,2,0,53,34,17,7,9,0,5
2024-804,Charleston,Clay,64,500,,20240401,43,214082,4,,Daria Kasatkina,R,170,RUS,26.903,11,3173,211713,,,Jaqueline Cristian,R,180,ROU,25.824,83,844,6-7(4) 6-2 6-3,3,QF,162,2,5,96,62,35,16,14,7,13,0,4,108,57,34,17,15,10,20
2024-804,Charleston,Clay,64,500,,20240401,44,202468,1,,Jessica Pegula,R,170,USA,30.101,5,4860,201458,12,,Victoria Azarenka,R,180,BLR,34.670,26,1916,6-4 3-6 7-6(7),3,QF,156,2,0,96,70,44,11,15,7,12,1,12,117,72,45,20,16,15,20
2024-804,Charleston,Clay,64,500,,20240401,45,203389,,,Danielle Collins,R,178,USA,30.300,22,2140,206289,3,,Maria Sakkari,R,172,GRE,28.688,7,4030,6-3 6-3,3,SF,85,4,2,56,31,24,14,9,4,5,0,6,55,31,17,12,9,3,7
2024-804,Charleston,Clay,64,500,,20240401,46,214082,4,,Daria Kasatkina,R,170,RUS,26.903,11,3173,202468,1,,Jessica Pegula,R,170,USA,30.101,5,4860,6-4 4-6 7-6(5),3,SF,167,2,2,103,73,38,13,16,3,11,2,2,125,75,45,19,16,5,13
2024-804,Charleston,Clay,64,500,,20240401,47,203389,,,Danielle Collins,R,178,USA,30.300,22,2140,214082,4,,Daria Kasatkina,R,170,RUS,26.903,11,3173,6-2 6-1,3,F,77,2,3,43,21,20,13,8,2,2,1,5,71,42,27,8,7,8,12
2024-894,Bogota,Clay,32,250,,20240401,1,213583,2,,Tatjana Maria,R,172,GER,36.650,46,1270,214388,,,Anna Bondar,R,,HUN,26.848,112,682,6-3 6-2,3,R32,96,2,4,76,29,16,28,9,4,6,3,3,47,19,11,11,8,2,7
2024-894,Bogota,Clay,32,250,,20240401,2,220699,,,Julia Riera,R,,ARG,21.843,111,686,215306,,,Emiliana Arango,R,,COL,23.341,118,653,6-0 6-3,3,R32,71,1,5,50,29,23,11,8,2,3,0,6,49,31,15,6,7,3,8
2024-894,Bogota,Clay,32,250,,20240401,3,223331,,Q,Anca Alexia Todoni,R,,ROU,19.475,217,346,214593,,,Lucrezia Stefanini,R,,ITA,25.881,147,506,4-6 6-2 6-4,3,R32,152,3,3,88,44,29,21,14,2,7,1,8,94,63,34,13,14,9,16
2024-894,Bogota,Clay,32,250,,20240401,4,215785,6,,Camila Osorio,R,162,COL,22.276,85,822,222233,,Q,Marina Stakusic,R,,CAN,19.343,206,361,6-4 6-2,3,R32,72,1,8,54,24,15,13,9,4,9,1,9,52,25,10,7,9,4,12
2024-894,Bogota,Clay,32,250,,20240401,5,204427,3,,Sara Sorribes Tormo,R,176,ESP,27.480,50,1227,221237,,,Maria Timofeeva,R,,RUS,20.370,93,749,6-1 6-3,3,R32,87,0,4,55,36,26,7,8,4,6,1,8,53,28,14,7,8,4,10
2024-894,Bogota,Clay,32,250,,20240401,6,201506,,,Sara Errani,R,164,ITA,36.926,117,654,263857,,,Yuliia Starodubtseva,R,,UKR,24.121,136,541,6-2 7-6(5),3,R32,105,0,3,69,55,30,7,10,2,6,2,8,64,34,22,9,10,1,7
2024-894,Bogota,Clay,32,250,,20240401,7,210705,,,Irina Bara,R,,ROU,29.041,178,421,215290,,Q,Katarina Zavatska,R,173,UKR,24.154,195,384,2-6 6-3 6-4,3,R32,143,0,4,84,58,32,9,13,5,12,1,7,86,54,26,14,14,10,18
2024-894,Bogota,Clay,32,250,,20240401,8,206007,,,Laura Pigossi,R,164,BRA,29.665,119,653,206408,5,,Nadia Podoroska,R,170,ARG,27.138,67,1051,6-4 6-1,3,R32,75,0,3,55,33,27,9,9,3,4,1,3,47,28,16,8,8,6,10
2024-894,Bogota,Clay,32,250,,20240401,9,215872,8,,Kamilla Rakhimova,R,,RUS,22.593,92,760,260848,,WC,Valentina Mediorreal Arias,,,COL,,,,6-4 6-7(6) 6-1,3,R32,147,0,9,92,46,28,29,14,4,7,2,9,127,76,48,19,15,14,21
2024-894,Bogota,Clay,32,250,,20240401,10,213887,,,Renata Zarazua,R,,MEX,26.503,103,726,246476,,WC,Mariana Isabel Higuita Barraza,,,COL,16.800,,,6-0 6-0,3,R32,49,1,3,37,19,17,9,6,1,1,0,5,31,16,3,4,6,3,9
2024-894,Bogota,Clay,32,250,,20240401,11,215898,,,Jule Niemeier,R,178,GER,24.638,113,675,215572,,Q,Nuria Brancaccio,R,,ITA,23.771,235,320,6-2 6-3,3,R32,76,0,5,50,30,22,11,9,6,8,0,8,58,39,21,6,8,2,7
2024-894,Bogota,Clay,32,250,,20240401,12,213710,4,,Cristina Bucsa,R,,ESP,26.248,75,945,214646,,Q,Xiaodi You,,,CHN,27.888,211,351,6-1 7-5,3,R32,92,0,7,59,42,29,8,9,4,6,1,4,55,29,13,10,10,2,8
2024-894,Bogota,Clay,32,250,,20240401,13,201696,7,,Laura Siegemund,R,168,GER,36.077,89,795,213576,,Q,Iryna Shymanovich,R,,BLR,26.755,230,328,7-6(5) 7-5,3,R32,136,0,3,75,55,31,9,12,4,10,0,5,82,45,26,13,12,4,11
2024-894,Bogota,Clay,32,250,,20240401,14,215936,,,Francesca Jones,R,,GBR,23.532,214,347,214060,,WC,Yuliana Monroy,,,COL,25.531,765,41,6-1 6-2,3,R32,70,0,4,38,24,16,8,7,2,4,0,2,65,54,22,3,8,5,12
2024-894,Bogota,Clay,32,250,,20240401,15,221024,,,Hailey Baptiste,R,,USA,22.410,96,744,214461,,,Tamara Zidansek,R,168,SLO,26.265,127,614,6-2 4-6 6-3,3,R32,133,5,13,108,54,41,25,14,10,12,0,7,75,48,32,12,13,2,6
2024-894,Bogota,Clay,32,250,,20240401,16,213631,1,,Marie Bouzkova,R,180,CZE,25.698,42,1349,201606,,,Rebecca Marino,R,183,CAN,33.293,156,466,6-0 6-3,3,R32,74,2,2,52,26,20,15,7,5,5,1,7,45,22,12,7,8,1,6
2024-894,Bogota,Clay,32,250,,20240401,17,213583,2,,Tatjana Maria,R,172,GER,36.650,46,1270,220699,,,Julia Riera,R,,ARG,21.843,111,686,2-6 6-0 6-2,3,R16,114,1,5,91,59,33,16,11,7,11,0,9,68,38,18,11,11,3,10
2024-894,Bogota,Clay,32,250,,20240401,18,215785,6,,Camila Osorio,R,162,COL,22.276,85,822,223331,,Q,Anca Alexia Todoni,R,,ROU,19.475,217,346,7-6(4) 6-4,3,R16,119,2,8,75,47,32,13,11,2,5,1,3,80,38,23,21,11,6,10
2024-894,Bogota,Clay,32,250,,20240401,19,201506,,,Sara Errani,R,164,ITA,36.926,117,654,204427,3,,Sara Sorribes Tormo,R,176,ESP,27.480,50,1227,6-2 4-6 6-4,3,R16,180,0,6,93,71,42,9,14,9,15,0,9,91,64,33,11,14,14,22
2024-894,Bogota,Clay,32,250,,20240401,20,210705,,,Irina Bara,R,,ROU,29.041,178,421,206007,,,Laura Pigossi,R,164,BRA,29.665,119,653,3-6 7-6(3) 6-4,3,R16,202,0,10,111,78,45,13,15,8,15,0,5,120,85,45,19,16,10,17
2024-894,Bogota,Clay,32,250,,20240401,21,215872,8,,Kamilla Rakhimova,R,,RUS,22.593,92,760,213887,,,Renata Zarazua,R,,MEX,26.503,103,726,7-6(4) 6-7(5) 6-3,3,R16,189,2,12,115,57,30,27,17,6,15,2,7,116,74,39,11,16,6,16
2024-894,Bogota,Clay,32,250,,20240401,22,213710,4,,Cristina Bucsa,R,,ESP,26.248,75,945,215898,,,Jule Niemeier,R,178,GER,24.638,113,675,6-4 6-1,3,R16,88,0,1,54,32,20,11,8,2,5,2,13,71,29,14,15,9,7,14
2024-894,Bogota,Clay,32,250,,20240401,23,201696,7,,Laura Siegemund,R,168,GER,36.077,89,795,215936,,,Francesca Jones,R,,GBR,23.532,214,347,6-7(4) 6-4 6-2,3,R16,177,0,4,90,65,36,12,15,6,12,0,7,108,65,36,15,15,9,18
2024-894,Bogota,Clay,32,250,,20240401,24,213631,1,,Marie Bouzkova,R,180,CZE,25.698,42,1349,221024,,,Hailey Baptiste,R,,USA,22.410,96,744,6-3 6-4,3,R16,103,3,1,55,29,22,13,9,3,5,2,9,78,36,21,18,10,5,10
2024-894,Bogota,Clay,32,250,,20240401,25,215785,6,,Camila Osorio,R,162,COL,22.276,85,822,213583,2,,Tatjana Maria,R,172,GER,36.650,46,1270,1-6 6-3 6-3,3,QF,109,0,3,78,51,31,9,13,6,13,1,5,83,45,22,17,12,6,13
2024-894,Bogota,Clay,32,250,,20240401,26,201506,,,Sara Errani,R,164,ITA,36.926,117,654,210705,,,Irina Bara,R,,ROU,29.041,178,421,4-6 6-2 6-3,3,QF,162,0,1,104,91,49,7,14,17,23,1,4,95,64,31,14,13,12,20
2024-894,Bogota,Clay,32,250,,20240401,27,215872,8,,Kamilla Rakhimova,R,,RUS,22.593,92,760,213710,4,,Cristina Bucsa,R,,ESP,26.248,75,945,0-6 6-4 7-5,3,QF,131,0,10,91,38,24,22,14,4,11,2,4,90,54,33,15,14,6,12
2024-894,Bogota,Clay,32,250,,20240401,28,213631,1,,Marie Bouzkova,R,180,CZE,25.698,42,1349,201696,7,,Laura Siegemund,R,168,GER,36.077,89,795,2-6 6-2 7-5,3,QF,178,1,6,104,67,46,18,14,6,8,0,3,95,65,45,14,14,10,13
2024-894,Bogota,Clay,32,250,,20240401,29,215785,6,,Camila Osorio,R,162,COL,22.276,85,822,201506,,,Sara Errani,R,164,ITA,36.926,117,654,7-6(4) 6-4,3,SF,111,1,4,72,49,30,11,11,4,8,0,1,82,69,35,7,11,5,10
2024-894,Bogota,Clay,32,250,,20240401,30,213631,1,,Marie Bouzkova,R,180,CZE,25.698,42,1349,215872,8,,Kamilla Rakhimova,R,,RUS,22.593,92,760,6-4 7-6(2),3,SF,134,8,5,74,41,29,14,11,0,3,2,10,82,37,24,19,11,4,8
2024-894,Bogota,Clay,32,250,,20240401,31,215785,6,,Camila Osorio,R,162,COL,22.276,85,822,213631,1,,Marie Bouzkova,R,180,CZE,25.698,42,1349,6-3 7-6(5),3,F,115,0,7,78,48,33,13,11,6,9,1,6,71,45,27,11,10,4,8
2024-W-FC-2024-QUA,BJK Cup Qualifiers,,48,D,,20240412,1,216347,,,Iga Swiatek,R,176,POL,22.867,1,10835,215899,,,Simona Waltert,R,,SUI,23.330,158,471,6-3 6-1,3,RR,,1,1,53,36,27,9,8,6,7,1,2,52,31,16,6,8,4,9
2024-W-FC-2024-QUA,BJK Cup Qualifiers,,48,D,,20240412,2,211684,,,Magdalena Frech,R,171,POL,26.325,52,1195,232447,,,Celine Naef,R,,SUI,18.798,148,516,6-7(8) 7-5 6-3,3,RR,,3,0,109,77,54,15,17,0,3,4,1,113,70,49,17,16,6,11
2024-W-FC-2024-QUA,BJK Cup Qualifiers,,48,D,,20240412,3,201696,,,Laura Siegemund,R,168,GER,36.108,85,848,206430,,,Carolina Alves,,,BRA,27.970,345,190,6-1 2-6 6-3,3,RR,,0,3,81,61,35,9,11,5,10,1,3,72,43,15,16,12,3,10
2024-W-FC-2024-QUA,BJK Cup Qualifiers,,48,D,,20240412,4,221054,,,Emma Raducanu,R,175,GBR,21.413,302,236,201614,,,Caroline Garcia,R,177,FRA,30.489,23,2070,3-6 6-3 6-2,3,RR,,9,0,95,69,44,14,13,7,10,9,0,76,39,27,17,13,2,7
2024-W-FC-2024-QUA,BJK Cup Qualifiers,,48,D,,20240412,5,201696,,,Laura Siegemund,R,168,GER,36.108,85,848,206242,,,Beatriz Haddad Maia,L,185,BRA,27.869,13,2920,6-4 6-2,3,RR,,0,2,54,35,22,11,9,2,4,0,3,54,37,19,4,9,2,7
2024-W-FC-2024-QUA,BJK Cup Qualifiers,,48,D,,20240412,6,213583,,,Tatjana Maria,R,172,GER,36.680,66,1044,206007,,,Laura Pigossi,R,164,BRA,29.695,125,623,2-6 6-4 6-4,3,RR,,4,3,79,48,31,13,14,2,8,0,2,100,75,43,9,14,7,13
2024-W-FC-2024-QUA,BJK Cup Qualifiers,,48,D,,20240412,7,216347,,,Iga Swiatek,R,176,POL,22.867,1,10835,232447,,,Celine Naef,R,,SUI,18.798,148,516,6-4 6-3,3,RR,,0,1,52,40,29,4,10,2,5,1,2,56,30,16,11,9,6,11
2024-W-FC-2024-QUA,BJK Cup Qualifiers,,48,D,,20240412,8,211107,,,Katie Boulter,R,180,GBR,27.697,28,1802,216262,,,Clara Burel,R,176,FRA,23.053,44,1296,7-5 6-0,3,RR,,0,5,75,49,33,12,9,6,7,5,7,60,32,19,10,9,5,10
2024-W-FC-2024-QUA,BJK Cup Qualifiers,,48,D,,20240412,9,221054,,,Emma Raducanu,R,175,GBR,21.413,302,236,220348,,,Diane Parry,R,170,FRA,21.613,49,1215,4-6 6-1 7-6(1),3,RR,,4,2,100,71,49,12,14,4,8,5,2,108,74,42,15,15,6,12
2024-W-FC-2024-QUA,BJK Cup Qualifiers,,48,D,,20240412,10,202536,,,Ana Bogdan,R,171,ROU,31.379,64,1054,202494,,,Elina Svitolina,R,174,UKR,29.583,18,2465,6-4 4-6 6-3,3,RR,,0,3,97,69,42,8,15,5,11,5,2,133,87,46,20,14,13,20
2024-W-FC-2024-QUA,BJK Cup Qualifiers,,48,D,,20240412,11,211713,,,Jaqueline Cristian,R,180,ROU,25.854,75,950,201615,,,Lesia Tsurenko,R,174,UKR,34.870,42,1363,2-6 6-4 6-4,3,RR,,2,7,102,65,37,16,14,11,17,0,5,83,55,34,11,14,5,11
2024-W-FC-2024-QUA,BJK Cup Qualifiers,,48,D,,20240412,12,201613,,,Arina Rodionova,R,168,AUS,34.325,103,731,205892,,,Giuliana Olmos,R,170,MEX,31.108,,,3-6 6-3 6-1,3,RR,,6,4,87,49,34,19,12,6,8,2,1,85,62,35,11,13,9,14
2024-W-FC-2024-QUA,BJK Cup Qualifiers,,48,D,,20240412,13,201611,,,Daria Saville,R,166,AUS,30.106,94,751,204420,,,Marcela Zacarias,R,,MEX,30.049,562,83,6-1 6-0,3,RR,,3,2,34,23,21,7,7,0,0,0,3,36,24,9,5,6,1,6
2024-W-FC-2024-QUA,BJK Cup Qualifiers,,48,D,,20240412,14,211702,,,Nao Hibino,R,163,JPN,29.372,79,883,206363,,,Anna Danilina,R,,KAZ,28.647,939,21,6-1 6-0,3,RR,,2,0,44,35,24,6,7,2,2,1,3,39,27,13,2,6,4,9
2024-W-FC-2024-QUA,BJK Cup Qualifiers,,48,D,,20240412,15,211768,,,Naomi Osaka,R,180,JPN,26.489,193,388,201709,,,Yulia Putintseva,R,163,KAZ,29.263,50,1213,6-2 7-6(5),3,RR,,15,0,64,38,31,17,10,3,3,4,2,71,53,34,10,10,3,5
2024-W-FC-2024-QUA,BJK Cup Qualifiers,,48,D,,20240412,16,220348,,,Diane Parry,R,170,FRA,21.613,49,1215,211107,,,Katie Boulter,R,180,GBR,27.697,28,1802,6-2 6-0,3,RR,,3,1,49,28,18,12,7,3,4,0,2,56,35,13,10,7,6,12
2024-W-FC-2024-QUA,BJK Cup Qualifiers,,48,D,,20240412,17,203533,,,Anna Karolina Schmiedlova,R,176,SVK,29.580,68,983,223308,,,Ela Nala Milic,,,SLO,18.278,812,34,6-4 6-3,3,RR,,1,6,58,36,22,6,9,2,7,0,6,76,50,22,9,10,8,16
2024-W-FC-2024-QUA,BJK Cup Qualifiers,,48,D,,20240412,18,214149,,,Viktoria Hruncakova,R,,SVK,25.923,146,517,220662,,,Veronika Erjavec,R,,SLO,24.285,203,377,6-1 5-7 6-3,3,RR,,8,8,94,48,35,22,14,8,11,6,4,84,52,33,12,14,6,12
2024-W-FC-2024-QUA,BJK Cup Qualifiers,,48,D,,20240412,19,201615,,,Lesia Tsurenko,R,174,UKR,34.870,42,1363,202536,,,Ana Bogdan,R,171,ROU,31.379,64,1054,3-6 6-2 6-0,3,RR,,0,3,60,42,22,6,11,5,11,1,3,81,60,26,5,12,5,15
2024-W-FC-2024-QUA,BJK Cup Qualifiers,,48,D,,20240412,20,202494,,,Elina Svitolina,R,174,UKR,29.583,18,2465,211713,,,Jaqueline Cristian,R,180,ROU,25.854,75,950,6-3 7-5,3,RR,,0,1,61,36,23,12,10,10,13,1,1,71,38,22,13,11,6,12
2024-W-FC-2024-QUA,BJK Cup Qualifiers,,48,D,,20240412,21,202468,,,Jessica Pegula,R,170,USA,30.131,5,4870,223321,,,Sofia Costoulas,,,BEL,19.028,279,266,4-6 6-2 6-3,3,RR,,0,3,86,35,25,25,13,6,10,4,9,115,66,35,20,14,13,20
2024-W-FC-2024-QUA,BJK Cup Qualifiers,,48,D,,20240412,22,215613,,,Emma Navarro,R,,USA,22.903,21,2218,243420,,,Hanne Vandewinkel,,,BEL,19.894,278,266,4-6 6-4 6-3,3,RR,,7,1,100,65,45,17,15,7,10,3,9,103,60,38,20,14,5,9
2024-W-FC-2024-QUA,BJK Cup Qualifiers,,48,D,,20240412,23,223194,,,Taylah Preston,R,,AUS,18.459,136,545,204420,,,Marcela Zacarias,R,,MEX,30.049,562,83,6-1 6-1,3,RR,,3,0,49,37,26,5,7,3,4,0,4,44,33,13,3,7,4,10
2024-W-FC-2024-QUA,BJK Cup Qualifiers,,48,D,,20240412,24,211702,,,Nao Hibino,R,163,JPN,29.372,79,883,201709,,,Yulia Putintseva,R,163,KAZ,29.263,50,1213,6-4 3-6 7-6(7),3,RR,,2,4,104,77,48,12,15,2,7,1,2,99,70,43,13,16,2,7
2024-W-FC-2024-QUA,BJK Cup Qualifiers,,48,D,,20240412,25,260761,,,Renata Jamrichova,,,SVK,16.813,684,56,220662,,,Veronika Erjavec,R,,SLO,24.285,203,377,6-2 6-0,3,RR,,2,3,39,22,13,13,7,0,1,0,3,48,28,9,9,7,10,16
2024-W-FC-2024-QUA,BJK Cup Qualifiers,,48,D,,20240412,26,206242,,,Beatriz Haddad Maia,L,185,BRA,27.869,13,2920,204431,,,Anna Lena Friedsam,R,,GER,30.194,189,393,5-7 6-0 6-1,3,RR,,2,3,69,44,31,13,12,4,7,1,10,113,73,41,13,13,11,19
2024-W-FC-2024-QUA,BJK Cup Qualifiers,,48,D,,20240412,27,202468,,,Jessica Pegula,R,170,USA,30.131,5,4870,243420,,,Hanne Vandewinkel,,,BEL,19.894,278,266,6-2 6-0,3,RR,,1,0,33,20,19,10,7,1,1,3,3,46,29,15,5,7,3,8
2024-1051,Stuttgart,Clay,32,500,,20240415,1,211651,,,Paula Badosa,R,180,ESP,26.415,93,777,223670,,Q,Diana Shnaider,L,,RUS,20.036,62,1055,6-3 6-4,3,R32,101,4,10,87,44,29,25,10,8,8,1,2,57,39,28,7,9,2,4
2024-1051,Stuttgart,Clay,32,500,,20240415,2,215713,,,Anastasia Potapova,R,175,RUS,23.045,36,1502,214643,,,Liudmila Samsonova,R,180,RUS,25.427,17,2550,6-4 4-6 6-3,3,R32,147,5,2,93,51,37,17,15,7,12,9,4,102,46,33,23,14,7,13
2024-1051,Stuttgart,Clay,32,500,,20240415,3,214954,6,,Marketa Vondrousova,L,173,CZE,24.800,8,3895,202499,,,Donna Vekic,R,179,CRO,27.798,37,1488,6-4 6-3,3,R32,86,4,6,66,37,26,15,10,1,3,0,3,52,28,19,8,9,4,8
2024-1051,Stuttgart,Clay,32,500,,20240415,4,203500,,Q,Sachia Vickery,R,162,USA,28.931,134,550,205925,,Q,Aliaksandra Sasnovich,R,174,BLR,30.068,110,701,7-6(2) 7-5,3,R32,113,1,3,75,40,27,15,12,5,10,2,4,86,58,32,10,12,7,13
2024-1051,Stuttgart,Clay,32,500,,20240415,5,216146,,,Marta Kostyuk,R,175,UKR,21.799,27,1911,201696,,WC,Laura Siegemund,R,168,GER,36.116,84,848,6-3 6-7(4) 6-4,3,R32,189,0,15,138,87,53,15,16,13,20,0,6,106,85,44,6,15,9,18
2024-1051,Stuttgart,Clay,32,500,,20240415,6,221012,5,,Qinwen Zheng,R,,CHN,21.520,7,3995,201514,,,Sorana Cirstea,R,176,ROU,34.024,29,1748,6-2 6-3,3,R32,76,1,0,49,28,18,11,8,2,4,2,2,53,34,20,4,9,4,10
2024-1051,Stuttgart,Clay,32,500,,20240415,7,202460,7,,Ons Jabeur,R,167,TUN,29.632,9,3658,206420,,,Ekaterina Alexandrova,R,175,RUS,29.416,16,2560,2-6 6-3 7-6(1),3,R32,120,4,4,92,44,33,23,15,4,9,4,9,86,39,32,19,14,1,5
2024-1051,Stuttgart,Clay,32,500,,20240415,8,211148,,,Jasmine Paolini,R,160,ITA,28.280,14,2865,201506,,Q,Sara Errani,R,164,ITA,36.964,102,737,6-1 6-0,3,R32,46,3,2,33,20,18,7,6,1,1,0,0,38,26,9,2,7,1,7
2024-1051,Stuttgart,Clay,32,500,,20240415,9,206368,,,Veronika Kudermetova,R,175,RUS,26.977,19,2383,206252,,,Barbora Krejcikova,R,178,CZE,28.326,24,1996,5-7 6-4 6-4,3,R32,186,4,2,122,80,54,17,16,9,13,2,5,95,57,40,17,16,3,8
2024-1051,Stuttgart,Clay,32,500,,20240415,10,222328,,,Linda Noskova,R,,CZE,19.409,31,1643,211533,8,,Jelena Ostapenko,R,177,LAT,26.853,10,3438,6-3 6-1,3,R32,68,8,8,72,43,31,11,8,8,9,1,2,38,24,12,1,8,0,5
2024-1051,Stuttgart,Clay,32,500,,20240415,11,221054,,WC,Emma Raducanu,R,175,GBR,21.421,303,236,201493,,WC,Angelique Kerber,L,173,GER,36.242,332,201,6-2 6-1,3,R32,84,4,0,66,40,26,11,7,9,11,1,8,64,38,21,4,8,7,14
2024-1051,Stuttgart,Clay,32,500,,20240415,12,210722,,,Elise Mertens,R,179,BEL,28.411,30,1744,213583,,WC,Tatjana Maria,R,172,GER,36.688,66,1044,6-1 4-6 6-0,3,R32,103,2,3,62,35,28,11,11,3,6,0,1,62,35,19,8,12,2,10
2024-1051,Stuttgart,Clay,32,500,,20240415,13,214544,2,,Aryna Sabalenka,R,182,BLR,25.947,2,8045,211651,,,Paula Badosa,R,180,ESP,26.415,93,777,7-6(4) 4-6 3-3 RET,3,R16,142,4,3,106,70,49,16,15,7,11,4,5,90,59,40,15,14,6,9
2024-1051,Stuttgart,Clay,32,500,,20240415,14,214954,6,,Marketa Vondrousova,L,173,CZE,24.800,8,3895,215713,,,Anastasia Potapova,R,175,RUS,23.045,36,1502,7-6(5) 6-1,3,R16,77,4,3,68,46,36,10,10,2,3,2,2,55,32,15,13,9,1,4
2024-1051,Stuttgart,Clay,32,500,,20240415,15,221103,3,,Coco Gauff,R,175,USA,20.091,3,7205,203500,,Q,Sachia Vickery,R,162,USA,28.931,134,550,6-3 4-6 7-5,3,R16,146,2,15,110,60,37,20,16,12,19,1,4,92,51,28,13,15,6,14
2024-1051,Stuttgart,Clay,32,500,,20240415,16,216146,,,Marta Kostyuk,R,175,UKR,21.799,27,1911,221012,5,,Qinwen Zheng,R,,CHN,21.520,7,3995,6-2 4-6 7-5,3,R16,160,3,8,100,63,45,17,15,4,6,6,7,112,54,39,26,15,10,14
2024-1051,Stuttgart,Clay,32,500,,20240415,17,211148,,,Jasmine Paolini,R,160,ITA,28.280,14,2865,202460,7,,Ons Jabeur,R,167,TUN,29.632,9,3658,7-6(8) 6-4,3,R16,105,1,1,82,58,41,11,11,7,9,7,0,79,44,31,16,11,1,4
2024-1051,Stuttgart,Clay,32,500,,20240415,18,214981,4,,Elena Rybakina,R,184,KAZ,24.830,4,5848,206368,,,Veronika Kudermetova,R,175,RUS,26.977,19,2383,7-6(3) 1-6 6-4,3,R16,153,9,3,101,64,42,14,14,6,11,5,2,93,58,40,15,15,5,9
2024-1051,Stuttgart,Clay,32,500,,20240415,19,221054,,WC,Emma Raducanu,R,175,GBR,21.421,303,236,222328,,,Linda Noskova,R,,CZE,19.409,31,1643,6-0 7-5,3,R16,79,4,0,54,40,30,9,9,2,2,4,6,62,47,27,5,9,3,7
2024-1051,Stuttgart,Clay,32,500,,20240415,20,216347,1,,Iga Swiatek,R,176,POL,22.875,1,10835,210722,,,Elise Mertens,R,179,BEL,28.411,30,1744,6-3 6-4,3,R16,93,1,1,64,48,31,8,10,5,7,1,2,49,26,15,9,9,2,6
2024-1051,Stuttgart,Clay,32,500,,20240415,21,214954,6,,Marketa Vondrousova,L,173,CZE,24.800,8,3895,214544,2,,Aryna Sabalenka,R,182,BLR,25.947,2,8045,3-6 6-3 7-5,3,QF,121,5,4,95,59,34,17,15,9,15,4,9,78,44,27,13,15,1,8
2024-1051,Stuttgart,Clay,32,500,,20240415,22,216146,,,Marta Kostyuk,R,175,UKR,21.799,27,1911,221103,3,,Coco Gauff,R,175,USA,20.091,3,7205,3-6 6-4 7-6(6),3,QF,168,1,10,109,63,33,22,15,7,15,3,8,124,62,34,29,16,13,21
2024-1051,Stuttgart,Clay,32,500,,20240415,23,214981,4,,Elena Rybakina,R,184,KAZ,24.830,4,5848,211148,,,Jasmine Paolini,R,160,ITA,28.280,14,2865,6-3 5-7 6-3,3,QF,128,7,2,82,51,33,18,15,3,7,0,1,101,68,43,13,15,9,15
2024-1051,Stuttgart,Clay,32,500,,20240415,24,216347,1,,Iga Swiatek,R,176,POL,22.875,1,10835,221054,,WC,Emma Raducanu,R,175,GBR,21.421,303,236,7-6(2) 6-3,3,QF,123,1,1,61,40,30,14,10,0,1,1,2,88,57,36,12,11,8,11
2024-1051,Stuttgart,Clay,32,500,,20240415,25,216146,,,Marta Kostyuk,R,175,UKR,21.799,27,1911,214954,6,,Marketa Vondrousova,L,173,CZE,24.800,8,3895,7-6(2) 6-2,3,SF,95,0,6,74,49,35,11,10,4,6,1,3,69,39,22,16,10,3,7
2024-1051,Stuttgart,Clay,32,500,,20240415,26,214981,4,,Elena Rybakina,R,184,KAZ,24.830,4,5848,216347,1,,Iga Swiatek,R,176,POL,22.875,1,10835,6-3 4-6 6-3,3,SF,169,10,5,105,63,44,19,14,11,13,0,7,106,60,39,22,14,16,20
2024-1051,Stuttgart,Clay,32,500,,20240415,27,214981,4,,Elena Rybakina,R,184,KAZ,24.830,4,5848,216146,,,Marta Kostyuk,R,175,UKR,21.799,27,1911,6-2 6-2,3,F,69,0,2,58,37,30,10,8,3,3,0,6,48,25,14,10,8,2,6
2024-2066,Rouen,Clay,32,250,,20240415,1,201614,2,,Caroline Garcia,R,177,FRA,30.498,23,2070,220714,,,Elisabetta Cocciaretto,R,,ITA,23.220,55,1149,6-1 3-6 7-5,3,R32,115,11,5,81,49,38,16,14,2,4,4,8,89,57,36,17,14,3,7
2024-2066,Rouen,Clay,32,250,,20240415,2,203533,,,Anna Karolina Schmiedlova,R,176,SVK,29.589,68,983,220348,,,Diane Parry,R,170,FRA,21.621,49,1215,3-6 3-1 RET,3,R32,68,3,3,46,29,17,5,7,2,6,0,0,38,22,12,6,7,1,4
2024-2066,Rouen,Clay,32,250,,20240415,3,211817,,Q,Elena Gabriela Ruse,R,,ROU,26.440,162,460,211702,,,Nao Hibino,R,163,JPN,29.380,85,846,6-2 6-1,3,R32,62,5,3,52,32,26,8,8,2,3,0,4,41,25,12,5,7,5,10
2024-2066,Rouen,Clay,32,250,,20240415,4,216262,7,,Clara Burel,R,176,FRA,23.061,44,1296,215290,,Q,Katarina Zavatska,R,173,UKR,24.192,182,401,3-6 6-3 6-2,3,R32,132,1,4,101,66,40,16,13,8,13,0,5,78,48,24,12,13,3,10
2024-2066,Rouen,Clay,32,250,,20240415,5,206294,4,,Yue Yuan,R,184,CHN,25.556,38,1451,210886,,,Mayar Sherif,R,180,EGY,27.946,72,973,6-3 7-6(7),3,R32,116,1,5,91,55,38,17,11,4,7,4,0,61,41,24,9,10,2,6
2024-2066,Rouen,Clay,32,250,,20240415,6,219875,,,Varvara Gracheva,R,,FRA,23.702,94,763,202600,,,Viktoriya Tomova,R,170,BUL,29.137,81,866,6-2 3-6 7-5,3,R32,140,1,1,92,53,30,22,15,6,12,2,5,96,63,33,15,14,6,13
2024-2066,Rouen,Clay,32,250,,20240415,7,201662,,,Karolina Pliskova,R,184,CZE,32.069,47,1227,221236,,Q,Polina Kudermetova,R,,RUS,20.866,178,413,7-5 1-6 7-5,3,R32,123,12,8,99,63,48,15,15,3,6,6,6,103,56,38,26,16,3,6
2024-2066,Rouen,Clay,32,250,,20240415,8,201585,6,,Sloane Stephens,R,170,USA,31.073,39,1407,220548,,,Peyton Stearns,R,,USA,22.519,79,882,1-6 6-1 6-3,3,R32,100,0,0,67,49,26,11,11,3,7,1,4,79,49,24,16,12,5,11
2024-2066,Rouen,Clay,32,250,,20240415,9,259799,5,,Mirra Andreeva,R,,RUS,16.964,43,1343,206408,,,Nadia Podoroska,R,170,ARG,27.176,65,1051,6-1 6-3,3,R32,75,2,0,47,29,21,13,8,4,5,0,0,47,34,14,5,8,3,8
2024-2066,Rouen,Clay,32,250,,20240415,10,220589,,,Elina Avanesyan,R,,ARM,21.577,67,1024,211539,,Q,Fiona Ferro,R,170,FRA,27.094,144,520,6-2 1-6 7-5,3,R32,133,0,1,89,58,36,14,13,6,10,0,2,101,71,37,19,14,8,13
2024-2066,Rouen,Clay,32,250,,20240415,11,203354,,,Martina Trevisan,L,160,ITA,30.448,78,898,211768,,WC,Naomi Osaka,R,180,JPN,26.497,192,388,6-4 6-2,3,R32,92,3,1,63,42,31,10,9,7,8,5,2,60,32,21,11,9,2,6
2024-2066,Rouen,Clay,32,250,,20240415,12,211843,3,,Anhelina Kalinina,R,179,UKR,27.185,32,1623,201427,,,Alize Cornet,R,173,FRA,34.229,106,728,6-4 7-5,3,R32,126,0,1,63,42,22,7,11,4,10,4,10,98,51,27,16,11,11,19
2024-2066,Rouen,Clay,32,250,,20240415,13,210337,,Q,Natalija Stevanovic,R,,SRB,29.725,204,376,215020,8,,Anna Blinkova,R,179,RUS,25.597,45,1275,7-6(2) 3-6 7-6(2),3,R32,197,0,2,123,71,48,22,16,8,15,1,11,129,77,47,21,17,3,9
2024-2066,Rouen,Clay,32,250,,20240415,14,202663,,,Magda Linette,R,171,POL,32.173,60,1085,221039,,WC,Elsa Jacquemot,R,,FRA,20.953,157,478,7-5 6-1,3,R32,97,4,2,73,44,31,12,10,5,7,2,0,51,40,20,6,9,3,8
2024-2066,Rouen,Clay,32,250,,20240415,15,201551,,,Arantxa Rus,L,180,NED,33.339,53,1188,221905,,Q,Robin Montgomery,L,,USA,19.609,181,408,6-3 6-1,3,R32,93,1,4,63,47,36,6,8,4,4,2,3,48,32,20,3,8,1,5
2024-2066,Rouen,Clay,32,250,,20240415,16,201499,1,,Anastasia Pavlyuchenkova,R,177,RUS,32.786,22,2141,215806,,WC,Alice Robbe,,,FRA,23.932,265,276,6-2 6-2,3,R32,67,2,2,48,26,16,15,8,1,3,1,4,47,30,14,4,8,5,11
2024-2066,Rouen,Clay,32,250,,20240415,17,201614,2,,Caroline Garcia,R,177,FRA,30.498,23,2070,203533,,,Anna Karolina Schmiedlova,R,176,SVK,29.589,68,983,6-1 6-0,3,R16,48,8,0,29,20,20,4,6,0,0,1,3,45,28,12,6,7,5,11
2024-2066,Rouen,Clay,32,250,,20240415,18,211817,,Q,Elena Gabriela Ruse,R,,ROU,26.440,162,460,216262,7,,Clara Burel,R,176,FRA,23.061,44,1296,6-0 2-6 6-3,3,R16,114,3,3,77,46,28,14,11,6,10,0,4,75,44,22,13,12,7,14
2024-2066,Rouen,Clay,32,250,,20240415,19,206294,4,,Yue Yuan,R,184,CHN,25.556,38,1451,219875,,,Varvara Gracheva,R,,FRA,23.702,94,763,6-4 4-6 7-6(6),3,R16,167,2,0,104,63,35,28,16,4,9,4,6,110,78,47,14,16,4,9
2024-2066,Rouen,Clay,32,250,,20240415,20,201585,6,,Sloane Stephens,R,170,USA,31.073,39,1407,201662,,,Karolina Pliskova,R,184,CZE,32.069,47,1227,6-3 6-2,3,R16,70,2,1,52,37,22,10,9,0,3,4,8,53,34,16,6,8,7,13
2024-2066,Rouen,Clay,32,250,,20240415,21,259799,5,,Mirra Andreeva,R,,RUS,16.964,43,1343,220589,,,Elina Avanesyan,R,,ARM,21.577,67,1024,7-5 6-4,3,R16,101,3,3,75,55,36,8,11,9,12,0,1,68,38,19,16,11,4,9
2024-2066,Rouen,Clay,32,250,,20240415,22,211843,3,,Anhelina Kalinina,R,179,UKR,27.185,32,1623,203354,,,Martina Trevisan,L,160,ITA,30.448,78,898,6-2 6-3,3,R16,93,2,0,56,40,22,10,9,6,10,0,4,54,39,16,5,8,1,8
2024-2066,Rouen,Clay,32,250,,20240415,23,202663,,,Magda Linette,R,171,POL,32.173,60,1085,210337,,Q,Natalija Stevanovic,R,,SRB,29.725,204,376,6-2 6-1,3,R16,68,3,3,44,21,18,15,8,1,1,0,1,39,29,16,3,7,1,5
2024-2066,Rouen,Clay,32,250,,20240415,24,201551,,,Arantxa Rus,L,180,NED,33.339,53,1188,201499,1,,Anastasia Pavlyuchenkova,R,177,RUS,32.786,22,2141,6-3 1-6 6-3,3,R16,133,1,1,81,59,31,8,12,7,13,2,6,92,63,38,7,13,8,15
2024-2066,Rouen,Clay,32,250,,20240415,25,201614,2,,Caroline Garcia,R,177,FRA,30.498,23,2070,211817,,Q,Elena Gabriela Ruse,R,,ROU,26.440,162,460,6-3 6-4,3,QF,89,8,1,79,56,39,12,10,8,8,3,3,52,29,21,13,9,3,5
2024-2066,Rouen,Clay,32,250,,20240415,26,201585,6,,Sloane Stephens,R,170,USA,31.073,39,1407,206294,4,,Yue Yuan,R,184,CHN,25.556,38,1451,6-2 6-2,3,QF,69,2,0,47,34,26,8,8,3,3,1,1,51,33,19,7,8,2,6
2024-2066,Rouen,Clay,32,250,,20240415,27,211843,3,,Anhelina Kalinina,R,179,UKR,27.185,32,1623,259799,5,,Mirra Andreeva,R,,RUS,16.964,43,1343,6-4 7-5,3,QF,96,1,2,61,36,21,13,11,5,10,0,0,58,46,19,6,11,2,9
2024-2066,Rouen,Clay,32,250,,20240415,28,202663,,,Magda Linette,R,171,POL,32.173,60,1085,201551,,,Arantxa Rus,L,180,NED,33.339,53,1188,7-6(9) 6-1,3,QF,128,1,2,64,46,32,12,9,2,3,3,8,86,61,37,8,10,3,7
2024-2066,Rouen,Clay,32,250,,20240415,29,201585,6,,Sloane Stephens,R,170,USA,31.073,39,1407,201614,2,,Caroline Garcia,R,177,FRA,30.498,23,2070,6-3 6-2,3,SF,75,0,1,59,46,32,6,9,2,3,1,3,57,38,22,8,8,6,10
2024-2066,Rouen,Clay,32,250,,20240415,30,202663,,,Magda Linette,R,171,POL,32.173,60,1085,211843,3,,Anhelina Kalinina,R,179,UKR,27.185,32,1623,6-1 4-6 6-2,3,SF,129,7,1,75,44,30,21,13,4,6,0,5,81,50,32,12,12,3,8
2024-2066,Rouen,Clay,32,250,,20240415,31,201585,6,,Sloane Stephens,R,170,USA,31.073,39,1407,202663,,,Magda Linette,R,171,POL,32.173,60,1085,6-1 2-6 6-2,3,F,130,1,2,82,67,43,5,11,1,4,2,0,90,57,34,11,12,9,15
2024-1038,Madrid,Clay,128,1000,,20240422,1,202663,,,Magda Linette,R,171,POL,32.192,48,1218,220714,,,Elisabetta Cocciaretto,R,,ITA,23.239,54,1149,3-6 6-4 6-4,3,R128,130,4,2,83,49,36,15,15,5,10,0,4,86,55,32,18,14,5,10
2024-1038,Madrid,Clay,128,1000,,20240422,2,221905,,WC,Robin Montgomery,L,,USA,19.628,183,413,220589,,,Elina Avanesyan,R,,ARM,21.597,65,1053,6-2 6-2,3,R128,67,2,2,54,38,29,8,8,6,6,1,0,42,24,11,10,8,0,4
2024-1038,Madrid,Clay,128,1000,,20240422,3,211713,,Q,Jaqueline Cristian,R,180,ROU,25.881,73,923,211684,,,Magdalena Frech,R,171,POL,26.352,51,1195,7-5 6-2,3,R128,100,2,4,65,29,24,15,10,7,10,1,4,64,39,20,10,10,4,10
2024-1038,Madrid,Clay,128,1000,,20240422,4,215337,,Q,Olga Danilovic,L,,SRB,23.245,122,635,216262,,,Clara Burel,R,176,FRA,23.081,44,1311,3-6 7-6(8) 6-4,3,R128,157,4,4,105,73,39,11,16,4,14,1,9,118,62,34,20,15,8,17
2024-1038,Madrid,Clay,128,1000,,20240422,5,223286,,WC,Victoria Jimenez Kasintseva,L,,AND,18.703,335,200,202684,,,Lin Zhu,R,173,CHN,30.232,57,1097,6-4 6-3,3,R128,106,1,1,68,56,37,5,10,4,6,0,3,62,34,23,10,9,3,7
2024-1038,Madrid,Clay,128,1000,,20240422,6,216133,,,Xinyu Wang,R,182,CHN,22.571,42,1346,202600,,,Viktoriya Tomova,R,170,BUL,29.156,81,866,5-7 7-5 6-4,3,R128,169,5,5,126,84,47,20,17,14,21,1,5,132,88,50,21,17,12,20
2024-1038,Madrid,Clay,128,1000,,20240422,7,259799,,,Mirra Andreeva,R,,RUS,16.983,43,1317,203501,,,Taylor Townsend,L,170,USA,28.017,58,1093,4-6 6-1 7-5,3,R128,130,3,3,96,65,44,14,15,5,9,4,2,85,54,34,14,14,5,11
2024-1038,Madrid,Clay,128,1000,,20240422,8,201603,,,Shelby Rogers,R,175,USA,31.524,352,185,201533,,,Shuai Zhang,R,177,CHN,35.251,671,58,6-3 6-2,3,R128,62,5,2,44,28,25,11,9,0,0,1,1,52,31,19,10,8,5,8
2024-1038,Madrid,Clay,128,1000,,20240422,9,214459,,,Lucia Bronzetti,R,,ITA,25.367,46,1231,219875,,Q,Varvara Gracheva,R,,FRA,23.721,91,783,6-3 6-3,3,R128,71,2,2,52,28,21,15,9,1,2,0,0,48,42,25,1,9,2,6
2024-1038,Madrid,Clay,128,1000,,20240422,10,210886,,,Mayar Sherif,R,180,EGY,27.965,72,924,201616,,,Lauren Davis,R,157,USA,30.536,166,448,4-6 7-6(4) 6-4,3,R128,195,1,1,111,85,49,12,16,8,14,0,1,120,90,46,19,16,10,16
2024-1038,Madrid,Clay,128,1000,,20240422,11,239383,,Q,Sara Bejlek,L,,CZE,18.224,136,554,215020,,,Anna Blinkova,R,179,RUS,25.616,45,1275,4-6 6-3 6-3,3,R128,123,0,3,99,75,41,12,14,8,13,2,5,107,62,33,20,14,12,19
2024-1038,Madrid,Clay,128,1000,,20240422,12,221909,,,Ashlyn Krueger,R,185,USA,19.959,70,980,211702,,,Nao Hibino,R,163,JPN,29.400,85,823,6-4 6-4,3,R128,87,6,7,61,39,27,9,10,1,4,0,4,75,51,30,9,10,7,12
2024-1038,Madrid,Clay,128,1000,,20240422,13,213710,,,Cristina Bucsa,R,,ESP,26.306,75,919,211279,,Q,Harriet Dart,R,175,GBR,27.735,86,809,6-4 6-4,3,R128,102,0,2,79,63,38,6,10,5,8,2,8,63,33,21,9,10,1,6
2024-1038,Madrid,Clay,128,1000,,20240422,14,201611,,LL,Daria Saville,R,166,AUS,30.133,96,751,221024,,Q,Hailey Baptiste,R,,USA,22.467,110,704,6-4 7-6(5),3,R128,140,0,6,80,48,31,15,11,6,9,2,4,92,48,28,22,11,9,13
2024-1038,Madrid,Clay,128,1000,,20240422,15,214452,,,Caroline Dolehide,R,178,USA,25.630,56,1142,222296,,LL,Zhuoxuan Bai,R,,CHN,21.432,90,787,6-3 6-3,3,R128,78,3,1,58,44,27,11,9,6,7,7,0,67,54,30,4,9,6,10
2024-1038,Madrid,Clay,128,1000,,20240422,16,201709,,,Yulia Putintseva,R,163,KAZ,29.290,50,1213,206294,,,Yue Yuan,R,184,CHN,25.575,37,1480,6-2 6-4,3,R128,87,0,1,69,59,38,5,9,8,9,1,3,57,34,20,10,9,3,7
2024-1038,Madrid,Clay,128,1000,,20240422,17,203533,,,Anna Karolina Schmiedlova,R,176,SVK,29.608,68,1000,213550,,,Sofia Kenin,R,170,USA,25.438,60,1080,6-3 6-4,3,R128,78,4,2,60,40,28,12,10,5,6,0,2,48,30,17,9,9,1,4
2024-1038,Madrid,Clay,128,1000,,20240422,18,215713,,,Anastasia Potapova,R,175,RUS,23.064,39,1377,223670,,,Diana Shnaider,L,,RUS,20.055,61,1079,7-5 6-4,3,R128,98,5,4,80,47,31,17,11,10,13,0,1,63,42,27,7,11,4,9
2024-1038,Madrid,Clay,128,1000,,20240422,19,214604,,Q,Maria Lourdes Carle,R,,ARG,24.198,82,853,221054,,WC,Emma Raducanu,R,175,GBR,21.441,221,343,6-2 6-2,3,R128,85,1,5,69,54,32,9,8,7,9,0,3,40,26,12,2,8,1,7
2024-1038,Madrid,Clay,128,1000,,20240422,20,222601,,Q,Jessica Bouzas Maneiro,R,,ESP,21.577,93,782,211651,,,Paula Badosa,R,180,ESP,26.434,101,737,2-6 6-3 6-3,3,R128,125,0,4,84,49,26,17,13,7,13,1,5,93,56,32,14,13,12,19
2024-1038,Madrid,Clay,128,1000,,20240422,21,211768,,,Naomi Osaka,R,180,JPN,26.517,197,389,213889,,LL,Greet Minnen,R,,BEL,26.689,69,990,6-4 6-1,3,R128,79,8,3,57,30,23,17,9,1,1,2,3,59,39,24,8,8,7,10
2024-1038,Madrid,Clay,128,1000,,20240422,22,201593,,,Irina Camelia Begu,R,181,ROU,33.657,128,612,222258,,WC,Linda Fruhvirtova,R,,CZE,18.976,146,521,6-4 7-6(0),3,R128,122,1,3,76,51,33,13,11,7,11,0,6,70,41,23,12,11,4,9
2024-1038,Madrid,Clay,128,1000,,20240422,23,215306,,Q,Emiliana Arango,R,,COL,23.398,121,635,216153,,WC,Amanda Anisimova,R,180,USA,22.642,241,312,1-6 6-4 7-6(2),3,R128,128,0,2,94,71,42,6,14,3,11,1,4,99,49,26,22,15,7,14
2024-1038,Madrid,Clay,128,1000,,20240422,24,201551,,,Arantxa Rus,L,180,NED,33.359,47,1222,259104,,WC,Brenda Fruhvirtova,R,,CZE,17.057,106,729,7-5 6-3,3,R128,120,0,5,79,61,37,8,11,5,8,3,5,64,43,23,7,10,2,7
2024-1038,Madrid,Clay,128,1000,,20240422,25,202499,,,Donna Vekic,R,179,CRO,27.817,38,1443,201696,,Q,Laura Siegemund,R,168,GER,36.135,83,849,6-1 6-2,3,R128,79,3,3,51,31,22,13,8,0,0,1,2,50,39,19,5,7,6,10
2024-1038,Madrid,Clay,128,1000,,20240422,26,201585,,,Sloane Stephens,R,170,USA,31.092,33,1625,203354,,,Martina Trevisan,L,160,ITA,30.467,76,918,6-3 5-7 6-4,3,R128,196,2,1,107,80,51,12,16,6,11,0,5,134,98,54,14,15,15,21
2024-1038,Madrid,Clay,128,1000,,20240422,27,206408,,ALT,Nadia Podoroska,R,170,ARG,27.196,66,1051,211701,,,Katerina Siniakova,R,174,CZE,27.951,40,1377,6-2 7-6(2),3,R128,93,2,4,60,45,32,7,10,2,4,0,2,66,46,26,9,10,0,4
2024-1038,Madrid,Clay,128,1000,,20240422,28,201506,,Q,Sara Errani,R,164,ITA,36.984,100,742,201496,,WC,Caroline Wozniacki,R,177,DEN,33.783,117,655,3-6 7-5 7-5,3,R128,168,0,0,116,106,53,6,17,3,11,1,2,100,57,31,19,16,10,18
2024-1038,Madrid,Clay,128,1000,,20240422,29,204427,,,Sara Sorribes Tormo,R,176,ESP,27.538,55,1148,211095,,Q,Bernarda Pera,L,175,USA,29.386,79,910,7-5 6-2,3,R128,114,3,4,60,39,19,10,10,3,8,0,8,77,45,20,12,10,6,14
2024-1038,Madrid,Clay,128,1000,,20240422,30,213583,,,Tatjana Maria,R,172,GER,36.707,67,1019,220548,,,Peyton Stearns,R,,USA,22.538,87,798,6-7(4) 6-2 7-6(5),3,R128,165,9,2,114,66,50,18,16,5,9,0,1,114,85,44,20,16,3,9
2024-1038,Madrid,Clay,128,1000,,20240422,31,223253,,WC,Alexandra Eala,L,173,PHI,18.916,170,440,201615,,,Lesia Tsurenko,R,174,UKR,34.897,41,1363,2-6 6-4 6-4,3,R128,140,1,4,87,55,34,9,14,5,12,0,3,100,74,41,9,14,6,13
2024-1038,Madrid,Clay,128,1000,,20240422,32,216016,,,Xiyu Wang,L,,CHN,23.070,52,1174,202536,,,Ana Bogdan,R,171,ROU,31.407,64,1054,6-7(5) 7-6(4) 6-2,3,R128,201,4,2,119,89,57,14,16,5,9,7,8,139,94,60,15,16,9,15
2024-1038,Madrid,Clay,128,1000,,20240422,33,214544,2,,Aryna Sabalenka,R,182,BLR,25.966,2,7848,202663,,,Magda Linette,R,171,POL,32.192,48,1218,6-4 3-6 6-3,3,R64,129,10,6,90,52,41,18,14,8,9,3,1,92,60,41,20,14,4,6
2024-1038,Madrid,Clay,128,1000,,20240422,34,221905,,WC,Robin Montgomery,L,,USA,19.628,183,413,211107,26,,Katie Boulter,R,180,GBR,27.724,28,1802,1-6 6-3 6-4,3,R64,122,5,4,81,50,34,15,13,3,7,5,5,80,40,27,20,13,6,10
2024-1038,Madrid,Clay,128,1000,,20240422,35,211713,,Q,Jaqueline Cristian,R,180,ROU,25.881,73,923,206252,22,,Barbora Krejcikova,R,178,CZE,28.346,27,1942,2-6 6-0 6-2,3,R64,126,3,4,68,42,27,11,11,5,9,2,7,75,36,26,11,11,6,13
2024-1038,Madrid,Clay,128,1000,,20240422,36,203389,13,,Danielle Collins,R,178,USA,30.358,15,2639,215337,,Q,Olga Danilovic,L,,SRB,23.245,122,635,4-6 6-4 7-6(8),3,R64,163,9,10,116,71,57,13,16,6,10,3,8,100,62,46,16,16,5,9
2024-1038,Madrid,Clay,128,1000,,20240422,37,211148,12,,Jasmine Paolini,R,160,ITA,28.299,13,2938,223286,,WC,Victoria Jimenez Kasintseva,L,,AND,18.703,335,200,6-0 6-1,3,R64,59,0,1,40,34,24,3,6,3,4,0,2,53,39,14,5,7,7,14
2024-1038,Madrid,Clay,128,1000,,20240422,38,201614,21,,Caroline Garcia,R,177,FRA,30.517,24,2068,216133,,,Xinyu Wang,R,182,CHN,22.571,42,1346,6-1 6-4,3,R64,76,8,4,60,27,20,17,9,6,8,2,4,61,38,18,11,8,5,10
2024-1038,Madrid,Clay,128,1000,,20240422,39,259799,,,Mirra Andreeva,R,,RUS,16.983,43,1317,222328,29,,Linda Noskova,R,,CZE,19.428,31,1674,4-6 6-3 6-3,3,R64,112,4,2,87,53,34,15,14,5,10,3,7,87,55,35,8,14,4,11
2024-1038,Madrid,Clay,128,1000,,20240422,40,214954,7,,Marketa Vondrousova,L,173,CZE,24.819,7,4090,201603,,,Shelby Rogers,R,175,USA,31.524,352,185,6-1 6-3,3,R64,77,3,3,41,30,24,4,8,0,1,0,0,69,38,20,12,8,3,8
2024-1038,Madrid,Clay,128,1000,,20240422,41,214981,4,,Elena Rybakina,R,184,KAZ,24.849,4,6293,214459,,,Lucia Bronzetti,R,,ITA,25.367,46,1231,6-4 6-3,3,R64,75,6,5,57,32,23,13,10,3,5,2,4,48,24,18,7,9,1,5
2024-1038,Madrid,Clay,128,1000,,20240422,42,210886,,,Mayar Sherif,R,180,EGY,27.965,72,924,216146,25,,Marta Kostyuk,R,175,UKR,21.818,21,2235,6-2 7-5,3,R64,94,0,0,66,53,31,7,10,1,4,2,4,74,51,26,8,10,7,13
2024-1038,Madrid,Clay,128,1000,,20240422,43,239383,,Q,Sara Bejlek,L,,CZE,18.224,136,554,214939,24,,Anna Kalinskaya,R,175,RUS,25.389,25,1971,6-1 6-4,3,R64,79,0,1,74,55,35,8,9,8,10,0,5,63,46,22,7,8,7,12
2024-1038,Madrid,Clay,128,1000,,20240422,44,221909,,,Ashlyn Krueger,R,185,USA,19.959,70,980,206420,14,,Ekaterina Alexandrova,R,175,RUS,29.435,16,2560,6-3 6-3,3,R64,79,4,0,47,26,19,19,9,1,1,3,5,65,39,25,10,9,6,9
2024-1038,Madrid,Clay,128,1000,,20240422,45,214082,10,,Daria Kasatkina,R,170,RUS,26.960,11,3313,213710,,,Cristina Bucsa,R,,ESP,26.306,75,919,5-7 7-6(5) 6-3,3,R64,150,0,6,108,71,36,17,17,4,14,0,2,113,90,43,11,16,2,12
2024-1038,Madrid,Clay,128,1000,,20240422,46,201499,20,,Anastasia Pavlyuchenkova,R,177,RUS,32.806,22,2161,201611,,LL,Daria Saville,R,166,AUS,30.133,96,751,6-1 6-4,3,R64,87,1,3,59,39,30,8,9,6,7,0,5,64,45,24,8,8,8,12
2024-1038,Madrid,Clay,128,1000,,20240422,47,214452,,,Caroline Dolehide,R,178,USA,25.630,56,1142,211843,30,,Anhelina Kalinina,R,179,UKR,27.204,32,1666,6-7(6) 6-2 6-3,3,R64,169,1,2,121,95,60,13,14,7,9,3,4,119,94,50,14,15,6,12
2024-1038,Madrid,Clay,128,1000,,20240422,48,201709,,,Yulia Putintseva,R,163,KAZ,29.290,50,1213,221012,6,,Qinwen Zheng,R,,CHN,21.539,8,4000,7-5 2-0 RET,3,R64,85,1,0,47,40,20,3,7,2,5,2,1,49,24,14,7,7,2,7
2024-1038,Madrid,Clay,128,1000,,20240422,49,202460,8,,Ons Jabeur,R,167,TUN,29.652,9,3533,203533,,,Anna Karolina Schmiedlova,R,176,SVK,29.608,68,1000,6-4 5-7 6-3,3,R64,148,4,3,104,62,35,22,15,9,15,0,6,103,60,35,18,16,5,13
2024-1038,Madrid,Clay,128,1000,,20240422,50,220367,32,,Leylah Fernandez,L,168,CAN,21.627,35,1520,215713,,,Anastasia Potapova,R,175,RUS,23.064,39,1377,7-5 6-3,3,R64,91,2,8,83,49,35,13,11,6,9,2,4,53,29,18,7,10,3,8
2024-1038,Madrid,Clay,128,1000,,20240422,51,214604,,Q,Maria Lourdes Carle,R,,ARG,24.198,82,853,206368,17,,Veronika Kudermetova,R,175,RUS,26.996,19,2383,6-4 6-4,3,R64,135,0,4,66,48,31,4,10,3,7,1,2,87,57,29,13,10,6,12
2024-1038,Madrid,Clay,128,1000,,20240422,52,211533,9,,Jelena Ostapenko,R,177,LAT,26.873,10,3438,222601,,Q,Jessica Bouzas Maneiro,R,,ESP,21.577,93,782,6-3 6-1,3,R64,66,2,3,50,34,24,5,8,2,4,1,2,56,38,15,9,8,1,7
2024-1038,Madrid,Clay,128,1000,,20240422,53,214643,15,,Liudmila Samsonova,R,180,RUS,25.446,17,2550,211768,,,Naomi Osaka,R,180,JPN,26.517,197,389,6-2 4-6 7-5,3,R64,142,4,6,90,48,37,20,15,5,9,7,5,95,52,36,14,15,6,12
2024-1038,Madrid,Clay,128,1000,,20240422,54,201619,18,,Madison Keys,R,178,USA,29.178,20,2298,201593,,,Irina Camelia Begu,R,181,ROU,33.657,128,612,7-6(3) 7-6(6),3,R64,131,3,2,98,67,45,13,12,10,13,0,4,84,58,37,12,12,4,7
2024-1038,Madrid,Clay,128,1000,,20240422,55,215035,31,,Dayana Yastremska,R,175,UKR,23.938,34,1597,215306,,Q,Emiliana Arango,R,,COL,23.398,121,635,0-6 7-5 6-4,3,R64,153,2,5,95,58,26,17,14,4,12,1,9,109,84,42,12,14,10,17
2024-1038,Madrid,Clay,128,1000,,20240422,56,221103,3,,Coco Gauff,R,175,USA,20.110,3,7258,201551,,,Arantxa Rus,L,180,NED,33.359,47,1222,6-0 6-0,3,R64,51,1,3,37,22,17,10,6,4,4,0,2,32,23,7,1,6,1,7
2024-1038,Madrid,Clay,128,1000,,20240422,57,206289,5,,Maria Sakkari,R,172,GRE,28.745,6,4195,202499,,,Donna Vekic,R,179,CRO,27.817,38,1443,6-3 6-2,3,R64,83,7,1,52,30,21,15,9,0,1,2,1,56,36,20,6,8,5,9
2024-1038,Madrid,Clay,128,1000,,20240422,58,201585,,,Sloane Stephens,R,170,USA,31.092,33,1625,210722,28,,Elise Mertens,R,179,BEL,28.430,29,1794,3-6 6-3 6-1,3,R64,139,0,2,95,70,47,14,13,5,7,3,6,83,48,34,11,12,7,11
2024-1038,Madrid,Clay,128,1000,,20240422,59,215613,19,,Emma Navarro,R,,USA,22.930,23,2158,206408,,ALT,Nadia Podoroska,R,170,ARG,27.196,66,1051,6-2 6-1,3,R64,71,2,0,58,34,21,15,8,2,3,1,1,45,29,14,5,7,4,9
2024-1038,Madrid,Clay,128,1000,,20240422,60,206242,11,,Beatriz Haddad Maia,L,185,BRA,27.897,14,2830,201506,,Q,Sara Errani,R,164,ITA,36.984,100,742,6-3 6-2,3,R64,76,6,2,49,35,29,7,9,4,5,0,0,50,37,19,6,8,2,6
2024-1038,Madrid,Clay,128,1000,,20240422,61,204427,,,Sara Sorribes Tormo,R,176,ESP,27.538,55,1148,202494,16,,Elina Svitolina,R,174,UKR,29.610,18,2457,6-3 7-5,3,R64,132,0,3,75,58,31,9,10,5,9,2,1,73,46,21,11,11,11,18
2024-1038,Madrid,Clay,128,1000,,20240422,62,201458,23,,Victoria Azarenka,R,180,BLR,34.728,26,1969,213583,,,Tatjana Maria,R,172,GER,36.707,67,1019,6-3 6-1,3,R64,81,2,1,56,38,24,11,8,5,7,4,1,53,27,12,8,8,2,8
2024-1038,Madrid,Clay,128,1000,,20240422,63,201514,27,,Sorana Cirstea,R,176,ROU,34.043,30,1748,223253,,WC,Alexandra Eala,L,173,PHI,18.916,170,440,6-3 6-7(6) 6-4,3,R64,137,1,3,95,57,33,17,16,2,8,0,5,90,56,30,13,15,6,14
2024-1038,Madrid,Clay,128,1000,,20240422,64,216347,1,,Iga Swiatek,R,176,POL,22.894,1,10560,216016,,,Xiyu Wang,L,,CHN,23.070,52,1174,6-1 6-4,3,R64,76,3,3,52,33,24,9,8,3,4,1,2,49,38,16,7,9,2,7
2024-1038,Madrid,Clay,128,1000,,20240422,65,214544,2,,Aryna Sabalenka,R,182,BLR,25.966,2,7848,221905,,WC,Robin Montgomery,L,,USA,19.628,183,413,6-1 6-7(5) 6-4,3,R32,149,8,4,101,72,51,18,15,2,3,6,4,96,53,35,21,14,4,8
2024-1038,Madrid,Clay,128,1000,,20240422,66,203389,13,,Danielle Collins,R,178,USA,30.358,15,2639,211713,,Q,Jaqueline Cristian,R,180,ROU,25.881,73,923,3-6 6-4 6-1,3,R32,121,8,3,78,50,38,14,13,1,2,4,2,79,52,38,12,13,3,6
2024-1038,Madrid,Clay,128,1000,,20240422,67,211148,12,,Jasmine Paolini,R,160,ITA,28.299,13,2938,201614,21,,Caroline Garcia,R,177,FRA,30.517,24,2068,6-3 6-2,3,R32,63,3,1,42,32,28,5,9,1,2,3,0,59,39,23,7,8,7,11
2024-1038,Madrid,Clay,128,1000,,20240422,68,259799,,,Mirra Andreeva,R,,RUS,16.983,43,1317,214954,7,,Marketa Vondrousova,L,173,CZE,24.819,7,4090,7-5 6-1,3,R32,75,0,0,45,34,23,5,9,2,5,0,2,62,41,18,8,10,5,12
2024-1038,Madrid,Clay,128,1000,,20240422,69,214981,4,,Elena Rybakina,R,184,KAZ,24.849,4,6293,210886,,,Mayar Sherif,R,180,EGY,27.965,72,924,6-1 6-4,3,R32,90,1,2,53,26,22,16,9,3,3,0,1,69,47,26,11,8,10,13
2024-1038,Madrid,Clay,128,1000,,20240422,70,239383,,Q,Sara Bejlek,L,,CZE,18.224,136,554,221909,,,Ashlyn Krueger,R,185,USA,19.959,70,980,6-3 6-1,3,R32,71,0,2,60,37,25,13,8,3,4,1,1,51,40,18,6,8,4,9
2024-1038,Madrid,Clay,128,1000,,20240422,71,214082,10,,Daria Kasatkina,R,170,RUS,26.960,11,3313,201499,20,,Anastasia Pavlyuchenkova,R,177,RUS,32.806,22,2161,7-6(5) 7-5,3,R32,112,0,5,87,67,44,5,12,4,8,2,2,77,48,29,12,12,3,8
2024-1038,Madrid,Clay,128,1000,,20240422,72,201709,,,Yulia Putintseva,R,163,KAZ,29.290,50,1213,214452,,,Caroline Dolehide,R,178,USA,25.630,56,1142,6-2 6-2,3,R32,67,0,0,44,35,26,7,8,1,1,0,1,47,38,19,4,8,1,5
2024-1038,Madrid,Clay,128,1000,,20240422,73,202460,8,,Ons Jabeur,R,167,TUN,29.652,9,3533,220367,32,,Leylah Fernandez,L,168,CAN,21.627,35,1520,7-5 2-6 6-4,3,R32,144,4,2,98,57,42,14,15,8,13,1,6,110,70,47,15,15,12,17
2024-1038,Madrid,Clay,128,1000,,20240422,74,211533,9,,Jelena Ostapenko,R,177,LAT,26.873,10,3438,214604,,Q,Maria Lourdes Carle,R,,ARG,24.198,82,853,6-3 6-3,3,R32,89,1,5,54,34,19,9,9,5,9,1,4,73,56,27,4,9,7,14
2024-1038,Madrid,Clay,128,1000,,20240422,75,201619,18,,Madison Keys,R,178,USA,29.178,20,2298,214643,15,,Liudmila Samsonova,R,180,RUS,25.446,17,2550,6-2 6-3,3,R32,75,7,0,53,37,29,9,8,4,4,7,2,57,37,24,5,9,2,6
2024-1038,Madrid,Clay,128,1000,,20240422,76,221103,3,,Coco Gauff,R,175,USA,20.110,3,7258,215035,31,,Dayana Yastremska,R,175,UKR,23.938,34,1597,6-4 6-1,3,R32,77,3,8,55,28,23,10,9,3,6,2,2,49,31,15,4,8,4,10
2024-1038,Madrid,Clay,128,1000,,20240422,77,206289,5,,Maria Sakkari,R,172,GRE,28.745,6,4195,201585,,,Sloane Stephens,R,170,USA,31.092,33,1625,6-1 6-3,3,R32,63,2,2,45,26,20,11,8,2,3,1,0,41,34,16,2,8,2,7
2024-1038,Madrid,Clay,128,1000,,20240422,78,206242,11,,Beatriz Haddad Maia,L,185,BRA,27.897,14,2830,215613,19,,Emma Navarro,R,,USA,22.930,23,2158,6-4 6-4,3,R32,112,2,2,75,55,40,7,10,6,7,2,6,69,44,31,10,10,8,11
2024-1038,Madrid,Clay,128,1000,,20240422,79,204427,,,Sara Sorribes Tormo,R,176,ESP,27.538,55,1148,201458,23,,Victoria Azarenka,R,180,BLR,34.728,26,1969,7-6(0) 6-3,3,R32,170,0,0,93,74,44,8,11,8,12,1,2,78,55,30,7,10,4,9
2024-1038,Madrid,Clay,128,1000,,20240422,80,216347,1,,Iga Swiatek,R,176,POL,22.894,1,10560,201514,27,,Sorana Cirstea,R,176,ROU,34.043,30,1748,6-1 6-1,3,R32,78,0,0,45,29,19,11,7,1,2,0,2,53,25,13,9,7,8,14
2024-1038,Madrid,Clay,128,1000,,20240422,81,214544,2,,Aryna Sabalenka,R,182,BLR,25.966,2,7848,203389,13,,Danielle Collins,R,178,USA,30.358,15,2639,4-6 6-4 6-3,3,R16,144,4,4,91,60,41,14,14,7,11,5,4,93,48,33,18,15,3,9
2024-1038,Madrid,Clay,128,1000,,20240422,82,259799,,,Mirra Andreeva,R,,RUS,16.983,43,1317,211148,12,,Jasmine Paolini,R,160,ITA,28.299,13,2938,7-6(2) 6-4,3,R16,100,5,1,85,56,32,12,11,3,8,1,1,66,51,26,6,11,2,8
2024-1038,Madrid,Clay,128,1000,,20240422,83,214981,4,,Elena Rybakina,R,184,KAZ,24.849,4,6293,239383,,Q,Sara Bejlek,L,,CZE,18.224,136,554,6-1 6-3,3,R16,76,0,0,69,46,28,11,8,13,15,1,6,52,31,18,4,8,4,10
2024-1038,Madrid,Clay,128,1000,,20240422,84,201709,,,Yulia Putintseva,R,163,KAZ,29.290,50,1213,214082,10,,Daria Kasatkina,R,170,RUS,26.960,11,3313,3-6 6-2 6-2,3,R16,113,1,0,70,52,33,11,12,5,8,0,3,92,71,38,10,13,5,11
2024-1038,Madrid,Clay,128,1000,,20240422,85,202460,8,,Ons Jabeur,R,167,TUN,29.652,9,3533,211533,9,,Jelena Ostapenko,R,177,LAT,26.873,10,3438,6-0 6-4,3,R16,67,2,1,50,26,20,12,8,1,2,1,5,50,28,18,4,8,1,6
2024-1038,Madrid,Clay,128,1000,,20240422,86,201619,18,,Madison Keys,R,178,USA,29.178,20,2298,221103,3,,Coco Gauff,R,175,USA,20.110,3,7258,7-6(4) 4-6 6-4,3,R16,150,1,2,121,77,45,18,16,8,15,1,13,105,55,37,20,16,7,14
2024-1038,Madrid,Clay,128,1000,,20240422,87,206242,11,,Beatriz Haddad Maia,L,185,BRA,27.897,14,2830,206289,5,,Maria Sakkari,R,172,GRE,28.745,6,4195,6-4 6-4,3,R16,109,3,6,65,46,32,7,10,4,6,3,3,67,47,29,7,10,5,9
2024-1038,Madrid,Clay,128,1000,,20240422,88,216347,1,,Iga Swiatek,R,176,POL,22.894,1,10560,204427,,,Sara Sorribes Tormo,R,176,ESP,27.538,55,1148,6-1 6-0,3,R16,67,0,1,38,24,18,9,7,0,1,0,3,38,29,7,3,6,3,9
2024-1038,Madrid,Clay,128,1000,,20240422,89,214544,2,,Aryna Sabalenka,R,182,BLR,25.966,2,7848,259799,,,Mirra Andreeva,R,,RUS,16.983,43,1317,6-1 6-4,3,QF,79,2,1,52,34,27,11,9,0,0,3,2,58,31,20,11,8,2,5
2024-1038,Madrid,Clay,128,1000,,20240422,90,214981,4,,Elena Rybakina,R,184,KAZ,24.849,4,6293,201709,,,Yulia Putintseva,R,163,KAZ,29.290,50,1213,4-6 7-6(4) 7-5,3,QF,168,6,8,117,71,50,22,17,7,10,0,2,110,84,53,16,17,9,12
2024-1038,Madrid,Clay,128,1000,,20240422,91,201619,18,,Madison Keys,R,178,USA,29.178,20,2298,202460,8,,Ons Jabeur,R,167,TUN,29.652,9,3533,0-6 7-5 6-1,3,QF,93,3,3,82,53,33,17,13,3,7,3,0,63,39,28,11,12,3,7
2024-1038,Madrid,Clay,128,1000,,20240422,92,216347,1,,Iga Swiatek,R,176,POL,22.894,1,10560,206242,11,,Beatriz Haddad Maia,L,185,BRA,27.897,14,2830,4-6 6-0 6-2,3,QF,149,0,3,70,49,31,13,12,4,7,1,6,96,63,28,16,12,11,18
2024-1038,Madrid,Clay,128,1000,,20240422,93,214544,2,,Aryna Sabalenka,R,182,BLR,25.966,2,7848,214981,4,,Elena Rybakina,R,184,KAZ,24.849,4,6293,1-6 7-5 7-6(5),3,SF,137,4,4,88,56,43,16,15,6,10,9,3,106,65,46,24,16,5,8
2024-1038,Madrid,Clay,128,1000,,20240422,94,216347,1,,Iga Swiatek,R,176,POL,22.894,1,10560,201619,18,,Madison Keys,R,178,USA,29.178,20,2298,6-1 6-3,3,SF,70,0,0,50,36,25,11,8,3,3,5,0,45,28,15,6,8,1,5
2024-1038,Madrid,Clay,128,1000,,20240422,95,216347,1,,Iga Swiatek,R,176,POL,22.894,1,10560,214544,2,,Aryna Sabalenka,R,182,BLR,25.966,2,7848,7-5 4-6 7-6(7),3,F,191,2,4,119,78,52,21,17,8,13,4,4,118,68,46,24,17,7,12
2024-709,Rome,Clay,128,1000,,20240506,1,220465,,Q,Katie Volynets,R,,USA,22.347,109,704,206374,,,Yafan Wang,R,170,CHN,30.018,69,967,7-6(6) 6-1,3,R128,123,1,0,74,63,39,8,10,6,8,1,4,78,50,30,9,9,7,11
2024-709,Rome,Clay,128,1000,,20240506,2,201696,,Q,Laura Siegemund,R,168,GER,36.173,86,814,214604,,Q,Maria Lourdes Carle,R,,ARG,24.236,71,933,2-6 6-4 6-4,3,R128,154,0,1,88,72,40,9,14,4,10,0,5,91,77,42,3,14,4,10
2024-709,Rome,Clay,128,1000,,20240506,3,220704,,Q,Clara Tauson,R,182,DEN,21.375,78,872,201611,,,Daria Saville,R,166,AUS,30.172,84,819,6-2 6-3,3,R128,77,6,2,47,24,20,11,8,1,2,0,9,50,33,16,6,9,2,7
2024-709,Rome,Clay,128,1000,,20240506,4,201506,,WC,Sara Errani,R,164,ITA,37.022,93,777,216153,,,Amanda Anisimova,R,180,USA,22.681,237,312,4-6 6-2 6-1,3,R128,111,0,0,79,59,35,11,12,3,7,7,9,84,48,23,12,13,10,18
2024-709,Rome,Clay,128,1000,,20240506,5,215713,,,Anastasia Potapova,R,175,RUS,23.102,43,1347,216016,,,Xiyu Wang,L,,CHN,23.108,53,1144,6-1 7-5,3,R128,90,3,4,57,27,22,20,10,4,5,2,5,61,38,23,8,9,4,8
2024-709,Rome,Clay,128,1000,,20240506,6,204427,,,Sara Sorribes Tormo,R,176,ESP,27.576,47,1266,206408,,,Nadia Podoroska,R,170,ARG,27.234,61,1076,6-4 6-3,3,R128,119,0,3,73,53,33,8,10,3,6,0,3,53,32,17,8,9,2,7
2024-709,Rome,Clay,128,1000,,20240506,7,211685,,Q,Rebecca Sramkova,R,,SVK,27.546,120,665,223410,,WC,Georgia Pedone,R,,ITA,19.680,270,265,6-4 6-1,3,R128,83,0,1,42,28,20,10,8,1,2,0,0,67,48,24,6,9,6,11
2024-709,Rome,Clay,128,1000,,20240506,8,213550,,,Sofia Kenin,R,170,USA,25.476,58,1094,214459,,,Lucia Bronzetti,R,,ITA,25.405,48,1256,6-3 6-2,3,R128,99,0,2,70,45,30,12,9,8,10,4,6,69,38,24,8,8,5,10
2024-709,Rome,Clay,128,1000,,20240506,9,201593,,,Irina Camelia Begu,R,181,ROU,33.695,161,471,214119,,Q,Rebeka Masarova,R,186,ESP,24.751,104,725,5-7 6-3 6-4,3,R128,170,4,5,117,88,60,11,16,13,16,2,9,112,67,46,18,15,8,12
2024-709,Rome,Clay,128,1000,,20240506,10,211701,,,Katerina Siniakova,R,174,CZE,27.990,36,1510,215572,,WC,Nuria Brancaccio,R,,ITA,23.866,292,247,6-4 6-2,3,R128,87,0,5,68,44,26,9,9,6,10,0,2,52,32,14,4,9,4,11
2024-709,Rome,Clay,128,1000,,20240506,11,220714,,,Elisabetta Cocciaretto,R,,ITA,23.278,56,1124,213887,,Q,Renata Zarazua,R,,MEX,26.599,103,727,4-6 7-5 6-3,3,R128,160,1,4,93,65,38,14,16,6,12,1,1,89,58,35,8,15,9,16
2024-709,Rome,Clay,128,1000,,20240506,12,215020,,,Anna Blinkova,R,179,RUS,25.654,46,1275,220348,,,Diane Parry,R,170,FRA,21.679,50,1190,6-2 6-3,3,R128,75,0,4,47,27,21,11,8,2,3,0,7,64,29,21,10,9,5,10
2024-709,Rome,Clay,128,1000,,20240506,13,210886,,,Mayar Sherif,R,180,EGY,28.003,80,854,201549,,,Petra Martic,R,181,CRO,33.296,81,849,6-2 6-2,3,R128,75,0,1,44,35,26,6,8,0,1,0,2,51,28,17,5,8,3,8
2024-709,Rome,Clay,128,1000,,20240506,14,202663,,,Magda Linette,R,171,POL,32.231,51,1188,202684,,,Lin Zhu,R,173,CHN,30.270,57,1097,6-3 6-2,3,R128,81,0,1,45,22,19,17,9,0,0,1,4,59,33,17,14,8,7,10
2024-709,Rome,Clay,128,1000,,20240506,15,201615,,,Lesia Tsurenko,R,174,UKR,34.936,44,1308,202499,,,Donna Vekic,R,179,CRO,27.855,37,1468,6-2 3-6 7-6(5),3,R128,159,3,5,110,79,54,13,14,9,11,5,7,103,58,38,26,15,4,7
2024-709,Rome,Clay,128,1000,,20240506,16,219875,,Q,Varvara Gracheva,R,,FRA,23.760,88,803,202580,,WC,Federica Di Sarra,R,,ITA,33.975,530,99,6-1 6-3,3,R128,70,0,1,49,33,25,7,8,4,5,0,4,44,29,15,4,8,4,9
2024-709,Rome,Clay,128,1000,,20240506,17,201603,,,Shelby Rogers,R,175,USA,31.563,398,155,221354,,WC,Lisa Pigato,R,,ITA,20.877,318,215,6-1 6-0,3,R128,61,2,1,34,24,19,8,6,2,2,0,1,45,31,11,5,7,5,11
2024-709,Rome,Clay,128,1000,,20240506,18,214593,,WC,Lucrezia Stefanini,R,,ITA,25.977,179,414,260510,,WC,Vittoria Paganetti,,,ITA,,,,7-5 6-3,3,R128,110,0,4,64,48,25,8,11,4,9,0,6,62,36,19,6,10,1,8
2024-709,Rome,Clay,128,1000,,20240506,19,211768,,,Naomi Osaka,R,180,JPN,26.555,173,424,216262,,,Clara Burel,R,176,FRA,23.119,45,1300,7-6(2) 6-1,3,R128,84,8,0,61,34,28,14,9,2,3,2,3,65,31,17,18,10,5,9
2024-709,Rome,Clay,128,1000,,20240506,20,213583,,,Tatjana Maria,R,172,GER,36.745,65,1019,222258,,Q,Linda Fruhvirtova,R,,CZE,19.015,150,496,7-6(5) 3-6 6-2,3,R128,148,5,2,95,51,28,20,14,3,11,0,6,90,54,26,16,15,2,11
2024-709,Rome,Clay,128,1000,,20240506,21,223670,,,Diana Shnaider,L,,RUS,20.093,62,1074,213889,,,Greet Minnen,R,,BEL,26.727,76,887,6-2 6-3,3,R128,85,1,1,52,33,22,12,8,2,3,1,3,70,48,26,7,9,5,10
2024-709,Rome,Clay,128,1000,,20240506,22,211651,,,Paula Badosa,R,180,ESP,26.473,126,627,259799,,,Mirra Andreeva,R,,RUS,17.022,40,1412,6-2 6-3,3,R128,94,2,4,64,43,29,11,9,5,7,2,2,60,40,20,9,8,6,11
2024-709,Rome,Clay,128,1000,,20240506,23,220589,,,Elina Avanesyan,R,,ARM,21.635,72,922,213710,,,Cristina Bucsa,R,,ESP,26.344,70,944,6-7(3) 6-0 7-5,3,R128,156,2,6,100,58,41,18,15,3,6,0,1,104,75,41,13,15,11,18
2024-709,Rome,Clay,128,1000,,20240506,24,211684,,,Magdalena Frech,R,171,POL,26.391,55,1138,221909,,,Ashlyn Krueger,R,185,USA,19.998,66,1004,7-6(2) 6-3,3,R128,134,0,2,83,53,31,11,11,2,7,0,9,91,46,25,15,10,11,17
2024-709,Rome,Clay,128,1000,,20240506,25,202536,,,Ana Bogdan,R,171,ROU,31.445,63,1029,220367,,,Leylah Fernandez,L,168,CAN,21.665,34,1575,6-4 6-1,3,R128,102,0,3,64,39,26,13,8,5,6,2,3,59,41,23,6,9,3,8
2024-709,Rome,Clay,128,1000,,20240506,26,259104,,Q,Brenda Fruhvirtova,R,,CZE,17.095,102,729,203501,,,Taylor Townsend,L,170,USA,28.055,59,1083,3-6 6-2 6-0,3,R128,121,5,5,97,70,43,14,11,13,15,2,2,68,46,27,8,12,3,9
2024-709,Rome,Clay,128,1000,,20240506,27,215785,,,Camila Osorio,R,162,COL,22.371,64,1027,201551,,,Arantxa Rus,L,180,NED,33.397,49,1194,4-6 6-3 6-4,3,R128,151,0,9,95,64,35,13,14,6,12,1,5,100,62,36,12,15,4,12
2024-709,Rome,Clay,128,1000,,20240506,28,216133,,,Xinyu Wang,R,182,CHN,22.610,42,1371,206294,,,Yue Yuan,R,184,CHN,25.613,38,1461,4-6 6-1 6-2,3,R128,142,2,3,76,48,34,14,12,5,8,2,1,120,75,38,20,13,16,23
2024-709,Rome,Clay,128,1000,,20240506,29,205925,,Q,Aliaksandra Sasnovich,R,174,BLR,30.125,113,691,203533,,,Anna Karolina Schmiedlova,R,176,SVK,29.646,67,1003,6-2 7-6(6),3,R128,119,1,1,76,53,28,16,10,3,5,1,10,81,52,32,9,10,14,18
2024-709,Rome,Clay,128,1000,,20240506,30,201493,,,Angelique Kerber,L,173,GER,36.299,331,202,201616,,,Lauren Davis,R,157,USA,30.574,194,392,6-1 6-0,3,R128,62,0,2,46,32,24,8,7,1,1,0,8,47,28,11,7,6,4,9
2024-709,Rome,Clay,128,1000,,20240506,31,201709,,,Yulia Putintseva,R,163,KAZ,29.328,41,1393,203354,,WC,Martina Trevisan,L,160,ITA,30.506,87,808,6-3 6-4,3,R128,102,4,1,72,49,31,12,10,6,8,1,3,55,35,23,5,9,4,8
2024-709,Rome,Clay,128,1000,,20240506,32,211095,,Q,Bernarda Pera,L,175,USA,29.424,77,875,214452,,,Caroline Dolehide,R,178,USA,25.668,54,1138,7-6(6) 6-3,3,R128,102,2,1,86,58,45,14,11,8,9,2,2,68,50,31,11,10,1,3
2024-709,Rome,Clay,128,1000,,20240506,33,214544,2,,Aryna Sabalenka,R,182,BLR,26.005,2,7498,220465,,Q,Katie Volynets,R,,USA,22.347,109,704,4-6 6-3 6-2,3,R64,135,3,4,98,68,43,12,14,11,16,1,3,94,73,37,9,13,6,13
2024-709,Rome,Clay,128,1000,,20240506,34,215035,32,,Dayana Yastremska,R,175,UKR,23.976,33,1590,201696,,Q,Laura Siegemund,R,168,GER,36.173,86,814,4-6 7-5 6-2,3,R64,176,1,6,103,49,30,24,15,9,15,2,3,83,62,32,8,15,3,11
2024-709,Rome,Clay,128,1000,,20240506,35,214939,23,,Anna Kalinskaya,R,175,RUS,25.427,26,1916,220704,,Q,Clara Tauson,R,182,DEN,21.375,78,872,6-1 6-2,3,R64,84,1,3,62,41,22,12,8,3,5,2,4,58,31,16,8,7,7,13
2024-709,Rome,Clay,128,1000,,20240506,36,202494,16,,Elina Svitolina,R,174,UKR,29.649,19,2400,201506,,WC,Sara Errani,R,164,ITA,37.022,93,777,6-0 6-2,3,R64,77,4,4,62,27,21,14,7,10,11,0,3,42,30,10,3,7,2,8
2024-709,Rome,Clay,128,1000,,20240506,37,211533,9,,Jelena Ostapenko,R,177,LAT,26.911,10,3493,215713,,,Anastasia Potapova,R,175,RUS,23.102,43,1347,6-4 6-2,3,R64,97,0,2,76,39,25,16,9,6,9,3,4,60,30,15,13,9,4,10
2024-709,Rome,Clay,128,1000,,20240506,38,204427,,,Sara Sorribes Tormo,R,176,ESP,27.576,47,1266,201499,20,,Anastasia Pavlyuchenkova,R,177,RUS,32.844,21,2191,6-3 1-6 7-5,3,R64,142,0,2,81,65,30,9,14,5,12,0,15,92,60,39,8,14,6,13
2024-709,Rome,Clay,128,1000,,20240506,39,211685,,Q,Rebecca Sramkova,R,,SVK,27.546,120,665,211107,26,,Katie Boulter,R,180,GBR,27.762,28,1742,6-4 7-6(8),3,R64,127,2,1,101,61,38,22,11,16,19,4,7,75,37,26,15,11,0,4
2024-709,Rome,Clay,128,1000,,20240506,40,213550,,,Sofia Kenin,R,170,USA,25.476,58,1094,202460,8,,Ons Jabeur,R,167,TUN,29.690,9,3748,7-5 2-6 6-4,3,R64,137,0,5,102,59,36,20,15,6,12,9,5,114,61,39,21,15,13,19
2024-709,Rome,Clay,128,1000,,20240506,41,201593,,,Irina Camelia Begu,R,181,ROU,33.695,161,471,206219,,LL,Oceane Dodin,R,,FRA,27.532,73,919,5-2 RET,3,R64,26,1,1,17,12,8,2,3,1,2,0,2,21,11,5,3,4,1,4
2024-709,Rome,Clay,128,1000,,20240506,42,210722,27,,Elise Mertens,R,179,BEL,28.469,30,1684,211701,,,Katerina Siniakova,R,174,CZE,27.990,36,1510,6-1 6-4,3,R64,96,4,2,61,41,24,12,9,1,3,3,3,54,36,17,8,8,6,11
2024-709,Rome,Clay,128,1000,,20240506,43,201614,22,,Caroline Garcia,R,177,FRA,30.555,23,2068,220714,,,Elisabetta Cocciaretto,R,,ITA,23.278,56,1124,6-2 7-6(5),3,R64,96,11,3,65,35,30,15,10,2,3,2,3,65,37,24,15,10,4,7
2024-709,Rome,Clay,128,1000,,20240506,44,203389,13,,Danielle Collins,R,178,USA,30.396,15,2759,215020,,,Anna Blinkova,R,179,RUS,25.654,46,1275,6-4 0-0 RET,3,R64,58,1,2,37,19,15,6,6,6,8,2,3,30,16,10,5,5,0,3
2024-709,Rome,Clay,128,1000,,20240506,45,210886,,,Mayar Sherif,R,180,EGY,28.003,80,854,211148,11,,Jasmine Paolini,R,160,ITA,28.337,12,3048,7-6(4) 2-6 6-4,3,R64,161,1,5,113,79,45,14,15,7,14,1,3,106,77,41,14,15,8,14
2024-709,Rome,Clay,128,1000,,20240506,46,201458,24,,Victoria Azarenka,R,180,BLR,34.766,24,2024,202663,,,Magda Linette,R,171,POL,32.231,51,1188,6-7(5) 6-4 6-3,3,R64,171,1,12,112,64,44,21,16,3,8,4,7,91,52,34,17,15,3,10
2024-709,Rome,Clay,128,1000,,20240506,47,211843,30,,Anhelina Kalinina,R,179,UKR,27.242,31,1666,201615,,,Lesia Tsurenko,R,174,UKR,34.936,44,1308,2-0 RET,3,R64,11,0,0,8,3,2,3,1,0,0,0,2,5,0,0,1,1,0,1
2024-709,Rome,Clay,128,1000,,20240506,48,206289,5,,Maria Sakkari,R,172,GRE,28.784,8,3925,219875,,Q,Varvara Gracheva,R,,FRA,23.760,88,803,6-2 6-2,3,R64,83,3,3,61,34,23,18,8,4,4,0,1,53,38,18,8,8,5,9
2024-709,Rome,Clay,128,1000,,20240506,49,221012,7,,Qinwen Zheng,R,,CHN,21.577,7,3945,201603,,,Shelby Rogers,R,175,USA,31.563,398,155,6-2 6-0,3,R64,74,6,3,48,20,15,18,7,2,2,2,2,46,29,17,4,7,1,6
2024-709,Rome,Clay,128,1000,,20240506,50,222328,29,,Linda Noskova,R,,CZE,19.467,29,1684,214593,,WC,Lucrezia Stefanini,R,,ITA,25.977,179,414,6-3 7-6(1),3,R64,115,4,4,70,39,26,9,10,4,9,0,4,90,66,30,9,11,6,13
2024-709,Rome,Clay,128,1000,,20240506,51,211768,,,Naomi Osaka,R,180,JPN,26.555,173,424,216146,19,,Marta Kostyuk,R,175,UKR,21.857,20,2235,6-3 6-2,3,R64,71,2,0,44,20,17,14,9,2,4,0,7,60,30,15,12,8,2,7
2024-709,Rome,Clay,128,1000,,20240506,52,214082,10,,Daria Kasatkina,R,170,RUS,26.999,11,3313,213583,,,Tatjana Maria,R,172,GER,36.745,65,1019,7-5 6-1,3,R64,95,1,5,72,51,30,8,9,5,9,3,1,63,32,14,10,10,7,15
2024-709,Rome,Clay,128,1000,,20240506,53,223670,,,Diana Shnaider,L,,RUS,20.093,62,1074,214643,15,,Liudmila Samsonova,R,180,RUS,25.484,17,2495,6-1 6-3,3,R64,87,0,1,45,30,19,8,8,0,2,2,9,62,24,15,10,8,8,14
2024-709,Rome,Clay,128,1000,,20240506,54,211651,,,Paula Badosa,R,180,ESP,26.473,126,627,215613,21,,Emma Navarro,R,,USA,22.968,22,2143,1-6 6-4 6-2,3,R64,116,3,1,89,58,34,19,13,9,13,1,2,88,53,33,17,12,7,11
2024-709,Rome,Clay,128,1000,,20240506,55,211713,,LL,Jaqueline Cristian,R,180,ROU,25.920,68,983,220589,,,Elina Avanesyan,R,,ARM,21.635,72,922,5-7 6-2 6-2,3,R64,170,4,3,102,62,42,19,14,13,17,1,4,111,74,38,16,14,9,16
2024-709,Rome,Clay,128,1000,,20240506,56,221103,3,,Coco Gauff,R,175,USA,20.148,3,7313,211684,,,Magdalena Frech,R,171,POL,26.391,55,1138,6-3 6-3,3,R64,88,3,9,53,27,19,10,9,4,8,2,0,52,34,13,5,9,4,11
2024-709,Rome,Clay,128,1000,,20240506,57,214954,6,,Marketa Vondrousova,L,173,CZE,24.857,6,4090,202536,,,Ana Bogdan,R,171,ROU,31.445,63,1029,6-2 3-6 6-4,3,R64,146,1,5,87,54,31,17,13,6,11,5,2,95,60,32,14,14,7,14
2024-709,Rome,Clay,128,1000,,20240506,58,201514,28,,Sorana Cirstea,R,176,ROU,34.081,32,1619,259104,,Q,Brenda Fruhvirtova,R,,CZE,17.095,102,729,7-5 6-0,3,R64,92,4,1,67,34,20,17,9,7,10,1,9,62,31,17,8,9,6,13
2024-709,Rome,Clay,128,1000,,20240506,59,201619,18,,Madison Keys,R,178,USA,29.216,16,2688,215785,,,Camila Osorio,R,162,COL,22.371,64,1027,6-0 4-6 6-3,3,R64,107,3,4,66,45,31,10,12,3,6,2,5,96,65,36,11,13,11,18
2024-709,Rome,Clay,128,1000,,20240506,60,206242,12,,Beatriz Haddad Maia,L,185,BRA,27.935,13,3035,216133,,,Xinyu Wang,R,182,CHN,22.610,42,1371,4-6 6-3 6-4,3,R64,136,2,3,82,60,42,11,15,4,8,2,3,89,52,28,21,14,6,11
2024-709,Rome,Clay,128,1000,,20240506,61,205925,,Q,Aliaksandra Sasnovich,R,174,BLR,30.125,113,691,206420,14,,Ekaterina Alexandrova,R,175,RUS,29.474,18,2450,6-0 6-1,3,R64,59,0,2,38,23,20,10,7,2,2,0,10,44,19,10,6,6,7,12
2024-709,Rome,Clay,128,1000,,20240506,62,201493,,,Angelique Kerber,L,173,GER,36.299,331,202,206368,17,,Veronika Kudermetova,R,175,RUS,27.034,25,2003,6-3 6-0,3,R64,69,2,1,51,37,25,10,8,0,0,1,1,35,18,9,6,7,1,5
2024-709,Rome,Clay,128,1000,,20240506,63,201709,,,Yulia Putintseva,R,163,KAZ,29.328,41,1393,201585,31,,Sloane Stephens,R,170,USA,31.130,35,1552,6-3 6-2,3,R64,74,0,3,60,45,32,8,9,3,4,0,0,49,33,17,8,8,3,7
2024-709,Rome,Clay,128,1000,,20240506,64,216347,1,,Iga Swiatek,R,176,POL,22.933,1,10910,211095,,Q,Bernarda Pera,L,175,USA,29.424,77,875,6-0 6-2,3,R64,77,0,0,52,30,21,13,7,4,5,2,3,61,39,20,6,7,9,15
2024-709,Rome,Clay,128,1000,,20240506,65,214544,2,,Aryna Sabalenka,R,182,BLR,26.005,2,7498,215035,32,,Dayana Yastremska,R,175,UKR,23.976,33,1590,6-4 6-2,3,R32,86,1,3,50,33,25,13,9,2,2,2,4,70,42,26,14,9,7,10
2024-709,Rome,Clay,128,1000,,20240506,66,202494,16,,Elina Svitolina,R,174,UKR,29.649,19,2400,214939,23,,Anna Kalinskaya,R,175,RUS,25.427,26,1916,6-3 6-3,3,R32,73,2,1,52,32,25,9,9,2,3,0,4,57,41,24,6,9,5,9
2024-709,Rome,Clay,128,1000,,20240506,67,211533,9,,Jelena Ostapenko,R,177,LAT,26.911,10,3493,204427,,,Sara Sorribes Tormo,R,176,ESP,27.576,47,1266,6-4 5-7 6-1,3,R32,153,1,6,104,60,32,20,15,7,14,0,4,96,69,31,11,14,9,18
2024-709,Rome,Clay,128,1000,,20240506,68,211685,,Q,Rebecca Sramkova,R,,SVK,27.546,120,665,213550,,,Sofia Kenin,R,170,USA,25.476,58,1094,6-4 4-6 6-4,3,R32,139,1,1,102,68,41,17,15,2,7,2,1,91,62,40,13,15,7,13
2024-709,Rome,Clay,128,1000,,20240506,69,201593,,,Irina Camelia Begu,R,181,ROU,33.695,161,471,210722,27,,Elise Mertens,R,179,BEL,28.469,30,1684,6-2 6-0,3,R32,78,0,6,48,34,24,5,7,4,5,0,6,42,17,7,9,7,3,9
2024-709,Rome,Clay,128,1000,,20240506,70,203389,13,,Danielle Collins,R,178,USA,30.396,15,2759,201614,22,,Caroline Garcia,R,177,FRA,30.555,23,2068,6-3 6-3,3,R32,81,7,8,61,29,24,12,9,6,8,7,2,55,35,20,6,9,1,6
2024-709,Rome,Clay,128,1000,,20240506,71,201458,24,,Victoria Azarenka,R,180,BLR,34.766,24,2024,210886,,,Mayar Sherif,R,180,EGY,28.003,80,854,6-2 6-7(6) 6-3,3,R32,174,0,4,108,80,46,10,15,3,10,0,2,102,72,33,11,14,7,17
2024-709,Rome,Clay,128,1000,,20240506,72,206289,5,,Maria Sakkari,R,172,GRE,28.784,8,3925,211843,30,,Anhelina Kalinina,R,179,UKR,27.242,31,1666,7-6(4) 6-0,3,R32,109,3,3,66,42,36,8,9,5,6,1,1,70,48,26,11,9,4,8
2024-709,Rome,Clay,128,1000,,20240506,73,221012,7,,Qinwen Zheng,R,,CHN,21.577,7,3945,222328,29,,Linda Noskova,R,,CZE,19.467,29,1684,3-6 6-1 6-2,3,R32,108,4,5,71,30,25,19,12,2,5,1,6,64,34,24,9,12,2,8
2024-709,Rome,Clay,128,1000,,20240506,74,211768,,,Naomi Osaka,R,180,JPN,26.555,173,424,214082,10,,Daria Kasatkina,R,170,RUS,26.999,11,3313,6-3 6-3,3,R32,80,5,2,62,33,21,16,9,4,6,0,3,58,40,23,5,9,7,12
2024-709,Rome,Clay,128,1000,,20240506,75,211651,,,Paula Badosa,R,180,ESP,26.473,126,627,223670,,,Diana Shnaider,L,,RUS,20.093,62,1074,5-7 6-4 6-4,3,R32,156,2,9,103,62,43,20,16,6,10,2,5,108,60,38,23,16,11,16
2024-709,Rome,Clay,128,1000,,20240506,76,221103,3,,Coco Gauff,R,175,USA,20.148,3,7313,211713,,LL,Jaqueline Cristian,R,180,ROU,25.920,68,983,6-1 0-6 6-3,3,R32,124,1,15,86,44,32,17,11,7,10,3,4,78,35,20,22,11,9,13
2024-709,Rome,Clay,128,1000,,20240506,77,201514,28,,Sorana Cirstea,R,176,ROU,34.081,32,1619,214954,6,,Marketa Vondrousova,L,173,CZE,24.857,6,4090,7-6(1) 6-3,3,R32,97,3,2,78,47,29,15,10,4,7,1,4,64,40,25,9,11,3,8
2024-709,Rome,Clay,128,1000,,20240506,78,201619,18,,Madison Keys,R,178,USA,29.216,16,2688,206242,12,,Beatriz Haddad Maia,L,185,BRA,27.935,13,3035,6-4 4-6 6-3,3,R32,150,3,3,76,42,28,15,14,1,6,1,3,102,62,35,18,15,6,13
2024-709,Rome,Clay,128,1000,,20240506,79,201493,,,Angelique Kerber,L,173,GER,36.299,331,202,205925,,Q,Aliaksandra Sasnovich,R,174,BLR,30.125,113,691,6-3 7-6(4),3,R32,85,1,2,67,47,27,10,11,2,6,3,8,69,51,28,6,10,0,5
2024-709,Rome,Clay,128,1000,,20240506,80,216347,1,,Iga Swiatek,R,176,POL,22.933,1,10910,201709,,,Yulia Putintseva,R,163,KAZ,29.328,41,1393,6-3 6-4,3,R32,106,0,2,73,45,32,17,10,4,5,4,2,61,45,30,5,9,3,6
2024-709,Rome,Clay,128,1000,,20240506,81,214544,2,,Aryna Sabalenka,R,182,BLR,26.005,2,7498,202494,16,,Elina Svitolina,R,174,UKR,29.649,19,2400,4-6 6-1 7-6(7),3,R16,144,3,1,118,85,49,16,15,13,18,2,6,85,44,29,15,14,1,7
2024-709,Rome,Clay,128,1000,,20240506,82,211533,9,,Jelena Ostapenko,R,177,LAT,26.911,10,3493,211685,,Q,Rebecca Sramkova,R,,SVK,27.546,120,665,4-6 6-4 7-6(3),3,R16,166,7,6,108,62,36,22,16,9,15,4,6,116,82,43,18,16,6,12
2024-709,Rome,Clay,128,1000,,20240506,83,203389,13,,Danielle Collins,R,178,USA,30.396,15,2759,201593,,,Irina Camelia Begu,R,181,ROU,33.695,161,471,6-0 6-3,3,R16,67,2,2,46,28,22,12,8,0,0,5,4,49,30,19,4,7,3,7
2024-709,Rome,Clay,128,1000,,20240506,84,201458,24,,Victoria Azarenka,R,180,BLR,34.766,24,2024,206289,5,,Maria Sakkari,R,172,GRE,28.784,8,3925,6-4 6-1,3,R16,78,0,1,47,37,24,6,8,1,3,2,1,55,27,15,8,9,4,10
2024-709,Rome,Clay,128,1000,,20240506,85,221012,7,,Qinwen Zheng,R,,CHN,21.577,7,3945,211768,,,Naomi Osaka,R,180,JPN,26.555,173,424,6-2 6-4,3,R16,84,2,0,48,23,18,15,9,1,2,2,0,56,28,19,12,9,0,4
2024-709,Rome,Clay,128,1000,,20240506,86,221103,3,,Coco Gauff,R,175,USA,20.148,3,7313,211651,,,Paula Badosa,R,180,ESP,26.473,126,627,5-7 6-4 6-1,3,R16,147,3,11,100,38,29,28,15,4,9,2,9,90,48,29,16,14,9,16
2024-709,Rome,Clay,128,1000,,20240506,87,201619,18,,Madison Keys,R,178,USA,29.216,16,2688,201514,28,,Sorana Cirstea,R,176,ROU,34.081,32,1619,6-2 6-1,3,R16,60,5,0,48,35,25,7,7,2,2,1,3,45,28,14,5,8,1,6
2024-709,Rome,Clay,128,1000,,20240506,88,216347,1,,Iga Swiatek,R,176,POL,22.933,1,10910,201493,,,Angelique Kerber,L,173,GER,36.299,331,202,7-5 6-3,3,R16,98,2,1,62,45,30,12,11,1,3,1,6,69,43,26,11,10,9,13
2024-709,Rome,Clay,128,1000,,20240506,89,214544,2,,Aryna Sabalenka,R,182,BLR,26.005,2,7498,211533,9,,Jelena Ostapenko,R,177,LAT,26.911,10,3493,6-2 6-4,3,QF,72,2,1,49,37,30,6,9,0,0,3,4,63,46,31,6,9,4,7
2024-709,Rome,Clay,128,1000,,20240506,90,203389,13,,Danielle Collins,R,178,USA,30.396,15,2759,201458,24,,Victoria Azarenka,R,180,BLR,34.766,24,2024,6-4 6-3,3,QF,104,6,8,67,38,26,12,10,7,10,0,9,65,43,26,6,9,10,15
2024-709,Rome,Clay,128,1000,,20240506,91,221103,3,,Coco Gauff,R,175,USA,20.148,3,7313,221012,7,,Qinwen Zheng,R,,CHN,21.577,7,3945,7-6(4) 6-1,3,QF,108,2,6,60,40,32,8,9,0,1,5,3,74,30,19,20,10,4,8
2024-709,Rome,Clay,128,1000,,20240506,92,216347,1,,Iga Swiatek,R,176,POL,22.933,1,10910,201619,18,,Madison Keys,R,178,USA,29.216,16,2688,6-1 6-3,3,QF,76,1,1,64,48,34,9,8,10,10,2,3,41,23,14,8,8,2,6
2024-709,Rome,Clay,128,1000,,20240506,93,214544,2,,Aryna Sabalenka,R,182,BLR,26.005,2,7498,203389,13,,Danielle Collins,R,178,USA,30.396,15,2759,7-5 6-2,3,SF,83,4,2,58,35,26,13,10,1,2,1,5,62,33,22,12,10,3,7
2024-709,Rome,Clay,128,1000,,20240506,94,216347,1,,Iga Swiatek,R,176,POL,22.933,1,10910,221103,3,,Coco Gauff,R,175,USA,20.148,3,7313,6-4 6-3,3,SF,107,1,1,55,36,26,10,9,1,2,3,4,83,45,29,14,10,7,11
2024-709,Rome,Clay,128,1000,,20240506,95,216347,1,,Iga Swiatek,R,176,POL,22.933,1,10910,214544,2,,Aryna Sabalenka,R,182,BLR,26.005,2,7498,6-2 6-3,3,F,89,1,1,57,31,23,16,8,7,7,2,2,54,32,18,9,9,3,7
2024-1005,Rabat,Clay,32,250,,20240520,1,201696,,,Laura Siegemund,R,168,GER,36.212,78,879,215020,2,,Anna Blinkova,R,179,RUS,25.693,45,1275,6-1 7-6(4),3,R32,108,0,2,64,45,26,6,9,8,13,1,5,75,43,18,11,10,8,16
2024-1005,Rabat,Clay,32,250,,20240520,2,215785,,,Camila Osorio,R,162,COL,22.410,77,895,220589,,,Elina Avanesyan,R,,ARM,21.673,69,956,3-6 6-4 4-0 RET,3,R32,130,0,6,98,70,33,14,12,7,13,1,3,72,44,22,10,12,5,12
2024-1005,Rabat,Clay,32,250,,20240520,3,202600,,,Viktoriya Tomova,R,170,BUL,29.233,84,846,214507,,Q,Berfu Cengiz,R,,TUR,24.589,347,187,6-2 6-1,3,R32,58,4,2,50,35,27,6,7,3,3,0,3,48,33,17,5,8,3,8
2024-1005,Rabat,Clay,32,250,,20240520,4,206374,,,Yafan Wang,R,170,CHN,30.057,68,962,202684,8,,Lin Zhu,R,173,CHN,30.309,58,1077,4-6 6-0 6-2,3,R32,128,2,3,87,49,31,23,12,7,9,0,3,71,41,20,16,12,3,9
2024-1005,Rabat,Clay,32,250,,20240520,5,214459,4,,Lucia Bronzetti,R,,ITA,25.443,48,1209,259753,,WC,Malak El Allami,,,MAR,17.813,1143,11,6-1 6-0,3,R32,52,0,2,33,22,16,6,6,0,1,2,1,45,28,10,3,7,3,10
2024-1005,Rabat,Clay,32,250,,20240520,6,203354,,,Martina Trevisan,L,160,ITA,30.544,88,808,211702,,,Nao Hibino,R,163,JPN,29.476,96,764,7-5 4-6 6-3,3,R32,156,1,9,93,61,35,14,15,7,14,0,5,100,64,35,15,16,6,15
2024-1005,Rabat,Clay,32,250,,20240520,7,220548,,,Peyton Stearns,R,,USA,22.615,81,850,202434,,Q,Aleksandra Krunic,R,163,SRB,31.182,471,126,5-7 6-2 6-1,3,R32,124,2,3,100,65,38,18,14,2,6,1,1,81,56,26,14,13,6,13
2024-1005,Rabat,Clay,32,250,,20240520,8,216016,6,,Xiyu Wang,L,,CHN,23.146,62,1034,215572,,Q,Nuria Brancaccio,R,,ITA,23.905,286,246,7-6(5) 7-5,3,R32,133,0,1,81,58,34,13,12,6,9,0,0,88,66,38,11,12,7,11
2024-1005,Rabat,Clay,32,250,,20240520,9,214604,,,Maria Lourdes Carle,R,,ARG,24.274,83,848,201551,5,,Arantxa Rus,L,180,NED,33.435,49,1159,6-3 6-3,3,R32,97,1,3,66,47,30,10,9,9,11,0,4,49,29,17,7,9,2,7
2024-1005,Rabat,Clay,32,250,,20240520,10,210886,,,Mayar Sherif,R,180,EGY,28.042,66,980,223671,,WC,Aya El Aouni,,,MAR,18.872,629,68,6-2 6-1,3,R32,72,0,1,52,37,28,8,8,3,3,2,1,50,45,22,1,7,6,10
2024-1005,Rabat,Clay,32,250,,20240520,11,206408,,,Nadia Podoroska,R,170,ARG,27.272,59,1076,213583,,,Tatjana Maria,R,172,GER,36.784,64,1024,6-2 6-4,3,R32,84,0,2,55,40,30,7,9,1,2,2,1,55,32,17,10,9,4,8
2024-1005,Rabat,Clay,32,250,,20240520,12,204427,3,,Sara Sorribes Tormo,R,176,ESP,27.615,46,1246,211279,,,Harriet Dart,R,175,GBR,27.812,91,789,6-2 6-0,3,R32,75,0,2,50,40,26,4,7,4,6,0,3,36,23,7,1,7,2,9
2024-1005,Rabat,Clay,32,250,,20240520,13,220714,7,,Elisabetta Cocciaretto,R,,ITA,23.316,52,1124,236956,,WC,Yasmine Kabbaj,,,MAR,20.345,566,86,6-3 6-4,3,R32,105,0,0,63,48,29,6,10,5,9,0,2,65,55,23,6,9,6,12
2024-1005,Rabat,Clay,32,250,,20240520,14,222296,,,Zhuoxuan Bai,R,,CHN,21.509,99,757,215037,,,Kayla Day,L,173,USA,24.644,100,749,6-3 7-6(4),3,R32,138,1,2,82,52,33,16,10,8,10,1,2,86,52,28,19,11,3,7
2024-1005,Rabat,Clay,32,250,,20240520,15,215872,,,Kamilla Rakhimova,R,,RUS,22.727,105,736,203501,,,Taylor Townsend,L,170,USA,28.094,75,904,2-0 RET,3,R32,18,2,0,8,6,5,1,2,0,0,0,2,6,2,1,1,1,1,2
2024-1005,Rabat,Clay,32,250,,20240520,16,202662,,Q,Camilla Rosatello,R,,ITA,28.981,294,236,206294,1,,Yue Yuan,R,184,CHN,25.651,36,1442,7-6(7) 1-6 6-4,3,R32,155,0,4,122,74,41,19,15,9,16,2,1,87,56,37,13,14,3,8
2024-1005,Rabat,Clay,32,250,,20240520,17,201696,,,Laura Siegemund,R,168,GER,36.212,78,879,215785,,,Camila Osorio,R,162,COL,22.410,77,895,6-4 6-4,3,R16,146,0,3,82,64,38,7,10,11,15,0,8,93,69,36,11,10,9,15
2024-1005,Rabat,Clay,32,250,,20240520,18,202600,,,Viktoriya Tomova,R,170,BUL,29.233,84,846,206374,,,Yafan Wang,R,170,CHN,30.057,68,962,7-6(4) 6-0,3,R16,101,1,1,71,50,31,9,9,4,7,1,0,56,39,20,5,9,5,11
2024-1005,Rabat,Clay,32,250,,20240520,19,214459,4,,Lucia Bronzetti,R,,ITA,25.443,48,1209,203354,,,Martina Trevisan,L,160,ITA,30.544,88,808,6-2 6-3,3,R16,97,2,5,63,37,27,10,9,3,5,0,4,53,30,15,9,8,8,13
2024-1005,Rabat,Clay,32,250,,20240520,20,220548,,,Peyton Stearns,R,,USA,22.615,81,850,216016,6,,Xiyu Wang,L,,CHN,23.146,62,1034,6-3 6-1,3,R16,101,0,3,54,39,28,7,8,5,6,1,3,72,45,22,11,8,10,15
2024-1005,Rabat,Clay,32,250,,20240520,21,210886,,,Mayar Sherif,R,180,EGY,28.042,66,980,214604,,,Maria Lourdes Carle,R,,ARG,24.274,83,848,6-3 6-2,3,R16,81,0,0,55,44,31,5,9,1,2,0,4,47,36,24,1,8,1,5
2024-1005,Rabat,Clay,32,250,,20240520,22,204427,3,,Sara Sorribes Tormo,R,176,ESP,27.615,46,1246,206408,,,Nadia Podoroska,R,170,ARG,27.272,59,1076,7-5 3-6 6-3,3,R16,178,0,4,95,81,43,8,15,4,11,0,6,100,69,37,11,15,5,13
2024-1005,Rabat,Clay,32,250,,20240520,23,220714,7,,Elisabetta Cocciaretto,R,,ITA,23.316,52,1124,222296,,,Zhuoxuan Bai,R,,CHN,21.509,99,757,6-4 6-2,3,R16,87,0,1,56,42,30,10,9,1,1,1,0,54,42,24,8,9,4,7
2024-1005,Rabat,Clay,32,250,,20240520,24,215872,,,Kamilla Rakhimova,R,,RUS,22.727,105,736,202662,,Q,Camilla Rosatello,R,,ITA,28.981,294,236,4-0 RET,3,R16,30,0,2,18,11,9,3,3,0,0,0,1,14,5,1,4,2,0,2
2024-1005,Rabat,Clay,32,250,,20240520,25,202600,,,Viktoriya Tomova,R,170,BUL,29.233,84,846,201696,,,Laura Siegemund,R,168,GER,36.212,78,879,6-4 6-3,3,QF,115,0,2,59,39,24,9,9,4,7,0,3,72,53,26,6,10,8,14
2024-1005,Rabat,Clay,32,250,,20240520,26,220548,,,Peyton Stearns,R,,USA,22.615,81,850,214459,4,,Lucia Bronzetti,R,,ITA,25.443,48,1209,6-4 4-6 7-5,3,QF,165,3,1,115,88,45,12,16,14,22,1,3,113,79,41,11,16,13,22
2024-1005,Rabat,Clay,32,250,,20240520,27,210886,,,Mayar Sherif,R,180,EGY,28.042,66,980,204427,3,,Sara Sorribes Tormo,R,176,ESP,27.615,46,1246,6-3 6-3,3,QF,97,0,0,49,43,30,1,9,1,3,0,0,58,46,26,2,9,7,12
2024-1005,Rabat,Clay,32,250,,20240520,28,215872,,,Kamilla Rakhimova,R,,RUS,22.727,105,736,220714,7,,Elisabetta Cocciaretto,R,,ITA,23.316,52,1124,7-5 7-5,3,QF,111,1,3,70,40,30,13,12,2,5,2,2,75,57,35,6,12,8,13
2024-1005,Rabat,Clay,32,250,,20240520,29,220548,,,Peyton Stearns,R,,USA,22.615,81,850,202600,,,Viktoriya Tomova,R,170,BUL,29.233,84,846,6-7(6) 7-5 7-6(4),3,SF,195,2,3,131,94,57,18,18,5,12,1,6,134,85,48,22,18,4,12
2024-1005,Rabat,Clay,32,250,,20240520,30,210886,,,Mayar Sherif,R,180,EGY,28.042,66,980,215872,,,Kamilla Rakhimova,R,,RUS,22.727,105,736,6-0 6-1,3,SF,61,0,0,34,28,18,5,6,2,3,0,4,47,28,8,7,7,5,12
2024-1005,Rabat,Clay,32,250,,20240520,31,220548,,,Peyton Stearns,R,,USA,22.615,81,850,210886,,,Mayar Sherif,R,180,EGY,28.042,66,980,6-2 6-1,3,F,72,0,0,55,43,28,9,8,4,4,1,1,42,31,16,4,7,0,4
2024-406,Strasbourg,Clay,32,250,,20240520,1,215613,,,Emma Navarro,R,,USA,23.007,24,2068,201427,,WC,Alize Cornet,R,173,FRA,34.325,107,720,6-4 6-1,3,R32,77,0,3,46,23,17,14,8,0,1,0,9,53,30,17,7,9,0,5
2024-406,Strasbourg,Clay,32,250,,20240520,2,220367,,,Leylah Fernandez,L,168,CAN,21.703,33,1535,215713,,,Anastasia Potapova,R,175,RUS,23.141,41,1317,4-6 7-6(4) 6-3,3,R32,161,2,9,106,66,42,18,15,14,19,1,9,130,79,47,20,16,13,19
2024-406,Strasbourg,Clay,32,250,,20240520,3,214643,5,,Liudmila Samsonova,R,180,RUS,25.523,19,2440,206252,,,Barbora Krejcikova,R,178,CZE,28.422,26,1767,6-2 6-7(5) 6-4,3,R32,180,8,11,96,40,31,30,15,2,5,2,16,123,62,39,25,15,9,15
2024-406,Strasbourg,Clay,32,250,,20240520,4,216133,,,Xinyu Wang,R,182,CHN,22.648,39,1381,214939,,,Anna Kalinskaya,R,175,RUS,25.465,25,1916,6-4 7-6(3),3,R32,100,3,3,84,50,29,21,11,6,8,1,6,69,44,27,14,11,2,5
2024-406,Strasbourg,Clay,32,250,,20240520,5,202663,,,Magda Linette,R,171,POL,32.269,50,1158,201514,,,Sorana Cirstea,R,176,ROU,34.120,30,1704,7-5 7-5,3,R32,113,5,7,74,38,27,17,12,7,11,1,5,80,56,34,5,12,5,11
2024-406,Strasbourg,Clay,32,250,,20240520,6,206420,6,,Ekaterina Alexandrova,R,175,RUS,29.512,18,2450,213710,,Q,Cristina Bucsa,R,,ESP,26.382,72,924,6-0 7-5,3,R32,83,5,8,65,25,18,21,9,6,8,1,5,65,40,24,6,9,5,11
2024-406,Strasbourg,Clay,32,250,,20240520,7,202494,7,,Elina Svitolina,R,174,UKR,29.687,17,2510,220348,,,Diane Parry,R,170,FRA,21.717,61,1036,6-3 6-4,3,R32,85,0,2,53,34,21,11,9,1,3,4,2,62,29,16,15,10,5,10
2024-406,Strasbourg,Clay,32,250,,20240520,8,216262,,,Clara Burel,R,176,FRA,23.157,43,1290,201662,,WC,Karolina Pliskova,R,184,CZE,32.165,51,1147,7-5 0-6 6-1,3,R32,112,3,13,102,51,31,25,13,14,19,2,7,67,43,23,13,12,4,9
2024-406,Strasbourg,Clay,32,250,,20240520,9,211701,,,Katerina Siniakova,R,174,CZE,28.028,34,1535,201709,,Q,Yulia Putintseva,R,163,KAZ,29.367,37,1423,6-0 7-5,3,R32,89,0,0,50,34,24,5,9,0,3,2,5,71,48,19,10,9,7,14
2024-406,Strasbourg,Clay,32,250,,20240520,10,211843,,,Anhelina Kalinina,R,179,UKR,27.281,56,1081,201499,8,,Anastasia Pavlyuchenkova,R,177,RUS,32.882,22,2166,6-3 3-6 6-4,3,R32,157,2,3,96,58,38,14,14,6,12,6,9,104,55,28,22,14,13,20
2024-406,Strasbourg,Clay,32,250,,20240520,11,211539,,WC,Fiona Ferro,R,170,FRA,27.190,142,526,222965,,Q,Erika Andreeva,R,,RUS,19.905,101,744,6-2 6-2,3,R32,88,1,0,53,33,21,14,8,6,7,0,2,60,36,18,9,8,9,14
2024-406,Strasbourg,Clay,32,250,,20240520,12,211684,,Q,Magdalena Frech,R,171,POL,26.429,54,1108,201585,,,Sloane Stephens,R,170,USA,31.168,35,1527,6-3 6-3,3,R32,85,2,1,59,38,26,15,9,3,3,1,1,58,44,27,6,9,7,10
2024-406,Strasbourg,Clay,32,250,,20240520,13,206242,2,,Beatriz Haddad Maia,L,185,BRA,27.973,14,2885,215613,,,Emma Navarro,R,,USA,23.007,24,2068,6-4 7-6(1),3,R16,136,2,1,93,59,36,12,11,11,17,2,3,78,50,23,13,11,5,12
2024-406,Strasbourg,Clay,32,250,,20240520,14,214643,5,,Liudmila Samsonova,R,180,RUS,25.523,19,2440,220367,,,Leylah Fernandez,L,168,CAN,21.703,33,1535,4-6 6-4 6-2,3,R16,146,2,6,99,58,37,23,14,8,11,1,8,86,52,36,12,14,4,9
2024-406,Strasbourg,Clay,32,250,,20240520,15,201619,4,,Madison Keys,R,178,USA,29.255,16,2783,216133,,,Xinyu Wang,R,182,CHN,22.648,39,1381,7-5 6-0,3,R16,80,2,4,64,41,33,8,9,5,6,0,0,52,33,18,8,9,4,9
2024-406,Strasbourg,Clay,32,250,,20240520,16,202663,,,Magda Linette,R,171,POL,32.269,50,1158,206420,6,,Ekaterina Alexandrova,R,175,RUS,29.512,18,2450,6-7(5) 6-3 6-3,3,R16,176,10,4,137,76,48,30,15,12,15,3,7,103,56,38,18,15,6,12
2024-406,Strasbourg,Clay,32,250,,20240520,17,216262,,,Clara Burel,R,176,FRA,23.157,43,1290,202494,7,,Elina Svitolina,R,174,UKR,29.687,17,2510,7-6(1) 4-6 6-1,3,R16,135,3,2,92,50,35,17,14,8,13,0,5,108,77,41,15,15,8,15
2024-406,Strasbourg,Clay,32,250,,20240520,18,203389,3,,Danielle Collins,R,178,USA,30.435,12,3148,211701,,,Katerina Siniakova,R,174,CZE,28.028,34,1535,6-1 6-2,3,R16,64,1,2,49,31,23,13,8,4,4,2,2,41,24,11,8,7,2,6
2024-406,Strasbourg,Clay,32,250,,20240520,19,211843,,,Anhelina Kalinina,R,179,UKR,27.281,56,1081,211539,,WC,Fiona Ferro,R,170,FRA,27.190,142,526,6-3 3-6 6-0,3,R16,133,1,4,78,50,32,14,12,5,9,1,4,85,56,28,12,12,7,14
2024-406,Strasbourg,Clay,32,250,,20240520,20,214954,1,,Marketa Vondrousova,L,173,CZE,24.896,6,4035,211684,,Q,Magdalena Frech,R,171,POL,26.429,54,1108,5-7 6-1 6-0,3,R16,133,6,7,87,49,37,17,13,6,8,1,3,74,43,27,10,12,3,9
2024-406,Strasbourg,Clay,32,250,,20240520,21,214643,5,,Liudmila Samsonova,R,180,RUS,25.523,19,2440,206242,2,,Beatriz Haddad Maia,L,185,BRA,27.973,14,2885,6-3 6-0,3,QF,89,5,2,57,32,25,12,7,5,5,1,1,44,30,17,5,8,2,7
2024-406,Strasbourg,Clay,32,250,,20240520,22,201619,4,,Madison Keys,R,178,USA,29.255,16,2783,202663,,,Magda Linette,R,171,POL,32.269,50,1158,6-1 6-3,3,QF,69,2,0,46,37,28,5,8,1,1,0,2,50,32,20,6,8,4,8
2024-406,Strasbourg,Clay,32,250,,20240520,23,203389,3,,Danielle Collins,R,178,USA,30.435,12,3148,216262,,,Clara Burel,R,176,FRA,23.157,43,1290,6-1 6-3,3,QF,63,0,3,43,29,22,7,8,0,1,2,3,51,26,15,8,8,2,7
2024-406,Strasbourg,Clay,32,250,,20240520,24,211843,,,Anhelina Kalinina,R,179,UKR,27.281,56,1081,214954,1,,Marketa Vondrousova,L,173,CZE,24.896,6,4035,5-7 6-3 6-2,3,QF,154,0,2,111,68,39,22,15,12,18,4,12,82,48,26,12,14,5,13
2024-406,Strasbourg,Clay,32,250,,20240520,25,201619,4,,Madison Keys,R,178,USA,29.255,16,2783,214643,5,,Liudmila Samsonova,R,180,RUS,25.523,19,2440,6-1 6-3,3,SF,77,0,4,50,38,23,6,8,1,3,0,4,55,29,15,6,8,4,10
2024-406,Strasbourg,Clay,32,250,,20240520,26,203389,3,,Danielle Collins,R,178,USA,30.435,12,3148,211843,,,Anhelina Kalinina,R,179,UKR,27.281,56,1081,7-6(3) 6-2,3,SF,99,2,2,61,32,25,15,10,2,4,2,3,72,38,25,14,10,3,7
2024-406,Strasbourg,Clay,32,250,,20240520,27,201619,4,,Madison Keys,R,178,USA,29.255,16,2783,203389,3,,Danielle Collins,R,178,USA,30.435,12,3148,6-1 6-2,3,F,72,1,3,45,28,19,9,7,2,3,2,5,60,39,19,6,8,10,16
2024-903,Roland Garros,Clay,128,G,,20240527,1,216347,1,,Iga Swiatek,R,176,POL,22.990,1,11695,206417,,Q,Leolia Jeanjean,R,,FRA,28.786,148,498,6-1 6-2,3,R128,,1,0,37,27,21,5,7,1,2,0,1,46,26,12,6,8,0,6
2024-903,Roland Garros,Clay,128,G,,20240527,2,211768,,PR,Naomi Osaka,R,180,JPN,26.612,134,544,214459,,,Lucia Bronzetti,R,,ITA,25.463,67,983,6-1 4-6 7-5,3,R128,,6,4,92,49,34,24,15,1,4,0,1,85,63,39,11,14,6,11
2024-903,Roland Garros,Clay,128,G,,20240527,3,213544,,LL,Jana Fett,R,168,CRO,27.565,135,541,222601,,,Jessica Bouzas Maneiro,R,,ESP,21.673,86,811,6-2 3-6 7-5,3,R128,,1,10,86,50,32,12,15,5,12,1,9,94,58,31,13,14,5,13
2024-903,Roland Garros,Clay,128,G,,20240527,4,213631,,,Marie Bouzkova,R,180,CZE,25.851,42,1305,206368,29,,Veronika Kudermetova,R,175,RUS,27.092,31,1623,6-2 6-4,3,R128,,0,4,55,33,24,12,9,2,3,1,3,56,27,15,15,9,4,8
2024-903,Roland Garros,Clay,128,G,,20240527,5,203530,,,Viktorija Golubic,R,169,SUI,31.612,76,908,206252,24,,Barbora Krejcikova,R,178,CZE,28.441,26,1768,7-6(3) 6-4,3,R128,,1,1,74,53,30,9,11,3,7,2,2,78,51,28,11,11,4,9
2024-903,Roland Garros,Clay,128,G,,20240527,6,215713,,,Anastasia Potapova,R,175,RUS,23.160,41,1317,215872,,,Kamilla Rakhimova,R,,RUS,22.747,87,804,6-2 6-3,3,R128,,3,6,56,34,26,7,8,5,7,0,4,53,40,19,3,9,3,9
2024-903,Roland Garros,Clay,128,G,,20240527,7,216133,,,Xinyu Wang,R,182,CHN,22.667,37,1411,215898,,Q,Jule Niemeier,R,178,GER,24.792,97,761,0-6 6-2 6-4,3,R128,,2,1,79,54,28,13,12,7,13,3,8,100,64,36,15,12,14,20
2024-903,Roland Garros,Clay,128,G,,20240527,8,202600,,,Viktoriya Tomova,R,170,BUL,29.252,75,914,206420,16,,Ekaterina Alexandrova,R,175,RUS,29.531,18,2480,6-3 7-6(5),3,R128,,1,3,65,47,29,11,11,1,4,1,3,73,34,19,18,10,4,8
2024-903,Roland Garros,Clay,128,G,,20240527,9,203389,11,,Danielle Collins,R,178,USA,30.454,10,3472,214452,,,Caroline Dolehide,R,178,USA,25.725,60,1068,6-3 6-4,3,R128,,1,3,61,34,25,17,10,2,3,1,2,65,39,22,14,9,7,10
2024-903,Roland Garros,Clay,128,G,,20240527,10,215337,,Q,Olga Danilovic,L,,SRB,23.341,125,588,203354,,,Martina Trevisan,L,160,ITA,30.563,92,778,6-1 6-2,3,R128,,1,4,66,39,25,14,8,8,9,0,1,42,26,8,8,7,1,6
2024-903,Roland Garros,Clay,128,G,,20240527,11,202499,,,Donna Vekic,R,179,CRO,27.913,40,1358,201615,,,Lesia Tsurenko,R,174,UKR,34.993,45,1278,6-5 RET,3,R128,,1,3,43,25,15,5,6,3,7,1,4,37,21,9,5,5,2,6
2024-903,Roland Garros,Clay,128,G,,20240527,12,216146,18,,Marta Kostyuk,R,175,UKR,21.914,20,2180,206007,,Q,Laura Pigossi,R,164,BRA,29.819,119,645,7-5 6-7(4) 6-4,3,R128,,5,11,134,72,35,33,17,7,13,0,4,148,108,55,16,17,11,19
2024-903,Roland Garros,Clay,128,G,,20240527,13,211701,32,,Katerina Siniakova,R,174,CZE,28.047,33,1585,213646,,LL,Dalma Galfi,R,178,HUN,25.788,145,509,7-5 7-6(3),3,R128,,1,6,81,54,33,14,12,1,5,2,1,79,51,31,14,12,3,8
2024-903,Roland Garros,Clay,128,G,,20240527,14,203564,,WC,Chloe Paquet,R,179,FRA,29.906,136,540,223670,,,Diana Shnaider,L,,RUS,20.151,47,1236,6-3 6-1,3,R128,,4,0,49,31,20,12,8,2,3,1,2,47,32,17,6,8,0,5
2024-903,Roland Garros,Clay,128,G,,20240527,15,220465,,Q,Katie Volynets,R,,USA,22.404,108,717,202434,,PR,Aleksandra Krunic,R,163,SRB,31.201,425,144,7-6(4) 6-2,3,R128,,1,0,63,49,27,9,10,5,9,0,1,79,52,25,12,10,7,13
2024-903,Roland Garros,Clay,128,G,,20240527,16,214954,5,,Marketa Vondrousova,L,173,CZE,24.915,6,4143,214119,,,Rebeka Masarova,R,186,ESP,24.808,94,772,6-1 6-3,3,R128,,2,3,70,56,36,6,8,5,6,2,2,55,40,20,5,8,5,10
2024-903,Roland Garros,Clay,128,G,,20240527,17,221103,3,,Coco Gauff,R,175,USA,20.206,3,7638,222919,,Q,Julia Avdeeva,R,,RUS,21.892,208,352,6-1 6-1,3,R128,,3,4,38,24,23,7,7,0,0,1,5,38,19,10,5,7,3,8
2024-903,Roland Garros,Clay,128,G,,20240527,18,214461,,Q,Tamara Zidansek,R,168,SLO,26.418,131,556,202421,,PR,Alison Van Uytvanck,R,173,BEL,30.172,397,158,6-2 2-6 6-1,3,R128,,0,5,75,42,28,14,12,2,6,3,2,87,55,30,14,11,11,17
2024-903,Roland Garros,Clay,128,G,,20240527,19,206374,,,Yafan Wang,R,170,CHN,30.076,68,979,221237,,,Maria Timofeeva,R,,RUS,20.523,105,722,6-3 6-3,3,R128,,0,2,54,31,18,16,9,5,7,2,1,79,48,25,14,9,9,14
2024-903,Roland Garros,Clay,128,G,,20240527,20,215035,30,,Dayana Yastremska,R,175,UKR,24.033,32,1622,201548,,WC,Ajla Tomljanovic,R,180,AUS,31.056,202,357,3-6 6-3 6-3,3,R128,,6,4,91,53,34,24,14,6,8,1,3,92,67,43,12,13,3,6
2024-903,Roland Garros,Clay,128,G,,20240527,21,214643,17,,Liudmila Samsonova,R,180,RUS,25.542,17,2580,202663,,,Magda Linette,R,171,POL,32.288,46,1236,6-1 6-1,3,R128,,2,2,34,15,12,16,7,0,0,2,2,57,31,15,11,7,4,9
2024-903,Roland Garros,Clay,128,G,,20240527,22,216153,,PR,Amanda Anisimova,R,180,USA,22.738,231,322,211685,,Q,Rebecca Sramkova,R,,SVK,27.604,101,745,7-6(6) 6-4,3,R128,,5,7,71,43,29,16,11,3,5,2,1,69,41,29,12,11,3,6
2024-903,Roland Garros,Clay,128,G,,20240527,23,213710,,,Cristina Bucsa,R,,ESP,26.402,73,924,263857,,Q,Yuliia Starodubtseva,R,,UKR,24.274,142,518,6-4 6-1,3,R128,,0,1,51,38,25,6,9,2,5,0,2,57,38,18,8,8,6,12
2024-903,Roland Garros,Clay,128,G,,20240527,24,220714,,,Elisabetta Cocciaretto,R,,ITA,23.335,51,1149,206242,13,,Beatriz Haddad Maia,L,185,BRA,27.992,14,2983,3-6 6-4 6-1,3,R128,,0,2,91,61,39,14,13,9,13,2,4,90,56,30,16,13,6,12
2024-903,Roland Garros,Clay,128,G,,20240527,25,211533,9,,Jelena Ostapenko,R,177,LAT,26.968,11,3318,211713,,,Jaqueline Cristian,R,180,ROU,25.977,69,965,6-4 7-5,3,R128,,2,6,66,45,26,16,11,5,8,1,3,65,42,18,14,11,4,9
2024-903,Roland Garros,Clay,128,G,,20240527,26,220704,,,Clara Tauson,R,182,DEN,21.432,72,924,213583,,,Tatjana Maria,R,172,GER,36.803,65,1024,6-2 6-3,3,R128,,3,1,44,26,21,10,8,0,1,3,1,59,33,19,11,9,6,11
2024-903,Roland Garros,Clay,128,G,,20240527,27,213550,,,Sofia Kenin,R,170,USA,25.534,56,1094,201696,,,Laura Siegemund,R,168,GER,36.231,71,932,4-6 6-2 6-2,3,R128,,0,3,88,62,36,16,13,8,11,0,9,68,41,25,9,13,1,7
2024-903,Roland Garros,Clay,128,G,,20240527,28,201614,21,,Caroline Garcia,R,177,FRA,30.613,23,2068,220332,,Q,Eva Lys,R,165,GER,22.371,143,516,4-6 7-5 6-2,3,R128,,18,8,108,65,44,22,15,7,11,2,8,91,55,33,17,15,9,15
2024-903,Roland Garros,Clay,128,G,,20240527,29,220367,31,,Leylah Fernandez,L,168,CAN,21.723,34,1565,211316,,WC,Jessika Ponchet,R,,FRA,27.667,147,502,6-2 6-0,3,R128,,0,2,43,28,23,8,7,0,0,2,1,61,30,19,8,7,6,11
2024-903,Roland Garros,Clay,128,G,,20240527,30,216016,,,Xiyu Wang,L,,CHN,23.165,61,1046,222296,,,Zhuoxuan Bai,R,,CHN,21.528,93,775,7-5 6-7(4) 6-3,3,R128,,1,7,99,62,39,17,16,9,15,2,3,125,78,41,21,17,8,17
2024-903,Roland Garros,Clay,128,G,,20240527,31,215785,,,Camila Osorio,R,162,COL,22.429,77,905,211843,,,Anhelina Kalinina,R,179,UKR,27.300,48,1221,3-6 7-6(2) 4-1,3,R128,,0,4,87,64,40,8,12,7,12,0,0,91,59,37,12,14,3,9
2024-903,Roland Garros,Clay,128,G,,20240527,32,202460,8,,Ons Jabeur,R,167,TUN,29.747,9,3748,203500,,WC,Sachia Vickery,R,162,USA,29.046,124,607,6-3 6-2,3,R128,,1,1,53,29,24,13,9,1,2,0,1,82,50,32,10,8,10,14
2024-903,Roland Garros,Clay,128,G,,20240527,33,221012,7,,Qinwen Zheng,R,,CHN,21.635,8,3945,201427,,WC,Alize Cornet,R,173,FRA,34.344,106,720,6-2 6-1,3,R128,,1,0,44,27,22,6,7,3,4,1,3,63,37,20,6,8,10,16
2024-903,Roland Garros,Clay,128,G,,20240527,34,211337,,,Tamara Korpatsch,R,170,GER,29.044,79,897,221909,,,Ashlyn Krueger,R,185,USA,20.055,66,994,4-6 6-4 7-6(9),3,R128,,0,11,131,83,51,20,16,13,19,1,6,107,66,38,20,16,4,10
2024-903,Roland Garros,Clay,128,G,,20240527,35,220589,,,Elina Avanesyan,R,,ARM,21.692,70,956,202684,,,Lin Zhu,R,173,CHN,30.328,58,1077,6-2 6-4,3,R128,,0,0,51,33,20,7,9,1,5,0,3,62,38,17,6,9,4,11
2024-903,Roland Garros,Clay,128,G,,20240527,36,215020,,,Anna Blinkova,R,179,RUS,25.712,55,1096,201514,28,,Sorana Cirstea,R,176,ROU,34.139,30,1704,6-3 3-6 7-6(5),3,R128,,1,6,102,72,44,9,15,4,11,3,3,112,60,32,25,15,7,14
2024-903,Roland Garros,Clay,128,G,,20240527,37,214939,23,,Anna Kalinskaya,R,175,RUS,25.484,25,1916,216262,,,Clara Burel,R,176,FRA,23.176,44,1288,7-6(3) 7-5,3,R128,,1,5,91,64,33,10,12,9,16,2,2,87,44,20,17,12,11,19
2024-903,Roland Garros,Clay,128,G,,20240527,38,215370,,PR,Bianca Andreescu,R,170,CAN,23.946,228,323,204427,,,Sara Sorribes Tormo,R,176,ESP,27.634,43,1299,7-5 6-1,3,R128,,0,0,53,38,20,11,9,1,4,0,2,65,41,17,9,10,4,11
2024-903,Roland Garros,Clay,128,G,,20240527,39,221024,,LL,Hailey Baptiste,R,,USA,22.563,107,719,215037,,,Kayla Day,L,173,USA,24.663,99,749,4-6 6-2 6-2,3,R128,,4,4,80,74,51,2,13,2,4,2,4,85,81,47,0,13,6,11
2024-903,Roland Garros,Clay,128,G,,20240527,40,211148,12,,Jasmine Paolini,R,160,ITA,28.395,15,2898,201611,,,Daria Saville,R,166,AUS,30.229,84,820,6-3 6-4,3,R128,,1,3,65,45,25,7,10,3,8,2,9,69,51,22,5,9,10,17
2024-903,Roland Garros,Clay,128,G,,20240527,41,202494,15,,Elina Svitolina,R,174,UKR,29.706,19,2290,201662,,,Karolina Pliskova,R,184,CZE,32.184,52,1147,3-6 6-4 6-2,3,R128,,3,2,78,54,32,11,13,5,10,3,6,85,53,26,15,14,6,13
2024-903,Roland Garros,Clay,128,G,,20240527,42,220348,,,Diane Parry,R,170,FRA,21.736,63,1036,211539,,WC,Fiona Ferro,R,170,FRA,27.209,126,584,3-6 6-3 6-3,3,R128,,2,1,75,48,33,16,13,2,4,1,1,81,54,34,13,14,4,8
2024-903,Roland Garros,Clay,128,G,,20240527,43,202536,,,Ana Bogdan,R,171,ROU,31.502,64,1029,221039,,WC,Elsa Jacquemot,R,,FRA,21.068,149,493,6-1 6-3,3,R128,,0,0,42,25,16,13,8,0,1,1,4,49,26,16,7,8,3,8
2024-903,Roland Garros,Clay,128,G,,20240527,44,201499,20,,Anastasia Pavlyuchenkova,R,177,RUS,32.901,22,2116,215910,,LL,Panna Udvardy,R,170,HUN,25.662,132,552,6-3 6-4,3,R128,,2,3,74,48,29,13,10,6,9,2,2,59,33,20,8,9,2,7
2024-903,Roland Garros,Clay,128,G,,20240527,45,210722,25,,Elise Mertens,R,179,BEL,28.526,27,1739,214604,,,Maria Lourdes Carle,R,,ARG,24.293,82,863,6-3 7-6(8),3,R128,,0,4,90,53,30,15,10,6,11,0,9,82,52,30,7,11,3,10
2024-903,Roland Garros,Clay,128,G,,20240527,46,201549,,,Petra Martic,R,181,CRO,33.353,81,863,201540,,WC,Kristina Mladenovic,R,184,FRA,31.037,212,348,6-4 6-4,3,R128,,5,4,57,34,27,8,10,3,6,0,7,59,41,23,6,10,4,9
2024-903,Roland Garros,Clay,128,G,,20240527,47,201551,,,Arantxa Rus,L,180,NED,33.454,50,1159,201493,,PR,Angelique Kerber,L,173,GER,36.357,232,322,6-4 6-3,3,R128,,0,3,58,50,33,5,10,2,4,1,0,64,50,31,4,9,5,9
2024-903,Roland Garros,Clay,128,G,,20240527,48,214981,4,,Elena Rybakina,R,184,KAZ,24.945,4,5673,213889,,,Greet Minnen,R,,BEL,26.785,85,812,6-2 6-3,3,R128,,5,4,59,40,27,6,9,1,4,3,2,53,29,14,5,8,4,10
2024-903,Roland Garros,Clay,128,G,,20240527,49,219875,,,Varvara Gracheva,R,,FRA,23.817,88,800,206289,6,,Maria Sakkari,R,172,GRE,28.841,7,3980,3-6 6-4 6-3,3,R128,,3,2,94,63,35,21,14,11,15,5,6,91,46,31,18,14,1,6
2024-903,Roland Garros,Clay,128,G,,20240527,50,211095,,,Bernarda Pera,L,175,USA,29.482,80,871,211702,,,Nao Hibino,R,163,JPN,29.495,96,764,6-2 6-0,3,R128,,7,2,41,28,23,7,7,1,1,0,3,48,33,15,5,7,2,7
2024-903,Roland Garros,Clay,128,G,,20240527,51,201593,,PR,Irina Camelia Begu,R,181,ROU,33.753,127,581,220699,,Q,Julia Riera,R,,ARG,21.996,115,676,6-2 6-2,3,R128,,1,1,49,29,23,13,8,2,2,1,0,43,21,11,10,8,1,5
2024-903,Roland Garros,Clay,128,G,,20240527,52,222328,27,,Linda Noskova,R,,CZE,19.524,29,1714,211279,,,Harriet Dart,R,175,GBR,27.831,90,789,7-6(3) 6-4,3,R128,,4,1,65,43,28,15,11,1,3,3,6,73,38,29,12,11,3,6
2024-903,Roland Garros,Clay,128,G,,20240527,53,201458,19,,Victoria Azarenka,R,180,BLR,34.823,21,2174,206408,,,Nadia Podoroska,R,170,ARG,27.291,59,1076,6-1 6-0,3,R128,,1,4,46,26,22,11,7,2,2,2,1,35,23,9,4,6,1,6
2024-903,Roland Garros,Clay,128,G,,20240527,54,259799,,,Mirra Andreeva,R,,RUS,17.079,38,1407,211765,,,Emina Bektas,R,,USA,31.160,98,761,6-2 6-3,3,R128,,4,2,56,36,30,7,8,4,5,2,4,53,32,17,8,9,5,10
2024-903,Roland Garros,Clay,128,G,,20240527,55,220548,,,Peyton Stearns,R,,USA,22.634,62,1040,239156,,Q,Lucija Ciric Bagaric,R,,CRO,20.381,184,401,6-3 6-7(8) 7-6(6),3,R128,,0,6,122,82,46,19,17,4,12,1,6,101,63,32,17,16,2,11
2024-903,Roland Garros,Clay,128,G,,20240527,56,214082,10,,Daria Kasatkina,R,170,RUS,27.056,13,3258,211684,,,Magdalena Frech,R,171,POL,26.448,49,1166,7-5 6-1,3,R128,,3,3,62,38,30,9,9,5,7,2,0,64,51,24,6,10,3,9
2024-903,Roland Garros,Clay,128,G,,20240527,57,201619,14,,Madison Keys,R,178,USA,29.274,12,3283,213887,,,Renata Zarazua,R,,MEX,26.656,102,743,6-3 6-2,3,R128,,2,4,55,40,26,4,8,5,8,0,5,50,34,14,3,9,2,9
2024-903,Roland Garros,Clay,128,G,,20240527,58,210886,,,Mayar Sherif,R,180,EGY,28.061,53,1113,206294,,,Yue Yuan,R,184,CHN,25.671,36,1442,6-1 6-3,3,R128,,0,0,53,42,27,6,8,4,5,0,1,52,34,15,8,8,6,11
2024-903,Roland Garros,Clay,128,G,,20240527,59,201506,,Q,Sara Errani,R,164,ITA,37.079,95,765,203533,,,Anna Karolina Schmiedlova,R,176,SVK,29.704,54,1110,6-3 6-2,3,R128,,0,0,58,46,20,6,8,7,12,1,5,71,47,15,4,9,4,13
2024-903,Roland Garros,Clay,128,G,,20240527,60,215613,22,,Emma Navarro,R,,USA,23.026,24,2068,220309,,Q,Zeynep Sonmez,R,,TUR,22.076,163,460,6-2 6-0,3,R128,,0,0,38,21,15,12,7,1,2,0,3,41,21,5,8,7,1,7
2024-903,Roland Garros,Clay,128,G,,20240527,61,211651,,,Paula Badosa,R,180,ESP,26.530,139,532,211107,26,,Katie Boulter,R,180,GBR,27.820,28,1730,4-6 7-5 6-4,3,R128,,6,5,96,68,42,17,16,5,9,6,9,106,58,41,20,16,5,10
2024-903,Roland Garros,Clay,128,G,,20240527,62,201709,,,Yulia Putintseva,R,163,KAZ,29.386,39,1393,201585,,,Sloane Stephens,R,170,USA,31.187,35,1447,6-1 6-2,3,R128,,1,2,50,42,31,4,8,1,1,0,3,35,25,12,3,7,0,4
2024-903,Roland Garros,Clay,128,G,,20240527,63,220416,,Q,Moyuka Uchijima,R,171,JPN,22.793,83,855,213706,,Q,Irene Burillo Escorihuela,R,,ESP,26.845,302,226,6-1 6-1,3,R128,,1,2,32,17,14,10,7,0,1,0,4,56,38,16,5,7,5,11
2024-903,Roland Garros,Clay,128,G,,20240527,64,214544,2,,Aryna Sabalenka,R,182,BLR,26.062,2,8138,222965,,,Erika Andreeva,R,,RUS,19.924,100,749,6-1 6-2,3,R128,,1,1,50,32,23,10,8,2,3,2,4,39,23,8,8,7,1,6
2024-903,Roland Garros,Clay,128,G,,20240527,65,216347,1,,Iga Swiatek,R,176,POL,22.990,1,11695,211768,,PR,Naomi Osaka,R,180,JPN,26.612,134,544,7-6(1) 1-6 7-5,3,R64,,0,3,115,69,45,22,16,4,9,8,4,108,67,49,17,15,12,15
2024-903,Roland Garros,Clay,128,G,,20240527,66,213631,,,Marie Bouzkova,R,180,CZE,25.851,42,1305,213544,,LL,Jana Fett,R,168,CRO,27.565,135,541,6-2 6-2,3,R64,,1,1,53,30,20,15,8,3,4,1,3,59,35,17,11,8,8,13
2024-903,Roland Garros,Clay,128,G,,20240527,67,215713,,,Anastasia Potapova,R,175,RUS,23.160,41,1317,203530,,,Viktorija Golubic,R,169,SUI,31.612,76,908,6-2 6-2,3,R64,,2,2,54,33,26,12,8,5,5,0,1,49,33,20,4,8,2,6
2024-903,Roland Garros,Clay,128,G,,20240527,68,216133,,,Xinyu Wang,R,182,CHN,22.667,37,1411,202600,,,Viktoriya Tomova,R,170,BUL,29.252,75,914,7-5 5-7 6-1,3,R64,,1,3,100,75,48,16,15,6,8,1,4,107,73,46,16,15,15,20
2024-903,Roland Garros,Clay,128,G,,20240527,69,215337,,Q,Olga Danilovic,L,,SRB,23.341,125,588,203389,11,,Danielle Collins,R,178,USA,30.454,10,3472,6-7(3) 7-5 6-4,3,R64,,3,3,110,69,44,23,17,6,10,5,7,102,58,46,15,16,3,9
2024-903,Roland Garros,Clay,128,G,,20240527,70,202499,,,Donna Vekic,R,179,CRO,27.913,40,1358,216146,18,,Marta Kostyuk,R,175,UKR,21.914,20,2180,7-5 6-4,3,R64,,1,7,81,45,29,11,11,10,15,2,8,87,49,27,14,11,6,13
2024-903,Roland Garros,Clay,128,G,,20240527,71,203564,,WC,Chloe Paquet,R,179,FRA,29.906,136,540,211701,32,,Katerina Siniakova,R,174,CZE,28.047,33,1585,3-6 7-6(2) 7-6(6),3,R64,,4,7,124,63,39,29,17,9,15,1,6,114,78,44,19,16,9,13
2024-903,Roland Garros,Clay,128,G,,20240527,72,214954,5,,Marketa Vondrousova,L,173,CZE,24.915,6,4143,220465,,Q,Katie Volynets,R,,USA,22.404,108,717,0-6 6-1 6-4,3,R64,,1,9,91,56,32,15,12,5,10,0,3,60,49,26,5,11,3,8
2024-903,Roland Garros,Clay,128,G,,20240527,73,221103,3,,Coco Gauff,R,175,USA,20.206,3,7638,214461,,Q,Tamara Zidansek,R,168,SLO,26.418,131,556,6-3 6-4,3,R64,,2,6,62,30,22,15,10,6,9,0,4,66,36,18,14,9,3,8
2024-903,Roland Garros,Clay,128,G,,20240527,74,215035,30,,Dayana Yastremska,R,175,UKR,24.033,32,1622,206374,,,Yafan Wang,R,170,CHN,30.076,68,979,6-2 6-0,3,R64,,1,2,37,20,13,13,7,0,1,1,3,44,25,11,4,7,3,9
2024-903,Roland Garros,Clay,128,G,,20240527,75,214643,17,,Liudmila Samsonova,R,180,RUS,25.542,17,2580,216153,,PR,Amanda Anisimova,R,180,USA,22.738,231,322,6-2 6-1,3,R64,,3,1,35,20,14,11,7,0,1,0,4,48,31,9,10,8,4,10
2024-903,Roland Garros,Clay,128,G,,20240527,76,220714,,,Elisabetta Cocciaretto,R,,ITA,23.335,51,1149,213710,,,Cristina Bucsa,R,,ESP,26.402,73,924,6-1 6-4,3,R64,,3,0,62,45,30,11,9,4,4,1,3,50,40,26,4,8,6,9
2024-903,Roland Garros,Clay,128,G,,20240527,77,220704,,,Clara Tauson,R,182,DEN,21.432,72,924,211533,9,,Jelena Ostapenko,R,177,LAT,26.968,11,3318,7-6(4) 4-6 6-3,3,R64,,4,5,96,48,34,22,15,4,10,5,11,113,64,38,21,15,9,15
2024-903,Roland Garros,Clay,128,G,,20240527,78,213550,,,Sofia Kenin,R,170,USA,25.534,56,1094,201614,21,,Caroline Garcia,R,177,FRA,30.613,23,2068,6-3 6-3,3,R64,,1,0,52,42,32,6,9,3,4,7,4,78,50,31,10,9,5,9
2024-903,Roland Garros,Clay,128,G,,20240527,79,220367,31,,Leylah Fernandez,L,168,CAN,21.723,34,1565,216016,,,Xiyu Wang,L,,CHN,23.165,61,1046,6-3 6-4,3,R64,,1,2,64,39,26,17,10,5,6,1,8,51,32,22,8,9,2,5
2024-903,Roland Garros,Clay,128,G,,20240527,80,202460,8,,Ons Jabeur,R,167,TUN,29.747,9,3748,215785,,,Camila Osorio,R,162,COL,22.429,77,905,6-3 1-6 6-3,3,R64,,0,4,93,57,26,17,13,3,9,0,6,88,64,33,5,12,3,9
2024-903,Roland Garros,Clay,128,G,,20240527,81,221012,7,,Qinwen Zheng,R,,CHN,21.635,8,3945,211337,,,Tamara Korpatsch,R,170,GER,29.044,79,897,6-2 6-2,3,R64,,1,3,52,24,19,17,8,2,2,0,3,48,28,14,10,8,0,4
2024-903,Roland Garros,Clay,128,G,,20240527,82,220589,,,Elina Avanesyan,R,,ARM,21.692,70,956,215020,,,Anna Blinkova,R,179,RUS,25.712,55,1096,6-3 6-0,3,R64,,0,2,57,44,28,7,8,3,4,0,6,60,40,18,9,7,9,14
2024-903,Roland Garros,Clay,128,G,,20240527,83,215370,,PR,Bianca Andreescu,R,170,CAN,23.946,228,323,214939,23,,Anna Kalinskaya,R,175,RUS,25.484,25,1916,1-6 7-5 6-3,3,R64,,0,1,97,66,41,17,14,10,12,1,3,93,74,52,8,14,10,12
2024-903,Roland Garros,Clay,128,G,,20240527,84,211148,12,,Jasmine Paolini,R,160,ITA,28.395,15,2898,221024,,LL,Hailey Baptiste,R,,USA,22.563,107,719,6-4 7-6(6),3,R64,,1,3,75,47,30,14,11,2,6,3,1,82,42,25,19,11,3,8
2024-903,Roland Garros,Clay,128,G,,20240527,85,202494,15,,Elina Svitolina,R,174,UKR,29.706,19,2290,220348,,,Diane Parry,R,170,FRA,21.736,63,1036,6-4 7-6(3),3,R64,,4,0,68,43,32,11,11,3,6,5,1,82,42,25,20,11,10,14
2024-903,Roland Garros,Clay,128,G,,20240527,86,202536,,,Ana Bogdan,R,171,ROU,31.502,64,1029,201499,20,,Anastasia Pavlyuchenkova,R,177,RUS,32.901,22,2116,6-4 6-4,3,R64,,1,2,65,51,26,13,10,1,3,2,3,61,38,21,11,10,3,7
2024-903,Roland Garros,Clay,128,G,,20240527,87,210722,25,,Elise Mertens,R,179,BEL,28.526,27,1739,201549,,,Petra Martic,R,181,CRO,33.353,81,863,6-4 6-3,3,R64,,3,5,60,32,26,15,10,1,2,2,4,54,34,22,9,9,2,5
2024-903,Roland Garros,Clay,128,G,,20240527,88,214981,4,,Elena Rybakina,R,184,KAZ,24.945,4,5673,201551,,,Arantxa Rus,L,180,NED,33.454,50,1159,6-3 6-4,3,R64,,8,1,59,44,34,6,10,2,3,1,3,50,33,22,7,9,1,4
2024-903,Roland Garros,Clay,128,G,,20240527,89,219875,,,Varvara Gracheva,R,,FRA,23.817,88,800,211095,,,Bernarda Pera,L,175,USA,29.482,80,871,6-1 6-3,3,R64,,1,0,42,34,20,6,8,1,3,0,2,46,29,13,5,8,4,10
2024-903,Roland Garros,Clay,128,G,,20240527,90,201593,,PR,Irina Camelia Begu,R,181,ROU,33.753,127,581,222328,27,,Linda Noskova,R,,CZE,19.524,29,1714,6-4 6-2,3,R64,,3,1,47,33,26,8,9,1,2,1,2,63,36,20,14,9,5,9
2024-903,Roland Garros,Clay,128,G,,20240527,91,259799,,,Mirra Andreeva,R,,RUS,17.079,38,1407,201458,19,,Victoria Azarenka,R,180,BLR,34.823,21,2174,6-3 3-6 7-5,3,R64,,2,3,99,66,35,12,15,8,17,0,1,95,80,37,6,15,3,13
2024-903,Roland Garros,Clay,128,G,,20240527,92,220548,,,Peyton Stearns,R,,USA,22.634,62,1040,214082,10,,Daria Kasatkina,R,170,RUS,27.056,13,3258,7-5 6-2,3,R64,,0,0,69,42,24,14,10,2,5,0,1,65,48,24,6,10,2,8
2024-903,Roland Garros,Clay,128,G,,20240527,93,201619,14,,Madison Keys,R,178,USA,29.274,12,3283,210886,,,Mayar Sherif,R,180,EGY,28.061,53,1113,6-0 7-6(7),3,R64,,0,1,56,47,34,5,9,2,3,1,1,63,51,26,7,9,6,10
2024-903,Roland Garros,Clay,128,G,,20240527,94,215613,22,,Emma Navarro,R,,USA,23.026,24,2068,201506,,Q,Sara Errani,R,164,ITA,37.079,95,765,6-2 7-5,3,R64,,2,0,65,50,25,8,10,2,6,0,1,68,53,22,5,10,2,9
2024-903,Roland Garros,Clay,128,G,,20240527,95,211651,,,Paula Badosa,R,180,ESP,26.530,139,532,201709,,,Yulia Putintseva,R,163,KAZ,29.386,39,1393,4-6 6-1 7-5,3,R64,,3,2,93,71,45,16,15,5,8,1,3,79,50,34,13,14,2,7
2024-903,Roland Garros,Clay,128,G,,20240527,96,214544,2,,Aryna Sabalenka,R,182,BLR,26.062,2,8138,220416,,Q,Moyuka Uchijima,R,171,JPN,22.793,83,855,6-2 6-2,3,R64,,2,0,47,29,22,13,8,4,4,4,3,53,39,21,5,8,3,7
2024-903,Roland Garros,Clay,128,G,,20240527,97,216347,1,,Iga Swiatek,R,176,POL,22.990,1,11695,213631,,,Marie Bouzkova,R,180,CZE,25.851,42,1305,6-4 6-2,3,R32,,2,1,49,31,23,12,9,0,1,5,3,59,43,25,5,9,3,7
2024-903,Roland Garros,Clay,128,G,,20240527,98,215713,,,Anastasia Potapova,R,175,RUS,23.160,41,1317,216133,,,Xinyu Wang,R,182,CHN,22.667,37,1411,7-5 6-7(6) 6-4,3,R32,,1,3,116,75,49,20,18,4,10,0,4,145,105,57,18,16,17,24
2024-903,Roland Garros,Clay,128,G,,20240527,99,215337,,Q,Olga Danilovic,L,,SRB,23.341,125,588,202499,,,Donna Vekic,R,179,CRO,27.913,40,1358,0-6 7-5 7-6(8),3,R32,,4,7,140,94,53,21,15,13,19,3,4,107,66,42,20,15,8,12
2024-903,Roland Garros,Clay,128,G,,20240527,100,214954,5,,Marketa Vondrousova,L,173,CZE,24.915,6,4143,203564,,WC,Chloe Paquet,R,179,FRA,29.906,136,540,6-1 6-3,3,R32,,0,1,48,30,18,11,8,2,4,0,4,63,35,16,10,8,9,15
2024-903,Roland Garros,Clay,128,G,,20240527,101,221103,3,,Coco Gauff,R,175,USA,20.206,3,7638,215035,30,,Dayana Yastremska,R,175,UKR,24.033,32,1622,6-2 6-4,3,R32,,3,4,70,33,24,17,9,9,11,2,1,66,45,23,9,9,6,11
2024-903,Roland Garros,Clay,128,G,,20240527,102,220714,,,Elisabetta Cocciaretto,R,,ITA,23.335,51,1149,214643,17,,Liudmila Samsonova,R,180,RUS,25.542,17,2580,7-6(4) 6-2,3,R32,,0,2,60,45,33,11,10,3,5,8,4,60,37,24,12,10,3,7
2024-903,Roland Garros,Clay,128,G,,20240527,103,220704,,,Clara Tauson,R,182,DEN,21.432,72,924,213550,,,Sofia Kenin,R,170,USA,25.534,56,1094,6-2 7-5,3,R32,,6,4,68,50,33,8,10,7,9,0,8,91,69,35,11,10,10,15
2024-903,Roland Garros,Clay,128,G,,20240527,104,202460,8,,Ons Jabeur,R,167,TUN,29.747,9,3748,220367,31,,Leylah Fernandez,L,168,CAN,21.723,34,1565,6-4 7-6(5),3,R32,,3,0,74,51,33,21,11,4,6,1,5,79,54,33,13,11,4,7
2024-903,Roland Garros,Clay,128,G,,20240527,105,220589,,,Elina Avanesyan,R,,ARM,21.692,70,956,221012,7,,Qinwen Zheng,R,,CHN,21.635,8,3945,3-6 6-3 7-6(6),3,R32,,2,0,108,78,47,17,15,7,12,4,7,102,48,34,27,15,4,9
2024-903,Roland Garros,Clay,128,G,,20240527,106,211148,12,,Jasmine Paolini,R,160,ITA,28.395,15,2898,215370,,PR,Bianca Andreescu,R,170,CAN,23.946,228,323,6-1 3-6 6-0,3,R32,,1,1,58,38,27,11,11,1,3,1,2,78,57,28,9,11,6,12
2024-903,Roland Garros,Clay,128,G,,20240527,107,202494,15,,Elina Svitolina,R,174,UKR,29.706,19,2290,202536,,,Ana Bogdan,R,171,ROU,31.502,64,1029,7-5 6-2,3,R32,,4,3,76,48,26,13,10,5,9,0,1,54,37,16,4,10,3,10
2024-903,Roland Garros,Clay,128,G,,20240527,108,214981,4,,Elena Rybakina,R,184,KAZ,24.945,4,5673,210722,25,,Elise Mertens,R,179,BEL,28.526,27,1739,6-4 6-2,3,R32,,3,2,54,36,27,8,9,1,3,0,3,46,29,13,9,9,1,6
2024-903,Roland Garros,Clay,128,G,,20240527,109,219875,,,Varvara Gracheva,R,,FRA,23.817,88,800,201593,,PR,Irina Camelia Begu,R,181,ROU,33.753,127,581,7-5 6-3,3,R32,,0,1,74,52,28,12,11,6,9,3,2,55,45,26,2,10,5,10
2024-903,Roland Garros,Clay,128,G,,20240527,110,259799,,,Mirra Andreeva,R,,RUS,17.079,38,1407,220548,,,Peyton Stearns,R,,USA,22.634,62,1040,6-2 6-1,3,R32,,2,2,55,36,24,9,7,2,3,0,2,54,35,15,9,8,5,11
2024-903,Roland Garros,Clay,128,G,,20240527,111,215613,22,,Emma Navarro,R,,USA,23.026,24,2068,201619,14,,Madison Keys,R,178,USA,29.274,12,3283,7-6(5) 7-6(3),3,R32,,2,2,96,74,49,8,12,6,10,6,1,84,61,38,8,12,5,9
2024-903,Roland Garros,Clay,128,G,,20240527,112,214544,2,,Aryna Sabalenka,R,182,BLR,26.062,2,8138,211651,,,Paula Badosa,R,180,ESP,26.530,139,532,7-5 6-1,3,R32,,0,1,51,35,22,8,9,1,4,1,3,67,40,20,10,10,11,18
2024-903,Roland Garros,Clay,128,G,,20240527,113,216347,1,,Iga Swiatek,R,176,POL,22.990,1,11695,215713,,,Anastasia Potapova,R,175,RUS,23.160,41,1317,6-0 6-0,3,R16,,3,0,27,16,15,9,6,0,0,0,1,31,12,3,4,6,2,8
2024-903,Roland Garros,Clay,128,G,,20240527,114,214954,5,,Marketa Vondrousova,L,173,CZE,24.915,6,4143,215337,,Q,Olga Danilovic,L,,SRB,23.341,125,588,6-4 6-2,3,R16,,1,4,55,31,25,12,9,4,5,1,2,55,38,19,10,9,3,7
2024-903,Roland Garros,Clay,128,G,,20240527,115,221103,3,,Coco Gauff,R,175,USA,20.206,3,7638,220714,,,Elisabetta Cocciaretto,R,,ITA,23.335,51,1149,6-1 6-2,3,R16,,3,5,42,24,19,11,8,2,3,0,1,40,28,10,7,7,2,7
2024-903,Roland Garros,Clay,128,G,,20240527,116,202460,8,,Ons Jabeur,R,167,TUN,29.747,9,3748,220704,,,Clara Tauson,R,182,DEN,21.432,72,924,6-4 6-4,3,R16,,5,3,78,47,36,13,10,2,3,2,4,73,48,30,11,10,4,7
2024-903,Roland Garros,Clay,128,G,,20240527,117,211148,12,,Jasmine Paolini,R,160,ITA,28.395,15,2898,220589,,,Elina Avanesyan,R,,ARM,21.692,70,956,4-6 6-0 6-1,3,R16,,0,3,85,62,36,10,12,5,9,0,3,80,65,28,6,11,9,17
2024-903,Roland Garros,Clay,128,G,,20240527,118,214981,4,,Elena Rybakina,R,184,KAZ,24.945,4,5673,202494,15,,Elina Svitolina,R,174,UKR,29.706,19,2290,6-4 6-3,3,R16,,5,1,48,27,20,11,9,1,3,5,3,59,38,23,8,10,2,7
2024-903,Roland Garros,Clay,128,G,,20240527,119,259799,,,Mirra Andreeva,R,,RUS,17.079,38,1407,219875,,,Varvara Gracheva,R,,FRA,23.817,88,800,7-5 6-2,3,R16,,5,3,66,37,24,16,10,5,7,1,1,70,49,21,11,10,4,9
2024-903,Roland Garros,Clay,128,G,,20240527,120,214544,2,,Aryna Sabalenka,R,182,BLR,26.062,2,8138,215613,22,,Emma Navarro,R,,USA,23.026,24,2068,6-2 6-3,3,R16,,7,0,43,27,22,11,8,0,0,4,2,62,46,28,3,9,6,10
2024-903,Roland Garros,Clay,128,G,,20240527,121,216347,1,,Iga Swiatek,R,176,POL,22.990,1,11695,214954,5,,Marketa Vondrousova,L,173,CZE,24.915,6,4143,6-0 6-2,3,QF,,0,0,39,27,23,6,7,1,1,0,4,50,33,16,5,7,4,9
2024-903,Roland Garros,Clay,128,G,,20240527,122,221103,3,,Coco Gauff,R,175,USA,20.206,3,7638,202460,8,,Ons Jabeur,R,167,TUN,29.747,9,3748,4-6 6-2 6-3,3,QF,,3,4,102,63,43,25,14,6,8,4,1,83,58,36,14,13,1,5
2024-903,Roland Garros,Clay,128,G,,20240527,123,211148,12,,Jasmine Paolini,R,160,ITA,28.395,15,2898,214981,4,,Elena Rybakina,R,184,KAZ,24.945,4,5673,6-2 4-6 6-4,3,QF,,1,1,93,65,37,18,14,6,11,10,3,87,58,34,11,14,9,16
2024-903,Roland Garros,Clay,128,G,,20240527,124,259799,,,Mirra Andreeva,R,,RUS,17.079,38,1407,214544,2,,Aryna Sabalenka,R,182,BLR,26.062,2,8138,6-7(5) 6-4 6-4,3,QF,,4,7,93,46,26,23,16,0,6,3,6,107,57,30,24,16,6,14
2024-903,Roland Garros,Clay,128,G,,20240527,125,216347,1,,Iga Swiatek,R,176,POL,22.990,1,11695,221103,3,,Coco Gauff,R,175,USA,20.206,3,7638,6-2 6-4,3,SF,,0,0,63,42,27,14,9,3,4,3,4,63,32,22,10,9,3,7
2024-903,Roland Garros,Clay,128,G,,20240527,126,211148,12,,Jasmine Paolini,R,160,ITA,28.395,15,2898,259799,,,Mirra Andreeva,R,,RUS,17.079,38,1407,6-3 6-1,3,SF,,1,0,59,47,32,7,8,6,6,1,1,50,32,16,6,8,2,6
2024-903,Roland Garros,Clay,128,G,,20240527,127,216347,1,,Iga Swiatek,R,176,POL,22.990,1,11695,211148,12,,Jasmine Paolini,R,160,ITA,28.395,15,2898,6-2 6-1,3,F,,1,0,42,26,18,11,8,0,1,1,2,46,31,12,6,7,4,9
2024-1080,Nottingham,Grass,32,250,,20240610,1,220750,,,Daria Snigur,R,,UKR,22.207,127,608,216146,2,,Marta Kostyuk,R,175,UKR,21.953,17,2240,6-3 6-3,3,R32,69,1,2,55,40,31,7,9,3,4,5,6,63,33,24,9,9,3,7
2024-1080,Nottingham,Grass,32,250,,20240610,2,221054,,WC,Emma Raducanu,R,175,GBR,21.575,209,353,214262,,Q,Ena Shibahara,R,170,JPN,26.325,274,258,6-1 6-4,3,R32,70,4,0,46,27,19,10,8,4,6,1,2,50,32,19,4,9,2,8
2024-1080,Nottingham,Grass,32,250,,20240610,3,221909,,,Ashlyn Krueger,R,185,USA,20.093,70,974,206374,,,Yafan Wang,R,170,CHN,30.114,72,962,6-3 6-3,3,R32,77,2,2,51,35,25,9,9,0,1,0,1,61,40,25,7,9,6,10
2024-1080,Nottingham,Grass,32,250,,20240610,4,215936,,WC,Francesca Jones,R,,GBR,23.724,249,291,214452,8,,Caroline Dolehide,R,178,USA,25.764,58,1049,7-6(3) 6-3,3,R32,114,6,4,88,62,51,12,11,10,10,7,3,86,53,32,19,10,4,5
2024-1080,Nottingham,Grass,32,250,,20240610,5,211107,3,,Katie Boulter,R,180,GBR,27.858,30,1671,211279,,,Harriet Dart,R,175,GBR,27.869,92,779,6-7(5) 6-4 7-5,3,R32,193,6,5,115,64,43,23,17,6,11,4,6,127,74,48,18,17,11,18
2024-1080,Nottingham,Grass,32,250,,20240610,6,201606,,Q,Rebecca Marino,R,183,CAN,33.485,157,478,203530,,,Viktorija Golubic,R,169,SUI,31.650,73,952,6-1 6-4,3,R32,70,9,2,60,37,23,13,9,4,6,0,0,44,32,14,6,8,3,8
2024-1080,Nottingham,Grass,32,250,,20240610,7,213583,,,Tatjana Maria,R,172,GER,36.841,56,1059,215306,,,Emiliana Arango,R,,COL,23.532,120,658,4-6 7-6(7) 7-6(6),3,R32,204,7,9,146,90,62,24,17,10,15,1,4,150,118,72,14,17,11,15
2024-1080,Nottingham,Grass,32,250,,20240610,8,211684,5,,Magdalena Frech,R,171,POL,26.487,52,1106,211702,,,Nao Hibino,R,163,JPN,29.534,95,770,6-1 6-4,3,R32,70,6,0,54,32,24,14,9,1,2,0,2,44,33,18,5,8,4,8
2024-1080,Nottingham,Grass,32,250,,20240610,9,214593,,Q,Lucrezia Stefanini,R,,ITA,26.073,153,487,202684,7,,Lin Zhu,R,173,CHN,30.366,53,1077,7-6(4) 3-6 7-5,3,R32,174,0,2,117,90,52,8,16,12,19,1,0,102,67,41,14,17,1,8
2024-1080,Nottingham,Grass,32,250,,20240610,10,214040,,Q,Kimberly Birrell,R,170,AUS,26.117,148,500,215431,,Q,Emily Appleton,R,,GBR,24.775,356,178,6-3 7-5,3,R32,96,4,4,77,47,33,17,11,5,7,5,3,60,37,22,12,10,2,6
2024-1080,Nottingham,Grass,32,250,,20240610,11,220348,,,Diane Parry,R,170,FRA,21.775,64,999,213710,,,Cristina Bucsa,R,,ESP,26.440,67,984,6-3 6-2,3,R32,56,7,1,46,29,24,10,9,1,2,1,3,41,27,12,9,8,1,5
2024-1080,Nottingham,Grass,32,250,,20240610,12,201611,,,Daria Saville,R,166,AUS,30.268,84,815,216262,4,,Clara Burel,R,176,FRA,23.215,42,1288,6-3 6-3,3,R32,94,1,5,71,48,26,10,9,9,14,0,6,74,41,18,10,9,4,12
2024-1080,Nottingham,Grass,32,250,,20240610,13,201662,6,,Karolina Pliskova,R,184,CZE,32.222,50,1147,219917,,,Alycia Parks,R,185,USA,23.442,151,494,6-4 6-4,3,R32,75,2,7,58,40,29,8,10,3,5,2,5,58,33,19,11,10,6,10
2024-1080,Nottingham,Grass,32,250,,20240610,14,201586,,WC,Heather Watson,R,170,GBR,32.061,158,476,215037,,,Kayla Day,L,173,USA,24.701,130,589,4-6 6-0 6-4,3,R32,116,6,2,76,46,37,15,13,1,2,5,2,79,54,34,12,13,2,6
2024-1080,Nottingham,Grass,32,250,,20240610,15,222258,,Q,Linda Fruhvirtova,R,,CZE,19.111,139,526,213908,,,Yuriko Miyazaki,R,165,GBR,28.581,145,505,6-4 7-5,3,R32,114,6,6,69,50,37,5,11,3,6,3,2,77,40,22,18,11,9,14
2024-1080,Nottingham,Grass,32,250,,20240610,16,202460,1,,Ons Jabeur,R,167,TUN,29.786,10,3748,215785,,,Camila Osorio,R,162,COL,22.467,81,875,6-2 6-3,3,R32,62,4,1,52,37,31,7,8,2,2,1,5,50,30,19,7,9,1,5
2024-1080,Nottingham,Grass,32,250,,20240610,17,221054,,WC,Emma Raducanu,R,175,GBR,21.575,209,353,220750,,,Daria Snigur,R,,UKR,22.207,127,608,6-2 6-2,3,R16,79,11,2,68,46,33,9,8,7,8,1,3,49,34,20,5,8,3,8
2024-1080,Nottingham,Grass,32,250,,20240610,18,215936,,WC,Francesca Jones,R,,GBR,23.724,249,291,221909,,,Ashlyn Krueger,R,185,USA,20.093,70,974,6-4 4-6 7-5,3,R16,133,5,5,93,57,43,16,16,6,10,2,5,88,53,37,18,16,4,9
2024-1080,Nottingham,Grass,32,250,,20240610,19,211107,3,,Katie Boulter,R,180,GBR,27.858,30,1671,201606,,Q,Rebecca Marino,R,183,CAN,33.485,157,478,6-4 6-3,3,R16,74,4,2,51,35,26,10,9,2,3,6,7,64,33,23,11,10,1,5
2024-1080,Nottingham,Grass,32,250,,20240610,20,211684,5,,Magdalena Frech,R,171,POL,26.487,52,1106,213583,,,Tatjana Maria,R,172,GER,36.841,56,1059,3-6 6-3 6-1,3,R16,143,3,4,84,52,36,16,12,8,10,4,2,99,55,34,22,13,7,12
2024-1080,Nottingham,Grass,32,250,,20240610,21,214040,,Q,Kimberly Birrell,R,170,AUS,26.117,148,500,214593,,Q,Lucrezia Stefanini,R,,ITA,26.073,153,487,6-4 6-7(5) 6-0,3,R16,184,1,6,109,79,52,11,14,7,10,5,2,116,95,49,7,14,11,18
2024-1080,Nottingham,Grass,32,250,,20240610,22,220348,,,Diane Parry,R,170,FRA,21.775,64,999,201611,,,Daria Saville,R,166,AUS,30.268,84,815,6-4 6-1,3,R16,85,8,1,64,30,21,20,9,7,8,2,3,57,38,23,4,8,3,7
2024-1080,Nottingham,Grass,32,250,,20240610,23,201662,6,,Karolina Pliskova,R,184,CZE,32.222,50,1147,201586,,WC,Heather Watson,R,170,GBR,32.061,158,476,6-4 6-4,3,R16,86,13,5,74,55,34,10,10,6,8,1,2,61,38,26,6,10,3,7
2024-1080,Nottingham,Grass,32,250,,20240610,24,202460,1,,Ons Jabeur,R,167,TUN,29.786,10,3748,222258,,Q,Linda Fruhvirtova,R,,CZE,19.111,139,526,6-2 6-1,3,R16,80,3,1,41,23,17,12,7,1,1,1,2,71,35,17,16,8,5,10
2024-1080,Nottingham,Grass,32,250,,20240610,25,221054,,WC,Emma Raducanu,R,175,GBR,21.575,209,353,215936,,WC,Francesca Jones,R,,GBR,23.724,249,291,W/O,3,QF,,,,,,,,,,,,,,,,,,,
2024-1080,Nottingham,Grass,32,250,,20240610,26,211107,3,,Katie Boulter,R,180,GBR,27.858,30,1671,211684,5,,Magdalena Frech,R,171,POL,26.487,52,1106,6-2 6-4,3,QF,83,4,6,52,30,26,10,9,2,3,4,2,60,42,27,5,9,3,7
2024-1080,Nottingham,Grass,32,250,,20240610,27,220348,,,Diane Parry,R,170,FRA,21.775,64,999,214040,,Q,Kimberly Birrell,R,170,AUS,26.117,148,500,6-3 7-6(4),3,QF,125,12,4,85,44,32,19,11,3,5,0,5,81,52,35,10,10,12,15
2024-1080,Nottingham,Grass,32,250,,20240610,28,201662,6,,Karolina Pliskova,R,184,CZE,32.222,50,1147,202460,1,,Ons Jabeur,R,167,TUN,29.786,10,3748,7-6(8) 6-7(3) 7-5,3,QF,153,7,7,130,88,65,21,18,5,6,11,4,122,63,48,34,18,2,4
2024-1080,Nottingham,Grass,32,250,,20240610,29,211107,3,,Katie Boulter,R,180,GBR,27.858,30,1671,221054,,WC,Emma Raducanu,R,175,GBR,21.575,209,353,6-7(13) 6-3 6-4,3,SF,193,8,7,108,69,51,19,15,2,4,7,6,127,82,54,21,16,11,16
2024-1080,Nottingham,Grass,32,250,,20240610,30,201662,6,,Karolina Pliskova,R,184,CZE,32.222,50,1147,220348,,,Diane Parry,R,170,FRA,21.775,64,999,6-7(9) 6-1 6-4,3,SF,142,4,10,100,75,53,13,15,3,5,11,6,112,60,39,21,14,5,10
2024-1080,Nottingham,Grass,32,250,,20240610,31,211107,3,,Katie Boulter,R,180,GBR,27.858,30,1671,201662,6,,Karolina Pliskova,R,184,CZE,32.222,50,1147,4-6 6-3 6-2,3,F,113,8,2,74,37,26,20,13,1,4,3,7,92,61,39,10,14,3,9
2024-822,'s-Hertogenbosch,Grass,32,250,,20240610,1,214643,2,,Liudmila Samsonova,R,180,RUS,25.580,15,2640,202421,,,Alison Van Uytvanck,R,173,BEL,30.210,266,268,6-1 6-3,3,R32,85,2,4,68,32,21,20,8,7,8,1,1,43,29,13,6,8,1,6
2024-822,'s-Hertogenbosch,Grass,32,250,,20240610,2,232447,,WC,Celine Naef,R,,SUI,18.960,161,468,216097,,Q,Elizabeth Mandlik,R,,USA,23.061,150,496,7-6(4) 1-6 6-4,3,R32,139,6,3,111,69,46,19,14,13,17,3,5,104,60,40,24,15,4,7
2024-822,'s-Hertogenbosch,Grass,32,250,,20240610,3,213889,,,Greet Minnen,R,,BEL,26.823,85,812,214119,,,Rebeka Masarova,R,186,ESP,24.847,103,717,6-2 6-4,3,R32,79,1,0,47,32,26,8,9,0,1,3,2,60,36,24,7,9,4,8
2024-822,'s-Hertogenbosch,Grass,32,250,,20240610,4,202499,7,,Donna Vekic,R,179,CRO,27.951,39,1418,211337,,,Tamara Korpatsch,R,170,GER,29.082,74,951,6-1 6-3,3,R32,73,1,3,49,33,26,7,8,1,2,0,6,54,32,16,8,8,5,10
2024-822,'s-Hertogenbosch,Grass,32,250,,20240610,5,206420,3,,Ekaterina Alexandrova,R,175,RUS,29.569,16,2360,201613,,,Arina Rodionova,R,168,AUS,34.487,105,712,6-3 6-4,3,R32,79,6,2,59,36,26,13,10,2,3,1,1,65,44,29,8,9,4,7
2024-822,'s-Hertogenbosch,Grass,32,250,,20240610,6,211765,,,Emina Bektas,R,,USA,31.198,96,769,215020,,,Anna Blinkova,R,179,RUS,25.750,60,1036,6-4 6-0,3,R32,74,5,0,60,43,29,8,8,4,5,2,3,45,26,13,7,8,2,7
2024-822,'s-Hertogenbosch,Grass,32,250,,20240610,7,215898,,,Jule Niemeier,R,178,GER,24.830,91,791,220704,,,Clara Tauson,R,182,DEN,21.471,65,994,6-4 6-7(3) 6-4,3,R32,140,7,6,100,54,40,24,16,1,4,5,2,102,56,41,22,16,11,16
2024-822,'s-Hertogenbosch,Grass,32,250,,20240610,8,221905,,Q,Robin Montgomery,L,,USA,19.762,173,437,202663,8,,Magda Linette,R,171,POL,32.326,44,1236,6-7(4) 6-3 7-5,3,R32,172,8,4,126,86,63,25,17,14,14,5,4,112,73,56,18,16,5,7
2024-822,'s-Hertogenbosch,Grass,32,250,,20240610,9,206294,6,,Yue Yuan,R,184,CHN,25.709,38,1422,223670,,,Diana Shnaider,L,,RUS,20.189,48,1176,1-6 6-4 6-3,3,R32,102,3,1,76,56,39,12,13,4,7,1,0,76,54,33,16,13,2,5
2024-822,'s-Hertogenbosch,Grass,32,250,,20240610,10,215370,,WC,Bianca Andreescu,R,170,CAN,23.984,228,323,220770,,Q,Eva Vedder,R,,NED,24.548,392,158,4-6 6-3 6-2,3,R32,122,3,3,86,65,45,11,14,1,3,8,4,89,49,35,17,13,14,18
2024-822,'s-Hertogenbosch,Grass,32,250,,20240610,11,215480,,WC,Suzan Lamens,R,,NED,24.934,140,523,211095,,,Bernarda Pera,L,175,USA,29.520,106,701,4-6 6-2 6-4,3,R32,124,3,7,86,55,36,14,14,1,6,5,12,107,55,33,21,14,10,17
2024-822,'s-Hertogenbosch,Grass,32,250,,20240610,12,211768,,WC,Naomi Osaka,R,180,JPN,26.651,125,614,210722,4,,Elise Mertens,R,179,BEL,28.565,32,1629,6-2 6-4,3,R32,69,7,2,54,31,28,12,9,1,1,3,2,48,26,18,10,9,0,3
2024-822,'s-Hertogenbosch,Grass,32,250,,20240610,13,206368,5,,Veronika Kudermetova,R,175,RUS,27.130,34,1623,222296,,,Zhuoxuan Bai,R,,CHN,21.566,93,773,7-5 6-1,3,R32,85,4,1,50,26,22,16,10,0,1,2,4,69,43,27,9,9,8,12
2024-822,'s-Hertogenbosch,Grass,32,250,,20240610,14,213646,,Q,Dalma Galfi,R,178,HUN,25.827,138,529,201551,,,Arantxa Rus,L,180,NED,33.493,57,1054,6-0 6-3,3,R32,61,0,0,47,31,28,7,8,1,1,1,5,44,34,18,2,7,1,5
2024-822,'s-Hertogenbosch,Grass,32,250,,20240610,15,202434,,,Aleksandra Krunic,R,163,SRB,31.240,400,154,211316,,Q,Jessika Ponchet,R,,FRA,27.705,147,502,4-6 6-2 6-1,3,R32,96,3,0,69,52,39,8,12,4,6,9,0,86,59,38,8,13,5,11
2024-822,'s-Hertogenbosch,Grass,32,250,,20240610,16,202468,1,,Jessica Pegula,R,170,USA,30.292,5,4625,205925,,Q,Aliaksandra Sasnovich,R,174,BLR,30.221,98,748,6-2 6-2,3,R32,58,0,1,44,30,22,8,8,0,1,1,4,51,33,15,8,8,2,7
2024-822,'s-Hertogenbosch,Grass,32,250,,20240610,17,214643,2,,Liudmila Samsonova,R,180,RUS,25.580,15,2640,232447,,WC,Celine Naef,R,,SUI,18.960,161,468,7-5 6-2,3,R16,91,6,5,57,34,29,12,10,6,7,4,4,69,41,26,11,10,5,9
2024-822,'s-Hertogenbosch,Grass,32,250,,20240610,18,213889,,,Greet Minnen,R,,BEL,26.823,85,812,202499,7,,Donna Vekic,R,179,CRO,27.951,39,1418,6-1 0-6 7-5,3,R16,113,5,4,82,55,32,16,13,5,9,1,5,69,35,25,14,12,2,6
2024-822,'s-Hertogenbosch,Grass,32,250,,20240610,19,206420,3,,Ekaterina Alexandrova,R,175,RUS,29.569,16,2360,211765,,,Emina Bektas,R,,USA,31.198,96,769,7-5 6-4,3,R16,84,12,2,64,43,33,11,11,6,8,7,2,68,49,35,6,11,7,11
2024-822,'s-Hertogenbosch,Grass,32,250,,20240610,20,221905,,Q,Robin Montgomery,L,,USA,19.762,173,437,215898,,,Jule Niemeier,R,178,GER,24.830,91,791,6-3 6-3,3,R16,93,7,3,61,42,34,9,9,8,8,4,5,70,39,25,14,9,7,10
2024-822,'s-Hertogenbosch,Grass,32,250,,20240610,21,215370,,WC,Bianca Andreescu,R,170,CAN,23.984,228,323,206294,6,,Yue Yuan,R,184,CHN,25.709,38,1422,6-4 6-4,3,R16,81,3,1,59,40,26,15,10,5,6,1,1,59,35,24,10,10,3,6
2024-822,'s-Hertogenbosch,Grass,32,250,,20240610,22,211768,,WC,Naomi Osaka,R,180,JPN,26.651,125,614,215480,,WC,Suzan Lamens,R,,NED,24.934,140,523,6-2 6-2,3,R16,54,9,1,44,17,15,18,8,0,0,3,1,42,32,18,3,8,1,5
2024-822,'s-Hertogenbosch,Grass,32,250,,20240610,23,213646,,Q,Dalma Galfi,R,178,HUN,25.827,138,529,206368,5,,Veronika Kudermetova,R,175,RUS,27.130,34,1623,6-3 3-6 7-5,3,R16,141,9,3,94,66,46,16,15,6,8,5,4,98,63,45,16,15,5,8
2024-822,'s-Hertogenbosch,Grass,32,250,,20240610,24,202434,,,Aleksandra Krunic,R,163,SRB,31.240,400,154,202468,1,,Jessica Pegula,R,170,USA,30.292,5,4625,7-6(3) 6-7(3) 6-4,3,R16,164,0,3,121,69,56,24,17,5,7,5,2,128,79,52,29,17,11,14
2024-822,'s-Hertogenbosch,Grass,32,250,,20240610,25,214643,2,,Liudmila Samsonova,R,180,RUS,25.580,15,2640,213889,,,Greet Minnen,R,,BEL,26.823,85,812,6-4 7-5,3,QF,99,3,6,76,42,31,17,11,3,5,6,3,66,48,31,9,11,1,5
2024-822,'s-Hertogenbosch,Grass,32,250,,20240610,26,206420,3,,Ekaterina Alexandrova,R,175,RUS,29.569,16,2360,221905,,Q,Robin Montgomery,L,,USA,19.762,173,437,6-4 6-3,3,QF,94,5,1,65,36,24,17,9,1,2,3,6,69,42,25,12,10,1,5
2024-822,'s-Hertogenbosch,Grass,32,250,,20240610,27,215370,,WC,Bianca Andreescu,R,170,CAN,23.984,228,323,211768,,WC,Naomi Osaka,R,180,JPN,26.651,125,614,6-4 3-6 7-6(3),3,QF,135,3,4,94,59,44,16,15,3,6,7,3,98,63,46,18,16,2,5
2024-822,'s-Hertogenbosch,Grass,32,250,,20240610,28,213646,,Q,Dalma Galfi,R,178,HUN,25.827,138,529,202434,,,Aleksandra Krunic,R,163,SRB,31.240,400,154,7-5 6-3,3,QF,84,6,1,64,39,30,15,11,1,2,0,3,67,41,20,20,10,5,8
2024-822,'s-Hertogenbosch,Grass,32,250,,20240610,29,214643,2,,Liudmila Samsonova,R,180,RUS,25.580,15,2640,206420,3,,Ekaterina Alexandrova,R,175,RUS,29.569,16,2360,6-3 6-7(1) 6-1,3,SF,146,10,11,103,53,34,24,15,8,13,4,6,96,67,38,8,13,10,18
2024-822,'s-Hertogenbosch,Grass,32,250,,20240610,30,215370,,WC,Bianca Andreescu,R,170,CAN,23.984,228,323,213646,,Q,Dalma Galfi,R,178,HUN,25.827,138,529,6-4 6-2,3,SF,91,0,1,65,44,28,13,9,3,4,3,1,56,38,19,10,9,1,5
2024-822,'s-Hertogenbosch,Grass,32,250,,20240610,31,214643,2,,Liudmila Samsonova,R,180,RUS,25.580,15,2640,215370,,WC,Bianca Andreescu,R,170,CAN,23.984,228,323,4-6 6-3 7-5,3,F,154,2,5,102,56,37,26,16,2,6,4,4,97,65,43,12,15,5,10
2024-1052,Birmingham,Grass,32,250,,20240617,1,206252,2,,Barbora Krejcikova,R,178,CZE,28.499,25,1768,201611,,Q,Daria Saville,R,166,AUS,30.287,85,830,6-1 7-6(5),3,R32,94,4,4,55,35,27,11,10,0,2,2,3,66,44,25,11,9,7,11
2024-1052,Birmingham,Grass,32,250,,20240617,2,211279,,WC,Harriet Dart,R,175,GBR,27.888,101,716,220416,,Q,Moyuka Uchijima,R,171,JPN,22.851,72,935,6-3 6-3,3,R32,83,1,5,58,39,27,8,9,5,7,3,10,61,30,18,10,9,3,8
2024-1052,Birmingham,Grass,32,250,,20240617,3,214459,,,Lucia Bronzetti,R,,ITA,25.520,67,983,211684,,,Magdalena Frech,R,171,POL,26.506,52,1100,2-6 6-3 6-4,3,R32,128,4,5,90,46,30,21,14,10,14,5,2,86,60,37,14,13,4,8
2024-1052,Birmingham,Grass,32,250,,20240617,4,215713,7,,Anastasia Potapova,R,175,RUS,23.217,36,1427,220589,,Q,Elina Avanesyan,R,,ARM,21.750,74,926,6-4 6-4,3,R32,80,3,2,63,36,27,11,10,1,3,1,0,65,47,27,7,10,1,5
2024-1052,Birmingham,Grass,32,250,,20240617,5,202684,,,Lin Zhu,R,173,CHN,30.385,54,1077,201514,3,,Sorana Cirstea,R,176,ROU,34.196,29,1704,7-6(2) 6-2,3,R32,95,4,2,70,49,39,12,10,3,3,3,1,68,45,28,14,10,3,5
2024-1052,Birmingham,Grass,32,250,,20240617,6,201548,,,Ajla Tomljanovic,R,180,AUS,31.114,190,393,215020,,,Anna Blinkova,R,179,RUS,25.769,60,1036,6-2 6-1,3,R32,77,2,3,78,47,30,17,8,11,12,1,4,40,26,11,5,7,2,7
2024-1052,Birmingham,Grass,32,250,,20240617,7,203530,,Q,Viktorija Golubic,R,169,SUI,31.669,78,893,215785,,Q,Camila Osorio,R,162,COL,22.486,81,875,6-4 1-6 6-3,3,R32,113,0,0,73,51,30,10,13,6,11,3,8,85,62,36,10,13,4,9
2024-1052,Birmingham,Grass,32,250,,20240617,8,220367,6,,Leylah Fernandez,L,168,CAN,21.780,33,1625,204427,,,Sara Sorribes Tormo,R,176,ESP,27.691,57,1055,6-1 6-1,3,R32,63,2,1,39,29,20,6,7,3,4,1,2,39,28,7,5,7,1,7
2024-1052,Birmingham,Grass,32,250,,20240617,9,210722,5,,Elise Mertens,R,179,BEL,28.584,32,1629,201496,,WC,Caroline Wozniacki,R,177,DEN,33.936,114,665,6-4 6-1,3,R32,91,7,5,48,29,23,9,8,0,1,1,2,72,48,29,6,9,6,11
2024-1052,Birmingham,Grass,32,250,,20240617,10,214452,,LL,Caroline Dolehide,R,178,USA,25.783,61,1035,201662,,,Karolina Pliskova,R,184,CZE,32.242,42,1309,2-6 6-3 7-6(5),3,R32,116,1,2,103,80,50,9,15,6,11,3,5,86,58,41,12,14,4,8
2024-1052,Birmingham,Grass,32,250,,20240617,11,201709,,,Yulia Putintseva,R,163,KAZ,29.443,41,1333,216262,,,Clara Burel,R,176,FRA,23.234,43,1288,6-3 6-4,3,R32,86,1,0,74,61,40,6,10,10,12,2,7,62,33,18,13,9,3,7
2024-1052,Birmingham,Grass,32,250,,20240617,12,211843,,,Anhelina Kalinina,R,179,UKR,27.357,47,1221,211107,4,,Katie Boulter,R,180,GBR,27.877,31,1641,6-3 0-0 RET,3,R32,45,1,4,23,9,8,4,4,1,3,1,2,36,22,10,5,5,5,9
2024-1052,Birmingham,Grass,32,250,,20240617,13,213631,8,,Marie Bouzkova,R,180,CZE,25.909,37,1425,201586,,WC,Heather Watson,R,170,GBR,32.080,198,378,3-6 6-4 7-5,3,R32,172,3,3,103,69,42,16,16,6,11,1,4,105,61,36,24,15,9,14
2024-1052,Birmingham,Grass,32,250,,20240617,14,223670,,,Diana Shnaider,L,,RUS,20.208,49,1176,221945,,Q,Amelia Rajecki,R,,GBR,22.040,884,26,7-5 6-3,3,R32,82,5,2,68,48,32,12,11,3,5,5,10,68,36,28,10,10,3,7
2024-1052,Birmingham,Grass,32,250,,20240617,15,201585,,WC,Sloane Stephens,R,170,USA,31.245,48,1217,206294,,,Yue Yuan,R,184,CHN,25.728,38,1422,6-3 6-3,3,R32,85,7,3,68,44,31,10,9,7,9,1,1,63,37,22,9,9,7,12
2024-1052,Birmingham,Grass,32,250,,20240617,16,220714,,,Elisabetta Cocciaretto,R,,ITA,23.393,44,1259,211533,1,,Jelena Ostapenko,R,177,LAT,27.026,13,3318,6-3 6-3,3,R32,96,5,5,72,41,32,13,9,8,9,5,9,63,33,25,9,9,6,10
2024-1052,Birmingham,Grass,32,250,,20240617,17,206252,2,,Barbora Krejcikova,R,178,CZE,28.499,25,1768,211279,,WC,Harriet Dart,R,175,GBR,27.888,101,716,6-3 6-4,3,R16,88,2,1,63,45,34,10,10,3,4,0,5,56,34,23,9,9,4,7
2024-1052,Birmingham,Grass,32,250,,20240617,18,215713,7,,Anastasia Potapova,R,175,RUS,23.217,36,1427,214459,,,Lucia Bronzetti,R,,ITA,25.520,67,983,6-3 7-5,3,R16,84,1,3,67,37,27,14,11,4,6,3,4,57,31,21,9,10,0,4
2024-1052,Birmingham,Grass,32,250,,20240617,19,201548,,,Ajla Tomljanovic,R,180,AUS,31.114,190,393,202684,,,Lin Zhu,R,173,CHN,30.385,54,1077,6-7(6) 6-1 6-4,3,R16,155,10,8,97,58,38,17,14,9,14,0,4,111,74,38,16,15,5,14
2024-1052,Birmingham,Grass,32,250,,20240617,20,220367,6,,Leylah Fernandez,L,168,CAN,21.780,33,1625,203530,,Q,Viktorija Golubic,R,169,SUI,31.669,78,893,4-6 7-5 6-3,3,R16,141,5,0,85,65,47,9,16,2,6,2,5,94,67,41,12,15,5,10
2024-1052,Birmingham,Grass,32,250,,20240617,21,214452,,LL,Caroline Dolehide,R,178,USA,25.783,61,1035,210722,5,,Elise Mertens,R,179,BEL,28.584,32,1629,6-3 3-0 RET,3,R16,53,1,0,35,30,23,4,6,1,1,1,3,32,20,11,7,6,1,4
2024-1052,Birmingham,Grass,32,250,,20240617,22,201709,,,Yulia Putintseva,R,163,KAZ,29.443,41,1333,211843,,,Anhelina Kalinina,R,179,UKR,27.357,47,1221,6-3 6-0,3,R16,56,4,0,41,33,28,5,8,0,0,0,5,45,24,16,6,7,3,7
2024-1052,Birmingham,Grass,32,250,,20240617,23,223670,,,Diana Shnaider,L,,RUS,20.208,49,1176,213631,8,,Marie Bouzkova,R,180,CZE,25.909,37,1425,7-6(5) 6-3,3,R16,118,0,1,80,65,38,9,11,5,9,3,2,81,51,27,15,10,6,11
2024-1052,Birmingham,Grass,32,250,,20240617,24,220714,,,Elisabetta Cocciaretto,R,,ITA,23.393,44,1259,201585,,WC,Sloane Stephens,R,170,USA,31.245,48,1217,6-4 6-2,3,R16,80,3,1,57,34,24,16,9,3,4,0,0,53,40,22,6,9,4,8
2024-1052,Birmingham,Grass,32,250,,20240617,25,215713,7,,Anastasia Potapova,R,175,RUS,23.217,36,1427,206252,2,,Barbora Krejcikova,R,178,CZE,28.499,25,1768,6-1 6-4,3,QF,71,5,2,60,35,26,14,9,3,3,4,2,51,35,22,8,8,5,8
2024-1052,Birmingham,Grass,32,250,,20240617,26,201548,,,Ajla Tomljanovic,R,180,AUS,31.114,190,393,220367,6,,Leylah Fernandez,L,168,CAN,21.780,33,1625,1-6 6-3 6-2,3,QF,105,4,3,77,52,32,14,12,4,7,5,5,74,51,36,8,12,4,8
2024-1052,Birmingham,Grass,32,250,,20240617,27,201709,,,Yulia Putintseva,R,163,KAZ,29.443,41,1333,214452,,LL,Caroline Dolehide,R,178,USA,25.783,61,1035,6-3 6-7(2) 6-1,3,QF,130,2,2,83,53,35,16,13,5,8,1,4,105,78,43,11,15,12,20
2024-1052,Birmingham,Grass,32,250,,20240617,28,220714,,,Elisabetta Cocciaretto,R,,ITA,23.393,44,1259,223670,,,Diana Shnaider,L,,RUS,20.208,49,1176,5-7 6-4 6-2,3,QF,152,3,3,89,58,41,14,15,6,10,2,4,118,81,44,18,15,12,18
2024-1052,Birmingham,Grass,32,250,,20240617,29,201548,,,Ajla Tomljanovic,R,180,AUS,31.114,190,393,215713,7,,Anastasia Potapova,R,175,RUS,23.217,36,1427,7-6(5) 6-4,3,SF,90,4,5,68,48,36,10,11,0,1,8,8,79,41,32,16,11,5,7
2024-1052,Birmingham,Grass,32,250,,20240617,30,201709,,,Yulia Putintseva,R,163,KAZ,29.443,41,1333,220714,,,Elisabetta Cocciaretto,R,,ITA,23.393,44,1259,6-2 6-2,3,SF,87,4,1,57,41,27,8,8,4,6,1,3,60,32,15,11,8,4,10
2024-1052,Birmingham,Grass,32,250,,20240617,31,201709,,,Yulia Putintseva,R,163,KAZ,29.443,41,1333,201548,,,Ajla Tomljanovic,R,180,AUS,31.114,190,393,6-1 7-6(8),3,F,87,4,1,54,35,24,14,9,0,2,4,6,71,48,31,6,10,4,9
2024-2012,Berlin,Grass,32,500,,20240617,1,214082,,,Daria Kasatkina,R,170,RUS,27.113,14,3088,216146,,,Marta Kostyuk,R,175,UKR,21.972,16,2240,4-6 7-6(6) 6-3,3,R32,158,4,8,132,84,51,24,16,9,14,1,10,110,66,44,18,15,7,12
2024-2012,Berlin,Grass,32,500,,20240617,2,214939,,,Anna Kalinskaya,R,175,RUS,25.542,24,1986,211702,,Q,Nao Hibino,R,163,JPN,29.553,93,770,2-6 6-4 6-2,3,R32,113,1,4,79,47,30,19,13,2,5,6,3,76,48,30,18,13,3,7
2024-2012,Berlin,Grass,32,500,,20240617,3,214954,5,,Marketa Vondrousova,L,173,CZE,24.972,6,4503,214119,,Q,Rebeka Masarova,R,186,ESP,24.866,100,717,6-4 6-3,3,R32,77,6,4,60,35,26,14,9,3,4,6,2,63,41,27,10,10,4,7
2024-2012,Berlin,Grass,32,500,,20240617,4,206368,,Q,Veronika Kudermetova,R,175,RUS,27.149,35,1503,214643,,,Liudmila Samsonova,R,180,RUS,25.599,15,2830,3-6 6-4 6-4,3,R32,136,6,2,87,53,36,12,14,8,14,11,10,94,63,40,10,15,3,10
2024-2012,Berlin,Grass,32,500,,20240617,5,220309,,Q,Zeynep Sonmez,R,,TUR,22.133,157,475,201551,,LL,Arantxa Rus,L,180,NED,33.512,58,1054,3-6 6-2 6-1,3,R32,103,0,2,67,42,31,15,12,4,6,3,5,73,48,29,10,12,5,10
2024-2012,Berlin,Grass,32,500,,20240617,6,201458,,,Victoria Azarenka,R,180,BLR,34.881,19,2205,206289,7,,Maria Sakkari,R,172,GRE,28.899,9,3980,6-4 6-2,3,R32,93,3,4,60,35,28,14,9,2,2,7,7,68,34,24,13,9,6,9
2024-2012,Berlin,Grass,32,500,,20240617,7,221012,6,,Qinwen Zheng,R,,CHN,21.692,8,4005,211768,,WC,Naomi Osaka,R,180,JPN,26.670,113,668,6-4 3-6 6-3,3,R32,130,23,7,94,50,44,20,14,3,4,5,3,88,53,41,16,14,2,4
2024-2012,Berlin,Grass,32,500,,20240617,8,211701,,Q,Katerina Siniakova,R,174,CZE,28.105,30,1645,215613,,,Emma Navarro,R,,USA,23.083,17,2238,6-4 6-3,3,R32,79,1,4,53,38,28,9,9,1,2,0,1,68,50,31,8,10,5,9
2024-2012,Berlin,Grass,32,500,,20240617,9,202499,,WC,Donna Vekic,R,179,CRO,27.970,39,1418,215898,,WC,Jule Niemeier,R,178,GER,24.849,88,809,1-6 6-1 6-3,3,R32,107,8,6,71,44,32,12,11,1,3,6,4,73,37,25,18,12,3,7
2024-2012,Berlin,Grass,32,500,,20240617,10,202460,8,,Ons Jabeur,R,167,TUN,29.805,10,3748,216133,,Q,Xinyu Wang,R,182,CHN,22.725,40,1411,6-4 7-6(4),3,R32,93,3,4,67,40,29,11,11,3,7,0,3,83,55,31,13,11,2,7
2024-2012,Berlin,Grass,32,500,,20240617,11,222328,,,Linda Noskova,R,,CZE,19.582,28,1710,201493,,WC,Angelique Kerber,L,173,GER,36.414,224,332,7-6(4) 2-6 6-4,3,R32,119,7,3,97,61,47,16,15,3,6,7,5,108,77,54,14,15,7,9
2024-2012,Berlin,Grass,32,500,,20240617,12,206420,,,Ekaterina Alexandrova,R,175,RUS,29.589,20,2178,206242,,,Beatriz Haddad Maia,L,185,BRA,28.050,18,2213,6-4 6-4,3,R32,86,6,4,49,32,28,9,10,1,2,1,3,69,50,33,7,10,4,7
2024-2012,Berlin,Grass,32,500,,20240617,13,214544,2,,Aryna Sabalenka,R,182,BLR,26.120,3,7788,214082,,,Daria Kasatkina,R,170,RUS,27.113,14,3088,6-1 6-4,3,R16,60,3,0,48,26,19,15,9,1,2,1,3,46,28,15,9,8,1,5
2024-2012,Berlin,Grass,32,500,,20240617,14,214939,,,Anna Kalinskaya,R,175,RUS,25.542,24,1986,214954,5,,Marketa Vondrousova,L,173,CZE,24.972,6,4503,5-5 RET,3,R16,63,0,0,42,30,19,6,5,5,6,2,5,28,16,12,5,5,0,1
2024-2012,Berlin,Grass,32,500,,20240617,15,214981,3,,Elena Rybakina,R,184,KAZ,25.003,4,5973,206368,,Q,Veronika Kudermetova,R,175,RUS,27.149,35,1503,6-4 7-5,3,R16,95,5,2,62,40,31,11,11,1,3,1,3,77,49,32,11,11,7,11
2024-2012,Berlin,Grass,32,500,,20240617,16,201458,,,Victoria Azarenka,R,180,BLR,34.881,19,2205,220309,,Q,Zeynep Sonmez,R,,TUR,22.133,157,475,6-3 6-3,3,R16,90,1,4,66,46,29,10,9,5,7,1,2,62,37,17,12,9,5,10
2024-2012,Berlin,Grass,32,500,,20240617,17,211701,,Q,Katerina Siniakova,R,174,CZE,28.105,30,1645,221012,6,,Qinwen Zheng,R,,CHN,21.692,8,4005,6-4 6-4,3,R16,98,2,3,52,36,26,8,10,0,2,8,0,74,42,27,12,10,4,8
2024-2012,Berlin,Grass,32,500,,20240617,18,202468,4,,Jessica Pegula,R,170,USA,30.311,5,4625,202499,,WC,Donna Vekic,R,179,CRO,27.970,39,1418,6-4 7-5,3,R16,89,3,1,69,47,34,12,11,3,4,8,5,63,41,33,6,11,3,6
2024-2012,Berlin,Grass,32,500,,20240617,19,202460,8,,Ons Jabeur,R,167,TUN,29.805,10,3748,222328,,,Linda Noskova,R,,CZE,19.582,28,1710,6-7(5) 6-3 6-4,3,R16,116,8,5,101,65,48,19,16,1,3,6,3,102,72,51,12,15,2,6
2024-2012,Berlin,Grass,32,500,,20240617,20,221103,1,,Coco Gauff,R,175,USA,20.263,2,7988,206420,,,Ekaterina Alexandrova,R,175,RUS,29.589,20,2178,7-6(6) 6-2,3,R16,80,7,2,54,35,28,12,10,0,1,4,4,60,41,28,6,10,1,4
2024-2012,Berlin,Grass,32,500,,20240617,21,214939,,,Anna Kalinskaya,R,175,RUS,25.542,24,1986,214544,2,,Aryna Sabalenka,R,182,BLR,26.120,3,7788,5-1 RET,3,QF,34,1,1,25,15,12,4,3,4,4,2,1,17,8,5,2,4,1,3
2024-2012,Berlin,Grass,32,500,,20240617,22,201458,,,Victoria Azarenka,R,180,BLR,34.881,19,2205,214981,3,,Elena Rybakina,R,184,KAZ,25.003,4,5973,3-1 RET,3,QF,24,1,1,16,8,6,4,2,1,1,2,2,13,5,4,2,3,1,2
2024-2012,Berlin,Grass,32,500,,20240617,23,202468,4,,Jessica Pegula,R,170,USA,30.311,5,4625,211701,,Q,Katerina Siniakova,R,174,CZE,28.105,30,1645,7-6(2) 3-6 6-3,3,QF,156,1,3,100,56,39,26,15,4,7,4,6,118,70,47,21,15,8,11
2024-2012,Berlin,Grass,32,500,,20240617,24,221103,1,,Coco Gauff,R,175,USA,20.263,2,7988,202460,8,,Ons Jabeur,R,167,TUN,29.805,10,3748,7-6(9) 0-0 RET,3,QF,72,2,0,43,29,25,9,6,2,2,2,0,65,36,26,17,6,9,9
2024-2012,Berlin,Grass,32,500,,20240617,25,214939,,,Anna Kalinskaya,R,175,RUS,25.542,24,1986,201458,,,Victoria Azarenka,R,180,BLR,34.881,19,2205,6-1 6-7(3) 6-1,3,SF,130,3,5,97,67,45,18,14,1,2,4,3,84,51,35,12,12,7,12
2024-2012,Berlin,Grass,32,500,,20240617,26,202468,4,,Jessica Pegula,R,170,USA,30.311,5,4625,221103,1,,Coco Gauff,R,175,USA,20.263,2,7988,7-5 7-6(2),3,SF,102,3,2,78,47,34,17,12,4,6,4,4,73,36,26,18,12,2,5
2024-2012,Berlin,Grass,32,500,,20240617,27,202468,4,,Jessica Pegula,R,170,USA,30.311,5,4625,214939,,,Anna Kalinskaya,R,175,RUS,25.542,24,1986,6-7(0) 6-4 7-6(3),3,F,158,7,2,114,70,46,20,17,6,11,2,2,115,85,49,16,17,6,12
2024-2017,Bad Homburg,Grass,32,500,,20240624,1,214643,2,,Liudmila Samsonova,R,180,RUS,25.619,15,2830,204427,,,Sara Sorribes Tormo,R,176,ESP,27.710,54,1055,6-3 6-1,3,R32,87,7,1,46,21,17,15,8,3,4,0,1,62,46,24,3,8,6,11
2024-2017,Bad Homburg,Grass,32,500,,20240624,2,211701,,,Katerina Siniakova,R,174,CZE,28.124,27,1718,216262,,,Clara Burel,R,176,FRA,23.253,43,1288,6-3 6-7(7) 6-1,3,R32,139,1,4,81,47,31,16,13,2,6,3,13,128,70,39,20,15,8,17
2024-2017,Bad Homburg,Grass,32,500,,20240624,3,202499,,,Donna Vekic,R,179,CRO,27.990,49,1173,214459,,Q,Lucia Bronzetti,R,,ITA,25.539,64,983,6-3 6-4,3,R32,84,3,1,51,30,23,11,9,2,4,3,2,73,40,25,11,10,5,10
2024-2017,Bad Homburg,Grass,32,500,,20240624,4,206420,6,,Ekaterina Alexandrova,R,175,RUS,29.608,22,2053,206408,,,Nadia Podoroska,R,170,ARG,27.368,65,983,6-3 6-0,3,R32,60,5,4,46,26,23,11,8,1,1,3,3,41,27,14,5,7,1,5
2024-2017,Bad Homburg,Grass,32,500,,20240624,5,206242,4,,Beatriz Haddad Maia,L,185,BRA,28.069,20,2213,211337,,LL,Tamara Korpatsch,R,170,GER,29.120,75,895,6-1 7-6(6),3,R32,129,1,4,61,39,30,11,9,2,3,2,8,86,53,30,15,10,7,11
2024-2017,Bad Homburg,Grass,32,500,,20240624,6,215020,,,Anna Blinkova,R,179,RUS,25.788,66,982,215370,,WC,Bianca Andreescu,R,170,CAN,24.022,165,455,6-4 6-2,3,R32,75,0,7,62,40,28,8,9,6,9,4,3,56,37,21,5,9,5,11
2024-2017,Bad Homburg,Grass,32,500,,20240624,7,202600,,Q,Viktoriya Tomova,R,170,BUL,29.328,58,1035,213583,,WC,Tatjana Maria,R,172,GER,36.880,61,994,6-1 6-3,3,R32,73,1,1,63,42,30,9,8,4,5,1,1,45,27,17,5,8,3,8
2024-2017,Bad Homburg,Grass,32,500,,20240624,8,222328,,,Linda Noskova,R,,CZE,19.601,26,1745,203501,,LL,Taylor Townsend,L,170,USA,28.189,79,864,7-5 6-1,3,R32,84,7,4,74,52,37,10,10,6,7,12,0,62,41,24,10,9,2,6
2024-2017,Bad Homburg,Grass,32,500,,20240624,9,201496,,WC,Caroline Wozniacki,R,177,DEN,33.956,112,666,202494,7,,Elina Svitolina,R,174,UKR,29.783,21,2099,6-3 6-7(4) 7-5,3,R32,160,4,7,115,70,52,16,17,7,12,5,6,95,55,37,13,16,5,12
2024-2017,Bad Homburg,Grass,32,500,,20240624,10,206368,,,Veronika Kudermetova,R,175,RUS,27.168,36,1488,220348,,Q,Diane Parry,R,170,FRA,21.813,53,1077,3-6 7-5 6-1,3,R32,141,3,0,80,46,28,22,14,1,5,4,5,91,50,28,20,14,4,10
2024-2017,Bad Homburg,Grass,32,500,,20240624,11,220548,,,Peyton Stearns,R,,USA,22.711,59,1023,260847,,LL,Julia Stusek,R,,GER,16.003,913,24,6-2 7-5,3,R32,86,3,1,54,33,27,16,10,2,2,3,6,69,37,24,16,10,4,7
2024-2017,Bad Homburg,Grass,32,500,,20240624,12,215613,3,,Emma Navarro,R,,USA,23.102,19,2238,211713,,Q,Jaqueline Cristian,R,180,ROU,26.054,62,986,6-3 6-1,3,R32,66,3,1,52,35,27,9,8,3,4,3,3,46,27,14,7,8,3,8
2024-2017,Bad Homburg,Grass,32,500,,20240624,13,215035,,,Dayana Yastremska,R,175,UKR,24.110,28,1710,259799,8,,Mirra Andreeva,R,,RUS,17.156,24,2017,4-6 6-4 6-3,3,R32,126,3,5,81,47,34,22,15,1,3,6,5,79,53,40,11,14,2,5
2024-2017,Bad Homburg,Grass,32,500,,20240624,14,223670,,,Diana Shnaider,L,,RUS,20.228,47,1210,201493,,SR,Angelique Kerber,L,173,GER,36.433,221,333,7-5 6-3,3,R32,78,5,1,57,36,25,15,11,0,2,4,4,70,50,30,8,10,6,10
2024-2017,Bad Homburg,Grass,32,500,,20240624,15,211651,,WC,Paula Badosa,R,180,ESP,26.607,113,662,201551,,,Arantxa Rus,L,180,NED,33.531,55,1054,6-4 6-1,3,R32,68,7,4,51,30,26,10,8,2,2,1,4,53,33,19,8,9,2,6
2024-2017,Bad Homburg,Grass,32,500,,20240624,16,215898,,LL,Jule Niemeier,R,178,GER,24.868,96,741,206289,1,,Maria Sakkari,R,172,GRE,28.918,9,3805,2-6 6-2 7-6(4),3,R32,154,6,4,95,51,33,23,14,5,9,6,5,110,74,47,14,14,4,8
2024-2017,Bad Homburg,Grass,32,500,,20240624,17,211701,,,Katerina Siniakova,R,174,CZE,28.124,27,1718,214643,2,,Liudmila Samsonova,R,180,RUS,25.619,15,2830,6-3 6-7(3) 6-3,3,R16,150,2,4,115,79,49,20,16,6,9,6,4,96,49,36,19,14,3,8
2024-2017,Bad Homburg,Grass,32,500,,20240624,18,202499,,,Donna Vekic,R,179,CRO,27.990,49,1173,206420,6,,Ekaterina Alexandrova,R,175,RUS,29.608,22,2053,6-4 3-6 6-3,3,R16,123,6,4,74,45,39,15,14,0,1,14,6,95,61,45,16,14,3,5
2024-2017,Bad Homburg,Grass,32,500,,20240624,19,215020,,,Anna Blinkova,R,179,RUS,25.788,66,982,206242,4,,Beatriz Haddad Maia,L,185,BRA,28.069,20,2213,6-3 7-5,3,R16,101,2,5,70,45,31,11,11,4,7,3,8,66,42,26,7,10,3,8
2024-2017,Bad Homburg,Grass,32,500,,20240624,20,202600,,Q,Viktoriya Tomova,R,170,BUL,29.328,58,1035,222328,,,Linda Noskova,R,,CZE,19.601,26,1745,6-4 6-2,3,R16,69,4,1,60,35,26,15,9,4,4,1,1,51,34,19,10,9,2,5
2024-2017,Bad Homburg,Grass,32,500,,20240624,21,201496,,WC,Caroline Wozniacki,R,177,DEN,33.956,112,666,206368,,,Veronika Kudermetova,R,175,RUS,27.168,36,1488,6-2 6-4,3,R16,84,3,1,50,33,23,12,9,1,2,3,3,57,40,24,4,9,2,6
2024-2017,Bad Homburg,Grass,32,500,,20240624,22,215613,3,,Emma Navarro,R,,USA,23.102,19,2238,220548,,,Peyton Stearns,R,,USA,22.711,59,1023,6-4 6-1,3,R16,66,4,1,46,27,19,16,9,2,3,1,1,46,28,17,7,8,3,7
2024-2017,Bad Homburg,Grass,32,500,,20240624,23,223670,,,Diana Shnaider,L,,RUS,20.228,47,1210,215035,,,Dayana Yastremska,R,175,UKR,24.110,28,1710,6-2 6-2,3,R16,77,5,0,45,30,25,7,8,0,0,2,5,61,27,18,14,8,10,14
2024-2017,Bad Homburg,Grass,32,500,,20240624,24,211651,,WC,Paula Badosa,R,180,ESP,26.607,113,662,215898,,LL,Jule Niemeier,R,178,GER,24.868,96,741,4-6 6-2 6-1,3,R16,112,3,5,78,41,33,17,12,4,6,8,12,79,35,28,14,13,3,9
2024-2017,Bad Homburg,Grass,32,500,,20240624,25,202499,,,Donna Vekic,R,179,CRO,27.990,49,1173,211701,,,Katerina Siniakova,R,174,CZE,28.124,27,1718,W/O,3,QF,,,,,,,,,,,,,,,,,,,
2024-2017,Bad Homburg,Grass,32,500,,20240624,26,202600,,Q,Viktoriya Tomova,R,170,BUL,29.328,58,1035,215020,,,Anna Blinkova,R,179,RUS,25.788,66,982,2-6 6-1 7-6(9),3,QF,132,7,1,103,76,48,13,14,7,11,5,5,111,75,45,17,13,6,10
2024-2017,Bad Homburg,Grass,32,500,,20240624,27,215613,3,,Emma Navarro,R,,USA,23.102,19,2238,201496,,WC,Caroline Wozniacki,R,177,DEN,33.956,112,666,4-6 6-1 1-0 RET,3,QF,97,3,3,68,42,28,11,9,4,6,3,4,66,46,27,8,9,2,6
2024-2017,Bad Homburg,Grass,32,500,,20240624,28,223670,,,Diana Shnaider,L,,RUS,20.228,47,1210,211651,,WC,Paula Badosa,R,180,ESP,26.607,113,662,6-3 7-6(3),3,QF,107,4,4,77,52,33,13,10,4,6,6,6,88,53,34,15,11,6,10
2024-2017,Bad Homburg,Grass,32,500,,20240624,29,202499,,,Donna Vekic,R,179,CRO,27.990,49,1173,202600,,Q,Viktoriya Tomova,R,170,BUL,29.328,58,1035,6-0 7-6(6),3,SF,100,10,4,71,40,30,16,9,4,5,2,2,76,35,18,22,9,5,9
2024-2017,Bad Homburg,Grass,32,500,,20240624,30,223670,,,Diana Shnaider,L,,RUS,20.228,47,1210,215613,3,,Emma Navarro,R,,USA,23.102,19,2238,7-5 2-6 6-3,3,SF,142,2,3,124,81,48,23,15,13,17,1,4,85,58,36,14,14,1,5
2024-2017,Bad Homburg,Grass,32,500,,20240624,31,223670,,,Diana Shnaider,L,,RUS,20.228,47,1210,202499,,,Donna Vekic,R,179,CRO,27.990,49,1173,6-3 2-6 6-3,3,F,132,9,1,106,71,43,18,13,10,13,7,4,70,39,29,17,13,2,6
2024-710,Eastbourne,Grass,32,500,,20240624,1,221054,,WC,Emma Raducanu,R,175,GBR,21.613,168,451,201585,,,Sloane Stephens,R,170,USA,31.264,45,1217,6-4 6-0,3,R32,76,5,2,47,28,19,12,8,4,6,0,0,53,38,14,7,8,3,9
2024-710,Eastbourne,Grass,32,500,,20240624,2,206294,,,Yue Yuan,R,184,CHN,25.747,38,1422,215713,,,Anastasia Potapova,R,175,RUS,23.237,39,1415,6-3 6-6 RET,3,R32,104,4,1,70,38,23,21,11,3,6,4,7,79,44,25,17,10,6,10
2024-710,Eastbourne,Grass,32,500,,20240624,3,214082,6,,Daria Kasatkina,R,170,RUS,27.133,14,3088,216133,,,Xinyu Wang,R,182,CHN,22.744,40,1411,6-4 6-2,3,R32,85,2,8,71,40,26,10,9,7,11,3,2,54,26,12,10,9,3,10
2024-710,Eastbourne,Grass,32,500,,20240624,4,210722,,,Elise Mertens,R,179,BEL,28.603,33,1629,213908,,WC,Yuriko Miyazaki,R,165,GBR,28.619,148,512,6-1 6-2,3,R32,74,3,2,42,20,16,12,7,4,5,1,2,52,37,17,3,8,3,9
2024-710,Eastbourne,Grass,32,500,,20240624,5,211107,,,Katie Boulter,R,180,GBR,27.897,32,1641,201549,,LL,Petra Martic,R,181,CRO,33.430,74,911,6-1 7-6(8),3,R32,97,5,6,71,47,32,12,10,4,6,4,1,58,33,21,9,9,0,4
2024-710,Eastbourne,Grass,32,500,,20240624,6,211533,5,,Jelena Ostapenko,R,177,LAT,27.045,13,3098,213889,,Q,Greet Minnen,R,,BEL,26.862,85,824,7-6(3) 6-1,3,R32,89,1,3,54,34,22,10,9,2,6,4,5,68,43,21,8,10,2,9
2024-710,Eastbourne,Grass,32,500,,20240624,7,202663,,Q,Magda Linette,R,171,POL,32.365,46,1216,201499,8,,Anastasia Pavlyuchenkova,R,177,RUS,32.978,25,1756,1-6 7-6(4) 6-4,3,R32,136,6,5,87,48,33,21,14,3,6,4,7,93,62,44,15,15,4,6
2024-710,Eastbourne,Grass,32,500,,20240624,8,214096,,,Karolina Muchova,R,178,CZE,27.842,35,1510,220589,,Q,Elina Avanesyan,R,,ARM,21.769,81,831,3-1 RET,3,R32,19,4,0,12,12,8,0,2,0,0,0,1,15,9,4,3,2,1,2
2024-710,Eastbourne,Grass,32,500,,20240624,9,211843,,Q,Anhelina Kalinina,R,179,UKR,27.376,44,1221,201514,,,Sorana Cirstea,R,176,ROU,34.216,29,1675,6-3 6-2,3,R32,83,1,1,48,30,25,9,8,0,0,4,2,63,40,20,14,9,6,10
2024-710,Eastbourne,Grass,32,500,,20240624,10,220367,,,Leylah Fernandez,L,168,CAN,21.799,30,1649,206252,7,,Barbora Krejcikova,R,178,CZE,28.518,31,1642,6-2 3-6 6-2,3,R32,108,3,4,66,42,34,14,12,7,9,1,6,76,52,34,9,13,4,9
2024-710,Eastbourne,Grass,32,500,,20240624,11,221909,,Q,Ashlyn Krueger,R,185,USA,20.132,87,804,203530,,Q,Viktorija Golubic,R,169,SUI,31.689,69,940,6-1 6-7(7) 7-5,3,R32,151,6,5,97,64,42,15,16,2,8,0,4,118,87,44,12,15,5,14
2024-710,Eastbourne,Grass,32,500,,20240624,12,211279,,WC,Harriet Dart,R,175,GBR,27.907,105,686,213631,,,Marie Bouzkova,R,180,CZE,25.928,37,1445,7-5 6-7(7) 6-4,3,R32,209,1,6,139,87,52,23,17,10,16,2,3,112,76,46,13,17,6,14
2024-710,Eastbourne,Grass,32,500,,20240624,13,221054,,WC,Emma Raducanu,R,175,GBR,21.613,168,451,202468,2,,Jessica Pegula,R,170,USA,30.331,5,5025,4-6 7-6(6) 7-5,3,R16,164,4,9,109,67,44,18,17,8,14,6,7,112,65,41,22,17,5,11
2024-710,Eastbourne,Grass,32,500,,20240624,14,214082,6,,Daria Kasatkina,R,170,RUS,27.133,14,3088,206294,,,Yue Yuan,R,184,CHN,25.747,38,1422,3-6 6-4 6-0,3,R16,111,3,6,73,44,30,13,12,1,5,1,2,78,37,20,14,13,4,11
2024-710,Eastbourne,Grass,32,500,,20240624,15,211148,3,,Jasmine Paolini,R,160,ITA,28.471,7,4068,210722,,,Elise Mertens,R,179,BEL,28.603,33,1629,5-2 RET,3,R16,33,0,0,24,19,14,3,4,0,0,1,2,22,9,6,6,3,2,3
2024-710,Eastbourne,Grass,32,500,,20240624,16,211107,,,Katie Boulter,R,180,GBR,27.897,32,1641,211533,5,,Jelena Ostapenko,R,177,LAT,27.045,13,3098,6-4 7-5,3,R16,124,11,6,85,61,41,7,11,8,11,10,9,98,57,34,16,11,13,18
2024-710,Eastbourne,Grass,32,500,,20240624,17,214096,,,Karolina Muchova,R,178,CZE,27.842,35,1510,202663,,Q,Magda Linette,R,171,POL,32.365,46,1216,6-4 6-1,3,R16,105,4,2,70,39,29,16,8,7,7,5,1,81,51,31,11,9,9,13
2024-710,Eastbourne,Grass,32,500,,20240624,18,201619,4,,Madison Keys,R,178,USA,29.350,12,3343,211843,,Q,Anhelina Kalinina,R,179,UKR,27.376,44,1221,7-6(5) 6-1,3,R16,90,9,4,78,61,44,8,10,10,11,1,5,61,36,22,14,9,2,5
2024-710,Eastbourne,Grass,32,500,,20240624,19,220367,,,Leylah Fernandez,L,168,CAN,21.799,30,1649,221909,,Q,Ashlyn Krueger,R,185,USA,20.132,87,804,6-2 6-1,3,R16,78,3,2,56,33,22,14,7,5,5,2,4,59,40,21,6,8,7,12
2024-710,Eastbourne,Grass,32,500,,20240624,20,211279,,WC,Harriet Dart,R,175,GBR,27.907,105,686,213550,,LL,Sofia Kenin,R,170,USA,25.610,48,1208,6-3 6-7(3) 6-0,3,R16,150,8,5,100,61,42,14,13,9,13,1,6,93,69,37,7,14,3,12
2024-710,Eastbourne,Grass,32,500,,20240624,21,214082,6,,Daria Kasatkina,R,170,RUS,27.133,14,3088,221054,,WC,Emma Raducanu,R,175,GBR,21.613,168,451,6-2 6-2,3,QF,81,1,5,51,37,26,5,8,2,4,2,2,60,42,18,8,8,7,13
2024-710,Eastbourne,Grass,32,500,,20240624,22,211148,3,,Jasmine Paolini,R,160,ITA,28.471,7,4068,211107,,,Katie Boulter,R,180,GBR,27.897,32,1641,6-1 7-6(0),3,QF,95,4,5,67,45,35,11,10,1,2,5,10,72,45,31,8,9,5,8
2024-710,Eastbourne,Grass,32,500,,20240624,23,201619,4,,Madison Keys,R,178,USA,29.350,12,3343,214096,,,Karolina Muchova,R,178,CZE,27.842,35,1510,W/O,3,QF,,,,,,,,,,,,,,,,,,,
2024-710,Eastbourne,Grass,32,500,,20240624,24,220367,,,Leylah Fernandez,L,168,CAN,21.799,30,1649,211279,,WC,Harriet Dart,R,175,GBR,27.907,105,686,6-2 6-1,3,QF,67,2,2,41,26,21,8,8,0,1,1,3,46,26,10,9,7,2,7
2024-710,Eastbourne,Grass,32,500,,20240624,25,214082,6,,Daria Kasatkina,R,170,RUS,27.133,14,3088,211148,3,,Jasmine Paolini,R,160,ITA,28.471,7,4068,3-6 7-5 6-3,3,SF,136,0,4,99,66,40,20,15,10,14,2,3,97,55,35,19,15,10,15
2024-710,Eastbourne,Grass,32,500,,20240624,26,220367,,,Leylah Fernandez,L,168,CAN,21.799,30,1649,201619,4,,Madison Keys,R,178,USA,29.350,12,3343,6-3 3-6 6-3,3,SF,123,2,6,86,54,38,15,14,7,10,6,2,89,63,43,10,13,6,10
2024-710,Eastbourne,Grass,32,500,,20240624,27,214082,6,,Daria Kasatkina,R,170,RUS,27.133,14,3088,220367,,,Leylah Fernandez,L,168,CAN,21.799,30,1649,6-3 6-4,3,F,110,1,5,87,65,41,9,9,5,7,1,3,65,49,25,7,10,5,10
2024-904,Wimbledon,Grass,128,G,,20240701,1,216347,1,,Iga Swiatek,R,176,POL,23.086,1,11585,213550,,,Sofia Kenin,R,170,USA,25.630,49,1221,6-3 6-4,3,R128,79,6,1,57,31,26,15,10,3,4,1,3,56,42,27,5,9,5,8
2024-904,Wimbledon,Grass,128,G,,20240701,2,201549,,,Petra Martic,R,181,CRO,33.449,85,811,215936,,WC,Francesca Jones,R,,GBR,23.781,215,345,3-6 6-1 6-2,3,R128,124,10,5,89,55,41,12,12,5,7,3,3,73,45,29,12,12,2,7
2024-904,Wimbledon,Grass,128,G,,20240701,3,201709,,,Yulia Putintseva,R,163,KAZ,29.482,35,1553,201493,,WC,Angelique Kerber,L,173,GER,36.452,221,334,7-5 6-3,3,R128,79,2,1,72,48,34,15,11,3,4,0,0,59,40,28,6,10,2,5
2024-904,Wimbledon,Grass,128,G,,20240701,4,211701,27,,Katerina Siniakova,R,174,CZE,28.143,36,1546,222233,,Q,Marina Stakusic,R,,CAN,19.592,164,456,6-4 6-2,3,R128,107,7,3,64,46,34,7,9,8,9,2,5,104,63,30,24,9,20,24
2024-904,Wimbledon,Grass,128,G,,20240701,5,201614,23,,Caroline Garcia,R,177,FRA,30.708,24,1938,215020,,,Anna Blinkova,R,179,RUS,25.808,60,1030,6-4 7-5,3,R128,88,6,6,70,34,27,12,11,5,9,4,1,72,48,24,11,11,2,8
2024-904,Wimbledon,Grass,128,G,,20240701,6,211095,,,Bernarda Pera,L,175,USA,29.578,97,752,215713,,,Anastasia Potapova,R,175,RUS,23.256,41,1415,6-7(4) 6-4 7-6(6),3,R128,170,5,15,139,75,54,31,16,11,14,5,9,125,58,43,33,18,9,13
2024-904,Wimbledon,Grass,128,G,,20240701,7,220750,,Q,Daria Snigur,R,,UKR,22.265,130,592,206219,,,Oceane Dodin,R,,FRA,27.686,79,849,6-4 6-0,3,R128,50,3,5,56,43,32,4,8,2,3,3,5,43,24,12,6,8,1,6
2024-904,Wimbledon,Grass,128,G,,20240701,8,211533,13,,Jelena Ostapenko,R,177,LAT,27.064,14,3058,201548,,WC,Ajla Tomljanovic,R,180,AUS,31.152,136,556,6-1 6-2,3,R128,69,11,9,60,33,26,14,8,4,4,4,6,54,33,21,4,7,4,8
2024-904,Wimbledon,Grass,128,G,,20240701,9,203389,11,,Danielle Collins,R,178,USA,30.550,11,3532,220704,,,Clara Tauson,R,182,DEN,21.528,66,981,6-3 7-6(4),3,R128,101,6,5,71,35,24,23,10,1,3,8,6,85,53,35,12,11,8,12
2024-904,Wimbledon,Grass,128,G,,20240701,10,213646,,Q,Dalma Galfi,R,178,HUN,25.884,127,595,210886,,,Mayar Sherif,R,180,EGY,28.157,78,855,6-1 6-2,3,R128,56,4,2,48,35,26,9,8,2,2,0,3,44,23,16,5,7,3,7
2024-904,Wimbledon,Grass,128,G,,20240701,11,215785,,,Camila Osorio,R,162,COL,22.525,84,815,201616,,,Lauren Davis,R,157,USA,30.728,300,225,6-3 6-1,3,R128,70,2,3,48,28,21,12,8,1,2,0,3,54,30,17,8,8,2,7
2024-904,Wimbledon,Grass,128,G,,20240701,12,206242,20,,Beatriz Haddad Maia,L,185,BRA,28.088,20,2218,211684,,,Magdalena Frech,R,171,POL,26.544,58,1049,7-5 6-3,3,R128,110,1,2,65,40,27,15,10,7,8,4,3,74,42,28,14,11,8,12
2024-904,Wimbledon,Grass,128,G,,20240701,13,206252,31,,Barbora Krejcikova,R,178,CZE,28.537,32,1643,206368,,,Veronika Kudermetova,R,175,RUS,27.187,38,1488,7-6(4) 6-7(1) 7-5,3,R128,194,2,7,127,69,46,29,18,14,19,6,3,125,77,53,22,18,4,10
2024-904,Wimbledon,Grass,128,G,,20240701,14,220465,,Q,Katie Volynets,R,,USA,22.500,69,927,214604,,,Maria Lourdes Carle,R,,ARG,24.389,87,809,6-2 7-5,3,R128,106,0,0,74,62,35,6,10,7,11,1,5,65,37,16,8,10,6,13
2024-904,Wimbledon,Grass,128,G,,20240701,15,213710,,,Cristina Bucsa,R,,ESP,26.497,64,984,202536,,,Ana Bogdan,R,171,ROU,31.598,57,1053,6-4 4-6 7-6(5),3,R128,193,5,6,130,81,51,25,16,11,15,4,4,126,79,52,21,16,8,12
2024-904,Wimbledon,Grass,128,G,,20240701,16,222601,,,Jessica Bouzas Maneiro,R,,ESP,21.769,83,828,214954,6,,Marketa Vondrousova,L,173,CZE,25.011,6,4463,6-4 6-2,3,R128,67,2,3,51,30,23,9,9,1,3,4,7,53,29,16,8,9,0,5
2024-904,Wimbledon,Grass,128,G,,20240701,17,214981,4,,Elena Rybakina,R,184,KAZ,25.041,4,6026,211817,,Q,Elena Gabriela Ruse,R,,ROU,26.651,152,491,6-3 6-1,3,R128,71,3,4,41,24,22,7,8,1,2,2,7,67,29,19,13,8,4,9
2024-904,Wimbledon,Grass,128,G,,20240701,18,201696,,,Laura Siegemund,R,168,GER,36.327,72,917,203462,,,Kateryna Baindl,R,175,UKR,30.361,184,416,6-4 6-1,3,R128,94,0,2,51,36,23,7,8,6,8,0,1,49,35,18,2,9,2,8
2024-904,Wimbledon,Grass,128,G,,20240701,19,201496,,WC,Caroline Wozniacki,R,177,DEN,33.975,91,774,219917,,Q,Alycia Parks,R,185,USA,23.499,121,624,6-2 6-0,3,R128,53,2,1,38,28,23,5,7,0,0,1,7,40,15,8,6,7,0,5
2024-904,Wimbledon,Grass,128,G,,20240701,20,220367,30,,Leylah Fernandez,L,168,CAN,21.818,25,1920,214459,,,Lucia Bronzetti,R,,ITA,25.558,81,833,6-4 6-3,3,R128,90,1,2,56,41,33,6,10,2,3,1,2,74,47,30,10,9,5,8
2024-904,Wimbledon,Grass,128,G,,20240701,21,214939,17,,Anna Kalinskaya,R,175,RUS,25.580,18,2310,215910,,Q,Panna Udvardy,R,170,HUN,25.758,134,562,6-3 6-2,3,R128,65,3,4,57,37,30,10,9,6,6,5,3,48,27,21,6,8,5,8
2024-904,Wimbledon,Grass,128,G,,20240701,22,213631,,,Marie Bouzkova,R,180,CZE,25.947,40,1445,220699,,,Julia Riera,R,,ARG,22.092,106,687,6-2 6-1,3,R128,81,0,4,57,37,24,9,8,5,7,3,4,52,27,12,7,7,9,15
2024-904,Wimbledon,Grass,128,G,,20240701,23,220589,,,Elina Avanesyan,R,,ARM,21.788,77,855,211843,,,Anhelina Kalinina,R,179,UKR,27.395,47,1246,6-2 6-3,3,R128,66,0,2,60,42,27,8,8,6,8,1,8,57,32,20,5,9,2,8
2024-904,Wimbledon,Grass,128,G,,20240701,24,214643,15,,Liudmila Samsonova,R,180,RUS,25.638,15,2830,214119,,,Rebeka Masarova,R,186,ESP,24.904,109,682,6-3 4-6 6-2,3,R128,128,3,3,82,50,36,22,13,4,5,4,4,92,54,36,15,14,4,8
2024-904,Wimbledon,Grass,128,G,,20240701,25,202460,10,,Ons Jabeur,R,167,TUN,29.843,10,3801,220416,,,Moyuka Uchijima,R,171,JPN,22.889,68,940,6-3 6-1,3,R128,55,3,1,39,23,23,10,8,0,0,2,6,56,29,18,10,8,5,9
2024-904,Wimbledon,Grass,128,G,,20240701,26,221905,,Q,Robin Montgomery,L,,USA,19.820,161,464,216265,,Q,Olivia Gadecki,R,,AUS,22.188,173,432,6-4 6-4,3,R128,86,10,5,80,57,40,10,10,6,7,6,9,56,33,24,11,10,3,6
2024-904,Wimbledon,Grass,128,G,,20240701,27,215898,,,Jule Niemeier,R,178,GER,24.888,90,790,203530,,,Viktorija Golubic,R,169,SUI,31.708,67,964,6-2 6-1,3,R128,63,2,4,54,34,23,12,8,0,1,0,3,40,26,13,4,7,0,5
2024-904,Wimbledon,Grass,128,G,,20240701,28,202494,21,,Elina Svitolina,R,174,UKR,29.802,21,2100,202663,,,Magda Linette,R,171,POL,32.384,44,1291,7-5 6-7(9) 6-3,3,R128,158,6,1,118,82,59,19,17,10,12,8,3,119,81,52,17,16,6,10
2024-904,Wimbledon,Grass,128,G,,20240701,29,211107,32,,Katie Boulter,R,180,GBR,27.916,29,1748,213583,,,Tatjana Maria,R,172,GER,36.899,63,994,7-6(6) 7-5,3,R128,127,3,7,94,49,38,18,12,4,6,7,1,83,49,34,16,12,5,8
2024-904,Wimbledon,Grass,128,G,,20240701,30,211279,,,Harriet Dart,R,175,GBR,27.927,100,739,222296,,Q,Zhuoxuan Bai,R,,CHN,21.624,95,756,6-4 6-0,3,R128,78,1,3,52,30,21,14,8,2,2,2,2,53,28,20,6,8,2,6
2024-904,Wimbledon,Grass,128,G,,20240701,31,216133,,,Xinyu Wang,R,182,CHN,22.763,42,1411,202600,,,Viktoriya Tomova,R,170,BUL,29.348,48,1235,7-6(4) 3-6 6-0,3,R128,109,5,4,79,51,36,13,13,5,8,1,4,94,49,30,22,14,2,7
2024-904,Wimbledon,Grass,128,G,,20240701,32,202468,5,,Jessica Pegula,R,170,USA,30.350,5,5025,221909,,,Ashlyn Krueger,R,185,USA,20.151,75,869,6-2 6-0,3,R128,49,5,1,35,21,18,10,7,0,0,1,2,49,35,15,6,7,7,12
2024-904,Wimbledon,Grass,128,G,,20240701,33,215138,,Q,Lulu Sun,L,,NZL,23.215,123,616,221012,8,,Qinwen Zheng,R,,CHN,21.731,8,4055,4-6 6-2 6-4,3,R128,117,3,1,78,44,35,18,14,6,8,7,8,81,42,32,17,14,3,7
2024-904,Wimbledon,Grass,128,G,,20240701,34,263857,,Q,Yuliia Starodubtseva,R,,UKR,24.370,153,490,202421,,,Alison Van Uytvanck,R,173,BEL,30.268,254,284,6-4 6-3,3,R128,77,2,1,53,43,32,4,10,0,2,3,1,57,37,23,5,9,4,8
2024-904,Wimbledon,Grass,128,G,,20240701,35,202684,,,Lin Zhu,R,173,CHN,30.424,61,997,201593,,,Irina Camelia Begu,R,181,ROU,33.849,126,596,6-0 6-4,3,R128,72,0,0,41,30,22,7,8,0,1,0,2,54,34,16,9,8,3,8
2024-904,Wimbledon,Grass,128,G,,20240701,36,201499,25,,Anastasia Pavlyuchenkova,R,177,RUS,32.997,28,1756,203501,,,Taylor Townsend,L,170,USA,28.209,76,864,7-6(4) 6-1,3,R128,91,1,1,76,51,37,16,10,7,8,4,1,52,31,19,13,9,1,4
2024-904,Wimbledon,Grass,128,G,,20240701,37,221054,,WC,Emma Raducanu,R,175,GBR,21.632,135,559,213887,,LL,Renata Zarazua,R,,MEX,26.752,98,750,7-6(0) 6-3,3,R128,117,1,2,74,52,37,12,11,4,5,0,2,62,44,26,12,10,1,3
2024-904,Wimbledon,Grass,128,G,,20240701,38,210722,,,Elise Mertens,R,179,BEL,28.622,33,1629,211702,,,Nao Hibino,R,163,JPN,29.591,94,770,2-6 6-2 6-4,3,R128,111,9,5,71,42,32,18,13,1,3,3,1,87,59,38,15,13,4,7
2024-904,Wimbledon,Grass,128,G,,20240701,39,201551,,,Arantxa Rus,L,180,NED,33.550,56,1054,206294,,,Yue Yuan,R,184,CHN,25.766,39,1452,6-2 6-3,3,R128,70,4,0,42,29,23,9,8,0,0,0,2,51,35,22,6,9,3,7
2024-904,Wimbledon,Grass,128,G,,20240701,40,206289,9,,Maria Sakkari,R,172,GRE,28.937,9,3805,220520,,Q,Mccartney Kessler,R,,USA,24.983,119,631,6-3 6-1,3,R128,71,5,2,48,23,18,12,8,3,5,2,3,48,26,14,5,8,2,8
2024-904,Wimbledon,Grass,128,G,,20240701,41,214082,14,,Daria Kasatkina,R,170,RUS,27.152,12,3283,201533,,,Shuai Zhang,R,177,CHN,35.442,680,54,6-3 6-0,3,R128,74,3,5,58,29,20,17,8,2,3,1,0,53,31,15,9,7,2,7
2024-904,Wimbledon,Grass,128,G,,20240701,42,213908,,WC,Yuriko Miyazaki,R,165,GBR,28.639,148,512,211337,,,Tamara Korpatsch,R,170,GER,29.140,73,895,6-2 6-1,3,R128,58,0,2,35,17,15,13,7,0,0,1,2,49,30,17,6,8,4,9
2024-904,Wimbledon,Grass,128,G,,20240701,43,211651,,,Paula Badosa,R,180,ESP,26.626,93,770,214096,,,Karolina Muchova,R,178,CZE,27.861,34,1618,6-3 6-2,3,R128,81,2,7,75,38,28,22,9,6,6,1,0,46,30,20,6,8,1,4
2024-904,Wimbledon,Grass,128,G,,20240701,44,259104,,,Brenda Fruhvirtova,R,,CZE,17.249,88,801,259799,24,,Mirra Andreeva,R,,RUS,17.175,23,2018,1-6 6-3 6-2,3,R128,126,0,5,98,53,32,18,12,13,19,2,4,69,37,25,9,12,2,9
2024-904,Wimbledon,Grass,128,G,,20240701,45,215035,28,,Dayana Yastremska,R,175,UKR,24.129,27,1760,206408,,,Nadia Podoroska,R,170,ARG,27.387,65,983,6-1 7-6(1),3,R128,94,4,4,63,36,25,14,9,3,5,0,0,69,44,22,12,10,4,8
2024-904,Wimbledon,Grass,128,G,,20240701,46,219875,,,Varvara Gracheva,R,,FRA,23.913,70,920,201615,,,Lesia Tsurenko,R,174,UKR,35.089,59,1048,6-3 6-1,3,R128,62,0,0,43,29,22,6,8,0,1,0,6,52,30,14,10,8,4,9
2024-904,Wimbledon,Grass,128,G,,20240701,47,202499,,,Donna Vekic,R,179,CRO,28.009,37,1488,216016,,,Xiyu Wang,L,,CHN,23.261,54,1075,3-6 6-3 6-4,3,R128,118,6,1,80,55,43,14,14,2,3,7,2,85,59,39,16,14,8,10
2024-904,Wimbledon,Grass,128,G,,20240701,48,222965,,LL,Erika Andreeva,R,,RUS,20.020,101,729,211765,,,Emina Bektas,R,,USA,31.256,107,686,7-6(5) 3-6 6-3,3,R128,137,6,3,95,60,43,20,14,4,6,13,1,98,70,48,16,16,4,6
2024-904,Wimbledon,Grass,128,G,,20240701,49,211148,7,,Jasmine Paolini,R,160,ITA,28.491,7,4228,204427,,,Sara Sorribes Tormo,R,176,ESP,27.730,55,1055,7-5 6-3,3,R128,97,1,1,74,51,34,9,11,7,11,0,1,61,38,17,12,10,6,12
2024-904,Wimbledon,Grass,128,G,,20240701,50,213889,,,Greet Minnen,R,,BEL,26.881,80,848,201586,,WC,Heather Watson,R,170,GBR,32.118,199,366,7-5 6-4,3,R128,100,3,7,78,51,36,10,11,5,8,1,4,62,31,21,10,11,3,8
2024-904,Wimbledon,Grass,128,G,,20240701,51,215370,,,Bianca Andreescu,R,170,CAN,24.042,176,426,211713,,,Jaqueline Cristian,R,180,ROU,26.073,62,996,6-4 6-2,3,R128,77,3,2,48,29,26,7,9,0,1,0,3,58,32,19,10,9,5,9
2024-904,Wimbledon,Grass,128,G,,20240701,52,222328,26,,Linda Noskova,R,,CZE,19.620,26,1775,201506,,,Sara Errani,R,164,ITA,37.175,86,810,7-6(3) 6-1,3,R128,80,6,3,68,36,28,14,10,5,8,1,3,70,47,24,8,9,3,8
2024-904,Wimbledon,Grass,128,G,,20240701,53,216146,18,,Marta Kostyuk,R,175,UKR,22.010,19,2240,211685,,,Rebecca Sramkova,R,,SVK,27.699,105,695,6-3 6-2,3,R128,71,4,0,51,32,24,14,9,1,1,0,3,65,34,22,12,8,9,12
2024-904,Wimbledon,Grass,128,G,,20240701,54,201611,,,Daria Saville,R,166,AUS,30.325,82,830,220548,,,Peyton Stearns,R,,USA,22.730,52,1082,6-4 6-2,3,R128,89,3,3,57,40,23,11,9,2,4,0,1,70,50,27,8,9,6,11
2024-904,Wimbledon,Grass,128,G,,20240701,55,206374,,,Yafan Wang,R,170,CHN,30.172,71,919,203533,,,Anna Karolina Schmiedlova,R,176,SVK,29.799,74,880,6-0 3-6 6-4,3,R128,120,4,4,73,37,25,24,13,3,5,3,5,79,48,35,10,12,8,12
2024-904,Wimbledon,Grass,128,G,,20240701,56,201619,12,,Madison Keys,R,178,USA,29.370,13,3068,203354,,,Martina Trevisan,L,160,ITA,30.659,89,793,6-4 7-6(4),3,R128,105,6,2,74,53,34,14,11,3,4,0,2,81,55,32,16,11,5,7
2024-904,Wimbledon,Grass,128,G,,20240701,57,201585,,,Sloane Stephens,R,170,USA,31.283,50,1217,221039,,LL,Elsa Jacquemot,R,,FRA,21.164,151,503,6-3 6-3,3,R128,71,0,0,44,37,23,6,9,0,2,9,5,75,47,27,10,9,10,15
2024-904,Wimbledon,Grass,128,G,,20240701,58,223670,,,Diana Shnaider,L,,RUS,20.247,30,1690,201662,,,Karolina Pliskova,R,184,CZE,32.280,46,1255,4-6 6-4 7-5,3,R128,142,4,3,112,65,45,23,16,9,12,9,6,115,67,46,23,16,12,16
2024-904,Wimbledon,Grass,128,G,,20240701,59,211768,,WC,Naomi Osaka,R,180,JPN,26.708,113,669,220348,,,Diane Parry,R,170,FRA,21.832,53,1077,6-1 1-6 6-4,3,R128,92,5,5,75,35,27,18,12,8,12,4,10,71,36,24,16,12,8,13
2024-904,Wimbledon,Grass,128,G,,20240701,60,215613,19,,Emma Navarro,R,,USA,23.122,17,2323,202492,,,Qiang Wang,R,172,CHN,32.463,479,118,6-0 6-2,3,R128,49,0,1,40,30,24,5,7,0,0,0,1,44,31,17,2,7,3,8
2024-904,Wimbledon,Grass,128,G,,20240701,61,222661,,Q,Sonay Kartal,R,,GBR,22.675,298,228,201514,29,,Sorana Cirstea,R,176,ROU,34.235,31,1675,3-6 6-2 6-0,3,R128,110,1,3,70,46,35,12,11,3,4,2,3,83,43,27,18,12,5,10
2024-904,Wimbledon,Grass,128,G,,20240701,62,216262,,,Clara Burel,R,176,FRA,23.272,45,1288,220332,,Q,Eva Lys,R,165,GER,22.467,129,592,6-2 6-4,3,R128,62,9,4,55,31,25,14,9,2,2,1,4,55,35,22,9,9,6,9
2024-904,Wimbledon,Grass,128,G,,20240701,63,223331,,Q,Anca Alexia Todoni,R,,ROU,19.724,142,541,215337,,LL,Olga Danilovic,L,,SRB,23.436,116,641,7-5 6-1,3,R128,81,3,1,59,39,31,12,10,1,2,1,2,60,36,25,7,9,3,7
2024-904,Wimbledon,Grass,128,G,,20240701,64,221103,2,,Coco Gauff,R,175,USA,20.302,2,7943,214452,,,Caroline Dolehide,R,178,USA,25.821,51,1100,6-1 6-2,3,R128,65,2,1,34,21,18,8,7,0,1,0,1,61,45,21,5,8,4,10
2024-904,Wimbledon,Grass,128,G,,20240701,65,216347,1,,Iga Swiatek,R,176,POL,23.086,1,11585,201549,,,Petra Martic,R,181,CRO,33.449,85,811,6-4 6-3,3,R64,83,3,2,55,36,30,12,10,0,0,2,2,56,35,26,8,9,1,3
2024-904,Wimbledon,Grass,128,G,,20240701,66,201709,,,Yulia Putintseva,R,163,KAZ,29.482,35,1553,211701,27,,Katerina Siniakova,R,174,CZE,28.143,36,1546,6-0 4-6 6-2,3,R64,99,1,0,70,43,33,17,12,6,7,1,3,62,32,22,12,12,2,7
2024-904,Wimbledon,Grass,128,G,,20240701,67,211095,,,Bernarda Pera,L,175,USA,29.578,97,752,201614,23,,Caroline Garcia,R,177,FRA,30.708,24,1938,3-6 6-3 6-4,3,R64,96,13,8,86,46,37,22,14,3,4,12,3,84,55,41,18,14,4,6
2024-904,Wimbledon,Grass,128,G,,20240701,68,211533,13,,Jelena Ostapenko,R,177,LAT,27.064,14,3058,220750,,Q,Daria Snigur,R,,UKR,22.265,130,592,6-3 6-0,3,R64,49,8,5,44,25,22,10,8,0,0,0,2,42,27,17,4,7,1,5
2024-904,Wimbledon,Grass,128,G,,20240701,69,203389,11,,Danielle Collins,R,178,USA,30.550,11,3532,213646,,Q,Dalma Galfi,R,178,HUN,25.884,127,595,6-3 6-4,3,R64,89,3,10,64,36,22,12,9,3,7,6,5,70,46,23,7,10,10,17
2024-904,Wimbledon,Grass,128,G,,20240701,70,206242,20,,Beatriz Haddad Maia,L,185,BRA,28.088,20,2218,215785,,,Camila Osorio,R,162,COL,22.525,84,815,3-0 RET,3,R64,24,0,0,7,3,2,4,1,0,0,0,3,12,6,3,1,2,0,2
2024-904,Wimbledon,Grass,128,G,,20240701,71,206252,31,,Barbora Krejcikova,R,178,CZE,28.537,32,1643,220465,,Q,Katie Volynets,R,,USA,22.500,69,927,7-6(6) 7-6(5),3,R64,123,1,7,87,60,38,9,12,7,13,0,1,82,63,37,9,12,5,11
2024-904,Wimbledon,Grass,128,G,,20240701,72,222601,,,Jessica Bouzas Maneiro,R,,ESP,21.769,83,828,213710,,,Cristina Bucsa,R,,ESP,26.497,64,984,7-6(1) 6-3,3,R64,110,2,5,83,47,32,15,11,3,7,1,4,90,66,32,13,10,13,18
2024-904,Wimbledon,Grass,128,G,,20240701,73,214981,4,,Elena Rybakina,R,184,KAZ,25.041,4,6026,201696,,,Laura Siegemund,R,168,GER,36.327,72,917,6-3 3-6 6-3,3,R64,132,5,3,87,56,42,15,14,10,13,1,3,102,71,39,18,12,8,12
2024-904,Wimbledon,Grass,128,G,,20240701,74,201496,,WC,Caroline Wozniacki,R,177,DEN,33.975,91,774,220367,30,,Leylah Fernandez,L,168,CAN,21.818,25,1920,6-3 2-6 7-5,3,R64,139,0,5,107,71,51,11,15,10,14,5,1,92,63,40,14,14,7,11
2024-904,Wimbledon,Grass,128,G,,20240701,75,214939,17,,Anna Kalinskaya,R,175,RUS,25.580,18,2310,213631,,,Marie Bouzkova,R,180,CZE,25.947,40,1445,6-4 6-1,3,R64,83,1,3,58,32,22,15,9,5,6,1,2,55,31,18,10,8,2,6
2024-904,Wimbledon,Grass,128,G,,20240701,76,214643,15,,Liudmila Samsonova,R,180,RUS,25.638,15,2830,220589,,,Elina Avanesyan,R,,ARM,21.788,77,855,6-3 6-3,3,R64,85,6,4,56,28,21,13,9,7,9,1,5,54,36,19,7,9,3,8
2024-904,Wimbledon,Grass,128,G,,20240701,77,202460,10,,Ons Jabeur,R,167,TUN,29.843,10,3801,221905,,Q,Robin Montgomery,L,,USA,19.820,161,464,6-1 7-5,3,R64,69,5,2,50,35,30,9,10,2,3,4,3,61,43,25,8,9,4,8
2024-904,Wimbledon,Grass,128,G,,20240701,78,202494,21,,Elina Svitolina,R,174,UKR,29.802,21,2100,215898,,,Jule Niemeier,R,178,GER,24.888,90,790,6-3 6-4,3,R64,75,4,2,53,36,26,10,10,1,3,3,6,55,26,18,10,9,2,6
2024-904,Wimbledon,Grass,128,G,,20240701,79,211279,,,Harriet Dart,R,175,GBR,27.927,100,739,211107,32,,Katie Boulter,R,180,GBR,27.916,29,1748,4-6 6-1 7-6(8),3,R64,177,0,12,114,62,49,23,15,7,10,1,9,121,68,44,25,14,14,18
2024-904,Wimbledon,Grass,128,G,,20240701,80,216133,,,Xinyu Wang,R,182,CHN,22.763,42,1411,202468,5,,Jessica Pegula,R,170,USA,30.350,5,5025,6-4 6-7(7) 6-1,3,R64,130,4,4,101,57,39,21,15,4,7,7,3,106,77,44,11,14,8,14
2024-904,Wimbledon,Grass,128,G,,20240701,81,215138,,Q,Lulu Sun,L,,NZL,23.215,123,616,263857,,Q,Yuliia Starodubtseva,R,,UKR,24.370,153,490,4-6 6-3 6-2,3,R64,133,4,2,81,52,35,18,14,6,8,4,0,114,76,44,19,13,16,20
2024-904,Wimbledon,Grass,128,G,,20240701,82,202684,,,Lin Zhu,R,173,CHN,30.424,61,997,201499,25,,Anastasia Pavlyuchenkova,R,177,RUS,32.997,28,1756,6-4 6-3,3,R64,84,3,0,56,36,21,16,9,1,2,3,2,70,48,29,9,10,4,8
2024-904,Wimbledon,Grass,128,G,,20240701,83,221054,,WC,Emma Raducanu,R,175,GBR,21.632,135,559,210722,,,Elise Mertens,R,179,BEL,28.622,33,1629,6-1 6-2,3,R64,75,3,1,49,36,27,8,8,2,2,1,1,47,27,14,10,7,9,13
2024-904,Wimbledon,Grass,128,G,,20240701,84,206289,9,,Maria Sakkari,R,172,GRE,28.937,9,3805,201551,,,Arantxa Rus,L,180,NED,33.550,56,1054,7-5 6-3,3,R64,89,5,2,66,36,30,18,11,2,2,5,3,57,41,29,6,10,1,3
2024-904,Wimbledon,Grass,128,G,,20240701,85,214082,14,,Daria Kasatkina,R,170,RUS,27.152,12,3283,213908,,WC,Yuriko Miyazaki,R,165,GBR,28.639,148,512,6-0 6-0,3,R64,50,2,1,33,20,17,9,6,0,0,0,5,39,22,10,2,6,4,10
2024-904,Wimbledon,Grass,128,G,,20240701,86,211651,,,Paula Badosa,R,180,ESP,26.626,93,770,259104,,,Brenda Fruhvirtova,R,,CZE,17.249,88,801,6-4 6-2,3,R64,80,7,6,57,35,26,7,9,4,7,0,7,53,34,15,7,9,1,7
2024-904,Wimbledon,Grass,128,G,,20240701,87,215035,28,,Dayana Yastremska,R,175,UKR,24.129,27,1760,219875,,,Varvara Gracheva,R,,FRA,23.913,70,920,3-6 6-4 7-6(5),3,R64,155,6,4,123,74,42,27,15,8,14,4,7,110,71,48,15,16,7,13
2024-904,Wimbledon,Grass,128,G,,20240701,88,202499,,,Donna Vekic,R,179,CRO,28.009,37,1488,222965,,LL,Erika Andreeva,R,,RUS,20.020,101,729,6-2 6-3,3,R64,92,2,3,44,24,20,10,8,0,1,1,5,81,43,22,17,9,10,15
2024-904,Wimbledon,Grass,128,G,,20240701,89,211148,7,,Jasmine Paolini,R,160,ITA,28.491,7,4228,213889,,,Greet Minnen,R,,BEL,26.881,80,848,7-6(5) 6-2,3,R64,92,0,2,58,37,22,11,10,4,8,0,1,84,55,28,11,10,6,12
2024-904,Wimbledon,Grass,128,G,,20240701,90,215370,,,Bianca Andreescu,R,170,CAN,24.042,176,426,222328,26,,Linda Noskova,R,,CZE,19.620,26,1775,6-3 7-6(5),3,R64,93,1,2,76,54,40,15,11,5,5,4,4,76,51,38,10,10,5,6
2024-904,Wimbledon,Grass,128,G,,20240701,91,216146,18,,Marta Kostyuk,R,175,UKR,22.010,19,2240,201611,,,Daria Saville,R,166,AUS,30.325,82,830,4-6 7-6(2) 6-4,3,R64,190,4,15,123,77,52,12,16,8,16,0,9,117,71,41,18,16,13,21
2024-904,Wimbledon,Grass,128,G,,20240701,92,201619,12,,Madison Keys,R,178,USA,29.370,13,3068,206374,,,Yafan Wang,R,170,CHN,30.172,71,919,6-2 6-2,3,R64,77,5,3,45,34,30,4,8,0,0,1,3,76,48,28,11,8,10,14
2024-904,Wimbledon,Grass,128,G,,20240701,93,223670,,,Diana Shnaider,L,,RUS,20.247,30,1690,201585,,,Sloane Stephens,R,170,USA,31.283,50,1217,6-1 6-1,3,R64,49,0,1,44,25,17,13,7,1,1,0,1,38,25,8,6,7,0,5
2024-904,Wimbledon,Grass,128,G,,20240701,94,215613,19,,Emma Navarro,R,,USA,23.122,17,2323,211768,,WC,Naomi Osaka,R,180,JPN,26.708,113,669,6-4 6-1,3,R64,59,0,1,45,33,27,7,8,0,0,4,0,48,30,19,8,9,1,5
2024-904,Wimbledon,Grass,128,G,,20240701,95,222661,,Q,Sonay Kartal,R,,GBR,22.675,298,228,216262,,,Clara Burel,R,176,FRA,23.272,45,1288,6-3 5-7 6-3,3,R64,135,0,1,98,63,43,19,15,10,13,3,8,107,59,35,24,15,7,12
2024-904,Wimbledon,Grass,128,G,,20240701,96,221103,2,,Coco Gauff,R,175,USA,20.302,2,7943,223331,,Q,Anca Alexia Todoni,R,,ROU,19.724,142,541,6-2 6-1,3,R64,66,2,2,47,20,17,16,7,2,2,2,2,54,36,20,5,8,4,9
2024-904,Wimbledon,Grass,128,G,,20240701,97,201709,,,Yulia Putintseva,R,163,KAZ,29.482,35,1553,216347,1,,Iga Swiatek,R,176,POL,23.086,1,11585,3-6 6-1 6-2,3,R32,119,0,4,85,62,42,12,12,7,8,5,2,78,52,32,12,12,4,8
2024-904,Wimbledon,Grass,128,G,,20240701,98,211533,13,,Jelena Ostapenko,R,177,LAT,27.064,14,3058,211095,,,Bernarda Pera,L,175,USA,29.578,97,752,6-1 6-3,3,R32,59,2,3,46,24,20,10,8,7,9,4,4,52,24,12,10,8,4,10
2024-904,Wimbledon,Grass,128,G,,20240701,99,203389,11,,Danielle Collins,R,178,USA,30.550,11,3532,206242,20,,Beatriz Haddad Maia,L,185,BRA,28.088,20,2218,6-4 6-4,3,R32,98,3,8,69,35,22,16,10,4,7,5,5,60,39,24,6,10,3,8
2024-904,Wimbledon,Grass,128,G,,20240701,100,206252,31,,Barbora Krejcikova,R,178,CZE,28.537,32,1643,222601,,,Jessica Bouzas Maneiro,R,,ESP,21.769,83,828,6-0 4-3 RET,3,R32,56,3,3,36,25,23,5,6,0,0,0,5,36,21,11,5,7,1,5
2024-904,Wimbledon,Grass,128,G,,20240701,101,214981,4,,Elena Rybakina,R,184,KAZ,25.041,4,6026,201496,,WC,Caroline Wozniacki,R,177,DEN,33.975,91,774,6-0 6-1,3,R32,57,9,4,45,31,25,6,7,1,1,0,2,42,23,10,6,6,6,11
2024-904,Wimbledon,Grass,128,G,,20240701,102,214939,17,,Anna Kalinskaya,R,175,RUS,25.580,18,2310,214643,15,,Liudmila Samsonova,R,180,RUS,25.638,15,2830,7-6(4) 6-2,3,R32,97,0,1,59,42,32,11,10,1,2,8,4,67,24,22,17,10,5,8
2024-904,Wimbledon,Grass,128,G,,20240701,103,202494,21,,Elina Svitolina,R,174,UKR,29.802,21,2100,202460,10,,Ons Jabeur,R,167,TUN,29.843,10,3801,6-1 7-6(4),3,R32,80,1,0,66,38,29,19,10,2,2,2,2,57,31,21,15,9,1,3
2024-904,Wimbledon,Grass,128,G,,20240701,104,216133,,,Xinyu Wang,R,182,CHN,22.763,42,1411,211279,,,Harriet Dart,R,175,GBR,27.927,100,739,2-6 7-5 6-3,3,R32,138,0,5,99,63,37,15,14,7,13,2,7,110,69,42,16,15,10,17
2024-904,Wimbledon,Grass,128,G,,20240701,105,215138,,Q,Lulu Sun,L,,NZL,23.215,123,616,202684,,,Lin Zhu,R,173,CHN,30.424,61,997,7-6(4) 7-6(6),3,R32,121,10,8,101,59,44,19,12,15,18,2,1,84,61,40,13,12,2,5
2024-904,Wimbledon,Grass,128,G,,20240701,106,221054,,WC,Emma Raducanu,R,175,GBR,21.632,135,559,206289,9,,Maria Sakkari,R,172,GRE,28.937,9,3805,6-2 6-3,3,R32,92,3,3,59,45,32,7,8,7,7,2,6,62,36,25,7,9,5,9
2024-904,Wimbledon,Grass,128,G,,20240701,107,211651,,,Paula Badosa,R,180,ESP,26.626,93,770,214082,14,,Daria Kasatkina,R,170,RUS,27.152,12,3283,7-6(6) 4-6 6-4,3,R32,171,8,4,127,73,43,31,16,8,12,3,6,114,74,45,21,16,14,18
2024-904,Wimbledon,Grass,128,G,,20240701,108,202499,,,Donna Vekic,R,179,CRO,28.009,37,1488,215035,28,,Dayana Yastremska,R,175,UKR,24.129,27,1760,7-6(4) 6-7(3) 6-1,3,R32,174,5,8,107,62,50,20,15,4,6,5,4,131,70,41,34,16,12,17
2024-904,Wimbledon,Grass,128,G,,20240701,109,211148,7,,Jasmine Paolini,R,160,ITA,28.491,7,4228,215370,,,Bianca Andreescu,R,170,CAN,24.042,176,426,7-6(4) 6-1,3,R32,91,1,1,56,37,28,10,9,0,1,3,1,65,45,26,8,10,3,7
2024-904,Wimbledon,Grass,128,G,,20240701,110,201619,12,,Madison Keys,R,178,USA,29.370,13,3068,216146,18,,Marta Kostyuk,R,175,UKR,22.010,19,2240,6-4 6-3,3,R32,81,2,1,55,45,32,6,9,0,1,1,2,66,46,26,10,10,7,11
2024-904,Wimbledon,Grass,128,G,,20240701,111,215613,19,,Emma Navarro,R,,USA,23.122,17,2323,223670,,,Diana Shnaider,L,,RUS,20.247,30,1690,2-6 6-3 6-4,3,R32,116,1,4,83,57,36,10,14,6,12,2,2,78,43,25,17,13,4,10
2024-904,Wimbledon,Grass,128,G,,20240701,112,221103,2,,Coco Gauff,R,175,USA,20.302,2,7943,222661,,Q,Sonay Kartal,R,,GBR,22.675,298,228,6-4 6-0,3,R32,62,5,4,42,29,26,5,8,1,2,1,2,48,33,16,5,8,4,9
2024-904,Wimbledon,Grass,128,G,,20240701,113,211533,13,,Jelena Ostapenko,R,177,LAT,27.064,14,3058,201709,,,Yulia Putintseva,R,163,KAZ,29.482,35,1553,6-2 6-3,3,R16,68,3,4,68,41,26,13,9,2,4,0,2,44,24,13,7,8,1,6
2024-904,Wimbledon,Grass,128,G,,20240701,114,206252,31,,Barbora Krejcikova,R,178,CZE,28.537,32,1643,203389,11,,Danielle Collins,R,178,USA,30.550,11,3532,7-5 6-3,3,R16,102,5,5,60,40,32,10,10,2,3,6,7,75,45,31,9,11,11,15
2024-904,Wimbledon,Grass,128,G,,20240701,115,214981,4,,Elena Rybakina,R,184,KAZ,25.041,4,6026,214939,17,,Anna Kalinskaya,R,175,RUS,25.580,18,2310,6-3 3-0 RET,3,R16,53,7,1,41,21,18,7,6,2,3,1,1,35,25,10,4,6,2,6
2024-904,Wimbledon,Grass,128,G,,20240701,116,202494,21,,Elina Svitolina,R,174,UKR,29.802,21,2100,216133,,,Xinyu Wang,R,182,CHN,22.763,42,1411,6-2 6-1,3,R16,55,8,1,47,30,24,11,8,3,3,3,4,50,31,17,6,7,2,6
2024-904,Wimbledon,Grass,128,G,,20240701,117,215138,,Q,Lulu Sun,L,,NZL,23.215,123,616,221054,,WC,Emma Raducanu,R,175,GBR,21.632,135,559,6-2 5-7 6-2,3,R16,170,4,4,100,54,37,25,14,5,7,4,2,106,72,39,18,14,8,13
2024-904,Wimbledon,Grass,128,G,,20240701,118,202499,,,Donna Vekic,R,179,CRO,28.009,37,1488,211651,,,Paula Badosa,R,180,ESP,26.626,93,770,6-2 1-6 6-4,3,R16,98,4,5,76,46,34,12,12,2,5,6,4,68,38,28,12,13,0,4
2024-904,Wimbledon,Grass,128,G,,20240701,119,211148,7,,Jasmine Paolini,R,160,ITA,28.491,7,4228,201619,12,,Madison Keys,R,178,USA,29.370,13,3068,6-3 6-7(6) 5-5 RET,3,R16,143,2,2,102,73,44,13,16,2,8,6,3,117,82,45,15,15,6,13
2024-904,Wimbledon,Grass,128,G,,20240701,120,215613,19,,Emma Navarro,R,,USA,23.122,17,2323,221103,2,,Coco Gauff,R,175,USA,20.302,2,7943,6-4 6-3,3,R16,74,0,0,61,44,29,10,10,2,3,3,3,54,30,21,11,9,1,4
2024-904,Wimbledon,Grass,128,G,,20240701,121,206252,31,,Barbora Krejcikova,R,178,CZE,28.537,32,1643,211533,13,,Jelena Ostapenko,R,177,LAT,27.064,14,3058,6-4 7-6(4),3,QF,100,5,3,64,47,38,8,11,3,5,4,5,84,41,25,24,11,5,8
2024-904,Wimbledon,Grass,128,G,,20240701,122,214981,4,,Elena Rybakina,R,184,KAZ,25.041,4,6026,202494,21,,Elina Svitolina,R,174,UKR,29.802,21,2100,6-3 6-2,3,QF,61,7,1,51,26,22,13,9,1,2,1,4,47,33,20,4,8,2,6
2024-904,Wimbledon,Grass,128,G,,20240701,123,202499,,,Donna Vekic,R,179,CRO,28.009,37,1488,215138,,Q,Lulu Sun,L,,NZL,23.215,123,616,5-7 6-4 6-1,3,QF,128,11,6,84,45,39,23,15,4,6,10,3,97,58,39,18,14,4,8
2024-904,Wimbledon,Grass,128,G,,20240701,124,211148,7,,Jasmine Paolini,R,160,ITA,28.491,7,4228,215613,19,,Emma Navarro,R,,USA,23.122,17,2323,6-2 6-1,3,QF,58,1,1,51,34,23,10,8,3,4,1,2,34,24,13,0,7,1,6
2024-904,Wimbledon,Grass,128,G,,20240701,125,206252,31,,Barbora Krejcikova,R,178,CZE,28.537,32,1643,214981,4,,Elena Rybakina,R,184,KAZ,25.041,4,6026,3-6 6-3 6-4,3,SF,127,4,6,102,73,49,11,14,6,9,8,3,85,49,33,17,14,2,6
2024-904,Wimbledon,Grass,128,G,,20240701,126,211148,7,,Jasmine Paolini,R,160,ITA,28.491,7,4228,202499,,,Donna Vekic,R,179,CRO,28.009,37,1488,2-6 6-4 7-6(8),3,SF,171,5,3,129,81,54,22,15,10,14,7,7,100,58,48,17,15,4,7
2024-904,Wimbledon,Grass,128,G,,20240701,127,206252,31,,Barbora Krejcikova,R,178,CZE,28.537,32,1643,211148,7,,Jasmine Paolini,R,160,ITA,28.491,7,4228,6-2 2-6 6-4,3,F,116,6,4,76,55,40,12,13,4,6,3,1,85,62,38,14,13,4,7
2024-2036,Budapest,Clay,32,250,,20240715,1,205925,,,Aliaksandra Sasnovich,R,174,BLR,30.317,134,564,202600,2,,Viktoriya Tomova,R,170,BUL,29.386,49,1166,2-6 6-2 6-4,3,R32,124,2,5,84,49,27,16,13,3,9,1,2,86,52,27,15,13,1,8
2024-2036,Budapest,Clay,32,250,,20240715,2,221237,,,Maria Timofeeva,R,,RUS,20.658,103,722,215899,,Q,Simona Waltert,R,,SUI,23.587,248,301,7-5 7-6(3),3,R32,139,1,3,85,64,38,11,12,3,7,0,6,78,51,28,11,12,2,7
2024-2036,Budapest,Clay,32,250,,20240715,3,220733,,Q,Carole Monnet,L,,FRA,22.621,221,339,221004,,Q,Amarissa Kiara Toth,,,HUN,21.427,371,164,6-1 6-1,3,R32,73,2,7,52,27,21,13,7,4,5,0,2,47,33,14,3,7,7,13
2024-2036,Budapest,Clay,32,250,,20240715,4,215480,,,Suzan Lamens,R,,NED,25.030,137,556,219875,8,,Varvara Gracheva,R,,FRA,23.951,72,920,6-3 6-0,3,R32,74,2,5,60,32,21,14,7,4,5,2,8,40,23,10,5,8,1,7
2024-2036,Budapest,Clay,32,250,,20240715,5,204427,4,,Sara Sorribes Tormo,R,176,ESP,27.768,59,995,215566,,Q,Gergana Topalova,R,,BUL,24.395,234,320,4-6 6-3 7-5,3,R32,209,0,3,99,80,44,8,16,3,10,0,2,89,63,35,8,15,5,13
2024-2036,Budapest,Clay,32,250,,20240715,6,203533,,,Anna Karolina Schmiedlova,R,176,SVK,29.838,79,880,215872,,,Kamilla Rakhimova,R,,RUS,22.881,104,706,3-6 6-4 6-0,3,R32,117,1,4,67,41,27,12,12,1,5,1,5,68,36,17,14,13,1,8
2024-2036,Budapest,Clay,32,250,,20240715,7,214119,,,Rebeka Masarova,R,186,ESP,24.942,117,622,222259,,WC,Natalia Szabanin,L,,HUN,20.762,572,80,6-2 6-3,3,R32,84,6,4,54,35,23,12,8,5,6,1,3,54,29,16,10,9,2,7
2024-2036,Budapest,Clay,32,250,,20240715,8,220589,,,Elina Avanesyan,R,,ARM,21.827,75,905,211684,5,,Magdalena Frech,R,171,POL,26.582,56,1049,7-6(5) 6-4,3,R32,117,0,4,71,53,35,8,11,3,6,0,0,73,46,25,15,11,3,7
2024-2036,Budapest,Clay,32,250,,20240715,9,220332,,,Eva Lys,R,165,GER,22.506,129,584,206408,6,,Nadia Podoroska,R,170,ARG,27.426,71,923,6-3 6-0,3,R32,70,3,1,46,31,17,10,8,0,2,1,5,42,28,13,2,7,2,8
2024-2036,Budapest,Clay,32,250,,20240715,10,211095,,,Bernarda Pera,L,175,USA,29.616,82,872,211337,,,Tamara Korpatsch,R,170,GER,29.178,89,831,7-5 2-6 6-2,3,R32,170,3,5,121,71,34,23,14,18,26,1,7,91,47,25,13,14,3,12
2024-2036,Budapest,Clay,32,250,,20240715,11,211685,,,Rebecca Sramkova,R,,SVK,27.738,109,679,214480,,Q,Miriam Bianca Bulgaru,R,,ROU,25.769,206,356,6-3 4-6 6-4,3,R32,151,5,7,119,68,38,25,15,14,20,3,6,79,43,27,12,14,3,10
2024-2036,Budapest,Clay,32,250,,20240715,12,216016,3,,Xiyu Wang,L,,CHN,23.300,54,1075,223331,,,Anca Alexia Todoni,R,,ROU,19.762,118,621,7-6(4) 7-5,3,R32,140,1,3,77,46,33,19,12,3,5,2,4,86,51,35,15,12,5,8
2024-2036,Budapest,Clay,32,250,,20240715,13,230870,,LL,Ella Seidel,R,,GER,19.414,166,446,220416,7,,Moyuka Uchijima,R,171,JPN,22.927,69,930,6-1 1-0 RET,3,R32,37,1,3,20,15,10,2,4,0,1,1,5,22,10,5,1,4,2,6
2024-2036,Budapest,Clay,32,250,,20240715,14,214388,,,Anna Bondar,R,,HUN,27.135,98,759,215337,,,Olga Danilovic,L,,SRB,23.475,150,509,7-6(5) 6-4,3,R32,132,7,1,76,40,30,22,11,1,2,3,7,83,47,33,16,11,2,4
2024-2036,Budapest,Clay,32,250,,20240715,15,221247,,Q,Ekaterina Makarova,R,,RUS,28.414,183,402,201693,,WC,Timea Babos,R,179,HUN,31.182,259,280,6-3 6-1,3,R32,78,0,1,54,42,27,7,8,3,4,0,3,58,33,15,12,8,6,11
2024-2036,Budapest,Clay,32,250,,20240715,16,223670,1,,Diana Shnaider,L,,RUS,20.285,28,1795,214541,,WC,Fanny Stollar,R,172,HUN,25.673,280,239,6-3 3-6 6-4,3,R32,120,3,2,85,52,33,16,14,3,8,5,3,93,66,38,12,14,3,9
2024-2036,Budapest,Clay,32,250,,20240715,17,205925,,,Aliaksandra Sasnovich,R,174,BLR,30.317,134,564,221237,,,Maria Timofeeva,R,,RUS,20.658,103,722,6-3 6-4,3,R16,104,3,8,80,49,31,15,10,8,10,3,2,50,30,16,12,9,1,5
2024-2036,Budapest,Clay,32,250,,20240715,18,215480,,,Suzan Lamens,R,,NED,25.030,137,556,220733,,Q,Carole Monnet,L,,FRA,22.621,221,339,6-4 6-0,3,R16,93,0,0,60,42,28,10,8,7,8,0,7,58,33,18,10,8,5,10
2024-2036,Budapest,Clay,32,250,,20240715,19,203533,,,Anna Karolina Schmiedlova,R,176,SVK,29.838,79,880,204427,4,,Sara Sorribes Tormo,R,176,ESP,27.768,59,995,2-6 6-2 6-2,3,R16,140,1,2,67,37,26,13,12,0,4,0,1,62,45,24,8,12,2,8
2024-2036,Budapest,Clay,32,250,,20240715,20,220589,,,Elina Avanesyan,R,,ARM,21.827,75,905,214119,,,Rebeka Masarova,R,186,ESP,24.942,117,622,2-6 7-5 6-1,3,R16,146,0,5,94,66,34,19,14,7,12,1,2,101,74,41,10,13,10,16
2024-2036,Budapest,Clay,32,250,,20240715,21,220332,,,Eva Lys,R,165,GER,22.506,129,584,211095,,,Bernarda Pera,L,175,USA,29.616,82,872,7-6(6) 4-1 RET,3,R16,90,0,5,60,35,24,10,8,1,3,2,12,63,25,16,17,9,7,11
2024-2036,Budapest,Clay,32,250,,20240715,22,211685,,,Rebecca Sramkova,R,,SVK,27.738,109,679,216016,3,,Xiyu Wang,L,,CHN,23.300,54,1075,7-6(4) 6-3,3,R16,131,4,2,89,59,37,15,10,10,12,5,6,73,41,24,17,11,5,9
2024-2036,Budapest,Clay,32,250,,20240715,23,230870,,LL,Ella Seidel,R,,GER,19.414,166,446,214388,,,Anna Bondar,R,,HUN,27.135,98,759,7-5 7-5,3,R16,118,0,7,74,39,29,14,12,2,5,9,2,70,41,25,13,12,5,10
2024-2036,Budapest,Clay,32,250,,20240715,24,223670,1,,Diana Shnaider,L,,RUS,20.285,28,1795,221247,,Q,Ekaterina Makarova,R,,RUS,28.414,183,402,6-3 6-3,3,R16,82,0,2,56,40,25,11,9,4,6,0,1,50,29,14,9,9,0,5
2024-2036,Budapest,Clay,32,250,,20240715,25,205925,,,Aliaksandra Sasnovich,R,174,BLR,30.317,134,564,215480,,,Suzan Lamens,R,,NED,25.030,137,556,6-4 2-6 6-4,3,QF,155,1,7,105,71,40,17,14,7,12,2,3,90,50,32,16,14,8,13
2024-2036,Budapest,Clay,32,250,,20240715,26,203533,,,Anna Karolina Schmiedlova,R,176,SVK,29.838,79,880,220589,,,Elina Avanesyan,R,,ARM,21.827,75,905,2-6 6-3 6-2,3,QF,132,2,3,85,49,34,15,13,6,10,0,3,75,54,32,9,12,4,9
2024-2036,Budapest,Clay,32,250,,20240715,27,220332,,,Eva Lys,R,165,GER,22.506,129,584,211685,,,Rebecca Sramkova,R,,SVK,27.738,109,679,4-6 6-3 7-6(5),3,QF,146,1,7,94,54,32,20,15,1,7,3,4,102,65,37,18,16,5,12
2024-2036,Budapest,Clay,32,250,,20240715,28,223670,1,,Diana Shnaider,L,,RUS,20.285,28,1795,230870,,LL,Ella Seidel,R,,GER,19.414,166,446,6-4 6-2,3,QF,73,1,0,49,33,26,9,9,1,2,2,3,51,24,13,14,9,4,8
2024-2036,Budapest,Clay,32,250,,20240715,29,205925,,,Aliaksandra Sasnovich,R,174,BLR,30.317,134,564,203533,,,Anna Karolina Schmiedlova,R,176,SVK,29.838,79,880,6-3 3-6 7-5,3,SF,166,1,17,115,73,41,14,15,11,20,0,4,107,71,32,17,15,13,23
2024-2036,Budapest,Clay,32,250,,20240715,30,223670,1,,Diana Shnaider,L,,RUS,20.285,28,1795,220332,,,Eva Lys,R,165,GER,22.506,129,584,6-3 6-3,3,SF,85,1,2,71,38,25,21,9,3,3,0,4,56,36,23,9,9,5,8
2024-2036,Budapest,Clay,32,250,,20240715,31,223670,1,,Diana Shnaider,L,,RUS,20.285,28,1795,205925,,,Aliaksandra Sasnovich,R,174,BLR,30.317,134,564,6-4 6-4,3,F,95,2,2,61,36,19,11,10,3,8,1,4,71,48,22,8,10,2,9
2024-466,Palermo,Clay,32,250,,20240715,1,214096,2,,Karolina Muchova,R,178,CZE,27.899,35,1618,203514,,Q,Katarzyna Kawa,R,178,POL,31.658,192,389,7-6(14) 5-1 RET,3,R32,107,6,2,63,45,33,8,9,2,4,0,3,62,37,21,13,9,1,5
2024-466,Palermo,Clay,32,250,,20240715,2,223333,,Q,Noma Noha Akugue,L,170,GER,20.619,197,383,201621,,Q,Mona Barthel,R,185,GER,34.013,202,370,6-4 2-6 6-2,3,R32,119,1,5,90,66,39,15,13,10,14,4,13,84,46,26,16,13,2,7
2024-466,Palermo,Clay,32,250,,20240715,3,201548,,WC,Ajla Tomljanovic,R,180,AUS,31.190,133,566,210886,,,Mayar Sherif,R,180,EGY,28.195,67,935,3-6 7-5 6-3,3,R32,162,3,15,105,72,45,11,15,11,17,5,2,92,64,41,6,15,6,13
2024-466,Palermo,Clay,32,250,,20240715,4,206292,,,Astra Sharma,R,178,AUS,28.844,151,497,215020,6,,Anna Blinkova,R,179,RUS,25.846,74,910,6-0 7-5,3,R32,90,5,1,73,46,30,14,9,5,6,0,4,65,44,18,12,9,5,10
2024-466,Palermo,Clay,32,250,,20240715,5,215983,,,Ann Li,R,170,USA,24.053,127,592,220548,3,,Peyton Stearns,R,,USA,22.768,52,1082,3-6 7-6(7) 6-2,3,R32,135,2,1,90,63,44,14,14,3,6,2,2,100,68,45,16,15,4,8
2024-466,Palermo,Clay,32,250,,20240715,6,222965,,,Erika Andreeva,R,,RUS,20.058,92,804,221985,,,Darja Semenistaja,L,,LAT,21.829,122,601,6-1 6-2,3,R32,82,0,4,59,37,29,11,8,1,1,0,0,43,24,12,8,7,6,10
2024-466,Palermo,Clay,32,250,,20240715,7,201593,,,Irina Camelia Begu,R,181,ROU,33.887,142,536,215453,,,Marina Bassols Ribera,R,165,ESP,24.589,121,615,6-0 6-0,3,R32,58,2,0,33,19,15,10,6,2,2,1,6,41,20,9,5,6,5,11
2024-466,Palermo,Clay,32,250,,20240715,8,201551,5,,Arantxa Rus,L,180,NED,33.589,62,969,203354,,,Martina Trevisan,L,160,ITA,30.697,77,903,6-7(5) 6-4 6-2,3,R32,191,5,0,97,66,43,21,15,5,7,1,6,123,73,44,24,15,9,14
2024-466,Palermo,Clay,32,250,,20240715,9,214604,,,Maria Lourdes Carle,R,,ARG,24.428,93,801,213583,8,,Tatjana Maria,R,172,GER,36.937,60,994,5-7 6-1 6-1,3,R32,133,0,4,77,63,43,5,13,4,7,1,4,95,52,26,20,13,6,13
2024-466,Palermo,Clay,32,250,,20240715,10,203564,,,Chloe Paquet,R,179,FRA,30.040,115,647,202453,,,Saisai Zheng,R,170,CHN,30.440,1332,4,6-3 6-3,3,R32,93,2,7,61,33,24,12,9,3,5,1,2,63,40,22,10,9,7,12
2024-466,Palermo,Clay,32,250,,20240715,11,213525,,Q,Jil Teichmann,L,170,SUI,27.001,211,348,239392,,Q,Mia Ristic,,,SRB,18.163,301,218,6-1 6-1,3,R32,69,0,1,39,22,18,9,7,2,3,0,1,49,39,16,2,7,6,12
2024-466,Palermo,Clay,32,250,,20240715,12,220348,4,,Diane Parry,R,170,FRA,21.870,58,1019,216265,,Q,Olivia Gadecki,R,,AUS,22.226,168,442,4-6 6-4 6-4,3,R32,157,3,2,93,59,42,17,15,3,6,2,6,106,74,45,18,15,8,12
2024-466,Palermo,Clay,32,250,,20240715,13,211713,7,,Jaqueline Cristian,R,180,ROU,26.111,66,936,220699,,,Julia Riera,R,,ARG,22.131,113,650,6-3 6-2,3,R32,73,4,4,53,31,26,13,9,5,5,1,0,49,32,17,11,8,4,7
2024-466,Palermo,Clay,32,250,,20240715,14,214459,,,Lucia Bronzetti,R,,ITA,25.597,70,928,221039,,,Elsa Jacquemot,R,,FRA,21.202,145,530,7-5 3-6 6-3,3,R32,144,0,2,89,62,38,14,15,4,9,3,4,99,75,40,12,15,8,14
2024-466,Palermo,Clay,32,250,,20240715,15,201549,,,Petra Martic,R,181,CRO,33.487,99,751,215306,,,Emiliana Arango,R,,COL,23.628,120,616,6-2 6-3,3,R32,77,0,4,54,35,27,13,9,4,4,0,3,53,34,22,6,8,6,9
2024-466,Palermo,Clay,32,250,,20240715,16,221012,1,,Qinwen Zheng,R,,CHN,21.769,7,4055,201506,,,Sara Errani,R,164,ITA,37.214,96,783,6-3 6-2,3,R32,73,6,1,49,29,23,11,9,0,1,0,2,52,44,22,4,8,3,7
2024-466,Palermo,Clay,32,250,,20240715,17,214096,2,,Karolina Muchova,R,178,CZE,27.899,35,1618,223333,,Q,Noma Noha Akugue,L,170,GER,20.619,197,383,6-7(0) 6-2 6-3,3,R16,157,1,3,106,66,39,20,15,5,10,1,2,82,52,29,11,14,3,11
2024-466,Palermo,Clay,32,250,,20240715,18,206292,,,Astra Sharma,R,178,AUS,28.844,151,497,201548,,WC,Ajla Tomljanovic,R,180,AUS,31.190,133,566,6-4 3-6 6-1,3,R16,121,7,4,89,66,43,11,13,9,13,1,3,81,58,33,10,13,3,9
2024-466,Palermo,Clay,32,250,,20240715,19,215983,,,Ann Li,R,170,USA,24.053,127,592,222965,,,Erika Andreeva,R,,RUS,20.058,92,804,6-3 4-6 6-4,3,R16,128,3,4,85,57,47,13,15,2,3,4,7,87,55,41,14,14,5,7
2024-466,Palermo,Clay,32,250,,20240715,20,201593,,,Irina Camelia Begu,R,181,ROU,33.887,142,536,201551,5,,Arantxa Rus,L,180,NED,33.589,62,969,6-2 7-5,3,R16,114,2,3,59,32,23,19,10,0,0,2,3,62,38,22,14,10,2,5
2024-466,Palermo,Clay,32,250,,20240715,21,203564,,,Chloe Paquet,R,179,FRA,30.040,115,647,214604,,,Maria Lourdes Carle,R,,ARG,24.428,93,801,6-3 6-1,3,R16,92,0,3,63,43,26,8,8,6,8,0,8,46,24,13,6,8,4,10
2024-466,Palermo,Clay,32,250,,20240715,22,220348,4,,Diane Parry,R,170,FRA,21.870,58,1019,213525,,Q,Jil Teichmann,L,170,SUI,27.001,211,348,6-2 6-7(4) 6-2,3,R16,160,7,4,106,74,44,17,14,5,8,2,4,90,53,34,13,14,3,10
2024-466,Palermo,Clay,32,250,,20240715,23,211713,7,,Jaqueline Cristian,R,180,ROU,26.111,66,936,214459,,,Lucia Bronzetti,R,,ITA,25.597,70,928,6-3 6-2,3,R16,108,4,0,58,39,25,9,9,2,5,0,1,57,41,17,7,8,4,10
2024-466,Palermo,Clay,32,250,,20240715,24,221012,1,,Qinwen Zheng,R,,CHN,21.769,7,4055,201549,,,Petra Martic,R,181,CRO,33.487,99,751,6-4 6-4,3,R16,94,6,3,55,28,22,15,10,1,2,1,2,61,41,27,8,10,3,6
2024-466,Palermo,Clay,32,250,,20240715,25,214096,2,,Karolina Muchova,R,178,CZE,27.899,35,1618,206292,,,Astra Sharma,R,178,AUS,28.844,151,497,7-6(5) 7-6(6),3,QF,131,1,2,92,57,33,23,12,6,10,1,3,79,49,31,17,12,1,5
2024-466,Palermo,Clay,32,250,,20240715,26,201593,,,Irina Camelia Begu,R,181,ROU,33.887,142,536,215983,,,Ann Li,R,170,USA,24.053,127,592,6-3 6-4,3,QF,105,3,1,58,41,26,9,9,3,6,2,1,80,48,28,11,10,5,11
2024-466,Palermo,Clay,32,250,,20240715,27,220348,4,,Diane Parry,R,170,FRA,21.870,58,1019,203564,,,Chloe Paquet,R,179,FRA,30.040,115,647,7-5 1-6 6-4,3,QF,170,2,3,95,59,38,12,15,4,11,0,3,103,66,41,15,14,9,15
2024-466,Palermo,Clay,32,250,,20240715,28,221012,1,,Qinwen Zheng,R,,CHN,21.769,7,4055,211713,7,,Jaqueline Cristian,R,180,ROU,26.111,66,936,6-1 6-1,3,QF,72,2,1,38,19,16,13,7,0,0,3,2,45,24,14,4,7,8,13
2024-466,Palermo,Clay,32,250,,20240715,29,214096,2,,Karolina Muchova,R,178,CZE,27.899,35,1618,201593,,,Irina Camelia Begu,R,181,ROU,33.887,142,536,6-1 6-1,3,SF,74,4,1,42,31,24,6,7,1,1,0,3,50,35,16,5,7,1,6
2024-466,Palermo,Clay,32,250,,20240715,30,221012,1,,Qinwen Zheng,R,,CHN,21.769,7,4055,220348,4,,Diane Parry,R,170,FRA,21.870,58,1019,7-5 6-4,3,SF,98,3,2,56,33,28,14,11,3,4,2,0,62,36,25,14,11,2,5
2024-466,Palermo,Clay,32,250,,20240715,31,221012,1,,Qinwen Zheng,R,,CHN,21.769,7,4055,214096,2,,Karolina Muchova,R,178,CZE,27.899,35,1618,6-4 4-6 6-2,3,F,169,6,3,88,53,33,17,14,3,8,2,4,100,58,35,15,14,12,19
2024-1082,Prague,Clay,32,250,,20240722,1,211701,2,,Katerina Siniakova,R,174,CZE,28.200,38,1546,211635,,Q,Louisa Chirico,R,175,USA,28.184,228,321,7-5 4-6 6-3,3,R32,146,7,7,95,63,42,17,15,8,12,3,3,100,63,37,20,16,4,10
2024-1082,Prague,Clay,32,250,,20240722,2,266671,,WC,Laura Samson,R,,CZE,16.367,634,65,223087,,Q,Tara Wurth,R,,CRO,21.810,461,122,6-0 6-2,3,R32,73,0,1,38,21,17,10,7,0,1,0,2,58,39,16,7,7,7,13
2024-1082,Prague,Clay,32,250,,20240722,3,221407,,Q,Oksana Selekhmeteva,L,,RUS,21.523,248,291,223323,,WC,Barbora Palicova,R,,CZE,20.365,263,266,7-5 6-3,3,R32,113,0,1,77,45,30,15,11,6,8,0,2,62,34,21,11,10,4,8
2024-1082,Prague,Clay,32,250,,20240722,4,210303,,LL,Kathinka Von Deichmann,R,176,LIE,30.185,241,297,203533,8,,Anna Karolina Schmiedlova,R,176,SVK,29.857,70,918,6-4 6-4,3,R32,109,0,4,80,61,30,10,10,7,12,0,5,53,26,11,9,10,1,8
2024-1082,Prague,Clay,32,250,,20240722,5,211843,3,,Anhelina Kalinina,R,179,UKR,27.453,47,1186,239383,,,Sara Bejlek,L,,CZE,18.473,125,592,7-5 6-7(7) 6-2,3,R32,183,1,10,104,58,35,21,16,7,14,1,10,111,75,35,16,16,7,17
2024-1082,Prague,Clay,32,250,,20240722,6,221039,,,Elsa Jacquemot,R,,FRA,21.222,142,530,222601,,,Jessica Bouzas Maneiro,R,,ESP,21.827,81,851,6-3 6-4,3,R32,86,1,4,69,50,32,6,10,5,9,0,3,52,32,16,7,9,3,9
2024-1082,Prague,Clay,32,250,,20240722,7,222966,,,Dominika Salkova,R,,CZE,20.066,135,545,220309,,,Zeynep Sonmez,R,,TUR,22.229,130,568,6-4 6-0,3,R32,59,2,1,47,26,17,16,8,1,2,0,5,48,26,12,8,8,1,6
2024-1082,Prague,Clay,32,250,,20240722,8,211684,6,,Magdalena Frech,R,171,POL,26.602,57,1049,206292,,,Astra Sharma,R,178,AUS,28.863,149,503,6-4 2-6 6-2,3,R32,127,0,1,77,48,29,13,13,3,9,1,8,78,51,24,12,13,4,11
2024-1082,Prague,Clay,32,250,,20240722,9,202600,5,,Viktoriya Tomova,R,170,BUL,29.405,49,1166,260761,,WC,Renata Jamrichova,,,SVK,17.090,545,89,7-6(3) 6-3,3,R32,90,4,4,76,52,38,9,11,4,7,3,8,62,37,26,10,10,5,9
2024-1082,Prague,Clay,32,250,,20240722,10,213544,,,Jana Fett,R,168,CRO,27.719,116,630,202421,,LL,Alison Van Uytvanck,R,173,BEL,30.325,245,294,6-2 6-2,3,R32,86,2,3,65,43,23,12,8,9,12,1,3,48,25,10,6,8,5,12
2024-1082,Prague,Clay,32,250,,20240722,11,214119,,,Rebeka Masarova,R,186,ESP,24.961,111,650,215480,,,Suzan Lamens,R,,NED,25.049,121,604,2-6 6-2 7-6(5),3,R32,145,3,5,83,51,28,14,14,5,12,1,7,105,55,32,20,14,8,15
2024-1082,Prague,Clay,32,250,,20240722,12,202663,4,,Magda Linette,R,171,POL,32.441,48,1171,201621,,Q,Mona Barthel,R,185,GER,34.032,193,386,7-6(4) 6-4,3,R32,101,5,2,77,46,33,9,11,7,11,1,7,72,35,18,17,11,0,5
2024-1082,Prague,Clay,32,250,,20240722,13,230870,,,Ella Seidel,R,,GER,19.434,150,503,206408,7,,Nadia Podoroska,R,170,ARG,27.445,85,831,6-4 2-6 6-1,3,R32,125,2,2,72,43,23,18,12,5,10,4,8,86,50,27,16,13,11,18
2024-1082,Prague,Clay,32,250,,20240722,14,214262,,LL,Ena Shibahara,R,170,JPN,26.440,257,274,211337,,,Tamara Korpatsch,R,170,GER,29.197,92,802,7-6(5) 3-6 7-5,3,R32,180,1,5,126,72,41,27,17,10,17,4,10,87,46,29,20,16,2,8
2024-1082,Prague,Clay,32,250,,20240722,15,220332,,,Eva Lys,R,165,GER,22.525,108,681,222506,,Q,Anastasiya Soboleva,,,UKR,20.247,231,314,6-4 6-3,3,R32,91,1,4,74,49,29,10,10,8,12,1,2,51,37,15,7,9,3,9
2024-1082,Prague,Clay,32,250,,20240722,16,222328,1,,Linda Noskova,R,,CZE,19.677,27,1835,215290,,Q,Katarina Zavatska,R,173,UKR,24.460,174,425,6-3 6-2,3,R32,75,5,5,58,29,21,15,9,2,4,0,2,44,24,12,8,8,3,8
2024-1082,Prague,Clay,32,250,,20240722,17,266671,,WC,Laura Samson,R,,CZE,16.367,634,65,211701,2,,Katerina Siniakova,R,174,CZE,28.200,38,1546,1-6 7-5 6-3,3,R16,135,2,6,97,62,35,13,14,8,16,0,11,102,51,29,20,14,8,16
2024-1082,Prague,Clay,32,250,,20240722,18,221407,,Q,Oksana Selekhmeteva,L,,RUS,21.523,248,291,210303,,LL,Kathinka Von Deichmann,R,176,LIE,30.185,241,297,6-1 6-2,3,R16,77,3,3,73,56,37,6,8,8,9,0,1,43,36,15,2,7,0,5
2024-1082,Prague,Clay,32,250,,20240722,19,211843,3,,Anhelina Kalinina,R,179,UKR,27.453,47,1186,221039,,,Elsa Jacquemot,R,,FRA,21.222,142,530,7-5 3-6 6-2,3,R16,146,0,6,97,56,36,19,15,10,16,4,2,79,53,28,12,14,5,12
2024-1082,Prague,Clay,32,250,,20240722,20,211684,6,,Magdalena Frech,R,171,POL,26.602,57,1049,222966,,,Dominika Salkova,R,,CZE,20.066,135,545,6-4 6-7(4) 2-2 RET,3,R16,135,2,2,93,54,32,20,14,8,12,1,7,74,43,25,14,13,3,8
2024-1082,Prague,Clay,32,250,,20240722,21,202600,5,,Viktoriya Tomova,R,170,BUL,29.405,49,1166,213544,,,Jana Fett,R,168,CRO,27.719,116,630,6-3 6-4,3,R16,92,0,3,58,43,27,7,9,4,7,0,5,66,48,22,8,10,3,9
2024-1082,Prague,Clay,32,250,,20240722,22,202663,4,,Magda Linette,R,171,POL,32.441,48,1171,214119,,,Rebeka Masarova,R,186,ESP,24.961,111,650,6-3 6-4,3,R16,100,3,3,69,40,28,14,10,6,8,5,2,57,34,19,10,9,5,9
2024-1082,Prague,Clay,32,250,,20240722,23,230870,,,Ella Seidel,R,,GER,19.434,150,503,214262,,LL,Ena Shibahara,R,170,JPN,26.440,257,274,6-2 7-5,3,R16,97,3,2,68,44,34,7,10,5,7,2,2,71,45,25,9,10,6,11
2024-1082,Prague,Clay,32,250,,20240722,24,222328,1,,Linda Noskova,R,,CZE,19.677,27,1835,220332,,,Eva Lys,R,165,GER,22.525,108,681,6-2 2-1 RET,3,R16,41,4,0,22,14,12,4,5,0,1,1,2,32,24,11,1,6,1,5
2024-1082,Prague,Clay,32,250,,20240722,25,266671,,WC,Laura Samson,R,,CZE,16.367,634,65,221407,,Q,Oksana Selekhmeteva,L,,RUS,21.523,248,291,2-6 6-3 7-5,3,QF,161,1,4,117,73,43,17,15,6,13,0,4,84,52,23,17,14,8,15
2024-1082,Prague,Clay,32,250,,20240722,26,211684,6,,Magdalena Frech,R,171,POL,26.602,57,1049,211843,3,,Anhelina Kalinina,R,179,UKR,27.453,47,1186,2-6 6-0 6-1,3,QF,125,2,3,83,52,34,15,11,4,7,1,9,73,44,25,8,10,7,13
2024-1082,Prague,Clay,32,250,,20240722,27,202663,4,,Magda Linette,R,171,POL,32.441,48,1171,202600,5,,Viktoriya Tomova,R,170,BUL,29.405,49,1166,4-6 6-3 6-2,3,QF,171,6,4,114,74,39,18,14,13,20,0,5,121,79,38,16,13,16,25
2024-1082,Prague,Clay,32,250,,20240722,28,222328,1,,Linda Noskova,R,,CZE,19.677,27,1835,230870,,,Ella Seidel,R,,GER,19.434,150,503,6-1 6-3,3,QF,68,7,3,51,27,22,14,8,5,6,1,7,49,26,17,6,8,4,9
2024-1082,Prague,Clay,32,250,,20240722,29,211684,6,,Magdalena Frech,R,171,POL,26.602,57,1049,266671,,WC,Laura Samson,R,,CZE,16.367,634,65,3-6 6-0 4-2 RET,3,SF,103,2,2,61,36,21,12,10,2,6,2,4,71,40,19,12,11,6,13
2024-1082,Prague,Clay,32,250,,20240722,30,202663,4,,Magda Linette,R,171,POL,32.441,48,1171,222328,1,,Linda Noskova,R,,CZE,19.677,27,1835,6-3 3-6 7-6(2),3,SF,166,9,3,113,71,53,17,15,6,10,4,8,110,62,41,21,15,6,10
2024-1082,Prague,Clay,32,250,,20240722,31,202663,4,,Magda Linette,R,171,POL,32.441,48,1171,211684,6,,Magdalena Frech,R,171,POL,26.602,57,1049,6-2 6-1,3,F,80,2,3,51,32,27,8,8,4,4,0,1,52,32,19,7,7,3,7
2024-2063,Iasi,Clay,32,250,,20240722,1,214480,,WC,Miriam Bianca Bulgaru,R,,ROU,25.788,203,369,213583,2,,Tatjana Maria,R,172,GER,36.956,59,994,6-4 6-2,3,R32,97,1,3,59,35,25,13,9,2,3,3,1,63,36,15,17,9,10,14
2024-2063,Iasi,Clay,32,250,,20240722,2,221911,,Q,Selena Janicijevic,R,183,FRA,21.999,188,393,215566,,Q,Gergana Topalova,R,,BUL,24.414,229,320,6-1 6-2,3,R32,77,1,2,39,24,19,10,7,1,1,0,2,51,33,12,10,8,4,9
2024-2063,Iasi,Clay,32,250,,20240722,3,215899,,Q,Simona Waltert,R,,SUI,23.606,249,290,221247,,,Ekaterina Makarova,R,,RUS,28.433,178,420,6-2 6-2,3,R32,74,1,0,45,33,23,10,8,1,2,0,4,49,36,18,5,8,4,9
2024-2063,Iasi,Clay,32,250,,20240722,4,203564,,,Chloe Paquet,R,179,FRA,30.059,106,693,214604,7,,Maria Lourdes Carle,R,,ARG,24.447,89,816,6-4 6-2,3,R32,106,0,0,56,33,15,15,9,2,5,0,1,63,48,27,2,9,3,9
2024-2063,Iasi,Clay,32,250,,20240722,5,211713,3,,Jaqueline Cristian,R,180,ROU,26.131,61,975,215572,,LL,Nuria Brancaccio,R,,ITA,24.077,251,285,6-2 6-4,3,R32,82,2,2,50,28,20,15,9,1,2,2,3,65,47,26,8,9,5,9
2024-2063,Iasi,Clay,32,250,,20240722,6,211817,,WC,Elena Gabriela Ruse,R,,ROU,26.708,147,510,221073,,,Anastasia Tikhonova,R,,RUS,23.499,198,383,6-3 5-7 6-1,3,R32,121,2,3,75,49,34,14,14,1,5,0,8,98,60,37,14,14,9,16
2024-2063,Iasi,Clay,32,250,,20240722,7,201549,,,Petra Martic,R,181,CRO,33.507,97,768,203463,,,Nuria Parrizas Diaz,R,167,ESP,33.022,137,535,6-4 6-4,3,R32,92,7,1,55,32,21,9,10,1,5,0,6,72,55,25,7,10,8,14
2024-2063,Iasi,Clay,32,250,,20240722,8,220589,5,,Elina Avanesyan,R,,ARM,21.846,76,899,220742,,,Leyre Romero Gormaz,L,,ESP,22.295,179,418,6-1 6-2,3,R32,75,1,3,48,31,21,9,8,4,6,0,2,54,33,13,8,7,6,12
2024-2063,Iasi,Clay,32,250,,20240722,9,214388,8,,Anna Bondar,R,,HUN,27.155,99,759,211260,,Q,Marie Benoit,L,,BEL,29.353,250,286,6-3 6-1,3,R32,84,8,1,56,36,29,9,8,7,7,1,4,50,23,14,11,8,2,6
2024-2063,Iasi,Clay,32,250,,20240722,10,215453,,,Marina Bassols Ribera,R,165,ESP,24.608,122,602,210705,,WC,Irina Bara,R,,ROU,29.348,221,334,6-2 6-3,3,R32,83,0,1,45,24,20,13,9,0,1,1,2,57,40,21,7,8,6,10
2024-2063,Iasi,Clay,32,250,,20240722,11,223331,,,Anca Alexia Todoni,R,,ROU,19.781,119,610,221434,,Q,Aliona Falei,,,BLR,20.315,199,382,5-0 RET,3,R32,24,0,0,14,9,7,5,3,0,0,0,1,9,5,1,0,2,0,2
2024-2063,Iasi,Clay,32,250,,20240722,12,215337,,,Olga Danilovic,L,,SRB,23.494,148,509,215020,4,,Anna Blinkova,R,179,RUS,25.865,72,910,6-2 5-7 6-1,3,R32,165,1,6,108,73,43,19,14,13,18,2,4,91,63,26,15,13,4,12
2024-2063,Iasi,Clay,32,250,,20240722,13,201478,,Q,Varvara Lepchenko,L,180,USA,38.172,187,393,203354,6,,Martina Trevisan,L,160,ITA,30.717,74,903,5-7 6-4 6-3,3,R32,188,1,0,110,89,40,10,15,9,18,1,12,119,74,35,17,16,11,22
2024-2063,Iasi,Clay,32,250,,20240722,14,214521,,LL,Lea Boskovic,R,,CRO,24.833,202,371,221237,,,Maria Timofeeva,R,,RUS,20.677,160,460,7-5 6-1,3,R32,107,0,1,52,49,30,1,9,2,4,0,2,78,49,25,14,10,9,15
2024-2063,Iasi,Clay,32,250,,20240722,15,259799,1,,Mirra Andreeva,R,,RUS,17.232,32,1748,223333,,,Noma Noha Akugue,L,170,GER,20.638,169,430,6-1 6-2,3,R32,66,1,2,39,29,23,5,7,1,2,0,5,60,34,17,8,8,7,13
2024-2063,Iasi,Clay,32,250,,20240722,16,221911,,Q,Selena Janicijevic,R,183,FRA,21.999,188,393,214480,,WC,Miriam Bianca Bulgaru,R,,ROU,25.788,203,369,6-2 7-6(6),3,R16,109,2,5,59,32,24,13,10,0,3,1,2,65,42,24,8,10,1,6
2024-2063,Iasi,Clay,32,250,,20240722,17,203564,,,Chloe Paquet,R,179,FRA,30.059,106,693,215899,,Q,Simona Waltert,R,,SUI,23.606,249,290,6-1 7-5,3,R16,105,3,4,53,30,23,10,10,0,2,1,7,75,51,27,8,9,9,14
2024-2063,Iasi,Clay,32,250,,20240722,18,211713,3,,Jaqueline Cristian,R,180,ROU,26.131,61,975,211817,,WC,Elena Gabriela Ruse,R,,ROU,26.708,147,510,6-4 6-7(1) 6-2,3,R16,182,5,4,122,73,49,17,15,10,15,1,6,104,73,40,11,15,5,13
2024-2063,Iasi,Clay,32,250,,20240722,19,220589,5,,Elina Avanesyan,R,,ARM,21.846,76,899,201549,,,Petra Martic,R,181,CRO,33.507,97,768,6-2 5-7 6-4,3,R16,151,0,3,88,66,43,13,15,5,9,1,5,105,50,31,24,15,11,17
2024-2063,Iasi,Clay,32,250,,20240722,20,214388,8,,Anna Bondar,R,,HUN,27.155,99,759,215453,,,Marina Bassols Ribera,R,165,ESP,24.608,122,602,7-5 6-4,3,R16,136,3,1,59,34,20,13,11,0,4,0,2,93,55,25,20,11,10,16
2024-2063,Iasi,Clay,32,250,,20240722,21,215337,,,Olga Danilovic,L,,SRB,23.494,148,509,223331,,,Anca Alexia Todoni,R,,ROU,19.781,119,610,6-1 6-1,3,R16,67,2,3,42,29,23,7,7,3,3,0,2,47,26,9,10,7,2,7
2024-2063,Iasi,Clay,32,250,,20240722,22,214521,,LL,Lea Boskovic,R,,CRO,24.833,202,371,201478,,Q,Varvara Lepchenko,L,180,USA,38.172,187,393,6-3 6-4,3,R16,97,1,0,76,57,40,9,10,8,9,2,0,51,35,22,8,9,4,7
2024-2063,Iasi,Clay,32,250,,20240722,23,259799,1,,Mirra Andreeva,R,,RUS,17.232,32,1748,205925,,,Aliaksandra Sasnovich,R,174,BLR,30.336,104,725,6-1 6-3,3,R16,72,1,0,52,35,24,12,8,0,0,0,3,55,33,18,9,8,4,8
2024-2063,Iasi,Clay,32,250,,20240722,24,203564,,,Chloe Paquet,R,179,FRA,30.059,106,693,221911,,Q,Selena Janicijevic,R,183,FRA,21.999,188,393,0-6 6-2 6-1,3,QF,101,2,3,58,43,28,5,10,5,8,1,4,67,42,26,9,11,4,9
2024-2063,Iasi,Clay,32,250,,20240722,25,220589,5,,Elina Avanesyan,R,,ARM,21.846,76,899,211713,3,,Jaqueline Cristian,R,180,ROU,26.131,61,975,7-5 6-4,3,QF,124,0,1,67,56,32,6,11,5,9,2,3,92,52,33,12,11,10,16
2024-2063,Iasi,Clay,32,250,,20240722,26,215337,,,Olga Danilovic,L,,SRB,23.494,148,509,214388,8,,Anna Bondar,R,,HUN,27.155,99,759,7-5 6-2,3,QF,108,1,2,66,41,27,14,10,5,7,1,2,69,39,25,12,10,3,8
2024-2063,Iasi,Clay,32,250,,20240722,27,259799,1,,Mirra Andreeva,R,,RUS,17.232,32,1748,214521,,LL,Lea Boskovic,R,,CRO,24.833,202,371,6-2 6-0,3,QF,69,2,2,41,32,25,6,7,0,0,0,1,43,26,12,6,7,1,6
2024-2063,Iasi,Clay,32,250,,20240722,28,220589,5,,Elina Avanesyan,R,,ARM,21.846,76,899,203564,,,Chloe Paquet,R,179,FRA,30.059,106,693,6-2 6-3,3,SF,93,0,1,52,43,33,6,9,5,5,5,3,74,42,24,16,8,8,11
2024-2063,Iasi,Clay,32,250,,20240722,29,259799,1,,Mirra Andreeva,R,,RUS,17.232,32,1748,215337,,,Olga Danilovic,L,,SRB,23.494,148,509,3-6 6-3 7-6(1),3,SF,158,0,2,115,75,40,23,15,11,17,2,4,95,65,37,13,15,2,8
2024-2063,Iasi,Clay,32,250,,20240722,30,259799,1,,Mirra Andreeva,R,,RUS,17.232,32,1748,220589,5,,Elina Avanesyan,R,,ARM,21.846,76,899,5-7 7-5 4-0 RET,3,F,141,0,1,80,52,31,17,14,5,10,0,3,91,76,37,7,14,6,13
2024-650,Olympics,Clay,64,O,,20240729,1,216347,1,,Iga Swiatek,R,176,POL,23.163,1,11005,201593,,PR,Irina Camelia Begu,R,181,ROU,33.925,143,539,6-2 7-5,3,R64,,0,1,60,40,28,10,10,1,3,2,4,66,46,25,7,10,10,15
2024-650,Olympics,Clay,64,O,,20240729,2,220348,,,Diane Parry,R,170,FRA,21.909,59,1002,206408,,,Nadia Podoroska,R,170,ARG,27.464,86,813,7-6(6) 7-5,3,R64,,1,1,81,68,41,7,12,2,6,3,1,92,68,39,10,12,9,14
2024-650,Olympics,Clay,64,O,,20240729,3,216016,,,Xiyu Wang,L,,CHN,23.338,52,1075,222328,,,Linda Noskova,R,,CZE,19.697,27,1873,6-3 6-3,3,R64,,5,1,56,39,30,9,9,3,3,1,5,69,38,23,15,9,5,8
2024-650,Olympics,Clay,64,O,,20240729,4,223670,15,,Diana Shnaider,L,,RUS,20.323,24,1930,220714,,,Elisabetta Cocciaretto,R,,ITA,23.508,61,947,6-2 7-5,3,R64,,2,4,70,44,28,13,10,7,10,2,4,65,44,22,8,10,5,11
2024-650,Olympics,Clay,64,O,,20240729,5,215785,,,Camila Osorio,R,162,COL,22.601,83,821,211533,10,,Jelena Ostapenko,R,177,LAT,27.141,11,3418,6-4 6-3,3,R64,,1,3,58,44,26,5,9,4,7,3,1,92,74,35,9,10,8,14
2024-650,Olympics,Clay,64,O,,20240729,6,215035,,,Dayana Yastremska,R,175,UKR,24.206,28,1840,206007,,ITF,Laura Pigossi,R,164,BRA,29.991,110,667,3-6 7-5 6-0,3,R64,,0,3,83,60,38,8,11,3,7,0,1,71,58,31,5,10,2,8
2024-650,Olympics,Clay,64,O,,20240729,7,201496,,ITF,Caroline Wozniacki,R,177,DEN,34.051,70,904,210886,,ITF,Mayar Sherif,R,180,EGY,28.233,82,826,2-6 7-5 6-1,3,R64,,1,1,90,60,36,15,14,7,12,3,2,91,71,42,7,13,8,14
2024-650,Olympics,Clay,64,O,,20240729,8,203389,8,,Danielle Collins,R,178,USA,30.626,9,3702,201696,,,Laura Siegemund,R,168,GER,36.403,93,778,6-3 2-0 RET,3,R64,,1,1,35,22,17,8,6,3,3,0,2,26,15,8,7,5,0,2
2024-650,Olympics,Clay,64,O,,20240729,9,211713,,,Jaqueline Cristian,R,180,ROU,26.150,57,1004,201614,17,,Caroline Garcia,R,177,FRA,30.785,26,1878,5-7 6-3 6-4,3,R64,,4,7,100,65,44,17,16,1,4,2,3,108,78,50,15,15,9,13
2024-650,Olympics,Clay,64,O,,20240729,10,201493,,PR,Angelique Kerber,L,173,GER,36.529,212,344,211768,,ITF,Naomi Osaka,R,180,JPN,26.785,100,739,7-5 6-3,3,R64,,3,0,50,37,28,10,10,0,1,3,2,56,30,23,10,11,1,5
2024-650,Olympics,Clay,64,O,,20240729,11,213710,,,Cristina Bucsa,R,,ESP,26.574,60,984,201549,,,Petra Martic,R,181,CRO,33.526,90,783,6-4 6-3,3,R64,,2,0,65,54,33,6,9,6,8,1,2,55,40,23,5,8,5,9
2024-650,Olympics,Clay,64,O,,20240729,12,220367,16,,Leylah Fernandez,L,168,CAN,21.895,25,1920,214096,,,Karolina Muchova,R,178,CZE,27.938,30,1751,6-1 4-6 6-2,3,R64,,0,4,87,59,39,11,13,6,10,5,4,92,59,28,18,12,9,16
2024-650,Olympics,Clay,64,O,,20240729,13,215613,11,,Emma Navarro,R,,USA,23.198,15,2729,211814,,PR,Julia Grabher,R,170,AUT,28.074,337,185,6-2 6-0,3,R64,,1,3,49,26,18,13,3,2,3,1,3,44,31,11,4,2,5,11
2024-650,Olympics,Clay,64,O,,20240729,14,202600,,,Viktoriya Tomova,R,170,BUL,29.424,46,1200,211684,,,Magdalena Frech,R,171,POL,26.621,48,1185,6-4 7-6(4),3,R64,153,0,2,76,47,30,14,11,2,5,0,3,73,44,29,13,11,5,9
2024-650,Olympics,Clay,64,O,,20240729,15,201551,,,Arantxa Rus,L,180,NED,33.627,103,719,216265,,ALT,Olivia Gadecki,R,,AUS,22.265,165,454,6-4 6-1,3,R64,,3,0,51,36,26,7,8,1,2,0,3,53,31,12,13,9,1,6
2024-650,Olympics,Clay,64,O,,20240729,16,221012,,6/ITF,Qinwen Zheng,R,,CHN,21.807,7,4025,201506,,ALT,Sara Errani,R,164,ITA,37.252,91,783,6-0 6-0,3,R64,,4,0,38,17,13,14,6,4,4,0,0,33,28,8,1,6,0,6
2024-650,Olympics,Clay,64,O,,20240729,17,202468,5,,Jessica Pegula,R,170,USA,30.426,6,4665,203530,,,Viktorija Golubic,R,169,SUI,31.784,74,864,6-3 6-4,3,R64,,2,1,59,36,22,10,10,1,5,0,4,54,41,18,2,9,3,9
2024-650,Olympics,Clay,64,O,,20240729,18,202494,,,Elina Svitolina,R,174,UKR,29.879,31,1750,220416,,,Moyuka Uchijima,R,171,JPN,22.966,64,930,6-2 6-1,3,R64,,2,0,50,42,25,6,8,1,2,1,5,43,28,15,4,7,4,9
2024-650,Olympics,Clay,64,O,,20240729,19,216133,,,Xinyu Wang,R,182,CHN,22.840,36,1581,211337,,,Tamara Korpatsch,R,170,GER,29.216,94,773,6-2 6-1,3,R64,,2,1,36,32,26,2,7,2,3,1,5,57,47,21,2,8,4,10
2024-650,Olympics,Clay,64,O,,20240729,20,206252,9,,Barbora Krejcikova,R,178,CZE,28.614,10,3573,204427,,,Sara Sorribes Tormo,R,176,ESP,27.806,71,886,4-6 6-0 7-6(3),3,R64,,0,3,88,59,37,16,14,5,9,0,2,103,80,44,11,14,10,16
2024-650,Olympics,Clay,64,O,,20240729,21,206242,14,,Beatriz Haddad Maia,L,185,BRA,28.165,22,2108,219875,,,Varvara Gracheva,R,,FRA,23.990,66,920,6-4 4-6 6-0,3,R64,,0,1,51,39,22,8,9,3,6,4,0,56,46,28,4,9,2,5
2024-650,Olympics,Clay,64,O,,20240729,22,203533,,,Anna Karolina Schmiedlova,R,176,SVK,29.876,67,918,211107,,,Katie Boulter,R,180,GBR,27.992,34,1688,6-4 6-2,3,R64,,1,2,63,39,26,15,9,0,1,1,4,70,36,22,14,9,8,12
2024-650,Olympics,Clay,64,O,,20240729,23,202663,,,Magda Linette,R,171,POL,32.461,41,1361,259799,,,Mirra Andreeva,R,,RUS,17.252,23,1968,6-3 6-4,3,R64,,2,0,78,72,45,4,10,1,2,2,0,49,45,26,3,9,2,5
2024-650,Olympics,Clay,64,O,,20240729,24,211148,4,,Jasmine Paolini,R,160,ITA,28.567,5,5373,202536,,,Ana Bogdan,R,171,ROU,31.675,104,715,7-5 6-3,3,R64,,4,2,64,48,34,7,11,1,3,1,1,67,45,25,12,10,7,11
2024-650,Olympics,Clay,64,O,,20240729,25,206289,7,,Maria Sakkari,R,172,GRE,29.014,8,3925,203575,,UP,Danka Kovinic,R,169,MNE,29.695,878,26,6-0 6-1,3,R64,,2,3,43,29,22,7,7,4,5,0,4,32,18,5,2,6,4,10
2024-650,Olympics,Clay,64,O,,20240729,26,206294,,,Yue Yuan,R,184,CHN,25.843,40,1422,206420,,,Ekaterina Alexandrova,R,175,RUS,29.704,29,1813,7-5 6-7(0) 6-2,3,R64,,2,2,104,79,40,14,16,7,13,4,4,108,86,44,9,16,7,16
2024-650,Olympics,Clay,64,O,,20240729,27,216262,,,Clara Burel,R,176,FRA,23.349,55,1057,211701,,,Katerina Siniakova,R,174,CZE,28.220,38,1546,7-6(3) 6-4,3,R64,,0,1,39,35,19,2,5,4,6,0,1,26,24,13,1,5,0,2
2024-650,Olympics,Clay,64,O,,20240729,28,216146,12,,Marta Kostyuk,R,175,UKR,22.087,19,2240,215138,,ALT,Lulu Sun,L,,NZL,23.291,53,1069,6-4 6-3,3,R64,,3,7,55,27,21,13,10,4,7,2,2,65,33,21,10,9,5,10
2024-650,Olympics,Clay,64,O,,20240729,29,202499,13,,Donna Vekic,R,179,CRO,28.085,21,2138,214459,,,Lucia Bronzetti,R,,ITA,25.635,65,928,6-2 7-5,3,R64,,3,4,62,29,19,18,10,0,3,0,2,72,46,20,11,10,10,16
2024-650,Olympics,Clay,64,O,,20240729,30,215370,,PR,Bianca Andreescu,R,170,CAN,24.118,171,426,220704,,,Clara Tauson,R,182,DEN,21.605,63,932,6-2 6-3,3,R64,,1,1,50,33,25,10,9,0,1,1,7,53,28,18,10,8,3,7
2024-650,Olympics,Clay,64,O,,20240729,31,214604,,ITF,Maria Lourdes Carle,R,,ARG,24.466,85,816,213583,,,Tatjana Maria,R,172,GER,36.975,68,914,6-0 6-0,3,R64,,0,1,41,30,22,5,6,1,1,0,2,37,23,8,3,6,2,8
2024-650,Olympics,Clay,64,O,,20240729,32,221103,2,,Coco Gauff,R,175,USA,20.378,2,8173,201548,,PR,Ajla Tomljanovic,R,180,AUS,31.229,124,596,6-3 6-0,3,R64,,3,3,46,27,19,10,8,0,2,0,3,36,19,9,3,7,3,9
2024-650,Olympics,Clay,64,O,,20240729,33,216347,1,,Iga Swiatek,R,176,POL,23.163,1,11005,220348,,,Diane Parry,R,170,FRA,21.909,59,1002,6-1 6-1,3,R32,,2,0,37,27,21,7,7,0,0,0,4,58,33,20,5,7,6,11
2024-650,Olympics,Clay,64,O,,20240729,34,216016,,,Xiyu Wang,L,,CHN,23.338,52,1075,223670,15,,Diana Shnaider,L,,RUS,20.323,24,1930,6-3 6-1,3,R32,76,0,5,44,27,23,7,8,0,1,1,3,57,38,20,6,8,4,8
2024-650,Olympics,Clay,64,O,,20240729,35,215785,,,Camila Osorio,R,162,COL,22.601,83,821,215035,,,Dayana Yastremska,R,175,UKR,24.206,28,1840,7-6(4) 6-4,3,R32,,0,5,69,46,25,6,11,5,12,0,0,86,64,28,10,11,9,17
2024-650,Olympics,Clay,64,O,,20240729,36,203389,8,,Danielle Collins,R,178,USA,30.626,9,3702,201496,,ITF,Caroline Wozniacki,R,177,DEN,34.051,70,904,6-3 3-6 6-3,3,R32,,0,0,88,83,52,2,14,5,8,0,0,85,82,48,1,13,9,13
2024-650,Olympics,Clay,64,O,,20240729,37,201493,,PR,Angelique Kerber,L,173,GER,36.529,212,344,211713,,,Jaqueline Cristian,R,180,ROU,26.150,57,1004,6-4 3-6 6-4,3,R32,,2,3,97,72,45,13,14,6,9,7,5,96,61,41,15,15,5,9
2024-650,Olympics,Clay,64,O,,20240729,38,220367,16,,Leylah Fernandez,L,168,CAN,21.895,25,1920,213710,,,Cristina Bucsa,R,,ESP,26.574,60,984,7-6(4) 6-3,3,R32,,0,2,69,41,20,14,10,3,8,2,5,74,52,25,6,11,7,14
2024-650,Olympics,Clay,64,O,,20240729,39,215613,11,,Emma Navarro,R,,USA,23.198,15,2729,202600,,,Viktoriya Tomova,R,170,BUL,29.424,46,1200,6-7(5) 6-4 6-1,3,R32,,1,3,57,41,25,8,8,0,2,0,2,72,53,31,9,9,4,7
2024-650,Olympics,Clay,64,O,,20240729,40,221012,,6/ITF,Qinwen Zheng,R,,CHN,21.807,7,4025,201551,,,Arantxa Rus,L,180,NED,33.627,103,719,6-2 6-4,3,R32,,5,4,55,31,24,12,9,1,2,3,1,52,39,21,7,9,3,7
2024-650,Olympics,Clay,64,O,,20240729,41,202494,,,Elina Svitolina,R,174,UKR,29.879,31,1750,202468,5,,Jessica Pegula,R,170,USA,30.426,6,4665,4-6 6-1 6-3,3,R32,,3,4,86,57,39,14,13,2,4,1,0,82,54,35,12,13,3,8
2024-650,Olympics,Clay,64,O,,20240729,42,206252,9,,Barbora Krejcikova,R,178,CZE,28.614,10,3573,216133,,,Xinyu Wang,R,182,CHN,22.840,36,1581,6-3 6-2,3,R32,,2,4,60,42,28,5,8,4,6,1,3,54,26,14,8,9,3,10
2024-650,Olympics,Clay,64,O,,20240729,43,203533,,,Anna Karolina Schmiedlova,R,176,SVK,29.876,67,918,206242,14,,Beatriz Haddad Maia,L,185,BRA,28.165,22,2108,6-4 6-4,3,R32,113,2,1,59,32,16,13,10,3,8,0,3,63,38,16,7,10,5,12
2024-650,Olympics,Clay,64,O,,20240729,44,211148,4,,Jasmine Paolini,R,160,ITA,28.567,5,5373,202663,,,Magda Linette,R,171,POL,32.461,41,1361,6-4 6-1,3,R32,,3,1,37,25,19,10,8,0,1,2,1,87,52,29,13,9,7,12
2024-650,Olympics,Clay,64,O,,20240729,45,206289,7,,Maria Sakkari,R,172,GRE,29.014,8,3925,206294,,,Yue Yuan,R,184,CHN,25.843,40,1422,6-2 6-1,3,R32,,4,2,41,21,17,12,8,0,1,1,1,42,27,10,7,7,4,9
2024-650,Olympics,Clay,64,O,,20240729,46,216146,12,,Marta Kostyuk,R,175,UKR,22.087,19,2240,216262,,,Clara Burel,R,176,FRA,23.349,55,1057,7-6(3) 6-2,3,R32,,3,3,93,69,39,12,10,7,10,1,0,92,61,26,18,10,6,11
2024-650,Olympics,Clay,64,O,,20240729,47,202499,13,,Donna Vekic,R,179,CRO,28.085,21,2138,215370,,PR,Bianca Andreescu,R,170,CAN,24.118,171,426,6-3 6-4,3,R32,,2,4,76,39,23,17,9,6,10,0,6,66,38,19,10,10,6,13
2024-650,Olympics,Clay,64,O,,20240729,48,221103,2,,Coco Gauff,R,175,USA,20.378,2,8173,214604,,ITF,Maria Lourdes Carle,R,,ARG,24.466,85,816,6-1 6-1,3,R32,,0,6,53,29,21,11,7,3,4,0,6,53,33,15,6,7,2,8
2024-650,Olympics,Clay,64,O,,20240729,49,216347,1,,Iga Swiatek,R,176,POL,23.163,1,11005,216016,,,Xiyu Wang,L,,CHN,23.338,52,1075,6-3 6-4,3,R16,111,1,2,72,46,30,13,10,6,8,1,0,51,37,21,7,9,2,6
2024-650,Olympics,Clay,64,O,,20240729,50,203389,8,,Danielle Collins,R,178,USA,30.626,9,3702,215785,,,Camila Osorio,R,162,COL,22.601,83,821,6-0 4-6 6-3,3,R16,,1,5,87,49,34,16,12,7,10,2,4,83,60,31,9,13,9,16
2024-650,Olympics,Clay,64,O,,20240729,51,201493,,PR,Angelique Kerber,L,173,GER,36.529,212,344,220367,16,,Leylah Fernandez,L,168,CAN,21.895,25,1920,6-4 6-3,3,R16,,0,2,49,33,21,6,9,1,5,0,3,68,42,16,14,10,5,12
2024-650,Olympics,Clay,64,O,,20240729,52,221012,,6/ITF,Qinwen Zheng,R,,CHN,21.807,7,4025,215613,11,,Emma Navarro,R,,USA,23.198,15,2729,6-7(7) 7-6(4) 6-1,3,R16,,12,6,104,59,39,20,15,7,11,3,3,125,73,35,26,16,11,18
2024-650,Olympics,Clay,64,O,,20240729,53,206252,9,,Barbora Krejcikova,R,178,CZE,28.614,10,3573,202494,,,Elina Svitolina,R,174,UKR,29.879,31,1750,7-6(5) 2-6 6-4,3,R16,,4,1,98,84,48,5,15,4,10,8,0,112,87,49,13,15,10,15
2024-650,Olympics,Clay,64,O,,20240729,54,203533,,,Anna Karolina Schmiedlova,R,176,SVK,29.876,67,918,211148,4,,Jasmine Paolini,R,160,ITA,28.567,5,5373,7-5 3-6 7-5,3,R16,,0,4,105,97,51,2,16,12,19,2,3,97,94,52,0,17,6,14
2024-650,Olympics,Clay,64,O,,20240729,55,216146,12,,Marta Kostyuk,R,175,UKR,22.087,19,2240,206289,7,,Maria Sakkari,R,172,GRE,29.014,8,3925,4-6 7-6(5) 6-4,3,R16,,0,13,97,78,38,5,16,2,12,3,7,128,108,50,6,16,9,19
2024-650,Olympics,Clay,64,O,,20240729,56,202499,13,,Donna Vekic,R,179,CRO,28.085,21,2138,221103,2,,Coco Gauff,R,175,USA,20.378,2,8173,7-6(7) 6-2,3,R16,,5,3,78,42,32,15,10,7,9,0,7,67,42,23,11,10,2,6
2024-650,Olympics,Clay,64,O,,20240729,57,216347,1,,Iga Swiatek,R,176,POL,23.163,1,11005,203389,8,,Danielle Collins,R,178,USA,30.626,9,3702,6-1 2-6 4-1 RET,3,QF,,2,1,71,50,33,10,2,4,6,7,1,67,40,28,9,2,3,7
2024-650,Olympics,Clay,64,O,,20240729,58,221012,,6/ITF,Qinwen Zheng,R,,CHN,21.807,7,4025,201493,,PR,Angelique Kerber,L,173,GER,36.529,212,344,6-7(4) 6-4 7-6(6),3,QF,,8,4,102,48,37,26,16,0,5,5,3,129,92,59,14,17,7,13
2024-650,Olympics,Clay,64,O,,20240729,59,203533,,,Anna Karolina Schmiedlova,R,176,SVK,29.876,67,918,206252,9,,Barbora Krejcikova,R,178,CZE,28.614,10,3573,6-4 6-2,3,QF,,3,0,59,38,20,21,9,5,7,1,5,59,30,19,24,9,6,11
2024-650,Olympics,Clay,64,O,,20240729,60,202499,13,,Donna Vekic,R,179,CRO,28.085,21,2138,216146,12,,Marta Kostyuk,R,175,UKR,22.087,19,2240,6-4 2-6 7-6(8),3,QF,179,2,7,121,62,37,27,15,11,17,4,2,102,74,49,8,15,7,12
2024-650,Olympics,Clay,64,O,,20240729,61,221012,,6/ITF,Qinwen Zheng,R,,CHN,21.807,7,4025,216347,1,,Iga Swiatek,R,176,POL,23.163,1,11005,6-2 7-5,3,SF,,6,3,62,36,24,10,10,3,6,2,5,61,43,23,4,10,7,13
2024-650,Olympics,Clay,64,O,,20240729,62,202499,13,,Donna Vekic,R,179,CRO,28.085,21,2138,203533,,,Anna Karolina Schmiedlova,R,176,SVK,29.876,67,918,6-4 6-0,3,SF,,6,2,45,29,23,10,8,0,0,2,3,47,28,16,6,8,2,6
2024-650,Olympics,Clay,64,O,,20240729,63,221012,,6/ITF,Qinwen Zheng,R,,CHN,21.807,7,4025,202499,13,,Donna Vekic,R,179,CRO,28.085,21,2138,6-2 6-3,3,F,,4,3,73,39,20,19,9,3,4,1,2,67,36,16,14,8,3,7
2024-650,Olympics,Clay,64,O,,20240729,64,216347,1,,Iga Swiatek,R,176,POL,23.163,1,11005,203533,,,Anna Karolina Schmiedlova,R,176,SVK,29.876,67,918,6-2 6-1,3,BR,,3,1,40,31,23,7,8,0,1,0,3,43,26,11,7,7,2,7
2024-1045,Washington,Hard,32,500,,20240729,1,214452,,,Caroline Dolehide,R,178,USA,25.898,49,1100,201615,,,Lesia Tsurenko,R,174,UKR,35.166,84,818,6-1 3-6 6-4,3,R32,139,4,5,84,59,39,10,13,5,9,0,5,102,62,34,19,13,8,14
2024-1045,Washington,Hard,32,500,,20240729,2,216153,,Q,Amanda Anisimova,R,180,USA,22.911,176,423,201585,,,Sloane Stephens,R,170,USA,31.360,45,1217,6-3 7-5,3,R32,81,2,8,69,38,27,18,11,1,2,3,5,65,39,25,15,10,4,7
2024-1045,Washington,Hard,32,500,,20240729,3,201499,7,,Anastasia Pavlyuchenkova,R,177,RUS,33.074,33,1717,221909,,,Ashlyn Krueger,R,185,USA,20.228,81,829,6-3 4-6 6-4,3,R32,134,3,4,90,46,31,27,15,6,10,5,5,84,51,33,15,14,1,6
2024-1045,Washington,Hard,32,500,,20240729,4,211651,,WC,Paula Badosa,R,180,ESP,26.703,62,940,213550,,,Sofia Kenin,R,170,USA,25.706,54,1061,6-1 7-6(6),3,R32,90,11,5,66,36,30,15,10,3,5,1,6,73,41,27,13,9,6,10
2024-1045,Washington,Hard,32,500,,20240729,5,220548,,,Peyton Stearns,R,,USA,22.807,51,1082,238064,,WC,Clervie Ngounoue,R,,USA,18.029,299,222,6-3 7-6(3),3,R32,83,3,5,59,41,33,8,10,0,1,0,9,71,46,30,13,11,3,6
2024-1045,Washington,Hard,32,500,,20240729,6,221054,,WC,Emma Raducanu,R,175,GBR,21.709,89,799,210722,8,,Elise Mertens,R,179,BEL,28.699,35,1629,6-2 3-6 6-4,3,R32,146,7,5,94,57,36,19,13,8,12,3,11,96,56,34,15,14,7,13
2024-1045,Washington,Hard,32,500,,20240729,7,203501,,ALT,Taylor Townsend,L,170,USA,28.285,78,844,215713,9,,Anastasia Potapova,R,175,RUS,23.332,42,1295,6-2 6-2,3,R32,69,10,6,46,28,24,10,8,1,1,1,7,55,23,11,17,8,3,7
2024-1045,Washington,Hard,32,500,,20240729,8,213631,,,Marie Bouzkova,R,180,CZE,26.024,43,1275,220520,,Q,Mccartney Kessler,R,,USA,25.060,115,636,6-4 4-6 6-2,3,R32,144,3,1,84,44,32,20,14,1,4,4,0,96,64,38,14,14,5,10
2024-1045,Washington,Hard,32,500,,20240729,9,221905,,WC,Robin Montgomery,L,,USA,19.896,131,554,201603,,,Shelby Rogers,R,175,USA,31.793,376,159,7-5 6-3,3,R32,97,2,11,64,29,23,20,10,1,2,4,5,72,35,28,13,11,8,12
2024-1045,Washington,Hard,32,500,,20240729,10,201458,6,,Victoria Azarenka,R,180,BLR,34.996,20,2159,221024,,Q,Hailey Baptiste,R,,USA,22.736,97,744,7-6(6) 7-6(3),3,R32,143,2,3,95,58,41,17,12,6,8,6,8,80,45,35,16,12,2,4
2024-1045,Washington,Hard,32,500,,20240729,11,206374,,,Yafan Wang,R,170,CHN,30.248,73,872,201662,,,Karolina Pliskova,R,184,CZE,32.357,44,1255,5-7 6-3 6-0,3,R32,116,2,4,81,47,33,19,14,2,5,2,13,95,47,26,21,13,6,12
2024-1045,Washington,Hard,32,500,,20240729,12,215872,,Q,Kamilla Rakhimova,R,,RUS,22.919,105,706,220465,,,Katie Volynets,R,,USA,22.577,56,1027,6-4 6-3,3,R32,81,0,1,56,31,19,18,10,1,3,1,5,49,34,21,7,9,0,4
2024-1045,Washington,Hard,32,500,,20240729,13,214452,,,Caroline Dolehide,R,178,USA,25.898,49,1100,214082,2,,Daria Kasatkina,R,170,RUS,27.228,12,3283,2-6 7-5 6-0,3,R16,132,0,2,82,52,28,13,13,3,9,1,14,97,57,34,10,13,10,18
2024-1045,Washington,Hard,32,500,,20240729,14,216153,,Q,Amanda Anisimova,R,180,USA,22.911,176,423,201499,7,,Anastasia Pavlyuchenkova,R,177,RUS,33.074,33,1717,6-1 6-7(4) 6-4,3,R16,122,17,9,82,47,35,19,15,1,4,6,7,94,55,34,17,14,9,15
2024-1045,Washington,Hard,32,500,,20240729,15,211651,,WC,Paula Badosa,R,180,ESP,26.703,62,940,214643,3,,Liudmila Samsonova,R,180,RUS,25.714,13,2950,6-2 0-0 RET,3,R16,46,3,3,24,11,7,6,4,1,3,0,2,34,12,5,7,4,3,7
2024-1045,Washington,Hard,32,500,,20240729,16,221054,,WC,Emma Raducanu,R,175,GBR,21.709,89,799,220548,,,Peyton Stearns,R,,USA,22.807,51,1082,7-6(6) 6-2,3,R16,120,1,3,79,45,34,19,10,5,6,2,4,71,46,30,14,10,2,5
2024-1045,Washington,Hard,32,500,,20240729,17,213631,,,Marie Bouzkova,R,180,CZE,26.024,43,1275,203501,,ALT,Taylor Townsend,L,170,USA,28.285,78,844,7-5 7-6(8),3,R16,140,4,3,81,49,37,18,12,4,6,2,6,91,55,36,19,12,8,11
2024-1045,Washington,Hard,32,500,,20240729,18,221905,,WC,Robin Montgomery,L,,USA,19.896,131,554,202460,4,,Ons Jabeur,R,167,TUN,29.920,16,2631,W/O,3,R16,,,,,,,,,,,,,,,,,,,
2024-1045,Washington,Hard,32,500,,20240729,19,201458,6,,Victoria Azarenka,R,180,BLR,34.996,20,2159,206374,,,Yafan Wang,R,170,CHN,30.248,73,872,6-1 6-7(5) 6-3,3,R16,166,6,8,94,55,37,17,14,7,11,4,4,96,59,33,15,13,9,15
2024-1045,Washington,Hard,32,500,,20240729,20,214544,1,,Aryna Sabalenka,R,182,BLR,26.235,3,7061,215872,,Q,Kamilla Rakhimova,R,,RUS,22.919,105,706,7-5 4-6 6-4,3,R16,166,13,14,109,55,41,26,16,9,12,4,5,115,61,43,25,16,13,17
2024-1045,Washington,Hard,32,500,,20240729,21,214452,,,Caroline Dolehide,R,178,USA,25.898,49,1100,216153,,Q,Amanda Anisimova,R,180,USA,22.911,176,423,7-6(5) 6-1,3,QF,96,1,5,65,47,36,7,10,0,2,3,4,76,49,29,12,9,6,10
2024-1045,Washington,Hard,32,500,,20240729,22,211651,,WC,Paula Badosa,R,180,ESP,26.703,62,940,221054,,WC,Emma Raducanu,R,175,GBR,21.709,89,799,4-6 7-5 6-4,3,QF,165,11,8,107,54,42,25,16,5,8,5,6,110,74,46,19,16,4,8
2024-1045,Washington,Hard,32,500,,20240729,23,213631,,,Marie Bouzkova,R,180,CZE,26.024,43,1275,221905,,WC,Robin Montgomery,L,,USA,19.896,131,554,6-3 6-1,3,QF,75,1,4,59,37,29,9,8,4,5,0,4,37,23,11,4,8,0,5
2024-1045,Washington,Hard,32,500,,20240729,24,214544,1,,Aryna Sabalenka,R,182,BLR,26.235,3,7061,201458,6,,Victoria Azarenka,R,180,BLR,34.996,20,2159,6-4 6-4,3,QF,106,8,5,72,39,30,14,10,4,6,1,3,71,49,35,4,10,5,9
2024-1045,Washington,Hard,32,500,,20240729,25,211651,,WC,Paula Badosa,R,180,ESP,26.703,62,940,214452,,,Caroline Dolehide,R,178,USA,25.898,49,1100,6-3 6-3,3,SF,81,3,6,51,27,24,14,9,3,3,1,4,65,47,29,7,9,2,5
2024-1045,Washington,Hard,32,500,,20240729,26,213631,,,Marie Bouzkova,R,180,CZE,26.024,43,1275,214544,1,,Aryna Sabalenka,R,182,BLR,26.235,3,7061,6-4 3-6 6-3,3,SF,132,8,2,77,51,37,11,14,8,12,4,4,94,65,38,16,14,6,11
2024-1045,Washington,Hard,32,500,,20240729,27,211651,,WC,Paula Badosa,R,180,ESP,26.703,62,940,213631,,,Marie Bouzkova,R,180,CZE,26.024,43,1275,6-1 4-6 6-4,3,F,144,5,9,86,50,39,16,14,4,7,2,3,95,59,36,15,13,13,18
2024-806,Toronto,Hard,64,1000,,20240805,1,206294,,,Yue Yuan,R,184,CHN,25.862,42,1422,213710,,,Cristina Bucsa,R,,ESP,26.593,60,984,6-3 6-3,3,R64,78,4,4,62,33,24,15,9,4,6,1,2,69,53,28,6,9,6,11
2024-806,Toronto,Hard,64,1000,,20240805,2,211107,,,Katie Boulter,R,180,GBR,28.012,33,1676,211095,,Q,Bernarda Pera,L,175,USA,29.673,80,842,6-4 3-6 6-1,3,R64,128,6,7,87,46,35,21,13,4,6,8,10,99,51,35,22,13,9,13
2024-806,Toronto,Hard,64,1000,,20240805,3,206242,13,,Beatriz Haddad Maia,L,185,BRA,28.184,22,2108,213631,,,Marie Bouzkova,R,180,CZE,26.043,36,1587,5-7 6-2 7-6(1),3,R64,199,0,8,114,72,48,18,16,9,14,4,7,107,67,45,13,16,6,12
2024-806,Toronto,Hard,64,1000,,20240805,4,214939,10,,Anna Kalinskaya,R,175,RUS,25.676,17,2550,211635,,Q,Louisa Chirico,R,175,USA,28.222,218,335,6-2 6-3,3,R64,68,2,2,45,25,19,10,8,2,4,1,6,65,35,18,10,9,8,14
2024-806,Toronto,Hard,64,1000,,20240805,5,201615,,,Lesia Tsurenko,R,174,UKR,35.185,85,818,215370,,WC,Bianca Andreescu,R,170,CAN,24.137,175,425,0-6 6-3 6-4,3,R64,119,0,5,72,44,26,9,13,3,10,4,4,81,46,26,15,12,3,9
2024-806,Toronto,Hard,64,1000,,20240805,6,216153,,,Amanda Anisimova,R,180,USA,22.930,132,556,214452,,,Caroline Dolehide,R,178,USA,25.917,46,1247,6-1 6-4,3,R64,68,0,6,68,42,30,14,9,8,8,6,1,50,42,23,5,8,2,5
2024-806,Toronto,Hard,64,1000,,20240805,7,211651,,,Paula Badosa,R,180,ESP,26.722,40,1440,220704,,,Clara Tauson,R,182,DEN,21.624,62,932,6-1 6-4,3,R64,83,7,4,53,24,20,17,9,4,5,3,10,66,33,20,12,8,8,12
2024-806,Toronto,Hard,64,1000,,20240805,8,222233,,WC,Marina Stakusic,R,,CAN,19.688,160,471,222965,,Q,Erika Andreeva,R,,RUS,20.115,88,804,6-7(5) 6-1 6-4,3,R64,167,3,16,104,55,38,21,15,5,10,2,6,95,61,37,9,14,3,11
2024-806,Toronto,Hard,64,1000,,20240805,9,203501,,LL,Taylor Townsend,L,170,USA,28.304,71,903,215035,16,,Dayana Yastremska,R,175,UKR,24.225,27,1823,6-3 3-1 RET,3,R64,58,2,3,41,26,19,8,7,2,3,2,5,48,31,16,7,7,3,6
2024-806,Toronto,Hard,64,1000,,20240805,10,216146,11,,Marta Kostyuk,R,175,UKR,22.106,20,2141,213583,,,Tatjana Maria,R,172,GER,36.995,67,914,6-0 6-2,3,R64,52,4,1,37,17,14,15,7,0,0,0,2,39,19,10,6,7,3,8
2024-806,Toronto,Hard,64,1000,,20240805,11,202494,,,Elina Svitolina,R,174,UKR,29.898,34,1650,201603,,,Shelby Rogers,R,175,USA,31.812,379,160,6-0 6-2,3,R64,70,3,4,53,27,19,13,7,6,7,2,4,51,27,14,6,7,5,11
2024-806,Toronto,Hard,64,1000,,20240805,12,202663,,,Magda Linette,R,171,POL,32.480,43,1361,201606,,WC,Rebecca Marino,R,183,CAN,33.638,145,532,6-3 6-4,3,R64,85,3,2,60,32,26,16,10,2,3,4,4,62,27,17,19,9,2,5
2024-806,Toronto,Hard,64,1000,,20240805,13,220548,,,Peyton Stearns,R,,USA,22.826,53,1074,215020,,,Anna Blinkova,R,179,RUS,25.903,68,910,6-4 6-3,3,R64,78,3,2,55,35,21,12,10,2,5,0,2,60,36,18,11,9,7,12
2024-806,Toronto,Hard,64,1000,,20240805,14,213889,,Q,Greet Minnen,R,,BEL,26.977,74,878,201585,,,Sloane Stephens,R,170,USA,31.379,47,1217,6-2 6-2,3,R64,75,1,5,46,26,20,9,8,2,4,1,3,67,41,22,7,8,5,11
2024-806,Toronto,Hard,64,1000,,20240805,15,201458,12,,Victoria Azarenka,R,180,BLR,35.015,19,2266,201499,,,Anastasia Pavlyuchenkova,R,177,RUS,33.093,29,1776,6-2 6-2,3,R64,76,2,3,41,18,17,15,8,0,0,7,3,61,36,23,9,8,5,9
2024-806,Toronto,Hard,64,1000,,20240805,16,220367,15,,Leylah Fernandez,L,168,CAN,21.914,25,1894,211702,,LL,Nao Hibino,R,163,JPN,29.687,159,471,6-3 5-7 6-1,3,R64,127,5,5,75,47,33,13,14,1,5,0,3,96,58,35,14,14,4,11
2024-806,Toronto,Hard,64,1000,,20240805,17,221909,,Q,Ashlyn Krueger,R,185,USA,20.247,82,829,220714,,,Elisabetta Cocciaretto,R,,ITA,23.527,61,947,6-3 6-2,3,R64,75,3,3,60,35,27,14,9,5,5,1,1,51,36,20,9,8,3,6
2024-806,Toronto,Hard,64,1000,,20240805,18,201662,,,Karolina Pliskova,R,184,CZE,32.376,45,1255,206408,,,Nadia Podoroska,R,170,ARG,27.483,87,813,6-4 7-6(10),3,R64,111,7,5,89,58,40,16,11,9,11,5,3,80,48,33,16,11,2,5
2024-806,Toronto,Hard,64,1000,,20240805,19,220416,,Q,Moyuka Uchijima,R,171,JPN,22.985,63,930,202600,,,Viktoriya Tomova,R,170,BUL,29.443,48,1200,7-6(4) 6-2,3,R64,109,3,5,75,41,28,15,10,1,4,2,6,80,56,33,6,10,6,11
2024-806,Toronto,Hard,64,1000,,20240805,20,210722,,,Elise Mertens,R,179,BEL,28.718,35,1629,220465,,Q,Katie Volynets,R,,USA,22.596,57,1027,6-3 6-1,3,R64,94,6,5,47,30,26,6,8,2,3,2,0,64,39,19,11,8,8,13
2024-806,Toronto,Hard,64,1000,,20240805,21,211768,,WC,Naomi Osaka,R,180,JPN,26.804,95,739,202460,9,,Ons Jabeur,R,167,TUN,29.939,16,2631,6-3 6-1,3,R64,71,2,4,57,26,20,18,8,0,0,3,7,58,21,18,12,8,2,6
2024-806,Toronto,Hard,64,1000,,20240805,22,223670,14,,Diana Shnaider,L,,RUS,20.343,24,1930,211279,,LL,Harriet Dart,R,175,GBR,28.022,78,859,6-3 3-6 7-6(2),3,R64,144,4,7,93,56,38,14,15,3,9,3,11,129,71,40,28,15,17,23
2024-806,Toronto,Hard,64,1000,,20240805,23,211684,,,Magdalena Frech,R,171,POL,26.640,50,1185,215713,,,Anastasia Potapova,R,175,RUS,23.352,44,1295,4-6 6-3 6-0,3,R64,124,5,1,81,49,32,15,13,6,10,1,10,102,39,25,24,12,12,19
2024-806,Toronto,Hard,64,1000,,20240805,24,206374,,Q,Yafan Wang,R,170,CHN,30.268,72,903,213550,,,Sofia Kenin,R,170,USA,25.725,55,1061,7-5 7-6(3),3,R64,105,5,3,65,40,26,15,12,3,7,1,5,85,56,33,13,12,3,8
2024-806,Toronto,Hard,64,1000,,20240805,25,214544,2,,Aryna Sabalenka,R,182,BLR,26.254,3,7256,206294,,,Yue Yuan,R,184,CHN,25.862,42,1422,6-2 6-2,3,R32,81,4,2,47,25,19,12,8,2,3,2,1,69,32,20,13,8,8,13
2024-806,Toronto,Hard,64,1000,,20240805,26,211107,,,Katie Boulter,R,180,GBR,28.012,33,1676,206242,13,,Beatriz Haddad Maia,L,185,BRA,28.184,22,2108,1-1 RET,3,R32,17,1,1,6,3,2,2,1,0,0,0,1,6,2,2,2,1,0,0
2024-806,Toronto,Hard,64,1000,,20240805,27,214939,10,,Anna Kalinskaya,R,175,RUS,25.676,17,2550,201615,,,Lesia Tsurenko,R,174,UKR,35.185,85,818,6-2 6-2,3,R32,75,2,1,50,28,19,12,8,4,6,1,9,50,27,13,7,8,5,11
2024-806,Toronto,Hard,64,1000,,20240805,28,216153,,,Amanda Anisimova,R,180,USA,22.930,132,556,214082,5,,Daria Kasatkina,R,170,RUS,27.248,12,3283,6-4 6-3,3,R32,90,2,4,64,38,26,9,10,5,9,4,11,74,36,20,12,9,11,17
2024-806,Toronto,Hard,64,1000,,20240805,29,211533,4,,Jelena Ostapenko,R,177,LAT,27.160,11,3418,211651,,,Paula Badosa,R,180,ESP,26.722,40,1440,3-6 7-6(3) 6-2,3,R32,124,3,12,92,51,34,17,14,3,7,9,9,93,55,38,12,15,1,6
2024-806,Toronto,Hard,64,1000,,20240805,30,203501,,LL,Taylor Townsend,L,170,USA,28.304,71,903,222233,,WC,Marina Stakusic,R,,CAN,19.688,160,471,6-0 6-2,3,R32,60,3,0,36,21,20,6,7,0,1,0,6,53,23,10,11,7,4,10
2024-806,Toronto,Hard,64,1000,,20240805,31,216146,11,,Marta Kostyuk,R,175,UKR,22.106,20,2141,202494,,,Elina Svitolina,R,174,UKR,29.898,34,1650,6-2 2-6 6-2,3,R32,102,2,7,70,36,27,20,12,6,8,2,7,84,47,31,16,12,7,11
2024-806,Toronto,Hard,64,1000,,20240805,32,215613,8,,Emma Navarro,R,,USA,23.217,15,2729,202663,,,Magda Linette,R,171,POL,32.480,43,1361,6-2 6-4,3,R32,92,1,4,55,20,14,22,9,2,4,3,1,70,44,29,6,9,5,10
2024-806,Toronto,Hard,64,1000,,20240805,33,220548,,,Peyton Stearns,R,,USA,22.826,53,1074,201619,7,,Madison Keys,R,178,USA,29.465,14,2778,3-6 7-5 3-0 RET,3,R32,104,4,4,76,50,37,13,12,6,9,10,5,89,54,35,14,12,10,14
2024-806,Toronto,Hard,64,1000,,20240805,34,201458,12,,Victoria Azarenka,R,180,BLR,35.015,19,2266,213889,,Q,Greet Minnen,R,,BEL,26.977,74,878,3-6 7-5 6-1,3,R32,174,4,12,97,56,35,18,14,8,14,4,6,120,72,42,17,14,9,17
2024-806,Toronto,Hard,64,1000,,20240805,35,221909,,Q,Ashlyn Krueger,R,185,USA,20.247,82,829,220367,15,,Leylah Fernandez,L,168,CAN,21.914,25,1894,6-4 6-2,3,R32,88,2,3,64,46,33,11,9,5,5,2,4,60,42,25,10,9,1,4
2024-806,Toronto,Hard,64,1000,,20240805,36,202468,3,,Jessica Pegula,R,170,USA,30.446,6,4515,201662,,,Karolina Pliskova,R,184,CZE,32.376,45,1255,7-5 6-4,3,R32,90,2,2,74,41,27,16,11,5,8,5,8,70,40,31,5,11,5,10
2024-806,Toronto,Hard,64,1000,,20240805,37,214643,6,,Liudmila Samsonova,R,180,RUS,25.734,13,2820,220416,,Q,Moyuka Uchijima,R,171,JPN,22.985,63,930,6-4 6-2,3,R32,86,8,7,60,22,18,25,9,3,3,1,9,54,31,22,7,9,4,7
2024-806,Toronto,Hard,64,1000,,20240805,38,210722,,,Elise Mertens,R,179,BEL,28.718,35,1629,211768,,WC,Naomi Osaka,R,180,JPN,26.804,95,739,6-3 6-4,3,R32,91,6,10,63,31,25,14,10,1,3,1,6,54,27,19,10,9,2,6
2024-806,Toronto,Hard,64,1000,,20240805,39,223670,14,,Diana Shnaider,L,,RUS,20.343,24,1930,211684,,,Magdalena Frech,R,171,POL,26.640,50,1185,2-6 6-3 7-6(5),3,R32,131,1,4,95,63,43,18,15,6,10,3,4,94,54,36,22,14,2,5
2024-806,Toronto,Hard,64,1000,,20240805,40,221103,1,,Coco Gauff,R,175,USA,20.397,2,7703,206374,,Q,Yafan Wang,R,170,CHN,30.268,72,903,6-4 6-4,3,R32,88,6,4,65,39,26,14,10,5,7,0,1,59,39,19,12,10,5,9
2024-806,Toronto,Hard,64,1000,,20240805,41,214544,2,,Aryna Sabalenka,R,182,BLR,26.254,3,7256,211107,,,Katie Boulter,R,180,GBR,28.012,33,1676,6-3 6-3,3,R16,83,4,4,68,33,23,23,9,8,8,5,7,53,29,22,7,9,0,3
2024-806,Toronto,Hard,64,1000,,20240805,42,216153,,,Amanda Anisimova,R,180,USA,22.930,132,556,214939,10,,Anna Kalinskaya,R,175,RUS,25.676,17,2550,6-2 0-0 RET,3,R16,24,2,1,18,13,9,3,4,0,1,0,3,18,9,3,2,4,0,3
2024-806,Toronto,Hard,64,1000,,20240805,43,203501,,LL,Taylor Townsend,L,170,USA,28.304,71,903,211533,4,,Jelena Ostapenko,R,177,LAT,27.160,11,3418,6-2 6-1,3,R16,60,5,1,40,29,22,6,7,2,3,2,5,59,32,13,10,8,5,11
2024-806,Toronto,Hard,64,1000,,20240805,44,215613,8,,Emma Navarro,R,,USA,23.217,15,2729,216146,11,,Marta Kostyuk,R,175,UKR,22.106,20,2141,7-5 7-5,3,R16,106,0,7,68,36,21,15,12,5,10,4,8,89,56,31,12,12,11,18
2024-806,Toronto,Hard,64,1000,,20240805,45,220548,,,Peyton Stearns,R,,USA,22.826,53,1074,201458,12,,Victoria Azarenka,R,180,BLR,35.015,19,2266,6-4 4-2 RET,3,R16,89,3,4,57,39,26,8,8,5,7,5,4,42,26,18,4,8,1,5
2024-806,Toronto,Hard,64,1000,,20240805,46,202468,3,,Jessica Pegula,R,170,USA,30.446,6,4515,221909,,Q,Ashlyn Krueger,R,185,USA,20.247,82,829,6-2 6-4,3,R16,82,3,2,58,28,16,14,9,5,9,2,9,68,35,20,10,9,9,16
2024-806,Toronto,Hard,64,1000,,20240805,47,214643,6,,Liudmila Samsonova,R,180,RUS,25.734,13,2820,210722,,,Elise Mertens,R,179,BEL,28.718,35,1629,6-2 6-4,3,R16,103,4,7,73,35,26,21,9,6,6,6,4,58,34,20,14,9,6,9
2024-806,Toronto,Hard,64,1000,,20240805,48,223670,14,,Diana Shnaider,L,,RUS,20.343,24,1930,221103,1,,Coco Gauff,R,175,USA,20.397,2,7703,6-4 6-1,3,R16,70,1,4,59,32,26,14,9,1,1,1,8,52,26,17,11,8,5,8
2024-806,Toronto,Hard,64,1000,,20240805,49,216153,,,Amanda Anisimova,R,180,USA,22.930,132,556,214544,2,,Aryna Sabalenka,R,182,BLR,26.254,3,7256,6-4 6-2,3,QF,86,1,3,60,35,23,14,9,5,6,2,8,60,33,17,13,9,1,5
2024-806,Toronto,Hard,64,1000,,20240805,50,215613,8,,Emma Navarro,R,,USA,23.217,15,2729,203501,,LL,Taylor Townsend,L,170,USA,28.304,71,903,6-3 7-6(5),3,QF,101,0,8,76,50,37,12,11,4,5,9,1,70,40,25,16,10,1,3
2024-806,Toronto,Hard,64,1000,,20240805,51,202468,3,,Jessica Pegula,R,170,USA,30.446,6,4515,220548,,,Peyton Stearns,R,,USA,22.826,53,1074,6-4 7-5,3,QF,89,7,2,63,36,26,19,11,3,4,1,0,76,57,35,10,11,7,10
2024-806,Toronto,Hard,64,1000,,20240805,52,223670,14,,Diana Shnaider,L,,RUS,20.343,24,1930,214643,6,,Liudmila Samsonova,R,180,RUS,25.734,13,2820,4-6 6-1 6-4,3,QF,131,5,3,84,53,39,20,14,3,4,9,3,86,53,39,15,13,4,7
2024-806,Toronto,Hard,64,1000,,20240805,53,216153,,,Amanda Anisimova,R,180,USA,22.930,132,556,215613,8,,Emma Navarro,R,,USA,23.217,15,2729,6-3 2-6 6-2,3,SF,115,4,5,70,37,27,19,13,1,4,2,6,95,45,28,26,12,7,11
2024-806,Toronto,Hard,64,1000,,20240805,54,202468,3,,Jessica Pegula,R,170,USA,30.446,6,4515,223670,14,,Diana Shnaider,L,,RUS,20.343,24,1930,6-4 6-3,3,SF,83,2,2,56,33,24,12,9,2,3,0,4,77,45,28,15,10,7,11
2024-806,Toronto,Hard,64,1000,,20240805,55,202468,3,,Jessica Pegula,R,170,USA,30.446,6,4515,216153,,,Amanda Anisimova,R,180,USA,22.930,132,556,6-3 2-6 6-1,3,F,87,6,4,65,43,34,12,12,1,3,2,9,80,50,28,14,12,6,10
2024-1017,Cincinnati,Hard,64,1000,,20240812,1,201709,,,Yulia Putintseva,R,163,KAZ,29.597,33,1681,211279,,Q,Harriet Dart,R,175,GBR,28.042,77,864,4-6 6-0 6-1,3,R64,107,0,3,88,51,33,18,12,3,6,0,4,67,34,16,10,11,2,9
2024-1017,Cincinnati,Hard,64,1000,,20240812,2,211651,,,Paula Badosa,R,180,ESP,26.741,37,1505,220548,,WC,Peyton Stearns,R,,USA,22.845,46,1259,6-2 7-5,3,R64,89,9,3,58,30,26,12,10,2,4,2,5,69,42,24,10,10,8,13
2024-1017,Cincinnati,Hard,64,1000,,20240812,3,214939,13,,Anna Kalinskaya,R,175,RUS,25.695,16,2660,211701,,,Katerina Siniakova,R,174,CZE,28.258,36,1546,1-6 6-2 6-3,3,R64,106,1,6,74,44,26,13,12,4,9,1,8,77,40,24,13,12,4,10
2024-1017,Cincinnati,Hard,64,1000,,20240812,4,201499,,,Anastasia Pavlyuchenkova,R,177,RUS,33.112,28,1776,206242,17,,Beatriz Haddad Maia,L,185,BRA,28.203,23,2113,4-6 7-6(4) 6-3,3,R64,174,10,14,120,69,50,19,15,12,16,7,7,110,63,43,20,16,5,10
2024-1017,Cincinnati,Hard,64,1000,,20240812,5,201496,,WC,Caroline Wozniacki,R,177,DEN,34.090,84,844,211843,,,Anhelina Kalinina,R,179,UKR,27.510,51,1186,6-2 6-4,3,R64,85,6,4,65,36,26,14,9,6,7,2,6,54,33,19,8,9,2,6
2024-1017,Cincinnati,Hard,64,1000,,20240812,6,211684,,Q,Magdalena Frech,R,171,POL,26.659,48,1220,213631,,,Marie Bouzkova,R,180,CZE,26.062,38,1495,3-6 6-4 6-3,3,R64,134,3,3,91,68,44,9,14,3,7,1,6,83,51,32,15,14,0,5
2024-1017,Cincinnati,Hard,64,1000,,20240812,7,220367,,,Leylah Fernandez,L,168,CAN,21.933,27,1854,206294,,,Yue Yuan,R,184,CHN,25.881,40,1457,3-6 6-4 6-3,3,R64,119,3,3,78,53,35,12,14,3,7,2,1,83,53,35,13,14,3,8
2024-1017,Cincinnati,Hard,64,1000,,20240812,8,223670,,,Diana Shnaider,L,,RUS,20.362,20,2295,201533,,,Shuai Zhang,R,177,CHN,35.557,689,50,6-1 6-4,3,R64,56,1,1,49,34,24,11,9,1,2,3,1,48,36,19,5,8,3,7
2024-1017,Cincinnati,Hard,64,1000,,20240812,9,221909,,Q,Ashlyn Krueger,R,185,USA,20.266,65,952,202499,16,,Donna Vekic,R,179,CRO,28.124,22,2138,5-7 7-6(4) 6-2,3,R64,181,9,14,114,65,48,22,16,5,8,9,9,111,69,48,17,16,4,8
2024-1017,Cincinnati,Hard,64,1000,,20240812,10,214082,9,,Daria Kasatkina,R,170,RUS,27.267,12,3158,206420,,,Ekaterina Alexandrova,R,175,RUS,29.742,26,1873,6-4 6-2,3,R64,71,6,8,58,37,28,10,9,5,6,2,1,54,29,15,12,9,2,6
2024-1017,Cincinnati,Hard,64,1000,,20240812,11,203501,,Q,Taylor Townsend,L,170,USA,28.324,53,1137,214452,,WC,Caroline Dolehide,R,178,USA,25.936,47,1232,3-6 6-4 7-6(7),3,R64,144,7,2,111,65,48,22,15,9,11,4,4,100,73,54,14,16,4,6
2024-1017,Cincinnati,Hard,64,1000,,20240812,12,214096,,,Karolina Muchova,R,178,CZE,27.976,35,1646,215035,,,Dayana Yastremska,R,175,UKR,24.244,34,1673,7-6(6) 6-2,3,R64,116,6,5,77,41,28,14,10,4,8,2,12,79,41,22,14,10,10,16
2024-1017,Cincinnati,Hard,64,1000,,20240812,13,220589,,LL,Elina Avanesyan,R,,ARM,21.903,60,1002,215370,,WC,Bianca Andreescu,R,170,CAN,24.157,166,434,6-4 7-5,3,R64,110,2,1,88,69,44,11,11,11,12,5,3,71,47,31,12,11,6,9
2024-1017,Cincinnati,Hard,64,1000,,20240812,14,202663,,,Magda Linette,R,171,POL,32.499,43,1366,211107,,,Katie Boulter,R,180,GBR,28.031,31,1706,2-6 6-0 7-5,3,R64,113,0,1,75,47,31,17,13,5,8,2,8,77,41,26,17,13,3,8
2024-1017,Cincinnati,Hard,64,1000,,20240812,15,214643,10,,Liudmila Samsonova,R,180,RUS,25.753,17,2450,216133,,,Xinyu Wang,R,182,CHN,22.878,39,1471,6-4 6-4,3,R64,91,2,6,60,25,19,16,10,4,7,2,5,65,40,23,9,10,3,8
2024-1017,Cincinnati,Hard,64,1000,,20240812,16,222601,,LL,Jessica Bouzas Maneiro,R,,ESP,21.884,91,781,214459,,LL,Lucia Bronzetti,R,,ITA,25.673,68,928,6-4 3-6 7-6(1),3,R64,170,2,14,103,50,29,25,15,10,18,0,5,116,66,38,16,16,12,20
2024-1017,Cincinnati,Hard,64,1000,,20240812,17,202494,,,Elina Svitolina,R,174,UKR,29.917,30,1714,206374,,Q,Yafan Wang,R,170,CHN,30.287,62,997,5-7 6-3 6-2,3,R64,131,9,5,96,47,34,29,15,6,8,3,3,75,43,33,14,14,1,5
2024-1017,Cincinnati,Hard,64,1000,,20240812,18,220714,,,Elisabetta Cocciaretto,R,,ITA,23.546,66,947,221905,,Q,Robin Montgomery,L,,USA,19.935,109,660,7-5 4-6 6-3,3,R64,147,2,6,105,74,49,17,16,6,9,9,12,95,61,46,11,15,10,14
2024-1017,Cincinnati,Hard,64,1000,,20240812,19,215713,,,Anastasia Potapova,R,175,RUS,23.371,44,1304,216262,,,Clara Burel,R,176,FRA,23.387,57,1057,6-4 2-6 6-1,3,R64,103,3,6,88,46,32,22,13,5,8,3,7,82,36,25,20,12,6,10
2024-1017,Cincinnati,Hard,64,1000,,20240812,20,201662,,,Karolina Pliskova,R,184,CZE,32.395,45,1260,202600,,,Viktoriya Tomova,R,170,BUL,29.463,50,1200,7-6(3) 7-6(3),3,R64,100,6,8,78,50,32,11,12,5,10,1,8,85,42,26,20,12,1,6
2024-1017,Cincinnati,Hard,64,1000,,20240812,21,259799,,,Mirra Andreeva,R,,RUS,17.290,24,1968,215613,11,,Emma Navarro,R,,USA,23.237,13,3038,6-2 6-2,3,R64,65,2,1,45,28,23,11,8,1,1,0,5,52,29,14,12,8,4,8
2024-1017,Cincinnati,Hard,64,1000,,20240812,22,216146,15,,Marta Kostyuk,R,175,UKR,22.125,21,2260,210722,,,Elise Mertens,R,179,BEL,28.737,32,1689,6-4 2-6 6-4,3,R64,138,4,12,102,58,37,22,14,7,10,3,9,80,41,31,20,14,6,9
2024-1017,Cincinnati,Hard,64,1000,,20240812,23,215138,,Q,Lulu Sun,L,,NZL,23.330,64,955,222328,,,Linda Noskova,R,,CZE,19.735,29,1718,6-4 7-6(4),3,R64,88,8,5,78,43,32,18,11,1,2,4,4,68,43,27,15,11,4,6
2024-1017,Cincinnati,Hard,64,1000,,20240812,24,219875,,Q,Varvara Gracheva,R,,FRA,24.028,69,920,201548,,,Ajla Tomljanovic,R,180,AUS,31.267,123,596,6-3 2-6 7-6(5),3,R64,145,3,6,126,73,44,27,15,9,13,6,9,87,53,39,14,14,2,5
2024-1017,Cincinnati,Hard,64,1000,,20240812,25,201709,,,Yulia Putintseva,R,163,KAZ,29.597,33,1681,221103,2,,Coco Gauff,R,175,USA,20.417,2,7633,6-4 2-6 6-4,3,R32,114,1,0,78,46,29,17,14,7,12,8,9,90,50,30,19,14,3,8
2024-1017,Cincinnati,Hard,64,1000,,20240812,26,211651,,,Paula Badosa,R,180,ESP,26.741,37,1505,214939,13,,Anna Kalinskaya,R,175,RUS,25.695,16,2660,6-3 6-2,3,R32,64,5,7,59,34,29,10,9,4,5,1,1,44,31,18,6,8,2,6
2024-1017,Cincinnati,Hard,64,1000,,20240812,27,201499,,,Anastasia Pavlyuchenkova,R,177,RUS,33.112,28,1776,201496,,WC,Caroline Wozniacki,R,177,DEN,34.090,84,844,7-5 6-4,3,R32,96,6,4,66,36,32,14,11,2,3,2,5,66,41,27,13,11,0,3
2024-1017,Cincinnati,Hard,64,1000,,20240812,28,221012,7,,Qinwen Zheng,R,,CHN,21.846,7,3975,211684,,Q,Magdalena Frech,R,171,POL,26.659,48,1220,6-1 7-5,3,R32,114,13,5,63,34,29,13,10,2,3,1,2,92,64,34,14,9,10,14
2024-1017,Cincinnati,Hard,64,1000,,20240812,29,220367,,,Leylah Fernandez,L,168,CAN,21.933,27,1854,214981,4,,Elena Rybakina,R,184,KAZ,25.156,4,6026,3-6 7-6(3) 6-4,3,R32,155,5,13,109,64,44,16,15,1,7,20,17,123,58,42,23,16,11,17
2024-1017,Cincinnati,Hard,64,1000,,20240812,30,223670,,,Diana Shnaider,L,,RUS,20.362,20,2295,221909,,Q,Ashlyn Krueger,R,185,USA,20.266,65,952,7-5 6-0,3,R32,71,1,2,47,32,23,5,9,2,5,1,3,66,39,18,8,9,4,11
2024-1017,Cincinnati,Hard,64,1000,,20240812,31,203501,,Q,Taylor Townsend,L,170,USA,28.324,53,1137,214082,9,,Daria Kasatkina,R,170,RUS,27.267,12,3158,6-1 2-6 6-1,3,R32,114,15,5,97,68,48,9,11,13,15,3,11,82,51,33,8,11,8,13
2024-1017,Cincinnati,Hard,64,1000,,20240812,32,202468,6,,Jessica Pegula,R,170,USA,30.465,6,4615,214096,,,Karolina Muchova,R,178,CZE,27.976,35,1646,5-7 6-4 6-2,3,R32,137,2,0,83,50,30,22,15,6,10,3,5,98,48,30,23,15,9,15
2024-1017,Cincinnati,Hard,64,1000,,20240812,33,220589,,LL,Elina Avanesyan,R,,ARM,21.903,60,1002,211533,8,,Jelena Ostapenko,R,177,LAT,27.179,11,3478,2-6 6-2 6-2,3,R32,94,1,3,65,46,21,12,12,1,7,2,7,76,42,21,12,12,5,13
2024-1017,Cincinnati,Hard,64,1000,,20240812,34,214643,10,,Liudmila Samsonova,R,180,RUS,25.753,17,2450,202663,,,Magda Linette,R,171,POL,32.499,43,1366,7-6(10) 6-1,3,R32,110,9,4,71,32,28,25,10,5,5,3,1,70,43,32,13,9,2,4
2024-1017,Cincinnati,Hard,64,1000,,20240812,35,202494,,,Elina Svitolina,R,174,UKR,29.917,30,1714,222601,,LL,Jessica Bouzas Maneiro,R,,ESP,21.884,91,781,6-4 6-1,3,R32,68,2,1,54,28,18,16,9,1,3,0,6,51,26,15,7,8,6,11
2024-1017,Cincinnati,Hard,64,1000,,20240812,36,214544,3,,Aryna Sabalenka,R,182,BLR,26.273,3,7366,220714,,,Elisabetta Cocciaretto,R,,ITA,23.546,66,947,6-3 6-4,3,R32,98,5,3,61,38,34,11,10,3,3,2,5,72,46,31,11,9,8,10
2024-1017,Cincinnati,Hard,64,1000,,20240812,37,211148,5,,Jasmine Paolini,R,160,ITA,28.606,5,5298,215713,,,Anastasia Potapova,R,175,RUS,23.371,44,1304,7-6(2) 6-3,3,R32,98,2,2,70,40,28,16,11,3,6,2,2,80,40,28,15,10,10,14
2024-1017,Cincinnati,Hard,64,1000,,20240812,38,259799,,,Mirra Andreeva,R,,RUS,17.290,24,1968,201662,,,Karolina Pliskova,R,184,CZE,32.395,45,1260,6-2 6-3,3,R32,83,6,0,41,25,20,13,8,0,0,5,12,91,49,30,18,9,9,13
2024-1017,Cincinnati,Hard,64,1000,,20240812,39,216146,15,,Marta Kostyuk,R,175,UKR,22.125,21,2260,215138,,Q,Lulu Sun,L,,NZL,23.330,64,955,6-3 7-5,3,R32,89,8,11,74,48,34,11,11,7,9,0,7,74,40,25,14,10,6,10
2024-1017,Cincinnati,Hard,64,1000,,20240812,40,216347,1,,Iga Swiatek,R,176,POL,23.201,1,10655,219875,,Q,Varvara Gracheva,R,,FRA,24.028,69,920,6-0 6-7(8) 6-2,3,R32,131,7,2,77,47,35,18,13,1,3,0,4,91,58,30,14,13,9,16
2024-1017,Cincinnati,Hard,64,1000,,20240812,41,211651,,,Paula Badosa,R,180,ESP,26.741,37,1505,201709,,,Yulia Putintseva,R,163,KAZ,29.597,33,1681,6-4 6-4,3,R16,92,7,5,71,39,26,14,10,6,9,2,1,66,43,23,9,10,7,12
2024-1017,Cincinnati,Hard,64,1000,,20240812,42,201499,,,Anastasia Pavlyuchenkova,R,177,RUS,33.112,28,1776,221012,7,,Qinwen Zheng,R,,CHN,21.846,7,3975,7-5 6-1,3,R16,105,4,3,58,34,28,14,10,0,0,6,3,49,25,20,11,9,3,6
2024-1017,Cincinnati,Hard,64,1000,,20240812,43,220367,,,Leylah Fernandez,L,168,CAN,21.933,27,1854,223670,,,Diana Shnaider,L,,RUS,20.362,20,2295,6-1 6-4,3,R16,82,7,6,56,35,29,8,9,4,5,2,3,64,41,24,8,8,6,10
2024-1017,Cincinnati,Hard,64,1000,,20240812,44,202468,6,,Jessica Pegula,R,170,USA,30.465,6,4615,203501,,Q,Taylor Townsend,L,170,USA,28.324,53,1137,6-2 6-3,3,R16,63,2,1,49,33,29,8,8,4,4,4,5,52,33,19,7,9,1,5
2024-1017,Cincinnati,Hard,64,1000,,20240812,45,214643,10,,Liudmila Samsonova,R,180,RUS,25.753,17,2450,220589,,LL,Elina Avanesyan,R,,ARM,21.903,60,1002,4-6 6-0 6-3,3,R16,119,2,2,89,50,33,22,13,2,4,1,2,71,52,27,11,12,8,13
2024-1017,Cincinnati,Hard,64,1000,,20240812,46,214544,3,,Aryna Sabalenka,R,182,BLR,26.273,3,7366,202494,,,Elina Svitolina,R,174,UKR,29.917,30,1714,7-5 6-2,3,R16,79,5,3,57,35,26,14,10,4,5,5,4,58,36,23,8,10,0,4
2024-1017,Cincinnati,Hard,64,1000,,20240812,47,259799,,,Mirra Andreeva,R,,RUS,17.290,24,1968,211148,5,,Jasmine Paolini,R,160,ITA,28.606,5,5298,3-6 6-3 6-2,3,R16,120,5,6,82,52,38,14,13,3,6,2,1,92,58,33,16,13,3,8
2024-1017,Cincinnati,Hard,64,1000,,20240812,48,216347,1,,Iga Swiatek,R,176,POL,23.201,1,10655,216146,15,,Marta Kostyuk,R,175,UKR,22.125,21,2260,6-2 6-2,3,R16,70,0,2,44,31,22,8,8,0,1,2,3,50,31,15,7,8,7,12
2024-1017,Cincinnati,Hard,64,1000,,20240812,49,211651,,,Paula Badosa,R,180,ESP,26.741,37,1505,201499,,,Anastasia Pavlyuchenkova,R,177,RUS,33.112,28,1776,6-3 6-2,3,QF,66,3,6,52,23,19,18,9,1,1,2,4,45,26,13,10,8,0,3
2024-1017,Cincinnati,Hard,64,1000,,20240812,50,202468,6,,Jessica Pegula,R,170,USA,30.465,6,4615,220367,,,Leylah Fernandez,L,168,CAN,21.933,27,1854,7-5 6-7(1) 7-6(3),3,QF,184,3,7,119,78,49,19,18,9,15,5,6,140,96,57,18,18,8,15
2024-1017,Cincinnati,Hard,64,1000,,20240812,51,214544,3,,Aryna Sabalenka,R,182,BLR,26.273,3,7366,214643,10,,Liudmila Samsonova,R,180,RUS,25.753,17,2450,6-3 6-2,3,QF,79,5,0,50,34,27,11,9,3,3,3,6,47,21,15,11,8,2,5
2024-1017,Cincinnati,Hard,64,1000,,20240812,52,216347,1,,Iga Swiatek,R,176,POL,23.201,1,10655,259799,,,Mirra Andreeva,R,,RUS,17.290,24,1968,4-6 6-3 7-5,3,QF,150,6,2,91,61,45,19,16,2,3,12,4,109,66,47,22,15,8,10
2024-1017,Cincinnati,Hard,64,1000,,20240812,53,202468,6,,Jessica Pegula,R,170,USA,30.465,6,4615,211651,,,Paula Badosa,R,180,ESP,26.741,37,1505,6-2 3-6 6-3,3,SF,113,5,3,97,60,40,18,13,5,8,9,8,88,49,31,18,13,6,11
2024-1017,Cincinnati,Hard,64,1000,,20240812,54,214544,3,,Aryna Sabalenka,R,182,BLR,26.273,3,7366,216347,1,,Iga Swiatek,R,176,POL,23.201,1,10655,6-3 6-3,3,SF,107,5,1,63,33,22,16,9,4,6,1,3,70,40,27,6,9,10,15
2024-1017,Cincinnati,Hard,64,1000,,20240812,55,214544,3,,Aryna Sabalenka,R,182,BLR,26.273,3,7366,202468,6,,Jessica Pegula,R,170,USA,30.465,6,4615,6-3 7-5,3,F,76,10,1,51,34,31,11,11,0,1,5,5,71,42,28,13,10,2,5
2024-1039,Monterrey,Hard,32,500,,20240819,1,215785,,,Camila Osorio,R,162,COL,22.659,88,814,201548,,,Ajla Tomljanovic,R,180,AUS,31.286,119,606,6-2 7-6(3),3,R32,88,3,3,67,50,35,8,10,4,6,1,4,62,43,26,9,10,6,10
2024-1039,Monterrey,Hard,32,500,,20240819,2,215151,,LL,Lina Glushko,,,ISR,24.603,277,245,201435,,Q,Kateryna Bondarenko,R,175,UKR,38.032,325,194,6-3 3-6 6-3,3,R32,108,15,4,88,51,40,20,14,3,4,1,5,73,44,31,19,13,3,5
2024-1039,Monterrey,Hard,32,500,,20240819,3,211684,9,,Magdalena Frech,R,171,POL,26.678,45,1285,206408,,,Nadia Podoroska,R,170,ARG,27.521,67,926,6-4 4-6 6-4,3,R32,157,4,1,84,55,38,17,15,4,8,2,8,107,72,45,15,15,11,16
2024-1039,Monterrey,Hard,32,500,,20240819,4,220589,,,Elina Avanesyan,R,,ARM,21.922,51,1141,220714,,WC,Elisabetta Cocciaretto,R,,ITA,23.565,64,963,7-6(6) 6-1,3,R32,105,1,3,80,66,40,7,9,6,8,0,5,75,50,30,7,10,2,7
2024-1039,Monterrey,Hard,32,500,,20240819,5,216016,,,Xiyu Wang,L,,CHN,23.395,56,1063,213583,,,Tatjana Maria,R,172,GER,37.033,87,815,6-0 6-3,3,R32,68,3,3,41,26,20,7,7,3,4,2,1,44,26,11,6,8,3,9
2024-1039,Monterrey,Hard,32,500,,20240819,6,222328,6,,Linda Noskova,R,,CZE,19.754,35,1568,206363,,Q,Anna Danilina,R,,KAZ,29.000,958,19,6-0 6-1,3,R32,49,6,7,41,26,23,6,7,0,0,2,5,32,13,7,4,6,1,6
2024-1039,Monterrey,Hard,32,500,,20240819,7,206294,7,,Yue Yuan,R,184,CHN,25.901,38,1410,202434,,Q,Aleksandra Krunic,R,163,SRB,31.431,318,197,4-6 6-2 6-3,3,R32,141,8,0,99,62,46,17,14,8,11,7,3,105,60,36,21,13,6,11
2024-1039,Monterrey,Hard,32,500,,20240819,8,201549,,,Petra Martic,R,181,CRO,33.583,105,691,203475,,Q,Carol Zhao,R,165,CAN,29.167,268,255,7-6(2) 3-6 6-2,3,R32,147,4,8,97,62,41,15,14,3,7,5,12,110,77,50,10,15,4,9
2024-1039,Monterrey,Hard,32,500,,20240819,9,213887,,,Renata Zarazua,R,,MEX,26.886,97,740,211874,,WC,Victoria Rodriguez,,170,MEX,29.328,300,218,6-1 6-4,3,R32,82,1,1,51,40,26,7,9,1,3,0,2,52,25,15,10,8,5,10
2024-1039,Monterrey,Hard,32,500,,20240819,10,214604,,,Maria Lourdes Carle,R,,ARG,24.523,86,816,206368,8,,Veronika Kudermetova,R,175,RUS,27.322,44,1308,1-6 7-5 6-4,3,R32,173,1,11,99,64,41,11,14,9,15,4,3,109,70,46,14,15,5,11
2024-1039,Monterrey,Hard,32,500,,20240819,11,215138,,,Lulu Sun,L,,NZL,23.349,57,1049,203564,,,Chloe Paquet,R,179,FRA,30.136,96,746,7-6(3) 6-3,3,R32,94,7,5,69,41,32,18,11,2,3,4,3,63,43,31,9,10,2,4
2024-1039,Monterrey,Hard,32,500,,20240819,12,222965,,,Erika Andreeva,R,,RUS,20.154,89,809,211843,,,Anhelina Kalinina,R,179,UKR,27.530,54,1076,6-1 6-4,3,R32,90,7,1,69,44,33,13,9,3,3,2,5,56,34,21,8,8,4,7
2024-1039,Monterrey,Hard,32,500,,20240819,13,215613,2,,Emma Navarro,R,,USA,23.256,13,2950,215785,,,Camila Osorio,R,162,COL,22.659,88,814,3-6 7-5 7-6(2),3,R16,167,1,4,102,70,49,16,16,7,12,1,6,127,81,50,24,17,9,14
2024-1039,Monterrey,Hard,32,500,,20240819,14,211684,9,,Magdalena Frech,R,171,POL,26.678,45,1285,215151,,LL,Lina Glushko,,,ISR,24.603,277,245,6-7(2) 6-3 6-1,3,R16,147,0,3,97,69,44,16,14,3,6,10,7,100,54,37,17,14,5,12
2024-1039,Monterrey,Hard,32,500,,20240819,15,202494,5,,Elina Svitolina,R,174,UKR,29.936,28,1834,220589,,,Elina Avanesyan,R,,ARM,21.922,51,1141,6-4 6-3,3,R16,75,2,4,50,28,25,10,10,1,3,0,6,64,49,30,4,9,5,9
2024-1039,Monterrey,Hard,32,500,,20240819,16,222328,6,,Linda Noskova,R,,CZE,19.754,35,1568,216016,,,Xiyu Wang,L,,CHN,23.395,56,1063,6-4 7-6(11),3,R16,110,3,4,70,39,28,17,11,2,4,8,5,75,51,37,7,11,6,9
2024-1039,Monterrey,Hard,32,500,,20240819,17,206294,7,,Yue Yuan,R,184,CHN,25.901,38,1410,201549,,,Petra Martic,R,181,CRO,33.583,105,691,6-4 6-1,3,R16,75,1,1,55,37,21,13,9,4,6,5,6,46,23,13,9,8,1,6
2024-1039,Monterrey,Hard,32,500,,20240819,18,206420,3,,Ekaterina Alexandrova,R,175,RUS,29.761,30,1763,213887,,,Renata Zarazua,R,,MEX,26.886,97,740,6-3 6-4,3,R16,79,17,1,57,36,28,14,10,1,1,0,2,54,38,26,8,9,4,6
2024-1039,Monterrey,Hard,32,500,,20240819,19,215138,,,Lulu Sun,L,,NZL,23.349,57,1049,214604,,,Maria Lourdes Carle,R,,ARG,24.523,86,816,6-3 2-6 7-6(2),3,R16,164,5,4,105,57,37,27,15,5,8,4,4,107,76,50,14,14,6,8
2024-1039,Monterrey,Hard,32,500,,20240819,20,222965,,,Erika Andreeva,R,,RUS,20.154,89,809,203389,1,,Danielle Collins,R,178,USA,30.684,11,3422,1-6 6-3 6-3,3,R16,111,4,3,71,37,28,15,12,2,5,10,7,76,44,33,13,13,2,6
2024-1039,Monterrey,Hard,32,500,,20240819,21,215613,2,,Emma Navarro,R,,USA,23.256,13,2950,211684,9,,Magdalena Frech,R,171,POL,26.678,45,1285,6-7(3) 6-0 6-2,3,QF,137,6,2,95,66,44,14,13,8,10,2,4,91,53,32,15,13,5,12
2024-1039,Monterrey,Hard,32,500,,20240819,22,222328,6,,Linda Noskova,R,,CZE,19.754,35,1568,202494,5,,Elina Svitolina,R,174,UKR,29.936,28,1834,6-4 6-4,3,QF,83,4,4,59,35,32,11,10,2,2,2,2,63,34,24,15,10,3,5
2024-1039,Monterrey,Hard,32,500,,20240819,23,206420,3,,Ekaterina Alexandrova,R,175,RUS,29.761,30,1763,206294,7,,Yue Yuan,R,184,CHN,25.901,38,1410,7-5 7-6(3),3,QF,117,7,7,83,51,39,15,12,3,5,4,3,88,57,38,13,12,7,10
2024-1039,Monterrey,Hard,32,500,,20240819,24,215138,,,Lulu Sun,L,,NZL,23.349,57,1049,222965,,,Erika Andreeva,R,,RUS,20.154,89,809,6-4 6-3,3,QF,82,8,0,48,34,28,10,9,0,0,5,3,59,36,23,12,10,3,6
2024-1039,Monterrey,Hard,32,500,,20240819,25,222328,6,,Linda Noskova,R,,CZE,19.754,35,1568,215613,2,,Emma Navarro,R,,USA,23.256,13,2950,7-6(7) 7-5,3,SF,118,5,8,89,45,34,22,12,3,5,3,2,76,56,37,10,12,3,6
2024-1039,Monterrey,Hard,32,500,,20240819,26,215138,,,Lulu Sun,L,,NZL,23.349,57,1049,206420,3,,Ekaterina Alexandrova,R,175,RUS,29.761,30,1763,7-5 3-6 7-6(6),3,SF,139,17,3,96,70,52,14,16,0,1,14,10,111,74,57,18,17,2,3
2024-1039,Monterrey,Hard,32,500,,20240819,27,222328,6,,Linda Noskova,R,,CZE,19.754,35,1568,215138,,,Lulu Sun,L,,NZL,23.349,57,1049,7-6(6) 6-4,3,F,109,4,3,79,43,34,21,11,6,7,13,5,84,52,40,13,11,4,6
2024-2040,Cleveland,Hard,32,250,,20240819,1,202536,,Q,Ana Bogdan,R,171,ROU,31.732,103,715,220367,2,,Leylah Fernandez,L,168,CAN,21.953,24,2015,1-6 7-6(2) 6-2,3,R32,152,4,0,79,50,29,13,13,1,8,3,11,118,66,39,16,14,10,17
2024-2040,Cleveland,Hard,32,250,,20240819,2,213889,,LL,Greet Minnen,R,,BEL,27.015,75,878,211713,,,Jaqueline Cristian,R,180,ROU,26.207,68,919,6-3 7-6(5),3,R32,108,4,2,73,44,29,15,10,5,8,2,3,71,44,26,10,11,6,11
2024-2040,Cleveland,Hard,32,250,,20240819,3,220704,,,Clara Tauson,R,182,DEN,21.662,65,941,203533,,,Anna Karolina Schmiedlova,R,176,SVK,29.934,84,831,3-6 6-3 6-2,3,R32,133,2,5,87,56,40,10,13,5,9,1,3,85,51,29,15,13,8,14
2024-2040,Cleveland,Hard,32,250,,20240819,4,215713,5,,Anastasia Potapova,R,175,RUS,23.390,43,1309,220348,,,Diane Parry,R,170,FRA,21.966,62,1002,6-3 6-2,3,R32,66,0,2,42,28,18,6,8,0,3,1,3,53,32,11,9,9,4,11
2024-2040,Cleveland,Hard,32,250,,20240819,5,216133,4,,Xinyu Wang,R,182,CHN,22.897,37,1421,215020,,,Anna Blinkova,R,179,RUS,25.942,79,861,6-1 6-1,3,R32,60,3,3,45,28,19,9,7,2,3,0,4,47,32,14,2,7,4,10
2024-2040,Cleveland,Hard,32,250,,20240819,6,220520,,WC,Mccartney Kessler,R,,USA,25.118,98,733,221512,,WC,Katrina Scott,R,180,USA,20.189,299,218,6-1 4-6 6-4,3,R32,117,1,5,84,49,34,16,14,3,7,4,2,71,38,26,10,13,2,8
2024-2040,Cleveland,Hard,32,250,,20240819,7,201551,,,Arantxa Rus,L,180,NED,33.684,95,750,214459,,,Lucia Bronzetti,R,,ITA,25.693,69,916,6-3 7-6(4),3,R32,121,8,2,74,45,32,15,11,4,6,0,3,78,47,26,19,10,8,11
2024-2040,Cleveland,Hard,32,250,,20240819,8,202600,7,,Viktoriya Tomova,R,170,BUL,29.482,50,1159,201616,,WC,Lauren Davis,R,157,USA,30.862,404,145,6-1 6-4,3,R32,87,0,3,55,41,25,5,9,2,6,0,1,50,21,10,7,8,3,10
2024-2040,Cleveland,Hard,32,250,,20240819,9,220548,6,,Peyton Stearns,R,,USA,22.864,47,1259,220416,,,Moyuka Uchijima,R,171,JPN,23.023,63,968,6-0 1-6 6-1,3,R32,96,3,8,56,26,20,14,10,0,4,4,6,79,45,26,10,10,6,13
2024-2040,Cleveland,Hard,32,250,,20240819,10,204427,,,Sara Sorribes Tormo,R,176,ESP,27.864,73,886,206374,,,Yafan Wang,R,170,CHN,30.306,78,861,6-4 6-1,3,R32,92,1,3,47,26,13,15,8,0,2,1,3,55,32,17,6,9,4,10
2024-2040,Cleveland,Hard,32,250,,20240819,11,222601,,Q,Jessica Bouzas Maneiro,R,,ESP,21.903,80,861,219875,,,Varvara Gracheva,R,,FRA,24.047,66,935,4-6 6-3 6-2,3,R32,132,1,7,85,55,33,10,13,6,12,0,3,101,79,39,8,14,10,19
2024-2040,Cleveland,Hard,32,250,,20240819,12,211701,3,,Katerina Siniakova,R,174,CZE,28.277,36,1436,259967,,Q,Sayaka Ishii,,,JPN,18.968,284,234,6-7(5) 6-3 7-6(5),3,R32,169,10,10,118,73,48,24,17,9,14,0,5,112,67,39,23,16,6,12
2024-2040,Cleveland,Hard,32,250,,20240819,13,213550,8,,Sofia Kenin,R,170,USA,25.764,55,1070,220465,,,Katie Volynets,R,,USA,22.634,59,1042,6-2 2-6 7-5,3,R32,139,1,8,97,54,29,17,14,9,16,0,1,92,65,34,11,14,8,16
2024-2040,Cleveland,Hard,32,250,,20240819,14,216262,,,Clara Burel,R,176,FRA,23.406,58,1048,220722,,LL,Elvina Kalieva,R,,USA,21.065,302,212,6-3 6-2,3,R32,77,7,5,61,26,19,20,9,4,5,2,3,57,30,13,15,8,6,10
2024-2040,Cleveland,Hard,32,250,,20240819,15,213710,,,Cristina Bucsa,R,,ESP,26.632,72,904,203354,,,Martina Trevisan,L,160,ITA,30.793,91,788,6-2 6-4,3,R32,95,1,1,57,40,27,11,9,4,5,0,7,61,34,22,9,9,8,12
2024-2040,Cleveland,Hard,32,250,,20240819,16,206242,1,,Beatriz Haddad Maia,L,185,BRA,28.222,23,2093,203530,,Q,Viktorija Golubic,R,169,SUI,31.842,74,884,6-3 7-5,3,R32,116,4,6,72,41,25,17,11,11,15,2,0,66,49,22,10,10,3,9
2024-2040,Cleveland,Hard,32,250,,20240819,17,202536,,Q,Ana Bogdan,R,171,ROU,31.732,103,715,213889,,LL,Greet Minnen,R,,BEL,27.015,75,878,7-6(3) 6-3,3,R16,128,4,4,101,61,46,18,11,10,11,4,0,57,38,29,9,10,1,3
2024-2040,Cleveland,Hard,32,250,,20240819,18,215713,5,,Anastasia Potapova,R,175,RUS,23.390,43,1309,220704,,,Clara Tauson,R,182,DEN,21.662,65,941,6-2 6-2,3,R16,68,0,5,46,24,19,10,8,2,4,2,7,51,27,13,8,8,5,11
2024-2040,Cleveland,Hard,32,250,,20240819,19,220520,,WC,Mccartney Kessler,R,,USA,25.118,98,733,216133,4,,Xinyu Wang,R,182,CHN,22.897,37,1421,3-6 6-4 6-2,3,R16,131,4,4,79,47,34,14,13,4,7,5,3,98,58,38,17,14,7,12
2024-2040,Cleveland,Hard,32,250,,20240819,20,201551,,,Arantxa Rus,L,180,NED,33.684,95,750,202600,7,,Viktoriya Tomova,R,170,BUL,29.482,50,1159,6-3 6-3,3,R16,93,5,4,71,44,28,13,9,4,6,0,3,50,33,15,9,9,2,7
2024-2040,Cleveland,Hard,32,250,,20240819,21,220548,6,,Peyton Stearns,R,,USA,22.864,47,1259,204427,,,Sara Sorribes Tormo,R,176,ESP,27.864,73,886,6-3 6-2,3,R16,85,5,4,59,38,26,12,9,2,3,0,2,51,32,17,7,8,3,7
2024-2040,Cleveland,Hard,32,250,,20240819,22,211701,3,,Katerina Siniakova,R,174,CZE,28.277,36,1436,222601,,Q,Jessica Bouzas Maneiro,R,,ESP,21.903,80,861,2-6 6-4 7-6(2),3,R16,156,1,13,113,71,38,15,15,5,14,1,8,117,71,45,14,15,11,19
2024-2040,Cleveland,Hard,32,250,,20240819,23,216262,,,Clara Burel,R,176,FRA,23.406,58,1048,213550,8,,Sofia Kenin,R,170,USA,25.764,55,1070,6-4 6-3,3,R16,86,8,10,85,39,28,21,10,8,10,2,5,57,39,25,5,9,4,8
2024-2040,Cleveland,Hard,32,250,,20240819,24,206242,1,,Beatriz Haddad Maia,L,185,BRA,28.222,23,2093,213710,,,Cristina Bucsa,R,,ESP,26.632,72,904,6-2 6-1,3,R16,87,3,3,49,31,21,9,8,4,6,0,5,63,40,22,4,7,13,19
2024-2040,Cleveland,Hard,32,250,,20240819,25,215713,5,,Anastasia Potapova,R,175,RUS,23.390,43,1309,202536,,Q,Ana Bogdan,R,171,ROU,31.732,103,715,6-2 6-1,3,QF,77,1,6,50,28,22,9,8,4,6,2,3,59,41,19,4,7,9,15
2024-2040,Cleveland,Hard,32,250,,20240819,26,220520,,WC,Mccartney Kessler,R,,USA,25.118,98,733,201551,,,Arantxa Rus,L,180,NED,33.684,95,750,6-4 6-2,3,QF,83,3,1,53,29,22,17,9,3,3,4,7,71,44,32,8,9,7,10
2024-2040,Cleveland,Hard,32,250,,20240819,27,211701,3,,Katerina Siniakova,R,174,CZE,28.277,36,1436,220548,6,,Peyton Stearns,R,,USA,22.864,47,1259,1-6 6-3 6-4,3,QF,125,0,9,76,38,19,16,13,2,9,0,3,85,54,28,13,13,3,10
2024-2040,Cleveland,Hard,32,250,,20240819,28,206242,1,,Beatriz Haddad Maia,L,185,BRA,28.222,23,2093,216262,,,Clara Burel,R,176,FRA,23.406,58,1048,6-2 6-2,3,QF,75,2,5,45,27,21,8,8,0,1,0,4,56,22,10,16,8,8,13
2024-2040,Cleveland,Hard,32,250,,20240819,29,220520,,WC,Mccartney Kessler,R,,USA,25.118,98,733,215713,5,,Anastasia Potapova,R,175,RUS,23.390,43,1309,4-6 6-3 6-3,3,SF,136,6,11,107,64,40,18,14,13,18,3,11,101,51,31,20,14,12,19
2024-2040,Cleveland,Hard,32,250,,20240819,30,206242,1,,Beatriz Haddad Maia,L,185,BRA,28.222,23,2093,211701,3,,Katerina Siniakova,R,174,CZE,28.277,36,1436,6-3 2-6 6-2,3,SF,131,5,1,72,42,32,15,13,0,3,1,10,102,64,42,16,12,9,13
2024-2040,Cleveland,Hard,32,250,,20240819,31,220520,,WC,Mccartney Kessler,R,,USA,25.118,98,733,206242,1,,Beatriz Haddad Maia,L,185,BRA,28.222,23,2093,1-6 6-1 7-5,3,F,126,3,4,81,46,32,17,13,3,7,3,4,72,52,30,12,13,4,9
2024-905,US Open,Hard,128,G,,20240826,1,216347,1,,Iga Swiatek,R,176,POL,23.239,1,10695,215872,,LL,Kamilla Rakhimova,R,,RUS,22.996,104,682,6-4 7-6(6),3,R128,112,5,1,67,38,27,20,11,2,4,2,5,77,46,31,17,11,3,6
2024-905,US Open,Hard,128,G,,20240826,2,214262,,Q,Ena Shibahara,R,170,JPN,26.536,217,323,201611,,,Daria Saville,R,166,AUS,30.478,95,766,6-3 4-6 7-6(6),3,R128,197,10,8,109,56,38,23,16,9,14,1,11,144,93,53,22,15,13,18
2024-905,US Open,Hard,128,G,,20240826,3,220714,,,Elisabetta Cocciaretto,R,,ITA,23.584,65,963,203462,,,Kateryna Baindl,R,175,UKR,30.514,329,191,6-3 6-0,3,R128,66,2,1,57,39,26,10,8,3,4,0,4,38,25,13,2,7,2,7
2024-905,US Open,Hard,128,G,,20240826,4,201499,25,,Anastasia Pavlyuchenkova,R,177,RUS,33.151,27,1961,223194,,WC,Taylah Preston,R,,AUS,18.831,145,528,6-2 6-0,3,R128,61,4,4,47,21,18,15,7,5,5,0,3,39,21,9,7,7,2,7
2024-905,US Open,Hard,128,G,,20240826,5,259799,21,,Mirra Andreeva,R,,RUS,17.328,23,2153,215785,,,Camila Osorio,R,162,COL,22.678,82,861,6-2 7-6(4),3,R128,98,3,4,80,56,32,8,10,5,11,1,3,59,37,13,5,10,4,12
2024-905,US Open,Hard,128,G,,20240826,6,221909,,,Ashlyn Krueger,R,185,USA,20.304,59,1017,201533,,,Shuai Zhang,R,177,CHN,35.596,643,60,0-6 6-1 7-5,3,R128,101,5,4,77,45,30,14,12,9,13,3,3,80,56,38,8,13,3,8
2024-905,US Open,Hard,128,G,,20240826,7,213631,,,Marie Bouzkova,R,180,CZE,26.100,45,1312,220332,,Q,Eva Lys,R,165,GER,22.621,112,642,6-2 1-6 7-5,3,R128,113,2,4,69,40,26,13,13,3,8,1,3,79,58,32,12,14,1,7
2024-905,US Open,Hard,128,G,,20240826,8,214643,16,,Liudmila Samsonova,R,180,RUS,25.791,16,2610,202492,,,Qiang Wang,R,172,CHN,32.617,438,128,6-2 7-5,3,R128,92,3,7,74,34,23,18,10,5,8,4,3,54,37,22,4,10,3,9
2024-905,US Open,Hard,128,G,,20240826,9,214452,,,Caroline Dolehide,R,178,USA,25.975,49,1227,203389,11,,Danielle Collins,R,178,USA,30.703,11,3422,1-6 7-5 6-4,3,R128,160,2,5,101,70,42,13,14,7,12,4,11,110,63,43,20,15,13,18
2024-905,US Open,Hard,128,G,,20240826,10,201506,,,Sara Errani,R,164,ITA,37.329,96,760,213710,,,Cristina Bucsa,R,,ESP,26.651,77,877,3-6 6-0 6-4,3,R128,122,1,2,74,57,33,7,13,2,7,1,5,87,55,28,12,12,8,15
2024-905,US Open,Hard,128,G,,20240826,11,220704,,,Clara Tauson,R,182,DEN,21.681,67,929,203533,,,Anna Karolina Schmiedlova,R,176,SVK,29.953,87,831,1-6 7-6(5) 6-2,3,R128,138,8,9,87,51,37,15,13,3,7,3,7,93,51,36,20,14,5,9
2024-905,US Open,Hard,128,G,,20240826,12,223670,18,,Diana Shnaider,L,,RUS,20.400,18,2385,206408,,,Nadia Podoroska,R,170,ARG,27.541,68,920,6-0 6-1,3,R128,51,0,1,45,29,22,11,7,4,4,2,1,34,21,10,3,6,0,5
2024-905,US Open,Hard,128,G,,20240826,13,211107,31,,Katie Boulter,R,180,GBR,28.069,33,1715,205925,,Q,Aliaksandra Sasnovich,R,174,BLR,30.432,107,669,5-7 6-2 6-1,3,R128,145,3,4,99,46,35,26,14,10,13,3,9,76,47,27,11,13,5,11
2024-905,US Open,Hard,128,G,,20240826,14,222601,,,Jessica Bouzas Maneiro,R,,ESP,21.922,74,896,201549,,,Petra Martic,R,181,CRO,33.602,98,738,6-3 6-0,3,R128,64,1,4,41,23,17,10,7,0,1,5,3,59,37,21,5,8,1,7
2024-905,US Open,Hard,128,G,,20240826,15,213550,,,Sofia Kenin,R,170,USA,25.783,54,1099,221054,,,Emma Raducanu,R,175,GBR,21.786,72,907,6-1 3-6 6-4,3,R128,131,6,5,93,69,45,12,13,6,9,6,3,79,51,35,9,13,6,11
2024-905,US Open,Hard,128,G,,20240826,16,202468,6,,Jessica Pegula,R,170,USA,30.503,6,5160,201603,,,Shelby Rogers,R,175,USA,31.869,356,173,6-4 6-3,3,R128,83,3,3,74,44,33,13,10,5,6,1,0,50,25,13,16,9,3,6
2024-905,US Open,Hard,128,G,,20240826,17,214981,4,,Elena Rybakina,R,184,KAZ,25.194,4,5931,215018,,Q,Destanee Aiava,R,175,AUS,24.296,194,363,6-1 7-6(1),3,R128,82,11,7,76,38,30,18,10,4,5,5,5,63,38,23,12,9,3,6
2024-905,US Open,Hard,128,G,,20240826,18,211316,,Q,Jessika Ponchet,R,,FRA,27.916,143,532,202453,,,Saisai Zheng,R,170,CHN,30.555,1294,6,6-4 6-1,3,R128,65,2,4,53,25,20,14,9,2,4,0,0,44,23,12,8,8,1,6
2024-905,US Open,Hard,128,G,,20240826,19,201496,,,Caroline Wozniacki,R,177,DEN,34.128,71,908,211702,,Q,Nao Hibino,R,163,JPN,29.745,155,476,6-0 6-1,3,R128,53,1,2,36,27,22,6,7,0,0,0,2,40,24,9,6,6,2,7
2024-905,US Open,Hard,128,G,,20240826,20,213887,,,Renata Zarazua,R,,MEX,26.905,92,784,201614,28,,Caroline Garcia,R,177,FRA,30.862,30,1808,6-1 6-4,3,R128,78,0,5,59,29,20,19,9,6,7,6,7,45,27,16,5,8,2,6
2024-905,US Open,Hard,128,G,,20240826,21,206242,22,,Beatriz Haddad Maia,L,185,BRA,28.242,21,2221,220589,,,Elina Avanesyan,R,,ARM,21.942,51,1200,4-6 6-0 6-2,3,R128,100,2,6,70,42,33,14,12,2,4,1,1,64,38,19,13,12,4,10
2024-905,US Open,Hard,128,G,,20240826,22,204427,,,Sara Sorribes Tormo,R,176,ESP,27.883,115,624,220440,,WC,Alexa Noel,R,168,USA,21.972,784,36,6-1 6-3,3,R128,92,0,2,44,29,19,11,8,2,3,1,2,59,35,19,7,8,4,9
2024-905,US Open,Hard,128,G,,20240826,23,214388,,,Anna Bondar,R,,HUN,27.250,84,861,211095,,,Bernarda Pera,L,175,USA,29.731,79,872,6-3 3-6 6-3,3,R128,118,6,11,90,44,33,25,14,4,6,9,6,87,40,32,21,13,4,7
2024-905,US Open,Hard,128,G,,20240826,24,214939,15,,Anna Kalinskaya,R,175,RUS,25.734,15,2712,201616,,,Lauren Davis,R,157,USA,30.881,408,145,6-2 6-2,3,R128,65,1,4,42,26,21,10,8,0,1,3,2,47,24,12,9,8,6,11
2024-905,US Open,Hard,128,G,,20240826,25,211768,,WC,Naomi Osaka,R,180,JPN,26.862,88,824,211533,10,,Jelena Ostapenko,R,177,LAT,27.218,10,3428,6-3 6-2,3,R128,64,9,0,50,30,24,15,9,2,2,5,6,50,31,19,9,8,0,3
2024-905,US Open,Hard,128,G,,20240826,26,214096,,,Karolina Muchova,R,178,CZE,28.014,52,1126,220465,,,Katie Volynets,R,,USA,22.653,57,1042,6-3 7-5,3,R128,101,2,3,65,35,24,16,11,3,6,1,3,67,52,28,6,10,2,7
2024-905,US Open,Hard,128,G,,20240826,27,201478,,Q,Varvara Lepchenko,L,180,USA,38.268,199,357,259104,,,Brenda Fruhvirtova,R,,CZE,17.402,106,673,2-1 RET,3,R128,15,1,0,4,2,2,2,1,0,0,1,1,20,12,7,3,2,5,6
2024-905,US Open,Hard,128,G,,20240826,28,215713,,,Anastasia Potapova,R,175,RUS,23.409,38,1397,220367,23,,Leylah Fernandez,L,168,CAN,21.972,26,2009,2-6 6-4 7-5,3,R128,146,3,6,111,70,46,15,15,13,19,4,6,99,55,35,20,15,8,14
2024-905,US Open,Hard,128,G,,20240826,29,201709,30,,Yulia Putintseva,R,163,KAZ,29.635,32,1761,222328,,,Linda Noskova,R,,CZE,19.773,25,2013,7-6(3) 6-4,3,R128,101,3,1,78,52,33,10,11,1,5,6,8,70,35,20,16,11,4,9
2024-905,US Open,Hard,128,G,,20240826,30,216133,,,Xinyu Wang,R,182,CHN,22.916,40,1373,201613,,Q,Arina Rodionova,R,168,AUS,34.697,119,607,3-6 6-4 6-1,3,R128,130,5,6,97,65,41,13,13,12,16,1,5,90,50,29,17,14,3,9
2024-905,US Open,Hard,128,G,,20240826,31,201662,,,Karolina Pliskova,R,184,CZE,32.433,44,1324,210886,,,Mayar Sherif,R,180,EGY,28.310,89,793,6-3 0-6 7-5,3,R128,143,6,7,88,49,29,16,13,4,10,4,8,109,63,40,18,14,12,18
2024-905,US Open,Hard,128,G,,20240826,32,211148,5,,Jasmine Paolini,R,160,ITA,28.644,5,5168,215370,,WC,Bianca Andreescu,R,170,CAN,24.195,167,444,6-7(5) 6-2 6-4,3,R128,168,2,2,103,66,44,20,15,6,10,3,8,122,82,47,20,15,9,16
2024-905,US Open,Hard,128,G,,20240826,33,206252,8,,Barbora Krejcikova,R,178,CZE,28.691,8,3571,215453,,Q,Marina Bassols Ribera,R,165,ESP,24.704,114,625,7-6(3) 6-2,3,R128,94,1,4,58,35,25,12,10,2,5,2,2,73,39,23,13,10,8,13
2024-905,US Open,Hard,128,G,,20240826,34,211817,,Q,Elena Gabriela Ruse,R,,ROU,26.804,122,588,211814,,,Julia Grabher,R,170,AUT,28.151,1023,16,6-2 6-4,3,R128,72,1,6,53,26,20,15,9,1,2,1,3,48,29,16,9,9,2,6
2024-905,US Open,Hard,128,G,,20240826,35,203501,,,Taylor Townsend,L,170,USA,28.362,48,1267,203354,,,Martina Trevisan,L,160,ITA,30.812,90,788,6-2 7-5,3,R128,114,6,3,77,45,30,17,10,9,11,1,6,78,45,24,14,10,5,10
2024-905,US Open,Hard,128,G,,20240826,36,211651,26,,Paula Badosa,R,180,ESP,26.779,29,1895,203530,,,Viktorija Golubic,R,169,SUI,31.861,73,901,6-0 6-3,3,R128,69,4,7,41,19,13,12,8,0,2,1,3,52,39,18,3,7,2,8
2024-905,US Open,Hard,128,G,,20240826,37,201458,20,,Victoria Azarenka,R,180,BLR,35.073,20,2266,263857,,Q,Yuliia Starodubtseva,R,,UKR,24.523,146,520,3-6 6-1 6-1,3,R128,128,1,10,70,47,31,9,11,3,6,1,3,99,63,37,9,12,7,14
2024-905,US Open,Hard,128,G,,20240826,38,216262,,,Clara Burel,R,176,FRA,23.426,56,1075,201585,,,Sloane Stephens,R,170,USA,31.437,62,987,0-6 7-5 7-5,3,R128,126,2,4,87,58,33,9,15,5,14,0,5,83,57,27,12,15,3,11
2024-905,US Open,Hard,128,G,,20240826,39,220348,,,Diane Parry,R,170,FRA,21.985,60,1002,216016,,,Xiyu Wang,L,,CHN,23.415,53,1105,7-6(2) 7-6(5),3,R128,125,6,3,80,49,38,17,12,2,4,9,7,81,48,38,14,12,3,5
2024-905,US Open,Hard,128,G,,20240826,40,206374,,,Yafan Wang,R,170,CHN,30.325,80,861,206289,9,,Maria Sakkari,R,172,GRE,29.090,9,3515,6-2 RET,3,R128,40,2,1,24,17,13,4,4,3,3,0,2,25,16,11,2,4,3,5
2024-905,US Open,Hard,128,G,,20240826,41,215613,13,,Emma Navarro,R,,USA,23.275,12,3040,215020,,,Anna Blinkova,R,179,RUS,25.961,81,861,6-1 6-1,3,R128,59,0,3,44,25,21,8,7,1,2,0,6,51,35,15,3,7,4,10
2024-905,US Open,Hard,128,G,,20240826,42,201551,,,Arantxa Rus,L,180,NED,33.704,93,779,202536,,,Ana Bogdan,R,171,ROU,31.752,91,786,6-4 7-6(5),3,R128,133,5,2,68,46,32,13,11,1,4,1,4,95,58,39,15,11,6,10
2024-905,US Open,Hard,128,G,,20240826,43,211279,,,Harriet Dart,R,175,GBR,28.080,78,874,203564,,WC,Chloe Paquet,R,179,FRA,30.155,97,746,6-1 6-2,3,R128,74,4,4,56,32,21,12,7,6,7,2,7,44,30,14,2,8,2,8
2024-905,US Open,Hard,128,G,,20240826,44,216146,19,,Marta Kostyuk,R,175,UKR,22.163,19,2348,220520,,WC,Mccartney Kessler,R,,USA,25.137,63,971,6-2 6-3,3,R128,77,3,6,57,31,27,12,9,1,2,0,2,59,28,17,12,8,5,9
2024-905,US Open,Hard,128,G,,20240826,45,202494,27,,Elina Svitolina,R,174,UKR,29.955,28,1942,214604,,,Maria Lourdes Carle,R,,ARG,24.543,83,861,3-6 6-3 6-4,3,R128,140,0,3,102,68,41,15,14,11,17,3,9,86,50,31,11,14,7,14
2024-905,US Open,Hard,128,G,,20240826,46,211843,,,Anhelina Kalinina,R,179,UKR,27.549,55,1076,206219,,,Oceane Dodin,R,,FRA,27.839,86,839,6-1 3-6 6-1,3,R128,100,9,3,69,35,28,19,12,7,9,5,10,67,34,22,14,11,2,7
2024-905,US Open,Hard,128,G,,20240826,47,213583,,,Tatjana Maria,R,172,GER,37.052,99,735,221333,,Q,Solana Sierra,R,,ARG,20.192,158,465,6-2 6-3,3,R128,68,6,2,51,33,28,9,9,5,6,1,5,55,34,17,9,8,7,11
2024-905,US Open,Hard,128,G,,20240826,48,221103,3,,Coco Gauff,R,175,USA,20.455,3,6743,219875,,,Varvara Gracheva,R,,FRA,24.066,66,935,6-2 6-0,3,R128,66,10,6,61,39,28,10,7,8,8,0,4,41,20,11,6,7,5,10
2024-905,US Open,Hard,128,G,,20240826,49,221012,7,,Qinwen Zheng,R,,CHN,21.884,7,3980,216153,,WC,Amanda Anisimova,R,180,USA,22.987,50,1206,4-6 6-4 6-2,3,R128,140,12,2,90,45,33,20,14,8,12,1,4,86,45,28,17,14,5,11
2024-905,US Open,Hard,128,G,,20240826,50,222965,,,Erika Andreeva,R,,RUS,20.173,75,892,206294,,,Yue Yuan,R,184,CHN,25.920,37,1464,6-3 7-6(7),3,R128,114,8,3,84,46,36,17,11,3,5,3,1,75,47,31,13,11,8,11
2024-905,US Open,Hard,128,G,,20240826,51,220416,,,Moyuka Uchijima,R,171,JPN,23.042,64,968,211337,,,Tamara Korpatsch,R,170,GER,29.293,111,648,3-6 6-3 6-4,3,R128,135,2,10,84,39,25,22,14,2,7,4,7,92,37,25,22,14,7,13
2024-905,US Open,Hard,128,G,,20240826,52,215898,,,Jule Niemeier,R,178,GER,25.041,101,724,215035,32,,Dayana Yastremska,R,175,UKR,24.282,34,1682,6-4 6-7(3) 6-4,3,R128,190,7,13,132,75,49,26,16,13,16,6,9,118,64,41,28,16,10,15
2024-905,US Open,Hard,128,G,,20240826,53,202499,24,,Donna Vekic,R,179,CRO,28.162,24,2013,214040,,Q,Kimberly Birrell,R,170,AUS,26.328,147,508,6-4 6-4,3,R128,93,1,4,59,31,22,15,10,1,3,2,3,66,41,23,12,10,2,6
2024-905,US Open,Hard,128,G,,20240826,54,213889,,,Greet Minnen,R,,BEL,27.034,70,918,211684,,,Magdalena Frech,R,171,POL,26.697,43,1363,7-5 7-5,3,R128,112,3,5,75,44,33,14,12,5,8,1,0,80,48,27,15,12,0,5
2024-905,US Open,Hard,128,G,,20240826,55,220548,,,Peyton Stearns,R,,USA,22.883,47,1283,201615,,,Lesia Tsurenko,R,174,UKR,35.242,85,854,6-1 7-5,3,R128,102,8,3,80,49,35,12,10,4,6,0,6,64,36,22,8,9,5,10
2024-905,US Open,Hard,128,G,,20240826,56,214082,12,,Daria Kasatkina,R,170,RUS,27.305,13,2973,211713,,,Jaqueline Cristian,R,180,ROU,26.226,69,919,6-2 6-4,3,R128,75,2,3,55,34,21,11,9,2,4,1,6,52,28,18,6,9,3,8
2024-905,US Open,Hard,128,G,,20240826,57,201619,14,,Madison Keys,R,178,USA,29.523,14,2727,211701,,,Katerina Siniakova,R,174,CZE,28.296,36,1474,6-4 6-1,3,R128,64,1,3,48,36,25,8,8,1,2,0,11,62,32,21,10,9,5,10
2024-905,US Open,Hard,128,G,,20240826,58,233741,,Q,Maya Joint,R,,AUS,18.363,135,544,201696,,,Laura Siegemund,R,168,GER,36.480,94,778,6-4 7-5,3,R128,100,1,0,60,40,24,12,11,0,3,1,3,61,36,20,12,11,4,9
2024-905,US Open,Hard,128,G,,20240826,59,201548,,,Ajla Tomljanovic,R,180,AUS,31.305,118,607,215983,,Q,Ann Li,R,170,USA,24.168,128,559,6-4 6-4,3,R128,101,2,11,98,63,40,16,10,11,13,3,3,58,35,23,9,10,5,9
2024-905,US Open,Hard,128,G,,20240826,60,210722,33,,Elise Mertens,R,179,BEL,28.775,35,1639,206368,,,Veronika Kudermetova,R,175,RUS,27.341,46,1308,3-6 6-4 6-3,3,R128,147,5,6,84,36,23,26,14,3,7,3,2,87,48,29,18,14,5,10
2024-905,US Open,Hard,128,G,,20240826,61,206420,29,,Ekaterina Alexandrova,R,175,RUS,29.780,31,1778,202600,,,Viktoriya Tomova,R,170,BUL,29.501,58,1031,6-7(4) 6-0 7-5,3,R128,153,7,5,106,63,47,19,15,9,12,2,3,94,66,35,12,15,7,14
2024-905,US Open,Hard,128,G,,20240826,62,260300,,WC,Iva Jovic,R,,USA,16.723,389,155,202663,,,Magda Linette,R,171,POL,32.537,42,1371,6-4 6-3,3,R128,88,0,0,54,29,20,16,9,3,4,5,2,65,42,29,7,10,4,8
2024-905,US Open,Hard,128,G,,20240826,63,214459,,,Lucia Bronzetti,R,,ITA,25.712,76,891,215138,,,Lulu Sun,L,,NZL,23.368,41,1373,6-3 RET,3,R128,64,3,0,37,21,15,9,5,4,4,3,1,29,13,9,8,4,0,1
2024-905,US Open,Hard,128,G,,20240826,64,214544,2,,Aryna Sabalenka,R,182,BLR,26.311,2,8016,211880,,Q,Priscilla Hon,R,171,AUS,26.298,203,345,6-3 6-3,3,R128,79,3,0,60,36,26,14,9,5,6,3,1,53,26,17,11,9,3,7
2024-905,US Open,Hard,128,G,,20240826,65,216347,1,,Iga Swiatek,R,176,POL,23.239,1,10695,214262,,Q,Ena Shibahara,R,170,JPN,26.536,217,323,6-0 6-1,3,R64,65,4,0,34,24,20,8,7,0,0,1,4,55,37,19,4,6,4,9
2024-905,US Open,Hard,128,G,,20240826,66,201499,25,,Anastasia Pavlyuchenkova,R,177,RUS,33.151,27,1961,220714,,,Elisabetta Cocciaretto,R,,ITA,23.584,65,963,5-7 6-1 6-2,3,R64,149,4,8,114,65,45,19,14,9,13,2,4,81,55,26,13,13,3,10
2024-905,US Open,Hard,128,G,,20240826,67,221909,,,Ashlyn Krueger,R,185,USA,20.304,59,1017,259799,21,,Mirra Andreeva,R,,RUS,17.328,23,2153,6-1 6-4,3,R64,64,1,4,53,30,23,10,9,2,5,4,2,43,27,16,2,8,4,10
2024-905,US Open,Hard,128,G,,20240826,68,214643,16,,Liudmila Samsonova,R,180,RUS,25.791,16,2610,213631,,,Marie Bouzkova,R,180,CZE,26.100,45,1312,3-6 7-6(1) 6-3,3,R64,169,12,6,103,57,41,23,16,4,8,4,5,94,50,32,24,14,3,6
2024-905,US Open,Hard,128,G,,20240826,69,201506,,,Sara Errani,R,164,ITA,37.329,96,760,214452,,,Caroline Dolehide,R,178,USA,25.975,49,1227,7-5 7-5,3,R64,110,0,1,64,48,36,11,12,0,1,2,2,92,74,47,5,12,11,14
2024-905,US Open,Hard,128,G,,20240826,70,223670,18,,Diana Shnaider,L,,RUS,20.400,18,2385,220704,,,Clara Tauson,R,182,DEN,21.681,67,929,6-4 6-4,3,R64,87,3,4,64,43,32,12,10,1,1,7,4,68,34,24,18,10,2,4
2024-905,US Open,Hard,128,G,,20240826,71,222601,,,Jessica Bouzas Maneiro,R,,ESP,21.922,74,896,211107,31,,Katie Boulter,R,180,GBR,28.069,33,1715,7-5 7-5,3,R64,105,2,8,78,44,28,16,12,3,6,1,3,73,40,24,16,12,3,8
2024-905,US Open,Hard,128,G,,20240826,72,202468,6,,Jessica Pegula,R,170,USA,30.503,6,5160,213550,,,Sofia Kenin,R,170,USA,25.783,54,1099,7-6(4) 6-3,3,R64,87,6,2,70,46,30,13,11,4,7,2,6,69,44,26,11,10,3,7
2024-905,US Open,Hard,128,G,,20240826,73,211316,,Q,Jessika Ponchet,R,,FRA,27.916,143,532,214981,4,,Elena Rybakina,R,184,KAZ,25.194,4,5931,W/O,3,R64,,,,,,,,,,,,,,,,,,,
2024-905,US Open,Hard,128,G,,20240826,74,201496,,,Caroline Wozniacki,R,177,DEN,34.128,71,908,213887,,,Renata Zarazua,R,,MEX,26.905,92,784,6-3 6-3,3,R64,109,1,5,56,38,26,9,9,5,7,0,1,67,46,21,12,9,4,9
2024-905,US Open,Hard,128,G,,20240826,75,206242,22,,Beatriz Haddad Maia,L,185,BRA,28.242,21,2221,204427,,,Sara Sorribes Tormo,R,176,ESP,27.883,115,624,6-2 6-1,3,R64,73,2,1,37,28,22,6,7,0,0,0,3,46,32,13,6,8,6,11
2024-905,US Open,Hard,128,G,,20240826,76,214939,15,,Anna Kalinskaya,R,175,RUS,25.734,15,2712,214388,,,Anna Bondar,R,,HUN,27.250,84,861,6-2 6-4,3,R64,76,1,0,51,37,27,9,9,4,5,7,7,58,28,20,10,9,1,5
2024-905,US Open,Hard,128,G,,20240826,77,214096,,,Karolina Muchova,R,178,CZE,28.014,52,1126,211768,,WC,Naomi Osaka,R,180,JPN,26.862,88,824,6-3 7-6(5),3,R64,94,7,1,59,47,36,7,10,2,3,6,4,76,43,32,14,11,4,7
2024-905,US Open,Hard,128,G,,20240826,78,215713,,,Anastasia Potapova,R,175,RUS,23.409,38,1397,201478,,Q,Varvara Lepchenko,L,180,USA,38.268,199,357,6-3 6-4,3,R64,89,1,3,76,39,29,18,10,6,7,3,0,65,40,23,14,9,7,10
2024-905,US Open,Hard,128,G,,20240826,79,201709,30,,Yulia Putintseva,R,163,KAZ,29.635,32,1761,216133,,,Xinyu Wang,R,182,CHN,22.916,40,1373,6-1 7-6(4),3,R64,127,1,2,80,52,29,16,9,9,12,1,1,87,49,23,20,10,7,13
2024-905,US Open,Hard,128,G,,20240826,80,211148,5,,Jasmine Paolini,R,160,ITA,28.644,5,5168,201662,,,Karolina Pliskova,R,184,CZE,32.433,44,1324,RET,3,R64,,,,,,,,,,,,,,,,,,,
2024-905,US Open,Hard,128,G,,20240826,81,211817,,Q,Elena Gabriela Ruse,R,,ROU,26.804,122,588,206252,8,,Barbora Krejcikova,R,178,CZE,28.691,8,3571,6-4 7-5,3,R64,105,8,3,62,36,28,13,11,4,6,6,7,74,42,26,12,11,4,8
2024-905,US Open,Hard,128,G,,20240826,82,211651,26,,Paula Badosa,R,180,ESP,26.779,29,1895,203501,,,Taylor Townsend,L,170,USA,28.362,48,1267,6-3 7-5,3,R64,100,6,8,69,42,32,11,10,4,6,6,5,78,50,35,5,11,7,12
2024-905,US Open,Hard,128,G,,20240826,83,201458,20,,Victoria Azarenka,R,180,BLR,35.073,20,2266,216262,,,Clara Burel,R,176,FRA,23.426,56,1075,6-1 6-4,3,R64,86,3,3,59,31,20,19,9,6,7,0,5,52,32,16,10,8,4,8
2024-905,US Open,Hard,128,G,,20240826,84,206374,,,Yafan Wang,R,170,CHN,30.325,80,861,220348,,,Diane Parry,R,170,FRA,21.985,60,1002,6-0 6-4,3,R64,94,5,4,72,41,31,15,8,8,8,3,2,53,29,16,12,8,4,8
2024-905,US Open,Hard,128,G,,20240826,85,215613,13,,Emma Navarro,R,,USA,23.275,12,3040,201551,,,Arantxa Rus,L,180,NED,33.704,93,779,6-1 6-1,3,R64,63,2,0,47,26,20,13,7,4,4,0,4,41,27,13,4,7,1,6
2024-905,US Open,Hard,128,G,,20240826,86,216146,19,,Marta Kostyuk,R,175,UKR,22.163,19,2348,211279,,,Harriet Dart,R,175,GBR,28.080,78,874,7-6(10) 6-1,3,R64,94,5,6,60,30,25,10,9,3,6,0,10,74,34,21,11,10,4,10
2024-905,US Open,Hard,128,G,,20240826,87,202494,27,,Elina Svitolina,R,174,UKR,29.955,28,1942,211843,,,Anhelina Kalinina,R,179,UKR,27.549,55,1076,6-1 6-2,3,R64,77,8,5,65,38,30,11,8,2,2,1,6,57,32,18,10,7,5,9
2024-905,US Open,Hard,128,G,,20240826,88,221103,3,,Coco Gauff,R,175,USA,20.455,3,6743,213583,,,Tatjana Maria,R,172,GER,37.052,99,735,6-4 6-0,3,R64,80,1,9,62,27,18,20,8,4,5,5,3,51,33,22,2,8,3,8
2024-905,US Open,Hard,128,G,,20240826,89,221012,7,,Qinwen Zheng,R,,CHN,21.884,7,3980,222965,,,Erika Andreeva,R,,RUS,20.173,75,892,6-7(3) 6-1 6-2,3,R64,148,20,5,79,45,37,17,14,3,5,2,2,91,51,31,18,13,9,15
2024-905,US Open,Hard,128,G,,20240826,90,215898,,,Jule Niemeier,R,178,GER,25.041,101,724,220416,,,Moyuka Uchijima,R,171,JPN,23.042,64,968,6-4 6-0,3,R64,96,6,5,56,30,20,15,8,3,4,1,7,56,25,14,11,8,5,10
2024-905,US Open,Hard,128,G,,20240826,91,202499,24,,Donna Vekic,R,179,CRO,28.162,24,2013,213889,,,Greet Minnen,R,,BEL,27.034,70,918,7-5 6-1,3,R64,80,7,3,52,30,25,12,9,2,2,3,5,60,37,23,9,10,1,5
2024-905,US Open,Hard,128,G,,20240826,92,220548,,,Peyton Stearns,R,,USA,22.883,47,1283,214082,12,,Daria Kasatkina,R,170,RUS,27.305,13,2973,6-1 7-6(3),3,R64,82,6,3,63,39,27,12,10,3,6,7,8,57,33,18,10,9,1,6
2024-905,US Open,Hard,128,G,,20240826,93,201619,14,,Madison Keys,R,178,USA,29.523,14,2727,233741,,Q,Maya Joint,R,,AUS,18.363,135,544,6-4 6-0,3,R64,62,4,1,54,34,25,12,8,2,2,0,3,48,29,22,3,8,3,7
2024-905,US Open,Hard,128,G,,20240826,94,210722,33,,Elise Mertens,R,179,BEL,28.775,35,1639,201548,,,Ajla Tomljanovic,R,180,AUS,31.305,118,607,6-3 6-2,3,R64,96,7,7,61,37,31,11,9,3,3,3,10,57,25,17,13,8,6,9
2024-905,US Open,Hard,128,G,,20240826,95,206420,29,,Ekaterina Alexandrova,R,175,RUS,29.780,31,1778,260300,,WC,Iva Jovic,R,,USA,16.723,389,155,4-6 6-4 7-5,3,R64,181,9,8,106,53,39,21,16,8,13,1,3,112,55,32,28,16,7,13
2024-905,US Open,Hard,128,G,,20240826,96,214544,2,,Aryna Sabalenka,R,182,BLR,26.311,2,8016,214459,,,Lucia Bronzetti,R,,ITA,25.712,76,891,6-3 6-1,3,R64,61,5,1,41,30,23,9,8,0,0,2,3,48,27,17,8,8,4,8
2024-905,US Open,Hard,128,G,,20240826,97,216347,1,,Iga Swiatek,R,176,POL,23.239,1,10695,201499,25,,Anastasia Pavlyuchenkova,R,177,RUS,33.151,27,1961,6-4 6-2,3,R32,92,0,2,48,31,24,12,9,0,0,3,1,61,33,19,14,9,2,5
2024-905,US Open,Hard,128,G,,20240826,98,214643,16,,Liudmila Samsonova,R,180,RUS,25.791,16,2610,221909,,,Ashlyn Krueger,R,185,USA,20.304,59,1017,6-1 6-1,3,R32,62,0,0,36,20,17,12,7,0,0,2,2,52,33,12,11,7,7,12
2024-905,US Open,Hard,128,G,,20240826,99,223670,18,,Diana Shnaider,L,,RUS,20.400,18,2385,201506,,,Sara Errani,R,164,ITA,37.329,96,760,6-2 6-2,3,R32,62,2,2,45,36,27,4,8,0,1,0,3,55,42,23,3,8,3,8
2024-905,US Open,Hard,128,G,,20240826,100,202468,6,,Jessica Pegula,R,170,USA,30.503,6,5160,222601,,,Jessica Bouzas Maneiro,R,,ESP,21.922,74,896,6-3 6-3,3,R32,70,3,3,49,28,25,12,9,3,4,0,6,60,35,18,12,9,5,9
2024-905,US Open,Hard,128,G,,20240826,101,201496,,,Caroline Wozniacki,R,177,DEN,34.128,71,908,211316,,Q,Jessika Ponchet,R,,FRA,27.916,143,532,6-3 6-2,3,R32,75,3,0,46,29,21,15,9,0,0,4,5,60,33,24,9,8,3,6
2024-905,US Open,Hard,128,G,,20240826,102,206242,22,,Beatriz Haddad Maia,L,185,BRA,28.242,21,2221,214939,15,,Anna Kalinskaya,R,175,RUS,25.734,15,2712,6-3 6-1,3,R32,80,3,5,56,36,24,10,8,7,8,0,5,45,29,15,6,8,1,6
2024-905,US Open,Hard,128,G,,20240826,103,214096,,,Karolina Muchova,R,178,CZE,28.014,52,1126,215713,,,Anastasia Potapova,R,175,RUS,23.409,38,1397,6-4 6-2,3,R32,73,8,1,48,26,21,16,9,2,2,2,8,58,33,24,7,9,4,7
2024-905,US Open,Hard,128,G,,20240826,104,211148,5,,Jasmine Paolini,R,160,ITA,28.644,5,5168,201709,30,,Yulia Putintseva,R,163,KAZ,29.635,32,1761,6-3 6-4,3,R32,93,1,1,69,42,28,16,10,7,9,2,2,65,47,25,9,9,2,6
2024-905,US Open,Hard,128,G,,20240826,105,211651,26,,Paula Badosa,R,180,ESP,26.779,29,1895,211817,,Q,Elena Gabriela Ruse,R,,ROU,26.804,122,588,4-6 6-1 7-6(8),3,R32,152,8,8,107,49,36,24,15,7,12,2,3,93,42,21,25,14,4,10
2024-905,US Open,Hard,128,G,,20240826,106,206374,,,Yafan Wang,R,170,CHN,30.325,80,861,201458,20,,Victoria Azarenka,R,180,BLR,35.073,20,2266,6-4 3-6 6-1,3,R32,142,2,3,83,44,31,18,13,2,6,1,1,78,49,30,12,13,7,13
2024-905,US Open,Hard,128,G,,20240826,107,215613,13,,Emma Navarro,R,,USA,23.275,12,3040,216146,19,,Marta Kostyuk,R,175,UKR,22.163,19,2348,6-4 4-6 6-3,3,R32,113,0,3,84,64,40,9,15,2,6,2,7,87,53,34,17,14,6,11
2024-905,US Open,Hard,128,G,,20240826,108,221103,3,,Coco Gauff,R,175,USA,20.455,3,6743,202494,27,,Elina Svitolina,R,174,UKR,29.955,28,1942,3-6 6-3 6-3,3,R32,123,2,4,88,47,37,18,13,5,7,2,7,87,51,37,14,14,6,10
2024-905,US Open,Hard,128,G,,20240826,109,221012,7,,Qinwen Zheng,R,,CHN,21.884,7,3980,215898,,,Jule Niemeier,R,178,GER,25.041,101,724,6-2 6-1,3,R32,81,7,3,49,25,21,11,7,1,1,2,5,43,19,9,9,8,0,5
2024-905,US Open,Hard,128,G,,20240826,110,202499,24,,Donna Vekic,R,179,CRO,28.162,24,2013,220548,,,Peyton Stearns,R,,USA,22.883,47,1283,7-5 6-4,3,R32,90,8,1,55,31,27,13,11,3,5,4,3,66,42,26,11,11,3,7
2024-905,US Open,Hard,128,G,,20240826,111,210722,33,,Elise Mertens,R,179,BEL,28.775,35,1639,201619,14,,Madison Keys,R,178,USA,29.523,14,2727,6-7(5) 7-5 6-4,3,R32,174,4,10,110,56,45,25,17,7,10,7,8,124,94,57,13,17,11,16
2024-905,US Open,Hard,128,G,,20240826,112,214544,2,,Aryna Sabalenka,R,182,BLR,26.311,2,8016,206420,29,,Ekaterina Alexandrova,R,175,RUS,29.780,31,1778,2-6 6-1 6-2,3,R32,100,5,4,72,45,31,14,12,4,7,6,4,73,44,24,14,11,9,14
2024-905,US Open,Hard,128,G,,20240826,113,216347,1,,Iga Swiatek,R,176,POL,23.239,1,10695,214643,16,,Liudmila Samsonova,R,180,RUS,25.791,16,2610,6-4 6-1,3,R16,90,3,1,53,33,29,9,9,0,0,1,3,55,33,18,12,8,5,8
2024-905,US Open,Hard,128,G,,20240826,114,202468,6,,Jessica Pegula,R,170,USA,30.503,6,5160,223670,18,,Diana Shnaider,L,,RUS,20.400,18,2385,6-4 6-2,3,R16,87,6,2,66,35,28,12,9,7,9,1,3,70,44,26,10,9,5,10
2024-905,US Open,Hard,128,G,,20240826,115,206242,22,,Beatriz Haddad Maia,L,185,BRA,28.242,21,2221,201496,,,Caroline Wozniacki,R,177,DEN,34.128,71,908,6-2 3-6 6-3,3,R16,161,5,4,104,70,49,13,13,13,16,4,4,85,54,36,10,13,3,8
2024-905,US Open,Hard,128,G,,20240826,116,214096,,,Karolina Muchova,R,178,CZE,28.014,52,1126,211148,5,,Jasmine Paolini,R,160,ITA,28.644,5,5168,6-3 6-3,3,R16,69,3,0,44,28,23,11,9,2,3,1,0,53,37,21,8,9,3,7
2024-905,US Open,Hard,128,G,,20240826,117,211651,26,,Paula Badosa,R,180,ESP,26.779,29,1895,206374,,,Yafan Wang,R,170,CHN,30.325,80,861,6-1 6-2,3,R16,82,4,7,68,40,28,15,8,8,8,3,1,48,32,19,5,7,1,5
2024-905,US Open,Hard,128,G,,20240826,118,215613,13,,Emma Navarro,R,,USA,23.275,12,3040,221103,3,,Coco Gauff,R,175,USA,20.455,3,6743,6-3 4-6 6-3,3,R16,132,1,2,86,57,38,19,14,3,5,2,19,102,47,37,22,14,8,12
2024-905,US Open,Hard,128,G,,20240826,119,221012,7,,Qinwen Zheng,R,,CHN,21.884,7,3980,202499,24,,Donna Vekic,R,179,CRO,28.162,24,2013,7-6(2) 4-6 6-2,3,R16,170,10,6,109,63,51,19,15,5,7,9,8,98,57,41,20,15,5,8
2024-905,US Open,Hard,128,G,,20240826,120,214544,2,,Aryna Sabalenka,R,182,BLR,26.311,2,8016,210722,33,,Elise Mertens,R,179,BEL,28.775,35,1639,6-2 6-4,3,R16,97,6,2,64,37,27,16,9,8,8,3,5,67,31,24,12,9,3,6
2024-905,US Open,Hard,128,G,,20240826,121,202468,6,,Jessica Pegula,R,170,USA,30.503,6,5160,216347,1,,Iga Swiatek,R,176,POL,23.239,1,10695,6-2 6-4,3,QF,88,0,1,54,35,27,10,9,2,3,0,2,60,41,23,9,9,4,8
2024-905,US Open,Hard,128,G,,20240826,122,214096,,,Karolina Muchova,R,178,CZE,28.014,52,1126,206242,22,,Beatriz Haddad Maia,L,185,BRA,28.242,21,2221,6-1 6-4,3,QF,85,2,2,49,37,29,5,9,2,3,0,1,53,34,18,10,8,8,12
2024-905,US Open,Hard,128,G,,20240826,123,215613,13,,Emma Navarro,R,,USA,23.275,12,3040,211651,26,,Paula Badosa,R,180,ESP,26.779,29,1895,6-2 7-5,3,QF,72,0,2,58,41,29,10,10,4,6,4,7,54,35,22,5,10,3,8
2024-905,US Open,Hard,128,G,,20240826,124,214544,2,,Aryna Sabalenka,R,182,BLR,26.311,2,8016,221012,7,,Qinwen Zheng,R,,CHN,21.884,7,3980,6-1 6-2,3,QF,73,3,3,58,41,30,9,8,1,1,5,3,43,19,14,8,7,4,8
2024-905,US Open,Hard,128,G,,20240826,125,202468,6,,Jessica Pegula,R,170,USA,30.503,6,5160,214096,,,Karolina Muchova,R,178,CZE,28.014,52,1126,1-6 6-4 6-2,3,SF,132,1,1,88,59,34,15,12,7,11,6,3,86,53,34,14,13,8,13
2024-905,US Open,Hard,128,G,,20240826,126,214544,2,,Aryna Sabalenka,R,182,BLR,26.311,2,8016,215613,13,,Emma Navarro,R,,USA,23.275,12,3040,6-3 7-6(2),3,SF,90,8,5,69,47,35,10,11,3,5,1,1,63,47,32,4,10,3,6
2024-905,US Open,Hard,128,G,,20240826,127,214544,2,,Aryna Sabalenka,R,182,BLR,26.311,2,8016,202468,6,,Jessica Pegula,R,170,USA,30.503,6,5160,7-5 7-5,3,F,113,6,5,82,49,32,14,12,3,7,4,4,85,57,37,6,12,9,15
2024-2072,Monastir,Hard,32,250,,20240909,1,216262,2,,Clara Burel,R,176,FRA,23.464,58,1015,215453,,,Marina Bassols Ribera,R,165,ESP,24.742,113,635,6-2 6-2,3,R32,,7,3,61,34,23,15,8,5,6,1,4,51,35,17,6,8,2,7
2024-2072,Monastir,Hard,32,250,,20240909,2,211685,,,Rebecca Sramkova,R,,SVK,27.891,136,547,221039,,Q,Elsa Jacquemot,R,,FRA,21.356,142,517,2-6 7-5 6-3,3,R32,,3,9,98,55,36,23,15,6,9,9,7,97,58,41,17,14,6,9
2024-2072,Monastir,Hard,32,250,,20240909,3,213544,,,Jana Fett,R,168,CRO,27.853,133,552,210886,,,Mayar Sherif,R,180,EGY,28.348,92,793,1-6 6-3 6-4,3,R32,,1,6,84,60,39,15,13,7,9,3,3,75,52,36,12,13,1,3
2024-2072,Monastir,Hard,32,250,,20240909,4,204427,,,Sara Sorribes Tormo,R,176,ESP,27.921,115,624,215020,8,,Anna Blinkova,R,179,RUS,25.999,79,861,6-4 6-4,3,R32,,0,3,65,49,27,5,10,2,7,0,5,60,38,18,7,10,7,14
2024-2072,Monastir,Hard,32,250,,20240909,5,222045,,Q,Antonia Ruzic,R,,CRO,21.638,173,424,206408,4,,Nadia Podoroska,R,170,ARG,27.579,71,918,1-6 6-2 6-4,3,R32,,0,3,71,54,31,7,13,1,7,3,6,79,51,32,10,12,8,14
2024-2072,Monastir,Hard,32,250,,20240909,6,213908,,,Yuriko Miyazaki,R,165,GBR,28.830,166,450,219917,,,Alycia Parks,R,185,USA,23.691,114,627,6-3 5-7 6-3,3,R32,,0,9,89,60,36,14,15,9,15,2,15,104,54,35,16,15,5,13
2024-2072,Monastir,Hard,32,250,,20240909,7,215983,,,Ann Li,R,170,USA,24.206,124,579,201540,,WC,Kristina Mladenovic,R,184,FRA,31.324,218,326,6-2 6-1,3,R32,,2,3,44,30,25,5,8,1,2,0,6,65,49,22,6,7,7,12
2024-2072,Monastir,Hard,32,250,,20240909,8,214459,7,,Lucia Bronzetti,R,,ITA,25.750,86,831,213646,,,Dalma Galfi,R,178,HUN,26.076,131,557,6-2 6-1,3,R32,,0,1,51,37,24,11,7,6,6,2,4,63,49,24,5,8,8,13
2024-2072,Monastir,Hard,32,250,,20240909,9,222661,,Q,Sonay Kartal,R,,GBR,22.867,151,486,211713,5,,Jaqueline Cristian,R,180,ROU,26.265,74,900,4-6 6-3 7-5,3,R32,,2,4,101,70,42,13,16,7,14,3,5,93,57,27,18,15,5,13
2024-2072,Monastir,Hard,32,250,,20240909,10,215988,,,Mai Hontama,R,,JPN,25.030,109,657,221187,,WC,Priska Madelyn Nugroho,R,,INA,21.284,621,68,6-2 6-1,3,R32,,0,2,48,33,21,8,7,1,3,0,3,46,32,12,3,8,4,11
2024-2072,Monastir,Hard,32,250,,20240909,11,263857,,Q,Yuliia Starodubtseva,R,,UKR,24.562,130,558,215480,,,Suzan Lamens,R,,NED,25.183,138,537,6-2 3-6 6-4,3,R32,,2,3,80,47,30,14,14,4,10,1,2,90,65,36,7,13,5,12
2024-2072,Monastir,Hard,32,250,,20240909,12,220348,3,,Diane Parry,R,170,FRA,22.024,55,1062,214032,,WC,Chiraz Bechri,R,,TUN,26.133,1206,9,6-3 6-0,3,R32,,4,2,46,23,19,14,8,3,4,0,1,38,14,3,11,7,1,6
2024-2072,Monastir,Hard,32,250,,20240909,13,213889,6,,Greet Minnen,R,,BEL,27.072,88,818,221434,,LL,Aliona Falei,,,BLR,20.449,207,342,6-0 3-6 6-2,3,R32,,1,5,69,47,34,9,11,4,6,2,3,76,47,29,11,12,6,12
2024-2072,Monastir,Hard,32,250,,20240909,14,220309,,Q,Zeynep Sonmez,R,,TUR,22.363,148,497,214119,,,Rebeka Masarova,R,186,ESP,25.096,116,620,4-6 7-6(4) 6-3,3,R32,,0,4,117,74,43,21,15,9,15,6,6,97,69,43,12,16,3,10
2024-2072,Monastir,Hard,32,250,,20240909,15,220332,,,Eva Lys,R,165,GER,22.659,126,572,201615,,,Lesia Tsurenko,R,174,UKR,35.281,91,794,6-3 7-5,3,R32,,1,3,70,53,31,9,11,2,5,0,9,75,41,26,12,10,8,13
2024-2072,Monastir,Hard,32,250,,20240909,16,210722,1,,Elise Mertens,R,179,BEL,28.814,32,1749,220435,,,Anastasia Zakharova,R,,RUS,22.642,146,504,6-2 6-0,3,R32,,1,2,39,13,9,17,7,2,4,0,4,46,25,8,5,7,3,10
2024-2072,Monastir,Hard,32,250,,20240909,17,211685,,,Rebecca Sramkova,R,,SVK,27.891,136,547,216262,2,,Clara Burel,R,176,FRA,23.464,58,1015,7-6(4) 7-5,3,R16,,1,3,83,53,30,15,12,8,13,1,9,97,54,32,14,12,9,15
2024-2072,Monastir,Hard,32,250,,20240909,18,204427,,,Sara Sorribes Tormo,R,176,ESP,27.921,115,624,213544,,,Jana Fett,R,168,CRO,27.853,133,552,5-7 6-3 6-4,3,R16,,2,2,98,74,38,12,16,4,11,2,7,97,54,34,11,15,5,13
2024-2072,Monastir,Hard,32,250,,20240909,19,222045,,Q,Antonia Ruzic,R,,CRO,21.638,173,424,213908,,,Yuriko Miyazaki,R,165,GBR,28.830,166,450,6-3 6-1,3,R16,,0,0,47,32,21,12,8,1,1,0,2,48,37,18,6,8,1,5
2024-2072,Monastir,Hard,32,250,,20240909,20,214459,7,,Lucia Bronzetti,R,,ITA,25.750,86,831,215983,,,Ann Li,R,170,USA,24.206,124,579,6-4 7-6(3),3,R16,,0,0,73,52,29,14,11,9,13,1,2,86,59,31,11,11,3,8
2024-2072,Monastir,Hard,32,250,,20240909,21,222661,,Q,Sonay Kartal,R,,GBR,22.867,151,486,215988,,,Mai Hontama,R,,JPN,25.030,109,657,6-2 6-2,3,R16,,0,0,50,38,28,7,8,0,0,2,1,55,37,20,9,8,4,8
2024-2072,Monastir,Hard,32,250,,20240909,22,263857,,Q,Yuliia Starodubtseva,R,,UKR,24.562,130,558,220348,3,,Diane Parry,R,170,FRA,22.024,55,1062,6-4 6-4,3,R16,,1,0,94,70,45,12,10,12,13,6,1,68,42,28,12,10,3,6
2024-2072,Monastir,Hard,32,250,,20240909,23,220309,,Q,Zeynep Sonmez,R,,TUR,22.363,148,497,213889,6,,Greet Minnen,R,,BEL,27.072,88,818,6-4 1-6 6-3,3,R16,,0,8,104,67,39,15,13,13,18,4,5,86,55,36,12,13,7,12
2024-2072,Monastir,Hard,32,250,,20240909,24,220332,,,Eva Lys,R,165,GER,22.659,126,572,210722,1,,Elise Mertens,R,179,BEL,28.814,32,1749,1-6 6-2 7-6(4),3,R16,,0,3,98,66,34,18,14,3,10,7,7,95,56,38,13,13,5,11
2024-2072,Monastir,Hard,32,250,,20240909,25,211685,,,Rebecca Sramkova,R,,SVK,27.891,136,547,204427,,,Sara Sorribes Tormo,R,176,ESP,27.921,115,624,1-6 7-6(5) 7-5,3,QF,,3,4,125,78,44,17,15,8,17,0,7,104,79,46,10,16,5,13
2024-2072,Monastir,Hard,32,250,,20240909,26,214459,7,,Lucia Bronzetti,R,,ITA,25.750,86,831,222045,,Q,Antonia Ruzic,R,,CRO,21.638,173,424,6-2 6-1,3,QF,,0,2,43,31,22,5,7,1,2,0,2,45,29,12,3,8,2,8
2024-2072,Monastir,Hard,32,250,,20240909,27,222661,,Q,Sonay Kartal,R,,GBR,22.867,151,486,263857,,Q,Yuliia Starodubtseva,R,,UKR,24.562,130,558,7-6(4) 6-2,3,QF,,2,2,66,42,28,10,10,1,4,1,1,91,72,38,6,10,14,19
2024-2072,Monastir,Hard,32,250,,20240909,28,220332,,,Eva Lys,R,165,GER,22.659,126,572,220309,,Q,Zeynep Sonmez,R,,TUR,22.363,148,497,7-5 6-3,3,QF,,1,3,75,53,30,15,11,5,8,1,3,77,49,28,12,10,8,13
2024-2072,Monastir,Hard,32,250,,20240909,29,211685,,,Rebecca Sramkova,R,,SVK,27.891,136,547,214459,7,,Lucia Bronzetti,R,,ITA,25.750,86,831,6-3 6-4,3,SF,,1,3,67,39,25,15,9,2,4,2,1,56,41,24,6,10,3,8
2024-2072,Monastir,Hard,32,250,,20240909,30,222661,,Q,Sonay Kartal,R,,GBR,22.867,151,486,220332,,,Eva Lys,R,165,GER,22.659,126,572,5-1 RET,3,SF,,0,0,16,13,11,1,3,0,0,0,1,12,5,2,2,3,0,2
2024-2072,Monastir,Hard,32,250,,20240909,31,222661,,Q,Sonay Kartal,R,,GBR,22.867,151,486,211685,,,Rebecca Sramkova,R,,SVK,27.891,136,547,6-3 7-5,3,F,,3,2,73,47,31,9,11,5,10,0,0,71,38,17,12,10,7,14
2024-2075,Guadalajara,Hard,32,500,,20240909,1,216265,,Q,Olivia Gadecki,R,,AUS,22.380,152,484,201585,,,Sloane Stephens,R,170,USA,31.475,63,987,6-4 6-3,3,R32,85,6,3,55,31,20,14,10,1,4,0,2,67,42,23,9,9,7,12
2024-2075,Guadalajara,Hard,32,500,,20240909,2,213887,,,Renata Zarazua,R,,MEX,26.944,85,834,211843,,,Anhelina Kalinina,R,179,UKR,27.587,52,1136,6-1 3-6 6-1,3,R32,111,1,1,70,49,32,12,12,2,5,1,6,63,37,18,12,11,3,9
2024-2075,Guadalajara,Hard,32,500,,20240909,3,203354,,,Martina Trevisan,L,160,ITA,30.851,99,740,214452,8,,Caroline Dolehide,R,178,USA,26.013,44,1287,6-3 6-2,3,R32,78,1,0,42,30,21,7,8,2,4,3,5,63,40,22,7,9,7,13
2024-2075,Guadalajara,Hard,32,500,,20240909,4,215872,,,Kamilla Rakhimova,R,,RUS,23.034,89,812,202434,,Q,Aleksandra Krunic,R,163,SRB,31.489,283,236,7-5 6-0,3,R32,76,3,6,59,31,24,11,9,2,4,1,4,57,29,15,11,9,1,7
2024-2075,Guadalajara,Hard,32,500,,20240909,5,215785,,,Camila Osorio,R,162,COL,22.716,80,861,221024,,,Hailey Baptiste,R,,USA,22.851,102,704,6-3 6-2,3,R32,66,2,5,49,25,24,10,9,4,5,0,3,47,23,15,8,8,0,4
2024-2075,Guadalajara,Hard,32,500,,20240909,6,206368,7,,Veronika Kudermetova,R,175,RUS,27.379,42,1308,203500,,LL,Sachia Vickery,R,162,USA,29.334,160,461,6-4 6-4,3,R32,98,2,3,79,48,29,16,10,5,8,5,6,63,36,22,9,10,0,5
2024-2075,Guadalajara,Hard,32,500,,20240909,7,213631,6,,Marie Bouzkova,R,180,CZE,26.139,45,1252,223253,,Q,Alexandra Eala,L,173,PHI,19.300,147,502,6-2 6-2,3,R32,96,3,4,63,36,22,13,8,6,8,0,4,57,33,13,12,8,6,12
2024-2075,Guadalajara,Hard,32,500,,20240909,8,214593,,Q,Lucrezia Stefanini,R,,ITA,26.322,178,406,204419,,WC,Ana Sofia Sanchez,L,,MEX,30.410,285,235,6-0 3-6 6-2,3,R32,133,1,1,78,61,37,11,12,3,6,0,5,91,59,31,11,11,6,12
2024-2075,Guadalajara,Hard,32,500,,20240909,9,214262,,Q,Ena Shibahara,R,170,JPN,26.574,169,432,214040,,Q,Kimberly Birrell,R,170,AUS,26.366,150,489,6-4 7-6(4),3,R32,101,4,5,69,41,31,11,11,5,9,3,3,68,40,23,15,11,0,5
2024-2075,Guadalajara,Hard,32,500,,20240909,10,211684,5,,Magdalena Frech,R,171,POL,26.736,43,1303,211765,,,Emina Bektas,R,,USA,31.448,117,617,6-4 6-4,3,R32,79,11,3,58,37,31,11,10,4,5,4,5,62,40,28,8,10,2,5
2024-2075,Guadalajara,Hard,32,500,,20240909,11,221909,,,Ashlyn Krueger,R,185,USA,20.343,51,1137,213583,,,Tatjana Maria,R,172,GER,37.090,82,846,7-5 6-2,3,R32,100,4,9,72,42,30,14,10,6,8,1,7,77,37,26,13,10,5,10
2024-2075,Guadalajara,Hard,32,500,,20240909,12,222233,,WC,Marina Stakusic,R,,CAN,19.784,155,480,203533,,,Anna Karolina Schmiedlova,R,176,SVK,29.991,98,745,6-2 6-4,3,R32,91,5,3,60,35,25,14,9,5,6,2,1,49,30,16,8,9,0,4
2024-2075,Guadalajara,Hard,32,500,,20240909,13,216265,,Q,Olivia Gadecki,R,,AUS,22.380,152,484,203389,2,,Danielle Collins,R,178,USA,30.741,11,3362,6-3 6-3,3,R16,84,0,4,56,33,24,13,9,1,2,4,8,62,34,24,9,9,5,9
2024-2075,Guadalajara,Hard,32,500,,20240909,14,203354,,,Martina Trevisan,L,160,ITA,30.851,99,740,213887,,,Renata Zarazua,R,,MEX,26.944,85,834,6-4 6-3,3,R16,121,3,4,72,51,30,10,10,5,8,0,3,70,53,25,8,9,4,9
2024-2075,Guadalajara,Hard,32,500,,20240909,15,215872,,,Kamilla Rakhimova,R,,RUS,23.034,89,812,201458,3,,Victoria Azarenka,R,180,BLR,35.111,19,2326,6-2 3-0 RET,3,R16,63,1,0,39,26,18,7,5,5,5,1,5,30,17,6,4,6,0,4
2024-2075,Guadalajara,Hard,32,500,,20240909,16,215785,,,Camila Osorio,R,162,COL,22.716,80,861,206368,7,,Veronika Kudermetova,R,175,RUS,27.379,42,1308,7-6 6-7(2) 7-5,3,R16,201,0,8,133,80,45,26,18,7,14,4,4,129,75,40,27,18,10,18
2024-2075,Guadalajara,Hard,32,500,,20240909,17,213631,6,,Marie Bouzkova,R,180,CZE,26.139,45,1252,214593,,Q,Lucrezia Stefanini,R,,ITA,26.322,178,406,6-2 6-1,3,R16,91,3,3,54,33,21,16,8,3,3,0,3,47,34,17,4,7,3,7
2024-2075,Guadalajara,Hard,32,500,,20240909,18,201614,4,,Caroline Garcia,R,177,FRA,30.900,30,1808,214262,,Q,Ena Shibahara,R,170,JPN,26.574,169,432,7-6(3) 7-6(5),3,R16,110,10,7,84,44,32,26,12,5,6,5,4,71,45,39,12,12,1,2
2024-2075,Guadalajara,Hard,32,500,,20240909,19,211684,5,,Magdalena Frech,R,171,POL,26.736,43,1303,221909,,,Ashlyn Krueger,R,185,USA,20.343,51,1137,3-6 6-3 6-1,3,R16,115,3,7,75,42,28,15,12,2,6,3,8,88,49,30,13,13,4,11
2024-2075,Guadalajara,Hard,32,500,,20240909,20,222233,,WC,Marina Stakusic,R,,CAN,19.784,155,480,211533,1,,Jelena Ostapenko,R,177,LAT,27.256,12,3008,6-3 5-7 7-6(0),3,R16,184,5,17,125,73,47,21,16,9,16,10,17,120,57,37,22,17,10,18
2024-2075,Guadalajara,Hard,32,500,,20240909,21,216265,,Q,Olivia Gadecki,R,,AUS,22.380,152,484,203354,,,Martina Trevisan,L,160,ITA,30.851,99,740,6-2 3-6 6-1,3,QF,108,4,6,73,42,29,10,12,4,9,1,5,64,47,23,3,12,2,10
2024-2075,Guadalajara,Hard,32,500,,20240909,22,215785,,,Camila Osorio,R,162,COL,22.716,80,861,215872,,,Kamilla Rakhimova,R,,RUS,23.034,89,812,7-6(6) 6-2,3,QF,107,3,2,73,51,34,11,10,7,9,3,5,68,38,23,13,10,3,7
2024-2075,Guadalajara,Hard,32,500,,20240909,23,201614,4,,Caroline Garcia,R,177,FRA,30.900,30,1808,213631,6,,Marie Bouzkova,R,180,CZE,26.139,45,1252,W/O,3,QF,,,,,,,,,,,,,,,,,,,
2024-2075,Guadalajara,Hard,32,500,,20240909,24,211684,5,,Magdalena Frech,R,171,POL,26.736,43,1303,222233,,WC,Marina Stakusic,R,,CAN,19.784,155,480,6-4 6-3,3,QF,104,2,1,71,40,29,16,10,5,6,0,2,66,43,29,8,9,6,9
2024-2075,Guadalajara,Hard,32,500,,20240909,25,216265,,Q,Olivia Gadecki,R,,AUS,22.380,152,484,215785,,,Camila Osorio,R,162,COL,22.716,80,861,6-2 6-3,3,SF,79,5,3,56,36,26,11,9,4,5,3,4,50,30,16,11,8,8,12
2024-2075,Guadalajara,Hard,32,500,,20240909,26,211684,5,,Magdalena Frech,R,171,POL,26.736,43,1303,201614,4,,Caroline Garcia,R,177,FRA,30.900,30,1808,7-6(4) 7-5,3,SF,126,1,7,89,55,37,15,12,8,12,7,6,89,58,39,7,12,7,12
2024-2075,Guadalajara,Hard,32,500,,20240909,27,211684,5,,Magdalena Frech,R,171,POL,26.736,43,1303,216265,,Q,Olivia Gadecki,R,,AUS,22.380,152,484,7-6(5) 6-4,3,F,116,4,1,69,44,30,15,11,2,4,2,4,79,45,30,13,11,2,5
2024-1024,Seoul,Hard,32,500,,20240916,1,206368,,,Veronika Kudermetova,R,175,RUS,27.398,44,1308,201533,,,Shuai Zhang,R,177,CHN,35.653,601,70,6-4 6-3,3,R32,86,2,1,56,27,15,21,9,4,6,4,4,64,36,20,13,10,2,7
2024-1024,Seoul,Hard,32,500,,20240916,2,202600,,,Viktoriya Tomova,R,170,BUL,29.558,54,1031,213583,,,Tatjana Maria,R,172,GER,37.110,82,846,6-2 1-6 6-0,3,R32,96,0,6,68,38,23,19,10,6,8,4,2,66,32,20,14,11,5,10
2024-1024,Seoul,Hard,32,500,,20240916,3,216153,,,Amanda Anisimova,R,180,USA,23.045,46,1216,201709,6,,Yulia Putintseva,R,163,KAZ,29.693,30,1841,6-3 7-6(5),3,R32,99,0,7,72,36,22,20,11,2,6,2,1,69,38,20,15,10,5,10
2024-1024,Seoul,Hard,32,500,,20240916,4,201548,,,Ajla Tomljanovic,R,180,AUS,31.363,122,607,204294,,WC,Su Jeong Jang,R,,KOR,29.515,231,309,7-6(4) 4-6 6-3,3,R32,183,0,16,114,69,39,14,15,10,19,3,13,112,58,35,15,16,8,18
2024-1024,Seoul,Hard,32,500,,20240916,5,221236,,LL,Polina Kudermetova,R,,RUS,21.287,163,459,211880,,Q,Priscilla Hon,R,171,AUS,26.355,197,365,7-5 6-4,3,R32,114,4,5,80,42,34,17,11,4,5,10,3,74,38,28,16,11,2,5
2024-1024,Seoul,Hard,32,500,,20240916,6,206420,7,,Ekaterina Alexandrova,R,175,RUS,29.838,31,1778,201478,,Q,Varvara Lepchenko,L,180,USA,38.325,168,454,7-5 3-6 6-0,3,R32,122,6,16,77,37,28,16,13,3,7,4,5,90,52,27,19,14,7,14
2024-1024,Seoul,Hard,32,500,,20240916,7,216146,5,,Marta Kostyuk,R,175,UKR,22.221,18,2445,201551,,,Arantxa Rus,L,180,NED,33.761,84,839,6-3 6-1,3,R32,78,4,10,52,24,17,12,8,3,5,2,4,68,46,23,7,8,8,14
2024-1024,Seoul,Hard,32,500,,20240916,8,201586,,Q,Heather Watson,R,170,GBR,32.329,183,390,203288,,Q,Jia Jing Lu,R,173,CHN,34.829,274,247,6-4 6-4,3,R32,96,5,2,55,26,23,15,10,1,2,2,6,74,30,19,24,10,8,11
2024-1024,Seoul,Hard,32,500,,20240916,9,203475,,Q,Carol Zhao,R,165,CAN,29.244,272,250,220432,,WC,Dayeon Back,,,KOR,22.645,332,188,6-4 6-1,3,R32,91,2,13,68,44,32,7,8,7,9,0,2,60,33,18,7,9,4,10
2024-1024,Seoul,Hard,32,500,,20240916,10,206294,8,,Yue Yuan,R,184,CHN,25.977,40,1349,211817,,Q,Elena Gabriela Ruse,R,,ROU,26.862,101,718,4-6 6-2 6-2,3,R32,127,1,2,74,44,33,16,13,5,8,6,8,80,40,25,17,13,7,13
2024-1024,Seoul,Hard,32,500,,20240916,11,221054,,,Emma Raducanu,R,175,GBR,21.843,70,917,220548,,,Peyton Stearns,R,,USA,22.941,48,1173,7-6(4) 7-6(5),3,R32,163,2,8,109,72,43,13,12,9,15,3,8,94,59,33,12,12,7,13
2024-1024,Seoul,Hard,32,500,,20240916,12,221024,,,Hailey Baptiste,R,,USA,22.870,105,704,201585,,,Sloane Stephens,R,170,USA,31.494,65,942,7-6(4) 6-2,3,R32,97,7,3,69,39,32,14,10,4,5,0,2,62,41,23,12,10,1,4
2024-1024,Seoul,Hard,32,500,,20240916,13,206368,,,Veronika Kudermetova,R,175,RUS,27.398,44,1308,214643,2,,Liudmila Samsonova,R,180,RUS,25.849,15,2720,6-4 6-2,3,R16,100,2,1,60,28,20,16,9,4,6,5,2,52,28,18,8,9,3,8
2024-1024,Seoul,Hard,32,500,,20240916,14,202600,,,Viktoriya Tomova,R,170,BUL,29.558,54,1031,216153,,,Amanda Anisimova,R,180,USA,23.045,46,1216,7-5 4-1 RET,3,R16,88,4,0,49,27,17,12,8,1,4,1,3,65,37,20,10,9,6,12
2024-1024,Seoul,Hard,32,500,,20240916,15,206242,3,,Beatriz Haddad Maia,L,185,BRA,28.299,17,2516,201548,,,Ajla Tomljanovic,R,180,AUS,31.363,122,607,6-3 6-4,3,R16,106,5,6,61,31,27,13,10,4,5,3,8,67,44,29,8,9,7,10
2024-1024,Seoul,Hard,32,500,,20240916,16,221236,,LL,Polina Kudermetova,R,,RUS,21.287,163,459,206420,7,,Ekaterina Alexandrova,R,175,RUS,29.838,31,1778,6-2 7-5,3,R16,97,5,6,61,31,22,15,10,3,6,2,8,75,33,23,13,10,5,11
2024-1024,Seoul,Hard,32,500,,20240916,17,216146,5,,Marta Kostyuk,R,175,UKR,22.221,18,2445,201586,,Q,Heather Watson,R,170,GBR,32.329,183,390,6-2 6-2,3,R16,75,9,2,44,22,19,11,8,0,1,1,4,56,22,11,14,8,3,8
2024-1024,Seoul,Hard,32,500,,20240916,18,223670,4,,Diana Shnaider,L,,RUS,20.458,16,2571,203475,,Q,Carol Zhao,R,165,CAN,29.244,272,250,6-3 6-3,3,R16,67,0,1,52,35,26,11,9,4,5,2,12,50,27,21,5,9,3,7
2024-1024,Seoul,Hard,32,500,,20240916,19,221054,,,Emma Raducanu,R,175,GBR,21.843,70,917,206294,8,,Yue Yuan,R,184,CHN,25.977,40,1349,6-4 6-3,3,R16,124,11,5,69,43,31,9,9,4,7,0,4,69,38,21,11,10,3,9
2024-1024,Seoul,Hard,32,500,,20240916,20,214082,1,,Daria Kasatkina,R,170,RUS,27.363,13,2803,221024,,,Hailey Baptiste,R,,USA,22.870,105,704,6-4 6-2,3,R16,77,1,5,54,36,24,8,9,2,5,0,9,51,24,12,12,9,6,12
2024-1024,Seoul,Hard,32,500,,20240916,21,206368,,,Veronika Kudermetova,R,175,RUS,27.398,44,1308,202600,,,Viktoriya Tomova,R,170,BUL,29.558,54,1031,7-5 6-3,3,QF,111,5,1,81,42,28,18,10,7,9,0,4,66,43,26,9,11,1,6
2024-1024,Seoul,Hard,32,500,,20240916,22,206242,3,,Beatriz Haddad Maia,L,185,BRA,28.299,17,2516,221236,,LL,Polina Kudermetova,R,,RUS,21.287,163,459,6-2 6-1,3,QF,78,1,1,37,16,13,14,7,1,2,1,10,56,28,14,9,8,3,9
2024-1024,Seoul,Hard,32,500,,20240916,23,223670,4,,Diana Shnaider,L,,RUS,20.458,16,2571,216146,5,,Marta Kostyuk,R,175,UKR,22.221,18,2445,7-6(7) 6-3,3,QF,91,1,4,73,44,26,17,11,5,9,1,11,63,26,16,19,10,4,9
2024-1024,Seoul,Hard,32,500,,20240916,24,214082,1,,Daria Kasatkina,R,170,RUS,27.363,13,2803,221054,,,Emma Raducanu,R,175,GBR,21.843,70,917,6-1 0-0 RET,3,QF,32,4,4,30,17,11,6,4,4,5,0,3,14,7,1,1,3,1,4
2024-1024,Seoul,Hard,32,500,,20240916,25,206242,3,,Beatriz Haddad Maia,L,185,BRA,28.299,17,2516,206368,,,Veronika Kudermetova,R,175,RUS,27.398,44,1308,6-4 6-4,3,SF,107,2,2,60,34,21,14,10,3,6,1,3,60,34,22,8,10,2,7
2024-1024,Seoul,Hard,32,500,,20240916,26,214082,1,,Daria Kasatkina,R,170,RUS,27.363,13,2803,223670,4,,Diana Shnaider,L,,RUS,20.458,16,2571,6-3 6-4,3,SF,77,0,8,56,39,20,8,9,4,8,1,3,57,42,19,4,10,4,11
2024-1024,Seoul,Hard,32,500,,20240916,27,206242,3,,Beatriz Haddad Maia,L,185,BRA,28.299,17,2516,214082,1,,Daria Kasatkina,R,170,RUS,27.363,13,2803,1-6 6-4 6-1,3,F,110,2,3,71,46,33,11,12,4,7,0,3,66,54,34,6,12,1,5
2024-1121,Hua Hin 2,Hard,32,250,,20240916,1,211701,2,,Katerina Siniakova,R,174,CZE,28.354,37,1474,201613,,,Arina Rodionova,R,168,AUS,34.755,115,635,7-5 6-1,3,R32,95,3,6,61,35,24,15,10,3,5,2,4,58,34,21,7,9,1,6
2024-1121,Hua Hin 2,Hard,32,250,,20240916,2,206408,,,Nadia Podoroska,R,170,ARG,27.598,74,900,215372,,Q,Ksenia Laskutova,R,,RUS,28.050,366,164,6-1 6-0,3,R32,84,1,3,53,33,24,10,6,5,5,1,4,48,28,14,3,7,3,9
2024-1121,Hua Hin 2,Hard,32,250,,20240916,3,214461,,,Tamara Zidansek,R,168,SLO,26.725,261,261,236955,,Q,Tatiana Prozorova,,,RUS,20.937,259,266,2-6 6-3 6-1,3,R32,126,2,1,69,47,30,10,12,2,6,1,4,98,65,39,12,12,10,16
2024-1121,Hua Hin 2,Hard,32,250,,20240916,4,220465,6,,Katie Volynets,R,,USA,22.711,60,977,220704,,,Clara Tauson,R,182,DEN,21.739,67,929,7-6(2) 4-6 6-3,3,R32,174,1,1,93,64,36,13,15,2,10,2,10,105,67,35,16,16,4,13
2024-1121,Hua Hin 2,Hard,32,250,,20240916,5,202663,4,,Magda Linette,R,171,POL,32.595,43,1311,201615,,,Lesia Tsurenko,R,174,UKR,35.300,92,794,6-2 7-5,3,R32,113,1,1,59,43,22,9,10,4,9,0,5,74,47,20,10,10,3,11
2024-1121,Hua Hin 2,Hard,32,250,,20240916,6,211685,,,Rebecca Sramkova,R,,SVK,27.910,102,709,216566,,Q,Mananchaya Sawangkaew,R,,THA,22.188,195,370,6-2 2-6 6-4,3,R32,129,1,1,83,44,26,21,13,1,5,3,4,79,44,26,15,13,5,10
2024-1121,Hua Hin 2,Hard,32,250,,20240916,7,213544,,,Jana Fett,R,168,CRO,27.872,129,581,202453,,WC,Saisai Zheng,R,170,CHN,30.613,1024,16,2-6 6-3 6-3,3,R32,144,1,6,88,49,26,17,13,10,17,1,6,82,48,21,16,13,3,11
2024-1121,Hua Hin 2,Hard,32,250,,20240916,8,219875,8,,Varvara Gracheva,R,,FRA,24.124,66,935,223194,,,Taylah Preston,R,,AUS,18.889,140,533,6-1 6-4,3,R32,79,3,1,53,35,20,7,8,2,6,0,8,60,36,15,5,9,5,13
2024-1121,Hua Hin 2,Hard,32,250,,20240916,9,216016,5,,Xiyu Wang,L,,CHN,23.472,62,970,203530,,,Viktorija Golubic,R,169,SUI,31.919,98,752,7-5 6-1,3,R32,95,5,5,58,36,26,9,9,4,6,0,4,58,36,21,6,10,4,10
2024-1121,Hua Hin 2,Hard,32,250,,20240916,10,201696,,,Laura Siegemund,R,168,GER,36.537,99,748,219917,,,Alycia Parks,R,185,USA,23.710,116,627,6-4 6-3,3,R32,137,2,5,75,55,32,5,9,8,12,3,13,69,31,17,11,10,8,15
2024-1121,Hua Hin 2,Hard,32,250,,20240916,11,214119,,,Rebeka Masarova,R,186,ESP,25.115,119,620,214388,,,Anna Bondar,R,,HUN,27.308,89,826,3-6 7-6(2) 7-5,3,R32,171,7,6,108,72,46,19,16,9,14,7,4,115,65,37,28,17,3,8
2024-1121,Hua Hin 2,Hard,32,250,,20240916,12,216133,3,,Xinyu Wang,R,182,CHN,22.974,52,1123,210886,,,Mayar Sherif,R,180,EGY,28.367,93,793,6-2 6-4,3,R32,80,1,3,60,35,24,14,9,5,6,0,0,48,33,21,7,9,1,5
2024-1121,Hua Hin 2,Hard,32,250,,20240916,13,215996,,Q,Arianne Hartono,R,,NED,28.406,180,406,220416,7,,Moyuka Uchijima,R,171,JPN,23.100,59,991,6-1 6-1,3,R32,73,3,2,43,27,18,13,7,3,3,4,12,66,32,19,10,7,9,14
2024-1121,Hua Hin 2,Hard,32,250,,20240916,14,214386,,Q,Xinyu Gao,R,,CHN,26.821,185,385,221096,,Q,Sijia Wei,R,,CHN,20.783,151,507,6-3 6-2,3,R32,97,1,1,53,30,20,16,9,0,1,2,3,79,41,23,16,8,12,16
2024-1121,Hua Hin 2,Hard,32,250,,20240916,15,222290,,WC,Lanlana Tararudee,R,,THA,20.195,184,385,220597,,WC,Thasaporn Naklo,R,,THA,23.075,333,187,6-0 6-1,3,R32,53,6,4,35,18,16,9,6,2,2,0,3,38,20,9,3,7,3,9
2024-1121,Hua Hin 2,Hard,32,250,,20240916,16,215988,,,Mai Hontama,R,,JPN,25.049,130,577,215035,1,,Dayana Yastremska,R,175,UKR,24.340,35,1662,7-6(4) 7-5,3,R32,132,0,3,77,53,34,10,12,4,8,2,4,97,63,36,15,12,4,9
2024-1121,Hua Hin 2,Hard,32,250,,20240916,17,206408,,,Nadia Podoroska,R,170,ARG,27.598,74,900,211701,2,,Katerina Siniakova,R,174,CZE,28.354,37,1474,6-3 6-3,3,R16,91,1,2,55,37,26,12,9,3,4,0,3,55,35,19,10,9,1,5
2024-1121,Hua Hin 2,Hard,32,250,,20240916,18,214461,,,Tamara Zidansek,R,168,SLO,26.725,261,261,220465,6,,Katie Volynets,R,,USA,22.711,60,977,3-6 6-4 6-4,3,R16,157,1,8,91,52,34,18,15,5,9,0,1,82,64,40,10,14,8,12
2024-1121,Hua Hin 2,Hard,32,250,,20240916,19,211685,,,Rebecca Sramkova,R,,SVK,27.910,102,709,202663,4,,Magda Linette,R,171,POL,32.595,43,1311,7-6(5) 6-4,3,R16,131,4,3,73,44,31,15,11,1,3,4,1,96,67,38,17,11,8,11
2024-1121,Hua Hin 2,Hard,32,250,,20240916,20,213544,,,Jana Fett,R,168,CRO,27.872,129,581,219875,8,,Varvara Gracheva,R,,FRA,24.124,66,935,W/O,3,R16,,,,,,,,,,,,,,,,,,,
2024-1121,Hua Hin 2,Hard,32,250,,20240916,21,201696,,,Laura Siegemund,R,168,GER,36.537,99,748,216016,5,,Xiyu Wang,L,,CHN,23.472,62,970,7-6(3) 4-6 7-6(1),3,R16,249,0,8,111,83,54,10,17,7,13,3,6,116,72,39,26,17,6,11
2024-1121,Hua Hin 2,Hard,32,250,,20240916,22,214119,,,Rebeka Masarova,R,186,ESP,25.115,119,620,216133,3,,Xinyu Wang,R,182,CHN,22.974,52,1123,7-6(6) 3-6 7-5,3,R16,187,6,3,109,69,43,20,16,5,10,1,2,131,91,56,22,17,8,13
2024-1121,Hua Hin 2,Hard,32,250,,20240916,23,215996,,Q,Arianne Hartono,R,,NED,28.406,180,406,214386,,Q,Xinyu Gao,R,,CHN,26.821,185,385,6-1 4-6 6-2,3,R16,119,3,3,77,44,29,18,13,4,8,2,2,80,50,26,11,12,5,12
2024-1121,Hua Hin 2,Hard,32,250,,20240916,24,215988,,,Mai Hontama,R,,JPN,25.049,130,577,222290,,WC,Lanlana Tararudee,R,,THA,20.195,184,385,2-6 6-4 6-1,3,R16,122,0,0,71,51,28,14,12,2,6,7,5,83,46,30,12,13,5,11
2024-1121,Hua Hin 2,Hard,32,250,,20240916,25,214461,,,Tamara Zidansek,R,168,SLO,26.725,261,261,206408,,,Nadia Podoroska,R,170,ARG,27.598,74,900,4-6 7-6(3) 7-6(3),3,QF,221,1,11,128,89,52,11,17,11,22,11,9,148,96,55,15,17,12,22
2024-1121,Hua Hin 2,Hard,32,250,,20240916,26,211685,,,Rebecca Sramkova,R,,SVK,27.910,102,709,213544,,,Jana Fett,R,168,CRO,27.872,129,581,4-6 6-4 6-1,3,QF,129,4,1,78,46,27,22,14,1,4,4,11,81,43,28,16,13,4,9
2024-1121,Hua Hin 2,Hard,32,250,,20240916,27,201696,,,Laura Siegemund,R,168,GER,36.537,99,748,214119,,,Rebeka Masarova,R,186,ESP,25.115,119,620,6-3 6-4,3,QF,127,0,4,69,47,22,14,10,3,7,0,8,77,45,24,11,9,13,19
2024-1121,Hua Hin 2,Hard,32,250,,20240916,28,215996,,Q,Arianne Hartono,R,,NED,28.406,180,406,215988,,,Mai Hontama,R,,JPN,25.049,130,577,4-6 6-2 6-3,3,QF,135,3,3,94,58,37,19,14,5,9,0,2,96,64,39,11,13,13,19
2024-1121,Hua Hin 2,Hard,32,250,,20240916,29,211685,,,Rebecca Sramkova,R,,SVK,27.910,102,709,214461,,,Tamara Zidansek,R,168,SLO,26.725,261,261,6-4 6-2,3,SF,84,1,1,55,35,23,13,9,0,1,0,2,58,42,25,5,9,3,7
2024-1121,Hua Hin 2,Hard,32,250,,20240916,30,201696,,,Laura Siegemund,R,168,GER,36.537,99,748,215996,,Q,Arianne Hartono,R,,NED,28.406,180,406,6-3 6-3,3,SF,106,2,2,67,52,34,6,9,3,4,1,1,50,35,20,5,9,3,7
2024-1121,Hua Hin 2,Hard,32,250,,20240916,31,211685,,,Rebecca Sramkova,R,,SVK,27.910,102,709,201696,,,Laura Siegemund,R,168,GER,36.537,99,748,6-4 6-4,3,F,115,2,6,59,39,28,9,10,1,3,2,2,68,44,24,12,10,5,9
2024-1020,Beijing,Hard,128,1000,,20240925,1,220348,,,Diane Parry,R,170,FRA,22.068,53,1067,215314,,Q,En Shuo Liang,,,TPE,23.981,260,264,4-6 6-0 6-0,3,R128,96,6,1,58,29,24,17,11,1,2,2,6,69,42,25,7,11,6,12
2024-1020,Beijing,Hard,128,1000,,20240925,2,216133,,,Xinyu Wang,R,182,CHN,22.998,50,1123,215988,,LL,Mai Hontama,R,,JPN,25.074,116,618,6-1 6-3,3,R128,70,0,1,50,33,25,11,8,1,1,0,3,44,29,17,4,8,2,6
2024-1020,Beijing,Hard,128,1000,,20240925,3,211685,,Q,Rebecca Sramkova,R,,SVK,27.935,61,958,211843,,,Anhelina Kalinina,R,179,UKR,27.631,48,1136,6-4 6-0,3,R128,66,0,0,50,28,23,11,8,2,3,0,6,45,16,9,10,8,2,7
2024-1020,Beijing,Hard,128,1000,,20240925,4,202600,,,Viktoriya Tomova,R,170,BUL,29.583,51,1107,201615,,,Lesia Tsurenko,R,174,UKR,35.324,88,794,6-3 6-3,3,R128,86,2,3,50,28,19,11,9,2,5,0,6,69,42,22,10,9,2,8
2024-1020,Beijing,Hard,128,1000,,20240925,5,213550,,,Sofia Kenin,R,170,USA,25.865,168,446,202536,,,Ana Bogdan,R,171,ROU,31.834,120,613,7-5 6-2,3,R128,85,4,1,58,41,26,12,10,2,4,9,3,56,32,21,10,10,3,8
2024-1020,Beijing,Hard,128,1000,,20240925,6,219917,,Q,Alycia Parks,R,185,USA,23.735,128,568,202492,,,Qiang Wang,R,172,CHN,32.699,403,149,1-6 6-4 6-2,3,R128,116,7,9,77,42,32,11,13,2,6,0,5,93,53,35,15,12,9,13
2024-1020,Beijing,Hard,128,1000,,20240925,7,213889,,,Greet Minnen,R,,BEL,27.116,94,738,222965,,,Erika Andreeva,R,,RUS,20.255,67,928,7-5 6-2,3,R128,101,2,4,64,37,27,14,10,4,6,2,5,64,33,20,12,10,2,7
2024-1020,Beijing,Hard,128,1000,,20240925,8,201533,,WC,Shuai Zhang,R,177,CHN,35.678,595,71,220520,,,Mccartney Kessler,R,,USA,25.219,65,951,7-6(5) 7-6(1),3,R128,120,0,2,85,52,38,15,12,2,6,2,3,91,43,28,22,12,7,11
2024-1020,Beijing,Hard,128,1000,,20240925,9,216262,,,Clara Burel,R,176,FRA,23.508,56,1015,211337,,LL,Tamara Korpatsch,R,170,GER,29.375,125,588,6-3 5-7 6-3,3,R128,131,1,3,95,54,36,18,15,9,14,1,4,88,45,26,21,15,7,14
2024-1020,Beijing,Hard,128,1000,,20240925,10,203501,,,Taylor Townsend,L,170,USA,28.444,52,1103,203354,,,Martina Trevisan,L,160,ITA,30.895,112,658,6-2 4-6 6-3,3,R128,127,15,2,78,52,41,10,14,0,2,2,7,74,46,31,12,13,1,5
2024-1020,Beijing,Hard,128,1000,,20240925,11,211768,,,Naomi Osaka,R,180,JPN,26.944,73,894,214459,,,Lucia Bronzetti,R,,ITA,25.794,77,869,6-3 6-2,3,R128,83,8,3,70,43,34,10,9,6,7,1,2,60,40,20,10,8,4,8
2024-1020,Beijing,Hard,128,1000,,20240925,12,220465,,,Katie Volynets,R,,USA,22.736,60,987,213646,,Q,Dalma Galfi,R,178,HUN,26.120,143,515,7-5 6-1,3,R128,113,1,3,86,66,41,10,10,11,12,4,4,71,43,25,13,9,6,10
2024-1020,Beijing,Hard,128,1000,,20240925,13,221024,,Q,Hailey Baptiste,R,,USA,22.894,111,659,219875,,,Varvara Gracheva,R,,FRA,24.148,62,955,6-0 6-3,3,R128,61,2,4,50,30,23,12,8,1,1,0,7,50,28,14,9,7,6,10
2024-1020,Beijing,Hard,128,1000,,20240925,14,220548,,,Peyton Stearns,R,,USA,22.966,46,1173,222601,,,Jessica Bouzas Maneiro,R,,ESP,22.005,57,995,6-2 6-4,3,R128,87,0,0,55,34,17,7,9,1,6,0,8,66,41,17,8,9,5,13
2024-1020,Beijing,Hard,128,1000,,20240925,15,263857,,Q,Yuliia Starodubtseva,R,,UKR,24.606,115,620,201696,,,Laura Siegemund,R,168,GER,36.562,69,910,6-4 7-6(3),3,R128,147,1,0,73,52,25,13,11,4,10,0,5,95,68,34,10,11,9,16
2024-1020,Beijing,Hard,128,1000,,20240925,16,220589,,,Elina Avanesyan,R,,ARM,22.024,47,1140,211765,,LL,Emina Bektas,R,,USA,31.491,117,617,6-2 7-5,3,R128,88,1,2,72,50,33,11,10,4,6,0,0,58,44,26,4,10,1,6
2024-1020,Beijing,Hard,128,1000,,20240925,17,215872,,LL,Kamilla Rakhimova,R,,RUS,23.078,71,905,214040,,Q,Kimberly Birrell,R,170,AUS,26.410,146,512,6-2 6-4,3,R128,96,1,0,53,30,19,12,9,2,5,2,4,68,46,23,9,9,5,11
2024-1020,Beijing,Hard,128,1000,,20240925,18,206408,,,Nadia Podoroska,R,170,ARG,27.623,66,942,260913,,WC,Yufei Ren,R,,CHN,18.459,500,105,6-4 6-2,3,R128,89,2,2,62,37,27,13,9,5,6,0,3,51,35,20,7,9,3,7
2024-1020,Beijing,Hard,128,1000,,20240925,19,215785,,,Camila Osorio,R,162,COL,22.760,59,988,201548,,,Ajla Tomljanovic,R,180,AUS,31.387,107,666,1-6 6-3 6-3,3,R128,116,1,4,74,45,25,13,13,4,10,1,9,83,51,26,16,12,3,9
2024-1020,Beijing,Hard,128,1000,,20240925,20,213544,,LL,Jana Fett,R,168,CRO,27.897,118,615,216062,,WC,Meiling Wang,,,CHN,24.592,410,146,6-3 6-4,3,R128,76,2,2,47,27,21,12,9,3,5,0,3,58,33,15,12,10,3,8
2024-1020,Beijing,Hard,128,1000,,20240925,21,203530,,,Viktorija Golubic,R,169,SUI,31.943,96,705,216016,,,Xiyu Wang,L,,CHN,23.497,95,720,7-6(5) 0-6 6-3,3,R128,159,0,3,106,79,47,13,14,5,9,6,3,91,52,40,18,13,6,8
2024-1020,Beijing,Hard,128,1000,,20240925,22,201593,,,Irina Camelia Begu,R,181,ROU,34.084,103,683,215946,,WC,Ye Xin Ma,,,CHN,25.296,224,321,1-6 6-4 6-1,3,R128,112,1,3,70,46,26,13,12,5,10,2,3,73,45,24,15,12,2,8
2024-1020,Beijing,Hard,128,1000,,20240925,23,220416,,,Moyuka Uchijima,R,171,JPN,23.124,63,954,222559,,WC,Han Shi,R,,CHN,19.324,240,302,6-3 6-4,3,R128,83,0,3,52,34,24,9,9,0,2,2,4,68,46,25,9,10,4,9
2024-1020,Beijing,Hard,128,1000,,20240925,24,220704,,,Clara Tauson,R,182,DEN,21.764,72,901,211279,,,Harriet Dart,R,175,GBR,28.162,76,881,5-7 6-4 6-1,3,R128,173,4,9,96,54,39,16,14,10,14,4,9,112,60,37,20,15,11,18
2024-1020,Beijing,Hard,128,1000,,20240925,25,211713,,,Jaqueline Cristian,R,180,ROU,26.309,80,844,214388,,,Anna Bondar,R,,HUN,27.333,90,778,6-1 7-6(5),3,R128,108,2,0,66,45,30,14,10,0,1,5,3,64,27,20,16,9,3,6
2024-1020,Beijing,Hard,128,1000,,20240925,26,214096,,,Karolina Muchova,R,178,CZE,28.096,49,1126,215020,,,Anna Blinkova,R,179,RUS,26.043,78,861,6-1 6-1,3,R128,62,4,0,43,26,22,9,7,1,1,1,2,45,30,14,3,7,6,11
2024-1020,Beijing,Hard,128,1000,,20240925,27,220714,,,Elisabetta Cocciaretto,R,,ITA,23.666,55,1023,201613,,Q,Arina Rodionova,R,168,AUS,34.780,114,635,4-6 6-4 6-3,3,R128,138,0,1,94,70,43,10,15,4,10,1,3,84,51,31,12,14,3,10
2024-1020,Beijing,Hard,128,1000,,20240925,28,213710,,,Cristina Bucsa,R,,ESP,26.733,79,847,252587,,WC,Xinxin Yao,L,,CHN,20.934,286,233,6-3 6-2,3,R128,93,1,4,48,29,19,9,8,1,4,1,3,77,45,19,12,9,10,17
2024-1020,Beijing,Hard,128,1000,,20240925,29,221096,,WC,Sijia Wei,R,,CHN,20.808,140,522,211817,,Q,Elena Gabriela Ruse,R,,ROU,26.886,93,743,6-4 7-6(6),3,R128,113,3,3,74,39,25,20,11,3,7,2,10,74,38,26,11,11,2,7
2024-1020,Beijing,Hard,128,1000,,20240925,30,204427,,Q,Sara Sorribes Tormo,R,176,ESP,27.965,104,677,214386,,WC,Xinyu Gao,R,,CHN,26.845,171,432,6-7(4) 7-5 7-5,3,R128,255,1,2,148,115,61,19,18,12,18,0,3,117,72,41,20,18,6,14
2024-1020,Beijing,Hard,128,1000,,20240925,31,221909,,,Ashlyn Krueger,R,185,USA,20.386,68,917,206374,,,Yafan Wang,R,170,CHN,30.407,58,991,3-6 6-4 6-2,3,R128,124,5,4,99,75,50,9,14,6,10,2,2,71,40,25,14,13,0,5
2024-1020,Beijing,Hard,128,1000,,20240925,32,216566,,Q,Mananchaya Sawangkaew,R,,THA,22.213,187,384,201610,,Q,Zarina Diyas,R,172,KAZ,30.938,571,78,6-2 6-3,3,R128,63,3,6,46,25,19,10,8,3,5,0,1,51,33,14,6,9,5,11
2024-1020,Beijing,Hard,128,1000,,20240925,33,202468,2,,Jessica Pegula,R,170,USA,30.585,3,6220,220348,,,Diane Parry,R,170,FRA,22.068,53,1067,6-1 7-6(4),3,R64,93,5,3,62,46,31,11,9,3,4,5,3,83,50,35,9,10,7,11
2024-1020,Beijing,Hard,128,1000,,20240925,34,206368,32,,Veronika Kudermetova,R,175,RUS,27.423,39,1398,216133,,,Xinyu Wang,R,182,CHN,22.998,50,1123,3-6 6-4 7-5,3,R64,162,5,2,98,56,37,24,16,1,5,1,4,99,64,42,15,15,7,11
2024-1020,Beijing,Hard,128,1000,,20240925,35,211685,,Q,Rebecca Sramkova,R,,SVK,27.935,61,958,206420,22,,Ekaterina Alexandrova,R,175,RUS,29.862,33,1733,5-7 6-4 6-3,3,R64,140,5,2,95,56,43,19,15,12,15,7,10,105,66,46,11,16,6,11
2024-1020,Beijing,Hard,128,1000,,20240925,36,211651,15,,Paula Badosa,R,180,ESP,26.862,19,2325,202600,,,Viktoriya Tomova,R,170,BUL,29.583,51,1107,6-3 6-2,3,R64,84,2,4,63,33,23,17,9,5,6,0,2,51,32,17,7,8,5,9
2024-1020,Beijing,Hard,128,1000,,20240925,37,223670,12,,Diana Shnaider,L,,RUS,20.482,16,2685,213550,,,Sofia Kenin,R,170,USA,25.865,168,446,6-2 6-3,3,R64,67,7,6,60,38,27,11,9,2,3,1,1,44,27,19,4,8,3,7
2024-1020,Beijing,Hard,128,1000,,20240925,38,211684,23,,Magdalena Frech,R,171,POL,26.779,31,1743,219917,,Q,Alycia Parks,R,185,USA,23.735,128,568,6-4 5-7 6-4,3,R64,170,2,6,120,69,49,19,16,13,17,9,11,102,56,41,20,16,7,12
2024-1020,Beijing,Hard,128,1000,,20240925,39,213889,,,Greet Minnen,R,,BEL,27.116,94,738,215713,28,,Anastasia Potapova,R,175,RUS,23.491,38,1427,7-5 2-6 6-4,3,R64,152,1,10,115,62,35,26,15,12,18,6,6,95,45,30,21,15,2,8
2024-1020,Beijing,Hard,128,1000,,20240925,40,201533,,WC,Shuai Zhang,R,177,CHN,35.678,595,71,215613,6,,Emma Navarro,R,,USA,23.357,8,3698,6-4 6-2,3,R64,75,0,0,59,44,28,9,9,5,7,0,1,57,36,20,6,9,2,7
2024-1020,Beijing,Hard,128,1000,,20240925,41,221103,4,,Coco Gauff,R,175,USA,20.537,6,4983,216262,,,Clara Burel,R,176,FRA,23.508,56,1015,7-5 6-3,3,R64,100,1,6,68,44,31,9,11,3,6,1,3,86,54,31,13,10,12,17
2024-1020,Beijing,Hard,128,1000,,20240925,42,211107,26,,Katie Boulter,R,180,GBR,28.151,34,1655,203501,,,Taylor Townsend,L,170,USA,28.444,52,1103,6-4 6-4,3,R64,94,2,0,52,28,24,13,10,0,1,5,3,74,44,27,14,10,9,12
2024-1020,Beijing,Hard,128,1000,,20240925,43,211768,,,Naomi Osaka,R,180,JPN,26.944,73,894,201709,21,,Yulia Putintseva,R,163,KAZ,29.717,32,1733,3-6 6-4 6-2,3,R64,106,6,2,88,46,32,20,14,6,10,4,2,73,46,28,16,13,2,7
2024-1020,Beijing,Hard,128,1000,,20240925,44,220465,,,Katie Volynets,R,,USA,22.736,60,987,216146,14,,Marta Kostyuk,R,175,UKR,22.245,18,2493,7-5 6-3,3,R64,109,0,0,78,56,30,9,10,6,11,1,9,62,31,18,7,11,4,12
2024-1020,Beijing,Hard,128,1000,,20240925,45,214939,10,,Anna Kalinskaya,R,175,RUS,25.816,14,2725,221024,,Q,Hailey Baptiste,R,,USA,22.894,111,659,3-6 7-6(2) 7-6(5),3,R64,177,3,7,117,77,52,19,16,3,8,10,4,122,71,47,26,17,6,10
2024-1020,Beijing,Hard,128,1000,,20240925,46,220548,,,Peyton Stearns,R,,USA,22.966,46,1173,220367,20,,Leylah Fernandez,L,168,CAN,22.054,28,1834,7-5 6-2,3,R64,108,0,0,55,34,22,13,10,0,2,3,5,83,40,24,19,10,9,14
2024-1020,Beijing,Hard,128,1000,,20240925,47,263857,,Q,Yuliia Starodubtseva,R,,UKR,24.606,115,620,211701,27,,Katerina Siniakova,R,174,CZE,28.378,37,1474,6-2 6-2,3,R64,98,2,1,67,43,25,13,8,6,8,1,1,57,33,16,8,8,3,9
2024-1020,Beijing,Hard,128,1000,,20240925,48,220589,,,Elina Avanesyan,R,,ARM,22.024,47,1140,214452,33,,Caroline Dolehide,R,178,USA,26.057,98,703,6-3 5-7 6-2,3,R64,124,0,2,93,68,39,12,14,6,11,0,4,86,71,37,5,15,4,12
2024-1020,Beijing,Hard,128,1000,,20240925,49,221012,5,,Qinwen Zheng,R,,CHN,21.966,7,3920,215872,,LL,Kamilla Rakhimova,R,,RUS,23.078,71,905,6-1 6-1,3,R64,75,1,0,33,15,13,15,7,0,0,1,3,51,27,12,9,7,5,10
2024-1020,Beijing,Hard,128,1000,,20240925,50,206408,,,Nadia Podoroska,R,170,ARG,27.623,66,942,215035,25,,Dayana Yastremska,R,175,UKR,24.365,35,1603,7-5 6-7(4) 6-2,3,R64,153,2,6,88,52,29,19,16,2,9,4,12,117,62,35,21,16,2,12
2024-1020,Beijing,Hard,128,1000,,20240925,51,216153,34,,Amanda Anisimova,R,180,USA,23.070,43,1276,215785,,,Camila Osorio,R,162,COL,22.760,59,988,1-6 6-3 6-4,3,R64,117,3,2,92,58,33,16,13,6,12,0,5,82,54,32,11,13,3,9
2024-1020,Beijing,Hard,128,1000,,20240925,52,214082,9,,Daria Kasatkina,R,170,RUS,27.387,11,3020,213544,,LL,Jana Fett,R,168,CRO,27.897,118,615,6-1 6-2,3,R64,74,2,4,46,27,18,8,7,4,6,0,7,56,34,15,7,8,4,11
2024-1020,Beijing,Hard,128,1000,,20240925,53,202499,16,,Donna Vekic,R,179,CRO,28.244,20,2243,203530,,,Viktorija Golubic,R,169,SUI,31.943,96,705,4-6 7-6(3) 6-4,3,R64,162,6,6,106,50,38,29,16,3,7,3,4,106,72,50,14,16,5,9
2024-1020,Beijing,Hard,128,1000,,20240925,54,259799,17,,Mirra Andreeva,R,,RUS,17.410,22,2153,201593,,,Irina Camelia Begu,R,181,ROU,34.084,103,683,6-7(5) 6-1 6-1,3,R64,144,0,0,91,66,43,13,13,7,9,2,2,89,63,33,11,13,10,17
2024-1020,Beijing,Hard,128,1000,,20240925,55,202663,31,,Magda Linette,R,171,POL,32.619,45,1191,220416,,,Moyuka Uchijima,R,171,JPN,23.124,63,954,6-4 4-6 6-3,3,R64,160,5,1,92,56,37,18,15,3,7,0,10,107,57,33,23,14,7,12
2024-1020,Beijing,Hard,128,1000,,20240925,56,211148,3,,Jasmine Paolini,R,160,ITA,28.726,5,5348,220704,,,Clara Tauson,R,182,DEN,21.764,72,901,1-6 7-5 6-4,3,R64,128,3,3,91,57,36,15,15,6,11,7,1,87,57,38,14,14,8,12
2024-1020,Beijing,Hard,128,1000,,20240925,57,211713,,,Jaqueline Cristian,R,180,ROU,26.309,80,844,206252,7,,Barbora Krejcikova,R,178,CZE,28.773,10,3161,1-6 6-4 7-5,3,R64,171,7,1,110,72,42,16,15,6,13,6,6,112,75,46,14,14,7,13
2024-1020,Beijing,Hard,128,1000,,20240925,58,214096,,,Karolina Muchova,R,178,CZE,28.096,49,1126,206294,30,,Yue Yuan,R,184,CHN,26.002,41,1349,6-3 6-1,3,R64,80,3,2,55,31,22,11,8,7,8,1,2,52,25,12,12,8,4,9
2024-1020,Beijing,Hard,128,1000,,20240925,59,210722,24,,Elise Mertens,R,179,BEL,28.858,29,1749,220714,,,Elisabetta Cocciaretto,R,,ITA,23.666,55,1023,6-4 6-7(6) 6-3,3,R64,162,10,9,97,53,37,14,15,5,10,0,6,105,67,43,9,16,6,14
2024-1020,Beijing,Hard,128,1000,,20240925,60,213710,,,Cristina Bucsa,R,,ESP,26.733,79,847,214643,11,,Liudmila Samsonova,R,180,RUS,25.873,15,2720,6-1 4-6 6-4,3,R64,147,5,4,86,56,41,12,13,6,9,4,9,96,45,26,26,14,7,13
2024-1020,Beijing,Hard,128,1000,,20240925,61,206242,13,,Beatriz Haddad Maia,L,185,BRA,28.324,12,2981,221096,,WC,Sijia Wei,R,,CHN,20.808,140,522,7-5 6-4,3,R64,116,4,8,81,51,35,15,11,8,10,2,4,64,40,24,9,11,6,10
2024-1020,Beijing,Hard,128,1000,,20240925,62,201619,18,,Madison Keys,R,178,USA,29.605,24,2076,204427,,Q,Sara Sorribes Tormo,R,176,ESP,27.965,104,677,6-2 6-1,3,R64,82,3,5,49,38,31,2,7,4,4,0,5,61,45,20,6,8,8,13
2024-1020,Beijing,Hard,128,1000,,20240925,63,221909,,,Ashlyn Krueger,R,185,USA,20.386,68,917,215138,29,,Lulu Sun,L,,NZL,23.450,40,1375,6-1 7-6(4),3,R64,77,3,3,57,34,27,16,9,1,1,1,3,65,35,23,15,10,6,9
2024-1020,Beijing,Hard,128,1000,,20240925,64,214544,1,,Aryna Sabalenka,R,182,BLR,26.393,2,8716,216566,,Q,Mananchaya Sawangkaew,R,,THA,22.213,187,384,6-4 6-1,3,R64,76,3,1,64,40,30,11,9,3,4,3,4,52,31,15,10,8,3,7
2024-1020,Beijing,Hard,128,1000,,20240925,65,202468,2,,Jessica Pegula,R,170,USA,30.585,3,6220,206368,32,,Veronika Kudermetova,R,175,RUS,27.423,39,1398,6-7(9) 6-1 6-2,3,R32,159,5,6,95,60,42,18,14,4,7,5,5,95,59,33,16,13,2,9
2024-1020,Beijing,Hard,128,1000,,20240925,66,211651,15,,Paula Badosa,R,180,ESP,26.862,19,2325,211685,,Q,Rebecca Sramkova,R,,SVK,27.935,61,958,7-5 7-5,3,R32,109,3,5,76,51,30,15,12,7,10,3,2,76,47,26,15,12,7,12
2024-1020,Beijing,Hard,128,1000,,20240925,67,211684,23,,Magdalena Frech,R,171,POL,26.779,31,1743,223670,12,,Diana Shnaider,L,,RUS,20.482,16,2685,0-6 6-3 6-4,3,R32,103,4,3,71,47,33,12,12,2,5,2,1,73,44,29,17,13,3,6
2024-1020,Beijing,Hard,128,1000,,20240925,68,201533,,WC,Shuai Zhang,R,177,CHN,35.678,595,71,213889,,,Greet Minnen,R,,BEL,27.116,94,738,6-2 6-3,3,R32,75,4,0,56,45,27,6,8,5,7,3,2,56,32,17,8,9,2,8
2024-1020,Beijing,Hard,128,1000,,20240925,69,221103,4,,Coco Gauff,R,175,USA,20.537,6,4983,211107,26,,Katie Boulter,R,180,GBR,28.151,34,1655,7-5 6-2,3,R32,84,5,3,55,39,32,8,10,0,1,0,3,61,40,27,8,10,3,7
2024-1020,Beijing,Hard,128,1000,,20240925,70,211768,,,Naomi Osaka,R,180,JPN,26.944,73,894,220465,,,Katie Volynets,R,,USA,22.736,60,987,6-3 6-2,3,R32,77,5,1,50,28,23,15,9,0,0,0,0,69,52,26,11,8,5,8
2024-1020,Beijing,Hard,128,1000,,20240925,71,214939,10,,Anna Kalinskaya,R,175,RUS,25.816,14,2725,220548,,,Peyton Stearns,R,,USA,22.966,46,1173,3-6 6-3 3-1 RET,3,R32,103,9,5,66,44,31,8,11,6,10,0,2,70,53,31,5,12,1,6
2024-1020,Beijing,Hard,128,1000,,20240925,72,263857,,Q,Yuliia Starodubtseva,R,,UKR,24.606,115,620,220589,,,Elina Avanesyan,R,,ARM,22.024,47,1140,6-3 6-1,3,R32,92,2,1,58,36,26,10,8,1,2,0,5,75,50,24,10,8,6,11
2024-1020,Beijing,Hard,128,1000,,20240925,73,221012,5,,Qinwen Zheng,R,,CHN,21.966,7,3920,206408,,,Nadia Podoroska,R,170,ARG,27.623,66,942,6-3 6-2,3,R32,79,5,2,53,30,27,13,9,5,5,1,1,50,36,23,5,8,4,7
2024-1020,Beijing,Hard,128,1000,,20240925,74,216153,34,,Amanda Anisimova,R,180,USA,23.070,43,1276,214082,9,,Daria Kasatkina,R,170,RUS,27.387,11,3020,7-6(1) 6-4,3,R32,105,0,5,78,56,36,11,11,6,9,2,7,78,59,38,4,11,5,9
2024-1020,Beijing,Hard,128,1000,,20240925,75,259799,17,,Mirra Andreeva,R,,RUS,17.410,22,2153,202499,16,,Donna Vekic,R,179,CRO,28.244,20,2243,3-6 6-4 6-4,3,R32,149,5,8,98,52,38,23,15,8,12,2,7,91,45,33,16,14,1,5
2024-1020,Beijing,Hard,128,1000,,20240925,76,202663,31,,Magda Linette,R,171,POL,32.619,45,1191,211148,3,,Jasmine Paolini,R,160,ITA,28.726,5,5348,6-4 6-0,3,R32,86,3,0,72,40,26,14,8,7,9,1,3,57,35,16,7,8,3,9
2024-1020,Beijing,Hard,128,1000,,20240925,77,214096,,,Karolina Muchova,R,178,CZE,28.096,49,1126,211713,,,Jaqueline Cristian,R,180,ROU,26.309,80,844,6-1 6-3,3,R32,76,3,1,50,32,25,10,8,5,6,2,5,51,25,15,10,8,3,8
2024-1020,Beijing,Hard,128,1000,,20240925,78,213710,,,Cristina Bucsa,R,,ESP,26.733,79,847,210722,24,,Elise Mertens,R,179,BEL,28.858,29,1749,4-6 6-2 6-2,3,R32,143,0,3,97,58,34,23,13,8,12,2,4,81,45,22,16,13,5,12
2024-1020,Beijing,Hard,128,1000,,20240925,79,201619,18,,Madison Keys,R,178,USA,29.605,24,2076,206242,13,,Beatriz Haddad Maia,L,185,BRA,28.324,12,2981,6-3 6-3,3,R32,86,3,3,49,35,21,7,9,2,5,1,5,65,36,18,11,9,6,12
2024-1020,Beijing,Hard,128,1000,,20240925,80,214544,1,,Aryna Sabalenka,R,182,BLR,26.393,2,8716,221909,,,Ashlyn Krueger,R,185,USA,20.386,68,917,6-2 6-2,3,R32,74,2,3,61,39,28,10,8,1,2,2,3,52,35,19,5,8,2,7
2024-1020,Beijing,Hard,128,1000,,20240925,81,211651,15,,Paula Badosa,R,180,ESP,26.862,19,2325,202468,2,,Jessica Pegula,R,170,USA,30.585,3,6220,6-4 6-0,3,R16,64,0,5,50,19,18,15,8,1,2,4,0,41,25,11,6,8,0,5
2024-1020,Beijing,Hard,128,1000,,20240925,82,201533,,WC,Shuai Zhang,R,177,CHN,35.678,595,71,211684,23,,Magdalena Frech,R,171,POL,26.779,31,1743,6-4 6-2,3,R16,90,2,2,70,48,29,10,9,4,7,2,1,66,39,23,7,9,6,12
2024-1020,Beijing,Hard,128,1000,,20240925,83,221103,4,,Coco Gauff,R,175,USA,20.537,6,4983,211768,,,Naomi Osaka,R,180,JPN,26.944,73,894,3-6 6-4 0-0 RET,3,R16,88,6,6,59,32,21,10,9,1,6,1,1,71,43,24,11,10,6,11
2024-1020,Beijing,Hard,128,1000,,20240925,84,263857,,Q,Yuliia Starodubtseva,R,,UKR,24.606,115,620,214939,10,,Anna Kalinskaya,R,175,RUS,25.816,14,2725,7-5 6-0,3,R16,95,1,2,65,39,25,15,9,4,5,0,6,62,33,20,10,9,3,8
2024-1020,Beijing,Hard,128,1000,,20240925,85,221012,5,,Qinwen Zheng,R,,CHN,21.966,7,3920,216153,34,,Amanda Anisimova,R,180,USA,23.070,43,1276,3-6 6-1 6-2,3,R16,142,14,6,103,56,41,21,12,7,9,1,4,94,70,39,12,12,7,12
2024-1020,Beijing,Hard,128,1000,,20240925,86,259799,17,,Mirra Andreeva,R,,RUS,17.410,22,2153,202663,31,,Magda Linette,R,171,POL,32.619,45,1191,6-1 6-3,3,R16,73,1,3,50,27,15,14,8,5,8,2,0,53,40,15,5,8,4,11
2024-1020,Beijing,Hard,128,1000,,20240925,87,214096,,,Karolina Muchova,R,178,CZE,28.096,49,1126,213710,,,Cristina Bucsa,R,,ESP,26.733,79,847,6-2 6-0,3,R16,69,2,1,36,18,17,11,7,0,0,0,3,65,38,16,13,7,8,13
2024-1020,Beijing,Hard,128,1000,,20240925,88,214544,1,,Aryna Sabalenka,R,182,BLR,26.393,2,8716,201619,18,,Madison Keys,R,178,USA,29.605,24,2076,6-4 6-3,3,R16,65,1,1,43,31,26,4,9,0,2,1,6,59,43,24,6,10,2,7
2024-1020,Beijing,Hard,128,1000,,20240925,89,211651,15,,Paula Badosa,R,180,ESP,26.862,19,2325,201533,,WC,Shuai Zhang,R,177,CHN,35.678,595,71,6-1 7-6(4),3,QF,83,10,5,67,40,31,12,9,1,2,0,4,59,42,24,4,10,1,5
2024-1020,Beijing,Hard,128,1000,,20240925,90,221103,4,,Coco Gauff,R,175,USA,20.537,6,4983,263857,,Q,Yuliia Starodubtseva,R,,UKR,24.606,115,620,2-6 6-2 6-2,3,QF,111,2,11,78,42,33,15,12,10,13,2,1,76,49,28,12,12,2,7
2024-1020,Beijing,Hard,128,1000,,20240925,91,221012,5,,Qinwen Zheng,R,,CHN,21.966,7,3920,259799,17,,Mirra Andreeva,R,,RUS,17.410,22,2153,5-7 6-0 6-4,3,QF,152,5,8,86,40,30,14,14,4,10,1,4,104,57,29,18,14,9,18
2024-1020,Beijing,Hard,128,1000,,20240925,92,214096,,,Karolina Muchova,R,178,CZE,28.096,49,1126,214544,1,,Aryna Sabalenka,R,182,BLR,26.393,2,8716,7-6(5) 2-6 6-4,3,QF,166,5,5,104,62,41,22,15,4,8,1,3,103,65,40,22,15,7,10
2024-1020,Beijing,Hard,128,1000,,20240925,93,221103,4,,Coco Gauff,R,175,USA,20.537,6,4983,211651,15,,Paula Badosa,R,180,ESP,26.862,19,2325,4-6 6-4 6-2,3,SF,140,6,11,93,49,37,18,14,6,10,4,6,117,77,43,18,14,14,20
2024-1020,Beijing,Hard,128,1000,,20240925,94,214096,,,Karolina Muchova,R,178,CZE,28.096,49,1126,221012,5,,Qinwen Zheng,R,,CHN,21.966,7,3920,6-3 6-4,3,SF,107,3,3,57,39,31,11,10,1,1,3,7,61,33,25,11,9,2,4
2024-1020,Beijing,Hard,128,1000,,20240925,95,221103,4,,Coco Gauff,R,175,USA,20.537,6,4983,214096,,,Karolina Muchova,R,178,CZE,28.096,49,1126,6-1 6-3,3,F,77,6,5,47,33,28,6,8,3,4,2,3,52,29,18,4,8,4,9
2024-1075,Wuhan,Hard,64,1000,,20241007,1,215713,,,Anastasia Potapova,R,175,RUS,23.524,38,1427,220465,,WC,Katie Volynets,R,,USA,22.768,56,1025,5-7 6-3 7-5,3,R64,165,1,13,116,64,36,18,17,12,21,2,0,99,74,37,7,16,5,15
2024-1075,Wuhan,Hard,64,1000,,20241007,2,216133,,,Xinyu Wang,R,182,CHN,23.031,51,1058,214452,,,Caroline Dolehide,R,178,USA,26.090,101,712,6-4 6-0,3,R64,79,5,2,51,35,27,10,8,4,4,3,2,59,39,19,10,8,5,9
2024-1075,Wuhan,Hard,64,1000,,20241007,3,214459,,LL,Lucia Bronzetti,R,,ITA,25.827,85,819,201548,,,Ajla Tomljanovic,R,180,AUS,31.420,86,801,6-1 7-6(2),3,R64,117,3,1,96,64,37,13,10,7,11,1,7,65,42,20,7,9,2,8
2024-1075,Wuhan,Hard,64,1000,,20241007,4,214939,10,,Anna Kalinskaya,R,175,RUS,25.849,13,2825,214388,,Q,Anna Bondar,R,,HUN,27.365,92,782,6-1 6-3,3,R64,74,1,0,59,43,27,10,8,5,6,3,4,49,25,18,4,8,5,10
2024-1075,Wuhan,Hard,64,1000,,20241007,5,206420,,,Ekaterina Alexandrova,R,175,RUS,29.895,33,1693,213550,,,Sofia Kenin,R,170,USA,25.898,162,471,6-1 4-6 6-4,3,R64,123,11,7,83,44,30,25,13,2,3,5,10,101,59,41,18,14,5,9
2024-1075,Wuhan,Hard,64,1000,,20241007,6,221024,,Q,Hailey Baptiste,R,,USA,22.927,102,709,220348,,,Diane Parry,R,170,FRA,22.100,50,1075,6-4 7-5,3,R64,107,2,1,80,53,40,13,11,6,7,2,1,61,32,24,16,11,2,5
2024-1075,Wuhan,Hard,64,1000,,20241007,7,206294,,,Yue Yuan,R,184,CHN,26.035,41,1349,216262,,LL,Clara Burel,R,176,FRA,23.541,55,1040,1-6 6-4 6-2,3,R64,122,3,1,85,47,29,21,13,5,9,1,7,74,43,28,13,12,4,8
2024-1075,Wuhan,Hard,64,1000,,20241007,8,222965,,LL,Erika Andreeva,R,,RUS,20.288,70,913,215035,,,Dayana Yastremska,R,175,UKR,24.397,36,1612,7-5 6-4,3,R64,100,1,2,71,40,27,15,11,4,7,0,1,62,40,25,10,11,3,8
2024-1075,Wuhan,Hard,64,1000,,20241007,9,259799,16,,Mirra Andreeva,R,,RUS,17.443,19,2218,216016,,WC,Xiyu Wang,L,,CHN,23.530,99,720,7-6(5) 6-3,3,R64,105,3,1,63,41,32,14,10,2,2,2,4,76,42,30,17,11,7,9
2024-1075,Wuhan,Hard,64,1000,,20241007,10,220367,,,Leylah Fernandez,L,168,CAN,22.087,28,1834,223670,12,,Diana Shnaider,L,,RUS,20.515,16,2641,6-7(7) 6-3 6-3,3,R64,160,7,10,111,62,49,18,15,3,7,2,8,108,73,44,16,15,6,13
2024-1075,Wuhan,Hard,64,1000,,20241007,11,215872,,LL,Kamilla Rakhimova,R,,RUS,23.111,66,925,220416,,Q,Moyuka Uchijima,R,171,JPN,23.157,64,978,6-1 6-2,3,R64,68,1,1,44,26,18,15,8,1,1,0,2,48,27,14,9,7,3,7
2024-1075,Wuhan,Hard,64,1000,,20241007,12,211713,,WC,Jaqueline Cristian,R,180,ROU,26.341,75,894,215785,,Q,Camila Osorio,R,162,COL,22.793,59,1010,4-6 6-2 6-3,3,R64,127,2,4,71,42,24,13,13,3,9,0,2,90,64,31,9,14,6,15
2024-1075,Wuhan,Hard,64,1000,,20241007,13,211095,,Q,Bernarda Pera,L,175,USA,29.846,95,750,201593,,,Irina Camelia Begu,R,181,ROU,34.117,100,718,6-2 4-6 6-2,3,R64,136,1,8,79,60,44,4,13,4,7,2,5,107,75,43,13,13,11,17
2024-1075,Wuhan,Hard,64,1000,,20241007,14,201615,,Q,Lesia Tsurenko,R,174,UKR,35.357,96,739,211107,,,Katie Boulter,R,180,GBR,28.184,34,1625,6-2 7-5,3,R64,111,0,6,70,46,26,13,10,7,10,3,6,75,38,25,10,10,9,15
2024-1075,Wuhan,Hard,64,1000,,20241007,15,202663,,,Magda Linette,R,171,POL,32.652,45,1241,214643,11,,Liudmila Samsonova,R,180,RUS,25.906,23,2080,6-2 6-2,3,R64,85,1,0,57,38,25,10,8,3,4,0,6,51,23,12,13,8,3,8
2024-1075,Wuhan,Hard,64,1000,,20241007,16,216146,13,,Marta Kostyuk,R,175,UKR,22.278,17,2383,220589,,,Elina Avanesyan,R,,ARM,22.057,47,1185,4-6 7-5 7-6(2),3,R64,156,4,13,100,48,34,23,17,4,11,0,4,129,87,48,21,17,5,12
2024-1075,Wuhan,Hard,64,1000,,20241007,17,216153,,,Amanda Anisimova,R,180,USA,23.102,39,1396,213710,,Q,Cristina Bucsa,R,,ESP,26.766,71,912,6-2 6-4,3,R64,73,3,2,61,39,26,14,9,4,5,1,6,54,34,21,8,9,5,9
2024-1075,Wuhan,Hard,64,1000,,20241007,18,202600,,,Viktoriya Tomova,R,170,BUL,29.616,48,1092,221909,,,Ashlyn Krueger,R,185,USA,20.419,65,972,1-6 7-6(8) 7-5,3,R64,154,2,6,105,65,39,16,15,8,15,7,16,136,77,48,23,16,6,12
2024-1075,Wuhan,Hard,64,1000,,20241007,19,211684,,,Magdalena Frech,R,171,POL,26.812,27,1853,215988,,Q,Mai Hontama,R,,JPN,25.107,134,558,6-0 6-4,3,R64,78,0,1,49,34,23,10,8,1,2,1,1,50,32,14,8,8,7,12
2024-1075,Wuhan,Hard,64,1000,,20241007,20,206368,,,Veronika Kudermetova,R,175,RUS,27.456,63,983,213631,,,Marie Bouzkova,R,180,CZE,26.215,42,1320,6-4 7-6(4),3,R64,143,3,2,85,55,41,12,11,10,13,1,1,83,42,26,18,11,5,9
2024-1075,Wuhan,Hard,64,1000,,20241007,21,206242,9,,Beatriz Haddad Maia,L,185,BRA,28.357,12,3036,201619,,,Madison Keys,R,178,USA,29.638,20,2196,7-6(7) 6-2,3,R64,128,1,5,93,62,42,13,10,9,12,3,2,67,46,25,9,10,3,8
2024-1075,Wuhan,Hard,64,1000,,20241007,22,202499,15,,Donna Vekic,R,179,CRO,28.277,18,2298,210722,,,Elise Mertens,R,179,BEL,28.890,30,1804,3-6 6-1 6-3,3,R64,122,4,4,71,31,23,15,12,3,8,6,7,87,49,29,11,13,9,17
2024-1075,Wuhan,Hard,64,1000,,20241007,23,201709,,,Yulia Putintseva,R,163,KAZ,29.750,35,1619,201533,,,Shuai Zhang,R,177,CHN,35.711,250,286,6-4 6-4,3,R64,72,3,1,49,35,28,10,10,1,2,1,0,55,34,25,10,10,2,5
2024-1075,Wuhan,Hard,64,1000,,20241007,24,211701,,,Katerina Siniakova,R,174,CZE,28.411,37,1474,223253,,WC,Alexandra Eala,L,173,PHI,19.376,148,502,6-3 6-1,3,R64,76,1,3,57,32,21,10,8,4,7,0,3,46,30,10,5,8,2,9
2024-1075,Wuhan,Hard,64,1000,,20241007,25,202468,2,,Jessica Pegula,R,170,USA,30.618,3,5945,215713,,,Anastasia Potapova,R,175,RUS,23.524,38,1427,6-2 2-0 RET,3,R32,37,0,0,24,14,9,5,5,0,2,1,2,32,20,6,3,6,1,6
2024-1075,Wuhan,Hard,64,1000,,20241007,26,216133,,,Xinyu Wang,R,182,CHN,23.031,51,1058,214459,,LL,Lucia Bronzetti,R,,ITA,25.827,85,819,4-6 6-2 6-4,3,R32,149,4,3,83,53,38,16,14,0,2,0,3,100,68,40,17,14,3,7
2024-1075,Wuhan,Hard,64,1000,,20241007,27,206420,,,Ekaterina Alexandrova,R,175,RUS,29.895,33,1693,214939,10,,Anna Kalinskaya,R,175,RUS,25.849,13,2825,6-4 6-7(2) 6-1,3,R32,158,9,7,110,63,47,16,15,11,15,1,10,97,62,40,10,14,4,11
2024-1075,Wuhan,Hard,64,1000,,20241007,28,221024,,Q,Hailey Baptiste,R,,USA,22.927,102,709,206252,7,,Barbora Krejcikova,R,178,CZE,28.806,10,3161,6-3 7-5,3,R32,94,4,4,70,32,24,19,11,6,9,1,4,62,37,23,10,10,3,8
2024-1075,Wuhan,Hard,64,1000,,20241007,29,211148,3,,Jasmine Paolini,R,160,ITA,28.759,6,5293,206294,,,Yue Yuan,R,184,CHN,26.035,41,1349,6-4 6-3,3,R32,94,2,0,55,37,27,7,9,6,8,2,2,75,42,25,13,10,9,14
2024-1075,Wuhan,Hard,64,1000,,20241007,30,222965,,LL,Erika Andreeva,R,,RUS,20.288,70,913,259799,16,,Mirra Andreeva,R,,RUS,17.443,19,2218,6-3 6-1,3,R32,90,5,1,66,35,22,17,8,2,3,2,2,55,33,15,10,8,4,9
2024-1075,Wuhan,Hard,64,1000,,20241007,31,220367,,,Leylah Fernandez,L,168,CAN,22.087,28,1834,215872,,LL,Kamilla Rakhimova,R,,RUS,23.111,66,925,6-2 5-7 7-6(4),3,R32,175,1,12,109,60,42,24,16,6,10,1,2,102,63,39,18,16,7,12
2024-1075,Wuhan,Hard,64,1000,,20241007,32,221012,5,,Qinwen Zheng,R,,CHN,21.999,7,4300,211713,,WC,Jaqueline Cristian,R,180,ROU,26.341,75,894,6-2 6-4,3,R32,102,9,2,52,29,24,12,9,4,5,3,6,66,33,21,13,9,3,7
2024-1075,Wuhan,Hard,64,1000,,20241007,33,214082,8,,Daria Kasatkina,R,170,RUS,27.420,11,3075,211095,,Q,Bernarda Pera,L,175,USA,29.846,95,750,6-4 1-6 6-1,3,R32,101,5,5,62,40,29,10,12,1,4,2,4,72,40,25,16,12,4,8
2024-1075,Wuhan,Hard,64,1000,,20241007,34,202663,,,Magda Linette,R,171,POL,32.652,45,1241,201615,,Q,Lesia Tsurenko,R,174,UKR,35.357,96,739,5-2 RET,3,R32,32,1,0,19,9,8,8,4,0,0,0,2,17,9,7,3,4,0,1
2024-1075,Wuhan,Hard,64,1000,,20241007,35,216146,13,,Marta Kostyuk,R,175,UKR,22.278,17,2383,216153,,,Amanda Anisimova,R,180,USA,23.102,39,1396,W/O,3,R32,,,,,,,,,,,,,,,,,,,
2024-1075,Wuhan,Hard,64,1000,,20241007,36,221103,4,,Coco Gauff,R,175,USA,20.570,4,5593,202600,,,Viktoriya Tomova,R,170,BUL,29.616,48,1092,6-1 6-2,3,R32,75,5,5,48,29,24,7,8,1,2,0,0,58,32,17,10,7,4,9
2024-1075,Wuhan,Hard,64,1000,,20241007,37,211684,,,Magdalena Frech,R,171,POL,26.812,27,1853,215613,6,,Emma Navarro,R,,USA,23.390,8,3698,6-4 3-6 6-3,3,R32,127,3,3,82,56,36,12,14,7,12,2,2,90,61,36,10,14,4,10
2024-1075,Wuhan,Hard,64,1000,,20241007,38,206242,9,,Beatriz Haddad Maia,L,185,BRA,28.357,12,3036,206368,,,Veronika Kudermetova,R,175,RUS,27.456,63,983,6-1 6-4,3,R32,91,1,3,59,43,32,7,9,4,5,3,2,51,28,16,9,8,1,5
2024-1075,Wuhan,Hard,64,1000,,20241007,39,201709,,,Yulia Putintseva,R,163,KAZ,29.750,35,1619,202499,15,,Donna Vekic,R,179,CRO,28.277,18,2298,6-4 3-6 6-4,3,R32,149,1,3,87,61,34,12,14,8,14,2,9,102,47,28,24,15,9,16
2024-1075,Wuhan,Hard,64,1000,,20241007,40,214544,1,,Aryna Sabalenka,R,182,BLR,26.426,2,8716,211701,,,Katerina Siniakova,R,174,CZE,28.411,37,1474,6-4 6-4,3,R32,94,3,3,63,44,29,11,10,6,8,3,7,75,52,33,6,10,8,12
2024-1075,Wuhan,Hard,64,1000,,20241007,41,216133,,,Xinyu Wang,R,182,CHN,23.031,51,1058,202468,2,,Jessica Pegula,R,170,USA,30.618,3,5945,6-3 7-5,3,R16,93,2,3,60,40,29,12,10,0,1,0,3,81,57,35,8,11,6,10
2024-1075,Wuhan,Hard,64,1000,,20241007,42,206420,,,Ekaterina Alexandrova,R,175,RUS,29.895,33,1693,221024,,Q,Hailey Baptiste,R,,USA,22.927,102,709,6-1 6-1,3,R16,63,2,2,42,22,15,12,7,1,2,4,4,61,35,19,6,7,8,14
2024-1075,Wuhan,Hard,64,1000,,20241007,43,211148,3,,Jasmine Paolini,R,160,ITA,28.759,6,5293,222965,,LL,Erika Andreeva,R,,RUS,20.288,70,913,6-3 6-2,3,R16,72,1,4,48,28,22,12,9,1,2,2,0,45,26,15,9,8,1,5
2024-1075,Wuhan,Hard,64,1000,,20241007,44,221012,5,,Qinwen Zheng,R,,CHN,21.999,7,4300,220367,,,Leylah Fernandez,L,168,CAN,22.087,28,1834,5-7 6-3 6-0,3,R16,149,5,2,76,42,31,21,13,2,4,3,5,102,67,41,13,14,7,13
2024-1075,Wuhan,Hard,64,1000,,20241007,45,202663,,,Magda Linette,R,171,POL,32.652,45,1241,214082,8,,Daria Kasatkina,R,170,RUS,27.420,11,3075,6-2 6-3,3,R16,72,1,0,57,38,23,12,9,0,2,0,5,45,27,14,7,8,1,6
2024-1075,Wuhan,Hard,64,1000,,20241007,46,221103,4,,Coco Gauff,R,175,USA,20.570,4,5593,216146,13,,Marta Kostyuk,R,175,UKR,22.278,17,2383,6-4 6-1,3,R16,61,2,0,39,25,20,10,8,0,1,1,4,49,29,16,7,9,0,5
2024-1075,Wuhan,Hard,64,1000,,20241007,47,211684,,,Magdalena Frech,R,171,POL,26.812,27,1853,206242,9,,Beatriz Haddad Maia,L,185,BRA,28.357,12,3036,6-3 6-2,3,R16,100,3,0,63,36,25,15,9,2,3,3,4,58,33,17,11,8,3,7
2024-1075,Wuhan,Hard,64,1000,,20241007,48,214544,1,,Aryna Sabalenka,R,182,BLR,26.426,2,8716,201709,,,Yulia Putintseva,R,163,KAZ,29.750,35,1619,1-6 6-4 6-0,3,R16,121,4,3,82,52,35,9,12,6,11,2,4,86,65,36,7,11,3,9
2024-1075,Wuhan,Hard,64,1000,,20241007,49,216133,,,Xinyu Wang,R,182,CHN,23.031,51,1058,206420,,,Ekaterina Alexandrova,R,175,RUS,29.895,33,1693,4-6 7-5 7-6(6),3,QF,170,5,6,111,67,44,21,17,6,11,5,10,120,73,45,24,17,8,13
2024-1075,Wuhan,Hard,64,1000,,20241007,50,221012,5,,Qinwen Zheng,R,,CHN,21.999,7,4300,211148,3,,Jasmine Paolini,R,160,ITA,28.759,6,5293,6-2 3-6 6-3,3,QF,134,10,2,83,50,36,17,13,4,6,2,3,86,61,39,10,13,4,8
2024-1075,Wuhan,Hard,64,1000,,20241007,51,221103,4,,Coco Gauff,R,175,USA,20.570,4,5593,202663,,,Magda Linette,R,171,POL,32.652,45,1241,6-0 6-4,3,QF,84,2,8,59,32,26,13,8,5,5,0,0,60,36,17,12,8,6,10
2024-1075,Wuhan,Hard,64,1000,,20241007,52,214544,1,,Aryna Sabalenka,R,182,BLR,26.426,2,8716,211684,,,Magdalena Frech,R,171,POL,26.812,27,1853,6-2 6-2,3,QF,83,1,0,57,32,17,18,8,5,6,2,0,63,37,21,8,8,1,6
2024-1075,Wuhan,Hard,64,1000,,20241007,53,221012,5,,Qinwen Zheng,R,,CHN,21.999,7,4300,216133,,,Xinyu Wang,R,182,CHN,23.031,51,1058,6-3 6-4,3,SF,99,8,6,62,33,25,12,10,2,5,0,1,64,40,18,12,9,7,12
2024-1075,Wuhan,Hard,64,1000,,20241007,54,214544,1,,Aryna Sabalenka,R,182,BLR,26.426,2,8716,221103,4,,Coco Gauff,R,175,USA,20.570,4,5593,1-6 6-4 6-4,3,SF,146,2,2,104,67,41,12,13,7,13,4,21,94,48,38,11,14,5,11
2024-1075,Wuhan,Hard,64,1000,,20241007,55,214544,1,,Aryna Sabalenka,R,182,BLR,26.426,2,8716,221012,5,,Qinwen Zheng,R,,CHN,21.999,7,4300,6-3 5-7 6-3,3,F,160,7,1,93,65,38,15,15,7,12,5,8,97,41,30,20,15,5,12
2024-2092,Ningbo,Hard,32,500,,20241014,1,214096,,,Karolina Muchova,R,178,CZE,28.148,29,1776,216265,,Q,Olivia Gadecki,R,,AUS,22.475,84,829,6-3 7-5,3,R32,105,1,1,51,29,24,12,10,2,4,1,8,84,52,32,13,11,7,12
2024-2092,Ningbo,Hard,32,500,,20241014,2,206294,,,Yue Yuan,R,184,CHN,26.054,46,1234,201548,,Q,Ajla Tomljanovic,R,180,AUS,31.439,85,811,6-4 6-2,3,R32,101,5,0,59,37,24,10,9,7,10,2,7,77,53,28,5,9,8,14
2024-2092,Ningbo,Hard,32,500,,20241014,3,214939,7,,Anna Kalinskaya,R,175,RUS,25.868,12,2880,211880,,LL,Priscilla Hon,R,171,AUS,26.432,225,314,3-6 6-3 6-4,3,R32,138,5,7,87,51,30,17,14,3,9,6,5,105,54,31,21,14,6,13
2024-2092,Ningbo,Hard,32,500,,20241014,4,215946,,LL,Ye Xin Ma,,,CHN,25.348,261,264,214646,,Q,Xiaodi You,,,CHN,28.425,281,230,6-2 6-2,3,R32,101,1,5,65,31,20,16,8,5,7,1,6,57,24,13,11,8,7,13
2024-2092,Ningbo,Hard,32,500,,20241014,5,259799,,,Mirra Andreeva,R,,RUS,17.462,19,2253,201478,,Q,Varvara Lepchenko,L,180,USA,38.402,161,474,6-2 6-0,3,R32,55,3,0,38,29,25,5,7,2,2,0,2,42,29,11,6,7,0,5
2024-2092,Ningbo,Hard,32,500,,20241014,6,211337,,LL,Tamara Korpatsch,R,170,GER,29.427,129,566,214388,,LL,Anna Bondar,R,,HUN,27.385,87,800,6-7(4) 7-6(6) 6-4,3,R32,213,2,5,129,78,44,27,17,13,20,4,2,129,80,47,21,17,5,13
2024-2092,Ningbo,Hard,32,500,,20241014,7,230870,,LL,Ella Seidel,R,,GER,19.664,121,593,210303,,LL,Kathinka Von Deichmann,R,176,LIE,30.415,169,430,6-3 6-1,3,R32,70,4,7,62,42,31,8,8,5,6,1,9,47,26,17,6,8,6,11
2024-2092,Ningbo,Hard,32,500,,20241014,8,201709,,,Yulia Putintseva,R,163,KAZ,29.769,32,1738,214452,,,Caroline Dolehide,R,178,USA,26.109,100,712,6-2 6-0,3,R32,67,0,3,43,34,25,2,7,1,2,2,2,47,25,12,6,7,7,13
2024-2092,Ningbo,Hard,32,500,,20241014,9,211701,,,Katerina Siniakova,R,174,CZE,28.430,42,1304,202663,,,Magda Linette,R,171,POL,32.671,40,1396,6-2 6-4,3,R32,79,0,4,54,33,23,9,9,2,5,2,3,56,37,17,7,9,3,9
2024-2092,Ningbo,Hard,32,500,,20241014,10,211651,8,,Paula Badosa,R,180,ESP,26.914,14,2713,223670,,,Diana Shnaider,L,,RUS,20.534,16,2641,4-6 6-3 6-3,3,R32,142,8,8,91,54,43,14,14,6,9,1,6,87,53,31,18,14,2,7
2024-2092,Ningbo,Hard,32,500,,20241014,11,216016,,WC,Xiyu Wang,L,,CHN,23.549,98,720,215872,,Q,Kamilla Rakhimova,R,,RUS,23.130,64,980,6-2 6-0,3,R32,91,5,0,36,21,17,9,7,0,1,0,6,70,40,16,14,7,9,15
2024-2092,Ningbo,Hard,32,500,,20241014,12,211107,,,Katie Boulter,R,180,GBR,28.203,35,1625,201506,,Q,Sara Errani,R,164,ITA,37.463,90,795,6-3 6-2,3,R32,73,3,8,48,26,21,9,8,1,3,0,1,46,33,15,4,9,3,9
2024-2092,Ningbo,Hard,32,500,,20241014,13,214096,,,Karolina Muchova,R,178,CZE,28.148,29,1776,211713,,LL,Jaqueline Cristian,R,180,ROU,26.361,73,902,6-2 6-1,3,R16,77,2,3,38,25,21,6,7,0,1,3,4,62,32,16,10,8,5,11
2024-2092,Ningbo,Hard,32,500,,20241014,14,214939,7,,Anna Kalinskaya,R,175,RUS,25.868,12,2880,206294,,,Yue Yuan,R,184,CHN,26.054,46,1234,6-3 6-3,3,R16,105,1,4,64,41,30,12,9,4,5,2,2,67,29,17,18,9,6,10
2024-2092,Ningbo,Hard,32,500,,20241014,15,206252,4,,Barbora Krejcikova,R,178,CZE,28.825,13,2866,215946,,LL,Ye Xin Ma,,,CHN,25.348,261,264,7-6(5) 6-3,3,R16,116,2,2,72,42,26,17,10,3,6,2,5,77,42,27,14,11,6,11
2024-2092,Ningbo,Hard,32,500,,20241014,16,259799,,,Mirra Andreeva,R,,RUS,17.462,19,2253,211337,,LL,Tamara Korpatsch,R,170,GER,29.427,129,566,6-0 6-4,3,R16,86,2,1,49,32,17,13,8,2,4,0,3,60,30,12,14,8,4,10
2024-2092,Ningbo,Hard,32,500,,20241014,17,201709,,,Yulia Putintseva,R,163,KAZ,29.769,32,1738,230870,,LL,Ella Seidel,R,,GER,19.664,121,593,6-4 6-4,3,R16,91,7,3,60,38,27,12,10,3,5,1,3,62,35,21,14,10,5,9
2024-2092,Ningbo,Hard,32,500,,20241014,18,214082,5,,Daria Kasatkina,R,170,RUS,27.439,11,3108,211701,,,Katerina Siniakova,R,174,CZE,28.430,42,1304,1-6 6-3 6-2,3,R16,125,0,5,79,54,34,10,12,10,15,1,6,90,57,30,17,12,8,14
2024-2092,Ningbo,Hard,32,500,,20241014,19,211651,8,,Paula Badosa,R,180,ESP,26.914,14,2713,216016,,WC,Xiyu Wang,L,,CHN,23.549,98,720,6-7(4) 6-1 6-2,3,R16,151,7,12,95,56,43,13,13,11,14,4,3,88,58,30,12,14,3,11
2024-2092,Ningbo,Hard,32,500,,20241014,20,206242,6,,Beatriz Haddad Maia,L,185,BRA,28.376,10,3146,211107,,,Katie Boulter,R,180,GBR,28.203,35,1625,7-6(2) 7-5,3,R16,146,6,5,83,51,39,18,12,4,5,3,5,65,32,23,21,12,0,2
2024-2092,Ningbo,Hard,32,500,,20241014,21,214096,,,Karolina Muchova,R,178,CZE,28.148,29,1776,214939,7,,Anna Kalinskaya,R,175,RUS,25.868,12,2880,2-6 6-2 6-3,3,QF,151,11,2,84,48,37,15,12,3,5,0,13,105,63,40,19,13,6,10
2024-2092,Ningbo,Hard,32,500,,20241014,22,259799,,,Mirra Andreeva,R,,RUS,17.462,19,2253,206252,4,,Barbora Krejcikova,R,178,CZE,28.825,13,2866,7-6(5) 3-2 RET,3,QF,97,4,6,57,27,21,14,9,3,6,0,2,68,46,28,10,8,7,10
2024-2092,Ningbo,Hard,32,500,,20241014,23,214082,5,,Daria Kasatkina,R,170,RUS,27.439,11,3108,201709,,,Yulia Putintseva,R,163,KAZ,29.769,32,1738,6-4 1-6 7-6(6),3,QF,161,1,8,86,56,33,11,14,1,7,3,2,113,74,46,16,15,8,13
2024-2092,Ningbo,Hard,32,500,,20241014,24,211651,8,,Paula Badosa,R,180,ESP,26.914,14,2713,206242,6,,Beatriz Haddad Maia,L,185,BRA,28.376,10,3146,6-3 6-2,3,QF,89,3,4,53,29,24,15,9,0,0,1,3,51,33,20,8,8,2,5
2024-2092,Ningbo,Hard,32,500,,20241014,25,259799,,,Mirra Andreeva,R,,RUS,17.462,19,2253,214096,,,Karolina Muchova,R,178,CZE,28.148,29,1776,6-2 1-0 RET,3,SF,46,3,1,25,16,13,5,5,1,2,0,0,28,15,6,5,5,2,5
2024-2092,Ningbo,Hard,32,500,,20241014,26,214082,5,,Daria Kasatkina,R,170,RUS,27.439,11,3108,211651,8,,Paula Badosa,R,180,ESP,26.914,14,2713,6-4 0-0 RET,3,SF,48,0,1,33,24,15,5,5,0,1,1,5,34,17,13,5,5,5,7
2024-2092,Ningbo,Hard,32,500,,20241014,27,214082,5,,Daria Kasatkina,R,170,RUS,27.439,11,3108,259799,,,Mirra Andreeva,R,,RUS,17.462,19,2253,6-0 4-6 6-4,3,F,114,0,4,75,54,35,11,13,3,7,0,5,80,54,29,10,13,1,8
2024-405,Osaka,Hard,32,250,,20241014,1,220704,,,Clara Tauson,R,182,DEN,21.816,63,985,220465,,,Katie Volynets,R,,USA,22.788,58,1006,6-1 6-4,3,R32,87,10,6,55,34,27,9,9,0,1,1,1,55,39,23,5,8,3,7
2024-405,Osaka,Hard,32,250,,20241014,2,211279,,,Harriet Dart,R,175,GBR,28.214,81,837,201696,,Q,Laura Siegemund,R,168,GER,36.614,89,796,3-6 7-5 7-5,3,R32,180,3,5,98,47,32,29,16,4,8,1,3,101,75,47,15,17,2,7
2024-405,Osaka,Hard,32,250,,20241014,3,213889,,,Greet Minnen,R,,BEL,27.168,95,774,215370,,WC,Bianca Andreescu,R,170,CAN,24.329,163,454,6-3 6-0,3,R32,62,4,5,54,35,26,11,8,5,5,3,3,37,22,12,5,7,1,5
2024-405,Osaka,Hard,32,250,,20241014,4,220348,7,,Diane Parry,R,170,FRA,22.120,52,1056,222965,,,Erika Andreeva,R,,RUS,20.307,66,952,4-6 7-6(4) 6-1,3,R32,153,13,6,93,56,45,19,14,6,7,5,5,101,66,47,16,15,6,9
2024-405,Osaka,Hard,32,250,,20241014,5,213631,4,,Marie Bouzkova,R,180,CZE,26.235,43,1270,220416,,,Moyuka Uchijima,R,171,JPN,23.176,59,995,7-6(6) 2-6 6-3,3,R32,165,1,6,96,56,36,21,14,4,8,3,6,107,68,48,18,15,6,10
2024-405,Osaka,Hard,32,250,,20241014,6,202536,,Q,Ana Bogdan,R,171,ROU,31.886,111,641,206368,,,Veronika Kudermetova,R,175,RUS,27.475,67,938,6-2 6-2,3,R32,77,1,0,49,33,21,10,8,2,3,4,1,44,25,12,9,8,1,6
2024-405,Osaka,Hard,32,250,,20241014,7,214459,,,Lucia Bronzetti,R,,ITA,25.846,78,849,213710,,,Cristina Bucsa,R,,ESP,26.785,70,912,6-3 6-4,3,R32,87,5,0,59,37,24,12,10,4,7,2,4,66,39,24,8,9,4,9
2024-405,Osaka,Hard,32,250,,20241014,8,215480,,Q,Suzan Lamens,R,,NED,25.279,125,578,202600,6,,Viktoriya Tomova,R,170,BUL,29.635,49,1127,6-1 6-2,3,R32,61,5,1,51,34,24,12,8,1,1,1,5,51,29,19,6,7,3,7
2024-405,Osaka,Hard,32,250,,20241014,9,220589,5,,Elina Avanesyan,R,,ARM,22.076,48,1177,221909,,,Ashlyn Krueger,R,185,USA,20.438,65,969,7-6(1) 6-3,3,R32,90,3,1,75,57,38,5,11,6,10,5,7,65,37,19,11,10,1,6
2024-405,Osaka,Hard,32,250,,20241014,10,260170,,WC,Sara Saito,R,,JPN,18.032,179,403,222601,,,Jessica Bouzas Maneiro,R,,ESP,22.057,61,992,6-3 6-2,3,R32,74,1,1,64,42,30,12,9,3,3,1,1,43,34,22,5,8,1,4
2024-405,Osaka,Hard,32,250,,20241014,11,214040,,Q,Kimberly Birrell,R,170,AUS,26.462,150,495,202453,,,Saisai Zheng,R,170,CHN,30.689,1007,17,6-2 6-3,3,R32,72,4,1,41,23,20,11,8,2,3,2,3,50,28,13,9,9,3,8
2024-405,Osaka,Hard,32,250,,20241014,12,210722,3,,Elise Mertens,R,179,BEL,28.910,27,1804,215988,,WC,Mai Hontama,R,,JPN,25.126,126,575,6-1 6-1,3,R32,61,3,1,33,20,19,9,7,0,0,1,2,47,29,15,5,7,5,10
2024-405,Osaka,Hard,32,250,,20241014,13,220714,8,,Elisabetta Cocciaretto,R,,ITA,23.718,50,1078,211316,,LL,Jessika Ponchet,R,,FRA,28.050,109,662,6-4 5-7 7-6(3),3,R32,183,2,2,134,90,55,20,17,14,20,6,4,121,69,47,21,17,9,15
2024-405,Osaka,Hard,32,250,,20241014,14,256684,,Q,Aoi Ito,,,JPN,20.400,188,379,213550,,WC,Sofia Kenin,R,170,USA,25.917,158,480,6-2 3-6 7-5,3,R32,108,7,4,112,87,45,14,15,12,18,2,3,88,66,36,7,14,5,12
2024-405,Osaka,Hard,32,250,,20241014,15,220520,,,Mccartney Kessler,R,,USA,25.271,76,879,214262,,Q,Ena Shibahara,R,170,JPN,26.670,139,535,6-4 6-1,3,R32,85,3,4,72,42,28,15,8,7,8,1,4,56,32,17,8,9,3,8
2024-405,Osaka,Hard,32,250,,20241014,16,220332,,LL,Eva Lys,R,165,GER,22.755,118,610,215785,,,Camila Osorio,R,162,COL,22.812,55,1022,6-2 6-3,3,R32,92,2,4,61,39,24,9,8,5,8,5,4,85,57,31,7,9,11,18
2024-405,Osaka,Hard,32,250,,20241014,17,220704,,,Clara Tauson,R,182,DEN,21.816,63,985,211279,,,Harriet Dart,R,175,GBR,28.214,81,837,6-3 6-2,3,R16,91,7,3,54,31,26,10,9,1,2,2,8,73,42,24,13,8,9,13
2024-405,Osaka,Hard,32,250,,20241014,18,220348,7,,Diane Parry,R,170,FRA,22.120,52,1056,213889,,,Greet Minnen,R,,BEL,27.168,95,774,6-4 6-2,3,R16,85,7,3,59,33,26,14,9,2,2,4,2,60,37,24,10,9,3,6
2024-405,Osaka,Hard,32,250,,20241014,19,202536,,Q,Ana Bogdan,R,171,ROU,31.886,111,641,213631,4,,Marie Bouzkova,R,180,CZE,26.235,43,1270,6-0 7-6(5),3,R16,117,3,1,72,47,27,12,9,5,8,1,1,63,45,20,6,9,7,13
2024-405,Osaka,Hard,32,250,,20241014,20,215480,,Q,Suzan Lamens,R,,NED,25.279,125,578,214459,,,Lucia Bronzetti,R,,ITA,25.846,78,849,6-3 6-4,3,R16,77,5,1,53,40,29,7,9,1,2,1,0,50,31,21,6,10,0,4
2024-405,Osaka,Hard,32,250,,20241014,21,260170,,WC,Sara Saito,R,,JPN,18.032,179,403,220589,5,,Elina Avanesyan,R,,ARM,22.076,48,1177,7-6(2) 6-4,3,R16,116,1,6,87,52,35,13,11,9,14,1,3,88,64,32,12,11,8,14
2024-405,Osaka,Hard,32,250,,20241014,22,214040,,Q,Kimberly Birrell,R,170,AUS,26.462,150,495,210722,3,,Elise Mertens,R,179,BEL,28.910,27,1804,3-6 7-5 4-1 RET,3,R16,172,3,3,94,59,38,18,13,10,13,7,9,95,43,28,26,14,8,12
2024-405,Osaka,Hard,32,250,,20241014,23,256684,,Q,Aoi Ito,,,JPN,20.400,188,379,220714,8,,Elisabetta Cocciaretto,R,,ITA,23.718,50,1078,6-4 6-3,3,R16,87,1,4,73,53,33,6,10,2,5,0,1,53,45,20,4,9,4,9
2024-405,Osaka,Hard,32,250,,20241014,24,220332,,LL,Eva Lys,R,165,GER,22.755,118,610,220520,,,Mccartney Kessler,R,,USA,25.271,76,879,7-6(7) 3-6 7-5,3,R16,160,1,4,106,69,36,18,16,4,10,6,10,125,61,38,28,17,5,11
2024-405,Osaka,Hard,32,250,,20241014,25,220348,7,,Diane Parry,R,170,FRA,22.120,52,1056,220704,,,Clara Tauson,R,182,DEN,21.816,63,985,6-3 1-6 6-3,3,QF,137,9,4,91,47,37,20,13,3,5,4,4,81,44,29,21,12,5,7
2024-405,Osaka,Hard,32,250,,20241014,26,215480,,Q,Suzan Lamens,R,,NED,25.279,125,578,202536,,Q,Ana Bogdan,R,171,ROU,31.886,111,641,4-6 6-3 6-3,3,QF,143,4,6,90,53,35,18,14,5,9,2,1,83,49,29,16,14,3,9
2024-405,Osaka,Hard,32,250,,20241014,27,214040,,Q,Kimberly Birrell,R,170,AUS,26.462,150,495,260170,,WC,Sara Saito,R,,JPN,18.032,179,403,7-5 6-4,3,QF,99,2,2,64,45,30,13,11,0,1,2,3,71,49,28,12,11,3,6
2024-405,Osaka,Hard,32,250,,20241014,28,256684,,Q,Aoi Ito,,,JPN,20.400,188,379,220332,,LL,Eva Lys,R,165,GER,22.755,118,610,6-7(8) 6-2 6-3,3,QF,136,2,3,93,67,43,14,14,4,6,0,1,110,80,41,17,15,4,10
2024-405,Osaka,Hard,32,250,,20241014,29,215480,,Q,Suzan Lamens,R,,NED,25.279,125,578,220348,7,,Diane Parry,R,170,FRA,22.120,52,1056,6-2 6-4,3,SF,84,2,2,54,38,25,11,9,1,2,2,5,69,40,21,16,9,6,10
2024-405,Osaka,Hard,32,250,,20241014,30,214040,,Q,Kimberly Birrell,R,170,AUS,26.462,150,495,256684,,Q,Aoi Ito,,,JPN,20.400,188,379,6-4 6-3,3,SF,74,2,1,49,31,24,9,9,2,4,2,1,59,49,26,5,10,3,8
2024-405,Osaka,Hard,32,250,,20241014,31,215480,,Q,Suzan Lamens,R,,NED,25.279,125,578,214040,,Q,Kimberly Birrell,R,170,AUS,26.462,150,495,6-0 6-4,3,F,72,5,3,44,27,21,6,8,2,4,0,3,47,33,13,4,8,1,7
2024-1023,Guangzhou,Hard,32,250,,20241021,1,213631,2,,Marie Bouzkova,R,180,CZE,26.254,47,1140,215480,,SE,Suzan Lamens,R,,NED,25.298,88,796,6-3 6-1,3,R32,71,1,1,45,28,22,9,8,1,2,2,5,40,21,13,3,8,1,6
2024-1023,Guangzhou,Hard,32,250,,20241021,2,214452,,Q,Caroline Dolehide,R,178,USA,26.128,101,712,239389,,LL,Elena Pridankina,R,,RUS,19.143,179,391,6-2 6-1,3,R32,68,1,0,41,37,25,2,8,3,5,0,5,50,31,14,5,7,4,10
2024-1023,Guangzhou,Hard,32,250,,20241021,3,222559,,WC,Han Shi,R,,CHN,19.395,254,270,211316,,Q,Jessika Ponchet,R,,FRA,28.069,104,672,6-1 6-7(4) 6-3,3,R32,162,1,7,103,56,36,24,13,9,12,4,1,122,73,43,18,15,13,21
2024-1023,Guangzhou,Hard,32,250,,20241021,4,222601,7,,Jessica Bouzas Maneiro,R,,ESP,22.076,60,992,213544,,Q,Jana Fett,R,168,CRO,27.968,105,669,6-4 6-3,3,R32,86,0,2,49,33,24,5,9,3,6,3,8,70,39,20,13,10,14,20
2024-1023,Guangzhou,Hard,32,250,,20241021,5,214459,,,Lucia Bronzetti,R,,ITA,25.865,84,819,220589,4,,Elina Avanesyan,R,,ARM,22.095,45,1182,6-1 6-4,3,R32,76,2,3,60,35,20,15,8,7,9,0,1,54,32,17,6,9,7,13
2024-1023,Guangzhou,Hard,32,250,,20241021,6,211713,,,Jaqueline Cristian,R,180,ROU,26.380,74,887,203530,,,Viktorija Golubic,R,169,SUI,32.014,165,441,6-4 2-6 6-1,3,R32,122,4,4,76,46,34,16,13,3,6,0,0,82,60,35,12,12,3,7
2024-1023,Guangzhou,Hard,32,250,,20241021,7,216016,,,Xiyu Wang,L,,CHN,23.568,99,750,201551,,,Arantxa Rus,L,180,NED,33.857,77,874,6-2 6-4,3,R32,96,7,4,62,34,26,15,9,3,4,6,4,56,30,19,10,9,2,6
2024-1023,Guangzhou,Hard,32,250,,20241021,8,221096,,WC,Sijia Wei,R,,CHN,20.879,135,539,211685,6,,Rebecca Sramkova,R,,SVK,28.006,51,1051,6-1 6-4,3,R32,75,2,5,56,26,18,19,9,4,5,1,4,56,35,17,11,8,6,10
2024-1023,Guangzhou,Hard,32,250,,20241021,9,220348,5,,Diane Parry,R,170,FRA,22.139,50,1124,211765,,LL,Emina Bektas,R,,USA,31.563,138,527,6-3 6-2,3,R32,75,10,0,55,23,18,23,9,1,1,2,4,49,27,21,7,8,2,5
2024-1023,Guangzhou,Hard,32,250,,20241021,10,215337,,,Olga Danilovic,L,,SRB,23.743,86,805,222965,,,Erika Andreeva,R,,RUS,20.326,65,947,6-4 6-4,3,R32,103,1,5,53,33,25,10,10,2,4,4,2,69,38,24,14,10,6,10
2024-1023,Guangzhou,Hard,32,250,,20241021,11,216566,,Q,Mananchaya Sawangkaew,R,,THA,22.284,163,446,230870,,LL,Ella Seidel,R,,GER,19.683,117,618,6-1 2-6 6-2,3,R32,131,13,6,119,67,46,24,12,17,19,2,7,70,36,24,15,11,5,9
2024-1023,Guangzhou,Hard,32,250,,20241021,12,206294,3,,Yue Yuan,R,184,CHN,26.073,44,1209,213889,,,Greet Minnen,R,,BEL,27.187,90,791,7-6(2) 6-1,3,R32,88,0,1,62,35,26,17,10,3,4,7,6,56,30,23,9,9,1,4
2024-1023,Guangzhou,Hard,32,250,,20241021,13,201533,,WC,Shuai Zhang,R,177,CHN,35.749,237,297,215872,8,,Kamilla Rakhimova,R,,RUS,23.149,61,990,6-2 6-1,3,R32,58,4,0,41,25,22,11,8,0,0,3,4,42,21,12,7,7,2,6
2024-1023,Guangzhou,Hard,32,250,,20241021,14,211095,,,Bernarda Pera,L,175,USA,29.884,79,843,223253,,Q,Alexandra Eala,L,173,PHI,19.414,147,494,6-0 6-3,3,R32,60,4,3,40,26,23,9,8,0,0,3,2,45,27,13,9,7,4,8
2024-1023,Guangzhou,Hard,32,250,,20241021,15,219917,,LL,Alycia Parks,R,185,USA,23.806,115,624,214388,,,Anna Bondar,R,,HUN,27.404,94,783,6-3 6-3,3,R32,78,11,11,59,32,29,9,9,4,5,2,3,53,28,16,12,9,4,8
2024-1023,Guangzhou,Hard,32,250,,20241021,16,211701,1,,Katerina Siniakova,R,174,CZE,28.450,48,1139,201549,,Q,Petra Martic,R,181,CRO,33.756,121,592,6-2 6-1,3,R32,63,0,1,40,26,22,10,8,0,0,2,4,55,27,15,12,7,8,12
2024-1023,Guangzhou,Hard,32,250,,20241021,17,214452,,Q,Caroline Dolehide,R,178,USA,26.128,101,712,213631,2,,Marie Bouzkova,R,180,CZE,26.254,47,1140,6-7(3) 6-4 7-6(6),3,R16,198,4,3,142,116,71,14,17,9,13,2,7,110,69,46,18,17,1,6
2024-1023,Guangzhou,Hard,32,250,,20241021,18,222601,7,,Jessica Bouzas Maneiro,R,,ESP,22.076,60,992,222559,,WC,Han Shi,R,,CHN,19.395,254,270,6-3 6-4,3,R16,91,2,3,71,45,30,13,10,7,9,1,2,60,34,21,10,9,2,6
2024-1023,Guangzhou,Hard,32,250,,20241021,19,214459,,,Lucia Bronzetti,R,,ITA,25.865,84,819,211713,,,Jaqueline Cristian,R,180,ROU,26.380,74,887,7-6(5) 6-4,3,R16,129,0,5,77,52,40,9,11,9,12,6,6,86,55,36,13,11,9,13
2024-1023,Guangzhou,Hard,32,250,,20241021,20,216016,,,Xiyu Wang,L,,CHN,23.568,99,750,221096,,WC,Sijia Wei,R,,CHN,20.879,135,539,3-6 6-0 7-5,3,R16,138,2,4,89,52,37,19,13,5,7,2,1,83,48,30,18,14,6,11
2024-1023,Guangzhou,Hard,32,250,,20241021,21,215337,,,Olga Danilovic,L,,SRB,23.743,86,805,220348,5,,Diane Parry,R,170,FRA,22.139,50,1124,6-1 6-0,3,R16,74,1,3,61,31,18,20,6,8,8,1,2,45,25,10,5,7,4,10
2024-1023,Guangzhou,Hard,32,250,,20241021,22,216566,,Q,Mananchaya Sawangkaew,R,,THA,22.284,163,446,206294,3,,Yue Yuan,R,184,CHN,26.073,44,1209,6-2 6-3,3,R16,67,4,1,41,28,19,6,8,0,3,0,1,53,36,13,6,9,3,10
2024-1023,Guangzhou,Hard,32,250,,20241021,23,211095,,,Bernarda Pera,L,175,USA,29.884,79,843,201533,,WC,Shuai Zhang,R,177,CHN,35.749,237,297,6-2 6-2,3,R16,65,3,1,52,30,22,14,8,5,5,1,4,53,29,18,9,8,6,10
2024-1023,Guangzhou,Hard,32,250,,20241021,24,211701,1,,Katerina Siniakova,R,174,CZE,28.450,48,1139,219917,,LL,Alycia Parks,R,185,USA,23.806,115,624,6-1 6-4,3,R16,78,1,5,68,42,33,10,8,7,7,2,6,55,31,21,9,9,1,5
2024-1023,Guangzhou,Hard,32,250,,20241021,25,214452,,Q,Caroline Dolehide,R,178,USA,26.128,101,712,222601,7,,Jessica Bouzas Maneiro,R,,ESP,22.076,60,992,6-4 4-6 6-0,3,QF,110,0,1,78,62,41,9,13,5,8,1,5,77,52,29,10,13,4,10
2024-1023,Guangzhou,Hard,32,250,,20241021,26,214459,,,Lucia Bronzetti,R,,ITA,25.865,84,819,216016,,,Xiyu Wang,L,,CHN,23.568,99,750,6-4 6-1,3,QF,98,2,1,68,51,34,7,8,6,7,1,6,51,29,18,7,9,1,6
2024-1023,Guangzhou,Hard,32,250,,20241021,27,215337,,,Olga Danilovic,L,,SRB,23.743,86,805,216566,,Q,Mananchaya Sawangkaew,R,,THA,22.284,163,446,6-4 6-4,3,QF,104,4,6,80,49,28,16,10,9,12,3,5,63,40,25,9,10,5,10
2024-1023,Guangzhou,Hard,32,250,,20241021,28,211701,1,,Katerina Siniakova,R,174,CZE,28.450,48,1139,211095,,,Bernarda Pera,L,175,USA,29.884,79,843,6-4 7-5,3,QF,84,2,3,60,36,24,11,11,4,8,2,2,64,40,23,10,11,5,11
2024-1023,Guangzhou,Hard,32,250,,20241021,29,214452,,Q,Caroline Dolehide,R,178,USA,26.128,101,712,214459,,,Lucia Bronzetti,R,,ITA,25.865,84,819,6-3 3-6 7-6(9),3,SF,159,1,6,120,101,56,7,15,9,16,2,4,101,68,36,14,15,5,12
2024-1023,Guangzhou,Hard,32,250,,20241021,30,215337,,,Olga Danilovic,L,,SRB,23.743,86,805,211701,1,,Katerina Siniakova,R,174,CZE,28.450,48,1139,4-6 6-4 4-3 RET,3,SF,144,4,8,94,59,33,18,14,6,11,2,2,77,50,31,15,14,1,7
2024-1023,Guangzhou,Hard,32,250,,20241021,31,215337,,,Olga Danilovic,L,,SRB,23.743,86,805,214452,,Q,Caroline Dolehide,R,178,USA,26.128,101,712,6-3 6-1,3,F,75,0,2,52,35,25,9,8,2,3,3,0,59,48,25,2,8,4,9
2024-1056,Tokyo,Hard,32,500,,20241021,1,215370,,WC,Bianca Andreescu,R,170,CAN,24.348,159,455,215614,,Q,Mei Yamaguchi,,152,JPN,25.356,410,146,7-5 6-3,3,R32,97,0,3,61,43,30,6,10,4,7,0,2,75,49,26,10,11,8,14
2024-1056,Tokyo,Hard,32,500,,20241021,2,211846,,LL,Kyoka Okamura,R,,JPN,29.044,271,244,221024,,Q,Hailey Baptiste,R,,USA,22.966,80,839,7-6(4) 6-3,3,R32,103,3,1,66,41,31,19,11,2,3,1,2,70,36,24,21,10,4,6
2024-1056,Tokyo,Hard,32,500,,20241021,3,211107,9,,Katie Boulter,R,180,GBR,28.222,33,1660,211880,,Q,Priscilla Hon,R,171,AUS,26.451,217,325,6-1 6-4,3,R32,76,4,3,57,37,27,9,8,1,2,3,1,44,30,16,5,9,0,5
2024-1056,Tokyo,Hard,32,500,,20241021,4,220520,,,Mccartney Kessler,R,,USA,25.290,73,896,220714,,,Elisabetta Cocciaretto,R,,ITA,23.738,52,1048,6-3 6-3,3,R32,93,2,1,73,49,29,12,9,8,11,2,3,65,44,18,11,9,7,13
2024-1056,Tokyo,Hard,32,500,,20241021,5,220704,,LL,Clara Tauson,R,182,DEN,21.835,53,1037,211702,,WC,Nao Hibino,R,163,JPN,29.898,156,468,6-2 6-3,3,R32,83,8,4,66,38,24,12,9,4,8,0,2,43,27,11,4,8,2,9
2024-1056,Tokyo,Hard,32,500,,20241021,6,213550,,WC,Sofia Kenin,R,170,USA,25.936,155,480,216133,10,,Xinyu Wang,R,182,CHN,23.070,39,1418,6-1 6-4,3,R32,78,2,3,48,36,30,7,9,1,1,3,4,72,46,29,9,8,5,8
2024-1056,Tokyo,Hard,32,500,,20241021,7,220309,,Q,Zeynep Sonmez,R,,TUR,22.478,148,493,211684,7,,Magdalena Frech,R,171,POL,26.851,24,2020,1-6 6-4 6-3,3,R32,118,1,3,92,56,40,14,13,5,8,4,2,80,54,37,14,13,5,8
2024-1056,Tokyo,Hard,32,500,,20241021,8,259967,,Q,Sayaka Ishii,,,JPN,19.141,279,225,260170,,LL,Sara Saito,R,,JPN,18.051,158,456,6-1 6-1,3,R32,86,1,4,63,40,27,13,7,7,7,1,5,64,41,23,6,7,9,14
2024-1056,Tokyo,Hard,32,500,,20241021,9,202600,,,Viktoriya Tomova,R,170,BUL,29.654,49,1127,206368,,,Veronika Kudermetova,R,175,RUS,27.494,62,988,7-6(3) 6-3,3,R32,114,1,2,68,46,34,10,10,2,4,1,0,83,57,31,13,11,5,9
2024-1056,Tokyo,Hard,32,500,,20241021,10,220367,8,,Leylah Fernandez,L,168,CAN,22.125,35,1574,205925,,LL,Aliaksandra Sasnovich,R,174,BLR,30.585,143,505,5-7 6-2 5-2 RET,3,R32,164,6,7,94,50,30,25,14,2,6,3,15,109,60,38,17,13,10,16
2024-1056,Tokyo,Hard,32,500,,20241021,11,219875,,,Varvara Gracheva,R,,FRA,24.220,68,919,215988,,Q,Mai Hontama,R,,JPN,25.145,137,528,6-1 7-6(4),3,R32,97,2,1,66,45,27,12,10,2,5,0,4,69,42,22,11,9,5,10
2024-1056,Tokyo,Hard,32,500,,20241021,12,220416,,,Moyuka Uchijima,R,171,JPN,23.196,57,995,261963,,WC,Mika Stojsavljevic,R,,GBR,15.850,633,61,6-4 6-7(7) 7-6(6),3,R32,171,1,8,115,66,44,27,17,3,7,7,3,113,67,45,25,17,5,10
2024-1056,Tokyo,Hard,32,500,,20241021,13,215370,,WC,Bianca Andreescu,R,170,CAN,24.348,159,455,206242,2,,Beatriz Haddad Maia,L,185,BRA,28.395,10,3194,3-0 RET,3,R16,18,2,2,12,7,7,1,2,0,0,0,2,5,2,1,0,1,0,1
2024-1056,Tokyo,Hard,32,500,,20241021,14,211107,9,,Katie Boulter,R,180,GBR,28.222,33,1660,211846,,LL,Kyoka Okamura,R,,JPN,29.044,271,244,6-1 6-2,3,R16,69,0,2,37,20,16,13,7,0,0,2,2,43,29,14,4,8,2,7
2024-1056,Tokyo,Hard,32,500,,20241021,15,214082,3,,Daria Kasatkina,R,170,RUS,27.458,9,3500,220520,,,Mccartney Kessler,R,,USA,25.290,73,896,3-6 6-3 6-1,3,R16,116,3,3,79,57,38,6,12,5,9,2,2,86,52,29,14,13,5,12
2024-1056,Tokyo,Hard,32,500,,20241021,16,213550,,WC,Sofia Kenin,R,170,USA,25.936,155,480,220704,,LL,Clara Tauson,R,182,DEN,21.835,53,1037,6-7(8) 6-4 7-6(6),3,R16,171,5,5,111,77,56,18,17,0,1,22,9,123,65,53,24,17,4,6
2024-1056,Tokyo,Hard,32,500,,20241021,17,259967,,Q,Sayaka Ishii,,,JPN,19.141,279,225,220309,,Q,Zeynep Sonmez,R,,TUR,22.478,148,493,4-6 6-2 6-3,3,R16,130,0,9,84,49,33,12,14,2,8,3,4,88,50,27,13,13,6,14
2024-1056,Tokyo,Hard,32,500,,20241021,18,223670,6,,Diana Shnaider,L,,RUS,20.553,16,2585,202600,,,Viktoriya Tomova,R,170,BUL,29.654,49,1127,6-2 6-2,3,R16,76,2,2,50,40,26,4,8,1,3,2,3,64,35,16,11,8,3,9
2024-1056,Tokyo,Hard,32,500,,20241021,19,220367,8,,Leylah Fernandez,L,168,CAN,22.125,35,1574,219875,,,Varvara Gracheva,R,,FRA,24.220,68,919,6-0 3-6 7-5,3,R16,135,3,2,80,52,33,18,13,8,10,2,1,88,55,30,19,14,6,11
2024-1056,Tokyo,Hard,32,500,,20241021,20,221012,1,,Qinwen Zheng,R,,CHN,22.037,7,4480,220416,,,Moyuka Uchijima,R,171,JPN,23.196,57,995,7-5 6-0,3,R16,77,3,3,53,27,23,13,9,3,4,0,3,54,28,16,11,9,3,8
2024-1056,Tokyo,Hard,32,500,,20241021,21,211107,9,,Katie Boulter,R,180,GBR,28.222,33,1660,215370,,WC,Bianca Andreescu,R,170,CAN,24.348,159,455,6-2 6-1,3,QF,62,5,4,39,23,20,10,7,1,1,1,3,44,29,13,6,8,2,7
2024-1056,Tokyo,Hard,32,500,,20241021,22,213550,,WC,Sofia Kenin,R,170,USA,25.936,155,480,214082,3,,Daria Kasatkina,R,170,RUS,27.458,9,3500,6-3 6-4,3,QF,78,0,1,50,31,21,8,9,0,3,1,2,65,42,22,9,10,4,10
2024-1056,Tokyo,Hard,32,500,,20241021,23,223670,6,,Diana Shnaider,L,,RUS,20.553,16,2585,259967,,Q,Sayaka Ishii,,,JPN,19.141,279,225,W/O,3,QF,,,,,,,,,,,,,,,,,,,
2024-1056,Tokyo,Hard,32,500,,20241021,24,221012,1,,Qinwen Zheng,R,,CHN,22.037,7,4480,220367,8,,Leylah Fernandez,L,168,CAN,22.125,35,1574,6-0 1-6 6-3,3,QF,107,7,3,71,40,29,14,11,4,7,2,6,71,43,23,13,11,4,9
2024-1056,Tokyo,Hard,32,500,,20241021,25,213550,,WC,Sofia Kenin,R,170,USA,25.936,155,480,211107,9,,Katie Boulter,R,180,GBR,28.222,33,1660,6-4 6-4,3,SF,89,1,0,59,43,31,10,10,4,5,4,7,63,32,24,13,10,5,8
2024-1056,Tokyo,Hard,32,500,,20241021,26,221012,1,,Qinwen Zheng,R,,CHN,22.037,7,4480,223670,6,,Diana Shnaider,L,,RUS,20.553,16,2585,7-6(5) 6-3,3,SF,109,7,1,71,37,29,16,11,2,5,1,4,73,46,29,11,10,5,9
2024-1056,Tokyo,Hard,32,500,,20241021,27,221012,1,,Qinwen Zheng,R,,CHN,22.037,7,4480,213550,,WC,Sofia Kenin,R,170,USA,25.936,155,480,7-6(5) 6-3,3,F,112,16,2,69,41,38,14,11,1,1,0,3,80,58,37,13,10,7,8
2024-1074,Hong Kong,Hard,32,250,,20241028,1,211107,2,,Katie Boulter,R,180,GBR,28.242,29,1828,256684,,,Aoi Ito,,,JPN,20.438,156,487,6-4 6-4,3,R32,97,3,3,67,42,34,12,10,3,3,3,1,78,62,37,8,10,7,9
2024-1074,Hong Kong,Hard,32,250,,20241028,2,216016,,,Xiyu Wang,L,,CHN,23.587,100,774,222080,,Q,Hina Inoue,R,,USA,21.410,253,287,6-3 7-6(2),3,R32,104,1,2,63,40,33,12,10,3,4,6,3,74,43,28,13,11,5,8
2024-1074,Hong Kong,Hard,32,250,,20241028,3,220435,,,Anastasia Zakharova,R,,RUS,22.777,113,653,204294,,LL,Su Jeong Jang,R,,KOR,29.630,244,299,7-5 6-4,3,R32,109,1,1,67,42,27,13,11,0,3,3,1,79,56,33,8,11,7,12
2024-1074,Hong Kong,Hard,32,250,,20241028,4,219875,7,,Varvara Gracheva,R,,FRA,24.239,66,949,236955,,Q,Tatiana Prozorova,,,RUS,21.052,268,259,2-6 7-5 6-2,3,R32,131,2,2,84,57,40,11,14,8,13,3,2,92,63,37,13,14,4,10
2024-1074,Hong Kong,Hard,32,250,,20241028,5,211316,,,Jessika Ponchet,R,,FRA,28.088,106,682,216133,4,,Xinyu Wang,R,182,CHN,23.089,37,1418,4-6 7-5 6-2,3,R32,125,4,5,86,45,33,20,15,3,7,2,2,82,57,38,10,15,2,8
2024-1074,Hong Kong,Hard,32,250,,20241028,6,213550,,,Sofia Kenin,R,170,USA,25.955,88,804,215614,,Q,Mei Yamaguchi,,152,JPN,25.375,362,170,6-4 6-4,3,R32,83,6,0,62,44,30,12,10,1,2,7,3,67,41,28,12,10,8,11
2024-1074,Hong Kong,Hard,32,250,,20241028,7,211702,,,Nao Hibino,R,163,JPN,29.917,159,468,203288,,LL,Jia Jing Lu,R,173,CHN,34.944,259,270,6-7(4) 6-3 7-5,3,R32,157,2,3,124,85,52,24,17,7,10,6,7,99,67,46,11,16,1,6
2024-1074,Hong Kong,Hard,32,250,,20241028,8,206294,6,,Yue Yuan,R,184,CHN,26.092,45,1149,201594,,WC,Simona Halep,R,168,ROU,33.088,883,26,6-3 6-3,3,R32,82,0,0,54,37,27,9,9,1,2,2,1,62,38,22,11,9,7,11
2024-1074,Hong Kong,Hard,32,250,,20241028,9,211095,9,,Bernarda Pera,L,175,USA,29.903,81,872,260170,,,Sara Saito,R,,JPN,18.070,161,468,6-4 6-4,3,R32,93,9,4,80,50,37,13,10,5,6,0,3,60,49,33,4,10,5,8
2024-1074,Hong Kong,Hard,32,250,,20241028,10,222559,,Q,Han Shi,R,,CHN,19.414,245,297,202506,,,Margarita Gasparyan,R,183,RUS,30.158,,,6-4 6-2,3,R32,85,1,2,56,36,27,9,9,2,3,0,4,62,44,27,7,9,9,13
2024-1074,Hong Kong,Hard,32,250,,20241028,11,214040,,,Kimberly Birrell,R,170,AUS,26.500,115,646,202536,,,Ana Bogdan,R,171,ROU,31.924,112,653,6-3 6-4,3,R32,113,2,1,73,39,28,20,10,4,4,2,1,63,41,25,13,9,4,6
2024-1074,Hong Kong,Hard,32,250,,20241028,12,220367,3,,Leylah Fernandez,L,168,CAN,22.144,32,1672,201586,,,Heather Watson,R,170,GBR,32.444,139,545,6-2 6-2,3,R32,84,4,3,65,42,26,14,8,4,5,0,7,52,27,17,7,8,2,7
2024-1074,Hong Kong,Hard,32,250,,20241028,13,213710,8,,Cristina Bucsa,R,,ESP,26.823,71,912,216587,,WC,Hong Yi Cody Wong,,,HKG,22.626,412,151,6-3 6-3,3,R32,88,1,2,60,41,27,11,9,5,7,1,4,65,38,22,10,9,3,8
2024-1074,Hong Kong,Hard,32,250,,20241028,14,215480,,,Suzan Lamens,R,,NED,25.317,91,796,214386,,Q,Xinyu Gao,R,,CHN,26.936,170,436,6-3 6-0,3,R32,69,3,4,49,28,17,10,7,7,9,1,2,43,31,10,2,8,3,10
2024-1074,Hong Kong,Hard,32,250,,20241028,15,211880,,,Priscilla Hon,R,171,AUS,26.470,210,347,211269,,WC,Eudice Wong Chong,,,HKG,28.518,409,152,6-3 6-4,3,R32,88,7,2,55,35,29,11,10,0,1,0,1,65,42,21,14,9,3,6
2024-1074,Hong Kong,Hard,32,250,,20241028,16,223670,1,,Diana Shnaider,L,,RUS,20.573,14,2726,211846,,Q,Kyoka Okamura,R,,JPN,29.063,237,312,6-3 6-3,3,R32,77,3,1,49,32,26,10,9,0,0,2,0,59,40,24,10,9,4,7
2024-1074,Hong Kong,Hard,32,250,,20241028,17,211107,2,,Katie Boulter,R,180,GBR,28.242,29,1828,216016,,,Xiyu Wang,L,,CHN,23.587,100,774,7-6(7) 6-4,3,R16,135,5,8,95,58,43,18,11,7,9,8,0,75,56,33,12,11,4,7
2024-1074,Hong Kong,Hard,32,250,,20241028,18,220435,,,Anastasia Zakharova,R,,RUS,22.777,113,653,219875,7,,Varvara Gracheva,R,,FRA,24.239,66,949,6-3 6-1,3,R16,61,0,0,40,23,19,13,8,0,0,2,5,45,29,18,5,8,1,5
2024-1074,Hong Kong,Hard,32,250,,20241028,19,213550,,,Sofia Kenin,R,170,USA,25.955,88,804,211316,,,Jessika Ponchet,R,,FRA,28.088,106,682,7-5 6-4,3,R16,77,1,3,58,44,38,4,11,1,2,12,3,64,35,28,12,11,2,5
2024-1074,Hong Kong,Hard,32,250,,20241028,20,206294,6,,Yue Yuan,R,184,CHN,26.092,45,1149,211702,,,Nao Hibino,R,163,JPN,29.917,159,468,4-6 7-5 6-2,3,R16,159,2,3,97,67,41,10,15,9,15,3,5,109,84,43,10,15,10,18
2024-1074,Hong Kong,Hard,32,250,,20241028,21,211095,9,,Bernarda Pera,L,175,USA,29.903,81,872,222559,,Q,Han Shi,R,,CHN,19.414,245,297,6-0 6-4,3,R16,60,8,2,43,29,26,6,8,0,0,0,1,43,26,16,6,8,1,5
2024-1074,Hong Kong,Hard,32,250,,20241028,22,220367,3,,Leylah Fernandez,L,168,CAN,22.144,32,1672,214040,,,Kimberly Birrell,R,170,AUS,26.500,115,646,6-1 6-2,3,R16,80,2,3,49,30,24,11,8,3,3,0,3,52,34,18,7,7,4,8
2024-1074,Hong Kong,Hard,32,250,,20241028,23,215480,,,Suzan Lamens,R,,NED,25.317,91,796,213710,8,,Cristina Bucsa,R,,ESP,26.823,71,912,5-7 6-4 6-3,3,R16,145,5,7,107,68,43,15,15,6,12,1,8,104,60,34,17,16,6,14
2024-1074,Hong Kong,Hard,32,250,,20241028,24,223670,1,,Diana Shnaider,L,,RUS,20.573,14,2726,211880,,,Priscilla Hon,R,171,AUS,26.470,210,347,6-4 6-1,3,R16,72,4,3,53,39,27,7,8,0,1,1,1,54,40,20,4,9,1,6
2024-1074,Hong Kong,Hard,32,250,,20241028,25,211107,2,,Katie Boulter,R,180,GBR,28.242,29,1828,220435,,,Anastasia Zakharova,R,,RUS,22.777,113,653,6-4 6-0,3,QF,75,5,2,47,31,27,7,8,2,2,0,0,48,22,14,10,8,2,6
2024-1074,Hong Kong,Hard,32,250,,20241028,26,206294,6,,Yue Yuan,R,184,CHN,26.092,45,1149,213550,,,Sofia Kenin,R,170,USA,25.955,88,804,6-3 6-3,3,QF,80,8,0,53,30,26,13,9,4,4,1,4,63,43,29,9,9,6,9
2024-1074,Hong Kong,Hard,32,250,,20241028,27,220367,3,,Leylah Fernandez,L,168,CAN,22.144,32,1672,211095,9,,Bernarda Pera,L,175,USA,29.903,81,872,6-1 7-6(7),3,QF,91,8,4,71,46,34,13,10,5,6,6,1,61,39,27,9,9,3,6
2024-1074,Hong Kong,Hard,32,250,,20241028,28,223670,1,,Diana Shnaider,L,,RUS,20.573,14,2726,215480,,,Suzan Lamens,R,,NED,25.317,91,796,6-0 6-7(4) 6-2,3,QF,112,3,3,86,56,33,19,13,3,7,2,5,78,48,18,16,13,2,11
2024-1074,Hong Kong,Hard,32,250,,20241028,29,211107,2,,Katie Boulter,R,180,GBR,28.242,29,1828,206294,6,,Yue Yuan,R,184,CHN,26.092,45,1149,6-2 5-7 6-2,3,SF,154,6,3,99,59,40,22,14,3,6,3,4,91,56,33,15,14,9,15
2024-1074,Hong Kong,Hard,32,250,,20241028,30,223670,1,,Diana Shnaider,L,,RUS,20.573,14,2726,220367,3,,Leylah Fernandez,L,168,CAN,22.144,32,1672,6-4 6-2,3,SF,87,4,2,62,38,23,14,9,1,3,2,4,50,35,19,8,9,3,8
2024-1074,Hong Kong,Hard,32,250,,20241028,31,223670,1,,Diana Shnaider,L,,RUS,20.573,14,2726,211107,2,,Katie Boulter,R,180,GBR,28.242,29,1828,6-1 6-2,3,F,72,3,0,44,33,25,8,8,0,0,2,4,55,28,14,11,7,7,11
2024-1077,Jiujiang,Hard,32,250,,20241028,1,211685,2,,Rebecca Sramkova,R,,SVK,28.025,53,1051,201533,,WC,Shuai Zhang,R,177,CHN,35.768,223,327,6-1 6-1,3,R32,48,9,1,39,25,19,10,7,1,1,1,6,46,29,15,4,7,2,7
2024-1077,Jiujiang,Hard,32,250,,20241028,2,221096,,,Sijia Wei,R,,CHN,20.898,132,565,215988,,,Mai Hontama,R,,JPN,25.164,140,540,6-2 3-6 6-1,3,R32,122,2,5,91,54,33,14,12,11,16,1,8,93,63,31,12,12,11,19
2024-1077,Jiujiang,Hard,32,250,,20241028,3,203354,,,Martina Trevisan,L,160,ITA,30.985,136,558,213821,,WC,Wushuang Zheng,,,CHN,25.914,352,178,6-1 6-2,3,R32,87,2,2,55,37,27,10,8,3,3,0,3,63,36,21,10,7,4,8
2024-1077,Jiujiang,Hard,32,250,,20241028,4,214388,,,Anna Bondar,R,,HUN,27.423,97,783,215996,,,Arianne Hartono,R,,NED,28.521,146,515,6-2 2-6 7-6(3),3,R32,142,5,4,103,54,38,23,14,10,14,1,3,110,66,43,20,14,9,13
2024-1077,Jiujiang,Hard,32,250,,20241028,5,201696,,,Laura Siegemund,R,168,GER,36.652,101,754,220416,3,,Moyuka Uchijima,R,171,JPN,23.215,55,1040,7-5 6-3,3,R32,104,1,4,78,55,32,12,11,9,12,0,7,61,33,20,12,10,3,8
2024-1077,Jiujiang,Hard,32,250,,20241028,6,211337,,,Tamara Korpatsch,R,170,GER,29.465,200,359,221187,,Q,Priska Madelyn Nugroho,R,,INA,21.419,535,90,6-0 6-1,3,R32,65,1,2,33,14,11,13,6,1,2,0,2,47,26,12,3,7,4,11
2024-1077,Jiujiang,Hard,32,250,,20241028,7,202453,,WC,Saisai Zheng,R,170,CHN,30.728,988,19,213544,,,Jana Fett,R,168,CRO,27.987,105,685,6-4 2-6 6-4,3,R32,145,2,3,91,68,40,12,14,6,11,2,12,81,41,29,18,14,3,8
2024-1077,Jiujiang,Hard,32,250,,20241028,8,216566,,Q,Mananchaya Sawangkaew,R,,THA,22.303,147,507,214459,7,,Lucia Bronzetti,R,,ITA,25.884,77,887,6-4 4-6 6-2,3,R32,139,3,6,93,45,33,15,14,6,12,3,3,106,64,32,18,14,8,16
2024-1077,Jiujiang,Hard,32,250,,20241028,9,201551,6,,Arantxa Rus,L,180,NED,33.876,83,847,263857,,,Yuliia Starodubtseva,R,,UKR,24.696,92,793,6-4 6-7(2) 6-3,3,R32,160,7,4,91,61,40,12,15,3,7,0,3,97,56,32,21,16,8,15
2024-1077,Jiujiang,Hard,32,250,,20241028,10,222258,,,Linda Fruhvirtova,R,,CZE,19.494,209,347,210303,,,Kathinka Von Deichmann,R,176,LIE,30.454,171,425,6-0 7-5,3,R32,78,1,4,50,28,24,12,9,1,2,2,3,59,44,24,4,9,6,11
2024-1077,Jiujiang,Hard,32,250,,20241028,11,203530,,,Viktorija Golubic,R,169,SUI,32.034,168,441,214646,,Q,Xiaodi You,,,CHN,28.463,306,207,7-5 6-2,3,R32,99,0,2,55,40,27,8,10,2,5,4,2,70,40,19,12,10,5,11
2024-1077,Jiujiang,Hard,32,250,,20241028,12,222601,4,,Jessica Bouzas Maneiro,R,,ESP,22.095,56,1031,201610,,,Zarina Diyas,R,172,KAZ,31.029,388,158,6-4 6-2,3,R32,94,1,2,65,45,26,11,9,5,8,0,2,74,57,29,5,9,5,11
2024-1077,Jiujiang,Hard,32,250,,20241028,13,215872,5,,Kamilla Rakhimova,R,,RUS,23.168,63,990,201549,,,Petra Martic,R,181,CRO,33.775,124,597,6-1 4-6 7-5,3,R32,147,1,0,95,61,35,22,15,4,9,5,3,95,63,32,15,14,5,12
2024-1077,Jiujiang,Hard,32,250,,20241028,14,239389,,,Elena Pridankina,R,,RUS,19.163,179,397,230870,,,Ella Seidel,R,,GER,19.702,120,621,6-3 7-6(6),3,R32,110,6,9,80,54,36,12,10,5,7,2,3,82,47,25,19,11,1,5
2024-1077,Jiujiang,Hard,32,250,,20241028,15,252587,,LL,Xinxin Yao,L,,CHN,21.024,294,217,203578,,Q,Fangzhou Liu,R,180,CHN,28.879,367,168,6-2 6-1,3,R32,78,2,0,53,34,24,9,7,4,5,0,1,71,44,23,7,8,16,22
2024-1077,Jiujiang,Hard,32,250,,20241028,16,213631,1,,Marie Bouzkova,R,180,CZE,26.273,49,1110,223253,,,Alexandra Eala,L,173,PHI,19.434,150,501,7-5 7-6(4),3,R32,140,4,3,87,57,41,8,12,3,7,0,5,77,56,34,6,12,2,7
2024-1077,Jiujiang,Hard,32,250,,20241028,17,211685,2,,Rebecca Sramkova,R,,SVK,28.025,53,1051,221096,,,Sijia Wei,R,,CHN,20.898,132,565,7-5 6-3,3,R16,100,3,3,58,33,23,10,10,2,5,0,7,79,38,22,15,11,7,13
2024-1077,Jiujiang,Hard,32,250,,20241028,18,203354,,,Martina Trevisan,L,160,ITA,30.985,136,558,214388,,,Anna Bondar,R,,HUN,27.423,97,783,7-6(4) 6-2,3,R16,111,0,3,68,42,29,16,10,3,4,4,5,76,52,33,8,10,4,7
2024-1077,Jiujiang,Hard,32,250,,20241028,19,201696,,,Laura Siegemund,R,168,GER,36.652,101,754,211337,,,Tamara Korpatsch,R,170,GER,29.465,200,359,6-4 6-4,3,R16,115,0,1,68,58,34,5,10,6,9,2,6,63,33,21,10,10,3,8
2024-1077,Jiujiang,Hard,32,250,,20241028,20,216566,,Q,Mananchaya Sawangkaew,R,,THA,22.303,147,507,202453,,WC,Saisai Zheng,R,170,CHN,30.728,988,19,4-6 6-1 7-6(6),3,R16,179,0,4,99,60,38,18,14,6,11,0,6,109,74,41,16,15,6,13
2024-1077,Jiujiang,Hard,32,250,,20241028,21,201551,6,,Arantxa Rus,L,180,NED,33.876,83,847,222258,,,Linda Fruhvirtova,R,,CZE,19.494,209,347,6-4 7-6(4),3,R16,139,1,6,92,66,42,10,11,3,6,1,4,84,49,30,15,11,7,11
2024-1077,Jiujiang,Hard,32,250,,20241028,22,203530,,,Viktorija Golubic,R,169,SUI,32.034,168,441,222601,4,,Jessica Bouzas Maneiro,R,,ESP,22.095,56,1031,6-2 0-0 RET,3,R16,44,0,3,22,13,8,4,4,2,4,0,1,29,22,9,1,4,3,7
2024-1077,Jiujiang,Hard,32,250,,20241028,23,215872,5,,Kamilla Rakhimova,R,,RUS,23.168,63,990,239389,,,Elena Pridankina,R,,RUS,19.163,179,397,4-6 6-4 7-5,3,R16,167,2,2,105,74,39,18,16,4,11,3,10,126,79,48,13,16,9,17
2024-1077,Jiujiang,Hard,32,250,,20241028,24,213631,1,,Marie Bouzkova,R,180,CZE,26.273,49,1110,252587,,LL,Xinxin Yao,L,,CHN,21.024,294,217,6-3 6-3,3,R16,86,3,0,54,35,27,11,9,1,2,0,4,56,40,22,7,9,2,6
2024-1077,Jiujiang,Hard,32,250,,20241028,25,211685,2,,Rebecca Sramkova,R,,SVK,28.025,53,1051,203354,,,Martina Trevisan,L,160,ITA,30.985,136,558,6-3 3-6 6-2,3,QF,110,4,2,83,48,35,20,13,12,14,0,2,72,51,32,12,13,1,5
2024-1077,Jiujiang,Hard,32,250,,20241028,26,201696,,,Laura Siegemund,R,168,GER,36.652,101,754,216566,,Q,Mananchaya Sawangkaew,R,,THA,22.303,147,507,6-4 6-2,3,QF,109,0,5,58,34,23,9,9,1,4,0,2,58,35,17,9,9,3,9
2024-1077,Jiujiang,Hard,32,250,,20241028,27,203530,,,Viktorija Golubic,R,169,SUI,32.034,168,441,201551,6,,Arantxa Rus,L,180,NED,33.876,83,847,7-5 4-6 7-6(5),3,QF,204,0,2,154,122,70,15,17,18,23,4,5,114,72,40,25,17,5,10
2024-1077,Jiujiang,Hard,32,250,,20241028,28,213631,1,,Marie Bouzkova,R,180,CZE,26.273,49,1110,215872,5,,Kamilla Rakhimova,R,,RUS,23.168,63,990,6-2 6-2,3,QF,83,4,0,42,29,26,7,8,0,0,0,2,49,25,16,9,8,1,5
2024-1077,Jiujiang,Hard,32,250,,20241028,29,211685,2,,Rebecca Sramkova,R,,SVK,28.025,53,1051,201696,,,Laura Siegemund,R,168,GER,36.652,101,754,7-6(4) 6-2,3,SF,132,3,2,95,56,33,22,10,13,16,0,4,73,47,23,13,10,1,6
2024-1077,Jiujiang,Hard,32,250,,20241028,30,203530,,,Viktorija Golubic,R,169,SUI,32.034,168,441,213631,1,,Marie Bouzkova,R,180,CZE,26.273,49,1110,6-1 6-2,3,SF,77,0,2,43,31,16,6,7,1,4,0,4,52,33,13,4,8,6,14
2024-1077,Jiujiang,Hard,32,250,,20241028,31,203530,,,Viktorija Golubic,R,169,SUI,32.034,168,441,211685,2,,Rebecca Sramkova,R,,SVK,28.025,53,1051,6-3 7-5,3,F,111,0,2,70,50,35,12,10,6,7,6,2,88,59,40,8,11,7,11
2024-2085,Merida,Hard,32,250,,20241028,1,221236,,,Polina Kudermetova,R,,RUS,21.402,133,565,206408,2,,Nadia Podoroska,R,170,ARG,27.713,80,879,6-1 6-1,3,R32,63,2,2,46,23,17,14,7,1,1,3,7,51,33,19,2,7,10,15
2024-2085,Merida,Hard,32,250,,20241028,2,201478,,,Varvara Lepchenko,L,180,USA,38.440,144,516,214461,,Q,Tamara Zidansek,R,168,SLO,26.840,192,373,6-2 6-2,3,R32,74,3,2,45,29,23,11,8,1,1,0,0,51,38,21,5,8,5,9
2024-2085,Merida,Hard,32,250,,20241028,3,222233,,,Marina Stakusic,R,,CAN,19.918,116,637,233741,,,Maya Joint,R,,AUS,18.536,110,660,2-6 7-6(2) 7-6(2),3,R32,160,1,10,109,72,43,16,16,3,10,4,3,97,61,32,23,16,3,8
2024-2085,Merida,Hard,32,250,,20241028,4,211411,,,Nina Stojanovic,R,176,SRB,28.247,560,83,213583,7,,Tatjana Maria,R,172,GER,37.225,98,781,6-4 6-4,3,R32,120,2,5,68,42,24,16,10,6,9,3,2,69,35,18,14,10,4,9
2024-2085,Merida,Hard,32,250,,20241028,5,201548,3,,Ajla Tomljanovic,R,180,AUS,31.478,85,835,216097,,Q,Elizabeth Mandlik,R,,USA,23.445,177,403,7-6(9) 6-1,3,R32,100,0,12,77,52,38,6,10,4,7,1,1,80,46,29,11,9,6,11
2024-2085,Merida,Hard,32,250,,20241028,6,213525,,,Jil Teichmann,L,170,SUI,27.289,153,496,221073,,Q,Anastasia Tikhonova,R,,RUS,23.768,183,385,6-1 6-4,3,R32,75,0,2,48,30,20,9,8,0,2,1,8,57,33,15,9,9,6,12
2024-2085,Merida,Hard,32,250,,20241028,7,222045,,,Antonia Ruzic,R,,CRO,21.772,165,449,266671,,WC,Laura Samson,R,,CZE,16.636,376,163,6-4 6-4,3,R32,94,0,6,57,38,26,5,10,2,6,1,7,64,36,18,11,10,3,9
2024-2085,Merida,Hard,32,250,,20241028,8,215983,,,Ann Li,R,170,USA,24.340,111,655,203463,8,,Nuria Parrizas Diaz,R,167,ESP,33.290,94,790,6-0 6-4,3,R32,64,1,1,47,34,22,7,8,2,4,0,2,47,38,16,3,8,3,9
2024-2085,Merida,Hard,32,250,,20241028,9,215020,5,,Anna Blinkova,R,179,RUS,26.133,75,893,201615,,,Lesia Tsurenko,R,174,UKR,35.415,122,600,2-6 6-4 4-0 RET,3,R32,124,1,5,82,43,25,19,11,12,16,0,3,57,33,21,11,11,2,7
2024-2085,Merida,Hard,32,250,,20241028,10,252499,,,Alina Korneeva,,,RUS,17.350,254,280,219917,,,Alycia Parks,R,185,USA,23.825,109,665,6-3 6-1,3,R32,69,3,4,41,19,17,16,8,0,0,1,11,62,31,19,11,8,8,12
2024-2085,Merida,Hard,32,250,,20241028,11,204427,,,Sara Sorribes Tormo,R,176,ESP,28.055,103,690,204419,,WC,Ana Sofia Sanchez,L,,MEX,30.544,286,225,6-2 6-1,3,R32,90,0,2,45,31,19,10,8,4,6,0,3,38,23,8,4,7,2,8
2024-2085,Merida,Hard,32,250,,20241028,12,214593,,,Lucrezia Stefanini,R,,ITA,26.456,163,466,215898,4,,Jule Niemeier,R,178,GER,25.213,86,829,6-3 6-2,3,R32,95,0,3,55,40,29,7,9,4,6,4,9,58,34,19,8,8,2,7
2024-2085,Merida,Hard,32,250,,20241028,13,220309,,,Zeynep Sonmez,R,,TUR,22.497,127,576,214604,6,,Maria Lourdes Carle,R,,ARG,24.715,90,799,5-7 6-1 6-2,3,R32,133,2,3,102,63,37,21,14,10,14,1,5,71,47,29,6,13,3,10
2024-2085,Merida,Hard,32,250,,20241028,14,221039,,,Elsa Jacquemot,R,,FRA,21.490,148,507,221905,,,Robin Montgomery,L,,USA,20.146,107,681,4-6 6-3 7-6(4),3,R32,147,5,9,100,57,39,17,16,7,13,5,14,89,56,39,10,15,4,10
2024-2085,Merida,Hard,32,250,,20241028,15,216081,,Q,Maja Chwalinska,L,,POL,23.048,175,412,201606,,,Rebecca Marino,R,183,CAN,33.868,114,647,4-6 6-4 6-3,3,R32,157,0,5,98,69,44,13,15,7,11,4,2,110,64,43,17,14,7,12
2024-2085,Merida,Hard,32,250,,20241028,16,213887,1,,Renata Zarazua,R,,MEX,27.078,62,991,259857,,WC,Akasha Urhobo,R,,USA,17.774,292,219,7-5 6-2,3,R32,99,0,2,66,49,30,7,10,3,7,0,3,60,46,22,4,10,6,13
2024-2085,Merida,Hard,32,250,,20241028,17,221236,,,Polina Kudermetova,R,,RUS,21.402,133,565,201478,,,Varvara Lepchenko,L,180,USA,38.440,144,516,6-3 6-4,3,R16,86,1,2,59,38,27,9,9,2,4,4,0,65,43,24,9,10,6,11
2024-2085,Merida,Hard,32,250,,20241028,18,211411,,,Nina Stojanovic,R,176,SRB,28.247,560,83,222233,,,Marina Stakusic,R,,CAN,19.918,116,637,6-3 6-3,3,R16,100,5,3,53,28,18,10,9,0,3,1,6,58,32,20,5,9,7,13
2024-2085,Merida,Hard,32,250,,20241028,19,213525,,,Jil Teichmann,L,170,SUI,27.289,153,496,201548,3,,Ajla Tomljanovic,R,180,AUS,31.478,85,835,W/O,3,R16,,,,,,,,,,,,,,,,,,,
2024-2085,Merida,Hard,32,250,,20241028,20,215983,,,Ann Li,R,170,USA,24.340,111,655,222045,,,Antonia Ruzic,R,,CRO,21.772,165,449,6-2 6-2,3,R16,70,1,0,43,33,25,6,8,2,3,1,3,55,30,16,8,8,6,11
2024-2085,Merida,Hard,32,250,,20241028,21,252499,,,Alina Korneeva,,,RUS,17.350,254,280,215020,5,,Anna Blinkova,R,179,RUS,26.133,75,893,7-5 6-2,3,R16,87,3,5,61,32,17,12,10,6,11,0,5,54,34,10,6,10,1,9
2024-2085,Merida,Hard,32,250,,20241028,22,204427,,,Sara Sorribes Tormo,R,176,ESP,28.055,103,690,214593,,,Lucrezia Stefanini,R,,ITA,26.456,163,466,6-4 1-6 6-4,3,R16,203,0,5,91,65,32,10,13,11,19,0,4,116,91,49,8,14,11,19
2024-2085,Merida,Hard,32,250,,20241028,23,220309,,,Zeynep Sonmez,R,,TUR,22.497,127,576,221039,,,Elsa Jacquemot,R,,FRA,21.490,148,507,7-6(3) 6-3,3,R16,112,0,8,76,46,26,13,11,3,8,2,7,69,34,19,10,10,3,9
2024-2085,Merida,Hard,32,250,,20241028,24,213887,1,,Renata Zarazua,R,,MEX,27.078,62,991,216081,,Q,Maja Chwalinska,L,,POL,23.048,175,412,2-6 6-2 6-1,3,R16,152,2,0,96,85,48,4,11,12,16,0,4,59,42,21,4,12,0,7
2024-2085,Merida,Hard,32,250,,20241028,25,221236,,,Polina Kudermetova,R,,RUS,21.402,133,565,211411,,,Nina Stojanovic,R,176,SRB,28.247,560,83,5-7 6-4 6-3,3,QF,145,5,11,109,53,36,23,16,7,13,6,3,99,66,38,15,15,4,11
2024-2085,Merida,Hard,32,250,,20241028,26,215983,,,Ann Li,R,170,USA,24.340,111,655,213525,,,Jil Teichmann,L,170,SUI,27.289,153,496,6-1 6-1,3,QF,62,1,2,43,24,17,9,7,1,3,0,4,42,33,10,2,7,3,10
2024-2085,Merida,Hard,32,250,,20241028,27,252499,,,Alina Korneeva,,,RUS,17.350,254,280,204427,,,Sara Sorribes Tormo,R,176,ESP,28.055,103,690,6-3 6-1,3,QF,93,0,4,76,39,25,18,8,10,12,0,0,43,31,14,1,8,0,6
2024-2085,Merida,Hard,32,250,,20241028,28,220309,,,Zeynep Sonmez,R,,TUR,22.497,127,576,213887,1,,Renata Zarazua,R,,MEX,27.078,62,991,3-6 6-3 6-4,3,QF,160,2,7,104,66,42,19,14,9,13,1,2,94,71,41,13,14,6,11
2024-2085,Merida,Hard,32,250,,20241028,29,215983,,,Ann Li,R,170,USA,24.340,111,655,221236,,,Polina Kudermetova,R,,RUS,21.402,133,565,6-3 4-6 6-2,3,SF,108,1,5,86,55,39,11,14,5,9,2,3,78,39,21,19,13,3,9
2024-2085,Merida,Hard,32,250,,20241028,30,220309,,,Zeynep Sonmez,R,,TUR,22.497,127,576,252499,,,Alina Korneeva,,,RUS,17.350,254,280,7-6(5) 6-2,3,SF,101,1,4,67,41,28,15,10,1,3,6,9,80,37,24,20,10,6,10
2024-2085,Merida,Hard,32,250,,20241028,31,220309,,,Zeynep Sonmez,R,,TUR,22.497,127,576,215983,,,Ann Li,R,170,USA,24.340,111,655,6-2 6-1,3,F,70,1,5,48,34,24,7,7,3,4,3,1,61,40,17,9,8,4,10
2024-808,Riyadh Finals,Hard,8,F,,20241104,1,206252,8,,Barbora Krejcikova,R,178,CZE,28.882,13,2814,202468,6,,Jessica Pegula,R,170,USA,30.695,6,4705,6-3 6-3,3,RR,69,11,5,66,44,33,9,9,2,3,1,6,48,27,19,7,9,2,6
2024-808,Riyadh Finals,Hard,8,F,,20241104,2,221012,7,,Qinwen Zheng,R,,CHN,22.076,7,4540,214981,5,,Elena Rybakina,R,184,KAZ,25.386,5,4971,7-6(4) 3-6 6-1,3,RR,144,6,5,88,50,40,18,14,3,6,8,1,99,55,36,25,14,9,13
2024-808,Riyadh Finals,Hard,8,F,,20241105,3,206252,8,,Barbora Krejcikova,R,178,CZE,28.885,13,2814,221103,3,,Coco Gauff,R,175,USA,20.649,3,5230,7-5 6-4,3,RR,102,4,0,81,50,32,20,11,11,12,10,4,66,40,27,12,11,1,4
2024-808,Riyadh Finals,Hard,8,F,,20241105,4,221012,7,,Qinwen Zheng,R,,CHN,22.078,7,4540,211148,4,,Jasmine Paolini,R,160,ITA,28.838,4,5144,6-1 6-1,3,RR,67,12,0,47,30,23,9,7,2,2,0,1,49,28,14,8,7,3,8
2024-808,Riyadh Finals,Hard,8,F,,20241106,5,221103,3,,Coco Gauff,R,175,USA,20.652,3,5230,202468,6,,Jessica Pegula,R,170,USA,30.700,6,4705,6-3 6-2,3,RR,75,2,2,59,33,22,13,9,1,3,0,1,54,31,15,11,8,3,8
2024-808,Riyadh Finals,Hard,8,F,,20241106,6,211148,4,,Jasmine Paolini,R,160,ITA,28.841,4,5144,214981,5,,Elena Rybakina,R,184,KAZ,25.391,5,4971,7-6(5) 6-4,3,RR,104,2,2,86,50,35,20,11,4,5,8,1,70,35,24,20,11,3,5
2024-808,Riyadh Finals,Hard,8,F,,20241107,7,216347,2,,Iga Swiatek,R,176,POL,23.439,2,7970,206252,8,,Barbora Krejcikova,R,178,CZE,28.890,13,2814,4-6 7-5 6-2,3,RR,153,10,5,92,56,39,18,15,5,9,3,6,96,56,35,18,15,11,17
2024-808,Riyadh Finals,Hard,8,F,,20241107,8,214544,1,,Aryna Sabalenka,R,182,BLR,26.511,1,9016,221012,7,,Qinwen Zheng,R,,CHN,22.084,7,4540,6-3 6-4,3,RR,84,3,1,54,33,31,10,10,1,1,8,4,55,28,23,13,9,2,4
2024-808,Riyadh Finals,Hard,8,F,,20241108,9,216347,2,,Iga Swiatek,R,176,POL,23.442,2,7970,214082,,ALT,Daria Kasatkina,R,170,RUS,27.508,9,3368,6-1 6-0,3,RR,51,1,1,39,25,19,9,7,0,0,0,3,35,16,5,7,6,1,6
2024-808,Riyadh Finals,Hard,8,F,,20241108,10,214981,5,,Elena Rybakina,R,184,KAZ,25.397,5,4971,214544,1,,Aryna Sabalenka,R,182,BLR,26.514,1,9016,6-4 3-6 6-1,3,RR,101,6,4,71,42,35,14,13,4,7,4,4,75,48,32,10,13,2,7
2024-808,Riyadh Finals,Hard,8,F,,20241109,11,221103,3,,Coco Gauff,R,175,USA,20.660,3,5230,216347,2,,Iga Swiatek,R,176,POL,23.445,2,7970,6-3 6-4,3,RR,108,2,11,71,43,29,12,9,6,8,1,2,72,48,24,10,10,7,12
2024-808,Riyadh Finals,Hard,8,F,,20241109,12,214544,1,,Aryna Sabalenka,R,182,BLR,26.517,1,9016,211148,4,,Jasmine Paolini,R,160,ITA,28.849,4,5144,6-3 7-5,3,RR,90,5,6,68,44,32,10,11,3,6,0,3,63,39,23,9,10,4,9
2024-808,Riyadh Finals,Hard,8,F,,20241110,13,221103,3,,Coco Gauff,R,175,USA,20.663,3,5230,214544,1,,Aryna Sabalenka,R,182,BLR,26.519,1,9016,7-6(4) 6-3,3,SF,109,3,2,75,48,28,13,10,9,13,0,3,73,50,22,11,11,5,11
2024-808,Riyadh Finals,Hard,8,F,,20241110,14,221012,7,,Qinwen Zheng,R,,CHN,22.092,7,4540,206252,8,,Barbora Krejcikova,R,178,CZE,28.899,13,2814,6-3 7-5,3,SF,100,9,4,71,40,31,15,11,2,4,1,4,64,40,25,10,10,3,7
2024-808,Riyadh Finals,Hard,8,F,,20241111,15,221103,3,,Coco Gauff,R,175,USA,20.666,3,5230,221012,7,,Qinwen Zheng,R,,CHN,22.095,7,4540,3-6 6-4 7-6(2),3,F,187,5,4,108,69,48,14,15,7,12,4,1,118,72,45,18,16,9,14
2024-W-FC-2024-FLS,BJK Cup Finals,Hard,12,D,,20241113,1,202536,,,Ana Bogdan,R,171,ROU,31.968,116,653,211702,,,Nao Hibino,R,163,JPN,29.961,152,496,6-2 6-4,3,R16,,,,,,,,,,,,,,,,,,,
2024-W-FC-2024-FLS,BJK Cup Finals,Hard,12,D,,20241113,2,214262,,,Ena Shibahara,R,170,JPN,26.752,135,552,211713,,,Jaqueline Cristian,R,180,ROU,26.443,73,902,6-4 7-6(2),3,R16,,,,,,,,,,,,,,,,,,,
2024-W-FC-2024-FLS,BJK Cup Finals,Hard,12,D,,20241113,3,203501,,,Taylor Townsend,L,170,USA,28.578,69,916,260761,,,Renata Jamrichova,,,SVK,17.402,375,164,7-5 6-4,3,R16,,,,,,,,,,,,,,,,,,,
2024-W-FC-2024-FLS,BJK Cup Finals,Hard,12,D,,20241113,4,211685,,,Rebecca Sramkova,R,,SVK,28.069,43,1205,203389,,,Danielle Collins,R,178,USA,30.919,11,3178,6-2 7-5,3,R16,,,,,,,,,,,,,,,,,,,
2024-W-FC-2024-FLS,BJK Cup Finals,Hard,12,D,,20241113,5,202663,,,Magda Linette,R,171,POL,32.754,38,1376,204427,,,Sara Sorribes Tormo,R,176,ESP,28.099,106,714,7-6(6) 2-6 6-4,3,R16,,,,,,,,,,,,,,,,,,,
2024-W-FC-2024-FLS,BJK Cup Finals,Hard,12,D,,20241113,6,216347,,,Iga Swiatek,R,176,POL,23.456,2,8370,211651,,,Paula Badosa,R,180,ESP,26.996,12,2908,6-3 6-7(5) 6-1,3,R16,158,3,3,91,63,41,11,13,4,7,3,5,102,54,32,20,15,4,12
2024-W-FC-2024-FLS,BJK Cup Finals,Hard,12,D,,20241113,7,221054,,,Emma Raducanu,R,175,GBR,22.002,58,1025,215898,,,Jule Niemeier,R,178,GER,25.257,92,816,6-4 6-4,3,R16,,,,,,,,,,,,,,,,,,,
2024-W-FC-2024-FLS,BJK Cup Finals,Hard,12,D,,20241113,8,211107,,,Katie Boulter,R,180,GBR,28.285,24,1931,201696,,,Laura Siegemund,R,168,GER,36.696,84,851,6-1 6-2,3,R16,,,,,,,,,,,,,,,,,,,
2024-W-FC-2024-FLS,BJK Cup Finals,Hard,12,D,,20241113,9,214262,,,Ena Shibahara,R,170,JPN,26.752,135,552,220714,,,Elisabetta Cocciaretto,R,,ITA,23.801,54,1048,3-6 6-4 6-4,3,QF,,,,,,,,,,,,,,,,,,,
2024-W-FC-2024-FLS,BJK Cup Finals,Hard,12,D,,20241113,10,211148,,,Jasmine Paolini,R,160,ITA,28.860,4,5344,220416,,,Moyuka Uchijima,R,171,JPN,23.259,56,1040,6-3 6-4,3,QF,76,3,2,50,31,24,11,10,0,2,3,6,64,35,22,12,9,4,8
2024-W-FC-2024-FLS,BJK Cup Finals,Hard,12,D,,20241113,11,213631,,,Marie Bouzkova,R,180,CZE,26.317,45,1178,211684,,,Magdalena Frech,R,171,POL,26.914,25,1928,6-1 4-6 6-4,3,QF,,,,,,,,,,,,,,,,,,,
2024-W-FC-2024-FLS,BJK Cup Finals,Hard,12,D,,20241113,12,216347,,,Iga Swiatek,R,176,POL,23.456,2,8370,222328,,,Linda Noskova,R,,CZE,19.989,26,1913,7-6(4) 4-6 7-5,3,QF,161,5,2,99,63,49,15,17,2,6,10,6,106,63,44,23,17,4,8
2024-W-FC-2024-FLS,BJK Cup Finals,Hard,12,D,,20241113,13,214149,,,Viktoria Hruncakova,R,,SVK,26.511,241,301,214040,,,Kimberly Birrell,R,170,AUS,26.544,115,661,7-5 6-7(4) 6-3,3,QF,,,,,,,,,,,,,,,,,,,
2024-W-FC-2024-FLS,BJK Cup Finals,Hard,12,D,,20241113,14,211685,,,Rebecca Sramkova,R,,SVK,28.069,43,1205,201548,,,Ajla Tomljanovic,R,180,AUS,31.522,85,850,6-1 6-2,3,QF,,,,,,,,,,,,,,,,,,,
2024-W-FC-2024-FLS,BJK Cup Finals,Hard,12,D,,20241113,15,221054,,,Emma Raducanu,R,175,GBR,22.002,58,1025,201606,,,Rebecca Marino,R,183,CAN,33.912,103,756,6-0 7-5,3,QF,,,,,,,,,,,,,,,,,,,
2024-W-FC-2024-FLS,BJK Cup Finals,Hard,12,D,,20241113,16,211107,,,Katie Boulter,R,180,GBR,28.285,24,1931,220367,,,Leylah Fernandez,L,168,CAN,22.188,31,1755,6-2 6-4,3,QF,,,,,,,,,,,,,,,,,,,
2024-W-FC-2024-FLS,BJK Cup Finals,Hard,12,D,,20241113,17,214459,,,Lucia Bronzetti,R,,ITA,25.928,78,887,202663,,,Magda Linette,R,171,POL,32.754,38,1376,6-4 7-6(3),3,SF,,,,,,,,,,,,,,,,,,,
2024-W-FC-2024-FLS,BJK Cup Finals,Hard,12,D,,20241113,18,216347,,,Iga Swiatek,R,176,POL,23.456,2,8370,211148,,,Jasmine Paolini,R,160,ITA,28.860,4,5344,3-6 6-4 6-4,3,SF,158,8,6,109,72,48,17,14,13,16,4,2,101,62,42,19,15,6,10
2024-W-FC-2024-FLS,BJK Cup Finals,Hard,12,D,,20241113,19,221054,,,Emma Raducanu,R,175,GBR,22.002,58,1025,214149,,,Viktoria Hruncakova,R,,SVK,26.511,241,301,6-4 6-4,3,SF,,,,,,,,,,,,,,,,,,,
2024-W-FC-2024-FLS,BJK Cup Finals,Hard,12,D,,20241113,20,211685,,,Rebecca Sramkova,R,,SVK,28.069,43,1205,211107,,,Katie Boulter,R,180,GBR,28.285,24,1931,2-6 6-4 6-4,3,SF,,,,,,,,,,,,,,,,,,,
2024-W-FC-2024-FLS,BJK Cup Finals,Hard,12,D,,20241113,21,214459,,,Lucia Bronzetti,R,,ITA,25.928,78,887,214149,,,Viktoria Hruncakova,R,,SVK,26.511,241,301,6-2 6-4,3,F,83,3,0,46,28,16,11,9,3,6,5,4,59,32,13,15,9,3,9
2024-W-FC-2024-FLS,BJK Cup Finals,Hard,12,D,,20241113,22,211148,,,Jasmine Paolini,R,160,ITA,28.860,4,5344,211685,,,Rebecca Sramkova,R,,SVK,28.069,43,1205,6-2 6-1,3,F,66,1,1,49,31,22,9,8,1,2,3,3,44,29,14,4,7,5,10
2024-W-FC-2024-POS,BJK Cup Playoffs,,16,D,,20241115,1,202505,,,Belinda Bencic,R,175,SUI,27.686,913,25,236957,,,Lola Radivojevic,,,SRB,19.869,181,391,6-2 6-2,3,RR,,,,,,,,,,,,,,,,,,,
2024-W-FC-2024-POS,BJK Cup Playoffs,,16,D,,20241115,2,213887,,,Renata Zarazua,R,,MEX,27.127,60,995,260672,,,Johanne Christine Svendsen,R,,DEN,20.504,,,7-6(5) 6-2,3,RR,,,,,,,,,,,,,,,,,,,
2024-W-FC-2024-POS,BJK Cup Playoffs,,16,D,,20241115,3,220704,,,Clara Tauson,R,182,DEN,21.903,52,1097,205892,,,Giuliana Olmos,R,170,MEX,31.702,,,6-4 6-2,3,RR,,,,,,,,,,,,,,,,,,,
2024-W-FC-2024-POS,BJK Cup Playoffs,,16,D,,20241115,4,203530,,,Viktorija Golubic,R,169,SUI,32.083,108,690,239392,,,Mia Ristic,,,SRB,18.500,394,153,6-2 6-3,3,RR,,,,,,,,,,,,,,,,,,,
2024-W-FC-2024-POS,BJK Cup Playoffs,,16,D,,20241115,5,201551,,,Arantxa Rus,L,180,NED,33.925,81,871,214461,,,Tamara Zidansek,R,168,SLO,26.889,182,390,6-7(4) 7-5 6-2,3,RR,,,,,,,,,,,,,,,,,,,
2024-W-FC-2024-POS,BJK Cup Playoffs,,16,D,,20241115,6,215480,,,Suzan Lamens,R,,NED,25.367,87,842,220662,,,Veronika Erjavec,R,,SLO,24.879,171,432,6-4 3-6 6-1,3,RR,,,,,,,,,,,,,,,,,,,
2024-W-FC-2024-POS,BJK Cup Playoffs,,16,D,,20241115,7,221333,,,Solana Sierra,R,,ARG,20.414,154,491,206007,,,Laura Pigossi,R,164,BRA,30.289,129,583,3-6 6-1 6-2,3,RR,,,,,,,,,,,,,,,,,,,
2024-W-FC-2024-POS,BJK Cup Playoffs,,16,D,,20241115,8,206242,,,Beatriz Haddad Maia,L,185,BRA,28.463,17,2554,220446,,,Jazmin Ortenzi,R,,ARG,22.987,274,247,3-6 7-5 6-2,3,RR,,,,,,,,,,,,,,,,,,,
2024-W-FC-2024-POS,BJK Cup Playoffs,,16,D,,20241115,9,201610,,,Zarina Diyas,R,172,KAZ,31.078,383,159,220432,,,Dayeon Back,,,KOR,22.810,314,203,3-6 6-3 7-6(0),3,RR,,,,,,,,,,,,,,,,,,,
2024-W-FC-2024-POS,BJK Cup Playoffs,,16,D,,20241115,10,221096,,,Sijia Wei,R,,CHN,20.948,131,565,211260,,,Marie Benoit,L,,BEL,29.671,208,346,6-3 7-6(4),3,RR,,,,,,,,,,,,,,,,,,,
2024-W-FC-2024-POS,BJK Cup Playoffs,,16,D,,20241115,11,213887,,,Renata Zarazua,R,,MEX,27.127,60,995,220704,,,Clara Tauson,R,182,DEN,21.903,52,1097,7-6(3) 3-6 7-5,3,RR,,,,,,,,,,,,,,,,,,,
2024-W-FC-2024-POS,BJK Cup Playoffs,,16,D,,20241115,12,220662,,,Veronika Erjavec,R,,SLO,24.879,171,432,201551,,,Arantxa Rus,L,180,NED,33.925,81,871,7-5 6-2,3,RR,,,,,,,,,,,,,,,,,,,
2024-W-FC-2024-POS,BJK Cup Playoffs,,16,D,,20241115,13,214981,,,Elena Rybakina,R,184,KAZ,25.416,6,5171,216213,,,Sohyun Park,,,KOR,22.374,355,177,6-2 6-2,3,RR,68,3,2,48,31,22,12,8,1,2,2,1,56,39,20,6,8,6,11
2024-W-FC-2024-POS,BJK Cup Playoffs,,16,D,,20241115,14,216016,,,Xiyu Wang,L,,CHN,23.636,102,774,243420,,,Hanne Vandewinkel,,,BEL,20.488,225,325,6-3 6-2,3,RR,,,,,,,,,,,,,,,,,,,
2024-W-FC-2024-POS,BJK Cup Playoffs,,16,D,,20241115,15,215480,,,Suzan Lamens,R,,NED,25.367,87,842,214461,,,Tamara Zidansek,R,168,SLO,26.889,182,390,4-6 6-3 6-2,3,RR,,,,,,,,,,,,,,,,,,,
2024-W-FC-2024-POS,BJK Cup Playoffs,,16,D,,20241115,16,203530,,,Viktorija Golubic,R,169,SUI,32.083,108,690,236957,,,Lola Radivojevic,,,SRB,19.869,181,391,6-0 6-0,3,RR,,,,,,,,,,,,,,,,,,,
2024-W-FC-2024-POS,BJK Cup Playoffs,,16,D,,20241115,17,260672,,,Johanne Christine Svendsen,R,,DEN,20.504,,,205892,,,Giuliana Olmos,R,170,MEX,31.702,,,6-4 7-5,3,RR,,,,,,,,,,,,,,,,,,,
2024-W-FC-2024-POS,BJK Cup Playoffs,,16,D,,20241115,18,220348,,,Diane Parry,R,170,FRA,22.207,50,1112,215306,,,Emiliana Arango,R,,COL,23.965,180,394,6-2 6-4,3,RR,,,,,,,,,,,,,,,,,,,
2024-W-FC-2024-POS,BJK Cup Playoffs,,16,D,,20241115,19,206242,,,Beatriz Haddad Maia,L,185,BRA,28.463,17,2554,221333,,,Solana Sierra,R,,ARG,20.414,154,491,1-6 6-4 6-1,3,RR,,,,,,,,,,,,,,,,,,,
2024-W-FC-2024-POS,BJK Cup Playoffs,,16,D,,20241115,20,201615,,,Lesia Tsurenko,R,174,UKR,35.464,118,648,201481,,,Tamira Paszek,R,165,AUT,33.945,366,169,6-3 7-5,3,RR,,,,,,,,,,,,,,,,,,,
2024-W-FC-2024-POS,BJK Cup Playoffs,,16,D,,20241115,21,215785,,,Camila Osorio,R,162,COL,22.900,63,989,216262,,,Clara Burel,R,176,FRA,23.647,74,900,6-4 7-5,3,RR,,,,,,,,,,,,,,,,,,,
2024-W-FC-2024-POS,BJK Cup Playoffs,,16,D,,20241115,22,220446,,,Jazmin Ortenzi,R,,ARG,22.987,274,247,206007,,,Laura Pigossi,R,164,BRA,30.289,129,583,6-2 6-1,3,RR,,,,,,,,,,,,,,,,,,,
2024-W-FC-2024-POS,BJK Cup Playoffs,,16,D,,20241115,23,221257,,,Sinja Kraus,R,,AUT,22.549,222,327,215290,,,Katarina Zavatska,R,173,UKR,24.778,229,315,6-3 5-7 7-5,3,RR,,,,,,,,,,,,,,,,,,,
2024-W-FC-2024-POS,BJK Cup Playoffs,,16,D,,20241115,24,223321,,,Sofia Costoulas,,,BEL,19.623,290,224,216016,,,Xiyu Wang,L,,CHN,23.636,102,774,7-5 7-5,3,RR,,,,,,,,,,,,,,,,,,,
2024-W-FC-2024-POS,BJK Cup Playoffs,,16,D,,20241115,25,243420,,,Hanne Vandewinkel,,,BEL,20.488,225,325,221096,,,Sijia Wei,R,,CHN,20.948,131,565,6-3 6-3,3,RR,,,,,,,,,,,,,,,,,,,
2024-W-FC-2024-POS,BJK Cup Playoffs,,16,D,,20241115,26,201709,,,Yulia Putintseva,R,163,KAZ,29.857,29,1844,220454,,,Yeon Woo Ku,,,KOR,21.673,418,141,6-4 7-5,3,RR,,,,,,,,,,,,,,,,,,,
2024-W-FC-2024-POS,BJK Cup Playoffs,,16,D,,20241115,27,215785,,,Camila Osorio,R,162,COL,22.900,63,989,219875,,,Varvara Gracheva,R,,FRA,24.288,66,949,6-2 7-5,3,RR,,,,,,,,,,,,,,,,,,,
2024-W-FC-2024-POS,BJK Cup Playoffs,,16,D,,20241115,28,221257,,,Sinja Kraus,R,,AUT,22.549,222,327,201615,,,Lesia Tsurenko,R,174,UKR,35.464,118,648,6-1 6-1,3,RR,,,,,,,,,,,,,,,,,,,
2024-W-FC-2024-POS,BJK Cup Playoffs,,16,D,,20241115,29,216262,,,Clara Burel,R,176,FRA,23.647,74,900,215306,,,Emiliana Arango,R,,COL,23.965,180,394,7-5 6-4,3,RR,,,,,,,,,,,,,,,,,,,
2024-W-FC-2024-POS,BJK Cup Playoffs,,16,D,,20241115,30,215290,,,Katarina Zavatska,R,173,UKR,24.778,229,315,211814,,,Julia Grabher,R,170,AUT,28.373,523,93,6-2 7-5,3,RR,,,,,,,,,,,,,,,,,,,
