match_id,mes,ambos_marcan,liga,temporada,1 nivel|semillas 0-4,2 niveles|semillas 0-4,1 nivel|semillas 10-14,2 niveles|semillas 10-14,p,pA,pB,bA
1041786474,2025-03,0,Bundesliga,2024,0.58600223,0.618381,0.59127086,0.6192142,0.6187976,0.571860933136509,0.572323696037592,-0.19499999999999995
1041782219,2025-03,0,Bundesliga,2024,0.6711963,0.64548564,0.67035055,0.6552574,0.65037152,0.6048398684913948,0.5846700457491567,-0.19499999999999995
1041783070,2025-03,1,Bundesliga,2024,0.6377511,0.6488546,0.63661546,0.6530767,0.65096565,0.6054644345314675,0.5849059618694519,-0.19499999999999995
1041780517,2025-03,1,Bundesliga,2024,0.58893603,0.6093792,0.5864459,0.60357535,0.606477275,0.5591044829220826,0.5675934437243331,-0.19499999999999995
1041785623,2025-03,0,Bundesliga,2024,0.67432475,0.6599326,0.677775,0.65498435,0.657458475,0.6122995729679697,0.5874939083502306,-0.19499999999999995
1041781368,2025-03,1,Bundesliga,2024,0.5824558,0.5822603,0.58055604,0.59407914,0.58816972,0.5402636834868852,0.560635833430674,-0.19499999999999995
1041784772,2025-03,0,Bundesliga,2024,0.5730049,0.5655312,0.5720451,0.5505322,0.5580317,0.5095432435865683,0.5493236366407039,-0.19499999999999995
1041783921,2025-03,0,Bundesliga,2024,0.4772932,0.46509737,0.47879797,0.46087432,0.462985845,0.4150012999879517,0.5140284506430118,-0.19499999999999995
1041793282,2025-03,1,Bundesliga,2024,0.60734427,0.5986527,0.6058149,0.598208,0.59843035,0.5508063356974626,0.5645256505492026,-0.19499999999999995
1041794133,2025-03,1,Bundesliga,2024,0.62338793,0.6055687,0.61457765,0.6165326,0.6110506499999999,0.563832461992774,0.5693444042465572,-0.19499999999999995
1041788176,2025-03,1,Bundesliga,2024,0.48042527,0.5108363,0.4751423,0.5137404,0.51228835,0.4636053067245713,0.5323393350835907,-0.19499999999999995
1041789027,2025-03,0,Bundesliga,2024,0.536091,0.5433334,0.5361012,0.5353891,0.53936125,0.4906939387477884,0.5423753548488052,-0.19499999999999995
1041787325,2025-03,0,Bundesliga,2024,0.5342925,0.5716515,0.53656065,0.57837856,0.57501503,0.5268098561486383,0.5556800029324966,-0.19499999999999995
1041792431,2025-03,1,Bundesliga,2024,0.57753,0.58861506,0.5788938,0.5938976,0.59125633,0.5434306290983708,0.5618035567155097,-0.19499999999999995
1041791580,2025-03,0,Bundesliga,2024,0.5908874,0.59100294,0.59591895,0.59684545,0.593924195,0.5461710498116561,0.5628145001076392,-0.19499999999999995
1041789878,2025-03,1,Bundesliga,2024,0.5838206,0.57568324,0.58058167,0.57197213,0.573827685,0.5255989456776781,0.5552342069800488,-0.19499999999999995
1041790729,2025-03,1,Bundesliga,2024,0.60117567,0.6152865,0.60454786,0.6141025,0.6146944999999999,0.5676056475316381,0.57074359235635,-0.19499999999999995
1041801792,2025-03,0,Bundesliga,2024,0.5294163,0.51697886,0.52833253,0.5178687,0.51742378,0.46872173469668044,0.5342414614876949,-0.19499999999999995
1041797537,2025-03,1,Bundesliga,2024,0.6722946,0.67984307,0.67076075,0.6772928,0.678567935,0.6346454824699099,0.5960432389930272,-0.19499999999999995
1041798388,2025-03,0,Bundesliga,2024,0.5634325,0.54450494,0.5659157,0.5432272,0.54386607,0.4952292820718375,0.5440489407397807,-0.19499999999999995
1041800090,2025-03,1,Bundesliga,2024,0.47086063,0.46975622,0.48456424,0.46958995,0.469673085,0.4215395073151339,0.5165231958231374,-0.19499999999999995
1041799239,2025-03,1,Bundesliga,2024,0.5574632,0.5665936,0.55515516,0.5563336,0.5614636,0.5130230856062301,0.5506048720036143,-0.19499999999999995
1041795835,2025-03,0,Bundesliga,2024,0.69378984,0.7234086,0.6944497,0.7174171,0.72041285,0.6795077185951964,0.613747380304138,-0.19499999999999995
1041800941,2025-03,1,Bundesliga,2024,0.62904716,0.5879638,0.6271237,0.5979718,0.5929678,0.5451883116848367,0.5624519113325386,-0.19499999999999995
1041796686,2025-03,1,Bundesliga,2024,0.59262264,0.57420105,0.58862054,0.56870776,0.571454405,0.52318026153606,0.5543438310633589,-0.19499999999999995
1041794984,2025-03,1,Bundesliga,2024,0.66016066,0.6913782,0.66042215,0.69229233,0.691835265,0.6487874075193557,0.6015364620257758,-0.19499999999999995
1041802643,2025-03,1,Bundesliga,2024,0.5116849,0.5039064,0.51069415,0.4932437,0.49857505,0.4499927928181544,0.5272591852789618,-0.19499999999999995
1041806047,2025-03,1,Bundesliga,2024,0.5066351,0.5012981,0.51133585,0.49344674,0.49737242,0.44880246110521055,0.5268134542434968,-0.19499999999999995
1041808600,2025-03,0,Bundesliga,2024,0.6988438,0.7073278,0.69575036,0.7112859,0.7093068499999999,0.6675267330105237,0.608934852219206,-0.19499999999999995
1041807749,2025-03,0,Bundesliga,2024,0.55246276,0.53067726,0.5508835,0.53629,0.5334836300000001,0.48478851447461757,0.5401938771659587,-0.19499999999999995
1041803494,2025-03,1,Bundesliga,2024,0.45963293,0.5086444,0.45610833,0.5097393,0.50919185,0.46052520973419553,0.5311924459801888,-0.19499999999999995
1041809451,2025-03,0,Bundesliga,2024,0.65835494,0.65589297,0.6535185,0.6589508,0.657421885,0.612261004010135,0.5874792727353018,-0.19499999999999995
1041805196,2025-03,0,Bundesliga,2024,0.6888831,0.6934034,0.6843824,0.7006599,0.69703165,0.6543470144485799,0.6037163004233803,-0.19499999999999995
1041806898,2025-03,1,Bundesliga,2024,0.48798662,0.45806232,0.4934283,0.46310425,0.460583285,0.41265640269679776,0.5131308065677068,-0.19499999999999995
1041804345,2025-03,1,Bundesliga,2024,0.5891584,0.60313004,0.58230996,0.6024325,0.60278127,0.5552898007148412,0.5661823895049725,-0.19499999999999995
1028624908,2025-03,1,La Liga,2024,0.6250501,0.64338285,0.6212678,0.6425913,0.642987075,0.6788196411962921,0.6737081469511003,0.15999999999999992
1028623206,2025-03,1,La Liga,2024,0.48435473,0.46517497,0.4823013,0.4678685,0.46652173500000005,0.5064712089720894,0.5073815611818886,0.15999999999999992
1028621504,2025-03,1,La Liga,2024,0.60765135,0.60178363,0.60332686,0.6051016,0.6034426150000001,0.641028332015113,0.6370950715006344,0.15999999999999992
1028624057,2025-03,0,La Liga,2024,0.5325359,0.5374414,0.5308169,0.5311768,0.5343091,0.5738196172967903,0.5722285242392278,0.15999999999999992
1028625759,2025-03,0,La Liga,2024,0.40220395,0.39286017,0.4046321,0.40677398,0.39981707499999997,0.43875229270573524,0.44215525999429883,0.15999999999999992
1028620653,2025-03,0,La Liga,2024,0.48691368,0.5246069,0.48658815,0.5282833,0.5264451,0.5660809766330371,0.5647728724071468,0.15999999999999992
1028627461,2025-03,1,La Liga,2024,0.46798426,0.5373212,0.46160895,0.5388439,0.53808255,0.5775260573387135,0.5758001262303225,0.15999999999999992
1028622355,2025-03,1,La Liga,2024,0.44808397,0.42058426,0.44914016,0.41794553,0.41926489499999997,0.45864673055373806,0.4613301394498429,0.15999999999999992
1028630865,2025-03,1,La Liga,2024,0.47659388,0.4434464,0.477144,0.4559784,0.4497124,0.4895433290424575,0.4910857401724916,0.15999999999999992
1028633418,2025-03,0,La Liga,2024,0.5204431,0.5019094,0.52528375,0.5118019,0.50685565,0.5467193969093452,0.5461263914012996,0.15999999999999992
1028632567,2025-03,1,La Liga,2024,0.47599927,0.4568921,0.46820417,0.45696425,0.45692817500000005,0.49682119949221315,0.49809221437291223,0.15999999999999992
1028634269,2025-03,1,La Liga,2024,0.40663043,0.3948069,0.40565866,0.40095606,0.39788148,0.4367653748491084,0.4402393350265475,0.15999999999999992
1028635120,2025-03,1,La Liga,2024,0.4797818,0.4728314,0.47277752,0.46519274,0.46901207,0.5089713404291544,0.5097881572125261,0.15999999999999992
1028628312,2025-03,1,La Liga,2024,0.46835667,0.44955677,0.46444225,0.44337612,0.446466445,0.48626392536593294,0.4879283903524311,0.15999999999999992
1028630014,2025-03,0,La Liga,2024,0.5050417,0.48640046,0.5094539,0.47780436,0.48210241,0.5220803897319123,0.5224066170817725,0.15999999999999992
1028631716,2025-03,0,La Liga,2024,0.45890364,0.45652795,0.45490655,0.46067864,0.45860329499999997,0.4985083204805671,0.49971633544291305,0.15999999999999992
1032209320,2025-03,1,La Liga,2024,0.53455645,0.53040785,0.5333792,0.51159984,0.5210038450000001,0.5607151235626887,0.5596042838259806,0.15999999999999992
1028642779,2025-03,1,La Liga,2024,0.47098428,0.53747684,0.46672463,0.5068076,0.52214222,0.5618384920905457,0.5606862888248373,0.15999999999999992
1028640226,2025-03,0,La Liga,2024,0.5602179,0.59368527,0.55703616,0.5804598,0.587072535,0.6252462510913217,0.621839395108828,0.15999999999999992
1032210171,2025-03,1,La Liga,2024,0.45237654,0.48964772,0.4523666,0.48973536,0.48969154000000004,0.5296552324408612,0.5296982079890262,0.15999999999999992
1028641928,2025-03,1,La Liga,2024,0.6692479,0.6966531,0.6724696,0.7022235,0.6994383,0.7319668436897344,0.7254587758224776,0.15999999999999992
1028636822,2025-03,1,La Liga,2024,0.5135507,0.48834363,0.51542616,0.4907177,0.489530665,0.5294948510601143,0.5295438198407038,0.15999999999999992
1028639375,2025-03,1,La Liga,2024,0.50788367,0.5526637,0.5092387,0.553356,0.55300985,0.5921448639039878,0.589892223742952,0.15999999999999992
1028638524,2025-03,0,La Liga,2024,0.45044512,0.456175,0.4497417,0.45163232,0.45390366,0.49377271346810075,0.49515748744252697,0.15999999999999992
1028641077,2025-03,1,La Liga,2024,0.44024673,0.43550968,0.4362894,0.4288345,0.43217209,0.47178138465034986,0.4739824957667931,0.15999999999999992
1028637673,2025-03,1,La Liga,2024,0.47602576,0.5174816,0.47917977,0.51103556,0.51425858,0.5540504177904239,0.5531856285535107,0.15999999999999992
1028635971,2025-03,1,La Liga,2024,0.65890867,0.6845628,0.65962094,0.67594475,0.680253775,0.7140096263383429,0.7079331790794388,0.15999999999999992
1028629163,2025-03,0,La Liga,2024,0.64696753,0.6592421,0.64324915,0.66569257,0.6624673350000001,0.6972652651631478,0.6916298191268936,0.15999999999999992
1028647885,2025-03,1,La Liga,2024,0.45316106,0.41772786,0.4482966,0.42657742,0.42215263999999997,0.46159012539912725,0.46416588878567067,0.15999999999999992
1032211022,2025-03,1,La Liga,2024,0.4813326,0.4994398,0.48067588,0.4947062,0.497073,0.5370051779436702,0.5367737612413753,0.15999999999999992
1028648736,2025-03,0,La Liga,2024,0.45487657,0.49542958,0.45654163,0.49436927,0.494899425,0.5348426838850511,0.5346919390346669,0.15999999999999992
1028650438,2025-03,1,La Liga,2024,0.48043242,0.48446274,0.48464432,0.50971377,0.497088255,0.5370203498668702,0.5367883673745064,0.15999999999999992
1028647034,2025-03,1,La Liga,2024,0.45226413,0.43214688,0.45479402,0.4476284,0.43988764,0.4796068005868404,0.48151847207789705,0.15999999999999992
1028644481,2025-03,1,La Liga,2024,0.6227285,0.6600124,0.62318724,0.6783423,0.66917735,0.7035930285449705,0.6977868280925711,0.15999999999999992
1028643630,2025-03,0,La Liga,2024,0.48624063,0.4795919,0.47848463,0.47429457,0.476943235,0.5169204075088017,0.5174397304826015,0.15999999999999992
1028649587,2025-03,0,La Liga,2024,0.4622728,0.46318427,0.4665721,0.46600112,0.464592695,0.5045332062873393,0.5055160428833047,0.15999999999999992
1028645332,2025-03,1,La Liga,2024,0.51809675,0.5258656,0.51844805,0.52684164,0.5263536200000001,0.5659908410440718,0.5646860437677524,0.15999999999999992
1028646183,2025-03,1,La Liga,2024,0.5482627,0.5245593,0.5522427,0.529844,0.52720165,0.5668263077088678,0.5654908674646748,0.15999999999999992
1033079042,2025-03,1,Ligue 1,2024,0.5422179,0.48064527,0.53588516,0.48832783,0.48448655,0.4944817930793739,0.5970320100184954,0.040000000000000036
1033079893,2025-03,1,Ligue 1,2024,0.46981907,0.48791203,0.4753821,0.4946114,0.491261715,0.5012608225182752,0.5962458760454464,0.040000000000000036
1033075638,2025-03,1,Ligue 1,2024,0.63070536,0.6316252,0.63121444,0.64891124,0.64026822,0.6494285953258538,0.5783945875031411,0.040000000000000036
1033077340,2025-03,1,Ligue 1,2024,0.5846268,0.56741685,0.58269465,0.5703772,0.5688970250000001,0.5786788911248101,0.5871572102088337,0.040000000000000036
1033080744,2025-03,0,Ligue 1,2024,0.60266393,0.6155492,0.60515976,0.6210525,0.61830085,0.6276953387502935,0.5811588250405426,0.040000000000000036
1033078191,2025-03,0,Ligue 1,2024,0.6163384,0.6155511,0.6155098,0.6281473,0.6218492,0.6312084463648487,0.5807171082656573,0.040000000000000036
1033082446,2025-03,0,Ligue 1,2024,0.4399299,0.41860455,0.4391176,0.41304198,0.415823265,0.4255713588888378,0.6050582004475271,0.040000000000000036
1033076489,2025-03,0,Ligue 1,2024,0.55086577,0.5586837,0.5576066,0.5724707,0.5655772,0.5753781696665767,0.5875520570852641,0.040000000000000036
1033085850,2025-03,1,Ligue 1,2024,0.5927073,0.59263897,0.5888454,0.5951312,0.5938850849999999,0.6034951377017987,0.5841552160744392,0.040000000000000036
1033089254,2025-03,1,Ligue 1,2024,0.56128186,0.53734154,0.56296504,0.54087555,0.5391085449999999,0.5490305216106307,0.5906742025329424,0.040000000000000036
1033088403,2025-03,0,Ligue 1,2024,0.5313424,0.5093179,0.5250067,0.49561343,0.502465665,0.5124631028503722,0.5949454593767429,0.040000000000000036
1033090105,2025-03,0,Ligue 1,2024,0.60840636,0.6391681,0.6097851,0.64518005,0.642174075,0.6513123488665279,0.5781512162019251,0.040000000000000036
1033087552,2025-03,0,Ligue 1,2024,0.5487362,0.5839156,0.5554412,0.59021986,0.58706773,0.5967295608587228,0.5849799738097348,0.040000000000000036
1033083297,2025-03,1,Ligue 1,2024,0.63722813,0.6276404,0.6369541,0.6175082,0.6225742999999999,0.6319262225350899,0.5806266298038196,0.040000000000000036
1033084148,2025-03,0,Ligue 1,2024,0.5717114,0.5620681,0.5736798,0.56958216,0.5658251299999999,0.5756247031883397,0.5875225977773272,0.040000000000000036
1033084999,2025-03,0,Ligue 1,2024,0.56772,0.5803064,0.56670505,0.57098335,0.5756448750000001,0.5853852181560398,0.5863519879444352,0.040000000000000036
1033086701,2025-03,0,Ligue 1,2024,0.659241,0.6569852,0.66421527,0.6649568,0.660971,0.6698760082602002,0.5757163604790358,0.040000000000000036
1033091807,2025-03,1,Ligue 1,2024,0.5782773,0.5914058,0.5848949,0.5874938,0.5894497999999999,0.5990939567621772,0.5846923230625523,0.040000000000000036
1033096913,2025-03,0,Ligue 1,2024,0.516925,0.516905,0.517274,0.5078335,0.51236925,0.5223568568525315,0.5937946642891885,0.040000000000000036
1033097764,2025-03,0,Ligue 1,2024,0.57650316,0.55709875,0.5677542,0.5447132,0.550905975,0.5607808939525282,0.5892877902792298,0.040000000000000036
1033095211,2025-03,0,Ligue 1,2024,0.59277266,0.6073437,0.5905215,0.6061355,0.6067396,0.6162420279407697,0.5825865524540669,0.040000000000000036
1033094360,2025-03,1,Ligue 1,2024,0.5238659,0.49966884,0.528176,0.49635664,0.49801274,0.5080120436756183,0.5954624223542686,0.040000000000000036
1033096062,2025-03,1,Ligue 1,2024,0.56761605,0.5514399,0.571658,0.54951555,0.5504777249999999,0.5603545457192344,0.5893382506569622,0.040000000000000036
1033093509,2025-03,0,Ligue 1,2024,0.5389584,0.55682296,0.5442509,0.56890094,0.56286195,0.5726778942760862,0.587874393251041,0.040000000000000036
1033092658,2025-03,0,Ligue 1,2024,0.66290236,0.6805984,0.65665275,0.68264496,0.68162168,0.6902384738757482,0.5729595747066845,0.040000000000000036
1033090956,2025-03,1,Ligue 1,2024,0.67383206,0.6476884,0.6760763,0.6679583,0.65782335,0.6667693533106923,0.5761286969414966,0.040000000000000036
1033101168,2025-03,1,Ligue 1,2024,0.6742822,0.6879985,0.68041784,0.6877547,0.6878766000000001,0.6963995087645333,0.5721053012555545,0.040000000000000036
1033103721,2025-03,1,Ligue 1,2024,0.54985213,0.56980723,0.5428678,0.54297024,0.5563887350000001,0.5662380186739181,0.5886407817257712,0.040000000000000036
1033102870,2025-03,1,Ligue 1,2024,0.5350868,0.5040108,0.53702676,0.49679002,0.50040041,0.5103989103490613,0.5951852523885869,0.040000000000000036
1033105423,2025-03,1,Ligue 1,2024,0.64086443,0.63154495,0.64091855,0.6436353,0.637590125,0.6467810745171243,0.5787355559202131,0.040000000000000036
1033102019,2025-03,1,Ligue 1,2024,0.50168055,0.48132056,0.5007495,0.47729045,0.479305505,0.4892953119367157,0.5976332705425591,0.040000000000000036
1033098615,2025-03,0,Ligue 1,2024,0.5437586,0.5271455,0.53889644,0.52631843,0.526731965,0.5366914037773766,0.5921216377474223,0.040000000000000036
1033100317,2025-03,1,Ligue 1,2024,0.51078606,0.5221764,0.51179206,0.5163085,0.5192424499999999,0.5292186303567402,0.5929947826894295,0.040000000000000036
1033099466,2025-03,0,Ligue 1,2024,0.5853003,0.5932387,0.5938958,0.61175865,0.602498675,0.6120380530374083,0.5831061480205962,0.040000000000000036
1033104572,2025-03,0,Ligue 1,2024,0.5378524,0.5377955,0.5345739,0.5379387,0.5378670999999999,0.5477933846556277,0.5908196851637959,0.040000000000000036
1028263233,2025-03,0,Premier League,2024,0.64321125,0.6239934,0.64666677,0.6273191,0.62565625,0.5826415234011648,0.5855296155723693,-0.17999999999999994
1028260680,2025-03,0,Premier League,2024,0.5543799,0.5845744,0.55863965,0.5918325,0.58820345,0.5440215907648275,0.5811428596887742,-0.17999999999999994
1028258978,2025-03,1,Premier League,2024,0.59666926,0.6152455,0.59708846,0.6183261,0.6167857999999999,0.5734467082729167,0.5844780319670713,-0.17999999999999994
1028261531,2025-03,1,Premier League,2024,0.5245567,0.5750834,0.5241952,0.56891346,0.5719984300000001,0.5274746429678722,0.5792808889575599,-0.17999999999999994
1028258127,2025-03,0,Premier League,2024,0.6992958,0.69616884,0.6995812,0.70014393,0.698156385,0.6589310114054014,0.5945594492908318,-0.17999999999999994
1028265786,2025-03,1,Premier League,2024,0.44626778,0.43463048,0.44752187,0.42811355,0.431372015,0.38787448562022653,0.563347595177546,-0.17999999999999994
1028264084,2025-03,1,Premier League,2024,0.6772245,0.6873201,0.6740587,0.6819586,0.68463935,0.6445517165035093,0.5928033915244497,-0.17999999999999994
1028259829,2025-03,0,Premier League,2024,0.58018255,0.61683214,0.58176786,0.6170021,0.61691712,0.5735826121145712,0.5844935363814833,-0.17999999999999994
1028262382,2025-03,1,Premier League,2024,0.4456911,0.44110122,0.44678226,0.4403306,0.44071591,0.3969338901642369,0.5644212633121262,-0.17999999999999994
1028264935,2025-03,0,Premier League,2024,0.6318668,0.61451215,0.63417447,0.6233768,0.6189444749999999,0.5756815645426381,0.5847331339407528,-0.17999999999999994
1028272594,2025-03,1,Premier League,2024,0.6655528,0.68098193,0.6713907,0.6925511,0.686766515,0.6468097873767015,0.593077112193279,-0.17999999999999994
1028274296,2025-03,1,Premier League,2024,0.5717186,0.53465116,0.5749003,0.54809916,0.5413751600000001,0.49647004896662056,0.575801102690001,-0.17999999999999994
1028269190,2025-03,1,Premier League,2024,0.49497706,0.5258666,0.49987546,0.5264959,0.52618125,0.48121406482058926,0.5740866164058479,-0.17999999999999994
1028270892,2025-03,1,Premier League,2024,0.5345069,0.48489848,0.5353929,0.50474674,0.49482261,0.449990197842479,0.5705562523055108,-0.17999999999999994
1028266637,2025-03,1,Premier League,2024,0.6600905,0.67560685,0.6628028,0.670953,0.673279925,0.6325233632597879,0.5913571056373161,-0.17999999999999994
1028270041,2025-03,0,Premier League,2024,0.672217,0.6556564,0.671671,0.6599089,0.65778265,0.6161949137532153,0.5894224170982819,-0.17999999999999994
1028267488,2025-03,0,Premier League,2024,0.5585848,0.58804405,0.56243765,0.5921144,0.590079225,0.54594326384266,0.5813595798134552,-0.17999999999999994
1028271743,2025-03,0,Premier League,2024,0.5765811,0.5298716,0.58024293,0.55552375,0.542697675,0.49780193468117656,0.5759506145844147,-0.17999999999999994
1036362200,2025-03,1,Segunda,2024,0.43294406,0.41006643,0.44237965,0.41271466,0.411390545,0.4101803418760287,0.40845334801482763,-0.0050000000000000044
1036359647,2025-03,1,Segunda,2024,0.48638234,0.4989659,0.48957807,0.5022874,0.5006266500000001,0.4993766506510549,0.49937685379320834,-0.0050000000000000044
1036363051,2025-03,1,Segunda,2024,0.4085024,0.40617794,0.40834457,0.40683895,0.406508445,0.4053027144943186,0.4034859262531156,-0.0050000000000000044
1036355392,2025-03,1,Segunda,2024,0.56351006,0.565766,0.5712184,0.56569326,0.56572963,0.5645008306386604,0.5657758824778235,-0.0050000000000000044
1036357094,2025-03,0,Segunda,2024,0.5062989,0.50327665,0.5156623,0.5148546,0.5090656250000001,0.5078159818872261,0.507983286665684,-0.0050000000000000044
1036360498,2025-03,1,Segunda,2024,0.49165964,0.49888706,0.48896337,0.49657854,0.4977328,0.4964828424745748,0.49642573895964215,-0.0050000000000000044
1036357945,2025-03,1,Segunda,2024,0.4477389,0.42157894,0.45421562,0.43652225,0.429050595,0.4278262009913011,0.4264296890640389,-0.0050000000000000044
1036354541,2025-03,0,Segunda,2024,0.45891148,0.44237962,0.4609147,0.44763094,0.44500527999999995,0.44377074413285966,0.44267926633986787,-0.0050000000000000044
1036361349,2025-03,0,Segunda,2024,0.5506782,0.5221027,0.5508275,0.52324426,0.52267348,0.5214259115989904,0.5218622146850985,-0.0050000000000000044
1036358796,2025-03,0,Segunda,2024,0.42233688,0.42866954,0.42095295,0.42730913,0.427989335,0.426765705800357,0.425349104687845,-0.0050000000000000044
1036312842,2025-03,0,Segunda,2024,0.44519964,0.44677025,0.44576177,0.44874844,0.44775934500000003,0.4465233158600932,0.44548500850632766,-0.0050000000000000044
1036365604,2025-03,0,Segunda,2024,0.5723326,0.6011602,0.5728942,0.5981224,0.5996413,0.5984403461222866,0.6003496209253276,-0.0050000000000000044
1036369008,2025-03,1,Segunda,2024,0.52192247,0.5135311,0.51921004,0.51726705,0.5153990749999999,0.5141501670993124,0.5144427773724662,-0.0050000000000000044
1036363902,2025-03,0,Segunda,2024,0.4616393,0.47313958,0.46089077,0.47169924,0.47241941,0.47117338787072943,0.4706163196497337,-0.0050000000000000044
1036368157,2025-03,1,Segunda,2024,0.47846374,0.43610978,0.48009056,0.43723002,0.4366699,0.4354403454084773,0.43418882993530783,-0.0050000000000000044
1036372412,2025-03,1,Segunda,2024,0.55646986,0.56953657,0.55628407,0.56857175,0.5690541600000001,0.5678275814386764,0.5691661029018746,-0.0050000000000000044
1036369859,2025-03,1,Segunda,2024,0.4375917,0.39908835,0.44070584,0.39017153,0.39462993999999996,0.3934360857174043,0.39140405044380544,-0.0050000000000000044
1036371561,2025-03,0,Segunda,2024,0.36380997,0.34584928,0.36867213,0.36088172,0.3533655,0.35222384778939775,0.34948718141168716,-0.0050000000000000044
1036366455,2025-03,0,Segunda,2024,0.4202295,0.3979053,0.42171216,0.3808787,0.389392,0.3882038302290828,0.3860784490565354,-0.0050000000000000044
1036367306,2025-03,0,Segunda,2024,0.46635804,0.4785431,0.45994225,0.48165742,0.48010026,0.47885236676179177,0.47844660241612685,-0.0050000000000000044
1036370710,2025-03,0,Segunda,2024,0.4818402,0.48533607,0.48142284,0.47675958,0.481047825,0.47979974179431506,0.47941267499839985,-0.0050000000000000044
1036364753,2025-03,0,Segunda,2024,0.43471122,0.43529463,0.43081388,0.42548856,0.430391595,0.42916625067435327,0.42779516175062066,-0.0050000000000000044
1036381773,2025-03,1,Segunda,2024,0.44521126,0.42609796,0.44420257,0.418465,0.42228148,0.4210621572018261,0.41953798789357644,-0.0050000000000000044
1036380922,2025-03,0,Segunda,2024,0.4239378,0.39536187,0.4215475,0.39911476,0.397238315,0.3960417321267617,0.3940565503647792,-0.0050000000000000044
1036380071,2025-03,0,Segunda,2024,0.4729156,0.4945375,0.47149205,0.47969598,0.48711674000000005,0.4858676529557705,0.48560046979357696,-0.0050000000000000044
1036373263,2025-03,0,Segunda,2024,0.5254883,0.52723086,0.52309823,0.5375872,0.53240903,0.5311640825820759,0.5317920994838095,-0.0050000000000000044
1036374114,2025-03,1,Segunda,2024,0.6167248,0.6272125,0.61831164,0.628171,0.62769175,0.6265225318534041,0.628928378975581,-0.0050000000000000044
1036376667,2025-03,1,Segunda,2024,0.5224236,0.54491836,0.5250883,0.5513238,0.54812108,0.5468823627302977,0.5478176309155637,-0.0050000000000000044
1036377518,2025-03,1,Segunda,2024,0.4564453,0.43530798,0.4577728,0.4569792,0.44614359,0.4449084277447682,0.44383890968233913,-0.0050000000000000044
1036378369,2025-03,1,Segunda,2024,0.45115548,0.43572545,0.4494667,0.43323022,0.43447783500000003,0.4332497056775937,0.4319563413814755,-0.0050000000000000044
1036379220,2025-03,1,Segunda,2024,0.51012963,0.49684086,0.5075319,0.5035363,0.50018858,0.4989385816033509,0.4989301093290763,-0.0050000000000000044
1036374965,2025-03,0,Segunda,2024,0.47079796,0.45928064,0.4645246,0.4659922,0.46263642000000005,0.4613936349491799,0.46064468548938864,-0.0050000000000000044
1036375816,2025-03,1,Segunda,2024,0.59558505,0.60451347,0.5950472,0.6128081,0.608660785,0.6074691759076051,0.6095413241922619,-0.0050000000000000044
1036386879,2025-03,1,Segunda,2024,0.43902636,0.4256956,0.43877473,0.4170856,0.4213906,0.42017197870308004,0.41863109561339906,-0.0050000000000000044
1036383475,2025-03,0,Segunda,2024,0.4731594,0.4659663,0.4782796,0.46316743,0.464566865,0.46332336543134306,0.4626121925298882,-0.0050000000000000044
1036391134,2025-03,0,Segunda,2024,0.42521867,0.41234493,0.4258129,0.41711426,0.414729595,0.41351646995550645,0.411851303149317,-0.0050000000000000044
1036385177,2025-03,1,Segunda,2024,0.575632,0.5846012,0.573466,0.5775384,0.5810698000000001,0.5798521705342009,0.5814179371937027,-0.0050000000000000044
1036384326,2025-03,0,Segunda,2024,0.45378715,0.4517356,0.44721714,0.45114818,0.45144189,0.45020398258142963,0.44923697896904774,-0.0050000000000000044
1036389432,2025-03,1,Segunda,2024,0.6141201,0.6486126,0.6100608,0.63839895,0.643505775,0.6423579233119179,0.6450293046846004,-0.0050000000000000044
1036382624,2025-03,1,Segunda,2024,0.47968554,0.49649572,0.47412068,0.495053,0.49577435999999997,0.4945244782918368,0.49442859737664785,-0.0050000000000000044
1036386028,2025-03,0,Segunda,2024,0.46476382,0.41751823,0.46766013,0.42159724,0.419557735,0.418340581878496,0.41676537888381204,-0.0050000000000000044
1036388581,2025-03,1,Segunda,2024,0.4896442,0.48526517,0.4900619,0.5020245,0.493644835,0.49239507925628734,0.4922570416985508,-0.0050000000000000044
1036387730,2025-03,1,Segunda,2024,0.4026661,0.38870308,0.40442118,0.38666844,0.38768576,0.3864995010827493,0.38434393335692013,-0.0050000000000000044
1036390283,2025-03,1,Segunda,2024,0.5330763,0.539539,0.5340978,0.54680693,0.543172965,0.5419320192332964,0.5427708731691042,-0.0050000000000000044
1036399644,2025-03,1,Segunda,2024,0.4629386,0.4582808,0.46164018,0.46181113,0.460045965,0.45880419727973365,0.45800463058191077,-0.0050000000000000044
1036397942,2025-03,0,Segunda,2024,0.50950366,0.5496352,0.5054606,0.5656828,0.557659,0.5564252696933967,0.5575452919772927,-0.0050000000000000044
1036398793,2025-03,0,Segunda,2024,0.44961375,0.4379022,0.4507885,0.44195205,0.439927125,0.43869554124123816,0.4375063980066358,-0.0050000000000000044
1036394538,2025-03,1,Segunda,2024,0.53497636,0.5506059,0.5318247,0.5364691,0.5435375,0.542296710050047,0.5431426788734766,-0.0050000000000000044
1036397091,2025-03,0,Segunda,2024,0.587872,0.61653316,0.5821198,0.6107222,0.61362768,0.612441564841815,0.6146021675276032,-0.0050000000000000044
1036392836,2025-03,0,Segunda,2024,0.596707,0.5896916,0.59974766,0.6058567,0.59777415,0.5965713634206683,0.5984465783112,-0.0050000000000000044
1036395389,2025-03,1,Segunda,2024,0.44539467,0.42493504,0.4441585,0.42827955,0.426607295,0.42538467864845847,0.42394195716358424,-0.0050000000000000044
1036400495,2025-03,1,Segunda,2024,0.47026294,0.47496548,0.46277714,0.4582482,0.46660683999999997,0.4653626258489967,0.4646914217996195,-0.0050000000000000044
1036391985,2025-03,1,Segunda,2024,0.4877812,0.49621725,0.48285478,0.5051437,0.500680475,0.4994304756664289,0.49943174474839624,-0.0050000000000000044
1036396240,2025-03,1,Segunda,2024,0.48581967,0.50247514,0.4819541,0.4964912,0.49948317000000003,0.49823317716988585,0.49821073534137683,-0.0050000000000000044
1036393687,2025-03,0,Segunda,2024,0.4337229,0.4020539,0.42679635,0.4031403,0.40259710000000004,0.4013951245082498,0.3995069385215808,-0.0050000000000000044
1041501389,2025-03,0,Serie A,2024,0.45077175,0.43861905,0.4484043,0.43687782,0.437748435,0.45380586412350504,0.516596778369886,0.06499999999999995
1041507346,2025-03,1,Serie A,2024,0.4840011,0.48351082,0.48451838,0.47891298,0.4812119,0.4974530717804864,0.5230622673817127,0.06499999999999995
1041509048,2025-03,0,Serie A,2024,0.5463129,0.5448653,0.54767334,0.54438674,0.5446260199999999,0.56069430757215,0.5324320825668697,0.06499999999999995
1041506495,2025-03,0,Serie A,2024,0.43251306,0.43611416,0.43401438,0.44344783,0.439780995,0.45585253330398545,0.5169016675905945,0.06499999999999995
1041502240,2025-03,1,Serie A,2024,0.47682294,0.53795326,0.48404637,0.53919554,0.5385744,0.5546816241094754,0.5315343737821662,0.06499999999999995
1041503942,2025-03,1,Serie A,2024,0.46243057,0.47214666,0.46315295,0.46337327,0.467759965,0.48397066677677736,0.5210710500909375,0.06499999999999995
1041508197,2025-03,1,Serie A,2024,0.5457934,0.57662517,0.55101764,0.5850694,0.5808472849999999,0.5965841876813481,0.5378511948855291,0.06499999999999995
1041505644,2025-03,1,Serie A,2024,0.60355943,0.61432445,0.59874314,0.6109997,0.612662075,0.6279695603158866,0.5427104633324537,0.06499999999999995
1041504793,2025-03,0,Serie A,2024,0.48597717,0.47712207,0.47906715,0.48211184,0.479616955,0.49585574728261816,0.5228264804121875,0.06499999999999995
1041509899,2025-03,1,Serie A,2024,0.47258973,0.48846674,0.4801404,0.48344898,0.48595785999999996,0.5022041521699125,0.5237635041137115,0.06499999999999995
1041517558,2025-03,1,Serie A,2024,0.55210054,0.5827513,0.55370605,0.57887304,0.58081217,0.5965494753273295,0.5378458919051647,0.06499999999999995
1041510750,2025-03,1,Serie A,2024,0.49468142,0.49628705,0.4936242,0.5024859,0.499386475,0.5156313792084138,0.525745517498313,0.06499999999999995
1041515856,2025-03,1,Serie A,2024,0.5319947,0.51945674,0.5314565,0.513545,0.51650087,0.5327100799985864,0.5282705445448944,0.06499999999999995
1041513303,2025-03,1,Serie A,2024,0.49234685,0.54554284,0.48694858,0.55245626,0.54899955,0.565036763771594,0.533081932280323,0.06499999999999995
1041512452,2025-03,1,Serie A,2024,0.43730435,0.43582946,0.43685216,0.4324003,0.43411488,0.45014573367023186,0.5160509164147685,0.06499999999999995
1041516707,2025-03,1,Serie A,2024,0.46151638,0.432751,0.45464993,0.4247226,0.42873680000000003,0.4447251320129199,0.5152409344152384,0.06499999999999995
1041511601,2025-03,0,Serie A,2024,0.4851026,0.4358185,0.48515064,0.43152648,0.43367248999999997,0.4496999895428294,0.5159843829075366,0.06499999999999995
1041514154,2025-03,0,Serie A,2024,0.5628581,0.5576693,0.5656632,0.5499426,0.55380595,0.5698061777818723,0.5337972735576049,0.06499999999999995
1041515005,2025-03,1,Serie A,2024,0.56408644,0.5903797,0.5600294,0.59537166,0.5928756799999999,0.6084653946840541,0.5396748571465657,0.06499999999999995
1041520962,2025-03,1,Serie A,2024,0.45269814,0.46407908,0.45722014,0.4528466,0.45846284,0.47463867171945917,0.5196905648973765,0.06499999999999995
1041522664,2025-03,1,Serie A,2024,0.52956545,0.52573097,0.53758705,0.5150107,0.520370835,0.5365667149584953,0.5288418961219535,0.06499999999999995
1041525217,2025-03,0,Serie A,2024,0.46337804,0.46420938,0.46282306,0.45142,0.45781468999999997,0.4739876691789414,0.5195941637847568,0.06499999999999995
1041521813,2025-03,1,Serie A,2024,0.59933853,0.60025746,0.59904724,0.6003869,0.60032218,0.6158115266298477,0.5408116515153247,0.06499999999999995
1041524366,2025-03,0,Serie A,2024,0.47669697,0.5251466,0.48576108,0.52086246,0.52300453,0.5391902307512348,0.5292308871231681,0.06499999999999995
1041526068,2025-03,0,Serie A,2024,0.46131682,0.4474542,0.46632323,0.45673904,0.45209662,0.468242050510296,0.5187426788484717,0.06499999999999995
1041519260,2025-03,0,Serie A,2024,0.49024016,0.4718995,0.49534988,0.48338327,0.477641385,0.4938767702430365,0.5225343243485503,0.06499999999999995
1041523515,2025-03,0,Serie A,2024,0.45297176,0.42734393,0.46353036,0.42325038,0.425297155,0.44125629552799006,0.514721535702557,0.06499999999999995
1041520111,2025-03,0,Serie A,2024,0.44362316,0.4337492,0.44809374,0.42408752,0.42891836,0.44490818958863787,0.5152683203865044,0.06499999999999995
1041518409,2025-03,0,Serie A,2024,0.5562362,0.56127423,0.5576766,0.56103265,0.56115344,0.5770913926570057,0.5348934822016648,0.06499999999999995
1041534578,2025-03,0,Serie A,2024,0.44953555,0.4554154,0.45442668,0.47710982,0.46626261,0.4824684591443328,0.5208489860683189,0.06499999999999995
1041527770,2025-03,1,Serie A,2024,0.478347,0.51775026,0.48640093,0.51665914,0.5172047,0.5334116298025303,0.5283744379797863,0.06499999999999995
1041531174,2025-03,0,Serie A,2024,0.43576235,0.46181554,0.43686587,0.45005465,0.455935095,0.4720994910232446,0.5193144769640103,0.06499999999999995
1041532876,2025-03,0,Serie A,2024,0.46313316,0.47403163,0.4595638,0.47022396,0.472127795,0.4883509790359374,0.5217182926677908,0.06499999999999995
1041526919,2025-03,0,Serie A,2024,0.5094449,0.56232727,0.51061803,0.5726586,0.567492935,0.5833715902180114,0.5358422334927897,0.06499999999999995
1041528621,2025-03,0,Serie A,2024,0.51904786,0.504964,0.5197076,0.50516415,0.505064075,0.5213013468745354,0.526583064988051,0.06499999999999995
1041530323,2025-03,1,Serie A,2024,0.4999717,0.5264963,0.4975677,0.5380171,0.5322567,0.5483995381660313,0.5305987707147719,0.06499999999999995
1041533727,2025-03,1,Serie A,2024,0.5574221,0.5645498,0.5539967,0.56539404,0.5649719200000001,0.5808747729616249,0.5354645977782776,0.06499999999999995
1041529472,2025-03,0,Serie A,2024,0.5217717,0.5343119,0.52294385,0.52031124,0.52731157,0.5434786925882237,0.5298673679525496,0.06499999999999995
1041532025,2025-03,1,Serie A,2024,0.476199,0.4708396,0.47701067,0.47462958,0.47273459,0.4889593110691603,0.5218081519905553,0.06499999999999995
1041813706,2025-04,1,Bundesliga,2024,0.5248112,0.5457338,0.52908874,0.5451605,0.54544715,0.5018229240483055,0.5645824124432655,-0.17499999999999993
1041810302,2025-04,1,Bundesliga,2024,0.62890714,0.6471324,0.6291073,0.64473283,0.645932615,0.6049677966929866,0.5764215227466415,-0.17499999999999993
1041811153,2025-04,0,Bundesliga,2024,0.5416118,0.55299455,0.5489365,0.55710495,0.55504975,0.5115217777756661,0.5656823661498664,-0.17499999999999993
1041812855,2025-04,1,Bundesliga,2024,0.62455004,0.6325072,0.62530375,0.6524106,0.6424589,0.601340227795872,0.5759946526406031,-0.17499999999999993
1041816259,2025-04,0,Bundesliga,2024,0.64296734,0.6032008,0.6481818,0.6216697,0.61243525,0.5701738012840588,0.572371020602383,-0.17499999999999993
1041814557,2025-04,1,Bundesliga,2024,0.5736238,0.55215824,0.5749263,0.56002915,0.5560936949999999,0.5125781658785377,0.5658021775415165,-0.17499999999999993
1041812004,2025-04,0,Bundesliga,2024,0.67227715,0.6914073,0.6758427,0.698953,0.69518015,0.6568865274635084,0.5826958688759709,-0.17499999999999993
1041817110,2025-04,1,Bundesliga,2024,0.62073165,0.6248982,0.6171711,0.6306333,0.62776575,0.5860460724601104,0.5742074459393577,-0.17499999999999993
1041815408,2025-04,0,Bundesliga,2024,0.54831827,0.53658015,0.55171174,0.5443652,0.540472675,0.4968114617039976,0.5640139224251228,-0.17499999999999993
1041822216,2025-04,1,Bundesliga,2024,0.661863,0.66762877,0.6598094,0.673859,0.670743885,0.6310098353300968,0.5795260022636503,-0.17499999999999993
1041824769,2025-04,1,Bundesliga,2024,0.5523453,0.5554364,0.5513375,0.5403592,0.5478978000000001,0.5042950225377655,0.5648627879910643,-0.17499999999999993
1041821365,2025-04,0,Bundesliga,2024,0.6165394,0.6262206,0.6140977,0.6233813,0.62480095,0.5829697249073311,0.5738501783055859,-0.17499999999999993
1041823918,2025-04,1,Bundesliga,2024,0.4967591,0.45315567,0.501367,0.46305496,0.458105315,0.41508758513904476,0.5546260530794671,-0.17499999999999993
1041817961,2025-04,0,Bundesliga,2024,0.5327679,0.57211447,0.5372306,0.5518235,0.561968985,0.5185307444666777,0.5664774206625969,-0.17499999999999993
1041823067,2025-04,1,Bundesliga,2024,0.68157303,0.6647204,0.68020254,0.66735494,0.6660376699999999,0.6260523146190927,0.5789290871280655,-0.17499999999999993
1041819663,2025-04,1,Bundesliga,2024,0.6825989,0.6861394,0.6837317,0.6999857,0.69306255,0.6546350620253889,0.5824161044301047,-0.17499999999999993
1041818812,2025-04,1,Bundesliga,2024,0.6692232,0.6958094,0.6723658,0.70355505,0.699682225,0.6616789347451408,0.5832941361363678,-0.17499999999999993
1041820514,2025-04,0,Bundesliga,2024,0.588758,0.58520037,0.586203,0.58875644,0.586978405,0.544007866922972,0.5693737817795994,-0.17499999999999993
1041828173,2025-04,0,Bundesliga,2024,0.65953445,0.66722786,0.6568615,0.6606522,0.66394003,0.6238453649849712,0.5786643150682944,-0.17499999999999993
1041825620,2025-04,1,Bundesliga,2024,0.6372758,0.62768626,0.6339422,0.6307843,0.6292352800000001,0.5875720995167472,0.574384927998667,-0.17499999999999993
1041827322,2025-04,0,Bundesliga,2024,0.55877995,0.55691737,0.5614783,0.56458825,0.56075281,0.5172975580294831,0.5663375091275432,-0.17499999999999993
1041829024,2025-04,1,Bundesliga,2024,0.5917699,0.5930563,0.5900522,0.60001904,0.59653767,0.5538056679245326,0.5704925340653689,-0.17499999999999993
1041830726,2025-04,1,Bundesliga,2024,0.6349921,0.64333147,0.6361697,0.65286976,0.6481006149999999,0.6072341080732973,0.5766888383184747,-0.17499999999999993
1041831577,2025-04,1,Bundesliga,2024,0.63072854,0.63272774,0.62937915,0.63959116,0.6361594500000001,0.5947732653658101,0.5752248944435108,-0.17499999999999993
1041829875,2025-04,0,Bundesliga,2024,0.6224626,0.6184139,0.62171423,0.62013704,0.61927547,0.5772450320328386,0.573187115876058,-0.17499999999999993
1041826471,2025-04,1,Bundesliga,2024,0.6705521,0.673055,0.66780055,0.68462837,0.678841685,0.6395597266154394,0.580562846869957,-0.17499999999999993
1041832428,2025-04,1,Bundesliga,2024,0.5163429,0.5344373,0.5129388,0.5337147,0.534076,0.4903800923243239,0.5632839922895602,-0.17499999999999993
1041834130,2025-04,0,Bundesliga,2024,0.6385247,0.64308536,0.6393829,0.64230794,0.64269665,0.6015883641285558,0.5760238131486797,-0.17499999999999993
1041840087,2025-04,1,Bundesliga,2024,0.6588787,0.65782505,0.65902525,0.6632067,0.660515875,0.6202463471068143,0.5782337526609063,-0.17499999999999993
1041836683,2025-04,1,Bundesliga,2024,0.678007,0.64310473,0.676751,0.6535187,0.648311715,0.6074548748130041,0.576714904686927,-0.17499999999999993
1041838385,2025-04,0,Bundesliga,2024,0.6245279,0.61004436,0.6266553,0.6190184,0.61453138,0.5723388916151795,0.5726205700824832,-0.17499999999999993
1041834981,2025-04,0,Bundesliga,2024,0.6278527,0.63965464,0.6294685,0.6341799,0.6369172700000001,0.5955624840548621,0.5753172075486461,-0.17499999999999993
1041833279,2025-04,0,Bundesliga,2024,0.51215327,0.59386146,0.5143783,0.5912393,0.59255038,0.5497148414123403,0.5700249843861411,-0.17499999999999993
1041835832,2025-04,0,Bundesliga,2024,0.7012447,0.6940403,0.69967335,0.696974,0.6955071500000001,0.6572343525766247,0.5827391623307414,-0.17499999999999993
1041839236,2025-04,1,Bundesliga,2024,0.5530083,0.49028325,0.55775267,0.49023223,0.49025774,0.4467096760362572,0.5582984124357581,-0.17499999999999993
1041837534,2025-04,0,Bundesliga,2024,0.565204,0.54500186,0.5619066,0.5537249,0.54936338,0.5057744489513768,0.5650305693149976,-0.17499999999999993
1032211873,2025-04,0,La Liga,2024,0.4162206,0.42020017,0.4127962,0.41743153,0.41881585,0.478104927372024,0.48736889257898225,0.24
1028658097,2025-04,0,La Liga,2024,0.5634943,0.6044126,0.5628165,0.60458994,0.60450127,0.6602158345082365,0.651351855860271,0.24
1028652140,2025-04,1,La Liga,2024,0.5378158,0.5416995,0.54067194,0.5455877,0.5436436,0.6022909201789597,0.5989436520946084,0.24
1028656395,2025-04,1,La Liga,2024,0.49795285,0.57206315,0.49527922,0.56177455,0.56691885,0.6246402648595619,0.6191074651308586,0.24
1028651289,2025-04,1,La Liga,2024,0.67126477,0.7039236,0.6792933,0.7095439,0.7067337499999999,0.7539095230889036,0.7377015947109472,0.24
1028652991,2025-04,1,La Liga,2024,0.49356765,0.5835854,0.49360308,0.5634502,0.5735178000000001,0.630932270158551,0.6247956562067709,0.24
1028655544,2025-04,1,La Liga,2024,0.5089457,0.5604229,0.5085584,0.551952,0.5561874499999999,0.6143662322955645,0.6098307676902259,0.24
1028657246,2025-04,0,La Liga,2024,0.4069017,0.42175674,0.40089417,0.41397628,0.41786650999999997,0.477131526429468,0.48649320383462563,0.24
1028654693,2025-04,0,La Liga,2024,0.60473233,0.60205805,0.6043111,0.60307264,0.602565345,0.6583985151065499,0.6496993459182278,0.24
1028653842,2025-04,1,La Liga,2024,0.5271752,0.58230555,0.5264199,0.57628596,0.579295755,0.6364254843641942,0.6297664293051931,0.24
1028665756,2025-04,0,La Liga,2024,0.5351373,0.5683246,0.53929496,0.5658275,0.56707605,0.6247903798187991,0.6192431100101026,0.24
1028664905,2025-04,0,La Liga,2024,0.48181218,0.49249816,0.48111326,0.49445802,0.49347809,0.5532747300121739,0.5548739655042956,0.24
1028661501,2025-04,1,La Liga,2024,0.46516973,0.49195904,0.46351618,0.49286455,0.492411795,0.5522200920167367,0.5539271271353932,0.24
1032212724,2025-04,0,La Liga,2024,0.48262483,0.511199,0.4848937,0.52290523,0.517052115,0.5764543674590414,0.575695367072414,0.24
1028663203,2025-04,0,La Liga,2024,0.5431903,0.5232949,0.53944314,0.53415984,0.52872737,0.5878383023164444,0.5859322509092655,0.24
1028664054,2025-04,1,La Liga,2024,0.5422186,0.53975284,0.5466698,0.5501693,0.54496107,0.603562544709887,0.6000894109039583,0.24
1028662352,2025-04,0,La Liga,2024,0.5672997,0.5304104,0.56903946,0.5572727,0.54384155,0.6024820324535388,0.599115837544779,0.24
1028660650,2025-04,1,La Liga,2024,0.6365841,0.6650035,0.6326278,0.6659667,0.6654850999999999,0.7166358121906348,0.7030352094588558,0.24
1028658948,2025-04,1,La Liga,2024,0.48358336,0.47437096,0.48127207,0.4755258,0.47494838,0.5348706847955379,0.5383542333737176,0.24
1028659799,2025-04,1,La Liga,2024,0.53814614,0.5691145,0.52947843,0.55739623,0.5632553650000001,0.621138748931459,0.6159443292324641,0.24
1032213575,2025-04,0,La Liga,2024,0.45801505,0.4960525,0.45484313,0.49775857,0.496905535,0.5566610640002506,0.5579143913984841,0.24
1028667458,2025-04,1,La Liga,2024,0.5001782,0.5353132,0.50029933,0.5394836,0.5373984,0.5962522491240726,0.5935048611634822,0.24
1028666607,2025-04,1,La Liga,2024,0.66240233,0.6662007,0.66493726,0.68151027,0.673855485,0.7242566133666688,0.7100836159155214,0.24
1028673415,2025-04,0,La Liga,2024,0.46111488,0.47224846,0.4644065,0.4945665,0.48340748,0.5432927069093171,0.5459133075980895,0.24
1028669160,2025-04,0,La Liga,2024,0.54670584,0.53364617,0.5488154,0.54335815,0.53850216,0.5973208064593549,0.5944670155109515,0.24
1028670862,2025-04,1,La Liga,2024,0.4984656,0.50881135,0.4945914,0.50340205,0.5061067,0.5657244826581881,0.5660540505547396,0.24
1028671713,2025-04,1,La Liga,2024,0.55195785,0.57007253,0.55669016,0.57825756,0.574165045,0.6315483595490123,0.6253529267971789,0.24
1028672564,2025-04,1,La Liga,2024,0.47996387,0.51954204,0.47431618,0.532803,0.52617252,0.5853525937818995,0.5836962059116669,0.24
1028668309,2025-04,0,La Liga,2024,0.5954123,0.588494,0.5991521,0.5894333,0.58896365,0.6455837356168292,0.6380642243835124,0.24
1028670011,2025-04,1,La Liga,2024,0.569754,0.6046623,0.5644865,0.609707,0.60718465,0.662732105713987,0.6536410047212534,0.24
1032214426,2025-04,1,La Liga,2024,0.48091754,0.50133955,0.47770953,0.5080427,0.5046911249999999,0.5643326896960753,0.5648038892021449,0.24
1028675968,2025-04,0,La Liga,2024,0.51888263,0.5796697,0.52452207,0.58929855,0.5844841249999999,0.6413455037507133,0.6342224912040649,0.24
1028674266,2025-04,0,La Liga,2024,0.48019353,0.4788676,0.47977662,0.49932384,0.48909572,0.5489368270637981,0.5509796479776937,0.24
1028677670,2025-04,0,La Liga,2024,0.6371353,0.64690816,0.63639796,0.65203166,0.64946991,0.701972811754729,0.6895235415409072,0.24
1028678521,2025-04,0,La Liga,2024,0.49803656,0.44486266,0.49506623,0.46872693,0.456794795,0.5166805839204632,0.5220275710852298,0.24
1028680223,2025-04,0,La Liga,2024,0.47950587,0.50345105,0.48069984,0.49996558,0.501708315,0.5613969119393349,0.5621671409574448,0.24
1028681074,2025-04,1,La Liga,2024,0.5307825,0.5639614,0.52794886,0.5557252,0.5598433,0.6178721034189594,0.6129948077354689,0.24
1028679372,2025-04,0,La Liga,2024,0.4539582,0.46027365,0.4553152,0.46354112,0.46190738499999995,0.5218195616480449,0.5266404864610644,0.24
1028676819,2025-04,1,La Liga,2024,0.5016809,0.5320312,0.5032413,0.5475259,0.5397785500000001,0.5985557921508892,0.595579158599271,0.24
1028675117,2025-04,0,La Liga,2024,0.49432808,0.45710474,0.49129406,0.45984378,0.45847426,0.5183701153485544,0.523544205979361,0.24
1032208469,2025-04,0,La Liga,2024,0.501406,0.50541496,0.49883518,0.5049248,0.50516988,0.564803506682609,0.5652267850453412,0.24
1033107125,2025-04,1,Ligue 1,2024,0.5197892,0.5341724,0.5243333,0.5410988,0.5376356,0.5326603496776984,0.5761146143250107,-0.020000000000000018
1033111380,2025-04,0,Ligue 1,2024,0.51996994,0.6199672,0.52469844,0.6346075,0.62728735,0.6225996138560049,0.5622194679056335,-0.020000000000000018
1033107976,2025-04,1,Ligue 1,2024,0.6014657,0.6118651,0.598161,0.60859466,0.61022988,0.6054625413758352,0.5649454404805374,-0.020000000000000018
1033109678,2025-04,1,Ligue 1,2024,0.62004656,0.6231858,0.6233305,0.6185763,0.6208810499999999,0.6161620430939684,0.5632492479120208,-0.020000000000000018
1033110529,2025-04,0,Ligue 1,2024,0.6309444,0.6431568,0.62869275,0.64658964,0.64487322,0.6402798289223558,0.5593513519941787,-0.020000000000000018
1033113082,2025-04,0,Ligue 1,2024,0.55864376,0.5581374,0.5622843,0.54977703,0.5539572150000001,0.5490102690495854,0.5736484399100542,-0.020000000000000018
1033112231,2025-04,0,Ligue 1,2024,0.5323776,0.5235874,0.53020805,0.5178488,0.5207181000000001,0.5157247821950172,0.5786540870750427,-0.020000000000000018
1033108827,2025-04,0,Ligue 1,2024,0.5747614,0.57453835,0.5770976,0.5783579,0.576448125,0.5715576970485519,0.5702139247382034,-0.020000000000000018
1033106274,2025-04,1,Ligue 1,2024,0.58315915,0.5913594,0.5871868,0.5831132,0.5872363,0.58238019273331,0.568547706489261,-0.020000000000000018
1033119890,2025-04,0,Ligue 1,2024,0.51578224,0.5455331,0.51437455,0.53336996,0.53945153,0.5344789006608821,0.575841114725497,-0.020000000000000018
1033120741,2025-04,0,Ligue 1,2024,0.6798221,0.70841044,0.68279505,0.7029096,0.70566002,0.7014889233557705,0.5488320532401825,-0.020000000000000018
1033113933,2025-04,1,Ligue 1,2024,0.52820385,0.546217,0.5249625,0.5460892,0.5461531,0.5411912875048739,0.5748299570590207,-0.020000000000000018
1033117337,2025-04,1,Ligue 1,2024,0.5972186,0.5946464,0.5999052,0.5867108,0.5906785999999999,0.5858344283872697,0.5680130698021775,-0.020000000000000018
1033118188,2025-04,1,Ligue 1,2024,0.59200805,0.5698109,0.59175813,0.5706805,0.5702457000000001,0.5653376573899241,0.5711659770561693,-0.020000000000000018
1033114784,2025-04,1,Ligue 1,2024,0.53885514,0.5143121,0.53444415,0.51015747,0.512234785,0.5072367223958285,0.5799229107612863,-0.020000000000000018
1033119039,2025-04,0,Ligue 1,2024,0.56608295,0.56849587,0.57090265,0.5888788,0.578687335,0.5738036460329393,0.5698691916643831,-0.020000000000000018
1033115635,2025-04,1,Ligue 1,2024,0.6530777,0.6092885,0.65302825,0.617098,0.61319325,0.6084388995065245,0.564475433050664,-0.020000000000000018
1033128400,2025-04,1,Ligue 1,2024,0.52599394,0.5395036,0.5269342,0.52569413,0.532598865,0.5276170367408832,0.5768721956245286,-0.020000000000000018
1033124996,2025-04,1,Ligue 1,2024,0.56304735,0.60052574,0.56447566,0.60395086,0.6022383,0.5974376973096,0.5662060617284557,-0.020000000000000018
1033127549,2025-04,0,Ligue 1,2024,0.64891523,0.66438377,0.65029347,0.6592746,0.661829185,0.6573385741505072,0.5565210436657122,-0.020000000000000018
1033125847,2025-04,1,Ligue 1,2024,0.5443241,0.56742996,0.55133456,0.5648579,0.56614393,0.5612250873181259,0.5717934215862683,-0.020000000000000018
1033124145,2025-04,1,Ligue 1,2024,0.50812006,0.53949517,0.50703657,0.5393506,0.539422885,0.5344502132905542,0.5758454305529436,-0.020000000000000018
1033126698,2025-04,0,Ligue 1,2024,0.5723196,0.55301034,0.5666984,0.5325399,0.5427751199999999,0.5378076301001817,0.5753400100956287,-0.020000000000000018
1033123294,2025-04,1,Ligue 1,2024,0.614474,0.61889255,0.61447126,0.62688273,0.6228876400000001,0.6181782499032222,0.5629275045326135,-0.020000000000000018
1033122443,2025-04,1,Ligue 1,2024,0.43400234,0.4082265,0.43360382,0.42423287,0.416229685,0.4113783240251992,0.594307213494537,-0.020000000000000018
1033121592,2025-04,1,Ligue 1,2024,0.64383876,0.58274955,0.6430044,0.596897,0.589823275,0.5849760931913929,0.5681460551795064,-0.020000000000000018
1033116486,2025-04,1,Ligue 1,2024,0.53944254,0.5246873,0.52823246,0.5218263,0.5232568,0.5182654623008869,0.5782738641563528,-0.020000000000000018
1033134357,2025-04,1,Ligue 1,2024,0.6962335,0.69149745,0.7026388,0.70544446,0.698470955,0.6942421243585349,0.5501360281622913,-0.020000000000000018
1033130102,2025-04,1,Ligue 1,2024,0.6942467,0.7085368,0.69601953,0.72052777,0.714532285,0.7104353249867057,0.5471959163099995,-0.020000000000000018
1033129251,2025-04,1,Ligue 1,2024,0.59886163,0.57257926,0.5936521,0.56424916,0.56841421,0.5635012615366978,0.5714463440335161,-0.020000000000000018
1033136059,2025-04,1,Ligue 1,2024,0.69373137,0.6882607,0.6931633,0.6897117,0.6889862,0.6846843994494203,0.5518286939156979,-0.020000000000000018
1033133506,2025-04,0,Ligue 1,2024,0.467757,0.47060007,0.4686981,0.46326894,0.466934505,0.461959827164383,0.5866801475192475,-0.020000000000000018
1033132655,2025-04,0,Ligue 1,2024,0.6013023,0.6102894,0.60233134,0.60005176,0.60517058,0.6003818840414572,0.5657446489575975,-0.020000000000000018
1033131804,2025-04,0,Ligue 1,2024,0.50433207,0.49686432,0.5123526,0.5216249,0.50924461,0.504245561605061,0.5803696027229059,-0.020000000000000018
1033130953,2025-04,0,Ligue 1,2024,0.59180796,0.586985,0.59008086,0.5672567,0.57712085,0.5722324254673903,0.5701104153216908,-0.020000000000000018
1033135208,2025-04,1,Ligue 1,2024,0.6239878,0.6104845,0.6246956,0.61836815,0.6144263249999999,0.609677483120248,0.5642794362222189,-0.020000000000000018
1028278551,2025-04,0,Premier League,2024,0.53810996,0.56969225,0.54157686,0.5751873,0.572439775,0.529169933011447,0.5844146393576105,-0.17499999999999993
1028275998,2025-04,1,Premier League,2024,0.47244415,0.49765196,0.47305793,0.49015874,0.49390535,0.4503195153515162,0.5849189741870005,-0.17499999999999993
1028277700,2025-04,0,Premier League,2024,0.5925043,0.5853255,0.5957538,0.6027437,0.5940346000000001,0.5512369251827053,0.5842728778260124,-0.17499999999999993
1028281104,2025-04,1,Premier League,2024,0.66905296,0.65427107,0.6661698,0.6466564,0.650463735,0.6097063939916537,0.5838892637120066,-0.17499999999999993
1028275147,2025-04,1,Premier League,2024,0.58067495,0.605286,0.5862161,0.5994048,0.6023453999999999,0.5597745781660808,0.5842177094500717,-0.17499999999999993
1028276849,2025-04,0,Premier League,2024,0.6796889,0.6898675,0.67852926,0.70475227,0.6973098849999999,0.6591526336906202,0.5835485941401614,-0.17499999999999993
1028281955,2025-04,1,Premier League,2024,0.48970667,0.40639526,0.49528074,0.42356634,0.4149808,0.3732235394734201,0.5854276592893635,-0.17499999999999993
1028280253,2025-04,0,Premier League,2024,0.5476588,0.5905379,0.55434865,0.5891963,0.5898671,0.5469651422251741,0.5843004050983166,-0.17499999999999993
1028282806,2025-04,0,Premier League,2024,0.48984042,0.4902795,0.49435282,0.50206864,0.49617406999999997,0.45256706010479186,0.5849045005404518,-0.17499999999999993
1028279402,2025-04,0,Premier League,2024,0.68223584,0.69820726,0.6790525,0.6986245,0.69841588,0.6603301363063974,0.5835402210696173,-0.17499999999999993
1028286210,2025-04,1,Premier League,2024,0.43263474,0.43116394,0.43597612,0.44587937,0.438521655,0.39599903715160406,0.5852742140858822,-0.17499999999999993
1028285359,2025-04,1,Premier League,2024,0.6320523,0.6310512,0.6288532,0.64050514,0.63577817,0.5943762686949919,0.583991383519902,-0.17499999999999993
1028291316,2025-04,1,Premier League,2024,0.6267301,0.6485588,0.6193018,0.6335489,0.64105385,0.5998742279898537,0.5839549124647517,-0.17499999999999993
1028287912,2025-04,1,Premier League,2024,0.5511848,0.5393229,0.5449543,0.5327357,0.5360293,0.4923424538007952,0.5846498400016966,-0.17499999999999993
1028283657,2025-04,1,Premier League,2024,0.6050674,0.6153654,0.6027361,0.6135358,0.6144506,0.5722554240928184,0.5841366354419013,-0.17499999999999993
1028284508,2025-04,0,Premier League,2024,0.67840624,0.65943325,0.6725494,0.6645538,0.661993525,0.6217989138716256,0.5838076916371112,-0.17499999999999993
1028287061,2025-04,1,Premier League,2024,0.5421936,0.52129734,0.5417851,0.5348727,0.52808502,0.48436970722803635,0.5847007353479071,-0.17499999999999993
1028290465,2025-04,1,Premier League,2024,0.6768086,0.6938633,0.67908305,0.69449437,0.694178835,0.6558216989745264,0.583572204640319,-0.17499999999999993
1028289614,2025-04,0,Premier League,2024,0.6282083,0.5920372,0.62769234,0.59811324,0.59507522,0.5523045705851602,0.5842659904109573,-0.17499999999999993
1028288763,2025-04,0,Premier League,2024,0.5307841,0.45582563,0.537933,0.47423917,0.4650324,0.4218705959441711,0.585103505093437,-0.17499999999999993
1028296422,2025-04,1,Premier League,2024,0.61989236,0.6086608,0.615097,0.6184319,0.61354635,0.5713212539108766,0.584142723227392,-0.17499999999999993
1028298975,2025-04,0,Premier League,2024,0.5456461,0.4779686,0.55554336,0.5014103,0.48968944999999997,0.4461476837634661,0.5849458744832788,-0.17499999999999993
1028298124,2025-04,0,Premier League,2024,0.577201,0.60154235,0.5770577,0.6033493,0.602445825,0.5598778986122427,0.5842170404710912,-0.17499999999999993
1028293869,2025-04,1,Premier League,2024,0.47668725,0.51284504,0.4793868,0.5091388,0.5109919199999999,0.46729047326100553,0.584809961885934,-0.17499999999999993
1028293018,2025-04,1,Premier League,2024,0.59332883,0.61305183,0.59440804,0.6112528,0.612152315,0.5698816818244391,0.5841520980911803,-0.17499999999999993
1028294720,2025-04,1,Premier League,2024,0.5876664,0.6282021,0.58532494,0.6315861,0.6298941,0.5882565083563543,0.5840317944781342,-0.17499999999999993
1028295571,2025-04,1,Premier League,2024,0.5818318,0.6290854,0.58526486,0.63042665,0.629756025,0.5881130571261531,0.5840327395120247,-0.17499999999999993
1028299826,2025-04,1,Premier League,2024,0.6632533,0.66611826,0.6632811,0.67493993,0.670529095,0.6307833929961139,0.5837464234594173,-0.17499999999999993
1028297273,2025-04,1,Premier League,2024,0.6229433,0.63273245,0.62250644,0.64081436,0.636773405,0.595412641859679,0.5839845210441325,-0.17499999999999993
1028292167,2025-04,0,Premier League,2024,0.62439346,0.6287562,0.62331444,0.62650615,0.627631175,0.5859063636567589,0.5840472644623305,-0.17499999999999993
1028273445,2025-04,0,Premier League,2024,0.6197868,0.61524665,0.61904025,0.6156813,0.6154639749999999,0.5733026876855108,0.584129806625369,-0.17499999999999993
1028302379,2025-04,0,Premier League,2024,0.639797,0.642963,0.6364582,0.6444694,0.6437162,0.6026526936732268,0.5839364180395974,-0.17499999999999993
1028308336,2025-04,1,Premier League,2024,0.5814351,0.597217,0.5842164,0.60025764,0.59873732,0.5560649153980761,0.5842417068171629,-0.17499999999999993
1028303230,2025-04,0,Premier League,2024,0.55926234,0.48155516,0.5643814,0.4929556,0.48725538,0.4437418465607194,0.5849614092834333,-0.17499999999999993
1028301528,2025-04,1,Premier League,2024,0.6790937,0.6703439,0.67501426,0.66359806,0.66697098,0.6270347952319869,0.5837720591263823,-0.17499999999999993
1028300677,2025-04,1,Premier League,2024,0.673753,0.6629373,0.67226094,0.66048557,0.661711435,0.6215024582749006,0.5838097032604052,-0.17499999999999993
1028304081,2025-04,1,Premier League,2024,0.60456485,0.59687966,0.59850955,0.5932908,0.59508523,0.552314842464902,0.5842659241315622,-0.17499999999999993
1028304932,2025-04,0,Premier League,2024,0.51128376,0.5241455,0.51299304,0.5172904,0.5207179500000001,0.4769960709730206,0.584747849220241,-0.17499999999999993
1028306634,2025-04,0,Premier League,2024,0.5894627,0.5687815,0.5879577,0.56990546,0.56934348,0.5260197417995855,0.5844348027813749,-0.17499999999999993
1028305783,2025-04,0,Premier League,2024,0.48810315,0.3759791,0.4930777,0.39561746,0.38579828,0.34524455778479124,0.5856214920802048,-0.17499999999999993
1028307485,2025-04,1,Premier League,2024,0.6469435,0.6277207,0.64211786,0.6243461,0.6260334000000001,0.584248149170982,0.5840581641446457,-0.17499999999999993
1028313442,2025-04,1,Premier League,2024,0.6868024,0.706954,0.68571365,0.72486246,0.7159082299999999,0.679016273507895,0.5834053476162299,-0.17499999999999993
1028310038,2025-04,1,Premier League,2024,0.5291651,0.57092535,0.527507,0.57079804,0.5708616950000001,0.5275639530620094,0.5844249205429912,-0.17499999999999993
1028311740,2025-04,0,Premier League,2024,0.5573703,0.58697,0.56046164,0.60313195,0.5950509749999999,0.5522796914432915,0.5842661509426343,-0.17499999999999993
1028310889,2025-04,1,Premier League,2024,0.59810185,0.6154011,0.5979993,0.6177014,0.61655125,0.5744267431603733,0.5841224722693372,-0.17499999999999993
1028315995,2025-04,1,Premier League,2024,0.55215025,0.5052203,0.55949223,0.5057865,0.5055034,0.46182804307842834,0.5848449851775697,-0.17499999999999993
1028316846,2025-04,0,Premier League,2024,0.58980936,0.61595184,0.5940083,0.6274034,0.62167762,0.5797324016456564,0.5840877836602987,-0.17499999999999993
1028314293,2025-04,0,Premier League,2024,0.5665008,0.57132196,0.5604345,0.57728577,0.5743038650000001,0.5310681343391321,0.584402482327074,-0.17499999999999993
1028309187,2025-04,1,Premier League,2024,0.6287088,0.6484833,0.62619925,0.65051603,0.649499665,0.6086975352169194,0.5838960263802682,-0.17499999999999993
1028312591,2025-04,1,Premier League,2024,0.67629963,0.68889034,0.67393506,0.69181824,0.69035429,0.651758106597429,0.5836008615108749,-0.17499999999999993
1036406452,2025-04,1,Segunda,2024,0.5489856,0.53126526,0.55212796,0.5244074,0.52783633,0.5365498310543738,0.5373549019248469,0.03499999999999992
1036403048,2025-04,1,Segunda,2024,0.46609506,0.46869117,0.46730822,0.47636756,0.472529365,0.4812604561684034,0.481615611018554,0.03499999999999992
1036407303,2025-04,1,Segunda,2024,0.5903578,0.5958266,0.5909332,0.60103154,0.59842907,0.6068102512591207,0.6081442458655177,0.03499999999999992
1036402197,2025-04,0,Segunda,2024,0.44416255,0.44941822,0.4485356,0.44302368,0.44622094999999995,0.4548851473608563,0.4550225175099186,0.03499999999999992
1036405601,2025-04,1,Segunda,2024,0.47694725,0.47627562,0.47854853,0.4703284,0.47330201,0.4820343309399183,0.48239587040478077,0.03499999999999992
1036409856,2025-04,0,Segunda,2024,0.43315235,0.41399226,0.43135357,0.43092853,0.422460395,0.4310223234248098,0.4309637177469155,0.03499999999999992
1036404750,2025-04,1,Segunda,2024,0.6564358,0.6734935,0.66044784,0.6641245,0.668809,0.6765153053046666,0.6782822365704982,0.03499999999999992
1036401346,2025-04,1,Segunda,2024,0.44178677,0.4294533,0.44121796,0.43076998,0.43011164,0.4387108432297563,0.4387151506253986,0.03499999999999992
1036409005,2025-04,0,Segunda,2024,0.5302843,0.5374769,0.5294112,0.53910685,0.5382918750000001,0.5469780276200419,0.5478655537681832,0.03499999999999992
1036408154,2025-04,0,Segunda,2024,0.4694368,0.42782155,0.46656856,0.4198044,0.42381297500000004,0.4323817932340039,0.43233429142463536,0.03499999999999992
1036403899,2025-04,0,Segunda,2024,0.4599967,0.41399223,0.45141035,0.40614334,0.410067785,0.41856057707595995,0.4184006727501924,0.03499999999999992
1036413260,2025-04,1,Segunda,2024,0.5770159,0.5945296,0.5762054,0.5974261,0.5959778499999999,0.6043763689866751,0.6056933055467699,0.03499999999999992
1036418366,2025-04,1,Segunda,2024,0.46017057,0.45218438,0.4578628,0.4604128,0.45629859,0.4649941591843695,0.4652149805484975,0.03499999999999992
1036415813,2025-04,0,Segunda,2024,0.4845198,0.49651903,0.48285285,0.50533855,0.50092879,0.5096775823168925,0.5102660271659565,0.03499999999999992
1036412409,2025-04,0,Segunda,2024,0.44910306,0.42256537,0.45156592,0.43239126,0.427478315,0.43606515525112144,0.43604778334024563,0.03499999999999992
1036419217,2025-04,0,Segunda,2024,0.48191443,0.48228842,0.47782755,0.48346415,0.482876285,0.4916203702291366,0.4920608898283909,0.03499999999999992
1036410707,2025-04,0,Segunda,2024,0.57780063,0.56887066,0.5767953,0.57732755,0.573099105,0.5816393614510337,0.5827919584989137,0.03499999999999992
1036416664,2025-04,1,Segunda,2024,0.6447219,0.6659926,0.63987386,0.65937096,0.66268178,0.6704604078580059,0.6721946533551258,0.03499999999999992
1036417515,2025-04,1,Segunda,2024,0.492654,0.47461286,0.49670297,0.48185396,0.47823341,0.486972593215482,0.48737484693771765,0.03499999999999992
1036414111,2025-04,1,Segunda,2024,0.511685,0.5350382,0.51141536,0.5325471,0.5337926500000001,0.5424915054899103,0.5433436867601231,0.03499999999999992
1036411558,2025-04,1,Segunda,2024,0.5300368,0.57093537,0.53023183,0.566758,0.568846685,0.5774092828813008,0.5785303911793045,0.03499999999999992
1036414962,2025-04,0,Segunda,2024,0.48808765,0.493225,0.4840815,0.48514938,0.48918719,0.49793551565929595,0.4984279214323435,0.03499999999999992
1036428578,2025-04,1,Segunda,2024,0.49762478,0.5040432,0.4890017,0.50375915,0.503901175,0.5126485550085911,0.5132611895027178,0.03499999999999992
1036426876,2025-04,1,Segunda,2024,0.6758746,0.69864476,0.6720016,0.7013073,0.69997603,0.7072745370926034,0.7091898991757108,0.03499999999999992
1036427727,2025-04,0,Segunda,2024,0.45246735,0.42938647,0.45492968,0.43354455,0.43146551,0.44007087914247395,0.4400863422194473,0.03499999999999992
1036424323,2025-04,1,Segunda,2024,0.52213824,0.5373054,0.5289488,0.5461485,0.54172695,0.5504024544692534,0.5513168179129518,0.03499999999999992
1036425174,2025-04,1,Segunda,2024,0.57817465,0.62777865,0.5761008,0.62907195,0.6284253,0.6365606450704149,0.6380935328829666,0.03499999999999992
1036420068,2025-04,1,Segunda,2024,0.45788723,0.44412708,0.45779037,0.44076043,0.442443755,0.4510943530472186,0.45120047178392103,0.03499999999999992
1036420919,2025-04,1,Segunda,2024,0.46023855,0.46927753,0.46854526,0.4744994,0.47188846500000003,0.4806185043008683,0.48096836217233957,0.03499999999999992
1036421770,2025-04,0,Segunda,2024,0.55250907,0.59404063,0.5501766,0.58381605,0.58892834,0.5973744007818638,0.5986416632169748,0.03499999999999992
1036426025,2025-04,1,Segunda,2024,0.4837076,0.45107183,0.4805326,0.44548368,0.448277755,0.4569489354152224,0.4571033313249549,0.03499999999999992
1036422621,2025-04,0,Segunda,2024,0.5337426,0.5708749,0.53083163,0.57286036,0.57186763,0.5804144855789378,0.5815579920787747,0.03499999999999992
1036423472,2025-04,1,Segunda,2024,0.48021236,0.47421637,0.47585553,0.47891673,0.47656655000000003,0.4853036045568837,0.48569210382688266,0.03499999999999992
1036431131,2025-04,0,Segunda,2024,0.4941547,0.5138542,0.49643773,0.51378804,0.51382112,0.5225593151690491,0.5232522517854429,0.03499999999999992
1036429429,2025-04,1,Segunda,2024,0.5911426,0.5990359,0.5897633,0.600258,0.5996469499999999,0.6080193623337774,0.609361789935295,0.03499999999999992
1036433684,2025-04,1,Segunda,2024,0.59431005,0.6148521,0.5937843,0.6217342,0.61829315,0.6265184908682971,0.6279863385393443,0.03499999999999992
1036437939,2025-04,0,Segunda,2024,0.5218923,0.5345012,0.5200521,0.54218686,0.53834403,0.547030027095621,0.5479179616912324,0.03499999999999992
1036431982,2025-04,1,Segunda,2024,0.4207065,0.43561864,0.41960615,0.4283175,0.43196807000000004,0.4405756950675092,0.440595300742809,0.03499999999999992
1036436237,2025-04,1,Segunda,2024,0.47996187,0.4707392,0.47913057,0.4673019,0.46902055,0.4777455292489822,0.4780716737506049,0.03499999999999992
1036434535,2025-04,1,Segunda,2024,0.61555547,0.6181678,0.61412513,0.62231624,0.6202420200000001,0.6284506014650868,0.629931137261437,0.03499999999999992
1036435386,2025-04,1,Segunda,2024,0.46453157,0.44940287,0.46246186,0.46479636,0.457099615,0.46579737141445837,0.46602482751157287,0.03499999999999992
1036432833,2025-04,0,Segunda,2024,0.6116587,0.63375646,0.60829705,0.6278075,0.63078198,0.6388953763427827,0.6404430562408046,0.03499999999999992
1036437088,2025-04,1,Segunda,2024,0.48154718,0.4825472,0.48307934,0.48470873,0.483627965,0.49237270172254904,0.49281940958238724,0.03499999999999992
1036430280,2025-04,1,Segunda,2024,0.5017754,0.49692026,0.5005167,0.49900526,0.49796276,0.5067123454444401,0.5072765995859843,0.03499999999999992
1041537982,2025-04,0,Serie A,2024,0.48198032,0.5171631,0.47480458,0.5216308,0.51939695,0.5343524836046837,0.5292289710354554,0.06000000000000005
1041540535,2025-04,1,Serie A,2024,0.5307178,0.55322087,0.5301692,0.54946196,0.551341415,0.566133255220071,0.5433735583250231,0.06000000000000005
1041541386,2025-04,1,Serie A,2024,0.54054785,0.5593649,0.5394346,0.5667726,0.56306875,0.5777700482911238,0.5485907844339616,0.06000000000000005
1041539684,2025-04,1,Serie A,2024,0.5802805,0.57141495,0.5794922,0.5818387,0.576626825,0.5912031359647204,0.5546486065857571,0.06000000000000005
1041538833,2025-04,1,Serie A,2024,0.49338403,0.50402606,0.49205217,0.49927616,0.5016511100000001,0.5166449631540133,0.5213874356638012,0.06000000000000005
1041543088,2025-04,1,Serie A,2024,0.46122128,0.42612767,0.46524897,0.4361906,0.431159135,0.44593137574185765,0.4899944555384109,0.06000000000000005
1041537131,2025-04,0,Serie A,2024,0.50935304,0.52029496,0.5118178,0.5151373,0.5177161299999999,0.5326769075354965,0.5284861903681377,0.06000000000000005
1041535429,2025-04,0,Serie A,2024,0.56170845,0.5801943,0.56203395,0.58097637,0.5805853350000001,0.5951210528317908,0.5564236168182769,0.06000000000000005
1041542237,2025-04,1,Serie A,2024,0.52554953,0.5190077,0.5226723,0.52632946,0.5226685799999999,0.5376129390461933,0.5306749529642619,0.06000000000000005
1041536280,2025-04,1,Serie A,2024,0.455026,0.46562743,0.45390028,0.45957628,0.462601855,0.4775469896724326,0.504079127016302,0.06000000000000005
1041550747,2025-04,0,Serie A,2024,0.57150465,0.5568452,0.5696838,0.5690597,0.56295245,0.5776547262653896,0.5485389515818323,0.06000000000000005
1041551598,2025-04,0,Serie A,2024,0.5305983,0.584883,0.53272104,0.5870725,0.5859777500000001,0.6004551923430603,0.5588468014920455,0.06000000000000005
1041547343,2025-04,1,Serie A,2024,0.5251842,0.62246674,0.52813345,0.62518775,0.623827245,0.6377992555178894,0.5760667717885547,0.06000000000000005
1041548194,2025-04,1,Serie A,2024,0.47153467,0.46594778,0.4659397,0.4804252,0.47318649,0.48816295376496815,0.5087845778622531,0.06000000000000005
1041543939,2025-04,0,Serie A,2024,0.5548662,0.54427254,0.55849147,0.54570174,0.54498714,0.5598212189103122,0.5405536221815338,0.06000000000000005
1041546492,2025-04,0,Serie A,2024,0.46309558,0.5129321,0.46404013,0.50704515,0.509988625,0.5249691666485992,0.5250717328787581,0.06000000000000005
1041545641,2025-04,0,Serie A,2024,0.5752199,0.638235,0.57546663,0.6278393,0.63303715,0.6468607272198618,0.5803261648096272,0.06000000000000005
1041544790,2025-04,0,Serie A,2024,0.5592742,0.6340337,0.55314493,0.62779975,0.6309167250000001,0.6447753567261187,0.579342694206664,0.06000000000000005
1041549045,2025-04,1,Serie A,2024,0.5449313,0.5495753,0.5416421,0.56419086,0.55688308,0.5716341686102863,0.5458366476370878,0.06000000000000005
1041549896,2025-04,0,Serie A,2024,0.45955163,0.4599533,0.45690078,0.44939867,0.454675985,0.4695888099869727,0.5005455313773526,0.06000000000000005
1041555853,2025-04,0,Serie A,2024,0.54794276,0.563918,0.5472845,0.55287945,0.558398725,0.5731380333987953,0.5465109864200484,0.06000000000000005
1041557555,2025-04,0,Serie A,2024,0.4555109,0.43886226,0.46031657,0.4391609,0.43901158,0.45383821220708254,0.4935300880706299,0.06000000000000005
1041559257,2025-04,0,Serie A,2024,0.45194873,0.43936142,0.44632444,0.44091922,0.44014032000000003,0.4549741561598984,0.4940372022832783,0.06000000000000005
1041554151,2025-04,1,Serie A,2024,0.45421758,0.49314195,0.45208701,0.48828006,0.490711005,0.5057096879008246,0.5165498935177717,0.06000000000000005
1041552449,2025-04,0,Serie A,2024,0.49556,0.4844233,0.49766082,0.49223456,0.48832893,0.5033267605320808,0.5154957730800542,0.06000000000000005
1041556704,2025-04,0,Serie A,2024,0.6446846,0.6285676,0.6429769,0.6188897,0.62372865,0.6377021957806099,0.5760213413870193,0.06000000000000005
1041560108,2025-04,0,Serie A,2024,0.48458558,0.48210436,0.483941,0.48327404,0.48268920000000004,0.4976822950617354,0.5129985132522759,0.06000000000000005
1041553300,2025-04,1,Serie A,2024,0.53624994,0.53281856,0.54014105,0.5379171,0.53536783,0.5502567153444938,0.5362918949320802,0.06000000000000005
1041555002,2025-04,0,Serie A,2024,0.42906222,0.39550787,0.42436153,0.40005636,0.397782115,0.4122395366969749,0.47478379366182655,0.06000000000000005
1041558406,2025-04,0,Serie A,2024,0.5429499,0.5709041,0.5444312,0.5674962,0.56920015,0.5838476199499859,0.5513264416394009,0.06000000000000005
1041568618,2025-04,0,Serie A,2024,0.5740868,0.5257043,0.57349,0.5416272,0.5336657499999999,0.548563186072418,0.5355385430486469,0.06000000000000005
1041561810,2025-04,0,Serie A,2024,0.514167,0.53206503,0.50773513,0.5197961,0.525930565,0.5408625104062011,0.5321170150541815,0.06000000000000005
1041562661,2025-04,1,Serie A,2024,0.5139619,0.5493238,0.50930417,0.54306793,0.5461958650000001,0.5610222787257345,0.5410897133213711,0.06000000000000005
1041564363,2025-04,0,Serie A,2024,0.5515151,0.58822,0.55402815,0.59823406,0.59322703,0.6076207225316201,0.5621146821013693,0.06000000000000005
1041565214,2025-04,0,Serie A,2024,0.5086924,0.54609954,0.5052263,0.5514182,0.54875887,0.5635684558263775,0.5422269426939855,0.06000000000000005
1041560959,2025-04,1,Serie A,2024,0.465841,0.43663564,0.46271643,0.4280642,0.43234992,0.44713089000378725,0.4905315188066498,0.06000000000000005
1041566916,2025-04,0,Serie A,2024,0.46520004,0.48780927,0.45703468,0.48057565,0.48419246000000005,0.49918719093989633,0.5136643866088212,0.06000000000000005
1041567767,2025-04,0,Serie A,2024,0.4764289,0.46861857,0.4785099,0.474719,0.471668785,0.48664158582299394,0.5081107082913332,0.06000000000000005
1041563512,2025-04,0,Serie A,2024,0.45071977,0.46646672,0.4461847,0.45009574,0.45828123,0.47320969220868825,0.5021540483739889,0.06000000000000005
1041566065,2025-04,1,Serie A,2024,0.5457406,0.56366616,0.5470711,0.56709623,0.5653811950000001,0.5800627150491386,0.5496218292902434,0.06000000000000005
1041842640,2025-05,0,Bundesliga,2024,0.68590933,0.7080406,0.6848287,0.71637547,0.712208035,0.6739559323324612,0.5847867143828693,-0.17999999999999994
1041846044,2025-05,1,Bundesliga,2024,0.7030599,0.7139641,0.69662726,0.71046317,0.712213635,0.6739619359186594,0.584787614304987,-0.17999999999999994
1041846895,2025-05,1,Bundesliga,2024,0.5984332,0.578477,0.59960335,0.5830127,0.5807448500000001,0.5363934795745549,0.5655542222221197,-0.17999999999999994
1041847746,2025-05,0,Bundesliga,2024,0.6298258,0.6306258,0.6229599,0.6235577,0.62709175,0.5841323324052069,0.572006451001861,-0.17999999999999994
1041840938,2025-05,1,Bundesliga,2024,0.6677769,0.6672843,0.6652507,0.6596638,0.66347405,0.6221806888835458,0.5772802442867117,-0.17999999999999994
1041841789,2025-05,0,Bundesliga,2024,0.6794263,0.67052376,0.67606884,0.6601591,0.66534143,0.624147401462397,0.5775574609306626,-0.17999999999999994
1041844342,2025-05,1,Bundesliga,2024,0.61278355,0.61782086,0.6103021,0.6305179,0.62416938,0.5810981936910011,0.5715920308875204,-0.17999999999999994
1041843491,2025-05,1,Bundesliga,2024,0.64141273,0.6575919,0.64136064,0.67027175,0.663931825,0.622662688863615,0.5773481359611351,-0.17999999999999994
1041845193,2025-05,1,Bundesliga,2024,0.67633736,0.6661815,0.6764992,0.65864736,0.66241443,0.6210653079253559,0.5771232572512486,-0.17999999999999994
1041852852,2025-05,1,Bundesliga,2024,0.68086714,0.66117865,0.6782928,0.6781456,0.669662125,0.628703143361706,0.5782016619370695,-0.17999999999999994
1041855405,2025-05,1,Bundesliga,2024,0.65400517,0.63229847,0.64967746,0.6306136,0.631456035,0.5886696038480171,0.572627625895364,-0.17999999999999994
1041854554,2025-05,1,Bundesliga,2024,0.62664425,0.55638456,0.6282884,0.57050574,0.56344515,0.5187801521454164,0.5631971009858961,-0.17999999999999994
1041852001,2025-05,0,Bundesliga,2024,0.6862021,0.70177966,0.67898214,0.697602,0.69969083,0.6605679140819248,0.5827989707650628,-0.17999999999999994
1041853703,2025-05,0,Bundesliga,2024,0.57398665,0.5862176,0.57445794,0.5918933,0.58905545,0.5448942752132382,0.5666947812653222,-0.17999999999999994
1041850299,2025-05,0,Bundesliga,2024,0.4881103,0.52109885,0.49350914,0.5227594,0.521929125,0.4769595310703013,0.5576034682445984,-0.17999999999999994
1041848597,2025-05,1,Bundesliga,2024,0.687026,0.7161384,0.6875485,0.73105687,0.723597635,0.6861923658089595,0.5866381392692043,-0.17999999999999994
1041851150,2025-05,1,Bundesliga,2024,0.5687018,0.5710326,0.56682396,0.56817216,0.5696023800000001,0.5250363090698468,0.5640336500472277,-0.17999999999999994
1041849448,2025-05,0,Bundesliga,2024,0.60072553,0.61350334,0.59941065,0.6053082,0.60940577,0.5658195766865846,0.5695157102423238,-0.17999999999999994
1041861362,2025-05,1,Bundesliga,2024,0.68912476,0.7053802,0.687817,0.6985799,0.70198005,0.6630117287785495,0.583159055785947,-0.17999999999999994
1041862213,2025-05,0,Bundesliga,2024,0.6951938,0.6834567,0.6923183,0.6768368,0.68014675,0.6397884983419652,0.5797818970285658,-0.17999999999999994
1041860511,2025-05,1,Bundesliga,2024,0.61584413,0.58283544,0.612864,0.6016372,0.59223632,0.5481547673057237,0.567132952574937,-0.17999999999999994
1041856256,2025-05,1,Bundesliga,2024,0.68648416,0.6682596,0.68499655,0.6626507,0.66545515,0.6242672145317198,0.5775743660732576,-0.17999999999999994
1041863064,2025-05,0,Bundesliga,2024,0.6379477,0.66540927,0.6363228,0.66116315,0.6632862100000001,0.6219829321993338,0.57725239845061,-0.17999999999999994
1041858809,2025-05,1,Bundesliga,2024,0.61497796,0.59352005,0.61516994,0.611673,0.602596525,0.5588006029396401,0.5685669652244776,-0.17999999999999994
1041859660,2025-05,1,Bundesliga,2024,0.6644456,0.6473716,0.6625911,0.65230125,0.649836425,0.6078587131835098,0.5752764303740452,-0.17999999999999994
1041857958,2025-05,0,Bundesliga,2024,0.6330429,0.5891414,0.6362247,0.5936772,0.5914093,0.5473066815337838,0.5670189381107664,-0.17999999999999994
1041857107,2025-05,0,Bundesliga,2024,0.65291417,0.6734349,0.646759,0.6693245,0.6713796999999999,0.6305161802573955,0.5784588530279778,-0.17999999999999994
1170859346,2025-05,1,Bundesliga,2024,0.4157483,0.40716606,0.41555542,0.40347022,0.40531814,0.36277169894783157,0.5417851606342712,-0.17999999999999994
1170860197,2025-05,1,Bundesliga,2024,0.43858156,0.44584846,0.4355595,0.4394103,0.44262937999999996,0.39879281230746694,0.5469282057133364,-0.17999999999999994
1028687031,2025-05,0,La Liga,2024,0.43352914,0.41664925,0.42612273,0.4046236,0.410636425,0.4535505549427956,0.4540133934726959,0.17500000000000004
1028683627,2025-05,0,La Liga,2024,0.46049112,0.47457328,0.46379185,0.47710013,0.47583670499999997,0.5195578838294338,0.5199564072151588,0.17500000000000004
1028687882,2025-05,1,La Liga,2024,0.6083824,0.5959652,0.6058837,0.60172343,0.598844315,0.6400663334933557,0.6403168832658748,0.17500000000000004
1028682776,2025-05,1,La Liga,2024,0.5750949,0.559827,0.57062036,0.5501019,0.5549644499999999,0.5976660988215405,0.5979718722280504,0.17500000000000004
1028685329,2025-05,1,La Liga,2024,0.43073487,0.3698924,0.42681575,0.362737,0.3663147,0.4078019075025031,0.4082990922080652,0.17500000000000004
1028686180,2025-05,1,La Liga,2024,0.7005016,0.696075,0.6938493,0.6878973,0.69198615,0.727984595977168,0.7281171504478688,0.17500000000000004
1028688733,2025-05,1,La Liga,2024,0.49650034,0.50548303,0.49107772,0.5077942,0.506638615,0.5502191082453208,0.550582985955923,0.17500000000000004
1032215277,2025-05,1,La Liga,2024,0.46455464,0.47717467,0.46289936,0.47315678,0.475165725,0.5188862831534202,0.5192855353056337,0.17500000000000004
1028684478,2025-05,0,La Liga,2024,0.4631216,0.45658892,0.46238756,0.4465231,0.45155601,0.4951537164404917,0.4955778052400048,0.17500000000000004
1028681925,2025-05,0,La Liga,2024,0.48870438,0.50941354,0.48318738,0.51500654,0.51221004,0.5557299488564647,0.5560873346067148,0.17500000000000004
1028694690,2025-05,0,La Liga,2024,0.557638,0.5567711,0.55706024,0.5461758,0.55147345,0.5942651707913452,0.5945752589498329,0.17500000000000004
1028695541,2025-05,0,La Liga,2024,0.480848,0.4892703,0.47345895,0.49463168,0.49195099,0.5356397508346662,0.5360204271862002,0.17500000000000004
1028692137,2025-05,1,La Liga,2024,0.5583807,0.579729,0.5567736,0.58168536,0.5807071800000001,0.6226184405289977,0.6228919983704044,0.17500000000000004
1028692988,2025-05,0,La Liga,2024,0.6664722,0.6842412,0.6643443,0.6859159,0.6850785500000001,0.7215594619660377,0.7217005695844584,0.17500000000000004
1028693839,2025-05,1,La Liga,2024,0.47428054,0.49776787,0.47256264,0.50208145,0.49992466,0.5435639201442231,0.5439355356417356,0.17500000000000004
1028689584,2025-05,0,La Liga,2024,0.5297937,0.5553959,0.52971977,0.5605909,0.5579934,0.6006135736786203,0.6009155916299742,0.17500000000000004
1032216128,2025-05,1,La Liga,2024,0.4670035,0.50413686,0.4654364,0.51006925,0.507103055,0.5506789068803448,0.5510422458194016,0.17500000000000004
1028690435,2025-05,1,La Liga,2024,0.6925961,0.70096314,0.6947528,0.71081555,0.705889345,0.7408713651737762,0.7409868984560393,0.17500000000000004
1028696392,2025-05,0,La Liga,2024,0.48906723,0.49129567,0.48579034,0.48170328,0.486499475,0.5302093530169303,0.530596139097754,0.17500000000000004
1028691286,2025-05,1,La Liga,2024,0.5677047,0.56906426,0.56903666,0.5773177,0.57319098,0.6153558995132771,0.6156389272201165,0.17500000000000004
1028701498,2025-05,0,La Liga,2024,0.5446223,0.5442856,0.5542787,0.53951675,0.541901175,0.5849187622419934,0.5852406008306306,0.17500000000000004
1028700647,2025-05,0,La Liga,2024,0.5644855,0.5627583,0.5708993,0.5596388,0.5611985500000001,0.6037291508393192,0.6040271835287645,0.17500000000000004
1028703200,2025-05,0,La Liga,2024,0.5022317,0.52577305,0.5035001,0.52422327,0.52499816,0.568338648296216,0.5686809078340338,0.17500000000000004
1028704051,2025-05,0,La Liga,2024,0.5885304,0.58687353,0.5882305,0.59724027,0.5920569,0.6335495831168682,0.6338087648048987,0.17500000000000004
1028697243,2025-05,0,La Liga,2024,0.48653883,0.52565306,0.48651433,0.5261614,0.5259072300000001,0.569232830452243,0.569574003502438,0.17500000000000004
1028702349,2025-05,1,La Liga,2024,0.56564724,0.547279,0.56174767,0.53351575,0.540397375,0.5834476268194879,0.583771299942637,0.17500000000000004
1028699796,2025-05,1,La Liga,2024,0.5378823,0.53577936,0.54334074,0.55051565,0.5431475050000001,0.5861374393350616,0.5864577550433837,0.17500000000000004
1028698945,2025-05,0,La Liga,2024,0.50628036,0.49298304,0.5105979,0.47956473,0.486273885,0.5299844136495651,0.53037145101395,0.17500000000000004
1032216979,2025-05,0,La Liga,2024,0.5860715,0.59939504,0.58539444,0.59209394,0.59574449,0.6370920057842373,0.6373465004785913,0.17500000000000004
1028698094,2025-05,0,La Liga,2024,0.39544624,0.37405744,0.398429,0.36915636,0.3716069,0.4133025566183159,0.41379612043263475,0.17500000000000004
1028705753,2025-05,1,La Liga,2024,0.70168245,0.7127618,0.70876795,0.7099302,0.711346,0.7459126148026188,0.7460215478592243,0.17500000000000004
1032217830,2025-05,0,La Liga,2024,0.49385738,0.51171666,0.49671564,0.5048953,0.50830598,0.551869464384722,0.5522314058178902,0.17500000000000004
1028706604,2025-05,1,La Liga,2024,0.6040618,0.6160353,0.6080402,0.616697,0.61636615,0.6568194785723968,0.6570476697335135,0.17500000000000004
1028710859,2025-05,0,La Liga,2024,0.45749044,0.46885777,0.45853692,0.4510278,0.45994278499999997,0.5036066908583338,0.5040221433314556,0.17500000000000004
1028707455,2025-05,0,La Liga,2024,0.49378714,0.5400961,0.49477848,0.52784187,0.533968985,0.5771502140815957,0.5774816916805902,0.17500000000000004
1028711710,2025-05,0,La Liga,2024,0.6233552,0.6559946,0.6224487,0.6397771,0.64788585,0.6867049037271279,0.6868928567465195,0.17500000000000004
1028710008,2025-05,0,La Liga,2024,0.63168037,0.6667579,0.6387399,0.6758131,0.6712855,0.7086847840171263,0.7088431296786292,0.17500000000000004
1028709157,2025-05,1,La Liga,2024,0.5387948,0.56888443,0.54510677,0.5568953,0.562889865,0.6053718095318072,0.6056677347435794,0.17500000000000004
1028708306,2025-05,1,La Liga,2024,0.46739382,0.4423077,0.46164638,0.44010654,0.44120712,0.48468867357977824,0.4851231142160894,0.17500000000000004
1028704902,2025-05,1,La Liga,2024,0.5929706,0.62205994,0.5939754,0.61824906,0.6201544999999999,0.6604284352604127,0.6606517847592219,0.17500000000000004
1028713412,2025-05,1,La Liga,2024,0.6714239,0.6923952,0.6721163,0.681857,0.6871261,0.7234655640517587,0.7236041302892927,0.17500000000000004
1028714263,2025-05,0,La Liga,2024,0.6767828,0.70561886,0.6744029,0.70341897,0.704518915,0.7396038067491186,0.7397210051654572,0.17500000000000004
1028715965,2025-05,0,La Liga,2024,0.50178736,0.5625581,0.50332654,0.55362934,0.55809372,0.6007111424018616,0.6010130357899665,0.17500000000000004
1032218681,2025-05,0,La Liga,2024,0.5179583,0.5711694,0.52303314,0.5740761,0.5726227500000001,0.6148060811992173,0.6150898229348308,0.17500000000000004
1028715114,2025-05,1,La Liga,2024,0.4681333,0.4719084,0.4758126,0.47979522,0.47585181,0.5195730009836946,0.5199715079497856,0.17500000000000004
1028718518,2025-05,0,La Liga,2024,0.4583377,0.4781352,0.46274367,0.49056643,0.484350815,0.5280661688942979,0.5284553432748927,0.17500000000000004
1028717667,2025-05,1,La Liga,2024,0.4940606,0.4768165,0.4975912,0.46288848,0.46985248999999996,0.513562548671681,0.513967528832043,0.17500000000000004
1028716816,2025-05,0,La Liga,2024,0.61311585,0.56207097,0.6182521,0.56344426,0.562757615,0.6052433987200432,0.6055394888324092,0.17500000000000004
1028719369,2025-05,1,La Liga,2024,0.63290113,0.62566173,0.63751423,0.6320925,0.628877115,0.6687202524643716,0.6689324535803941,0.17500000000000004
1028712561,2025-05,0,La Liga,2024,0.6558996,0.6912304,0.6602971,0.6722637,0.68174705,0.7184552846872708,0.7186005376131035,0.17500000000000004
1033138612,2025-05,0,Ligue 1,2024,0.5517777,0.5427351,0.5547741,0.5461074,0.5444212500000001,0.5444212500000001,0.578807519154853,0.0
1033142867,2025-05,1,Ligue 1,2024,0.6761941,0.6953579,0.67701477,0.6869322,0.69114505,0.69114505,0.56539194614697,0.0
1033142016,2025-05,1,Ligue 1,2024,0.58088404,0.5971196,0.5782687,0.59253967,0.594829635,0.594829635,0.5744179342994445,0.0
1033140314,2025-05,1,Ligue 1,2024,0.65323716,0.6388758,0.6498915,0.63267,0.6357729,0.6357729,0.5707169895145804,0.0
1033141165,2025-05,0,Ligue 1,2024,0.56028235,0.58587384,0.56150043,0.5771195,0.5814966699999999,0.5814966699999999,0.5755931597311916,0.0
1033143718,2025-05,1,Ligue 1,2024,0.60355216,0.6191029,0.6026107,0.62437004,0.62173647,0.62173647,0.5720037219963082,0.0
1033136910,2025-05,1,Ligue 1,2024,0.6554462,0.64903724,0.6523484,0.6527356,0.65088642,0.65088642,0.5693064459909897,0.0
1033139463,2025-05,0,Ligue 1,2024,0.56751966,0.56649446,0.5683441,0.5782296,0.5723620300000001,0.5723620300000001,0.5763916914519798,0.0
1033137761,2025-05,1,Ligue 1,2024,0.6166309,0.6138646,0.6131244,0.6091467,0.61150565,0.61150565,0.5729291360069362,0.0
1033146271,2025-05,1,Ligue 1,2024,0.5091707,0.47494525,0.51709294,0.47118276,0.473064005,0.473064005,0.5848866438749809,0.0
1033148824,2025-05,1,Ligue 1,2024,0.59205693,0.55951715,0.59171903,0.56047875,0.5599979500000001,0.5599979500000001,0.5774651613006203,0.0
1033145420,2025-05,1,Ligue 1,2024,0.5869485,0.5840332,0.58379567,0.5898549,0.58694405,0.58694405,0.5751144775080796,0.0
1033147122,2025-05,1,Ligue 1,2024,0.57995826,0.5534913,0.5763838,0.54773825,0.550614775,0.550614775,0.5782749625593248,0.0
1033151377,2025-05,0,Ligue 1,2024,0.67364764,0.67129624,0.6737276,0.6710947,0.67119547,0.67119547,0.5673633485308844,0.0
1033150526,2025-05,0,Ligue 1,2024,0.55772525,0.5583483,0.5597197,0.5516567,0.5550025000000001,0.5550025000000001,0.5778967613323951,0.0
1033149675,2025-05,1,Ligue 1,2024,0.62889916,0.6475777,0.6256186,0.64737993,0.647478815,0.647478815,0.5696269336458172,0.0
1033147973,2025-05,0,Ligue 1,2024,0.5779172,0.5442878,0.5773635,0.5480935,0.54619065,0.54619065,0.5786555219868267,0.0
1033144569,2025-05,0,Ligue 1,2024,0.66320896,0.6662668,0.6604724,0.67132676,0.6687967800000001,0.6687967800000001,0.5675959826790397,0.0
1033156483,2025-05,1,Ligue 1,2024,0.65714175,0.67171746,0.6532427,0.6621829,0.66695018,0.66695018,0.5677744735427263,0.0
1033153079,2025-05,0,Ligue 1,2024,0.58499306,0.6199624,0.5843774,0.6180139,0.6189881500000001,0.6189881500000001,0.5722532925593223,0.0
1033158185,2025-05,0,Ligue 1,2024,0.64029425,0.63205326,0.6353971,0.62680715,0.629430205,0.629430205,0.5713010232143105,0.0
1033155632,2025-05,1,Ligue 1,2024,0.5178095,0.54090154,0.51622576,0.54240054,0.5416510400000001,0.5416510400000001,0.5790452672409626,0.0
1033153930,2025-05,0,Ligue 1,2024,0.6338964,0.6325598,0.62657607,0.63426346,0.63341163,0.63341163,0.5709349329758973,0.0
1033157334,2025-05,0,Ligue 1,2024,0.6041707,0.6067384,0.60413945,0.6017042,0.6042213000000001,0.6042213000000001,0.5735822748931302,0.0
1033154781,2025-05,1,Ligue 1,2024,0.6671998,0.64748806,0.6676313,0.6497048,0.64859643,0.64859643,0.5695219849652561,0.0
1033159036,2025-05,1,Ligue 1,2024,0.6171953,0.62769455,0.61542016,0.63113296,0.629413755,0.629413755,0.5713025322308845,0.0
1033152228,2025-05,1,Ligue 1,2024,0.66963816,0.6896074,0.6699327,0.6857128,0.6876601,0.6876601,0.5657413024432059,0.0
1170855942,2025-05,1,Ligue 1,2024,0.40515366,0.39465886,0.40568453,0.4193627,0.40701078,0.40701078,0.590570096044297,0.0
1170856793,2025-05,1,Ligue 1,2024,0.39924672,0.37868178,0.40419394,0.38793483,0.383308305,0.383308305,0.5926638281864826,0.0
1028315144,2025-05,0,Premier League,2024,0.6334841,0.6222473,0.6317698,0.6182088,0.6202280499999999,0.5831009671890791,0.58301039567785,-0.15500000000000003
1028324505,2025-05,0,Premier League,2024,0.58035934,0.5885536,0.581633,0.6095358,0.5990447,0.5613114640630917,0.579866895383743,-0.15500000000000003
1028318548,2025-05,0,Premier League,2024,0.6272217,0.6237165,0.62068784,0.63083684,0.62727667,0.5903835802542131,0.584069374267837,-0.15500000000000003
1028322803,2025-05,1,Premier League,2024,0.5154649,0.5023142,0.5146154,0.51042205,0.5063681250000001,0.4676636656606359,0.5665218150060526,-0.15500000000000003
1028323654,2025-05,0,Premier League,2024,0.61132824,0.6104145,0.61225677,0.6197045,0.6150595,0.5777711118982095,0.582238250749654,-0.15500000000000003
1028317697,2025-05,1,Premier League,2024,0.6375205,0.65710515,0.62903017,0.6598156,0.658460375,0.6227978272309409,0.5888507523382622,-0.15500000000000003
1028320250,2025-05,1,Premier League,2024,0.65918,0.6431074,0.65676594,0.64115447,0.642130935,0.6057841308096148,0.5863258918225926,-0.15500000000000003
1028325356,2025-05,1,Premier League,2024,0.67565787,0.6518375,0.6763759,0.6583683,0.6551028999999999,0.6192924710434118,0.5883274803826652,-0.15500000000000003
1028319399,2025-05,1,Premier League,2024,0.6507293,0.667194,0.64961255,0.67396104,0.6705775199999999,0.635479780242376,0.5907587343061874,-0.15500000000000003
1028321101,2025-05,1,Premier League,2024,0.6839072,0.7222115,0.6877941,0.7185358,0.72037365,0.6881137859408484,0.5989933169126722,-0.15500000000000003
1028321952,2025-05,1,Premier League,2024,0.5726715,0.57816374,0.5676443,0.5694773,0.57382052,0.535553916604148,0.5761855567892988,-0.15500000000000003
1028332164,2025-05,0,Premier League,2024,0.4700107,0.4709269,0.48065853,0.4650928,0.46800984999999995,0.42968520247461356,0.5610410151914852,-0.15500000000000003
1028327058,2025-05,1,Premier League,2024,0.52208436,0.5363037,0.52475184,0.53491133,0.535607515,0.49691793333424655,0.5706925942394645,-0.15500000000000003
1028333866,2025-05,0,Premier League,2024,0.645366,0.66792643,0.64729667,0.6571843,0.662555365,0.6270782384004223,0.5894920608073848,-0.15500000000000003
1028327909,2025-05,0,Premier League,2024,0.6259891,0.58790267,0.62629217,0.57880116,0.5833519149999999,0.5452629182197574,0.5775699500357426,-0.15500000000000003
1028326207,2025-05,0,Premier League,2024,0.6846918,0.7078946,0.6878317,0.71086603,0.709380315,0.6764218601886248,0.5971121369053276,-0.15500000000000003
1028330462,2025-05,0,Premier League,2024,0.6758539,0.68781126,0.67785966,0.6876863,0.68774878,0.6535352906892065,0.5935204034352956,-0.15500000000000003
1028331313,2025-05,1,Premier League,2024,0.5374872,0.57460773,0.5420802,0.5711257,0.572866715,0.5345839323677729,0.576047410580446,-0.15500000000000003
1028333015,2025-05,0,Premier League,2024,0.65680915,0.66867995,0.6561497,0.6678767,0.668278325,0.6330696621449661,0.5903942560129519,-0.15500000000000003
1028329611,2025-05,0,Premier League,2024,0.63943875,0.66285974,0.638284,0.65711665,0.6599881949999999,0.6243941766399856,0.5890896176907955,-0.15500000000000003
1028328760,2025-05,1,Premier League,2024,0.6231254,0.6348051,0.6340045,0.64542544,0.64011527,0.603690094723007,0.5860175780492849,-0.15500000000000003
1028335568,2025-05,0,Premier League,2024,0.67493033,0.72688806,0.6743001,0.7200818,0.7234849299999999,0.691430255935067,0.5995333060496404,-0.15500000000000003
1028338121,2025-05,0,Premier League,2024,0.61251014,0.6445348,0.6178231,0.6368722,0.6407035,0.604301057758379,0.586107481328797,-0.15500000000000003
1028339823,2025-05,0,Premier League,2024,0.4775141,0.47401422,0.48521534,0.4800903,0.47705226,0.4385976206868044,0.562336888754281,-0.15500000000000003
1028342376,2025-05,1,Premier League,2024,0.56301224,0.5635263,0.5671619,0.57674515,0.5701357250000001,0.5318082174766888,0.5756522268550116,-0.15500000000000003
1028336419,2025-05,1,Premier League,2024,0.68523073,0.6948917,0.68328303,0.70062226,0.6977569800000001,0.664104514111241,0.5951652677929906,-0.15500000000000003
1028340674,2025-05,0,Premier League,2024,0.61715543,0.64261675,0.6199311,0.6443749,0.643495825,0.607202847447923,0.5865350614605109,-0.15500000000000003
1028334717,2025-05,0,Premier League,2024,0.6218828,0.6656061,0.6245942,0.6652746,0.66544035,0.6300971971231019,0.58994598042496,-0.15500000000000003
1028337270,2025-05,1,Premier League,2024,0.6905425,0.71289444,0.69152707,0.71212804,0.71251124,0.6797475577099532,0.5976437827363176,-0.15500000000000003
1028338972,2025-05,1,Premier League,2024,0.5798138,0.5840182,0.5826055,0.58231527,0.583166735,0.5450740113320904,0.577542982252218,-0.15500000000000003
1028341525,2025-05,1,Premier League,2024,0.6503006,0.68330735,0.6438247,0.68070686,0.6820071050000001,0.6474869590905759,0.5925888624892236,-0.15500000000000003
1028346631,2025-05,0,Premier League,2024,0.59422463,0.5375104,0.5874715,0.54609096,0.54180068,0.50314843308059,0.5715782465832178,-0.15500000000000003
1028343227,2025-05,0,Premier League,2024,0.59834063,0.64075166,0.6018523,0.63809925,0.639425455,0.6029737655523405,0.5859122234334274,-0.15500000000000003
1028349184,2025-05,1,Premier League,2024,0.51060945,0.47712725,0.51838243,0.48118466,0.47915595499999997,0.44067463695713144,0.5626379092382515,-0.15500000000000003
1028350886,2025-05,1,Premier League,2024,0.6691879,0.6758987,0.66654027,0.66547835,0.670688525,0.6355961851627734,0.590776361366238,-0.15500000000000003
1028348333,2025-05,0,Premier League,2024,0.7016747,0.7504085,0.6981234,0.7451492,0.74777885,0.717440525879852,0.6038790465861607,-0.15500000000000003
1028347482,2025-05,0,Premier League,2024,0.5929144,0.6192005,0.59204423,0.6230298,0.6211151500000001,0.5840166259830015,0.5831432858727911,-0.15500000000000003
1028344078,2025-05,0,Premier League,2024,0.61270154,0.6024934,0.61098874,0.6014008,0.6019471,0.5642883372889458,0.5802944556356823,-0.15500000000000003
1028345780,2025-05,1,Premier League,2024,0.6720792,0.6732336,0.6757915,0.68185306,0.67754333,0.6427924116320067,0.5918703924688786,-0.15500000000000003
1028350035,2025-05,1,Premier League,2024,0.6607418,0.62959975,0.6624773,0.6155715,0.622585625,0.5855350048584179,0.583363808632188,-0.15500000000000003
1028344929,2025-05,1,Premier League,2024,0.6703361,0.69049037,0.672722,0.6887814,0.689635885,0.6555256007166532,0.5938284526559704,-0.15500000000000003
1036446449,2025-05,1,Segunda,2024,0.53238165,0.5627211,0.5379531,0.5586603,0.5606907,0.5827239776947741,0.5888514742316221,0.09000000000000008
1036443896,2025-05,1,Segunda,2024,0.48100585,0.5169555,0.47723326,0.4978717,0.5074136,0.529878502583468,0.530809346890638,0.09000000000000008
1036447300,2025-05,0,Segunda,2024,0.50555587,0.53632873,0.51469463,0.53708935,0.5367090400000001,0.5589990743135218,0.5628235752501144,0.09000000000000008
1036442194,2025-05,0,Segunda,2024,0.44018927,0.44233608,0.43968016,0.429213,0.43577454000000004,0.4580168536449085,0.45177401213350754,0.09000000000000008
1036439641,2025-05,0,Segunda,2024,0.43069023,0.4321538,0.4327228,0.42737612,0.42976496,0.45194623442739756,0.44511093420101205,0.09000000000000008
1036444747,2025-05,1,Segunda,2024,0.5461975,0.53967464,0.5503831,0.54938644,0.54453054,0.5667480358671693,0.571331558783886,0.09000000000000008
1036443045,2025-05,1,Segunda,2024,0.4502604,0.4493472,0.45013937,0.43369526,0.44152123,0.4638157422556604,0.4581422203599396,0.09000000000000008
1036438790,2025-05,0,Segunda,2024,0.56457907,0.58247983,0.5625819,0.5795596,0.581019715,0.6027557732294625,0.610769349769937,0.09000000000000008
1036440492,2025-05,0,Segunda,2024,0.5437024,0.54596096,0.54647475,0.55668896,0.5513249600000001,0.5734706347222517,0.578707569764761,0.09000000000000008
1036445598,2025-05,1,Segunda,2024,0.49270615,0.45170674,0.49298674,0.43385664,0.44278169,0.46508684559989666,0.45953852193083305,0.09000000000000008
1036441343,2025-05,1,Segunda,2024,0.58220583,0.6011764,0.5872238,0.59678096,0.5989786800000001,0.6203917684668621,0.6300083500991323,0.09000000000000008
1036451555,2025-05,1,Segunda,2024,0.6040946,0.63518935,0.6061369,0.63735735,0.63627335,0.6568359417969255,0.6695457966619981,0.09000000000000008
1036453257,2025-05,1,Segunda,2024,0.60029346,0.63943386,0.6011001,0.6398522,0.63964303,0.6601168834064972,0.6730881541577537,0.09000000000000008
1036454108,2025-05,1,Segunda,2024,0.5348244,0.55995685,0.5411817,0.549206,0.554581425,0.5766897785101542,0.5822377527296382,0.09000000000000008
1036449002,2025-05,1,Segunda,2024,0.5144974,0.5583811,0.52038014,0.5460448,0.5522129499999999,0.574348633894726,0.5796705265121642,0.09000000000000008
1036449853,2025-05,1,Segunda,2024,0.5335706,0.5316426,0.5351061,0.5285568,0.5300997000000001,0.5524425551424471,0.5556205660133634,0.09000000000000008
1036452406,2025-05,1,Segunda,2024,0.4952329,0.52052224,0.5017618,0.5389104,0.52971632,0.5520620005054988,0.5552023797467818,0.09000000000000008
1036456661,2025-05,1,Segunda,2024,0.55123293,0.5999324,0.5546831,0.6037377,0.60183505,0.6231915665564747,0.6330569170780953,0.09000000000000008
1036448151,2025-05,1,Segunda,2024,0.605739,0.61958706,0.60539734,0.6195004,0.61954373,0.6405177529763987,0.6518833220089103,0.09000000000000008
1036450704,2025-05,0,Segunda,2024,0.5181589,0.5267558,0.5198517,0.5214982,0.524127,0.5465108977496579,0.54910113215704,0.09000000000000008
1036455810,2025-05,0,Segunda,2024,0.47426596,0.49274626,0.4738229,0.47876796,0.48575711,0.5082525062154949,0.5070123297495922,0.09000000000000008
1036454959,2025-05,0,Segunda,2024,0.533998,0.5642826,0.53251517,0.56174964,0.56301612,0.5850190884238908,0.5913657332880466,0.09000000000000008
1036463469,2025-05,0,Segunda,2024,0.63037014,0.6125145,0.63167787,0.5915195,0.602017,0.6233698646484017,0.6332510006923984,0.09000000000000008
1036464320,2025-05,0,Segunda,2024,0.47255936,0.4872287,0.46909013,0.47789,0.48255935,0.50505209951428,0.5034903699963241,0.09000000000000008
1036460916,2025-05,1,Segunda,2024,0.60101473,0.610045,0.6002362,0.6179707,0.6140078499999999,0.6351073132968499,0.6460119894663412,0.09000000000000008
1036458363,2025-05,0,Segunda,2024,0.46478453,0.5035826,0.46976215,0.4917822,0.49768239999999997,0.5201714293915066,0.5201287163736473,0.09000000000000008
1036466022,2025-05,1,Segunda,2024,0.4740159,0.49230343,0.47738495,0.49209905,0.49220124,0.5146963730484309,0.5141037126557091,0.09000000000000008
1036461767,2025-05,1,Segunda,2024,0.5015687,0.51221514,0.50132096,0.5017566,0.5069858700000001,0.5294521898556869,0.5303403355695174,0.09000000000000008
1036465171,2025-05,0,Segunda,2024,0.4166999,0.40788335,0.41609335,0.4095989,0.408741125,0.4306567974791718,0.421778393411242,0.09000000000000008
1036459214,2025-05,1,Segunda,2024,0.6044241,0.6091582,0.59935606,0.59560835,0.602383275,0.6237287706278105,0.6336416614093923,0.09000000000000008
1036462618,2025-05,0,Segunda,2024,0.52153087,0.5414418,0.5208494,0.535044,0.5382429,0.5605195653487485,0.5644934558347826,0.09000000000000008
1036457512,2025-05,0,Segunda,2024,0.7281312,0.7480819,0.72880656,0.75860107,0.753341485,0.7696815204467389,0.7890770898122016,0.09000000000000008
1036460065,2025-05,1,Segunda,2024,0.56806713,0.5970843,0.56944555,0.5851048,0.59109455,0.6126563832982604,0.6215772476513228,0.09000000000000008
1036466873,2025-05,0,Segunda,2024,0.6061758,0.58416003,0.6036505,0.59107655,0.58761829,0.609242250073804,0.6178522976172307,0.09000000000000008
1036471128,2025-05,0,Segunda,2024,0.5754673,0.58914006,0.580083,0.5933665,0.59125328,0.6128122259677229,0.6217472245453362,0.09000000000000008
1036471979,2025-05,1,Segunda,2024,0.501188,0.54717195,0.5005499,0.5382343,0.5427031250000001,0.5649385410427907,0.5693453530082238,0.09000000000000008
1036470277,2025-05,1,Segunda,2024,0.6973832,0.68712807,0.7003299,0.69943696,0.6932825149999999,0.7120805956267326,0.728721830526407,0.09000000000000008
1036467724,2025-05,1,Segunda,2024,0.5187786,0.5247347,0.51859033,0.51529646,0.5200155799999999,0.5424240335879664,0.5446079053015179,0.09000000000000008
1036475383,2025-05,0,Segunda,2024,0.41118622,0.40091053,0.4105234,0.39523178,0.398071155,0.41982094561631467,0.40992750642469516,0.09000000000000008
1036474532,2025-05,0,Segunda,2024,0.562538,0.58161837,0.5695447,0.5903164,0.585967385,0.6076201076543704,0.6160817077021189,0.09000000000000008
1036468575,2025-05,0,Segunda,2024,0.5069086,0.5218741,0.5092525,0.5141375,0.5180058000000001,0.5404251591154672,0.5424099129081436,0.09000000000000008
1036472830,2025-05,1,Segunda,2024,0.67151314,0.66998416,0.67090595,0.6683783,0.66918123,0.6887933671282558,0.7039072835862837,0.09000000000000008
1036469426,2025-05,0,Segunda,2024,0.48059112,0.488483,0.4754581,0.4910322,0.4897576,0.5122537128419519,0.5114156087213206,0.09000000000000008
1036473681,2025-05,1,Segunda,2024,0.48468533,0.49935633,0.48802716,0.50080955,0.50008294,0.5225675964473369,0.5227654222853295,0.09000000000000008
1036477936,2025-05,1,Segunda,2024,0.67874944,0.70748055,0.67874104,0.7019003,0.704690425,0.7230686204277202,0.7403551522966967,0.09000000000000008
1036479638,2025-05,0,Segunda,2024,0.4642995,0.4361918,0.47235575,0.43517035,0.435681075,0.45792248985158535,0.45167041022908755,0.09000000000000008
1036481340,2025-05,1,Segunda,2024,0.49394244,0.5155094,0.49462742,0.5099351,0.5127222499999999,0.5351668358344827,0.5366267657238076,0.09000000000000008
1041577128,2025-05,1,Serie A,2024,0.46706122,0.46538758,0.4684646,0.48176146,0.47357452,0.46734641654242415,0.4942002588626027,-0.025000000000000022
1041575426,2025-05,0,Serie A,2024,0.6118947,0.63453805,0.6083144,0.6295536,0.6320458250000001,0.6262127755533311,0.5439086451985403,-0.025000000000000022
1041570320,2025-05,1,Serie A,2024,0.47895107,0.50536454,0.48071653,0.5060266,0.50569557,0.4994458165948398,0.5041044621483322,-0.025000000000000022
1041573724,2025-05,0,Serie A,2024,0.45714372,0.44981652,0.45684195,0.4330403,0.44142841,0.43527350890189476,0.4842249873372456,-0.025000000000000022
1041572873,2025-05,0,Serie A,2024,0.47173828,0.44600448,0.47309732,0.456381,0.45119274,0.4450101595919958,0.4872662087964156,-0.025000000000000022
1041571171,2025-05,0,Serie A,2024,0.4793891,0.43011683,0.48279685,0.43465614,0.432386485,0.42626144707792074,0.48139725306962616,-0.025000000000000022
1041574575,2025-05,0,Serie A,2024,0.43090802,0.37762016,0.42989987,0.3731734,0.37539678,0.3695534358858331,0.46319875422448575,-0.025000000000000022
1041576277,2025-05,0,Serie A,2024,0.53716356,0.54680157,0.5328026,0.5553142,0.551057885,0.5448654759257034,0.5181282353666841,-0.025000000000000022
1041569469,2025-05,1,Serie A,2024,0.48077583,0.505491,0.48296818,0.49841896,0.50195498,0.4957050956001167,0.502951925938183,-0.025000000000000022
1041572022,2025-05,1,Serie A,2024,0.5395968,0.53401643,0.5383636,0.5316496,0.532833015,0.5266051775680083,0.5124778422296916,-0.025000000000000022
1041582234,2025-05,1,Serie A,2024,0.5605544,0.5445156,0.5605871,0.548982,0.5467488,0.5405465105503543,0.5167893569125275,-0.025000000000000022
1041578830,2025-05,1,Serie A,2024,0.5320771,0.5693419,0.53123975,0.5613262,0.5653340499999999,0.5591810338819185,0.522580207130423,-0.025000000000000022
1041581383,2025-05,1,Serie A,2024,0.54598665,0.59230435,0.55402124,0.5903369,0.591320625,0.5852656030665166,0.5307669565969763,-0.025000000000000022
1041579681,2025-05,1,Serie A,2024,0.5323647,0.5424491,0.5368298,0.54384714,0.54314812,0.5369382888683529,0.5156720788960784,-0.025000000000000022
1041584787,2025-05,1,Serie A,2024,0.52863896,0.56306696,0.528679,0.5598442,0.5614555800000001,0.5552908493567744,0.5213680188882819,-0.025000000000000022
1041580532,2025-05,1,Serie A,2024,0.44000673,0.40383235,0.44135824,0.3936704,0.398751375,0.3927731007679627,0.470749901334936,-0.025000000000000022
1041583936,2025-05,0,Serie A,2024,0.481427,0.47805706,0.4823051,0.47216588,0.47511147,0.4688811570484952,0.4946750036488884,-0.025000000000000022
1041583085,2025-05,1,Serie A,2024,0.5145508,0.58719295,0.5085531,0.57637125,0.5817821000000001,0.5756871638212948,0.5277475136903829,-0.025000000000000022
1041585638,2025-05,1,Serie A,2024,0.5109993,0.4993146,0.51835567,0.49682766,0.49807113000000003,0.49182184984466326,0.5017552855869689,-0.025000000000000022
1041577979,2025-05,1,Serie A,2024,0.5847379,0.5616598,0.58369064,0.57028455,0.565972175,0.5598211586607941,0.5227798589515653,-0.025000000000000022
1041588191,2025-05,1,Serie A,2024,0.55902463,0.56542706,0.5634297,0.56736535,0.566396205,0.5602465288142405,0.5229125600994576,-0.025000000000000022
1041594148,2025-05,1,Serie A,2024,0.6527179,0.6552739,0.65001047,0.64767444,0.65147417,0.6457765011132877,0.550361250617201,-0.025000000000000022
1041590744,2025-05,0,Serie A,2024,0.47102538,0.45634818,0.47032768,0.44599828,0.45117323,0.44499070016418174,0.48726014361311104,-0.025000000000000022
1041589042,2025-05,1,Serie A,2024,0.4640296,0.435959,0.46670738,0.41660666,0.42628283,0.42018024999141645,0.4794812261590263,-0.025000000000000022
1041586489,2025-05,0,Serie A,2024,0.46972102,0.5102457,0.4749318,0.5160317,0.5131387000000001,0.5068912889470553,0.5063983801675774,-0.025000000000000022
1041592446,2025-05,1,Serie A,2024,0.40743595,0.4096189,0.4034017,0.38850483,0.399061865,0.3930819790898609,0.47084930434482536,-0.025000000000000022
1041589893,2025-05,1,Serie A,2024,0.58993644,0.61755717,0.5912464,0.62172616,0.6196416650000001,0.6137321503799009,0.5398566677897485,-0.025000000000000022
1041593297,2025-05,0,Serie A,2024,0.44955415,0.44699153,0.4549559,0.4406871,0.443839315,0.43767713830845345,0.48497701257779136,-0.025000000000000022
1041587340,2025-05,1,Serie A,2024,0.50370246,0.5381633,0.51068616,0.54811347,0.543138385,0.5369285343596691,0.5156690598928955,-0.025000000000000022
1041591595,2025-05,0,Serie A,2024,0.52728826,0.5741322,0.52757686,0.56901443,0.571573315,0.5654407296510885,0.5245349978488699,-0.025000000000000022
1041596701,2025-05,0,Serie A,2024,0.57526827,0.56583583,0.5711152,0.54895985,0.55739784,0.5512216619915754,0.5201020398978804,-0.025000000000000022
1041600105,2025-05,0,Serie A,2024,0.45277518,0.46617168,0.45225915,0.44999805,0.458084865,0.4518856059078099,0.48940624620312817,-0.025000000000000022
1041595850,2025-05,1,Serie A,2024,0.5869838,0.6451803,0.5932861,0.65251344,0.6488468700000001,0.6431297782494995,0.5494803648393971,-0.025000000000000022
1041599254,2025-05,0,Serie A,2024,0.63513285,0.64458466,0.6319664,0.64288926,0.64373696,0.6379830914298714,0.5477748076859246,-0.025000000000000022
1041594999,2025-05,1,Serie A,2024,0.5731762,0.58761245,0.5726218,0.5886649,0.5881386749999999,0.5820698292325753,0.5297576413561121,-0.025000000000000022
1041600956,2025-05,0,Serie A,2024,0.4935201,0.50783575,0.497885,0.51205623,0.5099459900000001,0.5036972347691127,0.5054142771886175,-0.025000000000000022
1041597552,2025-05,1,Serie A,2024,0.42692977,0.4174502,0.43979865,0.43136984,0.42441002,0.4183147022118138,0.4788920556572486,-0.025000000000000022
1041602658,2025-05,1,Serie A,2024,0.48697752,0.48623285,0.49553776,0.48904523,0.48763904,0.4813951145571818,0.49854026990777695,-0.025000000000000022
1041598403,2025-05,0,Serie A,2024,0.54550827,0.5718423,0.5477763,0.56790465,0.5698734750000001,0.5637351295767382,0.5240018224644989,-0.025000000000000022
1041601807,2025-05,1,Serie A,2024,0.5445258,0.5242812,0.54970324,0.5347737,0.52952745,0.5232949706319338,0.5114559635318614,-0.025000000000000022
1181450892,2025-08,0,Bundesliga,2025,0.5794079,0.5721151,0.58255255,0.56406385,0.5680894750000001,0.5272381283929013,0.5733072546579667,-0.16500000000000004
1181451743,2025-08,1,Bundesliga,2025,0.6360067,0.6163572,0.6353863,0.635881,0.6261191,0.5867638726366289,0.5757591263201692,-0.16500000000000004
1181453445,2025-08,1,Bundesliga,2025,0.62810296,0.61804664,0.6192275,0.6111566,0.61460162,0.5748572448145851,0.5752629785505612,-0.16500000000000004
1181455147,2025-08,1,Bundesliga,2025,0.5948434,0.57347804,0.5953468,0.58061635,0.577047195,0.536351611539203,0.5736790417664182,-0.16500000000000004
1181457700,2025-08,1,Bundesliga,2025,0.5857183,0.56660604,0.5836589,0.57329714,0.5699515900000001,0.5291303843704589,0.5733843874295582,-0.16500000000000004
1181454296,2025-08,1,Bundesliga,2025,0.50897515,0.4655326,0.5087569,0.47832975,0.47193117500000004,0.43109291801820043,0.5693769511654904,-0.16500000000000004
1181456849,2025-08,1,Bundesliga,2025,0.49349037,0.47011334,0.48977908,0.45640388,0.46325861,0.42257028421838866,0.5690222103743722,-0.16500000000000004
1181455998,2025-08,0,Bundesliga,2025,0.616035,0.65470517,0.6136456,0.6518582,0.6532816850000001,0.615027653858048,0.5769544927414568,-0.16500000000000004
1181452594,2025-08,0,Bundesliga,2025,0.6812242,0.699067,0.6784339,0.7075812,0.7033241,0.6677835794654222,0.5792807461002216,-0.16500000000000004
1181461104,2025-08,0,Bundesliga,2025,0.57776827,0.60011166,0.5775797,0.59775925,0.598935455,0.5587354352446465,0.5745965786917654,-0.16500000000000004
1181464508,2025-08,1,Bundesliga,2025,0.63825333,0.60070014,0.6399549,0.6149143,0.60780722,0.5678548356672819,0.5749728430616496,-0.16500000000000004
1181463657,2025-08,0,Bundesliga,2025,0.642258,0.6476088,0.6506861,0.6761976,0.6619032,0.624052988742048,0.5773425535813572,-0.16500000000000004
1181461955,2025-08,1,Bundesliga,2025,0.6589789,0.6545948,0.65907365,0.6490685,0.6518316500000001,0.6135122825738532,0.5768896684145169,-0.16500000000000004
1181462806,2025-08,0,Bundesliga,2025,0.5339575,0.5037778,0.53181005,0.50410974,0.50394377,0.4627629256892328,0.5706814452470587,-0.16500000000000004
1181458551,2025-08,1,Bundesliga,2025,0.5571327,0.5447837,0.5473809,0.55311024,0.54894697,0.5078535858624879,0.5725183324988538,-0.16500000000000004
1181465359,2025-08,1,Bundesliga,2025,0.6177176,0.6127445,0.6118945,0.61908877,0.615916635,0.5762143632510994,0.5753193432753624,-0.16500000000000004
1181459402,2025-08,0,Bundesliga,2025,0.5215042,0.45513716,0.5242815,0.46150607,0.458321615,0.4177294359459333,0.5688198442120237,-0.16500000000000004
1181460253,2025-08,1,Bundesliga,2025,0.513605,0.46853432,0.5138861,0.4834587,0.47599651,0.43509631620007894,0.5695429627684147,-0.16500000000000004
1183592008,2025-08,1,La Liga,2025,0.51009595,0.49435368,0.5084136,0.4966115,0.49548259,0.5167262236350083,0.5205669660852795,0.08499999999999996
1183595412,2025-08,0,La Liga,2025,0.4742054,0.506646,0.47232023,0.49711925,0.501882625,0.5231161430743904,0.5258345026918729,0.08499999999999996
1183592859,2025-08,0,La Liga,2025,0.54648626,0.5559102,0.529585,0.5530716,0.5544909,0.57537918923502,0.5689860048958643,0.08499999999999996
1183587753,2025-08,1,La Liga,2025,0.4270141,0.42137423,0.4260207,0.4337299,0.427552065,0.4484721585918533,0.4641864783250802,0.08499999999999996
1183594561,2025-08,1,La Liga,2025,0.42214984,0.41062135,0.4252507,0.4201209,0.415371125,0.4361493092772004,0.45395412274325286,0.08499999999999996
1183589455,2025-08,0,La Liga,2025,0.40178257,0.3993606,0.39996696,0.39233953,0.395850065,0.4163471683785212,0.4374538313223784,0.08499999999999996
1183588604,2025-08,1,La Liga,2025,0.46987134,0.45147142,0.4668955,0.47087637,0.461173895,0.4823529057313782,0.49221638907443116,0.08499999999999996
1183591157,2025-08,1,La Liga,2025,0.4297307,0.41900855,0.42116684,0.40014082,0.409574685,0.4302763155730696,0.4490683556083831,0.08499999999999996
1183590306,2025-08,1,La Liga,2025,0.47726536,0.4643031,0.4858924,0.45663363,0.460468365,0.48164393723614257,0.49163101516794383,0.08499999999999996
1183593710,2025-08,0,La Liga,2025,0.45683566,0.44344196,0.45992318,0.4495911,0.44651653,0.46760656995850003,0.48003196252921515,0.08499999999999996
1183597965,2025-08,0,La Liga,2025,0.4103876,0.4044071,0.39804927,0.4097507,0.4070789,0.4277457732285289,0.4469612127515415,0.08499999999999996
1183599667,2025-08,1,La Liga,2025,0.4966691,0.519477,0.48570615,0.5162017,0.51783935,0.5390174366768821,0.5389460603458208,0.08499999999999996
1183597114,2025-08,1,La Liga,2025,0.4881855,0.49263698,0.48756212,0.50041497,0.496525975,0.5177684336880384,0.5214261027846789,0.08499999999999996
1183598816,2025-08,1,La Liga,2025,0.5635252,0.58644354,0.5641836,0.5885886,0.58751607,0.6079507370467309,0.5960325645488012,0.08499999999999996
1183600518,2025-08,0,La Liga,2025,0.44284296,0.4077738,0.44293928,0.41404834,0.41091107000000004,0.4316308671617891,0.45019577180627696,0.08499999999999996
1183603922,2025-08,0,La Liga,2025,0.5590641,0.5120135,0.5564157,0.52252126,0.51726738,0.5384481974491591,0.5384765402737777,0.08499999999999996
1183601369,2025-08,1,La Liga,2025,0.4201231,0.40643844,0.41645902,0.4026409,0.40453967,0.4251700706463274,0.4448151896322861,0.08499999999999996
1183602220,2025-08,0,La Liga,2025,0.46153027,0.45309058,0.46244088,0.45445213,0.453771355,0.4749100399195328,0.4860690335578722,0.08499999999999996
1183596263,2025-08,0,La Liga,2025,0.4691289,0.41901508,0.467621,0.42877802,0.42389655,0.44477675211874274,0.4611205137220841,0.08499999999999996
1183603071,2025-08,1,La Liga,2025,0.42562824,0.4092504,0.4272861,0.41406387,0.411657135,0.4323869392557314,0.450824915310573,0.08499999999999996
1183632005,2025-08,1,La Liga,2025,0.5212163,0.47693476,0.52150697,0.48276153,0.479848145,0.5010872211552795,0.5076735470320661,0.08499999999999996
1183607326,2025-08,0,La Liga,2025,0.46977216,0.4985345,0.47454047,0.51191676,0.50522563,0.5264511030224652,0.5285838391062082,0.08499999999999996
1183612432,2025-08,0,La Liga,2025,0.3878761,0.34135392,0.38384113,0.3392797,0.34031681,0.3596501931797971,0.38966708859267385,0.08499999999999996
1183604773,2025-08,1,La Liga,2025,0.44024777,0.4221217,0.4346117,0.43182832,0.42697501,0.44788895987974997,0.46370275305179437,0.08499999999999996
1183611581,2025-08,0,La Liga,2025,0.42212826,0.3974033,0.42317265,0.39460245,0.396002875,0.4165024359807603,0.43758352193802147,0.08499999999999996
1183609028,2025-08,0,La Liga,2025,0.565904,0.5460377,0.56339324,0.5568112,0.55142445,0.5723456268287465,0.5664749915027257,0.08499999999999996
1183610730,2025-08,1,La Liga,2025,0.42721194,0.43571585,0.42325678,0.43767142,0.436693635,0.4577033870921153,0.471836787120441,0.08499999999999996
1183606475,2025-08,1,La Liga,2025,0.555937,0.51354176,0.56186086,0.5325538,0.52304778,0.5441984595698582,0.5432202040676652,0.08499999999999996
1183605624,2025-08,1,La Liga,2025,0.4852406,0.4550333,0.4846534,0.45018777,0.452610535,0.47374204381038165,0.4851039089172188,0.08499999999999996
1183608177,2025-08,0,La Liga,2025,0.48354974,0.48613113,0.4823194,0.49347806,0.489804595,0.5110513814354571,0.5158888677055691,0.08499999999999996
1183609879,2025-08,1,La Liga,2025,0.5692413,0.5897633,0.5706233,0.6128055,0.6012843999999999,0.621476432433772,0.6073219373703161,0.08499999999999996
1180938590,2025-08,0,Ligue 1,2025,0.5466012,0.53947586,0.5470646,0.52997875,0.5347273050000001,0.5372143607300157,0.5861339317332579,0.010000000000000009
1180934335,2025-08,0,Ligue 1,2025,0.67433274,0.6833508,0.677934,0.6782823,0.6808165500000001,0.6829856635602396,0.5669043368665583,0.010000000000000009
1180936037,2025-08,1,Ligue 1,2025,0.5054549,0.49035066,0.50417066,0.4780671,0.48420888,0.48670676003289265,0.5923716170194242,0.010000000000000009
1180937739,2025-08,0,Ligue 1,2025,0.5368583,0.5365821,0.53614295,0.53552854,0.53605532,0.5385414030564712,0.5859689467589925,0.010000000000000009
1180933484,2025-08,1,Ligue 1,2025,0.52177453,0.48389897,0.51796234,0.47664982,0.480274395,0.48277097566591026,0.5928562288392039,0.010000000000000009
1180931782,2025-08,0,Ligue 1,2025,0.5164665,0.5237247,0.5179932,0.5304328,0.52707875,0.5295707218517591,0.5870826509334065,0.010000000000000009
1180932633,2025-08,0,Ligue 1,2025,0.62089145,0.6135253,0.62200415,0.62155586,0.61754058,0.6198996296212113,0.5755902028952503,0.010000000000000009
1180935186,2025-08,0,Ligue 1,2025,0.54109186,0.5161862,0.5434871,0.5239095,0.5200478500000001,0.522543309755612,0.5879527878206062,0.010000000000000009
1180936888,2025-08,0,Ligue 1,2025,0.57441795,0.5626062,0.57028073,0.574443,0.5685245999999999,0.570975943590729,0.5819034824112643,0.010000000000000009
1180944547,2025-08,0,Ligue 1,2025,0.43044528,0.4492615,0.42651805,0.4372429,0.4432522,0.44572137749941576,0.5974303831125432,0.010000000000000009
1180942845,2025-08,1,Ligue 1,2025,0.5498165,0.5506205,0.5530573,0.5563315,0.553476,0.5559460617002319,0.5837961322670482,0.010000000000000009
1180943696,2025-08,1,Ligue 1,2025,0.5098686,0.48385382,0.5097679,0.48947316,0.48666349,0.4891620237711364,0.5920693167769994,0.010000000000000009
1180941994,2025-08,0,Ligue 1,2025,0.58462065,0.61687195,0.58401644,0.6077285,0.612300225,0.614671428967259,0.5762787284867931,0.010000000000000009
1180941143,2025-08,0,Ligue 1,2025,0.5412397,0.51769793,0.53931665,0.5282046,0.522951265,0.5254454041733994,0.5875936693685799,0.010000000000000009
1180939441,2025-08,1,Ligue 1,2025,0.5153093,0.49598536,0.51415,0.4911163,0.49355083,0.4960505544625408,0.5912211036001528,0.010000000000000009
1180945398,2025-08,0,Ligue 1,2025,0.528587,0.53133214,0.5299891,0.53345853,0.5323953349999999,0.5348840134680228,0.5864234490479682,0.010000000000000009
1180946249,2025-08,0,Ligue 1,2025,0.5421071,0.5084933,0.5411594,0.5078229,0.5081581,0.5106572097482917,0.5894209470553496,0.010000000000000009
1180940292,2025-08,0,Ligue 1,2025,0.6129839,0.56376165,0.615568,0.57030594,0.567033795,0.5694871946514231,0.5820917405232148,0.010000000000000009
1180948802,2025-08,1,Ligue 1,2025,0.54715043,0.515524,0.5444789,0.5136098,0.5145668999999999,0.5170643934344621,0.5886300252132938,0.010000000000000009
1180949653,2025-08,1,Ligue 1,2025,0.5484704,0.5275706,0.55126804,0.53162867,0.5295996350000001,0.532090115688914,0.5867702300228612,0.010000000000000009
1180952206,2025-08,0,Ligue 1,2025,0.5056118,0.48981595,0.50873363,0.5073827,0.498599325,0.501099319564641,0.5905992185059742,0.010000000000000009
1180953908,2025-08,1,Ligue 1,2025,0.52164626,0.51715934,0.52008164,0.5266217,0.5218905199999999,0.5243851611727746,0.5877249028977767,0.010000000000000009
1180947100,2025-08,1,Ligue 1,2025,0.51979357,0.50012267,0.5240797,0.505375,0.502748835,0.5052486698908023,0.5900878872373315,0.010000000000000009
1180951355,2025-08,1,Ligue 1,2025,0.55681306,0.524804,0.5552838,0.53331715,0.529060575,0.5315513852293146,0.5868370584294682,0.010000000000000009
1180953057,2025-08,1,Ligue 1,2025,0.6017543,0.62491673,0.6014737,0.6288136,0.626865165,0.6292012341738726,0.5743552877456743,0.010000000000000009
1180947951,2025-08,1,Ligue 1,2025,0.5156103,0.46540833,0.517711,0.47393137,0.46966985,0.472161385743775,0.59416316220177,0.010000000000000009
1180950504,2025-08,0,Ligue 1,2025,0.6670269,0.6863195,0.66891146,0.6789195,0.6826194999999999,0.68478203395242,0.566644434788387,0.010000000000000009
1173503403,2025-08,1,Premier League,2025,0.5983828,0.58177865,0.5914389,0.58263046,0.5822045549999999,0.5316650419306478,0.5673895978539917,-0.20499999999999996
1173504254,2025-08,0,Premier League,2025,0.6775307,0.6779505,0.6791265,0.6710529,0.6745017,0.6279931421612093,0.5786237484666492,-0.20499999999999996
1173507658,2025-08,0,Premier League,2025,0.51563895,0.49569827,0.5133041,0.50993127,0.5028147700000001,0.45171573649240526,0.5582618924926438,-0.20499999999999996
1173506807,2025-08,0,Premier League,2025,0.55373573,0.57969457,0.5531998,0.57833964,0.579017105,0.5284043389696583,0.5670177309123661,-0.20499999999999996
1173505105,2025-08,1,Premier League,2025,0.5785786,0.56000143,0.57421964,0.56486696,0.562434195,0.5115097250343814,0.5650934997969861,-0.20499999999999996
1173508509,2025-08,0,Premier League,2025,0.49684247,0.4521831,0.49758726,0.47108334,0.46163322,0.4112574932172268,0.5535471865189278,-0.20499999999999996
1173505956,2025-08,1,Premier League,2025,0.5483247,0.5593678,0.54069626,0.5584744,0.5589211000000001,0.5079454679179781,0.564687822850034,-0.20499999999999996
1173509360,2025-08,0,Premier League,2025,0.53909165,0.48639473,0.5382184,0.4974339,0.491914315,0.4409405991124363,0.5570171319945586,-0.20499999999999996
1173510211,2025-08,0,Premier League,2025,0.5629578,0.54836833,0.56662524,0.5664006,0.5573844649999999,0.5063880818336295,0.564510568203891,-0.20499999999999996
1173511062,2025-08,0,Premier League,2025,0.48878455,0.46124512,0.48989272,0.4770864,0.46916576,0.4186071820263691,0.5544128820340628,-0.20499999999999996
1173519572,2025-08,1,Premier League,2025,0.52940464,0.4567946,0.52553904,0.46908695,0.46294077499999997,0.4125316973046686,0.5536976171678016,-0.20499999999999996
1173517870,2025-08,0,Premier League,2025,0.621634,0.66358244,0.62216234,0.6673504,0.66546642,0.6183972525567059,0.5774702636781954,-0.20499999999999996
1173513615,2025-08,0,Premier League,2025,0.5326651,0.4760151,0.5311169,0.48364145,0.479828275,0.4290493777679835,0.5556350701748528,-0.20499999999999996
1173514466,2025-08,0,Premier League,2025,0.46935076,0.5249269,0.48019296,0.53127265,0.528099775,0.4768958796154393,0.5611496125106716,-0.20499999999999996
1173512764,2025-08,0,Premier League,2025,0.5694198,0.55730855,0.5688186,0.5642246,0.5607665749999999,0.5098171731792044,0.5649008535299053,-0.20499999999999996
1173511913,2025-08,0,Premier League,2025,0.49102283,0.46620727,0.4854825,0.46951008,0.467858675,0.41733021492770445,0.5542628125323533,-0.20499999999999996
1173515317,2025-08,1,Premier League,2025,0.5123783,0.48663005,0.5157838,0.49662533,0.49162768999999995,0.440657915714111,0.556984384899997,-0.20499999999999996
1173516168,2025-08,0,Premier League,2025,0.5024292,0.42213812,0.49756184,0.42432514,0.42323162999999997,0.37413426671873734,0.5490886433537021,-0.20499999999999996
1173517019,2025-08,1,Premier League,2025,0.5576498,0.53048784,0.55375093,0.53440726,0.5324475500000001,0.48125200869002993,0.5616469927491927,-0.20499999999999996
1173518721,2025-08,1,Premier League,2025,0.64996636,0.65155965,0.6523201,0.65844643,0.65500304,0.6073303661283809,0.5761525829644354,-0.20499999999999996
1173522125,2025-08,0,Premier League,2025,0.5605036,0.5234192,0.55797255,0.54107547,0.532247335,0.48105123789283055,0.5616240793071396,-0.20499999999999996
1173527231,2025-08,0,Premier League,2025,0.68558216,0.6839077,0.68397963,0.6978608,0.69088425,0.6454861859630782,0.5807564786333644,-0.20499999999999996
1173526380,2025-08,1,Premier League,2025,0.52810264,0.53043026,0.53323966,0.54754627,0.538988265,0.4878199852769435,0.5623960954942779,-0.20499999999999996
1173524678,2025-08,1,Premier League,2025,0.5274755,0.5148024,0.5252706,0.5177601,0.51628125,0.46509388237249244,0.5597992141384913,-0.20499999999999996
1173528082,2025-08,1,Premier League,2025,0.4907113,0.47207618,0.4929602,0.47793597,0.475006075,0.42432121294433073,0.5550827371343787,-0.20499999999999996
1173522976,2025-08,0,Premier League,2025,0.55709934,0.5477659,0.55808544,0.5448004,0.54628315,0.4951661771056645,0.5632330637685343,-0.20499999999999996
1173521274,2025-08,1,Premier League,2025,0.5877433,0.5429244,0.58628017,0.5571555,0.5500399499999999,0.49895802923502813,0.5636648217017947,-0.20499999999999996
1173525529,2025-08,0,Premier League,2025,0.5533399,0.5622679,0.55045116,0.557893,0.5600804500000001,0.5091211292313619,0.5648216317965115,-0.20499999999999996
1173523827,2025-08,0,Premier League,2025,0.61125135,0.6036361,0.61198145,0.60752255,0.605579325,0.555709616327582,0.5701410386889901,-0.20499999999999996
1173520423,2025-08,0,Premier League,2025,0.510485,0.45101207,0.51064074,0.46056423,0.45578815,0.4055697577556978,0.552873834593526,-0.20499999999999996
1188800128,2025-08,0,Segunda,2025,0.52704394,0.5136783,0.5256461,0.510262,0.51197015,0.5319289309246994,0.5342401691175257,0.08000000000000007
1183957938,2025-08,1,Segunda,2025,0.48626027,0.46340457,0.48476133,0.45195597,0.45768027,0.47759379261554397,0.47143178557188453,0.08000000000000007
1183959640,2025-08,1,Segunda,2025,0.6081939,0.61796,0.6029746,0.6116997,0.61482985,0.6335926107056452,0.6507958523059375,0.08000000000000007
1183962193,2025-08,1,Segunda,2025,0.45944175,0.48517147,0.4554688,0.48831016,0.486740815,0.5067372978328294,0.5051157578909372,0.08000000000000007
1183957087,2025-08,1,Segunda,2025,0.54460555,0.541999,0.542747,0.54543334,0.5437161699999999,0.5634836076761183,0.5706513097997495,0.08000000000000007
1183960491,2025-08,0,Segunda,2025,0.5037456,0.54964674,0.5049701,0.5490878,0.5493672700000001,0.5690839168265426,0.5770986447808826,0.08000000000000007
1183958789,2025-08,0,Segunda,2025,0.477282,0.47328812,0.47521275,0.47904915,0.47616863499999995,0.4961506402273055,0.4928749321257356,0.08000000000000007
1183961342,2025-08,1,Segunda,2025,0.4966359,0.54626805,0.49761325,0.5540517,0.5501598750000001,0.5698689949860101,0.5780020039157995,0.08000000000000007
1188799277,2025-08,1,Segunda,2025,0.53459674,0.5338273,0.52767444,0.5350963,0.5344618,0.5543015137154105,0.5600691425857436,0.08000000000000007
1188798426,2025-08,1,Segunda,2025,0.6022684,0.6195001,0.5996123,0.6152795,0.6173898,0.6361016656181456,0.6536345733946384,0.08000000000000007
1188797575,2025-08,1,Segunda,2025,0.5549988,0.52311385,0.5605389,0.5349191,0.5290164749999999,0.5488923808836,0.5538294927233741,0.08000000000000007
1183968150,2025-08,0,Segunda,2025,0.47888747,0.48414987,0.47408175,0.4787528,0.481451335,0.5014428149978184,0.4989936729349613,0.08000000000000007
1183966448,2025-08,0,Segunda,2025,0.5437789,0.56677365,0.55174583,0.57906663,0.57292014,0.5923709113784574,0.6038380597556713,0.08000000000000007
1183964746,2025-08,1,Segunda,2025,0.43721357,0.45236263,0.43598288,0.4642605,0.45831156500000003,0.478228333720657,0.4721645759656217,0.08000000000000007
1183963895,2025-08,0,Segunda,2025,0.45346165,0.4737068,0.45249328,0.47365308,0.47367994,0.49365592916935586,0.4899909470756607,0.08000000000000007
1183967299,2025-08,0,Segunda,2025,0.49560937,0.53711075,0.49539852,0.53513753,0.53612414,0.5559518692861048,0.561972092294193,0.08000000000000007
1188800979,2025-08,1,Segunda,2025,0.5446234,0.57938445,0.54079205,0.58039033,0.57988739,0.5992428082966947,0.611703343478697,0.08000000000000007
1183969852,2025-08,0,Segunda,2025,0.45913953,0.45065546,0.46050078,0.45097438,0.45081492,0.4706889884715038,0.46346060450683163,0.08000000000000007
1183970703,2025-08,0,Segunda,2025,0.5958272,0.61341107,0.5939645,0.6257088,0.619559935,0.6382278587314358,0.6560381302399397,0.08000000000000007
1183965597,2025-08,0,Segunda,2025,0.5970927,0.6061421,0.5942796,0.6036223,0.6048822,0.6238330632225952,0.6397306735485057,0.08000000000000007
1183969001,2025-08,1,Segunda,2025,0.6034465,0.6140432,0.5996736,0.62195694,0.61800007,0.6366996524681692,0.6543107549922084,0.08000000000000007
1183963044,2025-08,1,Segunda,2025,0.48683113,0.47980785,0.4892272,0.47869486,0.479251355,0.49923943337030224,0.4964460444014161,0.08000000000000007
1183974958,2025-08,1,Segunda,2025,0.5473232,0.55724066,0.5451342,0.5639515,0.56059608,0.5801968581479844,0.5898743482521501,0.08000000000000007
1183978362,2025-08,0,Segunda,2025,0.4813428,0.48086175,0.48199087,0.48722014,0.484040945,0.5040354345472836,0.501991499633344,0.08000000000000007
1183977511,2025-08,1,Segunda,2025,0.5356047,0.5259682,0.5317161,0.52822167,0.527094935,0.546982490433024,0.5516254628814315,0.08000000000000007
1183979213,2025-08,0,Segunda,2025,0.5733412,0.5730865,0.5747563,0.57890093,0.5759937150000001,0.5954033598344625,0.6073104640044671,0.08000000000000007
1183975809,2025-08,1,Segunda,2025,0.5470173,0.52671367,0.5465369,0.5357029,0.531208285,0.5510701880760172,0.556342145743844,0.08000000000000007
1188802681,2025-08,1,Segunda,2025,0.47751355,0.45528388,0.48004586,0.4666277,0.46095579,0.4808854569993932,0.4752335277717513,0.08000000000000007
1188801830,2025-08,1,Segunda,2025,0.40634742,0.39272618,0.40603098,0.39887953,0.395802855,0.415084738197983,0.3995651331892363,0.08000000000000007
1183980064,2025-08,0,Segunda,2025,0.48482466,0.47453874,0.4849953,0.48760742,0.48107308000000004,0.5010640304023394,0.49855569939883976,0.08000000000000007
1183972405,2025-08,1,Segunda,2025,0.43258637,0.43676585,0.42955607,0.4423975,0.439581675,0.4593747590936558,0.4504118328072791,0.08000000000000007
1172569856,2025-08,0,Serie A,2025,0.3765766,0.359831,0.3773667,0.36103565,0.360433325,0.3638983311706711,0.44698007848384225,0.015000000000000124
1172565601,2025-08,0,Serie A,2025,0.3929859,0.35339856,0.39861926,0.3675527,0.36047563,0.36394081143959267,0.44700032087916775,0.015000000000000124
1172568154,2025-08,1,Serie A,2025,0.5249328,0.5380407,0.5262086,0.5346499,0.5363453,0.5400733829118484,0.5269776851469732,0.015000000000000124
1172569005,2025-08,0,Serie A,2025,0.5501664,0.538945,0.5542822,0.5482637,0.5436043500000001,0.5473233277252497,0.5302271268913767,0.015000000000000124
1172564750,2025-08,0,Serie A,2025,0.54901713,0.547006,0.54881835,0.54784,0.547423,0.5511365546386523,0.5319387368539402,0.015000000000000124
1172563899,2025-08,1,Serie A,2025,0.50807804,0.50517315,0.5107586,0.52221507,0.51369411,0.5174404572831446,0.516862685776431,0.015000000000000124
1172563048,2025-08,1,Serie A,2025,0.53565174,0.5315049,0.5313458,0.514206,0.52285545,0.5265962618170592,0.5209504815694683,0.015000000000000124
1172567303,2025-08,0,Serie A,2025,0.46940652,0.48923105,0.4625494,0.4757959,0.48251347499999997,0.48625980073158576,0.5029505220834398,0.015000000000000124
1172570707,2025-08,1,Serie A,2025,0.4523968,0.46793967,0.45316982,0.4612515,0.464595585,0.46832869544429045,0.4949318837102173,0.015000000000000124
1172566452,2025-08,0,Serie A,2025,0.49149877,0.49091047,0.48731917,0.48591924,0.488414855,0.4921634228963848,0.5055859700975965,0.015000000000000124
1172572409,2025-08,1,Serie A,2025,0.5539557,0.5360057,0.55630136,0.53984267,0.537924185,0.5416504217588213,0.5276840265533546,0.015000000000000124
1172575813,2025-08,0,Serie A,2025,0.45694026,0.44842702,0.457035,0.45527926,0.45185314,0.4555709835261537,0.48920699951861824,0.015000000000000124
1172571558,2025-08,0,Serie A,2025,0.4408668,0.41494164,0.4347527,0.41034636,0.412644,0.4162842356311548,0.4714028988680971,0.015000000000000124
1172577515,2025-08,1,Serie A,2025,0.4964896,0.4650093,0.49826565,0.46927994,0.46714462,0.47088019882616333,0.4960745804407567,0.015000000000000124
1172576664,2025-08,0,Serie A,2025,0.44397622,0.4641718,0.44924206,0.46758485,0.46587832500000004,0.4696127019980957,0.495507012103107,0.015000000000000124
1172578366,2025-08,0,Serie A,2025,0.47085938,0.4780332,0.4689722,0.47582573,0.476929465,0.48067270644945137,0.500454657547896,0.015000000000000124
1172573260,2025-08,0,Serie A,2025,0.4083326,0.38737956,0.4084497,0.39413354,0.39075655,0.39433333206525983,0.46128775518654375,0.015000000000000124
1172579217,2025-08,0,Serie A,2025,0.4362091,0.4523546,0.43146157,0.45192164,0.45213812,0.45585635831807886,0.48933529087419525,0.015000000000000124
1172574111,2025-08,1,Serie A,2025,0.5129271,0.534318,0.50433224,0.52945673,0.531887365,0.5356202574662605,0.5249844900576112,0.015000000000000124
1172574962,2025-08,0,Serie A,2025,0.43034714,0.41233143,0.42936248,0.39815393,0.40524267999999997,0.40886307375461095,0.46799938037285693,0.015000000000000124
1181466210,2025-09,1,Bundesliga,2025,0.6011181,0.57393134,0.603563,0.58067787,0.577304605,0.5403416740969632,0.5791584189100284,-0.15000000000000002
1181470465,2025-09,0,Bundesliga,2025,0.61966705,0.58583903,0.62125856,0.59299827,0.58941865,0.5526942598604204,0.5786034074941155,-0.15000000000000002
1181469614,2025-09,0,Bundesliga,2025,0.5987086,0.546868,0.5923899,0.55287695,0.549872475,0.5125362361786147,0.5803999300374106,-0.15000000000000002
1181468763,2025-09,1,Bundesliga,2025,0.6549075,0.6639634,0.6548407,0.67168415,0.667823775,0.6337547136944008,0.5748480843110756,-0.15000000000000002
1181472167,2025-09,1,Bundesliga,2025,0.5756364,0.56677383,0.5724687,0.5663886,0.566581215,0.5294448910027736,0.5796459863096598,-0.15000000000000002
1181473018,2025-09,1,Bundesliga,2025,0.62141275,0.6443927,0.61254776,0.6316996,0.6380461500000001,0.6027397487050105,0.5763149882414155,-0.15000000000000002
1181467061,2025-09,0,Bundesliga,2025,0.4776516,0.547253,0.47736055,0.5157018,0.5314774,0.49401936927820467,0.5812237485967761,-0.15000000000000002
1181471316,2025-09,1,Bundesliga,2025,0.4885963,0.4811102,0.50050384,0.4903327,0.48572145,0.4484019097982535,0.583259192009031,-0.15000000000000002
1181467912,2025-09,0,Bundesliga,2025,0.6333014,0.6026495,0.62897366,0.6033789,0.6030142000000001,0.5666117220530501,0.5779742961759455,-0.15000000000000002
1181479826,2025-09,0,Bundesliga,2025,0.5427822,0.53162104,0.5457788,0.5347731,0.5331970699999999,0.4957460816407142,0.581146949902412,-0.15000000000000002
1181478124,2025-09,1,Bundesliga,2025,0.5761396,0.588863,0.5723318,0.5761798,0.5825214000000001,0.5456556324125477,0.5789199964513416,-0.15000000000000002
1181473869,2025-09,1,Bundesliga,2025,0.59626925,0.59976023,0.5927065,0.6051092,0.602434715,0.5660173421257398,0.5780012590819625,-0.15000000000000002
1181477273,2025-09,1,Bundesliga,2025,0.54194933,0.51720965,0.54087734,0.5270152,0.522112425,0.48463170046334964,0.5816413718637146,-0.15000000000000002
1181480677,2025-09,0,Bundesliga,2025,0.6654181,0.6408782,0.6619235,0.64800996,0.64444408,0.6093796883612773,0.5760047732895948,-0.15000000000000002
1181478975,2025-09,1,Bundesliga,2025,0.66433,0.6688312,0.65816003,0.66500324,0.66691722,0.6328063028282862,0.5748936721655054,-0.15000000000000002
1181476422,2025-09,1,Bundesliga,2025,0.53790385,0.4988912,0.5405902,0.50793093,0.503411065,0.46596383730145297,0.5824732137204419,-0.15000000000000002
1181474720,2025-09,1,Bundesliga,2025,0.64807004,0.64727795,0.646497,0.6459788,0.6466283749999999,0.6116495852374296,0.5758982823433908,-0.15000000000000002
1181475571,2025-09,0,Bundesliga,2025,0.61263174,0.5644871,0.60813916,0.5676662,0.5660766500000001,0.5289330379029051,0.5796688504116475,-0.15000000000000002
1181481528,2025-09,0,Bundesliga,2025,0.505923,0.4799889,0.5053638,0.46967506,0.47483198,0.4376371267175802,0.5837434838643516,-0.15000000000000002
1181488336,2025-09,0,Bundesliga,2025,0.61438704,0.5788071,0.6153599,0.57921255,0.579009825,0.5420777298350581,0.5790805789311102,-0.15000000000000002
1181486634,2025-09,1,Bundesliga,2025,0.5118269,0.4844491,0.52238,0.4868353,0.4856422,0.44832344070343777,0.5832627143715027,-0.15000000000000002
1181484932,2025-09,1,Bundesliga,2025,0.5906123,0.59188986,0.59246886,0.5867976,0.58934373,0.552617725022834,0.5786068551632577,-0.15000000000000002
1181485783,2025-09,0,Bundesliga,2025,0.6109069,0.5967846,0.61883366,0.607834,0.6023092999999999,0.5658887172795043,0.5780070927039264,-0.15000000000000002
1181482379,2025-09,1,Bundesliga,2025,0.6148637,0.58018255,0.61561745,0.5872449,0.583713725,0.546871344802316,0.5788653820207692,-0.15000000000000002
1181484081,2025-09,1,Bundesliga,2025,0.63446236,0.64086545,0.6372989,0.63847846,0.639671955,0.6044258205084361,0.5762363937150776,-0.15000000000000002
1181483230,2025-09,1,Bundesliga,2025,0.60480106,0.5821967,0.6086734,0.5856824,0.58393955,0.5471016488582727,0.5788550328580256,-0.15000000000000002
1181487485,2025-09,0,Bundesliga,2025,0.576356,0.5803386,0.56771946,0.5806366,0.5804876,0.5435829533754499,0.5790130486271852,-0.15000000000000002
1183620942,2025-09,1,La Liga,2025,0.44733295,0.46309796,0.4461704,0.4636016,0.46334978,0.4895354559062352,0.49979857176260595,0.10499999999999998
1183617538,2025-09,0,La Liga,2025,0.4166506,0.44654846,0.41164488,0.4368244,0.44168642999999996,0.46771484118902157,0.4823162970488726,0.10499999999999998
1183620091,2025-09,1,La Liga,2025,0.45714903,0.42234334,0.46894187,0.42105848,0.42170091,0.44749555524746293,0.4660677845300006,0.10499999999999998
1183613283,2025-09,0,La Liga,2025,0.3698845,0.34808594,0.36552837,0.32792974,0.33800784,0.3618867119822234,0.3962718584889142,0.10499999999999998
1183614134,2025-09,0,La Liga,2025,0.5613173,0.54935867,0.5673687,0.56514466,0.557251665,0.5829792088849977,0.5746064123012298,0.10499999999999998
1183615836,2025-09,1,La Liga,2025,0.59316254,0.5694126,0.60136116,0.585726,0.5775693,0.6029574138306539,0.5907083627326105,0.10499999999999998
1183618389,2025-09,1,La Liga,2025,0.5294996,0.48466977,0.53388083,0.48858935,0.48662956,0.5128735258797631,0.5184624200798947,0.10499999999999998
1183619240,2025-09,0,La Liga,2025,0.45861825,0.47158375,0.46157056,0.47298592,0.472284835,0.49850640185252,0.50697543801205,0.10499999999999998
1183614985,2025-09,0,La Liga,2025,0.5180631,0.47915244,0.51845795,0.4842187,0.48168557,0.5079267085634767,0.5145079074690899,0.10499999999999998
1183616687,2025-09,1,La Liga,2025,0.47288933,0.5036826,0.47431025,0.509315,0.5064987999999999,0.5327024145742086,0.5343135765876491,0.10499999999999998
1183623495,2025-09,1,La Liga,2025,0.638219,0.6603935,0.63646084,0.6535951,0.6569943,0.6802515965947435,0.653977692424519,0.10499999999999998
1183625197,2025-09,0,La Liga,2025,0.5584571,0.55939037,0.56197345,0.5699589,0.564674635,0.5902879761658627,0.5804889013679392,0.10499999999999998
1183627750,2025-09,0,La Liga,2025,0.50351363,0.5052279,0.50419647,0.4913891,0.4983085,0.5245387636407826,0.5277870002862022,0.10499999999999998
1183629452,2025-09,1,La Liga,2025,0.50290096,0.45243973,0.5054782,0.45005983,0.45124978,0.477359906225298,0.4900491676949882,0.10499999999999998
1183621793,2025-09,1,La Liga,2025,0.44906273,0.47354427,0.4526027,0.47245175,0.47299800999999997,0.49922171479597477,0.5075475182900923,0.10499999999999998
1183628601,2025-09,0,La Liga,2025,0.504676,0.5377744,0.5054391,0.5222336,0.5300039999999999,0.5560534794346161,0.5529987775622848,0.10499999999999998
1183626899,2025-09,1,La Liga,2025,0.5510091,0.5635854,0.558581,0.5676901,0.56563775,0.5912354450578884,0.5812521291949202,0.10499999999999998
1183626048,2025-09,1,La Liga,2025,0.4773472,0.5348892,0.47171336,0.5178443,0.52636675,0.5524475910144981,0.5501109961182199,0.10499999999999998
1183624346,2025-09,0,La Liga,2025,0.46982765,0.48456055,0.4678549,0.49919328,0.49187691499999997,0.5181182636903818,0.5226547739905713,0.10499999999999998
1183622644,2025-09,0,La Liga,2025,0.44634923,0.42844763,0.45213646,0.42848405,0.42846584,0.4543491767569709,0.4715820268096799,0.10499999999999998
1183630303,2025-09,1,La Liga,2025,0.48932728,0.513848,0.49901146,0.5226127,0.5182303500000001,0.5443714021701881,0.5436467786157858,0.10499999999999998
1183632856,2025-09,1,La Liga,2025,0.515294,0.5376415,0.51762545,0.54400516,0.54082333,0.5667633243797917,0.5615830029399433,0.10499999999999998
1183634558,2025-09,1,La Liga,2025,0.5230172,0.49958268,0.5270656,0.49600834,0.49779551,0.5240269758269473,0.5273778884035696,0.10499999999999998
1183637962,2025-09,1,La Liga,2025,0.5326748,0.5147427,0.5440327,0.531526,0.5231343500000001,0.549240758085865,0.5475436770288438,0.10499999999999998
1183633707,2025-09,1,La Liga,2025,0.41782984,0.39946547,0.41845137,0.40359193,0.40152869999999996,0.42700052497329305,0.44952861639384073,0.10499999999999998
1183631154,2025-09,1,La Liga,2025,0.528772,0.49949187,0.52657133,0.5101881,0.504839985,0.531050129226866,0.5329924869141865,0.10499999999999998
1183636260,2025-09,0,La Liga,2025,0.50965476,0.55170226,0.51874316,0.5622562,0.55697923,0.5827107500495107,0.5743905049592241,0.10499999999999998
1183635409,2025-09,1,La Liga,2025,0.46235508,0.4798873,0.46468505,0.46735138,0.47361934,0.49984481992250246,0.5080458360252409,0.10499999999999998
1183637111,2025-09,1,La Liga,2025,0.5184086,0.5303708,0.52285546,0.51247954,0.52142517,0.5475442200164475,0.5461857728373121,0.10499999999999998
1183643068,2025-09,0,La Liga,2025,0.48890767,0.45870867,0.5015985,0.44817576,0.453442215,0.4795683344626213,0.49181845113562095,0.10499999999999998
1183642217,2025-09,1,La Liga,2025,0.4777413,0.48940676,0.4817286,0.4967463,0.49307652999999996,0.5193164688690719,0.5236125409595921,0.10499999999999998
1183638813,2025-09,1,La Liga,2025,0.61590886,0.6123554,0.62900877,0.62850916,0.62043228,0.6448284578829284,0.6247468659446055,0.10499999999999998
1183643919,2025-09,0,La Liga,2025,0.4516591,0.519304,0.4514978,0.5057131,0.51250855,0.5386836989165514,0.5390967775597445,0.10499999999999998
1183646472,2025-09,0,La Liga,2025,0.60245335,0.61059105,0.6067576,0.619415,0.615003025,0.6395454254759928,0.6204253562740069,0.10499999999999998
1183644770,2025-09,0,La Liga,2025,0.53168356,0.53434986,0.5339611,0.5437907,0.53907028,0.5650296578740469,0.5601926112494696,0.10499999999999998
1183641366,2025-09,1,La Liga,2025,0.48641878,0.5003842,0.49839798,0.50867665,0.504530425,0.530741724119845,0.5327459100503353,0.10499999999999998
1183639664,2025-09,1,La Liga,2025,0.68515,0.6968434,0.68560576,0.70253503,0.699689215,0.7212797289455751,0.6885325435298768,0.10499999999999998
1183640515,2025-09,0,La Liga,2025,0.5633674,0.5577999,0.5661821,0.555978,0.55688895,0.5826217843131065,0.5743189569326229,0.10499999999999998
1183645621,2025-09,1,La Liga,2025,0.49518865,0.5381152,0.495318,0.53407353,0.5360943650000001,0.5620851931230141,0.5578319174974364,0.10499999999999998
1180957312,2025-09,0,Ligue 1,2025,0.6163799,0.58591574,0.6116694,0.59349716,0.58970645,0.5836443516772869,0.565974576032844,-0.025000000000000022
1180959014,2025-09,0,Ligue 1,2025,0.4969203,0.45541567,0.49649867,0.4680713,0.461743485,0.4555363339084714,0.592018305441101,-0.025000000000000022
1180954759,2025-09,1,Ligue 1,2025,0.5333117,0.4971958,0.54067886,0.5016314,0.4994136,0.4931640257106534,0.5844456389492783,-0.025000000000000022
1180956461,2025-09,1,Ligue 1,2025,0.51207215,0.5040808,0.5138121,0.5047805,0.50443065,0.4981807740021425,0.583435968324153,-0.025000000000000022
1180961567,2025-09,0,Ligue 1,2025,0.50881016,0.50698507,0.5106946,0.51563203,0.5113085500000001,0.5050603060440808,0.5820503357140786,-0.025000000000000022
1180955610,2025-09,1,Ligue 1,2025,0.5934757,0.5776063,0.5878151,0.5868519,0.5822290999999999,0.576135932078502,0.5675417399853462,-0.025000000000000022
1180958163,2025-09,1,Ligue 1,2025,0.4928356,0.4891343,0.5030131,0.5176196,0.50337695,0.49712703296647087,0.5836480896721258,-0.025000000000000022
1180959865,2025-09,0,Ligue 1,2025,0.59167325,0.5671483,0.591156,0.58519304,0.57617067,0.570054390799982,0.5688046992024052,-0.025000000000000022
1180960716,2025-09,1,Ligue 1,2025,0.5617949,0.55452704,0.56246996,0.55492055,0.5547237949999999,0.5485405250855527,0.5732328754658808,-0.025000000000000022
1180965822,2025-09,0,Ligue 1,2025,0.46314564,0.4627288,0.46616396,0.4775609,0.47014485,0.4639221018745944,0.5903285231060557,-0.025000000000000022
1180968375,2025-09,1,Ligue 1,2025,0.48866645,0.4652125,0.4923485,0.47690195,0.471057225,0.4648329949431416,0.5901451083733935,-0.025000000000000022
1180963269,2025-09,1,Ligue 1,2025,0.58432573,0.56140774,0.58927524,0.5679288,0.5646682700000001,0.5585131892417948,0.571187301284505,-0.025000000000000022
1180964971,2025-09,0,Ligue 1,2025,0.5548457,0.5397174,0.55378085,0.5360188,0.5378681000000001,0.5316483855458041,0.5766747384751928,-0.025000000000000022
1180969226,2025-09,1,Ligue 1,2025,0.5635146,0.53690684,0.56665736,0.54904413,0.5429754849999999,0.5367653086175427,0.5756348327767697,-0.025000000000000022
1180964120,2025-09,1,Ligue 1,2025,0.5277884,0.5092362,0.52710396,0.519481,0.5143586,0.508111837214485,0.5814352064941549,-0.025000000000000022
1180967524,2025-09,1,Ligue 1,2025,0.56867343,0.5676178,0.56918645,0.5721769,0.56989735,0.5637590844740783,0.5701065016722465,-0.025000000000000022
1180962418,2025-09,0,Ligue 1,2025,0.50912607,0.49853414,0.50823367,0.49460378,0.49656896,0.4903201157589981,0.5850178000155067,-0.025000000000000022
1180966673,2025-09,0,Ligue 1,2025,0.57948136,0.5652744,0.59537363,0.5859808,0.5756276,0.5695093392687558,0.5689176270792835,-0.025000000000000022
1180976034,2025-09,1,Ligue 1,2025,0.53847635,0.54156446,0.54087794,0.54127985,0.541422155,0.5352089393551946,0.5759513593996868,-0.025000000000000022
1180971779,2025-09,1,Ligue 1,2025,0.52285963,0.5133888,0.5299021,0.5231889,0.51828885,0.5120446822983765,0.5806418617862279,-0.025000000000000022
1180976885,2025-09,1,Ligue 1,2025,0.4482422,0.45313367,0.44589573,0.4663621,0.45974788499999997,0.4535449559102839,0.592419972200574,-0.025000000000000022
1180974332,2025-09,0,Ligue 1,2025,0.46016708,0.4499368,0.46408385,0.45205203,0.45099441500000004,0.4448123495565902,0.5941836143789087,-0.025000000000000022
1180973481,2025-09,1,Ligue 1,2025,0.62179387,0.6237636,0.62638867,0.6146528,0.6192082,0.6132961536795483,0.5596852581585524,-0.025000000000000022
1180970077,2025-09,0,Ligue 1,2025,0.51670665,0.48283204,0.51981986,0.49550694,0.48916949,0.4829244386856404,0.5865053283043465,-0.025000000000000022
1180972630,2025-09,0,Ligue 1,2025,0.5521526,0.5384468,0.54892874,0.54770344,0.54307512,0.5368651426940831,0.5756145219926078,-0.025000000000000022
1180970928,2025-09,0,Ligue 1,2025,0.57587665,0.60253894,0.5764069,0.6021134,0.60232617,0.5963228914817155,0.5633064168207995,-0.025000000000000022
1180975183,2025-09,0,Ligue 1,2025,0.5709799,0.54612935,0.56442994,0.5477313,0.5469303249999999,0.5407284329767533,0.5748278796441996,-0.025000000000000022
1173528933,2025-09,0,Premier League,2025,0.53450805,0.555717,0.5360049,0.55689204,0.5563045200000001,0.4952944816489597,0.5393441987445647,-0.245
1173535741,2025-09,0,Premier League,2025,0.5113227,0.5231352,0.51932526,0.5476647,0.53539995,0.47423212644181006,0.5336453133672249,-0.245
1173534039,2025-09,0,Premier League,2025,0.54527766,0.5423335,0.5460898,0.5374847,0.5399091,0.47875697388895033,0.5348718022535192,-0.245
1173532337,2025-09,0,Premier League,2025,0.48662958,0.48140278,0.47760206,0.47450608,0.47795443,0.41745261481105406,0.5180586220337445,-0.245
1173533188,2025-09,0,Premier League,2025,0.53026545,0.5081512,0.5224514,0.49820757,0.503179385,0.4421891268432646,0.5249041630547734,-0.245
1173529784,2025-09,1,Premier League,2025,0.56544554,0.5680536,0.56450456,0.5670159,0.5675347500000001,0.5066996001707329,0.5424227419174316,-0.245
1173536592,2025-09,0,Premier League,2025,0.5212046,0.48701048,0.51935124,0.49625736,0.49163392,0.43082954268824164,0.521773521264561,-0.245
1173530635,2025-09,1,Premier League,2025,0.47687998,0.44035044,0.4789835,0.4368883,0.43861937,0.37947735788594134,0.5072967295051831,-0.245
1173531486,2025-09,0,Premier League,2025,0.4667445,0.4322167,0.4819098,0.4663683,0.4492925,0.3897104017884295,0.5102330620099408,-0.245
1173534890,2025-09,0,Premier League,2025,0.62614954,0.61887586,0.63165534,0.63884944,0.6288626500000001,0.5701199744216281,0.5595998722447361,-0.245
1173541698,2025-09,1,Premier League,2025,0.5696415,0.5762566,0.56969804,0.5806062,0.5784313999999999,0.517826800743335,0.5454249376128443,-0.245
1173544251,2025-09,1,Premier League,2025,0.4689966,0.40830556,0.46417636,0.40315384,0.40572969999999997,0.3482711877051531,0.49813448135385496,-0.245
1173545102,2025-09,1,Premier League,2025,0.43543625,0.42666727,0.43330327,0.42922863,0.42794794999999997,0.36929827270979043,0.5043446929537707,-0.245
1173539145,2025-09,1,Premier League,2025,0.61596406,0.60265684,0.61731136,0.61697686,0.60981685,0.5502157428785882,0.5541821366247265,-0.245
1173539996,2025-09,1,Premier League,2025,0.50652456,0.49629855,0.50043696,0.49712697,0.49671276,0.4358187425638905,0.5231510138260709,-0.245
1173542549,2025-09,1,Premier League,2025,0.64728904,0.631016,0.652965,0.6283434,0.6296797000000001,0.5709781200843689,0.5598344002054448,-0.245
1173540847,2025-09,1,Premier League,2025,0.5595248,0.56251925,0.56360584,0.55789316,0.5602062050000001,0.49924974302072533,0.5404121673351225,-0.245
1173543400,2025-09,1,Premier League,2025,0.4508739,0.42220473,0.44605303,0.425932,0.424068365,0.3656105640287689,0.5032669419985052,-0.245
1173538294,2025-09,0,Premier League,2025,0.6009206,0.57797706,0.6022877,0.5774024,0.57768973,0.5170675274196721,0.545220065006948,-0.245
1173537443,2025-09,1,Premier League,2025,0.5592005,0.5372147,0.57151425,0.5462846,0.5417496500000001,0.4806068196698696,0.5353728108280341,-0.245
1173546804,2025-09,1,Premier League,2025,0.5797772,0.556555,0.5870303,0.5560304,0.5562927,0.4952825109321423,0.539340965778345,-0.245
1173551059,2025-09,1,Premier League,2025,0.46527204,0.4634799,0.46986765,0.47137213,0.46742601500000003,0.40721734659866143,0.5151922345537041,-0.245
1173548506,2025-09,1,Premier League,2025,0.56401026,0.54523194,0.5616716,0.53584635,0.540539145,0.4793900122297903,0.5350432781434556,-0.245
1173547655,2025-09,1,Premier League,2025,0.6352187,0.6383835,0.63346493,0.635111,0.63674725,0.5784159109802619,0.5618710370165674,-0.245
1173550208,2025-09,1,Premier League,2025,0.5102509,0.49832553,0.5081025,0.49979973,0.49906263,0.43813131751974455,0.5237881526549946,-0.245
1173552761,2025-09,0,Premier League,2025,0.53545016,0.52463764,0.5386144,0.5275683,0.52610297,0.46493438210385274,0.5311200088127808,-0.245
1173553612,2025-09,1,Premier League,2025,0.58388186,0.58139265,0.58568543,0.5844276,0.582910125,0.5224177824369902,0.5466638864448671,-0.245
1173545953,2025-09,1,Premier League,2025,0.54828376,0.54668677,0.5516991,0.54652584,0.5466063050000001,0.4854960643085878,0.5366960013922351,-0.245
1173551910,2025-09,1,Premier League,2025,0.4958365,0.4974946,0.49832812,0.48454413,0.491019365,0.4302266704984734,0.5216067914998134,-0.245
1173549357,2025-09,1,Premier League,2025,0.5737402,0.56793493,0.57455784,0.56185335,0.56489414,0.5040121621215442,0.5416975635365253,-0.245
1183976660,2025-09,1,Segunda,2025,0.43792862,0.46729422,0.44188747,0.4736392,0.47046670999999995,0.4929327627722138,0.49018393664442095,0.09000000000000008
1183973256,2025-09,1,Segunda,2025,0.49033195,0.46266642,0.49655414,0.47830486,0.47048564000000004,0.49295175522001417,0.490204955437106,0.09000000000000008
1183984319,2025-09,1,Segunda,2025,0.5073105,0.54048824,0.5029459,0.5461209,0.54330457,0.5655341535060034,0.5704924960969893,0.09000000000000008
1183986021,2025-09,1,Segunda,2025,0.5746446,0.5818781,0.5770582,0.57983816,0.58085813,0.6025968373956503,0.6113099209431566,0.09000000000000008
1183988574,2025-09,0,Segunda,2025,0.5085228,0.50805414,0.5099009,0.5075383,0.50779622,0.5302598270077051,0.5314996346468871,0.09000000000000008
1183982617,2025-09,1,Segunda,2025,0.50434434,0.49892506,0.508623,0.5037276,0.50132633,0.5238083147172065,0.5243599059411651,0.09000000000000008
1183980915,2025-09,1,Segunda,2025,0.43887419,0.46282345,0.44005737,0.47491032,0.468866885,0.4913274257987872,0.4884073680608453,0.09000000000000008
1183986872,2025-09,1,Segunda,2025,0.41085714,0.41261616,0.42154294,0.40334797,0.407982065,0.42988662953365003,0.4205615284513135,0.09000000000000008
1183987723,2025-09,0,Segunda,2025,0.47071046,0.49290627,0.46888795,0.5021867,0.497546485,0.5200357310248651,0.5201843065155793,0.09000000000000008
1183983468,2025-09,1,Segunda,2025,0.4283536,0.43582645,0.42796478,0.42704168,0.431434065,0.4536329547891499,0.44673731040122233,0.09000000000000008
1188803532,2025-09,0,Segunda,2025,0.41894984,0.40419692,0.4215321,0.40904674,0.40662183,0.4285062238091717,0.4190424088669211,0.09000000000000008
1183985170,2025-09,1,Segunda,2025,0.664807,0.63847816,0.66798556,0.63914526,0.63881171,0.6593076382050161,0.6732252089491508,0.09000000000000008
1188804383,2025-09,0,Segunda,2025,0.5352933,0.559337,0.5369646,0.5576295,0.55848325,0.5805444157945732,0.5870479070092404,0.09000000000000008
1188806085,2025-09,1,Segunda,2025,0.47897094,0.51034725,0.477954,0.4987394,0.504543325,0.5270171099666737,0.5279111793453989,0.09000000000000008
1183993680,2025-09,0,Segunda,2025,0.4037239,0.40895143,0.40565395,0.40738255,0.40816699,0.4300742704618099,0.4207680486534533,0.09000000000000008
1183995382,2025-09,1,Segunda,2025,0.45290446,0.4616701,0.45457846,0.46019325,0.460931675,0.48335802358502206,0.4795894844130456,0.09000000000000008
1183996233,2025-09,0,Segunda,2025,0.45212445,0.46535787,0.45326704,0.4719487,0.46865328500000003,0.4911130548132088,0.4881701384194924,0.09000000000000008
1183991978,2025-09,1,Segunda,2025,0.57559913,0.57225454,0.57675326,0.56654215,0.569398345,0.5913132256458932,0.5989057948350803,0.09000000000000008
1188805234,2025-09,1,Segunda,2025,0.54147226,0.54177445,0.5436266,0.5491605,0.545467475,0.5676755532830492,0.5728560385314315,0.09000000000000008
1183992829,2025-09,1,Segunda,2025,0.48744923,0.49080086,0.49732828,0.49326792,0.49203439000000004,0.514529624125179,0.5140895029079222,0.09000000000000008
1183991127,2025-09,1,Segunda,2025,0.45487732,0.45838004,0.4542241,0.45643514,0.45740759,0.4798150918281357,0.47567036114654154,0.09000000000000008
1183994531,2025-09,1,Segunda,2025,0.51765794,0.47054857,0.52550876,0.4755538,0.473051185,0.49552516387402423,0.49305303296807196,0.09000000000000008
1183990276,2025-09,0,Segunda,2025,0.45558318,0.46535483,0.461901,0.46986237,0.4676086,0.4900644800407613,0.487009777800421,0.09000000000000008
1183989425,2025-09,0,Segunda,2025,0.57044977,0.57679546,0.56685686,0.58054495,0.578670205,0.6004443315941497,0.6089454269299891,0.09000000000000008
1184003041,2025-09,0,Segunda,2025,0.4513181,0.41005087,0.4560744,0.43141785,0.42073436,0.4428114823531278,0.4347992436171706,0.09000000000000008
1183997935,2025-09,1,Segunda,2025,0.6305399,0.66502035,0.6303328,0.6639765,0.664498425,0.6842571880839619,0.7001693663623926,0.09000000000000008
1183998786,2025-09,0,Segunda,2025,0.4783936,0.5201293,0.48380318,0.52357805,0.521853675,0.5442515232364151,0.5469773213607433,0.09000000000000008
1188806936,2025-09,1,Segunda,2025,0.44594994,0.46233186,0.44056827,0.4572281,0.45977998,0.4822004172859528,0.4783088853904016,0.09000000000000008
1183997084,2025-09,1,Segunda,2025,0.5847025,0.5774111,0.5880784,0.5801716,0.5787913499999999,0.6005635374382887,0.6090763952447729,0.09000000000000008
1184002190,2025-09,0,Segunda,2025,0.47270417,0.48452273,0.47258013,0.48589498,0.485208855,0.5077039283678854,0.5065336631832139,0.09000000000000008
1184004743,2025-09,0,Segunda,2025,0.50869507,0.5589316,0.5036841,0.5506722,0.5548019,0.5769076589018266,0.5830394786195953,0.09000000000000008
1184005594,2025-09,1,Segunda,2025,0.4568549,0.46926767,0.4624633,0.47184867,0.47055817,0.49302452388760926,0.4902854880615606,0.09000000000000008
1184003892,2025-09,0,Segunda,2025,0.42171946,0.4359075,0.41836652,0.43058005,0.433243775,0.4554611884066055,0.44875555332740474,0.09000000000000008
1183999637,2025-09,1,Segunda,2025,0.6004778,0.59054434,0.6032547,0.596619,0.5935816700000001,0.6150977549916229,0.6250239992149753,0.09000000000000008
1184001339,2025-09,1,Segunda,2025,0.47410864,0.4843873,0.47886696,0.4703731,0.47738020000000003,0.49986474963725047,0.49785620723019375,0.09000000000000008
1184007296,2025-09,0,Segunda,2025,0.4406089,0.43393412,0.44172367,0.43417305,0.434053585,0.4562790934725468,0.4496585818189503,0.09000000000000008
1188807787,2025-09,1,Segunda,2025,0.6533425,0.6015434,0.6563324,0.6012057,0.60137455,0.6227402833869704,0.6333918719328987,0.09000000000000008
1184010700,2025-09,0,Segunda,2025,0.6311372,0.662675,0.63014984,0.6604633,0.66156915,0.6814177184340495,0.6971138652456078,0.09000000000000008
1184009849,2025-09,1,Segunda,2025,0.5324335,0.54914445,0.53245914,0.54306126,0.546102855,0.5683044581927039,0.5735500835218759,0.09000000000000008
1184008998,2025-09,1,Segunda,2025,0.4475801,0.45451814,0.45007047,0.46097785,0.457747995,0.48015741567521963,0.47604900189400084,0.09000000000000008
1184012402,2025-09,0,Segunda,2025,0.4792041,0.4871489,0.47965845,0.4937049,0.4904269,0.5129228513397284,0.512310869882617,0.09000000000000008
1184014104,2025-09,1,Segunda,2025,0.554096,0.5283481,0.55100036,0.5353743,0.5318612,0.5541907372242441,0.5579642386913863,0.09000000000000008
1184013253,2025-09,0,Segunda,2025,0.41977167,0.41401953,0.4256669,0.42054915,0.41728434000000003,0.43931772577938283,0.4309482153325739,0.09000000000000008
1184014955,2025-09,0,Segunda,2025,0.45020956,0.44868976,0.45380384,0.4567318,0.45271078,0.47508965713525503,0.4704443591079909,0.09000000000000008
1184006445,2025-09,0,Segunda,2025,0.57025164,0.5845684,0.5733754,0.5900446,0.5873065,0.6089359287861796,0.6182681460413528,0.09000000000000008
1172580919,2025-09,0,Serie A,2025,0.45116216,0.45039916,0.44526267,0.45448017,0.452439665,0.44872631353065645,0.4683567008802746,-0.015000000000000013
1172583472,2025-09,1,Serie A,2025,0.4542985,0.4303454,0.4585437,0.4352501,0.43279775,0.4291192691401888,0.455086428836369,-0.015000000000000013
1172582621,2025-09,1,Serie A,2025,0.36966878,0.3599936,0.37076467,0.34823722,0.35411541,0.35069219979320526,0.4008786601992488,-0.015000000000000013
1172586025,2025-09,0,Serie A,2025,0.42339507,0.40267953,0.42313662,0.4018386,0.40225906499999997,0.3986577118750634,0.43428815189312636,-0.015000000000000013
1172580068,2025-09,1,Serie A,2025,0.43445596,0.44650698,0.4328455,0.43150043,0.43900370499999997,0.43531295924852864,0.45928663457685076,-0.015000000000000013
1172585174,2025-09,0,Serie A,2025,0.44512516,0.44597587,0.45153865,0.4467784,0.446377135,0.4426733147629195,0.4642677871459816,-0.015000000000000013
1172586876,2025-09,0,Serie A,2025,0.47777206,0.43133348,0.48054332,0.4447864,0.43805994000000004,0.4343709851444127,0.45864837019895205,-0.015000000000000013
1172584323,2025-09,0,Serie A,2025,0.5092359,0.4435285,0.5054446,0.4470609,0.4452947,0.44159269724758027,0.46353712497509786,-0.015000000000000013
1172587727,2025-09,0,Serie A,2025,0.4320557,0.45537266,0.44181418,0.4572013,0.45628698,0.45256815056853283,0.47094877245429145,-0.015000000000000013
1172581770,2025-09,1,Serie A,2025,0.40886134,0.37184247,0.4095897,0.36709192,0.369467195,0.36597967113263846,0.4116339989273302,-0.015000000000000013
1172592833,2025-09,1,Serie A,2025,0.41657367,0.44244257,0.40981036,0.4237381,0.433090335,0.42941125002678665,0.4552846221934714,-0.015000000000000013
1172588578,2025-09,1,Serie A,2025,0.41093475,0.41674322,0.4111229,0.40818468,0.41246395,0.4088337231030905,0.44126513382914234,-0.015000000000000013
1172596237,2025-09,1,Serie A,2025,0.41241908,0.42723456,0.42472634,0.42233095,0.42478275499999996,0.421121818634693,0.4496500850301218,-0.015000000000000013
1172595386,2025-09,0,Serie A,2025,0.45578828,0.4617812,0.4580533,0.4522451,0.45701315,0.45329333633142155,0.47143779501068345,-0.015000000000000013
1172591982,2025-09,0,Serie A,2025,0.4321267,0.42464405,0.43468136,0.419859,0.42225152499999996,0.4185965284674983,0.44793022648205866,-0.015000000000000013
1172594535,2025-09,0,Serie A,2025,0.50066876,0.5617903,0.49525517,0.54647595,0.554133125,0.5504241387863498,0.5366825887663271,-0.015000000000000013
1172589429,2025-09,0,Serie A,2025,0.47411472,0.4877789,0.47216883,0.47130394,0.47954142,0.47579891696856796,0.48658081769338946,-0.015000000000000013
1172590280,2025-09,1,Serie A,2025,0.509488,0.48346886,0.51034415,0.48429242,0.48388064,0.48013551326305687,0.48949289954192965,-0.015000000000000013
1172591131,2025-09,1,Serie A,2025,0.5141898,0.5401582,0.50968874,0.5344604,0.5373093,0.5335781616241645,0.5253487112270906,-0.015000000000000013
1172593684,2025-09,1,Serie A,2025,0.4686389,0.49917468,0.46449107,0.47437423,0.486774455,0.4830278922284147,0.4914344344339706,-0.015000000000000013
1172597939,2025-09,1,Serie A,2025,0.45175824,0.43662238,0.45452332,0.4436418,0.44013209,0.4364392379904083,0.46004954060980935,-0.015000000000000013
1172599641,2025-09,1,Serie A,2025,0.55491227,0.5307949,0.5567244,0.5301767,0.5304857999999999,0.5267481016407364,0.520761539676841,-0.015000000000000013
1172597088,2025-09,0,Serie A,2025,0.4960614,0.48115173,0.5003129,0.49054408,0.48584790499999997,0.4821017747004513,0.49081282827296246,-0.015000000000000013
1172604747,2025-09,1,Serie A,2025,0.45555726,0.4566782,0.4569784,0.45220017,0.454439185,0.45072293123070595,0.46970410165411886,-0.015000000000000013
1172603045,2025-09,0,Serie A,2025,0.41967136,0.43532076,0.4236173,0.4379538,0.43663728,0.4329510751498554,0.4576859138006176,-0.015000000000000013
1172603896,2025-09,0,Serie A,2025,0.43809205,0.42443314,0.43722916,0.4230098,0.42372147,0.42006300074797465,0.4489291717173194,-0.015000000000000013
1172600492,2025-09,1,Serie A,2025,0.4468545,0.46661362,0.45177364,0.4431798,0.45489671,0.4511798089601481,0.47001233241485635,-0.015000000000000013
1172601343,2025-09,1,Serie A,2025,0.5111285,0.47845086,0.5202411,0.48489112,0.48167099,0.4779271288052871,0.4880101174403325,-0.015000000000000013
1172602194,2025-09,1,Serie A,2025,0.46948466,0.4731565,0.48028368,0.4926196,0.48288805,0.4791434736480849,0.4888268549708667,-0.015000000000000013
1172598790,2025-09,0,Serie A,2025,0.41705686,0.37946638,0.42485556,0.39185515,0.385660765,0.3821130181298567,0.42287031678171444,-0.015000000000000013
1181494293,2025-10,0,Bundesliga,2025,0.6332904,0.6237797,0.63283914,0.6240672,0.62392345,0.5929647038461228,0.5787259725299969,-0.13
1181491740,2025-10,1,Bundesliga,2025,0.6173347,0.55132246,0.615703,0.5494331,0.55037778,0.5180414630423028,0.5782741092487624,-0.13
1181495995,2025-10,0,Bundesliga,2025,0.6241207,0.6574642,0.6193906,0.6456816,0.6515729,0.621509508674305,0.5789038730385183,-0.13
1181490038,2025-10,0,Bundesliga,2025,0.48535007,0.41766042,0.48665872,0.42998108,0.42382074999999997,0.39243024170839497,0.57751688224816,-0.13
1181489187,2025-10,1,Bundesliga,2025,0.56795156,0.53076404,0.5612245,0.5305675,0.5306657699999999,0.49820431508949053,0.5781561125188929,-0.13
1181492591,2025-10,0,Bundesliga,2025,0.63685256,0.6369285,0.63489044,0.6380649,0.6374967,0.6069514165171448,0.5788125744994137,-0.13
1181495144,2025-10,0,Bundesliga,2025,0.56020933,0.5145446,0.561638,0.51776135,0.516152975,0.48366441396038906,0.5780696192282951,-0.13
1181493442,2025-10,0,Bundesliga,2025,0.62334657,0.6388752,0.6194445,0.63844424,0.6386597199999999,0.6081521986276757,0.5788200577404082,-0.13
1181490889,2025-10,0,Bundesliga,2025,0.5960859,0.5858751,0.5897594,0.5958345,0.5908548,0.5590975203843827,0.5785198001492284,-0.13
1181502803,2025-10,1,Bundesliga,2025,0.5913241,0.60405016,0.59141576,0.59621465,0.600132405,0.568569426485204,0.5785770420807935,-0.13
1181499399,2025-10,1,Bundesliga,2025,0.6468406,0.6264536,0.64673436,0.61857164,0.62251262,0.5915137713666376,0.5787170443595894,-0.13
1181500250,2025-10,1,Bundesliga,2025,0.5751996,0.5833039,0.57035434,0.57686824,0.58008607,0.5481321722157195,0.5784538513916627,-0.13
1181497697,2025-10,1,Bundesliga,2025,0.645342,0.6135236,0.64546525,0.617128,0.6153257999999999,0.5841310426206234,0.5786717628712338,-0.13
1181501101,2025-10,1,Bundesliga,2025,0.6412732,0.6224036,0.64106196,0.6135402,0.6179718999999999,0.5868476466268834,0.5786883970746904,-0.13
1181503654,2025-10,0,Bundesliga,2025,0.6556853,0.6289248,0.65113145,0.62588584,0.62740532,0.5965478577495845,0.5787480640457943,-0.13
1181496846,2025-10,1,Bundesliga,2025,0.5796918,0.5259042,0.58199483,0.53597,0.5309371,0.4984766756855718,0.578157732031477,-0.13
1181498548,2025-10,1,Bundesliga,2025,0.66078025,0.6655489,0.65940505,0.6632992,0.66442405,0.6348480859847032,0.5789887288892736,-0.13
1181501952,2025-10,0,Bundesliga,2025,0.61486447,0.6160115,0.61188143,0.61126643,0.613638965,0.5824002514424431,0.5786611812450041,-0.13
1181511313,2025-10,0,Bundesliga,2025,0.61334544,0.61015785,0.60977316,0.59971166,0.6049347549999999,0.5734814376487419,0.5786068430254929,-0.13
1181508760,2025-10,0,Bundesliga,2025,0.6256893,0.60943145,0.627829,0.60571957,0.60757551,0.5761851408559303,0.5786232831985344,-0.13
1181506207,2025-10,0,Bundesliga,2025,0.6048027,0.5614475,0.6043279,0.5703407,0.5658941,0.5337283119761406,0.5783676340750772,-0.13
1181504505,2025-10,0,Bundesliga,2025,0.61455446,0.58033407,0.6203469,0.5819642,0.581149135,0.5492132685243098,0.5784603399939248,-0.13
1181509611,2025-10,1,Bundesliga,2025,0.63813585,0.61116517,0.6349798,0.6161724,0.613668785,0.58243084182289,0.5786613681590775,-0.13
1181507909,2025-10,0,Bundesliga,2025,0.6262638,0.6079893,0.62435675,0.60353625,0.605762775,0.5743289930526205,0.5786119937788513,-0.13
1181507058,2025-10,0,Bundesliga,2025,0.614892,0.58001065,0.6194037,0.5839167,0.5819636749999999,0.5500418285248195,0.5784653147718686,-0.13
1181505356,2025-10,0,Bundesliga,2025,0.6104007,0.6170408,0.6071371,0.60822076,0.6126307799999999,0.5813661620653875,0.5786548649830308,-0.13
1181510462,2025-10,1,Bundesliga,2025,0.6620903,0.67177993,0.65801257,0.65843993,0.6651099300000001,0.6355612589587757,0.57899330160104,-0.13
1181512164,2025-10,0,Bundesliga,2025,0.6319539,0.6594046,0.63412654,0.657311,0.6583578,0.6285460888635829,0.5789484831141665,-0.13
1183651578,2025-10,1,La Liga,2025,0.50599855,0.5312814,0.50410354,0.5375302,0.5344058,0.5653345527258344,0.5615214696539106,0.125
1183654131,2025-10,0,La Liga,2025,0.5772232,0.61009747,0.5778399,0.61236745,0.6112324600000001,0.640490978248642,0.6230925179842378,0.125
1183650727,2025-10,1,La Liga,2025,0.61595356,0.5977562,0.61546767,0.59594804,0.59685212,0.626531627817492,0.6115654441153661,0.125
1183648174,2025-10,1,La Liga,2025,0.51814234,0.53522414,0.52182865,0.5397947,0.5375094199999999,0.5683985117355691,0.5640133910523918,0.125
1183652429,2025-10,1,La Liga,2025,0.71888936,0.7328788,0.7237028,0.7262185,0.72954865,0.7534938335817079,0.7192607211518497,0.125
1183647323,2025-10,1,La Liga,2025,0.47699505,0.48303485,0.4793868,0.47434384,0.47868934500000004,0.5099251228605033,0.5165577092785578,0.125
1183654982,2025-10,1,La Liga,2025,0.6613439,0.627161,0.66773707,0.6358639,0.63151245,0.6600934594466145,0.6393773022454179,0.125
1183653280,2025-10,0,La Liga,2025,0.631704,0.6268088,0.6325311,0.62930906,0.62805893,0.6567622154625284,0.6366010200052703,0.125
1183649876,2025-10,1,La Liga,2025,0.65183425,0.6265956,0.64849675,0.63053143,0.628563515,0.6572491113751417,0.6370065649649655,0.125
1183649025,2025-10,1,La Liga,2025,0.5974188,0.55826885,0.59865206,0.5576616,0.557965225,0.5885339460762252,0.5804181655961781,0.125
1183661790,2025-10,0,La Liga,2025,0.49844438,0.4738749,0.49578896,0.4724253,0.4731501,0.5043741349238273,0.512055591268287,0.125
1183662641,2025-10,1,La Liga,2025,0.5577546,0.5882045,0.5636506,0.58563924,0.5869218700000001,0.6168631486817013,0.6036110029136431,0.125
1183657535,2025-10,1,La Liga,2025,0.60019076,0.60829073,0.6066477,0.6157493,0.612020015,0.6412540496645313,0.6237242024713467,0.125
1183663492,2025-10,1,La Liga,2025,0.65291715,0.64814293,0.6474536,0.6385561,0.6433495149999999,0.6714900071044653,0.6489052742989313,0.125
1183656684,2025-10,0,La Liga,2025,0.5187225,0.52024364,0.5183309,0.51921284,0.5197282400000001,0.5508124711985293,0.549722540371914,0.125
1183659237,2025-10,0,La Liga,2025,0.54700685,0.584293,0.5411857,0.5752633,0.57977815,0.6098930649019523,0.5978899358388263,0.125
1183658386,2025-10,1,La Liga,2025,0.65559375,0.675676,0.6528043,0.67506105,0.6753685250000001,0.7021522663191653,0.6748022141339843,0.125
1183660939,2025-10,0,La Liga,2025,0.6590787,0.66901636,0.65651953,0.65355986,0.66128811,0.6886980845427487,0.6633882431284566,0.125
1183660088,2025-10,0,La Liga,2025,0.52425385,0.50330794,0.5338995,0.5070765,0.5051922200000001,0.5363780137371049,0.5380091748457783,0.125
1183655833,2025-10,0,La Liga,2025,0.5405463,0.57203305,0.5439447,0.5795485,0.575790775,0.6059972521522107,0.5946967390506953,0.125
1183671151,2025-10,1,La Liga,2025,0.58602494,0.6107012,0.58364946,0.60085076,0.60577598,0.6352000624780533,0.6187172074650782,0.125
1183666896,2025-10,1,La Liga,2025,0.581442,0.5880348,0.58578455,0.5862957,0.58716525,0.61710039642533,0.6038059264826999,0.125
1183666045,2025-10,0,La Liga,2025,0.54705954,0.5422576,0.5458402,0.532616,0.5374368,0.568326846743381,0.5639550943959243,0.125
1183664343,2025-10,0,La Liga,2025,0.47502375,0.43721524,0.4709847,0.436651,0.43693312,0.4678896852947161,0.48242044341066953,0.125
1183672002,2025-10,0,La Liga,2025,0.63872916,0.6178268,0.64114034,0.6161272,0.616977,0.6460535367113985,0.6277012813633441,0.125
1183667747,2025-10,1,La Liga,2025,0.5961007,0.61564004,0.5933882,0.60098994,0.60831499,0.6376629168190109,0.6207528691665142,0.125
1183670300,2025-10,1,La Liga,2025,0.7297289,0.72647667,0.7333965,0.72463953,0.7255581,0.7497353971295426,0.7159498460925294,0.125
1183668598,2025-10,1,La Liga,2025,0.5723473,0.59751964,0.569467,0.6001576,0.59883862,0.628462919523861,0.6131571165467113,0.125
1183669449,2025-10,0,La Liga,2025,0.5185884,0.52567697,0.5183066,0.53108585,0.5283814099999999,0.5593803948294085,0.556681623992715,0.125
1183665194,2025-10,0,La Liga,2025,0.6652669,0.64227515,0.6652915,0.6510093,0.646642225,0.674654298572233,0.6515594160251797,0.125
1183676257,2025-10,1,La Liga,2025,0.51742953,0.56064343,0.514431,0.55580366,0.558223545,0.5887875675883958,0.5806251610491342,0.125
1180983693,2025-10,0,Ligue 1,2025,0.57674927,0.57453144,0.57612133,0.5781399,0.57633567,0.5702199957820163,0.5642023809840296,-0.025000000000000022
1180981991,2025-10,0,Ligue 1,2025,0.5422118,0.5423123,0.5444899,0.5520398,0.54717605,0.5409746985944286,0.5682514674706081,-0.025000000000000022
1180978587,2025-10,0,Ligue 1,2025,0.5257715,0.5055567,0.5222,0.51008445,0.507820575,0.5015712076781781,0.5736362355493958,-0.025000000000000022
1180977736,2025-10,1,Ligue 1,2025,0.56013113,0.54270756,0.5634283,0.5435122,0.54310988,0.536899972263733,0.5688111759918897,-0.025000000000000022
1180981140,2025-10,1,Ligue 1,2025,0.5649921,0.5659946,0.5649985,0.56883305,0.567413825,0.5612674018705678,0.5654486986534095,-0.025000000000000022
1180984544,2025-10,0,Ligue 1,2025,0.4559311,0.46334267,0.45684442,0.4717373,0.46753998500000005,0.461321696323766,0.5791163850585146,-0.025000000000000022
1180982842,2025-10,1,Ligue 1,2025,0.660632,0.67713016,0.65795976,0.6762222,0.6766761800000001,0.671182563156424,0.5494118179920332,-0.025000000000000022
1180979438,2025-10,1,Ligue 1,2025,0.51678884,0.50926244,0.5143379,0.5030371,0.5061497699999999,0.4999000801391856,0.5738637000482399,-0.025000000000000022
1180980289,2025-10,1,Ligue 1,2025,0.5581416,0.5578493,0.5590189,0.56106514,0.55945722,0.5532867484234828,0.5665543197609068,-0.025000000000000022
1180990501,2025-10,1,Ligue 1,2025,0.5343295,0.54065835,0.5334156,0.52679855,0.5337284499999999,0.527501964258414,0.5700989722701355,-0.025000000000000022
1180989650,2025-10,1,Ligue 1,2025,0.56233925,0.54333234,0.560035,0.5432194,0.54327587,0.5370662953164166,0.5687883468811327,-0.025000000000000022
1180985395,2025-10,1,Ligue 1,2025,0.5361937,0.46019498,0.53028536,0.46071243,0.460453705,0.4542492599513743,0.580082413912398,-0.025000000000000022
1180987948,2025-10,1,Ligue 1,2025,0.47193956,0.45665044,0.4769333,0.45038852,0.45351948,0.44733100437069984,0.5810292280850952,-0.025000000000000022
1180986246,2025-10,1,Ligue 1,2025,0.6083292,0.61327827,0.5989943,0.60488755,0.60908291,0.603114421384233,0.5595540020696006,-0.025000000000000022
1180991352,2025-10,1,Ligue 1,2025,0.55555314,0.55437034,0.5541366,0.5625283,0.55844932,0.5522760289808806,0.5666940121925411,-0.025000000000000022
1180987097,2025-10,1,Ligue 1,2025,0.54652995,0.5398558,0.54694074,0.54944736,0.54465158,0.5384448188130149,0.568599078676575,-0.025000000000000022
1180992203,2025-10,0,Ligue 1,2025,0.53542197,0.5114122,0.53948873,0.5220157,0.51671395,0.5104686495848182,0.5724244393682645,-0.025000000000000022
1180988799,2025-10,0,Ligue 1,2025,0.5498098,0.55219233,0.55138505,0.5574383,0.554815315,0.5486322818758756,0.5671970429382944,-0.025000000000000022
1180999011,2025-10,1,Ligue 1,2025,0.52487105,0.49271002,0.5262038,0.50789005,0.500300035,0.49405031587497683,0.5746597260901471,-0.025000000000000022
1180994756,2025-10,0,Ligue 1,2025,0.51896226,0.4936618,0.52729356,0.49424687,0.49395433499999997,0.48770651846049856,0.5755227992439846,-0.025000000000000022
1180998160,2025-10,0,Ligue 1,2025,0.6072184,0.60208416,0.60782164,0.59933877,0.6007114650000001,0.5947002130124873,0.5607548407978443,-0.025000000000000022
1180995607,2025-10,1,Ligue 1,2025,0.632117,0.65885484,0.6339803,0.66230977,0.660582305,0.6549546725650783,0.5519129577303461,-0.025000000000000022
1180996458,2025-10,1,Ligue 1,2025,0.51536804,0.50669134,0.5178811,0.51670414,0.51169774,0.5054496591348798,0.5731081755423284,-0.025000000000000022
1180993054,2025-10,0,Ligue 1,2025,0.48191443,0.48388427,0.4818829,0.4839391,0.48391168500000004,0.47767099093604987,0.5768884000413719,-0.025000000000000022
1180999862,2025-10,1,Ligue 1,2025,0.6011402,0.5861541,0.5941752,0.5897034,0.58792875,0.5818590101399373,0.5625711357898046,-0.025000000000000022
1180993905,2025-10,0,Ligue 1,2025,0.5205735,0.5256765,0.5169199,0.510525,0.51810075,0.511856440482693,0.5722352870165826,-0.025000000000000022
1180997309,2025-10,1,Ligue 1,2025,0.5783173,0.5528811,0.5744308,0.5522521,0.5525666,0.5463778705004901,0.5675078385278947,-0.025000000000000022
1181003266,2025-10,0,Ligue 1,2025,0.45644194,0.40885797,0.46204084,0.41109452,0.409976245,0.40394274511101497,0.587032626127101,-0.025000000000000022
1181000713,2025-10,0,Ligue 1,2025,0.5330707,0.5254572,0.53011405,0.52747196,0.52646458,0.5202282881322231,0.5710931464132907,-0.025000000000000022
1181004968,2025-10,0,Ligue 1,2025,0.6083423,0.62264603,0.60212225,0.62312996,0.6228879949999999,0.6169977422298566,0.5575515841168119,-0.025000000000000022
1181001564,2025-10,1,Ligue 1,2025,0.5152237,0.5222803,0.52589476,0.5267292,0.52450475,0.5182662651742383,0.5713610018059113,-0.025000000000000022
1181005819,2025-10,1,Ligue 1,2025,0.594317,0.6021848,0.59547377,0.60009277,0.6011387850000001,0.5951296303543329,0.5606937718187057,-0.025000000000000022
1181007521,2025-10,1,Ligue 1,2025,0.56988597,0.56692195,0.5661667,0.56640553,0.5666637400000001,0.5605149140103605,0.5655531530166714,-0.025000000000000022
1181006670,2025-10,0,Ligue 1,2025,0.554747,0.53643006,0.55405366,0.53535616,0.53589311,0.5296700578802017,0.5698022352435989,-0.025000000000000022
1181004117,2025-10,1,Ligue 1,2025,0.56891406,0.5412531,0.56734836,0.52937067,0.535311885,0.529087887866922,0.5698819336994921,-0.025000000000000022
1181002415,2025-10,1,Ligue 1,2025,0.3864642,0.40815958,0.38755003,0.39850813,0.403333855,0.39733227989673864,0.5879609228497121,-0.025000000000000022
1173556165,2025-10,1,Premier League,2025,0.63991946,0.64477843,0.6363662,0.6413538,0.643066115,0.5995755726659312,0.5693601800850022,-0.18499999999999994
1173559569,2025-10,1,Premier League,2025,0.5767333,0.59398806,0.5773184,0.5910138,0.59250093,0.5471875996528036,0.5613198488832226,-0.18499999999999994
1173554463,2025-10,0,Premier League,2025,0.5715413,0.65749764,0.57052314,0.65795064,0.65772414,0.6149501930943236,0.5717712177914429,-0.18499999999999994
1173560420,2025-10,0,Premier League,2025,0.58719826,0.5787374,0.5893078,0.5809748,0.5798561,0.5342419909854329,0.5593596555676849,-0.18499999999999994
1173557867,2025-10,1,Premier League,2025,0.7229032,0.7515659,0.72314245,0.75380075,0.752683325,0.7166642738738479,0.5888614472832399,-0.18499999999999994
1173555314,2025-10,1,Premier League,2025,0.5500948,0.5660245,0.549539,0.55845344,0.56223897,0.5163076651172428,0.5566520117091651,-0.18499999999999994
1173562122,2025-10,1,Premier League,2025,0.60242456,0.58947694,0.59619087,0.58149457,0.585485755,0.5399979786051261,0.560230424495306,-0.18499999999999994
1173558718,2025-10,1,Premier League,2025,0.5270378,0.52385706,0.5333704,0.5081894,0.51602323,0.4698154673404531,0.5496298623674967,-0.18499999999999994
1173561271,2025-10,0,Premier League,2025,0.64932317,0.6458075,0.64599055,0.6359249,0.6408662,0.5972754764607471,0.569001959988566,-0.18499999999999994
1173557016,2025-10,0,Premier League,2025,0.6320726,0.60829866,0.63150775,0.60488856,0.60659361,0.5616880891733094,0.5635248293954511,-0.18499999999999994
1173568079,2025-10,0,Premier League,2025,0.6451065,0.62453943,0.6451809,0.62108094,0.6228101850000001,0.5784693920611296,0.566093812570382,-0.18499999999999994
1173562973,2025-10,1,Premier League,2025,0.6762715,0.68650174,0.6737582,0.69022864,0.68836519,0.6473674483523357,0.576969544273675,-0.18499999999999994
1173567228,2025-10,0,Premier League,2025,0.58255863,0.5842905,0.5849906,0.590292,0.58729125,0.5418465633428791,0.5605103322410544,-0.18499999999999994
1173568930,2025-10,0,Premier League,2025,0.44837004,0.45661688,0.4484532,0.4648408,0.46072884000000003,0.4152244566006287,0.5412471973583595,-0.18499999999999994
1173563824,2025-10,0,Premier League,2025,0.405614,0.38327748,0.39966804,0.3834498,0.38336364,0.34067323653488873,0.529178362745617,-0.18499999999999994
1173564675,2025-10,1,Premier League,2025,0.65313375,0.6491531,0.6463505,0.6319371,0.6405451,0.596939914281096,0.5689497491286516,-0.18499999999999994
1173565526,2025-10,0,Premier League,2025,0.53910977,0.5467211,0.54015064,0.5337939,0.5402575000000001,0.4940951064472834,0.5533018419328428,-0.18499999999999994
1173569781,2025-10,1,Premier League,2025,0.66027373,0.6343289,0.65662825,0.63581485,0.635071875,0.591226448106431,0.5680626653485682,-0.18499999999999994
1173566377,2025-10,1,Premier League,2025,0.7175977,0.701924,0.72025836,0.7000473,0.70098565,0.6608301538536802,0.5791848320786869,-0.18499999999999994
1173570632,2025-10,0,Premier League,2025,0.6127706,0.568773,0.611167,0.5732628,0.5710179,0.5252298949947446,0.5579982508965383,-0.18499999999999994
1173576589,2025-10,1,Premier League,2025,0.45364913,0.42439932,0.46019036,0.44145402,0.43292667,0.38819156783555464,0.5369803998534717,-0.18499999999999994
1173574887,2025-10,1,Premier League,2025,0.5517649,0.5757929,0.55191123,0.5629265,0.5693597,0.5235423854877258,0.5577435339949021,-0.18499999999999994
1173578291,2025-10,1,Premier League,2025,0.6338669,0.66942394,0.6295892,0.67008656,0.66975525,0.6276336140153674,0.5737846656322123,-0.18499999999999994
1173577440,2025-10,1,Premier League,2025,0.6963704,0.6963948,0.6938026,0.69361097,0.6950028850000001,0.6544400136740197,0.5781286555130621,-0.18499999999999994
1173574036,2025-10,1,Premier League,2025,0.697233,0.6939393,0.7005089,0.6986666,0.69630295,0.6558273574086385,0.5783572209337693,-0.18499999999999994
1173579142,2025-10,1,Premier League,2025,0.51963675,0.5583645,0.50951207,0.5393551,0.5488598,0.5027661916653129,0.5546099251279174,-0.18499999999999994
1173572334,2025-10,0,Premier League,2025,0.6197009,0.61707616,0.61996233,0.62046444,0.6187703,0.574279220525247,0.5654503238092301,-0.18499999999999994
1173571483,2025-10,0,Premier League,2025,0.57309,0.5819209,0.57328665,0.5996313,0.5907761,0.5454181238239286,0.5610515202759281,-0.18499999999999994
1173573185,2025-10,0,Premier League,2025,0.62942046,0.61775976,0.6185651,0.61765134,0.6177055499999999,0.5731759241115929,0.5652811290503503,-0.18499999999999994
1173575738,2025-10,0,Premier League,2025,0.6566943,0.6734363,0.65931636,0.67757404,0.67550517,0.6337158355158071,0.5747590694387695,-0.18499999999999994
1184020912,2025-10,0,Segunda,2025,0.44927827,0.45307666,0.44574746,0.44616166,0.44961916,0.4769639294922373,0.47079027685762376,0.1100000000000001
1184015806,2025-10,1,Segunda,2025,0.6050461,0.62441,0.6016181,0.6227332,0.6235716,0.6490203295106638,0.6627939697138814,0.1100000000000001
1184022614,2025-10,1,Segunda,2025,0.5123521,0.55092436,0.5077256,0.5463728,0.54864858,0.5757161094772875,0.5814385427952947,0.1100000000000001
1188808638,2025-10,1,Segunda,2025,0.4873829,0.47926325,0.49101844,0.4758707,0.477566975,0.5050517326109167,0.5022720745783509,0.1100000000000001
1184016657,2025-10,1,Segunda,2025,0.5615609,0.62124527,0.5637716,0.59749955,0.60937241,0.6352195312788166,0.6475803292048362,0.1100000000000001
1184018359,2025-10,0,Segunda,2025,0.6409281,0.6767014,0.6419856,0.6729428,0.6748221,0.6984813661661,0.7167625519300505,0.1100000000000001
1184020061,2025-10,1,Segunda,2025,0.57967055,0.5761019,0.57711565,0.5648767,0.5704893,0.597208624973602,0.6054137871672597,0.1100000000000001
1184023465,2025-10,1,Segunda,2025,0.44446167,0.4494171,0.4442644,0.43938795,0.444402525,0.4717019405672599,0.46489857132592494,0.1100000000000001
1184017508,2025-10,0,Segunda,2025,0.62459964,0.59477204,0.6262735,0.598955,0.59686352,0.6230263008537095,0.6340928748380189,0.1100000000000001
1184024316,2025-10,0,Segunda,2025,0.5362616,0.5593838,0.52764046,0.5525888,0.5559863,0.5829482823989636,0.5895146907734542,0.1100000000000001
1184021763,2025-10,0,Segunda,2025,0.52715015,0.5319786,0.5209832,0.5292558,0.5306172,0.5578947175588959,0.5615074426843466,0.1100000000000001
1184028571,2025-10,0,Segunda,2025,0.4959889,0.5187492,0.5035336,0.504315,0.5115320999999999,0.5389550384379825,0.5402909607319015,0.1100000000000001
1184026869,2025-10,0,Segunda,2025,0.51765424,0.56389725,0.5166231,0.55595,0.559923625,0.5868241954683728,0.5938395248233208,0.1100000000000001
1188809489,2025-10,0,Segunda,2025,0.5429869,0.56333256,0.54720765,0.5583464,0.5608394800000001,0.5877252879103455,0.5948446254060813,0.1100000000000001
1184031975,2025-10,1,Segunda,2025,0.6247016,0.6160476,0.6242534,0.62325394,0.61965077,0.6452137560360716,0.6586035763210816,0.1100000000000001
1184027720,2025-10,0,Segunda,2025,0.6584146,0.65950793,0.6512908,0.6534392,0.656473565,0.6808364307528647,0.6976206957005943,0.1100000000000001
1184025167,2025-10,1,Segunda,2025,0.66732293,0.6785812,0.6751107,0.6846975,0.68163935,0.7050194243962367,0.7238199102761315,0.1100000000000001
1184033677,2025-10,0,Segunda,2025,0.65345967,0.6670101,0.65767086,0.6718978,0.6694539500000001,0.6933262941132637,0.7111841915184931,0.1100000000000001
1184026018,2025-10,0,Segunda,2025,0.5543213,0.58080035,0.5487869,0.589684,0.585242175,0.6116684590133455,0.6214948875835922,0.1100000000000001
1184032826,2025-10,0,Segunda,2025,0.5237728,0.54019153,0.52295554,0.54175985,0.54097569,0.5681411692074082,0.5729716361487278,0.1100000000000001
1184030273,2025-10,0,Segunda,2025,0.45348796,0.46344528,0.45414907,0.4600331,0.46173918999999997,0.4891659430889528,0.4844612675392476,0.1100000000000001
1184031124,2025-10,0,Segunda,2025,0.4998265,0.49908313,0.50602186,0.5045044,0.501793765,0.5292603016875858,0.5294219896831164,0.1100000000000001
1188810340,2025-10,0,Segunda,2025,0.52632946,0.5075892,0.51991254,0.50139725,0.504493225,0.531949753930621,0.532437597485845,0.1100000000000001
1184039634,2025-10,0,Segunda,2025,0.40929675,0.39368,0.40378943,0.40062046,0.39715023,0.42376087358282527,0.4113889755324774,0.1100000000000001
1184034528,2025-10,0,Segunda,2025,0.50993073,0.5136503,0.50814146,0.49151748,0.50258389,0.5300476625617107,0.5303048626503594,0.1100000000000001
1184035379,2025-10,0,Segunda,2025,0.53801274,0.55963063,0.53572017,0.5614354,0.5605330150000001,0.5874237828416226,0.59450833468238,0.1100000000000001
1184036230,2025-10,1,Segunda,2025,0.56388474,0.5994525,0.5588975,0.58610326,0.5927778800000001,0.6190365721349587,0.6296711176896131,0.1100000000000001
1184040485,2025-10,0,Segunda,2025,0.5943266,0.6146575,0.5930225,0.6102661,0.6124618,0.6382258622544429,0.6508993440859789,0.1100000000000001
1184042187,2025-10,1,Segunda,2025,0.5898043,0.59859425,0.59044635,0.6007696,0.5996819250000001,0.6257764777410749,0.6371384742908341,0.1100000000000001
1184041336,2025-10,1,Segunda,2025,0.69810545,0.6912164,0.70134807,0.69068223,0.6909493149999999,0.7139326133882773,0.7334080801294242,0.1100000000000001
1184038783,2025-10,1,Segunda,2025,0.51429737,0.50688756,0.51031274,0.51758766,0.51223761,0.5396565849073985,0.5410772997191137,0.1100000000000001
1188811191,2025-10,1,Segunda,2025,0.5368775,0.5805055,0.53117985,0.5796027,0.5800541,0.6065887344649213,0.61585070723293,0.1100000000000001
1184043889,2025-10,1,Segunda,2025,0.46892327,0.48611307,0.47461668,0.4791761,0.48264458499999996,0.5101362208710735,0.5079743346956732,0.1100000000000001
1188812042,2025-10,0,Segunda,2025,0.46092194,0.45120072,0.45990402,0.45649186,0.45384629,0.48122336309006375,0.47556123355669977,0.1100000000000001
1184048144,2025-10,1,Segunda,2025,0.66050565,0.67563206,0.66082954,0.67037666,0.67300436,0.6967364460479404,0.7148756969470824,0.1100000000000001
1184046442,2025-10,0,Segunda,2025,0.52323043,0.56553733,0.5225674,0.5743697,0.5699535149999999,0.5966826068982816,0.604827979987101,0.1100000000000001
1184044740,2025-10,0,Segunda,2025,0.52732027,0.5895182,0.52524245,0.57527477,0.5823964850000001,0.6088829106361119,0.6184005243753694,0.1100000000000001
1184049846,2025-10,0,Segunda,2025,0.5183276,0.5279452,0.52026236,0.5220704,0.5250078,0.5523362796649679,0.5552838323084218,0.1100000000000001
1184048995,2025-10,1,Segunda,2025,0.6622768,0.63315547,0.6605288,0.64842874,0.6407921050000001,0.6657007642975774,0.6810990526041771,0.1100000000000001
1188812893,2025-10,1,Segunda,2025,0.53512305,0.54050165,0.53899735,0.5406512,0.540576425,0.5677466530084959,0.5725304597215557,0.1100000000000001
1184045591,2025-10,0,Segunda,2025,0.7295819,0.73991334,0.7319733,0.74257743,0.741245385,0.7617778877621303,0.7841401154601826,0.1100000000000001
1184043038,2025-10,0,Segunda,2025,0.59809184,0.6402008,0.59494543,0.63122857,0.635714685,0.6607890489166159,0.675719020425558,0.1100000000000001
1184047293,2025-10,1,Segunda,2025,0.5736025,0.6191742,0.57754165,0.62009454,0.61963437,0.6451978271474272,0.6585860316484655,0.1100000000000001
1184496621,2025-10,0,Segunda,2025,0.64846516,0.65497696,0.6455358,0.642593,0.6487849800000001,0.6734218603383042,0.6895382793683449,0.1100000000000001
1172613257,2025-10,0,Serie A,2025,0.5274479,0.55284005,0.525414,0.535171,0.544005525,0.5464850483477679,0.5319319791234203,0.010000000000000009
1172611555,2025-10,0,Serie A,2025,0.4885839,0.5091816,0.48717022,0.51292336,0.51105248,0.5135509614620505,0.5123487600535316,0.010000000000000009
1172609853,2025-10,1,Serie A,2025,0.57362586,0.6047572,0.57544625,0.6110295,0.60789335,0.6102743514663663,0.5703772582933776,0.010000000000000009
1172608151,2025-10,1,Serie A,2025,0.5512482,0.59575385,0.5534216,0.5925129,0.594133375,0.5965424762330032,0.5620120446297904,0.010000000000000009
1172605598,2025-10,1,Serie A,2025,0.66028666,0.6431386,0.6612371,0.63646567,0.639802135,0.6421034521623572,0.5900397802552708,0.010000000000000009
1172612406,2025-10,1,Serie A,2025,0.5235254,0.55307007,0.5209373,0.551923,0.552496535,0.5549676582913665,0.5369946591390014,0.010000000000000009
1172607300,2025-10,1,Serie A,2025,0.5725516,0.5579492,0.574058,0.54339576,0.55067248,0.5531455292336189,0.535906255010109,0.010000000000000009
1172606449,2025-10,0,Serie A,2025,0.5117587,0.529525,0.5152726,0.5441191,0.53682205,0.5393075554397714,0.5276557573318725,0.010000000000000009
1172610704,2025-10,1,Serie A,2025,0.49133244,0.48672312,0.4895526,0.46526575,0.475994435,0.4784892504329368,0.4915331922343171,0.010000000000000009
1172609002,2025-10,0,Serie A,2025,0.58275414,0.5768634,0.5780058,0.56813955,0.572501475,0.5749471168544957,0.5489679951771848,0.010000000000000009
1172620065,2025-10,0,Serie A,2025,0.41225806,0.40308672,0.41094136,0.40640172,0.40474422,0.4071557603992468,0.44873802424329995,0.010000000000000009
1172618363,2025-10,0,Serie A,2025,0.55366534,0.5901489,0.5491854,0.5754536,0.5828012499999999,0.5852306577050065,0.5551642046136975,0.010000000000000009
1172621767,2025-10,0,Serie A,2025,0.53079283,0.5589942,0.5406779,0.54504955,0.552021875,0.5544935058596092,0.536711385555969,0.010000000000000009
1172620916,2025-10,0,Serie A,2025,0.5885143,0.57861537,0.58709604,0.5759857,0.577300535,0.5797388761026943,0.5518520084873908,0.010000000000000009
1172615810,2025-10,0,Serie A,2025,0.49722376,0.47698227,0.49586397,0.48368067,0.48033147,0.4828280717291567,0.49411160946386984,0.010000000000000009
1172614959,2025-10,0,Serie A,2025,0.45667538,0.48203817,0.45813632,0.4800206,0.48102938500000003,0.4835262390191462,0.4945263860185702,0.010000000000000009
1172617512,2025-10,0,Serie A,2025,0.4244628,0.4119298,0.43116894,0.41308576,0.41250778,0.41493333307171587,0.4534593528160225,0.010000000000000009
1172614108,2025-10,0,Serie A,2025,0.61099064,0.5704299,0.61258775,0.57524693,0.5728384150000001,0.5752835592725021,0.5491703159873051,0.010000000000000009
1172619214,2025-10,1,Serie A,2025,0.59334767,0.5765314,0.5988606,0.5872779,0.58190465,0.5843355550013427,0.5546238294128816,0.010000000000000009
1172616661,2025-10,1,Serie A,2025,0.4788352,0.48434132,0.48062295,0.48283896,0.48359014,0.48608783621930024,0.49604795923696904,0.010000000000000009
1172625171,2025-10,1,Serie A,2025,0.5213142,0.5552103,0.52423066,0.5492617,0.552236,0.554707402446272,0.5368391696840935,0.010000000000000009
1172629426,2025-10,1,Serie A,2025,0.5474957,0.57498616,0.54810494,0.5774299,0.5762080300000001,0.5786480735188763,0.5511950125509146,0.010000000000000009
1172626873,2025-10,0,Serie A,2025,0.49278498,0.5032042,0.48696914,0.49076813,0.49698616500000004,0.4994861286797704,0.5040017747243078,0.010000000000000009
1172626022,2025-10,1,Serie A,2025,0.6060397,0.6289699,0.6101583,0.63636786,0.63266888,0.634989771241651,0.5856077200893337,0.010000000000000009
1172622618,2025-10,1,Serie A,2025,0.49903813,0.45604974,0.4977297,0.4606758,0.45836277000000003,0.4608464468477483,0.48103074590235106,0.010000000000000009
1172628575,2025-10,1,Serie A,2025,0.51589704,0.5612613,0.5158409,0.55218565,0.556723475,0.5591898798899382,0.539518770879529,0.010000000000000009
1172630277,2025-10,1,Serie A,2025,0.46549344,0.4876616,0.46122575,0.47139478,0.47952819,0.4820244892851405,0.4936341671291877,0.010000000000000009
1172627724,2025-10,0,Serie A,2025,0.45483485,0.43393278,0.4560513,0.42452717,0.42922997500000004,0.43168160562500013,0.46356952976281396,0.010000000000000009
1172623469,2025-10,1,Serie A,2025,0.53898674,0.54408276,0.54712397,0.53658086,0.5403318100000001,0.5428145214393333,0.5297443662082331,0.010000000000000009
1172624320,2025-10,0,Serie A,2025,0.56104416,0.59788203,0.55672705,0.58165634,0.589769185,0.592186409867674,0.5593707293308552,0.010000000000000009
1172637085,2025-10,0,Serie A,2025,0.5091638,0.53198904,0.51138943,0.52778816,0.5298886,0.5323789016471232,0.5235331648886035,0.010000000000000009
1172631128,2025-10,1,Serie A,2025,0.5887686,0.56077325,0.58512706,0.567974,0.564373625,0.5668305832563313,0.544094535869289,0.010000000000000009
1172638787,2025-10,1,Serie A,2025,0.5084548,0.5203881,0.5066507,0.51776296,0.5190755300000001,0.5215713943433659,0.5171106756239449,0.010000000000000009
1172633681,2025-10,1,Serie A,2025,0.42112607,0.40564427,0.42660102,0.4106175,0.408130885,0.4105486867218214,0.45079991996832086,0.010000000000000009
1172636234,2025-10,1,Serie A,2025,0.5361661,0.5355155,0.53500015,0.5344629,0.5349892,0.5374760667002155,0.5265655407993085,0.010000000000000009
1172635383,2025-10,0,Serie A,2025,0.5799013,0.5887715,0.5893645,0.59436595,0.591568725,0.5939826461732016,0.5604592095162074,0.010000000000000009
1172631979,2025-10,0,Serie A,2025,0.5253491,0.5675205,0.528865,0.57297075,0.570245625,0.5726945398585456,0.5476140523573806,0.010000000000000009
1172634532,2025-10,0,Serie A,2025,0.4418761,0.48365158,0.4448513,0.47257185,0.47811171500000005,0.48060744950552625,0.49279213651907344,0.010000000000000009
1172632830,2025-10,1,Serie A,2025,0.5096907,0.5061923,0.50992996,0.4967661,0.5014792,0.5039791203082179,0.5066680935730108,0.010000000000000009
1172637936,2025-10,0,Serie A,2025,0.4059568,0.38846025,0.40790185,0.39711618,0.392788215,0.39517581121949463,0.44142782450203777,0.010000000000000009
1181517270,2025-11,0,Bundesliga,2025,0.58171403,0.5843542,0.5861961,0.581347,0.5828506,0.5373021777997433,0.563073395215238,-0.18499999999999994
1181515568,2025-11,1,Bundesliga,2025,0.63893586,0.61781806,0.637329,0.600253,0.60903553,0.5642084938990144,0.5643843940261064,-0.18499999999999994
1181514717,2025-11,1,Bundesliga,2025,0.63998955,0.60215807,0.63923657,0.5984618,0.6003099350000001,0.5552130896185588,0.5639445357667554,-0.18499999999999994
1181516419,2025-11,1,Bundesliga,2025,0.6318903,0.60444057,0.6365609,0.60512996,0.604785265,0.5598231151908242,0.5641697302163725,-0.18499999999999994
1181518121,2025-11,0,Bundesliga,2025,0.50380754,0.47770768,0.5079011,0.48618,0.48194384,0.4360383485009482,0.5581634356608809,-0.18499999999999994
1181513015,2025-11,0,Bundesliga,2025,0.62389106,0.5758135,0.62372243,0.58197784,0.57889567,0.5332612198249049,0.5628775275489606,-0.18499999999999994
1181513866,2025-11,1,Bundesliga,2025,0.6503721,0.6546167,0.6577176,0.65718514,0.65590092,0.6130331783391307,0.5668144478410436,-0.18499999999999994
1181518972,2025-11,1,Bundesliga,2025,0.60023904,0.5709895,0.60137963,0.5699583,0.5704739000000001,0.5246761642354923,0.5624620092502222,-0.18499999999999994
1181526631,2025-11,1,Bundesliga,2025,0.6235327,0.61206806,0.62577885,0.6029698,0.60751893,0.5626428768874074,0.5643077053715685,-0.18499999999999994
1181523227,2025-11,1,Bundesliga,2025,0.5968772,0.5750992,0.5956551,0.572688,0.5738936,0.5281589059571928,0.5626304861422534,-0.18499999999999994
1181525780,2025-11,1,Bundesliga,2025,0.48997718,0.48316416,0.4877227,0.47638956,0.47977685999999997,0.43390489644401325,0.5580585203007672,-0.18499999999999994
1181524078,2025-11,1,Bundesliga,2025,0.5892273,0.5511592,0.5885999,0.5439557,0.54755745,0.5014516444060102,0.5613403359198946,-0.18499999999999994
1181519823,2025-11,0,Bundesliga,2025,0.55594385,0.50348693,0.56573635,0.5095918,0.5065393650000001,0.4603730201891409,0.5593525253531785,-0.18499999999999994
1181520674,2025-11,1,Bundesliga,2025,0.6321727,0.6262728,0.63124835,0.6180261,0.62214945,0.5777836402088193,0.5650520222694658,-0.18499999999999994
1181522376,2025-11,1,Bundesliga,2025,0.5506078,0.5583217,0.5482174,0.5650185,0.5616701,0.5157305178218415,0.5620296921314284,-0.18499999999999994
1181524929,2025-11,1,Bundesliga,2025,0.5890833,0.5831012,0.58995116,0.57361346,0.57835733,0.5327116324265894,0.5628509041170842,-0.18499999999999994
1181521525,2025-11,0,Bundesliga,2025,0.6439849,0.6414989,0.6443817,0.63440096,0.63794993,0.59422935627346,0.5658683912279834,-0.18499999999999994
1181531737,2025-11,1,Bundesliga,2025,0.640859,0.6492275,0.6374948,0.64736557,0.648296535,0.6050518857167786,0.5664110597787442,-0.18499999999999994
1181528333,2025-11,1,Bundesliga,2025,0.5064446,0.51096046,0.51225454,0.5087701,0.50986528,0.46368064174338436,0.5595132574366675,-0.18499999999999994
1181530886,2025-11,0,Bundesliga,2025,0.62263364,0.57002085,0.62402713,0.5788767,0.574448775,0.5287247359020932,0.5626578687707219,-0.18499999999999994
1181534290,2025-11,1,Bundesliga,2025,0.6140388,0.5780661,0.6174825,0.5714302,0.57474815,0.5290299052937502,0.5626726383794772,-0.18499999999999994
1181527482,2025-11,0,Bundesliga,2025,0.63452053,0.6461616,0.6350497,0.6409556,0.6435586,0.6000907474810273,0.5661617093696015,-0.18499999999999994
1181529184,2025-11,1,Bundesliga,2025,0.6320961,0.621381,0.6341607,0.61728346,0.6193322299999999,0.5748616723532528,0.5649078867317832,-0.18499999999999994
1181530035,2025-11,1,Bundesliga,2025,0.6409406,0.6171594,0.6350269,0.6065486,0.611854,0.5671204336038118,0.5645271895218278,-0.18499999999999994
1181532588,2025-11,0,Bundesliga,2025,0.6276185,0.60329115,0.63146174,0.59536874,0.599329945,0.5542046393906841,0.5638953338490793,-0.18499999999999994
1181533439,2025-11,0,Bundesliga,2025,0.5007852,0.46782485,0.5035777,0.4787283,0.473276575,0.4275153673546164,0.5577435378640773,-0.18499999999999994
1181536843,2025-11,0,Bundesliga,2025,0.62464494,0.60918975,0.6280665,0.6175461,0.6133679249999999,0.5686858420991188,0.5646040428567917,-0.18499999999999994
1181541949,2025-11,1,Bundesliga,2025,0.618019,0.59635067,0.6166248,0.5861906,0.591270635,0.5459253423466586,0.5634921272644838,-0.18499999999999994
1181541098,2025-11,1,Bundesliga,2025,0.5200468,0.5178884,0.5250136,0.5192948,0.5185915999999999,0.47237832573019545,0.5599351537952116,-0.18499999999999994
1181535992,2025-11,1,Bundesliga,2025,0.4819386,0.5625082,0.48438412,0.5427647,0.5526364500000001,0.5065818188437973,0.5615879663249015,-0.18499999999999994
1181540247,2025-11,0,Bundesliga,2025,0.6343851,0.6351342,0.6370554,0.6282301,0.63168215,0.5876938643214272,0.5655428621560471,-0.18499999999999994
1181535141,2025-11,1,Bundesliga,2025,0.6322304,0.6138063,0.6352803,0.62043303,0.617119665,0.5725690176614098,0.5647949674773821,-0.18499999999999994
1181539396,2025-11,1,Bundesliga,2025,0.6294226,0.59814656,0.6315541,0.6056595,0.60190303,0.5568532433002377,0.5640246031606884,-0.18499999999999994
1181537694,2025-11,1,Bundesliga,2025,0.61318773,0.57535493,0.60986984,0.5631555,0.5692552150000001,0.5234360886869083,0.5624020462608547,-0.18499999999999994
1181538545,2025-11,0,Bundesliga,2025,0.56805956,0.59731466,0.5663158,0.6015757,0.59944518,0.5543232016998624,0.5639011173887,-0.18499999999999994
1183680512,2025-11,0,La Liga,2025,0.60900646,0.605638,0.61689353,0.60913247,0.607385235,0.6344451159843388,0.6231045051545226,0.11499999999999999
1183673704,2025-11,0,La Liga,2025,0.55398476,0.55484754,0.5471204,0.5532111,0.5540293199999999,0.5822372686142959,0.5775400564611801,0.11499999999999999
1183678810,2025-11,1,La Liga,2025,0.49580774,0.491477,0.49634337,0.49597526,0.49372613,0.5224606743808599,0.5257173444381066,0.11499999999999999
1183677959,2025-11,0,La Liga,2025,0.57174546,0.6215869,0.56514627,0.5993515,0.6104692,0.6374434035048294,0.6257359044649259,0.11499999999999999
1183677108,2025-11,1,La Liga,2025,0.62028474,0.635162,0.6193242,0.62428164,0.62972182,0.6561138326051766,0.6421678057949806,0.11499999999999999
1183672853,2025-11,1,La Liga,2025,0.46477228,0.41893515,0.46597067,0.41828722,0.418611185,0.44683245667514304,0.4601124518866788,0.11499999999999999
1183674555,2025-11,1,La Liga,2025,0.54846245,0.48087463,0.55402577,0.49736437,0.48911950000000004,0.5178601800391831,0.5217339466612538,0.11499999999999999
1183675406,2025-11,0,La Liga,2025,0.5639729,0.55045,0.5584014,0.53545153,0.5429507650000001,0.5713172496590659,0.5680557246288057,0.11499999999999999
1183679661,2025-11,0,La Liga,2025,0.46737352,0.4474216,0.46828145,0.45283327,0.45012743499999996,0.4787239004859564,0.4878244815564356,0.11499999999999999
1183683916,2025-11,1,La Liga,2025,0.55012476,0.5479498,0.54502726,0.5385133,0.54323155,0.57159435817583,0.5682962616988582,0.11499999999999999
1183685618,2025-11,0,La Liga,2025,0.47220975,0.4162674,0.47367302,0.43004102,0.42315421,0.4514439363912066,0.46412646997503604,0.11499999999999999
1183688171,2025-11,0,La Liga,2025,0.533722,0.5693062,0.5327605,0.5732459,0.57127605,0.5991823293944358,0.5922835939884323,0.11499999999999999
1183682214,2025-11,1,La Liga,2025,0.5647583,0.58639073,0.5649912,0.5653551,0.5758729149999999,0.6036875538542167,0.596209854075301,0.11499999999999999
1183684767,2025-11,0,La Liga,2025,0.6125091,0.61127436,0.60644996,0.6209081,0.61609123,0.6429038501399604,0.6305332208392914,0.11499999999999999
1183681363,2025-11,0,La Liga,2025,0.51730794,0.5426834,0.5132736,0.54130715,0.541995275,0.5703741371775078,0.567237129741064,0.11499999999999999
1183687320,2025-11,0,La Liga,2025,0.60130787,0.5839321,0.59743756,0.56486,0.57439605,0.6022406451801912,0.5949485676274143,0.11499999999999999
1183686469,2025-11,0,La Liga,2025,0.4701527,0.46609554,0.46168318,0.4599878,0.46304166999999996,0.4917248947433802,0.4990966794518074,0.11499999999999999
1183689022,2025-11,1,La Liga,2025,0.5704237,0.5511596,0.56660813,0.5421361,0.54664785,0.5749645022872324,0.5712221832276699,0.11499999999999999
1183683065,2025-11,1,La Liga,2025,0.6813881,0.70633584,0.6798829,0.69066274,0.69849929,0.7221520701660593,0.7011173480835222,0.11499999999999999
1183696681,2025-11,0,La Liga,2025,0.6259709,0.63817453,0.6213162,0.628214,0.633194265,0.6594726141238915,0.6451329891070058,0.11499999999999999
1183689873,2025-11,0,La Liga,2025,0.47541708,0.4932588,0.47126907,0.47941026,0.48633453,0.5150765541167669,0.5193236496291842,0.11499999999999999
1183690724,2025-11,0,La Liga,2025,0.592159,0.5294539,0.5932108,0.53761685,0.533535375,0.5620148307628456,0.559984652983259,0.11499999999999999
1183694979,2025-11,1,La Liga,2025,0.5136898,0.5153451,0.5114013,0.51789874,0.51662192,0.5452538684490057,0.5454568080591369,0.11499999999999999
1183697532,2025-11,1,La Liga,2025,0.55811346,0.53389937,0.5604829,0.5328294,0.533364385,0.5618457070682316,0.5598379770110592,0.11499999999999999
1183695830,2025-11,0,La Liga,2025,0.4966751,0.43729258,0.49536267,0.44171578,0.43950418,0.4680001584618864,0.4785174000014586,0.11499999999999999
1183691575,2025-11,1,La Liga,2025,0.6247593,0.62096846,0.61798674,0.60567844,0.61332345,0.6402164892844077,0.6281713909066141,0.11499999999999999
1183694128,2025-11,0,La Liga,2025,0.4523789,0.3980196,0.44981614,0.38726658,0.39264309,0.42037953100087677,0.43702742603070804,0.11499999999999999
1183692426,2025-11,1,La Liga,2025,0.6035106,0.5835972,0.5973671,0.5665318,0.5750645000000001,0.6028955968199187,0.5955194582320699,0.11499999999999999
1183693277,2025-11,1,La Liga,2025,0.57436603,0.5935792,0.5731624,0.60179985,0.597689525,0.6250050835791836,0.6148316893038166,0.11499999999999999
1183700936,2025-11,0,La Liga,2025,0.48838624,0.5254837,0.48837233,0.50631034,0.5158970199999999,0.5445340513083283,0.5448332120062407,0.11499999999999999
1183703489,2025-11,1,La Liga,2025,0.523035,0.542663,0.519387,0.5217649,0.53221395,0.5607076566374655,0.5588510315602756,0.11499999999999999
1183699234,2025-11,1,La Liga,2025,0.53541434,0.48386136,0.52888167,0.4774058,0.48063358,0.5093727884725744,0.5143845301748737,0.11499999999999999
1183702638,2025-11,0,La Liga,2025,0.55594814,0.5066575,0.55014783,0.5061506,0.50640405,0.5350965879648666,0.5366589563081356,0.11499999999999999
1183698383,2025-11,0,La Liga,2025,0.4845605,0.4834342,0.48305193,0.4826745,0.48305434999999997,0.51179566845748,0.5164826656311422,0.11499999999999999
1183705191,2025-11,1,La Liga,2025,0.61898005,0.64861804,0.61276644,0.642912,0.64576502,0.6716098510804813,0.6558735187413911,0.11499999999999999
1183706042,2025-11,0,La Liga,2025,0.58786154,0.5923583,0.58769184,0.5931794,0.59276885,0.6202062083606229,0.6106327943333576,0.11499999999999999
1183700085,2025-11,0,La Liga,2025,0.5604474,0.5258854,0.56392795,0.5154947,0.52069005,0.5492912546045711,0.5489549118689947,0.11499999999999999
1183701787,2025-11,1,La Liga,2025,0.65590334,0.64985543,0.65424865,0.6443556,0.647105515,0.6729020835411718,0.6570195217346001,0.11499999999999999
1181013478,2025-11,0,Ligue 1,2025,0.5430079,0.527459,0.5384828,0.51217127,0.519815135,0.5210630455647305,0.5722988814098202,0.0050000000000001155
1181011776,2025-11,0,Ligue 1,2025,0.6600256,0.66817534,0.659123,0.6725028,0.67033907,0.6714430504511827,0.5626407433476907,0.0050000000000001155
1181008372,2025-11,0,Ligue 1,2025,0.547329,0.53434736,0.54392433,0.5360073,0.53517733,0.5364209214553209,0.5713568442894928,0.0050000000000001155
1181014329,2025-11,1,Ligue 1,2025,0.64100283,0.64142716,0.6410717,0.63719946,0.63931331,0.6404654640559884,0.5647490465545475,0.0050000000000001155
1181010925,2025-11,0,Ligue 1,2025,0.45940486,0.4727853,0.46938992,0.4793962,0.47609075,0.477338038248939,0.5749706892039235,0.0050000000000001155
1181010074,2025-11,0,Ligue 1,2025,0.54007685,0.5390437,0.5429092,0.5285694,0.53380655,0.5350506227050379,0.5714410639446663,0.0050000000000001155
1181012627,2025-11,0,Ligue 1,2025,0.5649856,0.5769376,0.57119226,0.574982,0.5759598,0.5771804843861192,0.5688285496648385,0.0050000000000001155
1181015180,2025-11,0,Ligue 1,2025,0.5087477,0.50852555,0.50947654,0.5121414,0.5103334749999999,0.5115828739403951,0.5728787935143403,0.0050000000000001155
1181009223,2025-11,0,Ligue 1,2025,0.5314989,0.51593137,0.5417558,0.53089535,0.5234133599999999,0.5246604704794887,0.5720785506343512,0.0050000000000001155
1181021988,2025-11,0,Ligue 1,2025,0.5965816,0.59550995,0.5963474,0.6000098,0.5977598749999999,0.5989615001771795,0.5674512603985341,0.0050000000000001155
1181019435,2025-11,0,Ligue 1,2025,0.5146269,0.4793198,0.5131814,0.46880716,0.47406348,0.4753102755748536,0.5750946892237743,0.0050000000000001155
1181016882,2025-11,1,Ligue 1,2025,0.463131,0.48083323,0.46271163,0.48690662,0.48386992500000003,0.4851187222177067,0.5744951918792678,0.0050000000000001155
1181021137,2025-11,1,Ligue 1,2025,0.6467581,0.6488477,0.6498296,0.6422196,0.64553365,0.6466769154837924,0.5643335228913395,0.0050000000000001155
1181017733,2025-11,1,Ligue 1,2025,0.5141119,0.5082735,0.5221132,0.5150322,0.51165285,0.5129020956664786,0.5727981473138719,0.0050000000000001155
1181016031,2025-11,0,Ligue 1,2025,0.4731744,0.48176122,0.47771755,0.49581584,0.48878853,0.4900379689519422,0.5741947351499873,0.0050000000000001155
1181022839,2025-11,0,Ligue 1,2025,0.6252066,0.6335869,0.6316785,0.6302854,0.63193615,0.6330983451626006,0.5652377113329679,0.0050000000000001155
1181020286,2025-11,1,Ligue 1,2025,0.53971565,0.49445042,0.5380501,0.4903111,0.49238076,0.49363051474316116,0.5739753535194315,0.0050000000000001155
1181018584,2025-11,1,Ligue 1,2025,0.56016475,0.55309767,0.5568153,0.5466386,0.549868135,0.5511053897700056,0.5704516766860462,0.0050000000000001155
1181027945,2025-11,1,Ligue 1,2025,0.63830006,0.6567632,0.6304372,0.6383718,0.6475675000000001,0.6487077754511578,0.5641969335964131,0.0050000000000001155
1181025392,2025-11,0,Ligue 1,2025,0.69703096,0.7089717,0.69871485,0.6978,0.70338585,0.7044279590578566,0.5602776757390348,0.0050000000000001155
1181029647,2025-11,1,Ligue 1,2025,0.70224226,0.7155957,0.70213497,0.71254385,0.714069775,0.7150895520154416,0.5594815596355044,0.0050000000000001155
1181028796,2025-11,0,Ligue 1,2025,0.47452497,0.46828705,0.47065234,0.44783273,0.45805989,0.4593013528849358,0.5760754024110103,0.0050000000000001155
1181023690,2025-11,0,Ligue 1,2025,0.5179704,0.49531493,0.5145903,0.4876307,0.49147281499999995,0.4927225021136322,0.5740308000903953,0.0050000000000001155
1181024541,2025-11,1,Ligue 1,2025,0.6037073,0.5880426,0.6097484,0.59765303,0.5928478150000001,0.5940541488757316,0.5677636146817545,0.0050000000000001155
1181030498,2025-11,0,Ligue 1,2025,0.52956414,0.5438611,0.52837324,0.550008,0.54693455,0.5481732424721044,0.570632843312486,0.0050000000000001155
1181027094,2025-11,1,Ligue 1,2025,0.5976798,0.56711864,0.5964041,0.5696445,0.56838157,0.5696077680031207,0.5693024373912052,0.0050000000000001155
1181026243,2025-11,1,Ligue 1,2025,0.63719255,0.625099,0.6359008,0.6258649,0.62548195,0.626652484557714,0.5656617854319224,0.0050000000000001155
1181035604,2025-11,0,Ligue 1,2025,0.56806296,0.55205333,0.56591815,0.5526913,0.552372315,0.5536082744778976,0.5702968444308991,0.0050000000000001155
1181036455,2025-11,0,Ligue 1,2025,0.66703826,0.6791469,0.66953474,0.6751119,0.6771294,0.6782215563379692,0.5621661895345578,0.0050000000000001155
1181037306,2025-11,1,Ligue 1,2025,0.553808,0.55724853,0.55469,0.5617063,0.5594774149999999,0.560709358254976,0.569856542308103,0.0050000000000001155
1181034753,2025-11,1,Ligue 1,2025,0.5372049,0.46752024,0.53770125,0.45515552,0.46133788,0.46258064385272124,0.5758742078763108,0.0050000000000001155
1181038157,2025-11,1,Ligue 1,2025,0.61911964,0.6253654,0.61598545,0.62125134,0.62330837,0.6244816194277983,0.5658039120218192,0.0050000000000001155
1181033051,2025-11,1,Ligue 1,2025,0.5659524,0.5519031,0.56777394,0.55760247,0.554752785,0.5559874550823176,0.5701494960948781,0.0050000000000001155
1181032200,2025-11,0,Ligue 1,2025,0.5115274,0.5135465,0.5117239,0.51703644,0.51529147,0.5165402027784015,0.5725756634108924,0.0050000000000001155
1181031349,2025-11,1,Ligue 1,2025,0.52904147,0.5149197,0.5275105,0.50951123,0.5122154649999999,0.513464640013359,0.5727637535958994,0.0050000000000001155
1181033902,2025-11,0,Ligue 1,2025,0.57313365,0.5972921,0.5659579,0.5944697,0.5958809,0.597084354816225,0.5675708930839236,0.0050000000000001155
1173582546,2025-11,0,Premier League,2025,0.51119435,0.53675216,0.5034641,0.5236567,0.53020443,0.4814997011479866,0.5428150618399972,-0.19499999999999995
1173585099,2025-11,1,Premier League,2025,0.58466816,0.54384685,0.57311314,0.5374173,0.540632075,0.49197256377558357,0.5452978542634794,-0.19499999999999995
1173579993,2025-11,0,Premier League,2025,0.5834178,0.58473194,0.5776511,0.57494557,0.5798387549999999,0.5317351573745623,0.5547061112833888,-0.19499999999999995
1173580844,2025-11,0,Premier League,2025,0.4007255,0.39561185,0.41049773,0.38371712,0.389664485,0.3444054906930518,0.5089163127164963,-0.19499999999999995
1173581695,2025-11,0,Premier League,2025,0.6226378,0.62922204,0.62171066,0.6183075,0.62376477,0.5770216438741139,0.5654968602818371,-0.19499999999999995
1173586801,2025-11,0,Premier League,2025,0.6594452,0.66618186,0.6603573,0.65565825,0.6609200550000001,0.6159509326200752,0.5749655931207774,-0.19499999999999995
1173583397,2025-11,0,Premier League,2025,0.6580643,0.6425184,0.66130745,0.6443191,0.64341875,0.5975419523065636,0.5704573829663397,-0.19499999999999995
1173587652,2025-11,1,Premier League,2025,0.55420256,0.49736634,0.5550755,0.48957118,0.49346876,0.44494255077936173,0.5340877747096956,-0.19499999999999995
1173584248,2025-11,1,Premier League,2025,0.6311361,0.6205851,0.63542444,0.6246396,0.62261235,0.5758234114724219,0.5652089460537901,-0.19499999999999995
1173585950,2025-11,1,Premier League,2025,0.44861016,0.43714157,0.45554128,0.44607815,0.44160986,0.3942144318262885,0.5216821274914512,-0.19499999999999995
1173595311,2025-11,1,Premier League,2025,0.6805595,0.669922,0.68001807,0.66046935,0.665195675,0.620467969753233,0.5760818198314352,-0.19499999999999995
1173591907,2025-11,0,Premier League,2025,0.6001618,0.6373846,0.5985035,0.62519896,0.63129178,0.5848614265355818,0.567385063218656,-0.19499999999999995
1173596162,2025-11,1,Premier League,2025,0.5434829,0.58658195,0.54675233,0.5748557,0.5807188249999999,0.532634771752752,0.5549191939541875,-0.19499999999999995
1173594460,2025-11,1,Premier League,2025,0.42823452,0.42316812,0.43160075,0.41879243,0.420980275,0.37431471805585365,0.5166687200115994,-0.19499999999999995
1173590205,2025-11,0,Premier League,2025,0.5508832,0.5449457,0.54449564,0.53039455,0.537670125,0.4889934208961371,0.544592080170737,-0.19499999999999995
1173591056,2025-11,0,Premier League,2025,0.6202622,0.6247087,0.61786556,0.6188123,0.6217604999999999,0.5749380511334029,0.5649963190015904,-0.19499999999999995
1173589354,2025-11,1,Premier League,2025,0.65121347,0.6547252,0.64896333,0.64926034,0.65199277,0.6065445223797832,0.5726542747888341,-0.19499999999999995
1173588503,2025-11,0,Premier League,2025,0.64686143,0.64582866,0.6428235,0.6418169,0.64382278,0.5979654835989312,0.5705604279933673,-0.19499999999999995
1173593609,2025-11,1,Premier League,2025,0.5738878,0.54309607,0.5664209,0.53248775,0.53779191,0.48911584468079095,0.5446210898437004,-0.19499999999999995
1173592758,2025-11,0,Premier League,2025,0.7078962,0.7252177,0.7071018,0.72342795,0.724322825,0.6837386139555399,0.5922881202771354,-0.19499999999999995
1173599566,2025-11,0,Premier League,2025,0.4599801,0.4078122,0.4733346,0.4223426,0.41507740000000004,0.36864957582480007,0.515221952763937,-0.19499999999999995
1173598715,2025-11,1,Premier League,2025,0.64611244,0.62787163,0.64302176,0.6293618,0.6286167149999999,0.5820725083710474,0.5667124430263657,-0.19499999999999995
1173597864,2025-11,1,Premier League,2025,0.62317216,0.606846,0.6156403,0.592155,0.5995005,0.5519083692722675,0.5594937317299685,-0.19499999999999995
1173604672,2025-11,0,Premier League,2025,0.46589246,0.349821,0.46245342,0.365238,0.3575295,0.3140822076002675,0.5007174509735346,-0.19499999999999995
1173600417,2025-11,0,Premier League,2025,0.4877943,0.51056993,0.4816522,0.49295735,0.50176364,0.45315147060895344,0.536058501326074,-0.19499999999999995
1173602119,2025-11,0,Premier League,2025,0.6352967,0.6352185,0.6296428,0.62897587,0.632097185,0.5857016933533533,0.5675879218911398,-0.19499999999999995
1173603821,2025-11,1,Premier League,2025,0.5909621,0.5473652,0.5878147,0.5371369,0.54225105,0.4936023982563094,0.5456838331715885,-0.19499999999999995
1173601268,2025-11,1,Premier League,2025,0.47062388,0.43162957,0.4814817,0.43983617,0.43573287000000005,0.3885293122949518,0.5202600667558851,-0.19499999999999995
1173597013,2025-11,1,Premier League,2025,0.55617875,0.59648055,0.549542,0.5688549,0.5826677250000001,0.5346280658520688,0.5553914346441469,-0.19499999999999995
1173602970,2025-11,0,Premier League,2025,0.59190494,0.54187113,0.5991919,0.5581536,0.550012365,0.50143015989546,0.5475365343208387,-0.19499999999999995
1173609778,2025-11,1,Premier League,2025,0.55612063,0.57174426,0.5619542,0.55708814,0.5644161999999999,0.5160206946506519,0.550987459172565,-0.19499999999999995
1173611480,2025-11,1,Premier League,2025,0.5354397,0.53514624,0.5423032,0.5377358,0.53644102,0.4877581957757174,0.5442993448896943,-0.19499999999999995
1173606374,2025-11,1,Premier League,2025,0.5521845,0.5905105,0.5518017,0.5723468,0.5814286500000001,0.5333605882221296,0.5550911327054806,-0.19499999999999995
1173608927,2025-11,1,Premier League,2025,0.58452404,0.5746947,0.5777337,0.56426257,0.5694786350000001,0.5211684178637148,0.5522050732180653,-0.19499999999999995
1173612331,2025-11,1,Premier League,2025,0.5994334,0.6229617,0.59538615,0.6251073,0.6240345,0.5773021759540288,0.5655642921708284,-0.19499999999999995
1173608076,2025-11,1,Premier League,2025,0.6142894,0.6184734,0.60850877,0.6016757,0.61007455,0.5628226436477461,0.5620953143771171,-0.19499999999999995
1173610629,2025-11,0,Premier League,2025,0.59688973,0.58529425,0.590717,0.55906665,0.5721804500000001,0.5239199564885263,0.5528560707912509,-0.19499999999999995
1173605523,2025-11,0,Premier League,2025,0.53373015,0.53023684,0.5296712,0.53024656,0.5302417,0.4815370567140091,0.5428239270997438,-0.19499999999999995
1173613182,2025-11,0,Premier League,2025,0.65856844,0.6388673,0.66501284,0.64128625,0.640076775,0.5940412927661738,0.5696067802438848,-0.19499999999999995
1173607225,2025-11,1,Premier League,2025,0.5551824,0.5387618,0.55245256,0.5278676,0.5333147,0.48461898613805826,0.5435550803188505,-0.19499999999999995
1184499174,2025-11,1,Segunda,2025,0.3925124,0.37693584,0.39109495,0.37492213,0.37592898500000005,0.3877300542401209,0.3960463046987457,0.050000000000000044
1184500025,2025-11,1,Segunda,2025,0.5023377,0.48827887,0.49965453,0.48188496,0.485081915,0.49757750491118174,0.49865283021925233,0.050000000000000044
1184497472,2025-11,1,Segunda,2025,0.5072028,0.5016623,0.5076748,0.5074884,0.50457535,0.5170688425010794,0.5168104053580499,0.050000000000000044
1184503429,2025-11,1,Segunda,2025,0.57261735,0.5539211,0.57506996,0.57478994,0.5643555200000001,0.5766064653803057,0.5723299940676898,0.050000000000000044
1188813744,2025-11,0,Segunda,2025,0.4990267,0.48804513,0.4897615,0.48865753,0.48835133,0.5008492209959483,0.5017007003090845,0.050000000000000044
1184500876,2025-11,0,Segunda,2025,0.47422248,0.4639544,0.47832036,0.46327266,0.46361353,0.47606739440123436,0.4786104929270562,0.050000000000000044
1184504280,2025-11,0,Segunda,2025,0.5524787,0.5620261,0.54463804,0.5613102,0.56166815,0.5739376141740535,0.5698375103927947,0.050000000000000044
1184501727,2025-11,1,Segunda,2025,0.6501063,0.6579462,0.6512977,0.65357125,0.6557587250000001,0.6669561484598889,0.6571396677469067,0.050000000000000044
1184498323,2025-11,0,Segunda,2025,0.50025284,0.4864665,0.49483234,0.4729209,0.4796937,0.49218316158394926,0.4936273402373376,0.050000000000000044
1184502578,2025-11,1,Segunda,2025,0.45939213,0.45703498,0.4661244,0.47648707,0.466761025,0.4792238998622615,0.4815522414671527,0.050000000000000044
1184037932,2025-11,0,Segunda,2025,0.45305666,0.46949682,0.45155102,0.47140408,0.47045044999999996,0.4829226202951746,0.4849989769894423,0.050000000000000044
1184511939,2025-11,1,Segunda,2025,0.46380582,0.49946842,0.45859107,0.5023541,0.5009112600000001,0.5134080457006654,0.5134000272840032,0.050000000000000044
1184511088,2025-11,1,Segunda,2025,0.42576075,0.44215432,0.4258422,0.4507838,0.44646906,0.4588563565252347,0.46256436600315043,0.050000000000000044
1184509386,2025-11,1,Segunda,2025,0.55436957,0.548035,0.55786824,0.5510467,0.5495408500000001,0.5618849866699148,0.5585870937502065,0.050000000000000044
1188814595,2025-11,1,Segunda,2025,0.5443194,0.58397686,0.5425149,0.5741318,0.57905433,0.5911913480139781,0.5859604603269748,0.050000000000000044
1184510237,2025-11,0,Segunda,2025,0.54291695,0.53300107,0.54582673,0.5370339,0.535017485,0.5474318515738372,0.5451064012932596,0.050000000000000044
1184507684,2025-11,1,Segunda,2025,0.5242957,0.5171108,0.5268105,0.51245135,0.5147810749999999,0.5272583303088801,0.5263037693721494,0.050000000000000044
1184512790,2025-11,1,Segunda,2025,0.6182905,0.62349766,0.61483645,0.6224793,0.62298848,0.6346579799418247,0.6267045226239223,0.050000000000000044
1184506833,2025-11,1,Segunda,2025,0.5666665,0.56279606,0.5670813,0.5799272,0.57136163,0.5835609363526112,0.5788273001144706,0.050000000000000044
1184513641,2025-11,0,Segunda,2025,0.5298753,0.52647704,0.53591204,0.5352158,0.53084642,0.5432770832321044,0.5412328846825512,0.050000000000000044
1184505982,2025-11,0,Segunda,2025,0.557978,0.57163256,0.55782765,0.57700837,0.574320465,0.5864965054054736,0.5815710043474048,0.050000000000000044
1184517045,2025-11,0,Segunda,2025,0.45186,0.4580136,0.45243573,0.46363816,0.46082588,0.47327093300474954,0.4760040441499778,0.050000000000000044
1184516194,2025-11,1,Segunda,2025,0.53887063,0.51826406,0.5418621,0.5136136,0.5159388300000001,0.528413587233694,0.5273802170351413,0.050000000000000044
1188815446,2025-11,0,Segunda,2025,0.64197063,0.6303507,0.6436309,0.62576926,0.62805998,0.6396632987802117,0.6314108881601108,0.050000000000000044
1184514492,2025-11,1,Segunda,2025,0.60864896,0.60396576,0.60030663,0.5955903,0.59977803,0.6117181915167564,0.6051758267799858,0.050000000000000044
1184520449,2025-11,1,Segunda,2025,0.4276855,0.4070279,0.43530765,0.41040945,0.40871867500000003,0.42085492334706553,0.4270782220459582,0.050000000000000044
1184518747,2025-11,0,Segunda,2025,0.51257926,0.5017714,0.49753207,0.48826164,0.49501651999999996,0.5075157888333206,0.5079110068340033,0.050000000000000044
1184517896,2025-11,1,Segunda,2025,0.51588696,0.4883086,0.52594465,0.49633557,0.49232208499999996,0.5048213319875643,0.5054009698088974,0.050000000000000044
1184519598,2025-11,1,Segunda,2025,0.5984102,0.5862358,0.5980528,0.58604807,0.586141935,0.5982163920897466,0.5925321191208485,0.050000000000000044
1184515343,2025-11,0,Segunda,2025,0.4578217,0.45446128,0.45709103,0.44017568,0.44731848,0.45970977106350924,0.4633603047943828,0.050000000000000044
1184523002,2025-11,0,Segunda,2025,0.44325453,0.4145469,0.44248056,0.42218512,0.41836601,0.4305801143885476,0.43616927247279236,0.050000000000000044
1184522151,2025-11,0,Segunda,2025,0.4987978,0.51076394,0.50096965,0.51035124,0.51055759,0.5230428251826732,0.5223760590366754,0.050000000000000044
1184526406,2025-11,1,Segunda,2025,0.5186099,0.47886133,0.51083994,0.4690722,0.473966765,0.48644652311627823,0.4882825093732849,0.050000000000000044
1188816297,2025-11,1,Segunda,2025,0.66134447,0.685934,0.6604013,0.68190396,0.6839189800000001,0.694626969575543,0.6833581862816394,0.050000000000000044
1184523853,2025-11,1,Segunda,2025,0.50105965,0.5275985,0.49827275,0.5328845,0.5302415,0.5426743830561882,0.5406710376417138,0.050000000000000044
1184531512,2025-11,0,Segunda,2025,0.58574593,0.5935934,0.5889638,0.5909932,0.5922933,0.6043094436024883,0.5982356606499687,0.050000000000000044
1184527257,2025-11,1,Segunda,2025,0.5608506,0.5557414,0.5639113,0.55126035,0.553500875,0.5658222308106815,0.5622613065222604,0.050000000000000044
1184528959,2025-11,1,Segunda,2025,0.4843108,0.4738164,0.484204,0.48917848,0.48149744000000005,0.49398927695420763,0.49530999516177315,0.050000000000000044
1184530661,2025-11,0,Segunda,2025,0.4734362,0.5309725,0.46355528,0.5326638,0.53181815,0.5442451711704693,0.5421353801097142,0.050000000000000044
1184524704,2025-11,1,Segunda,2025,0.50619805,0.50122297,0.5123236,0.5092536,0.505238285,0.5177310384398363,0.5174273170679166,0.050000000000000044
1184528108,2025-11,0,Segunda,2025,0.5966219,0.5769888,0.59459615,0.5728176,0.5749032000000001,0.5870745562612992,0.582111355987349,0.050000000000000044
1184532363,2025-11,1,Segunda,2025,0.43453988,0.45105276,0.43059897,0.46025103,0.45565189500000003,0.4680785233771003,0.47116375085383416,0.050000000000000044
1184525555,2025-11,0,Segunda,2025,0.49302667,0.5198837,0.49371332,0.5266829,0.5232832999999999,0.5357390989418842,0.5342067360559838,0.050000000000000044
1184505131,2025-11,1,Segunda,2025,0.62652606,0.64508474,0.6232639,0.6443019,0.64469332,0.6560618959528108,0.6468555557695225,0.050000000000000044
1188817148,2025-11,1,Segunda,2025,0.60257983,0.60373986,0.6053791,0.5957362,0.59973803,0.6116786122434293,0.6051387353730827,0.050000000000000044
1184534065,2025-11,0,Segunda,2025,0.41891938,0.4049676,0.4187581,0.40300637,0.40398698499999997,0.41608160247499054,0.4226132325900414,0.050000000000000044
1184537469,2025-11,0,Segunda,2025,0.466075,0.46671194,0.4711989,0.46202403,0.464367985,0.47682409988315544,0.4793157409882207,0.050000000000000044
1184540873,2025-11,0,Segunda,2025,0.65346825,0.6148519,0.6497149,0.6064403,0.6106461000000001,0.6224661176837218,0.6152546792339494,0.050000000000000044
1184539171,2025-11,0,Segunda,2025,0.4774131,0.4489247,0.47907776,0.4553648,0.45214475,0.46455735832377065,0.46788079629074325,0.050000000000000044
1184534916,2025-11,1,Segunda,2025,0.537096,0.5811516,0.5396307,0.5899764,0.585564,0.5976437440258227,0.5919962610663815,0.050000000000000044
1184538320,2025-11,1,Segunda,2025,0.42949447,0.4155839,0.42175728,0.41007486,0.41282938,0.4249999545461654,0.43095391151417217,0.050000000000000044
1184541724,2025-11,0,Segunda,2025,0.6546217,0.6597084,0.6499099,0.6618348,0.6607715999999999,0.671887552431836,0.6618016127785996,0.050000000000000044
1184536618,2025-11,0,Segunda,2025,0.52998173,0.56880164,0.52840924,0.5674549,0.56812827,0.5803520113172249,0.5758288730052046,0.050000000000000044
1184535767,2025-11,1,Segunda,2025,0.48229393,0.4946412,0.4798382,0.49683642,0.49573881,0.5082379612945545,0.5085837513557996,0.050000000000000044
1184533214,2025-11,0,Segunda,2025,0.48971635,0.46873945,0.48020154,0.47218555,0.4704625,0.4829346984163127,0.4850102317111248,0.050000000000000044
1172646446,2025-11,0,Serie A,2025,0.57196534,0.56730145,0.5756791,0.5645448,0.565923125,0.5659231250000001,0.5471556376169422,0.0
1172643042,2025-11,0,Serie A,2025,0.5480048,0.57803833,0.54626185,0.5759055,0.576971915,0.576971915,0.5545893563058454,0.0
1172639638,2025-11,1,Serie A,2025,0.45984727,0.43894616,0.45960283,0.44088036,0.43991326,0.43991326000000003,0.46299665597981937,0.0
1172647297,2025-11,1,Serie A,2025,0.48815504,0.46876153,0.4910845,0.47360164,0.47118158499999996,0.47118158499999996,0.4839304907024942,0.0
1172645595,2025-11,1,Serie A,2025,0.51261294,0.55358684,0.5110673,0.5429819,0.54828437,0.54828437,0.5353341646269512,0.0
1172640489,2025-11,0,Serie A,2025,0.5224677,0.5514289,0.5172676,0.55317205,0.552300475,0.552300475,0.5380214843689409,0.0
1172643893,2025-11,1,Serie A,2025,0.424016,0.46000114,0.43035364,0.4751051,0.46755312,0.46755312000000004,0.48150791132725224,0.0
1172642191,2025-11,0,Serie A,2025,0.5025137,0.4700481,0.50892335,0.46369085,0.466869475,0.46686947500000003,0.48105131435951176,0.0
1172644744,2025-11,1,Serie A,2025,0.45516938,0.4575859,0.45750016,0.46983212,0.46370901,0.4637090099999999,0.47893979991252233,0.0
1172641340,2025-11,0,Serie A,2025,0.4840157,0.42898744,0.48154503,0.42103076,0.42500910000000003,0.42500910000000003,0.4529577542975103,0.0
1172654956,2025-11,0,Serie A,2025,0.44809514,0.48132372,0.44986573,0.4866096,0.48396666,0.48396666,0.4924573455744206,0.0
1172653254,2025-11,0,Serie A,2025,0.45891112,0.4222322,0.45433068,0.43069848,0.42646534,0.42646534,0.45394081413683374,0.0
1172649850,2025-11,0,Serie A,2025,0.45927924,0.43919024,0.46160728,0.44146782,0.44032903,0.44032903,0.4632760387606921,0.0
1172652403,2025-11,0,Serie A,2025,0.52453214,0.5541152,0.5207578,0.5353259,0.5447205500000001,0.5447205500000001,0.5329512971813707,0.0
1172654105,2025-11,1,Serie A,2025,0.3936293,0.3607913,0.39584774,0.35823187,0.359511585,0.359511585,0.40805223961937703,0.0
1172648148,2025-11,0,Serie A,2025,0.56130266,0.5559899,0.55790854,0.5297353,0.5428626000000001,0.5428626000000001,0.5317096481874881,0.0
1172650701,2025-11,1,Serie A,2025,0.43289462,0.4207717,0.43952268,0.42377466,0.42227318,0.42227318,0.45110943269692955,0.0
1172648999,2025-11,0,Serie A,2025,0.5167955,0.5224788,0.515463,0.53993374,0.53120627,0.53120627,0.52392828372449,0.0
1172655807,2025-11,0,Serie A,2025,0.5362102,0.56938183,0.5275613,0.55433285,0.56185734,0.56185734,0.5444261726961271,0.0
1172651552,2025-11,0,Serie A,2025,0.5122505,0.5068417,0.5141746,0.48932356,0.49808262999999997,0.4980826299999999,0.5018609134812807,0.0
1172663466,2025-11,0,Serie A,2025,0.4638761,0.4277804,0.4584818,0.43136066,0.42957053,0.42957053,0.45603536354429053,0.0
1172656658,2025-11,1,Serie A,2025,0.40820637,0.36989623,0.40358266,0.3764468,0.373171515,0.37317151500000006,0.4175516400778093,0.0
1172658360,2025-11,1,Serie A,2025,0.5121187,0.42490497,0.50839317,0.42511487,0.42500992,0.42500992,0.45295830799563985,0.0
1172660913,2025-11,1,Serie A,2025,0.57843417,0.57971513,0.5776684,0.574361,0.577038065,0.5770380650000001,0.5546339406908233,0.0
1172664317,2025-11,1,Serie A,2025,0.4585607,0.48990718,0.45524114,0.4737157,0.48181144,0.4818114399999999,0.4910207906362277,0.0
1172657509,2025-11,1,Serie A,2025,0.39382,0.3446161,0.39212525,0.34214696,0.34338153,0.34338153000000005,0.3967186094805543,0.0
1172660062,2025-11,0,Serie A,2025,0.49805546,0.44494486,0.49888515,0.4617448,0.45334483000000003,0.4533448300000001,0.4720065649937295,0.0
1172659211,2025-11,0,Serie A,2025,0.5830814,0.6258042,0.58042896,0.6033617,0.61458295,0.61458295,0.5801268516738883,0.0
1172662615,2025-11,1,Serie A,2025,0.48989385,0.528638,0.4848609,0.52802885,0.528333425,0.528333425,0.5220123631125944,0.0
1172661764,2025-11,1,Serie A,2025,0.4585907,0.44925538,0.4578825,0.46192306,0.45558922,0.4555892200000001,0.47350923683433366,0.0
1172666870,2025-11,0,Serie A,2025,0.5239482,0.5240093,0.52726346,0.518114,0.52106165,0.52106165,0.5171653022889822,0.0
1172667721,2025-11,1,Serie A,2025,0.4007868,0.37892944,0.3980107,0.3861819,0.38255567,0.38255567,0.4240309142100435,0.0
1172671125,2025-11,0,Serie A,2025,0.42826024,0.4161097,0.4329595,0.42426428,0.42018699000000004,0.4201869900000001,0.44969879766811083,0.0
1172668572,2025-11,1,Serie A,2025,0.45663685,0.4445241,0.4550388,0.4370285,0.4407763,0.44077630000000007,0.4635765513747405,0.0
1172670274,2025-11,0,Serie A,2025,0.47789496,0.46439147,0.47862333,0.4512512,0.457821335,0.457821335,0.47500296834296973,0.0
1172669423,2025-11,1,Serie A,2025,0.48146194,0.46604332,0.47921187,0.4614181,0.46373071,0.46373071000000005,0.47895430170174164,0.0
1172671976,2025-11,0,Serie A,2025,0.4529466,0.44308472,0.45549902,0.44792992,0.44550732,0.44550732000000004,0.46675295824692165,0.0
1172665168,2025-11,0,Serie A,2025,0.5760363,0.5432739,0.57709855,0.5517703,0.5475221,0.5475221,0.5348243520388565,0.0
1172672827,2025-11,0,Serie A,2025,0.50371873,0.4787878,0.4973454,0.4695286,0.4741582,0.4741581999999999,0.4859168955500672,0.0
1181547055,2025-12,0,Bundesliga,2025,0.57266843,0.58177626,0.5742272,0.58250046,0.5821383600000001,0.5465046445817453,0.5717341593157301,-0.14500000000000002
1181549608,2025-12,1,Bundesliga,2025,0.52525324,0.5126974,0.52347994,0.49546677,0.504082085,0.4678764840286045,0.5694400045436111,-0.14500000000000002
1181544502,2025-12,1,Bundesliga,2025,0.5744012,0.5701245,0.57244873,0.5634375,0.566781,0.5308930012415558,0.5712771550805491,-0.14500000000000002
1181548757,2025-12,0,Bundesliga,2025,0.63900894,0.64212096,0.6371014,0.6445225,0.64332173,0.609404745798019,0.5736113663363925,-0.14500000000000002
1181542800,2025-12,0,Bundesliga,2025,0.6271361,0.6159096,0.6358556,0.61737543,0.6166425149999999,0.5818376076751584,0.5727794174178044,-0.14500000000000002
1181546204,2025-12,1,Bundesliga,2025,0.52164483,0.50373185,0.5263574,0.5021697,0.502950775,0.4667499531978315,0.5694070474251924,-0.14500000000000002
1181547906,2025-12,0,Bundesliga,2025,0.6691596,0.6513369,0.67146426,0.64014167,0.645739285,0.6119135080462339,0.5736880222034146,-0.14500000000000002
1181545353,2025-12,1,Bundesliga,2025,0.6073241,0.58853054,0.6104711,0.5991303,0.59383042,0.5584374755357846,0.572085151697291,-0.14500000000000002
1181543651,2025-12,0,Bundesliga,2025,0.63665736,0.6161846,0.63193434,0.61241364,0.61429912,0.5794265642519021,0.5727074461973154,-0.14500000000000002
1181556416,2025-12,1,Bundesliga,2025,0.5220877,0.5047785,0.52639896,0.51003015,0.507404325,0.4711868242474558,0.569536792179319,-0.14500000000000002
1181552161,2025-12,1,Bundesliga,2025,0.64920115,0.624729,0.65208894,0.6171254,0.6209272,0.586250286379351,0.5729114360784809,-0.14500000000000002
1181553012,2025-12,0,Bundesliga,2025,0.5893174,0.5468931,0.5918949,0.5465242,0.54670865,0.5105936525282965,0.5706852545606641,-0.14500000000000002
1181555565,2025-12,1,Bundesliga,2025,0.47046018,0.44172788,0.46707535,0.434551,0.43813944000000005,0.40282295260966805,0.5675087609102282,-0.14500000000000002
1181554714,2025-12,1,Bundesliga,2025,0.6385404,0.6249296,0.63445985,0.6233181,0.6241238499999999,0.5895460581704399,0.5730103016747863,-0.14500000000000002
1181550459,2025-12,0,Bundesliga,2025,0.58937633,0.56044626,0.58972186,0.5560274,0.55823683,0.522237663850204,0.5710245522009207,-0.14500000000000002
1181553863,2025-12,1,Bundesliga,2025,0.56513196,0.5479769,0.56724876,0.54561365,0.546795275,0.5106810020160536,0.5706877983980702,-0.14500000000000002
1181551310,2025-12,1,Bundesliga,2025,0.5030662,0.54813415,0.50215304,0.5599658,0.554049975,0.5180042115032429,0.5709011382807516,-0.14500000000000002
1181557267,2025-12,0,Bundesliga,2025,0.66671383,0.66698325,0.66856366,0.66067934,0.663831295,0.6307451660834638,0.5742694563440006,-0.14500000000000002
1181558969,2025-12,0,Bundesliga,2025,0.57956606,0.5711343,0.58268744,0.5689904,0.5700623499999999,0.5342227926431427,0.5713744601428961,-0.14500000000000002
1181558118,2025-12,0,Bundesliga,2025,0.5957829,0.62475955,0.5949055,0.632292,0.628525775,0.5940895644360833,0.5731469848067577,-0.14500000000000002
1181559820,2025-12,0,Bundesliga,2025,0.51778126,0.49494576,0.517576,0.49017182,0.49255879,0.45641911026346593,0.5691042793619893,-0.14500000000000002
1181564926,2025-12,1,Bundesliga,2025,0.58104974,0.57786846,0.57446015,0.5642368,0.5710526300000001,0.5352283195832956,0.5714038602636409,-0.14500000000000002
1181564075,2025-12,0,Bundesliga,2025,0.6395618,0.6186298,0.6363026,0.6118423,0.61523605,0.5803903416896268,0.5727362021800628,-0.14500000000000002
1181560671,2025-12,1,Bundesliga,2025,0.6473766,0.64870274,0.6521455,0.6462857,0.64749422,0.6137357754679537,0.5737438133205923,-0.14500000000000002
1181563224,2025-12,1,Bundesliga,2025,0.6751766,0.6757517,0.67623544,0.6674479,0.6715998,0.6388623066132533,0.5745237104442963,-0.14500000000000002
1181562373,2025-12,0,Bundesliga,2025,0.5331434,0.56407547,0.5336713,0.5631181,0.563596785,0.5276648309021197,0.5711828911880278,-0.14500000000000002
1181561522,2025-12,0,Bundesliga,2025,0.5006768,0.4679852,0.50131446,0.4715597,0.46977245,0.43387514791577125,0.568439201712202,-0.14500000000000002
1183704340,2025-12,1,La Liga,2025,0.53970295,0.54851764,0.5377914,0.55109036,0.549804,0.5682902508083644,0.5650701651983432,0.07499999999999996
1183741784,2025-12,1,La Liga,2025,0.6031169,0.5795207,0.60465586,0.57286465,0.5761926749999999,0.5943947295653488,0.5882929318131201,0.07499999999999996
1183740933,2025-12,0,La Liga,2025,0.59897053,0.62491494,0.59551394,0.6346995,0.62980722,0.6471168447267975,0.635474101065955,0.07499999999999996
1183712850,2025-12,0,La Liga,2025,0.44168544,0.4480486,0.44127163,0.45183325,0.44994092500000005,0.46856417253766475,0.47659625653604565,0.07499999999999996
1183714552,2025-12,0,La Liga,2025,0.43644467,0.40954104,0.4361666,0.40078586,0.40516345,0.42335979934416906,0.4363329175344743,0.07499999999999996
1183706893,2025-12,0,La Liga,2025,0.4604063,0.48906603,0.46662623,0.4787262,0.48389611499999996,0.5026405185800067,0.5068369844593874,0.07499999999999996
1183708595,2025-12,1,La Liga,2025,0.6881183,0.73176706,0.6855646,0.7254182,0.7285926300000001,0.7431668379541497,0.7231779623142188,0.07499999999999996
1183707744,2025-12,0,La Liga,2025,0.49050158,0.465553,0.49158058,0.47526637,0.470409685,0.4891267815364621,0.4948510684651006,0.07499999999999996
1183709446,2025-12,0,La Liga,2025,0.5945903,0.62450385,0.5900472,0.624121,0.6243124250000001,0.6417328236280382,0.6306333861615147,0.07499999999999996
1183713701,2025-12,1,La Liga,2025,0.5515543,0.5861499,0.5534791,0.58501714,0.58558352,0.6036596805681077,0.5965530932969783,0.07499999999999996
1183710297,2025-12,0,La Liga,2025,0.5488535,0.57017833,0.55141973,0.57405764,0.572117985,0.5903706288013039,0.5847085050880431,0.07499999999999996
1183711999,2025-12,0,La Liga,2025,0.568272,0.52860487,0.5604937,0.52442133,0.5265131000000001,0.5451645490374165,0.5445419318686753,0.07499999999999996
1183711148,2025-12,0,La Liga,2025,0.51060927,0.4877487,0.50855786,0.4941597,0.4909542,0.5097019949678322,0.5130981113368883,0.07499999999999996
1183722211,2025-12,1,La Liga,2025,0.52718735,0.52761257,0.5310947,0.53648704,0.532049805,0.5506692823915913,0.549425693034308,0.07499999999999996
1183716254,2025-12,1,La Liga,2025,0.46904507,0.47272167,0.46868545,0.4751075,0.473914585,0.492641411234917,0.49796898057785594,0.07499999999999996
1183720509,2025-12,1,La Liga,2025,0.46308312,0.46270365,0.46577874,0.4631385,0.462921075,0.4816111770017598,0.4881818554496062,0.07499999999999996
1183717105,2025-12,0,La Liga,2025,0.54419494,0.47947764,0.53974456,0.5047747,0.49212617000000003,0.5108738042566653,0.5141370275905637,0.07499999999999996
1183718807,2025-12,0,La Liga,2025,0.41722623,0.37573552,0.41454548,0.3819295,0.37883250999999996,0.39663482856720034,0.41239649833854597,0.07499999999999996
1183723062,2025-12,0,La Liga,2025,0.52243406,0.5624752,0.5209633,0.56321985,0.562847525,0.5812061497866335,0.5765519544162128,0.07499999999999996
1183717956,2025-12,0,La Liga,2025,0.49220556,0.47969952,0.49528295,0.48138347,0.480541495,0.4992816630374114,0.5038584302146333,0.07499999999999996
1183715403,2025-12,1,La Liga,2025,0.53758603,0.5373103,0.53698397,0.5370175,0.5371639,0.5557497976841527,0.5539344032414233,0.07499999999999996
1183721360,2025-12,0,La Liga,2025,0.56161875,0.5470575,0.56088936,0.5502825,0.54867,0.5671661574725809,0.5640715390957347,0.07499999999999996
1183730721,2025-12,1,La Liga,2025,0.46803942,0.4970553,0.46685687,0.49615914,0.49660722,0.515352340581933,0.51810753195082,0.07499999999999996
1183729870,2025-12,0,La Liga,2025,0.4363212,0.46823198,0.43273038,0.47468978,0.47146087999999997,0.49018108899362844,0.4957864249230037,0.07499999999999996
1183727317,2025-12,1,La Liga,2025,0.5323036,0.5427043,0.52811044,0.5418914,0.54229785,0.5608461317663329,0.5584586282997682,0.07499999999999996
1183728168,2025-12,0,La Liga,2025,0.43050718,0.42017382,0.42559332,0.41597348,0.41807364999999996,0.43642441018579164,0.4479939732196322,0.07499999999999996
1183729019,2025-12,0,La Liga,2025,0.5513845,0.5204753,0.5448514,0.53107196,0.52577363,0.5444290038602023,0.5438894599012314,0.07499999999999996
1183726466,2025-12,0,La Liga,2025,0.4696485,0.40925917,0.47180063,0.40136963,0.40531439999999996,0.4235127019172485,0.436469532206832,0.07499999999999996
1183731572,2025-12,0,La Liga,2025,0.6831603,0.70276576,0.68315446,0.6965915,0.69967863,0.7151985641280847,0.6973240601337912,0.07499999999999996
1183725615,2025-12,0,La Liga,2025,0.4312695,0.43483448,0.42677918,0.42937177,0.43210312500000003,0.4505928644892519,0.4606159764651538,0.07499999999999996
1183724764,2025-12,0,La Liga,2025,0.4245411,0.42243105,0.42059866,0.4061562,0.414293625,0.43260180975025947,0.44458443714213824,0.07499999999999996
1183723913,2025-12,1,La Liga,2025,0.44570637,0.44503713,0.44950232,0.44780388,0.44642050499999997,0.465021225850307,0.4734480614327675,0.07499999999999996
1181039859,2025-12,0,Ligue 1,2025,0.6637766,0.6770146,0.6600124,0.6745664,0.6757905,0.6669657160749478,0.5630787258491479,-0.040000000000000036
1181041561,2025-12,0,Ligue 1,2025,0.62846357,0.6471504,0.6249756,0.6459009,0.6465256500000001,0.6373317809553234,0.5617058809302508,-0.040000000000000036
1181043263,2025-12,1,Ligue 1,2025,0.5216824,0.51407814,0.52360094,0.5215832,0.5178306699999999,0.5078375923557384,0.5561032204125088,-0.040000000000000036
1181045816,2025-12,0,Ligue 1,2025,0.5819542,0.60116076,0.5808488,0.6097702,0.60546548,0.5958712033017574,0.5598607433784291,-0.040000000000000036
1181044965,2025-12,0,Ligue 1,2025,0.60029066,0.6195647,0.5978505,0.61893636,0.61925053,0.6097754244154238,0.5604714936281134,-0.040000000000000036
1181044114,2025-12,0,Ligue 1,2025,0.5503173,0.55630654,0.5536189,0.5507597,0.55353312,0.5436278620888993,0.5576157450779349,-0.040000000000000036
1181040710,2025-12,0,Ligue 1,2025,0.5668291,0.58525443,0.57056063,0.58353156,0.584392995,0.5746462794509584,0.5589406883034205,-0.040000000000000036
1181039008,2025-12,1,Ligue 1,2025,0.5489962,0.5319879,0.5490069,0.53045124,0.53121957,0.5212474330116992,0.5566688206792606,-0.040000000000000036
1181042412,2025-12,0,Ligue 1,2025,0.56032246,0.59043986,0.5668167,0.59446067,0.5924502650000001,0.5827575957878877,0.5592907422077649,-0.040000000000000036
1181046667,2025-12,1,Ligue 1,2025,0.45549098,0.4803388,0.45684662,0.47538415,0.477861475,0.46789123795474125,0.5544171413478169,-0.040000000000000036
1181052624,2025-12,1,Ligue 1,2025,0.61779785,0.6184639,0.61996984,0.62288016,0.6206720299999999,0.6112100894484412,0.5605349301808489,-0.040000000000000036
1181050922,2025-12,1,Ligue 1,2025,0.5174054,0.520519,0.52239,0.5187128,0.5196159,0.5096247840653385,0.5561785637645569,-0.040000000000000036
1181051773,2025-12,0,Ligue 1,2025,0.5197902,0.49758187,0.52206105,0.5007439,0.499162885,0.48916458089134107,0.5553160035241458,-0.040000000000000036
1181049220,2025-12,0,Ligue 1,2025,0.4981926,0.49333268,0.49625936,0.50183904,0.49758586000000005,0.4875883914946778,0.5552495140953004,-0.040000000000000036
1181047518,2025-12,1,Ligue 1,2025,0.5190042,0.51849663,0.5151992,0.5252414,0.521869015,0.5118807395373954,0.5562736803378984,-0.040000000000000036
1181048369,2025-12,0,Ligue 1,2025,0.58230114,0.56509984,0.5783852,0.5783867,0.57174327,0.5619222797037271,0.558394860079663,-0.040000000000000036
1181053475,2025-12,0,Ligue 1,2025,0.55994034,0.56163627,0.5602026,0.5696727,0.565654485,0.5558023455539298,0.5581335676300699,-0.040000000000000036
1181050071,2025-12,0,Ligue 1,2025,0.6854464,0.6926101,0.68428904,0.6996191,0.6961146,0.6875872811296846,0.5640694398496316,-0.040000000000000036
1173617437,2025-12,1,Premier League,2025,0.57691157,0.57080233,0.57278854,0.5750117,0.572907015,0.5259071962295794,0.5518762148639743,-0.18999999999999995
1173614884,2025-12,0,Premier League,2025,0.5524075,0.5480809,0.55025196,0.5498799,0.5489804,0.5016379796551053,0.546833247043347,-0.18999999999999995
1173620841,2025-12,1,Premier League,2025,0.6090632,0.57909065,0.6078578,0.5811425,0.580116575,0.5332637853831115,0.553406730952677,-0.18999999999999995
1173614033,2025-12,0,Premier League,2025,0.4844398,0.51306003,0.48162192,0.5040506,0.508555315,0.46113471031630776,0.538387720465948,-0.18999999999999995
1173615735,2025-12,1,Premier League,2025,0.593792,0.5825122,0.59241474,0.58557457,0.584043385,0.5372792668823527,0.5542429415860485,-0.18999999999999995
1173616586,2025-12,0,Premier League,2025,0.43235192,0.37049317,0.43916607,0.36935952,0.369926345,0.3268354855887496,0.5087589513935259,-0.18999999999999995
1173621692,2025-12,0,Premier League,2025,0.474068,0.41928834,0.47065204,0.42539054,0.42233944,0.37679433447874433,0.5202451331712135,-0.18999999999999995
1173618288,2025-12,1,Premier League,2025,0.44035292,0.39490062,0.4510513,0.39432773,0.39461417499999996,0.3502461361649264,0.5142367567795867,-0.18999999999999995
1173619139,2025-12,1,Premier League,2025,0.5213707,0.48504654,0.5183427,0.5003761,0.49271132,0.4454290478666634,0.5350838669286635,-0.18999999999999995
1173619990,2025-12,1,Premier League,2025,0.5686072,0.5256463,0.56811917,0.5316471,0.5286467,0.48118699197926235,0.5425783817314425,-0.18999999999999995
1173622543,2025-12,1,Premier League,2025,0.48514467,0.47779113,0.48025241,0.47364083,0.47571598000000004,0.42868641386526163,0.5315329302280395,-0.18999999999999995
1173629351,2025-12,0,Premier League,2025,0.58763397,0.5690291,0.5918642,0.57688314,0.57295612,0.5259572337419267,0.5518866197084534,-0.18999999999999995
1173623394,2025-12,0,Premier League,2025,0.6507523,0.6512703,0.65134287,0.64195657,0.6466134349999999,0.6020912011227667,0.5679125921114718,-0.18999999999999995
1173628500,2025-12,1,Premier League,2025,0.46017766,0.44837484,0.46171945,0.4454588,0.44691682,0.40055913660588777,0.5254772479353511,-0.18999999999999995
1173627649,2025-12,0,Premier League,2025,0.49816513,0.5131244,0.49995127,0.52062774,0.51687607,0.46942069465183417,0.540122480781662,-0.18999999999999995
1173625096,2025-12,0,Premier League,2025,0.5514903,0.548906,0.55203056,0.5569943,0.55295015,0.5056491953877967,0.5476666919728981,-0.18999999999999995
1173626798,2025-12,1,Premier League,2025,0.575729,0.5881642,0.57589924,0.602558,0.5953611000000001,0.5488865836844242,0.5566644382779727,-0.18999999999999995
1173624245,2025-12,1,Premier League,2025,0.5642991,0.55471534,0.5618045,0.5531538,0.55393457,0.5066448412100244,0.5478735439223354,-0.18999999999999995
1173625947,2025-12,1,Premier League,2025,0.5495237,0.52956426,0.55148137,0.5274725,0.52851838,0.4810584347824181,0.5425515882949283,-0.18999999999999995
1173630202,2025-12,1,Premier League,2025,0.5136977,0.45312253,0.508355,0.45451063,0.45381658,0.4072702127658399,0.5269341097476036,-0.18999999999999995
1173633606,2025-12,0,Premier League,2025,0.4943965,0.45388094,0.4844162,0.45367503,0.453777985,0.40723262483431727,0.5269259727347345,-0.18999999999999995
1173635308,2025-12,0,Premier League,2025,0.6524013,0.64662015,0.6511291,0.646279,0.646449575,0.6019194062690717,0.5678757061193224,-0.18999999999999995
1173632755,2025-12,1,Premier League,2025,0.4488491,0.39822438,0.44882163,0.4070197,0.40262204,0.35788590855133723,0.5159859379078664,-0.18999999999999995
1173631053,2025-12,1,Premier League,2025,0.4618373,0.49940315,0.45946497,0.47214,0.485771575,0.4385795033539479,0.5336352053138402,-0.18999999999999995
1173634457,2025-12,0,Premier League,2025,0.5898789,0.6069112,0.5880755,0.6072891,0.60710015,0.5609796897556747,0.5591962738072104,-0.18999999999999995
1173638712,2025-12,1,Premier League,2025,0.55537045,0.5510796,0.56225204,0.55982864,0.55545412,0.5081824561048457,0.5481929830810086,-0.18999999999999995
1173637010,2025-12,0,Premier League,2025,0.58131385,0.6112696,0.57343453,0.5972627,0.60426615,0.5580551907312451,0.5585829990375069,-0.18999999999999995
1173637861,2025-12,0,Premier League,2025,0.4925317,0.4774282,0.49192357,0.47031546,0.47387183,0.426876136342674,0.5311468623990732,-0.18999999999999995
1173631904,2025-12,1,Premier League,2025,0.55541706,0.5329254,0.55477154,0.53567517,0.534300285,0.48685727172766147,0.5437594488848332,-0.18999999999999995
1173636159,2025-12,1,Premier League,2025,0.6601299,0.6276712,0.6590335,0.62359035,0.625630775,0.5801813361138496,0.5632424762225059,-0.18999999999999995
1173645520,2025-12,1,Premier League,2025,0.60268646,0.5858246,0.6066667,0.5773498,0.5815872,0.5347669079605145,0.5537196758959468,-0.18999999999999995
1173641265,2025-12,0,Premier League,2025,0.5365115,0.5131041,0.5309421,0.5146972,0.51390065,0.46645470014863677,0.5395020830209579,-0.18999999999999995
1173644669,2025-12,0,Premier League,2025,0.54567647,0.55913997,0.5471438,0.5573603,0.558250135,0.5110140497433092,0.5487812305323471,-0.18999999999999995
1173647222,2025-12,0,Premier League,2025,0.46239933,0.42515245,0.46163735,0.42686576,0.426009105,0.3803288137847977,0.5210312081163243,-0.18999999999999995
1173640414,2025-12,1,Premier League,2025,0.53316516,0.49489316,0.5329499,0.4968996,0.49589638,0.44857873421262395,0.5357483169808755,-0.18999999999999995
1173646371,2025-12,1,Premier League,2025,0.5917026,0.5947184,0.5910853,0.59758806,0.59615323,0.5497008811916183,0.5568346013830697,-0.18999999999999995
1173643818,2025-12,1,Premier League,2025,0.51927996,0.49088937,0.52570266,0.4908828,0.49088608499999997,0.4436257942861966,0.5347029877648205,-0.18999999999999995
1173642116,2025-12,0,Premier League,2025,0.48535696,0.48428035,0.48581344,0.48400107,0.48414071000000003,0.4369724413159731,0.5332945358101334,-0.18999999999999995
1173639563,2025-12,1,Premier League,2025,0.6340271,0.6080946,0.6293045,0.60841334,0.60825397,0.5621712733338639,0.5594463524134078,-0.18999999999999995
1173642967,2025-12,0,Premier League,2025,0.56682587,0.56093013,0.5635107,0.55955696,0.5602435450000001,0.5130346781239695,0.5492010088833544,-0.18999999999999995
1173653179,2025-12,0,Premier League,2025,0.66008043,0.6620165,0.65942514,0.66706085,0.664538675,0.6209509328138644,0.5719924587727334,-0.18999999999999995
1173654030,2025-12,1,Premier League,2025,0.58136714,0.5999806,0.58277106,0.6127973,0.6063889499999999,0.5602454775870929,0.5590422427993705,-0.18999999999999995
1173649775,2025-12,0,Premier League,2025,0.40324077,0.3751846,0.40797654,0.37847972,0.37683215999999997,0.3333624853783986,0.5103053539261643,-0.18999999999999995
1173648073,2025-12,1,Premier League,2025,0.5519624,0.5833146,0.55485916,0.5798615,0.58158805,0.5347677769896128,0.5537198568499945,-0.18999999999999995
1173648924,2025-12,1,Premier League,2025,0.6713271,0.6712385,0.6678608,0.6629486,0.6670935499999999,0.6236497698147954,0.5725816673636754,-0.18999999999999995
1173652328,2025-12,1,Premier League,2025,0.49356478,0.5172198,0.4853445,0.5062896,0.5117547,0.4643176279770774,0.5390546900554372,-0.18999999999999995
1173655732,2025-12,0,Premier League,2025,0.5920422,0.5782958,0.5903996,0.5800589,0.57917735,0.5323042504794937,0.5532070030507119,-0.18999999999999995
1173650626,2025-12,1,Premier League,2025,0.57252026,0.54394555,0.5685185,0.56051886,0.5522322049999999,0.5049232998131684,0.5475158779843928,-0.18999999999999995
1173654881,2025-12,1,Premier League,2025,0.45596904,0.43311244,0.4634902,0.44681472,0.43996358,0.39381359094200263,0.5240042768958095,-0.18999999999999995
1173651477,2025-12,0,Premier League,2025,0.53754056,0.52483517,0.5336567,0.52137375,0.52310446,0.47564022671056094,0.5414216025949845,-0.18999999999999995
1173658285,2025-12,1,Premier League,2025,0.43925205,0.41251594,0.44049758,0.41096544,0.41174069,0.36661316669668675,0.5179635678306979,-0.18999999999999995
1173659136,2025-12,1,Premier League,2025,0.58302027,0.57089216,0.5792499,0.57138515,0.5711386549999999,0.5241058836233521,0.5515016885785705,-0.18999999999999995
1173664242,2025-12,1,Premier League,2025,0.6021973,0.6075861,0.6012713,0.6073187,0.6074524,0.5613434122235003,0.5592725959419389,-0.18999999999999995
1173662540,2025-12,0,Premier League,2025,0.49285036,0.49606544,0.49385697,0.49960566,0.49783555,0.45049822821628954,0.5361527567174733,-0.18999999999999995
1173656583,2025-12,1,Premier League,2025,0.5480398,0.51963514,0.5504691,0.5373689,0.52850202,0.4810420449929419,0.5425481723377549,-0.18999999999999995
1173661689,2025-12,1,Premier League,2025,0.46546298,0.4152905,0.45762286,0.41029295,0.412791725,0.3676209954031508,0.5181906077861993,-0.18999999999999995
1188817999,2025-12,1,Segunda,2025,0.5867821,0.59256685,0.59338254,0.59978735,0.5961771,0.6081545054767225,0.6009005841686358,0.050000000000000044
1184545979,2025-12,1,Segunda,2025,0.47055364,0.5267478,0.45986205,0.517576,0.5221619,0.5346209411827453,0.5339152866671365,0.050000000000000044
1184543426,2025-12,0,Segunda,2025,0.49561566,0.47822237,0.50040275,0.48154148,0.47988192500000004,0.49237164969625613,0.49553006382509535,0.050000000000000044
1184542575,2025-12,1,Segunda,2025,0.56617385,0.5947126,0.56266147,0.5938187,0.5942656500000001,0.6062623065309058,0.5991706685502162,0.050000000000000044
1184550234,2025-12,0,Segunda,2025,0.5426307,0.54982215,0.5405861,0.5493082,0.549565175,0.5619091764818496,0.5587281666361423,0.050000000000000044
1184544277,2025-12,1,Segunda,2025,0.5001892,0.50214815,0.49535665,0.51313734,0.5076427450000001,0.5201324497276183,0.5207511520851525,0.050000000000000044
1184549383,2025-12,1,Segunda,2025,0.61160386,0.6280657,0.61300266,0.63290346,0.63048458,0.6420553677696411,0.6319801452526433,0.050000000000000044
1184546830,2025-12,1,Segunda,2025,0.51389295,0.5210735,0.5054985,0.5206794,0.52087645,0.5333390536780519,0.532750394854782,0.050000000000000044
1184551085,2025-12,0,Segunda,2025,0.4766735,0.45011058,0.4777212,0.46393794,0.45702425999999996,0.4694560376850731,0.47469702175333445,0.050000000000000044
1184548532,2025-12,0,Segunda,2025,0.45804548,0.42422134,0.45023495,0.40872383,0.416472585,0.4286721519913524,0.43753780870648834,0.050000000000000044
1184545128,2025-12,1,Segunda,2025,0.4726935,0.49713606,0.46359378,0.49501738,0.49607672,0.5085757983967433,0.5102524543851381,0.050000000000000044
1184554489,2025-12,0,Segunda,2025,0.42536107,0.42913198,0.4240686,0.42242652,0.42577925000000005,0.4380467836612245,0.4460920020933866,0.050000000000000044
1184557042,2025-12,0,Segunda,2025,0.5110034,0.5144849,0.5079116,0.5149981,0.5147415,0.5272188383375491,0.5271893070400288,0.050000000000000044
1184556191,2025-12,0,Segunda,2025,0.5093441,0.53805417,0.50940365,0.53550166,0.536777915,0.5491848844474169,0.54715386889579,0.050000000000000044
1188818850,2025-12,0,Segunda,2025,0.56988686,0.5955283,0.5697189,0.5998751,0.5977017,0.6096634925810525,0.6022804779297466,0.050000000000000044
1184555340,2025-12,1,Segunda,2025,0.55339587,0.53977764,0.5474165,0.530942,0.53535982,0.5477727722446537,0.5458698943626664,0.050000000000000044
1184560446,2025-12,1,Segunda,2025,0.4363926,0.4288339,0.43139917,0.4188776,0.42385575,0.4361099541660411,0.4443254064754912,0.050000000000000044
1184559595,2025-12,0,Segunda,2025,0.5043334,0.5102693,0.5060414,0.5069703,0.5086198,0.5211081009985749,0.5216375168492243,0.050000000000000044
1184552787,2025-12,1,Segunda,2025,0.56286556,0.559091,0.5640424,0.5671064,0.5630987000000001,0.5753583951648061,0.5709730602524073,0.050000000000000044
1184551936,2025-12,1,Segunda,2025,0.44827,0.40790024,0.44189858,0.3978204,0.40286032000000005,0.41494469024918285,0.4249941847322886,0.050000000000000044
1184553638,2025-12,1,Segunda,2025,0.38271752,0.38178915,0.38141435,0.37815428,0.37997171500000004,0.3918200137964946,0.4038075853999419,0.050000000000000044
1184557893,2025-12,1,Segunda,2025,0.5342216,0.56251365,0.5342701,0.5759841,0.569248875,0.5814642647986549,0.5765368193969571,0.050000000000000044
1184562999,2025-12,0,Segunda,2025,0.47568092,0.48365244,0.4744912,0.46770415,0.47567829500000003,0.4881612976114551,0.491703822913545,0.050000000000000044
1188819701,2025-12,0,Segunda,2025,0.5477127,0.55237955,0.55311364,0.56536543,0.5588724899999999,0.571160460438042,0.5671496120793085,0.050000000000000044
1184565552,2025-12,1,Segunda,2025,0.51799124,0.54103833,0.52506316,0.546212,0.543625165,0.5560004355140921,0.5533523361071364,0.050000000000000044
1184569807,2025-12,0,Segunda,2025,0.49565163,0.5113369,0.50246644,0.515556,0.51344645,0.5259264191997709,0.5260150577616377,0.050000000000000044
1184563850,2025-12,0,Segunda,2025,0.4970375,0.5059252,0.49178076,0.494349,0.5001371,0.5126344098933695,0.5139395015216534,0.050000000000000044
1184562148,2025-12,1,Segunda,2025,0.5098477,0.49153534,0.51118726,0.4995478,0.49554157,0.5080407585688362,0.5097663924798487,0.050000000000000044
1184568105,2025-12,1,Segunda,2025,0.48238382,0.48973012,0.48591366,0.48489588,0.487313,0.4998102761579581,0.5022889984657306,0.050000000000000044
1184561297,2025-12,1,Segunda,2025,0.533445,0.5360046,0.5307067,0.5284292,0.5322169000000001,0.5446423994761456,0.5430238903254025,0.050000000000000044
1184564701,2025-12,1,Segunda,2025,0.52023584,0.49507874,0.51815087,0.4990588,0.49706877000000005,0.509567568429331,0.5111534331676201,0.050000000000000044
1184567254,2025-12,1,Segunda,2025,0.4739913,0.48863935,0.46489248,0.48882526,0.488732305,0.5012303945253449,0.5035792361630184,0.050000000000000044
1184566403,2025-12,0,Segunda,2025,0.5736217,0.58254397,0.5633839,0.56547445,0.57400921,0.5861877385900173,0.580843187697035,0.050000000000000044
1172666019,2025-12,1,Serie A,2025,0.47205824,0.47714645,0.4676245,0.4742183,0.475682375,0.4719426794300309,0.4901047348548945,-0.015000000000000013
1172678784,2025-12,1,Serie A,2025,0.49560994,0.49128804,0.499307,0.49398082,0.49263442999999996,0.48888572823209514,0.49730571110665744,-0.015000000000000013
1172675380,2025-12,0,Serie A,2025,0.5586919,0.6037639,0.5573829,0.60642946,0.6050966799999999,0.6015067676748059,0.5455819459705641,-0.015000000000000013
1172681337,2025-12,1,Serie A,2025,0.49989003,0.46192455,0.4968602,0.4554185,0.45867152499999997,0.45494952280009,0.48285893041607,-0.015000000000000013
1172674529,2025-12,0,Serie A,2025,0.44597465,0.43626198,0.45296112,0.43861175,0.437436865,0.43374910709854825,0.47376472786131235,-0.015000000000000013
1172673678,2025-12,0,Serie A,2025,0.42326188,0.37072942,0.41996926,0.3615407,0.36613505999999996,0.3626608984990151,0.4424577022914351,-0.015000000000000013
1172676231,2025-12,1,Serie A,2025,0.3997739,0.3487144,0.39956906,0.33097407,0.339844235,0.33648711092340167,0.4304380114625584,-0.015000000000000013
1172677082,2025-12,1,Serie A,2025,0.4764557,0.49683887,0.47717953,0.49346715,0.49515301,0.491403705291517,0.49837471815048096,-0.015000000000000013
1172677933,2025-12,0,Serie A,2025,0.42750043,0.44795114,0.43277398,0.46833366,0.4581424,0.454421087132903,0.48263307840179165,-0.015000000000000013
1172680486,2025-12,1,Serie A,2025,0.45759162,0.47021937,0.45552844,0.47861472,0.47441704500000004,0.4706783671101688,0.4895666204150363,-0.015000000000000013
1172679635,2025-12,1,Serie A,2025,0.47973305,0.4912207,0.48051816,0.49340066,0.49231068,0.488562069534795,0.49716828717817985,-0.015000000000000013
1172685592,2025-12,0,Serie A,2025,0.4402384,0.4247865,0.4326326,0.42930827,0.427047385,0.42338129676028546,0.46928744653849647,-0.015000000000000013
1172688996,2025-12,0,Serie A,2025,0.4998091,0.54759586,0.500083,0.54485214,0.546224,0.5425035400128665,0.5200942528041175,-0.015000000000000013
1172687294,2025-12,0,Serie A,2025,0.43348312,0.44733486,0.4380971,0.4522561,0.44979548,0.44608615033382804,0.4790656008358096,-0.015000000000000013
1172682188,2025-12,1,Serie A,2025,0.43493682,0.4231759,0.43621692,0.42327595,0.423225925,0.41956861924709987,0.4676350506767982,-0.015000000000000013
1172686443,2025-12,1,Serie A,2025,0.48189488,0.44232503,0.485323,0.45084953,0.44658728000000003,0.4428831109789171,0.47769185846987594,-0.015000000000000013
1172683890,2025-12,1,Serie A,2025,0.45005822,0.44845074,0.44159493,0.4420949,0.44527282,0.4415708543471665,0.47712856298691286,-0.015000000000000013
1172689847,2025-12,0,Serie A,2025,0.445263,0.4378686,0.4463543,0.42011246,0.42899053,0.42532014347496205,0.47012646473807723,-0.015000000000000013
1172684741,2025-12,1,Serie A,2025,0.46616477,0.4811806,0.46431714,0.4775818,0.4793812,0.47563880464887026,0.4916771473928682,-0.015000000000000013
1172683039,2025-12,0,Serie A,2025,0.5197741,0.54464924,0.5247612,0.5626613,0.55365527,0.5499455371764671,0.5232738637571843,-0.015000000000000013
1172688145,2025-12,0,Serie A,2025,0.5208367,0.53591776,0.5186621,0.53287745,0.534397605,0.5306634962767688,0.5150484259281884,-0.015000000000000013
1172695804,2025-12,0,Serie A,2025,0.48277202,0.46573025,0.478494,0.45777002,0.461750135,0.4580242883389276,0.4841723694812846,-0.015000000000000013
1172694953,2025-12,1,Serie A,2025,0.48713088,0.4876398,0.48013234,0.48852038,0.48808008999999997,0.48433296150372834,0.49537225829327375,-0.015000000000000013
1172690698,2025-12,1,Serie A,2025,0.43578142,0.44270808,0.43930602,0.4398364,0.44127224,0.43757729846141163,0.47541247465852504,-0.015000000000000013
1172697506,2025-12,0,Serie A,2025,0.4760601,0.5021993,0.47729653,0.49727887,0.49973908499999997,0.4959891710079054,0.5003210712457973,-0.015000000000000013
1172692400,2025-12,1,Serie A,2025,0.49531993,0.45656434,0.49121928,0.44700068,0.45178251,0.4480701385203532,0.47991569776689186,-0.015000000000000013
1172693251,2025-12,0,Serie A,2025,0.51163226,0.48207363,0.49935275,0.4804719,0.481272765,0.4775291474466121,0.49248095652531027,-0.015000000000000013
1172703463,2025-12,0,Serie A,2025,0.44568887,0.45306468,0.45052314,0.46335664,0.45821066,0.4544892577342638,0.4826622163953166,-0.015000000000000013
1172706016,2025-12,1,Serie A,2025,0.47599894,0.50100106,0.48211542,0.50255436,0.50177771,0.49802772771998177,0.5011862487915736,-0.015000000000000013
1172701761,2025-12,0,Serie A,2025,0.4704937,0.511515,0.46823883,0.4986965,0.50510575,0.5013559241541172,0.5025986939590482,-0.015000000000000013
1172706867,2025-12,1,Serie A,2025,0.42072678,0.39599246,0.4243966,0.4039297,0.39996107999999997,0.39636665790944237,0.45749835112427845,-0.015000000000000013
1172704314,2025-12,0,Serie A,2025,0.43228602,0.43787187,0.44494668,0.433918,0.435894935,0.4322101891421964,0.4731015512324394,-0.015000000000000013
1172702612,2025-12,0,Serie A,2025,0.43432036,0.39369437,0.43394393,0.39985615,0.39677526,0.3931907076316196,0.45609856941965593,-0.015000000000000013
1172700910,2025-12,0,Serie A,2025,0.46693605,0.44941798,0.46653748,0.44025716,0.44483757,0.44113634533115553,0.47694198284577227,-0.015000000000000013
1172700059,2025-12,1,Serie A,2025,0.51819545,0.49457556,0.5146979,0.5117377,0.50315663,0.4994066722177005,0.5017714611102753,-0.015000000000000013
1172699208,2025-12,0,Serie A,2025,0.57593423,0.5904166,0.5744588,0.5977041,0.5940603499999999,0.5904380173920196,0.540740911295474,-0.015000000000000013
1172705165,2025-12,1,Serie A,2025,0.4145925,0.39691585,0.41362453,0.39166155,0.39428870000000005,0.39071206161233757,0.4550038405634321,-0.015000000000000013
1181568330,2026-01,1,Bundesliga,2025,0.6233028,0.60007924,0.62663186,0.5998179,0.59994857,0.5610072230016985,0.5667723783601629,-0.16000000000000003
1181571734,2026-01,1,Bundesliga,2025,0.5046095,0.52998745,0.50967056,0.5279094,0.528948425,0.48898261929886255,0.5670744242680472,-0.16000000000000003
1181569181,2026-01,1,Bundesliga,2025,0.5582957,0.55629414,0.56173575,0.5592736,0.55778387,0.5180353752353868,0.5669530706121295,-0.16000000000000003
1181570032,2026-01,1,Bundesliga,2025,0.5816539,0.57840914,0.5897323,0.58873427,0.583571705,0.5442472118697795,0.5668431608901735,-0.16000000000000003
1181565777,2026-01,1,Bundesliga,2025,0.6616293,0.65417206,0.65592885,0.6496955,0.65193378,0.6148037681893681,0.5665402732427968,-0.16000000000000003
1181567479,2026-01,0,Bundesliga,2025,0.59005046,0.5810663,0.59276694,0.58978933,0.5854278150000001,0.5461422818918961,0.5668351818273211,-0.16000000000000003
1181566628,2026-01,1,Bundesliga,2025,0.51986396,0.54637474,0.52742696,0.53135455,0.538864645,0.49894320290084015,0.567032826033948,-0.16000000000000003
1181579393,2026-01,1,Bundesliga,2025,0.6354248,0.61410534,0.6341754,0.6019776,0.6080414700000001,0.569322386293453,0.5667370514994549,-0.16000000000000003
1181577691,2026-01,1,Bundesliga,2025,0.52934855,0.53631216,0.53208435,0.5434486,0.53988038,0.4999652743363044,0.5670285582760296,-0.16000000000000003
1181574287,2026-01,0,Bundesliga,2025,0.5978294,0.58141583,0.60353106,0.5787271,0.5800714650000001,0.5406765971040163,0.5668581801629153,-0.16000000000000003
1181580244,2026-01,1,Bundesliga,2025,0.53843135,0.5305892,0.53779376,0.5285386,0.5295639,0.4895999254428434,0.5670718455271786,-0.16000000000000003
1181575138,2026-01,1,Bundesliga,2025,0.62767756,0.6439597,0.6323822,0.64159954,0.64277962,0.605264355179658,0.5665821454982912,-0.16000000000000003
1181576840,2026-01,1,Bundesliga,2025,0.6159056,0.5799507,0.62053233,0.57950157,0.579726135,0.540324543081553,0.5668596600437427,-0.16000000000000003
1181578542,2026-01,0,Bundesliga,2025,0.59665805,0.59116983,0.59625745,0.58036125,0.58576554,0.5464872182429711,0.5668337288938468,-0.16000000000000003
1181573436,2026-01,1,Bundesliga,2025,0.4822356,0.49493727,0.4832929,0.48974007,0.49233867,0.45248190978194236,0.567227419380105,-0.16000000000000003
1181587052,2026-01,1,Bundesliga,2025,0.6323309,0.60338557,0.63195926,0.6049315,0.604158535,0.5653300834341243,0.5667540322903376,-0.16000000000000003
1181583648,2026-01,0,Bundesliga,2025,0.57764006,0.5700495,0.5859992,0.57942694,0.57473822,0.5352438891321362,0.5668809986714094,-0.16000000000000003
1181582797,2026-01,1,Bundesliga,2025,0.5798584,0.5766152,0.58706576,0.574206,0.5754106,0.5359282928656197,0.5668781260949584,-0.16000000000000003
1181581946,2026-01,1,Bundesliga,2025,0.48187524,0.50030446,0.48163563,0.49721774,0.49876109999999996,0.4588543541437834,0.5672006021401437,-0.16000000000000003
1181587903,2026-01,1,Bundesliga,2025,0.60035014,0.5976785,0.6025299,0.5959234,0.59680095,0.5577790519580011,0.5667860527246548,-0.16000000000000003
1181584499,2026-01,0,Bundesliga,2025,0.6572703,0.63722384,0.65750587,0.63569796,0.6364609,0.59869634067608,0.5666107685160866,-0.16000000000000003
1181585350,2026-01,1,Bundesliga,2025,0.64291483,0.650929,0.64415866,0.65002346,0.65047623,0.6132829647524813,0.5665469737688781,-0.16000000000000003
1181586201,2026-01,1,Bundesliga,2025,0.50787413,0.4814617,0.50542307,0.47077832,0.47612001,0.4364474303044253,0.5672952067190302,-0.16000000000000003
1181581095,2026-01,1,Bundesliga,2025,0.5564738,0.5745134,0.5631943,0.58266073,0.578587065,0.5391635726245164,0.5668645390558013,-0.16000000000000003
1181594711,2026-01,0,Bundesliga,2025,0.42611462,0.40341178,0.42776322,0.41799784,0.41070481000000003,0.372606157645172,0.5675722583770678,-0.16000000000000003
1181589605,2026-01,1,Bundesliga,2025,0.46107763,0.4990859,0.46133906,0.49087462,0.49498026,0.4551013594316494,0.5672163885369043,-0.16000000000000003
1181588754,2026-01,0,Bundesliga,2025,0.64551425,0.6381532,0.64649165,0.62550604,0.63182962,0.5938909384197733,0.5666316116326796,-0.16000000000000003
1181591307,2026-01,1,Bundesliga,2025,0.634888,0.6203849,0.6368757,0.62661135,0.623498125,0.5852644554419837,0.5666688355612333,-0.16000000000000003
1181593860,2026-01,1,Bundesliga,2025,0.60448587,0.61685497,0.60681134,0.60657805,0.6117165099999999,0.5731055809167733,0.5667209246037317,-0.16000000000000003
1181593009,2026-01,0,Bundesliga,2025,0.6196177,0.5989162,0.6267145,0.6045593,0.6017377500000001,0.5628436602933423,0.5667645895732014,-0.16000000000000003
1181595562,2026-01,0,Bundesliga,2025,0.5255667,0.527149,0.5276593,0.5330187,0.53008385,0.4901215173775043,0.5670696667245673,-0.16000000000000003
1181590456,2026-01,0,Bundesliga,2025,0.65875113,0.6592394,0.65603983,0.65072197,0.654980685,0.6179852443924017,0.5665262236936703,-0.16000000000000003
1181592158,2026-01,1,Bundesliga,2025,0.59369814,0.57858706,0.5947527,0.5811902,0.57988863,0.5404901971714223,0.5668589637278576,-0.16000000000000003
1181572585,2026-01,0,Bundesliga,2025,0.5859416,0.5746481,0.58812594,0.55934083,0.5669944650000001,0.527372363603562,0.5669139994049353,-0.16000000000000003
1181570883,2026-01,1,Bundesliga,2025,0.47472492,0.43986186,0.47931132,0.44524327,0.442552565,0.4035225743776547,0.5674363327622477,-0.16000000000000003
1181598966,2026-01,0,Bundesliga,2025,0.6308631,0.61808676,0.6313794,0.624306,0.62119638,0.5828853398722341,0.5666790608372847,-0.16000000000000003
1181598115,2026-01,1,Bundesliga,2025,0.64699,0.65002596,0.6477694,0.652604,0.65131498,0.6141580254635711,0.5665431195298979,-0.16000000000000003
1181596413,2026-01,1,Bundesliga,2025,0.4588744,0.4622787,0.45843735,0.46371683,0.462997765,0.42353461954162647,0.5673501981160759,-0.16000000000000003
1181601519,2026-01,1,Bundesliga,2025,0.58916724,0.57223713,0.59477574,0.5803587,0.576297915,0.5368317028258723,0.5668743334279844,-0.16000000000000003
1181603221,2026-01,1,Bundesliga,2025,0.62517726,0.60279006,0.6325269,0.6052586,0.60402433,0.5651921883724595,0.5667546181510693,-0.16000000000000003
1181600668,2026-01,1,Bundesliga,2025,0.49123567,0.4689057,0.48870277,0.45424014,0.46157292,0.4221357520597765,0.5673561806768774,-0.16000000000000003
1181599817,2026-01,1,Bundesliga,2025,0.6260551,0.6202381,0.63091797,0.63651466,0.62837638,0.5903125886412043,0.5666470815213748,-0.16000000000000003
1183737529,2026-01,1,La Liga,2025,0.43864673,0.44335285,0.4301053,0.44293004,0.443141445,0.45055655038245407,0.45547212966341444,0.030000000000000027
1183733274,2026-01,1,La Liga,2025,0.4760901,0.47604212,0.47830528,0.47798294,0.47701253,0.4845012800613812,0.48699192220372167,0.030000000000000027
1183736678,2026-01,1,La Liga,2025,0.44617185,0.42730156,0.44773087,0.42051,0.42390578,0.43124828106790614,0.43751442153145687,0.030000000000000027
1183734125,2026-01,1,La Liga,2025,0.55566716,0.5656152,0.5528025,0.56587064,0.5657429199999999,0.5730981976935541,0.5692238574261873,0.030000000000000027
1183734976,2026-01,0,La Liga,2025,0.63865995,0.6211997,0.6452695,0.63342893,0.627314315,0.6343008384411,0.6262966179552001,0.030000000000000027
1183740082,2026-01,0,La Liga,2025,0.55374473,0.5711068,0.549228,0.5635118,0.5673093,0.574657993537719,0.570674170183235,0.030000000000000027
1183738380,2026-01,1,La Liga,2025,0.58611834,0.564497,0.5851602,0.552366,0.5584315,0.5658155751193454,0.562454513613305,0.030000000000000027
1183735827,2026-01,1,La Liga,2025,0.51363426,0.5460294,0.5144586,0.53233546,0.53918243,0.5466270628121718,0.5446324646838062,0.030000000000000027
1183732423,2026-01,1,La Liga,2025,0.45596796,0.48167533,0.4558987,0.47869673,0.48018603000000004,0.4876781437531965,0.4899397036922128,0.030000000000000027
1183739231,2026-01,1,La Liga,2025,0.502594,0.4857978,0.5043818,0.47126952,0.47853365999999997,0.486024097881585,0.48840496038545916,0.030000000000000027
1183742635,2026-01,1,La Liga,2025,0.42209086,0.4356125,0.41974086,0.42623496,0.43092373,0.4382953072394781,0.44407165347490607,0.030000000000000027
1183746039,2026-01,1,La Liga,2025,0.4652935,0.4489173,0.46529132,0.45422515,0.451571225,0.4590111157730098,0.46332769626075626,0.030000000000000027
1183748592,2026-01,1,La Liga,2025,0.44696918,0.44501424,0.45665693,0.44243413,0.443724185,0.45114114157426444,0.4560154362476145,0.030000000000000027
1183743486,2026-01,0,La Liga,2025,0.45862466,0.4300986,0.46167094,0.43971673,0.434907665,0.44229442528326385,0.44779115440598194,0.030000000000000027
1183747741,2026-01,1,La Liga,2025,0.53570354,0.5455087,0.54053104,0.54296017,0.5442344349999999,0.5516653161102592,0.5493102305072326,0.030000000000000027
1183745188,2026-01,1,La Liga,2025,0.42919692,0.4313702,0.43555155,0.4435691,0.43746965,0.44486566823508433,0.45018202189851436,0.030000000000000027
1183744337,2026-01,1,La Liga,2025,0.48303637,0.49379283,0.49067774,0.49984902,0.49682092499999997,0.5043207746017125,0.5053793472318365,0.030000000000000027
1183746890,2026-01,0,La Liga,2025,0.53594047,0.5386311,0.5397422,0.53464586,0.53663848,0.5440894600608581,0.5422768122505142,0.030000000000000027
1183752847,2026-01,0,La Liga,2025,0.5177248,0.5259516,0.5224614,0.5318898,0.5289207,0.5363885684321371,0.5351294530216713,0.030000000000000027
1183756251,2026-01,0,La Liga,2025,0.50460017,0.5069615,0.5046695,0.49738446,0.50217298,0.5096717870999056,0.5103430483065136,0.030000000000000027
1183754549,2026-01,1,La Liga,2025,0.41097608,0.42915902,0.41033235,0.41548714,0.42232307999999996,0.4296586127740471,0.43603469263187306,0.030000000000000027
1183755400,2026-01,1,La Liga,2025,0.48000365,0.50579596,0.48235622,0.49275297,0.49927446500000006,0.5067740499838738,0.5076550602750399,0.030000000000000027
1183750294,2026-01,0,La Liga,2025,0.6321443,0.63197327,0.63154656,0.6144307,0.623201985,0.6302201571893987,0.6224782080343622,0.030000000000000027
1183753698,2026-01,0,La Liga,2025,0.44804963,0.44478306,0.4459777,0.44166622,0.44322464,0.45064001092103634,0.4555496973803963,0.030000000000000027
1183749443,2026-01,0,La Liga,2025,0.45694685,0.43747106,0.46376127,0.4387549,0.43811298,0.4455112607664238,0.45078225496370355,0.030000000000000027
1183751145,2026-01,0,La Liga,2025,0.4473955,0.4569086,0.4452694,0.44259053,0.44974956499999996,0.45718446240939775,0.46163079729847367,0.030000000000000027
1183757102,2026-01,1,La Liga,2025,0.62977725,0.6112528,0.6380414,0.61061466,0.61093373,0.6180403572971822,0.6110940939656906,0.030000000000000027
1183751996,2026-01,1,La Liga,2025,0.5236948,0.55237705,0.5250062,0.5379031,0.545140075,0.5525683297388401,0.5501487487897104,0.030000000000000027
1183761357,2026-01,1,La Liga,2025,0.54514706,0.5585037,0.5448737,0.558194,0.55834885,0.5657332324240636,0.5623779932870984,0.030000000000000027
1183762208,2026-01,1,La Liga,2025,0.47783074,0.50037396,0.4749691,0.49460655,0.497490255,0.5049900682364086,0.5060002012804058,0.030000000000000027
1183764761,2026-01,1,La Liga,2025,0.41588396,0.40066957,0.4152051,0.4020711,0.40137033499999997,0.40859934836257683,0.41641021862030825,0.030000000000000027
1183763910,2026-01,1,La Liga,2025,0.49285707,0.5301615,0.49518257,0.5274236,0.5287925499999999,0.5362606687859208,0.5350107621999219,0.030000000000000027
1183765612,2026-01,0,La Liga,2025,0.63187176,0.63885343,0.6359405,0.6426328,0.640743115,0.6476193072591822,0.6387755647880561,0.030000000000000027
1183758804,2026-01,0,La Liga,2025,0.44453964,0.41419226,0.44535732,0.41431236,0.41425230999999996,0.4215499553816133,0.4284834388090504,0.030000000000000027
1183759655,2026-01,0,La Liga,2025,0.4422129,0.44664025,0.44026083,0.4516162,0.44912822500000005,0.456561373521247,0.4610519279317849,0.030000000000000027
1183763059,2026-01,1,La Liga,2025,0.5167916,0.52424306,0.5203138,0.53227884,0.52826095,0.5357300968279919,0.5345183965366872,0.030000000000000027
1183757953,2026-01,1,La Liga,2025,0.50473887,0.5065777,0.51093084,0.5154956,0.5110366500000001,0.518529952752632,0.5185601635947177,0.030000000000000027
1183760506,2026-01,1,La Liga,2025,0.37899476,0.35623172,0.37325925,0.3495628,0.35289726,0.35977793244694145,0.37071403505646217,0.030000000000000027
1183769016,2026-01,1,La Liga,2025,0.47137946,0.5010799,0.4745222,0.50225514,0.50166752,0.5091664990253957,0.5098743352435063,0.030000000000000027
1183774122,2026-01,0,La Liga,2025,0.44706136,0.4499672,0.44957486,0.45501333,0.452490265,0.45993259908532824,0.4641836565512216,0.030000000000000027
1183772420,2026-01,1,La Liga,2025,0.54505366,0.5337433,0.5498967,0.5446724,0.5392078499999999,0.5466524174362678,0.5446560025820744,0.030000000000000027
1183770718,2026-01,0,La Liga,2025,0.483349,0.43937904,0.48872954,0.43802604,0.43870254,0.44610287227247497,0.45133227538733617,0.030000000000000027
1183768165,2026-01,1,La Liga,2025,0.63735706,0.64264613,0.6414173,0.6364612,0.639553665,0.6464400611111123,0.6376695850880475,0.030000000000000027
1181061134,2026-01,0,Ligue 1,2025,0.555843,0.55781037,0.56046057,0.5694371,0.563623735,0.5438575061322556,0.5493127447686409,-0.07999999999999996
1181058581,2026-01,1,Ligue 1,2025,0.6416214,0.62663996,0.6327101,0.6174034,0.62202168,0.6030376297215455,0.5441848584259391,-0.07999999999999996
1181059432,2026-01,1,Ligue 1,2025,0.60245526,0.60701424,0.6021105,0.60113966,0.6040769500000001,0.5847932352554838,0.5457873516661884,-0.07999999999999996
1181056028,2026-01,0,Ligue 1,2025,0.5876094,0.5767821,0.5858334,0.57468325,0.575732675,0.556082938618799,0.5482679473186486,-0.07999999999999996
1181057730,2026-01,0,Ligue 1,2025,0.49883422,0.5544502,0.5036534,0.55110383,0.552777015,0.5329266222539643,0.5502426871613225,-0.07999999999999996
1181054326,2026-01,0,Ligue 1,2025,0.5212715,0.52206945,0.52243733,0.5322546,0.527162025,0.5071882964140882,0.5524219760951908,-0.07999999999999996
1181056879,2026-01,1,Ligue 1,2025,0.575689,0.59675115,0.57409537,0.59713453,0.5969428400000001,0.577554648697888,0.5464169961556599,-0.07999999999999996
1181055177,2026-01,1,Ligue 1,2025,0.50433844,0.5193545,0.5051352,0.5166723,0.5180134000000001,0.4980212097851152,0.5531963027382157,-0.07999999999999996
1181060283,2026-01,1,Ligue 1,2025,0.52303916,0.509219,0.5172232,0.5091234,0.5091711999999999,0.48917392102716445,0.5539434728352621,-0.07999999999999996
1181064538,2026-01,1,Ligue 1,2025,0.6148321,0.5932013,0.6170433,0.58279634,0.58799882,0.5684913958109019,0.5472011088552674,-0.07999999999999996
1181066240,2026-01,0,Ligue 1,2025,0.5375815,0.5091844,0.5358709,0.4928979,0.50104115,0.4810502323216245,0.5546298122623375,-0.07999999999999996
1181062836,2026-01,0,Ligue 1,2025,0.48522305,0.4853208,0.48166013,0.4833014,0.4843111,0.4643664600903727,0.5560417625340492,-0.07999999999999996
1181068793,2026-01,1,Ligue 1,2025,0.5512825,0.5584165,0.5539884,0.5524272,0.55542185,0.5355902238229617,0.5500163961826099,-0.07999999999999996
1181061985,2026-01,1,Ligue 1,2025,0.51155186,0.5059269,0.51833415,0.507776,0.50685145,0.4868549086497551,0.5541393532868771,-0.07999999999999996
1181067942,2026-01,1,Ligue 1,2025,0.56430084,0.5399486,0.5647795,0.5392239,0.5395862499999999,0.5196591351763037,0.551367423092936,-0.07999999999999996
1181065389,2026-01,1,Ligue 1,2025,0.54419595,0.54301333,0.5445038,0.5567728,0.549893065,0.5300234981196076,0.5504891224375762,-0.07999999999999996
1181067091,2026-01,1,Ligue 1,2025,0.4827455,0.42129293,0.47601786,0.4209115,0.421102215,0.4017327894784036,0.5614218498979858,-0.07999999999999996
1181063687,2026-01,1,Ligue 1,2025,0.53372127,0.5121456,0.53717625,0.5168648,0.5145052,0.49450949196688765,0.553492864226975,-0.07999999999999996
1181069644,2026-01,0,Ligue 1,2025,0.4558267,0.43130842,0.46237928,0.43525916,0.43328379,0.4137545222112745,0.5603745168064813,-0.07999999999999996
1181076452,2026-01,0,Ligue 1,2025,0.5329326,0.5083278,0.53458476,0.5082661,0.5082969500000001,0.4882998479375281,0.5540173002239732,-0.07999999999999996
1181071346,2026-01,0,Ligue 1,2025,0.6398713,0.6298551,0.64330393,0.6260127,0.6279338999999999,0.6090601642910272,0.5436503517776636,-0.07999999999999996
1181073048,2026-01,1,Ligue 1,2025,0.6467354,0.65872306,0.6418733,0.6544414,0.6565822299999999,0.6383247015283776,0.5410058064063221,-0.07999999999999996
1181074750,2026-01,1,Ligue 1,2025,0.5955084,0.61076975,0.5958374,0.61186945,0.6113196000000001,0.5921504747623444,0.5451439625307971,-0.07999999999999996
1181075601,2026-01,0,Ligue 1,2025,0.49158487,0.5016621,0.4960547,0.512234,0.50694805,0.4869514607579388,0.5541311972417612,-0.07999999999999996
1181070495,2026-01,0,Ligue 1,2025,0.49844235,0.50074077,0.50266683,0.49843344,0.499587105,0.4795984383814595,0.5547525255957417,-0.07999999999999996
1181073899,2026-01,1,Ligue 1,2025,0.5169531,0.51993483,0.5176095,0.5276214,0.523778115,0.5037959919183125,0.552708567414935,-0.07999999999999996
1181072197,2026-01,1,Ligue 1,2025,0.5929701,0.6022194,0.59503585,0.5956111,0.5989152499999999,0.5795551114047117,0.5462433034881462,-0.07999999999999996
1181078154,2026-01,0,Ligue 1,2025,0.5055564,0.47102326,0.5071035,0.4779325,0.47447788,0.45458122509143595,0.5568724089035032,-0.07999999999999996
1181082409,2026-01,1,Ligue 1,2025,0.5618409,0.5541813,0.56740344,0.56252587,0.558353585,0.5385440837780687,0.5497652192088835,-0.07999999999999996
1181079005,2026-01,1,Ligue 1,2025,0.5256903,0.54839844,0.5298732,0.5541952,0.55129682,0.5314364181473091,0.5503692106471905,-0.07999999999999996
1181080707,2026-01,0,Ligue 1,2025,0.64346695,0.6320802,0.6389928,0.63263196,0.63235608,0.6135686186851474,0.5432482303221807,-0.07999999999999996
1173660838,2026-01,0,Premier League,2025,0.5553854,0.5285573,0.55582386,0.53707373,0.532815515,0.49661280583193995,0.5516037727905388,-0.14500000000000002
1173659987,2026-01,1,Premier League,2025,0.5373534,0.5265393,0.53404176,0.5234309,0.5249851000000001,0.4887578223732277,0.5503574792292492,-0.14500000000000002
1173663391,2026-01,0,Premier League,2025,0.49822825,0.46492332,0.49516445,0.47144604,0.46818468,0.4323097837472945,0.5413194490555037,-0.14500000000000002
1173657434,2026-01,0,Premier League,2025,0.55381215,0.57876694,0.54934424,0.5555645,0.56716572,0.5312832354334218,0.5571019265943659,-0.14500000000000002
1173665093,2026-01,1,Premier League,2025,0.49094683,0.44650427,0.48484784,0.44368345,0.44509385999999995,0.4096254885361996,0.5376126953556573,-0.14500000000000002
1173666795,2026-01,0,Premier League,2025,0.5262974,0.51331407,0.5247029,0.5203657,0.516839885,0.4806059915994097,0.5490624775684961,-0.14500000000000002
1173672752,2026-01,0,Premier League,2025,0.48958096,0.46097255,0.495689,0.46067816,0.460825355,0.42506365322983874,0.5401416790851518,-0.14500000000000002
1173665944,2026-01,1,Premier League,2025,0.4961547,0.4887333,0.4987976,0.4895157,0.48912449999999996,0.45301184806370387,0.5446576872499618,-0.14500000000000002
1173669348,2026-01,1,Premier League,2025,0.6038097,0.628301,0.60682964,0.6344485,0.63137475,0.5970333185307605,0.5676668796677009,-0.14500000000000002
1173671901,2026-01,1,Premier League,2025,0.51457554,0.50766575,0.5231207,0.5247849,0.516225325,0.47999171413445074,0.548964808292631,-0.14500000000000002
1173667646,2026-01,1,Premier League,2025,0.5106513,0.5333812,0.5147122,0.5213038,0.5273425,0.49112073804095846,0.5507325177916221,-0.14500000000000002
1173671050,2026-01,0,Premier League,2025,0.54293287,0.53901124,0.54393613,0.53770477,0.5383580050000001,0.502183508011339,0.5524870473947732,-0.14500000000000002
1173668497,2026-01,1,Premier League,2025,0.5783575,0.6013621,0.57884777,0.5987028,0.60003245,0.5647838576003482,0.5624464091399781,-0.14500000000000002
1173670199,2026-01,1,Premier League,2025,0.6360422,0.601663,0.6355318,0.592783,0.597223,0.5619075858539847,0.5619850983494166,-0.14500000000000002
1173681262,2026-01,1,Premier League,2025,0.48564798,0.44920197,0.4846676,0.45864248,0.453922225,0.41828063986770464,0.5390340306640119,-0.14500000000000002
1173679560,2026-01,1,Premier League,2025,0.5737518,0.5419641,0.57570857,0.53704417,0.539504135,0.5033365936929617,0.5526698396747252,-0.14500000000000002
1173677858,2026-01,1,Premier League,2025,0.5099842,0.5613357,0.51358604,0.5674503,0.5643929999999999,0.528471755323344,0.5566555053247427,-0.14500000000000002
1173678709,2026-01,1,Premier League,2025,0.5776295,0.6112124,0.5829037,0.596839,0.6040257,0.568876172682519,0.5631037826904922,-0.14500000000000002
1173675305,2026-01,0,Premier League,2025,0.50833905,0.5049361,0.51035345,0.50098085,0.502958475,0.4667576194219599,0.5468568669327402,-0.14500000000000002
1173677007,2026-01,0,Premier League,2025,0.5367508,0.5387476,0.54397076,0.5285449,0.53364625,0.49744719716839725,0.5517360955028344,-0.14500000000000002
1173674454,2026-01,1,Premier League,2025,0.5806155,0.55639815,0.5778091,0.54763204,0.552015095,0.5159485514432222,0.5546689911635482,-0.14500000000000002
1173680411,2026-01,1,Premier League,2025,0.5343771,0.5275188,0.5356821,0.52244014,0.52497947,0.48875218113777247,0.5503565837030818,-0.14500000000000002
1173676156,2026-01,1,Premier League,2025,0.5134573,0.5025133,0.5175804,0.507475,0.50499415,0.46878496486762716,0.5471803048760745,-0.14500000000000002
1173673603,2026-01,0,Premier League,2025,0.5504228,0.59161824,0.5511472,0.5853833,0.58850077,0.5529929993647351,0.5605587496071014,-0.14500000000000002
1173686368,2026-01,0,Premier League,2025,0.6312782,0.59228504,0.63285863,0.59315264,0.5927188400000001,0.5573012440529628,0.5612474635396928,-0.14500000000000002
1173688070,2026-01,1,Premier League,2025,0.48022074,0.47225437,0.486304,0.46703482,0.469644595,0.4337490706226091,0.5415527566313294,-0.14500000000000002
1173684666,2026-01,0,Premier League,2025,0.5593368,0.56479716,0.5602404,0.5706693,0.56773323,0.5318589596821391,0.5571933696643714,-0.14500000000000002
1173683815,2026-01,0,Premier League,2025,0.5666714,0.56996506,0.56380147,0.57350624,0.5717356499999999,0.535922025505579,0.5578389985832025,-0.14500000000000002
1173685517,2026-01,1,Premier League,2025,0.47148675,0.52951944,0.46919078,0.53011894,0.52981919,0.4936049673825087,0.5511266813182278,-0.14500000000000002
1173688921,2026-01,1,Premier League,2025,0.57459515,0.5756905,0.5811796,0.566094,0.57089225,0.5350654505122727,0.5577028432340886,-0.14500000000000002
1173687219,2026-01,0,Premier League,2025,0.47400054,0.48793882,0.48099867,0.49068075,0.489309785,0.453195588557219,0.5446871635957575,-0.14500000000000002
1173689772,2026-01,0,Premier League,2025,0.48119617,0.40400138,0.4863325,0.42752257,0.415761975,0.3810260232267004,0.5328405294275919,-0.14500000000000002
1173682113,2026-01,0,Premier League,2025,0.48474416,0.44980216,0.4828267,0.44645977,0.448130965,0.4126005277945362,0.5381023119559403,-0.14500000000000002
1173682964,2026-01,1,Premier League,2025,0.6458346,0.6561817,0.64173526,0.64214104,0.6491613700000001,0.615467766204192,0.5707026867282596,-0.14500000000000002
1173698282,2026-01,1,Premier League,2025,0.51505595,0.50398374,0.5183271,0.50340414,0.50369394,0.4674899371312301,0.5469737234081318,-0.14500000000000002
1173693176,2026-01,1,Premier League,2025,0.4158898,0.38242593,0.41647664,0.39746347,0.38994470000000003,0.356051201032806,0.5285549685165302,-0.14500000000000002
1173696580,2026-01,0,Premier League,2025,0.5003799,0.5400194,0.4954185,0.53307104,0.53654522,0.5003605067740509,0.5521980349342127,-0.14500000000000002
1173695729,2026-01,1,Premier League,2025,0.6328155,0.68650246,0.6308888,0.6688622,0.67768233,0.64523088727162,0.5757136354884618,-0.14500000000000002
1173691474,2026-01,1,Premier League,2025,0.63374627,0.5998999,0.6315967,0.6023841,0.6011420000000001,0.565920451792417,0.5626288631203004,-0.14500000000000002
1173694027,2026-01,1,Premier League,2025,0.5638863,0.561271,0.5691621,0.5493938,0.5553324,0.5193003596330659,0.5552004361471542,-0.14500000000000002
1173692325,2026-01,0,Premier League,2025,0.5398227,0.53858197,0.536286,0.5326411,0.5356115349999999,0.49942193504895876,0.5520492242539585,-0.14500000000000002
1173697431,2026-01,0,Premier League,2025,0.62862086,0.6337143,0.62644166,0.6261123,0.6299132999999999,0.5955229402291444,0.56742004362564,-0.14500000000000002
1173690623,2026-01,1,Premier League,2025,0.535405,0.5333883,0.53805476,0.5199379,0.5266630999999999,0.4904395823890798,0.5506244188461497,-0.14500000000000002
1173694878,2026-01,1,Premier League,2025,0.5365586,0.5190336,0.5377924,0.515261,0.5171473,0.4809133063783381,0.5491113352624013,-0.14500000000000002
1173701686,2026-01,0,Premier League,2025,0.46309552,0.48731774,0.46810895,0.49910364,0.49321069,0.45706626198605604,0.5453075761163696,-0.14500000000000002
1173706792,2026-01,0,Premier League,2025,0.563621,0.55548114,0.57141227,0.55492455,0.555202845,0.5191693962484292,0.5551796687884479,-0.14500000000000002
1173699984,2026-01,1,Premier League,2025,0.5196795,0.5302695,0.52073765,0.522219,0.52624425,0.49001971704024416,0.5505577813326924,-0.14500000000000002
1173700835,2026-01,1,Premier League,2025,0.5664651,0.55104065,0.5677235,0.5408391,0.545939875,0.5098185445077744,0.5536972814899773,-0.14500000000000002
1173702537,2026-01,1,Premier League,2025,0.57019836,0.5809402,0.5675527,0.57929355,0.5801168750000001,0.5444456750712982,0.5591953515026384,-0.14500000000000002
1184577466,2026-01,1,Segunda,2025,0.4354492,0.4155137,0.43117252,0.41122824,0.41337097,0.4292168192446026,0.4383603207249875,0.06499999999999995
1184572360,2026-01,1,Segunda,2025,0.4895442,0.50597405,0.49637532,0.5068439,0.506408975,0.5226438263402868,0.5223739491701124,0.06499999999999995
1184574062,2026-01,1,Segunda,2025,0.47859463,0.48123997,0.47711617,0.47514096,0.478190465,0.49442684823241606,0.49703519811364905,0.06499999999999995
1184575764,2026-01,1,Segunda,2025,0.56584305,0.5910686,0.55690897,0.5784146,0.5847416000000001,0.6004328710121445,0.5924008988533703,0.06499999999999995
1184570658,2026-01,1,Segunda,2025,0.58078456,0.5871313,0.5857998,0.5854736,0.58630245,0.6019748880105084,0.5937947690472472,0.06499999999999995
1184573211,2026-01,0,Segunda,2025,0.44877595,0.46684662,0.4503584,0.45834216,0.46259439,0.47878711294984816,0.4829855945609588,0.06499999999999995
1184571509,2026-01,1,Segunda,2025,0.50798094,0.5373723,0.50350857,0.54520005,0.541286175,0.5573765345045825,0.5535872664503932,0.06499999999999995
1188820552,2026-01,1,Segunda,2025,0.5536048,0.5690506,0.55647886,0.56698143,0.568016015,0.5838895474605875,0.5774654741756181,0.06499999999999995
1184578317,2026-01,1,Segunda,2025,0.39725906,0.39161572,0.39709616,0.38720584,0.38941078,0.4049722132917885,0.41644344980796133,0.06499999999999995
1184574913,2026-01,1,Segunda,2025,0.5414298,0.5531382,0.53616655,0.5486124,0.5508753,0.5668984328595047,0.5621560295303621,0.06499999999999995
1184576615,2026-01,1,Segunda,2025,0.45798033,0.44287038,0.4554456,0.4403712,0.44162079,0.4577046314831531,0.46402908912997115,0.06499999999999995
1184582572,2026-01,1,Segunda,2025,0.49546617,0.47918063,0.4891828,0.47806177,0.47862119999999997,0.4948583386108505,0.49742272076029526,0.06499999999999995
1184587678,2026-01,1,Segunda,2025,0.52237064,0.5341449,0.5239552,0.53593,0.53503745,0.5511652465864416,0.5480010994102323,0.06499999999999995
1184583423,2026-01,0,Segunda,2025,0.5329009,0.5166045,0.5345356,0.5175978,0.51710115,0.5333084192945312,0.5319528363314533,0.06499999999999995
1188821403,2026-01,1,Segunda,2025,0.546209,0.53662026,0.5434507,0.53925073,0.5379354949999999,0.5540465545817609,0.550592122899402,0.06499999999999995
1184585125,2026-01,1,Segunda,2025,0.51823264,0.5249338,0.51484334,0.5183117,0.52162275,0.537813903128913,0.5360006805548434,0.06499999999999995
1184581721,2026-01,0,Segunda,2025,0.45753455,0.48830754,0.453687,0.47987837,0.484092955,0.5003375849879037,0.502343355323612,0.06499999999999995
1184580019,2026-01,1,Segunda,2025,0.56609327,0.57483137,0.56128085,0.56749,0.571160685,0.5870026816124252,0.580273603095352,0.06499999999999995
1184580870,2026-01,0,Segunda,2025,0.47234374,0.4778138,0.47096163,0.4624036,0.47010870000000005,0.4863264235484459,0.4897593396003839,0.06499999999999995
1184585976,2026-01,1,Segunda,2025,0.54939234,0.5662667,0.54972106,0.5752882,0.57077745,0.5866233575894169,0.5799313861946697,0.06499999999999995
1184586827,2026-01,0,Segunda,2025,0.55884707,0.5678606,0.5583741,0.5710645,0.56946255,0.5853217334027759,0.5787572128476693,0.06499999999999995
1184584274,2026-01,1,Segunda,2025,0.4803539,0.49951023,0.48841754,0.48263097,0.4910706,0.5073191276692277,0.5086126045305017,0.06499999999999995
1184596188,2026-01,0,Segunda,2025,0.5223993,0.50380516,0.52371204,0.50836563,0.5060853949999999,0.5223208501419727,0.5220838946174451,0.06499999999999995
1184597039,2026-01,0,Segunda,2025,0.50856316,0.5257514,0.51322734,0.51537716,0.52056428,0.5367594428087266,0.5350532585029202,0.06499999999999995
1184590231,2026-01,1,Segunda,2025,0.39395007,0.37214404,0.39264148,0.3688007,0.37047237,0.3857551281878586,0.399009676147521,0.06499999999999995
1184592784,2026-01,1,Segunda,2025,0.47218594,0.48902112,0.47880578,0.48317593,0.48609852499999995,0.5023449241801873,0.5041459378456087,0.06499999999999995
1184591082,2026-01,1,Segunda,2025,0.6050578,0.6175996,0.60152453,0.62047756,0.61903858,0.6342445087031183,0.6230460414721921,0.06499999999999995
1188822254,2026-01,1,Segunda,2025,0.5548865,0.54135716,0.55636215,0.55067146,0.54601431,0.5620730003924784,0.5578127772787874,0.06499999999999995
1184597890,2026-01,1,Segunda,2025,0.5486167,0.56452125,0.54611576,0.5498145,0.557167875,0.573140468177868,0.5677771616926575,0.06499999999999995
1184593635,2026-01,0,Segunda,2025,0.52655995,0.55019027,0.5281347,0.5456174,0.5479038350000001,0.5639490647856616,0.5595011619828473,0.06499999999999995
1184594486,2026-01,0,Segunda,2025,0.5586403,0.547198,0.5583413,0.560073,0.5536355,0.5696370901936457,0.5646218583638749,0.06499999999999995
1184591933,2026-01,0,Segunda,2025,0.5464021,0.56377697,0.5479867,0.5636994,0.5637381850000001,0.5796525829806958,0.5736452677961709,0.06499999999999995
1184595337,2026-01,0,Segunda,2025,0.4673151,0.476157,0.4660185,0.4624947,0.46932585,0.4855413131923335,0.48905404748836795,0.06499999999999995
1184602145,2026-01,0,Segunda,2025,0.3635623,0.3509838,0.3626595,0.34654623,0.348765015,0.3636696025477266,0.37889046333531823,0.06499999999999995
1184599592,2026-01,0,Segunda,2025,0.49728632,0.48378563,0.49932703,0.49728402,0.490534825,0.5067832779126504,0.5081314361376943,0.06499999999999995
1184598741,2026-01,0,Segunda,2025,0.48602042,0.47694355,0.4937125,0.47632128,0.476632415,0.4928658638860496,0.4956332406154194,0.06499999999999995
1184605549,2026-01,0,Segunda,2025,0.44471616,0.4303166,0.4434073,0.42329335,0.42680497500000003,0.4427771038401126,0.45058816774971444,0.06499999999999995
1184603847,2026-01,1,Segunda,2025,0.51653445,0.509608,0.5209491,0.51666516,0.51313658,0.5293558036176851,0.528402264389976,0.06499999999999995
1184601294,2026-01,1,Segunda,2025,0.506556,0.5227434,0.4978536,0.5036686,0.513206,0.5294250317982462,0.5284644469818511,0.06499999999999995
1188823105,2026-01,1,Segunda,2025,0.6237984,0.61815417,0.6259887,0.6218389,0.619996535,0.6351867608639097,0.6239028020380982,0.06499999999999995
1184606400,2026-01,0,Segunda,2025,0.5513748,0.58179885,0.5557386,0.57119334,0.576496095,0.592281690264884,0.5850378909929568,0.06499999999999995
1184600443,2026-01,0,Segunda,2025,0.5621828,0.5655421,0.5633662,0.5703905,0.5679663,0.5838403208494121,0.5774210788729695,0.06499999999999995
1184604698,2026-01,0,Segunda,2025,0.61086094,0.6311115,0.6137442,0.6406487,0.6358801000000001,0.6507930147360553,0.6381184088301841,0.06499999999999995
1184602996,2026-01,1,Segunda,2025,0.45025665,0.46538687,0.44932812,0.45451266,0.459949765,0.4761319330195482,0.48059948250381834,0.06499999999999995
1184608102,2026-01,1,Segunda,2025,0.51366585,0.5376557,0.51973164,0.5432893,0.5404724999999999,0.556568019239629,0.5528599823015932,0.06499999999999995
1184611506,2026-01,1,Segunda,2025,0.45111173,0.5053692,0.44670296,0.4975431,0.50145615,0.5176987564687522,0.5179331226116692,0.06499999999999995
1184608953,2026-01,0,Segunda,2025,0.5428423,0.5771295,0.5401281,0.56769574,0.5724126199999999,0.5882417093649109,0.5813915355058273,0.06499999999999995
1184612357,2026-01,0,Segunda,2025,0.5355545,0.533466,0.53781855,0.5353037,0.53438485,0.5505162661718541,0.5474175704626589,0.06499999999999995
1184614910,2026-01,1,Segunda,2025,0.5396025,0.5762309,0.53292185,0.5828244,0.57952765,0.5952795759499567,0.5877449350459937,0.06499999999999995
1172708569,2026-01,0,Serie A,2025,0.42803162,0.3884234,0.4295385,0.38098848,0.38470594,0.38352308794470974,0.46383051302487827,-0.0050000000000000044
1172709420,2026-01,0,Serie A,2025,0.4814375,0.45545855,0.48242426,0.45637655,0.45591755,0.4546775422082459,0.48687099823977326,-0.0050000000000000044
1172714526,2026-01,1,Serie A,2025,0.4824903,0.4884612,0.48520762,0.49235114,0.49040617,0.4891566927473086,0.49778669505534956,-0.0050000000000000044
1172711122,2026-01,1,Serie A,2025,0.4245,0.40443125,0.42369303,0.4193228,0.411877025,0.4106663892398952,0.47274087643038715,-0.0050000000000000044
1172712824,2026-01,1,Serie A,2025,0.4468833,0.46495312,0.444209,0.4536837,0.45931841,0.4580769400700728,0.48795122237483446,-0.0050000000000000044
1172707718,2026-01,0,Serie A,2025,0.5366356,0.53821915,0.543177,0.54269516,0.5404571549999999,0.5392150902425552,0.5136052199768698,-0.0050000000000000044
1172713675,2026-01,0,Serie A,2025,0.4297809,0.42004615,0.43028697,0.41186032,0.41595323500000003,0.41473906705748903,0.47406267063548246,-0.0050000000000000044
1172710271,2026-01,0,Serie A,2025,0.51328385,0.48875538,0.5159027,0.5086964,0.49872589,0.4974759086839766,0.5004123335796548,-0.0050000000000000044
1172715377,2026-01,0,Serie A,2025,0.45713568,0.4542498,0.45719594,0.4584252,0.45633749999999995,0.4550973054032518,0.4870044502318643,-0.0050000000000000044
1172711973,2026-01,1,Serie A,2025,0.4919744,0.503203,0.4995497,0.5088128,0.5060079,0.5047580455331712,0.5027102328585402,-0.0050000000000000044
1172722185,2026-01,0,Serie A,2025,0.4681905,0.49174494,0.4751243,0.511006,0.5013754699999999,0.5001254734670832,0.5012484063240242,-0.0050000000000000044
1172718781,2026-01,0,Serie A,2025,0.44200835,0.45432106,0.44351596,0.45283204,0.45357654999999997,0.45233761584265075,0.4861267380458208,-0.0050000000000000044
1172723036,2026-01,0,Serie A,2025,0.486902,0.4841701,0.48833323,0.4878264,0.48599824999999996,0.4847493202829595,0.4963950428551552,-0.0050000000000000044
1172716228,2026-01,0,Serie A,2025,0.55623066,0.550763,0.5570327,0.5533196,0.5520413,0.5508045222435364,0.5172887709179511,-0.0050000000000000044
1172720483,2026-01,1,Serie A,2025,0.43720502,0.43988568,0.43833023,0.4286561,0.43427088999999996,0.433042897712024,0.47996360579299047,-0.0050000000000000044
1172721334,2026-01,0,Serie A,2025,0.48419148,0.4683516,0.49044394,0.48047748,0.47441454,0.47316797514550213,0.49273435722210385,-0.0050000000000000044
1172717930,2026-01,1,Serie A,2025,0.43726835,0.45290288,0.43101376,0.4370783,0.44499058999999996,0.44375606230107606,0.483391758706676,-0.0050000000000000044
1172723887,2026-01,1,Serie A,2025,0.44059038,0.42618197,0.44357276,0.42348868,0.424835325,0.4236140351754557,0.47693147221290205,-0.0050000000000000044
1172717079,2026-01,1,Serie A,2025,0.4450186,0.4448557,0.44991922,0.4393186,0.44208715,0.4408542790548063,0.4824648259211483,-0.0050000000000000044
1172719632,2026-01,1,Serie A,2025,0.4405459,0.44970217,0.44261402,0.43907076,0.444386465,0.4431522750859238,0.4831989811007161,-0.0050000000000000044
1172725589,2026-01,1,Serie A,2025,0.51463974,0.5254414,0.5160144,0.5146318,0.5200366,0.5187884848870201,0.5071398177883488,-0.0050000000000000044
1172731546,2026-01,1,Serie A,2025,0.44677067,0.47759327,0.44796008,0.4867052,0.482149235,0.48090094226456565,0.495179335983368,-0.0050000000000000044
1172730695,2026-01,0,Serie A,2025,0.4709126,0.47370893,0.47507352,0.47395754,0.47383323499999996,0.47258682416733766,0.4925504740072742,-0.0050000000000000044
1172724738,2026-01,0,Serie A,2025,0.5154729,0.527043,0.51203805,0.5252478,0.5261454000000001,0.5248986575241813,0.5090710799483775,-0.0050000000000000044
1172729844,2026-01,1,Serie A,2025,0.4224651,0.39301693,0.42412338,0.39044315,0.39173004,0.3905392990092985,0.4661521783364008,-0.0050000000000000044
1172726440,2026-01,1,Serie A,2025,0.4644579,0.43013126,0.4686615,0.43179354,0.43096239999999997,0.4297366566166068,0.4789020973978873,-0.0050000000000000044
1172732397,2026-01,0,Serie A,2025,0.4166039,0.39425856,0.41535902,0.38752112,0.39088984,0.38970001672291427,0.46587518979119413,-0.0050000000000000044
1172728142,2026-01,1,Serie A,2025,0.48663813,0.50871676,0.48947015,0.5190252,0.51387098,0.5126218579900351,0.5051922947650658,-0.0050000000000000044
1172727291,2026-01,0,Serie A,2025,0.46111012,0.46471906,0.46032158,0.46568948,0.46520427,0.4639605426872274,0.4898182398497309,-0.0050000000000000044
1172728993,2026-01,0,Serie A,2025,0.4483331,0.46474123,0.45631924,0.46205744,0.46339933499999997,0.46215626311941155,0.4892460259952801,-0.0050000000000000044
1172696655,2026-01,0,Serie A,2025,0.44937673,0.4413905,0.44822186,0.45230776,0.44684913000000004,0.4456135860001503,0.483984530922861,-0.0050000000000000044
1172694102,2026-01,0,Serie A,2025,0.422585,0.41507164,0.42014223,0.4168047,0.41593817,0.4147240148063411,0.4740577918006824,-0.0050000000000000044
1172698357,2026-01,1,Serie A,2025,0.46324164,0.4957809,0.46239686,0.5014211,0.49860099999999996,0.49735102113372875,0.5003729243622823,-0.0050000000000000044
1172691549,2026-01,1,Serie A,2025,0.512853,0.50489414,0.51545495,0.50326115,0.504077645,0.502827705255931,0.5021010935814221,-0.0050000000000000044
1172739205,2026-01,1,Serie A,2025,0.4781866,0.4896775,0.48220786,0.4933669,0.4915222,0.4902726149374266,0.4981389669426354,-0.0050000000000000044
1172740907,2026-01,0,Serie A,2025,0.47678652,0.47750315,0.4848269,0.47785324,0.47767819499999997,0.47643082813097226,0.4937663857554528,-0.0050000000000000044
1172737503,2026-01,0,Serie A,2025,0.46752644,0.4697559,0.46874374,0.48915973,0.479457815,0.4782100556648359,0.4943288981819758,-0.0050000000000000044
1172734099,2026-01,0,Serie A,2025,0.4280064,0.4115123,0.43140966,0.40358526,0.40754878,0.4063420764604341,0.4713334728595523,-0.0050000000000000044
1172738354,2026-01,0,Serie A,2025,0.42623967,0.41878778,0.43326944,0.4152177,0.41700274000000004,0.4157876894865087,0.4744024427592515,-0.0050000000000000044
1172733248,2026-01,1,Serie A,2025,0.56913614,0.5803489,0.56352824,0.58496433,0.582656615,0.5814402754214948,0.5271115731033291,-0.0050000000000000044
1172740056,2026-01,0,Serie A,2025,0.4368596,0.44287795,0.44280344,0.44372377,0.44330086,0.4420672862451831,0.48285244252527293,-0.0050000000000000044
1172736652,2026-01,0,Serie A,2025,0.42954475,0.41454554,0.4262042,0.40251794,0.40853174000000003,0.4073241270200866,0.4716534612012248,-0.0050000000000000044
1172734950,2026-01,0,Serie A,2025,0.42510954,0.41659588,0.4257818,0.42146215,0.419029015,0.417812291633346,0.4750578204904547,-0.0050000000000000044
1172735801,2026-01,0,Serie A,2025,0.47962132,0.47196847,0.48045787,0.4765361,0.474252285,0.47300576279655093,0.4926830334044377,-0.0050000000000000044
1172745162,2026-01,1,Serie A,2025,0.42759618,0.41327268,0.42575017,0.40710407,0.410188375,0.40897925112583255,0.4721922699872699,-0.0050000000000000044
1172742609,2026-01,0,Serie A,2025,0.48103732,0.5042451,0.47841185,0.51061594,0.50743052,0.5061807522346973,0.5031592055811483,-0.0050000000000000044
1172743460,2026-01,1,Serie A,2025,0.4756506,0.45537367,0.47938102,0.46687016,0.461121915,0.4598797165868561,0.4885236260136318,-0.0050000000000000044
1172746864,2026-01,0,Serie A,2025,0.43826947,0.4558662,0.4380606,0.452252,0.4540591,0.4528199400536621,0.4862801996759543,-0.0050000000000000044
1172748566,2026-01,0,Serie A,2025,0.50343627,0.54071844,0.5086677,0.55525744,0.5479879400000001,0.5467491595601116,0.5159982333925474,-0.0050000000000000044
1172741758,2026-01,0,Serie A,2025,0.4338971,0.39453158,0.4316972,0.39649314,0.39551236,0.3943175750250099,0.4673967601955503,-0.0050000000000000044
1172744311,2026-01,1,Serie A,2025,0.48583928,0.50587875,0.48179898,0.5047212,0.505299975,0.504050084930681,0.5024868250092118,-0.0050000000000000044
1172746013,2026-01,0,Serie A,2025,0.46325064,0.47282368,0.46450382,0.47698998,0.47490683,0.4736601373505315,0.49289006683942543,-0.0050000000000000044
1172747715,2026-01,1,Serie A,2025,0.44201794,0.4177925,0.44804174,0.41167465,0.41473357499999997,0.4135204465391459,0.4736675315628549,-0.0050000000000000044
1172749417,2026-01,1,Serie A,2025,0.44629198,0.4556508,0.45103866,0.4559218,0.4557863,0.4545463509532404,0.48682928583334356,-0.0050000000000000044
1172753672,2026-01,1,Serie A,2025,0.42466944,0.43729052,0.42639655,0.43510228,0.43619640000000004,0.43496714921093116,0.48058060659186846,-0.0050000000000000044
1172756225,2026-01,1,Serie A,2025,0.47862253,0.48931074,0.4817589,0.48574638,0.48752856,0.4862794181794425,0.49687824833560174,-0.0050000000000000044
1172754523,2026-01,1,Serie A,2025,0.5211159,0.5417653,0.5180186,0.53264207,0.5372036849999999,0.5359603768828942,0.5125730646385509,-0.0050000000000000044
1172751119,2026-01,0,Serie A,2025,0.4250854,0.44425744,0.42043558,0.4481431,0.44620027,0.4449650768933364,0.48377762970018545,-0.0050000000000000044
1181602370,2026-02,0,Bundesliga,2025,0.60679805,0.59798104,0.60671127,0.60624045,0.6021107450000001,0.5803639642794285,0.5802078490043171,-0.08999999999999997
1181597264,2026-02,1,Bundesliga,2025,0.5219994,0.5045859,0.52357167,0.4986841,0.501635,0.4791471087748193,0.5947939888842849,-0.08999999999999997
1181610029,2026-02,1,Bundesliga,2025,0.5582862,0.55228835,0.5556575,0.5525099,0.552399125,0.530055946084969,0.5875213779255234,-0.08999999999999997
1181606625,2026-02,0,Bundesliga,2025,0.6239604,0.63186914,0.6250422,0.6349222,0.6333956700000001,0.6122576579265768,0.5754345100931172,-0.08999999999999997
1181607476,2026-02,0,Bundesliga,2025,0.56632435,0.5562396,0.56904066,0.53812057,0.5471800849999999,0.5248004972439094,0.5882755381998972,-0.08999999999999997
1181608327,2026-02,0,Bundesliga,2025,0.6232177,0.62890375,0.62600917,0.62301725,0.6259604999999999,0.6046613627596776,0.576584155824326,-0.08999999999999997
1181609178,2026-02,1,Bundesliga,2025,0.52373666,0.5067738,0.52618325,0.50844544,0.50760962,0.4851146075877327,0.5939432930324181,-0.08999999999999997
1181610880,2026-02,1,Bundesliga,2025,0.6149513,0.57232225,0.61848783,0.58784354,0.5800828950000001,0.5580159357552538,0.5834819568293448,-0.08999999999999997
1181604923,2026-02,1,Bundesliga,2025,0.6535775,0.6447528,0.6530447,0.6351094,0.6399311000000001,0.6189432118143776,0.5744151794943728,-0.08999999999999997
1181605774,2026-02,1,Bundesliga,2025,0.6461408,0.61716306,0.6430796,0.61993283,0.618547945,0.597098394857719,0.577720368777237,-0.08999999999999997
1181604072,2026-02,1,Bundesliga,2025,0.6315792,0.6287195,0.63310957,0.6372554,0.63298745,0.6118403247464541,0.5754979009217027,-0.08999999999999997
1181613433,2026-02,0,Bundesliga,2025,0.5501083,0.5012696,0.54800594,0.50218993,0.501729765,0.4792417107611857,0.5947805013645675,-0.08999999999999997
1181612582,2026-02,0,Bundesliga,2025,0.50669736,0.50075454,0.4996473,0.5005759,0.5006652199999999,0.4781790896757784,0.5949320047371507,-0.08999999999999997
1181615135,2026-02,1,Bundesliga,2025,0.5387405,0.5237913,0.5407646,0.5242756,0.5240334499999999,0.5015519798928973,0.5915995619649269,-0.08999999999999997
1181615986,2026-02,0,Bundesliga,2025,0.5924505,0.5495945,0.58920944,0.5518249,0.5507097,0.5283541928658199,0.5877657223600712,-0.08999999999999997
1181614284,2026-02,0,Bundesliga,2025,0.60897565,0.62514925,0.61248314,0.62845165,0.62680045,0.6055190001429056,0.5764547935380725,-0.08999999999999997
1181618539,2026-02,0,Bundesliga,2025,0.641038,0.6366557,0.64355534,0.6459695,0.6413126,0.6203574651768567,0.5741986021728631,-0.08999999999999997
1181617688,2026-02,1,Bundesliga,2025,0.63882697,0.6206871,0.6384464,0.6156789,0.618183,0.5967263077833304,0.5777760641505582,-0.08999999999999997
1181611731,2026-02,0,Bundesliga,2025,0.61209077,0.61726856,0.6116197,0.6185918,0.61793018,0.5964685545016021,0.5778146346882448,-0.08999999999999997
1181616837,2026-02,1,Bundesliga,2025,0.6586568,0.65575397,0.6524576,0.6575605,0.656657235,0.6360898677139607,0.5717652281304687,-0.08999999999999997
1181622794,2026-02,1,Bundesliga,2025,0.61248314,0.6076621,0.6115726,0.6038914,0.60577675,0.5840919326968015,0.5796566440595605,-0.08999999999999997
1181626198,2026-02,1,Bundesliga,2025,0.578664,0.58327264,0.58101976,0.5911577,0.58721517,0.5652421089604657,0.5824284985469782,-0.08999999999999997
1181619390,2026-02,1,Bundesliga,2025,0.56847006,0.5360929,0.57125986,0.53795135,0.537022125,0.5145858674123536,0.5897380559019236,-0.08999999999999997
1181625347,2026-02,0,Bundesliga,2025,0.55821264,0.55537176,0.5597191,0.55816877,0.5567702649999999,0.534461395886053,0.5868881453075954,-0.08999999999999997
1181620241,2026-02,1,Bundesliga,2025,0.64114535,0.64129674,0.64078605,0.6445155,0.64290612,0.6219892073983252,0.5739482938184366,-0.08999999999999997
1181623645,2026-02,1,Bundesliga,2025,0.6734585,0.6710044,0.6732785,0.67269266,0.67184853,0.6517085021615313,0.5693009559346288,-0.08999999999999997
1181621092,2026-02,1,Bundesliga,2025,0.5824846,0.5876497,0.5819625,0.5813195,0.5844846,0.5624744867029279,0.5828325147514604,-0.08999999999999997
1181624496,2026-02,1,Bundesliga,2025,0.47716022,0.47109786,0.47294378,0.46535963,0.468228745,0.4458985143598857,0.5995455372912585,-0.08999999999999997
1181621943,2026-02,1,Bundesliga,2025,0.5762477,0.5360586,0.582508,0.549369,0.5427138,0.5203069875313509,0.5889194003911312,-0.08999999999999997
1181627049,2026-02,0,Bundesliga,2025,0.60028225,0.600874,0.601713,0.6053959,0.6031349500000001,0.5814052307772722,0.580054050203942,-0.08999999999999997
1181627900,2026-02,1,Bundesliga,2025,0.59732383,0.5751716,0.5947863,0.5914587,0.58331515,0.5612895868493958,0.583005276966011,-0.08999999999999997
1181628751,2026-02,0,Bundesliga,2025,0.5380981,0.5273121,0.5355008,0.5171158,0.52221395,0.4997285829421343,0.5918596905266734,-0.08999999999999997
1181632155,2026-02,0,Bundesliga,2025,0.5258174,0.5226893,0.5332282,0.51992804,0.52130867,0.49882158679479294,0.5919890647640456,-0.08999999999999997
1181633857,2026-02,0,Bundesliga,2025,0.5954729,0.58919865,0.5938879,0.59988046,0.594539555,0.5726726527897418,0.5813402282030835,-0.08999999999999997
1181629602,2026-02,1,Bundesliga,2025,0.65493405,0.6293313,0.65710557,0.6474571,0.6383942,0.6173702923160487,0.5746556589079856,-0.08999999999999997
1183773271,2026-02,1,La Liga,2025,0.55121124,0.5812509,0.5531013,0.57156116,0.57640603,0.594605368314116,0.5841834864688272,0.07499999999999996
1183767314,2026-02,1,La Liga,2025,0.5440763,0.55830026,0.5387192,0.5384746,0.54838743,0.5668860263768196,0.5612336371787987,0.07499999999999996
1183769867,2026-02,0,La Liga,2025,0.44020662,0.45640883,0.44330096,0.45968223,0.45804553000000003,0.47671350727137013,0.48692576658196207,0.07499999999999996
1183766463,2026-02,1,La Liga,2025,0.5085143,0.49068126,0.51492214,0.5047293,0.49770528,0.5164493255469764,0.5196611855322637,0.07499999999999996
1183771569,2026-02,1,La Liga,2025,0.52215374,0.56351054,0.5248066,0.5547746,0.55914257,0.577540003380645,0.5700417657702294,0.07499999999999996
1183778377,2026-02,1,La Liga,2025,0.4986058,0.5041322,0.49706835,0.5038146,0.5039734,0.5227078519953744,0.5248139603817711,0.07499999999999996
1183777526,2026-02,0,La Liga,2025,0.519729,0.51300776,0.5256729,0.5217994,0.5174035800000001,0.5360977007605773,0.5358407378100742,0.07499999999999996
1183780079,2026-02,1,La Liga,2025,0.58421993,0.58874947,0.5848709,0.59740263,0.5930760500000001,0.6110424744104657,0.5978523907931588,0.07499999999999996
1183774973,2026-02,0,La Liga,2025,0.43730575,0.460742,0.43809614,0.45312494,0.45693346999999995,0.4755958978070406,0.4860037868453417,0.07499999999999996
1183780930,2026-02,1,La Liga,2025,0.54908586,0.55097306,0.546179,0.55189675,0.551434905,0.5699065743657661,0.5637294683380518,0.07499999999999996
1183775824,2026-02,1,La Liga,2025,0.524711,0.5315206,0.5265592,0.5358071,0.5336638499999999,0.5522731490501034,0.5491724067224656,0.07499999999999996
1183776675,2026-02,0,La Liga,2025,0.55670255,0.52972317,0.5591586,0.5271621,0.528442635,0.5470834596083187,0.5448933102549378,0.07499999999999996
1183781781,2026-02,0,La Liga,2025,0.5606151,0.5736729,0.56757796,0.57916456,0.5764187300000001,0.5946179064174398,0.5841938937512752,0.07499999999999996
1183782632,2026-02,1,La Liga,2025,0.54383427,0.5160111,0.54810745,0.51161134,0.51381122,0.5325187673703979,0.5328928704287885,0.07499999999999996
1183783483,2026-02,0,La Liga,2025,0.55421066,0.5747165,0.5506493,0.5754012,0.57505885,0.5932752270281189,0.5830795539889707,0.07499999999999996
1183784334,2026-02,1,La Liga,2025,0.5071268,0.49817753,0.5063248,0.50059044,0.499383985,0.5181260379295485,0.52104162964503,0.07499999999999996
1183785185,2026-02,1,La Liga,2025,0.421915,0.4418993,0.42259398,0.44710732,0.44450331,0.46309097318817344,0.47567981097282147,0.07499999999999996
1183791142,2026-02,1,La Liga,2025,0.50419587,0.53707874,0.5043721,0.54686606,0.5419724,0.5605231823943089,0.5559793501777385,0.07499999999999996
1183789440,2026-02,1,La Liga,2025,0.5777248,0.52839917,0.57436794,0.5257582,0.527078685,0.5457270772015917,0.5437752321611022,0.07499999999999996
1183790291,2026-02,1,La Liga,2025,0.4525977,0.45725578,0.45043936,0.44540447,0.451330125,0.4699617453893213,0.48135417173523337,0.07499999999999996
1183788589,2026-02,0,La Liga,2025,0.47316092,0.45554176,0.47193462,0.44942728,0.45248452,0.4711228758083998,0.48231264097714793,0.07499999999999996
1183786887,2026-02,0,La Liga,2025,0.56670994,0.5870739,0.5652411,0.5792495,0.5831617,0.6012715681126161,0.5897207568068434,0.07499999999999996
1183787738,2026-02,1,La Liga,2025,0.5409359,0.53649557,0.5445305,0.5420973,0.539296435,0.5578671827291339,0.5537872777721118,0.07499999999999996
1183786036,2026-02,1,La Liga,2025,0.6781268,0.7257929,0.6825799,0.72536415,0.725578525,0.7402568856224319,0.7082949536918031,0.07499999999999996
1183719658,2026-02,0,La Liga,2025,0.55569017,0.5588373,0.5588614,0.5637107,0.561274,0.5796493547675533,0.5717873883527156,0.07499999999999996
1183792844,2026-02,1,La Liga,2025,0.5632695,0.56407976,0.56091297,0.57146335,0.567771555,0.5860754657340956,0.5771093178131889,0.07499999999999996
1183798801,2026-02,1,La Liga,2025,0.4766058,0.46672517,0.480148,0.48122293,0.47397405000000004,0.4927010253469558,0.500104910516521,0.07499999999999996
1183795397,2026-02,1,La Liga,2025,0.5616249,0.5909271,0.56588095,0.59608924,0.59350817,0.6114680143593808,0.5982069842084661,0.07499999999999996
1183797950,2026-02,1,La Liga,2025,0.53646797,0.5000912,0.5376765,0.5087493,0.5044202499999999,0.5231537935579003,0.5251811295658491,0.07499999999999996
1183793695,2026-02,1,La Liga,2025,0.4599487,0.44966203,0.4577497,0.4482084,0.448935215,0.4675522186742638,0.47936477614342726,0.07499999999999996
1183797099,2026-02,0,La Liga,2025,0.4794224,0.5148683,0.4806192,0.5155083,0.5151882999999999,0.5338909280462028,0.5340230211170359,0.07499999999999996
1183794546,2026-02,0,La Liga,2025,0.5126563,0.54434204,0.5090448,0.5433414,0.54384172,0.5623779253030855,0.5575105241222134,0.07499999999999996
1183796248,2026-02,0,La Liga,2025,0.49485692,0.51695085,0.49569717,0.529782,0.523366425,0.5420340115456824,0.5407315891309865,0.07499999999999996
1183799652,2026-02,1,La Liga,2025,0.5635371,0.56213635,0.5654497,0.5475086,0.5548224749999999,0.5732625992259301,0.5665037579362419,0.07499999999999996
1183791993,2026-02,1,La Liga,2025,0.4492802,0.46537963,0.45136952,0.47480375,0.47009169,0.4888078121833924,0.4968970590949407,0.07499999999999996
1183803907,2026-02,0,La Liga,2025,0.5043774,0.52565557,0.5060909,0.51958346,0.5226195149999999,0.5412907154982751,0.5401190974651907,0.07499999999999996
1183805609,2026-02,1,La Liga,2025,0.5164102,0.57090926,0.5168513,0.56702363,0.568966445,0.5872565393229345,0.5780881250454998,0.07499999999999996
1183800503,2026-02,1,La Liga,2025,0.6053707,0.5538833,0.60286987,0.54970527,0.5517942849999999,0.5702626883196579,0.5640237890907742,0.07499999999999996
1183804758,2026-02,0,La Liga,2025,0.541899,0.5349042,0.5408133,0.5322588,0.5335815,0.5521913277305428,0.5491049263216747,0.07499999999999996
1183807311,2026-02,0,La Liga,2025,0.46666414,0.43896055,0.46831608,0.42505312,0.43200683500000003,0.45049572270922467,0.4652635171025699,0.07499999999999996
1181079856,2026-02,0,Ligue 1,2025,0.55117416,0.52568287,0.5554684,0.53461796,0.530150415,0.5139334307446096,0.5509430739703431,-0.06499999999999995
1181084111,2026-02,0,Ligue 1,2025,0.506139,0.54773676,0.5093769,0.5422282,0.54498248,0.528822442099547,0.5509684351616461,-0.06499999999999995
1181081558,2026-02,1,Ligue 1,2025,0.590117,0.58304054,0.5885423,0.5928611,0.5879508200000001,0.5721186821595468,0.5510428486203465,-0.06499999999999995
1181077303,2026-02,0,Ligue 1,2025,0.55873585,0.59352046,0.5610069,0.58308285,0.588301655,0.572473195244896,0.5510434641788934,-0.06499999999999995
1181083260,2026-02,1,Ligue 1,2025,0.59028774,0.5913638,0.5862254,0.59182286,0.59159333,0.5758001714741776,0.5510492473560438,-0.06499999999999995
1181089217,2026-02,0,Ligue 1,2025,0.4863864,0.43666106,0.48452267,0.44538254,0.4410218,0.42506468857338886,0.5507910088372436,-0.06499999999999995
1181088366,2026-02,1,Ligue 1,2025,0.60997987,0.614831,0.61119425,0.6226568,0.6187439,0.6032966181618696,0.5510975553461346,-0.06499999999999995
1181086664,2026-02,0,Ligue 1,2025,0.5162107,0.5160943,0.52300036,0.5101727,0.5131335,0.4968865620013578,0.5509140859086659,-0.06499999999999995
1181090068,2026-02,0,Ligue 1,2025,0.50587416,0.5136268,0.50708663,0.50285625,0.5082415250000001,0.491992956081083,0.5509057649929724,-0.06499999999999995
1181090919,2026-02,0,Ligue 1,2025,0.6561966,0.6436117,0.6545657,0.64148587,0.642548785,0.6274853253044637,0.5511410002823918,-0.06499999999999995
1181085813,2026-02,0,Ligue 1,2025,0.54587185,0.5534239,0.55002904,0.54538053,0.549402215,0.5332647141314114,0.5509760167330514,-0.06499999999999995
1181084962,2026-02,0,Ligue 1,2025,0.43496186,0.44558722,0.43379387,0.4320751,0.43883116,0.4228933451450753,0.550787229695859,-0.06499999999999995
1181087515,2026-02,1,Ligue 1,2025,0.5153613,0.49635667,0.5188465,0.4902565,0.493306585,0.4770722756376261,0.5508803713634831,-0.06499999999999995
1181091770,2026-02,0,Ligue 1,2025,0.58805513,0.59692127,0.5891542,0.61057633,0.6037488,0.5880984166769433,0.5510707331854625,-0.06499999999999995
1181099429,2026-02,1,Ligue 1,2025,0.5724972,0.5545866,0.57157147,0.5529283,0.55375745,0.5376446619116843,0.5509835007272373,-0.06499999999999995
1181097727,2026-02,1,Ligue 1,2025,0.59437156,0.5638739,0.59307593,0.5619403,0.5629071,0.5468543370928054,0.5509992710083726,-0.06499999999999995
1181096025,2026-02,1,Ligue 1,2025,0.5975726,0.5877608,0.5955622,0.59017783,0.5889693149999999,0.5731478997692492,0.5510446360588376,-0.06499999999999995
1181093472,2026-02,1,Ligue 1,2025,0.53640765,0.50650877,0.53603756,0.51627576,0.511392265,0.4951443896373326,0.5509111237820971,-0.06499999999999995
1181098578,2026-02,0,Ligue 1,2025,0.5184637,0.5190175,0.5212973,0.5314239,0.5252207,0.5089911533573455,0.5509346670151184,-0.06499999999999995
1181092621,2026-02,1,Ligue 1,2025,0.47698274,0.50755465,0.48278135,0.49728417,0.50241941,0.4861729552393231,0.5508958653021813,-0.06499999999999995
1181096876,2026-02,1,Ligue 1,2025,0.49591264,0.4613329,0.49471363,0.4585019,0.45991740000000003,0.4438194385181567,0.5508234578171183,-0.06499999999999995
1181094323,2026-02,0,Ligue 1,2025,0.48592478,0.4909981,0.48598224,0.4898877,0.4904429,0.4742146314680434,0.5508755013316279,-0.06499999999999995
1181095174,2026-02,0,Ligue 1,2025,0.5528598,0.5625595,0.5518334,0.54986566,0.55621258,0.5401148195919369,0.5509877257684304,-0.06499999999999995
1181101982,2026-02,0,Ligue 1,2025,0.57099664,0.56819046,0.57730496,0.57492316,0.5715568099999999,0.5555709089764125,0.5510142473297162,-0.06499999999999995
1181102833,2026-02,1,Ligue 1,2025,0.64977753,0.63356537,0.6535751,0.6375704,0.6355678849999999,0.6203840442683479,0.5511281376806385,-0.06499999999999995
1181107088,2026-02,1,Ligue 1,2025,0.5112344,0.5584086,0.52035266,0.5647896,0.5615991,0.5455370825852053,0.5509970122891348,-0.06499999999999995
1181105386,2026-02,0,Ligue 1,2025,0.5362755,0.62633,0.54014057,0.64576733,0.636048665,0.620872906597922,0.5511290201019399,-0.06499999999999995
1181101131,2026-02,0,Ligue 1,2025,0.5901491,0.59241855,0.58865964,0.59617704,0.594297795,0.5785347117880306,0.5510540096357301,-0.06499999999999995
1181100280,2026-02,0,Ligue 1,2025,0.5119376,0.5365779,0.51622003,0.536153,0.53636545,0.5201688263086477,0.5509536873355241,-0.06499999999999995
1181104535,2026-02,1,Ligue 1,2025,0.59129214,0.5891768,0.5974148,0.6002085,0.59469265,0.5789340387183258,0.5510547057690649,-0.06499999999999995
1181103684,2026-02,0,Ligue 1,2025,0.49589935,0.505784,0.49771136,0.4935502,0.49966710000000003,0.483423177509263,0.5508911859232457,-0.06499999999999995
1181106237,2026-02,1,Ligue 1,2025,0.58484995,0.5727367,0.58338374,0.5759258,0.57433125,0.558368880759881,0.5510190666461232,-0.06499999999999995
1181114747,2026-02,1,Ligue 1,2025,0.64078873,0.6124042,0.63891494,0.619285,0.6158446,0.6003557214385278,0.5510923394449887,-0.06499999999999995
1181113896,2026-02,0,Ligue 1,2025,0.5532368,0.5426706,0.555665,0.5512958,0.5469832,0.5308330470884759,0.5509718656017792,-0.06499999999999995
1181112194,2026-02,0,Ligue 1,2025,0.55317146,0.5455648,0.55195177,0.54340905,0.544486925,0.5283245197138322,0.5509675858699469,-0.06499999999999995
1181107939,2026-02,0,Ligue 1,2025,0.49470863,0.44073302,0.48761302,0.44252935,0.441631185,0.4256688151950109,0.5507920593947613,-0.06499999999999995
1173699133,2026-02,0,Premier League,2025,0.57454526,0.5600771,0.56584316,0.5499475,0.5550123,0.527707494625386,0.5581419973917635,-0.10999999999999999
1173704239,2026-02,1,Premier League,2025,0.575888,0.5878164,0.576136,0.5925876,0.590202,0.563357711687637,0.5641339100091107,-0.10999999999999999
1173703388,2026-02,1,Premier League,2025,0.58104604,0.5602533,0.5782329,0.55948585,0.559869575,0.5326118245253778,0.5589631275520163,-0.10999999999999999
1173705941,2026-02,1,Premier League,2025,0.58709884,0.6035925,0.59081405,0.6118549,0.6077237,0.5812127658276928,0.5671655289464863,-0.10999999999999999
1173705090,2026-02,0,Premier League,2025,0.4801558,0.50635177,0.47644162,0.4933003,0.499826035,0.472354259155653,0.5488776665159635,-0.10999999999999999
1173711898,2026-02,1,Premier League,2025,0.52137625,0.5245756,0.5265049,0.52689016,0.5257328800000001,0.49825564302197506,0.553217621021894,-0.10999999999999999
1173713600,2026-02,0,Premier League,2025,0.64567566,0.6502089,0.64941686,0.6501357,0.6501722999999999,0.6247588049430982,0.5747080483504442,-0.10999999999999999
1173708494,2026-02,1,Premier League,2025,0.6619798,0.6509257,0.66369617,0.65325415,0.6520899250000001,0.6267357608545838,0.5750569995385347,-0.10999999999999999
1173710196,2026-02,0,Premier League,2025,0.5340372,0.54595155,0.5422603,0.5466203,0.546285925,0.5189098020367381,0.5566703473876222,-0.10999999999999999
1173715302,2026-02,1,Premier League,2025,0.51065505,0.51084125,0.52603054,0.5188714,0.514856325,0.48736339075990914,0.551395035193919,-0.10999999999999999
1173711047,2026-02,1,Premier League,2025,0.5292758,0.55583125,0.5305311,0.5587009,0.557266075,0.5299824479264611,0.5585228107776943,-0.10999999999999999
1173707643,2026-02,0,Premier League,2025,0.47269553,0.46487802,0.4727339,0.4563807,0.46062936,0.4334449997951271,0.5422894968226486,-0.10999999999999999
1173714451,2026-02,1,Premier League,2025,0.5916358,0.5892255,0.593099,0.59783757,0.593531535,0.5667452454419035,0.5647070656149469,-0.10999999999999999
1173709345,2026-02,0,Premier League,2025,0.5947512,0.62656385,0.5953298,0.62837684,0.6274703450000001,0.6014186745494643,0.5706344585982427,-0.10999999999999999
1173712749,2026-02,1,Premier League,2025,0.6664662,0.6673957,0.6634526,0.6723863,0.669891,0.6451281199604629,0.578337605157213,-0.10999999999999999
1173722961,2026-02,1,Premier League,2025,0.5996154,0.6187003,0.5985841,0.61506784,0.61688407,0.5905751398312186,0.5687671237920728,-0.10999999999999999
1173717855,2026-02,1,Premier League,2025,0.56650245,0.5369283,0.5640556,0.52955,0.53323915,0.5057879869966628,0.5544768989842105,-0.10999999999999999
1173719557,2026-02,1,Premier League,2025,0.6096786,0.6090134,0.61213034,0.6124313,0.6107223500000001,0.5842754411615857,0.5676884478331456,-0.10999999999999999
1173723812,2026-02,1,Premier League,2025,0.60918814,0.57957625,0.6141691,0.5896925,0.584634375,0.5576986918711678,0.563178249760529,-0.10999999999999999
1173718706,2026-02,1,Premier League,2025,0.51292866,0.5524055,0.5158473,0.5491297,0.5507676,0.523425984816682,0.5574256232296647,-0.10999999999999999
1173720408,2026-02,0,Premier League,2025,0.5248991,0.4725681,0.5244168,0.49596626,0.48426718,0.45686944266462026,0.5462690220640292,-0.10999999999999999
1173716153,2026-02,0,Premier League,2025,0.62064826,0.66468155,0.62001526,0.6592096,0.661945575,0.6369097260656927,0.5768637587999746,-0.10999999999999999
1173721259,2026-02,0,Premier League,2025,0.53062326,0.52906907,0.5322365,0.5314394,0.530254235,0.5027912103529992,0.5539759517731477,-0.10999999999999999
1173722110,2026-02,0,Premier League,2025,0.5397736,0.5699159,0.54181033,0.5802028,0.5750593500000001,0.5479828181709816,0.5615421573602222,-0.10999999999999999
1173717004,2026-02,1,Premier League,2025,0.53036326,0.54793864,0.52129364,0.5504189,0.54917877,0.5218244094903008,0.5571577428172175,-0.10999999999999999
1173766362,2026-02,1,Premier League,2025,0.41062284,0.36419243,0.4142557,0.36634555,0.36526899,0.3401631478121602,0.5256759598345196,-0.10999999999999999
1173725514,2026-02,0,Premier League,2025,0.6179612,0.6510947,0.61574423,0.65404856,0.65257163,0.6272325028741349,0.575144784428495,-0.10999999999999999
1173724663,2026-02,1,Premier League,2025,0.56514984,0.5776142,0.5652956,0.5704141,0.57401415,0.5469234911615742,0.5613640868308682,-0.10999999999999999
1173726365,2026-02,1,Premier League,2025,0.51694715,0.5434352,0.51598513,0.5351659,0.53930055,0.5118795499471427,0.5554950871703422,-0.10999999999999999
1173732322,2026-02,0,Premier League,2025,0.64120275,0.62740856,0.64231616,0.6219833,0.62469593,0.5985743643593101,0.570143262137564,-0.10999999999999999
1173728918,2026-02,1,Premier League,2025,0.6336266,0.6243175,0.63123685,0.61719406,0.62075578,0.5945379716763096,0.5694479200731608,-0.10999999999999999
1173727216,2026-02,0,Premier League,2025,0.52099264,0.51444924,0.51736003,0.5135657,0.51400747,0.4865144076888657,0.5512528553148385,-0.10999999999999999
1173730620,2026-02,1,Premier League,2025,0.5369563,0.5468389,0.5453717,0.5630569,0.5549478999999999,0.5276425061308301,0.5581311206107386,-0.10999999999999999
1173729769,2026-02,0,Premier League,2025,0.5757176,0.5872814,0.57926524,0.57931364,0.5832975199999999,0.5563409323391401,0.5629492755063706,-0.10999999999999999
1173731471,2026-02,1,Premier League,2025,0.50134194,0.5064809,0.5025948,0.5019845,0.5042327,0.476749581232524,0.5496157901237739,-0.10999999999999999
1173728067,2026-02,0,Premier League,2025,0.5749387,0.5663401,0.5758997,0.5621568,0.56424845,0.5370376392362557,0.5597047648143044,-0.10999999999999999
1173740832,2026-02,0,Premier League,2025,0.50549096,0.50900537,0.5173516,0.504147,0.506576185,0.4790887691162874,0.5500082765358478,-0.10999999999999999
1173734024,2026-02,1,Premier League,2025,0.5613178,0.542722,0.5577676,0.53426564,0.53849382,0.511068335330957,0.5553594941151304,-0.10999999999999999
1173735726,2026-02,1,Premier League,2025,0.48932523,0.49153394,0.49553865,0.48363668,0.48758531,0.46016734697659567,0.5468258252431415,-0.10999999999999999
1173738279,2026-02,1,Premier League,2025,0.5873047,0.56784,0.58671916,0.58126,0.57455,0.5474665531052677,0.5614553672930214,-0.10999999999999999
1173739981,2026-02,1,Premier League,2025,0.57495654,0.5522775,0.5809737,0.5617464,0.5570119499999999,0.529725878239974,0.5584798558653813,-0.10999999999999999
1173737428,2026-02,0,Premier League,2025,0.5741512,0.56957376,0.58059615,0.5760707,0.5728222300000001,0.5457157604447544,0.5611611377406899,-0.10999999999999999
1184615761,2026-02,1,Segunda,2025,0.56093377,0.56671196,0.5613327,0.5780345,0.57237323,0.5918311641050402,0.5841949086664194,0.08000000000000007
1184609804,2026-02,0,Segunda,2025,0.4722312,0.49767202,0.47729382,0.5010473,0.49935966,0.519349990873108,0.5206331023772208,0.08000000000000007
1184616612,2026-02,0,Segunda,2025,0.4482727,0.50116265,0.45001212,0.48881397,0.49498831,0.5149836544281295,0.5168119278233528,0.08000000000000007
1188823956,2026-02,0,Segunda,2025,0.56484276,0.57602125,0.5696581,0.5610267,0.568523975,0.5880309936774705,0.5808509003432472,0.08000000000000007
1184610655,2026-02,0,Segunda,2025,0.61172676,0.6289662,0.6132351,0.6417244,0.6353453,0.653671628388935,0.6389535112805892,0.08000000000000007
1184614059,2026-02,1,Segunda,2025,0.45983154,0.4968477,0.46554518,0.48176375,0.489305725,0.5093030200377996,0.5118405859043996,0.08000000000000007
1184621718,2026-02,0,Segunda,2025,0.46537662,0.49519578,0.4701349,0.49299926,0.49409751999999996,0.5140935115421544,0.5160329331617062,0.08000000000000007
1188824807,2026-02,1,Segunda,2025,0.5056673,0.47477412,0.50357807,0.4757572,0.47526566000000003,0.4952455974090306,0.4995367282429153,0.08000000000000007
1184622569,2026-02,0,Segunda,2025,0.46458453,0.4908688,0.46617442,0.49619746,0.49353313,0.5135294658886878,0.5155393176498015,0.08000000000000007
1184617463,2026-02,1,Segunda,2025,0.4680292,0.5065657,0.46574092,0.48388022,0.49522296,0.5152181128585122,0.5170171106613715,0.08000000000000007
1184620016,2026-02,0,Segunda,2025,0.4414514,0.45918918,0.44170088,0.44348502,0.4513371,0.4712144367655425,0.4784868443945749,0.08000000000000007
1184623420,2026-02,1,Segunda,2025,0.4730436,0.4538539,0.47659755,0.4704612,0.46215755000000003,0.4820927065819411,0.48801920524891274,0.08000000000000007
1184624271,2026-02,1,Segunda,2025,0.640138,0.69540656,0.63807034,0.6813979,0.68840223,0.7052989174847715,0.6853928581702503,0.08000000000000007
1184625122,2026-02,1,Segunda,2025,0.49978304,0.5258434,0.499547,0.5187925,0.5223179499999999,0.5422319279399833,0.5406640850573594,0.08000000000000007
1184625973,2026-02,1,Segunda,2025,0.51128066,0.53744084,0.5125804,0.5396368,0.5385388200000001,0.5583483618765182,0.5547860597372646,0.08000000000000007
1184619165,2026-02,0,Segunda,2025,0.47502184,0.48056778,0.46965808,0.46833354,0.47445066,0.4944286186157086,0.4988215206893529,0.08000000000000007
1188825658,2026-02,1,Segunda,2025,0.6162635,0.653303,0.6211686,0.6541058,0.6537044,0.6715849952007056,0.654974683495857,0.08000000000000007
1184627675,2026-02,1,Segunda,2025,0.549458,0.554098,0.54972166,0.5600302,0.5570641000000001,0.576703465650009,0.5708934579331993,0.08000000000000007
1184634483,2026-02,1,Segunda,2025,0.476124,0.50337446,0.47416407,0.4802505,0.49181248,0.5118095513077422,0.5140341597340333,0.08000000000000007
1184633632,2026-02,0,Segunda,2025,0.486025,0.51364225,0.4842866,0.52010053,0.5168713899999999,0.5368110723203412,0.5359171595640105,0.08000000000000007
1184631930,2026-02,1,Segunda,2025,0.6481663,0.6587645,0.6494786,0.65949076,0.65912763,0.6768666209168338,0.6597157273512266,0.08000000000000007
1184631079,2026-02,1,Segunda,2025,0.5833987,0.58894175,0.5873728,0.59634084,0.592641295,0.6118024747107338,0.6018026040943288,0.08000000000000007
1184626824,2026-02,1,Segunda,2025,0.48711115,0.5082588,0.49129027,0.51579964,0.5120292200000001,0.5319877935062793,0.5316944619003212,0.08000000000000007
1184629377,2026-02,0,Segunda,2025,0.50866985,0.56906337,0.5106059,0.56039155,0.56472746,0.5842806111738125,0.5775524788235833,0.08000000000000007
1184628526,2026-02,1,Segunda,2025,0.4935823,0.54273593,0.49640685,0.5434686,0.5431022649999999,0.562874916605094,0.5587555874156851,0.08000000000000007
1184635334,2026-02,0,Segunda,2025,0.48882023,0.48011723,0.48756188,0.46595082,0.473034025,0.4930082901328577,0.49757807181097785,0.08000000000000007
1184632781,2026-02,1,Segunda,2025,0.4847147,0.51489455,0.48909298,0.5054814,0.510187975,0.5301527526150205,0.5300881075563492,0.08000000000000007
1184643844,2026-02,1,Segunda,2025,0.4726514,0.48913544,0.47572765,0.48921847,0.489176955,0.5091742343739012,0.5117278789634196,0.08000000000000007
1184642142,2026-02,1,Segunda,2025,0.52646685,0.57996553,0.52912796,0.57193065,0.57594809,0.5953583561608314,0.5873004116931856,0.08000000000000007
1184642993,2026-02,1,Segunda,2025,0.45903167,0.50571,0.45940065,0.48989654,0.49780327,0.517795735882856,0.5192728922714369,0.08000000000000007
1184644695,2026-02,0,Segunda,2025,0.46725577,0.48112625,0.47386065,0.48666325,0.48389475,0.5038890982768705,0.5071024355937535,0.08000000000000007
1184641291,2026-02,1,Segunda,2025,0.6731093,0.7006802,0.67122364,0.70203245,0.701356325,0.717838482943742,0.6968103748865804,0.08000000000000007
1184637036,2026-02,1,Segunda,2025,0.51868546,0.5097504,0.51134324,0.5192564,0.5145033999999999,0.5344527868578215,0.5338524227631832,0.08000000000000007
1184638738,2026-02,1,Segunda,2025,0.49174833,0.53689706,0.48962918,0.5261733,0.53153518,0.5513949293953173,0.5486911950950258,0.08000000000000007
1188826509,2026-02,1,Segunda,2025,0.5533864,0.57547253,0.5517675,0.573208,0.574340265,0.5937722182724012,0.5859036940803678,0.08000000000000007
1184637887,2026-02,0,Segunda,2025,0.51353496,0.5346179,0.513498,0.53658056,0.53559923,0.5554307908178748,0.5522283304106618,0.08000000000000007
1184640440,2026-02,0,Segunda,2025,0.5161094,0.5165683,0.51300687,0.5081946,0.51238145,0.5323387751542176,0.5320017146343171,0.08000000000000007
1184618314,2026-02,1,Segunda,2025,0.5586696,0.5606728,0.5565219,0.54558605,0.5531294250000001,0.572809464101569,0.5674736959078065,0.08000000000000007
1184646397,2026-02,1,Segunda,2025,0.60686207,0.62094945,0.60645056,0.6274811,0.6242152750000001,0.6427864705621283,0.6292585427844744,0.08000000000000007
1184651503,2026-02,0,Segunda,2025,0.4650485,0.4963078,0.47067052,0.475844,0.4860759,0.5060720003217188,0.5090129083529283,0.08000000000000007
1184654056,2026-02,0,Segunda,2025,0.5323366,0.5504144,0.53663135,0.55010396,0.55025918,0.5699673499661374,0.5649786650665167,0.08000000000000007
1184650652,2026-02,0,Segunda,2025,0.46425834,0.49315986,0.47173935,0.48549905,0.489329455,0.5093267526347409,0.5118613555038692,0.08000000000000007
1184647248,2026-02,1,Segunda,2025,0.60919476,0.61773926,0.6107341,0.60515773,0.611448495,0.6302769209023926,0.6181502433730575,0.08000000000000007
1172757076,2026-02,0,Serie A,2025,0.42246485,0.44399515,0.41626176,0.42541522,0.434705185,0.43224944306529395,0.4720386488704714,-0.010000000000000009
1172751970,2026-02,0,Serie A,2025,0.5301444,0.5447222,0.5294301,0.5492283,0.54697525,0.5444961728473774,0.5143851315875831,-0.010000000000000009
1172752821,2026-02,0,Serie A,2025,0.43797088,0.41538826,0.43402877,0.42823738,0.42181282,0.41937587803517995,0.4671104464175698,-0.010000000000000009
1172755374,2026-02,1,Serie A,2025,0.4358119,0.41372362,0.4331821,0.40458408,0.40915385000000004,0.4067385945234068,0.46223799411501676,-0.010000000000000009
1172757927,2026-02,0,Serie A,2025,0.4424932,0.46190876,0.43691474,0.448417,0.45516288,0.45268411573614087,0.4798031479582694,-0.010000000000000009
1172750268,2026-02,0,Serie A,2025,0.50858563,0.47438136,0.5109409,0.48065835,0.477519855,0.4750254900923798,0.4882348488024617,-0.010000000000000009
1172766437,2026-02,0,Serie A,2025,0.44428197,0.4999934,0.4460689,0.49523813,0.497615765,0.4951159022805219,0.49578969471572587,-0.010000000000000009
1172761331,2026-02,1,Serie A,2025,0.45949942,0.45522246,0.45121607,0.4546761,0.45494928,0.45247071294072216,0.47972236452281297,-0.010000000000000009
1172760480,2026-02,1,Serie A,2025,0.54014194,0.54537547,0.5421363,0.55306673,0.5492211,0.5467441286156838,0.5152361668640746,-0.010000000000000009
1172759629,2026-02,0,Serie A,2025,0.49154958,0.48409948,0.49246326,0.477082,0.48059074,0.47809501239369284,0.48939021543136474,-0.010000000000000009
1172763033,2026-02,1,Serie A,2025,0.44204098,0.4324557,0.44699788,0.43136567,0.43191068499999996,0.4294587364959823,0.47097303834232196,-0.010000000000000009
1172765586,2026-02,0,Serie A,2025,0.44809017,0.4373192,0.44236818,0.4252255,0.43127234999999997,0.42882128988023255,0.4707294331227823,-0.010000000000000009
1172762182,2026-02,1,Serie A,2025,0.44484073,0.38044274,0.44219208,0.39546934,0.38795604,0.3855842556956183,0.4539877404772462,-0.010000000000000009
1172758778,2026-02,1,Serie A,2025,0.49110046,0.4880909,0.4896528,0.4782688,0.48317984999999997,0.4806831199342515,0.4903639790243081,-0.010000000000000009
1172764735,2026-02,0,Serie A,2025,0.46111622,0.4556052,0.45937032,0.4416527,0.44862895,0.4461566305068922,0.47732954700921615,-0.010000000000000009
1172773245,2026-02,1,Serie A,2025,0.41871816,0.3516331,0.4151792,0.3539105,0.35277179999999997,0.3504919370287938,0.43996652205615294,-0.010000000000000009
1172768139,2026-02,1,Serie A,2025,0.5568474,0.5847879,0.55954397,0.58580667,0.585297285,0.5828679893891794,0.5290205699216146,-0.010000000000000009
1172770692,2026-02,0,Serie A,2025,0.5269241,0.55824786,0.5254797,0.56542176,0.56183481,0.5593715428078817,0.5200293386993096,-0.010000000000000009
1172769841,2026-02,1,Serie A,2025,0.5703071,0.60755366,0.5734593,0.6216388,0.6145962300000001,0.6122248552146226,0.5404362776556821,-0.010000000000000009
1172774947,2026-02,1,Serie A,2025,0.49117416,0.5226234,0.49119872,0.51615953,0.519391465,0.516894761947674,0.503975598207351,-0.010000000000000009
1172768990,2026-02,0,Serie A,2025,0.42678085,0.44290224,0.42500228,0.44676337,0.444832805,0.44236462138986926,0.47588988459875065,-0.010000000000000009
1172772394,2026-02,1,Serie A,2025,0.46867013,0.4758118,0.47015238,0.47515982,0.47548581,0.47299245145971663,0.48746929687482904,-0.010000000000000009
1172774096,2026-02,1,Serie A,2025,0.5379834,0.54607403,0.5348277,0.5365527,0.5413133649999999,0.5388294274425318,0.5122424110713597,-0.010000000000000009
1172771543,2026-02,1,Serie A,2025,0.42724347,0.40823573,0.4283367,0.41601747,0.4121266,0.40970596461082165,0.4633855092301858,-0.010000000000000009
1172767288,2026-02,0,Serie A,2025,0.43353587,0.4226927,0.42786425,0.4061469,0.4144198,0.41199513494503215,0.4642692815042062,-0.010000000000000009
1172763884,2026-02,1,Serie A,2025,0.5630756,0.54146737,0.56177324,0.5500089,0.545738135,0.5432579410437213,0.5139166189319717,-0.010000000000000009
1172783457,2026-02,0,Serie A,2025,0.46778765,0.52752936,0.46779317,0.5278509,0.52769013,0.5251971278924527,0.5071005059645151,-0.010000000000000009
1172780053,2026-02,0,Serie A,2025,0.5399171,0.54062194,0.5373403,0.53566283,0.538142385,0.5356560057707892,0.5110439621014734,-0.010000000000000009
1172780904,2026-02,0,Serie A,2025,0.44740885,0.45557863,0.43928885,0.4445664,0.450072515,0.4475986982671676,0.4778765045899558,-0.010000000000000009
1172777500,2026-02,0,Serie A,2025,0.44023475,0.42840853,0.4364636,0.4276584,0.428033465,0.42558703781733287,0.46949224678154144,-0.010000000000000009
1172779202,2026-02,0,Serie A,2025,0.49808556,0.51509964,0.4998588,0.5277444,0.5214220199999999,0.5189260951512276,0.5047398142251286,-0.010000000000000009
1172775798,2026-02,1,Serie A,2025,0.5472241,0.50578314,0.5405615,0.50943744,0.50761029,0.5051106997689574,0.49954535944923034,-0.010000000000000009
1172781755,2026-02,0,Serie A,2025,0.46096963,0.45383468,0.4594713,0.45276842,0.45330155,0.45082453482177726,0.47909901661642046,-0.010000000000000009
1172782606,2026-02,0,Serie A,2025,0.46491224,0.48777652,0.47318012,0.47827873,0.48302762499999996,0.4805309501657357,0.49030673505516853,-0.010000000000000009
1172778351,2026-02,0,Serie A,2025,0.5351332,0.49801025,0.5263923,0.5132495,0.505629875,0.5031300720508004,0.4988010706678074,-0.010000000000000009
1172776649,2026-02,0,Serie A,2025,0.49676496,0.50882363,0.50129336,0.5157786,0.512301115,0.5098023416203922,0.5013086898625707,-0.010000000000000009
1172786861,2026-02,1,Serie A,2025,0.4436544,0.43891653,0.4457411,0.43823105,0.43857379,0.4361130538358139,0.4735116644623834,-0.010000000000000009
1172784308,2026-02,1,Serie A,2025,0.42462716,0.41444016,0.41629356,0.39620274,0.40532144999999997,0.40291339026147566,0.4607554375135035,-0.010000000000000009
1172791967,2026-02,1,Serie A,2025,0.39231387,0.382423,0.3927274,0.3870321,0.38472755000000003,0.3823631725562093,0.4527196323005011,-0.010000000000000009
1172786010,2026-02,0,Serie A,2025,0.4560403,0.47420377,0.45500812,0.4780162,0.476109985,0.4736163088483737,0.4877042424202471,-0.010000000000000009
1181633006,2026-03,0,Bundesliga,2025,0.6217283,0.57656413,0.6163994,0.5739373,0.5752507149999999,0.5543610006890096,0.5823083284575071,-0.08499999999999996
1181630453,2026-03,0,Bundesliga,2025,0.58244,0.5582541,0.5834349,0.5539653,0.5561096999999999,0.53503949923152,0.5843604123888297,-0.08499999999999996
1181631304,2026-03,1,Bundesliga,2025,0.64996386,0.6342796,0.64414537,0.63278437,0.6335319850000001,0.6135831884239773,0.5758617018225203,-0.08499999999999996
1181575989,2026-03,0,Bundesliga,2025,0.5787202,0.56918377,0.5759078,0.5669694,0.568076585,0.5471118190153792,0.5830802895428381,-0.08499999999999996
1181634708,2026-03,1,Bundesliga,2025,0.5891693,0.6186551,0.59701985,0.6253422,0.62199865,0.6018166265306664,0.5771674638608937,-0.08499999999999996
1181641516,2026-03,1,Bundesliga,2025,0.61773074,0.6161301,0.6169178,0.6143204,0.61522525,0.5949171077568686,0.5779264680008247,-0.08499999999999996
1181638112,2026-03,1,Bundesliga,2025,0.6572925,0.6513308,0.6586529,0.65730745,0.654319125,0.6348496860862561,0.5734600744111416,-0.08499999999999996
1181636410,2026-03,1,Bundesliga,2025,0.59259486,0.6034172,0.5944045,0.6004538,0.6019355,0.5814031799566276,0.5794004483533669,-0.08499999999999996
1181638963,2026-03,1,Bundesliga,2025,0.62101436,0.5923978,0.62033623,0.5892958,0.5908468,0.5701509633135161,0.580616447254536,-0.08499999999999996
1181637261,2026-03,1,Bundesliga,2025,0.6004794,0.57629997,0.6001049,0.5679059,0.572102935,0.5511791957872346,0.5826474903609753,-0.08499999999999996
1181635559,2026-03,1,Bundesliga,2025,0.6471443,0.6657006,0.64648205,0.6502382,0.6579694,0.6385919954285237,0.5730312098342738,-0.08499999999999996
1181639814,2026-03,0,Bundesliga,2025,0.5597272,0.57238495,0.5665168,0.5759777,0.5741813250000001,0.5532798594071259,0.5824236324338717,-0.08499999999999996
1181640665,2026-03,1,Bundesliga,2025,0.578266,0.59004176,0.5765932,0.58990526,0.58997351,0.5692657029901492,0.580711724915206,-0.08499999999999996
1181643218,2026-03,0,Bundesliga,2025,0.48073798,0.48869705,0.4799611,0.49139228,0.490044665,0.4688338071072102,0.5913228668269896,-0.08499999999999996
1181644920,2026-03,0,Bundesliga,2025,0.5849735,0.58620554,0.5905644,0.5832298,0.5847176700000001,0.5639406145024517,0.5812837377570245,-0.08499999999999996
1181647473,2026-03,1,Bundesliga,2025,0.6514009,0.62394255,0.6527351,0.6223468,0.623144675,0.6029847838305714,0.5770384884627225,-0.08499999999999996
1181644069,2026-03,0,Bundesliga,2025,0.5494947,0.48107767,0.5527562,0.48341614,0.482246905,0.461068402976836,0.5921399968510809,-0.08499999999999996
1181642367,2026-03,1,Bundesliga,2025,0.6548611,0.6627991,0.6478905,0.6615566,0.66217785,0.6429094736215529,0.5725338894530043,-0.08499999999999996
1181646622,2026-03,1,Bundesliga,2025,0.5996295,0.5812575,0.59822106,0.5888127,0.5850351,0.564262090909524,0.5812492577055032,-0.08499999999999996
1181649175,2026-03,0,Bundesliga,2025,0.56891435,0.5462645,0.56805956,0.5460692,0.5461668500000001,0.5250277895511554,0.5854178110002827,-0.08499999999999996
1181645771,2026-03,0,Bundesliga,2025,0.5138996,0.5079571,0.51593125,0.4986967,0.5033269,0.4820846218547328,0.5899308116841846,-0.08499999999999996
1181648324,2026-03,0,Bundesliga,2025,0.6664804,0.6498889,0.66393405,0.66020036,0.65504463,0.6355932959683667,0.5733750167866897,-0.08499999999999996
1181655132,2026-03,0,Bundesliga,2025,0.68031585,0.69521844,0.68467635,0.69676983,0.6959941350000001,0.6777157953128646,0.5684111496802164,-0.08499999999999996
1181650877,2026-03,0,Bundesliga,2025,0.47544184,0.46662673,0.48082876,0.46510744,0.46586708499999996,0.44478995444350583,0.5938582082426974,-0.08499999999999996
1181656834,2026-03,0,Bundesliga,2025,0.6499669,0.67305773,0.64486605,0.6742807,0.673669215,0.6547145033818289,0.5711593210301429,-0.08499999999999996
1181653430,2026-03,1,Bundesliga,2025,0.5606549,0.5056329,0.55942404,0.49595562,0.50079426,0.47955566562419866,0.5901963367385159,-0.08499999999999996
1181652579,2026-03,1,Bundesliga,2025,0.6087719,0.5951632,0.6116543,0.6037121,0.59943765,0.5788666305311034,0.5796754040618092,-0.08499999999999996
1181651728,2026-03,1,Bundesliga,2025,0.5375399,0.4952248,0.5426151,0.50818455,0.501704675,0.48046463111309545,0.5901008949717773,-0.08499999999999996
1181654281,2026-03,1,Bundesliga,2025,0.61942923,0.6350763,0.62766886,0.6436187,0.6393475,0.6195251534295975,0.5751963902526064,-0.08499999999999996
1181655983,2026-03,1,Bundesliga,2025,0.4830702,0.46915323,0.48589888,0.4642629,0.46670806499999995,0.4456246296667715,0.5937698904054292,-0.08499999999999996
1181650026,2026-03,1,Bundesliga,2025,0.6451475,0.61793935,0.6435099,0.621205,0.6195721750000001,0.599344049194121,0.5774400047213486,-0.08499999999999996
1183802205,2026-03,1,La Liga,2025,0.5634457,0.5651222,0.56644714,0.5625845,0.56385335,0.5870578023716904,0.5801796627944822,0.09499999999999997
1183808162,2026-03,0,La Liga,2025,0.5343435,0.56007195,0.53733265,0.5594965,0.559784225,0.5830450788905629,0.5767765149797678,0.09499999999999997
1183801354,2026-03,1,La Liga,2025,0.54133236,0.5438614,0.54167145,0.5464717,0.54516655,0.5686045553650617,0.5645456333943761,0.09499999999999997
1183803056,2026-03,1,La Liga,2025,0.5635601,0.5646283,0.56657803,0.56015307,0.562390685,0.5856157659335849,0.5789564430804711,0.09499999999999997
1183806460,2026-03,0,La Liga,2025,0.4294718,0.4335104,0.4438416,0.43183923,0.43267481500000005,0.456126570234504,0.4695117997778578,0.09499999999999997
1183779228,2026-03,0,La Liga,2025,0.4964555,0.49413347,0.49700794,0.49921829,0.49667588,0.5204144759984211,0.5238423708762997,0.09499999999999997
1183810715,2026-03,1,La Liga,2025,0.5496275,0.5715176,0.5517521,0.57665855,0.5740880749999999,0.5971370565862784,0.5887376967804291,0.09499999999999997
1183814119,2026-03,1,La Liga,2025,0.50781786,0.52975535,0.52023023,0.5357254,0.5327403749999999,0.55629755640555,0.5541380760496935,0.09499999999999997
1183813268,2026-03,1,La Liga,2025,0.5565057,0.56483376,0.5542954,0.5565621,0.5606979299999999,0.5839463875164564,0.5775407221842352,0.09499999999999997
1183809864,2026-03,1,La Liga,2025,0.5518069,0.548704,0.5504722,0.56507456,0.55688928,0.5801883831268787,0.5743550367047768,0.09499999999999997
1183809013,2026-03,0,La Liga,2025,0.6428623,0.6276943,0.6444316,0.6394793,0.6335868,0.6553489415586783,0.6385472398566997,0.09499999999999997
1183816672,2026-03,1,La Liga,2025,0.58455735,0.59692645,0.5928777,0.60425985,0.60059315,0.6231493304124623,0.6109031810476364,0.09499999999999997
1183812417,2026-03,0,La Liga,2025,0.4416203,0.44781637,0.4431552,0.43981487,0.44381562,0.4673737619074685,0.4790390946157717,0.09499999999999997
1183814970,2026-03,1,La Liga,2025,0.5281073,0.5518929,0.53810084,0.55082566,0.55135928,0.5747271047134503,0.5697284943321478,0.09499999999999997
1183815821,2026-03,1,La Liga,2025,0.51158494,0.54938745,0.5094844,0.5572361,0.5533117750000001,0.5766559875050762,0.5713621630578679,0.09499999999999997
1183811566,2026-03,1,La Liga,2025,0.5047618,0.50924724,0.50895923,0.5221483,0.51569777,0.5393712543594028,0.5398413361757459,0.09499999999999997
1183817523,2026-03,1,La Liga,2025,0.52758366,0.5279523,0.53209984,0.5460158,0.53698405,0.560503784734638,0.5576936986204276,0.09499999999999997
1183820927,2026-03,0,La Liga,2025,0.5663651,0.5896607,0.5710286,0.5991793,0.59442,0.617102545280259,0.6057391099287548,0.09499999999999997
1183818374,2026-03,0,La Liga,2025,0.42951083,0.4268137,0.43652755,0.42765674,0.42723522,0.45062632746360853,0.46484711127864975,0.09499999999999997
1183825182,2026-03,0,La Liga,2025,0.48859653,0.50705177,0.48737073,0.50594676,0.506499265,0.5302127788621449,0.5321109270837873,0.09499999999999997
1183823480,2026-03,1,La Liga,2025,0.5991515,0.6023316,0.60398847,0.61127305,0.606802325,0.629224325771186,0.6160992541822863,0.09499999999999997
1183821778,2026-03,1,La Liga,2025,0.5269972,0.56941354,0.51589745,0.5646148,0.56701417,0.590172684960405,0.582822858457586,0.09499999999999997
1183819225,2026-03,1,La Liga,2025,0.5798193,0.5755274,0.5859209,0.5809204,0.5782239,0.6012045409226944,0.5921956843818219,0.09499999999999997
1183820076,2026-03,1,La Liga,2025,0.547024,0.54577863,0.54950166,0.5501155,0.547947065,0.571354445902066,0.5668729916427994,0.09499999999999997
1183824331,2026-03,1,La Liga,2025,0.5317181,0.5230912,0.53996193,0.5361768,0.5296339999999999,0.5532164501525302,0.5515343676467012,0.09499999999999997
1183822629,2026-03,1,La Liga,2025,0.55130404,0.54640627,0.5565809,0.5516369,0.549021585,0.5724167440970547,0.5677722693305616,0.09499999999999997
1183833692,2026-03,1,La Liga,2025,0.6079896,0.63107944,0.61035496,0.63525236,0.6331659000000001,0.6549394253943908,0.6381939303986816,0.09499999999999997
1183828586,2026-03,1,La Liga,2025,0.5388754,0.5482117,0.5458062,0.5636014,0.55590655,0.5792182822895922,0.573532957960006,0.09499999999999997
1183829437,2026-03,1,La Liga,2025,0.4066468,0.42093402,0.40981752,0.41129747,0.41611574500000004,0.4393650621295373,0.4552834628206177,0.09499999999999997
1183831139,2026-03,0,La Liga,2025,0.5641202,0.5615752,0.56593233,0.56344545,0.5625103250000001,0.5857337335510542,0.5790564996885726,0.09499999999999997
1183830288,2026-03,1,La Liga,2025,0.5387681,0.5732681,0.5478687,0.58692575,0.580096925,0.6030455731133415,0.5937617376555235,0.09499999999999997
1183832841,2026-03,0,La Liga,2025,0.50002056,0.53556585,0.50235075,0.5386812,0.5371235249999999,0.5606419716718215,0.5578105347262541,0.09499999999999997
1183826884,2026-03,0,La Liga,2025,0.5535525,0.56175596,0.5512988,0.56024015,0.560998055,0.5842424067581483,0.5777917356126647,0.09499999999999997
1183827735,2026-03,1,La Liga,2025,0.48320884,0.51752484,0.48355818,0.5358625,0.52669367,0.5502983684049344,0.5490690058055356,0.09499999999999997
1183826033,2026-03,1,La Liga,2025,0.5696491,0.5794247,0.58087945,0.58127296,0.5803488299999999,0.6032931258010784,0.5939723591370379,0.09499999999999997
1183831990,2026-03,1,La Liga,2025,0.6543426,0.6786151,0.65249133,0.6765014,0.67755825,0.6979538213971803,0.6756078654228433,0.09499999999999997
1181113045,2026-03,0,Ligue 1,2025,0.57003534,0.57395893,0.5703529,0.57989895,0.57692894,0.5523521568331985,0.5427052686049111,-0.09999999999999998
1181108790,2026-03,0,Ligue 1,2025,0.53920794,0.5617685,0.5363411,0.55760807,0.559688285,0.5349173396267961,0.5404213910992642,-0.09999999999999998
1181109641,2026-03,1,Ligue 1,2025,0.51718634,0.56847847,0.5136714,0.56700873,0.5677436,0.5430558454982223,0.5414859780159395,-0.09999999999999998
1181111343,2026-03,0,Ligue 1,2025,0.45136148,0.4129098,0.4528411,0.41632947,0.414619635,0.390573953309883,0.521360967376602,-0.09999999999999998
1181110492,2026-03,1,Ligue 1,2025,0.5880567,0.5877899,0.5918354,0.5919925,0.5898912000000001,0.5655003125220464,0.5444373033489371,-0.09999999999999998
1181121555,2026-03,1,Ligue 1,2025,0.6419957,0.65769947,0.6384112,0.66109085,0.65939516,0.6365913601709908,0.5540639073808299,-0.09999999999999998
1181119853,2026-03,0,Ligue 1,2025,0.49190268,0.52371657,0.49494043,0.5189738,0.521345185,0.49635823056821743,0.535396083102889,-0.09999999999999998
1181115598,2026-03,0,Ligue 1,2025,0.52974045,0.52379334,0.5341679,0.5268423,0.5253178199999999,0.5003394913235326,0.535914542990385,-0.09999999999999998
1181122406,2026-03,0,Ligue 1,2025,0.6030655,0.62094605,0.60191804,0.6193138,0.6201299250000001,0.5963067061126444,0.5485435714011125,-0.09999999999999998
1181117300,2026-03,0,Ligue 1,2025,0.5379043,0.58143014,0.5442616,0.57495487,0.5781925050000001,0.5536323330466293,0.5428734915420427,-0.09999999999999998
1181118151,2026-03,1,Ligue 1,2025,0.51775706,0.5005443,0.5253706,0.51142216,0.50598323,0.4809926794716496,0.5333932425751666,-0.09999999999999998
1181116449,2026-03,0,Ligue 1,2025,0.5496068,0.5731596,0.5484146,0.55550706,0.56433333,0.5396087466431796,0.541034779632124,-0.09999999999999998
1181120704,2026-03,0,Ligue 1,2025,0.6801751,0.6990247,0.6800222,0.6990129,0.6990188,0.6775706604471685,0.559942821422745,-0.09999999999999998
1181119002,2026-03,1,Ligue 1,2025,0.56622845,0.55591637,0.56999636,0.5706674,0.563291885,0.5385565258848443,0.5408971394926666,-0.09999999999999998
1181125810,2026-03,0,Ligue 1,2025,0.52998155,0.52597,0.5293697,0.5067171,0.51634355,0.4913502375073647,0.5347437149642564,-0.09999999999999998
1181124959,2026-03,1,Ligue 1,2025,0.5280953,0.5198108,0.5344411,0.5214398,0.5206253000000001,0.4956371214444683,0.5353021638997663,-0.09999999999999998
1181123257,2026-03,0,Ligue 1,2025,0.5697469,0.5917993,0.5784114,0.5995196,0.5956594500000001,0.5713623424588553,0.5452129475478951,-0.09999999999999998
1181127512,2026-03,0,Ligue 1,2025,0.56888795,0.5479184,0.5715537,0.55287206,0.55039523,0.525544668294172,0.5391978840984484,-0.09999999999999998
1181130065,2026-03,0,Ligue 1,2025,0.57805365,0.579769,0.5803926,0.5787375,0.57925325,0.5547072745015191,0.5430148099501801,-0.09999999999999998
1181124108,2026-03,0,Ligue 1,2025,0.5123023,0.51452136,0.5193442,0.5171602,0.51584078,0.4908471056928971,0.5346781573648501,-0.09999999999999998
1181126661,2026-03,1,Ligue 1,2025,0.43626803,0.40575543,0.43690425,0.39315698,0.399456205,0.3757254804899432,0.5193084009748272,-0.09999999999999998
1181129214,2026-03,1,Ligue 1,2025,0.6064262,0.6042651,0.61074287,0.60501635,0.604640725,0.5805032278419551,0.5464273822699848,-0.09999999999999998
1181131767,2026-03,1,Ligue 1,2025,0.4807579,0.4940216,0.47922984,0.48100853,0.48751506499999997,0.46258255406845056,0.5309856191169732,-0.09999999999999998
1181137724,2026-03,0,Ligue 1,2025,0.51939505,0.5243895,0.5232496,0.5263355,0.5253625,0.5003842863559363,0.5359203758949218,-0.09999999999999998
1181130916,2026-03,0,Ligue 1,2025,0.4738946,0.4607907,0.4752488,0.45379877,0.457294735,0.4326031280382908,0.5270301911572598,-0.09999999999999998
1181135171,2026-03,0,Ligue 1,2025,0.58251566,0.6150445,0.58444935,0.6123597,0.6137021,0.5897424535882873,0.5476618019990798,-0.09999999999999998
1181132618,2026-03,1,Ligue 1,2025,0.5972232,0.60943425,0.59815073,0.60145575,0.605445,0.581322604853296,0.5465365616511928,-0.09999999999999998
1181136873,2026-03,0,Ligue 1,2025,0.5427318,0.55486786,0.54048,0.54158634,0.5482271000000001,0.5233604795491605,0.5389130614134068,-0.09999999999999998
1181136022,2026-03,1,Ligue 1,2025,0.5209931,0.5045978,0.52069044,0.5070048,0.5058013,0.48081098966799585,0.5333695328671494,-0.09999999999999998
1181133469,2026-03,1,Ligue 1,2025,0.6045586,0.62746274,0.60222423,0.6156597,0.62156122,0.5977695415702908,0.5487406509938924,-0.09999999999999998
1181134320,2026-03,1,Ligue 1,2025,0.5223527,0.53110737,0.52725255,0.54608077,0.53859407,0.5136675873901007,0.5376500389596721,-0.09999999999999998
1173734875,2026-03,1,Premier League,2025,0.5723802,0.5504333,0.57271725,0.5544699,0.5524515999999999,0.5288631601028191,0.5609597625320929,-0.09499999999999997
1173739130,2026-03,1,Premier League,2025,0.5730112,0.58196557,0.5698223,0.5972131,0.5895893350000001,0.566422073483318,0.5663813520483078,-0.09499999999999997
1173736577,2026-03,1,Premier League,2025,0.6310085,0.6773206,0.6367103,0.67440397,0.675862285,0.6547129653411882,0.5796273469062564,-0.09499999999999997
1173733173,2026-03,1,Premier League,2025,0.5672873,0.5735178,0.57275325,0.5883897,0.5809537499999999,0.5576647394482677,0.5651110954044585,-0.09499999999999997
1173745938,2026-03,0,Premier League,2025,0.53224796,0.53556836,0.5427574,0.53608245,0.535825405,0.5121345186255205,0.5585591272890138,-0.09499999999999997
1173742534,2026-03,0,Premier League,2025,0.6693352,0.6752188,0.6699667,0.67332554,0.6742721700000001,0.6530723555280663,0.5793706315482487,-0.09499999999999997
1173744236,2026-03,0,Premier League,2025,0.5115988,0.529322,0.5125157,0.5421102,0.5357160999999999,0.5120247154301294,0.558543379654021,-0.09499999999999997
1173749342,2026-03,1,Premier League,2025,0.53617495,0.52325135,0.5442692,0.52611434,0.5246828450000001,0.5009529236768414,0.5569554931848691,-0.09499999999999997
1173741683,2026-03,1,Premier League,2025,0.6592132,0.6749609,0.6554361,0.6660007,0.6704808,0.6491626201031802,0.5787609573947742,-0.09499999999999997
1173746789,2026-03,1,Premier League,2025,0.5209509,0.48202807,0.52351743,0.48078316,0.481405615,0.4577480414635383,0.5507350911299136,-0.09499999999999997
1173745087,2026-03,0,Premier League,2025,0.59283644,0.60264266,0.5936353,0.6072891,0.60496588,0.5820513069020854,0.5686617331294813,-0.09499999999999997
1173743385,2026-03,0,Premier League,2025,0.5047518,0.5041727,0.5071991,0.5092699,0.5067213,0.4829782852754234,0.5543747478379355,-0.09499999999999997
1173747640,2026-03,1,Premier League,2025,0.6332036,0.6314188,0.6414104,0.6406642,0.6360414999999999,0.6137787104668021,0.5733615772696764,-0.09499999999999997
1173748491,2026-03,1,Premier League,2025,0.62315756,0.6291555,0.62136126,0.63861483,0.6338851649999999,0.6115710265715115,0.5730308217483742,-0.09499999999999997
1173757001,2026-03,0,Premier League,2025,0.5395245,0.5605744,0.53890336,0.55783457,0.559204485,0.5356728192468913,0.5619385277217273,-0.09499999999999997
1173751895,2026-03,0,Premier League,2025,0.5487452,0.54867435,0.5592612,0.5448655,0.546769925,0.5231405102095781,0.5601380772552328,-0.09499999999999997
1173750193,2026-03,0,Premier League,2025,0.48189864,0.5013558,0.48637095,0.49382514,0.49759047,0.47386429398101376,0.5530630570667854,-0.09499999999999997
1173752746,2026-03,0,Premier League,2025,0.6643456,0.67770326,0.65930927,0.68030345,0.6790033550000001,0.6579552621158554,0.580136265362821,-0.09499999999999997
1173757852,2026-03,1,Premier League,2025,0.63731176,0.64011896,0.64283544,0.64106315,0.640591055,0.6184396094439728,0.5740619816733762,-0.09499999999999997
1173756150,2026-03,0,Premier League,2025,0.57434815,0.579512,0.5750344,0.5723438,0.5759278999999999,0.5525746900706535,0.5643748269337314,-0.09499999999999997
1173753597,2026-03,0,Premier League,2025,0.548861,0.53144556,0.5539285,0.536136,0.5337907799999999,0.5100909948787636,0.5582660580539698,-0.09499999999999997
1173755299,2026-03,1,Premier League,2025,0.6125864,0.61838216,0.6175125,0.61907166,0.61872691,0.5960776063476934,0.5707261705639993,-0.09499999999999997
1173754448,2026-03,1,Premier League,2025,0.5613583,0.5805714,0.56192386,0.57617295,0.5783721749999999,0.5550495766297657,0.5647326425903199,-0.09499999999999997
1173751044,2026-03,1,Premier League,2025,0.5558654,0.560746,0.55724454,0.5688046,0.5647753,0.5412970828588594,0.5627479766508554,-0.09499999999999997
1173759554,2026-03,1,Premier League,2025,0.6506977,0.6282198,0.6495479,0.6392328,0.6337263,0.611408414718843,0.5730064839279945,-0.09499999999999997
1173760405,2026-03,1,Premier League,2025,0.60741895,0.6332842,0.6113534,0.6187264,0.6260053,0.6035112971655344,0.5718284593747147,-0.09499999999999997
1173762107,2026-03,1,Premier League,2025,0.555002,0.5792112,0.5462361,0.5714837,0.57534745,0.5519871406126701,0.5642899259771499,-0.09499999999999997
1173761256,2026-03,0,Premier League,2025,0.6097273,0.6508646,0.6084623,0.64245445,0.646659525,0.6246629516493903,0.5750018599832207,-0.09499999999999997
1173762958,2026-03,0,Premier League,2025,0.57593,0.55850494,0.57535243,0.5483841,0.55344452,0.5298638776989073,0.5611035218975927,-0.09499999999999997
1173764660,2026-03,1,Premier League,2025,0.54970473,0.54408103,0.55419886,0.5501032,0.547092115,0.5234648579238212,0.5601846321348295,-0.09499999999999997
1173758703,2026-03,0,Premier League,2025,0.57685405,0.5885911,0.5768453,0.597775,0.5931830499999999,0.5700707231330288,0.566912064811815,-0.09499999999999997
1173765511,2026-03,0,Premier League,2025,0.55236024,0.5321412,0.5545623,0.5263701,0.52925565,0.5055388784376601,0.557613236206377,-0.09499999999999997
1184649801,2026-03,1,Segunda,2025,0.5300978,0.53253114,0.5391189,0.5256039,0.52906752,0.5514179222811639,0.5511556183708128,0.09000000000000008
1184652354,2026-03,0,Segunda,2025,0.52966547,0.53228235,0.53063905,0.5435642,0.537923275,0.5602027606507001,0.5596328611097424,0.09000000000000008
1184645546,2026-03,0,Segunda,2025,0.54373735,0.5687855,0.5430207,0.57128346,0.57003448,0.5919401871555737,0.5902752021003953,0.09000000000000008
1184648950,2026-03,1,Segunda,2025,0.5638609,0.5581456,0.57230157,0.56634367,0.562244635,0.5842577647001412,0.5828549682883907,0.09000000000000008
1184648099,2026-03,0,Segunda,2025,0.5536864,0.57036144,0.55859053,0.56199217,0.566176805,0.5881370472998694,0.5866015877093406,0.09000000000000008
1188827360,2026-03,1,Segunda,2025,0.529128,0.5391095,0.5284785,0.55350524,0.5463073700000001,0.5685068737738673,0.5676476883852194,0.09000000000000008
1184662566,2026-03,0,Segunda,2025,0.53953505,0.5612546,0.54346716,0.5671164,0.5641855,0.586172866165934,0.5847045107147565,0.09000000000000008
1184658311,2026-03,0,Segunda,2025,0.4551592,0.48122033,0.4614486,0.47042713,0.47582373,0.4983048689042034,0.4999156123254579,0.09000000000000008
1184660013,2026-03,1,Segunda,2025,0.51568544,0.5325521,0.52556163,0.5338374,0.53319475,0.5555138375330892,0.5551079406116866,0.09000000000000008
1184660864,2026-03,0,Segunda,2025,0.45846376,0.4391656,0.45826513,0.43696046,0.43806303,0.4603268528406952,0.4632600219887089,0.09000000000000008
1184661715,2026-03,1,Segunda,2025,0.5303193,0.5537492,0.5376294,0.5614952,0.5576222,0.5796940105594052,0.578447943984692,0.09000000000000008
1184657460,2026-03,0,Segunda,2025,0.4929475,0.51044816,0.4930338,0.49946862,0.50495839,0.5274309818323926,0.5280138107824348,0.09000000000000008
1188828211,2026-03,0,Segunda,2025,0.5480455,0.54012746,0.5464428,0.5476583,0.54389288,0.5661166962494837,0.5653406099072531,0.09000000000000008
1184656609,2026-03,1,Segunda,2025,0.67498,0.7052839,0.67170733,0.69847953,0.701881715,0.7203653442088889,0.7148735348647601,0.09000000000000008
1184659162,2026-03,0,Segunda,2025,0.5597416,0.5874604,0.5612994,0.5790516,0.583256,0.6049549237614527,0.6028511224688703,0.09000000000000008
1184655758,2026-03,0,Segunda,2025,0.5078827,0.5356816,0.51656115,0.5404112,0.5380464,0.5603248013717401,0.5597506391526262,0.09000000000000008
1184654907,2026-03,0,Segunda,2025,0.49062148,0.5613502,0.4911232,0.53565824,0.54850422,0.5706807047723582,0.5697460683328534,0.09000000000000008
1184665119,2026-03,0,Segunda,2025,0.55310214,0.57878375,0.55399704,0.5725174,0.575650575,0.597472202852008,0.5956198198450579,0.09000000000000008
1184667672,2026-03,1,Segunda,2025,0.5911128,0.5917924,0.59802204,0.59690833,0.5943503649999999,0.6158520914532941,0.6133868516496325,0.09000000000000008
1184672778,2026-03,1,Segunda,2025,0.52766144,0.570799,0.5338731,0.561601,0.5662,0.5881599222365173,0.5866236819706816,0.09000000000000008
1184666821,2026-03,0,Segunda,2025,0.53771394,0.5511058,0.53774905,0.5442706,0.5476882000000001,0.5698733350332672,0.568966706994998,0.09000000000000008
1184665970,2026-03,1,Segunda,2025,0.5116919,0.47856817,0.5120121,0.47420558,0.476386875,0.4988692984667781,0.5004601799121289,0.09000000000000008
1184668523,2026-03,0,Segunda,2025,0.5538062,0.5588826,0.5621077,0.55151385,0.555198225,0.5772992982241312,0.5761357396239221,0.09000000000000008
1188829062,2026-03,1,Segunda,2025,0.5673134,0.60836816,0.5730714,0.60744387,0.607906015,0.6291375608785731,0.626240225856901,0.09000000000000008
1184671927,2026-03,1,Segunda,2025,0.50927794,0.50600046,0.5107995,0.50613695,0.506068705,0.5285379533466666,0.5290816837393868,0.09000000000000008
1184669374,2026-03,0,Segunda,2025,0.4817133,0.5103053,0.48890647,0.50934637,0.509825835,0.5322821311455695,0.5326936541179159,0.09000000000000008
1184670225,2026-03,1,Segunda,2025,0.6351802,0.6662507,0.6356808,0.6708333,0.668542,0.6881743742513786,0.6835080330307838,0.09000000000000008
1184664268,2026-03,1,Segunda,2025,0.49646005,0.5243785,0.4998455,0.5286487,0.5265135999999999,0.5488818603937128,0.5487086024906977,0.09000000000000008
1184674480,2026-03,1,Segunda,2025,0.5143933,0.5427942,0.5186749,0.5530372,0.5479157,0.5700984352711609,0.5691839965644603,0.09000000000000008
1184682139,2026-03,1,Segunda,2025,0.56437945,0.6004655,0.56684417,0.5930236,0.5967445499999999,0.6182008926285327,0.6156585421147246,0.09000000000000008
1184680437,2026-03,0,Segunda,2025,0.59429085,0.58939445,0.59781593,0.58687794,0.588136195,0.6097510334892765,0.6074874315584802,0.09000000000000008
1188829913,2026-03,0,Segunda,2025,0.53435373,0.57390976,0.54029834,0.58068895,0.5772993550000001,0.5990952448938418,0.597188120139365,0.09000000000000008
1184678735,2026-03,0,Segunda,2025,0.57737255,0.6198741,0.58444226,0.62285393,0.6213640149999999,0.6422956268952704,0.6389809345317333,0.09000000000000008
1184681288,2026-03,1,Segunda,2025,0.4872219,0.495977,0.49481145,0.4989702,0.49747359999999996,0.5199629608285699,0.5208096259654148,0.09000000000000008
1184679586,2026-03,0,Segunda,2025,0.5429168,0.58651555,0.5364113,0.58903587,0.5877757100000001,0.609396902493979,0.6071450619380957,0.09000000000000008
1184675331,2026-03,1,Segunda,2025,0.53060156,0.57355994,0.5392224,0.575595,0.5745774699999999,0.5964155924709937,0.5945989061902476,0.09000000000000008
1184677033,2026-03,0,Segunda,2025,0.5082463,0.50140756,0.5202181,0.50271547,0.5020615150000001,0.5245417894688131,0.525226681712834,0.09000000000000008
1184673629,2026-03,0,Segunda,2025,0.49359512,0.4777816,0.49571037,0.48037425,0.479077925,0.5015656959881863,0.5030616408753323,0.09000000000000008
1184676182,2026-03,1,Segunda,2025,0.5136263,0.55173683,0.5151695,0.5313423,0.541539565,0.5637860824768035,0.5630911573792217,0.09000000000000008
1184687245,2026-03,1,Segunda,2025,0.56334335,0.56853855,0.5650408,0.5708098,0.5696741750000001,0.5915850867482827,0.5899321723030201,0.09000000000000008
1184688096,2026-03,1,Segunda,2025,0.5576666,0.574382,0.55654556,0.5740067,0.57419435,0.5960383123015259,0.5942343833365206,0.09000000000000008
1184682990,2026-03,1,Segunda,2025,0.49582148,0.5143486,0.4999985,0.5167613,0.5155549500000001,0.5379866314449661,0.5381968916304504,0.09000000000000008
1184691500,2026-03,0,Segunda,2025,0.44501624,0.4571813,0.45173302,0.4549385,0.4560599,0.4784595983782567,0.48076546822237004,0.09000000000000008
1184684692,2026-03,0,Segunda,2025,0.54655755,0.5475669,0.53903145,0.53315413,0.5403605149999999,0.5626180365425014,0.5619638346484507,0.09000000000000008
1184685543,2026-03,1,Segunda,2025,0.6242651,0.6359746,0.62480813,0.63261926,0.63429693,0.6549106553243779,0.6512070649815539,0.09000000000000008
1184690649,2026-03,1,Segunda,2025,0.5271567,0.575366,0.5260991,0.57119685,0.573281425,0.5951391987489338,0.5933656958477737,0.09000000000000008
1184683841,2026-03,1,Segunda,2025,0.4777009,0.51402724,0.4798306,0.5177306,0.51587892,0.5383090341684909,0.538507927145977,0.09000000000000008
1188830764,2026-03,0,Segunda,2025,0.6201685,0.6881685,0.61896735,0.68951637,0.688842435,0.7077979454567058,0.702614310370828,0.09000000000000008
1184686394,2026-03,0,Segunda,2025,0.5624093,0.5873043,0.5689619,0.5876873,0.5874958,0.6091219105481944,0.6068792072399233,0.09000000000000008
1184689798,2026-03,1,Segunda,2025,0.5458017,0.4977621,0.54687464,0.48813576,0.49294892999999995,0.5154435486006723,0.5164498694824196,0.09000000000000008
1184698308,2026-03,1,Segunda,2025,0.53604853,0.5180572,0.5409851,0.5220428,0.52005,0.5424582605345636,0.5425109506416637,0.09000000000000008
1184695755,2026-03,0,Segunda,2025,0.59520954,0.6222346,0.6010935,0.64010906,0.63117183,0.6518650267648507,0.6482542490693141,0.09000000000000008
1184696606,2026-03,0,Segunda,2025,0.51344395,0.5631504,0.5181781,0.562683,0.5629167,0.5849209837877362,0.5834954691547595,0.09000000000000008
1172785159,2026-03,0,Serie A,2025,0.44736677,0.42839527,0.45371428,0.42718405,0.42778965999999996,0.4229011696037238,0.4689940472797482,-0.020000000000000018
1172789414,2026-03,1,Serie A,2025,0.51792413,0.50120986,0.51668644,0.50166005,0.501434955,0.49643501935167444,0.4947215446991396,-0.020000000000000018
1172790265,2026-03,0,Serie A,2025,0.47302875,0.49825263,0.47625118,0.5052881,0.501770365,0.49677041731300875,0.49483808238826915,-0.020000000000000018
1172788563,2026-03,1,Serie A,2025,0.4817981,0.51476055,0.48452625,0.5172793,0.5160199249999999,0.5110236234947054,0.49979127883604235,-0.020000000000000018
1172787712,2026-03,0,Serie A,2025,0.5078725,0.507013,0.5072831,0.490591,0.498802,0.4938023151515796,0.49380675672464663,-0.020000000000000018
1172791116,2026-03,0,Serie A,2025,0.5311437,0.5304514,0.536291,0.52530164,0.52787652,0.5228894477976183,0.5039193102769075,-0.020000000000000018
1172800477,2026-03,1,Serie A,2025,0.47442585,0.47218886,0.4795877,0.473907,0.47304793,0.46806531020611425,0.48485289502089485,-0.020000000000000018
1172794520,2026-03,1,Serie A,2025,0.47255477,0.4608284,0.47093016,0.45137224,0.45610032,0.4511433810289718,0.478941428489777,-0.020000000000000018
1172792818,2026-03,1,Serie A,2025,0.4933579,0.4637944,0.49829736,0.4830367,0.47341555,0.46843250019295785,0.484980887238757,-0.020000000000000018
1172797073,2026-03,0,Serie A,2025,0.42640305,0.37881806,0.4296488,0.38391042,0.38136424,0.37665705458652976,0.4523431175212005,-0.020000000000000018
1172798775,2026-03,1,Serie A,2025,0.47475561,0.50587046,0.47146383,0.4968435,0.50135698,0.49635704779503004,0.4946944525550334,-0.020000000000000018
1172793669,2026-03,1,Serie A,2025,0.47694725,0.50335294,0.4784254,0.508022,0.50568747,0.5006877148845483,0.4961991813240137,-0.020000000000000018
1172795371,2026-03,0,Serie A,2025,0.5213321,0.49543494,0.52142847,0.49327964,0.49435729,0.4893586575401614,0.492262515153863,-0.020000000000000018
1172796222,2026-03,1,Serie A,2025,0.44809812,0.45107904,0.44238123,0.44684225,0.448960645,0.44401795550407125,0.4764428937923174,-0.020000000000000018
1172799626,2026-03,0,Serie A,2025,0.51018375,0.4999771,0.51172245,0.5033984,0.50168775,0.49668780486057995,0.49480937783356754,-0.020000000000000018
1172797924,2026-03,1,Serie A,2025,0.5306367,0.5330952,0.53155166,0.54241717,0.537756185,0.5327811046239207,0.5073668374879184,-0.020000000000000018
1172807285,2026-03,1,Serie A,2025,0.45908147,0.42572555,0.45784053,0.42191783,0.42382169000000003,0.4189453446769633,0.4675898650358386,-0.020000000000000018
1172803030,2026-03,1,Serie A,2025,0.523236,0.50150406,0.53272116,0.50667155,0.5040878049999999,0.4990878970925093,0.4956433087727064,-0.020000000000000018
1172804732,2026-03,1,Serie A,2025,0.4459595,0.4101459,0.44583827,0.41652828,0.41333708999999996,0.4084958516889287,0.46386485349138573,-0.020000000000000018
1172808136,2026-03,0,Serie A,2025,0.45097965,0.4285614,0.44754696,0.42133266,0.42494703,0.4200671765766645,0.46798839328249675,-0.020000000000000018
1172808987,2026-03,0,Serie A,2025,0.4309178,0.47793913,0.43572515,0.48263675,0.48028793999999997,0.47529784494264543,0.48737225797058364,-0.020000000000000018
1172806434,2026-03,0,Serie A,2025,0.57569087,0.5696435,0.57293516,0.55849314,0.5640683200000001,0.5591442696137543,0.5166023139975766,-0.020000000000000018
1172805583,2026-03,1,Serie A,2025,0.46399528,0.4962851,0.4676148,0.49407166,0.49517838000000003,0.49017949364343155,0.4925477952374514,-0.020000000000000018
1172801328,2026-03,1,Serie A,2025,0.52482784,0.5349039,0.52466947,0.53750896,0.53620643,0.531229209870254,0.5068254708947263,-0.020000000000000018
1172803881,2026-03,0,Serie A,2025,0.46876177,0.4564057,0.46655387,0.45809922,0.45725245999999997,0.45229341208599744,0.4793441039743077,-0.020000000000000018
1172802179,2026-03,1,Serie A,2025,0.52062017,0.502631,0.5198793,0.477657,0.490144,0.48514709436716913,0.4907985303108549,-0.020000000000000018
1172811540,2026-03,0,Serie A,2025,0.43791705,0.43238744,0.43019524,0.4387018,0.43554462,0.43063420365470245,0.4717304555934311,-0.020000000000000018
1172814093,2026-03,0,Serie A,2025,0.45282465,0.43648654,0.45482817,0.44571352,0.44110003,0.43617537951855406,0.47368487146982535,-0.020000000000000018
1172816646,2026-03,0,Serie A,2025,0.5065968,0.53887165,0.5084637,0.5370803,0.5379759749999999,0.533001205883924,0.5074436344301408,-0.020000000000000018
1172815795,2026-03,1,Serie A,2025,0.4759663,0.48529178,0.47181073,0.47896594,0.48212886,0.4771371980743017,0.48801246326329817,-0.020000000000000018
1172814944,2026-03,1,Serie A,2025,0.47949094,0.45780197,0.48683232,0.46593672,0.461869345,0.45690237737607553,0.4809564204500685,-0.020000000000000018
1172812391,2026-03,0,Serie A,2025,0.45851263,0.46712017,0.4713691,0.48125014,0.474185155,0.46920122244335394,0.48524881037640333,-0.020000000000000018
1172809838,2026-03,0,Serie A,2025,0.43620762,0.4303134,0.4425618,0.44392142,0.43711741000000004,0.43220283903945683,0.47228424004392,-0.020000000000000018
1172810689,2026-03,0,Serie A,2025,0.47889954,0.47877246,0.48103136,0.48863086,0.48370166000000003,0.4787087666638669,0.4885593230570899,-0.020000000000000018
1172817497,2026-03,0,Serie A,2025,0.4461851,0.39799842,0.45191616,0.41112232,0.40456037,0.3997518831454425,0.4607283439085618,-0.020000000000000018
1172813242,2026-03,1,Serie A,2025,0.500538,0.4933045,0.5037905,0.4997271,0.49651579999999995,0.4915165578004819,0.4930124610284011,-0.020000000000000018
1181661940,2026-04,1,Bundesliga,2025,0.6162554,0.58429,0.61989564,0.59488994,0.58958997,0.5688769475758265,0.5796672706615541,-0.08499999999999996
1181660238,2026-04,1,Bundesliga,2025,0.6524135,0.67200047,0.6465543,0.65775037,0.66487542,0.6456785761039255,0.5781973256750795,-0.08499999999999996
1181657685,2026-04,1,Bundesliga,2025,0.5915073,0.57668227,0.58544624,0.57339436,0.575038315,0.5541462509410422,0.5799395569661918,-0.08499999999999996
1181664493,2026-04,1,Bundesliga,2025,0.64205986,0.62458485,0.6379326,0.61732006,0.620952455,0.6007504278244006,0.5790694825627322,-0.08499999999999996
1181661089,2026-04,1,Bundesliga,2025,0.5997292,0.59467465,0.59779626,0.5948049,0.594739775,0.5740989107251794,0.5795702183176525,-0.08499999999999996
1181658536,2026-04,1,Bundesliga,2025,0.5837759,0.568548,0.58144796,0.56576854,0.56715827,0.5461845386797844,0.580085941722629,-0.08499999999999996
1181662791,2026-04,0,Bundesliga,2025,0.6419063,0.6181137,0.64051425,0.626191,0.62215235,0.6019732814754951,0.5790462575158429,-0.08499999999999996
1181663642,2026-04,1,Bundesliga,2025,0.49989858,0.53192335,0.4980696,0.52126074,0.526592045,0.5053669537886101,0.5808310267194245,-0.08499999999999996
1181659387,2026-04,1,Bundesliga,2025,0.56344235,0.56210387,0.5629511,0.55742896,0.5597664149999999,0.5387258144329372,0.5802226707843018,-0.08499999999999996
1181665344,2026-04,1,Bundesliga,2025,0.6572838,0.6422928,0.65776384,0.64737195,0.644832375,0.6251347358766935,0.5786013329941403,-0.08499999999999996
1181667897,2026-04,1,Bundesliga,2025,0.5102962,0.485604,0.5131415,0.47467828,0.48014113999999997,0.45897313683966606,0.5816764133759287,-0.08499999999999996
1181672152,2026-04,1,Bundesliga,2025,0.6635189,0.65229046,0.6616408,0.65096295,0.651626705,0.6320908888027382,0.5784656228234687,-0.08499999999999996
1181666195,2026-04,0,Bundesliga,2025,0.6403502,0.6149232,0.63742304,0.6044458,0.6096845,0.5892791500513372,0.5792862182084464,-0.08499999999999996
1181669599,2026-04,0,Bundesliga,2025,0.66443,0.66577005,0.6651553,0.6649063,0.665338175,0.646153731498045,0.5781878612901308,-0.08499999999999996
1181670450,2026-04,0,Bundesliga,2025,0.5177148,0.5317523,0.51368386,0.5296395,0.5306959,0.5094834138101021,0.5807561263281599,-0.08499999999999996
1181667046,2026-04,1,Bundesliga,2025,0.5939001,0.6095966,0.59621906,0.6005055,0.60505105,0.5845685217245027,0.5793746666802722,-0.08499999999999996
1181671301,2026-04,0,Bundesliga,2025,0.5636254,0.52399343,0.5652898,0.53799736,0.5309953949999999,0.509783941380975,0.5807506571872914,-0.08499999999999996
1181668748,2026-04,0,Bundesliga,2025,0.5704156,0.57671326,0.5732525,0.5772874,0.57700033,0.5561302681832616,0.579902999862821,-0.08499999999999996
1181678109,2026-04,1,Bundesliga,2025,0.5464066,0.5538115,0.5508407,0.5575563,0.5556839,0.5346104020585123,0.580297966976313,-0.08499999999999996
1181677258,2026-04,1,Bundesliga,2025,0.66125596,0.6509043,0.66596806,0.6593214,0.65511285,0.6356632231670618,0.578395510349106,-0.08499999999999996
1181678960,2026-04,1,Bundesliga,2025,0.61558646,0.6370447,0.6145276,0.631498,0.63427135,0.6143383003372234,0.5788099772886605,-0.08499999999999996
1181673003,2026-04,1,Bundesliga,2025,0.5839945,0.5398234,0.5854243,0.55400217,0.546912785,0.5257783014007876,0.580459270333684,-0.08499999999999996
1181679811,2026-04,1,Bundesliga,2025,0.5659505,0.558464,0.56274575,0.55520815,0.556836075,0.5357715708932387,0.5802767316167214,-0.08499999999999996
1181675556,2026-04,1,Bundesliga,2025,0.6374205,0.61800486,0.6344708,0.6076206,0.6128127299999999,0.5924616035013074,0.57922628724511,-0.08499999999999996
1181676407,2026-04,1,Bundesliga,2025,0.6168787,0.6291578,0.61747634,0.6211397,0.6251487499999999,0.6050281145066296,0.5789881306409322,-0.08499999999999996
1181673854,2026-04,1,Bundesliga,2025,0.66057414,0.67476803,0.66018426,0.67469996,0.674733995,0.6558095315949509,0.5779942372594702,-0.08499999999999996
1181674705,2026-04,1,Bundesliga,2025,0.55186784,0.50726813,0.547689,0.51309985,0.51018399,0.48893720440637306,0.5811299034555857,-0.08499999999999996
1181685768,2026-04,1,Bundesliga,2025,0.4726066,0.49941143,0.4772725,0.5034126,0.501412015,0.4801724217342644,0.5812894577924607,-0.08499999999999996
1181682364,2026-04,1,Bundesliga,2025,0.5126968,0.5362197,0.51815283,0.52439064,0.53030517,0.5090913597360395,0.5807632608942788,-0.08499999999999996
1181680662,2026-04,1,Bundesliga,2025,0.52929413,0.55583364,0.5305416,0.5548625,0.55534807,0.534271993565991,0.5803041544056692,-0.08499999999999996
1181687470,2026-04,0,Bundesliga,2025,0.53714097,0.5701088,0.54251784,0.56152,0.5658144,0.5448278109701911,0.5801108398527469,-0.08499999999999996
1181684066,2026-04,0,Bundesliga,2025,0.4797829,0.48541975,0.489472,0.48002204,0.482720895,0.4615401329752943,0.5816294464972881,-0.08499999999999996
1181684917,2026-04,1,Bundesliga,2025,0.5233518,0.53567344,0.5153528,0.5310538,0.53336362,0.5121608713934269,0.5807073951517584,-0.08499999999999996
1181683215,2026-04,1,Bundesliga,2025,0.525539,0.51352155,0.52146447,0.52362406,0.518572805,0.4973313796483637,0.5809771971340824,-0.08499999999999996
1181686619,2026-04,1,Bundesliga,2025,0.48855132,0.46790138,0.48507172,0.4627966,0.46534898999999996,0.4442758027630883,0.5819461391543141,-0.08499999999999996
1181681513,2026-04,0,Bundesliga,2025,0.47232595,0.4661529,0.4754942,0.46155867,0.463855785,0.4427942152390173,0.5819734179476727,-0.08499999999999996
1183839649,2026-04,0,La Liga,2025,0.59109867,0.6231674,0.59141135,0.6169716,0.6200695,0.649044814502955,0.642106647067277,0.125
1183840500,2026-04,0,La Liga,2025,0.5381516,0.522558,0.54061735,0.53483075,0.5286943749999999,0.5596899310510903,0.5587732224017282,0.125
1183838798,2026-04,1,La Liga,2025,0.5276886,0.5322503,0.53582376,0.5366441,0.5344472,0.5653754392347395,0.5640582800923559,0.125
1183836245,2026-04,0,La Liga,2025,0.57274544,0.5671852,0.57565355,0.56826097,0.5677230849999999,0.5981030578257674,0.5945147214140828,0.125
1183835394,2026-04,1,La Liga,2025,0.67511004,0.6970606,0.67960346,0.70404536,0.70055298,0.7261015547140051,0.7148500299346677,0.125
1183837096,2026-04,0,La Liga,2025,0.48042506,0.4800691,0.48202896,0.48498517,0.482527135,0.5137665368893781,0.5161133442249771,0.125
1183842202,2026-04,1,La Liga,2025,0.55823624,0.5904206,0.5632442,0.5943546,0.5923875999999999,0.6221877289710944,0.6169805121972299,0.125
1183841351,2026-04,0,La Liga,2025,0.48787394,0.5028059,0.48865613,0.5032994,0.50305265,0.5342489715984376,0.535136635044988,0.125
1183834543,2026-04,1,La Liga,2025,0.49402866,0.49590224,0.49726778,0.5088419,0.50237207,0.533571502070677,0.5345073956796171,0.125
1183837947,2026-04,0,La Liga,2025,0.59895915,0.59187084,0.59978473,0.59121114,0.5915409899999999,0.6213634524538152,0.6162107036513077,0.125
1183849010,2026-04,1,La Liga,2025,0.53674555,0.538635,0.5365628,0.537268,0.5379514999999999,0.5688347501502868,0.5672746287960109,0.125
1183849861,2026-04,1,La Liga,2025,0.5642483,0.56478274,0.5661536,0.5650114,0.56489707,0.5953340859297188,0.5919351344291623,0.125
1183845606,2026-04,0,La Liga,2025,0.5491861,0.5421565,0.54943967,0.5404194,0.5412879500000001,0.5721255677004955,0.5703348509055193,0.125
1183843904,2026-04,1,La Liga,2025,0.6153619,0.6473706,0.62533575,0.64992875,0.648649675,0.6765822031009413,0.6679745514335258,0.125
1183850712,2026-04,1,La Liga,2025,0.5463286,0.55817175,0.55758464,0.55787057,0.55802116,0.5885888650725342,0.5856536707826896,0.125
1183848159,2026-04,1,La Liga,2025,0.5719014,0.5803503,0.57814044,0.57304674,0.57669852,0.6068844903057677,0.6026997055780344,0.125
1183847308,2026-04,0,La Liga,2025,0.5246111,0.5313765,0.5279441,0.5257422,0.5285593500000001,0.5595563883124094,0.558649101217155,0.125
1183844755,2026-04,0,La Liga,2025,0.5492333,0.583536,0.5503193,0.5855012,0.5845186,0.6145196660501402,0.6098218823894244,0.125
1183843053,2026-04,1,La Liga,2025,0.5294504,0.50428635,0.53709567,0.5042039,0.504245125,0.5354357191872797,0.5362389095861809,0.125
1183846457,2026-04,0,La Liga,2025,0.44560736,0.48889604,0.44725698,0.4823804,0.48563822,0.5168778534851547,0.5190030394015122,0.125
1183860073,2026-04,0,La Liga,2025,0.4996209,0.50488836,0.50480974,0.51600474,0.5104465499999999,0.5416016697576949,0.5419663040029216,0.125
1183864328,2026-04,1,La Liga,2025,0.5051564,0.50576985,0.5083392,0.49775738,0.501763615,0.5329657304646069,0.5339447543417324,0.125
1183866030,2026-04,1,La Liga,2025,0.51539457,0.55507964,0.5180373,0.559198,0.55713882,0.5877224631604814,0.5848470726073808,0.125
1183862626,2026-04,1,La Liga,2025,0.5195824,0.53434765,0.52131826,0.5292585,0.531803075,0.5627632646456763,0.5616299238610926,0.125
1183861775,2026-04,1,La Liga,2025,0.4859814,0.44663256,0.48727423,0.4443914,0.44551198000000003,0.47656192411645726,0.48154345261388215,0.125
1183866881,2026-04,0,La Liga,2025,0.4340511,0.4119958,0.43347782,0.39873832,0.40536706,0.435818206413744,0.4436085612466272,0.125
1183860924,2026-04,0,La Liga,2025,0.47704005,0.49982443,0.4782815,0.483284,0.49155421499999996,0.5227876145094704,0.5244917150491145,0.125
1183863477,2026-04,0,La Liga,2025,0.5037374,0.5253916,0.50557405,0.530587,0.5279893,0.5589925466871373,0.5581250465866248,0.125
1183865179,2026-04,0,La Liga,2025,0.4827644,0.49689952,0.48639193,0.49052382,0.49371167,0.524940622244956,0.52649130664325,0.125
1183867732,2026-04,1,La Liga,2025,0.44089127,0.40290174,0.44931298,0.3947729,0.39883732,0.4291519608981882,0.43738963749801185,0.125
1183853265,2026-04,1,La Liga,2025,0.5045217,0.5173398,0.50697225,0.525589,0.5214643999999999,0.5525330079274643,0.5521221267335948,0.125
1183851563,2026-04,1,La Liga,2025,0.482447,0.48739034,0.48497176,0.5028564,0.49512336999999995,0.526348784151671,0.5277991331448602,0.125
1183854967,2026-04,0,La Liga,2025,0.51482075,0.50451875,0.52181786,0.50011635,0.50231755,0.5335172262659452,0.534456984086535,0.125
1183858371,2026-04,1,La Liga,2025,0.49122253,0.5052533,0.495099,0.49798542,0.5016193600000001,0.532822098161996,0.533811349082872,0.125
1183852414,2026-04,1,La Liga,2025,0.49419776,0.4955462,0.49681157,0.50162786,0.49858703000000004,0.5298016601372595,0.5310060207347961,0.125
1183856669,2026-04,1,La Liga,2025,0.5249329,0.554477,0.52813804,0.5555363,0.5550066499999999,0.5856280249475897,0.5828974143917424,0.125
1183857520,2026-04,1,La Liga,2025,0.5344888,0.56120133,0.54204285,0.5660666,0.563633965,0.5940958499101805,0.5907817798150515,0.125
1183855818,2026-04,1,La Liga,2025,0.51281416,0.5490185,0.5214134,0.5513488,0.5501836499999999,0.5808862868763411,0.5784845087447832,0.125
1183859222,2026-04,1,La Liga,2025,0.5144459,0.5496639,0.51667225,0.55037844,0.55002117,0.5807264456722949,0.5783357768046536,0.125
1183854116,2026-04,0,La Liga,2025,0.487669,0.49977404,0.4929339,0.5070233,0.5033986699999999,0.5345933660504548,0.5354565135824392,0.125
1181144532,2026-04,1,Ligue 1,2025,0.53470194,0.56971204,0.53807914,0.57381546,0.57176375,0.5409209797729321,0.5349866417468888,-0.125
1181145383,2026-04,1,Ligue 1,2025,0.5990243,0.6022469,0.5967396,0.59318376,0.59771533,0.5673272505749561,0.538597421193323,-0.125
1181139426,2026-04,1,Ligue 1,2025,0.6024605,0.60323703,0.6034826,0.6048398,0.604038415,0.5737873844242082,0.5394873499615899,-0.125
1181141128,2026-04,0,Ligue 1,2025,0.59715176,0.5922508,0.6014799,0.5940505,0.59315065,0.5626700474094409,0.5379576781969205,-0.125
1181138575,2026-04,0,Ligue 1,2025,0.48130235,0.5004903,0.48810166,0.5010947,0.5007925,0.46958011707425884,0.5253137348380731,-0.125
1181142830,2026-04,0,Ligue 1,2025,0.5045393,0.5058552,0.508821,0.50836146,0.50710833,0.4758775507000337,0.5261694679510539,-0.125
1181140277,2026-04,1,Ligue 1,2025,0.49795017,0.51194715,0.50529885,0.5134037,0.5126754250000001,0.48143667761361714,0.5269238734696639,-0.125
1181141979,2026-04,1,Ligue 1,2025,0.55105674,0.5536669,0.5474371,0.5439377,0.5488023,0.5177007660085567,0.5318350973936847,-0.125
1181143681,2026-04,1,Ligue 1,2025,0.68437535,0.6993414,0.68779695,0.7038688,0.7016051,0.6747949439901125,0.554049926403459,-0.125
1181151340,2026-04,1,Ligue 1,2025,0.60526645,0.5765276,0.6097928,0.58814776,0.58233768,0.5516593038068848,0.5364504958784801,-0.125
1181149638,2026-04,1,Ligue 1,2025,0.5594046,0.5870918,0.5648356,0.58358777,0.585339785,0.554713305564023,0.5368678451656785,-0.125
1181146234,2026-04,0,Ligue 1,2025,0.48398334,0.5032805,0.48553514,0.5118448,0.50756265,0.476330930604094,0.5262310265888239,-0.125
1181152191,2026-04,1,Ligue 1,2025,0.5060335,0.50822216,0.51112616,0.51197433,0.510098245,0.4788622245095208,0.5265746093368914,-0.125
1181150489,2026-04,1,Ligue 1,2025,0.57000506,0.5802046,0.5771085,0.5775999,0.5789022500000001,0.5481673227866661,0.5359738815795193,-0.125
1181153042,2026-04,0,Ligue 1,2025,0.5036038,0.50924146,0.50927126,0.50327027,0.506255865,0.47502698854073394,0.526053964242258,-0.125
1181148787,2026-04,0,Ligue 1,2025,0.54039705,0.5162641,0.53890306,0.51919705,0.5177305750000001,0.48649130092405,0.5276091623811678,-0.125
1181154744,2026-04,1,Ligue 1,2025,0.5652317,0.5485476,0.5721488,0.5645428,0.5565452,0.5255159426713878,0.5328942626675315,-0.125
1181156446,2026-04,0,Ligue 1,2025,0.59473956,0.62015903,0.596368,0.62440133,0.62228018,0.5924825669924654,0.5420820706968275,-0.125
1181153893,2026-04,1,Ligue 1,2025,0.47825652,0.5237305,0.48317066,0.52289855,0.523314525,0.49208210638417627,0.5283665934529298,-0.125
1181155595,2026-04,0,Ligue 1,2025,0.55257004,0.5805445,0.55757093,0.5816114,0.5810779500000001,0.5503784858998227,0.5362756087962299,-0.125
1181158148,2026-04,1,Ligue 1,2025,0.52653635,0.4906589,0.5326824,0.49553818,0.49309854,0.46192197316789524,0.524271097654596,-0.125
1181157297,2026-04,1,Ligue 1,2025,0.5304166,0.4987873,0.53433096,0.5008769,0.4998321,0.46862338428686007,0.5251836066583299,-0.125
1181160701,2026-04,0,Ligue 1,2025,0.6626352,0.69347334,0.66592515,0.69622785,0.694850595,0.6677209773561483,0.5529737205954828,-0.125
1181158999,2026-04,1,Ligue 1,2025,0.46643916,0.4499432,0.4703687,0.4516068,0.450775,0.42005688709726835,0.5185108231158227,-0.125
1181159850,2026-04,1,Ligue 1,2025,0.52042633,0.5446417,0.5212363,0.5558956,0.55026865,0.5191796367540138,0.5320354403604044,-0.125
1181128363,2026-04,0,Ligue 1,2025,0.43703395,0.51426375,0.4391076,0.49138087,0.50282231,0.47160293148407584,0.5255887538158066,-0.125
1181162403,2026-04,1,Ligue 1,2025,0.52217525,0.51819324,0.525948,0.52448833,0.521340785,0.49010505019253847,0.5280988010446855,-0.125
1181164956,2026-04,1,Ligue 1,2025,0.48174614,0.5221313,0.48531193,0.5080444,0.51508785,0.48384805396139685,0.527250868240479,-0.125
1181161552,2026-04,0,Ligue 1,2025,0.48519057,0.4636708,0.4891284,0.4690968,0.4663838,0.43544533429288046,0.5206426774199838,-0.125
1181168360,2026-04,1,Ligue 1,2025,0.5177439,0.554459,0.52464145,0.5584284,0.5564437,0.525413396790719,0.5328803570284922,-0.125
1181164105,2026-04,1,Ligue 1,2025,0.51767284,0.546374,0.5276007,0.55425024,0.5503121200000001,0.5192234862474837,0.5320413811818242,-0.125
1181163254,2026-04,1,Ligue 1,2025,0.52269113,0.547655,0.5257627,0.5439212,0.5457881,0.514662538748092,0.5314236038181941,-0.125
1181167509,2026-04,1,Ligue 1,2025,0.4636272,0.48833483,0.46828738,0.4713738,0.479854315,0.44877377235231175,0.5224745153751794,-0.125
1181166658,2026-04,0,Ligue 1,2025,0.514944,0.52238786,0.51620054,0.52282965,0.522608755,0.4913750383593773,0.5282708271924413,-0.125
1181165807,2026-04,1,Ligue 1,2025,0.50197095,0.5240814,0.5039042,0.51960194,0.52184167,0.4906066842541643,0.5281667525906789,-0.125
1173774872,2026-04,0,Premier League,2025,0.55427015,0.57525235,0.5548867,0.5741124,0.574682375,0.5500768620767276,0.5619411215159476,-0.09999999999999998
1173767213,2026-04,1,Premier League,2025,0.5598563,0.5878554,0.5625621,0.5788969,0.5833761500000001,0.5588875353767361,0.5635583791457489,-0.09999999999999998
1173768064,2026-04,1,Premier League,2025,0.57434285,0.5765413,0.5727845,0.5763527,0.576447,0.5518639669152838,0.5622687642979795,-0.09999999999999998
1173768915,2026-04,0,Premier League,2025,0.5579251,0.57332337,0.5664877,0.5790233,0.576173335,0.5515867740489251,0.5622179322136295,-0.09999999999999998
1173771468,2026-04,0,Premier League,2025,0.6561042,0.67650855,0.6560566,0.66610354,0.671306045,0.6488750540486085,0.5805838854727272,-0.09999999999999998
1173774021,2026-04,0,Premier League,2025,0.57199657,0.5758563,0.5773716,0.5868022,0.58132925,0.5568117233529548,0.5631768961060166,-0.09999999999999998
1173773170,2026-04,1,Premier League,2025,0.5852538,0.60331047,0.5874926,0.6028168,0.603063635,0.5788969108230935,0.5672531650759507,-0.09999999999999998
1173770617,2026-04,1,Premier League,2025,0.6007198,0.6182052,0.6016445,0.5983259,0.60826555,0.5841971689223789,0.5682381488681391,-0.09999999999999998
1173769766,2026-04,0,Premier League,2025,0.6516428,0.66940844,0.6519493,0.660844,0.66512622,0.6424980907404542,0.5793325659942378,-0.09999999999999998
1173772319,2026-04,1,Premier League,2025,0.5054959,0.46673194,0.5043515,0.45315623,0.459944085,0.4352241471214204,0.5409063431893841,-0.09999999999999998
1173776574,2026-04,0,Premier League,2025,0.6110512,0.6368181,0.6062922,0.62786114,0.63233962,0.6087990766973248,0.5728543956250225,-0.09999999999999998
1173781680,2026-04,1,Premier League,2025,0.6725766,0.67314315,0.6705041,0.6750257,0.674084425,0.6517446768361828,0.5811500169924269,-0.09999999999999998
1173779978,2026-04,0,Premier League,2025,0.5126682,0.52076757,0.51548815,0.53369606,0.5272318149999999,0.5022587734503784,0.5532159162668799,-0.09999999999999998
1173783382,2026-04,1,Premier League,2025,0.65882003,0.6556193,0.6597256,0.6545666,0.65509295,0.6321617923390409,0.5773228925395139,-0.09999999999999998
1173777425,2026-04,0,Premier League,2025,0.6578914,0.6714667,0.6623477,0.68318594,0.6773263199999999,0.6550950870440877,0.5818134863073942,-0.09999999999999998
1173775723,2026-04,1,Premier League,2025,0.5146812,0.5152061,0.51450074,0.5066392,0.5109226499999999,0.48592810507848977,0.5502381229259093,-0.09999999999999998
1173782531,2026-04,1,Premier League,2025,0.50971407,0.47784716,0.5127456,0.47853285,0.478190005,0.4533125580389956,0.5442574104904615,-0.09999999999999998
1173779127,2026-04,1,Premier League,2025,0.5638627,0.58957064,0.56683546,0.57824934,0.58390999,0.5594290565325044,0.563657946693781,-0.09999999999999998
1173780829,2026-04,1,Premier League,2025,0.5583566,0.5763008,0.5610285,0.59066355,0.583482175,0.5589950812812224,0.5635781515750341,-0.09999999999999998
1173778276,2026-04,0,Premier League,2025,0.5362996,0.52581596,0.5404125,0.5184594,0.5221376799999999,0.49715219338631267,0.5522853682151871,-0.09999999999999998
1173785935,2026-04,0,Premier League,2025,0.5148073,0.533821,0.5212911,0.5391901,0.53650555,0.5115685590241551,0.5549117888478484,-0.09999999999999998
1173785084,2026-04,1,Premier League,2025,0.49309602,0.5175549,0.49670854,0.5109255,0.5142402,0.4892457109475502,0.5508436028464875,-0.09999999999999998
1173786786,2026-04,0,Premier League,2025,0.4817887,0.4843548,0.4906907,0.4801723,0.48226355,0.4573599279110546,0.5450032517377924,-0.09999999999999998
1173790190,2026-04,0,Premier League,2025,0.49707294,0.4838447,0.50306433,0.49292487,0.48838478500000004,0.4634480180893337,0.5461228522664635,-0.09999999999999998
1173787637,2026-04,0,Premier League,2025,0.513095,0.535128,0.5201888,0.5230506,0.5290893000000001,0.5041220934198531,0.5535553789636083,-0.09999999999999998
1173788488,2026-04,1,Premier League,2025,0.4980174,0.5405492,0.49746266,0.52991575,0.5352324749999999,0.5102895098306186,0.5546788116488215,-0.09999999999999998
1173791041,2026-04,1,Premier League,2025,0.5057801,0.50815713,0.5101289,0.50458443,0.5063707799999999,0.48137973983854637,0.5494074027063308,-0.09999999999999998
1173791892,2026-04,0,Premier League,2025,0.4966309,0.5124746,0.4999357,0.52304494,0.5177597700000001,0.49276774890235275,0.5514860398597204,-0.09999999999999998
1173784233,2026-04,0,Premier League,2025,0.50505006,0.5467371,0.5055476,0.52738965,0.537063375,0.5121291046517671,0.555013892443402,-0.09999999999999998
1173789339,2026-04,1,Premier League,2025,0.4814721,0.5020674,0.48076692,0.49737048,0.49971894000000006,0.47474046187460917,0.5481932505792407,-0.09999999999999998
1188831615,2026-04,1,Segunda,2025,0.57237375,0.5910113,0.57586884,0.5872111,0.5891112000000001,0.6047489647050023,0.5987841748571199,0.06499999999999995
1184700861,2026-04,1,Segunda,2025,0.5370517,0.595704,0.533611,0.60646755,0.601085775,0.6165644302323016,0.6096078385545615,0.06499999999999995
1184699159,2026-04,1,Segunda,2025,0.51258457,0.5532342,0.5131501,0.5459305,0.54958235,0.5656152372373022,0.56303593160364,0.06499999999999995
1184694904,2026-04,1,Segunda,2025,0.5916754,0.6207473,0.59255314,0.6059951,0.6133712,0.6286676463995857,0.6207139188844697,0.06499999999999995
1184697457,2026-04,0,Segunda,2025,0.4853476,0.5048133,0.48340026,0.5100571,0.5074352,0.5236680466047633,0.5248195502035918,0.06499999999999995
1184693202,2026-04,0,Segunda,2025,0.50900835,0.49994498,0.51613665,0.5115522,0.50574859,0.5219846592016455,0.5232867886566662,0.06499999999999995
1184692351,2026-04,0,Segunda,2025,0.65458506,0.6912237,0.6537634,0.6956686,0.69344615,0.7070874301755177,0.6933194915304354,0.06499999999999995
1184694053,2026-04,1,Segunda,2025,0.48568058,0.526433,0.48848096,0.51786643,0.5221497150000001,0.5383388178851974,0.5381791939642114,0.06499999999999995
1184703414,2026-04,1,Segunda,2025,0.61383325,0.6347221,0.6132997,0.6319655,0.6333438,0.6483031386729506,0.638778829871607,0.06499999999999995
1184709371,2026-04,1,Segunda,2025,0.46880645,0.49600893,0.47199392,0.49022394,0.493116435,0.5093649047428952,0.5117963240798197,0.06499999999999995
1184710222,2026-04,0,Segunda,2025,0.51038307,0.5139263,0.5184244,0.5050298,0.50947805,0.5257064995489686,0.5266756368264242,0.06499999999999995
1184705116,2026-04,1,Segunda,2025,0.5581608,0.5947231,0.56364095,0.5930797,0.5939014,0.6094777090675545,0.6031139574585606,0.06499999999999995
1184704265,2026-04,0,Segunda,2025,0.584277,0.63665545,0.5934061,0.6336645,0.635159975,0.650086153462613,0.6404224347662332,0.06499999999999995
1188832466,2026-04,1,Segunda,2025,0.6629135,0.6833423,0.6593554,0.68668824,0.68501527,0.6988687980631556,0.6856445713179772,0.06499999999999995
1184706818,2026-04,1,Segunda,2025,0.6003123,0.58522046,0.60109437,0.57731277,0.5812666150000001,0.5969986972599644,0.5916932017791668,0.06499999999999995
1184708520,2026-04,1,Segunda,2025,0.69478714,0.69965076,0.69388485,0.7097944,0.7047225800000001,0.7180660839695814,0.7036015605908238,0.06499999999999995
1184705967,2026-04,1,Segunda,2025,0.47415766,0.4902936,0.4769085,0.484968,0.48763080000000003,0.5038781980281761,0.506800248207323,0.06499999999999995
1184702563,2026-04,1,Segunda,2025,0.5477704,0.5737151,0.5462537,0.5725027,0.5731089,0.5889307240101289,0.5843180854293221,0.06499999999999995
1184701712,2026-04,0,Segunda,2025,0.48543802,0.5469935,0.48691234,0.5339171,0.5404553000000001,0.5565509273892354,0.554771968020324,0.06499999999999995
1184711073,2026-04,0,Segunda,2025,0.59059304,0.6093112,0.59150594,0.62990415,0.619607675,0.6348042891081576,0.6263530743901772,0.06499999999999995
1184717030,2026-04,1,Segunda,2025,0.5482816,0.5743483,0.5507961,0.57365483,0.574001565,0.5898139837049564,0.5851251895081756,0.06499999999999995
1184713626,2026-04,0,Segunda,2025,0.46565422,0.4911074,0.46796203,0.48833036,0.48971888,0.5059671473409305,0.5087024487579529,0.06499999999999995
1184711924,2026-04,0,Segunda,2025,0.5748413,0.58957666,0.5730131,0.57635117,0.582963915,0.5986762563804356,0.5932275111201499,0.06499999999999995
1184715328,2026-04,0,Segunda,2025,0.5368621,0.55749387,0.53655887,0.5749196,0.566206735,0.5820978374666146,0.5780766835546369,0.06499999999999995
1184717881,2026-04,0,Segunda,2025,0.5548212,0.5955925,0.553959,0.59788764,0.5967400700000001,0.612278580084478,0.6056797744168545,0.06499999999999995
1184712775,2026-04,1,Segunda,2025,0.44954816,0.4515318,0.4482028,0.45243773,0.45198476499999996,0.468129613902944,0.4742266766953614,0.06499999999999995
1188833317,2026-04,0,Segunda,2025,0.55149776,0.5731217,0.5477284,0.57257915,0.5728504249999999,0.588674953317271,0.5840843809544782,0.06499999999999995
1184714477,2026-04,1,Segunda,2025,0.6009436,0.6214336,0.60236096,0.6212367,0.62133515,0.6365032382868866,0.6279153196295119,0.06499999999999995
1184716179,2026-04,1,Segunda,2025,0.60092485,0.63082397,0.60168016,0.6285702,0.629697085,0.6447217461796569,0.635479151137677,0.06499999999999995
1184719583,2026-04,0,Segunda,2025,0.45813903,0.45942473,0.46471477,0.47123832,0.46533152499999997,0.48153420895369903,0.48644688008953724,0.06499999999999995
1184728944,2026-04,1,Segunda,2025,0.6642221,0.6941442,0.6664726,0.69528794,0.69471607,0.7083246092990236,0.6944764355310014,0.06499999999999995
1184727242,2026-04,0,Segunda,2025,0.5541128,0.53647804,0.5505526,0.5439588,0.54021842,0.556315532959649,0.5545574161253715,0.06499999999999995
1184725540,2026-04,1,Segunda,2025,0.68825763,0.72684795,0.69059235,0.7210476,0.7239477750000001,0.7367470357379708,0.721182593382231,0.06499999999999995
1184721285,2026-04,1,Segunda,2025,0.5463223,0.5670198,0.553645,0.56243014,0.56472497,0.5806301494852552,0.5767365622190691,0.06499999999999995
1184728093,2026-04,1,Segunda,2025,0.5117002,0.5349442,0.51585513,0.5552159,0.5450800499999999,0.5611452261770115,0.5589600408094909,0.06499999999999995
1188834168,2026-04,0,Segunda,2025,0.49339637,0.52796096,0.4972453,0.5217369,0.52484893,0.5410269684260339,0.540627597479925,0.06499999999999995
1184722136,2026-04,0,Segunda,2025,0.5730626,0.6409675,0.5784459,0.64622873,0.6435981150000001,0.6583647590197688,0.648061392211912,0.06499999999999995
1184720434,2026-04,1,Segunda,2025,0.4843135,0.5020193,0.4950424,0.4995532,0.50078625,0.517029661046254,0.5187752238576119,0.06499999999999995
1184722987,2026-04,1,Segunda,2025,0.65835905,0.709614,0.66153765,0.7054352,0.7075246,0.7207916488129105,0.7061597345690506,0.06499999999999995
1184726391,2026-04,1,Segunda,2025,0.62361234,0.6450909,0.62841463,0.63892204,0.64200647,0.656803894549697,0.6466201432246351,0.06499999999999995
1184724689,2026-04,1,Segunda,2025,0.47284287,0.48255053,0.47155595,0.48001128,0.481280905,0.49752217224806106,0.5010119409652175,0.06499999999999995
1184737454,2026-04,0,Segunda,2025,0.48928952,0.50512135,0.48742765,0.5047017,0.504911525,0.5211490566204504,0.5225259603196736,0.06499999999999995
1184736603,2026-04,0,Segunda,2025,0.48770052,0.5040126,0.49797058,0.51010966,0.5070611300000001,0.5232947231653798,0.524479629245928,0.06499999999999995
1184735752,2026-04,1,Segunda,2025,0.50583434,0.5100976,0.50796914,0.5119566,0.5110271,0.5272518548560756,0.5280827678480235,0.06499999999999995
1184729795,2026-04,1,Segunda,2025,0.5190848,0.5106358,0.51830214,0.5022753,0.50645555,0.5226903133134899,0.5239293000700046,0.06499999999999995
1184732348,2026-04,1,Segunda,2025,0.48994476,0.48491755,0.5058495,0.49140048,0.488159015,0.5044066865365235,0.507281497186729,0.06499999999999995
1184733199,2026-04,1,Segunda,2025,0.5355182,0.5679181,0.53764045,0.5657786,0.56684835,0.5827332697112366,0.5786569409940814,0.06499999999999995
1184731497,2026-04,1,Segunda,2025,0.5420901,0.5740401,0.54660875,0.5747627,0.5744014,0.5902095728940917,0.5854866939900282,0.06499999999999995
1184734901,2026-04,0,Segunda,2025,0.4758984,0.47529387,0.4789577,0.47339195,0.47434291,0.4905714725383658,0.49468091902528055,0.06499999999999995
1188835019,2026-04,0,Segunda,2025,0.5180371,0.51623726,0.51991147,0.53054,0.52338863,0.5395727712959064,0.5393030703186131,0.06499999999999995
1184730646,2026-04,0,Segunda,2025,0.5217222,0.53691024,0.52521527,0.5417573,0.53933377,0.5554363670578897,0.5537561180804446,0.06499999999999995
1184734050,2026-04,1,Segunda,2025,0.458785,0.4412144,0.46753183,0.44248462,0.44184951,0.4579348499278965,0.464925453059441,0.06499999999999995
1172824305,2026-04,1,Serie A,2025,0.5328845,0.5546428,0.53078526,0.5391903,0.54691655,0.5444374191633696,0.5129492211594953,-0.010000000000000009
1172826007,2026-04,0,Serie A,2025,0.44809613,0.41542506,0.4570362,0.409422,0.41242353,0.4100023669264546,0.4615266441904198,-0.010000000000000009
1172820901,2026-04,1,Serie A,2025,0.48455304,0.48664674,0.47790828,0.48080212,0.48372443,0.48122750613804344,0.4888884887934292,-0.010000000000000009
1172818348,2026-04,1,Serie A,2025,0.5248784,0.50293124,0.5223478,0.4926459,0.49778857,0.49528869501946843,0.494232949597132,-0.010000000000000009
1172823454,2026-04,0,Serie A,2025,0.47886357,0.5194899,0.4755861,0.52306646,0.5212781799999999,0.5187821973095725,0.5031627289379371,-0.010000000000000009
1172819199,2026-04,1,Serie A,2025,0.50341207,0.51433176,0.5081154,0.52156335,0.517947555,0.5154503487698604,0.5018952924192956,-0.010000000000000009
1172825156,2026-04,0,Serie A,2025,0.48166695,0.44969288,0.47692356,0.4442033,0.44694809,0.4444775662992199,0.47486024753286366,-0.010000000000000009
1172821752,2026-04,0,Serie A,2025,0.49221864,0.46617022,0.49058276,0.4716739,0.46892206000000003,0.46643251282971415,0.4832555115887015,-0.010000000000000009
1172820050,2026-04,0,Serie A,2025,0.45372334,0.44238025,0.45726958,0.44625765,0.44431895,0.4418513483431163,0.47385197626904924,-0.010000000000000009
1172822603,2026-04,0,Serie A,2025,0.45771098,0.42674083,0.45412627,0.4346003,0.430670565,0.42822034984432356,0.46860090689326384,-0.010000000000000009
1172833666,2026-04,0,Serie A,2025,0.46153575,0.49253052,0.46037745,0.46330795,0.477919235,0.4754246822060754,0.48668077589258457,-0.010000000000000009
1172834517,2026-04,1,Serie A,2025,0.45310012,0.4634533,0.45092177,0.45579857,0.45962593500000004,0.4571432586975251,0.47970998074216786,-0.010000000000000009
1172828560,2026-04,0,Serie A,2025,0.46551365,0.48608813,0.45628062,0.48221046,0.48414929500000004,0.48165222406072805,0.4890500099723019,-0.010000000000000009
1172831964,2026-04,0,Serie A,2025,0.4839139,0.51064134,0.48530483,0.51272726,0.5116843,0.5091853940731811,0.49951337296489584,-0.010000000000000009
1172826858,2026-04,0,Serie A,2025,0.58765656,0.5877102,0.59001213,0.58840996,0.58806008,0.5856355109041194,0.5288529921526277,-0.010000000000000009
1172831113,2026-04,1,Serie A,2025,0.5519325,0.5777134,0.5513054,0.5744282,0.5760708000000001,0.573626828884139,0.5241843385501631,-0.010000000000000009
1172832815,2026-04,1,Serie A,2025,0.44766474,0.44434112,0.44818696,0.42664623,0.435493675,0.4330368909139438,0.47046001913196567,-0.010000000000000009
1172827709,2026-04,0,Serie A,2025,0.4757793,0.5053849,0.47386828,0.4961628,0.5007738500000001,0.4982738574754825,0.49536712847793596,-0.010000000000000009
1172829411,2026-04,1,Serie A,2025,0.54626596,0.5727727,0.5502171,0.5697943,0.5712835,0.5688325867011846,0.5223289771022396,-0.010000000000000009
1172830262,2026-04,0,Serie A,2025,0.54171765,0.5407659,0.5509832,0.5467845,0.5437752,0.5412932969057984,0.5117464556735775,-0.010000000000000009
1172841325,2026-04,1,Serie A,2025,0.51520646,0.49032432,0.51476455,0.48547283,0.487898575,0.48540036258257446,0.4904751201283114,-0.010000000000000009
1172836219,2026-04,0,Serie A,2025,0.44944358,0.47934404,0.45712954,0.4751965,0.47727027,0.47477602412695885,0.4864338755532862,-0.010000000000000009
1172842176,2026-04,0,Serie A,2025,0.482058,0.49380064,0.4779748,0.4842909,0.48904577000000005,0.48654726446443664,0.4909110928194818,-0.010000000000000009
1172838772,2026-04,0,Serie A,2025,0.47855005,0.51810485,0.48511845,0.5208367,0.519470775,0.5169741007945577,0.5024748606649989,-0.010000000000000009
1172840474,2026-04,1,Serie A,2025,0.54968494,0.5300582,0.5512223,0.5389641,0.5345111499999999,0.5320222219780923,0.5082060723606113,-0.010000000000000009
1172835368,2026-04,0,Serie A,2025,0.50422615,0.51942474,0.5145641,0.5416001,0.53051242,0.5280209906442302,0.5066805821377165,-0.010000000000000009
1172843027,2026-04,0,Serie A,2025,0.4166828,0.38829345,0.42370138,0.36884677,0.37857010999999996,0.3762204349702506,0.44818019745168663,-0.010000000000000009
1172839623,2026-04,1,Serie A,2025,0.44411716,0.45025015,0.44335294,0.45112363,0.45068689,0.4482124486724625,0.4762924777831759,-0.010000000000000009
1172837070,2026-04,0,Serie A,2025,0.5427855,0.55076015,0.54396117,0.54559773,0.54817894,0.5457009788968435,0.513432923386082,-0.010000000000000009
1172837921,2026-04,1,Serie A,2025,0.48949033,0.46074566,0.49337807,0.46150327,0.46112446500000004,0.45864056440099926,0.48028204876220015,-0.010000000000000009
1172848984,2026-04,0,Serie A,2025,0.4872605,0.5130678,0.49070463,0.50963163,0.5113497149999999,0.5088507403585599,0.4993861756638108,-0.010000000000000009
1172849835,2026-04,0,Serie A,2025,0.47469336,0.49471825,0.47692633,0.4968459,0.49578207500000004,0.4932823791749721,0.4934706383617061,-0.010000000000000009
1172843878,2026-04,0,Serie A,2025,0.500378,0.54063046,0.50684863,0.5247152,0.5326728300000001,0.5301827122972246,0.507504583952787,-0.010000000000000009
1172851537,2026-04,0,Serie A,2025,0.4288377,0.44918156,0.43948627,0.444122,0.44665178,0.4441815787191618,0.4747466606488904,-0.010000000000000009
1172845580,2026-04,0,Serie A,2025,0.49224037,0.51132077,0.49688262,0.50819397,0.50975737,0.5072580990268004,0.49878087519813497,-0.010000000000000009
1172846431,2026-04,0,Serie A,2025,0.49489492,0.4899363,0.49965018,0.5061723,0.4980543,0.49555440733030076,0.4943339057486903,-0.010000000000000009
1172850686,2026-04,1,Serie A,2025,0.4816782,0.4441046,0.48579478,0.45478767,0.44944613499999997,0.44697296282651994,0.47581737929068646,-0.010000000000000009
1172848133,2026-04,0,Serie A,2025,0.49098143,0.5077072,0.49762458,0.502812,0.5052596,0.5027597659845672,0.49707152247459724,-0.010000000000000009
1172844729,2026-04,1,Serie A,2025,0.46376562,0.40842867,0.46471778,0.42042413,0.4144264,0.41200172349874387,0.4623066317889949,-0.010000000000000009
1172847282,2026-04,1,Serie A,2025,0.47179204,0.48156166,0.47070447,0.4814838,0.48152273,0.4790266261077534,0.4880513566089837,-0.010000000000000009
1181689172,2026-05,1,Bundesliga,2025,0.511325,0.56808436,0.5149985,0.56709224,0.5675882999999999,0.5602109399458749,0.5914560893690642,-0.030000000000000027
1181694278,2026-05,1,Bundesliga,2025,0.5508073,0.5460595,0.545417,0.5317298,0.53889465,0.5314318856646828,0.5925382788782274,-0.030000000000000027
1181692576,2026-05,1,Bundesliga,2025,0.54641175,0.5366275,0.54400474,0.53675306,0.53669028,0.5292230060453735,0.5926208863475334,-0.030000000000000027
1181695129,2026-05,1,Bundesliga,2025,0.5216902,0.5129062,0.5232827,0.5177368,0.5153215,0.5078256592047522,0.5934191049693615,-0.030000000000000027
1181690874,2026-05,1,Bundesliga,2025,0.53641593,0.566532,0.5370224,0.5748326,0.5706823000000001,0.5633171143588048,0.591338452803783,-0.030000000000000027
1181688321,2026-05,1,Bundesliga,2025,0.55134755,0.53426486,0.54504114,0.53041154,0.5323382,0.5248628812653036,0.5927838080398199,-0.030000000000000027
1181693427,2026-05,1,Bundesliga,2025,0.5037029,0.4699121,0.4974544,0.45386457,0.46188833500000004,0.4544409834422921,0.5954101399134291,-0.030000000000000027
1181690023,2026-05,0,Bundesliga,2025,0.5496892,0.5575186,0.5374531,0.55098784,0.55425322,0.5468299970773894,0.5919608127221871,-0.030000000000000027
1181691725,2026-05,1,Bundesliga,2025,0.5433142,0.56109464,0.5401987,0.56496054,0.5630275899999999,0.5556333376164189,0.5916291100814492,-0.030000000000000027
1181696831,2026-05,1,Bundesliga,2025,0.67337626,0.6448798,0.67227364,0.6513667,0.64812325,0.6412514440665844,0.5882938781582142,-0.030000000000000027
1181699384,2026-05,0,Bundesliga,2025,0.65523845,0.64990896,0.6565934,0.6497398,0.64982438,0.6429674947464965,0.5882240934097449,-0.030000000000000027
1181695980,2026-05,1,Bundesliga,2025,0.6823988,0.676829,0.6777865,0.680192,0.6785105,0.6719317420365508,0.5870211114840597,-0.030000000000000027
1181701086,2026-05,1,Bundesliga,2025,0.54860675,0.5732764,0.5445029,0.5663889,0.5698326499999999,0.5624640635683552,0.5913707787921128,-0.030000000000000027
1181701937,2026-05,1,Bundesliga,2025,0.66033566,0.6508857,0.6606544,0.6501241,0.6505049,0.643654032882936,0.5881961320379753,-0.030000000000000027
1181702788,2026-05,0,Bundesliga,2025,0.679788,0.71733963,0.67825747,0.70897263,0.71315613,0.7069801659250178,0.5854879017821849,-0.030000000000000027
1181698533,2026-05,1,Bundesliga,2025,0.6397599,0.65563357,0.63738745,0.64760095,0.65161726,0.6447762905998203,0.5881503715467523,-0.030000000000000027
1181697682,2026-05,1,Bundesliga,2025,0.6568718,0.6702539,0.65655935,0.66270906,0.66648148,0.6597799949046265,0.5875319206636849,-0.030000000000000027
1181700235,2026-05,1,Bundesliga,2025,0.6041805,0.60873735,0.60545534,0.612877,0.6108071749999999,0.6036522740797128,0.5897891272571435,-0.030000000000000027
1181707043,2026-05,1,Bundesliga,2025,0.67504144,0.6642572,0.6752375,0.6779478,0.6711024999999999,0.6644471185391175,0.5873368463941585,-0.030000000000000027
1181703639,2026-05,1,Bundesliga,2025,0.648371,0.65832347,0.6505297,0.65951395,0.65891871,0.6521445766480125,0.5878482429417359,-0.030000000000000027
1181709596,2026-05,0,Bundesliga,2025,0.6397931,0.62738264,0.64194024,0.6369031,0.63214287,0.6251394839629094,0.5889420704036961,-0.030000000000000027
1181706192,2026-05,1,Bundesliga,2025,0.67030746,0.69895256,0.6640735,0.67716694,0.68805975,0.6815846988134351,0.5866082867210627,-0.030000000000000027
1181710447,2026-05,0,Bundesliga,2025,0.67184556,0.67727447,0.666892,0.68093395,0.67910421,0.6725317377456913,0.5869956405875268,-0.030000000000000027
1181705341,2026-05,0,Bundesliga,2025,0.6761189,0.7239739,0.67232215,0.7159964,0.71998515,0.713897233033729,0.5851730036124483,-0.030000000000000027
1181707894,2026-05,0,Bundesliga,2025,0.67321503,0.6762104,0.6772311,0.6755954,0.6759029,0.6692967893370201,0.5871326840757509,-0.030000000000000027
1181704490,2026-05,1,Bundesliga,2025,0.67388505,0.69040954,0.6788339,0.6964082,0.6934088700000001,0.6869943420139422,0.5863739769753208,-0.030000000000000027
1181708745,2026-05,1,Bundesliga,2025,0.62382066,0.5899023,0.6234698,0.58431536,0.58710883,0.5798179622861083,0.5907099617214114,-0.030000000000000027
1315150651,2026-05,0,Bundesliga,2025,0.5440377,0.5406822,0.5391721,0.5409361,0.5408091500000001,0.5333505396025858,0.5924664837145862,-0.030000000000000027
1315151502,2026-05,1,Bundesliga,2025,0.5564143,0.5851928,0.55736905,0.5699236,0.5775581999999999,0.5702221392779776,0.5910762202626066,-0.030000000000000027
1183872838,2026-05,0,La Liga,2025,0.5320922,0.5102402,0.522123,0.4992292,0.5047347,0.5359228405293602,0.5372994261966507,0.125
1183876242,2026-05,1,La Liga,2025,0.5338876,0.5239412,0.53295314,0.519928,0.5219346,0.552998848720564,0.5534192313875266,0.125
1183875391,2026-05,0,La Liga,2025,0.58000857,0.5945085,0.5778905,0.5935033,0.5940059,0.6237628591753505,0.6203290138219201,0.125
1183868583,2026-05,1,La Liga,2025,0.55219233,0.54390717,0.5478034,0.54821414,0.546060655,0.5768282584568816,0.5759247151844162,0.125
1183873689,2026-05,1,La Liga,2025,0.5496365,0.5646824,0.5482159,0.56317836,0.56393038,0.5943864636533855,0.5925212122948149,0.125
1183870285,2026-05,1,La Liga,2025,0.54127514,0.5514829,0.5388075,0.5401288,0.54580585,0.5765773321723041,0.5756876327318705,0.125
1183871987,2026-05,0,La Liga,2025,0.5677757,0.5713277,0.5657738,0.5734849,0.5724062999999999,0.6026874790932563,0.6003731791408407,0.125
1183869434,2026-05,0,La Liga,2025,0.5596757,0.58073467,0.54959834,0.5687665,0.574750585,0.604980316112201,0.6025427206282635,0.125
1183871136,2026-05,0,La Liga,2025,0.5494138,0.5213362,0.54625195,0.53518975,0.5282629750000001,0.559263251091963,0.5593340541227072,0.125
1183874540,2026-05,0,La Liga,2025,0.5623323,0.57658327,0.5577446,0.5639831,0.570283185,0.6006098102478558,0.5984075192508493,0.125
1183880497,2026-05,1,La Liga,2025,0.59363896,0.6082059,0.5920328,0.6066523,0.6074291,0.6368037734024703,0.6326948445240007,0.125
1183879646,2026-05,1,La Liga,2025,0.6201231,0.6404245,0.61768067,0.6320308,0.6362276499999999,0.6646371515587008,0.6591438672253469,0.125
1183884752,2026-05,1,La Liga,2025,0.5285326,0.52977556,0.5294446,0.5406209,0.53519823,0.5661170810314471,0.5658065334495413,0.125
1183877944,2026-05,0,La Liga,2025,0.6102992,0.6189228,0.612143,0.6251019,0.62201235,0.650922908501203,0.6461012468540199,0.125
1183883050,2026-05,1,La Liga,2025,0.6527837,0.64181453,0.6531618,0.64549285,0.6436536900000001,0.6717824261517017,0.6659481871181259,0.125
1183881348,2026-05,1,La Liga,2025,0.62342846,0.64816713,0.62768036,0.64711034,0.647638735,0.6756114403255339,0.6695972029119683,0.125
1183877093,2026-05,0,La Liga,2025,0.5595981,0.5703048,0.5586525,0.57503766,0.57267123,0.602946661562241,0.6006184076081014,0.125
1183883901,2026-05,0,La Liga,2025,0.43079573,0.4192291,0.42846194,0.407451,0.41334005,0.44394297544580846,0.450393951977394,0.125
1183878795,2026-05,0,La Liga,2025,0.67945594,0.72720927,0.68305194,0.7177944,0.7225018350000001,0.7468544384439846,0.7379222148601758,0.125
1183882199,2026-05,1,La Liga,2025,0.62610376,0.6534985,0.63184494,0.65086305,0.6521807749999999,0.679971081786473,0.673754305980894,0.125
1183887305,2026-05,1,La Liga,2025,0.5643527,0.55915904,0.5677004,0.5630609,0.56110997,0.5916203883367136,0.5899056374369878,0.125
1183886454,2026-05,1,La Liga,2025,0.6046585,0.60463256,0.606477,0.60140365,0.603018105,0.6325231613401346,0.6286341604894191,0.125
1183890709,2026-05,1,La Liga,2025,0.6244663,0.6550307,0.62647617,0.65984315,0.6574369250000001,0.6850101040351312,0.678562533290312,0.125
1183888156,2026-05,0,La Liga,2025,0.53562856,0.4930099,0.5338314,0.5021273,0.4975686,0.5287867110007404,0.5305635946525822,0.125
1183893262,2026-05,1,La Liga,2025,0.5588611,0.5637167,0.56286806,0.5651618,0.56443925,0.5948853245994925,0.5929929748187935,0.125
1183885603,2026-05,0,La Liga,2025,0.66740745,0.6805208,0.6669087,0.681606,0.6810634,0.7075807223054574,0.7001467103710973,0.125
1183889007,2026-05,1,La Liga,2025,0.48851433,0.50233245,0.49043065,0.501284,0.501808225,0.5330101468521337,0.5345501030426397,0.125
1183892411,2026-05,1,La Liga,2025,0.59310585,0.6342219,0.59608877,0.6457853,0.6400036,0.6682719666735143,0.6626044311878294,0.125
1183889858,2026-05,1,La Liga,2025,0.638405,0.660318,0.6318451,0.6523379,0.65632795,0.6839474798777164,0.6775482773918639,0.125
1183891560,2026-05,0,La Liga,2025,0.56517047,0.55847716,0.5662576,0.5662812,0.56237918,0.5928653864203596,0.5910828450012864,0.125
1183897517,2026-05,0,La Liga,2025,0.59605265,0.59080803,0.59940034,0.59538144,0.593094735,0.622876077816728,0.6194886673997401,0.125
1183901772,2026-05,0,La Liga,2025,0.6097565,0.63770044,0.6059185,0.63089854,0.6342994900000001,0.6627797611049446,0.6573761477801371,0.125
1183900070,2026-05,1,La Liga,2025,0.57203716,0.5755192,0.5764638,0.5753704,0.5754448,0.6056590406336041,0.603185011857645,0.125
1183898368,2026-05,1,La Liga,2025,0.49073753,0.50614536,0.49346414,0.51560235,0.510873855,0.5420261793145394,0.5430606044864452,0.125
1183896666,2026-05,0,La Liga,2025,0.4313213,0.40205535,0.4314035,0.39579034,0.39892284499999997,0.42923934495446514,0.43646287988039084,0.125
1183899219,2026-05,0,La Liga,2025,0.6101066,0.63074934,0.6096424,0.6379158,0.63433257,0.6628116343791267,0.657406478748269,0.125
1183900921,2026-05,0,La Liga,2025,0.5289644,0.508985,0.52710307,0.50678873,0.507886865,0.5390577830001075,0.5402585834204382,0.125
1183894113,2026-05,1,La Liga,2025,0.5664476,0.6060685,0.57068354,0.6147248,0.61039665,0.639680990102982,0.6354252033738986,0.125
1183894964,2026-05,0,La Liga,2025,0.59548557,0.5969783,0.600726,0.5910293,0.5940038,0.6237608156025977,0.620327077183947,0.125
1183895815,2026-05,1,La Liga,2025,0.6575176,0.697565,0.66022944,0.70513,0.7013475,0.7268547173481327,0.7186472682744393,0.125
1183906027,2026-05,0,La Liga,2025,0.48784798,0.5121109,0.48763528,0.5166682,0.51438955,0.5455171583825731,0.5463560367371334,0.125
1183905176,2026-05,1,La Liga,2025,0.62895304,0.658805,0.6296262,0.6636845,0.66124475,0.6886565813899145,0.682044285046523,0.125
1183909431,2026-05,1,La Liga,2025,0.63908464,0.6670755,0.6345499,0.6584884,0.6627819500000001,0.6901276834624047,0.6834494903520563,0.125
1183904325,2026-05,0,La Liga,2025,0.5360922,0.5311012,0.5389592,0.5343184,0.5327098,0.5636592266862618,0.5634852844076425,0.125
1183907729,2026-05,0,La Liga,2025,0.506652,0.51098925,0.507656,0.51514995,0.5130695999999999,0.5442068465392661,0.5451191048068249,0.125
1183908580,2026-05,1,La Liga,2025,0.60747296,0.5955725,0.60649717,0.6111584,0.60336545,0.6328604081201047,0.6289540193316352,0.125
1183906878,2026-05,1,La Liga,2025,0.61381847,0.6316328,0.6134461,0.63156813,0.631600465,0.6601783212415923,0.6549009983829616,0.125
1183903474,2026-05,1,La Liga,2025,0.60819703,0.6121815,0.6080895,0.61299896,0.61259023,0.6418064454177805,0.6374426872728481,0.125
1183902623,2026-05,1,La Liga,2025,0.56902254,0.6051581,0.5733946,0.60626453,0.605711315,0.6351373169326828,0.6311138054357773,0.125
1183910282,2026-05,1,La Liga,2025,0.67052025,0.6849187,0.67188346,0.68218076,0.68354973,0.7099483698930298,0.7024157174915879,0.125
1181172615,2026-05,0,Ligue 1,2025,0.5179306,0.49708658,0.51696134,0.49609795,0.496592265,0.47411537356917444,0.5346361620887103,-0.08999999999999997
1181175168,2026-05,1,Ligue 1,2025,0.49944144,0.49175042,0.49202633,0.49311742,0.49243391999999997,0.4699695305802516,0.5341993514671677,-0.08999999999999997
1181171764,2026-05,1,Ligue 1,2025,0.50252265,0.4862321,0.49961168,0.477413,0.48182254999999996,0.4594040941196723,0.5330838102215114,-0.08999999999999997
1181173466,2026-05,1,Ligue 1,2025,0.56473446,0.56814414,0.55781376,0.56184185,0.564992995,0.5427581095057036,0.5418510133023285,-0.08999999999999997
1181170062,2026-05,1,Ligue 1,2025,0.5485958,0.5649884,0.5465756,0.5552879,0.56013815,0.5378580914118718,0.5413341236195843,-0.08999999999999997
1181176019,2026-05,1,Ligue 1,2025,0.56035835,0.603495,0.5620777,0.6049866,0.6042408,0.5825297197621805,0.546084504640354,-0.08999999999999997
1181169211,2026-05,1,Ligue 1,2025,0.5073861,0.50227743,0.5108743,0.5076194,0.5049484150000001,0.48245578203158557,0.5355136788625983,-0.08999999999999997
1181174317,2026-05,0,Ligue 1,2025,0.5309073,0.53019,0.528231,0.5176755,0.52393275,0.5014510485826738,0.5375083360623335,-0.08999999999999997
1181170913,2026-05,1,Ligue 1,2025,0.5578457,0.5800474,0.55109274,0.5605459,0.57029665,0.5481160355438403,0.5424171065496299,-0.08999999999999997
1181179423,2026-05,0,Ligue 1,2025,0.63234794,0.639964,0.6353935,0.6297261,0.63484505,0.6137396447532181,0.5494801153404196,-0.08999999999999997
1181180274,2026-05,0,Ligue 1,2025,0.5685137,0.5278855,0.5727781,0.5296097,0.5287476,0.5062790098329839,0.5380149643918152,-0.08999999999999997
1181178572,2026-05,0,Ligue 1,2025,0.62771404,0.62612617,0.62481517,0.62128687,0.62370652,0.6023605668293066,0.5482324026167611,-0.08999999999999997
1181181125,2026-05,0,Ligue 1,2025,0.64394635,0.6393867,0.6452222,0.6298521,0.6346194000000001,0.6135088925804301,0.549454689096653,-0.08999999999999997
1181182827,2026-05,1,Ligue 1,2025,0.6082533,0.57793987,0.61190796,0.58644164,0.5821907550000001,0.5601505740124011,0.5436927241535391,-0.08999999999999997
1181177721,2026-05,1,Ligue 1,2025,0.55521315,0.55123955,0.565508,0.5520369,0.551638225,0.5292894292734792,0.5404318180199963,-0.08999999999999997
1181176870,2026-05,1,Ligue 1,2025,0.5713305,0.60096693,0.5725617,0.59998304,0.600474985,0.5787013568032795,0.5456732004720144,-0.08999999999999997
1181183678,2026-05,1,Ligue 1,2025,0.5414053,0.5370293,0.5426383,0.5369126,0.53697095,0.5145344543230153,0.5388814141783966,-0.08999999999999997
1181181976,2026-05,0,Ligue 1,2025,0.48582688,0.48292002,0.4842228,0.48005772,0.48148887,0.4590721850293471,0.5330487033422073,-0.08999999999999997
1314526868,2026-05,1,Ligue 1,2025,0.5315448,0.52952635,0.52619976,0.519269,0.524397675,0.50191705682476,0.5375572378874438,-0.08999999999999997
1181147085,2026-05,1,Ligue 1,2025,0.6433424,0.6753057,0.6383487,0.6790644,0.6771850500000001,0.6572054351800506,0.5543814740744363,-0.08999999999999997
1181147936,2026-05,0,Ligue 1,2025,0.67540795,0.70250475,0.6746947,0.70068014,0.701592445,0.6824150017862917,0.5573522611689591,-0.08999999999999997
1314771956,2026-05,0,Ligue 1,2025,0.531849,0.51273763,0.52739316,0.5097438,0.511240715,0.4887445111112031,0.5361744816535876,-0.08999999999999997
1181187933,2026-05,1,Ligue 1,2025,0.66937613,0.6876586,0.66925627,0.67756337,0.682610985,0.6627999713100106,0.5550313649367267,-0.08999999999999997
1181184529,2026-05,1,Ligue 1,2025,0.5521025,0.5443943,0.5540617,0.5420121,0.5432032,0.5207991939190584,0.5395393033766818,-0.08999999999999997
1181189635,2026-05,0,Ligue 1,2025,0.5629745,0.56160295,0.5692677,0.55806744,0.559835195,0.5375524601055139,0.5413019070426739,-0.08999999999999997
1181191337,2026-05,1,Ligue 1,2025,0.6738358,0.69863814,0.6726589,0.6903197,0.69447892,0.6750560527529208,0.5564733931519503,-0.08999999999999997
1181186231,2026-05,0,Ligue 1,2025,0.60962594,0.6411236,0.61572045,0.6481039,0.64461375,0.6237383226689297,0.5505872015104001,-0.08999999999999997
1181185380,2026-05,0,Ligue 1,2025,0.5241586,0.5407983,0.51653063,0.53226733,0.5365328149999999,0.5140943003551385,0.5388352069072453,-0.08999999999999997
1181187082,2026-05,0,Ligue 1,2025,0.6619792,0.6624993,0.6604454,0.66211146,0.66230538,0.6418918400918637,0.5526267528333381,-0.08999999999999997
1181190486,2026-05,1,Ligue 1,2025,0.6403423,0.6513214,0.64067554,0.6648383,0.65807985,0.6375506642839638,0.552135268439955,-0.08999999999999997
1315142992,2026-05,0,Ligue 1,2025,0.52790457,0.5205935,0.5263139,0.50621253,0.513403015,0.49090722925700386,0.5364016079741882,-0.08999999999999997
1315143843,2026-05,1,Ligue 1,2025,0.5614344,0.5708715,0.5543293,0.5597431,0.5653073,0.5430754873880043,0.5418845185561818,-0.08999999999999997
1173797849,2026-05,1,Premier League,2025,0.5498802,0.56769264,0.5442826,0.54299366,0.55534315,0.5280413825605668,0.5561341622134265,-0.10999999999999999
1173799551,2026-05,1,Premier League,2025,0.5467224,0.5656382,0.54216594,0.5605248,0.5630815,0.5358577608166846,0.5574815314999889,-0.10999999999999999
1173800402,2026-05,1,Premier League,2025,0.50964075,0.49731693,0.5116859,0.4938527,0.49558481499999996,0.46812797436382314,0.545810457644873,-0.10999999999999999
1173795296,2026-05,0,Premier League,2025,0.53426063,0.5485829,0.5311359,0.5435002,0.54604155,0.518663673951922,0.5545196356943856,-0.10999999999999999
1173792743,2026-05,0,Premier League,2025,0.5328915,0.5563275,0.52449465,0.55530167,0.555814585,0.5285171885805308,0.556216129896939,-0.10999999999999999
1173794445,2026-05,0,Premier League,2025,0.5504339,0.58505976,0.5421238,0.5654999,0.57527983,0.5482063095359423,0.5596148711449715,-0.10999999999999999
1173798700,2026-05,1,Premier League,2025,0.54662293,0.5589442,0.53974503,0.55822104,0.5585826199999999,0.5313118890177826,0.5566976995487364,-0.10999999999999999
1173793594,2026-05,1,Premier League,2025,0.55453783,0.57463825,0.5494114,0.5693599,0.571999075,0.5448818725302464,0.5590398555297952,-0.10999999999999999
1173796147,2026-05,1,Premier League,2025,0.5204397,0.5055341,0.51383054,0.49344927,0.49949168499999996,0.472020943518987,0.5464841542585557,-0.10999999999999999
1173796998,2026-05,1,Premier League,2025,0.5325367,0.53316796,0.5291937,0.5160966,0.5246322800000001,0.4971522673501009,0.5508185038268265,-0.10999999999999999
1173804657,2026-05,1,Premier League,2025,0.6692486,0.67470723,0.6667945,0.65331745,0.66401234,0.6390460894216391,0.5757387211395536,-0.10999999999999999
1173801253,2026-05,0,Premier League,2025,0.49086818,0.5023879,0.48708004,0.50019836,0.50129313,0.47381710503870605,0.5467947277968973,-0.10999999999999999
1173803806,2026-05,0,Premier League,2025,0.6593424,0.66508144,0.6583,0.66783035,0.666455895,0.6415732064119025,0.5762047811370845,-0.10999999999999999
1173807210,2026-05,0,Premier League,2025,0.5693611,0.5444833,0.57139534,0.5426453,0.5435643,0.5161694025766772,0.5540904389479954,-0.10999999999999999
1173805508,2026-05,0,Premier League,2025,0.6229011,0.613575,0.61340797,0.6234032,0.6184891,0.5922175300949107,0.5673026045598131,-0.10999999999999999
1173802955,2026-05,1,Premier League,2025,0.53507906,0.52918667,0.5406706,0.5323406,0.530763635,0.5033024950429819,0.5518768556931244,-0.10999999999999999
1173802104,2026-05,1,Premier League,2025,0.47516388,0.42139792,0.4841408,0.41976365,0.42058078499999996,0.3940332855919501,0.5327301346682558,-0.10999999999999999
1173806359,2026-05,1,Premier League,2025,0.6347831,0.6193864,0.6370572,0.617771,0.6185787,0.5923092330122732,0.5673188160789351,-0.10999999999999999
1173808912,2026-05,0,Premier League,2025,0.5440279,0.55030566,0.54706156,0.53845453,0.544380095,0.5169906522639034,0.5542317464237758,-0.10999999999999999
1173808061,2026-05,1,Premier League,2025,0.60814154,0.5990375,0.60658646,0.5930842,0.59606085,0.5693202942604322,0.5632826760105586,-0.10999999999999999
1173763809,2026-05,0,Premier League,2025,0.49600857,0.50233185,0.48599386,0.5043355,0.503333675,0.47585252459153005,0.5471464861737779,-0.10999999999999999
1173810614,2026-05,1,Premier League,2025,0.61941653,0.63332164,0.61610615,0.6239476,0.62863462,0.6026128048815763,0.5691469256228388,-0.10999999999999999
1173815720,2026-05,1,Premier League,2025,0.58199006,0.5758127,0.5791599,0.5807798,0.57829625,0.5512650255074277,0.5601444409680619,-0.10999999999999999
1173817422,2026-05,1,Premier League,2025,0.55733025,0.54038113,0.5561469,0.53978086,0.5400809950000001,0.5126644709271886,0.5534874280880561,-0.10999999999999999
1173814869,2026-05,0,Premier League,2025,0.64542174,0.644713,0.64356863,0.6407798,0.6427464,0.617111134900719,0.5717439498966924,-0.10999999999999999
1173814018,2026-05,1,Premier League,2025,0.5869801,0.6174873,0.5929298,0.61166364,0.6145754699999999,0.5882138314922158,0.5665957680643512,-0.10999999999999999
1173812316,2026-05,1,Premier League,2025,0.6310032,0.66141915,0.62880266,0.65239,0.656904575,0.6317031116356988,0.5743916713164963,-0.10999999999999999
1173816571,2026-05,1,Premier League,2025,0.65219206,0.6508175,0.65309256,0.6630445,0.656931,0.6317303894853601,0.5743966562732584,-0.10999999999999999
1173809763,2026-05,0,Premier League,2025,0.5168811,0.57207966,0.52273095,0.5747719,0.57342578,0.5463272766217564,0.5592897932165526,-0.10999999999999999
1173811465,2026-05,1,Premier League,2025,0.6413877,0.66062117,0.64181834,0.6600771,0.6603491349999999,0.6352602021119771,0.5750429062399468,-0.10999999999999999
1173813167,2026-05,1,Premier League,2025,0.60543966,0.6271232,0.6056379,0.6210475,0.62408535,0.5979486382205319,0.5683177220923786,-0.10999999999999999
1173819975,2026-05,1,Premier League,2025,0.5491007,0.5372262,0.5491966,0.53585005,0.536538125,0.5091023679914803,0.5528746390794955,-0.10999999999999999
1173820826,2026-05,0,Premier League,2025,0.6684306,0.6620299,0.6708721,0.6632961,0.662663,0.6376511984061558,0.5754820222223272,-0.10999999999999999
1173825081,2026-05,0,Premier League,2025,0.58763325,0.5888585,0.5924931,0.59542537,0.5921419349999999,0.5653311348631638,0.5625872793575633,-0.10999999999999999
1173821677,2026-05,1,Premier League,2025,0.65372175,0.6719162,0.6519653,0.6530427,0.66247945,0.6374614846692839,0.5754471395082268,-0.10999999999999999
1173825932,2026-05,0,Premier League,2025,0.6136986,0.61258477,0.6151972,0.6109973,0.611791035,0.5853674379893287,0.5660943426116991,-0.10999999999999999
1173818273,2026-05,0,Premier League,2025,0.67775595,0.6912616,0.6799928,0.6898955,0.69057855,0.6665951696111068,0.5808959478214075,-0.10999999999999999
1173823379,2026-05,1,Premier League,2025,0.6386857,0.64933175,0.64302105,0.63842976,0.643880755,0.6182785460720365,0.57195445191789,-0.10999999999999999
1173824230,2026-05,1,Premier League,2025,0.5789894,0.5626059,0.5757205,0.5586061,0.5606059999999999,0.5333558437706489,0.5570500493960141,-0.10999999999999999
1173819124,2026-05,1,Premier League,2025,0.5272698,0.5032846,0.53282404,0.5147046,0.5089946,0.48150401404616716,0.5481222309440739,-0.10999999999999999
1173822528,2026-05,1,Premier League,2025,0.6670766,0.68395364,0.6636148,0.68644685,0.6852002450000001,0.6610046279481337,0.5798348949762229,-0.10999999999999999
1188835870,2026-05,0,Segunda,2025,0.53780854,0.5320756,0.5375562,0.5286518,0.5303637,0.547755097590568,0.5472544845339882,0.07000000000000006
1184741709,2026-05,1,Segunda,2025,0.5588503,0.57066244,0.5566096,0.5700941,0.57037827,0.5874405295557329,0.5847027647726738,0.07000000000000006
1184747666,2026-05,0,Segunda,2025,0.5641707,0.56998074,0.55965406,0.578709,0.57434487,0.5913624586111573,0.5884077606926342,0.07000000000000006
1184745964,2026-05,1,Segunda,2025,0.48595333,0.4725557,0.4886008,0.46542186,0.46898878,0.48645224039053425,0.4894643345770082,0.07000000000000006
1184744262,2026-05,1,Segunda,2025,0.55000097,0.56212336,0.5449991,0.56173646,0.5619299099999999,0.5790800879912512,0.5768077320784724,0.07000000000000006
1184746815,2026-05,1,Segunda,2025,0.54924953,0.5655398,0.553303,0.55196124,0.55875052,0.5759312351457441,0.5738351339577661,0.07000000000000006
1184740007,2026-05,1,Segunda,2025,0.5481659,0.5641438,0.5474482,0.5575484,0.5608461,0.5780068444103316,0.5757945063520047,0.07000000000000006
1184743411,2026-05,1,Segunda,2025,0.57419807,0.5890792,0.5735825,0.58159894,0.5853390700000001,0.6022215325541578,0.5986713885728823,0.07000000000000006
1184740858,2026-05,0,Segunda,2025,0.525779,0.5215761,0.52914846,0.52080417,0.521190135,0.5386257221512605,0.5386471540998137,0.07000000000000006
1184742560,2026-05,1,Segunda,2025,0.51850516,0.5124646,0.51639384,0.5061155,0.50929005,0.5267655090660132,0.5274671176690218,0.07000000000000006
1184745113,2026-05,1,Segunda,2025,0.51439416,0.515111,0.514415,0.50329846,0.50920473,0.5266804036687714,0.5273868980544117,0.07000000000000006
1184756176,2026-05,0,Segunda,2025,0.5136098,0.48540705,0.5167781,0.49272308,0.489065065,0.5065629441918712,0.5084245355690195,0.07000000000000006
1184749368,2026-05,1,Segunda,2025,0.6137989,0.6299775,0.61398596,0.640239,0.63510825,0.6511719705556995,0.6450616981207346,0.07000000000000006
1184753623,2026-05,1,Segunda,2025,0.63553774,0.6970462,0.6370058,0.7015311,0.69928865,0.7138001686583582,0.7048558636170901,0.07000000000000006
1184748517,2026-05,0,Segunda,2025,0.58480835,0.6138659,0.5911597,0.6101349,0.6120004,0.628486332350739,0.6235337522795433,0.07000000000000006
1184754474,2026-05,0,Segunda,2025,0.5494995,0.5665862,0.55296093,0.56716615,0.566876175,0.5839760732119754,0.5814306960319631,0.07000000000000006
1184755325,2026-05,1,Segunda,2025,0.57358027,0.5712134,0.57360584,0.57773817,0.574475785,0.5914918623568755,0.5885300228798721,0.07000000000000006
1188836721,2026-05,1,Segunda,2025,0.59299576,0.5936802,0.59656703,0.58772177,0.590700985,0.6075115231838141,0.6036743376760798,0.07000000000000006
1184751070,2026-05,1,Segunda,2025,0.6843568,0.73560727,0.6819584,0.7401937,0.7379004849999999,0.7512116145207022,0.7409196782899884,0.07000000000000006
1184752772,2026-05,0,Segunda,2025,0.564553,0.5946318,0.56830937,0.5948787,0.59475525,0.6115087865250975,0.6074561365668194,0.07000000000000006
1184750219,2026-05,0,Segunda,2025,0.55336225,0.5752919,0.55517787,0.5867058,0.5809988500000001,0.5979366414269388,0.5946204973827336,0.07000000000000006
1184751921,2026-05,1,Segunda,2025,0.51713336,0.52572155,0.51745397,0.5210905,0.523406025,0.5408320099173877,0.5407271281760346,0.07000000000000006
1184763835,2026-05,1,Segunda,2025,0.5117115,0.51761055,0.5103914,0.49108773,0.50434914,0.5218353528290286,0.5228200567091849,0.07000000000000006
1184762984,2026-05,1,Segunda,2025,0.5610387,0.5437917,0.5668222,0.54856104,0.54617637,0.5634641732299772,0.5620703992475802,0.07000000000000006
1184759580,2026-05,1,Segunda,2025,0.57851714,0.6239842,0.5800161,0.61417806,0.61908113,0.6354454189133734,0.6301318204961718,0.07000000000000006
1184766388,2026-05,1,Segunda,2025,0.45913258,0.431429,0.46533006,0.43166223,0.431545615,0.4487931997098177,0.45392462723217036,0.07000000000000006
1184762133,2026-05,1,Segunda,2025,0.57366526,0.55729,0.5755075,0.5658611,0.5615755499999999,0.5787292005966868,0.5764764604893255,0.07000000000000006
1184757878,2026-05,0,Segunda,2025,0.45494685,0.4625427,0.45588708,0.4567457,0.45964419999999995,0.47707231554721957,0.4806176614432783,0.07000000000000006
1184758729,2026-05,1,Segunda,2025,0.60400283,0.61144066,0.6044683,0.60827994,0.6098603,0.626381651501952,0.6215392030119072,0.07000000000000006
1184761282,2026-05,1,Segunda,2025,0.5393071,0.5115206,0.5434044,0.5045193,0.50801995,0.5254984987407756,0.5262728492952301,0.07000000000000006
1188837572,2026-05,1,Segunda,2025,0.5748168,0.5853342,0.574656,0.5842561,0.5847951499999999,0.6016846882144267,0.5981637899779924,0.07000000000000006
1184764686,2026-05,1,Segunda,2025,0.52205837,0.52050126,0.52522933,0.5206491,0.52057518,0.5380133108614078,0.5380698191293994,0.07000000000000006
1184760431,2026-05,0,Segunda,2025,0.5185009,0.5462197,0.514146,0.53797495,0.542097325,0.5594151687477616,0.5582508450113453,0.07000000000000006
1188838423,2026-05,0,Segunda,2025,0.6168401,0.6103453,0.6227975,0.59550047,0.6029228849999999,0.6195547498260294,0.6150723996258718,0.07000000000000006
1184775749,2026-05,1,Segunda,2025,0.6507221,0.69128835,0.6509528,0.6999158,0.695602075,0.7102177750990084,0.7014179461377319,0.07000000000000006
1184772345,2026-05,0,Segunda,2025,0.527139,0.53134614,0.527213,0.53427535,0.532810745,0.5501883794436383,0.5495489406463548,0.07000000000000006
1184768941,2026-05,1,Segunda,2025,0.6622111,0.6923464,0.66296333,0.6773177,0.68483205,0.6997416562226267,0.6913780635101683,0.07000000000000006
1184769792,2026-05,0,Segunda,2025,0.5548709,0.59926224,0.561015,0.60044533,0.599853785,0.6165324407352409,0.6122108504558967,0.07000000000000006
1184767239,2026-05,0,Segunda,2025,0.57610357,0.5856839,0.5773808,0.60208666,0.5938852800000001,0.61065123788796,0.6066447049620618,0.07000000000000006
1184771494,2026-05,1,Segunda,2025,0.5849167,0.60857195,0.58138275,0.6054058,0.606988875,0.623556766369841,0.6188627994083341,0.07000000000000006
1184770643,2026-05,1,Segunda,2025,0.6550027,0.6587829,0.65379655,0.65625983,0.657521365,0.6731062464370497,0.6659355911728683,0.07000000000000006
1184773196,2026-05,0,Segunda,2025,0.41345936,0.40017253,0.41442728,0.39551848,0.39784550500000004,0.4147288533644478,0.4217059712565208,0.07000000000000006
1184774898,2026-05,0,Segunda,2025,0.59338987,0.619674,0.5987027,0.6213623,0.62051815,0.6368569169107784,0.6314707005041055,0.07000000000000006
1184768090,2026-05,1,Segunda,2025,0.4825178,0.43292332,0.48390484,0.44956774,0.44124553,0.4585680553767432,0.4631556262120937,0.07000000000000006
1184784259,2026-05,1,Segunda,2025,0.62588775,0.65344536,0.62125623,0.65815103,0.655798195,0.6714223056693484,0.6643307438635517,0.07000000000000006
1184782557,2026-05,0,Segunda,2025,0.560205,0.54932195,0.5693141,0.54895,0.549135975,0.5664005400091082,0.5648407530617607,0.07000000000000006
1184781706,2026-05,1,Segunda,2025,0.57808244,0.601078,0.58715975,0.6055307,0.6033043499999999,0.6199303090376607,0.6154280386553114,0.07000000000000006
1184780855,2026-05,1,Segunda,2025,0.5964414,0.59321165,0.59593016,0.5806359,0.586923775,0.6037853911431365,0.6001501724420487,0.07000000000000006
1188839274,2026-05,0,Segunda,2025,0.544854,0.55921745,0.5437454,0.5547925,0.557004975,0.5742018622399758,0.5722027694026206,0.07000000000000006
1184779153,2026-05,1,Segunda,2025,0.5142853,0.50627977,0.5174071,0.5104502,0.508364985,0.525842716666726,0.5265973039366006,0.07000000000000006
1184776600,2026-05,0,Segunda,2025,0.4836482,0.5239372,0.49239498,0.52192795,0.522932575,0.5403606689247231,0.5402827649933403,0.07000000000000006
1184780004,2026-05,0,Segunda,2025,0.5329147,0.5181215,0.5298672,0.507085,0.51260325,0.5300695902739873,0.5305815581281821,0.07000000000000006
1184783408,2026-05,1,Segunda,2025,0.5397295,0.5580673,0.537428,0.5526711,0.5553692,0.5725808603869903,0.5706728255656787,0.07000000000000006
1184777451,2026-05,1,Segunda,2025,0.55009687,0.59563947,0.5545231,0.60115445,0.59839696,0.6150973749944841,0.6108523943222091,0.07000000000000006
1184785110,2026-05,0,Segunda,2025,0.5755391,0.58091605,0.5760611,0.58090675,0.5809114,0.5978502796375029,0.5945388650589926,0.07000000000000006
1172857494,2026-05,1,Serie A,2025,0.47530192,0.48054004,0.47021574,0.46125135,0.470895695,0.4609424917237189,0.4773219112716101,-0.040000000000000036
1172860047,2026-05,0,Serie A,2025,0.5336486,0.5178773,0.5337022,0.522047,0.51996215,0.5099714441171239,0.49592397529593774,-0.040000000000000036
1172854090,2026-05,0,Serie A,2025,0.5399397,0.5607192,0.54097176,0.5505787,0.5556489499999999,0.5457521118225644,0.5095352880369154,-0.040000000000000036
1172852388,2026-05,0,Serie A,2025,0.5543549,0.5843035,0.54933864,0.5678477,0.5760756,0.566278593583651,0.5174110506243104,-0.040000000000000036
1172853239,2026-05,0,Serie A,2025,0.52028465,0.5296502,0.51377445,0.5155974,0.5226238,0.5126365670822011,0.49693478730441093,-0.040000000000000036
1172859196,2026-05,0,Serie A,2025,0.5353943,0.5153318,0.52836335,0.5051123,0.51022205,0.5002234744825466,0.4922285663667151,-0.040000000000000036
1172856643,2026-05,1,Serie A,2025,0.4935452,0.48718184,0.4979137,0.4741644,0.48067311999999995,0.47069710344268856,0.4810308938682304,-0.040000000000000036
1172855792,2026-05,0,Serie A,2025,0.53895766,0.5442305,0.54353076,0.5521731,0.5482018,0.5382769239468279,0.5066820051832066,-0.040000000000000036
1172854941,2026-05,1,Serie A,2025,0.5019478,0.45664817,0.50266886,0.44374323,0.4501957,0.4403159182256663,0.469446780591659,-0.040000000000000036
1172858345,2026-05,0,Serie A,2025,0.5252658,0.5073145,0.51993245,0.4797473,0.4935309,0.4835364927151027,0.48590340589604414,-0.040000000000000036
1172867706,2026-05,1,Serie A,2025,0.5707438,0.57286394,0.57360137,0.56674796,0.56980595,0.5599747244999007,0.51498507033557,-0.040000000000000036
1172860898,2026-05,0,Serie A,2025,0.49809808,0.48431927,0.49733314,0.4892222,0.486770735,0.4767843515209265,0.4833420323238954,-0.040000000000000036
1172863451,2026-05,0,Serie A,2025,0.5468662,0.5566366,0.55213386,0.55708236,0.55685948,0.5469676210597675,0.5099999047284558,-0.040000000000000036
1172864302,2026-05,0,Serie A,2025,0.48265848,0.44022745,0.47940326,0.43558353,0.43790549,0.428085419333774,0.46474871276474417,-0.040000000000000036
1172868557,2026-05,0,Serie A,2025,0.41716942,0.4212067,0.42700043,0.42422694,0.42271682,0.4129871025975514,0.45891043102993084,-0.040000000000000036
1172861749,2026-05,0,Serie A,2025,0.44777545,0.44417858,0.45150155,0.4427487,0.44346364,0.4336150795767588,0.46687590604884244,-0.040000000000000036
1172862600,2026-05,0,Serie A,2025,0.5320182,0.5286747,0.5314996,0.5284394,0.5285570500000001,0.518579603437308,0.4991899716243482,-0.040000000000000036
1172866855,2026-05,1,Serie A,2025,0.45908588,0.46633983,0.45828754,0.4581384,0.46223911500000003,0.45231246745500725,0.47403320268418625,-0.040000000000000036
1172865153,2026-05,1,Serie A,2025,0.5964233,0.60141975,0.5970371,0.6049179,0.603168825,0.5935561899379931,0.5280037525931255,-0.040000000000000036
1172866004,2026-05,1,Serie A,2025,0.48685336,0.49515122,0.48516154,0.4942232,0.49468721,0.48469179585730326,0.48634148488438866,-0.040000000000000036
1172873663,2026-05,0,Serie A,2025,0.50211203,0.50185424,0.50324667,0.49875575,0.500304995,0.4903062098734995,0.48846990157870734,-0.040000000000000036
1172871110,2026-05,0,Serie A,2025,0.4779293,0.4988216,0.48449904,0.49410543,0.49646351499999997,0.4864667622685111,0.4870144551793696,-0.040000000000000036
1172875365,2026-05,0,Serie A,2025,0.47587234,0.433921,0.47551972,0.43083316,0.43237707999999997,0.42258777882293896,0.46262825285912407,-0.040000000000000036
1172871961,2026-05,1,Serie A,2025,0.5174142,0.5097737,0.5157846,0.51484257,0.512308135,0.5023106055381787,0.4930196290567358,-0.040000000000000036
1172874514,2026-05,0,Serie A,2025,0.38987884,0.32900384,0.39147115,0.33051997,0.329761905,0.3209821022445433,0.4217797824074045,-0.040000000000000036
1172872812,2026-05,1,Serie A,2025,0.44147927,0.45509133,0.45164528,0.43650866,0.445799995,0.43594019128354894,0.4677687826071607,-0.040000000000000036
1172869408,2026-05,0,Serie A,2025,0.59448874,0.6011356,0.5944308,0.598433,0.5997843,0.5901453889351966,0.5266695580155155,-0.040000000000000036
1172877067,2026-05,0,Serie A,2025,0.57381356,0.5769798,0.57695,0.57560647,0.576293135,0.5664973727883718,0.5174953750892936,-0.040000000000000036
1172870259,2026-05,1,Serie A,2025,0.48247632,0.47517633,0.48611623,0.47286764,0.474021985,0.46406065845160976,0.47850837488433057,-0.040000000000000036
1172876216,2026-05,1,Serie A,2025,0.52957165,0.5333848,0.53388107,0.53639686,0.5348908299999999,0.5249269473575666,0.5016008316605827,-0.040000000000000036
1172879620,2026-05,1,Serie A,2025,0.6706747,0.6882981,0.6681317,0.68327206,0.68578508,0.6771023566857735,0.5620018913752953,-0.040000000000000036
1172877918,2026-05,1,Serie A,2025,0.6612942,0.6769158,0.6616834,0.677983,0.6774494,0.6686476303708188,0.5584141878133748,-0.040000000000000036
1172880471,2026-05,1,Serie A,2025,0.53803647,0.5459737,0.53872204,0.55039763,0.548185665,0.5382607330435772,0.5066758321653285,-0.040000000000000036
1172883875,2026-05,0,Serie A,2025,0.55828255,0.55176306,0.56185436,0.55855083,0.555156945,0.5452581167869041,0.5093465183278048,-0.040000000000000036
1172883024,2026-05,0,Serie A,2025,0.4574956,0.46507746,0.45601717,0.46416694,0.4646222,0.45468764662680156,0.4749391224208146,-0.040000000000000036
1172882173,2026-05,1,Serie A,2025,0.46570563,0.46750742,0.46909848,0.45651093,0.462009175,0.4520833141898251,0.47394576687577633,-0.040000000000000036
1172884726,2026-05,1,Serie A,2025,0.46955872,0.473711,0.46574154,0.46937147,0.471541235,0.461586290559721,0.4775669486366576,-0.040000000000000036
1172878769,2026-05,1,Serie A,2025,0.53337294,0.521037,0.5347452,0.5178234,0.5194302,0.5094388681058654,0.4957220143697451,-0.040000000000000036
1172881322,2026-05,0,Serie A,2025,0.4885601,0.49928045,0.48748526,0.49160028,0.495440365,0.485444352503717,0.48662682424018183,-0.040000000000000036
1172885577,2026-05,0,Serie A,2025,0.40300098,0.3800169,0.40428847,0.3787618,0.37938934999999996,0.3700176895594347,0.4419723762952234,-0.040000000000000036
1340444924,2026-08,1,Bundesliga,2026,0.67451274,0.7013938,0.68027884,0.70224327,0.7018185349999999,0.7007711338626169,0.5849401172525397,-0.0050000000000000044
1340447477,2026-08,1,Bundesliga,2026,0.65908027,0.6970942,0.6628617,0.6781934,0.6876438,0.686568844674371,0.5866947013168041,-0.0050000000000000044
1340448328,2026-08,1,Bundesliga,2026,0.7041642,0.7487711,0.70687115,0.7619802,0.75537565,0.7544505543057753,0.577791505967843,-0.0050000000000000044
1340450881,2026-08,0,Bundesliga,2026,0.6352708,0.6288035,0.6367091,0.6256959,0.6272496999999999,0.6260799205973995,0.5937247527650186,-0.0050000000000000044
1340451732,2026-08,1,Bundesliga,2026,0.6921514,0.7194555,0.69432205,0.7135478,0.71650165,0.7154849163178589,0.583068831241923,-0.0050000000000000044
1340450030,2026-08,0,Bundesliga,2026,0.6046914,0.60663754,0.6091467,0.60390913,0.605273335,0.6040781207443852,0.5961479296671023,-0.0050000000000000044
1340446626,2026-08,0,Bundesliga,2026,0.5319525,0.52374256,0.5417587,0.5352856,0.52951408,0.5282682541530421,0.6041768484242115,-0.0050000000000000044
1340449179,2026-08,1,Bundesliga,2026,0.6005795,0.6007676,0.59825116,0.60166204,0.60121482,0.600015437721343,0.5965894994049599,-0.0050000000000000044
1340445775,2026-08,0,Bundesliga,2026,0.6696185,0.7088117,0.67283,0.7107569,0.7097843,0.7087532679389189,0.5839321528425495,-0.0050000000000000044
1336354167,2026-08,0,La Liga,2026,0.45371753,0.45362607,0.45497164,0.44890594,0.451266005,0.4786238326885539,0.48008563484151895,0.1100000000000001
1336360975,2026-08,1,La Liga,2026,0.5224292,0.5659189,0.5176166,0.56114626,0.56353258,0.590373934608631,0.5900577351290865,0.1100000000000001
1336359273,2026-08,1,La Liga,2026,0.54445004,0.53438914,0.5510232,0.5333577,0.53387342,0.561118222541598,0.5612649033622672,0.1100000000000001
1336358422,2026-08,0,La Liga,2026,0.50417477,0.5116067,0.49776545,0.5041754,0.50789105,0.5353327158870961,0.5358922807375288,0.1100000000000001
1336357571,2026-08,1,La Liga,2026,0.49318725,0.49716347,0.4935631,0.4996944,0.49842893499999996,0.5259057117870698,0.5266164659627498,0.1100000000000001
1336355018,2026-08,0,La Liga,2026,0.49150977,0.4959042,0.49232236,0.482831,0.4893676,0.5168596028704896,0.517715250392191,0.1100000000000001
1336369485,2026-08,1,La Liga,2026,0.4385232,0.4134664,0.43287235,0.43485814,0.42416227,0.4512281217629866,0.4531124218811018,0.1100000000000001
1336364379,2026-08,0,La Liga,2026,0.6290801,0.64246976,0.6322568,0.6457128,0.64409128,0.6688893767809202,0.6674103553693211,0.1100000000000001
1336362677,2026-08,1,La Liga,2026,0.48988223,0.49401522,0.49241918,0.48820573,0.491110475,0.5186009499233177,0.5194287290322362,0.1100000000000001
1336370336,2026-08,0,La Liga,2026,0.5098375,0.5306786,0.5063218,0.5299163,0.53029745,0.5575780560910558,0.5577812607295928,0.1100000000000001
1336366081,2026-08,1,La Liga,2026,0.5034356,0.5108561,0.5011243,0.5071573,0.5090067,0.5364429353424063,0.5369846910363882,0.1100000000000001
1336363528,2026-08,1,La Liga,2026,0.5585779,0.5213171,0.55444044,0.51016617,0.5157416349999999,0.5431393154059286,0.5435736753736965,0.1100000000000001
1336366932,2026-08,0,La Liga,2026,0.46639198,0.44785362,0.46380195,0.45109454,0.44947408,0.47681767016553545,0.47830770751089535,0.1100000000000001
1336365230,2026-08,0,La Liga,2026,0.509143,0.49783283,0.5089019,0.50719756,0.502515195,0.5299792133055834,0.5306246496136079,0.1100000000000001
1336368634,2026-08,0,La Liga,2026,0.531788,0.5215273,0.53310573,0.52562416,0.52357573,0.5509161249966582,0.5512258816275246,0.1100000000000001
1336367783,2026-08,1,La Liga,2026,0.47399515,0.46692982,0.475732,0.4792406,0.47308521000000003,0.50055916816564,0.501674844049833,0.1100000000000001
1336361826,2026-08,0,La Liga,2026,0.5686048,0.56910837,0.57188547,0.576193,0.5726506849999999,0.5993299857298884,0.5988742139725964,0.1100000000000001
1336360124,2026-08,1,La Liga,2026,0.586772,0.61624676,0.5867209,0.6222401,0.61924343,0.6448181006311661,0.6436781654653959,0.1100000000000001
1336356720,2026-08,1,La Liga,2026,0.52019227,0.5310189,0.5245153,0.52734166,0.5291802800000001,0.5564715029287864,0.5566923904586368,0.1100000000000001
1336355869,2026-08,0,La Liga,2026,0.5846029,0.6148329,0.589396,0.6068331,0.610833,0.6366411042883952,0.6356204513053944,0.1100000000000001
1336376293,2026-08,1,La Liga,2026,0.59237003,0.60672325,0.5910952,0.5903342,0.598528725,0.6246513981817634,0.6238088710579623,0.1100000000000001
1336371187,2026-08,0,La Liga,2026,0.5772847,0.5748484,0.57404745,0.56523645,0.570042425,0.5967699003950613,0.5963538977562207,0.1100000000000001
1336374591,2026-08,1,La Liga,2026,0.5422513,0.5388758,0.5405874,0.54577005,0.542322925,0.5694721260807141,0.5694857734574306,0.1100000000000001
1336377995,2026-08,1,La Liga,2026,0.5421462,0.5226452,0.54577243,0.5280595,0.52535235,0.5526778963644743,0.5529594545658044,0.1100000000000001
1336378846,2026-08,1,La Liga,2026,0.5387993,0.51900005,0.5364981,0.5211832,0.5200916250000001,0.5474591465280645,0.5478242694745309,0.1100000000000001
1336377144,2026-08,0,La Liga,2026,0.504851,0.51203036,0.49931535,0.50486696,0.50844866,0.5358876456573639,0.5364383087820188,0.1100000000000001
1336373740,2026-08,1,La Liga,2026,0.48786145,0.49438924,0.48727956,0.49837065,0.49637994500000004,0.523861741664995,0.5246052573800088,0.1100000000000001
1336372889,2026-08,0,La Liga,2026,0.57257503,0.5309366,0.575218,0.53529996,0.53311828,0.5603708740947652,0.5605294808902096,0.1100000000000001
1336375442,2026-08,0,La Liga,2026,0.4301197,0.44087678,0.4312941,0.4335169,0.43719684000000003,0.4644236178530048,0.46610605594062926,0.1100000000000001
1336372038,2026-08,1,La Liga,2026,0.50833005,0.50443953,0.50335443,0.5011422,0.5027908649999999,0.5302538909006965,0.5308949218636344,0.1100000000000001
1321376567,2026-08,0,Ligue 1,2026,0.69016534,0.6950555,0.69361705,0.7018522,0.69845385,0.6802554587597095,0.558467077256185,-0.08499999999999996
1321375716,2026-08,1,Ligue 1,2026,0.5422483,0.5354713,0.5452453,0.530905,0.53318815,0.5119847235108311,0.5394136410396302,-0.08499999999999996
1321379971,2026-08,0,Ligue 1,2026,0.590946,0.5943688,0.5960506,0.5922624,0.5933155999999999,0.5726543197370915,0.5460252827406147,-0.08499999999999996
1321379120,2026-08,0,Ligue 1,2026,0.6103239,0.60933924,0.6091114,0.6066663,0.6080027699999999,0.5875689751763208,0.5476771117463406,-0.08499999999999996
1321377418,2026-08,0,Ligue 1,2026,0.6020096,0.59841806,0.6034611,0.6003184,0.5993682300000001,0.5787961505055151,0.5467036768671886,-0.08499999999999996
1321374865,2026-08,1,Ligue 1,2026,0.6164594,0.63221824,0.61971676,0.62897617,0.6305972049999999,0.610586849797777,0.5502606756588216,-0.08499999999999996
1321373163,2026-08,0,Ligue 1,2026,0.49976,0.5091201,0.50735986,0.50564843,0.507384265,0.4861383548331249,0.536615754669741,-0.08499999999999996
1321374014,2026-08,0,Ligue 1,2026,0.6388961,0.62953174,0.63666326,0.626214,0.62787287,0.6078067222114145,0.5499460757569502,-0.08499999999999996
1321378269,2026-08,1,Ligue 1,2026,0.64469784,0.63640755,0.6450837,0.62949574,0.632951645,0.6129905556125308,0.5505333028394073,-0.08499999999999996
1321387630,2026-08,1,Ligue 1,2026,0.54427624,0.58927983,0.5466938,0.5898816,0.589580715,0.5688675670408496,0.5456081782633254,-0.08499999999999996
1321386779,2026-08,1,Ligue 1,2026,0.6458512,0.64755094,0.6441683,0.64192486,0.6447379,0.6250380680404831,0.5519090061084482,-0.08499999999999996
1321380822,2026-08,1,Ligue 1,2026,0.53290457,0.518775,0.5334947,0.517495,0.518135,0.4968929985501811,0.5377803590125008,-0.08499999999999996
1321383375,2026-08,1,Ligue 1,2026,0.53116786,0.5090332,0.5308313,0.4989956,0.5040144,0.4827713097281143,0.5362508245925574,-0.08499999999999996
1321381673,2026-08,1,Ligue 1,2026,0.588375,0.61429334,0.58939666,0.61302185,0.6136575950000001,0.5933214059642773,0.5483185219277282,-0.08499999999999996
1321382524,2026-08,1,Ligue 1,2026,0.56095374,0.58188754,0.5573516,0.5803778,0.58113267,0.5603111270298408,0.54466864977965,-0.08499999999999996
1321385077,2026-08,0,Ligue 1,2026,0.51763445,0.5141455,0.51610833,0.5211421,0.5176438000000001,0.49640119106442077,0.5377271257992525,-0.08499999999999996
1321385928,2026-08,1,Ligue 1,2026,0.55691206,0.5657257,0.5611336,0.5663471,0.5660364,0.5450519135138733,0.5430017257750692,-0.08499999999999996
1321384226,2026-08,0,Ligue 1,2026,0.66326964,0.6544999,0.6630918,0.65276235,0.653631125,0.6341446029297827,0.5529600436328639,-0.08499999999999996
1325320101,2026-08,0,Premier League,2026,0.47760803,0.4951449,0.4784893,0.49086586,0.49300538,0.47053908880878537,0.5511780745740986,-0.08999999999999997
1325320952,2026-08,0,Premier League,2026,0.48635116,0.48591456,0.491584,0.48414016,0.48502736,0.4625929086727708,0.5499473741785638,-0.08999999999999997
1325321803,2026-08,0,Premier League,2026,0.56726074,0.56643057,0.56981456,0.56994444,0.568187505,0.5459846922044612,0.5628027914075654,-0.08999999999999997
1325323505,2026-08,0,Premier League,2026,0.565413,0.53591716,0.5674871,0.5384999,0.53720853,0.5147731436680868,0.5579923978123684,-0.08999999999999997
1325322654,2026-08,1,Premier League,2026,0.5208548,0.5032198,0.52936405,0.52258265,0.512901225,0.490405267179356,0.5542434416904621,-0.08999999999999997
1325324356,2026-08,0,Premier League,2026,0.6645332,0.69904816,0.6605904,0.69857806,0.69881311,0.6795386356203134,0.5844092017223548,-0.08999999999999997
1325325207,2026-08,0,Premier League,2026,0.62326443,0.6324447,0.6246735,0.6377875,0.6351161,0.6140168360002222,0.573495301126658,-0.08999999999999997
1325326058,2026-08,1,Premier League,2026,0.63227016,0.62340224,0.63111407,0.63660747,0.6300048549999999,0.6087920866363521,0.5726571749674013,-0.08999999999999997
1325326909,2026-08,1,Premier League,2026,0.6651145,0.67083216,0.65792316,0.6677159,0.66927403,0.6490585300485322,0.5792262785837549,-0.08999999999999997
1325327760,2026-08,1,Premier League,2026,0.62601197,0.6049784,0.6283625,0.6261874,0.6155828999999999,0.5940760374837224,0.5703150300937826,-0.08999999999999997
1325332015,2026-08,1,Premier League,2026,0.55287045,0.5319195,0.5470911,0.53914523,0.535532365,0.5130893706430453,0.5577334165374037,-0.08999999999999997
1325333717,2026-08,1,Premier League,2026,0.58442694,0.56066763,0.5851232,0.55977213,0.56021988,0.5379405462834349,0.5615603025629119,-0.08999999999999997
1325329462,2026-08,1,Premier League,2026,0.57308185,0.5653521,0.57273316,0.5733304,0.56934125,0.5471504793342173,0.5629830846085063,-0.08999999999999997
1325331164,2026-08,0,Premier League,2026,0.5574591,0.5849148,0.55568844,0.58425444,0.58458462,0.5625758397478696,0.5653754046567647,-0.08999999999999997
1325336270,2026-08,0,Premier League,2026,0.67498875,0.6876201,0.6774155,0.68444246,0.6860312799999999,0.6663293993704231,0.5821365151582061,-0.08999999999999997
1325332866,2026-08,1,Premier League,2026,0.59144384,0.6041218,0.58761156,0.60454255,0.604332175,0.5826226449777963,0.5685087589752257,-0.08999999999999997
1325330313,2026-08,1,Premier League,2026,0.6600294,0.6482088,0.65903896,0.64582884,0.64701882,0.626202745033101,0.5754652572009576,-0.08999999999999997
1325335419,2026-08,0,Premier League,2026,0.5567732,0.53698146,0.5555433,0.5356659,0.53632368,0.5138842139120947,0.5578556693168405,-0.08999999999999997
1325334568,2026-08,1,Premier League,2026,0.5389215,0.5416665,0.5445657,0.550276,0.54597125,0.5235839358684495,0.5593480456305104,-0.08999999999999997
1325328611,2026-08,0,Premier League,2026,0.48115197,0.4681025,0.47895795,0.46729404,0.46769826999999997,0.4453721497632787,0.5472671623189693,-0.08999999999999997
1335969515,2026-08,0,Segunda,2026,0.6307632,0.6428806,0.63056535,0.65811414,0.6504973700000001,0.6684595733605353,0.6670482307850962,0.08000000000000007
1335961856,2026-08,1,Segunda,2026,0.5811169,0.59622824,0.58329356,0.5945209,0.5953745699999999,0.6144908147785116,0.6136506661924152,0.08000000000000007
1335963558,2026-08,0,Segunda,2026,0.5242361,0.51539904,0.53201425,0.52005655,0.517727795,0.5376637480093984,0.5377217870156907,0.08000000000000007
1335968664,2026-08,0,Segunda,2026,0.5497111,0.56361336,0.55104864,0.5597657,0.56168953,0.5812779639975266,0.5808181815150635,0.08000000000000007
1335967813,2026-08,0,Segunda,2026,0.5672996,0.59911984,0.5690648,0.5950034,0.59706162,0.616149547795861,0.6152908714566179,0.08000000000000007
1335964409,2026-08,1,Segunda,2026,0.52355945,0.5698122,0.5221181,0.57254255,0.571177375,0.5906508073563228,0.5900820677952837,0.08000000000000007
1335962707,2026-08,1,Segunda,2026,0.49477243,0.4968543,0.49740142,0.49279433,0.494824315,0.514819788089426,0.515152439704008,0.08000000000000007
1335966111,2026-08,1,Segunda,2026,0.5095367,0.52184296,0.50808394,0.52050364,0.5211733000000001,0.5410930711811546,0.5411099712369246,0.08000000000000007
1335966962,2026-08,1,Segunda,2026,0.42176494,0.3936906,0.41527638,0.38293839,0.38831449500000004,0.4074776029143955,0.4090550320950778,0.08000000000000007
1335965260,2026-08,0,Segunda,2026,0.5918077,0.6031755,0.59244764,0.5933153,0.5982453999999999,0.6173131930686789,0.6164415497251391,0.08000000000000007
1335961005,2026-08,0,Segunda,2026,0.5169241,0.53812695,0.5219451,0.5456133,0.541870125,0.5616530615144042,0.5614245228227266,0.08000000000000007
1335973770,2026-08,1,Segunda,2026,0.6032735,0.6067177,0.6078666,0.60558325,0.606150475,0.6250782123511023,0.6241207141956349,0.08000000000000007
1335978025,2026-08,0,Segunda,2026,0.50358355,0.54256314,0.50487643,0.5328129,0.53768802,0.5575040753848151,0.5573248565703994,0.08000000000000007
1335970366,2026-08,1,Segunda,2026,0.5865027,0.6044458,0.5941248,0.59876025,0.601603025,0.6206125199337152,0.619704251609679,0.08000000000000007
1335972919,2026-08,0,Segunda,2026,0.5309086,0.501349,0.5311978,0.5046839,0.5030164500000001,0.5230002427872743,0.5232345096686762,0.08000000000000007
1335975472,2026-08,1,Segunda,2026,0.56368345,0.597473,0.5608954,0.5848311,0.59115205,0.6103372218823161,0.6095436880042125,0.08000000000000007
1335974621,2026-08,0,Segunda,2026,0.68194824,0.71529806,0.6754723,0.7117002,0.71349913,0.729569528466733,0.7276214529834101,0.08000000000000007
1335971217,2026-08,0,Segunda,2026,0.6440037,0.6552428,0.64631796,0.6401754,0.6477090999999999,0.6657409680909538,0.6643565798086608,0.08000000000000007
1335976323,2026-08,0,Segunda,2026,0.4533289,0.45257497,0.4505016,0.43683362,0.44470429499999997,0.4645368419436093,0.46546859214461467,0.08000000000000007
1335978876,2026-08,0,Segunda,2026,0.6486017,0.6678317,0.6440254,0.65989107,0.663861385,0.6814730786972087,0.6799359183138474,0.08000000000000007
1335972068,2026-08,1,Segunda,2026,0.60229224,0.6272589,0.60123366,0.61818254,0.62272072,0.6413233355439043,0.640190366243929,0.08000000000000007
1335977174,2026-08,0,Segunda,2026,0.43836904,0.40822363,0.43966818,0.39350498,0.40086430500000003,0.42022126878982813,0.4216593576691404,0.08000000000000007
1335988237,2026-08,0,Segunda,2026,0.4672083,0.45413217,0.4603939,0.45373797,0.45393507,0.47382801270104347,0.4746503828395443,0.08000000000000007
1335987386,2026-08,0,Segunda,2026,0.5405037,0.5520345,0.5463587,0.5575906,0.5548125500000001,0.5744754889009526,0.5740954312236145,0.08000000000000007
1335985684,2026-08,0,Segunda,2026,0.5551468,0.5879587,0.56154066,0.594311,0.59113485,0.6103202969556951,0.6095269536500033,0.08000000000000007
1335979727,2026-08,0,Segunda,2026,0.5169594,0.550692,0.5149212,0.5432066,0.5469493,0.5666882961523403,0.5664000829455735,0.08000000000000007
1335984833,2026-08,1,Segunda,2026,0.5677515,0.56033486,0.56777734,0.57755727,0.568946065,0.5884478148725337,0.5879045842628621,0.08000000000000007
1335980578,2026-08,0,Segunda,2026,0.48022896,0.4611128,0.48203984,0.46593124,0.46352202,0.48346312734019475,0.4841712562820457,0.08000000000000007
1335982280,2026-08,1,Segunda,2026,0.5112351,0.5595356,0.502923,0.55999696,0.5597662800000001,0.5793763003425753,0.5789387539309553,0.08000000000000007
1335986535,2026-08,0,Segunda,2026,0.567687,0.5807113,0.56734455,0.5810517,0.5808815,0.6002226928586775,0.5995439057821168,0.08000000000000007
1335983982,2026-08,1,Segunda,2026,0.5599757,0.57738984,0.5611422,0.5743538,0.57587182,0.5952831240854353,0.5946609618334283,0.08000000000000007
1335981429,2026-08,1,Segunda,2026,0.49907818,0.50216806,0.5002113,0.50244224,0.50230515,0.5222903817326309,0.5225331865313767,0.08000000000000007
1335983131,2026-08,1,Segunda,2026,0.5851409,0.61725223,0.58540195,0.61594284,0.6165975349999999,0.6353252606001799,0.6342563860308452,0.08000000000000007
1319129076,2026-08,1,Serie A,2026,0.5044209,0.5362781,0.51056695,0.5273445,0.5318113,0.5180964190023851,0.4984354874657582,-0.05499999999999994
1319131629,2026-08,1,Serie A,2026,0.4618172,0.47523656,0.46549577,0.46842098,0.47182877,0.458147066429549,0.47285308482188493,-0.05499999999999994
1319129927,2026-08,0,Serie A,2026,0.47934324,0.48252058,0.47296256,0.4872814,0.48490099,0.47117838384878635,0.4784248642374959,-0.05499999999999994
1319128225,2026-08,0,Serie A,2026,0.46000713,0.4730857,0.4572831,0.4712608,0.47217325,0.4584902285994795,0.4730000096724779,-0.05499999999999994
1319132480,2026-08,0,Serie A,2026,0.46553874,0.45963955,0.46238175,0.47453022,0.467084885,0.45342264928533044,0.47082902539216637,-0.05499999999999994
1319127374,2026-08,0,Serie A,2026,0.47023806,0.45618114,0.474828,0.4636075,0.45989431999999997,0.44626628173018257,0.4677579354804241,-0.05499999999999994
1319125672,2026-08,1,Serie A,2026,0.52167565,0.48369798,0.5227111,0.487228,0.48546299000000004,0.47173904504155006,0.47866428397601796,-0.05499999999999994
1319130778,2026-08,1,Serie A,2026,0.5301539,0.5406438,0.5330365,0.54256874,0.54160627,0.5279236178618042,0.5026350493099397,-0.05499999999999994
1319126523,2026-08,0,Serie A,2026,0.50996614,0.49906692,0.5112745,0.50799,0.5035284600000001,0.48977994223889026,0.48636004143680045,-0.05499999999999994
1319124821,2026-08,0,Serie A,2026,0.4813525,0.44922203,0.4866683,0.45492744,0.452074735,0.4384902920370096,0.4644128316868324,-0.05499999999999994
1319133331,2026-08,0,Serie A,2026,0.5474346,0.5683021,0.55263984,0.56045324,0.56437767,0.5508109999171849,0.5124548916538844,-0.05499999999999994
1319140990,2026-08,1,Serie A,2026,0.56844264,0.5759999,0.5697381,0.5726288,0.5743143500000001,0.5608163263722586,0.5167716809407306,-0.05499999999999994
1319135884,2026-08,0,Serie A,2026,0.52784795,0.5176182,0.526008,0.52386355,0.520740875,0.5070023259748665,0.493701842660754,-0.05499999999999994
1319139288,2026-08,1,Serie A,2026,0.4263556,0.4007933,0.42475528,0.41165382,0.40622356000000004,0.39302861283145935,0.44461261677222064,-0.05499999999999994
1319136735,2026-08,0,Serie A,2026,0.43251175,0.40436667,0.43469983,0.42178622,0.41307644499999996,0.39980878310918155,0.4475984433333174,-0.05499999999999994
1319140139,2026-08,1,Serie A,2026,0.4993523,0.5136638,0.50423276,0.51905894,0.51636137,0.502617189648583,0.491832120440686,-0.05499999999999994
1319137586,2026-08,0,Serie A,2026,0.5051573,0.5289423,0.50367916,0.525833,0.52738765,0.5136616887969347,0.49654253700312434,-0.05499999999999994
1319135033,2026-08,0,Serie A,2026,0.46214756,0.46529227,0.46835002,0.47223312,0.468762695,0.4550932927029621,0.47154505666967944,-0.05499999999999994
1319138437,2026-08,0,Serie A,2026,0.43133268,0.41282898,0.43271643,0.39942282,0.40612590000000004,0.39293202582242165,0.44456998226978317,-0.05499999999999994
1319134182,2026-08,0,Serie A,2026,0.55194503,0.55907124,0.5499219,0.5491098,0.5540905199999999,0.5404643352924544,0.5080074778978318,-0.05499999999999994
1340452583,2026-09,1,Bundesliga,2026,0.62733823,0.6368569,0.62589747,0.6399184,0.63838765,0.6349177793762967,0.594104947869314,-0.015000000000000013
1340454285,2026-09,0,Bundesliga,2026,0.65069723,0.6558807,0.652475,0.6452751,0.6505779,0.6471603505269967,0.5934393333744158,-0.015000000000000013
1340453434,2026-09,1,Bundesliga,2026,0.6557971,0.66610664,0.65633947,0.670822,0.66846432,0.6651316643903381,0.5924420722113262,-0.015000000000000013
1340459391,2026-09,0,Bundesliga,2026,0.61768603,0.6278955,0.6188155,0.63457155,0.6312335250000001,0.6277350373847269,0.5944908496226963,-0.015000000000000013
1340455987,2026-09,1,Bundesliga,2026,0.63838524,0.6424798,0.6349005,0.6351081,0.6387939499999999,0.6353257509611774,0.5940829304558315,-0.015000000000000013
1340457689,2026-09,1,Bundesliga,2026,0.6326882,0.6304451,0.63378274,0.6307071,0.6305761,0.6270750601306382,0.5945261471715301,-0.015000000000000013
1340458540,2026-09,0,Bundesliga,2026,0.5496706,0.5844537,0.5470838,0.58902496,0.58673933,0.5830975156262147,0.5968268372873659,-0.015000000000000013
1340456838,2026-09,0,Bundesliga,2026,0.6105815,0.5893072,0.613554,0.5968157,0.59306145,0.5894363641360435,0.5965006560235104,-0.015000000000000013
1340455136,2026-09,1,Bundesliga,2026,0.6324041,0.6417039,0.63075197,0.6374301,0.639567,0.6361019951760077,0.5940410080386894,-0.015000000000000013
1340465348,2026-09,1,Bundesliga,2026,0.6433989,0.63460064,0.6458818,0.6276174,0.63110902,0.6276100480305701,0.5944975364509879,-0.015000000000000013
1340460242,2026-09,0,Bundesliga,2026,0.54522955,0.5229906,0.5432826,0.5197939,0.52139225,0.517647983155755,0.6001280005350528,-0.015000000000000013
1340461944,2026-09,1,Bundesliga,2026,0.661514,0.65868294,0.6606648,0.6493559,0.65401942,0.6506174539801822,0.5932494467573405,-0.015000000000000013
1340464497,2026-09,1,Bundesliga,2026,0.6864189,0.68186104,0.68112105,0.6723573,0.67710917,0.6738210110777568,0.5919502075652636,-0.015000000000000013
1340463646,2026-09,1,Bundesliga,2026,0.69085824,0.7027834,0.6920795,0.70470536,0.70374438,0.7006075286640066,0.5903874461695446,-0.015000000000000013
1340462795,2026-09,0,Bundesliga,2026,0.64107,0.6354115,0.6406466,0.6309906,0.63320105,0.6297102786313602,0.5943850490922292,-0.015000000000000013
1340466199,2026-09,1,Bundesliga,2026,0.65651226,0.65386784,0.65715486,0.6458832,0.6498755199999999,0.6464548340537758,0.5934779768901631,-0.015000000000000013
1340461093,2026-09,0,Bundesliga,2026,0.5851851,0.6034799,0.5853893,0.5990406,0.6012602499999999,0.5976586516218847,0.5960751287761766,-0.015000000000000013
1340467050,2026-09,1,Bundesliga,2026,0.6332005,0.6438933,0.63779724,0.62920517,0.6365492349999999,0.6330718631171082,0.5942044335222317,-0.015000000000000013
1340467901,2026-09,0,Bundesliga,2026,0.5810405,0.61383647,0.58745944,0.6174982,0.6156673349999999,0.6121119169636922,0.5953196887429424,-0.015000000000000013
1340471305,2026-09,1,Bundesliga,2026,0.6562308,0.66885936,0.6534813,0.6686246,0.6687419800000001,0.6654107184430696,0.592426379606593,-0.015000000000000013
1340470454,2026-09,1,Bundesliga,2026,0.6436261,0.6575376,0.63684064,0.65325904,0.65539832,0.6520026981265363,0.5931731091567972,-0.015000000000000013
1340473858,2026-09,1,Bundesliga,2026,0.64637554,0.66035604,0.6430619,0.6515904,0.65597322,0.6525802601349843,0.5931412379323493,-0.015000000000000013
1340472156,2026-09,1,Bundesliga,2026,0.6358827,0.64396006,0.6304191,0.6369989,0.64047948,0.637018268724582,0.5939914720373622,-0.015000000000000013
1340468752,2026-09,0,Bundesliga,2026,0.6548959,0.6673997,0.65155745,0.6503105,0.6588551,0.6554756348275057,0.5929810762509085,-0.015000000000000013
1340469603,2026-09,0,Bundesliga,2026,0.6653646,0.6772417,0.664006,0.6757841,0.6765129,0.6732215994144839,0.5919843561283592,-0.015000000000000013
1340473007,2026-09,0,Bundesliga,2026,0.6655696,0.6791171,0.665133,0.67325246,0.67618478,0.6728917551817415,0.5920031332663387,-0.015000000000000013
1340474709,2026-09,1,Bundesliga,2026,0.65497667,0.63243717,0.6531304,0.6404375,0.636437335,0.6329595098267324,0.594210481728995,-0.015000000000000013
1336404376,2026-09,0,La Liga,2026,0.5406598,0.5379365,0.5413009,0.540962,0.5394492500000001,0.5666326984511674,0.5657063483031753,0.1100000000000001
1336381399,2026-09,0,La Liga,2026,0.64425665,0.6573553,0.6446878,0.6466678,0.65201155,0.6765349387710902,0.671828571394866,0.1100000000000001
1336380548,2026-09,0,La Liga,2026,0.56203854,0.5585315,0.565482,0.56144637,0.559988935,0.5868884587107563,0.5852168896016954,0.1100000000000001
1336385654,2026-09,1,La Liga,2026,0.59422743,0.5892806,0.5939963,0.58701736,0.58814898,0.614512049359348,0.6118508349372089,0.1100000000000001
1336387356,2026-09,1,La Liga,2026,0.5522276,0.5376207,0.55320835,0.53667414,0.5371474199999999,0.5643570125251083,0.5635151599096456,0.1100000000000001
1336386505,2026-09,0,La Liga,2026,0.55567384,0.5908526,0.56270957,0.59210557,0.591479085,0.6177675236514691,0.6149922319221028,0.1100000000000001
1336379697,2026-09,1,La Liga,2026,0.4845914,0.49247408,0.4830904,0.49019462,0.49133435000000003,0.5188245802675717,0.5196917671984523,0.1100000000000001
1336384803,2026-09,0,La Liga,2026,0.5417615,0.5256964,0.54386175,0.52486926,0.52528283,0.5526089702951941,0.5522052600183467,0.1100000000000001
1336383101,2026-09,1,La Liga,2026,0.46827155,0.46277112,0.4694511,0.46509075,0.463930935,0.4913690296189605,0.49326923526308963,0.1100000000000001
1336383952,2026-09,1,La Liga,2026,0.45163488,0.4905859,0.45938653,0.4844213,0.48750360000000004,0.5149964978295853,0.5160080293353722,0.1100000000000001
1336382250,2026-09,1,La Liga,2026,0.59995234,0.58731806,0.5977249,0.60066736,0.59399271,0.6202232541593644,0.6173623150886949,0.1100000000000001
1336395015,2026-09,0,La Liga,2026,0.46854573,0.44540653,0.46646118,0.45567513,0.45054083,0.477892982050245,0.4802963816374996,0.1100000000000001
1336392462,2026-09,1,La Liga,2026,0.58400387,0.5673934,0.5814141,0.5605079,0.56395065,0.5907849641998382,0.5889717093543427,0.1100000000000001
1336391611,2026-09,0,La Liga,2026,0.5362202,0.59782374,0.5307282,0.59836155,0.598092645,0.6242258783539212,0.6212261162537278,0.1100000000000001
1336388207,2026-09,1,La Liga,2026,0.5472226,0.52855366,0.5467726,0.52760977,0.528081715,0.5553831138295572,0.5548756776595009,0.1100000000000001
1336393313,2026-09,1,La Liga,2026,0.51519066,0.56012625,0.51476604,0.55618757,0.55815691,0.5850854487843933,0.5834796424295614,0.1100000000000001
1336389058,2026-09,1,La Liga,2026,0.5024,0.49592543,0.5044688,0.48455602,0.490240725,0.5177320458837794,0.5186404316032439,0.1100000000000001
1336390760,2026-09,1,La Liga,2026,0.52581626,0.56678677,0.52762145,0.5658213,0.5663040349999999,0.5930980180137775,0.5912009482623906,0.1100000000000001
1336389909,2026-09,1,La Liga,2026,0.4627568,0.47949424,0.46535438,0.47752032,0.47850728,0.5059937404698023,0.5073444976970727,0.1100000000000001
1336394164,2026-09,0,La Liga,2026,0.6643459,0.669515,0.66387475,0.6779997,0.67375735,0.6974593537533978,0.6921403393382687,0.1100000000000001
1336395866,2026-09,1,La Liga,2026,0.65759325,0.6673786,0.65557003,0.66154796,0.6644632800000001,0.688528360097514,0.6834650800156808,0.1100000000000001
1336403525,2026-09,1,La Liga,2026,0.5595601,0.5434363,0.5575783,0.54311603,0.543276165,0.5704136115071591,0.5693471821829527,0.1100000000000001
1336396717,2026-09,0,La Liga,2026,0.5019191,0.49687737,0.49833116,0.49499616,0.495936765,0.5234195262969086,0.5241134365667623,0.1100000000000001
1336400972,2026-09,1,La Liga,2026,0.4325463,0.39586088,0.43206453,0.38492483,0.390392855,0.41686381362750374,0.42147005994567777,0.1100000000000001
1336397568,2026-09,0,La Liga,2026,0.48858103,0.49257737,0.4854785,0.48523468,0.488906025,0.5163983206722895,0.5173569976694045,0.1100000000000001
1336400121,2026-09,0,La Liga,2026,0.47852844,0.4575955,0.48088843,0.45949998,0.45854774,0.48595607205619945,0.48805883699781705,0.1100000000000001
1336398419,2026-09,1,La Liga,2026,0.5585195,0.55044574,0.55697834,0.55622685,0.553336295,0.5803377331650071,0.5789056706389111,0.1100000000000001
1336399270,2026-09,0,La Liga,2026,0.43587098,0.40117303,0.4306051,0.39466757,0.3979203,0.4245462045371515,0.4288846611166719,0.1100000000000001
1336402674,2026-09,1,La Liga,2026,0.62659705,0.60725874,0.62251353,0.60730875,0.6072837449999999,0.6331858775127184,0.629879030672396,0.1100000000000001
1336408631,2026-09,1,La Liga,2026,0.57436985,0.5873458,0.5726569,0.5784217,0.58288375,0.6093600001365224,0.6068805246515835,0.1100000000000001
1336410333,2026-09,1,La Liga,2026,0.57539904,0.5895929,0.5733997,0.5840133,0.5868031,0.6131956620839093,0.6105807456135215,0.1100000000000001
1336405227,2026-09,0,La Liga,2026,0.46874133,0.42450994,0.4688541,0.42585045,0.425180195,0.4522599862114168,0.4556071905598971,0.1100000000000001
1336406929,2026-09,0,La Liga,2026,0.6364026,0.64063907,0.63812673,0.65594757,0.6482933200000001,0.6729473033016317,0.6683505259969283,0.1100000000000001
1336411184,2026-09,1,La Liga,2026,0.6196102,0.6208018,0.6177374,0.61010486,0.61545333,0.6411350433128922,0.6375603189072706,0.1100000000000001
1336409482,2026-09,0,La Liga,2026,0.5116412,0.59353364,0.51186836,0.58655,0.5900418199999999,0.6163627584703064,0.613636617971873,0.1100000000000001
1336406078,2026-09,1,La Liga,2026,0.6279174,0.6206344,0.6251753,0.59629285,0.608463625,0.6343347952221313,0.6309889571831461,0.1100000000000001
1336412886,2026-09,1,La Liga,2026,0.63985807,0.6205337,0.639026,0.62398577,0.622259735,0.6477470537480031,0.6439530350038459,0.1100000000000001
1336407780,2026-09,1,La Liga,2026,0.58810073,0.6009739,0.59365493,0.60885984,0.60491687,0.6308802257614994,0.6276518968104516,0.1100000000000001
1336412035,2026-09,1,La Liga,2026,0.5927167,0.60279226,0.5909825,0.6042656,0.60352893,0.629527635596702,0.6263455337034054,0.1100000000000001
1321394438,2026-09,0,Ligue 1,2026,0.50536954,0.48507,0.50684005,0.48568973,0.48537986499999997,0.4629437663649337,0.5371660557175321,-0.08999999999999997
1321391034,2026-09,1,Ligue 1,2026,0.5763489,0.5755938,0.574268,0.5660299,0.57081185,0.5486367815943068,0.5436553825950338,-0.08999999999999997
1321393587,2026-09,1,Ligue 1,2026,0.6470825,0.6831698,0.6442214,0.6741612,0.6786655,0.6587313369756694,0.5523646462417656,-0.08999999999999997
1321390183,2026-09,0,Ligue 1,2026,0.54395884,0.5163947,0.55142933,0.5342495,0.5253221,0.5028437517160267,0.5401866116806078,-0.08999999999999997
1321389332,2026-09,1,Ligue 1,2026,0.5389902,0.52747464,0.54544944,0.5333181,0.5303963700000001,0.5079332333052462,0.5405710859958307,-0.08999999999999997
1321392736,2026-09,1,Ligue 1,2026,0.5496481,0.5407283,0.5447466,0.53530586,0.53801708,0.5155855457665508,0.5411493320285133,-0.08999999999999997
1321395289,2026-09,1,Ligue 1,2026,0.5858825,0.5666253,0.5957871,0.5866722,0.5766487499999999,0.5545399088791398,0.5441055342679647,-0.08999999999999997
1321388481,2026-09,1,Ligue 1,2026,0.61114204,0.6334611,0.61812115,0.64463246,0.6390467799999999,0.6180381126902049,0.5490459370483002,-0.08999999999999997
1321391885,2026-09,1,Ligue 1,2026,0.6072777,0.5996834,0.609998,0.6020376,0.6008605,0.5790931547368863,0.545991226826636,-0.08999999999999997
1321402097,2026-09,0,Ligue 1,2026,0.66136324,0.655228,0.65510476,0.6519426,0.6535853,0.6329367780150287,0.5502430202141428,-0.08999999999999997
1321402948,2026-09,1,Ligue 1,2026,0.6393932,0.6235859,0.63658345,0.6239666,0.62377625,0.602431731004707,0.5478103466518979,-0.08999999999999997
1321397842,2026-09,0,Ligue 1,2026,0.5204844,0.50927556,0.52110153,0.5199826,0.51462908,0.4921339055580317,0.53937745252128,-0.08999999999999997
1321396140,2026-09,0,Ligue 1,2026,0.5365454,0.50920415,0.5339988,0.506274,0.5077390749999999,0.4852439793245468,0.5388565472982367,-0.08999999999999997
1321401246,2026-09,0,Ligue 1,2026,0.64533794,0.6474985,0.6475344,0.63932264,0.64341057,0.6225058558934284,0.5494029867566037,-0.08999999999999997
1321400395,2026-09,1,Ligue 1,2026,0.6006321,0.59515446,0.6035775,0.60511124,0.60013285,0.5783536688180564,0.5459340621952584,-0.08999999999999997
1321399544,2026-09,0,Ligue 1,2026,0.5331163,0.5475273,0.53217953,0.5408017,0.5441645,0.5217661329913178,0.5416166770600385,-0.08999999999999997
1321398693,2026-09,1,Ligue 1,2026,0.5879162,0.6117945,0.5918952,0.60378414,0.60778932,0.5861395749643915,0.546537293492254,-0.08999999999999997
1321396991,2026-09,0,Ligue 1,2026,0.5323781,0.54930794,0.5304905,0.5516855,0.55049672,0.528139695564104,0.5420990667885138,-0.08999999999999997
1321407203,2026-09,1,Ligue 1,2026,0.6534231,0.66079104,0.65197957,0.6594664,0.66012872,0.6396551903862097,0.5507891980769225,-0.08999999999999997
1321408905,2026-09,1,Ligue 1,2026,0.54439807,0.51341516,0.5454369,0.5199469,0.51668103,0.4941874848070482,0.5395326418632985,-0.08999999999999997
1321405501,2026-09,1,Ligue 1,2026,0.57524854,0.54441655,0.57567096,0.5455458,0.544981175,0.5225877305743417,0.5416788314829628,-0.08999999999999997
1321406352,2026-09,0,Ligue 1,2026,0.65418994,0.65020293,0.6497814,0.6524918,0.6513473649999999,0.6306408331497557,0.5500573151767387,-0.08999999999999997
1321403799,2026-09,0,Ligue 1,2026,0.5726682,0.59876215,0.57582796,0.6028565,0.600809325,0.5790411441337028,0.5459872053861319,-0.08999999999999997
1321409756,2026-09,1,Ligue 1,2026,0.5441278,0.5558382,0.5479175,0.552389,0.5541136,0.5317834633939923,0.5423751156703386,-0.08999999999999997
1321404650,2026-09,1,Ligue 1,2026,0.6017453,0.5949586,0.5997032,0.6030293,0.59899395,0.5771964395767883,0.54584465663691,-0.08999999999999997
1321408054,2026-09,1,Ligue 1,2026,0.54294485,0.5711752,0.5445212,0.55742574,0.56430047,0.5420588775520121,0.5431549135799622,-0.08999999999999997
1321410607,2026-09,1,Ligue 1,2026,0.62510014,0.6247184,0.62197715,0.6279135,0.62631595,0.6050242817088077,0.5480144305532495,-0.08999999999999997
1325342227,2026-09,0,Premier League,2026,0.58335066,0.56166553,0.58566326,0.56390023,0.56278288,0.5392848593902307,0.559811659034861,-0.09499999999999997
1325343929,2026-09,1,Premier League,2026,0.6460153,0.64150035,0.64405966,0.6445421,0.643021225,0.6209309267284141,0.5741234691867513,-0.09499999999999997
1325340525,2026-09,1,Premier League,2026,0.5780588,0.57375,0.5826653,0.57323605,0.573493025,0.5501104711447592,0.5616769952798949,-0.09499999999999997
1325338823,2026-09,1,Premier League,2026,0.5633657,0.5725645,0.56325895,0.5739091,0.5732368,0.549851224954503,0.561632256896201,-0.09499999999999997
1325343078,2026-09,0,Premier League,2026,0.5013481,0.5078951,0.49871245,0.50770754,0.50780132,0.48405735925566534,0.5503322480750217,-0.09499999999999997
1325337972,2026-09,1,Premier League,2026,0.5463098,0.53459644,0.54466456,0.5184043,0.5265003699999999,0.5027751972803302,0.5535453842210318,-0.09499999999999997
1325344780,2026-09,0,Premier League,2026,0.56489396,0.5419469,0.5655706,0.5406326,0.54128975,0.5176266850552605,0.5560921584468418,-0.09499999999999997
1325341376,2026-09,0,Premier League,2026,0.5591528,0.5729766,0.5554636,0.56567323,0.5693249149999999,0.5458947907403364,0.5609499320239336,-0.09499999999999997
1325339674,2026-09,1,Premier League,2026,0.5953015,0.5769087,0.59661806,0.5756002,0.57625445,0.5529052627565356,0.562159534961231,-0.09499999999999997
1325337121,2026-09,1,Premier League,2026,0.564728,0.56301725,0.5643016,0.56485087,0.56393406,0.5404473880227759,0.5600117159783838,-0.09499999999999997
1325350737,2026-09,0,Premier League,2026,0.5898293,0.5933626,0.5886846,0.5905917,0.59197715,0.5688461094024445,0.5649215462465531,-0.09499999999999997
1325345631,2026-09,1,Premier League,2026,0.55420476,0.5405342,0.551435,0.5401851,0.54035965,0.5166914455707871,0.5559317560582351,-0.09499999999999997
1325347333,2026-09,1,Premier League,2026,0.49608922,0.49164766,0.48865193,0.48243085,0.487039255,0.4633521903444956,0.546763716842273,-0.09499999999999997
1325346482,2026-09,1,Premier League,2026,0.6613963,0.67286474,0.65790635,0.66722333,0.670044035,0.6487124031757289,0.5792006429778416,-0.09499999999999997
1325349035,2026-09,1,Premier League,2026,0.58605397,0.53589904,0.5910786,0.54612607,0.541012555,0.5173479410068137,0.5560443502716091,-0.09499999999999997
1325353290,2026-09,0,Premier League,2026,0.57143295,0.57087624,0.57342875,0.57001793,0.5704470850000001,0.5470294376187246,0.5611455303270998,-0.09499999999999997
1325352439,2026-09,0,Premier League,2026,0.4024903,0.3476316,0.4002657,0.34867483,0.34815321499999996,0.3269159984261913,0.521934760634481,-0.09499999999999997
1325348184,2026-09,0,Premier League,2026,0.5954647,0.6232617,0.5944849,0.61304975,0.618155725,0.5954946734619481,0.5695882430222097,-0.09499999999999997
1325351588,2026-09,0,Premier League,2026,0.65207964,0.6678966,0.6516914,0.6626538,0.6652752,0.6437991606710468,0.5782916255277648,-0.09499999999999997
1325349886,2026-09,1,Premier League,2026,0.62024057,0.6261467,0.616825,0.627882,0.62701435,0.6045426981846551,0.5711910099224335,-0.09499999999999997
1325354992,2026-09,0,Premier League,2026,0.6676725,0.6981009,0.6653497,0.68451214,0.69130652,0.6706738826508475,0.5833323824685197,-0.09499999999999997
1325361800,2026-09,1,Premier League,2026,0.6174203,0.6370548,0.6186011,0.62435305,0.6307039249999999,0.6083157025861762,0.5718626054378093,-0.09499999999999997
1325360098,2026-09,1,Premier League,2026,0.5175017,0.48585415,0.5175926,0.4853382,0.48559617499999996,0.4619160943374297,0.5465153569871456,-0.09499999999999997
1325355843,2026-09,0,Premier League,2026,0.5305565,0.5494532,0.52891487,0.5364495,0.54295135,0.5192978793529877,0.5563788083620186,-0.09499999999999997
1325356694,2026-09,0,Premier League,2026,0.6196791,0.61287314,0.6151026,0.6070796,0.60997637,0.5871540963291887,0.5681196921988043,-0.09499999999999997
1325360949,2026-09,0,Premier League,2026,0.5428177,0.54278815,0.54106057,0.53076494,0.5367765449999999,0.5130900902968442,0.5553141584041219,-0.09499999999999997
1325354141,2026-09,0,Premier League,2026,0.66078556,0.6732851,0.65405655,0.6709327,0.6721089,0.6508411983877848,0.5795961322062607,-0.09499999999999997
1325358396,2026-09,0,Premier League,2026,0.6144763,0.613129,0.61509323,0.612476,0.6128025,0.5900344514597629,0.5686259407713983,-0.09499999999999997
1325359247,2026-09,1,Premier League,2026,0.49487248,0.5280167,0.49523228,0.5204132,0.52421495,0.5004839082292701,0.553152401574459,-0.09499999999999997
1325357545,2026-09,1,Premier League,2026,0.6209055,0.6078193,0.6168802,0.59136343,0.599591365,0.5765832341680306,0.5662692474627086,-0.09499999999999997
1335994194,2026-09,0,Segunda,2026,0.54697025,0.5662366,0.54507494,0.54774463,0.5569906149999999,0.571740876785627,0.5683353700990278,0.06000000000000005
1335995896,2026-09,1,Segunda,2026,0.50899804,0.49509615,0.51007605,0.4889565,0.492026325,0.507025186604763,0.5087696787942771,0.06000000000000005
1335993343,2026-09,0,Segunda,2026,0.5405209,0.53970575,0.5491322,0.54666716,0.5431864550000001,0.5580316308894644,0.5557043809220209,0.06000000000000005
1335997598,2026-09,0,Segunda,2026,0.5400769,0.5634389,0.5485014,0.5698608,0.5666498499999999,0.581320250195337,0.5771685811742313,0.06000000000000005
1335990790,2026-09,0,Segunda,2026,0.5471822,0.5224014,0.5443428,0.5223273,0.52236435,0.5373098020650667,0.5366294768296813,0.06000000000000005
1335992492,2026-09,0,Segunda,2026,0.5210811,0.5149192,0.52281636,0.503543,0.5092311,0.5242131947758841,0.5245803289420662,0.06000000000000005
1335991641,2026-09,0,Segunda,2026,0.5315143,0.53725946,0.52408785,0.53132087,0.534290165,0.5491845042802583,0.5475583431061769,0.06000000000000005
1335995045,2026-09,0,Segunda,2026,0.42098004,0.3873248,0.41602445,0.3873853,0.38735505000000003,0.4016862782331054,0.4116059224318374,0.06000000000000005
1335989939,2026-09,0,Segunda,2026,0.5121577,0.48239937,0.51257646,0.48198405,0.48219171,0.4971842038508221,0.4997166495582954,0.06000000000000005
1335989088,2026-09,1,Segunda,2026,0.56460595,0.5644043,0.56789654,0.5723668,0.5683855499999999,0.5830404278804306,0.5787554999318506,0.06000000000000005
1335996747,2026-09,1,Segunda,2026,0.4996279,0.5075101,0.5038139,0.5226136,0.5150618499999999,0.5300302211169167,0.5299317109125219,0.06000000000000005
1335999300,2026-09,1,Segunda,2026,0.5678995,0.58149076,0.5665614,0.57598585,0.578738305,0.5932931939178625,0.588219147886759,0.06000000000000005
1335998449,2026-09,1,Segunda,2026,0.5560242,0.53294116,0.55160016,0.55052656,0.54173386,0.5565877067075669,0.5543746307416828,0.06000000000000005
1336000151,2026-09,0,Segunda,2026,0.48782787,0.4802371,0.49490723,0.4774602,0.47884865,0.49383633177098407,0.49663647570006486,0.06000000000000005
1336003555,2026-09,1,Segunda,2026,0.6432074,0.66188323,0.63955367,0.6693341,0.665608665,0.6788277737725285,0.6676842850272953,0.06000000000000005
1336004406,2026-09,1,Segunda,2026,0.5083221,0.518351,0.5074409,0.5242209,0.52128595,0.5362351874744915,0.5356406714856987,0.06000000000000005
1336001853,2026-09,0,Segunda,2026,0.6269248,0.6407443,0.63151884,0.64071965,0.640731975,0.6544239246275406,0.644894750965746,0.06000000000000005
1336002704,2026-09,0,Segunda,2026,0.5673671,0.5876953,0.5689607,0.588858,0.5882766500000001,0.60272820468748,0.596936576816678,0.06000000000000005
1336006959,2026-09,0,Segunda,2026,0.42537078,0.38200408,0.43067884,0.41472268,0.39836338000000004,0.41282744561357065,0.42192667662632827,0.06000000000000005
1336005257,2026-09,0,Segunda,2026,0.41676322,0.38489676,0.41638526,0.3756619,0.38027933,0.39451735164973545,0.40495640507419295,0.06000000000000005
1336006108,2026-09,0,Segunda,2026,0.445789,0.45187658,0.44930023,0.45235354,0.45211506,0.4670158233199183,0.4719478217363343,0.06000000000000005
1336001002,2026-09,0,Segunda,2026,0.52759075,0.4746766,0.53124803,0.47337952,0.47402806,0.4890064353048373,0.4921923238897678,0.06000000000000005
1336007810,2026-09,1,Segunda,2026,0.67250633,0.69215536,0.6707848,0.69261634,0.69238585,0.7050155360317449,0.6922803265887169,0.06000000000000005
1336015469,2026-09,0,Segunda,2026,0.50237495,0.4745596,0.5007782,0.4656965,0.47012805,0.4850968484580156,0.48859450667404425,0.06000000000000005
1336009512,2026-09,1,Segunda,2026,0.5318083,0.52455056,0.532219,0.53781515,0.531182855,0.5460921454000254,0.5447118243522466,0.06000000000000005
1336012916,2026-09,1,Segunda,2026,0.4907031,0.46651658,0.50041324,0.47253257,0.469524575,0.4844917278524472,0.4880375986661401,0.06000000000000005
1336011214,2026-09,0,Segunda,2026,0.51173395,0.5124486,0.5196048,0.5095748,0.5110117000000001,0.5259900351008855,0.5262148831309706,0.06000000000000005
1336010363,2026-09,1,Segunda,2026,0.49856687,0.5255461,0.5031239,0.51856667,0.522056385,0.5370029322496501,0.5363471078449337,0.06000000000000005
1336016320,2026-09,1,Segunda,2026,0.42672166,0.42647356,0.43059412,0.42993838,0.42820597,0.442955819413911,0.44976835726746195,0.06000000000000005
1336012065,2026-09,1,Segunda,2026,0.5982715,0.59445953,0.5935445,0.58467114,0.589565335,0.6040021052250608,0.5981142809489297,0.06000000000000005
1336008661,2026-09,0,Segunda,2026,0.595404,0.622089,0.59321535,0.61597127,0.619030135,0.6330755217972727,0.6250443637749471,0.06000000000000005
1336013767,2026-09,1,Segunda,2026,0.58284485,0.5750934,0.58523905,0.5687453,0.5719193499999999,0.5865415230063171,0.5819861128705165,0.06000000000000005
1336014618,2026-09,1,Segunda,2026,0.4875865,0.50250614,0.48123232,0.5000435,0.50127482,0.5162690775838692,0.5172727277495198,0.06000000000000005
1336020575,2026-09,0,Segunda,2026,0.5876105,0.5760379,0.5890409,0.5741177,0.5750778,0.589669491466403,0.5848733012190568,0.06000000000000005
1336018873,2026-09,1,Segunda,2026,0.5656692,0.54203266,0.56925935,0.5516182,0.54682543,0.5616477825255035,0.5590350674830075,0.06000000000000005
1336021426,2026-09,1,Segunda,2026,0.58665705,0.61838853,0.5856844,0.60776013,0.61307433,0.6272070592557935,0.6195997708021603,0.06000000000000005
1336018022,2026-09,1,Segunda,2026,0.49441916,0.46603385,0.50061524,0.44757223,0.45680304000000005,0.4717252806812075,0.476285084028681,0.06000000000000005
1336024830,2026-09,1,Segunda,2026,0.5056001,0.5462263,0.50142324,0.54789764,0.54706197,0.5618827844776124,0.559251542233526,0.06000000000000005
1336025681,2026-09,1,Segunda,2026,0.5815327,0.59887093,0.5864038,0.60821503,0.6035429800000001,0.6178068169720197,0.6108881604647964,0.06000000000000005
1336023128,2026-09,0,Segunda,2026,0.53356206,0.5215326,0.5347204,0.52259594,0.52206427,0.537010789350261,0.5363543375946754,0.06000000000000005
1336017171,2026-09,0,Segunda,2026,0.5159248,0.5348979,0.5196706,0.5403346,0.53761625,0.5524933110587198,0.5506045309923803,0.06000000000000005
1336019724,2026-09,1,Segunda,2026,0.57399255,0.5737636,0.5724839,0.56414783,0.568955715,0.5836054160787335,0.5792767711325203,0.06000000000000005
1336023979,2026-09,0,Segunda,2026,0.472397,0.46778876,0.4716095,0.47546753,0.47162814500000005,0.4866008439250112,0.48997862125520425,0.06000000000000005
1336022277,2026-09,0,Segunda,2026,0.5694326,0.5508752,0.56841993,0.5607021,0.55578865,0.5705480755243734,0.5672359298977686,0.06000000000000005
1319146096,2026-09,1,Serie A,2026,0.45574722,0.4455336,0.45723978,0.45299202,0.44926281,0.4320113225931764,0.4584119328921967,-0.06999999999999995
1319144394,2026-09,1,Serie A,2026,0.53138644,0.553028,0.53113693,0.55287325,0.552950625,0.5355896280081568,0.5054979726701884,-0.06999999999999995
1319146947,2026-09,1,Serie A,2026,0.5006922,0.5228171,0.4988925,0.5161251,0.5194711000000001,0.5019809412089657,0.4902337004835323,-0.06999999999999995
1319141841,2026-09,1,Serie A,2026,0.55959356,0.56868076,0.56244206,0.5652381,0.56695943,0.5496994264278314,0.5119407225917421,-0.06999999999999995
1319148649,2026-09,1,Serie A,2026,0.5039174,0.5259581,0.5090157,0.5315321,0.5287451,0.5112749199834953,0.49444750129217224,-0.06999999999999995
1319145245,2026-09,1,Serie A,2026,0.61954105,0.6318792,0.6170022,0.6297637,0.63082145,0.6143755592120923,0.5420275752990219,-0.06999999999999995
1319142692,2026-09,1,Serie A,2026,0.52796054,0.5133995,0.5238264,0.5019338,0.50766665,0.4901685182699521,0.48488065725633356,-0.06999999999999995
1319147798,2026-09,1,Serie A,2026,0.5221938,0.5227393,0.5249595,0.5144394,0.5185893500000001,0.5010979204244138,0.48983348808851945,-0.06999999999999995
1319143543,2026-09,0,Serie A,2026,0.47487324,0.48438725,0.4698369,0.47784168,0.481114465,0.463669616043299,0.47285946148938945,-0.06999999999999995
1319149500,2026-09,1,Serie A,2026,0.48599547,0.4864129,0.48592296,0.49248642,0.48944966,0.4719774891783493,0.4766323928328659,-0.06999999999999995
1319158010,2026-09,1,Serie A,2026,0.611386,0.61499834,0.6133479,0.6156968,0.61534757,0.5986509273715571,0.5346022285115559,-0.06999999999999995
1319152053,2026-09,1,Serie A,2026,0.5406412,0.53502405,0.53773075,0.5297568,0.532390425,0.5149314079419264,0.496106374872591,-0.06999999999999995
1319153755,2026-09,1,Serie A,2026,0.46243367,0.4393577,0.4584437,0.4482545,0.4438061,0.42660184151304215,0.45592755040179417,-0.06999999999999995
1319150351,2026-09,1,Serie A,2026,0.48967353,0.45388827,0.49052724,0.44391775,0.44890301,0.4316545099797934,0.4582482325937474,-0.06999999999999995
1319154606,2026-09,1,Serie A,2026,0.4953429,0.51220953,0.492285,0.5072566,0.509733065,0.4922349190301779,0.48581706387253487,-0.06999999999999995
1319155457,2026-09,0,Serie A,2026,0.5555295,0.57799584,0.55144864,0.5784483,0.57822207,0.5610634314325124,0.5171530131699597,-0.06999999999999995
1319156308,2026-09,1,Serie A,2026,0.5404032,0.56181216,0.5427521,0.5674726,0.56464238,0.5473637542688303,0.5108721957052741,-0.06999999999999995
1319151202,2026-09,1,Serie A,2026,0.4350284,0.41572437,0.4350926,0.42433244,0.420028405,0.40307789695425816,0.4450488313072942,-0.06999999999999995
1319157159,2026-09,0,Serie A,2026,0.49807435,0.4915387,0.4954713,0.49599504,0.49376686999999997,0.47628435569899163,0.4785864797277333,-0.06999999999999995
1319152904,2026-09,1,Serie A,2026,0.49163944,0.48166198,0.49818692,0.48408365,0.482872815,0.4654213968032547,0.47365546161292166,-0.06999999999999995
1319163967,2026-09,1,Serie A,2026,0.5685173,0.5402408,0.5730611,0.54823446,0.54423763,0.5268278143523067,0.5015098823043294,-0.06999999999999995
1319160563,2026-09,1,Serie A,2026,0.5511064,0.54421586,0.55416644,0.5465402,0.54537803,0.5279739944005603,0.5020311271747412,-0.06999999999999995
1319165669,2026-09,0,Serie A,2026,0.5159647,0.48554778,0.51434183,0.48054838,0.48304808,0.46559603060517385,0.473734800145987,-0.06999999999999995
1319159712,2026-09,1,Serie A,2026,0.6516701,0.6654151,0.6536865,0.6533838,0.65939945,0.6435071864726747,0.5560454450322645,-0.06999999999999995
1319166520,2026-09,0,Serie A,2026,0.56268,0.53182214,0.56602013,0.5341967,0.53300942,0.5155524841604473,0.49638822110417774,-0.06999999999999995
1319161414,2026-09,1,Serie A,2026,0.54686356,0.53153086,0.54912513,0.52337414,0.5274525000000001,0.5099788105379732,0.4938596510507562,-0.06999999999999995
1319164818,2026-09,1,Serie A,2026,0.45952973,0.4912657,0.45686445,0.49632916,0.49379743,0.4763148517518218,0.47860031257963015,-0.06999999999999995
1319162265,2026-09,0,Serie A,2026,0.5931369,0.56822526,0.5945182,0.5652163,0.56672078,0.549458823245307,0.5118306104638234,-0.06999999999999995
1319163116,2026-09,0,Serie A,2026,0.57375777,0.6003717,0.581598,0.59829926,0.5993354799999999,0.5824154630132152,0.5270197052042342,-0.06999999999999995
1319158861,2026-09,0,Serie A,2026,0.45345718,0.45084706,0.4497973,0.4500975,0.45047228,0.43321088172118594,0.4589621020351013,-0.06999999999999995
