ticker,t,bid,ask,ultimo,vol,vela,bid_2h,ask_2h,ultimo_2h,vol_2h,ok
KXITFWMATCH-26JUL23MARGOW-GOW,1784838320,,,,0.0,,,,,0.0,False
KXITFWMATCH-26JUL23ALEKUR-ALE,1784841629,,,,0.0,,,,,0.0,False
KXITFWMATCH-26JUL23YANTSA-TSA,1784842519,,,,0.0,,,,,0.0,False
KXITFWMATCH-26JUL23MILAIA-AIA,1784846427,,,,0.0,,,,,0.0,False
KXITFWMATCH-26JUL23ARAUCH-ARA,1784849431,,,,0.0,,,,,0.0,False
KXITFWMATCH-26JUL23WANYOS-WAN,1784850645,,,,0.0,,,,,0.0,False
KXITFWMATCH-26JUL24GOIMIR-GOI,1784867748,,,,0.0,,,,,0.0,False
KXITFWMATCH-26JUL24AMACRA-AMA,1784868662,,,,0.0,,,,,0.0,False
KXITFWMATCH-26JUL24MUNCOR-COR,1784874350,,,,0.0,,,,,0.0,False
KXITFWMATCH-26JUL24LEWTAR-LEW,1784874350,,,,0.0,,,,,0.0,False
KXITFWMATCH-26JUL24RODNOV-NOV,1784875844,,,,0.0,,,,,0.0,False
KXITFWMATCH-26JUL24SHKMAI-MAI,1784876451,,,,0.0,,,,,0.0,False
KXITFWMATCH-26JUL24SANORM-ORM,1784877039,,,,0.0,,,,,0.0,False
KXITFWMATCH-26JUL24IVASVE-IVA,1784878535,,,,0.0,,,,,0.0,False
KXITFWMATCH-26JUL24BAJBAR-BAJ,1784879136,,,,0.0,,,,,0.0,False
KXITFWMATCH-26JUL24NILPAR-NIL,1784879729,,,,0.0,,,,,0.0,False
KXITFWMATCH-26JUL24SISSOB-SIS,1784879729,,,,0.0,,,,,0.0,False
KXITFWMATCH-26JUL24KUJBAL-BAL,1784879730,,,,0.0,,,,,0.0,False
KXITFWMATCH-26JUL24MPEILI-ILI,1784880635,,,,0.0,,,,,0.0,False
KXITFWMATCH-26JUL24LAMLEN-LAM,1784883922,,,,0.0,,,,,0.0,False
KXITFWMATCH-26JUL24FITHER-FIT,1784884235,,,,0.0,,,,,0.0,False
KXITFWMATCH-26JUL24GALELA-ELA,1784884235,,,,0.0,,,,,0.0,False
KXITFWMATCH-26JUL24EBEBAC-BAC,1784885121,,,,0.0,,,,,0.0,False
KXITFWMATCH-26JUL24GRAWOL-GRA,1784890836,,,,0.0,,,,,0.0,False
KXITFWMATCH-26JUL24DEKRAD-DEK,1784891725,,,,0.0,,,,,0.0,False
KXITFWMATCH-26JUL24RIVPER-PER,1784892925,,,,0.0,,,,,0.0,False
KXITFWMATCH-26JUL24METBIO-BIO,1784893220,,,,0.0,,,,,0.0,False
KXITFWMATCH-26JUL24RISTUR-RIS,1784893221,,,,0.0,,,,,0.0,False
KXITFWMATCH-26JUL24EGOCAP-CAP,1784893517,,,,0.0,,,,,0.0,False
KXITFWMATCH-26JUL24GLUGIZ-GIZ,1784893824,,,,0.0,,,,,0.0,False
KXITFWMATCH-26JUL24SACARG-ARG,1784894724,,,,0.0,,,,,0.0,False
KXITFWMATCH-26JUL24IVAGHI-GHI,1784896509,,,,0.0,,,,,0.0,False
KXITFWMATCH-26JUL24ZARNAI-NAI,1784896509,,,,0.0,,,,,0.0,False
KXITFWMATCH-26JUL24PASKOS-KOS,1784897410,,,,0.0,,,,,0.0,False
KXITFWMATCH-26JUL24SENGEE-GEE,1784898615,,,,0.0,,,,,0.0,False
KXITFWMATCH-26JUL24TORBUC-BUC,1784898903,,,,0.0,,,,,0.0,False
KXITFWMATCH-26JUL24LIUNAV-LIU,1784898904,,,,0.0,,,,,0.0,False
KXITFWMATCH-26JUL24STOKUX-KUX,1784899210,,,,0.0,,,,,0.0,False
KXITFWMATCH-26JUL24ESQDAE-DAE,1784899210,,,,0.0,,,,,0.0,False
KXITFWMATCH-26JUL24PIGLAB-LAB,1784900098,,,,0.0,,,,,0.0,False
KXITFWMATCH-26JUL24DIACOR-COR,1784900409,,,,0.0,,,,,0.0,False
KXITFWMATCH-26JUL24DOLKAL-DOL,1784902499,,,,0.0,,,,,0.0,False
KXITFWMATCH-26JUL24SANALL-ALL,1784903089,,,,0.0,,,,,0.0,False
KXITFWMATCH-26JUL24CHICHL-CHI,1784903401,,,,0.0,,,,,0.0,False
KXITFWMATCH-26JUL24RIELEM-LEM,1784903690,,,,0.0,,,,,0.0,False
KXITFWMATCH-26JUL24MARLUX-LUX,1784903691,,,,0.0,,,,,0.0,False
KXITFWMATCH-26JUL24BRATRE-BRA,1784904289,,,,0.0,,,,,0.0,False
KXITFWMATCH-26JUL24CABDON-CAB,1784906082,,,,0.0,,,,,0.0,False
KXITFWMATCH-26JUL24STESAW-SAW,1784908186,,,,0.0,,,,,0.0,False
KXITFWMATCH-26JUL24ARSAHN-AHN,1784908477,,,,0.0,,,,,0.0,False
KXITFWMATCH-26JUL24RAPCRO-CRO,1784909398,,,,0.0,,,,,0.0,False
KXITFWMATCH-26JUL24CHAKUR-CHA,1784910883,,,,0.0,,,,,0.0,False
KXITFWMATCH-26JUL24PRIMAL-MAL,1784913287,,,,0.0,,,,,0.0,False
KXITFWMATCH-26JUL24INOFAK-FAK,1784918991,,,,0.0,,,,,0.0,False
KXITFWMATCH-26JUL24MAHGUZ-GUZ,1784920792,,,,0.0,,,,,0.0,False
KXITFWMATCH-26JUL24SCHVOL-SCH,1784926804,,,,0.0,,,,,0.0,False
KXITFWMATCH-26JUL24TSAARA-ARA,1784935492,,,,0.0,,,,,0.0,False
KXITFWMATCH-26JUL24AIAYOS-AIA,1784941213,,,,0.0,,,,,0.0,False
KXITFWMATCH-26JUL25BALAMA-AMA,1784956818,,,,0.0,,,,,0.0,False
KXITFWMATCH-26JUL25GEESAC-GEE,1784958317,,,,0.0,,,,,0.0,False
KXITFWMATCH-26JUL25GHIRAD-GHI,1784960107,,,,0.0,,,,,0.0,False
KXITFWMATCH-26JUL25GALLAM-GAL,1784962820,,,,0.0,,,,,0.0,False
KXITFWMATCH-26JUL25SISKOS-KOS,1784964009,,,,0.0,,,,,0.0,False
KXITFWMATCH-26JUL25MIRSAN-MIR,1784964613,,,,0.0,,,,,0.0,False
KXITFWMATCH-26JUL25CORSVE-COR,1784964900,,,,0.0,,,,,0.0,False
KXITFWMATCH-26JUL25NOVMAI-MAI,1784968497,,,,0.0,,,,,0.0,False
KXITFWMATCH-26JUL25GLUBAC-BAC,1784968499,,,,0.0,,,,,0.0,False
KXITFWMATCH-26JUL25BAJLEW-BAJ,1784970912,,,,0.0,,,,,0.0,False
KXITFWMATCH-26JUL25WOLHER-HER,1784975696,,,,0.0,,,,,0.0,False
KXITFWMATCH-26JUL25ESQNIL-ESQ,1784976003,,,,0.0,,,,,0.0,False
KXITFWMATCH-26JUL25MPEMET-MET,1784976003,,,,0.0,,,,,0.0,False
KXITFWMATCH-26JUL25CHLDIA-CHL,1784981400,,,,0.0,,,,,0.0,False
KXITFWMATCH-26JUL25PEREGO-EGO,1784984093,,,,0.0,,,,,0.0,False
KXITFWMATCH-26JUL25LIUSAN-LIU,1784987096,,,,0.0,,,,,0.0,False
KXITFWMATCH-26JUL25BRARIS-BRA,1784987400,,,,0.0,,,,,0.0,False
KXITFWMATCH-26JUL25RIEPIG-PIG,1784989807,,,,0.0,,,,,0.0,False
KXITFWMATCH-26JUL25ZARDOL-DOL,1784991890,,,,0.0,,,,,0.0,False
KXITFWMATCH-26JUL25CABARS-ARS,1784994006,,,,0.0,,,,,0.0,False
KXITFWMATCH-26JUL25BUCMAL-BUC,1784994602,,,,0.0,,,,,0.0,False
KXITFWMATCH-26JUL25INOGUZ-GUZ,1784997608,,,,0.0,,,,,0.0,False
KXITFWMATCH-26JUL25STEKUX-KUX,1784998501,,,,0.0,,,,,0.0,False
KXITFWMATCH-26JUL25LUXCHA-CHA,1785003641,,,,0.0,,,,,0.0,False
KXITFWMATCH-26JUL25RAPVOL-RAP,1785009680,,,,0.0,,,,,0.0,False
KXITFWMATCH-26JUL25ARAAIA-AIA,1785026189,,,,0.0,,,,,0.0,False
KXITFWMATCH-26JUL26AMAMIR-AMA,1785039728,,,,0.0,,,,,0.0,False
KXITFWMATCH-26JUL26GEERAD-GEE,1785042717,,,,0.0,,,,,0.0,False
KXITFWMATCH-26JUL26NIEBAX-BAX,1785043317,,,,0.0,,,,,0.0,False
KXITFWMATCH-26JUL26LENBIO-BIO,1785044498,,,,0.0,,,,,0.0,False
KXITFWMATCH-26JUL26DITVIG-DIT,1785044498,,,,0.0,,,,,0.0,False
KXITFWMATCH-26JUL26HIEGON-GON,1785044792,,,,0.0,,,,,0.0,False
KXITFWMATCH-26JUL26SOLREY-REY,1785046583,,,,0.0,,,,,0.0,False
KXITFWMATCH-26JUL26ALVMEL-ALV,1785046583,,,,0.0,,,,,0.0,False
KXITFWMATCH-26JUL26MANMUS-MAN,1785047787,,,,0.0,,,,,0.0,False
KXITFWMATCH-26JUL26ISHMAT-ISH,1785048695,,,,0.0,,,,,0.0,False
KXITFWMATCH-26JUL26GANSHA-GAN,1785049289,,,,0.0,,,,,0.0,False
KXITFWMATCH-26JUL26MAIVID-MAI,1785049290,,,,0.0,,,,,0.0,False
KXITFWMATCH-26JUL26GUTHOE-GUT,1785049886,,,,0.0,,,,,0.0,False
KXITFWMATCH-26JUL26SMANEW-NEW,1785050169,,,,0.0,,,,,0.0,False
KXITFWMATCH-26JUL26WONYOU-WON,1785050480,,,,0.0,,,,,0.0,False
KXITFWMATCH-26JUL26BAJCOR-BAJ,1785050769,,,,0.0,,,,,0.0,False
KXITFWMATCH-26JUL26STEREG-REG,1785050771,,,,0.0,,,,,0.0,False
KXITFWMATCH-26JUL26WOLKOS-KOS,1785051080,,,,0.0,,,,,0.0,False
KXITFWMATCH-26JUL26MDLZAN-MDL,1785051368,,,,0.0,,,,,0.0,False
KXITFWMATCH-26JUL26NOVGAL-GAL,1785052557,,,,0.0,,,,,0.0,False
KXITFWMATCH-26JUL26PASEVT-EVT,1785052558,,,,0.0,,,,,0.0,False
KXITFWMATCH-26JUL26THOEBE-EBE,1785054373,,,,0.0,,,,,0.0,False
KXITFWMATCH-26JUL26OLILEN-LEN,1785054664,,,,0.0,,,,,0.0,False
KXITFWMATCH-26JUL26BARKUC-BAR,1785055262,,,,0.0,,,,,0.0,False
KXITFWMATCH-26JUL26BERPAU-BER,1785055553,,,,0.0,,,,,0.0,False
KXITFWMATCH-26JUL26MILCHO-CHO,1785056476,,,,0.0,,,,,0.0,False
KXITFWMATCH-26JUL26MAITRA-MAI,1785058277,,,,0.0,,,,,0.0,False
KXITFWMATCH-26JUL26NILBAC-BAC,1785058278,,,,0.0,,,,,0.0,False
KXITFWMATCH-26JUL26MILMDL-MDL,1785058861,,,,0.0,,,,,0.0,False
KXITFWMATCH-26JUL26YESCOP-COP,1785059147,,,,0.0,,,,,0.0,False
KXITFWMATCH-26JUL26RUTERL-ERL,1785059744,,,,0.0,,,,,0.0,False
KXITFWMATCH-26JUL26IVAPIR-IVA,1785060651,,,,0.0,,,,,0.0,False
KXITFWMATCH-26JUL26RIEPER-PER,1785061543,,,,0.0,,,,,0.0,False
KXITFWMATCH-26JUL26MORGAR-GAR,1785062450,,,,0.0,,,,,0.0,False
KXITFWMATCH-26JUL26MPECHL-CHL,1785062732,,,,0.0,,,,,0.0,False
KXITFWMATCH-26JUL26MYAMAD-MAD,1785063043,,,,0.0,,,,,0.0,False
KXITFWMATCH-26JUL26FINTEJ-FIN,1785063045,,,,0.0,,,,,0.0,False
KXITFWMATCH-26JUL26SFIEHA-EHA,1785063932,,,,0.0,,,,,0.0,False
KXITFWMATCH-26JUL26PEABUS-BUS,1785064234,,,,0.0,,,,,0.0,False
KXITFWMATCH-26JUL26DUADOL-DOL,1785064235,,,,0.0,,,,,0.0,False
KXITFWMATCH-26JUL26MARNEW-MAR,1785064528,,,,0.0,,,,,0.0,False
KXITFWMATCH-26JUL26VUJLON-LON,1785064839,,,,0.0,,,,,0.0,False
KXITFWMATCH-26JUL26POPBED-BED,1785065726,,,,0.0,,,,,0.0,False
KXITFWMATCH-26JUL26BASDUN-BAS,1785065727,,,,0.0,,,,,0.0,False
KXITFWMATCH-26JUL26CLEREV-CLE,1785065731,,,,0.0,,,,,0.0,False
KXITFWMATCH-26JUL26OGUNAG-NAG,1785067247,,,,0.0,,,,,0.0,False
KXITFWMATCH-26JUL26DANSOR-DAN,1785067249,,,,0.0,,,,,0.0,False
KXITFWMATCH-26JUL26TAWSAL-SAL,1785067250,,,,0.0,,,,,0.0,False
KXITFWMATCH-26JUL26GOMROC-GOM,1785067822,,,,0.0,,,,,0.0,False
KXITFWMATCH-26JUL26BERROS-BER,1785068120,,,,0.0,,,,,0.0,False
KXITFWMATCH-26JUL26GRIMOO-GRI,1785068417,,,,0.0,,,,,0.0,False
KXITFWMATCH-26JUL26ARCMAR-ARC,1785068707,,,,0.0,,,,,0.0,False
KXITFWMATCH-26JUL26BROMIT-BRO,1785069022,,,,0.0,,,,,0.0,False
KXITFWMATCH-26JUL26ANDFIR-AND,1785069309,,,,0.0,,,,,0.0,False
KXITFWMATCH-26JUL26MAKHAY-HAY,1785069311,,,,0.0,,,,,0.0,False
KXITFWMATCH-26JUL26VELBAL-BAL,1785069314,,,,0.0,,,,,0.0,False
KXITFWMATCH-26JUL26VALROM-ROM,1785069614,,,,0.0,,,,,0.0,False
KXITFWMATCH-26JUL26VELLYN-LYN,1785069910,,,,0.0,,,,,0.0,False
KXITFWMATCH-26JUL26PIRODO-ODO,1785070211,,,,0.0,,,,,0.0,False
KXITFWMATCH-26JUL26DEBDIG-DEB,1785070498,,,,0.0,,,,,0.0,False
KXITFWMATCH-26JUL26GABVEG-GAB,1785070499,,,,0.0,,,,,0.0,False
KXITFWMATCH-26JUL26POPFER-FER,1785070500,,,,0.0,,,,,0.0,False
KXITFWMATCH-26JUL26GADHAW-GAD,1785070813,,,,0.0,,,,,0.0,False
KXITFWMATCH-26JUL26DOLKUX-DOL,1785072611,,,,0.0,,,,,0.0,False
KXITFWMATCH-26JUL26TASCAR-CAR,1785072613,,,,0.0,,,,,0.0,False
KXITFWMATCH-26JUL26NOEGRA-GRA,1785073509,,,,0.0,,,,,0.0,False
KXITFWMATCH-26JUL26DIAGRI-DIA,1785074100,,,,0.0,,,,,0.0,False
KXITFWMATCH-26JUL26CONZOC-CON,1785074411,,,,0.0,,,,,0.0,False
KXITFWMATCH-26JUL26SEYVAN-SEY,1785075608,,,,0.0,,,,,0.0,False
KXITFWMATCH-26JUL26INORAP-INO,1785075609,,,,0.0,,,,,0.0,False
KXITFWMATCH-26JUL26BOSZUR-BOS,1785075610,,,,0.0,,,,,0.0,False
KXITFWMATCH-26JUL26GARPAR-GAR,1785076506,,,,0.0,,,,,0.0,False
KXITFWMATCH-26JUL26KUHKUJ-KUH,1785076506,,,,0.0,,,,,0.0,False
KXITFWMATCH-26JUL26TRUYAR-TRU,1785076808,,,,0.0,,,,,0.0,False
KXITFWMATCH-26JUL26MATSTR-MAT,1785076808,,,,0.0,,,,,0.0,False
KXITFWMATCH-26JUL26SHKDAS-DAS,1785077101,,,,0.0,,,,,0.0,False
KXITFWMATCH-26JUL26CENCAL-CAL,1785077102,,,,0.0,,,,,0.0,False
KXITFWMATCH-26JUL26MALCOL-COL,1785077417,,,,0.0,,,,,0.0,False
KXITFWMATCH-26JUL26NOVCAK-CAK,1785078297,,,,0.0,,,,,0.0,False
KXITFWMATCH-26JUL26SERBOU-BOU,1785078298,,,,0.0,,,,,0.0,False
KXITFWMATCH-26JUL26BURPHA-BUR,1785078598,,,,0.0,,,,,0.0,False
KXITFWMATCH-26JUL26CILMON-CIL,1785078901,,,,0.0,,,,,0.0,False
KXITFWMATCH-26JUL26RASALV-ALV,1785079498,,,,0.0,,,,,0.0,False
KXITFWMATCH-26JUL26ARSCHA-ARS,1785084318,,,,0.0,,,,,0.0,False
KXITFWMATCH-26JUL26LIUBUC-BUC,1785090728,,,,0.0,,,,,0.0,False
KXITFWMATCH-26JUL27BULMOZ-BUL,1785121314,,,,0.0,,,,,0.0,False
KXITFWMATCH-26JUL27SLEKUZ-KUZ,1785126114,,,,0.0,,,,,0.0,False
KXITFWMATCH-26JUL27RABKAK-KAK,1785130895,,,,0.0,,,,,0.0,False
KXITFWMATCH-26JUL27MAILEN-LEN,1785131781,,,,0.0,,,,,0.0,False
KXITFWMATCH-26JUL27ROTZHO-ROT,1785132985,,,,0.0,,,,,0.0,False
KXITFWMATCH-26JUL27HIEALV-ALV,1785133586,,,,0.0,,,,,0.0,False
KXITFWMATCH-26JUL27KIMING-ING,1785133884,,,,0.0,,,,,0.0,False
KXITFWMATCH-26JUL27MILPAS-MIL,1785133887,,,,0.0,,,,,0.0,False
KXITFWMATCH-26JUL27PAUTRA-PAU,1785133895,,,,0.0,,,,,0.0,False
KXITFWMATCH-26JUL27CEMSTA-CEM,1785134168,,,,0.0,,,,,0.0,False
KXITFWMATCH-26JUL27BATKRY-BAT,1785134475,,,,0.0,,,,,0.0,False
KXITFWMATCH-26JUL27BAZSEN-BAZ,1785134476,,,,0.0,,,,,0.0,False
KXITFWMATCH-26JUL27CLAFIR-CLA,1785134476,,,,0.0,,,,,0.0,False
KXITFWMATCH-26JUL27GANRAS-GAN,1785134477,,,,0.0,,,,,0.0,False
KXITFWMATCH-26JUL27GANSMA-GAN,1785135068,,,,0.0,,,,,0.0,False
KXITFWMATCH-26JUL27NIEMYA-MYA,1785135076,,,,0.0,,,,,0.0,False
KXITFWMATCH-26JUL27STEZAN-STE,1785136268,,,,0.0,,,,,0.0,False
KXITFWMATCH-26JUL27SUSKUZ-KUZ,1785136268,,,,0.0,,,,,0.0,False
KXITFWMATCH-26JUL27ISHMUS-ISH,1785136269,,,,0.0,,,,,0.0,False
KXITFWMATCH-26JUL27YOUHUR-HUR,1785136557,,,,0.0,,,,,0.0,False
KXITFWMATCH-26JUL27CENSHK-CEN,1785136564,,,,0.0,,,,,0.0,False
KXITFWMATCH-26JUL27PIKVAJ-PIK,1785137748,,,,0.0,,,,,0.0,False
KXITFWMATCH-26JUL27DITSOL-DIT,1785138348,,,,0.0,,,,,0.0,False
KXITFWMATCH-26JUL27VANGAS-GAS,1785138649,,,,0.0,,,,,0.0,False
KXITFWMATCH-26JUL27PETLLI-LLI,1785138956,,,,0.0,,,,,0.0,False
KXITFWMATCH-26JUL27GUTEBE-EBE,1785138958,,,,0.0,,,,,0.0,False
KXITFWMATCH-26JUL27TOMHAN-HAN,1785139273,,,,0.0,,,,,0.0,False
KXITFWMATCH-26JUL27MASSTO-MAS,1785139857,,,,0.0,,,,,0.0,False
KXITFWMATCH-26JUL27KROKHR-KHR,1785140140,,,,0.0,,,,,0.0,False
KXITFWMATCH-26JUL27RUSKHO-KHO,1785140141,,,,0.0,,,,,0.0,False
KXITFWMATCH-26JUL27ARYFED-ARY,1785140147,,,,0.0,,,,,0.0,False
KXITFWMATCH-26JUL27MILCAK-CAK,1785140746,0.38,0.45,,0.0,1785139200.0,0.38,0.45,,0.0,True
KXITFWMATCH-26JUL27RATTOR-RAT,1785141057,0.6,0.73,,0.0,1785139200.0,0.4,0.91,,0.0,True
KXITFWMATCH-26JUL27SERROC-ROC,1785141058,0.31,0.36,,0.0,1785139200.0,0.31,0.36,,0.0,True
KXITFWMATCH-26JUL27FONPUL-FON,1785141337,0.75,0.78,,0.0,1785139200.0,0.74,0.79,,0.0,True
KXITFWMATCH-26JUL27MALDAN-DAN,1785141645,0.66,0.76,0.7,1.0,1785139200.0,0.38,0.79,,0.0,True
KXITFWMATCH-26JUL27LUKSIL-LUK,1785141647,0.79,0.87,,0.0,1785139200.0,0.8,0.88,,0.0,True
KXITFWMATCH-26JUL27BARDIG-BAR,1785142544,0.5,0.57,0.57,14.0,1785139200.0,0.49,0.57,0.57,14.0,True
KXITFWMATCH-26JUL27RUTBUS-BUS,1785142869,0.47,0.52,,0.0,1785142800.0,0.47,0.52,,0.0,True
KXITFWMATCH-26JUL27HOSJAD-HOS,1785142870,0.77,0.8,0.73,18.0,1785142800.0,0.61,0.78,,0.0,True
KXITFWMATCH-26JUL27OLIPAN-OLI,1785143445,0.5,0.56,0.46,12.0,1785142800.0,0.48,0.56,0.46,12.0,True
KXITFWMATCH-26JUL27KARDRU-DRU,1785143742,0.7,0.79,,0.0,1785142800.0,0.7,0.78,,0.0,True
KXITFWMATCH-26JUL27JANQUR-JAN,1785143750,0.78,0.81,0.78,235.0,1785142800.0,0.76,0.89,,0.0,True
KXITFWMATCH-26JUL27POPOGU-OGU,1785144044,0.36,0.41,,0.0,1785142800.0,0.36,0.38,,0.0,True
KXITFWMATCH-26JUL27IVABAL-BAL,1785144660,0.46,0.52,,0.0,1785142800.0,0.46,0.53,,0.0,True
KXITFWMATCH-26JUL27HEJVAS-HEJ,1785145844,0.51,0.58,,0.0,1785142800.0,0.17,0.69,,0.0,True
KXITFWMATCH-26JUL27DIIREE-DII,1785146133,0.05,0.08,,0.0,1785142800.0,0.06,0.45,,0.0,True
KXITFWMATCH-26JUL27YESBIO-BIO,1785146733,0.45,0.52,,0.0,1785146400.0,0.46,0.52,,0.0,True
KXITFWMATCH-26JUL27CORDJO-COR,1785147351,0.76,0.84,0.84,773.0,1785146400.0,0.81,0.84,0.82,756.0,True
KXITFWMATCH-26JUL27BASREV-BAS,1785147936,0.63,0.68,,0.0,1785146400.0,0.62,0.68,,0.0,True
KXITFWMATCH-26JUL27TSYHER-HER,1785147937,0.11,0.14,0.13,29.11,1785146400.0,0.11,0.15,0.13,29.11,True
KXITFWMATCH-26JUL27MADVAK-MAD,1785147944,0.92,0.95,0.93,94.0,1785139200.0,0.92,0.95,0.93,94.0,True
KXITFWMATCH-26JUL27VELELA-ELA,1785148241,0.79,0.9,0.77,2.0,1785146400.0,0.78,0.9,0.77,2.0,True
KXITFWMATCH-26JUL27CCUDOL-CCU,1785148537,,,,0.0,,,,,0.0,True
KXITFWMATCH-26JUL27AITMAR-AIT,1785148865,0.76,0.92,,0.0,1785146400.0,0.73,0.92,,0.0,True
KXITFWMATCH-26JUL27SUCVLA-SUC,1785149133,0.18,0.24,,0.0,1785142800.0,0.18,0.23,,0.0,True
KXITFWMATCH-26JUL27BULEHA-BUL,1785149134,,,,0.0,,,,,0.0,True
KXITFWMATCH-26JUL27SCHMOR-MOR,1785149135,,,,0.0,,,,,0.0,True
KXITFWMATCH-26JUL27NGIAGU-AGU,1785149437,0.36,0.43,0.39,21.0,1785146400.0,0.39,0.41,0.39,21.0,True
KXITFWMATCH-26JUL27MARMOO-MAR,1785149724,0.47,0.52,,0.0,1785146400.0,0.46,0.52,,0.0,True
KXITFWMATCH-26JUL27SORHAY-HAY,1785149724,0.42,0.47,,0.0,1785146400.0,0.42,0.47,,0.0,True
KXITFWMATCH-26JUL27MONGOB-GOB,1785149726,,,,0.0,,,,,0.0,True
KXITFWMATCH-26JUL27NOEODO-NOE,1785149730,0.88,0.92,,0.0,1785146400.0,0.88,0.92,,0.0,True
KXITFWMATCH-26JUL27DIIKUL-DII,1785150336,0.66,0.74,0.57,80.32,1785150000.0,0.66,0.74,0.57,80.32,True
KXITFWMATCH-26JUL27VUJMAT-MAT,1785150627,0.18,0.22,,0.0,1785150000.0,0.17,0.22,,0.0,True
KXITFWMATCH-26JUL27MYEKIN-KIN,1785150628,0.71,0.76,0.76,5.3,1785142800.0,0.71,0.76,0.76,5.3,True
KXITFWMATCH-26JUL27TILCRU-CRU,1785150629,0.05,0.06,0.06,69.0,1785150000.0,0.05,0.06,0.06,69.0,True
KXITFWMATCH-26JUL27MARGLA-GLA,1785150633,0.09,0.13,,0.0,1785150000.0,0.08,0.13,,0.0,True
KXITFWMATCH-26JUL27VELSAL-SAL,1785151227,0.14,0.26,,0.0,1785150000.0,0.17,0.26,,0.0,True
KXITFWMATCH-26JUL27BROVAL-BRO,1785151512,0.46,0.53,,0.0,1785150000.0,0.46,0.53,,0.0,True
KXITFWMATCH-26JUL27KUHVAN-KUH,1785152425,0.46,0.53,,0.0,1785150000.0,0.46,0.53,,0.0,True
KXITFWMATCH-26JUL27GIMGRO-GIM,1785152425,0.82,0.85,0.85,1681.2,1785150000.0,0.82,0.85,0.85,1681.2,True
KXITFWMATCH-26JUL27LLEROS-LLE,1785152427,0.16,0.92,,0.0,1785150000.0,0.11,0.92,,0.0,True
KXITFWMATCH-26JUL27ALVVIG-ALV,1785153312,,,,0.0,,,,,0.0,True
KXITFWMATCH-26JUL27DANPOP-DAN,1785153636,,,,0.0,,,,,0.0,True
KXITFWMATCH-26JUL27HAWZOC-HAW,1785153920,0.08,0.91,,0.0,1785153600.0,0.08,0.91,,0.0,True
KXITFWMATCH-26JUL27KOREIG-EIG,1785154511,0.46,0.53,,0.0,1785153600.0,0.49,0.56,,0.0,True
KXITFWMATCH-26JUL27BURGAR-BUR,1785155420,0.92,0.95,0.92,12.0,1785153600.0,0.92,0.95,0.92,12.0,True
KXITFWMATCH-26JUL27SMIECK-ECK,1785155422,0.05,0.11,0.11,107.77,1785153600.0,0.05,0.08,,0.0,True
KXITFWMATCH-26JUL27MALCIL-CIL,1785156016,0.06,0.12,0.12,55.94,1785153600.0,0.07,0.08,0.17,35.0,True
KXITFWMATCH-26JUL27CORMAR-COR,1785156367,,,,0.0,,,,,0.0,True
KXITFWMATCH-26JUL27GODSIM-GOD,1785156904,0.06,0.91,,0.0,1785153600.0,0.06,0.91,,0.0,True
KXITFWMATCH-26JUL27ALLPIN-ALL,1785157805,0.71,0.9,0.81,67.0,1785157200.0,0.07,0.92,,0.0,True
KXITFWMATCH-26JUL27KERMAR-KER,1785158710,0.07,0.08,,0.0,1785157200.0,0.07,0.14,,0.0,True
KXITFWMATCH-26JUL27DOUARC-ARC,1785159021,0.05,0.91,,0.0,1785157200.0,,,,0.0,True
KXITFWMATCH-26JUL27BOSYAR-BOS,1785159364,0.72,0.86,0.86,49.15,1785157200.0,0.85,0.87,,0.0,True
KXITFWMATCH-26JUL27MERKON-KON,1785159622,0.91,0.95,0.95,162.2,1785157200.0,0.89,0.92,0.78,1.0,True
KXITFWMATCH-26JUL27MASRAI-MAS,1785160818,0.05,0.41,,0.0,1785160800.0,,,,0.0,True
KXITFWMATCH-26JUL27CHIPAR-CHI,1785161098,0.46,0.5,0.5,364.28,1785160800.0,0.46,0.53,0.52,285.0,True
KXITFWMATCH-26JUL27SCHHUI-HUI,1785161403,0.5,0.56,0.55,73.58,1785160800.0,0.49,0.56,,0.0,True
KXITFWMATCH-26JUL27ALVROD-ALV,1785161703,0.05,0.92,,0.0,1785157200.0,,,,0.0,True
KXITFWMATCH-26JUL27BAYWOB-BAY,1785162009,0.25,0.28,0.36,31.0,1785160800.0,0.23,0.29,0.36,31.0,True
KXITFWMATCH-26JUL27BOELEE-BOE,1785162622,0.14,0.19,,0.0,1785160800.0,0.11,0.19,,0.0,True
KXITFWMATCH-26JUL27LANGOM-GOM,1785162623,0.91,0.95,0.91,196.27,1785160800.0,0.87,0.92,,0.0,True
KXITFWMATCH-26JUL27ELJRHO-ELJ,1785162900,0.67,0.73,,0.0,1785160800.0,0.65,0.74,,0.0,True
KXITFWMATCH-26JUL27GOMTEJ-GOM,1785163508,0.05,0.92,,0.0,1785157200.0,,,,0.0,True
KXITFWMATCH-26JUL27BECKAN-BEC,1785164099,0.43,0.49,0.38,232.64,1785160800.0,0.37,0.46,0.46,88.64,True
KXITFWMATCH-26JUL27CASUKA-CAS,1785164414,0.9,0.95,0.95,2.0,1785153600.0,0.9,0.95,0.95,2.0,True
KXITFWMATCH-26JUL27KAIGRI-GRI,1785166822,0.05,0.69,,0.0,1785164400.0,0.05,0.92,,0.0,True
KXITFWMATCH-26JUL27HARTOR-HAR,1785167124,0.25,0.3,,0.0,1785164400.0,0.23,0.3,,0.0,True
KXITFWMATCH-26JUL27SAACLE-CLE,1785167125,0.87,0.92,,0.0,1785164400.0,0.85,0.92,,0.0,True
KXITFWMATCH-26JUL27ROSARA-ARA,1785167130,0.07,0.62,0.63,54.2,1785164400.0,0.05,0.91,,0.0,True
KXITFWMATCH-26JUL27VEGKAW-KAW,1785168950,0.24,0.5,0.5,109.0,1785168000.0,0.09,0.49,,0.0,True
KXITFWMATCH-26JUL27VIVSOS-SOS,1785172270,0.72,0.82,,0.0,1785171600.0,0.07,0.81,,0.0,True
KXITFWMATCH-26JUL27MELCAR-CAR,1785173496,0.14,0.32,0.33,103.21,1785171600.0,0.07,0.32,0.33,103.21,True
KXITFWMATCH-26JUL27ARIWAT-ARI,1785174691,0.27,0.32,0.19,65.0,1785171600.0,0.26,0.32,0.19,65.0,True
KXITFWMATCH-26JUL27ALLWIL-ALL,1785174691,0.06,0.91,,0.0,1785171600.0,0.05,0.91,,0.0,True
KXITFWMATCH-26JUL27APIFAI-API,1785188263,,,,0.0,,,,,0.0,True
KXITFWMATCH-26JUL27DODSHA-DOD,1785188871,,,,0.0,,,,,0.0,True
KXITFWMATCH-26JUL27UCHCOO-COO,1785189480,,,,0.0,,,,,0.0,True
KXITFWMATCH-26JUL27ALABED-ALA,1785190420,,,,0.0,,,,,0.0,True
KXITFWMATCH-26JUL27SELPRA-PRA,1785192208,,,,0.0,,,,,0.0,True
KXITFWMATCH-26JUL27GALGIL-GAL,1785193979,,,,0.0,,,,,0.0,True
KXITFWMATCH-26JUL27ADASYM-ADA,1785196113,,,,0.0,,,,,0.0,True
KXITFWMATCH-26JUL27BAKDAL-BAK,1785198207,,,,0.0,,,,,0.0,True
KXITFWMATCH-26JUL27SYCALA-ALA,1785198208,,,,0.0,,,,,0.0,True
KXITFWMATCH-26JUL27HONIPU-HON,1785200350,,,,0.0,,,,,0.0,True
KXITFWMATCH-26JUL27KAWSTE-KAW,1785203893,0.38,0.43,0.44,8.26,1785200400.0,,,,0.0,True
KXITFWMATCH-26JUL28SATMIL-MIL,1785205409,0.71,0.75,,0.0,1785204000.0,,,,0.0,True
KXITFWMATCH-26JUL27WEBRUS-RUS,1785207204,0.35,0.38,0.38,0.6,1785204000.0,,,,0.0,True
KXITFWMATCH-26JUL28TOROLI-OLI,1785210488,0.49,0.56,0.56,2.79,1785207600.0,0.5,0.56,0.56,2.79,True
KXITFWMATCH-26JUL28ROTBUL-BUL,1785211399,0.05,0.34,,0.0,1785211200.0,0.05,0.92,,0.0,True
KXITFWMATCH-26JUL28LEKGAR-GAR,1785212307,0.36,0.43,,0.0,1785211200.0,0.12,0.49,,0.0,True
KXITFWMATCH-26JUL28RABMAL-MAL,1785212896,0.15,0.34,,0.0,1785211200.0,0.15,0.34,,0.0,True
KXITFWMATCH-26JUL28ARGANT-ANT,1785212897,0.06,0.41,,0.0,1785211200.0,0.05,0.81,,0.0,True
KXITFWMATCH-26JUL28BATKUZ-BAT,1785213515,0.54,0.61,0.52,1446.3700000000001,1785211200.0,0.51,0.62,0.64,16.45,True
KXITFWMATCH-26JUL28ZOZYEM-YEM,1785213516,0.05,0.09,0.17,604.05,1785211200.0,0.05,0.79,,0.0,True
KXITFWMATCH-26JUL28KUZKIM-KIM,1785213536,0.7,0.73,0.73,17.6,1785211200.0,0.64,0.75,0.7,13.6,True
KXITFWMATCH-26JUL28BAZKRO-BAZ,1785214684,0.58,0.66,0.58,14.46,1785211200.0,0.58,0.65,0.58,14.46,True
KXITFWMATCH-26JUL28JANFED-FED,1785215592,0.56,0.71,0.64,101.05999999999999,1785214800.0,0.54,0.64,0.58,21.06,True
KXITFWMATCH-26JUL28DANWRO-DAN,1785215593,0.46,0.71,,0.0,1785214800.0,0.46,0.71,,0.0,True
KXITFWMATCH-26JUL28AUEPOP-AUE,1785215877,0.28,0.44,,0.0,1785214800.0,0.17,0.44,,0.0,True
KXITFWMATCH-26JUL28HOSRUS-HOS,1785216466,0.61,0.91,,0.0,1785214800.0,0.21,0.92,,0.0,True
KXITFWMATCH-26JUL28NDUKAJ-KAJ,1785216782,0.53,0.57,0.17,18.89,1785214800.0,0.17,0.57,0.55,18.72,True
KXITFWMATCH-26JUL28CENAST-AST,1785217079,0.49,0.52,0.52,20.17,1785214800.0,0.46,0.51,,0.0,True
KXITFWMATCH-26JUL28VIRBIZ-BIZ,1785217384,0.06,0.15,0.16,0.05,1785214800.0,0.05,0.16,,0.0,True
KXITFWMATCH-26JUL28KULSRU-KUL,1785217385,0.48,0.92,,0.0,1785214800.0,0.46,0.92,,0.0,True
KXITFWMATCH-26JUL28LLICOR-COR,1785217971,0.56,0.59,0.64,8.879999999999999,1785214800.0,0.56,0.6,0.64,8.879999999999999,True
KXITFWMATCH-26JUL28HEUSHU-HEU,1785218577,0.49,0.54,,0.0,1785218400.0,0.06,0.54,,0.0,True
KXITFWMATCH-26JUL28SCHAIT-AIT,1785219159,0.65,0.71,0.71,20.880000000000003,1785218400.0,0.18,0.59,0.59,4.32,True
KXITFWMATCH-26JUL28LUKKAR-KAR,1785219457,0.07,0.08,0.1,346.46000000000004,1785218400.0,0.06,0.08,0.08,11.21,True
KXITFWMATCH-26JUL28GARHOD-GAR,1785219764,0.4,0.41,0.38,1101.0,1785218400.0,0.39,0.4,0.38,1101.0,True
KXITFWMATCH-26JUL28MIKKEN-KEN,1785220057,0.8,0.84,0.84,83.25999999999999,1785218400.0,0.8,0.84,0.84,51.26,True
KXITFWMATCH-26JUL28TSYVAS-TSY,1785220368,0.85,0.89,,0.0,1785218400.0,0.84,0.91,,0.0,True
KXITFWMATCH-26JUL28GNILAZ-GNI,1785220954,0.22,0.27,,0.0,1785218400.0,0.13,0.27,,0.0,True
KXITFWMATCH-26JUL28CARLEN-CAR,1785220969,0.7,0.73,0.69,4.52,1785218400.0,0.69,0.73,0.69,4.52,True
KXITFWMATCH-26JUL28SEDZEL-SED,1785221548,0.18,0.21,,0.0,1785218400.0,0.17,0.21,,0.0,True
KXITFWMATCH-26JUL28DADBLA-BLA,1785222149,0.7,0.75,,0.0,1785222000.0,0.7,0.76,,0.0,True
KXITFWMATCH-26JUL28EKSGIL-EKS,1785222149,0.51,0.54,0.55,0.36,1785222000.0,0.51,0.54,0.55,0.36,True
KXITFWMATCH-26JUL28SEMKUU-KUU,1785222746,0.08,0.91,,0.0,1785222000.0,0.06,0.89,,0.0,True
KXITFWMATCH-26JUL28NITKOR-KOR,1785222747,0.57,0.63,0.63,141.05,1785222000.0,0.58,0.63,0.63,56.05,True
KXITFWMATCH-26JUL28STEMAS-MAS,1785222748,0.5,0.51,0.51,2678.9700000000003,1785222000.0,0.48,0.51,0.51,2678.9700000000003,True
KXITFWMATCH-26JUL28BEKVLA-BEK,1785223035,0.07,0.08,0.08,78.04,1785222000.0,0.06,0.08,0.08,78.04,True
KXITFWMATCH-26JUL28KLISAT-KLI,1785223036,0.79,0.82,,0.0,1785222000.0,0.75,0.8,,0.0,True
KXITFWMATCH-26JUL28SRAWIR-SRA,1785223037,0.2,0.29,,0.0,1785222000.0,0.13,0.27,,0.0,True
KXITFWMATCH-26JUL28PAGHAN-HAN,1785223049,0.08,0.1,0.11,68.92,1785222000.0,0.07,0.1,0.11,68.92,True
KXITFWMATCH-26JUL28PLOFER-FER,1785223622,0.45,0.53,,0.0,1785222000.0,0.06,0.53,,0.0,True
KXITFWMATCH-26JUL28GENTIG-GEN,1785223934,0.38,0.45,,0.0,1785218400.0,0.37,0.45,,0.0,True
KXITFWMATCH-26JUL28VLCWYS-VLC,1785223935,0.45,0.51,,0.0,1785222000.0,0.07,0.53,,0.0,True
KXITFWMATCH-26JUL28VOJKSA-KSA,1785223935,0.46,0.52,0.54,37.0,1785222000.0,0.16,0.48,0.54,37.0,True
KXITFWMATCH-26JUL28FONCEM-CEM,1785224242,0.47,0.5,0.51,0.33,1785222000.0,0.47,0.51,0.51,0.33,True
KXITFWMATCH-26JUL28ADABAL-ADA,1785224244,0.19,0.21,0.23,368.0,1785222000.0,0.19,0.21,0.23,368.0,True
KXITFWMATCH-26JUL28IMXJAN-IMX,1785224526,0.1,0.15,,0.0,1785222000.0,0.1,0.15,,0.0,True
KXITFWMATCH-26JUL28RASHAN-HAN,1785224527,0.5,0.53,0.54,0.35,1785222000.0,0.52,0.54,0.54,0.35,True
KXITFWMATCH-26JUL28OTZFIR-FIR,1785224529,0.56,0.58,0.57,793.96,1785222000.0,0.54,0.58,0.64,266.0,True
KXITFWMATCH-26JUL28RUAMOL-MOL,1785224827,0.18,0.24,0.22,24.830000000000002,1785222000.0,0.19,0.2,0.2,2.2800000000000002,True
KXITFWMATCH-26JUL28ZAAFRI-FRI,1785225115,0.41,0.43,0.42,60.0,1785222000.0,0.4,0.43,0.42,60.0,True
KXITFWMATCH-26JUL28DROBIR-BIR,1785225115,0.22,0.29,,0.0,1785222000.0,0.14,0.28,,0.0,True
KXITFWMATCH-26JUL28MARVAN-MAR,1785225117,0.39,0.41,0.42,33.0,1785222000.0,0.39,0.42,0.42,33.0,True
KXITFWMATCH-26JUL28FRUKOL-FRU,1785226005,0.83,0.94,0.92,1.0,1785222000.0,0.84,0.94,0.92,1.0,True
KXITFWMATCH-26JUL28GROWOB-GRO,1785226321,0.1,0.14,,0.0,1785225600.0,0.1,0.14,,0.0,True
KXITFWMATCH-26JUL28WERPAU-PAU,1785227227,0.06,0.07,0.06,3609.03,1785225600.0,0.05,0.07,0.07,2460.42,True
KXITFWMATCH-26JUL28KLUCOO-COO,1785227228,0.12,0.15,0.16,29.51,1785225600.0,0.12,0.15,,0.0,True
KXITFWMATCH-26JUL28CARVAN-CAR,1785227797,0.04,0.06,0.05,40.0,1785225600.0,0.05,0.48,,0.0,True
KXITFWMATCH-26JUL28SAIHUR-HUR,1785227798,0.05,0.08,0.1,47.19,1785225600.0,0.05,0.08,0.1,47.19,True
KXITFWMATCH-26JUL28KOVJAE-JAE,1785227807,0.35,0.44,0.43,287.26,1785225600.0,0.36,0.42,0.42,243.85,True
KXITFWMATCH-26JUL28CIRHRU-CIR,1785228115,0.06,0.09,0.11,44.84,1785225600.0,0.06,0.1,0.11,44.84,True
KXITFWMATCH-26JUL28SATMUS-MUS,1785228400,0.34,0.36,0.38,23.0,1785225600.0,0.35,0.37,0.38,23.0,True
KXITFWMATCH-26JUL28MORDEE-DEE,1785228700,0.02,0.05,0.05,4043.8,1785225600.0,0.02,0.05,0.05,3950.04,True
KXITFWMATCH-26JUL28PARBOE-BOE,1785228996,0.15,0.19,,0.0,1785225600.0,0.15,0.19,,0.0,True
KXITFWMATCH-26JUL28MIKURB-MIK,1785229308,0.41,0.44,,0.0,1785229200.0,0.43,0.47,,0.0,True
KXITFWMATCH-26JUL28NIKHAD-HAD,1785229899,0.46,0.54,,0.0,1785229200.0,0.51,0.56,,0.0,True
KXITFWMATCH-26JUL28ELAHRA-ELA,1785229901,0.66,0.67,,0.0,1785229200.0,0.65,0.67,,0.0,True
KXITFWMATCH-26JUL28MANLIM-LIM,1785229902,0.8,0.83,,0.0,1785229200.0,0.79,0.81,,0.0,True
KXITFWMATCH-26JUL28MARMAR2-MAR,1785230197,0.85,0.89,0.9,6.87,1785229200.0,0.85,0.89,0.84,5.87,True
KXITFWMATCH-26JUL28BORNAJ-BOR,1785230511,0.75,0.82,,0.0,1785229200.0,0.75,0.82,,0.0,True
KXITFWMATCH-26JUL28EIGVLA-EIG,1785230512,0.2,0.23,,0.0,1785229200.0,0.19,0.23,,0.0,True
KXITFWMATCH-26JUL28CHADEA-CHA,1785231104,0.89,0.91,,0.0,1785229200.0,0.66,0.92,,0.0,True
KXITFWMATCH-26JUL28GALJOR-GAL,1785231112,0.35,0.36,0.36,39.0,1785229200.0,0.36,0.37,0.39,33.0,True
KXITFWMATCH-26JUL28DITSER-DIT,1785231403,0.29,0.33,0.39,75.0,1785229200.0,0.29,0.33,0.39,75.0,True
KXITFWMATCH-26JUL28MICBER-BER,1785232309,0.74,0.79,,0.0,1785229200.0,0.71,0.75,,0.0,True
KXITFWMATCH-26JUL28DUPMCD-DUP,1785232311,0.51,0.53,,0.0,1785229200.0,0.5,0.54,,0.0,True
KXITFWMATCH-26JUL28CHAELI-CHA,1785232312,0.12,0.92,,0.0,1785229200.0,0.1,0.92,,0.0,True
KXITFWMATCH-26JUL28HURPET-HUR,1785232902,0.26,0.3,,0.0,1785232800.0,0.3,0.34,,0.0,True
KXITFWMATCH-26JUL28OCONIJ-NIJ,1785233486,0.94,0.95,0.95,20.0,1785232800.0,0.94,0.95,0.92,19.0,True
KXITFWMATCH-26JUL28ALLCEU-ALL,1785233494,0.8,0.81,0.81,389.0,1785232800.0,0.81,0.82,0.81,389.0,True
KXITFWMATCH-26JUL28HILOTI-HIL,1785233780,0.56,0.64,,0.0,1785232800.0,0.57,0.63,,0.0,True
KXITFWMATCH-26JUL28CCUMAS-CCU,1785234087,0.53,0.94,0.92,30.0,1785232800.0,0.33,0.94,0.92,30.0,True
KXITFWMATCH-26JUL28DOUROS-DOU,1785234087,0.41,0.7,,0.0,1785232800.0,0.19,0.7,,0.0,True
KXITFWMATCH-26JUL28CEXSHA-CEX,1785234372,0.84,0.91,0.91,107.0,1785232800.0,0.84,0.91,0.92,106.0,True
KXITFWMATCH-26JUL28GIZPAR-GIZ,1785234373,0.31,0.34,,0.0,1785232800.0,0.31,0.33,,0.0,True
KXITFWMATCH-26JUL28FAVSOU-FAV,1785234681,0.36,0.51,0.35,687.81,1785232800.0,0.35,0.44,0.44,14.93,True
KXITFWMATCH-26JUL28MUSGAI-GAI,1785234682,0.62,0.84,,0.0,1785232800.0,0.62,0.85,,0.0,True
KXITFWMATCH-26JUL28KULSCH-KUL,1785234683,0.23,0.3,,0.0,1785232800.0,0.22,0.28,,0.0,True
KXITFWMATCH-26JUL28ZUCVOZ-VOZ,1785235284,0.15,0.18,,0.0,1785229200.0,0.15,0.18,,0.0,True
KXITFWMATCH-26JUL28GOMKAW-GOM,1785235573,0.67,0.79,,0.0,1785232800.0,0.67,0.77,,0.0,True
KXITFWMATCH-26JUL28DVOBRU-BRU,1785235886,0.49,0.5,0.49,298.0,1785232800.0,0.49,0.5,0.49,298.0,True
KXITFWMATCH-26JUL28GADBAR-BAR,1785235887,0.84,0.87,,0.0,1785232800.0,0.83,0.86,,0.0,True
KXITFWMATCH-26JUL28PANLAZ-LAZ,1785236482,0.12,0.18,,0.0,1785236400.0,0.17,0.2,,0.0,True
KXITFWMATCH-26JUL28MAHDRI-DRI,1785236765,0.26,0.31,0.31,100.0,1785236400.0,0.31,0.36,,0.0,True
KXITFWMATCH-26JUL28KELMOR-KEL,1785236767,0.46,0.52,,0.0,1785236400.0,0.52,0.59,,0.0,True
KXITFWMATCH-26JUL28BRONGU-BRO,1785236767,0.67,0.73,,0.0,1785236400.0,0.67,0.73,,0.0,True
KXITFWMATCH-26JUL28RUTSPI-RUT,1785237312,0.32,0.35,,0.0,1785236400.0,0.35,0.37,,0.0,True
KXITFWMATCH-26JUL28BIOHOF-BIO,1785237313,0.68,0.74,0.71,57.0,1785236400.0,0.69,0.74,0.71,57.0,True
KXITFWMATCH-26JUL28ALLTIL-ALL,1785237679,0.51,0.56,,0.0,1785218400.0,0.51,0.56,,0.0,True
KXITFWMATCH-26JUL28POLREE-POL,1785237680,0.23,0.27,0.27,13.35,1785236400.0,0.23,0.27,0.27,13.35,True
KXITFWMATCH-26JUL28KAIMAR-KAI,1785237687,0.63,0.92,,0.0,1785236400.0,0.35,0.92,,0.0,True
KXITFWMATCH-26JUL28OSUGOM-GOM,1785238301,0.41,0.47,,0.0,1785229200.0,0.41,0.47,,0.0,True
KXITFWMATCH-26JUL28SAGLEV-LEV,1785239524,0.2,0.22,0.21,54.0,1785236400.0,0.2,0.21,0.21,54.0,True
KXITFWMATCH-26JUL28COMCAT-CAT,1785239756,0.39,0.43,,0.0,1785236400.0,0.4,0.43,,0.0,True
KXITFWMATCH-26JUL28DANVIV-DAN,1785239757,0.08,0.92,,0.0,1785232800.0,0.08,0.92,,0.0,True
KXITFWMATCH-26JUL28SMIMAD-MAD,1785240075,0.25,0.29,,0.0,1785240000.0,0.24,0.29,,0.0,True
KXITFWMATCH-26JUL28MELROD-MEL,1785240355,0.2,0.29,,0.0,1785240000.0,0.22,0.28,,0.0,True
KXITFWMATCH-26JUL28KULLAZ-KUL,1785240962,0.16,0.22,0.23,128.37,1785240000.0,0.19,0.2,0.23,82.21,True
KXITFWMATCH-26JUL28ROOKLY-KLY,1785241549,0.21,0.25,,0.0,1785240000.0,0.23,0.27,,0.0,True
KXITFWMATCH-26JUL28TIKPOH-POH,1785241860,0.28,0.32,,0.0,1785240000.0,0.28,0.33,,0.0,True
KXITFWMATCH-26JUL28BULVIG-BUL,1785243948,0.56,0.65,,0.0,1785243600.0,0.56,0.65,,0.0,True
KXITFWMATCH-26JUL28SHCKIN-KIN,1785243949,0.06,0.1,0.08,32.0,1785243600.0,0.05,0.1,0.08,32.0,True
KXITFWMATCH-26JUL28HERMAN-HER,1785244249,0.72,0.79,,0.0,1785243600.0,0.72,0.78,,0.0,True
KXITFWMATCH-26JUL28SCHGOB-GOB,1785244866,0.28,0.37,,0.0,1785243600.0,0.28,0.37,,0.0,True
KXITFWMATCH-26JUL28JEOPRE-JEO,1785245150,0.46,0.51,,0.0,1785243600.0,0.47,0.52,,0.0,True
KXITFWMATCH-26JUL28JAUDAN-DAN,1785245466,0.41,0.44,,0.0,1785243600.0,0.41,0.44,,0.0,True
KXITFWMATCH-26JUL28SOUURR-SOU,1785245745,0.05,0.75,,0.0,1785225600.0,0.05,0.75,,0.0,True
KXITFWMATCH-26JUL28LLEKON-KON,1785246942,0.38,0.44,,0.0,1785243600.0,0.38,0.44,,0.0,True
KXITFWMATCH-26JUL28VERVIJ-VER,1785246943,0.81,0.93,0.92,62.0,1785240000.0,0.57,0.94,0.92,20.0,True
KXITFWMATCH-26JUL28MARHOV-HOV,1785247263,0.6,0.71,,0.0,1785247200.0,0.64,0.7,,0.0,True
KXITFWMATCH-26JUL28ELJSIM-ELJ,1785247264,0.75,0.83,,0.0,1785247200.0,0.78,0.83,,0.0,True
KXITFWMATCH-26JUL28GRASTE-GRA,1785247266,0.7,0.71,,0.0,1785247200.0,0.68,0.72,,0.0,True
KXITFWMATCH-26JUL28CLAFOS-CLA,1785248034,0.25,0.31,0.28,391.0,1785247200.0,0.26,0.32,0.28,391.0,True
KXITFWMATCH-26JUL28KONALV-ALV,1785248456,0.08,0.92,,0.0,1785247200.0,0.08,0.92,,0.0,True
KXITFWMATCH-26JUL28NAVSAN-NAV,1785248457,0.06,0.92,,0.0,1785247200.0,0.06,0.92,,0.0,True
KXITFWMATCH-26JUL28BRODES-BRO,1785249664,0.52,0.53,0.54,17.94,1785247200.0,0.5,0.54,,0.0,True
KXITFWMATCH-26JUL28IVAAKL-AKL,1785250258,0.81,0.84,0.84,370.15,1785247200.0,0.8,0.84,0.84,370.15,True
KXITFWMATCH-26JUL28CARKHA-CAR,1785250858,0.3,0.33,0.31,5.0,1785250800.0,0.23,0.31,,0.0,True
KXITFWMATCH-26JUL28LAREST-EST,1785251448,0.34,0.68,,0.0,1785250800.0,0.28,0.79,,0.0,True
KXITFWMATCH-26JUL28NEWHAZ-HAZ,1785251757,0.19,0.23,,0.0,1785250800.0,0.2,0.27,,0.0,True
KXITFWMATCH-26JUL28DIGMIK-DIG,1785252342,0.4,0.41,,0.0,1785250800.0,0.4,0.42,,0.0,True
KXITFWMATCH-26JUL28VERREG-REG,1785253560,0.42,0.44,0.45,426.71,1785250800.0,0.41,0.45,0.45,426.71,True
KXITFWMATCH-26JUL28ANGCRO-ANG,1785253864,0.27,0.3,0.44,96.0,1785250800.0,0.27,0.3,0.44,96.0,True
KXITFWMATCH-26JUL28ZHUHRA-HRA,1785254152,0.54,0.56,0.58,237.0,1785250800.0,0.49,0.56,,0.0,True
KXITFWMATCH-26JUL28COLKOI-COL,1785254757,0.31,0.32,,0.0,1785254400.0,0.28,0.34,,0.0,True
KXITFWMATCH-26JUL28AGUHAR-AGU,1785255061,0.35,0.39,0.41,6.0,1785254400.0,0.47,0.53,,0.0,True
KXITFWMATCH-26JUL28ZORROM-ROM,1785255689,0.72,0.77,,0.0,1785254400.0,0.6,0.77,,0.0,True
KXITFWMATCH-26JUL28HRDMAR-HRD,1785255689,0.31,0.34,,0.0,1785254400.0,0.31,0.35,,0.0,True
KXITFWMATCH-26JUL28KULFRO-FRO,1785257182,0.42,0.43,0.43,4.21,1785254400.0,0.42,0.44,,0.0,True
KXITFWMATCH-26JUL28SAIPER-PER,1785258376,0.23,0.24,0.24,53.16,1785258000.0,0.18,0.21,0.21,39.58,True
KXITFWMATCH-26JUL28ALOMAR-ALO,1785263827,0.79,0.82,0.83,184.11,1785261600.0,0.79,0.83,0.8,181.11,True
KXITFWMATCH-26JUL28SAFPRI-PRI,1785264261,0.79,0.81,0.8,299.33000000000004,1785261600.0,0.76,0.79,0.79,288.23,True
KXITFWMATCH-26JUL28SHAKHA-KHA,1785274391,0.85,0.88,0.88,23.759999999999998,1785272400.0,0.85,0.88,0.88,23.759999999999998,True
KXITFWMATCH-26JUL28DALGIL-DAL,1785274680,0.1,0.14,0.15,36.400000000000006,1785272400.0,0.08,0.22,,0.0,True
KXITFWMATCH-26JUL28TAYYOS-TAY,1785275277,0.24,0.26,,0.0,1785272400.0,0.26,0.29,,0.0,True
KXITFWMATCH-26JUL28SIBSEL-SEL,1785280406,0.46,0.52,,0.0,1785279600.0,0.46,0.52,,0.0,True
KXITFWMATCH-26JUL28UEMBEC-BEC,1785280406,0.39,0.42,,0.0,1785279600.0,0.39,0.42,,0.0,True
KXITFWMATCH-26JUL28UCHLOP-LOP,1785282851,0.12,0.16,0.15,31.46,1785279600.0,0.12,0.15,,0.0,True
KXITFWMATCH-26JUL28TSACOO-COO,1785285240,0.12,0.13,0.13,413.83,1785283200.0,0.11,0.14,0.14,377.08,True
KXITFWMATCH-26JUL28YANLIN-LIN,1785286753,0.27,0.3,0.3,3.16,1785283200.0,0.27,0.3,,0.0,True
KXITFWMATCH-26JUL28WANTHO-THO,1785287930,0.4,0.43,0.45,2.13,1785286800.0,0.39,0.44,,0.0,True
KXITFWMATCH-26JUL28APISYM-API,1785288507,0.48,0.55,0.54,9452.84,1785286800.0,0.39,0.43,0.43,6064.5,True
KXITFWMATCH-26JUL29LEESAG-LEE,1785291555,0.66,0.67,0.67,1259.5,1785290400.0,0.66,0.67,0.67,1256.5,True
KXITFWMATCH-26JUL29HOSDYU-DYU,1785292111,0.5,0.52,0.52,0.34,1785290400.0,0.5,0.52,0.52,0.34,True
KXITFWMATCH-26JUL29SOZMIL-MIL,1785292112,0.87,0.9,0.91,21.869999999999997,1785290400.0,0.87,0.89,0.91,21.869999999999997,True
KXITFWMATCH-26JUL29MALMAM-MAL,1785294828,0.23,0.27,,0.0,1785294000.0,0.23,0.28,,0.0,True
KXITFWMATCH-26JUL29MAKKUZ-KUZ,1785295426,0.06,0.08,0.07,1193.1299999999999,1785294000.0,0.06,0.07,0.07,598.13,True
KXITFWMATCH-26JUL29YOSKIM-KIM,1785296021,0.4,0.44,0.43,6.23,1785294000.0,0.4,0.44,0.43,6.23,True
KXITFWMATCH-26JUL29DESJAN-DES,1785296346,0.67,0.69,0.7,0.55,1785294000.0,0.68,0.7,0.7,0.55,True
KXITFWMATCH-26JUL29MUNDJE-DJE,1785296921,0.03,0.05,0.05,3346.5699999999997,1785294000.0,0.03,0.06,0.04,2584.23,True
KXITFWMATCH-26JUL29ARAROT-ARA,1785298417,0.67,0.72,0.73,0.6,1785297600.0,0.66,0.72,0.73,0.6,True
KXITFWMATCH-26JUL29HADMAS-HAD,1785299942,0.76,0.8,,0.0,1785297600.0,0.22,0.91,,0.0,True
KXITFWMATCH-26JUL29GRAKOR-GRA,1785299942,0.93,0.95,0.95,96.1,1785297600.0,0.93,0.94,0.9,94.0,True
KXITFWMATCH-26JUL29BOJFER-BOJ,1785302342,0.77,0.81,0.81,0.85,1785301200.0,0.76,0.79,0.81,0.85,True
KXITFWMATCH-26JUL29KOMZHE-KOM,1785302342,0.21,0.22,0.22,384.74,1785301200.0,0.21,0.22,0.22,247.42000000000002,True
KXITFWMATCH-26JUL29HERNGI-HER,1785302904,0.36,0.41,0.41,57.47,1785301200.0,0.36,0.41,0.41,55.13,True
KXITFWMATCH-26JUL29FRUGOI-FRU,1785303196,0.83,0.87,0.87,20.919999999999998,1785301200.0,0.84,0.87,0.87,20.63,True
KXITFWMATCH-26JUL29FORWYS-FOR,1785303790,0.54,0.58,0.58,260.12,1785301200.0,0.54,0.58,0.58,260.12,True
KXITFWMATCH-26JUL29RYSSAL-RYS,1785304090,0.95,0.97,0.96,894.5100000000001,1785301200.0,0.95,0.97,0.95,819.4100000000001,True
KXITFWMATCH-26JUL29VALREV-REV,1785304090,0.03,0.05,0.05,281.15999999999997,1785301200.0,0.03,0.05,0.05,140.56,True
KXITFWMATCH-26JUL29VANBUL-BUL,1785304393,0.73,0.79,0.79,0.77,1785301200.0,0.74,0.79,0.79,0.77,True
KXITFWMATCH-26JUL29WIRGNI-GNI,1785304682,0.49,0.5,0.5,22.93,1785301200.0,0.49,0.5,0.43,21.0,True
KXITFWMATCH-26JUL29HERPIG-HER,1785304683,0.6,0.63,0.62,3.21,1785301200.0,0.59,0.63,0.62,3.21,True
KXITFWMATCH-26JUL29PODCAK-CAK,1785304999,0.13,0.15,0.14,56.0,1785304800.0,0.12,0.14,0.17,25.0,True
KXITFWMATCH-26JUL29BAIOGU-BAI,1785305595,0.85,0.9,,0.0,1785304800.0,0.85,0.9,,0.0,True
KXITFWMATCH-26JUL29SAKFER-FER,1785305596,0.92,0.94,0.92,30.0,1785304800.0,0.92,0.94,0.92,30.0,True
KXITFWMATCH-26JUL29NUPRAB-NUP,1785305883,0.4,0.44,,0.0,1785304800.0,0.41,0.45,,0.0,True
KXITFWMATCH-26JUL29NAJLUC-LUC,1785306210,0.61,0.67,0.72,212.59,1785304800.0,0.62,0.66,0.72,212.59,True
KXITFWMATCH-26JUL29NUUCHL-CHL,1785306211,0.43,0.47,,0.0,1785304800.0,0.06,0.91,,0.0,True
KXITFWMATCH-26JUL29YULSLA-SLA,1785306477,0.49,0.51,,0.0,1785304800.0,0.49,0.51,,0.0,True
KXITFWMATCH-26JUL29RUSMIN-MIN,1785306784,0.6,0.63,0.65,0.47,1785304800.0,0.59,0.63,0.65,0.47,True
KXITFWMATCH-26JUL29HEUDES-DES,1785307091,0.45,0.5,0.46,447.29,1785304800.0,0.46,0.49,0.5,44.32,True
KXITFWMATCH-26JUL29VALKIT-KIT,1785307095,0.73,0.74,0.68,15.0,1785304800.0,0.73,0.75,0.68,15.0,True
KXITFWMATCH-26JUL29FITZAN-FIT,1785307378,0.48,0.52,,0.0,1785304800.0,0.49,0.53,,0.0,True
KXITFWMATCH-26JUL29BURLOH-BUR,1785307676,0.93,0.96,0.96,603.1,1785304800.0,0.94,0.96,0.96,603.1,True
KXITFWMATCH-26JUL29MUSCHA-CHA,1785307972,0.47,0.53,,0.0,1785304800.0,0.48,0.53,,0.0,True
KXITFWMATCH-26JUL29YAOBAC-BAC,1785307973,0.65,0.68,0.64,4.0,1785304800.0,0.66,0.71,0.64,4.0,True
KXITFWMATCH-26JUL29MARABE-ABE,1785308263,0.92,0.95,0.95,37.51,1785304800.0,0.92,0.95,0.92,30.0,True
KXITFWMATCH-26JUL29KOVRUA-KOV,1785308575,0.38,0.42,0.34,23.0,1785308400.0,0.38,0.42,0.34,23.0,True
KXITFWMATCH-26JUL29OLISHO-OLI,1785308865,0.05,0.06,0.06,503.73,1785308400.0,0.05,0.07,0.07,213.17,True
KXITFWMATCH-26JUL29PATARY-ARY,1785308865,0.87,0.89,0.89,22.599999999999998,1785308400.0,0.87,0.89,0.89,22.599999999999998,True
KXITFWMATCH-26JUL29TIGDRA-DRA,1785309156,0.35,0.38,0.38,112.69,1785308400.0,0.35,0.38,0.38,112.69,True
KXITFWMATCH-26JUL29APPKUZ-APP,1785309448,0.48,0.49,0.47,901.0,1785308400.0,0.46,0.49,0.47,901.0,True
KXITFWMATCH-26JUL29OBRFER-FER,1785309461,0.24,0.25,0.26,36.59,1785308400.0,0.24,0.25,0.26,36.59,True
KXITFWMATCH-26JUL29BATBAZ-BAT,1785310038,0.37,0.41,0.39,346.03999999999996,1785308400.0,0.36,0.39,0.39,346.03999999999996,True
KXITFWMATCH-26JUL29SISTEI-SIS,1785310641,0.95,0.97,0.97,1991.1,1785308400.0,0.93,0.95,0.96,1651.1,True
KXITFWMATCH-26JUL29HANTSY-HAN,1785310947,0.05,0.06,0.06,287.34000000000003,1785308400.0,0.05,0.06,0.06,287.34000000000003,True
KXITFWMATCH-26JUL29PACPIE-PAC,1785310948,0.47,0.5,,0.0,1785308400.0,0.47,0.5,,0.0,True
KXITFWMATCH-26JUL29BANKSA-BAN,1785311540,0.48,0.53,,0.0,1785308400.0,0.48,0.53,,0.0,True
KXITFWMATCH-26JUL29POLGOL-GOL,1785311861,0.07,0.09,0.1,55.81,1785308400.0,0.06,0.11,0.1,55.81,True
KXITFWMATCH-26JUL29BLAVIR-BLA,1785312149,0.27,0.32,0.32,32.68,1785312000.0,0.27,0.32,0.32,32.68,True
KXITFWMATCH-26JUL29DROKOL-DRO,1785312429,0.49,0.52,,0.0,1785312000.0,0.49,0.53,,0.0,True
KXITFWMATCH-26JUL29KONPET-KON,1785312734,0.68,0.69,0.72,659.59,1785312000.0,0.67,0.69,0.72,659.59,True
KXITFWMATCH-26JUL29MATVAN-MAT,1785313045,0.56,0.58,0.61,294.0,1785312000.0,0.55,0.6,0.61,294.0,True
KXITFWMATCH-26JUL29SCHFON-FON,1785313048,0.08,0.09,0.09,170.61,1785312000.0,0.08,0.09,0.09,134.17,True
KXITFWMATCH-26JUL29FAVAHT-AHT,1785313342,0.27,0.29,,0.0,1785312000.0,0.27,0.29,,0.0,True
KXITFWMATCH-26JUL29PARPAL-PAL,1785313345,0.72,0.76,,0.0,1785312000.0,0.72,0.76,,0.0,True
KXITFWMATCH-26JUL29VANSTA-STA,1785313628,0.84,0.89,,0.0,1785312000.0,0.84,0.89,,0.0,True
KXITFWMATCH-26JUL29LUKJAK-JAK,1785313944,0.47,0.5,,0.0,1785312000.0,0.46,0.5,,0.0,True
KXITFWMATCH-26JUL29NOEFAL-FAL,1785314217,0.74,0.78,,0.0,1785312000.0,0.74,0.78,,0.0,True
KXITFWMATCH-26JUL29ZELDAN-DAN,1785314525,0.19,0.23,,0.0,1785312000.0,0.2,0.23,,0.0,True
KXITFWMATCH-26JUL29CHEYES-CHE,1785315436,0.61,0.64,0.67,40.89,1785312000.0,0.62,0.66,0.67,40.89,True
KXITFWMATCH-26JUL29TREEBS-EBS,1785315735,0.06,0.09,0.11,9.01,1785315600.0,0.07,0.09,0.11,9.01,True
KXITFWMATCH-26JUL29PIKGEE-GEE,1785315737,0.94,0.96,0.97,542.1,1785315600.0,0.95,0.97,0.97,542.1,True
KXITFWMATCH-26JUL29BOSSAL-BOS,1785315746,0.25,0.29,,0.0,1785315600.0,0.26,0.29,,0.0,True
KXITFWMATCH-26JUL29AUEKOV-AUE,1785316324,0.69,0.74,0.7,2489.8,1785315600.0,0.72,0.74,0.7,2489.8,True
KXITFWMATCH-26JUL29TRAHIE-HIE,1785316621,0.91,0.92,0.92,197.15,1785315600.0,0.91,0.92,0.92,197.15,True
KXITFWMATCH-26JUL29SVAKUL-KUL,1785316932,0.29,0.32,,0.0,1785315600.0,0.29,0.32,,0.0,True
KXITFWMATCH-26JUL29JANIVA-IVA,1785316934,0.7,0.73,,0.0,1785315600.0,0.7,0.73,,0.0,True
KXITFWMATCH-26JUL29OKUPAS-OKU,1785316935,0.7,0.74,,0.0,1785315600.0,0.71,0.75,,0.0,True
KXITFWMATCH-26JUL29NGUEBE-EBE,1785317215,0.51,0.55,,0.0,1785315600.0,0.51,0.56,,0.0,True
KXITFWMATCH-26JUL29VANSEN-SEN,1785317536,0.65,0.7,,0.0,1785315600.0,0.65,0.7,,0.0,True
KXITFWMATCH-26JUL29EIGBAS-BAS,1785317539,0.74,0.78,,0.0,1785315600.0,0.74,0.78,,0.0,True
KXITFWMATCH-26JUL29CRAPAS-CRA,1785318113,0.37,0.84,,0.0,1785308400.0,0.37,0.84,,0.0,True
KXITFWMATCH-26JUL29ISHGAN-GAN,1785318433,0.34,0.4,,0.0,1785315600.0,0.34,0.39,,0.0,True
KXITFWMATCH-26JUL29KAJSTR-KAJ,1785318433,0.49,0.53,0.47,8.0,1785315600.0,0.49,0.53,0.47,8.0,True
KXITFWMATCH-26JUL29TOMBUR-BUR,1785319010,0.15,0.19,,0.0,1785315600.0,0.16,0.19,,0.0,True
KXITFWMATCH-26JUL29HILCRO-CRO,1785319599,0.92,0.94,0.92,30.0,1785319200.0,0.92,0.94,0.92,30.0,True
KXITFWMATCH-26JUL29MALRAJ-MAL,1785319912,0.39,0.44,,0.0,1785319200.0,0.39,0.44,,0.0,True
KXITFWMATCH-26JUL29ZHIDUD-DUD,1785319913,0.72,0.76,,0.0,1785319200.0,0.72,0.76,,0.0,True
KXITFWMATCH-26JUL29BORLAZ-BOR,1785320203,0.13,0.16,,0.0,1785319200.0,0.12,0.17,,0.0,True
KXITFWMATCH-26JUL29RODEGO-EGO,1785320516,0.9,0.92,,0.0,1785319200.0,0.25,0.91,,0.0,True
KXITFWMATCH-26JUL29BLOGHI-BLO,1785320816,0.18,0.22,,0.0,1785319200.0,0.17,0.22,,0.0,True
KXITFWMATCH-26JUL29CURJOR-CUR,1785320818,0.63,0.65,0.68,22.35,1785319200.0,0.63,0.65,0.68,22.35,True
KXITFWMATCH-26JUL29SLARAP-RAP,1785320822,0.8,0.83,,0.0,1785319200.0,0.8,0.84,,0.0,True
KXITFWMATCH-26JUL29HAABIO-BIO,1785321110,0.17,0.21,,0.0,1785319200.0,0.17,0.2,,0.0,True
KXITFWMATCH-26JUL29PERMAT-MAT,1785321113,0.91,0.94,0.94,149.54,1785319200.0,0.9,0.94,0.94,149.54,True
KXITFWMATCH-26JUL29HEWDEF-DEF,1785321393,0.38,0.42,,0.0,1785319200.0,0.37,0.41,,0.0,True
KXITFWMATCH-26JUL29SMIBRO-BRO,1785321394,0.95,0.96,0.95,884.0,1785319200.0,0.93,0.95,0.92,30.0,True
KXITFWMATCH-26JUL29MANBED-BED,1785321400,0.47,0.51,,0.0,1785319200.0,0.47,0.5,,0.0,True
KXITFWMATCH-26JUL29HOVPEN-HOV,1785321711,0.54,0.55,0.55,2578.74,1785319200.0,0.54,0.55,0.55,2578.74,True
KXITFWMATCH-26JUL29KLYETO-ETO,1785321993,0.32,0.34,0.37,201.69,1785319200.0,0.41,0.43,0.46,188.69,True
KXITFWMATCH-26JUL29GORPAS-GOR,1785322579,0.22,0.26,,0.0,1785319200.0,0.22,0.26,,0.0,True
KXITFWMATCH-26JUL29LEESIM-LEE,1785322581,0.81,0.86,,0.0,1785319200.0,0.82,0.87,,0.0,True
KXITFWMATCH-26JUL29BARMER-BAR,1785322587,0.1,0.14,,0.0,1785319200.0,0.1,0.15,,0.0,True
KXITFWMATCH-26JUL29PAPWEC-PAP,1785322959,0.83,0.84,0.81,1697.0,1785322800.0,0.78,0.8,0.82,3.0,True
KXITFWMATCH-26JUL29VRAYAM-VRA,1785322960,0.72,0.73,,0.0,1785322800.0,0.72,0.74,,0.0,True
KXITFWMATCH-26JUL29DANBAR-BAR,1785323174,0.74,0.8,,0.0,1785322800.0,0.74,0.8,,0.0,True
KXITFWMATCH-26JUL29SAHLUT-LUT,1785324382,0.73,0.78,0.69,3.06,1785322800.0,0.74,0.79,0.69,3.06,True
KXITFWMATCH-26JUL29BENDAE-BEN,1785324988,0.68,0.7,,0.0,1785322800.0,0.68,0.72,,0.0,True
KXITFWMATCH-26JUL29ADEZOC-ADE,1785325279,0.9,0.92,0.92,817.37,1785322800.0,0.9,0.92,0.91,816.83,True
KXITFWMATCH-26JUL29PLOKAN-KAN,1785325574,0.04,0.07,0.05,30.0,1785322800.0,0.04,0.07,0.05,30.0,True
KXITFWMATCH-26JUL29BOSAYA-AYA,1785325996,0.05,0.06,0.06,118.81,1785319200.0,0.05,0.06,0.06,118.81,True
KXITFWMATCH-26JUL29YAREWA-EWA,1785325997,0.96,0.98,0.97,3392.57,1785322800.0,0.96,0.98,0.97,3392.57,True
KXITFWMATCH-26JUL29PUIHEI-HEI,1785326282,0.21,0.24,,0.0,1785322800.0,0.21,0.24,,0.0,True
KXITFWMATCH-26JUL29SCHPED-PED,1785326285,0.94,0.95,0.95,364.0,1785322800.0,0.93,0.95,0.95,158.0,True
KXITFWMATCH-26JUL29JOVPET-JOV,1785326762,0.13,0.17,,0.0,1785326400.0,0.13,0.17,,0.0,True
KXITFWMATCH-26JUL29KARPOP-KAR,1785326762,0.74,0.78,,0.0,1785326400.0,0.74,0.79,,0.0,True
KXITFWMATCH-26JUL29MARURG-MAR,1785326764,0.21,0.22,0.27,10.0,1785326400.0,0.21,0.23,0.27,10.0,True
KXITFWMATCH-26JUL29SEMSZI-SEM,1785327072,0.07,0.23,,0.0,1785326400.0,0.12,0.28,,0.0,True
KXITFWMATCH-26JUL29CHASHC-CHA,1785327073,0.47,0.48,0.54,31.79,1785326400.0,0.47,0.5,0.54,31.79,True
KXITFWMATCH-26JUL29JASGAI-GAI,1785327380,0.23,0.26,0.25,559.0,1785326400.0,0.23,0.25,0.25,559.0,True
KXITFWMATCH-26JUL29MORMAH-MAH,1785327382,0.63,0.67,0.47,6.0,1785326400.0,0.41,0.47,,0.0,True
KXITFWMATCH-26JUL29BROAHN-AHN,1785327666,0.28,0.54,0.32,13.0,1785326400.0,0.21,0.54,0.32,13.0,True
KXITFWMATCH-26JUL29LABGER-GER,1785327666,0.27,0.31,,0.0,1785326400.0,0.27,0.31,,0.0,True
KXITFWMATCH-26JUL29STUCEM-CEM,1785327668,0.19,0.21,,0.0,1785326400.0,0.17,0.2,,0.0,True
KXITFWMATCH-26JUL29GOTTIL-GOT,1785327668,0.77,0.81,,0.0,1785326400.0,0.76,0.84,,0.0,True
KXITFWMATCH-26JUL29BRABUY-BRA,1785327669,0.83,0.85,0.82,374.27,1785326400.0,0.81,0.86,0.82,374.27,True
KXITFWMATCH-26JUL29SCHSEM-SCH,1785328267,0.35,0.38,0.37,1306.94,1785326400.0,0.35,0.38,0.37,1293.0,True
KXITFWMATCH-26JUL29KMIPOD-KMI,1785329456,0.26,0.3,,0.0,1785326400.0,0.25,0.3,,0.0,True
KXITFWMATCH-26JUL29DOUMOY-DOU,1785329457,0.03,0.06,0.06,5.0,1785326400.0,0.03,0.06,0.06,5.0,True
KXITFWMATCH-26JUL29BOYBRE-BOY,1785330064,0.45,0.52,0.52,30.51,1785330000.0,0.46,0.5,,0.0,True
KXITFWMATCH-26JUL29CHAMCN-CHA,1785330065,0.64,0.68,,0.0,1785330000.0,0.18,0.68,,0.0,True
KXITFWMATCH-26JUL29ALLGUZ-ALL,1785330066,0.89,0.94,0.94,298.0,1785330000.0,0.91,0.95,0.94,298.0,True
KXITFWMATCH-26JUL29FORSAN-FOR,1785330067,0.19,0.29,0.22,15.0,1785326400.0,0.18,0.29,0.22,15.0,True
KXITFWMATCH-26JUL29WATMAL-MAL,1785331254,0.81,0.85,,0.0,1785330000.0,0.8,0.85,,0.0,True
KXITFWMATCH-26JUL29SOTBUC-BUC,1785331542,0.92,0.94,0.92,16.13,1785330000.0,0.9,0.95,0.92,16.13,True
KXITFWMATCH-26JUL29WOBRIN-RIN,1785331543,0.7,0.72,,0.0,1785330000.0,0.69,0.72,,0.0,True
KXITFWMATCH-26JUL29GREPAL-GRE,1785332143,0.82,0.84,0.79,4.47,1785330000.0,0.81,0.85,0.79,4.47,True
KXITFWMATCH-26JUL29PANVAI-PAN,1785332143,0.11,0.13,0.14,134.07999999999998,1785330000.0,0.11,0.14,0.14,134.07999999999998,True
KXITFWMATCH-26JUL29VUJIVA-IVA,1785332148,0.3,0.32,0.38,170.0,1785330000.0,0.32,0.36,0.38,170.0,True
KXITFWMATCH-26JUL29PAWVIS-PAW,1785332447,0.39,0.41,,0.0,1785330000.0,0.39,0.4,,0.0,True
KXITFWMATCH-26JUL29ZHUKON-KON,1785333040,0.54,0.59,0.47,1725.0,1785330000.0,0.51,0.6,0.47,1725.0,True
KXITFWMATCH-26JUL29CATPEN-CAT,1785333328,0.19,0.22,0.21,2374.0,1785330000.0,0.17,0.22,0.24,2371.0,True
KXITFWMATCH-26JUL29RADSOR-RAD,1785333817,0.79,0.8,0.76,4.0,1785333600.0,0.79,0.8,0.76,4.0,True
KXITFWMATCH-26JUL29BONCIN-BON,1785333927,0.28,0.31,,0.0,1785333600.0,0.27,0.3,,0.0,True
KXITFWMATCH-26JUL29GONCCU-CCU,1785334230,0.15,0.18,,0.0,1785333600.0,0.13,0.16,,0.0,True
KXITFWMATCH-26JUL29MEDKAI-KAI,1785334956,0.48,0.51,0.52,130.0,1785333600.0,0.49,0.52,,0.0,True
KXITFWMATCH-26JUL29LIUALL-ALL,1785335443,0.12,0.15,,0.0,1785333600.0,0.11,0.15,,0.0,True
KXITFWMATCH-26JUL29MIXCHA-CHA,1785335446,0.59,0.61,0.61,193.0,1785333600.0,0.56,0.6,0.5,89.0,True
KXITFWMATCH-26JUL29MAQMAR-MAQ,1785335736,0.34,0.36,,0.0,1785333600.0,0.32,0.38,,0.0,True
KXITFWMATCH-26JUL29NISREE-NIS,1785336038,0.51,0.53,0.53,116.50999999999999,1785333600.0,0.51,0.53,0.52,62.51,True
KXITFWMATCH-26JUL29VOSSAA-SAA,1785336329,0.39,0.44,,0.0,1785333600.0,0.39,0.44,,0.0,True
KXITFWMATCH-26JUL29INOLIN-INO,1785337234,0.68,0.71,,0.0,1785337200.0,0.68,0.71,,0.0,True
KXITFWMATCH-26JUL29FAKNGU-FAK,1785337237,0.57,0.58,0.58,546.41,1785337200.0,0.57,0.58,0.58,546.41,True
KXITFWMATCH-26JUL29MORGOM-GOM,1785337828,0.07,0.9,,0.0,1785337200.0,0.07,0.91,,0.0,True
KXITFWMATCH-26JUL29PERBUL-BUL,1785339033,0.05,0.06,0.06,140.9,1785337200.0,0.05,0.06,,0.0,True
KXITFWMATCH-26JUL29NIESAM-NIE,1785339322,0.83,0.84,,0.0,1785337200.0,0.83,0.84,,0.0,True
KXITFWMATCH-26JUL29CASMON-CAS,1785341749,0.5,0.53,0.47,6.79,1785340800.0,0.49,0.54,0.47,6.79,True
KXITFWMATCH-26JUL29LARKAN-KAN,1785347482,0.08,0.09,0.1,118.0,1785344400.0,0.08,0.1,0.11,115.0,True
KXITFWMATCH-26JUL29GOMCRA-CRA,1785355921,0.88,0.89,0.88,825.23,1785355200.0,0.89,0.92,0.92,10.23,True
KXITFWMATCH-26JUL29SYMTHO-SYM,1785360726,0.27,0.31,0.31,24.15,1785358800.0,0.23,0.33,,0.0,True
KXITFWMATCH-26JUL29UCHKHA-KHA,1785360727,0.33,0.36,0.36,4.0,1785358800.0,0.34,0.37,0.36,4.0,True
KXITFWMATCH-26JUL29HONSTE-HON,1785361013,0.65,0.66,0.66,5.47,1785358800.0,0.65,0.66,0.68,4.0,True
KXITFWMATCH-26JUL29YANARA-ARA,1785361910,0.11,0.12,0.12,657.49,1785358800.0,0.11,0.12,0.12,485.73,True
KXITFWMATCH-26JUL29WEBGIL-GIL,1785364608,0.22,0.24,0.24,9.86,1785362400.0,0.21,0.24,,0.0,True
KXITFWMATCH-26JUL29UEMTAY-TAY,1785365810,0.49,0.53,0.53,156.05999999999997,1785362400.0,0.49,0.53,0.53,154.23999999999998,True
KXITFWMATCH-26JUL29TSAALA-ALA,1785366137,0.29,0.34,,0.0,1785366000.0,0.3,0.35,,0.0,True
KXITFWMATCH-26JUL29SIBMIL-MIL,1785371817,0.4,0.44,,0.0,1785369600.0,0.4,0.44,,0.0,True
KXITFWMATCH-26JUL30KIMNUP-KIM,1785378513,0.64,0.65,0.67,126.02,1785376800.0,0.66,0.67,0.68,125.52,True
KXITFWMATCH-26JUL30KORIMX-IMX,1785379634,0.04,0.94,,0.0,1785369600.0,0.04,0.94,,0.0,True
KXITFWMATCH-26JUL30KENZEL-KEN,1785380550,0.18,0.19,0.19,56.91,1785380400.0,0.19,0.3,0.19,40.25,True
KXITFWMATCH-26JUL30BATMIL-BAT,1785387788,0.13,0.15,0.15,1080.35,1785387600.0,0.11,0.13,0.13,11.29,True
KXITFWMATCH-26JUL30ROTARY-ARY,1785387789,0.68,0.72,0.72,23.73,1785387600.0,0.66,0.72,0.72,16.93,True
KXITFWMATCH-26JUL30GRAHAD-GRA,1785387790,0.85,0.88,,0.0,1785387600.0,0.84,0.88,,0.0,True
KXITFWMATCH-26JUL30PAGIVA-IVA,1785387791,0.27,0.3,0.29,200.0,1785387600.0,0.27,0.28,0.29,200.0,True
KXITFWMATCH-26JUL30TOMPUI-PUI,1785387791,0.07,0.1,0.1,292.83,1785387600.0,0.07,0.1,0.1,274.02,True
KXITFWMATCH-26JUL30ZHENUU-NUU,1785387792,0.63,0.65,0.65,516.47,1785387600.0,0.63,0.65,0.65,516.47,True
KXITFWMATCH-26JUL30AITBUL-AIT,1785388016,0.28,0.29,0.29,411.14,1785387600.0,0.27,0.29,0.28,398.0,True
KXITFWMATCH-26JUL30DESMAM-DES,1785394026,0.24,0.26,0.26,500.09000000000003,1785391200.0,0.24,0.26,0.26,489.12,True
KXITFWMATCH-26JUL30MAKDYU-DYU,1785394027,0.09,0.1,0.1,4069.86,1785391200.0,0.06,0.07,0.07,1017.1600000000001,True
KXITFWMATCH-26JUL30SHOLEE-LEE,1785394027,0.28,0.3,0.3,412.44,1785391200.0,0.29,0.32,0.29,93.0,True
KXITFWMATCH-26JUL30ZOZELA-ELA,1785394028,0.55,0.57,0.57,3766.7400000000002,1785391200.0,0.53,0.56,0.57,0.38,True
KXITFWMATCH-26JUL30BOJJAS-BOJ,1785394028,0.68,0.72,0.72,0.59,1785391200.0,0.67,0.72,0.72,0.59,True
KXITFWMATCH-26JUL30FORGNI-FOR,1785394029,0.74,0.76,0.76,366.22,1785391200.0,0.74,0.76,0.76,351.67,True
KXITFWMATCH-26JUL30DROLUC-DRO,1785394029,0.8,0.81,0.8,179.11,1785391200.0,0.8,0.81,0.8,177.26000000000002,True
KXITFWMATCH-26JUL30GHIFAV-FAV,1785394030,0.12,0.13,0.13,61.0,1785391200.0,0.11,0.13,0.16,16.0,True
KXITFWMATCH-26JUL30PLOSEN-PLO,1785394031,0.23,0.24,0.22,54.0,1785391200.0,0.23,0.25,0.22,54.0,True
KXITFWMATCH-26JUL30TREKOV-KOV,1785394031,0.05,0.06,0.06,2536.91,1785391200.0,0.05,0.06,0.05,343.27,True
KXITFWMATCH-26JUL30GARCEN-CEN,1785394032,0.68,0.69,0.68,15.6,1785391200.0,0.69,0.7,0.69,6.6,True
KXITFWMATCH-26JUL30GALCUR-CUR,1785394032,0.84,0.85,0.85,1721.82,1785391200.0,0.84,0.85,0.84,1721.1499999999999,True
KXITFWMATCH-26JUL30PODLAZ-LAZ,1785394033,0.63,0.64,0.66,123.48,1785391200.0,0.62,0.66,0.66,123.48,True
KXITFWMATCH-26JUL30RUSSER-RUS,1785394033,0.73,0.77,0.77,0.7,1785391200.0,0.72,0.76,0.77,0.7,True
KXITFWMATCH-26JUL30BASFER-BAS,1785394034,0.2,0.21,,0.0,1785391200.0,0.2,0.21,,0.0,True
KXITFWMATCH-26JUL30BLAAPP-APP,1785394034,0.62,0.63,0.64,243.14,1785391200.0,0.62,0.63,0.62,89.14,True
KXITFWMATCH-26JUL30KLIVLA-KLI,1785394035,0.86,0.89,,0.0,1785391200.0,0.86,0.9,,0.0,True
KXITFWMATCH-26JUL30NIJHRU-HRU,1785394035,0.87,0.9,,0.0,1785391200.0,0.88,0.91,,0.0,True
KXITFWMATCH-26JUL30BRESZI-BRE,1785394302,0.08,0.09,0.09,408.36,1785391200.0,0.08,0.09,0.1,88.0,True
KXITFWMATCH-26JUL30ZELBRU-BRU,1785394598,0.17,0.2,0.19,4.0,1785391200.0,0.17,0.2,0.19,4.0,True
KXITFWMATCH-26JUL30KITCHA-CHA,1785394608,0.59,0.63,,0.0,1785391200.0,0.59,0.63,,0.0,True
KXITFWMATCH-26JUL30MUNCOR-COR,1785394921,0.15,0.17,0.16,620.8,1785394800.0,0.15,0.17,0.16,1.0,True
KXITFWMATCH-26JUL30LEKPET-LEK,1785394921,0.14,0.18,0.23,10.0,1785394800.0,0.14,0.18,0.23,10.0,True
KXITFWMATCH-26JUL30NGIGEE-GEE,1785394922,0.93,0.95,,0.0,1785394800.0,0.93,0.95,,0.0,True
KXITFWMATCH-26JUL30VALVAN-VAL,1785395184,0.84,0.86,0.86,171.54000000000002,1785394800.0,0.83,0.86,0.86,171.54000000000002,True
KXITFWMATCH-26JUL30SAIOKU-OKU,1785395506,0.5,0.51,0.52,24.0,1785394800.0,0.48,0.52,,0.0,True
KXITFWMATCH-26JUL30BIOGRE-BIO,1785396098,0.51,0.52,0.52,1464.0700000000002,1785394800.0,0.49,0.52,0.51,1463.0700000000002,True
KXITFWMATCH-26JUL30KSAGOR-GOR,1785396381,0.48,0.49,0.49,259.74,1785394800.0,0.47,0.48,0.47,219.74,True
KXITFWMATCH-26JUL30BALDIG-BAL,1785396382,0.69,0.71,0.72,1279.37,1785394800.0,0.69,0.72,0.72,1144.37,True
KXITFWMATCH-26JUL30SAGMER-MER,1785396991,0.85,0.88,0.88,20.36,1785394800.0,0.85,0.87,0.88,20.36,True
KXITFWMATCH-26JUL30SLAMAN-MAN,1785398179,0.64,0.65,0.64,1178.78,1785394800.0,0.64,0.65,0.64,1178.78,True
KXITFWMATCH-26JUL30ZUCVIR-VIR,1785398773,0.16,0.24,0.2,47.4,1785398400.0,0.17,0.19,0.2,47.4,True
KXITFWMATCH-26JUL30GOIPET-GOI,1785399086,0.21,0.29,,0.0,1785398400.0,0.23,0.26,,0.0,True
KXITFWMATCH-26JUL30HIELEN-HIE,1785399095,0.36,0.38,0.35,256.0,1785398400.0,0.36,0.37,0.35,256.0,True
KXITFWMATCH-26JUL30MIKDES-DES,1785399376,0.23,0.29,,0.0,1785398400.0,0.24,0.27,,0.0,True
KXITFWMATCH-26JUL30VRAVAN-VAN,1785399378,0.46,0.48,0.43,37.0,1785398400.0,0.46,0.47,0.43,37.0,True
KXITFWMATCH-26JUL30MATIVA-IVA,1785399712,0.38,0.46,,0.0,1785398400.0,0.37,0.42,,0.0,True
KXITFWMATCH-26JUL30SCHYAO-SCH,1785399713,0.74,0.78,,0.0,1785398400.0,0.74,0.77,,0.0,True
KXITFWMATCH-26JUL30GRASIS-GRA,1785400292,0.57,0.6,,0.0,1785398400.0,0.58,0.61,,0.0,True
KXITFWMATCH-26JUL30PIGWER-PIG,1785400301,0.54,0.57,0.55,1474.69,1785398400.0,0.54,0.55,0.55,1413.0,True
KXITFWMATCH-26JUL30EWANOE-EWA,1785400865,0.62,0.65,0.64,315.4,1785398400.0,0.63,0.64,0.64,315.4,True
KXITFWMATCH-26JUL30SVAPOL-POL,1785401482,0.11,0.18,0.13,993.23,1785398400.0,0.12,0.13,0.13,870.23,True
KXITFWMATCH-26JUL30FRISAL-FRI,1785401483,0.22,0.26,0.26,440.08,1785398400.0,0.25,0.26,0.26,440.08,True
KXITFWMATCH-26JUL30KARABE-ABE,1785401484,0.58,0.6,0.58,652.95,1785398400.0,0.58,0.6,0.6,649.95,True
KXITFWMATCH-26JUL30ETOVAI-ETO,1785402078,0.03,0.07,0.06,454.77,1785398400.0,0.04,0.06,0.06,454.77,True
KXITFWMATCH-26JUL30PALURG-PAL,1785402353,0.46,0.52,0.5,426.0,1785398400.0,0.47,0.5,0.5,426.0,True
KXITFWMATCH-26JUL30KAJPOD-KAJ,1785403265,0.21,0.25,0.21,96.0,1785398400.0,0.22,0.25,0.21,96.0,True
KXITFWMATCH-26JUL30ARGOBR-ARG,1785403266,0.49,0.53,,0.0,1785398400.0,0.49,0.53,,0.0,True
KXITFWMATCH-26JUL30RUASTA-RUA,1785403549,0.54,0.59,0.53,75.0,1785402000.0,0.56,0.58,0.53,75.0,True
KXITFWMATCH-26JUL30MASKON-KON,1785403555,0.79,0.83,,0.0,1785398400.0,0.79,0.83,,0.0,True
KXITFWMATCH-26JUL30PAPYES-PAP,1785403863,0.66,0.7,0.7,52.34,1785402000.0,0.66,0.7,0.7,52.34,True
KXITFWMATCH-26JUL30TIGLAZ-LAZ,1785405047,0.8,0.84,,0.0,1785402000.0,0.8,0.84,,0.0,True
KXITFWMATCH-26JUL30MORADE-ADE,1785405048,0.35,0.39,0.35,7.0,1785398400.0,0.35,0.39,0.35,7.0,True
KXITFWMATCH-26JUL30LUTKHA-KHA,1785405050,0.61,0.8,,0.0,1785402000.0,0.61,0.65,,0.0,True
KXITFWMATCH-26JUL30CRABER-BER,1785405344,0.3,0.31,0.29,32.0,1785398400.0,0.3,0.31,0.29,32.0,True
KXITFWMATCH-26JUL30HAZVOL-HAZ,1785405783,0.15,0.22,0.17,4.0,1785405600.0,0.16,0.26,0.17,4.0,True
KXITFWMATCH-26JUL30BAISPI-BAI,1785406068,0.72,0.76,,0.0,1785405600.0,0.69,0.77,,0.0,True
KXITFWMATCH-26JUL30DUPBUR-BUR,1785406254,0.59,0.62,0.59,10.0,1785405600.0,0.55,0.63,,0.0,True
KXITFWMATCH-26JUL30HERPEN-HER,1785406554,0.63,0.68,,0.0,1785405600.0,0.69,0.73,,0.0,True
KXITFWMATCH-26JUL30CHAPEN-CHA,1785407145,0.4,0.44,,0.0,1785405600.0,0.4,0.44,,0.0,True
KXITFWMATCH-26JUL30RAJDUD-DUD,1785407742,0.71,0.74,0.72,2.04,1785405600.0,0.69,0.74,0.72,2.04,True
KXITFWMATCH-26JUL30KLUEKS-EKS,1785408655,0.16,0.2,0.17,4.0,1785405600.0,0.16,0.2,,0.0,True
KXITFWMATCH-26JUL30ISHSAT-ISH,1785409263,0.16,0.5,0.45,1.0,1785409200.0,0.42,0.51,0.45,1.0,True
KXITFWMATCH-26JUL30MEDEGO-EGO,1785409859,0.95,0.97,0.97,2874.07,1785409200.0,0.97,0.98,0.98,2720.07,True
KXITFWMATCH-26JUL30BROPAR-BRO,1785410152,0.58,0.61,0.57,5.0,1785409200.0,0.46,0.74,0.57,5.0,True
KXITFWMATCH-26JUL30GOMPED-GOM,1785410449,0.06,0.15,0.07,14.0,1785409200.0,0.03,0.29,,0.0,True
KXITFWMATCH-26JUL30CHADAN-CHA,1785410738,0.77,0.78,,0.0,1785409200.0,0.77,0.81,,0.0,True
KXITFWMATCH-26JUL30CEXLIM-CEX,1785411039,0.52,0.56,,0.0,1785409200.0,0.52,0.59,,0.0,True
KXITFWMATCH-26JUL30BARALV-ALV,1785411040,0.93,0.95,,0.0,1785409200.0,0.93,0.95,,0.0,True
KXITFWMATCH-26JUL30TIKLUK-LUK,1785411934,0.59,0.63,0.63,3.09,1785409200.0,0.56,0.64,0.63,3.09,True
KXITFWMATCH-26JUL30BRONGU-BRO,1785412536,0.39,0.41,0.4,61.0,1785409200.0,0.16,0.54,0.4,61.0,True
KXITFWMATCH-26JUL30LIUFOS-FOS,1785413131,0.07,0.09,0.08,78.74,1785412800.0,0.06,0.08,0.11,67.0,True
KXITFWMATCH-26JUL30VERCRO-CRO,1785413439,0.82,0.86,,0.0,1785412800.0,0.82,0.87,,0.0,True
KXITFWMATCH-26JUL30ALLPAW-ALL,1785413731,0.57,0.6,,0.0,1785412800.0,0.57,0.6,,0.0,True
KXITFWMATCH-26JUL30LABMOY-LAB,1785414927,0.43,0.46,,0.0,1785412800.0,0.42,0.47,,0.0,True
KXITFWMATCH-26JUL30SAABUC-BUC,1785416121,0.96,0.97,0.95,2165.0,1785412800.0,0.95,0.97,0.97,852.0,True
KXITFWMATCH-26JUL30RYSRAD-RAD,1785416728,0.1,0.12,0.11,194.57,1785416400.0,0.09,0.12,,0.0,True
KXITFWMATCH-26JUL30NAVALL-ALL,1785416730,0.85,0.87,0.82,88.26,1785416400.0,0.85,0.87,0.82,88.26,True
KXITFWMATCH-26JUL30ZHUMAH-MAH,1785418232,0.68,0.72,0.72,1.0,1785416400.0,0.68,0.71,,0.0,True
KXITFWMATCH-26JUL30EBEMAQ-EBE,1785418234,0.59,0.61,,0.0,1785416400.0,0.58,0.61,,0.0,True
KXITFWMATCH-26JUL30GONMAT-GON,1785420038,0.59,0.62,0.62,944.5300000000001,1785420000.0,0.56,0.6,0.59,157.08,True
KXITFWMATCH-26JUL30FIRNIE-FIR,1785420311,0.36,0.38,,0.0,1785420000.0,0.35,0.37,,0.0,True
KXITFWMATCH-26JUL30PERCIN-CIN,1785420621,0.14,0.15,0.17,5.52,1785420000.0,0.13,0.17,,0.0,True
KXITFWMATCH-26JUL30PRIALO-ALO,1785420623,0.11,0.14,0.14,59.0,1785420000.0,0.11,0.14,0.14,59.0,True
KXITFWMATCH-26JUL30LARCAS-CAS,1785420911,0.06,0.07,0.07,80.47,1785420000.0,0.05,0.08,0.07,13.41,True
KXITFWMATCH-26JUL30ROMURR-ROM,1785421513,0.14,0.15,0.16,6.87,1785420000.0,0.14,0.15,0.13,1.0,True
KXITFWMATCH-26JUL30BENRIN-BEN,1785421821,0.35,0.36,,0.0,1785420000.0,0.35,0.36,,0.0,True
KXITFWMATCH-26JUL30PREAKL-AKL,1785422414,0.47,0.5,,0.0,1785420000.0,0.47,0.51,,0.0,True
KXITFWMATCH-26JUL30LEEHEW-HEW,1785423014,0.53,0.57,,0.0,1785420000.0,0.53,0.56,,0.0,True
KXITFWMATCH-26JUL30ZHUBRO-BRO,1785423303,0.92,0.94,0.93,5.0,1785420000.0,0.93,0.95,,0.0,True
KXITFWMATCH-26JUL30REGMAR-MAR,1785424503,0.9,0.92,0.88,29.0,1785423600.0,0.87,0.91,0.88,29.0,True
KXITFWMATCH-26JUL30RAPCOL-COL,1785425097,0.25,0.27,,0.0,1785423600.0,0.23,0.28,,0.0,True
KXITFWMATCH-26JUL30BOSEST-BOS,1785429307,0.87,0.88,0.87,15.32,1785427200.0,0.84,0.87,0.82,14.32,True
KXITFWMATCH-26JUL30LINKUL-KUL,1785430213,0.63,0.66,,0.0,1785427200.0,0.62,0.66,,0.0,True
KXITFWMATCH-26JUL30ANGWAT-ANG,1785430501,0.21,0.22,,0.0,1785427200.0,0.21,0.23,,0.0,True
KXITFWMATCH-26JUL30AGUSAN-AGU,1785433822,0.09,0.23,0.09,6.0,1785430800.0,0.07,0.28,,0.0,True
KXITFWMATCH-26JUL30SAISEM-SAI,1785434430,,,,0.0,,,,,0.0,False
KXITFWMATCH-26JUL30REECRA-CRA,1785437129,,,,0.0,,,,,0.0,False
KXITFWMATCH-26JUL30CHATIL-CHA,1785440442,,,,0.0,,,,,0.0,False
KXITFWMATCH-26JUL30MILUEM-MIL,1785446738,,,,0.0,,,,,0.0,False
KXITFWMATCH-26JUL30TSATHO-THO,1785451856,,,,0.0,,,,,0.0,False
KXITFWMATCH-26JUL30WEBKHA-KHA,1785457259,,,,0.0,,,,,0.0,False
KXITFWMATCH-26JUL30ARASTE-ARA,1785461471,,,,0.0,,,,,0.0,False
KXITFWMATCH-26JUL31ARYZEL-ARY,1785472266,,,,0.0,,,,,0.0,False
KXITFWMATCH-26JUL31BOJLAZ-BOJ,1785472559,,,,0.0,,,,,0.0,False
KXITFWMATCH-26JUL31ARGBUL-ARG,1785475547,,,,0.0,,,,,0.0,False
KXITFWMATCH-26JUL31MAMSHO-MAM,1785476757,,,,0.0,,,,,0.0,False
KXITFWMATCH-26JUL31TRESEN-SEN,1785477962,,,,0.0,,,,,0.0,False
KXITFWMATCH-26JUL31NUPMIL-MIL,1785479157,,,,0.0,,,,,0.0,False
KXITFWMATCH-26JUL31BAIBLA-BAI,1785479456,,,,0.0,,,,,0.0,False
KXITFWMATCH-26JUL31RUSSAL-RUS,1785479456,,,,0.0,,,,,0.0,False
KXITFWMATCH-26JUL31DYUKOR-DYU,1785479461,,,,0.0,,,,,0.0,False
KXITFWMATCH-26JUL31SVAPET-PET,1785479735,,,,0.0,,,,,0.0,False
KXITFWMATCH-26JUL31SISCEN-CEN,1785480044,,,,0.0,,,,,0.0,False
KXITFWMATCH-26JUL31BRUSLA-BRU,1785480341,,,,0.0,,,,,0.0,False
KXITFWMATCH-26JUL31MIKLUC-LUC,1785480640,,,,0.0,,,,,0.0,False
KXITFWMATCH-26JUL31MUNLEK-LEK,1785480932,,,,0.0,,,,,0.0,False
KXITFWMATCH-26JUL31ZUCMER-MER,1785481246,,,,0.0,,,,,0.0,False
KXITFWMATCH-26JUL31DUPRAJ-DUP,1785481845,,,,0.0,,,,,0.0,False
KXITFWMATCH-26JUL31GEEMAS-GEE,1785482127,,,,0.0,,,,,0.0,False
KXITFWMATCH-26JUL31GNIKAJ-GNI,1785483322,,,,0.0,,,,,0.0,False
KXITFWMATCH-26JUL31KLICHA-CHA,1785483927,,,,0.0,,,,,0.0,False
KXITFWMATCH-26JUL31ADEHRU-ADE,1785485118,,,,0.0,,,,,0.0,False
KXITFWMATCH-26JUL31PAGELA-ELA,1785486631,,,,0.0,,,,,0.0,False
KXITFWMATCH-26JUL31PIGLAZ-LAZ,1785486632,,,,0.0,,,,,0.0,False
KXITFWMATCH-26JUL31BRASCH-BRA,1785486632,,,,0.0,,,,,0.0,False
KXITFWMATCH-26JUL31TOMSTA-STA,1785488119,,,,0.0,,,,,0.0,False
KXITFWMATCH-26JUL31KLUKAR-KAR,1785489634,,,,0.0,,,,,0.0,False
KXITFWMATCH-26JUL31LENCUR-CUR,1785489638,,,,0.0,,,,,0.0,False
KXITFWMATCH-26JUL31SAIISH-ISH,1785489912,,,,0.0,,,,,0.0,False
KXITFWMATCH-26JUL31BIOVAI-BIO,1785490225,,,,0.0,,,,,0.0,False
KXITFWMATCH-26JUL31TSYPAL-PAL,1785490507,,,,0.0,,,,,0.0,False
KXITFWMATCH-26JUL31LIMPAC-LIM,1785491717,,,,0.0,,,,,0.0,False
KXITFWMATCH-26JUL31VANMAQ-MAQ,1785491720,,,,0.0,,,,,0.0,False
KXITFWMATCH-26JUL31PENKHA-KHA,1785493824,,,,0.0,,,,,0.0,False
KXITFWMATCH-26JUL31VALALL-ALL,1785494706,,,,0.0,,,,,0.0,False
KXITFWMATCH-26JUL31GHISZI-GHI,1785496513,,,,0.0,,,,,0.0,False
KXITFWMATCH-26JUL31MAHVOL-MAH,1785496819,,,,0.0,,,,,0.0,False
KXITFWMATCH-26JUL31GRANUU-GRA,1785498012,,,,0.0,,,,,0.0,False
KXITFWMATCH-26JUL31PEREGO-EGO,1785498305,,,,0.0,,,,,0.0,False
KXITFWMATCH-26JUL31MATBAL-BAL,1785498610,,,,0.0,,,,,0.0,False
KXITFWMATCH-26JUL31RYSNOE-NOE,1785498899,,,,0.0,,,,,0.0,False
KXITFWMATCH-26JUL31CRONGU-CRO,1785499217,,,,0.0,,,,,0.0,False
KXITFWMATCH-26JUL31CHACHA2-CHA,1785500700,,,,0.0,,,,,0.0,False
KXITFWMATCH-26JUL31LUKBEN-BEN,1785501009,,,,0.0,,,,,0.0,False
KXITFWMATCH-26JUL31BOSROM-BOS,1785501010,,,,0.0,,,,,0.0,False
KXITFWMATCH-26JUL31PRIANG-ANG,1785501011,,,,0.0,,,,,0.0,False
KXITFWMATCH-26JUL31YESNIE-NIE,1785504899,,,,0.0,,,,,0.0,False
KXITFWMATCH-26JUL31ALLMAR-ALL,1785505800,,,,0.0,,,,,0.0,False
KXITFWMATCH-26JUL31BROFER-BRO,1785506409,,,,0.0,,,,,0.0,False
KXITFWMATCH-26JUL31MATPED-MAT,1785507600,,,,0.0,,,,,0.0,False
KXITFWMATCH-26JUL31LIUBUC-BUC,1785511490,,,,0.0,,,,,0.0,False
KXITFWMATCH-26JUL31CHAAKL-AKL,1785512698,,,,0.0,,,,,0.0,False
KXITFWMATCH-26JUL31LEECRA-CRA,1785512996,,,,0.0,,,,,0.0,False
KXITFWMATCH-26JUL31CASSAN-CAS,1785515095,,,,0.0,,,,,0.0,False
KXITFWMATCH-26JUL31LABALV-ALV,1785518410,,,,0.0,,,,,0.0,False
KXITFWMATCH-26JUL31KULBRO-BRO,1785522618,,,,0.0,,,,,0.0,False
KXITFWMATCH-26JUL31SAICOL-COL,1785528610,,,,0.0,,,,,0.0,False
KXITFWMATCH-26JUL31TSAUEM-TSA,1785537315,,,,0.0,,,,,0.0,False
KXITFWMATCH-26JUL31STEKHA-KHA,1785544823,,,,0.0,,,,,0.0,False
KXITFWMATCH-26AUG01ZELMIL-MIL,1785560116,,,,0.0,,,,,0.0,False
KXITFWMATCH-26AUG01KORMAM-KOR,1785561312,,,,0.0,,,,,0.0,False
KXITFWMATCH-26AUG01PAGMUN-MUN,1785561621,,,,0.0,,,,,0.0,False
KXITFWMATCH-26AUG01GNIPET-GNI,1785562507,,,,0.0,,,,,0.0,False
KXITFWMATCH-26AUG01SENBOJ-BOJ,1785564045,,,,0.0,,,,,0.0,False
KXITFWMATCH-26AUG01HRURAJ-HRU,1785566706,,,,0.0,,,,,0.0,False
KXITFWMATCH-26AUG01SLAKSA-KSA,1785567302,,,,0.0,,,,,0.0,False
KXITFWMATCH-26AUG01GEEARG-ARG,1785568500,,,,0.0,,,,,0.0,False
KXITFWMATCH-26AUG01MERMIK-MER,1785570299,,,,0.0,,,,,0.0,False
KXITFWMATCH-26AUG01PIGSAL-PIG,1785570300,,,,0.0,,,,,0.0,False
KXITFWMATCH-26AUG01KLISAI-KLI,1785571221,,,,0.0,,,,,0.0,False
KXITFWMATCH-26AUG01NUUTOM-NUU,1785571498,,,,0.0,,,,,0.0,False
KXITFWMATCH-26AUG01KARBAI-BAI,1785577799,,,,0.0,,,,,0.0,False
KXITFWMATCH-26AUG01GHIVAI-GHI,1785578100,,,,0.0,,,,,0.0,False
KXITFWMATCH-26AUG01BALLIM-BAL,1785579294,,,,0.0,,,,,0.0,False
KXITFWMATCH-26AUG01CENCUR-CEN,1785579893,,,,0.0,,,,,0.0,False
KXITFWMATCH-26AUG01VALRYS-RYS,1785581091,,,,0.0,,,,,0.0,False
KXITFWMATCH-26AUG01BRAPAL-BRA,1785581394,,,,0.0,,,,,0.0,False
KXITFWMATCH-26AUG01BOSEGO-BOS,1785582888,,,,0.0,,,,,0.0,False
KXITFWMATCH-26AUG01PENVOL-PEN,1785584087,,,,0.0,,,,,0.0,False
KXITFWMATCH-26AUG01NIEVAN-NIE,1785584684,,,,0.0,,,,,0.0,False
KXITFWMATCH-26AUG01BENFER-BEN,1785590395,,,,0.0,,,,,0.0,False
KXITFWMATCH-26AUG01SANBUC-BUC,1785590991,,,,0.0,,,,,0.0,False
KXITFWMATCH-26AUG01ALVPED-ALV,1785591285,,,,0.0,,,,,0.0,False
KXITFWMATCH-26AUG01ALLANG-ALL,1785591585,,,,0.0,,,,,0.0,False
KXITFWMATCH-26AUG01CROCHA-CHA,1785592791,,,,0.0,,,,,0.0,False
KXITFWMATCH-26AUG01AKLCRA-AKL,1785607804,,,,0.0,,,,,0.0,False
KXITFWMATCH-26AUG01COLKUL-COL,1785611413,,,,0.0,,,,,0.0,False
KXITFWMATCH-26AUG01STEUEM-STE,1785626741,,,,0.0,,,,,0.0,False
KXITFWMATCH-26AUG02MUNGEE-GEE,1785646555,,,,0.0,,,,,0.0,False
KXITFWMATCH-26AUG02ZHIMON-MON,1785646888,,,,0.0,,,,,0.0,False
KXITFWMATCH-26AUG02DEBEBE-DEB,1785647152,,,,0.0,,,,,0.0,False
KXITFWMATCH-26AUG02MARMYA-MAR,1785648047,,,,0.0,,,,,0.0,False
KXITFWMATCH-26AUG02MAMMIL-MAM,1785648662,,,,0.0,,,,,0.0,False
KXITFWMATCH-26AUG02LEWNES-LEW,1785648663,,,,0.0,,,,,0.0,False
KXITFWMATCH-26AUG02ZANMDL-MDL,1785648664,,,,0.0,,,,,0.0,False
KXITFWMATCH-26AUG02KUBLIU-KUB,1785648943,,,,0.0,,,,,0.0,False
KXITFWMATCH-26AUG02BASREY-BAS,1785650751,,,,0.0,,,,,0.0,False
KXITFWMATCH-26AUG02TOMMAR-MAR,1785651651,,,,0.0,,,,,0.0,False
KXITFWMATCH-26AUG02GRICOO-COO,1785651658,,,,0.0,,,,,0.0,False
KXITFWMATCH-26AUG02VELLEE-LEE,1785651944,,,,0.0,,,,,0.0,False
KXITFWMATCH-26AUG02MIKSEN-MIK,1785652850,,,,0.0,,,,,0.0,False
KXITFWMATCH-26AUG02SUCPET-PET,1785652852,,,,0.0,,,,,0.0,False
KXITFWMATCH-26AUG02RUTWAI-RUT,1785653148,,,,0.0,,,,,0.0,False
KXITFWMATCH-26AUG02AVALOS-AVA,1785653749,,,,0.0,,,,,0.0,False
KXITFWMATCH-26AUG02SERPUL-PUL,1785654058,,,,0.0,,,,,0.0,False
KXITFWMATCH-26AUG02MARCLA-CLA,1785654352,,,,0.0,,,,,0.0,False
KXITFWMATCH-26AUG02NEWCEM-CEM,1785654361,,,,0.0,,,,,0.0,False
KXITFWMATCH-26AUG02LOPYAM-LOP,1785654644,,,,0.0,,,,,0.0,False
KXITFWMATCH-26AUG02VALRAJ-RAJ,1785654645,,,,0.0,,,,,0.0,False
KXITFWMATCH-26AUG02MCAPOC-MCA,1785654943,,,,0.0,,,,,0.0,False
KXITFWMATCH-26AUG02DANMOO-DAN,1785655236,,,,0.0,,,,,0.0,False
KXITFWMATCH-26AUG02BLAEKS-BLA,1785655529,,,,0.0,,,,,0.0,False
KXITFWMATCH-26AUG02VLASHA-SHA,1785655530,,,,0.0,,,,,0.0,False
KXITFWMATCH-26AUG02MARBUR-BUR,1785656729,,,,0.0,,,,,0.0,False
KXITFWMATCH-26AUG02IVAMDL-IVA,1785657336,,,,0.0,,,,,0.0,False
KXITFWMATCH-26AUG02SLAPET-PET,1785659118,,,,0.0,,,,,0.0,False
KXITFWMATCH-26AUG02SOLHAN-HAN,1785659717,,,,0.0,,,,,0.0,False
KXITFWMATCH-26AUG02CORFER-COR,1785659718,,,,0.0,,,,,0.0,False
KXITFWMATCH-26AUG02TOMGHI-GHI,1785660039,,,,0.0,,,,,0.0,False
KXITFWMATCH-26AUG02KUCGRE-GRE,1785660324,,,,0.0,,,,,0.0,False
KXITFWMATCH-26AUG02MANSTR-MAN,1785660325,,,,0.0,,,,,0.0,False
KXITFWMATCH-26AUG02PIEBAX-BAX,1785660630,,,,0.0,,,,,0.0,False
KXITFWMATCH-26AUG02MILNOE-MIL,1785660632,,,,0.0,,,,,0.0,False
KXITFWMATCH-26AUG02STEBOE-BOE,1785660633,,,,0.0,,,,,0.0,False
KXITFWMATCH-26AUG02BEKMAL-BEK,1785661231,,,,0.0,,,,,0.0,False
KXITFWMATCH-26AUG02GANBRO-BRO,1785661232,,,,0.0,,,,,0.0,False
KXITFWMATCH-26AUG02BOSPAS-BOS,1785661514,,,,0.0,,,,,0.0,False
KXITFWMATCH-26AUG02PIRMAQ-MAQ,1785661519,,,,0.0,,,,,0.0,False
KXITFWMATCH-26AUG02SHATRA-SHA,1785662414,,,,0.0,,,,,0.0,False
KXITFWMATCH-26AUG02SAWLOP-LOP,1785662415,,,,0.0,,,,,0.0,False
KXITFWMATCH-26AUG02ORLBAR-BAR,1785662711,,,,0.0,,,,,0.0,False
KXITFWMATCH-26AUG02POPMUS-MUS,1785663911,,,,0.0,,,,,0.0,False
KXITFWMATCH-26AUG02LABHOF-HOF,1785665415,,,,0.0,,,,,0.0,False
KXITFWMATCH-26AUG02VOGSCH-SCH,1785665416,,,,0.0,,,,,0.0,False
KXITFWMATCH-26AUG02CHAPEN-CHA,1785665713,,,,0.0,,,,,0.0,False
KXITFWMATCH-26AUG02TRITSE-TRI,1785666026,,,,0.0,,,,,0.0,False
KXITFWMATCH-26AUG02VANISA-ISA,1785667217,,,,0.0,,,,,0.0,False
KXITFWMATCH-26AUG02BARTAR-BAR,1785667502,,,,0.0,,,,,0.0,False
KXITFWMATCH-26AUG02TRAIVA-IVA,1785667808,,,,0.0,,,,,0.0,False
KXITFWMATCH-26AUG02YASCOR-COR,1785668107,,,,0.0,,,,,0.0,False
KXITFWMATCH-26AUG02NIEBAL-BAL,1785668108,,,,0.0,,,,,0.0,False
KXITFWMATCH-26AUG02SAIKAR-KAR,1785668421,,,,0.0,,,,,0.0,False
KXITFWMATCH-26AUG02WIRSED-SED,1785668699,,,,0.0,,,,,0.0,False
KXITFWMATCH-26AUG02YARISH-ISH,1785670209,,,,0.0,,,,,0.0,False
KXITFWMATCH-26AUG02RAPROJ-RAP,1785670802,,,,0.0,,,,,0.0,False
KXITFWMATCH-26AUG02GILKUJ-GIL,1785671096,,,,0.0,,,,,0.0,False
KXITFWMATCH-26AUG02PALFER-FER,1785671693,,,,0.0,,,,,0.0,False
KXITFWMATCH-26AUG02GIMVLA-GIM,1785671693,,,,0.0,,,,,0.0,False
KXITFWMATCH-26AUG02PASRAS-PAS,1785672009,,,,0.0,,,,,0.0,False
KXITFWMATCH-26AUG02FELREV-FEL,1785672894,,,,0.0,,,,,0.0,False
KXITFWMATCH-26AUG02LONSZA-LON,1785673495,,,,0.0,,,,,0.0,False
KXITFWMATCH-26AUG02SVAFIR-FIR,1785674096,,,,0.0,,,,,0.0,False
KXITFWMATCH-26AUG02RAJPOL-POL,1785674688,,,,0.0,,,,,0.0,False
KXITFWMATCH-26AUG02HATIAN-HAT,1785674689,,,,0.0,,,,,0.0,False
KXITFWMATCH-26AUG02BAYROU-BAY,1785675603,,,,0.0,,,,,0.0,False
KXITFWMATCH-26AUG02NIJRYA-NIJ,1785675888,,,,0.0,,,,,0.0,False
KXITFWMATCH-26AUG02DASNAG-DAS,1785677400,,,,0.0,,,,,0.0,False
KXITFWMATCH-26AUG02BOSALV-ALV,1785677401,,,,0.0,,,,,0.0,False
KXITFWMATCH-26AUG02NGUAND-AND,1785678286,,,,0.0,,,,,0.0,False
KXITFWMATCH-26AUG02LIMCHA-CHA,1785678287,,,,0.0,,,,,0.0,False
KXITFWMATCH-26AUG02BUCANG-ANG,1785678589,,,,0.0,,,,,0.0,False
KXITFWMATCH-26AUG02ADACOP-ADA,1785678590,,,,0.0,,,,,0.0,False
KXITFWMATCH-26AUG02HOEDAE-DAE,1785682788,,,,0.0,,,,,0.0,False
KXITFWMATCH-26AUG02CENPIG-CEN,1785685184,,,,0.0,,,,,0.0,False
KXITFWMATCH-26AUG02DIGVAN-DIG,1785685535,,,,0.0,,,,,0.0,False
KXITFWMATCH-26AUG02KULAKL-AKL,1785685958,,,,0.0,,,,,0.0,False
KXITFWMATCH-26AUG03RUSPAN-PAN,1785730874,,,,0.0,,,,,0.0,False
KXITFWMATCH-26AUG03AGUVAN-AGU,1785731493,,,,0.0,,,,,0.0,False
KXITFWMATCH-26AUG03GARELA-ELA,1785731768,,,,0.0,,,,,0.0,False
KXITFWMATCH-26AUG03KRAGAS-GAS,1785733277,,,,0.0,,,,,0.0,False
KXITFWMATCH-26AUG03ZANMDL-MDL,1785734159,,,,0.0,,,,,0.0,False
KXITFWMATCH-26AUG03HOSKRY-HOS,1785734478,,,,0.0,,,,,0.0,False
KXITFWMATCH-26AUG03YASORL-ORL,1785734481,,,,0.0,,,,,0.0,False
KXITFWMATCH-26AUG03ROTSLE-ROT,1785735086,,,,0.0,,,,,0.0,False
KXITFWMATCH-26AUG03KIMKUZ-KIM,1785735960,,,,0.0,,,,,0.0,False
KXITFWMATCH-26AUG03SENFED-FED,1785736265,,,,0.0,,,,,0.0,False
KXITFWMATCH-26AUG03MOOEKS-EKS,1785737461,,,,0.0,,,,,0.0,False
KXITFWMATCH-26AUG03WAICEM-CEM,1785737462,,,,0.0,,,,,0.0,False
KXITFWMATCH-26AUG03RASSTO-RAS,1785738360,,,,0.0,,,,,0.0,False
KXITFWMATCH-26AUG03PIKMLA-MLA,1785738667,,,,0.0,,,,,0.0,False
KXITFWMATCH-26AUG03KUBFER-FER,1785739267,,,,0.0,,,,,0.0,False
KXITFWMATCH-26AUG03DRAPET-DRA,1785739857,,,,0.0,,,,,0.0,False
KXITFWMATCH-26AUG03SOZJAD-JAD,1785739858,,,,0.0,,,,,0.0,False
KXITFWMATCH-26AUG03BATKHO-BAT,1785740160,,,,0.0,,,,,0.0,False
KXITFWMATCH-26AUG03VANTSE-TSE,1785740740,,,,0.0,,,,,0.0,False
KXITFWMATCH-26AUG03TOMLOP-LOP,1785741058,,,,0.0,,,,,0.0,False
KXITFWMATCH-26AUG03IVAING-ING,1785741340,,,,0.0,,,,,0.0,False
KXITFWMATCH-26AUG03JANNAR-JAN,1785741341,,,,0.0,,,,,0.0,False
KXITFWMATCH-26AUG03KIMDAN-DAN,1785741342,,,,0.0,,,,,0.0,False
KXITFWMATCH-26AUG03MUSMAL-MAL,1785741642,,,,0.0,,,,,0.0,False
KXITFWMATCH-26AUG03KUZKHR-KHR,1785741933,,,,0.0,,,,,0.0,False
KXITFWMATCH-26AUG03BAZKAK-BAZ,1785742245,,,,0.0,,,,,0.0,False
KXITFWMATCH-26AUG03GANNOE-GAN,1785742539,,,,0.0,,,,,0.0,False
KXITFWMATCH-26AUG03MCALEE-LEE,1785742835,,,,0.0,,,,,0.0,False
KXITFWMATCH-26AUG03PASBUR-BUR,1785743127,,,,0.0,,,,,0.0,False
KXITFWMATCH-26AUG03RABTOR-RAB,1785743438,,,,0.0,,,,,0.0,False
KXITFWMATCH-26AUG03KHOKAY-KAY,1785744639,,,,0.0,,,,,0.0,False
KXITFWMATCH-26AUG03ZHILOS-LOS,1785744640,,,,0.0,,,,,0.0,False
KXITFWMATCH-26AUG03VELLLI-LLI,1785745244,,,,0.0,,,,,0.0,False
KXITFWMATCH-26AUG03PIEDAE-DAE,1785745245,,,,0.0,,,,,0.0,False
KXITFWMATCH-26AUG03KHAMOZ-KHA,1785745521,,,,0.0,,,,,0.0,False
KXITFWMATCH-26AUG03MARSZA-MAR,1785745522,,,,0.0,,,,,0.0,False
KXITFWMATCH-26AUG03NIJREV-NIJ,1785745526,,,,0.0,,,,,0.0,False
KXITFWMATCH-26AUG03SERSUC-SER,1785745882,,,,0.0,,,,,0.0,False
KXITFWMATCH-26AUG03DASISH-DAS,1785746723,,,,0.0,,,,,0.0,False
KXITFWMATCH-26AUG03LEWYAM-LEW,1785747317,,,,0.0,,,,,0.0,False
KXITFWMATCH-26AUG03GILRAJ-GIL,1785748220,,,,0.0,,,,,0.0,False
KXITFWMATCH-26AUG03IANROJ-IAN,1785748517,,,,0.0,,,,,0.0,False
KXITFWMATCH-26AUG03VLAGRI-GRI,1785750913,,,,0.0,,,,,0.0,False
KXITFWMATCH-26AUG03STESTR-STE,1785750913,,,,0.0,,,,,0.0,False
KXITFWMATCH-26AUG03COPEBE-COP,1785751817,,,,0.0,,,,,0.0,False
KXITFWMATCH-26AUG03GREWIR-GRE,1785752120,,,,0.0,,,,,0.0,False
KXITFWMATCH-26AUG03VLAFIR-FIR,1785752121,,,,0.0,,,,,0.0,False
KXITFWMATCH-26AUG03SHAMAQ-MAQ,1785753627,,,,0.0,,,,,0.0,False
KXITFWMATCH-26AUG03DORBRA-BRA,1785755728,,,,0.0,,,,,0.0,False
KXITFWMATCH-26AUG03MARDIG-DIG,1785756020,,,,0.0,,,,,0.0,False
KXITFWMATCH-26AUG03NGOLIN-LIN,1785756375,,,,0.0,,,,,0.0,False
KXITFWMATCH-26AUG03NGUREY-NGU,1785756971,,,,0.0,,,,,0.0,False
KXITFWMATCH-26AUG03WONHEW-HEW,1785757222,,,,0.0,,,,,0.0,False
KXITFWMATCH-26AUG03LABSOL-LAB,1785757817,,,,0.0,,,,,0.0,False
KXITFWMATCH-26AUG03LIUBOL-BOL,1785758427,,,,0.0,,,,,0.0,False
KXITFWMATCH-26AUG03BROECK-BRO,1785759318,,,,0.0,,,,,0.0,False
KXITFWMATCH-26AUG03LIMIVA-IVA,1785759626,,,,0.0,,,,,0.0,False
KXITFWMATCH-26AUG03CATOKA-CAT,1785761413,,,,0.0,,,,,0.0,False
KXITFWMATCH-26AUG03KINOVC-KIN,1785761707,,,,0.0,,,,,0.0,False
KXITFWMATCH-26AUG03PASROU-PAS,1785762611,,,,0.0,,,,,0.0,False
KXITFWMATCH-26AUG03EVAGOT-EVA,1785762911,,,,0.0,,,,,0.0,False
KXITFWMATCH-26AUG03VOGTAR-TAR,1785764526,,,,0.0,,,,,0.0,False
KXITFWMATCH-26AUG03BURKOZ-BUR,1785766392,,,,0.0,,,,,0.0,False
KXITFWMATCH-26AUG03ROGJAU-JAU,1785768019,,,,0.0,,,,,0.0,False
KXITFWMATCH-26AUG03SIERAI-RAI,1785771040,,,,0.0,,,,,0.0,False
KXITFWMATCH-26AUG03LEOKOY-KOY,1785797581,,,,0.0,,,,,0.0,False
KXITFWMATCH-26AUG03KIMCHE-CHE,1785798457,,,,0.0,,,,,0.0,False
KXITFWMATCH-26AUG03KIMYAN-KIM,1785798469,,,,0.0,,,,,0.0,False
KXITFWMATCH-26AUG03LAIDON-DON,1785802074,,,,0.0,,,,,0.0,False
KXITFWMATCH-26AUG03CHODEK-CHO,1785802383,,,,0.0,,,,,0.0,False
KXITFWMATCH-26AUG03NISZHO-NIS,1785805374,,,,0.0,,,,,0.0,False
KXITFWMATCH-26AUG03LEECAI-CAI,1785807460,,,,0.0,,,,,0.0,False
KXITFWMATCH-26AUG03DESEFR-DES,1785808388,,,,0.0,,,,,0.0,False
KXITFWMATCH-26AUG04JANKIM-JAN,1785810170,,,,0.0,,,,,0.0,False
KXITFWMATCH-26AUG04HOSKHA-HOS,1785810495,,,,0.0,,,,,0.0,False
KXITFWMATCH-26AUG03QUXOZE-OZE,1785812271,,,,0.0,,,,,0.0,False
KXITFWMATCH-26AUG04THAWAN-THA,1785814976,,,,0.0,,,,,0.0,False
KXITFWMATCH-26AUG04PLASOU-PLA,1785817370,,,,0.0,,,,,0.0,False
KXITFWMATCH-26AUG04TORFED-FED,1785817656,,,,0.0,,,,,0.0,False
KXITFWMATCH-26AUG04BATKUZ-BAT,1785817997,,,,0.0,,,,,0.0,False
KXITFWMATCH-26AUG04STOBAR-BAR,1785817999,,,,0.0,,,,,0.0,False
KXITFWMATCH-26AUG04SOZRAT-RAT,1785818560,,,,0.0,,,,,0.0,False
KXITFWMATCH-26AUG04ROTKUZ-KUZ,1785818560,,,,0.0,,,,,0.0,False
KXITFWMATCH-26AUG04PANPIK-PAN,1785818862,,,,0.0,,,,,0.0,False
KXITFWMATCH-26AUG04BREKLY-BRE,1785818862,,,,0.0,,,,,0.0,False
KXITFWMATCH-26AUG04BAZIVA-BAZ,1785819473,,,,0.0,,,,,0.0,False
KXITFWMATCH-26AUG04KAYPAN-KAY,1785819473,,,,0.0,,,,,0.0,False
KXITFWMATCH-26AUG04GARGLU-GAR,1785819785,,,,0.0,,,,,0.0,False
KXITFWMATCH-26AUG04SUNZHA-SUN,1785820072,,,,0.0,,,,,0.0,False
KXITFWMATCH-26AUG04ROJDUP-DUP,1785820074,,,,0.0,,,,,0.0,False
KXITFWMATCH-26AUG04PAVALV-ALV,1785820352,,,,0.0,,,,,0.0,False
KXITFWMATCH-26AUG04SNINOG-NOG,1785820648,,,,0.0,,,,,0.0,False
KXITFWMATCH-26AUG04VRAEBE-EBE,1785820958,,,,0.0,,,,,0.0,False
KXITFWMATCH-26AUG04KABLEM-KAB,1785821554,,,,0.0,,,,,0.0,False
KXITFWMATCH-26AUG04DIABIO-BIO,1785823381,,,,0.0,,,,,0.0,False
KXITFWMATCH-26AUG04LOPFOJ-FOJ,1785823382,,,,0.0,,,,,0.0,False
KXITFWMATCH-26AUG04KALZHU-KAL,1785823633,,,,0.0,,,,,0.0,False
KXITFWMATCH-26AUG04NOEVIS-NOE,1785824235,,,,0.0,,,,,0.0,False
KXITFWMATCH-26AUG04PARKOV-KOV,1785824552,,,,0.0,,,,,0.0,False
KXITFWMATCH-26AUG04BREKOS-BRE,1785824823,,,,0.0,,,,,0.0,False
KXITFWMATCH-26AUG04APPGRI-APP,1785825143,,,,0.0,,,,,0.0,False
KXITFWMATCH-26AUG04SUVJOV-JOV,1785826028,,,,0.0,,,,,0.0,False
KXITFWMATCH-26AUG04PAGMIL-MIL,1785826314,,,,0.0,,,,,0.0,False
KXITFWMATCH-26AUG04URGVAN-URG,1785826314,,,,0.0,,,,,0.0,False
KXITFWMATCH-26AUG04LUOCHE-CHE,1785827206,,,,0.0,,,,,0.0,False
KXITFWMATCH-26AUG04TUBOKU-OKU,1785827511,,,,0.0,,,,,0.0,False
KXITFWMATCH-26AUG04MUSCEM-CEM,1785827817,,,,0.0,,,,,0.0,False
KXITFWMATCH-26AUG04MANMAI-MAI,1785828108,,,,0.0,,,,,0.0,False
KXITFWMATCH-26AUG04MINCEX-CEX,1785828739,,,,0.0,,,,,0.0,False
KXITFWMATCH-26AUG04WECBAS-BAS,1785828995,,,,0.0,,,,,0.0,False
KXITFWMATCH-26AUG04GIAFAV-FAV,1785829314,,,,0.0,,,,,0.0,False
KXITFWMATCH-26AUG04BLADAD-BLA,1785829315,,,,0.0,,,,,0.0,False
KXITFWMATCH-26AUG04AGUARG-AGU,1785829925,,,,0.0,,,,,0.0,False
KXITFWMATCH-26AUG04PATYOS-PAT,1785829926,,,,0.0,,,,,0.0,False
KXITFWMATCH-26AUG04PALCHL-CHL,1785830795,,,,0.0,,,,,0.0,False
KXITFWMATCH-26AUG04TREBER-BER,1785831105,,,,0.0,,,,,0.0,False
KXITFWMATCH-26AUG04BURNIK-BUR,1785831393,,,,0.0,,,,,0.0,False
KXITFWMATCH-26AUG04TSEKHO-KHO,1785831689,,,,0.0,,,,,0.0,False
KXITFWMATCH-26AUG04KRUBUL-BUL,1785831690,,,,0.0,,,,,0.0,False
KXITFWMATCH-26AUG04NIJZAN-NIJ,1785831989,,,,0.0,,,,,0.0,False
KXITFWMATCH-26AUG04DODRUS-DOD,1785831989,,,,0.0,,,,,0.0,False
KXITFWMATCH-26AUG04BURSER-BUR,1785831990,,,,0.0,,,,,0.0,False
KXITFWMATCH-26AUG04DYUKOR-DYU,1785832574,,,,0.0,,,,,0.0,False
KXITFWMATCH-26AUG04EKSKUZ-EKS,1785832889,,,,0.0,,,,,0.0,False
KXITFWMATCH-26AUG04MIKLEE-LEE,1785833482,,,,0.0,,,,,0.0,False
KXITFWMATCH-26AUG04KORKIT-KIT,1785834107,,,,0.0,,,,,0.0,False
KXITFWMATCH-26AUG04FIRGJO-FIR,1785834691,,,,0.0,,,,,0.0,False
KXITFWMATCH-26AUG04LIMMAR-LIM,1785835570,,,,0.0,,,,,0.0,False
KXITFWMATCH-26AUG04MATMAN-MAN,1785835571,,,,0.0,,,,,0.0,False
KXITFWMATCH-26AUG04SATSPI-SAT,1785835877,,,,0.0,,,,,0.0,False
KXITFWMATCH-26AUG04HANROO-HAN,1785835878,,,,0.0,,,,,0.0,False
KXITFWMATCH-26AUG04LAZPAQ-LAZ,1785838865,,,,0.0,,,,,0.0,False
KXITFWMATCH-26AUG04LABBUY-BUY,1785839758,,,,0.0,,,,,0.0,False
KXITFWMATCH-26AUG04MASLAR-LAR,1785840356,,,,0.0,,,,,0.0,False
KXITFWMATCH-26AUG04WOLLEW-LEW,1785840651,,,,0.0,,,,,0.0,False
KXITFWMATCH-26AUG04DOUROD-DOU,1785841273,,,,0.0,,,,,0.0,False
KXITFWMATCH-26AUG04BERLEK-BER,1785841865,,,,0.0,,,,,0.0,False
KXITFWMATCH-26AUG04PERRAI-PER,1785841865,,,,0.0,,,,,0.0,False
KXITFWMATCH-26AUG04MELMOR-MEL,1785842455,,,,0.0,,,,,0.0,False
KXITFWMATCH-26AUG04SCHBUE-BUE,1785843365,,,,0.0,,,,,0.0,False
KXITFWMATCH-26AUG04CHAHEW-CHA,1785843366,,,,0.0,,,,,0.0,False
KXITFWMATCH-26AUG04ANSOKA-ANS,1785843647,,,,0.0,,,,,0.0,False
KXITFWMATCH-26AUG04BROOVC-BRO,1785843950,,,,0.0,,,,,0.0,False
KXITFWMATCH-26AUG04NGOGOT-GOT,1785846163,,,,0.0,,,,,0.0,False
KXITFWMATCH-26AUG04AIKVIS-AIK,1785846332,,,,0.0,,,,,0.0,False
KXITFWMATCH-26AUG04CCUDUA-CCU,1785846643,,,,0.0,,,,,0.0,False
KXITFWMATCH-26AUG04GOBVIG-GOB,1785846644,,,,0.0,,,,,0.0,False
KXITFWMATCH-26AUG04ROGKUW-KUW,1785846936,,,,0.0,,,,,0.0,False
KXITFWMATCH-26AUG04AHNFAK-AHN,1785847534,,,,0.0,,,,,0.0,False
KXITFWMATCH-26AUG04CROCAR-CAR,1785848018,,,,0.0,,,,,0.0,False
KXITFWMATCH-26AUG04PACMAQ-MAQ,1785848444,,,,0.0,,,,,0.0,False
KXITFWMATCH-26AUG04BULSOS-BUL,1785849032,,,,0.0,,,,,0.0,False
KXITFWMATCH-26AUG04NAHWIL-NAH,1785849341,,,,0.0,,,,,0.0,False
KXITFWMATCH-26AUG04CARVIV-CAR,1785850236,,,,0.0,,,,,0.0,False
KXITFWMATCH-26AUG04SAHUSU-SAH,1785850237,,,,0.0,,,,,0.0,False
KXITFWMATCH-26AUG04VLABRO-BRO,1785850238,,,,0.0,,,,,0.0,False
KXITFWMATCH-26AUG04DANHUI-DAN,1785852335,,,,0.0,,,,,0.0,False
KXITFWMATCH-26AUG04URRMOY-MOY,1785852337,,,,0.0,,,,,0.0,False
KXITFWMATCH-26AUG04CABLIU-CAB,1785853245,,,,0.0,,,,,0.0,False
KXITFWMATCH-26AUG04SIEBUR-BUR,1785853246,,,,0.0,,,,,0.0,False
KXITFWMATCH-26AUG04GUIMOR-GUI,1785854127,,,,0.0,,,,,0.0,False
KXITFWMATCH-26AUG04SAIBRA-BRA,1785855150,,,,0.0,,,,,0.0,False
KXITFWMATCH-26AUG04SHCDII-DII,1785855151,,,,0.0,,,,,0.0,False
KXITFWMATCH-26AUG04PERMAR-MAR,1785855152,,,,0.0,,,,,0.0,False
KXITFWMATCH-26AUG04CROLEE-CRO,1785856835,,,,0.0,,,,,0.0,False
KXITFWMATCH-26AUG04ROMLAB-LAB,1785857722,,,,0.0,,,,,0.0,False
KXITFWMATCH-26AUG04SEMNAV-NAV,1785860154,,,,0.0,,,,,0.0,False
KXITFWMATCH-26AUG04GEREGO-EGO,1785861354,,,,0.0,,,,,0.0,False
KXITFWMATCH-26AUG04AYAMED-AYA,1785862270,,,,0.0,,,,,0.0,False
KXITFWMATCH-26AUG04SHAHER-HER,1785865892,,,,0.0,,,,,0.0,False
KXITFWMATCH-26AUG04PENVER-PEN,1785866508,,,,0.0,,,,,0.0,False
KXITFWMATCH-26AUG04PROZAK-PRO,1785868596,,,,0.0,,,,,0.0,False
KXITFWMATCH-26AUG04IATSHY-IAT,1785869800,,,,0.0,,,,,0.0,False
KXITFWMATCH-26AUG04HONAND-AND,1785873745,,,,0.0,,,,,0.0,False
KXITFWMATCH-26AUG04WANDEK-DEK,1785886381,,,,0.0,,,,,0.0,False
KXITFWMATCH-26AUG04JAN2KIM2-JAN2,1785892048,,,,0.0,,,,,0.0,False
KXITFWMATCH-26AUG04HANLEO-HAN,1785892969,,,,0.0,,,,,0.0,False
KXITFWMATCH-26AUG04CAIDON-CAI,1785894816,,,,0.0,,,,,0.0,False
KXITFWMATCH-26AUG04YUALAN-LAN,1785895987,,,,0.0,,,,,0.0,False
KXITFWMATCH-26AUG04SHAYAN-SHA,1785897808,,,,0.0,,,,,0.0,False
KXITFWMATCH-26AUG05DESLIN-DES,1785901965,,,,0.0,,,,,0.0,False
KXITFWMATCH-26AUG04NISGUO-GUO,1785902269,,,,0.0,,,,,0.0,False
KXITFWMATCH-26AUG05LOPROO-LOP,1785903459,,,,0.0,,,,,0.0,False
KXITFWMATCH-26AUG05NAKZHA-NAK,1785903471,,,,0.0,,,,,0.0,False
KXITFWMATCH-26AUG05SHEWAN-SHE,1785904666,,,,0.0,,,,,0.0,False
KXITFWMATCH-26AUG05KORGAI-GAI,1785905263,,,,0.0,,,,,0.0,False
KXITFWMATCH-26AUG05HORDOR-DOR,1785905575,,,,0.0,,,,,0.0,False
KXITFWMATCH-26AUG05VANSTA-STA,1785906197,,,,0.0,,,,,0.0,False
KXITFWMATCH-26AUG05JORLIX-JOR,1785907655,,,,0.0,,,,,0.0,False
KXITFWMATCH-26AUG05ZHIKUB-KUB,1785907973,,,,0.0,,,,,0.0,False
KXITFWMATCH-26AUG05HERKOR-HER,1785908848,,,,0.0,,,,,0.0,False
KXITFWMATCH-26AUG05TORDRA-DRA,1785908849,,,,0.0,,,,,0.0,False
KXITFWMATCH-26AUG05BURHAG-BUR,1785910354,,,,0.0,,,,,0.0,False
KXITFWMATCH-26AUG05CHEDIG-CHE,1785910355,,,,0.0,,,,,0.0,False
KXITFWMATCH-26AUG05VAJKRA-KRA,1785910356,,,,0.0,,,,,0.0,False
KXITFWMATCH-26AUG05SZAZOL-SZA,1785910665,,,,0.0,,,,,0.0,False
KXITFWMATCH-26AUG05YASDUD-DUD,1785910978,,,,0.0,,,,,0.0,False
KXITFWMATCH-26AUG05PASBAC-BAC,1785911251,,,,0.0,,,,,0.0,False
KXITFWMATCH-26AUG05BENCHI-BEN,1785911577,,,,0.0,,,,,0.0,False
KXITFWMATCH-26AUG05HENGRE-GRE,1785911579,,,,0.0,,,,,0.0,False
KXITFWMATCH-26AUG05EIGURB-EIG,1785913043,,,,0.0,,,,,0.0,False
KXITFWMATCH-26AUG05JAKMAL-JAK,1785914234,,,,0.0,,,,,0.0,False
KXITFWMATCH-26AUG05RENCER-CER,1785914657,,,,0.0,,,,,0.0,False
KXITFWMATCH-26AUG05HODJOR-HOD,1785915185,,,,0.0,,,,,0.0,False
KXITFWMATCH-26AUG05RAJMCD-MCD,1785915186,,,,0.0,,,,,0.0,False
KXITFWMATCH-26AUG05MUNSTE-MUN,1785915466,,,,0.0,,,,,0.0,False
KXITFWMATCH-26AUG05GLUCHA-CHA,1785916074,,,,0.0,,,,,0.0,False
KXITFWMATCH-26AUG05SAVSHI-SAV,1785916378,,,,0.0,,,,,0.0,False
KXITFWMATCH-26AUG05BREVEL-BRE,1785916379,,,,0.0,,,,,0.0,False
KXITFWMATCH-26AUG05VANFER-FER,1785916694,,,,0.0,,,,,0.0,False
KXITFWMATCH-26AUG05BREVAI-BRE,1785917039,,,,0.0,,,,,0.0,False
KXITFWMATCH-26AUG05ZANSAK-SAK,1785917596,,,,0.0,,,,,0.0,False
KXITFWMATCH-26AUG05PIEGAD-GAD,1785917870,,,,0.0,,,,,0.0,False
KXITFWMATCH-26AUG05ELAVEL-ELA,1785918179,,,,0.0,,,,,0.0,False
KXITFWMATCH-26AUG05ZAASCH-SCH,1785918181,,,,0.0,,,,,0.0,False
KXITFWMATCH-26AUG05MAQBER-BER,1785918777,,,,0.0,,,,,0.0,False
KXITFWMATCH-26AUG05PALNGU-NGU,1785918778,,,,0.0,,,,,0.0,False
KXITFWMATCH-26AUG05POHDIA-DIA,1785919974,,,,0.0,,,,,0.0,False
KXITFWMATCH-26AUG05MINYAM-MIN,1785919974,,,,0.0,,,,,0.0,False
KXITFWMATCH-26AUG05MUSSAT-MUS,1785921164,,,,0.0,,,,,0.0,False
KXITFWMATCH-26AUG05BURADE-ADE,1785921434,,,,0.0,,,,,0.0,False
KXITFWMATCH-26AUG05ROULAN-LAN,1785921982,,,,0.0,,,,,0.0,False
KXITFWMATCH-26AUG05LEESTE-LEE,1785922313,,,,0.0,,,,,0.0,False
KXITFWMATCH-26AUG05HEJMAS-HEJ,1785923177,,,,0.0,,,,,0.0,False
KXITFWMATCH-26AUG05TOMGAO-GAO,1785923504,,,,0.0,,,,,0.0,False
KXITFWMATCH-26AUG05GIAAHT-AHT,1785923791,,,,0.0,,,,,0.0,False
KXITFWMATCH-26AUG05WOBYAO-WOB,1785924113,,,,0.0,,,,,0.0,False
KXITFWMATCH-26AUG05PAPOTZ-OTZ,1785924381,,,,0.0,,,,,0.0,False
KXITFWMATCH-26AUG05ENCTAR-ENC,1785924984,,,,0.0,,,,,0.0,False
KXITFWMATCH-26AUG05BLOSOU-BLO,1785924985,0.45,0.49,,0.0,1785924000.0,0.46,0.5,,0.0,True
KXITFWMATCH-26AUG05BAIALL-ALL,1785924991,0.26,0.27,0.25,135.69000000000003,1785924000.0,0.26,0.27,0.25,135.69000000000003,True
KXITFWMATCH-26AUG05PAOMAS-MAS,1785925571,0.06,0.08,0.07,114.95,1785924000.0,0.06,0.08,0.07,114.95,True
KXITFWMATCH-26AUG05CINRAI-CIN,1785925883,0.95,0.96,0.97,72.34,1785924000.0,0.94,0.95,,0.0,True
KXITFWMATCH-26AUG05WOLMIN-MIN,1785926556,0.64,0.65,,0.0,1785924000.0,0.63,0.65,,0.0,True
KXITFWMATCH-26AUG05KONBRA-BRA,1785926769,0.18,0.23,,0.0,1785924000.0,0.2,0.22,,0.0,True
KXITFWMATCH-26AUG05MORSAI-MOR,1785927096,0.41,0.42,,0.0,1785924000.0,0.41,0.46,,0.0,True
KXITFWMATCH-26AUG05ZORROD-ROD,1785927380,0.63,0.67,,0.0,1785924000.0,0.63,0.67,,0.0,True
KXITFWMATCH-26AUG05URGMAT-MAT,1785928578,0.38,0.39,,0.0,1785927600.0,0.37,0.39,,0.0,True
KXITFWMATCH-26AUG05CARLAR-CAR,1785928872,0.06,0.09,0.07,6.0,1785927600.0,0.07,0.08,0.07,6.0,True
KXITFWMATCH-26AUG05CHADEF-CHA,1785929778,0.67,0.71,0.73,1.21,1785927600.0,0.67,0.71,0.73,1.21,True
KXITFWMATCH-26AUG05GALCOR-COR,1785930068,0.48,0.5,0.48,2.0,1785927600.0,0.47,0.48,0.48,2.0,True
KXITFWMATCH-26AUG05XUXMAL-MAL,1785930384,0.34,0.37,0.36,2.0,1785927600.0,0.36,0.4,,0.0,True
KXITFWMATCH-26AUG05MOREST-EST,1785930970,0.96,0.97,0.97,110.0,1785927600.0,0.96,0.97,0.97,72.0,True
KXITFWMATCH-26AUG05KOTEBS-EBS,1785931296,0.34,0.41,0.4,1200.04,1785931200.0,0.34,0.4,0.41,1200.0,True
KXITFWMATCH-26AUG05MOLNUU-MOL,1785932213,0.03,0.04,0.04,1073.35,1785931200.0,0.03,0.04,0.04,956.0,True
KXITFWMATCH-26AUG05GOBBUL-BUL,1785932885,0.15,0.17,0.17,162.88,1785931200.0,0.14,0.17,0.17,162.88,True
KXITFWMATCH-26AUG05VOLHUI-HUI,1785932886,0.1,0.14,0.11,32.0,1785931200.0,0.11,0.14,,0.0,True
KXITFWMATCH-26AUG05AHNSAH-AHN,1785933090,0.58,0.61,,0.0,1785931200.0,0.59,0.61,,0.0,True
KXITFWMATCH-26AUG05CCUMEA-CCU,1785934269,0.51,0.53,0.53,452.0,1785931200.0,0.5,0.53,0.53,107.0,True
KXITFWMATCH-26AUG05TIKGIZ-GIZ,1785934271,0.3,0.31,,0.0,1785931200.0,0.3,0.31,,0.0,True
KXITFWMATCH-26AUG05CHAMAN-CHA,1785934275,0.34,0.35,0.37,1.0,1785931200.0,0.34,0.36,0.37,1.0,True
KXITFWMATCH-26AUG05BASLIM-BAS,1785934871,0.47,0.49,0.48,24.04,1785934800.0,0.48,0.49,0.48,18.04,True
KXITFWMATCH-26AUG05LUTROD-LUT,1785935150,0.67,0.69,,0.0,1785931200.0,0.67,0.69,,0.0,True
KXITFWMATCH-26AUG05SANSOU-SAN,1785935453,0.95,0.97,0.97,142.0,1785934800.0,0.96,0.98,0.97,142.0,True
KXITFWMATCH-26AUG05DOLBRO-BRO,1785935454,0.28,0.32,0.28,12.379999999999999,1785934800.0,0.3,0.31,0.31,3.0,True
KXITFWMATCH-26AUG05NISGUZ-GUZ,1785935742,0.74,0.75,0.75,13.15,1785931200.0,0.73,0.77,0.77,1.15,True
KXITFWMATCH-26AUG05ISHRAJ-ISH,1785935746,0.57,0.58,0.58,908.63,1785934800.0,0.57,0.58,0.57,908.0,True
KXITFWMATCH-26AUG05SCOKAL-KAL,1785937542,0.74,0.76,,0.0,1785934800.0,0.74,0.76,,0.0,True
KXITFWMATCH-26AUG05BRAMAX-BRA,1785939346,0.58,0.6,,0.0,1785938400.0,0.6,0.62,,0.0,True
KXITFWMATCH-26AUG05BONBOS-BON,1785939346,0.08,0.09,0.1,36.86,1785938400.0,0.08,0.1,0.1,36.86,True
KXITFWMATCH-26AUG05HONAKL-AKL,1785940538,0.45,0.48,0.48,203.91,1785938400.0,0.45,0.47,,0.0,True
KXITFWMATCH-26AUG05YOUGOR-GOR,1785940845,0.5,0.51,0.5,512.28,1785938400.0,0.48,0.5,0.49,480.0,True
KXITFWMATCH-26AUG05MAXNGO-MAX,1785955918,0.39,0.4,0.41,4.68,1785952800.0,0.39,0.41,,0.0,True
KXITFWMATCH-26AUG05KUXROG-KUX,1785957410,0.77,0.83,0.79,568.54,1785956400.0,0.79,0.8,0.8,100.87,True
KXITFWMATCH-26AUG05CABCRA-CAB,1785957733,0.21,0.22,0.22,31769.170000000002,1785956400.0,0.39,0.41,0.39,21.38,True
KXITFWMATCH-26AUG05NAHCAB-CAB,1785958300,0.21,0.23,0.23,343065.38,1785956400.0,0.65,0.68,0.66,155596.09,True
KXITFWMATCH-26AUG05OVCYAK-OVC,1785958899,0.94,0.95,0.94,5073.8,1785956400.0,0.85,0.87,0.85,3.33,True
KXITFWMATCH-26AUG05PENMOR-MOR,1785959215,0.47,0.48,0.47,47381.119999999995,1785956400.0,0.18,0.27,0.27,1.0,True
KXITFWMATCH-26AUG05TIACRO-CRO,1785959807,0.62,0.63,0.63,56303.26000000001,1785956400.0,0.55,0.59,0.58,3972.44,True
KXITFWMATCH-26AUG05CHALUX-CHA,1785960405,0.05,0.06,0.05,97305.88,1785960000.0,0.51,0.52,0.5,20262.55,True
KXITFWMATCH-26AUG05VANBRE-BRE,1785962786,0.2,0.21,0.21,229.26,1785960000.0,0.21,0.22,0.19,219.95,True
KXITFWMATCH-26AUG05TEIZHU-TEI,1785965195,0.73,0.77,,0.0,1785963600.0,0.72,0.76,,0.0,True
KXITFWMATCH-26AUG05ANSCOL-ANS,1785966409,0.43,0.44,0.44,283.23,1785963600.0,0.43,0.44,0.44,57.970000000000006,True
KXITFWMATCH-26AUG05SIERAP-RAP,1785967002,0.68,0.69,0.69,28.96,1785963600.0,0.67,0.69,0.7,14.780000000000001,True
KXITFWMATCH-26AUG05IVASCH-IVA,1785967588,0.43,0.45,0.47,181.97,1785967200.0,0.43,0.44,0.47,181.97,True
KXITFWMATCH-26AUG05SHCTAN-SHC,1785971524,0.52,0.79,0.8,2.34,1785970800.0,0.66,0.8,,0.0,True
KXITFWMATCH-26AUG05SHESHA-SHA,1785972401,0.45,0.5,,0.0,1785970800.0,0.45,0.5,,0.0,True
KXITFWMATCH-26AUG05ZHUDON-DON,1785973017,0.08,0.12,0.1,475.04999999999995,1785970800.0,0.08,0.12,0.11,90.89,True
KXITFWMATCH-26AUG05LUOWAN-LUO,1785979635,0.25,0.26,0.25,7.9399999999999995,1785978000.0,0.25,0.27,0.25,4.0,True
KXITFWMATCH-26AUG05NOGZHA-NOG,1785979941,0.66,0.68,0.68,4.17,1785978000.0,0.66,0.67,0.68,4.17,True
KXITFWMATCH-26AUG05JANGUO-GUO,1785980216,0.46,0.48,0.51,3022.24,1785978000.0,0.54,0.55,0.56,3.29,True
KXITFWMATCH-26AUG05ZHAWAN-WAN,1785980828,0.5,0.51,0.5,451.0,1785978000.0,0.47,0.54,0.53,32.0,True
KXITFWMATCH-26AUG05SOZIMX-IMX,1785983206,0.46,0.61,0.52,913.21,1785981600.0,0.5,0.52,0.48,910.21,True
KXITFWMATCH-26AUG05PANKUR-KUR,1785984124,0.82,0.86,0.84,1528.6900000000003,1785981600.0,0.79,0.83,0.82,1522.6900000000003,True
KXITFWMATCH-26AUG04ZELARI-ARI,1785992539,0.74,0.96,0.97,91307.11999999998,1785992400.0,0.69,0.89,0.93,90614.83999999997,True
KXITFWMATCH-26AUG05ATAPUS-ATA,1785992540,0.09,0.11,0.1,121810.53000000001,1785992400.0,0.06,0.09,0.09,63844.29,True
KXITFWMATCH-26AUG05MILMAL-MAL,1785992540,0.16,0.2,0.2,22963.420000000002,1785992400.0,0.18,0.19,0.18,10162.470000000001,True
KXITFWMATCH-26AUG05NITMAM-MAM,1785992541,0.93,0.95,0.96,21915.600000000002,1785992400.0,0.93,0.96,0.93,21553.45,True
KXITFWMATCH-26AUG05TUPARY-ARY,1785992542,0.17,0.19,0.19,1411.43,1785992400.0,0.16,0.19,0.16,891.6700000000001,True
KXITFWMATCH-26AUG05SEDQUR-QUR,1785992543,0.04,0.07,0.07,7185.9400000000005,1785992400.0,0.04,0.05,0.07,1390.45,True
KXITFWMATCH-26AUG05YUALEO-LEO,1785992544,0.34,0.41,0.41,2355.05,1785992400.0,0.37,0.38,0.38,486.72,True
KXITFWMATCH-26AUG05HIEBLA-BLA,1785992544,0.29,0.31,0.3,63015.200000000004,1785992400.0,0.29,0.3,0.29,62411.14000000001,True
KXITFWMATCH-26AUG06EIGVAI-EIG,1785992545,0.69,0.71,0.72,425.36,1785992400.0,0.7,0.71,0.72,425.36,True
KXITFWMATCH-26AUG06PAGKRA-KRA,1785992546,0.05,0.06,0.06,2449.79,1785992400.0,0.05,0.06,0.06,2012.23,True
KXITFWMATCH-26AUG06VANGAI-GAI,1785992547,0.69,0.7,0.7,1322.5100000000002,1785992400.0,0.69,0.7,0.7,1231.5700000000002,True
KXITFWMATCH-26AUG05HOSDES-DES,1785993089,0.71,0.73,0.73,44668.7,1785992400.0,0.7,0.73,0.7,33533.88,True
KXITFWMATCH-26AUG06ZANDUD-DUD,1785993091,0.84,0.86,0.87,57.95,1785992400.0,0.84,0.87,0.86,1.0,True
KXITFWMATCH-26AUG06DUPGAO-DUP,1785994003,0.37,0.38,0.37,65.0,1785992400.0,0.37,0.38,0.37,65.0,True
KXITFWMATCH-26AUG06SHIHOD-HOD,1785994297,0.66,0.68,0.68,142.0,1785992400.0,0.66,0.69,0.68,142.0,True
KXITFWMATCH-26AUG06CHLHAG-CHL,1785994912,0.4,0.65,,0.0,1785992400.0,0.15,0.69,,0.0,True
KXITFWMATCH-26AUG05KIMJAN-JAN,1785995795,0.63,0.67,0.67,1926.1100000000001,1785992400.0,0.63,0.67,0.64,1838.88,True
KXITFWMATCH-26AUG06DIGSZA-DIG,1785996399,0.6,0.61,0.62,4.260000000000001,1785996000.0,0.58,0.59,0.62,4.260000000000001,True
KXITFWMATCH-26AUG06AGUBUL-AGU,1785996399,0.37,0.39,,0.0,1785996000.0,0.36,0.39,,0.0,True
KXITFWMATCH-26AUG05ARABAZ-ARA,1785996687,0.58,0.62,0.59,1510.6000000000001,1785996000.0,0.57,0.62,0.59,1510.6000000000001,True
KXITFWMATCH-26AUG06DRAHER-DRA,1785997886,0.39,0.4,0.38,370.0,1785996000.0,0.38,0.43,0.38,370.0,True
KXITFWMATCH-26AUG06TUBAPP-APP,1785998503,0.35,0.36,0.36,408.0,1785996000.0,0.36,0.37,0.37,145.0,True
KXITFWMATCH-26AUG05TORBAT-BAT,1785999079,0.79,0.81,0.77,3949.9300000000003,1785996000.0,0.78,0.82,0.77,3849.9300000000003,True
KXITFWMATCH-26AUG06MUNELA-ELA,1785999362,0.49,0.5,0.5,14.51,1785996000.0,0.49,0.5,0.58,4.85,True
KXITFWMATCH-26AUG06HENENC-ENC,1785999363,0.27,0.29,,0.0,1785996000.0,0.27,0.29,,0.0,True
KXITFWMATCH-26AUG05VISLOP-LOP,1785999676,0.34,0.47,0.46,16600.269999999997,1785999600.0,0.41,0.47,0.48,12223.119999999999,True
KXITFWMATCH-26AUG06PANDOR-DOR,1785999677,0.56,0.57,0.53,90.0,1785999600.0,0.56,0.59,0.53,90.0,True
KXITFWMATCH-26AUG06SATABE-ABE,1785999678,0.65,0.67,0.66,170.51,1785999600.0,0.65,0.66,0.66,170.51,True
KXITFWMATCH-26AUG06POHAHT-AHT,1786000286,0.07,0.09,0.08,194.95,1785999600.0,0.07,0.09,0.08,88.06,True
KXITFWMATCH-26AUG05KENROT-KEN,1786000875,0.51,0.54,0.46,25.59,1785999600.0,0.51,0.55,0.46,25.59,True
KXITFWMATCH-26AUG06JORPAV-JOR,1786000877,0.68,0.69,0.69,12.45,1785999600.0,0.64,0.68,,0.0,True
KXITFWMATCH-26AUG06BLAEKS-BLA,1786001483,0.46,0.47,0.47,255.12,1785999600.0,0.47,0.5,,0.0,True
KXITFWMATCH-26AUG06MALVLA-MAL,1786001484,0.4,0.42,,0.0,1785999600.0,0.4,0.44,,0.0,True
KXITFWMATCH-26AUG06KABZHI-KAB,1786002070,0.52,0.54,0.55,18.75,1785999600.0,0.54,0.55,0.54,12.629999999999999,True
KXITFWMATCH-26AUG06LAZZAN-LAZ,1786002364,0.65,0.68,,0.0,1785999600.0,0.64,0.67,,0.0,True
KXITFWMATCH-26AUG06EBSVEL-EBS,1786005357,0.1,0.29,0.13,81.65,1786003200.0,0.1,0.13,0.13,81.65,True
KXITFWMATCH-26AUG06VANBAR-BAR,1786005658,0.7,0.75,,0.0,1786003200.0,0.7,0.75,,0.0,True
KXITFWMATCH-26AUG06EBEBEN-BEN,1786005659,0.53,0.56,0.58,169.31,1786003200.0,0.54,0.56,0.58,169.31,True
KXITFWMATCH-26AUG06JOVGLU-GLU,1786005660,0.9,0.93,,0.0,1785999600.0,0.9,0.92,,0.0,True
KXITFWMATCH-26AUG06SAICER-CER,1786005946,0.31,0.36,,0.0,1786003200.0,0.31,0.32,,0.0,True
KXITFWMATCH-26AUG06KORVIS-KOR,1786006255,0.16,0.21,0.17,16.64,1786003200.0,0.19,0.2,0.17,16.64,True
KXITFWMATCH-26AUG06LEKMAS-LEK,1786006256,0.38,0.43,0.43,338.43,1786003200.0,0.4,0.41,0.39,309.94,True
KXITFWMATCH-26AUG06MALMCD-MAL,1786006256,0.32,0.37,0.36,152.98,1786003200.0,0.33,0.35,0.36,152.98,True
KXITFWMATCH-26AUG06KOVGJO-GJO,1786006548,0.31,0.36,,0.0,1786003200.0,0.31,0.36,,0.0,True
KXITFWMATCH-26AUG06BURMAN-BUR,1786006848,0.71,0.94,,0.0,1786006800.0,0.9,0.94,,0.0,True
KXITFWMATCH-26AUG06KHODOD-DOD,1786007144,,,,0.0,,,,,0.0,False
KXITFWMATCH-26AUG06SATRAJ-RAJ,1786007743,,,,0.0,,,,,0.0,False
KXITFWMATCH-26AUG06HIENUU-HIE,1786008346,,,,0.0,,,,,0.0,False
KXITFWMATCH-26AUG05HEJSOU-HEJ,1786008640,,,,0.0,,,,,0.0,False
KXITFWMATCH-26AUG06GIZLAB-GIZ,1786009523,,,,0.0,,,,,0.0,False
KXITFWMATCH-26AUG06MINGAL-GAL,1786010457,,,,0.0,,,,,0.0,False
KXITFWMATCH-26AUG06PALLAN-LAN,1786011636,,,,0.0,,,,,0.0,False
KXITFWMATCH-26AUG06BAIBUR-BAI,1786011921,,,,0.0,,,,,0.0,False
KXITFWMATCH-26AUG06GUZAHN-AHN,1786016434,,,,0.0,,,,,0.0,False
KXITFWMATCH-26AUG06VOLDEF-DEF,1786019115,,,,0.0,,,,,0.0,False
KXITFWMATCH-26AUG06STEPAS-PAS,1786019717,,,,0.0,,,,,0.0,False
KXITFWMATCH-26AUG06CROPEN-CRO,1786020024,,,,0.0,,,,,0.0,False
KXITFWMATCH-26AUG06CEMGLU-CEM,1786021822,,,,0.0,,,,,0.0,False
KXITFWMATCH-26AUG06SCHWOB-SCH,1786024216,,,,0.0,,,,,0.0,False
KXITFWMATCH-26AUG06OTZPIE-OTZ,1786026321,,,,0.0,,,,,0.0,False
KXITFWMATCH-26AUG06SCHLUX-LUX,1786044084,,,,0.0,,,,,0.0,False
KXITFWMATCH-26AUG06TEITAN-TAN,1786047664,,,,0.0,,,,,0.0,False
KXITFWMATCH-26AUG06SEMLEE-LEE,1786048871,,,,0.0,,,,,0.0,False
KXITFWMATCH-26AUG06HERPEN-HER,1786049750,,,,0.0,,,,,0.0,False
KXITFWMATCH-26AUG06NAHLUT-LUT,1786051261,,,,0.0,,,,,0.0,False
KXITFWMATCH-26AUG06YUALIN-LIN,1786064761,,,,0.0,,,,,0.0,False
KXITFWMATCH-26AUG06WANZHA-WAN,1786068666,,,,0.0,,,,,0.0,False
KXITFWMATCH-26AUG06ZHUWAN-WAN,1786069874,,,,0.0,,,,,0.0,False
KXITFWMATCH-26AUG07MILSOZ-MIL,1786070158,,,,0.0,,,,,0.0,False
KXITFWMATCH-26AUG07KORYOS-KOR,1786071677,,,,0.0,,,,,0.0,False
KXITFWMATCH-26AUG07ARYROT-ARY,1786073161,,,,0.0,,,,,0.0,False
KXITFWMATCH-26AUG07BAZMAM-BAZ,1786073489,,,,0.0,,,,,0.0,False
KXITFWMATCH-26AUG06SHEJAN-JAN,1786074050,,,,0.0,,,,,0.0,False
KXITFWMATCH-26AUG07SEDJAN-JAN,1786076460,,,,0.0,,,,,0.0,False
KXITFWMATCH-26AUG07DORVAN-DOR,1786080659,,,,0.0,,,,,0.0,False
KXITFWMATCH-26AUG07ARILEE-ARI,1786082143,,,,0.0,,,,,0.0,False
KXITFWMATCH-26AUG07PUSDES-DES,1786082749,,,,0.0,,,,,0.0,False
KXITFWMATCH-26AUG07MASHER-HER,1786083347,,,,0.0,,,,,0.0,False
KXITFWMATCH-26AUG07POHVAI-POH,1786083643,,,,0.0,,,,,0.0,False
KXITFWMATCH-26AUG07MATBAS-BAS,1786083937,,,,0.0,,,,,0.0,False
KXITFWMATCH-26AUG07MINSHI-MIN,1786085445,,,,0.0,,,,,0.0,False
KXITFWMATCH-26AUG07HEJHAG-HAG,1786085733,,,,0.0,,,,,0.0,False
KXITFWMATCH-26AUG07APPKOR-APP,1786085734,,,,0.0,,,,,0.0,False
KXITFWMATCH-26AUG07PAVDUP-DUP,1786086050,,,,0.0,,,,,0.0,False
KXITFWMATCH-26AUG07BATKUR-BAT,1786086924,,,,0.0,,,,,0.0,False
KXITFWMATCH-26AUG07LABVLA-LAB,1786086925,,,,0.0,,,,,0.0,False
KXITFWMATCH-26AUG07BURKOV-BUR,1786088121,,,,0.0,,,,,0.0,False
KXITFWMATCH-26AUG07SAIKHO-KHO,1786088719,,,,0.0,,,,,0.0,False
KXITFWMATCH-26AUG07BURABE-ABE,1786089035,,,,0.0,,,,,0.0,False
KXITFWMATCH-26AUG07ZHIDUD-DUD,1786089325,,,,0.0,,,,,0.0,False
KXITFWMATCH-26AUG07MCDCEM-CEM,1786089642,,,,0.0,,,,,0.0,False
KXITFWMATCH-26AUG07PAGBUL-BUL,1786089644,,,,0.0,,,,,0.0,False
KXITFWMATCH-26AUG07HIEVEL-HIE,1786091119,,,,0.0,,,,,0.0,False
KXITFWMATCH-26AUG07MINBER-BER,1786091119,,,,0.0,,,,,0.0,False
KXITFWMATCH-26AUG07ELAGLU-ELA,1786092939,,,,0.0,,,,,0.0,False
KXITFWMATCH-26AUG06PERGOB-GOB,1786095911,,,,0.0,,,,,0.0,False
KXITFWMATCH-26AUG07LOPGAI-GAI,1786096505,,,,0.0,,,,,0.0,False
KXITFWMATCH-26AUG07EBEDIG-DIG,1786097102,,,,0.0,,,,,0.0,False
KXITFWMATCH-26AUG06SANCIN-CIN,1786098013,,,,0.0,,,,,0.0,False
KXITFWMATCH-26AUG07RAJBLA-BLA,1786098015,,,,0.0,,,,,0.0,False
KXITFWMATCH-26AUG07HENSTE-HEN,1786098616,,,,0.0,,,,,0.0,False
KXITFWMATCH-26AUG06PEDMEA-MEA,1786100708,,,,0.0,,,,,0.0,False
KXITFWMATCH-26AUG06KONBOS-BOS,1786101006,,,,0.0,,,,,0.0,False
KXITFWMATCH-26AUG06ESTLAB-EST,1786103117,,,,0.0,,,,,0.0,False
KXITFWMATCH-26AUG07PENLUX-LUX,1786103410,,,,0.0,,,,,0.0,False
KXITFWMATCH-26AUG06LARSCH-LAR,1786103712,,,,0.0,,,,,0.0,False
KXITFWMATCH-26AUG07PIEPAL-PAL,1786104015,,,,0.0,,,,,0.0,False
KXITFWMATCH-26AUG06CRAZAK-CRA,1786104307,,,,0.0,,,,,0.0,False
KXITFWMATCH-26AUG06OVCGOR-GOR,1786104898,,,,0.0,,,,,0.0,False
KXITFWMATCH-26AUG06AYAEGO-AYA,1786105207,,,,0.0,,,,,0.0,False
KXITFWMATCH-26AUG06IATDOL-DOL,1786105492,,,,0.0,,,,,0.0,False
KXITFWMATCH-26AUG07ZANWOB-WOB,1786105807,,,,0.0,,,,,0.0,False
KXITFWMATCH-26AUG06AKLANS-AKL,1786106398,,,,0.0,,,,,0.0,False
KXITFWMATCH-26AUG07GUZHER-GUZ,1786108197,,,,0.0,,,,,0.0,False
KXITFWMATCH-26AUG06URRROD-ROD,1786109996,,,,0.0,,,,,0.0,False
KXITFWMATCH-26AUG07PERSCH-PER,1786115416,,,,0.0,,,,,0.0,False
KXITFWMATCH-26AUG07SANEGO-EGO,1786118711,,,,0.0,,,,,0.0,False
KXITFWMATCH-26AUG07PEDEST-EST,1786119846,,,,0.0,,,,,0.0,False
KXITFWMATCH-26AUG07URRBOS-BOS,1786120811,,,,0.0,,,,,0.0,False
KXITFWMATCH-26AUG07VOLLEE-LEE,1786132833,,,,0.0,,,,,0.0,False
KXITFWMATCH-26AUG07TANLUT-LUT,1786137017,,,,0.0,,,,,0.0,False
KXITFWMATCH-26AUG07YUAZHA-YUA,1786145723,,,,0.0,,,,,0.0,False
KXITFWMATCH-26AUG07JANZHU-JAN,1786148119,,,,0.0,,,,,0.0,False
KXITFWMATCH-26AUG08ARYPUS-ARY,1786162817,,,,0.0,,,,,0.0,False
KXITFWMATCH-26AUG08HEJPOH-HEJ,1786164626,,,,0.0,,,,,0.0,False
KXITFWMATCH-26AUG08DORPAG-DOR,1786166114,,,,0.0,,,,,0.0,False
KXITFWMATCH-26AUG08HERGLU-GLU,1786168221,,,,0.0,,,,,0.0,False
KXITFWMATCH-26AUG08MILYOS-MIL,1786168499,,,,0.0,,,,,0.0,False
KXITFWMATCH-26AUG08MAMKUR-KUR,1786168837,,,,0.0,,,,,0.0,False
KXITFWMATCH-26AUG08ARIJAN-ARI,1786170620,,,,0.0,,,,,0.0,False
KXITFWMATCH-26AUG08SHIDUP-DUP,1786171514,,,,0.0,,,,,0.0,False
KXITFWMATCH-26AUG08APPMCD-APP,1786172420,,,,0.0,,,,,0.0,False
KXITFWMATCH-26AUG08WOBLAB-LAB,1786173908,,,,0.0,,,,,0.0,False
KXITFWMATCH-26AUG08MAMARY-ARY,1786177203,,,,0.0,,,,,0.0,False
KXITFWMATCH-26AUG08ZHISAI-SAI,1786178089,,,,0.0,,,,,0.0,False
KXITFWMATCH-26AUG08EBEBAS-BAS,1786178090,,,,0.0,,,,,0.0,False
KXITFWMATCH-26AUG08HIEGAI-GAI,1786178702,,,,0.0,,,,,0.0,False
KXITFWMATCH-26AUG06BRAMAN-BRA,1786180493,,,,0.0,,,,,0.0,False
KXITFWMATCH-26AUG06VANSIE-SIE,1786181397,,,,0.0,,,,,0.0,False
KXITFWMATCH-26AUG06MAXSCO-MAX,1786181996,,,,0.0,,,,,0.0,False
KXITFWMATCH-26AUG08HENBUR-BUR,1786182886,,,,0.0,,,,,0.0,False
KXITFWMATCH-26AUG06KUXHON-HON,1786183788,,,,0.0,,,,,0.0,False
KXITFWMATCH-26AUG08PALBER-BER,1786186197,,,,0.0,,,,,0.0,False
KXITFWMATCH-26AUG08YOSJAN-JAN,1786186794,,,,0.0,,,,,0.0,False
KXITFWMATCH-26AUG07DOLGOR-DOL,1786187391,,,,0.0,,,,,0.0,False
KXITFWMATCH-26AUG07AKLZAK-AKL,1786188878,,,,0.0,,,,,0.0,False
KXITFWMATCH-26AUG08SANBOS-BOS,1786190400,,,,0.0,,,,,0.0,False
KXITFWMATCH-26AUG08PEDPER-PED,1786194881,,,,0.0,,,,,0.0,False
KXITFWMATCH-26AUG08LEEGUZ-GUZ,1786196384,,,,0.0,,,,,0.0,False
KXITFWMATCH-26AUG08PENLUT-LUT,1786198803,,,,0.0,,,,,0.0,False
KXITFWMATCH-26AUG08HONSCO-HON,1786207198,,,,0.0,,,,,0.0,False
KXITFWMATCH-26AUG08VANBRA-BRA,1786212308,,,,0.0,,,,,0.0,False
KXITFWMATCH-26AUG08SCOZAK-SCO,1786219241,,,,0.0,,,,,0.0,False
KXITFWMATCH-26AUG08VANGOR-GOR,1786227035,,,,0.0,,,,,0.0,False
KXITFWMATCH-26AUG08ZHAZHU-ZHA,1786240854,,,,0.0,,,,,0.0,False
KXITFWMATCH-26AUG09JANARY-ARY,1786249533,,,,0.0,,,,,0.0,False
KXITFWMATCH-26AUG09CIRBAR-BAR,1786249854,,,,0.0,,,,,0.0,False
KXITFWMATCH-26AUG09KULZHA-KUL,1786251326,,,,0.0,,,,,0.0,False
KXITFWMATCH-26AUG09DORGLU-DOR,1786253455,,,,0.0,,,,,0.0,False
KXITFWMATCH-26AUG09BERZAY-BER,1786254330,,,,0.0,,,,,0.0,False
KXITFWMATCH-26AUG09VOGMIC-MIC,1786254929,,,,0.0,,,,,0.0,False
KXITFWMATCH-26AUG09SUNSTA-STA,1786255838,,,,0.0,,,,,0.0,False
KXITFWMATCH-26AUG09SHIZHI-SHI,1786256732,,,,0.0,,,,,0.0,False
KXITFWMATCH-26AUG09HESSTO-HES,1786256732,,,,0.0,,,,,0.0,False
KXITFWMATCH-26AUG09GILOGU-GIL,1786257074,,,,0.0,,,,,0.0,False
KXITFWMATCH-26AUG09MCDRAJ-MCD,1786257329,,,,0.0,,,,,0.0,False
KXITFWMATCH-26AUG09MITKUJ-KUJ,1786257334,,,,0.0,,,,,0.0,False
KXITFWMATCH-26AUG09GROTRA-GRO,1786257651,,,,0.0,,,,,0.0,False
KXITFWMATCH-26AUG09LEWYOU-LEW,1786258251,,,,0.0,,,,,0.0,False
KXITFWMATCH-26AUG09MELBAR-BAR,1786258850,,,,0.0,,,,,0.0,False
KXITFWMATCH-26AUG09BULVUJ-BUL,1786260039,,,,0.0,,,,,0.0,False
KXITFWMATCH-26AUG09HIEHEJ-HEJ,1786260040,,,,0.0,,,,,0.0,False
KXITFWMATCH-26AUG09MONWAI-MON,1786261833,,,,0.0,,,,,0.0,False
KXITFWMATCH-26AUG09MAKKOR-KOR,1786261835,,,,0.0,,,,,0.0,False
KXITFWMATCH-26AUG09GUTBAY-BAY,1786262129,,,,0.0,,,,,0.0,False
KXITFWMATCH-26AUG09WONMUS-MUS,1786262725,,,,0.0,,,,,0.0,False
KXITFWMATCH-26AUG09PAOPER-PAO,1786263326,,,,0.0,,,,,0.0,False
KXITFWMATCH-26AUG09ISHPEA-ISH,1786263634,,,,0.0,,,,,0.0,False
KXITFWMATCH-26AUG09CONRAJ-CON,1786264241,,,,0.0,,,,,0.0,False
KXITFWMATCH-26AUG09VLAMAT-MAT,1786264517,,,,0.0,,,,,0.0,False
KXITFWMATCH-26AUG09RASREY-RAS,1786265120,,,,0.0,,,,,0.0,False
KXITFWMATCH-26AUG09VLARIC-RIC,1786265710,,,,0.0,,,,,0.0,False
KXITFWMATCH-26AUG09ZOLMIL-MIL,1786267223,,,,0.0,,,,,0.0,False
KXITFWMATCH-26AUG09WOBBUR-BUR,1786267514,,,,0.0,,,,,0.0,False
KXITFWMATCH-26AUG09MALNEW-MAL,1786268421,,,,0.0,,,,,0.0,False
KXITFWMATCH-26AUG09RAIROM-RAI,1786269015,,,,0.0,,,,,0.0,False
KXITFWMATCH-26AUG09MARNEP-MAR,1786269628,,,,0.0,,,,,0.0,False
KXITFWMATCH-26AUG09GRIBUS-BUS,1786269630,,,,0.0,,,,,0.0,False
KXITFWMATCH-26AUG09ENCNOV-ENC,1786269634,,,,0.0,,,,,0.0,False
KXITFWMATCH-26AUG09DAESTE-DAE,1786270804,,,,0.0,,,,,0.0,False
KXITFWMATCH-26AUG09OTZFET-FET,1786273499,,,,0.0,,,,,0.0,False
KXITFWMATCH-26AUG09HUACAK-CAK,1786275015,,,,0.0,,,,,0.0,False
KXITFWMATCH-26AUG09PENGUZ-GUZ,1786275017,,,,0.0,,,,,0.0,False
KXITFWMATCH-26AUG09BARSHA-BAR,1786275297,,,,0.0,,,,,0.0,False
KXITFWMATCH-26AUG09DADWAL-DAD,1786275298,,,,0.0,,,,,0.0,False
KXITFWMATCH-26AUG09ARUYAR-ARU,1786275605,,,,0.0,,,,,0.0,False
KXITFWMATCH-26AUG09BEKNAG-BEK,1786276815,,,,0.0,,,,,0.0,False
KXITFWMATCH-26AUG09STEGRE-GRE,1786276817,,,,0.0,,,,,0.0,False
KXITFWMATCH-26AUG09PALBAS-BAS,1786277395,,,,0.0,,,,,0.0,False
KXITFWMATCH-26AUG09DASYAM-DAS,1786280086,,,,0.0,,,,,0.0,False
KXITFWMATCH-26AUG09BROBLA-BLA,1786280087,,,,0.0,,,,,0.0,False
KXITFWMATCH-26AUG09SILFON-FON,1786281282,,,,0.0,,,,,0.0,False
KXITFWMATCH-26AUG09WIRROU-ROU,1786281585,,,,0.0,,,,,0.0,False
KXITFWMATCH-26AUG09GLUSUV-GLU,1786285473,,,,0.0,,,,,0.0,False
KXITFWMATCH-26AUG09MCATRA-MCA,1786286081,,,,0.0,,,,,0.0,False
KXITFWMATCH-26AUG09MASBER-BER,1786286981,,,,0.0,,,,,0.0,False
KXITFWMATCH-26AUG09SKLLOL-LOL,1786287276,,,,0.0,,,,,0.0,False
KXITFWMATCH-26AUG09HOEPET-HOE,1786288476,,,,0.0,,,,,0.0,False
KXITFWMATCH-26AUG09PEDSAN-PED,1786289675,,,,0.0,,,,,0.0,False
KXITFWMATCH-26AUG09VANZAK-VAN,1786295403,,,,0.0,,,,,0.0,False
KXITFWMATCH-26AUG10NOVPAO-NOV,1786338051,,,,0.0,,,,,0.0,False
KXITFWMATCH-26AUG10ZOLMAR-MAR,1786339232,,,,0.0,,,,,0.0,False
KXITFWMATCH-26AUG10CIRZAY-CIR,1786344338,,,,0.0,,,,,0.0,False
KXITFWMATCH-26AUG10LEWWAI-LEW,1786346129,,,,0.0,,,,,0.0,False
KXITFWMATCH-26AUG10GILCON-CON,1786346446,,,,0.0,,,,,0.0,False
KXITFWMATCH-26AUG10OTZVLA-OTZ,1786346734,,,,0.0,,,,,0.0,False
KXITFWMATCH-26AUG10VLAYAR-VLA,1786346735,,,,0.0,,,,,0.0,False
KXITFWMATCH-26AUG10HESVUJ-HES,1786347640,,,,0.0,,,,,0.0,False
KXITFWMATCH-26AUG10KULKOR-KOR,1786348234,,,,0.0,,,,,0.0,False
KXITFWMATCH-26AUG10ISHKUJ-ISH,1786348235,,,,0.0,,,,,0.0,False
KXITFWMATCH-26AUG10VOGTRA-TRA,1786348832,,,,0.0,,,,,0.0,False
KXITFWMATCH-26AUG10HUAYAM-HUA,1786350631,,,,0.0,,,,,0.0,False
KXITFWMATCH-26AUG10MILSUN-MIL,1786350920,,,,0.0,,,,,0.0,False
KXITFWMATCH-26AUG09SHIVAS-SHI,1786351236,,,,0.0,,,,,0.0,False
KXITFWMATCH-26AUG10BROGRI-BRO,1786352433,,,,0.0,,,,,0.0,False
KXITFWMATCH-26AUG10BARBEK-BAR,1786353915,,,,0.0,,,,,0.0,False
KXITFWMATCH-26AUG10MALDAD-DAD,1786354822,,,,0.0,,,,,0.0,False
KXITFWMATCH-26AUG10BAYSIL-BAY,1786356302,,,,0.0,,,,,0.0,False
KXITFWMATCH-26AUG10MELREY-MEL,1786356918,,,,0.0,,,,,0.0,False
KXITFWMATCH-26AUG10RAIWON-RAI,1786357209,,,,0.0,,,,,0.0,False
KXITFWMATCH-26AUG10PORZUC-POR,1786357210,,,,0.0,,,,,0.0,False
KXITFWMATCH-26AUG10GLUBER-BER,1786357865,,,,0.0,,,,,0.0,False
KXITFWMATCH-26AUG10SIGSAN-SAN,1786359626,,,,0.0,,,,,0.0,False
KXITFWMATCH-26AUG10SAKMER-MER,1786359629,,,,0.0,,,,,0.0,False
KXITFWMATCH-26AUG09DAEROU-DAE,1786360206,,,,0.0,,,,,0.0,False
KXITFWMATCH-26AUG09MANAIK-AIK,1786362602,,,,0.0,,,,,0.0,False
KXITFWMATCH-26AUG10COHJUL-COH,1786363495,,,,0.0,,,,,0.0,False
KXITFWMATCH-26AUG10PONEID-EID,1786364705,,,,0.0,,,,,0.0,False
KXITFWMATCH-26AUG10GUEBOR-BOR,1786366205,,,,0.0,,,,,0.0,False
KXITFWMATCH-26AUG10VASLOL-LOL,1786368369,,,,0.0,,,,,0.0,False
KXITFWMATCH-26AUG09GREHOE-GRE,1786370421,,,,0.0,,,,,0.0,False
KXITFWMATCH-26AUG10RODPOP-POP,1786376129,,,,0.0,,,,,0.0,False
KXITFWMATCH-26AUG10JEOVAS-JEO,1786404764,,,,0.0,,,,,0.0,False
KXITFWMATCH-26AUG10SONSUN-SON,1786405980,,,,0.0,,,,,0.0,False
KXITFWMATCH-26AUG10LEOMUR-LEO,1786406599,,,,0.0,,,,,0.0,False
KXITFWMATCH-26AUG10CHONIS-CHO,1786406615,,,,0.0,,,,,0.0,False
KXITFWMATCH-26AUG11RATKIM-KIM,1786414981,,,,0.0,,,,,0.0,False
KXITFWMATCH-26AUG11HOSJAD-HOS,1786416179,,,,0.0,,,,,0.0,False
KXITFWMATCH-26AUG11PANKRY-KRY,1786416460,,,,0.0,,,,,0.0,False
KXITFWMATCH-26AUG11PATNIT-NIT,1786416762,,,,0.0,,,,,0.0,False
KXITFWMATCH-26AUG10KIMEFR-EFR,1786417394,,,,0.0,,,,,0.0,False
KXITFWMATCH-26AUG11GOIMAR-GOI,1786418259,,,,0.0,,,,,0.0,False
KXITFWMATCH-26AUG11MARSAN-MAR,1786418882,,,,0.0,,,,,0.0,False
KXITFWMATCH-26AUG10DESSHI-DES,1786419152,,,,0.0,,,,,0.0,False
KXITFWMATCH-26AUG11IVABIS-BIS,1786419785,,,,0.0,,,,,0.0,False
KXITFWMATCH-26AUG10TSAXUX-TSA,1786420385,,,,0.0,,,,,0.0,False
KXITFWMATCH-26AUG11PARANG-ANG,1786420387,,,,0.0,,,,,0.0,False
KXITFWMATCH-26AUG11NAGKUZ-KUZ,1786420673,,,,0.0,,,,,0.0,False
KXITFWMATCH-26AUG11OGEBRU-BRU,1786420674,,,,0.0,,,,,0.0,False
KXITFWMATCH-26AUG11KUZZHO-KUZ,1786420962,,,,0.0,,,,,0.0,False
KXITFWMATCH-26AUG10KOYSUN-KOY,1786421259,,,,0.0,,,,,0.0,False
KXITFWMATCH-26AUG11WANLIN-LIN,1786421270,,,,0.0,,,,,0.0,False
KXITFWMATCH-26AUG11ADAURS-ADA,1786423675,,,,0.0,,,,,0.0,False
KXITFWMATCH-26AUG11KALMIL-KAL,1786423677,,,,0.0,,,,,0.0,False
KXITFWMATCH-26AUG11LUCMCK-LUC,1786424261,,,,0.0,,,,,0.0,False
KXITFWMATCH-26AUG11MADSOL-MAD,1786425464,,,,0.0,,,,,0.0,False
KXITFWMATCH-26AUG11SLEKHO-KHO,1786426025,,,,0.0,,,,,0.0,False
KXITFWMATCH-26AUG11SUCKMI-KMI,1786426335,,,,0.0,,,,,0.0,False
KXITFWMATCH-26AUG11PETBRE-BRE,1786426631,,,,0.0,,,,,0.0,False
KXITFWMATCH-26AUG11LUOYAN-LUO,1786426951,,,,0.0,,,,,0.0,False
KXITFWMATCH-26AUG11TODDIB-DIB,1786426952,,,,0.0,,,,,0.0,False
KXITFWMATCH-26AUG11LANCOL-COL,1786427550,,,,0.0,,,,,0.0,False
KXITFWMATCH-26AUG11SHAYOS-SHA,1786428132,,,,0.0,,,,,0.0,False
KXITFWMATCH-26AUG11VUJHUA-HUA,1786428133,,,,0.0,,,,,0.0,False
KXITFWMATCH-26AUG11VEDPAR-PAR,1786428134,,,,0.0,,,,,0.0,False
KXITFWMATCH-26AUG11GIZKOB-GIZ,1786428141,,,,0.0,,,,,0.0,False
KXITFWMATCH-26AUG11SENANU-ANU,1786428438,,,,0.0,,,,,0.0,False
KXITFWMATCH-26AUG11DESMIK-DES,1786428742,,,,0.0,,,,,0.0,False
KXITFWMATCH-26AUG11GAIPEE-GAI,1786428742,,,,0.0,,,,,0.0,False
KXITFWMATCH-26AUG11YODPLI-PLI,1786429032,,,,0.0,,,,,0.0,False
KXITFWMATCH-26AUG11LEWXUX-LEW,1786429340,,,,0.0,,,,,0.0,False
KXITFWMATCH-26AUG11GARMAN-GAR,1786429624,,,,0.0,,,,,0.0,False
KXITFWMATCH-26AUG11ABBGRI-ABB,1786429625,,,,0.0,,,,,0.0,False
KXITFWMATCH-26AUG11ARITOR-ARI,1786431104,,,,0.0,,,,,0.0,False
KXITFWMATCH-26AUG11GARLIU-GAR,1786431737,,,,0.0,,,,,0.0,False
KXITFWMATCH-26AUG11YORMAI-MAI,1786431739,,,,0.0,,,,,0.0,False
KXITFWMATCH-26AUG11TARMRA-MRA,1786431740,,,,0.0,,,,,0.0,False
KXITFWMATCH-26AUG11ZAYZAV-ZAV,1786432608,,,,0.0,,,,,0.0,False
KXITFWMATCH-26AUG11GUOLAN-GUO,1786432901,,,,0.0,,,,,0.0,False
KXITFWMATCH-26AUG10MCAAIK-AIK,1786433191,,,,0.0,,,,,0.0,False
KXITFWMATCH-26AUG11KALRIS-KAL,1786433192,,,,0.0,,,,,0.0,False
KXITFWMATCH-26AUG11PASDEK-DEK,1786433806,,,,0.0,,,,,0.0,False
KXITFWMATCH-26AUG11ABEOKU-ABE,1786433807,,,,0.0,,,,,0.0,False
KXITFWMATCH-26AUG11KOEBRI-BRI,1786434088,,,,0.0,,,,,0.0,False
KXITFWMATCH-26AUG11KORAKS-AKS,1786434089,,,,0.0,,,,,0.0,False
KXITFWMATCH-26AUG11RAIAPP-APP,1786434090,,,,0.0,,,,,0.0,False
KXITFWMATCH-26AUG11IVAODO-IVA,1786434094,,,,0.0,,,,,0.0,False
KXITFWMATCH-26AUG11SOZKEN-KEN,1786434393,,,,0.0,,,,,0.0,False
KXITFWMATCH-26AUG11SATSPI-SAT,1786434395,,,,0.0,,,,,0.0,False
KXITFWMATCH-26AUG11LOPBER-BER,1786434985,,,,0.0,,,,,0.0,False
KXITFWMATCH-26AUG11GENSRA-GEN,1786434986,,,,0.0,,,,,0.0,False
KXITFWMATCH-26AUG11BALKUH-BAL,1786434992,,,,0.0,,,,,0.0,False
KXITFWMATCH-26AUG11BOUSAW-BOU,1786435577,,,,0.0,,,,,0.0,False
KXITFWMATCH-26AUG11SORMIR-MIR,1786435582,,,,0.0,,,,,0.0,False
KXITFWMATCH-26AUG11LACKUL-KUL,1786436198,,,,0.0,,,,,0.0,False
KXITFWMATCH-26AUG11BURADE-ADE,1786436470,,,,0.0,,,,,0.0,False
KXITFWMATCH-26AUG11DESPAR-DES,1786437374,,,,0.0,,,,,0.0,False
KXITFWMATCH-26AUG11GAOOZE-GAO,1786437681,,,,0.0,,,,,0.0,False
KXITFWMATCH-26AUG11DAPAVA-AVA,1786438271,,,,0.0,,,,,0.0,False
KXITFWMATCH-26AUG11TSEIAN-IAN,1786439164,,,,0.0,,,,,0.0,False
KXITFWMATCH-26AUG10SISMAR-MAR,1786439817,,,,0.0,,,,,0.0,False
KXITFWMATCH-26AUG11VERAST-AST,1786439818,,,,0.0,,,,,0.0,False
KXITFWMATCH-26AUG11SARFER-FER,1786440361,,,,0.0,,,,,0.0,False
KXITFWMATCH-26AUG11MUSSAT-MUS,1786440670,,,,0.0,,,,,0.0,False
KXITFWMATCH-26AUG11MALGIL-GIL,1786440954,,,,0.0,,,,,0.0,False
KXITFWMATCH-26AUG11BRERAG-BRE,1786441550,,,,0.0,,,,,0.0,False
KXITFWMATCH-26AUG11BANBLA-BAN,1786441854,,,,0.0,,,,,0.0,False
KXITFWMATCH-26AUG11RAIMER-MER,1786441856,,,,0.0,,,,,0.0,False
KXITFWMATCH-26AUG11VLAAVD-AVD,1786441859,,,,0.0,,,,,0.0,False
KXITFWMATCH-26AUG11TEOJUL-JUL,1786442749,,,,0.0,,,,,0.0,False
KXITFWMATCH-26AUG11BAIGLU-BAI,1786443045,,,,0.0,,,,,0.0,False
KXITFWMATCH-26AUG11ROJPAS-PAS,1786443349,,,,0.0,,,,,0.0,False
KXITFWMATCH-26AUG11CERJOR-CER,1786443353,,,,0.0,,,,,0.0,False
KXITFWMATCH-26AUG11BEKALL-ALL,1786443940,,,,0.0,,,,,0.0,False
KXITFWMATCH-26AUG11MILSID-MIL,1786444258,,,,0.0,,,,,0.0,False
KXITFWMATCH-26AUG11HERMAR-HER,1786444259,,,,0.0,,,,,0.0,False
KXITFWMATCH-26AUG11CROZUC-CRO,1786445135,,,,0.0,,,,,0.0,False
KXITFWMATCH-26AUG11RENVIS-REN,1786446630,,,,0.0,,,,,0.0,False
KXITFWMATCH-26AUG11NAHSIG-NAH,1786447238,,,,0.0,,,,,0.0,False
KXITFWMATCH-26AUG11KARZAA-KAR,1786447850,,,,0.0,,,,,0.0,False
KXITFWMATCH-26AUG11KUJBRO-BRO,1786449656,,,,0.0,,,,,0.0,False
KXITFWMATCH-26AUG11KRAPON-KRA,1786451140,,,,0.0,,,,,0.0,False
KXITFWMATCH-26AUG11KITSMI-KIT,1786451449,,,,0.0,,,,,0.0,False
KXITFWMATCH-26AUG11ESQPAV-ESQ,1786452325,,,,0.0,,,,,0.0,False
KXITFWMATCH-26AUG11ZHEMAI-MAI,1786452931,,,,0.0,,,,,0.0,False
KXITFWMATCH-26AUG11HATKHO-HAT,1786452934,,,,0.0,,,,,0.0,False
KXITFWMATCH-26AUG11SANBUL-BUL,1786454611,,,,0.0,,,,,0.0,False
KXITFWMATCH-26AUG11MARREI-MAR,1786455318,,,,0.0,,,,,0.0,False
KXITFWMATCH-26AUG11LARSCH-LAR,1786455635,,,,0.0,,,,,0.0,False
KXITFWMATCH-26AUG11MIXBER-BER,1786456518,,,,0.0,,,,,0.0,False
KXITFWMATCH-26AUG11SOTFUL-FUL,1786460713,,,,0.0,,,,,0.0,False
KXITFWMATCH-26AUG11LEONIS-LEO,1786489646,,,,0.0,,,,,0.0,False
KXITFWMATCH-26AUG11KIMSUN-KIM,1786490870,,,,0.0,,,,,0.0,False
KXITFWMATCH-26AUG11YANJEO-JEO,1786498968,,,,0.0,,,,,0.0,False
KXITFWMATCH-26AUG11TSASUN-SUN,1786499871,,,,0.0,,,,,0.0,False
KXITFWMATCH-26AUG12IMXKUZ-IMX,1786500495,,,,0.0,,,,,0.0,False
KXITFWMATCH-26AUG12KAKKUR-KAK,1786500777,,,,0.0,,,,,0.0,False
KXITFWMATCH-26AUG11YUASON-SON,1786501075,,,,0.0,,,,,0.0,False
KXITFWMATCH-26AUG11KALDES-DES,1786502271,,,,0.0,,,,,0.0,False
KXITFWMATCH-26AUG12KIMZEL-KIM,1786502571,,,,0.0,,,,,0.0,False
KXITFWMATCH-26AUG12SIMADA-ADA,1786504975,,,,0.0,,,,,0.0,False
KXITFWMATCH-26AUG12OLILUC-LUC,1786505262,,,,0.0,,,,,0.0,False
KXITFWMATCH-26AUG12ROTIVA-IVA,1786505835,,,,0.0,,,,,0.0,False
KXITFWMATCH-26AUG12SEDKUZ-KUZ,1786506140,,,,0.0,,,,,0.0,False
KXITFWMATCH-26AUG12KORPUS-KOR,1786506465,,,,0.0,,,,,0.0,False
KXITFWMATCH-26AUG12TODCRA-CRA,1786506773,,,,0.0,,,,,0.0,False
KXITFWMATCH-26AUG11ZHAWAN-WAN,1786508583,,,,0.0,,,,,0.0,False
KXITFWMATCH-26AUG12POPMAR-MAR,1786508583,,,,0.0,,,,,0.0,False
KXITFWMATCH-26AUG12TKAKHO-KHO,1786508841,,,,0.0,,,,,0.0,False
KXITFWMATCH-26AUG12RABATA-ATA,1786511540,,,,0.0,,,,,0.0,False
KXITFWMATCH-26AUG12DENSEN-DEN,1786511542,,,,0.0,,,,,0.0,False
KXITFWMATCH-26AUG12JANBAT-BAT,1786511551,,,,0.0,,,,,0.0,False
KXITFWMATCH-26AUG12ANGOGE-ANG,1786511847,,,,0.0,,,,,0.0,False
KXITFWMATCH-26AUG12BURSAC-BUR,1786512140,,,,0.0,,,,,0.0,False
KXITFWMATCH-26AUG12BERJOR-BER,1786512142,,,,0.0,,,,,0.0,False
KXITFWMATCH-26AUG12ROJGOM-GOM,1786512143,,,,0.0,,,,,0.0,False
KXITFWMATCH-26AUG12BERZOL-BER,1786512437,,,,0.0,,,,,0.0,False
KXITFWMATCH-26AUG12HOSARY-ARY,1786513026,,,,0.0,,,,,0.0,False
KXITFWMATCH-26AUG12AMADIB-AMA,1786513342,,,,0.0,,,,,0.0,False
KXITFWMATCH-26AUG11CHESHE-CHE,1786513636,,,,0.0,,,,,0.0,False
KXITFWMATCH-26AUG11NAKCHO-CHO,1786513637,,,,0.0,,,,,0.0,False
KXITFWMATCH-26AUG12KRYLEE-KRY,1786513936,,,,0.0,,,,,0.0,False
KXITFWMATCH-26AUG12PIEDIT-DIT,1786513937,,,,0.0,,,,,0.0,False
KXITFWMATCH-26AUG12SAWERC-ERC,1786514244,,,,0.0,,,,,0.0,False
KXITFWMATCH-26AUG12BAYCEN-BAY,1786514245,,,,0.0,,,,,0.0,False
KXITFWMATCH-26AUG12EWAYAM-EWA,1786514587,,,,0.0,,,,,0.0,False
KXITFWMATCH-26AUG12NAGZEL-NAG,1786515422,,,,0.0,,,,,0.0,False
KXITFWMATCH-26AUG12GRIXUX-GRI,1786515431,,,,0.0,,,,,0.0,False
KXITFWMATCH-26AUG12PAOPAP-PAO,1786515730,,,,0.0,,,,,0.0,False
KXITFWMATCH-26AUG12VANSHI-SHI,1786515731,,,,0.0,,,,,0.0,False
KXITFWMATCH-26AUG12PIETIK-PIE,1786516016,,,,0.0,,,,,0.0,False
KXITFWMATCH-26AUG12ANUARA-ANU,1786516624,,,,0.0,,,,,0.0,False
KXITFWMATCH-26AUG12BANMAL-BAN,1786516627,,,,0.0,,,,,0.0,False
KXITFWMATCH-26AUG12SATAVD-AVD,1786517208,,,,0.0,,,,,0.0,False
KXITFWMATCH-26AUG12GOIPOP-GOI,1786517215,,,,0.0,,,,,0.0,False
KXITFWMATCH-26AUG12TURGEN-GEN,1786517515,,,,0.0,,,,,0.0,False
KXITFWMATCH-26AUG12LOMHER-HER,1786518397,,,,0.0,,,,,0.0,False
KXITFWMATCH-26AUG12BUCWOB-BUC,1786518703,,,,0.0,,,,,0.0,False
KXITFWMATCH-26AUG12BAIAPP-APP,1786519004,,,,0.0,,,,,0.0,False
KXITFWMATCH-26AUG12REYGIM-GIM,1786519582,,,,0.0,,,,,0.0,False
KXITFWMATCH-26AUG12MATKOV-KOV,1786519899,,,,0.0,,,,,0.0,False
KXITFWMATCH-26AUG12ROUBRA-BRA,1786520185,,,,0.0,,,,,0.0,False
KXITFWMATCH-26AUG12YASSAR-SAR,1786520481,,,,0.0,,,,,0.0,False
KXITFWMATCH-26AUG12LEWHOE-HOE,1786520787,,,,0.0,,,,,0.0,False
KXITFWMATCH-26AUG12HOSBOS-BOS,1786521088,,,,0.0,,,,,0.0,False
KXITFWMATCH-26AUG12KUBRUS-KUB,1786521373,,,,0.0,,,,,0.0,False
KXITFWMATCH-26AUG12TARBED-BED,1786521375,,,,0.0,,,,,0.0,False
KXITFWMATCH-26AUG12GAIBAB-BAB,1786521688,,,,0.0,,,,,0.0,False
KXITFWMATCH-26AUG12SHAMAN-MAN,1786521690,,,,0.0,,,,,0.0,False
KXITFWMATCH-26AUG12KABGAR-GAR,1786522287,,,,0.0,,,,,0.0,False
KXITFWMATCH-26AUG12ABEKUJ-ABE,1786522881,,,,0.0,,,,,0.0,False
KXITFWMATCH-26AUG12CEUMAD-CEU,1786523483,,,,0.0,,,,,0.0,False
KXITFWMATCH-26AUG12FEIPAS-FEI,1786523758,,,,0.0,,,,,0.0,False
KXITFWMATCH-26AUG12VASBAC-BAC,1786523759,,,,0.0,,,,,0.0,False
KXITFWMATCH-26AUG12SIMCIO-CIO,1786524665,,,,0.0,,,,,0.0,False
KXITFWMATCH-26AUG12KOEBUR-BUR,1786525287,,,,0.0,,,,,0.0,False
KXITFWMATCH-26AUG12LEMVOL-LEM,1786525852,,,,0.0,,,,,0.0,False
KXITFWMATCH-26AUG12BROVOG-BRO,1786526742,,,,0.0,,,,,0.0,False
KXITFWMATCH-26AUG12LEYSTE-LEY,1786526744,,,,0.0,,,,,0.0,False
KXITFWMATCH-26AUG12SATALL-ALL,1786527057,,,,0.0,,,,,0.0,False
KXITFWMATCH-26AUG12GJOPAN-GJO,1786527058,,,,0.0,,,,,0.0,False
KXITFWMATCH-26AUG12DUPTSE-DUP,1786527059,,,,0.0,,,,,0.0,False
KXITFWMATCH-26AUG12STRZHI-STR,1786527060,,,,0.0,,,,,0.0,False
KXITFWMATCH-26AUG12SMIAKS-AKS,1786527352,,,,0.0,,,,,0.0,False
KXITFWMATCH-26AUG12SEMGLU-GLU,1786528250,,,,0.0,,,,,0.0,False
KXITFWMATCH-26AUG12SOUROD-ROD,1786528861,,,,0.0,,,,,0.0,False
KXITFWMATCH-26AUG12YAOMCA-MCA,1786530044,,,,0.0,,,,,0.0,False
KXITFWMATCH-26AUG12MARPET-MAR,1786530045,,,,0.0,,,,,0.0,False
KXITFWMATCH-26AUG12VLAGRA-GRA,1786531108,,,,0.0,,,,,0.0,False
KXITFWMATCH-26AUG12AFFMAR-AFF,1786531527,,,,0.0,,,,,0.0,False
KXITFWMATCH-26AUG12SOUGUE-GUE,1786531948,,,,0.0,,,,,0.0,False
KXITFWMATCH-26AUG12MARBAD-BAD,1786532720,,,,0.0,,,,,0.0,False
KXITFWMATCH-26AUG12LIXKUL-KUL,1786533026,,,,0.0,,,,,0.0,False
KXITFWMATCH-26AUG12RAIBAR-BAR,1786533027,,,,0.0,,,,,0.0,False
KXITFWMATCH-26AUG12ZHAZHU-ZHA,1786533623,,,,0.0,,,,,0.0,False
KXITFWMATCH-26AUG12SAMKOT-KOT,1786534232,,,,0.0,,,,,0.0,False
KXITFWMATCH-26AUG12JAKSZC-JAK,1786536047,,,,0.0,,,,,0.0,False
KXITFWMATCH-26AUG12KRAGAR-GAR,1786536320,,,,0.0,,,,,0.0,False
KXITFWMATCH-26AUG12PLAAYA-AYA,1786536625,,,,0.0,,,,,0.0,False
KXITFWMATCH-26AUG12COSALV-ALV,1786536920,,,,0.0,,,,,0.0,False
KXITFWMATCH-26AUG12LACSUC-LAC,1786536922,,,,0.0,,,,,0.0,False
KXITFWMATCH-26AUG12MANPAS-MAN,1786537511,,,,0.0,,,,,0.0,False
KXITFWMATCH-26AUG12SAKKUC-KUC,1786537512,,,,0.0,,,,,0.0,False
KXITFWMATCH-26AUG12CROSOA-CRO,1786538420,,,,0.0,,,,,0.0,False
KXITFWMATCH-26AUG12CHIZOL-CHI,1786539018,,,,0.0,,,,,0.0,False
KXITFWMATCH-26AUG12MELLOP-LOP,1786539301,,,,0.0,,,,,0.0,False
KXITFWMATCH-26AUG12CCUJUL-CCU,1786540810,,,,0.0,,,,,0.0,False
KXITFWMATCH-26AUG12NAHBOH-BOH,1786545905,,,,0.0,,,,,0.0,False
KXITFWMATCH-26AUG12DIAKAW-DIA,1786547409,,,,0.0,,,,,0.0,False
KXITFWMATCH-26AUG12KIMYAN-KIM,1786578402,,,,0.0,,,,,0.0,False
KXITFWMATCH-26AUG12LANYOD-LAN,1786579304,,,,0.0,,,,,0.0,False
KXITFWMATCH-26AUG12TSASHA-SHA,1786581391,,,,0.0,,,,,0.0,False
KXITFWMATCH-26AUG13AMASIM-AMA,1786588913,,,,0.0,,,,,0.0,False
KXITFWMATCH-26AUG12YUAJEO-JEO,1786597310,,,,0.0,,,,,0.0,False
KXITFWMATCH-26AUG13ARIKUZ-ARI,1786597311,,,,0.0,,,,,0.0,False
KXITFWMATCH-26AUG13KUZKUR-KUR,1786597311,,,,0.0,,,,,0.0,False
KXITFWMATCH-26AUG13PUSKIM-KIM,1786597312,,,,0.0,,,,,0.0,False
KXITFWMATCH-26AUG13JANIVA-IVA,1786597312,,,,0.0,,,,,0.0,False
KXITFWMATCH-26AUG13TODGAI-GAI,1786597313,,,,0.0,,,,,0.0,False
KXITFWMATCH-26AUG13WOBKUH-KUH,1786597314,,,,0.0,,,,,0.0,False
KXITFWMATCH-26AUG13MIRRAG-MIR,1786597579,,,,0.0,,,,,0.0,False
KXITFWMATCH-26AUG12LEOWAN-LEO,1786597906,,,,0.0,,,,,0.0,False
KXITFWMATCH-26AUG13TKAARY-ARY,1786597907,,,,0.0,,,,,0.0,False
KXITFWMATCH-26AUG12DESSHE-DES,1786598200,,,,0.0,,,,,0.0,False
KXITFWMATCH-26AUG12LINGAO-GAO,1786598485,,,,0.0,,,,,0.0,False
KXITFWMATCH-26AUG13DESRAB-DES,1786598796,,,,0.0,,,,,0.0,False
KXITFWMATCH-26AUG13GOIBUR-BUR,1786599097,,,,0.0,,,,,0.0,False
KXITFWMATCH-26AUG13GLUDEN-DEN,1786599384,,,,0.0,,,,,0.0,False
KXITFWMATCH-26AUG13GENSTE-GEN,1786599686,,,,0.0,,,,,0.0,False
KXITFWMATCH-26AUG13PANVUJ-PAN,1786599973,,,,0.0,,,,,0.0,False
KXITFWMATCH-26AUG13KULRIS-KUL,1786600568,,,,0.0,,,,,0.0,False
KXITFWMATCH-26AUG13POPYOR-POP,1786601479,,,,0.0,,,,,0.0,False
KXITFWMATCH-26AUG13MADSHA-MAD,1786602374,,,,0.0,,,,,0.0,False
KXITFWMATCH-26AUG13JAKPAS-JAK,1786602697,,,,0.0,,,,,0.0,False
KXITFWMATCH-26AUG13SOZARA-ARA,1786602960,,,,0.0,,,,,0.0,False
KXITFWMATCH-26AUG13PIEEWA-EWA,1786603564,,,,0.0,,,,,0.0,False
KXITFWMATCH-26AUG13VOGCEN-CEN,1786603862,,,,0.0,,,,,0.0,False
KXITFWMATCH-26AUG13LOMANG-ANG,1786604163,,,,0.0,,,,,0.0,False
KXITFWMATCH-26AUG13DESHER-DES,1786604480,,,,0.0,,,,,0.0,False
KXITFWMATCH-26AUG13SIMOLI-OLI,1786604481,,,,0.0,,,,,0.0,False
KXITFWMATCH-26AUG13BURALL-ALL,1786604482,,,,0.0,,,,,0.0,False
KXITFWMATCH-26AUG13PARGIM-GIM,1786604761,,,,0.0,,,,,0.0,False
KXITFWMATCH-26AUG12NAKZHA-NAK,1786604761,,,,0.0,,,,,0.0,False
KXITFWMATCH-26AUG13APPAVD-APP,1786604763,,,,0.0,,,,,0.0,False
KXITFWMATCH-26AUG13BANXUX-BAN,1786605053,,,,0.0,,,,,0.0,False
KXITFWMATCH-26AUG13BOUJOR-BOU,1786606257,,,,0.0,,,,,0.0,False
KXITFWMATCH-26AUG13NITLEE-LEE,1786606555,,,,0.0,,,,,0.0,False
KXITFWMATCH-26AUG13PASKUC-KUC,1786606862,,,,0.0,,,,,0.0,False
KXITFWMATCH-26AUG13MILAST-AST,1786607142,,,,0.0,,,,,0.0,False
KXITFWMATCH-26AUG13ZHIYAS-YAS,1786607734,,,,0.0,,,,,0.0,False
KXITFWMATCH-26AUG13VLABAC-BAC,1786608938,,,,0.0,,,,,0.0,False
KXITFWMATCH-26AUG13ROUTIK-ROU,1786610141,,,,0.0,,,,,0.0,False
KXITFWMATCH-26AUG13SUCZEL-SUC,1786610442,,,,0.0,,,,,0.0,False
KXITFWMATCH-26AUG13DUPRUS-DUP,1786610729,,,,0.0,,,,,0.0,False
KXITFWMATCH-26AUG13LANZAA-LAN,1786611332,,,,0.0,,,,,0.0,False
KXITFWMATCH-26AUG13MILPAO-MIL,1786611333,,,,0.0,,,,,0.0,False
KXITFWMATCH-26AUG13KUJSMI-KUJ,1786611917,,,,0.0,,,,,0.0,False
KXITFWMATCH-26AUG13BOSZAV-BOS,1786612831,,,,0.0,,,,,0.0,False
KXITFWMATCH-26AUG13COSROJ-COS,1786614022,,,,0.0,,,,,0.0,False
KXITFWMATCH-26AUG13RENERC-ERC,1786614326,,,,0.0,,,,,0.0,False
KXITFWMATCH-26AUG13PETTAR-PET,1786614616,,,,0.0,,,,,0.0,False
KXITFWMATCH-26AUG13KOTMAR-KOT,1786614908,,,,0.0,,,,,0.0,False
KXITFWMATCH-26AUG13SISZHE-SIS,1786617014,,,,0.0,,,,,0.0,False
KXITFWMATCH-26AUG13HOEZOL-HOE,1786619100,,,,0.0,,,,,0.0,False
KXITFWMATCH-26AUG13MIXBAD-BAD,1786620295,,,,0.0,,,,,0.0,False
KXITFWMATCH-26AUG13DIAAYA-AYA,1786620607,,,,0.0,,,,,0.0,False
KXITFWMATCH-26AUG13SOULOP-LOP,1786620608,,,,0.0,,,,,0.0,False
KXITFWMATCH-26AUG13KABPAV-KAB,1786621490,,,,0.0,,,,,0.0,False
KXITFWMATCH-26AUG13ZOLMAT-MAT,1786621491,,,,0.0,,,,,0.0,False
KXITFWMATCH-26AUG13MCAGIZ-GIZ,1786625095,,,,0.0,,,,,0.0,False
KXITFWMATCH-26AUG13REIFUL-FUL,1786626009,,,,0.0,,,,,0.0,False
KXITFWMATCH-26AUG13CROBOH-BOH,1786626286,,,,0.0,,,,,0.0,False
KXITFWMATCH-26AUG13LARSAN-LAR,1786627805,,,,0.0,,,,,0.0,False
KXITFWMATCH-26AUG13VANJOR-JOR,1786629290,,,,0.0,,,,,0.0,False
KXITFWMATCH-26AUG13GUEKRA-GUE,1786629885,,,,0.0,,,,,0.0,False
KXITFWMATCH-26AUG13LEMKHO-KHO,1786630487,,,,0.0,,,,,0.0,False
KXITFWMATCH-26AUG13CCUBAR-BAR,1786630487,,,,0.0,,,,,0.0,False
KXITFWMATCH-26AUG13NAKYAN-NAK,1786668652,,,,0.0,,,,,0.0,False
KXITFWMATCH-26AUG14LANSHA-LAN,1786673129,,,,0.0,,,,,0.0,False
KXITFWMATCH-26AUG14DESLEO-DES,1786675831,,,,0.0,,,,,0.0,False
KXITFWMATCH-26AUG14POPRAG-POP,1786677648,,,,0.0,,,,,0.0,False
KXITFWMATCH-26AUG14YUALIN-LIN,1786679431,,,,0.0,,,,,0.0,False
KXITFWMATCH-26AUG14DESARA-ARA,1786679737,,,,0.0,,,,,0.0,False
KXITFWMATCH-26AUG14ARYPUS-ARY,1786680045,,,,0.0,,,,,0.0,False
KXITFWMATCH-26AUG14ARIKUR-ARI,1786680934,,,,0.0,,,,,0.0,False
KXITFWMATCH-26AUG14LOMTOD-LOM,1786682127,,,,0.0,,,,,0.0,False
KXITFWMATCH-26AUG14KOTSUC-KOT,1786683326,,,,0.0,,,,,0.0,False
KXITFWMATCH-26AUG14SIMWOB-SIM,1786684235,,,,0.0,,,,,0.0,False
KXITFWMATCH-26AUG14DENZAV-DEN,1786684524,,,,0.0,,,,,0.0,False
KXITFWMATCH-26AUG14VUJAST-AST,1786685725,,,,0.0,,,,,0.0,False
KXITFWMATCH-26AUG14JAKSTE-JAK,1786687529,,,,0.0,,,,,0.0,False
KXITFWMATCH-26AUG14SISHOE-HOE,1786691116,,,,0.0,,,,,0.0,False
KXITFWMATCH-26AUG14VOGVLA-VLA,1786691116,,,,0.0,,,,,0.0,False
KXITFWMATCH-26AUG14ZHIKHO-KHO,1786691716,,,,0.0,,,,,0.0,False
KXITFWMATCH-26AUG14SIMBUR-BUR,1786692622,,,,0.0,,,,,0.0,False
KXITFWMATCH-26AUG14ZOLPAO-PAO,1786693815,,,,0.0,,,,,0.0,False
KXITFWMATCH-26AUG14PARROU-PAR,1786696214,,,,0.0,,,,,0.0,False
KXITFWMATCH-26AUG14BANBUR-BAN,1786696503,,,,0.0,,,,,0.0,False
KXITFWMATCH-26AUG14ZAARIS-RIS,1786697405,,,,0.0,,,,,0.0,False
KXITFWMATCH-26AUG14RENJOR-JOR,1786698298,,,,0.0,,,,,0.0,False
KXITFWMATCH-26AUG14KUCSHA-KUC,1786700692,,,,0.0,,,,,0.0,False
KXITFWMATCH-26AUG14MCAHER-HER,1786702126,,,,0.0,,,,,0.0,False
KXITFWMATCH-26AUG14SMIAVD-AVD,1786704408,,,,0.0,,,,,0.0,False
KXITFWMATCH-26AUG14COSJOR-COS,1786706088,,,,0.0,,,,,0.0,False
KXITFWMATCH-26AUG14MIXAYA-AYA,1786708800,,,,0.0,,,,,0.0,False
KXITFWMATCH-26AUG14LARFUL-FUL,1786712078,,,,0.0,,,,,0.0,False
KXITFWMATCH-26AUG14GUEBOH-BOH,1786720483,,,,0.0,,,,,0.0,False
KXITFWMATCH-26AUG14SOUBAR-BAR,1786721988,,,,0.0,,,,,0.0,False
KXITFWMATCH-26AUG14LEONAK-LEO,1786757094,,,,0.0,,,,,0.0,False
KXITFWMATCH-26AUG14YUASHA-SHA,1786760104,,,,0.0,,,,,0.0,False
KXITFWMATCH-26AUG15TODWOB-TOD,1786764899,,,,0.0,,,,,0.0,False
KXITFWMATCH-26AUG15ARALEE-ARA,1786768809,,,,0.0,,,,,0.0,False
KXITFWMATCH-26AUG15KURARY-ARY,1786768810,,,,0.0,,,,,0.0,False
KXITFWMATCH-26AUG15ROUSIS-ROU,1786772714,,,,0.0,,,,,0.0,False
KXITFWMATCH-26AUG15POPSIM-POP,1786773012,,,,0.0,,,,,0.0,False
KXITFWMATCH-26AUG15DENVUJ-DEN,1786773013,,,,0.0,,,,,0.0,False
KXITFWMATCH-26AUG15BANSMI-BAN,1786778692,,,,0.0,,,,,0.0,False
KXITFWMATCH-26AUG15VLAMCA-MCA,1786779016,,,,0.0,,,,,0.0,False
KXITFWMATCH-26AUG15KOTTAR-KOT,1786783491,,,,0.0,,,,,0.0,False
KXITFWMATCH-26AUG15JORZHI-JOR,1786783492,,,,0.0,,,,,0.0,False
KXITFWMATCH-26AUG15RISPAO-PAO,1786784995,,,,0.0,,,,,0.0,False
KXITFWMATCH-26AUG15RENDUP-DUP,1786789476,,,,0.0,,,,,0.0,False
KXITFWMATCH-26AUG15KUCJAK-JAK,1786791593,,,,0.0,,,,,0.0,False
KXITFWMATCH-26AUG15MIXSOU-MIX,1786804188,,,,0.0,,,,,0.0,False
KXITFWMATCH-26AUG15BOHFUL-BOH,1786812290,,,,0.0,,,,,0.0,False
KXITFWMATCH-26AUG16LABBER-BER,1786854925,,,,0.0,,,,,0.0,False
KXITFWMATCH-26AUG16POPWOB-POP,1786855845,,,,0.0,,,,,0.0,False
KXITFWMATCH-26AUG16PIRPUL-PIR,1786855846,,,,0.0,,,,,0.0,False
KXITFWMATCH-26AUG16POLMIC-MIC,1786855846,,,,0.0,,,,,0.0,False
KXITFWMATCH-26AUG16ADAVOZ-ADA,1786857036,,,,0.0,,,,,0.0,False
KXITFWMATCH-26AUG15YUANAK-NAK,1786857633,,,,0.0,,,,,0.0,False
KXITFWMATCH-26AUG16HESZAY-HES,1786857634,,,,0.0,,,,,0.0,False
KXITFWMATCH-26AUG16SORHAV-HAV,1786858239,,,,0.0,,,,,0.0,False
KXITFWMATCH-26AUG16ARAARY-ARA,1786859113,,,,0.0,,,,,0.0,False
KXITFWMATCH-26AUG16SIDRIC-RIC,1786859114,,,,0.0,,,,,0.0,False
KXITFWMATCH-26AUG16DENRIS-DEN,1786859115,,,,0.0,,,,,0.0,False
KXITFWMATCH-26AUG16PESMAZ-MAZ,1786859716,,,,0.0,,,,,0.0,False
KXITFWMATCH-26AUG16KASZUR-KAS,1786860923,,,,0.0,,,,,0.0,False
KXITFWMATCH-26AUG16AIKCHU-AIK,1786861831,,,,0.0,,,,,0.0,False
KXITFWMATCH-26AUG16REYCHY-CHY,1786862429,,,,0.0,,,,,0.0,False
KXITFWMATCH-26AUG16BLASEB-BLA,1786864224,,,,0.0,,,,,0.0,False
KXITFWMATCH-26AUG16YEMKUL-KUL,1786864820,,,,0.0,,,,,0.0,False
KXITFWMATCH-26AUG16ZHIREN-REN,1786865109,,,,0.0,,,,,0.0,False
KXITFWMATCH-26AUG16SISMCA-MCA,1786865436,,,,0.0,,,,,0.0,False
KXITFWMATCH-26AUG16BACALE-ALE,1786865437,,,,0.0,,,,,0.0,False
KXITFWMATCH-26AUG16MARBIO-BIO,1786865710,,,,0.0,,,,,0.0,False
KXITFWMATCH-26AUG16OTZJAS-JAS,1786867222,,,,0.0,,,,,0.0,False
KXITFWMATCH-26AUG16LOVKAJ-KAJ,1786867504,,,,0.0,,,,,0.0,False
KXITFWMATCH-26AUG16MILIVA-IVA,1786867808,,,,0.0,,,,,0.0,False
KXITFWMATCH-26AUG16MULFET-FET,1786867811,,,,0.0,,,,,0.0,False
KXITFWMATCH-26AUG16VLCHOE-HOE,1786869304,,,,0.0,,,,,0.0,False
KXITFWMATCH-26AUG16PANSUN-PAN,1786870496,,,,0.0,,,,,0.0,False
KXITFWMATCH-26AUG16CARKAV-CAR,1786870498,,,,0.0,,,,,0.0,False
KXITFWMATCH-26AUG16ZOLCAK-CAK,1786871412,,,,0.0,,,,,0.0,False
KXITFWMATCH-26AUG16FROHRD-FRO,1786871413,,,,0.0,,,,,0.0,False
KXITFWMATCH-26AUG16MUNSED-MUN,1786872612,,,,0.0,,,,,0.0,False
KXITFWMATCH-26AUG16JANODO-JAN,1786873494,,,,0.0,,,,,0.0,False
KXITFWMATCH-26AUG16MARSTA-MAR,1786874093,,,,0.0,,,,,0.0,False
KXITFWMATCH-26AUG16STRDVO-DVO,1786874095,,,,0.0,,,,,0.0,False
KXITFWMATCH-26AUG16SCHDEL-DEL,1786874994,,,,0.0,,,,,0.0,False
KXITFWMATCH-26AUG16KUCKOT-KOT,1786876206,,,,0.0,,,,,0.0,False
KXITFWMATCH-26AUG16BENBAK-BAK,1786877088,,,,0.0,,,,,0.0,False
KXITFWMATCH-26AUG16NILBOJ-BOJ,1786878285,,,,0.0,,,,,0.0,False
KXITFWMATCH-26AUG16CIRVIR-CIR,1786878594,,,,0.0,,,,,0.0,False
KXITFWMATCH-26AUG16STOGLU-GLU,1786883988,,,,0.0,,,,,0.0,False
KXITFWMATCH-26AUG16MIXFUL-FUL,1786884883,,,,0.0,,,,,0.0,False
KXITFWMATCH-26AUG16PERHUA-HUA,1786885193,,,,0.0,,,,,0.0,False
KXITFWMATCH-26AUG16DASNEP-DAS,1786886993,,,,0.0,,,,,0.0,False
KXITFWMATCH-26AUG16PETENC-ENC,1786888187,,,,0.0,,,,,0.0,False
KXITFWMATCH-26AUG16YUNGOL-GOL,1786893280,,,,0.0,,,,,0.0,False
KXITFWMATCH-26AUG16FALVUJ-FAL,1786894190,,,,0.0,,,,,0.0,False
KXITFWMATCH-26AUG16KARYAM-KAR,1786897493,,,,0.0,,,,,0.0,False
KXITFWMATCH-26AUG17MAZHAV-HAV,1786941665,,,,0.0,,,,,0.0,False
KXITFWMATCH-26AUG17ZOLPER-PER,1786943174,,,,0.0,,,,,0.0,False
KXITFWMATCH-26AUG17RICMAR-MAR,1786943760,,,,0.0,,,,,0.0,False
KXITFWMATCH-26AUG17SALBIO-BIO,1786944069,,,,0.0,,,,,0.0,False
KXITFWMATCH-26AUG17GREALE-ALE,1786945274,,,,0.0,,,,,0.0,False
KXITFWMATCH-26AUG17LABFET-FET,1786945869,,,,0.0,,,,,0.0,False
KXITFWMATCH-26AUG17AIKPUL-AIK,1786946152,,,,0.0,,,,,0.0,False
KXITFWMATCH-26AUG17JASHOE-HOE,1786946153,,,,0.0,,,,,0.0,False
KXITFWMATCH-26AUG17REYMIC-MIC,1786946484,,,,0.0,,,,,0.0,False
KXITFWMATCH-26AUG17KUSOZE-KUS,1786947349,,,,0.0,,,,,0.0,False
KXITFWMATCH-26AUG17ETOKAV-ETO,1786948859,,,,0.0,,,,,0.0,False
KXITFWMATCH-26AUG17CIRSTO-CIR,1786948866,,,,0.0,,,,,0.0,False
KXITFWMATCH-26AUG17HEJMRA-HEJ,1786949459,,,,0.0,,,,,0.0,False
KXITFWMATCH-26AUG17KUMTIG-KUM,1786950061,,,,0.0,,,,,0.0,False
KXITFWMATCH-26AUG17ZAYKUL-KUL,1786951252,,,,0.0,,,,,0.0,False
KXITFWMATCH-26AUG17YAMENC-ENC,1786951254,,,,0.0,,,,,0.0,False
KXITFWMATCH-26AUG17VELMCK-MCK,1786951255,,,,0.0,,,,,0.0,False
KXITFWMATCH-26AUG17FIAPES-FIA,1786951536,,,,0.0,,,,,0.0,False
KXITFWMATCH-26AUG17LOVBAK-BAK,1786952137,,,,0.0,,,,,0.0,False
KXITFWMATCH-26AUG17DRUVEL-DRU,1786952740,,,,0.0,,,,,0.0,False
KXITFWMATCH-26AUG17SAMZUR-SAM,1786953333,,,,0.0,,,,,0.0,False
KXITFWMATCH-26AUG17VELHEU-HEU,1786953940,,,,0.0,,,,,0.0,False
KXITFWMATCH-26AUG17JANFRU-FRU,1786954239,,,,0.0,,,,,0.0,False
KXITFWMATCH-26AUG17STRSED-SED,1786955134,,,,0.0,,,,,0.0,False
KXITFWMATCH-26AUG17ADABLA-ADA,1786955438,,,,0.0,,,,,0.0,False
KXITFWMATCH-26AUG17PANDAS-DAS,1786955722,,,,0.0,,,,,0.0,False
KXITFWMATCH-26AUG17KADHUS-HUS,1786957237,,,,0.0,,,,,0.0,False
KXITFWMATCH-26AUG17MANGRE-GRE,1786957238,,,,0.0,,,,,0.0,False
KXITFWMATCH-26AUG17SLASKL-SKL,1786957239,,,,0.0,,,,,0.0,False
KXITFWMATCH-26AUG17NILGOL-GOL,1786957829,,,,0.0,,,,,0.0,False
KXITFWMATCH-26AUG17GEEPAB-GEE,1786958418,,,,0.0,,,,,0.0,False
KXITFWMATCH-26AUG17DJAHER-DJA,1786958721,,,,0.0,,,,,0.0,False
KXITFWMATCH-26AUG17STAVOJ-STA,1786958726,,,,0.0,,,,,0.0,False
KXITFWMATCH-26AUG17IVAVUJ-IVA,1786961104,,,,0.0,,,,,0.0,False
KXITFWMATCH-26AUG17SHIHER-HER,1786961414,,,,0.0,,,,,0.0,False
KXITFWMATCH-26AUG17EBSDEL-DEL,1786962312,,,,0.0,,,,,0.0,False
KXITFWMATCH-26AUG17SAWHRD-HRD,1786962910,,,,0.0,,,,,0.0,False
KXITFWMATCH-26AUG17SCHPAL-PAL,1786963818,,,,0.0,,,,,0.0,False
KXITFWMATCH-26AUG17KMIDIT-DIT,1786964110,,,,0.0,,,,,0.0,False
KXITFWMATCH-26AUG17RASPEL-PEL,1786964709,,,,0.0,,,,,0.0,False
KXITFWMATCH-26AUG17GIZPAR-GIZ,1786965013,,,,0.0,,,,,0.0,False
KXITFWMATCH-26AUG17ZUCPON-PON,1786965014,,,,0.0,,,,,0.0,False
KXITFWMATCH-26AUG17MADSAK-MAD,1786965315,,,,0.0,,,,,0.0,False
KXITFWMATCH-26AUG17KOVVOR-KOV,1786966517,,,,0.0,,,,,0.0,False
KXITFWMATCH-26AUG17TIKMIN-MIN,1786966823,,,,0.0,,,,,0.0,False
KXITFWMATCH-26AUG17JULBAJ-BAJ,1786967413,,,,0.0,,,,,0.0,False
KXITFWMATCH-26AUG17BARLOP-BAR,1786967710,,,,0.0,,,,,0.0,False
KXITFWMATCH-26AUG17STESCH-SCH,1786968034,,,,0.0,,,,,0.0,False
KXITFWMATCH-26AUG17PACTUR-PAC,1786970527,,,,0.0,,,,,0.0,False
KXITFWMATCH-26AUG17SHKGAI-GAI,1786970528,,,,0.0,,,,,0.0,False
KXITFWMATCH-26AUG17THEBAR-BAR,1786970529,,,,0.0,,,,,0.0,False
KXITFWMATCH-26AUG17KOVBUR-BUR,1786971305,,,,0.0,,,,,0.0,False
KXITFWMATCH-26AUG17PODMAN-MAN,1786971306,,,,0.0,,,,,0.0,False
KXITFWMATCH-26AUG17COHROD-COH,1786971307,,,,0.0,,,,,0.0,False
KXITFWMATCH-26AUG17PORSAR-POR,1786971622,,,,0.0,,,,,0.0,False
KXITFWMATCH-26AUG17SANKRA-KRA,1786972499,,,,0.0,,,,,0.0,False
KXITFWMATCH-26AUG17BARGRO-BAR,1786972815,,,,0.0,,,,,0.0,False
KXITFWMATCH-26AUG17FOJDJO-DJO,1786973705,,,,0.0,,,,,0.0,False
KXITFWMATCH-26AUG17NAHREI-NAH,1786977301,,,,0.0,,,,,0.0,False
KXITFWMATCH-26AUG17MARDIA-DIA,1786977613,,,,0.0,,,,,0.0,False
KXITFWMATCH-26AUG17HARGOU-GOU,1786979772,,,,0.0,,,,,0.0,False
KXITFWMATCH-26AUG17SIGPOP-POP,1786983043,,,,0.0,,,,,0.0,False
KXITFWMATCH-26AUG17KIMAHN-AHN,1787012580,,,,0.0,,,,,0.0,False
KXITFWMATCH-26AUG17TSAKIM-KIM,1787012857,,,,0.0,,,,,0.0,False
KXITFWMATCH-26AUG17LEELAN-LAN,1787014088,,,,0.0,,,,,0.0,False
KXITFWMATCH-26AUG17CHOEFR-CHO,1787016160,,,,0.0,,,,,0.0,False
KXITFWMATCH-26AUG17PHAJEO-JEO,1787019767,,,,0.0,,,,,0.0,False
KXITFWMATCH-26AUG17DESCHI-CHI,1787021000,,,,0.0,,,,,0.0,False
KXITFWMATCH-26AUG17LINPAR-LIN,1787021279,,,,0.0,,,,,0.0,False
KXITFWMATCH-26AUG17VASUCH-UCH,1787022173,,,,0.0,,,,,0.0,False
KXITFWMATCH-26AUG18YODDEN-DEN,1787027855,,,,0.0,,,,,0.0,False
KXITFWMATCH-26AUG18LIXDEN-DEN,1787028177,,,,0.0,,,,,0.0,False
KXITFWMATCH-26AUG18KALKIM-KAL,1787028190,,,,0.0,,,,,0.0,False
KXITFWMATCH-26AUG18MAIKOT-KOT,1787029059,,,,0.0,,,,,0.0,False
KXITFWMATCH-26AUG18KOSMAR-KOS,1787030274,,,,0.0,,,,,0.0,False
KXITFWMATCH-26AUG18RUAPER-PER,1787031440,,,,0.0,,,,,0.0,False
KXITFWMATCH-26AUG18PEDGRA-GRA,1787031770,,,,0.0,,,,,0.0,False
KXITFWMATCH-26AUG18GRUTRE-GRU,1787031772,,,,0.0,,,,,0.0,False
KXITFWMATCH-26AUG18NEWBUR-BUR,1787031781,,,,0.0,,,,,0.0,False
KXITFWMATCH-26AUG18ADAGAO-ADA,1787032062,,,,0.0,,,,,0.0,False
KXITFWMATCH-26AUG18BERGUT-BER,1787032064,,,,0.0,,,,,0.0,False
KXITFWMATCH-26AUG18MICFER-FER,1787032065,,,,0.0,,,,,0.0,False
KXITFWMATCH-26AUG18ALEMAN-ALE,1787032346,,,,0.0,,,,,0.0,False
KXITFWMATCH-26AUG18HANCHE-CHE,1787032652,,,,0.0,,,,,0.0,False
KXITFWMATCH-26AUG18SCHJAN-JAN,1787032653,,,,0.0,,,,,0.0,False
KXITFWMATCH-26AUG18ANDVAN-AND,1787032654,,,,0.0,,,,,0.0,False
KXITFWMATCH-26AUG18KAJHOS-HOS,1787033548,,,,0.0,,,,,0.0,False
KXITFWMATCH-26AUG18ROOSHU-ROO,1787034142,,,,0.0,,,,,0.0,False
KXITFWMATCH-26AUG18ANXWEI-ANX,1787034442,,,,0.0,,,,,0.0,False
KXITFWMATCH-26AUG18WANZHU-WAN,1787035020,,,,0.0,,,,,0.0,False
KXITFWMATCH-26AUG18ZOLTEI-TEI,1787035927,,,,0.0,,,,,0.0,False
KXITFWMATCH-26AUG18PASPEE-PAS,1787036532,,,,0.0,,,,,0.0,False
KXITFWMATCH-26AUG18LABLOV-LAB,1787037122,,,,0.0,,,,,0.0,False
KXITFWMATCH-26AUG18FEDDEK-DEK,1787037129,,,,0.0,,,,,0.0,False
KXITFWMATCH-26AUG18KOZMAZ-KOZ,1787037717,,,,0.0,,,,,0.0,False
KXITFWMATCH-26AUG18AIKMIC-AIK,1787038000,,,,0.0,,,,,0.0,False
KXITFWMATCH-26AUG18DESVER-DES,1787038599,,,,0.0,,,,,0.0,False
KXITFWMATCH-26AUG18PESSZI-PES,1787038600,,,,0.0,,,,,0.0,False
KXITFWMATCH-26AUG18TSYAIT-AIT,1787038922,,,,0.0,,,,,0.0,False
KXITFWMATCH-26AUG18MEDFER-FER,1787039517,,,,0.0,,,,,0.0,False
KXITFWMATCH-26AUG18HOEWOL-HOE,1787039791,,,,0.0,,,,,0.0,False
KXITFWMATCH-26AUG18FONVAL-FON,1787040118,,,,0.0,,,,,0.0,False
KXITFWMATCH-26AUG18BONLEM-BON,1787040395,,,,0.0,,,,,0.0,False
KXITFWMATCH-26AUG18YULVAN-VAN,1787041006,,,,0.0,,,,,0.0,False
KXITFWMATCH-26AUG18STRKRE-KRE,1787041300,,,,0.0,,,,,0.0,False
KXITFWMATCH-26AUG18TORWAL-TOR,1787042184,,,,0.0,,,,,0.0,False
KXITFWMATCH-26AUG18GOMLIU-GOM,1787042489,,,,0.0,,,,,0.0,False
KXITFWMATCH-26AUG18ZAVCEX-CEX,1787043081,,,,0.0,,,,,0.0,False
KXITFWMATCH-26AUG18ZAYENC-ENC,1787043082,,,,0.0,,,,,0.0,False
KXITFWMATCH-26AUG18HATLLI-HAT,1787043381,,,,0.0,,,,,0.0,False
KXITFWMATCH-26AUG18LUCDRO-DRO,1787044270,,,,0.0,,,,,0.0,False
KXITFWMATCH-26AUG18OLIIAN-IAN,1787044891,,,,0.0,,,,,0.0,False
KXITFWMATCH-26AUG18TIGPET-PET,1787045156,,,,0.0,,,,,0.0,False
KXITFWMATCH-26AUG18GOIOGE-GOI,1787045477,,,,0.0,,,,,0.0,False
KXITFWMATCH-26AUG18GARKAR-GAR,1787045770,,,,0.0,,,,,0.0,False
KXITFWMATCH-26AUG18ZOLSER-SER,1787046069,,,,0.0,,,,,0.0,False
KXITFWMATCH-26AUG18HUSPAS-HUS,1787046366,,,,0.0,,,,,0.0,False
KXITFWMATCH-26AUG18HAVBER-BER,1787046949,,,,0.0,,,,,0.0,False
KXITFWMATCH-26AUG18VOJGAR-GAR,1787047866,,,,0.0,,,,,0.0,False
KXITFWMATCH-26AUG18OZEJAK-JAK,1787047868,,,,0.0,,,,,0.0,False
KXITFWMATCH-26AUG18STRZEL-STR,1787048160,,,,0.0,,,,,0.0,False
KXITFWMATCH-26AUG18OKUPET-OKU,1787049064,,,,0.0,,,,,0.0,False
KXITFWMATCH-26AUG17BEDMAL-BED,1787049359,,,,0.0,,,,,0.0,False
KXITFWMATCH-26AUG18HERSAF-HER,1787049663,,,,0.0,,,,,0.0,False
KXITFWMATCH-26AUG18SOTPON-PON,1787049667,,,,0.0,,,,,0.0,False
KXITFWMATCH-26AUG18CEMDAP-CEM,1787051755,,,,0.0,,,,,0.0,False
KXITFWMATCH-26AUG18SOASAR-SAR,1787052056,,,,0.0,,,,,0.0,False
KXITFWMATCH-26AUG18MARMIR-MAR,1787052661,,,,0.0,,,,,0.0,False
KXITFWMATCH-26AUG18BERLOP-BER,1787052663,,,,0.0,,,,,0.0,False
KXITFWMATCH-26AUG18CROBAJ-BAJ,1787052942,,,,0.0,,,,,0.0,False
KXITFWMATCH-26AUG18BRESAG-BRE,1787053253,,,,0.0,,,,,0.0,False
KXITFWMATCH-26AUG18PIRTEI-PIR,1787053255,,,,0.0,,,,,0.0,False
KXITFWMATCH-26AUG18BIOGRA-BIO,1787054738,,,,0.0,,,,,0.0,False
KXITFWMATCH-26AUG17TONGEE-GEE,1787055054,,,,0.0,,,,,0.0,False
KXITFWMATCH-26AUG18SINPOP-POP,1787056059,,,,0.0,,,,,0.0,False
KXITFWMATCH-26AUG18MRASHA-MRA,1787056060,,,,0.0,,,,,0.0,False
KXITFWMATCH-26AUG18SAMLEY-LEY,1787056061,,,,0.0,,,,,0.0,False
KXITFWMATCH-26AUG18VELPAW-PAW,1787056593,,,,0.0,,,,,0.0,False
KXITFWMATCH-26AUG18KAWCOH-COH,1787056832,,,,0.0,,,,,0.0,False
KXITFWMATCH-26AUG18VASBRO-BRO,1787057130,,,,0.0,,,,,0.0,False
KXITFWMATCH-26AUG18RAIKRA-KRA,1787058328,,,,0.0,,,,,0.0,False
KXITFWMATCH-26AUG18NAHSIG-NAH,1787058641,,,,0.0,,,,,0.0,False
KXITFWMATCH-26AUG18HEUKUC-HEU,1787058937,,,,0.0,,,,,0.0,False
KXITFWMATCH-26AUG18BARLOM-BAR,1787059235,0.29,0.31,0.31,680.55,1787058000.0,0.27,0.31,0.35,5.55,True
KXITFWMATCH-26AUG18BRUTRA-BRU,1787059531,0.35,0.36,0.35,2.0,1787058000.0,0.35,0.36,0.35,1.0,True
KXITFWMATCH-26AUG18PARBAR-BAR,1787060726,0.05,0.15,0.1,7001.86,1787058000.0,0.05,0.08,0.08,6991.009999999999,True
KXITFWMATCH-26AUG18GOUDIA-DIA,1787060727,0.32,0.35,,0.0,1787058000.0,0.31,0.35,,0.0,True
KXITFWMATCH-26AUG18PIESAC-PIE,1787061645,0.48,0.5,0.46,2.0,1787061600.0,0.48,0.5,0.46,2.0,True
KXITFWMATCH-26AUG18IVAMAZ-IVA,1787062645,0.28,0.31,,0.0,1787061600.0,0.29,0.33,,0.0,True
KXITFWMATCH-26AUG18STEROU-ROU,1787062941,0.22,0.27,0.27,3.52,1787061600.0,0.23,0.27,0.27,3.52,True
KXITFWMATCH-26AUG18MARSOU-MAR,1787062941,0.05,0.08,0.08,1.0,1787061600.0,0.05,0.08,0.08,1.0,True
KXITFWMATCH-26AUG18MELYAM-MEL,1787063556,0.13,0.43,0.55,60.620000000000005,1787061600.0,0.36,0.55,0.39,43.0,True
KXITFWMATCH-26AUG18FONTSY-FON,1787063846,0.08,0.14,0.14,89.66,1787061600.0,0.11,0.15,0.13,82.0,True
KXITFWMATCH-26AUG18LARGAR-GAR,1787066877,0.09,0.1,,0.0,1787065200.0,0.09,0.11,,0.0,True
KXITFWMATCH-26AUG18BARSIL-BAR,1787067164,0.96,0.97,0.97,765.37,1787065200.0,0.95,0.97,0.96,715.37,True
KXITFWMATCH-26AUG18BADBOR-BAD,1787067750,0.73,0.91,0.9,51.0,1787065200.0,0.05,0.92,0.91,1.0,True
KXITFWMATCH-26AUG18ZENKIM-KIM,1787095413,0.84,0.85,0.85,796.21,1787094000.0,0.87,0.88,0.88,748.53,True
KXITFWMATCH-26AUG18SUNYAN-SUN,1787096935,0.25,0.27,,0.0,1787094000.0,0.24,0.28,,0.0,True
KXITFWMATCH-26AUG18MATLAN-LAN,1787097195,0.25,0.27,0.24,215.48999999999998,1787094000.0,0.23,0.24,0.24,128.45999999999998,True
KXITFWMATCH-26AUG18YANVAS-VAS,1787097196,0.05,0.06,0.05,6829.59,1787094000.0,0.05,0.07,0.07,2736.9700000000003,True
KXITFWMATCH-26AUG18ZHAKIM-KIM,1787101409,0.26,0.28,0.28,326.41999999999996,1787101200.0,0.26,0.28,0.28,197.22,True
KXITFWMATCH-26AUG18HOUDES-DES,1787102911,0.6,0.64,0.63,939.98,1787101200.0,0.61,0.62,0.63,188.44,True
KXITFWMATCH-26AUG18PLINAK-NAK,1787105908,0.69,0.71,0.72,1.0,1787104800.0,0.69,0.72,,0.0,True
KXITFWMATCH-26AUG18LIXJEO-JEO,1787108602,0.84,0.86,0.86,795.9499999999999,1787108400.0,0.85,0.86,0.86,793.8,True
KXITFWMATCH-26AUG18CHOCHA-CHA,1787109525,0.75,0.79,0.78,114.52,1787108400.0,0.74,0.78,0.78,107.52,True
KXITFWMATCH-26AUG19WUXUCH-UCH,1787109791,0.32,0.34,,0.0,1787108400.0,0.31,0.35,,0.0,True
KXITFWMATCH-26AUG19YOSPAR-PAR,1787110399,0.15,0.18,,0.0,1787108400.0,0.15,0.18,,0.0,True
KXITFWMATCH-26AUG19POPBOJ-BOJ,1787113083,0.18,0.2,,0.0,1787112000.0,0.17,0.18,,0.0,True
KXITFWMATCH-26AUG19ZANBIO-BIO,1787113084,0.46,0.48,0.48,998.0,1787112000.0,0.46,0.48,0.48,970.0,True
KXITFWMATCH-26AUG19KALBER-BER,1787113990,0.97,0.98,0.98,3140.71,1787112000.0,0.97,0.98,0.97,2836.0,True
KXITFWMATCH-26AUG19SZASIM-SIM,1787116073,0.53,0.54,0.54,1066.28,1787115600.0,0.5,0.52,0.51,517.0,True
KXITFWMATCH-26AUG19REGBAR-BAR,1787116657,0.18,0.21,,0.0,1787115600.0,0.18,0.2,,0.0,True
KXITFWMATCH-26AUG19ASTNIL-AST,1787116974,0.53,0.55,,0.0,1787115600.0,0.53,0.55,,0.0,True
KXITFWMATCH-26AUG19AMAEWA-AMA,1787116984,0.47,0.48,0.48,1350.24,1787115600.0,0.48,0.5,0.49,1197.74,True
KXITFWMATCH-26AUG19PETGOL-GOL,1787117848,0.54,0.56,0.56,78.4,1787115600.0,0.54,0.56,0.52,75.0,True
KXITFWMATCH-26AUG19KUHIAN-IAN,1787117858,0.04,0.07,0.07,115.63999999999999,1787115600.0,0.04,0.07,0.07,62.0,True
KXITFWMATCH-26AUG19HRDKAM-HRD,1787118166,0.03,0.04,0.07,1584.25,1787115600.0,0.03,0.05,0.05,11.0,True
KXITFWMATCH-26AUG19KALVUJ-KAL,1787118167,0.02,0.03,0.03,1959.71,1787115600.0,0.02,0.03,0.03,309.51,True
KXITFWMATCH-26AUG19YASMAR-MAR,1787118477,0.33,0.35,0.36,530.0,1787115600.0,0.34,0.35,0.36,530.0,True
KXITFWMATCH-26AUG19KOVZEL-KOV,1787118765,0.69,0.72,0.72,1.0,1787115600.0,0.68,0.71,0.72,1.0,True
KXITFWMATCH-26AUG19LONNEW-LON,1787118766,0.79,0.81,0.81,41.65,1787115600.0,0.78,0.81,0.81,39.22,True
KXITFWMATCH-26AUG19ZOLHER-HER,1787119072,0.57,0.59,0.53,4.0,1787115600.0,0.6,0.63,0.53,4.0,True
KXITFWMATCH-26AUG19VELHER-HER,1787119956,0.47,0.5,,0.0,1787119200.0,0.47,0.5,,0.0,True
KXITFWMATCH-26AUG19WALCEU-CEU,1787120564,0.75,0.77,0.77,1.0,1787119200.0,0.74,0.77,0.77,1.0,True
KXITFWMATCH-26AUG19BENTOM-BEN,1787121448,0.75,0.78,0.77,3.55,1787119200.0,0.75,0.77,0.78,1.0,True
KXITFWMATCH-26AUG19KOVLAN-KOV,1787121459,0.48,0.5,,0.0,1787119200.0,0.48,0.51,,0.0,True
KXITFWMATCH-26AUG19GILGAR-GAR,1787121775,0.5,0.53,,0.0,1787119200.0,0.5,0.53,,0.0,True
KXITFWMATCH-26AUG19POZESQ-ESQ,1787121776,0.85,0.88,,0.0,1787119200.0,0.84,0.87,,0.0,True
KXITFWMATCH-26AUG19HAVSTR-HAV,1787122062,0.78,0.79,0.79,333.66,1787119200.0,0.78,0.79,0.79,332.42,True
KXITFWMATCH-26AUG19KAVSAM-KAV,1787122341,0.43,0.44,0.42,99.0,1787119200.0,0.43,0.45,0.42,99.0,True
KXITFWMATCH-26AUG19ARGAND-AND,1787122955,0.25,0.28,,0.0,1787122800.0,0.25,0.28,,0.0,True
KXITFWMATCH-26AUG19SHUGUT-GUT,1787123222,0.06,0.08,0.08,40.86,1787122800.0,0.07,0.09,0.07,34.879999999999995,True
KXITFWMATCH-26AUG19ZOLKOV-KOV,1787123223,0.71,0.72,0.73,232.46,1787122800.0,0.7,0.72,0.73,232.46,True
KXITFWMATCH-26AUG19TODSOR-SOR,1787123525,0.41,0.44,0.44,6.640000000000001,1787122800.0,0.4,0.43,0.44,6.640000000000001,True
KXITFWMATCH-26AUG19PASGIO-GIO,1787123526,0.03,0.05,0.06,41.260000000000005,1787122800.0,0.04,0.05,0.06,41.260000000000005,True
KXITFWMATCH-26AUG19SIMRAG-RAG,1787123829,0.41,0.43,,0.0,1787122800.0,0.41,0.44,,0.0,True
KXITFWMATCH-26AUG19AIKGAO-AIK,1787123830,0.14,0.15,0.14,382.28,1787122800.0,0.12,0.13,0.14,96.28,True
KXITFWMATCH-26AUG19PIRPAS-PAS,1787124134,0.17,0.21,,0.0,1787122800.0,0.18,0.21,,0.0,True
KXITFWMATCH-26AUG19MADMAL-MAD,1787124420,,,,0.0,,,,,0.0,True
KXITFWMATCH-26AUG19BOSCIR-BOS,1787125035,0.49,0.52,,0.0,1787122800.0,0.49,0.52,,0.0,True
KXITFWMATCH-26AUG19SINNAG-NAG,1787125038,0.86,0.89,,0.0,1787122800.0,0.86,0.89,,0.0,True
KXITFWMATCH-26AUG19GROKOK-GRO,1787125635,0.19,0.21,0.19,5.26,1787122800.0,0.18,0.21,0.19,5.26,True
KXITFWMATCH-26AUG19TURKMI-KMI,1787125638,0.09,0.1,0.09,1928.0,1787122800.0,0.09,0.1,0.09,1928.0,True
KXITFWMATCH-26AUG19SENBUL-BUL,1787125640,0.45,0.47,,0.0,1787122800.0,0.44,0.47,,0.0,True
KXITFWMATCH-26AUG19STELEW-LEW,1787126531,0.16,0.19,0.17,8315.58,1787126400.0,0.49,0.5,0.5,2556.36,True
KXITFWMATCH-26AUG19RASMID-MID,1787127145,0.07,0.54,0.07,1.0,1787122800.0,0.06,0.52,0.07,1.0,True
KXITFWMATCH-26AUG19SILAIT-AIT,1787127149,0.41,0.42,0.41,284.0,1787126400.0,0.41,0.42,0.41,284.0,True
KXITFWMATCH-26AUG19FALZAA-FAL,1787127156,0.41,0.42,0.42,1508.55,1787126400.0,0.41,0.42,0.42,1508.55,True
KXITFWMATCH-26AUG19HERMET-HER,1787127426,0.28,0.3,0.29,26.0,1787126400.0,0.28,0.3,0.29,26.0,True
KXITFWMATCH-26AUG19MDLDEF-DEF,1787127429,0.91,0.93,0.94,1.0,1787126400.0,0.91,0.94,0.94,1.0,True
KXITFWMATCH-26AUG19SCHVAN-SCH,1787127718,0.48,0.51,,0.0,1787126400.0,0.47,0.51,,0.0,True
KXITFWMATCH-26AUG19LOVWOL-LOV,1787127720,0.29,0.3,0.3,37.0,1787126400.0,0.29,0.3,0.3,1.0,True
KXITFWMATCH-26AUG19TIKSCH-SCH,1787128322,0.74,0.76,,0.0,1787126400.0,0.74,0.76,,0.0,True
KXITFWMATCH-26AUG19GOIVAR-GOI,1787128322,0.63,0.65,0.64,12.58,1787126400.0,0.56,0.58,,0.0,True
KXITFWMATCH-26AUG19BIERUA-BIE,1787128615,0.44,0.46,,0.0,1787126400.0,0.45,0.46,,0.0,True
KXITFWMATCH-26AUG19HAGYES-HAG,1787128907,0.34,0.38,,0.0,1787126400.0,0.34,0.37,,0.0,True
KXITFWMATCH-26AUG19ZOLPAQ-PAQ,1787129191,0.37,0.39,,0.0,1787126400.0,0.37,0.38,,0.0,True
KXITFWMATCH-26AUG19ELJMED-ELJ,1787129524,0.75,0.77,0.79,184.16,1787126400.0,0.75,0.77,0.79,184.16,True
KXITFWMATCH-26AUG19LEYSHA-LEY,1787129794,0.4,0.45,0.45,24.0,1787126400.0,0.35,0.44,,0.0,True
KXITFWMATCH-26AUG19POPMIR-MIR,1787129795,0.39,0.42,,0.0,1787126400.0,0.36,0.39,,0.0,True
KXITFWMATCH-26AUG19GIAROJ-GIA,1787130390,0.26,0.29,0.25,131.0,1787130000.0,0.26,0.29,0.25,131.0,True
KXITFWMATCH-26AUG19VOGSKL-SKL,1787130395,0.42,0.45,0.43,1005.89,1787130000.0,0.42,0.43,0.43,381.89,True
KXITFWMATCH-26AUG19FERLOP-FER,1787131291,0.77,0.79,0.79,530.75,1787130000.0,0.76,0.8,0.79,530.75,True
KXITFWMATCH-26AUG19BURWIR-BUR,1787131591,0.27,0.28,0.25,1155.0,1787130000.0,0.27,0.28,0.25,1155.0,True
KXITFWMATCH-26AUG19HEUPAW-HEU,1787131592,0.16,0.18,,0.0,1787130000.0,0.16,0.19,,0.0,True
KXITFWMATCH-26AUG19DROSAG-DRO,1787131897,0.56,0.58,0.61,1.63,1787130000.0,0.58,0.59,0.61,1.63,True
KXITFWMATCH-26AUG19SOLLUK-LUK,1787132187,0.91,0.94,0.94,2.0,1787130000.0,0.91,0.94,0.94,2.0,True
KXITFWMATCH-26AUG19SCHDIG-DIG,1787132194,0.91,0.94,0.93,135.87,1787130000.0,0.91,0.94,0.94,94.39,True
KXITFWMATCH-26AUG19PUSCVE-CVE,1787133091,0.93,0.94,0.94,1.0,1787130000.0,0.92,0.95,0.94,1.0,True
KXITFWMATCH-26AUG19MDLKOS-KOS,1787133092,0.81,0.84,,0.0,1787130000.0,0.81,0.84,,0.0,True
KXITFWMATCH-26AUG19STEMAN-MAN,1787133687,0.19,0.21,0.2,1371.74,1787133600.0,0.17,0.18,0.18,1345.74,True
KXITFWMATCH-26AUG19SISKOT-KOT,1787135478,0.24,0.27,,0.0,1787133600.0,0.24,0.27,,0.0,True
KXITFWMATCH-26AUG19ZHEGIZ-GIZ,1787136362,0.7,0.73,0.72,73.96,1787133600.0,0.7,0.71,0.71,4.0,True
KXITFWMATCH-26AUG19GEEPET-GEE,1787136662,0.82,0.84,0.83,218.09,1787133600.0,0.82,0.83,0.83,218.09,True
KXITFWMATCH-26AUG19GNIGAR-GAR,1787137565,0.75,0.8,0.77,4.27,1787137200.0,0.75,0.77,0.77,3.27,True
KXITFWMATCH-26AUG19CROBOH-BOH,1787137861,0.76,0.79,0.77,385.0,1787137200.0,0.76,0.77,0.77,384.0,True
KXITFWMATCH-26AUG19RICPAN-PAN,1787138516,0.43,0.66,0.58,15.0,1787137200.0,0.53,0.56,0.58,15.0,True
KXITFWMATCH-26AUG19CCUKRA-CCU,1787138746,0.61,0.63,0.59,18.47,1787137200.0,0.61,0.63,0.59,18.47,True
KXITFWMATCH-26AUG19VAROPR-OPR,1787138746,0.62,0.65,0.62,181.76,1787137200.0,0.62,0.64,0.62,181.76,True
KXITFWMATCH-26AUG19DIABAR-BAR,1787139064,0.81,0.84,0.84,51.0,1787137200.0,0.81,0.84,,0.0,True
KXITFWMATCH-26AUG19PONMON-MON,1787139344,0.06,0.09,0.09,130.44,1787133600.0,0.06,0.09,0.09,130.44,True
KXITFWMATCH-26AUG19POHBUC-BUC,1787139649,0.32,0.35,,0.0,1787137200.0,0.32,0.35,,0.0,True
KXITFWMATCH-26AUG19FONISH-FON,1787140246,0.05,0.06,0.06,154.0,1787137200.0,0.05,0.06,0.06,154.0,True
KXITFWMATCH-26AUG19PASZEL-PAS,1787141761,,,,0.0,,,,,0.0,False
KXITFWMATCH-26AUG19DOLSHK-DOL,1787141767,,,,0.0,,,,,0.0,False
KXITFWMATCH-26AUG19LOSTRU-LOS,1787142950,,,,0.0,,,,,0.0,False
KXITFWMATCH-26AUG19FULAYA-AYA,1787142954,,,,0.0,,,,,0.0,False
KXITFWMATCH-26AUG19DELLIM-DEL,1787143267,,,,0.0,,,,,0.0,False
KXITFWMATCH-26AUG19SANSIG-SAN,1787143868,,,,0.0,,,,,0.0,False
KXITFWMATCH-26AUG19MELMIX-MEL,1787144469,,,,0.0,,,,,0.0,False
KXITFWMATCH-26AUG19SPIREV-REV,1787144762,,,,0.0,,,,,0.0,False
KXITFWMATCH-26AUG19PODJAK-JAK,1787145965,,,,0.0,,,,,0.0,False
KXITFWMATCH-26AUG19CLATRA-CLA,1787148086,,,,0.0,,,,,0.0,False
KXITFWMATCH-26AUG19GAIMAQ-GAI,1787148087,,,,0.0,,,,,0.0,False
KXITFWMATCH-26AUG19GOMSCH-GOM,1787152908,,,,0.0,,,,,0.0,False
KXITFWMATCH-26AUG19SOULOP-LOP,1787153794,,,,0.0,,,,,0.0,False
KXITFWMATCH-26AUG19PLACOH-COH,1787154717,,,,0.0,,,,,0.0,False
KXITFWMATCH-26AUG19MPEDJO-DJO,1787156870,,,,0.0,,,,,0.0,False
KXITFWMATCH-26AUG19ROMSAR-ROM,1787157709,,,,0.0,,,,,0.0,False
KXITFWMATCH-26AUG19CANBUL-BUL,1787159215,,,,0.0,,,,,0.0,False
KXITFWMATCH-26AUG19JEOCHA-CHA,1787182036,,,,0.0,,,,,0.0,False
KXITFWMATCH-26AUG19WUXYAN-WUX,1787182619,,,,0.0,,,,,0.0,False
KXITFWMATCH-26AUG19YANZHU-YAN,1787185011,,,,0.0,,,,,0.0,False
KXITFWMATCH-26AUG19KIMWEI-KIM,1787187736,,,,0.0,,,,,0.0,False
KXITFWMATCH-26AUG19YOSDES-DES,1787189520,,,,0.0,,,,,0.0,False
KXITFWMATCH-26AUG19MATKIM-KIM,1787191329,,,,0.0,,,,,0.0,False
KXITFWMATCH-26AUG19KIMCHE-CHE,1787191919,,,,0.0,,,,,0.0,False
KXITFWMATCH-26AUG19DENPLI-DEN,1787202117,,,,0.0,,,,,0.0,False
KXITFWMATCH-26AUG20GRUVAN-GRU,1787202118,,,,0.0,,,,,0.0,False
KXITFWMATCH-26AUG20GOIMET-GOI,1787202118,,,,0.0,,,,,0.0,False
KXITFWMATCH-26AUG20PASGRA-GRA,1787202119,,,,0.0,,,,,0.0,False
KXITFWMATCH-26AUG20KOZGUT-GUT,1787202119,,,,0.0,,,,,0.0,False
KXITFWMATCH-26AUG20PETZOL-PET,1787203003,,,,0.0,,,,,0.0,False
KXITFWMATCH-26AUG20GNIPAW-GNI,1787203917,,,,0.0,,,,,0.0,False
KXITFWMATCH-26AUG20ZANLOM-LOM,1787203923,,,,0.0,,,,,0.0,False
KXITFWMATCH-26AUG20HERKOV-HER,1787205091,,,,0.0,,,,,0.0,False
KXITFWMATCH-26AUG20POPSIM-POP,1787205092,,,,0.0,,,,,0.0,False
KXITFWMATCH-26AUG20SIMKUH-KUH,1787206001,,,,0.0,,,,,0.0,False
KXITFWMATCH-26AUG20SHKDEK-DEK,1787206005,,,,0.0,,,,,0.0,False
KXITFWMATCH-26AUG20KAMLIM-KAM,1787206012,,,,0.0,,,,,0.0,False
KXITFWMATCH-26AUG20MANBON-BON,1787206602,,,,0.0,,,,,0.0,False
KXITFWMATCH-26AUG20GIZLUK-GIZ,1787207195,,,,0.0,,,,,0.0,False
KXITFWMATCH-26AUG20YASSZI-SZI,1787207496,,,,0.0,,,,,0.0,False
KXITFWMATCH-26AUG20PARVEL-PAR,1787207497,,,,0.0,,,,,0.0,False
KXITFWMATCH-26AUG20GARGIA-GAR,1787207799,,,,0.0,,,,,0.0,False
KXITFWMATCH-26AUG20ASTCIR-AST,1787208687,,,,0.0,,,,,0.0,False
KXITFWMATCH-26AUG20STEVOG-STE,1787208690,,,,0.0,,,,,0.0,False
KXITFWMATCH-26AUG20YESBRO-BRO,1787208690,,,,0.0,,,,,0.0,False
KXITFWMATCH-26AUG20OKUSAM-OKU,1787209579,,,,0.0,,,,,0.0,False
KXITFWMATCH-26AUG20ELJESQ-ELJ,1787209890,,,,0.0,,,,,0.0,False
KXITFWMATCH-26AUG20KMIJAK-JAK,1787209891,,,,0.0,,,,,0.0,False
KXITFWMATCH-26AUG20DENVUJ-DEN,1787210205,,,,0.0,,,,,0.0,False
KXITFWMATCH-26AUG20FERAIT-AIT,1787210206,,,,0.0,,,,,0.0,False
KXITFWMATCH-26AUG20GEEMAD-GEE,1787210765,,,,0.0,,,,,0.0,False
KXITFWMATCH-26AUG20SPICVE-CVE,1787211075,,,,0.0,,,,,0.0,False
KXITFWMATCH-26AUG20KOTLOV-KOT,1787211076,,,,0.0,,,,,0.0,False
KXITFWMATCH-26AUG20CEUEWA-CEU,1787211077,,,,0.0,,,,,0.0,False
KXITFWMATCH-26AUG20SHUDEF-DEF,1787211367,,,,0.0,,,,,0.0,False
KXITFWMATCH-26AUG20ZAVPED-PED,1787211974,,,,0.0,,,,,0.0,False
KXITFWMATCH-26AUG20REGLON-LON,1787212874,,,,0.0,,,,,0.0,False
KXITFWMATCH-26AUG20PIETOD-PIE,1787213152,,,,0.0,,,,,0.0,False
KXITFWMATCH-26AUG20DRONAG-DRO,1787213752,,,,0.0,,,,,0.0,False
KXITFWMATCH-26AUG20SCHKOV-KOV,1787213757,,,,0.0,,,,,0.0,False
KXITFWMATCH-26AUG20PANBER-BER,1787214346,,,,0.0,,,,,0.0,False
KXITFWMATCH-26AUG20ANDYUL-AND,1787214660,,,,0.0,,,,,0.0,False
KXITFWMATCH-26AUG20LOSISH-ISH,1787216498,,,,0.0,,,,,0.0,False
KXITFWMATCH-26AUG20BENKOK-BEN,1787216499,,,,0.0,,,,,0.0,False
KXITFWMATCH-26AUG20LEYZEL-LEY,1787216740,,,,0.0,,,,,0.0,False
KXITFWMATCH-26AUG20KAJENC-ENC,1787217645,,,,0.0,,,,,0.0,False
KXITFWMATCH-26AUG20PASKOS-KOS,1787218283,,,,0.0,,,,,0.0,False
KXITFWMATCH-26AUG20MIRMAZ-MAZ,1787219732,,,,0.0,,,,,0.0,False
KXITFWMATCH-26AUG20ZAALAN-LAN,1787220039,,,,0.0,,,,,0.0,False
KXITFWMATCH-26AUG20DESBUL-BUL,1787221229,,,,0.0,,,,,0.0,False
KXITFWMATCH-26AUG20BURBRU-BRU,1787221835,,,,0.0,,,,,0.0,False
KXITFWMATCH-26AUG20HATVAR-HAT,1787221836,,,,0.0,,,,,0.0,False
KXITFWMATCH-26AUG20RASYAM-RAS,1787222129,,,,0.0,,,,,0.0,False
KXITFWMATCH-26AUG20CEMRUA-CEM,1787222720,,,,0.0,,,,,0.0,False
KXITFWMATCH-26AUG20CCUBOH-BOH,1787223921,,,,0.0,,,,,0.0,False
KXITFWMATCH-26AUG20FULBAD-BAD,1787224519,,,,0.0,,,,,0.0,False
KXITFWMATCH-26AUG20TEICLA-CLA,1787226318,,,,0.0,,,,,0.0,False
KXITFWMATCH-26AUG20GOMKAR-GOM,1787226914,,,,0.0,,,,,0.0,False
KXITFWMATCH-26AUG20LARPLA-LAR,1787226915,,,,0.0,,,,,0.0,False
KXITFWMATCH-26AUG20PONSOU-PON,1787227231,,,,0.0,,,,,0.0,False
KXITFWMATCH-26AUG20STESTE2-STE,1787230219,,,,0.0,,,,,0.0,False
KXITFWMATCH-26AUG20DAEFON-DAE,1787232087,,,,0.0,,,,,0.0,False
KXITFWMATCH-26AUG20ROMSAN-ROM,1787232087,,,,0.0,,,,,0.0,False
KXITFWMATCH-26AUG20BARMIX-BAR,1787232320,,,,0.0,,,,,0.0,False
KXITFWMATCH-26AUG20CANSOU-CAN,1787232628,,,,0.0,,,,,0.0,False
KXITFWMATCH-26AUG20POHDIG-DIG,1787234132,,,,0.0,,,,,0.0,False
KXITFWMATCH-26AUG20DJOMAQ-DJO,1787237735,,,,0.0,,,,,0.0,False
KXITFWMATCH-26AUG20SCHBAR-BAR,1787239243,,,,0.0,,,,,0.0,False
KXITFWMATCH-26AUG20ZHUPLI-PLI,1787268954,,,,0.0,,,,,0.0,False
KXITFWMATCH-26AUG20CHEWEI-CHE,1787272256,,,,0.0,,,,,0.0,False
KXITFWMATCH-26AUG20DESJEO-DES,1787272540,,,,0.0,,,,,0.0,False
KXITFWMATCH-26AUG20MATYAN-MAT,1787280658,,,,0.0,,,,,0.0,False
KXITFWMATCH-26AUG21ASTZOL-AST,1787291136,,,,0.0,,,,,0.0,False
KXITFWMATCH-26AUG21PEDZAA-PED,1787292645,,,,0.0,,,,,0.0,False
KXITFWMATCH-26AUG21POPNAG-NAG,1787293535,,,,0.0,,,,,0.0,False
KXITFWMATCH-26AUG21GIAISH-GIA,1787293536,,,,0.0,,,,,0.0,False
KXITFWMATCH-26AUG21PIEMET-MET,1787294442,,,,0.0,,,,,0.0,False
KXITFWMATCH-26AUG21CEMDEF-CEM,1787295337,,,,0.0,,,,,0.0,False
KXITFWMATCH-26AUG21DEKBRU-BRU,1787296841,,,,0.0,,,,,0.0,False
KXITFWMATCH-26AUG21PARGIZ-GIZ,1787297443,,,,0.0,,,,,0.0,False
KXITFWMATCH-26AUG21KOVKOV2-KOV,1787297731,,,,0.0,,,,,0.0,False
KXITFWMATCH-26AUG21LONPOH-LON,1787297732,,,,0.0,,,,,0.0,False
KXITFWMATCH-26AUG21VUJDES-DES,1787299527,,,,0.0,,,,,0.0,False
KXITFWMATCH-26AUG21KOKDAE-DAE,1787300126,,,,0.0,,,,,0.0,False
KXITFWMATCH-26AUG21ZANEWA-EWA,1787300425,,,,0.0,,,,,0.0,False
KXITFWMATCH-26AUG21SIMMIR-MIR,1787301027,,,,0.0,,,,,0.0,False
KXITFWMATCH-26AUG21HATESQ-ESQ,1787301327,,,,0.0,,,,,0.0,False
KXITFWMATCH-26AUG21ENCBER-BER,1787301327,,,,0.0,,,,,0.0,False
KXITFWMATCH-26AUG21PAWJAK-JAK,1787303426,,,,0.0,,,,,0.0,False
KXITFWMATCH-26AUG21ZELGEE-GEE,1787303427,,,,0.0,,,,,0.0,False
KXITFWMATCH-26AUG21GAOKOT-GAO,1787304017,,,,0.0,,,,,0.0,False
KXITFWMATCH-26AUG21ANDMAQ-AND,1787306103,,,,0.0,,,,,0.0,False
KXITFWMATCH-26AUG21PASKAR-KAR,1787306421,,,,0.0,,,,,0.0,False
KXITFWMATCH-26AUG21AITCLA-AIT,1787307904,,,,0.0,,,,,0.0,False
KXITFWMATCH-26AUG21STEYAM-STE,1787308514,,,,0.0,,,,,0.0,False
KXITFWMATCH-26AUG21OKUGRA-GRA,1787312715,,,,0.0,,,,,0.0,False
KXITFWMATCH-26AUG21FULSOU-FUL,1787315281,,,,0.0,,,,,0.0,False
KXITFWMATCH-26AUG21CVEGUT-CVE,1787317826,,,,0.0,,,,,0.0,False
KXITFWMATCH-26AUG21SANBOH-BOH,1787319301,,,,0.0,,,,,0.0,False
KXITFWMATCH-26AUG21GRUBON-BON,1787320857,,,,0.0,,,,,0.0,False
KXITFWMATCH-26AUG21STEBRO-BRO,1787320858,,,,0.0,,,,,0.0,False
KXITFWMATCH-26AUG21CANBAR-BAR,1787321413,,,,0.0,,,,,0.0,False
KXITFWMATCH-26AUG21SZILIM-LIM,1787324426,,,,0.0,,,,,0.0,False
KXITFWMATCH-26AUG21LARBAR-BAR,1787328024,,,,0.0,,,,,0.0,False
KXITFWMATCH-26AUG21PLIMAT-MAT,1787356513,,,,0.0,,,,,0.0,False
KXITFWMATCH-26AUG21JEOCHE-CHE,1787364021,,,,0.0,,,,,0.0,False
KXITFWMATCH-26AUG22PIENAG-NAG,1787378435,,,,0.0,,,,,0.0,False
KXITFWMATCH-26AUG22ZOLZAA-ZAA,1787382296,,,,0.0,,,,,0.0,False
KXITFWMATCH-26AUG22GAOKOV-GAO,1787384096,,,,0.0,,,,,0.0,False
KXITFWMATCH-26AUG22EWAMIR-EWA,1787384096,,,,0.0,,,,,0.0,False
KXITFWMATCH-26AUG22JAKGEE-GEE,1787384097,,,,0.0,,,,,0.0,False
KXITFWMATCH-26AUG22GIAESQ-ESQ,1787385001,,,,0.0,,,,,0.0,False
KXITFWMATCH-26AUG22ENCVUJ-ENC,1787389213,,,,0.0,,,,,0.0,False
KXITFWMATCH-26AUG22GRULIM-GRU,1787390404,,,,0.0,,,,,0.0,False
KXITFWMATCH-26AUG22CVEGRA-CVE,1787393090,,,,0.0,,,,,0.0,False
KXITFWMATCH-26AUG22STESTE2-STE,1787394889,,,,0.0,,,,,0.0,False
KXITFWMATCH-26AUG22CEMKAR-CEM,1787395794,,,,0.0,,,,,0.0,False
KXITFWMATCH-26AUG22DEKCLA-CLA,1787397644,,,,0.0,,,,,0.0,False
KXITFWMATCH-26AUG22CANFUL-CAN,1787399680,,,,0.0,,,,,0.0,False
KXITFWMATCH-26AUG22DAEGIZ-DAE,1787403908,,,,0.0,,,,,0.0,False
KXITFWMATCH-26AUG22LONAND-AND,1787403908,,,,0.0,,,,,0.0,False
KXITFWMATCH-26AUG22BOHBAR-BAR,1787409030,,,,0.0,,,,,0.0,False
KXITFWMATCH-26AUG22MATCHE-CHE,1787452856,,,,0.0,,,,,0.0,False
KXITFWMATCH-26AUG23SCHPET-PET,1787461263,,,,0.0,,,,,0.0,False
KXITFWMATCH-26AUG23ZOLENC-ENC,1787463062,,,,0.0,,,,,0.0,False
KXITFWMATCH-26AUG23PERKAR-KAR,1787463647,,,,0.0,,,,,0.0,False
KXITFWMATCH-26AUG23BEDETO-BED,1787464544,,,,0.0,,,,,0.0,False
KXITFWMATCH-26AUG23NAGMIR-MIR,1787466042,,,,0.0,,,,,0.0,False
KXITFWMATCH-26AUG23GRALIM-GRA,1787466335,,,,0.0,,,,,0.0,False
KXITFWMATCH-26AUG23IVALEE-IVA,1787467533,,,,0.0,,,,,0.0,False
KXITFWMATCH-26AUG23RICREA-REA,1787469933,,,,0.0,,,,,0.0,False
KXITFWMATCH-26AUG23ZAYSTO-STO,1787470236,,,,0.0,,,,,0.0,False
KXITFWMATCH-26AUG23BOJRAD-BOJ,1787472930,,,,0.0,,,,,0.0,False
KXITFWMATCH-26AUG23GIAKAR-GIA,1787473528,,,,0.0,,,,,0.0,False
KXITFWMATCH-26AUG23PESODO-ODO,1787474424,,,,0.0,,,,,0.0,False
KXITFWMATCH-26AUG23CAKKAL-CAK,1787475042,,,,0.0,,,,,0.0,False
KXITFWMATCH-26AUG23STAPET-PET,1787475915,,,,0.0,,,,,0.0,False
KXITFWMATCH-26AUG23DAESTE-DAE,1787476226,,,,0.0,,,,,0.0,False
KXITFWMATCH-26AUG23OBRMIK-MIK,1787476511,,,,0.0,,,,,0.0,False
KXITFWMATCH-26AUG23KAPHRD-HRD,1787476512,,,,0.0,,,,,0.0,False
KXITFWMATCH-26AUG23DELIVA-DEL,1787477108,,,,0.0,,,,,0.0,False
KXITFWMATCH-26AUG23SUNMLA-MLA,1787479815,,,,0.0,,,,,0.0,False
KXITFWMATCH-26AUG23MARKOS-KOS,1787482497,,,,0.0,,,,,0.0,False
KXITFWMATCH-26AUG23BRIFAL-BRI,1787482498,,,,0.0,,,,,0.0,False
KXITFWMATCH-26AUG23KASGRE-GRE,1787482499,,,,0.0,,,,,0.0,False
KXITFWMATCH-26AUG23CLAAND-AND,1787483097,,,,0.0,,,,,0.0,False
KXITFWMATCH-26AUG23WALSUV-SUV,1787483398,,,,0.0,,,,,0.0,False
KXITFWMATCH-26AUG23KOZLUE-KOZ,1787484001,,,,0.0,,,,,0.0,False
KXITFWMATCH-26AUG23VELLEW-LEW,1787485209,,,,0.0,,,,,0.0,False
KXITFWMATCH-26AUG23KOKRAS-KOK,1787486694,,,,0.0,,,,,0.0,False
KXITFWMATCH-26AUG23FULBOH-BOH,1787486993,,,,0.0,,,,,0.0,False
KXITFWMATCH-26AUG23ERLLAN-ERL,1787490613,,,,0.0,,,,,0.0,False
KXITFWMATCH-26AUG23MASHRA-HRA,1787492429,,,,0.0,,,,,0.0,False
KXITFWMATCH-26AUG23YEMTOR-TOR,1787499339,,,,0.0,,,,,0.0,False
KXITFWMATCH-26AUG24CAKWAL-CAK,1787547946,,,,0.0,,,,,0.0,False
KXITFWMATCH-26AUG24STRPAS-PAS,1787548553,,,,0.0,,,,,0.0,False
KXITFWMATCH-26AUG24BIOSTA-BIO,1787548554,,,,0.0,,,,,0.0,False
KXITFWMATCH-26AUG24LABBAN-BAN,1787548858,,,,0.0,,,,,0.0,False
KXITFWMATCH-26AUG24PETMAN-MAN,1787549145,,,,0.0,,,,,0.0,False
KXITFWMATCH-26AUG24RICIVA-IVA,1787549146,,,,0.0,,,,,0.0,False
KXITFWMATCH-26AUG24AIKJOV-AIK,1787550046,,,,0.0,,,,,0.0,False
KXITFWMATCH-26AUG24MOCORM-MOC,1787550047,,,,0.0,,,,,0.0,False
KXITFWMATCH-26AUG24PIKVAS-PIK,1787550048,,,,0.0,,,,,0.0,False
KXITFWMATCH-26AUG24POLSED-POL,1787550644,,,,0.0,,,,,0.0,False
KXITFWMATCH-26AUG24WILVEL-VEL,1787550942,,,,0.0,,,,,0.0,False
KXITFWMATCH-26AUG24GIOPES-GIO,1787551271,,,,0.0,,,,,0.0,False
KXITFWMATCH-26AUG24MAQGRO-GRO,1787551543,,,,0.0,,,,,0.0,False
KXITFWMATCH-26AUG24CVEIVA-CVE,1787551544,,,,0.0,,,,,0.0,False
KXITFWMATCH-26AUG24GENMAR-GEN,1787551854,,,,0.0,,,,,0.0,False
KXITFWMATCH-26AUG24ZAYRAD-RAD,1787552167,,,,0.0,,,,,0.0,False
KXITFWMATCH-26AUG24KOKPET-KOK,1787553945,,,,0.0,,,,,0.0,False
KXITFWMATCH-26AUG24MADHUS-HUS,1787554871,,,,0.0,,,,,0.0,False
KXITFWMATCH-26AUG24PERMIK-MIK,1787556046,,,,0.0,,,,,0.0,False
KXITFWMATCH-26AUG24SENMPE-MPE,1787556938,,,,0.0,,,,,0.0,False
KXITFWMATCH-26AUG24ADAGOR-ADA,1787557257,,,,0.0,,,,,0.0,False
KXITFWMATCH-26AUG24DVOSZI-DVO,1787557258,,,,0.0,,,,,0.0,False
KXITFWMATCH-26AUG24PUSKOZ-KOZ,1787557259,,,,0.0,,,,,0.0,False
KXITFWMATCH-26AUG24KOVBOE-BOE,1787557556,,,,0.0,,,,,0.0,False
KXITFWMATCH-26AUG24KOMBRI-BRI,1787558143,,,,0.0,,,,,0.0,False
KXITFWMATCH-26AUG24KUCSUC-KUC,1787558148,,,,0.0,,,,,0.0,False
KXITFWMATCH-26AUG24STAVEL-STA,1787558500,,,,0.0,,,,,0.0,False
KXITFWMATCH-26AUG24SEQHRD-HRD,1787558501,,,,0.0,,,,,0.0,False
KXITFWMATCH-26AUG24JANTRI-JAN,1787559042,,,,0.0,,,,,0.0,False
KXITFWMATCH-26AUG24YULTOM-TOM,1787559339,,,,0.0,,,,,0.0,False
KXITFWMATCH-26AUG24MARTOR-MAR,1787559663,,,,0.0,,,,,0.0,False
KXITFWMATCH-26AUG24DITFET-DIT,1787560545,,,,0.0,,,,,0.0,False
KXITFWMATCH-26AUG24SUNMAS-MAS,1787562048,,,,0.0,,,,,0.0,False
KXITFWMATCH-26AUG24CEXFER-CEX,1787562337,,,,0.0,,,,,0.0,False
KXITFWMATCH-26AUG24ZHESEB-SEB,1787563233,,,,0.0,,,,,0.0,False
KXITFWMATCH-26AUG24COPTRA-COP,1787563551,,,,0.0,,,,,0.0,False
KXITFWMATCH-26AUG24SAWGRE-GRE,1787563838,,,,0.0,,,,,0.0,False
KXITFWMATCH-26AUG24ARGMAR-ARG,1787564131,,,,0.0,,,,,0.0,False
KXITFWMATCH-26AUG24TONGNI-GNI,1787565042,,,,0.0,,,,,0.0,False
KXITFWMATCH-26AUG24YESBAR-BAR,1787565043,,,,0.0,,,,,0.0,False
KXITFWMATCH-26AUG24BAYBED-BAY,1787565330,,,,0.0,,,,,0.0,False
KXITFWMATCH-26AUG24EBSLAN-EBS,1787565640,,,,0.0,,,,,0.0,False
KXITFWMATCH-26AUG24MORLIM-LIM,1787566235,,,,0.0,,,,,0.0,False
KXITFWMATCH-26AUG24HEJMIC-HEJ,1787567423,,,,0.0,,,,,0.0,False
KXITFWMATCH-26AUG24BAKBED-BAK,1787568633,,,,0.0,,,,,0.0,False
KXITFWMATCH-26AUG24HIEVEL-HIE,1787569246,,,,0.0,,,,,0.0,False
KXITFWMATCH-26AUG24GANALV-ALV,1787569815,,,,0.0,,,,,0.0,False
KXITFWMATCH-26AUG24TREMAZ-MAZ,1787570123,,,,0.0,,,,,0.0,False
KXITFWMATCH-26AUG24AFFZOL-AFF,1787571027,,,,0.0,,,,,0.0,False
KXITFWMATCH-26AUG24SAKPUL-PUL,1787571315,,,,0.0,,,,,0.0,False
KXITFWMATCH-26AUG24FIRLON-FIR,1787571316,,,,0.0,,,,,0.0,False
KXITFWMATCH-26AUG24HERTRA-HER,1787572887,,,,0.0,,,,,0.0,False
KXITFWMATCH-26AUG24ZELBOU-BOU,1787576186,,,,0.0,,,,,0.0,False
KXITFWMATCH-26AUG24LOVVOG-LOV,1787576195,,,,0.0,,,,,0.0,False
KXITFWMATCH-26AUG24MAISHA-MAI,1787576778,,,,0.0,,,,,0.0,False
KXITFWMATCH-26AUG24SHIHAV-HAV,1787577086,,,,0.0,,,,,0.0,False
KXITFWMATCH-26AUG24GRORAS-GRO,1787578302,,,,0.0,,,,,0.0,False
KXITFWMATCH-26AUG24VANHAG-HAG,1787579261,,,,0.0,,,,,0.0,False
KXITFWMATCH-26AUG24ZELSAC-SAC,1787579505,,,,0.0,,,,,0.0,False
KXITFWMATCH-26AUG24CHISCH-CHI,1787580430,,,,0.0,,,,,0.0,False
KXITFWMATCH-26AUG24DEKSTO-DEK,1787585260,,,,0.0,,,,,0.0,False
KXITFWMATCH-26AUG24PLIHOU-HOU,1787612335,,,,0.0,,,,,0.0,False
KXITFWMATCH-26AUG24SHIKIM-KIM,1787612900,,,,0.0,,,,,0.0,False
KXITFWMATCH-26AUG24KOZLEE-KOZ,1787612900,,,,0.0,,,,,0.0,False
KXITFWMATCH-26AUG24KUHKIM-KIM,1787614072,,,,0.0,,,,,0.0,False
KXITFWMATCH-26AUG24KALUCH-KAL,1787617996,,,,0.0,,,,,0.0,False
KXITFWMATCH-26AUG24SATGEX-GEX,1787620413,,,,0.0,,,,,0.0,False
KXITFWMATCH-26AUG24KOCHAN-HAN,1787620682,,,,0.0,,,,,0.0,False
KXITFWMATCH-26AUG24SUNNEG-NEG,1787629367,,,,0.0,,,,,0.0,False
KXITFWMATCH-26AUG25CLEMOR-CLE,1787630618,,,,0.0,,,,,0.0,False
KXITFWMATCH-26AUG25KORNAY-KOR,1787631469,,,,0.0,,,,,0.0,False
KXITFWMATCH-26AUG25NEWSMI-NEW,1787631470,,,,0.0,,,,,0.0,False
KXITFWMATCH-26AUG25SHIYEX-SHI,1787632074,,,,0.0,,,,,0.0,False
KXITFWMATCH-26AUG25MARAND-AND,1787632076,,,,0.0,,,,,0.0,False
KXITFWMATCH-26AUG25IANBLA-BLA,1787632076,,,,0.0,,,,,0.0,False
KXITFWMATCH-26AUG25KALGRA-GRA,1787632410,,,,0.0,,,,,0.0,False
KXITFWMATCH-26AUG25RAKSTA-RAK,1787633251,,,,0.0,,,,,0.0,False
KXITFWMATCH-26AUG25MTVOZO-MTV,1787633553,,,,0.0,,,,,0.0,False
KXITFWMATCH-26AUG25PROVAR-PRO,1787633553,,,,0.0,,,,,0.0,False
KXITFWMATCH-26AUG25CAMLEB-CAM,1787633887,,,,0.0,,,,,0.0,False
KXITFWMATCH-26AUG25BRUSAN-BRU,1787634206,,,,0.0,,,,,0.0,False
KXITFWMATCH-26AUG25SAGMEW-MEW,1787634207,,,,0.0,,,,,0.0,False
KXITFWMATCH-26AUG25DEEHER-DEE,1787634208,,,,0.0,,,,,0.0,False
KXITFWMATCH-26AUG25KHRCHA-CHA,1787634451,,,,0.0,,,,,0.0,False
KXITFWMATCH-26AUG25PEEGUD-GUD,1787635678,,,,0.0,,,,,0.0,False
KXITFWMATCH-26AUG25GNIZOL-GNI,1787635679,,,,0.0,,,,,0.0,False
KXITFWMATCH-26AUG25LABSED-LAB,1787635981,,,,0.0,,,,,0.0,False
KXITFWMATCH-26AUG25MADPAS-MAD,1787636549,,,,0.0,,,,,0.0,False
KXITFWMATCH-26AUG25BREKOC-BRE,1787637157,,,,0.0,,,,,0.0,False
KXITFWMATCH-26AUG25PATZAB-PAT,1787637158,,,,0.0,,,,,0.0,False
KXITFWMATCH-26AUG25FONMAY-FON,1787637159,,,,0.0,,,,,0.0,False
KXITFWMATCH-26AUG25GAICAB-CAB,1787637457,,,,0.0,,,,,0.0,False
KXITFWMATCH-26AUG25KAJHES-HES,1787637754,,,,0.0,,,,,0.0,False
KXITFWMATCH-26AUG25GLOIBR-GLO,1787638056,,,,0.0,,,,,0.0,False
KXITFWMATCH-26AUG25METMPE-MET,1787638338,,,,0.0,,,,,0.0,False
KXITFWMATCH-26AUG25SKOPOP-POP,1787638346,,,,0.0,,,,,0.0,False
KXITFWMATCH-26AUG25BRERON-BRE,1787638664,,,,0.0,,,,,0.0,False
KXITFWMATCH-26AUG25KOVTOM-KOV,1787638665,,,,0.0,,,,,0.0,False
KXITFWMATCH-26AUG25SENDES-DES,1787638668,,,,0.0,,,,,0.0,False
KXITFWMATCH-26AUG25TOTALV-ALV,1787639251,,,,0.0,,,,,0.0,False
KXITFWMATCH-26AUG25RACPLA-PLA,1787639261,,,,0.0,,,,,0.0,False
KXITFWMATCH-26AUG25KAWNUG-KAW,1787639262,,,,0.0,,,,,0.0,False
KXITFWMATCH-26AUG25RUSTRA-RUS,1787639545,,,,0.0,,,,,0.0,False
KXITFWMATCH-26AUG25BIZDOL-BIZ,1787639846,,,,0.0,,,,,0.0,False
KXITFWMATCH-26AUG25BOUPES-BOU,1787640147,,,,0.0,,,,,0.0,False
KXITFWMATCH-26AUG25MARSAN-MAR,1787640427,,,,0.0,,,,,0.0,False
KXITFWMATCH-26AUG25SADMIS-MIS,1787641636,,,,0.0,,,,,0.0,False
KXITFWMATCH-26AUG25MONSHA-MON,1787641638,,,,0.0,,,,,0.0,False
KXITFWMATCH-26AUG25CUCBRO-BRO,1787641917,,,,0.0,,,,,0.0,False
KXITFWMATCH-26AUG25YESTRA-TRA,1787642516,,,,0.0,,,,,0.0,False
KXITFWMATCH-26AUG25AIKVAS-AIK,1787643127,,,,0.0,,,,,0.0,False
KXITFWMATCH-26AUG25DANBAY-BAY,1787643128,,,,0.0,,,,,0.0,False
KXITFWMATCH-26AUG25BIEMON-BIE,1787643399,,,,0.0,,,,,0.0,False
KXITFWMATCH-26AUG25NICSRU-NIC,1787643713,,,,0.0,,,,,0.0,False
KXITFWMATCH-26AUG25GUTKOM-GUT,1787643716,,,,0.0,,,,,0.0,False
KXITFWMATCH-26AUG25BOYAMA-AMA,1787644018,,,,0.0,,,,,0.0,False
KXITFWMATCH-26AUG25VANSHU-SHU,1787644947,,,,0.0,,,,,0.0,False
KXITFWMATCH-26AUG25ROSTOD-ROS,1787645210,,,,0.0,,,,,0.0,False
KXITFWMATCH-26AUG25RUAKOV-KOV,1787646127,,,,0.0,,,,,0.0,False
KXITFWMATCH-26AUG25HAYGAR-GAR,1787647021,,,,0.0,,,,,0.0,False
KXITFWMATCH-26AUG25MILCIR-CIR,1787647902,,,,0.0,,,,,0.0,False
KXITFWMATCH-26AUG25MARTEI-MAR,1787648195,,,,0.0,,,,,0.0,False
KXITFWMATCH-26AUG25FIRHER-FIR,1787648532,,,,0.0,,,,,0.0,False
KXITFWMATCH-26AUG25SAWOKU-OKU,1787648818,,,,0.0,,,,,0.0,False
KXITFWMATCH-26AUG25DIBAND-AND,1787649421,,,,0.0,,,,,0.0,False
KXITFWMATCH-26AUG25ZELVAN-VAN,1787649423,,,,0.0,,,,,0.0,False
KXITFWMATCH-26AUG25KOZMAN-KOZ,1787649986,,,,0.0,,,,,0.0,False
KXITFWMATCH-26AUG25POZLUT-LUT,1787649988,,,,0.0,,,,,0.0,False
KXITFWMATCH-26AUG25TRUVIS-TRU,1787650309,,,,0.0,,,,,0.0,False
KXITFWMATCH-26AUG25MAQVEL-MAQ,1787650312,,,,0.0,,,,,0.0,False
KXITFWMATCH-26AUG25SHISTO-SHI,1787653585,,,,0.0,,,,,0.0,False
KXITFWMATCH-26AUG25CERROO-CER,1787655120,,,,0.0,,,,,0.0,False
KXITFWMATCH-26AUG25RYSIVA-IVA,1787655120,,,,0.0,,,,,0.0,False
KXITFWMATCH-26AUG25BUCBAR-BAR,1787655989,,,,0.0,,,,,0.0,False
KXITFWMATCH-26AUG25CHIGRO-CHI,1787656284,,,,0.0,,,,,0.0,False
KXITFWMATCH-26AUG25KOTSTE-KOT,1787657193,,,,0.0,,,,,0.0,False
KXITFWMATCH-26AUG25DOUMON-DOU,1787657483,,,,0.0,,,,,0.0,False
KXITFWMATCH-26AUG25DANMEL-DAN,1787658081,,,,0.0,,,,,0.0,False
KXITFWMATCH-26AUG25SANKAW-KAW,1787658686,,,,0.0,,,,,0.0,False
KXITFWMATCH-26AUG25GILLOP-GIL,1787658989,,,,0.0,,,,,0.0,False
KXITFWMATCH-26AUG25BERLEM-BER,1787658990,,,,0.0,,,,,0.0,False
KXITFWMATCH-26AUG25BULSOT-BUL,1787658991,,,,0.0,,,,,0.0,False
KXITFWMATCH-26AUG25YASCVE-CVE,1787659908,,,,0.0,,,,,0.0,False
KXITFWMATCH-26AUG25DEFJIA-DEF,1787660227,,,,0.0,,,,,0.0,False
KXITFWMATCH-26AUG25BRONIE-BRO,1787661409,,,,0.0,,,,,0.0,False
KXITFWMATCH-26AUG25TSEISM-ISM,1787663220,,,,0.0,,,,,0.0,False
KXITFWMATCH-26AUG25CCUBAD-BAD,1787663529,,,,0.0,,,,,0.0,False
KXITFWMATCH-26AUG25MENBER-BER,1787665966,,,,0.0,,,,,0.0,False
KXITFWMATCH-26AUG25ZARMAZ-MAZ,1787667758,,,,0.0,,,,,0.0,False
KXITFWMATCH-26AUG25CHIKOV-CHI,1787667760,,,,0.0,,,,,0.0,False
KXITFWMATCH-26AUG25CHEVIL-CHE,1787668028,,,,0.0,,,,,0.0,False
KXITFWMATCH-26AUG25GARCRO-CRO,1787669276,,,,0.0,,,,,0.0,False
KXITFWMATCH-26AUG25MAHPLA-MAH,1787672325,,,,0.0,,,,,0.0,False
KXITFWMATCH-26AUG25GOMCAR-CAR,1787672631,,,,0.0,,,,,0.0,False
KXITFWMATCH-26AUG25SHIADK-ADK,1787703271,,,,0.0,,,,,0.0,False
KXITFWMATCH-26AUG25KOBKAL-KAL,1787708626,,,,0.0,,,,,0.0,False
KXITFWMATCH-26AUG25MALCHE-CHE,1787708938,,,,0.0,,,,,0.0,False
KXITFWMATCH-26AUG25YANPLI-PLI,1787710467,,,,0.0,,,,,0.0,False
KXITFWMATCH-26AUG25KIMTUP-KIM,1787714618,,,,0.0,,,,,0.0,False
KXITFWMATCH-26AUG25CHANEG-CHA,1787715523,,,,0.0,,,,,0.0,False
KXITFWMATCH-26AUG26HANCHE-CHE,1787717621,,,,0.0,,,,,0.0,False
KXITFWMATCH-26AUG26LUCAND-AND,1787718812,,,,0.0,,,,,0.0,False
KXITFWMATCH-26AUG26CAMMTV-CAM,1787719472,,,,0.0,,,,,0.0,False
KXITFWMATCH-26AUG26VAGMAZ-MAZ,1787720311,,,,0.0,,,,,0.0,False
KXITFWMATCH-26AUG25GORZHE-GOR,1787720328,,,,0.0,,,,,0.0,False
KXITFWMATCH-26AUG25HIEDVO-DVO,1787720926,,,,0.0,,,,,0.0,False
KXITFWMATCH-26AUG25SAKMOR-MOR,1787721184,,,,0.0,,,,,0.0,False
KXITFWMATCH-26AUG25SUNKIT-KIT,1787721185,,,,0.0,,,,,0.0,False
KXITFWMATCH-26AUG26BALSAN-BAL,1787721484,,,,0.0,,,,,0.0,False
KXITFWMATCH-26AUG26LENCIR-CIR,1787721486,,,,0.0,,,,,0.0,False
KXITFWMATCH-26AUG25MANKUC-KUC,1787721787,,,,0.0,,,,,0.0,False
KXITFWMATCH-26AUG26RICDEN-DEN,1787722107,,,,0.0,,,,,0.0,False
KXITFWMATCH-26AUG26PEDKUL-KUL,1787722390,,,,0.0,,,,,0.0,False
KXITFWMATCH-26AUG25FETBED-BED,1787722700,,,,0.0,,,,,0.0,False
KXITFWMATCH-26AUG26FERMAY-FER,1787722969,,,,0.0,,,,,0.0,False
KXITFWMATCH-26AUG26SCHSTR-SCH,1787722970,,,,0.0,,,,,0.0,False
KXITFWMATCH-26AUG26CLAGRA-CLA,1787723277,,,,0.0,,,,,0.0,False
KXITFWMATCH-26AUG25TURSTE-STE,1787723573,,,,0.0,,,,,0.0,False
KXITFWMATCH-26AUG25HEJANT-ANT,1787723573,,,,0.0,,,,,0.0,False
KXITFWMATCH-26AUG26BOSKOK-BOS,1787723875,,,,0.0,,,,,0.0,False
KXITFWMATCH-26AUG26HERMON-HER,1787724488,,,,0.0,,,,,0.0,False
KXITFWMATCH-26AUG26TORISH-ISH,1787724489,,,,0.0,,,,,0.0,False
KXITFWMATCH-26AUG26LIXGAO-GAO,1787724491,,,,0.0,,,,,0.0,False
KXITFWMATCH-26AUG26CLESIL-CLE,1787724773,,,,0.0,,,,,0.0,False
KXITFWMATCH-26AUG26VANEBE-EBE,1787724786,,,,0.0,,,,,0.0,False
KXITFWMATCH-26AUG25JAKURG-JAK,1787724788,,,,0.0,,,,,0.0,False
KXITFWMATCH-26AUG26BOJIAN-BOJ,1787725081,,,,0.0,,,,,0.0,False
KXITFWMATCH-26AUG26POPGAI-GAI,1787725676,,,,0.0,,,,,0.0,False
KXITFWMATCH-26AUG26YODMAT-MAT,1787726264,,,,0.0,,,,,0.0,False
KXITFWMATCH-26AUG25WEILUX-LUX,1787726568,,,,0.0,,,,,0.0,False
KXITFWMATCH-26AUG26VASLUK-LUK,1787726583,,,,0.0,,,,,0.0,False
KXITFWMATCH-26AUG25BIONAG-BIO,1787726859,,,,0.0,,,,,0.0,False
KXITFWMATCH-26AUG26JEOLEE-JEO,1787726860,,,,0.0,,,,,0.0,False
KXITFWMATCH-26AUG26MAQYES-MAQ,1787726861,,,,0.0,,,,,0.0,False
KXITFWMATCH-26AUG26GIADAP-DAP,1787726863,,,,0.0,,,,,0.0,False
KXITFWMATCH-26AUG26PERGOL-GOL,1787727161,,,,0.0,,,,,0.0,False
KXITFWMATCH-26AUG25PAOTRI-PAO,1787727779,,,,0.0,,,,,0.0,False
KXITFWMATCH-26AUG26PIEHOD-HOD,1787728052,,,,0.0,,,,,0.0,False
KXITFWMATCH-26AUG26TEIHER-HER,1787728352,,,,0.0,,,,,0.0,False
KXITFWMATCH-26AUG26GOIDIA-DIA,1787728649,,,,0.0,,,,,0.0,False
KXITFWMATCH-26AUG26HRDSPI-HRD,1787728650,,,,0.0,,,,,0.0,False
KXITFWMATCH-26AUG26RAGMAR-MAR,1787728975,,,,0.0,,,,,0.0,False
KXITFWMATCH-26AUG26SHAGAR-GAR,1787729558,,,,0.0,,,,,0.0,False
KXITFWMATCH-26AUG26EWAZAV-EWA,1787729855,,,,0.0,,,,,0.0,False
KXITFWMATCH-26AUG26STESAG-SAG,1787730438,,,,0.0,,,,,0.0,False
KXITFWMATCH-26AUG26STAYAM-STA,1787731289,,,,0.0,,,,,0.0,False
KXITFWMATCH-26AUG26HUIKAR-HUI,1787731290,,,,0.0,,,,,0.0,False
KXITFWMATCH-26AUG26YUALEE-LEE,1787731941,,,,0.0,,,,,0.0,False
KXITFWMATCH-26AUG26CRASTA-CRA,1787731943,,,,0.0,,,,,0.0,False
KXITFWMATCH-26AUG26LIMEBS-EBS,1787731945,,,,0.0,,,,,0.0,False
KXITFWMATCH-26AUG25ARGCOL-ARG,1787733415,,,,0.0,,,,,0.0,False
KXITFWMATCH-26AUG26SATMOR-MOR,1787733415,,,,0.0,,,,,0.0,False
KXITFWMATCH-26AUG26PRORUS-PRO,1787733419,,,,0.0,,,,,0.0,False
KXITFWMATCH-26AUG26GRUSTU-GRU,1787733419,,,,0.0,,,,,0.0,False
KXITFWMATCH-26AUG26LAHCUC-CUC,1787733755,,,,0.0,,,,,0.0,False
KXITFWMATCH-26AUG26GARMAL-GAR,1787734327,,,,0.0,,,,,0.0,False
KXITFWMATCH-26AUG26MIRNIC-MIR,1787734619,,,,0.0,,,,,0.0,False
KXITFWMATCH-26AUG26SHUPEE-PEE,1787734953,,,,0.0,,,,,0.0,False
KXITFWMATCH-26AUG26SACAND-AND,1787734953,,,,0.0,,,,,0.0,False
KXITFWMATCH-26AUG26KUZGAI-GAI,1787735240,,,,0.0,,,,,0.0,False
KXITFWMATCH-26AUG25ORMPRI-ORM,1787736745,,,,0.0,,,,,0.0,False
KXITFWMATCH-26AUG26GLUMAR-GLU,1787737001,,,,0.0,,,,,0.0,False
KXITFWMATCH-26AUG26PAQGEE-GEE,1787737003,,,,0.0,,,,,0.0,False
KXITFWMATCH-26AUG26YUNBUL-BUL,1787738194,,,,0.0,,,,,0.0,False
KXITFWMATCH-26AUG26TOTLOV-LOV,1787738203,,,,0.0,,,,,0.0,False
KXITFWMATCH-26AUG26DAECHE-CHE,1787738522,,,,0.0,,,,,0.0,False
KXITFWMATCH-26AUG26KARZAY-KAR,1787738523,0.38,0.43,0.44,0.02,1787738400.0,0.39,0.43,,0.0,True
KXITFWMATCH-26AUG26FEIMIK-FEI,1787738523,0.65,0.68,0.66,100.0,1787738400.0,0.66,0.68,0.66,100.0,True
KXITFWMATCH-26AUG26ZHEWAN-WAN,1787739416,0.45,0.7,,0.0,1787738400.0,0.54,0.58,,0.0,True
KXITFWMATCH-26AUG26SAKMIN-MIN,1787739429,,,,0.0,,,,,0.0,True
KXITFWMATCH-26AUG26YAMDEZ-DEZ,1787740313,0.33,0.37,0.34,1.0,1787738400.0,0.33,0.37,0.34,1.0,True
KXITFWMATCH-26AUG26SIEHER-HER,1787740596,0.55,0.8,,0.0,1787738400.0,0.65,0.7,,0.0,True
KXITFWMATCH-26AUG26PALFET-FET,1787740598,,,,0.0,,,,,0.0,True
KXITFWMATCH-26AUG26PODZOL-POD,1787742110,0.03,0.97,,0.0,1787742000.0,,,,0.0,True
KXITFWMATCH-26AUG26MDLELK-ELK,1787742393,0.25,0.29,,0.0,1787738400.0,0.24,0.29,,0.0,True
KXITFWMATCH-26AUG26VAIKEL-KEL,1787742686,0.02,0.04,,0.0,1787742000.0,0.02,0.05,,0.0,True
KXITFWMATCH-26AUG26MIXDAN-DAN,1787742981,0.03,0.07,,0.0,1787742000.0,0.03,0.07,,0.0,True
KXITFWMATCH-26AUG26CAKGOL-CAK,1787743284,0.54,0.57,,0.0,1787742000.0,0.52,0.57,,0.0,True
KXITFWMATCH-26AUG26KUJREG-KUJ,1787743286,0.5,0.54,,0.0,1787742000.0,0.5,0.54,,0.0,True
KXITFWMATCH-26AUG26CAPLAR-CAP,1787743589,0.69,0.74,,0.0,1787742000.0,0.69,0.74,,0.0,True
KXITFWMATCH-26AUG26SOUCAN-CAN,1787743902,0.92,0.96,,0.0,1787742000.0,0.92,0.96,,0.0,True
KXITFWMATCH-26AUG26PACCHI-CHI,1787744185,0.3,0.34,,0.0,1787742000.0,0.29,0.34,,0.0,True
KXITFWMATCH-26AUG26BARSOT-BAR,1787744483,0.9,0.94,,0.0,1787742000.0,0.9,0.94,,0.0,True
KXITFWMATCH-26AUG26VERENC-ENC,1787744792,0.67,0.72,,0.0,1787742000.0,0.66,0.72,,0.0,True
KXITFWMATCH-26AUG26ZHEKMI-KMI,1787745086,0.02,0.97,,0.0,1787742000.0,,,,0.0,True
KXITFWMATCH-26AUG25MELZAN-MEL,1787745375,0.46,0.5,0.51,139.67,1787742000.0,0.49,0.53,0.54,26.01,True
KXITFWMATCH-26AUG26SUNVUJ-SUN,1787745377,0.43,0.47,,0.0,1787742000.0,0.42,0.47,,0.0,True
KXITFWMATCH-26AUG26STETRE-STE,1787745378,,,,0.0,,,,,0.0,True
KXITFWMATCH-26AUG26TKASAD-SAD,1787745381,0.02,0.21,,0.0,1787734800.0,0.02,0.21,,0.0,True
KXITFWMATCH-26AUG26MARZEL-MAR,1787745387,0.42,0.46,0.47,205.15,1787742000.0,0.44,0.46,0.47,205.15,True
KXITFWMATCH-26AUG26HENMAD-HEN,1787745688,0.02,0.83,,0.0,1787745600.0,,,,0.0,True
KXITFWMATCH-26AUG26ATAMDL-ATA,1787746283,0.86,0.89,0.89,1.0,1787745600.0,0.86,0.89,,0.0,True
KXITFWMATCH-26AUG26DIAABO-ABO,1787746581,0.35,0.4,,0.0,1787745600.0,0.36,0.4,,0.0,True
KXITFWMATCH-26AUG26WAGBOS-BOS,1787746877,0.02,0.98,,0.0,1787745600.0,0.03,0.98,,0.0,True
KXITFWMATCH-26AUG26RUAPAS-PAS,1787747492,0.4,0.43,0.44,805.6800000000001,1787745600.0,0.41,0.44,0.44,805.6800000000001,True
KXITFWMATCH-26AUG26GERROJ-GER,1787747823,0.01,0.03,0.03,5175.889999999999,1787745600.0,0.0,0.02,0.01,3864.16,True
KXITFWMATCH-26AUG26GARNOS-GAR,1787748068,0.05,0.13,0.03,157.48,1787745600.0,0.03,0.08,0.04,69.9,True
KXITFWMATCH-26AUG26TAHSAG-SAG,1787748671,0.31,0.82,0.74,681.89,1787745600.0,0.68,0.77,0.8,662.89,True
KXITFWMATCH-26AUG26RAMTSY-RAM,1787748958,0.51,0.57,,0.0,1787745600.0,0.53,0.57,,0.0,True
KXITFWMATCH-26AUG26BRAKON-BRA,1787748960,0.88,0.98,,0.0,1787745600.0,0.78,0.98,,0.0,True
KXITFWMATCH-26AUG26OLLMON-MON,1787748961,0.02,0.98,,0.0,1787745600.0,0.02,0.98,,0.0,True
KXITFWMATCH-26AUG26BRUPET-BRU,1787749312,0.31,0.36,,0.0,1787749200.0,0.31,0.35,,0.0,True
KXITFWMATCH-26AUG26RADMAR-MAR,1787749314,0.28,0.33,,0.0,1787749200.0,0.27,0.31,,0.0,True
KXITFWMATCH-26AUG26STODUP-DUP,1787749750,0.41,0.47,,0.0,1787749200.0,0.42,0.47,,0.0,True
KXITFWMATCH-26AUG26ROMBOH-BOH,1787749753,0.76,0.78,0.74,50.0,1787749200.0,0.76,0.78,0.74,50.0,True
KXITFWMATCH-26AUG26ARANEW-ARA,1787750048,0.61,0.91,0.9,4563.99,1787749200.0,0.83,0.91,0.9,4563.99,True
KXITFWMATCH-26AUG26GARBAR-BAR,1787750051,0.37,0.93,,0.0,1787749200.0,0.75,0.98,,0.0,True
KXITFWMATCH-26AUG26KOLSCH-KOL,1787751084,0.02,0.15,,0.0,1787749200.0,0.03,0.19,,0.0,True
KXITFWMATCH-26AUG26HEJCOL-COL,1787751084,,,,0.0,,,,,0.0,True
KXITFWMATCH-26AUG26LABWOL-LAB,1787751369,0.25,0.3,,0.0,1787749200.0,0.02,0.97,,0.0,True
KXITFWMATCH-26AUG26BREEZZ-BRE,1787751370,0.12,0.15,,0.0,1787749200.0,0.12,0.15,,0.0,True
KXITFWMATCH-26AUG26HERIBR-HER,1787751673,0.91,0.96,0.95,104.89,1787749200.0,0.91,0.95,0.95,104.89,True
KXITFWMATCH-26AUG26DOUPLA-DOU,1787751674,0.38,0.52,,0.0,1787749200.0,0.34,0.61,,0.0,True
KXITFWMATCH-26AUG26PLAHAN-HAN,1787751984,0.52,0.57,0.57,1119.0,1787749200.0,0.51,0.55,0.57,1119.0,True
KXITFWMATCH-26AUG26COMPOP-COM,1787752288,0.17,0.2,,0.0,1787749200.0,0.17,0.2,,0.0,True
KXITFWMATCH-26AUG26MAIMET-MAI,1787752288,0.45,0.48,,0.0,1787749200.0,0.44,0.48,,0.0,True
KXITFWMATCH-26AUG26KHOAVA-AVA,1787752585,0.51,0.57,,0.0,1787749200.0,0.52,0.56,,0.0,True
KXITFWMATCH-26AUG26CEXPAO-CEX,1787752902,0.01,0.97,,0.0,1787752800.0,,,,0.0,True
KXITFWMATCH-26AUG26BEDMCK-BED,1787753175,0.26,0.3,0.31,1500.0,1787752800.0,0.26,0.3,0.31,1500.0,True
KXITFWMATCH-26AUG26KOVBEN-BEN,1787753481,0.11,0.39,0.35,9.58,1787752800.0,0.3,0.34,,0.0,True
KXITFWMATCH-26AUG26JANNIL-JAN,1787753481,0.25,0.4,,0.0,1787752800.0,0.35,0.39,,0.0,True
KXITFWMATCH-26AUG26ELSBRE-BRE,1787753778,0.57,0.59,0.59,301.0,1787752800.0,0.57,0.58,0.58,288.0,True
KXITFWMATCH-26AUG26ZOLFAL-FAL,1787754199,0.49,0.51,0.51,1.0,1787752800.0,0.49,0.51,0.51,1.0,True
KXITFWMATCH-26AUG26BURHIE-BUR,1787754692,0.26,0.71,,0.0,1787752800.0,0.02,0.95,,0.0,True
KXITFWMATCH-26AUG26GOMMEN-GOM,1787754693,0.28,0.4,,0.0,1787752800.0,0.2,0.48,,0.0,True
KXITFWMATCH-26AUG26BLOCAL-BLO,1787754993,0.86,0.9,,0.0,1787752800.0,0.85,0.91,,0.0,True
KXITFWMATCH-26AUG26STAALE-ALE,1787754993,0.45,0.78,,0.0,1787752800.0,0.44,0.84,,0.0,True
KXITFWMATCH-26AUG26FELKIK-FEL,1787755597,0.47,0.52,,0.0,1787752800.0,0.47,0.52,,0.0,True
KXITFWMATCH-26AUG26LEMCAB-CAB,1787756195,0.33,0.34,,0.0,1787752800.0,0.33,0.34,,0.0,True
KXITFWMATCH-26AUG26ZABKHR-KHR,1787757421,0.62,0.67,0.66,73.99,1787756400.0,0.63,0.66,0.66,73.99,True
KXITFWMATCH-26AUG26KORARA-ARA,1787757729,0.79,0.82,0.82,12.04,1787756400.0,0.79,0.82,,0.0,True
KXITFWMATCH-26AUG26BIZMAT-BIZ,1787758446,0.55,0.78,0.61,239.19,1787756400.0,0.55,0.79,0.61,239.19,True
KXITFWMATCH-26AUG26SANCOH-COH,1787760732,0.03,0.06,0.07,1.0,1787760000.0,0.03,0.05,0.07,1.0,True
KXITFWMATCH-26AUG26KUCPAW-KUC,1787761635,0.51,0.53,0.51,196.44,1787760000.0,0.51,0.52,0.51,196.44,True
KXITFWMATCH-26AUG26SANALV-ALV,1787763431,0.86,0.89,,0.0,1787760000.0,0.31,0.88,,0.0,True
KXITFWMATCH-26AUG26CCUMED-CCU,1787764337,0.47,0.51,,0.0,1787763600.0,0.29,0.59,,0.0,True
KXITFWMATCH-26AUG26SOUANS-ANS,1787767352,0.77,0.79,0.79,84.0,1787767200.0,0.77,0.79,0.79,84.0,True
KXITFWMATCH-26AUG26SHISUN-SHI,1787787746,0.93,0.94,0.95,2.05,1787785200.0,0.92,0.94,0.89,1.0,True
KXITFWMATCH-26AUG26NUGMAT-MAT,1787788984,0.4,0.41,0.39,74.77,1787785200.0,0.39,0.41,0.39,74.77,True
KXITFWMATCH-26AUG26PLITUP-PLI,1787789829,0.35,0.38,0.42,8.0,1787788800.0,0.36,0.39,0.42,8.0,True
KXITFWMATCH-26AUG26LEEADK-ADK,1787794353,0.72,0.75,,0.0,1787792400.0,0.72,0.79,,0.0,True
KXITFWMATCH-26AUG26CHALEE-CHA,1787795244,,,,0.0,,,,,0.0,True
KXITFWMATCH-26AUG26KOBHAN-HAN,1787795521,0.21,0.22,0.24,7.91,1787792400.0,0.2,0.24,,0.0,True
KXITFWMATCH-26AUG26CHELUX-CHE,1787798524,0.35,0.37,,0.0,1787796000.0,0.34,0.37,,0.0,True
KXITFWMATCH-26AUG26ZHEMOR-MOR,1787806960,0.26,0.92,0.92,252.82000000000002,1787806800.0,0.53,0.64,,0.0,True
KXITFWMATCH-26AUG27LAHBOJ-BOJ,1787806961,0.42,0.46,0.46,456.0,1787806800.0,0.42,0.46,0.4,121.0,True
KXITFWMATCH-26AUG27MTVSIL-MTV,1787806962,0.11,0.19,,0.0,1787806800.0,0.05,0.78,,0.0,True
KXITFWMATCH-26AUG27NEWNOS-NEW,1787806962,0.11,0.17,,0.0,1787806800.0,0.08,0.79,,0.0,True
KXITFWMATCH-26AUG27TSEALE-ALE,1787806964,0.12,0.14,0.14,197.26,1787806800.0,0.12,0.14,0.15,51.06,True
KXITFWMATCH-26AUG27BIZROJ-BIZ,1787807206,0.05,0.16,,0.0,1787806800.0,0.05,0.77,,0.0,True
KXITFWMATCH-26AUG27KHRBOS-BOS,1787808741,0.57,0.61,0.66,7.36,1787806800.0,0.07,0.66,,0.0,True
KXITFWMATCH-26AUG27SAGGOI-GOI,1787808750,0.58,0.61,0.62,29.61,1787806800.0,0.57,0.61,,0.0,True
KXITFWMATCH-26AUG27DEZLUK-DEZ,1787809012,0.23,0.25,0.23,32.0,1787806800.0,0.24,0.26,0.23,32.0,True
KXITFWMATCH-26AUG27CERSHU-CER,1787809021,0.56,0.92,,0.0,1787806800.0,0.44,0.92,,0.0,True
KXITFWMATCH-26AUG27SCHARA-ARA,1787809620,0.5,0.91,,0.0,1787806800.0,0.08,0.92,,0.0,True
KXITFWMATCH-26AUG27SHALUT-LUT,1787809622,0.93,0.96,0.95,120.69,1787806800.0,0.94,0.96,0.95,120.69,True
KXITFWMATCH-26AUG27RAGMIR-MIR,1787809918,0.61,0.64,0.64,156.04999999999998,1787806800.0,0.58,0.62,,0.0,True
KXITFWMATCH-26AUG27GOLBUL-BUL,1787809928,0.61,0.65,,0.0,1787806800.0,0.61,0.65,,0.0,True
KXITFWMATCH-26AUG27MADMAL-MAD,1787810526,0.52,0.53,0.53,340.62,1787810400.0,0.53,0.54,0.53,326.62,True
KXITFWMATCH-26AUG27AVAEZZ-AVA,1787810789,0.13,0.14,0.14,238.88,1787810400.0,0.14,0.17,0.17,137.82999999999998,True
KXITFWMATCH-26AUG27MAQHER-HER,1787811098,0.67,0.73,0.72,13.33,1787810400.0,0.65,0.72,0.72,13.33,True
KXITFWMATCH-26AUG27MINGAO-GAO,1787811414,0.52,0.53,0.54,10.75,1787810400.0,0.52,0.53,0.54,10.75,True
KXITFWMATCH-26AUG27RUSAMA-AMA,1787811415,0.94,0.95,0.94,266.75,1787810400.0,0.94,0.95,0.94,266.75,True
KXITFWMATCH-26AUG27SANBAR-BAR,1787811711,0.7,0.75,,0.0,1787810400.0,0.12,0.88,,0.0,True
KXITFWMATCH-26AUG27BOSZAY-BOS,1787811712,0.49,0.52,0.54,7.0,1787810400.0,0.5,0.53,0.54,7.0,True
KXITFWMATCH-26AUG27PEDENC-ENC,1787812317,0.44,0.46,0.43,807.0,1787810400.0,0.44,0.46,0.43,807.0,True
KXITFWMATCH-26AUG27GILGAR-GAR,1787812582,,,,0.0,,,,,0.0,False
KXITFWMATCH-26AUG27MONHUI-HUI,1787812888,,,,0.0,,,,,0.0,False
KXITFWMATCH-26AUG27LIMGRA-GRA,1787813186,,,,0.0,,,,,0.0,False
KXITFWMATCH-26AUG27TKAPOP-POP,1787813497,,,,0.0,,,,,0.0,False
KXITFWMATCH-26AUG27MANOKU-MAN,1787813499,,,,0.0,,,,,0.0,False
KXITFWMATCH-26AUG27SANTOD-SAN,1787813787,,,,0.0,,,,,0.0,False
KXITFWMATCH-26AUG27URGMIK-MIK,1787813788,,,,0.0,,,,,0.0,False
KXITFWMATCH-26AUG27VAIBRE-BRE,1787814094,,,,0.0,,,,,0.0,False
KXITFWMATCH-26AUG27GUTLEM-GUT,1787814094,,,,0.0,,,,,0.0,False
KXITFWMATCH-26AUG27METTEI-MET,1787814095,,,,0.0,,,,,0.0,False
KXITFWMATCH-26AUG27HERMCK-HER,1787814372,,,,0.0,,,,,0.0,False
KXITFWMATCH-26AUG27BLOMAZ-BLO,1787814678,,,,0.0,,,,,0.0,False
KXITFWMATCH-26AUG27DIAMDL-DIA,1787815924,,,,0.0,,,,,0.0,False
KXITFWMATCH-26AUG27MDLBRU-BRU,1787815925,,,,0.0,,,,,0.0,False
KXITFWMATCH-26AUG27SACSTE-SAC,1787815926,,,,0.0,,,,,0.0,False
KXITFWMATCH-26AUG27PASDEF-DEF,1787815928,,,,0.0,,,,,0.0,False
KXITFWMATCH-26AUG27VUJDEN-DEN,1787817359,,,,0.0,,,,,0.0,False
KXITFWMATCH-26AUG27ZOLLAB-LAB,1787817678,,,,0.0,,,,,0.0,False
KXITFWMATCH-26AUG27PLAKUJ-KUJ,1787817971,,,,0.0,,,,,0.0,False
KXITFWMATCH-26AUG27HIEHOD-HIE,1787818267,,,,0.0,,,,,0.0,False
KXITFWMATCH-26AUG27RYSBOU-BOU,1787818582,,,,0.0,,,,,0.0,False
KXITFWMATCH-26AUG27LENSCH-LEN,1787818868,,,,0.0,,,,,0.0,False
KXITFWMATCH-26AUG27KMIZAV-KMI,1787819493,,,,0.0,,,,,0.0,False
KXITFWMATCH-26AUG27CEXORM-CEX,1787819751,,,,0.0,,,,,0.0,False
KXITFWMATCH-26AUG27STRHRD-HRD,1787820669,,,,0.0,,,,,0.0,False
KXITFWMATCH-26AUG27PERDES-DES,1787821277,,,,0.0,,,,,0.0,False
KXITFWMATCH-26AUG27TEIVIS-TEI,1787821549,,,,0.0,,,,,0.0,False
KXITFWMATCH-26AUG27LUCCRA-CRA,1787821853,,,,0.0,,,,,0.0,False
KXITFWMATCH-26AUG27ISHFER-FER,1787821854,,,,0.0,,,,,0.0,False
KXITFWMATCH-26AUG27STAGRA-GRA,1787822445,,,,0.0,,,,,0.0,False
KXITFWMATCH-26AUG27POPOGE-OGE,1787822749,,,,0.0,,,,,0.0,False
KXITFWMATCH-26AUG27ZOLGEE-GEE,1787823063,,,,0.0,,,,,0.0,False
KXITFWMATCH-26AUG27CVEDAN-CVE,1787824546,,,,0.0,,,,,0.0,False
KXITFWMATCH-26AUG27KUZGIA-GIA,1787826650,,,,0.0,,,,,0.0,False
KXITFWMATCH-26AUG27BROSTE-BRO,1787827046,,,,0.0,,,,,0.0,False
KXITFWMATCH-26AUG27SCHBEN-BEN,1787827047,,,,0.0,,,,,0.0,False
KXITFWMATCH-26AUG27KOVEBE-EBE,1787827047,,,,0.0,,,,,0.0,False
KXITFWMATCH-26AUG27DAEMON-DAE,1787829032,,,,0.0,,,,,0.0,False
KXITFWMATCH-26AUG27PALKUC-KUC,1787829033,,,,0.0,,,,,0.0,False
KXITFWMATCH-26AUG27MENALV-ALV,1787830642,,,,0.0,,,,,0.0,False
KXITFWMATCH-26AUG27JANMAR-JAN,1787831424,,,,0.0,,,,,0.0,False
KXITFWMATCH-26AUG27RADSTU-RAD,1787832931,,,,0.0,,,,,0.0,False
KXITFWMATCH-26AUG27BOHCAN-BOH,1787833243,,,,0.0,,,,,0.0,False
KXITFWMATCH-26AUG27KAJMIL-KAJ,1787833243,,,,0.0,,,,,0.0,False
KXITFWMATCH-26AUG27MIXBAR-BAR,1787833514,,,,0.0,,,,,0.0,False
KXITFWMATCH-26AUG27BRANAV-BRA,1787836857,,,,0.0,,,,,0.0,False
KXITFWMATCH-26AUG27VAGSAG-SAG,1787837131,,,,0.0,,,,,0.0,False
KXITFWMATCH-26AUG27SANGOM-GOM,1787838037,,,,0.0,,,,,0.0,False
KXITFWMATCH-26AUG27ZELDUP-DUP,1787840148,,,,0.0,,,,,0.0,False
KXITFWMATCH-26AUG27CCUANS-ANS,1787842791,,,,0.0,,,,,0.0,False
KXITFWMATCH-26AUG27DOULEM-DOU,1787843150,,,,0.0,,,,,0.0,False
KXITFWMATCH-26AUG27CAPBAR-BAR,1787861767,,,,0.0,,,,,0.0,False
KXITFWMATCH-26AUG28TKAKUJ-KUJ,1787888744,,,,0.0,,,,,0.0,False
KXITFWMATCH-26AUG27SHILUX-LUX,1787889051,,,,0.0,,,,,0.0,False
KXITFWMATCH-26AUG28DIAEZZ-DIA,1787892064,,,,0.0,,,,,0.0,False
KXITFWMATCH-26AUG28MCKBRU-BRU,1787892940,,,,0.0,,,,,0.0,False
KXITFWMATCH-26AUG28VAIBOS-BOS,1787893549,,,,0.0,,,,,0.0,False
KXITFWMATCH-26AUG28TODGOI-GOI,1787893848,,,,0.0,,,,,0.0,False
KXITFWMATCH-26AUG27PLIADK-ADK,1787893852,,,,0.0,,,,,0.0,False
KXITFWMATCH-26AUG28TSEKIK-KIK,1787895345,,,,0.0,,,,,0.0,False
KXITFWMATCH-26AUG28NOSROJ-NOS,1787895640,,,,0.0,,,,,0.0,False
KXITFWMATCH-26AUG28GRAOKU-GRA,1787895640,,,,0.0,,,,,0.0,False
KXITFWMATCH-26AUG28PALGAO-GAO,1787896885,,,,0.0,,,,,0.0,False
KXITFWMATCH-26AUG27NUGZHE-NUG,1787897131,,,,0.0,,,,,0.0,False
KXITFWMATCH-26AUG28MIRAMA-AMA,1787899237,,,,0.0,,,,,0.0,False
KXITFWMATCH-26AUG28CERDEF-CER,1787899520,,,,0.0,,,,,0.0,False
KXITFWMATCH-26AUG27HANLEE-HAN,1787899843,,,,0.0,,,,,0.0,False
KXITFWMATCH-26AUG28CVESTR-CVE,1787899843,,,,0.0,,,,,0.0,False
KXITFWMATCH-26AUG28RYSGUT-GUT,1787900446,,,,0.0,,,,,0.0,False
KXITFWMATCH-26AUG28STEMON-MON,1787901925,,,,0.0,,,,,0.0,False
KXITFWMATCH-26AUG28LUKSCH-LUK,1787902245,,,,0.0,,,,,0.0,False
KXITFWMATCH-26AUG28GARVIS-GAR,1787903121,,,,0.0,,,,,0.0,False
KXITFWMATCH-26AUG28PACDUP-DUP,1787903424,,,,0.0,,,,,0.0,False
KXITFWMATCH-26AUG28BOSDES-BOS,1787904034,,,,0.0,,,,,0.0,False
KXITFWMATCH-26AUG28LENSTU-LEN,1787906425,,,,0.0,,,,,0.0,False
KXITFWMATCH-26AUG28JANDEN-DEN,1787906426,,,,0.0,,,,,0.0,False
KXITFWMATCH-26AUG28KUZHUI-HUI,1787906427,,,,0.0,,,,,0.0,False
KXITFWMATCH-26AUG28TEILOV-LOV,1787907637,,,,0.0,,,,,0.0,False
KXITFWMATCH-26AUG28EBEHER-EBE,1787907913,,,,0.0,,,,,0.0,False
KXITFWMATCH-26AUG28MADZOL-MAD,1787907915,,,,0.0,,,,,0.0,False
KXITFWMATCH-26AUG28HODZAV-HOD,1787908508,,,,0.0,,,,,0.0,False
KXITFWMATCH-26AUG28POPCRA-CRA,1787908817,,,,0.0,,,,,0.0,False
KXITFWMATCH-26AUG28LAHBAR-BAR,1787909707,,,,0.0,,,,,0.0,False
KXITFWMATCH-26AUG28FERLUT-FER,1787912104,,,,0.0,,,,,0.0,False
KXITFWMATCH-26AUG28PEDGOL-GOL,1787913045,,,,0.0,,,,,0.0,False
KXITFWMATCH-26AUG28GEEMIK-GEE,1787913305,,,,0.0,,,,,0.0,False
KXITFWMATCH-26AUG28MILSTA-MIL,1787914992,,,,0.0,,,,,0.0,False
KXITFWMATCH-26AUG28CEXSTE-CEX,1787916614,,,,0.0,,,,,0.0,False
KXITFWMATCH-26AUG26NAGTEI-NAG,1787922385,,,,0.0,,,,,0.0,False
KXITFWMATCH-26AUG28BLOARA-ARA,1787922549,,,,0.0,,,,,0.0,False
KXITFWMATCH-26AUG28MIXALV-ALV,1787924706,,,,0.0,,,,,0.0,False
KXITFWMATCH-26AUG28VAGSIL-SIL,1787925007,,,,0.0,,,,,0.0,False
KXITFWMATCH-26AUG28SANANS-ANS,1787928911,,,,0.0,,,,,0.0,False
KXITFWMATCH-26AUG28BRACAN-BRA,1787932218,,,,0.0,,,,,0.0,False
KXITFWMATCH-26AUG28BARLEM-BAR,1787940306,,,,0.0,,,,,0.0,False
KXITFWMATCH-26AUG28SHIADK-ADK,1787962818,,,,0.0,,,,,0.0,False
KXITFWMATCH-26AUG28HANNUG-HAN,1787963726,,,,0.0,,,,,0.0,False
KXITFWMATCH-26AUG29DIABRU-BRU,1787980220,,,,0.0,,,,,0.0,False
KXITFWMATCH-26AUG29VAGROJ-ROJ,1787981099,,,,0.0,,,,,0.0,False
KXITFWMATCH-26AUG29VAITKA-TKA,1787982355,,,,0.0,,,,,0.0,False
KXITFWMATCH-26AUG29TODLAH-LAH,1787982909,,,,0.0,,,,,0.0,False
KXITFWMATCH-26AUG29LENCVE-CVE,1787983497,,,,0.0,,,,,0.0,False
KXITFWMATCH-26AUG29KUZLUT-KUZ,1787983806,,,,0.0,,,,,0.0,False
KXITFWMATCH-26AUG29DESGOL-DES,1787984098,,,,0.0,,,,,0.0,False
KXITFWMATCH-26AUG29HODPAL-HOD,1787986817,,,,0.0,,,,,0.0,False
KXITFWMATCH-26AUG29EBESCH-EBE,1787989497,,,,0.0,,,,,0.0,False
KXITFWMATCH-26AUG29DENSTA-DEN,1787990103,,,,0.0,,,,,0.0,False
KXITFWMATCH-26AUG29CRAAMA-AMA,1787990419,,,,0.0,,,,,0.0,False
KXITFWMATCH-26AUG29ZOLMIK-MIK,1787991615,,,,0.0,,,,,0.0,False
KXITFWMATCH-26AUG29CERGAR-CER,1787991903,,,,0.0,,,,,0.0,False
KXITFWMATCH-26AUG29CEXLOV-CEX,1787992225,,,,0.0,,,,,0.0,False
KXITFWMATCH-26AUG29RYSOKU-OKU,1787994309,,,,0.0,,,,,0.0,False
KXITFWMATCH-26AUG29PACSTE-PAC,1787996108,,,,0.0,,,,,0.0,False
KXITFWMATCH-26AUG29KIKBLO-BLO,1788006625,,,,0.0,,,,,0.0,False
KXITFWMATCH-26AUG29MIXSAN-MIX,1788008435,,,,0.0,,,,,0.0,False
KXITFWMATCH-26AUG29LEMBRA-BRA,1788015649,,,,0.0,,,,,0.0,False
KXITFWMATCH-26AUG29LEESHI-LEE,1788049264,,,,0.0,,,,,0.0,False
KXITFWMATCH-26AUG29KOBYAN-KOB,1788049553,,,,0.0,,,,,0.0,False
KXITFWMATCH-26AUG29SHIHAN-HAN,1788051667,,,,0.0,,,,,0.0,False
KXITFWMATCH-26AUG29YEXCHA-CHA,1788051674,,,,0.0,,,,,0.0,False
KXITFWMATCH-26AUG29LUXSEM-LUX,1788053457,,,,0.0,,,,,0.0,False
KXITFWMATCH-26AUG29HOSMAT-HOS,1788053756,,,,0.0,,,,,0.0,False
KXITFWMATCH-26AUG29KOZKAW-KAW,1788055859,,,,0.0,,,,,0.0,False
KXITFWMATCH-26AUG29KURARY-ARY,1788058243,,,,0.0,,,,,0.0,False
KXITFWMATCH-26AUG29WANSID-SID,1788059739,,,,0.0,,,,,0.0,False
KXITFWMATCH-26AUG30HUAWEI-HUA,1788060059,,,,0.0,,,,,0.0,False
KXITFWMATCH-26AUG30ADKZHE-ADK,1788061256,,,,0.0,,,,,0.0,False
KXITFWMATCH-26AUG30NISCHE-CHE,1788065443,,,,0.0,,,,,0.0,False
KXITFWMATCH-26AUG30NUGZHA-NUG,1788066053,,,,0.0,,,,,0.0,False
KXITFWMATCH-26AUG30ROJKIK-KIK,1788066336,,,,0.0,,,,,0.0,False
KXITFWMATCH-26AUG30STADES-DES,1788066631,,,,0.0,,,,,0.0,False
KXITFWMATCH-26AUG30DVOMOU-DVO,1788067247,,,,0.0,,,,,0.0,False
KXITFWMATCH-26AUG30SASKAR-KAR,1788068129,,,,0.0,,,,,0.0,False
KXITFWMATCH-26AUG30AMALAH-AMA,1788071456,,,,0.0,,,,,0.0,False
KXITFWMATCH-26AUG30KARALL-ALL,1788071457,,,,0.0,,,,,0.0,False
KXITFWMATCH-26AUG30DELTAL-DEL,1788071458,,,,0.0,,,,,0.0,False
KXITFWMATCH-26AUG30FONLEO-FON,1788071465,,,,0.0,,,,,0.0,False
KXITFWMATCH-26AUG30LUTCER-CER,1788071740,,,,0.0,,,,,0.0,False
KXITFWMATCH-26AUG30OKUCVE-CVE,1788071741,,,,0.0,,,,,0.0,False
KXITFWMATCH-26AUG30SAVBOU-BOU,1788071742,,,,0.0,,,,,0.0,False
KXITFWMATCH-26AUG30SUNSAT-SAT,1788072047,,,,0.0,,,,,0.0,False
KXITFWMATCH-26AUG30ISHRAD-ISH,1788072347,,,,0.0,,,,,0.0,False
KXITFWMATCH-26AUG30WANKIT-KIT,1788073829,,,,0.0,,,,,0.0,False
KXITFWMATCH-26AUG30COLROU-COL,1788074737,,,,0.0,,,,,0.0,False
KXITFWMATCH-26AUG30BUSLAR-BUS,1788075927,,,,0.0,,,,,0.0,False
KXITFWMATCH-26AUG30SAVSHI-SAV,1788075932,,,,0.0,,,,,0.0,False
KXITFWMATCH-26AUG30PALZOL-PAL,1788077128,,,,0.0,,,,,0.0,False
KXITFWMATCH-26AUG30IVALOS-IVA,1788077435,,,,0.0,,,,,0.0,False
KXITFWMATCH-26AUG30WALMUN-MUN,1788077730,,,,0.0,,,,,0.0,False
KXITFWMATCH-26AUG30DJOIAN-DJO,1788078337,,,,0.0,,,,,0.0,False
KXITFWMATCH-26AUG30HAYBOU-BOU,1788078935,,,,0.0,,,,,0.0,False
KXITFWMATCH-26AUG30LANMAT-LAN,1788080726,,,,0.0,,,,,0.0,False
KXITFWMATCH-26AUG30PACSCH-PAC,1788080727,,,,0.0,,,,,0.0,False
KXITFWMATCH-26AUG30LITPAT-LIT,1788082525,,,,0.0,,,,,0.0,False
KXITFWMATCH-26AUG30BERBIO-BER,1788082835,,,,0.0,,,,,0.0,False
KXITFWMATCH-26AUG30SANLEW-LEW,1788083725,,,,0.0,,,,,0.0,False
KXITFWMATCH-26AUG30CHASOB-CHA,1788084100,,,,0.0,,,,,0.0,False
KXITFWMATCH-26AUG30MARMAR2-MAR,1788084100,,,,0.0,,,,,0.0,False
KXITFWMATCH-26AUG30SELDEB-DEB,1788084926,,,,0.0,,,,,0.0,False
KXITFWMATCH-26AUG30SOLCHA-CHA,1788087924,,,,0.0,,,,,0.0,False
KXITFWMATCH-26AUG30RAJTOM-RAJ,1788088223,,,,0.0,,,,,0.0,False
KXITFWMATCH-26AUG30VAIBRU-BRU,1788089451,,,,0.0,,,,,0.0,False
KXITFWMATCH-26AUG30STEORL-ORL,1788089451,,,,0.0,,,,,0.0,False
KXITFWMATCH-26AUG30BARKAR-BAR,1788089713,,,,0.0,,,,,0.0,False
KXITFWMATCH-26AUG30PERDAS-DAS,1788089713,,,,0.0,,,,,0.0,False
KXITFWMATCH-26AUG30GRABAS-BAS,1788091246,,,,0.0,,,,,0.0,False
KXITFWMATCH-26AUG30RENTRA-REN,1788092433,,,,0.0,,,,,0.0,False
KXITFWMATCH-26AUG30BRAMIX-BRA,1788094236,,,,0.0,,,,,0.0,False
KXITFWMATCH-26AUG30LACBON-BON,1788094845,,,,0.0,,,,,0.0,False
KXITFWMATCH-26AUG30VILLEE-LEE,1788094847,,,,0.0,,,,,0.0,False
KXITFWMATCH-26AUG30YASFRA-FRA,1788095720,,,,0.0,,,,,0.0,False
KXITFWMATCH-26AUG30CIRBRI-BRI,1788095721,,,,0.0,,,,,0.0,False
KXITFWMATCH-26AUG30JOHDEF-DEF,1788098186,,,,0.0,,,,,0.0,False
KXITFWMATCH-26AUG30TSACHA-CHA,1788099337,,,,0.0,,,,,0.0,False
KXITFWMATCH-26AUG30VISNOZ-NOZ,1788100255,,,,0.0,,,,,0.0,False
KXITFWMATCH-26AUG30DAPBUR-BUR,1788102932,,,,0.0,,,,,0.0,False
KXITFWMATCH-26AUG30KURKOZ-KOZ,1788133272,,,,0.0,,,,,0.0,False
KXITFWMATCH-26AUG30ADKHUA-ADK,1788133558,,,,0.0,,,,,0.0,False
KXITFWMATCH-26AUG30MATYEX-MAT,1788136552,,,,0.0,,,,,0.0,False
KXITFWMATCH-26AUG30LEESID-LEE,1788137476,,,,0.0,,,,,0.0,False
KXITFWMATCH-26AUG31NUGSAV-NUG,1788143751,,,,0.0,,,,,0.0,False
KXITFWMATCH-26AUG30LUXYUA-LUX,1788144050,,,,0.0,,,,,0.0,False
KXITFWMATCH-26AUG30KOBCHE-CHE,1788144408,,,,0.0,,,,,0.0,False
KXITFWMATCH-26AUG30WANSAT-SAT,1788144939,,,,0.0,,,,,0.0,False
KXITFWMATCH-26AUG31LORQUE-LOR,1788155154,,,,0.0,,,,,0.0,False
KXITFWMATCH-26AUG31GIAANT-ANT,1788156096,,,,0.0,,,,,0.0,False
KXITFWMATCH-26AUG31LACMAN-LAC,1788156097,,,,0.0,,,,,0.0,False
KXITFWMATCH-26AUG31LUEDVO-DVO,1788156374,,,,0.0,,,,,0.0,False
KXITFWMATCH-26AUG31MARSAS-MAR,1788156668,,,,0.0,,,,,0.0,False
KXITFWMATCH-26AUG31VANDJO-DJO,1788158773,,,,0.0,,,,,0.0,False
KXITFWMATCH-26AUG31LOLBOU-BOU,1788159096,,,,0.0,,,,,0.0,False
KXITFWMATCH-26AUG31DUDORL-DUD,1788160278,,,,0.0,,,,,0.0,False
KXITFWMATCH-26AUG31MOCMOL-MOC,1788160576,,,,0.0,,,,,0.0,False
KXITFWMATCH-26AUG31VALGAL-GAL,1788161186,,,,0.0,,,,,0.0,False
KXITFWMATCH-26AUG31FONLEW-FON,1788161780,,,,0.0,,,,,0.0,False
KXITFWMATCH-26AUG31KRABUS-BUS,1788162377,,,,0.0,,,,,0.0,False
KXITFWMATCH-26AUG31TOMMUN-MUN,1788162378,,,,0.0,,,,,0.0,False
KXITFWMATCH-26AUG31FIOLAN-FIO,1788163572,,,,0.0,,,,,0.0,False
KXITFWMATCH-26AUG31DELCHA-CHA,1788164774,,,,0.0,,,,,0.0,False
KXITFWMATCH-26AUG31KARRAD-KAR,1788165077,,,,0.0,,,,,0.0,False
KXITFWMATCH-26AUG31EBETRA-EBE,1788166562,0.88,0.9,0.89,12.0,1788163200.0,0.39,0.9,0.89,12.0,True
KXITFWMATCH-26AUG31STRBAS-BAS,1788167164,0.07,0.09,0.09,37.88,1788166800.0,0.09,0.87,,0.0,True
KXITFWMATCH-26AUG31MARKAR-KAR,1788167165,0.24,0.29,,0.0,1788166800.0,0.21,0.28,,0.0,True
KXITFWMATCH-26AUG31IVADAS-DAS,1788168677,0.25,0.29,0.27,151.0,1788166800.0,0.21,0.27,0.29,1.0,True
KXITFWMATCH-26AUG31COLDEB-COL,1788168962,0.49,0.69,,0.0,1788166800.0,0.07,0.68,,0.0,True
KXITFWMATCH-26AUG31KULSVE-KUL,1788169263,0.67,0.73,0.7,3.0,1788166800.0,0.09,0.92,,0.0,True
KXITFWMATCH-26AUG31ORTGAS-GAS,1788169568,0.42,0.48,0.47,78.0,1788166800.0,0.11,0.49,,0.0,True
KXITFWMATCH-26AUG31LITCHA-CHA,1788169868,0.82,0.88,0.87,198.12,1788166800.0,0.8,0.89,0.9,197.12,True
KXITFWMATCH-26AUG31YASLAC-LAC,1788170767,0.57,0.61,,0.0,1788170400.0,0.57,0.61,,0.0,True
KXITFWMATCH-26AUG31MASGAR-GAR,1788172620,,,,0.0,,,,,0.0,True
KXITFWMATCH-26AUG31REASTO-REA,1788172621,,,,0.0,,,,,0.0,True
KXITFWMATCH-26AUG31MAQMAT-MAQ,1788172856,0.76,0.77,,0.0,1788170400.0,0.76,0.79,,0.0,True
KXITFWMATCH-26AUG31JOHCHA-CHA,1788173463,0.21,0.27,,0.0,1788170400.0,0.23,0.29,,0.0,True
KXITFWMATCH-26AUG31RADGOL-GOL,1788174654,0.05,0.92,,0.0,1788174000.0,,,,0.0,True
KXITFWMATCH-26AUG31PETIVA-IVA,1788175261,0.05,0.92,,0.0,1788174000.0,,,,0.0,True
KXITFWMATCH-26AUG31GENMAI-GEN,1788176465,0.49,0.53,,0.0,1788174000.0,0.37,0.53,,0.0,True
KXITFWMATCH-26AUG31OBRKOS-KOS,1788176759,0.05,0.92,,0.0,1788174000.0,,,,0.0,True
KXITFWMATCH-26AUG31AIKLEE-AIK,1788178879,0.44,0.45,,0.0,1788177600.0,0.43,0.45,,0.0,True
KXITFWMATCH-26AUG31VISBUR-BUR,1788179228,0.76,0.81,0.8,5.0,1788177600.0,0.76,0.8,,0.0,True
KXITFWMATCH-26AUG31VELYUN-VEL,1788181594,0.05,0.92,,0.0,1788181200.0,,,,0.0,True
KXITFWMATCH-26AUG31PETSCH-PET,1788182031,0.05,0.92,,0.0,1788174000.0,0.05,0.92,,0.0,True
KXITFWMATCH-26AUG31KARXIA-KAR,1788183152,,,,0.0,,,,,0.0,True
KXITFWMATCH-26AUG31AHNJEO-AHN,1788216840,0.21,0.24,,0.0,1788213600.0,0.19,0.22,,0.0,True
KXITFWMATCH-26AUG31CHOSHI-CHO,1788216841,0.85,0.86,0.86,22.0,1788213600.0,0.85,0.86,0.86,22.0,True
KXITFWMATCH-26AUG31YAMBAC-BAC,1788218618,0.63,0.65,,0.0,1788217200.0,0.62,0.67,,0.0,True
KXITFWMATCH-26AUG31OHXJAN-JAN,1788219215,0.56,0.58,,0.0,1788217200.0,0.55,0.58,,0.0,True
KXITFWMATCH-26AUG31WANBAI-BAI,1788221300,0.79,0.82,0.82,30.0,1788220800.0,0.79,0.82,0.82,30.0,True
KXITFWMATCH-26AUG31NAIAST-AST,1788222531,0.61,0.64,0.64,0.13,1788220800.0,0.61,0.64,,0.0,True
KXITFWMATCH-26AUG31KULYAO-KUL,1788223421,0.47,0.51,0.51,191.17,1788220800.0,0.49,0.51,0.48,2.0,True
KXITFWMATCH-26AUG31OHX2JAN2-JAN2,1788223687,0.33,0.37,,0.0,1788220800.0,0.33,0.36,,0.0,True
KXITFWMATCH-26AUG31KURINO-INO,1788223990,0.52,0.55,,0.0,1788220800.0,0.52,0.55,,0.0,True
KXITFWMATCH-26AUG31LINKAW-KAW,1788224303,0.31,0.34,0.34,0.5,1788220800.0,0.33,0.36,,0.0,True
KXITFWMATCH-26AUG31LEEOHW-LEE,1788225186,0.77,0.81,0.81,6.1899999999999995,1788224400.0,0.78,0.81,0.8,5.0,True
KXITFWMATCH-26SEP01LEEMUS-LEE,1788226099,0.47,0.48,,0.0,1788224400.0,0.47,0.48,,0.0,True
KXITFWMATCH-26AUG31HUAMAX-HUA,1788228823,0.38,0.4,0.41,38.78,1788228000.0,0.37,0.41,0.41,38.78,True
KXITFWMATCH-26AUG31OKASID-OKA,1788229068,0.35,0.36,0.36,53.269999999999996,1788228000.0,0.35,0.36,0.36,53.269999999999996,True
KXITFWMATCH-26AUG31MOOPAR-MOO,1788232386,0.27,0.32,0.35,0.45,1788231600.0,0.32,0.33,0.35,0.45,True
KXITFWMATCH-26AUG31SATCHO-CHO,1788232694,0.18,0.19,0.17,247.59,1788231600.0,0.16,0.17,0.17,192.0,True
KXITFWMATCH-26AUG31WANYAN-WAN,1788233889,0.44,0.46,0.46,739.22,1788231600.0,0.45,0.46,0.44,708.0,True
KXITFWMATCH-26SEP01KIMUEM-KIM,1788234781,0.49,0.53,,0.0,1788231600.0,0.5,0.52,,0.0,True
KXITFWMATCH-26SEP01YODIMX-IMX,1788236281,0.12,0.13,0.13,276.24,1788235200.0,0.12,0.14,0.13,11.61,True
KXITFWMATCH-26SEP01BELZAR-BEL,1788237468,0.79,0.84,0.83,33.0,1788235200.0,0.81,0.85,,0.0,True
KXITFWMATCH-26SEP01TORTRU-TOR,1788237469,0.92,0.94,0.94,46.83,1788235200.0,0.62,0.94,0.92,26.0,True
KXITFWMATCH-26SEP01LUNPAS-LUN,1788237804,0.52,0.6,,0.0,1788235200.0,0.51,0.58,,0.0,True
KXITFWMATCH-26SEP01SAWLEE-LEE,1788238348,0.09,0.11,0.11,1527.8600000000001,1788235200.0,0.11,0.12,0.09,468.88,True
KXITFWMATCH-26SEP01SANBIG-BIG,1788238350,0.06,0.1,0.1,189.4,1788235200.0,0.06,0.1,,0.0,True
KXITFWMATCH-26SEP01TRATRU-TRA,1788238351,0.26,0.32,,0.0,1788235200.0,0.27,0.31,,0.0,True
KXITFWMATCH-26SEP01VARPRE-PRE,1788238647,0.17,0.22,,0.0,1788235200.0,0.15,0.21,,0.0,True
KXITFWMATCH-26SEP01TSALEE-LEE,1788238991,0.05,0.06,0.06,2826.5299999999997,1788238800.0,0.05,0.06,0.06,2159.0,True
KXITFWMATCH-26SEP01YERRUC-RUC,1788238994,0.09,0.82,,0.0,1788238800.0,0.09,0.91,,0.0,True
KXITFWMATCH-26SEP01MICCIN-CIN,1788239283,0.06,0.92,,0.0,1788238800.0,0.07,0.91,,0.0,True
KXITFWMATCH-26SEP01XUXMAR-MAR,1788239855,0.07,0.92,,0.0,1788231600.0,0.07,0.92,,0.0,True
KXITFWMATCH-26SEP01CHECAM-CAM,1788240444,0.11,0.2,,0.0,1788238800.0,0.09,0.19,,0.0,True
KXITFWMATCH-26SEP01LONGRE-GRE,1788240445,0.17,0.21,,0.0,1788238800.0,0.18,0.21,,0.0,True
KXITFWMATCH-26SEP01EBSFAV-EBS,1788240786,0.3,0.32,0.35,2.0,1788238800.0,0.31,0.34,0.35,2.0,True
KXITFWMATCH-26SEP01KOLMIL-KOL,1788240788,0.06,0.09,,0.0,1788238800.0,0.06,0.11,,0.0,True
KXITFWMATCH-26SEP01HANSAD-HAN,1788241346,0.42,0.65,,0.0,1788238800.0,0.59,0.64,,0.0,True
KXITFWMATCH-26SEP01CHUAFF-AFF,1788241348,0.27,0.42,,0.0,1788238800.0,0.39,0.76,,0.0,True
KXITFWMATCH-26SEP01COZMUL-COZ,1788241348,0.28,0.82,,0.0,1788238800.0,0.4,0.91,,0.0,True
KXITFWMATCH-26SEP01GIATOM-GIA,1788241349,0.3,0.33,,0.0,1788238800.0,0.3,0.34,,0.0,True
KXITFWMATCH-26SEP01SATCHO-CHO,1788241669,0.19,0.21,0.2,269.18,1788238800.0,0.19,0.2,0.2,238.28,True
KXITFWMATCH-26SEP01BEDCOM-BED,1788241670,0.62,0.9,,0.0,1788238800.0,0.79,0.89,,0.0,True
KXITFWMATCH-26SEP01KHOBRE-BRE,1788241938,0.26,0.62,,0.0,1788238800.0,0.32,0.74,,0.0,True
KXITFWMATCH-26SEP01ABOWAG-ABO,1788242265,0.08,0.92,,0.0,1788238800.0,0.09,0.91,,0.0,True
KXITFWMATCH-26SEP01CABMON-CAB,1788242266,0.34,0.92,,0.0,1788238800.0,0.4,0.89,,0.0,True
KXITFWMATCH-26SEP01MITLOP-LOP,1788242268,0.08,0.95,0.92,38.0,1788238800.0,0.09,0.92,,0.0,True
KXITFWMATCH-26SEP01AVARAC-AVA,1788242593,0.54,0.7,0.59,60.97,1788242400.0,0.62,0.71,,0.0,True
KXITFWMATCH-26SEP01DRORUS-DRO,1788242595,0.06,0.92,,0.0,1788242400.0,0.07,0.92,,0.0,True
KXITFWMATCH-26SEP01JANMIL-JAN,1788243451,0.3,0.77,,0.0,1788242400.0,0.29,0.8,,0.0,True
KXITFWMATCH-26SEP01SCHSEM-SCH,1788243748,0.08,0.91,,0.0,1788242400.0,0.09,0.91,,0.0,True
KXITFWMATCH-26SEP01ELKATT-ATT,1788244040,0.06,0.92,,0.0,1788231600.0,0.06,0.92,,0.0,True
KXITFWMATCH-26SEP01KRUKOC-KOC,1788244352,0.3,0.68,,0.0,1788242400.0,0.42,0.56,,0.0,True
KXITFWMATCH-26SEP01KUCKOL-KOL,1788244353,0.07,0.46,,0.0,1788242400.0,0.07,0.47,,0.0,True
KXITFWMATCH-26SEP01BELSTA-BEL,1788244354,0.08,0.91,,0.0,1788242400.0,0.09,0.91,,0.0,True
KXITFWMATCH-26SEP01LUESZO-LUE,1788244354,0.39,0.43,,0.0,1788242400.0,0.39,0.43,,0.0,True
KXITFWMATCH-26SEP01VLASHE-SHE,1788244954,0.08,0.92,,0.0,1788242400.0,0.06,0.92,,0.0,True
KXITFWMATCH-26SEP01WILCHY-CHY,1788244955,0.08,0.91,,0.0,1788242400.0,0.09,0.91,,0.0,True
KXITFWMATCH-26SEP01BROSCU-BRO,1788245259,0.55,0.6,,0.0,1788242400.0,0.55,0.6,,0.0,True
KXITFWMATCH-26SEP01SAFDAD-DAD,1788245261,0.65,0.8,0.92,1.08,1788242400.0,0.72,0.82,0.92,1.08,True
KXITFWMATCH-26SEP01RUAMON-MON,1788245278,0.13,0.7,,0.0,1788242400.0,0.15,0.6,,0.0,True
KXITFWMATCH-26SEP01NOSALE-ALE,1788246150,0.33,0.38,0.61,9.67,1788246000.0,0.26,0.39,0.61,9.67,True
KXITFWMATCH-26SEP01FENPET-FEN,1788246152,0.07,0.92,,0.0,1788242400.0,0.07,0.92,,0.0,True
KXITFWMATCH-26SEP01LORSAS-LOR,1788246442,0.2,0.24,,0.0,1788246000.0,0.2,0.24,,0.0,True
KXITFWMATCH-26SEP01PARBUT-BUT,1788246731,0.2,0.35,,0.0,1788246000.0,0.2,0.32,,0.0,True
KXITFWMATCH-26SEP01METCHA-CHA,1788247065,0.14,0.18,,0.0,1788246000.0,0.14,0.18,,0.0,True
KXITFWMATCH-26SEP01STAGAS-GAS,1788247330,0.35,0.42,,0.0,1788246000.0,0.37,0.42,,0.0,True
KXITFWMATCH-26SEP01CHEMAR-CHE,1788247332,0.5,0.53,,0.0,1788246000.0,0.51,0.53,,0.0,True
KXITFWMATCH-26SEP01MAIVOR-MAI,1788247333,0.12,0.13,0.13,29.72,1788246000.0,0.12,0.16,0.13,29.72,True
KXITFWMATCH-26SEP01MAIGIO-GIO,1788247333,0.12,0.16,,0.0,1788246000.0,0.11,0.17,,0.0,True
KXITFWMATCH-26SEP01PAUPRO-PAU,1788247628,0.46,0.54,,0.0,1788246000.0,0.42,0.54,,0.0,True
KXITFWMATCH-26SEP01MONVIL-MON,1788247629,0.61,0.92,,0.0,1788246000.0,0.61,0.92,,0.0,True
KXITFWMATCH-26SEP01KIMKIM2-KIM,1788247938,0.88,0.91,0.9,41.23,1788246000.0,0.88,0.93,0.92,0.23,True
KXITFWMATCH-26SEP01BIRMAT-BIR,1788247940,0.1,0.45,0.29,70.0,1788246000.0,0.08,0.3,,0.0,True
KXITFWMATCH-26SEP01ZANMON-MON,1788248245,0.34,0.38,0.39,1.0,1788246000.0,0.34,0.38,0.39,1.0,True
KXITFWMATCH-26SEP01STAMAR-MAR,1788248554,0.07,0.92,,0.0,1788246000.0,0.07,0.92,,0.0,True
KXITFWMATCH-26SEP01TAHIAK-IAK,1788248829,0.65,0.88,,0.0,1788246000.0,0.72,0.9,,0.0,True
KXITFWMATCH-26SEP01HAVBOU-BOU,1788249123,0.21,0.59,,0.0,1788246000.0,0.07,0.91,,0.0,True
KXITFWMATCH-26SEP01SAUSAF-SAF,1788249424,0.07,0.92,,0.0,1788242400.0,0.07,0.92,,0.0,True
KXITFWMATCH-26SEP01MARBUC-BUC,1788249755,0.82,0.83,,0.0,1788249600.0,0.82,0.83,,0.0,True
KXITFWMATCH-26AUG31CIRBOU-BOU,1788250023,0.31,0.33,0.34,242171.74000000002,1788249600.0,0.28,0.3,0.3,238618.91000000003,True
KXITFWMATCH-26SEP01MUNKIN-KIN,1788250027,0.75,0.78,,0.0,1788249600.0,0.19,0.85,,0.0,True
KXITFWMATCH-26SEP01HIENGU-HIE,1788250341,0.5,0.53,0.58,2.0,1788249600.0,0.5,0.54,0.58,2.0,True
KXITFWMATCH-26SEP01FONKAR-FON,1788250631,0.49,0.52,,0.0,1788249600.0,0.47,0.51,,0.0,True
KXITFWMATCH-26SEP01SONKAL-KAL,1788250920,0.8,0.83,0.81,51.2,1788246000.0,0.8,0.82,0.83,29.2,True
KXITFWMATCH-26SEP01CHECAB-CAB,1788250920,0.12,0.25,0.25,147.0,1788249600.0,0.13,0.25,0.25,147.0,True
KXITFWMATCH-26SEP01SHAYAK-SHA,1788251221,0.07,0.92,,0.0,1788246000.0,0.07,0.92,,0.0,True
KXITFWMATCH-26AUG31BERBIO-BER,1788251521,0.51,0.58,0.58,121945.31999999999,1788249600.0,0.59,0.6,0.6,121125.98,True
KXITFWMATCH-26SEP01WROPIA-PIA,1788251809,0.06,0.92,,0.0,1788231600.0,0.06,0.92,,0.0,True
KXITFWMATCH-26SEP01VOJRIC-RIC,1788251809,0.07,0.92,,0.0,1788242400.0,0.07,0.92,,0.0,True
KXITFWMATCH-26SEP01GOIKAL-GOI,1788251820,0.68,0.83,,0.0,1788249600.0,0.72,0.8,,0.0,True
KXITFWMATCH-26SEP01ALVBIL-ALV,1788252424,0.54,0.57,0.56,94.66,1788249600.0,0.55,0.59,0.56,94.66,True
KXITFWMATCH-26SEP01BOYIAN-BOY,1788252425,0.52,0.53,,0.0,1788249600.0,0.52,0.53,,0.0,True
KXITFWMATCH-26SEP01KARREA-KAR,1788252428,0.69,0.73,,0.0,1788249600.0,0.66,0.72,,0.0,True
KXITFWMATCH-26SEP01SAKOZX-OZX,1788252429,0.72,0.75,,0.0,1788249600.0,0.7,0.75,,0.0,True
KXITFWMATCH-26SEP01SAHNEW-NEW,1788252726,0.44,0.54,,0.0,1788246000.0,0.33,0.54,,0.0,True
KXITFWMATCH-26SEP01JANIDA-IDA,1788252726,0.06,0.92,,0.0,1788231600.0,0.06,0.92,,0.0,True
KXITFWMATCH-26SEP01CIOCRI-CIO,1788253326,0.27,0.7,0.68,1.0,1788253200.0,0.64,0.67,0.68,1.0,True
KXITFWMATCH-26SEP01KLYLEV-KLY,1788253619,0.06,0.39,,0.0,1788253200.0,0.06,0.38,,0.0,True
KXITFWMATCH-26SEP01FOJTEI-FOJ,1788253950,0.06,0.92,,0.0,1788246000.0,0.06,0.92,,0.0,True
KXITFWMATCH-26SEP01COLSOR-COL,1788254535,0.06,0.09,0.14,53.42,1788253200.0,0.07,0.12,0.14,53.42,True
KXITFWMATCH-26SEP01STRNES-NES,1788254538,0.06,0.92,,0.0,1788253200.0,0.09,0.91,,0.0,True
KXITFWMATCH-26SEP01CIRGIR-CIR,1788254831,0.42,0.47,0.47,287.08,1788253200.0,0.41,0.45,0.47,287.08,True
KXITFWMATCH-26SEP01MIHAUE-AUE,1788255169,0.33,0.38,0.38,41.0,1788253200.0,0.33,0.38,0.38,41.0,True
KXITFWMATCH-26SEP01GENORM-GEN,1788255721,0.62,0.64,,0.0,1788253200.0,0.62,0.65,,0.0,True
KXITFWMATCH-26SEP01PRIMAR-MAR,1788256598,0.04,0.05,0.05,104.52000000000001,1788253200.0,0.04,0.05,0.04,33.24,True
KXITFWMATCH-26SEP01PAUARG-ARG,1788256910,0.72,0.77,,0.0,1788256800.0,0.73,0.77,,0.0,True
KXITFWMATCH-26SEP01ORLFOR-FOR,1788257190,0.89,0.91,0.9,367.81,1788256800.0,0.9,0.91,0.9,367.81,True
KXITFWMATCH-26SEP01GARPOZ-GAR,1788257201,0.75,0.77,0.8,5.0,1788256800.0,0.75,0.77,0.8,5.0,True
KXITFWMATCH-26SEP01VANBOS-BOS,1788257510,,,,0.0,,,,,0.0,True
KXITFWMATCH-26SEP01MRADAN-DAN,1788257793,0.41,0.45,0.38,2.0,1788256800.0,0.4,0.44,0.38,2.0,True
KXITFWMATCH-26SEP01EHACRI-CRI,1788258143,0.06,0.92,,0.0,1788249600.0,0.06,0.92,,0.0,True
KXITFWMATCH-26SEP01RONPAJ-PAJ,1788258143,0.06,0.92,,0.0,1788256800.0,0.08,0.91,,0.0,True
KXITFWMATCH-26SEP01SARMPE-MPE,1788258152,0.69,0.73,,0.0,1788256800.0,0.68,0.74,,0.0,True
KXITFWMATCH-26SEP01SIKFRA-FRA,1788258397,0.06,0.92,,0.0,1788256800.0,0.09,0.91,,0.0,True
KXITFWMATCH-26SEP01VEGMAD-MAD,1788258716,0.06,0.92,,0.0,1788253200.0,0.07,0.92,,0.0,True
KXITFWMATCH-26SEP01COPKLE-COP,1788258980,0.83,0.87,,0.0,1788256800.0,0.82,0.89,,0.0,True
KXITFWMATCH-26SEP01VANDIA-DIA,1788258980,0.25,0.27,0.3,83.0,1788256800.0,0.25,0.27,0.3,83.0,True
KXITFWMATCH-26SEP01APPGNI-APP,1788259594,0.88,0.93,0.79,2.0700000000000003,1788256800.0,0.88,0.92,0.92,1.07,True
KXITFWMATCH-26SEP01STRPAB-PAB,1788259595,0.06,0.92,,0.0,1788253200.0,0.07,0.92,,0.0,True
KXITFWMATCH-26SEP01GRUSAM-GRU,1788259596,0.87,0.88,0.87,105.0,1788256800.0,0.87,0.89,0.87,105.0,True
KXITFWMATCH-26SEP01ARSGAS-ARS,1788259598,0.24,0.27,,0.0,1788256800.0,0.24,0.28,,0.0,True
KXITFWMATCH-26SEP01CORGAB-COR,1788259897,0.06,0.92,,0.0,1788249600.0,0.06,0.92,,0.0,True
KXITFWMATCH-26SEP01DELCAR-CAR,1788260186,0.82,0.83,0.81,786.76,1788256800.0,0.79,0.81,0.79,336.76,True
KXITFWMATCH-26SEP01NAHWIL-NAH,1788260189,0.06,0.92,,0.0,1788253200.0,0.07,0.92,,0.0,True
KXITFWMATCH-26SEP01BURPRE-BUR,1788260766,0.2,0.8,,0.0,1788260400.0,0.2,0.81,,0.0,True
KXITFWMATCH-26SEP01VALSEV-SEV,1788261972,0.53,0.59,0.59,84.18,1788260400.0,0.58,0.59,0.59,14.18,True
KXITFWMATCH-26SEP01LAZSCH-LAZ,1788262170,,,,0.0,,,,,0.0,True
KXITFWMATCH-26SEP01DIAINS-DIA,1788262573,0.06,0.92,,0.0,1788249600.0,0.06,0.92,,0.0,True
KXITFWMATCH-26SEP01MELTRA-MEL,1788263179,0.06,0.92,,0.0,1788249600.0,0.06,0.92,,0.0,True
KXITFWMATCH-26SEP01STRNAR-NAR,1788264265,0.34,0.73,,0.0,1788264000.0,0.59,0.62,,0.0,True
KXITFWMATCH-26SEP01KRALIT-KRA,1788264265,0.78,0.81,,0.0,1788264000.0,0.78,0.81,,0.0,True
KXITFWMATCH-26SEP01KRUABE-ABE,1788264273,0.06,0.92,,0.0,1788264000.0,,,,0.0,True
KXITFWMATCH-26SEP01VASSAN-SAN,1788264693,0.25,0.82,,0.0,1788264000.0,0.2,0.82,,0.0,True
KXITFWMATCH-26SEP01MARDOL-DOL,1788264694,0.09,0.85,,0.0,1788264000.0,0.06,0.92,,0.0,True
KXITFWMATCH-26SEP01MORROS-MOR,1788264694,0.07,0.9,,0.0,1788264000.0,0.06,0.92,,0.0,True
KXITFWMATCH-26SEP01GABETO-ETO,1788264998,0.06,0.24,0.07,1.0,1788264000.0,0.06,0.22,0.07,1.0,True
KXITFWMATCH-26SEP01HEUGOR-GOR,1788265314,0.41,0.46,0.44,2.0,1788264000.0,0.42,0.46,0.44,2.0,True
KXITFWMATCH-26SEP01PANBED-BED,1788265315,0.06,0.92,,0.0,1788264000.0,,,,0.0,True
KXITFWMATCH-26SEP01AITBRA-AIT,1788266083,0.29,0.34,0.34,171.0,1788264000.0,0.3,0.34,0.34,2.0,True
KXITFWMATCH-26SEP01BARNUN-BAR,1788266084,0.06,0.92,,0.0,1788249600.0,0.06,0.92,,0.0,True
KXITFWMATCH-26SEP01LIUROU-LIU,1788266512,0.06,0.39,0.36,484.67,1788264000.0,0.03,0.04,0.04,430.67,True
KXITFWMATCH-26SEP01CASTAR-CAS,1788266804,0.06,0.92,,0.0,1788249600.0,0.06,0.92,,0.0,True
KXITFWMATCH-26SEP01CEUKAD-CEU,1788267108,0.61,0.81,,0.0,1788264000.0,0.75,0.78,,0.0,True
KXITFWMATCH-26SEP01DZJBAR-BAR,1788267735,,,,0.0,,,,,0.0,True
KXITFWMATCH-26SEP01BAYBOU-BAY,1788268983,0.06,0.92,,0.0,1788267600.0,0.06,0.92,,0.0,True
KXITFWMATCH-26SEP01YARBUR-BUR,1788270462,0.84,0.86,0.86,32.0,1788267600.0,0.84,0.85,0.86,32.0,True
KXITFWMATCH-26SEP01VANKOL-KOL,1788271175,0.73,0.74,0.72,84.0,1788267600.0,0.72,0.76,0.72,84.0,True
KXITFWMATCH-26SEP01AGUBUL-AGU,1788271177,0.2,0.82,,0.0,1788267600.0,0.13,0.87,,0.0,True
KXITFWMATCH-26SEP01SIEWOL-SIE,1788272293,0.37,0.41,,0.0,1788271200.0,0.37,0.4,,0.0,True
KXITFWMATCH-26SEP01PARADA-ADA,1788272888,0.62,0.83,0.8,1.0,1788271200.0,0.82,0.86,,0.0,True
KXITFWMATCH-26SEP01MASRAM-MAS,1788272889,0.74,0.78,0.78,168.64,1788271200.0,0.73,0.78,0.78,168.64,True
KXITFWMATCH-26SEP01HAGNUU-HAG,1788273204,0.4,0.44,,0.0,1788271200.0,0.39,0.43,,0.0,True
KXITFWMATCH-26SEP01BARAYA-AYA,1788275044,0.42,0.43,0.43,2.0,1788274800.0,0.42,0.43,,0.0,True
KXITFWMATCH-26SEP01ESTURR-EST,1788275618,0.24,0.25,0.24,66.66,1788274800.0,0.23,0.25,,0.0,True
KXITFWMATCH-26SEP01GOBGER-GER,1788278638,0.69,0.78,,0.0,1788278400.0,0.62,0.8,,0.0,True
KXITFWMATCH-26SEP01WAIBRO-BRO,1788278638,0.48,0.6,0.47,5.71,1788278400.0,0.56,0.58,0.54,4.71,True
KXITFWMATCH-26SEP01CABSOT-CAB,1788280467,0.29,0.92,,0.0,1788278400.0,0.27,0.91,,0.0,True
KXITFWMATCH-26SEP01SOUSOS-SOS,1788281070,0.26,0.46,,0.0,1788278400.0,0.08,0.73,,0.0,True
KXITFWMATCH-26SEP01DUAMAR-DUA,1788281504,0.11,0.41,,0.0,1788278400.0,0.18,0.42,,0.0,True
KXITFWMATCH-26SEP01LOPMAR-LOP,1788281920,0.29,0.81,0.78,3.0,1788278400.0,0.27,0.84,,0.0,True
KXITFWMATCH-26SEP01ZHANUG-NUG,1788305992,0.74,0.76,0.76,525.0,1788303600.0,0.74,0.76,0.76,525.0,True
KXITFWMATCH-26SEP01JEOSHI-JEO,1788307156,0.84,0.88,0.88,2.22,1788303600.0,0.85,0.87,,0.0,True
KXITFWMATCH-26SEP01GARKHO-GAR,1788307157,0.69,0.73,,0.0,1788303600.0,0.69,0.73,,0.0,True
KXITFWMATCH-26SEP01COSYEX-COS,1788307190,0.9,0.92,,0.0,1788303600.0,0.9,0.92,,0.0,True
KXITFWMATCH-26SEP01JANNOG-JAN,1788308391,0.08,0.09,0.09,789.16,1788307200.0,0.06,0.08,0.08,210.91,True
KXITFWMATCH-26SEP01JEOYOS-JEO,1788310496,0.68,0.7,0.69,13.39,1788307200.0,0.67,0.7,,0.0,True
KXITFWMATCH-26SEP01MORSAI-MOR,1788312849,0.42,0.44,0.45,21.27,1788310800.0,0.42,0.46,,0.0,True
KXITFWMATCH-26SEP01JANLIN-JAN,1788312871,0.77,0.8,0.85,23.13,1788310800.0,0.81,0.85,0.85,1.13,True
KXITFWMATCH-26SEP01KAJREN-KAJ,1788313457,0.39,0.42,0.42,22.7,1788310800.0,0.4,0.42,,0.0,True
KXITFWMATCH-26SEP01SHISAI-SAI,1788314081,0.2,0.21,0.22,42.62,1788310800.0,0.2,0.22,,0.0,True
KXITFWMATCH-26SEP01OZELEE-LEE,1788315879,0.72,0.74,0.75,460.09000000000003,1788314400.0,0.62,0.67,0.68,1.0,True
KXITFWMATCH-26SEP01ZHUSAT-SAT,1788316476,0.1,0.11,0.06,201.0,1788314400.0,0.06,0.1,0.1,1.0,True
KXITFWMATCH-26SEP01PARNAK-NAK,1788316504,0.78,0.8,0.8,1016.48,1788314400.0,0.78,0.81,0.8,1016.29,True
KXITFWMATCH-26SEP01TIALIX-LIX,1788317630,0.28,0.29,0.32,29.38,1788314400.0,0.28,0.32,,0.0,True
KXITFWMATCH-26SEP01LUXCHE-CHE,1788321223,0.42,0.44,0.45,21.29,1788318000.0,0.42,0.44,0.45,21.29,True
KXITFWMATCH-26SEP02LUNLOP-LOP,1788322439,0.95,0.96,0.95,120.32,1788321600.0,0.92,0.96,0.95,120.32,True
KXITFWMATCH-26SEP02RADSIM-RAD,1788324219,0.67,0.7,,0.0,1788321600.0,0.67,0.69,,0.0,True
KXITFWMATCH-26SEP02CRACUC-CRA,1788324219,0.23,0.92,,0.0,1788321600.0,0.18,0.92,,0.0,True
KXITFWMATCH-26SEP02POPKRY-KRY,1788325436,0.08,0.11,0.09,10.44,1788325200.0,0.08,0.09,,0.0,True
KXITFWMATCH-26SEP02ZAYOBR-OBR,1788326044,0.11,0.15,,0.0,1788325200.0,0.12,0.15,,0.0,True
KXITFWMATCH-26SEP02STASIL-SIL,1788326665,0.86,0.88,0.87,41.0,1788325200.0,0.85,0.87,0.87,41.0,True
KXITFWMATCH-26SEP02VANBUR-BUR,1788326666,0.84,0.87,0.86,50.0,1788325200.0,0.85,0.87,0.86,50.0,True
KXITFWMATCH-26SEP02WROCIA-CIA,1788326667,0.06,0.07,0.08,110.69,1788325200.0,0.06,0.07,0.08,110.69,True
KXITFWMATCH-26SEP02KASSCH-KAS,1788326690,0.53,0.56,,0.0,1788325200.0,0.53,0.56,,0.0,True
KXITFWMATCH-26SEP02SANBAR-BAR,1788327216,0.72,0.76,,0.0,1788325200.0,0.69,0.74,,0.0,True
KXITFWMATCH-26SEP02REAKAR-KAR,1788327217,0.18,0.2,0.2,11.83,1788325200.0,0.18,0.2,,0.0,True
KXITFWMATCH-26SEP02DEKSCH-DEK,1788327218,0.93,0.95,0.92,38.0,1788325200.0,0.93,0.95,0.92,38.0,True
KXITFWMATCH-26SEP02KELBEL-BEL,1788327218,0.53,0.55,0.55,421.81,1788325200.0,0.53,0.56,0.55,413.0,True
KXITFWMATCH-26SEP02ODOGAN-GAN,1788327219,0.93,0.95,0.92,30.0,1788325200.0,0.91,0.92,,0.0,True
KXITFWMATCH-26SEP02BERSZI-BER,1788327488,0.07,0.09,,0.0,1788325200.0,0.08,0.09,,0.0,True
KXITFWMATCH-26SEP02BABAIK-AIK,1788327805,0.27,0.29,,0.0,1788325200.0,0.27,0.3,,0.0,True
KXITFWMATCH-26SEP02HAVGRO-GRO,1788327806,0.62,0.67,,0.0,1788325200.0,0.62,0.67,,0.0,True
KXITFWMATCH-26SEP02VANCRI-CRI,1788327809,0.18,0.19,0.19,789.0,1788325200.0,0.13,0.17,,0.0,True
KXITFWMATCH-26SEP02TREKUL-KUL,1788328090,0.26,0.27,0.27,8.8,1788325200.0,0.27,0.29,,0.0,True
KXITFWMATCH-26SEP02PRORAG-PRO,1788328462,0.11,0.14,,0.0,1788325200.0,0.13,0.16,,0.0,True
KXITFWMATCH-26SEP01JANHAN-HAN,1788329033,0.26,0.27,0.27,2068.6,1788328800.0,0.27,0.47,0.47,223.16,True
KXITFWMATCH-26SEP02FOJTEI-FOJ,1788329034,0.13,0.15,,0.0,1788328800.0,0.12,0.15,,0.0,True
KXITFWMATCH-26SEP02KUCCHE-CHE,1788329035,0.36,0.37,,0.0,1788328800.0,0.35,0.37,,0.0,True
KXITFWMATCH-26SEP02TUBILI-ILI,1788329036,0.08,0.11,,0.0,1788328800.0,0.09,0.12,,0.0,True
KXITFWMATCH-26SEP02MASNEM-MAS,1788329583,0.21,0.22,0.23,9.0,1788328800.0,0.21,0.23,0.23,9.0,True
KXITFWMATCH-26SEP02SANBRE-BRE,1788329584,0.71,0.75,,0.0,1788328800.0,0.72,0.76,,0.0,True
KXITFWMATCH-26SEP02MAITOR-MAI,1788329878,0.34,0.38,,0.0,1788328800.0,0.34,0.38,,0.0,True
KXITFWMATCH-26SEP02STEPOL-POL,1788329879,0.31,0.33,0.34,15.02,1788328800.0,0.31,0.33,0.32,8.0,True
KXITFWMATCH-26SEP02VELPET-PET,1788329880,0.35,0.38,0.39,2054.32,1788328800.0,0.35,0.38,0.38,2042.0,True
KXITFWMATCH-26SEP02CHUOZE-CHU,1788330191,0.55,0.59,,0.0,1788328800.0,0.55,0.59,,0.0,True
KXITFWMATCH-26SEP02IDABED-BED,1788330194,0.92,0.95,0.92,10.0,1788325200.0,0.92,0.95,0.92,10.0,True
KXITFWMATCH-26SEP02LONCAR-CAR,1788330474,0.26,0.27,0.33,5.78,1788328800.0,0.26,0.28,0.33,5.78,True
KXITFWMATCH-26SEP02SHALAZ-LAZ,1788330475,0.79,0.81,0.81,730.1800000000001,1788328800.0,0.8,0.81,0.81,730.1800000000001,True
KXITFWMATCH-26SEP02MARGAR-GAR,1788330796,0.06,0.08,,0.0,1788328800.0,0.07,0.1,,0.0,True
KXITFWMATCH-26SEP02RUCSZO-RUC,1788331080,0.61,0.62,0.62,553.19,1788328800.0,0.61,0.62,0.56,462.36,True
KXITFWMATCH-26SEP02VISMOC-MOC,1788331416,0.21,0.24,,0.0,1788328800.0,0.22,0.25,,0.0,True
KXITFWMATCH-26SEP02MATCHE-CHE,1788332291,0.92,0.93,0.92,8.0,1788328800.0,0.92,0.93,0.92,8.0,True
KXITFWMATCH-26SEP02LOMFIO-FIO,1788332296,0.04,0.05,0.05,66.0,1788328800.0,0.04,0.05,0.05,66.0,True
KXITFWMATCH-26SEP02CVEXIA-CVE,1788332620,0.1,0.92,,0.0,1788332400.0,0.08,0.92,,0.0,True
KXITFWMATCH-26SEP02PACNAH-NAH,1788332622,0.45,0.46,0.46,632.59,1788332400.0,0.45,0.46,0.46,630.5,True
KXITFWMATCH-26SEP02PAQSTR-PAQ,1788333193,0.75,0.77,0.78,49.0,1788332400.0,0.74,0.78,0.78,49.0,True
KXITFWMATCH-26SEP02ORTMON-MON,1788333787,0.84,0.88,,0.0,1788332400.0,0.84,0.88,,0.0,True
KXITFWMATCH-26SEP02JIAHUI-HUI,1788334062,0.37,0.4,0.41,500.0,1788332400.0,0.38,0.41,0.41,500.0,True
KXITFWMATCH-26SEP02TODSAG-SAG,1788334068,0.18,0.22,,0.0,1788332400.0,0.19,0.22,,0.0,True
KXITFWMATCH-26SEP02MATLEN-LEN,1788334079,0.86,0.87,0.86,58.0,1788332400.0,0.86,0.87,0.88,57.0,True
KXITFWMATCH-26SEP02BUCSOR-BUC,1788334383,0.25,0.28,0.25,200.0,1788332400.0,0.25,0.27,0.25,200.0,True
KXITFWMATCH-26SEP02CORTOT-COR,1788334383,0.27,0.32,,0.0,1788332400.0,0.27,0.31,,0.0,True
KXITFWMATCH-26SEP02FERCIR-CIR,1788334384,0.02,0.04,0.03,644.57,1788332400.0,0.03,0.05,0.05,599.0,True
KXITFWMATCH-26SEP02SHAMAN-MAN,1788334386,0.06,0.1,,0.0,1788332400.0,0.06,0.11,,0.0,True
KXITFWMATCH-26SEP02SAHMYA-MYA,1788334386,0.73,0.78,,0.0,1788332400.0,0.73,0.77,,0.0,True
KXITFWMATCH-26SEP02VILTUR-TUR,1788334387,0.26,0.31,0.27,14.0,1788332400.0,0.27,0.31,0.27,14.0,True
KXITFWMATCH-26SEP02BIRTKA-BIR,1788334401,0.06,0.92,,0.0,1788310800.0,0.06,0.92,,0.0,True
KXITFWMATCH-26SEP02NESTRA-NES,1788334652,0.09,0.1,0.11,100.0,1788332400.0,0.1,0.12,0.11,100.0,True
KXITFWMATCH-26SEP02DODBUR-BUR,1788334654,0.71,0.72,0.63,439.02,1788332400.0,0.69,0.71,0.63,439.02,True
KXITFWMATCH-26SEP02MICISA-ISA,1788334655,0.04,0.05,0.05,151.15,1788332400.0,0.04,0.05,0.05,103.5,True
KXITFWMATCH-26SEP02VANVAN2-VAN,1788335570,0.83,0.86,,0.0,1788332400.0,0.82,0.86,,0.0,True
KXITFWMATCH-26SEP02QUEDIA-DIA,1788335572,0.8,0.82,0.81,1004.59,1788332400.0,0.8,0.82,0.81,1004.59,True
KXITFWMATCH-26SEP02KRAMPE-KRA,1788336174,0.1,0.14,,0.0,1788332400.0,0.1,0.14,,0.0,True
KXITFWMATCH-26SEP02PODWER-POD,1788336467,0.63,0.65,0.66,200.0,1788336000.0,0.63,0.68,0.66,200.0,True
KXITFWMATCH-26SEP02STOCAK-CAK,1788336764,0.14,0.17,,0.0,1788336000.0,0.14,0.17,,0.0,True
KXITFWMATCH-26SEP02SRACHI-CHI,1788337053,0.92,0.94,0.92,38.0,1788332400.0,0.92,0.94,0.92,38.0,True
KXITFWMATCH-26SEP02XUXBRU-BRU,1788337053,0.48,0.49,0.44,619.38,1788332400.0,0.48,0.49,0.44,619.38,True
KXITFWMATCH-26SEP02SCUPAR-PAR,1788337056,0.69,0.74,0.73,529.0,1788336000.0,0.7,0.74,0.73,529.0,True
KXITFWMATCH-26SEP02FRAPAB-FRA,1788337647,0.32,0.33,0.32,133.0,1788336000.0,0.28,0.3,0.24,103.0,True
KXITFWMATCH-26SEP02URGKAR-KAR,1788337648,0.38,0.39,0.41,18.85,1788336000.0,0.38,0.4,0.41,18.85,True
KXITFWMATCH-26SEP02OGEVAR-OGE,1788337959,0.73,0.75,0.72,46.99,1788336000.0,0.73,0.75,0.72,46.99,True
KXITFWMATCH-26SEP02WILKLY-KLY,1788337960,0.23,0.24,0.24,157.32,1788336000.0,0.23,0.24,0.24,157.32,True
KXITFWMATCH-26SEP02NOSSAF-NOS,1788338254,0.68,0.72,,0.0,1788336000.0,0.67,0.72,,0.0,True
KXITFWMATCH-26SEP02BURCLA-BUR,1788338554,0.26,0.27,0.19,1501.0,1788336000.0,0.25,0.26,0.19,1501.0,True
KXITFWMATCH-26SEP02TONYUN-TON,1788338557,0.94,0.96,0.95,742.0,1788336000.0,0.94,0.96,0.95,742.0,True
KXITFWMATCH-26SEP02BAYGAB-BAY,1788338859,0.75,0.77,0.76,179.05,1788336000.0,0.75,0.77,0.76,179.05,True
KXITFWMATCH-26SEP02BLOARA-ARA,1788339810,0.45,0.5,,0.0,1788339600.0,0.46,0.49,,0.0,True
KXITFWMATCH-26SEP02LUTCOR-COR,1788339812,0.06,0.24,,0.0,1788336000.0,0.06,0.09,,0.0,True
KXITFWMATCH-26SEP02JOVGRO-GRO,1788340044,0.77,0.82,,0.0,1788339600.0,0.77,0.82,,0.0,True
KXITFWMATCH-26SEP02ARAKIK-ARA,1788340334,0.84,0.88,,0.0,1788339600.0,0.84,0.87,,0.0,True
KXITFWMATCH-26SEP02GOLTAR-GOL,1788340336,0.39,0.41,0.43,5.59,1788339600.0,0.39,0.41,0.43,5.59,True
KXITFWMATCH-26SEP02SCHNOV-NOV,1788340337,0.06,0.92,,0.0,1788325200.0,0.06,0.92,,0.0,True
KXITFWMATCH-26SEP02LAHNAT-LAH,1788340338,0.88,0.91,,0.0,1788339600.0,0.88,0.92,,0.0,True
KXITFWMATCH-26SEP02ROJDEL-DEL,1788340631,0.06,0.08,,0.0,1788339600.0,0.06,0.08,,0.0,True
KXITFWMATCH-26SEP02BOUFEL-BOU,1788340966,0.29,0.33,,0.0,1788339600.0,0.28,0.33,,0.0,True
KXITFWMATCH-26SEP02PUSDRO-DRO,1788340966,0.47,0.5,,0.0,1788339600.0,0.47,0.5,,0.0,True
KXITFWMATCH-26SEP02VOJJAS-JAS,1788341245,0.8,0.82,0.82,141.0,1788339600.0,0.8,0.82,0.82,141.0,True
KXITFWMATCH-26SEP02HERJAN-HER,1788341540,0.86,0.88,,0.0,1788336000.0,0.86,0.88,,0.0,True
KXITFWMATCH-26SEP02KLUFRI-FRI,1788341551,0.38,0.41,0.4,8.0,1788336000.0,0.38,0.41,0.4,8.0,True
KXITFWMATCH-26SEP02PETSEN-PET,1788342130,0.2,0.22,,0.0,1788339600.0,0.19,0.22,,0.0,True
KXITFWMATCH-26SEP02BROPOP-BRO,1788342132,0.17,0.2,0.32,1.0,1788339600.0,0.17,0.2,0.32,1.0,True
KXITFWMATCH-26SEP02CIRSTA-CIR,1788343358,0.29,0.33,,0.0,1788343200.0,0.29,0.34,,0.0,True
KXITFWMATCH-26SEP02KOMHRA-HRA,1788343359,0.82,0.84,0.82,337.0,1788343200.0,0.83,0.85,0.84,287.0,True
KXITFWMATCH-26SEP02KUXROU-KUX,1788343362,0.77,0.79,0.79,160.0,1788343200.0,0.77,0.79,0.79,160.0,True
KXITFWMATCH-26SEP02METSAS-MET,1788343608,0.26,0.81,0.59,12.36,1788343200.0,0.59,0.61,0.66,1.0,True
KXITFWMATCH-26SEP02EBEKOV-EBE,1788343612,0.39,0.4,0.38,603.22,1788343200.0,0.38,0.39,0.38,603.22,True
KXITFWMATCH-26SEP02ZORNUN-NUN,1788343616,0.08,0.12,0.13,143.0,1788343200.0,0.1,0.13,,0.0,True
KXITFWMATCH-26SEP02DESMAR-DES,1788343920,0.26,0.69,0.49,1.27,1788343200.0,0.49,0.5,0.49,1.27,True
KXITFWMATCH-26SEP02SERBEL-BEL,1788343923,0.47,0.48,0.47,12.25,1788343200.0,0.47,0.49,0.47,12.25,True
KXITFWMATCH-26SEP02EBSFOR-EBS,1788343924,0.06,0.1,0.1,177.0,1788343200.0,0.06,0.1,,0.0,True
KXITFWMATCH-26SEP02CORLAB-COR,1788344537,0.06,0.07,0.08,2.0,1788343200.0,0.09,0.12,,0.0,True
KXITFWMATCH-26SEP02LOPGRE-GRE,1788345152,0.16,0.69,,0.0,1788343200.0,0.17,0.67,,0.0,True
KXITFWMATCH-26SEP02CABPRI-CAB,1788345153,0.06,0.1,,0.0,1788343200.0,0.06,0.07,,0.0,True
KXITFWMATCH-26SEP02MARTKA-MAR,1788345157,0.08,0.13,,0.0,1788343200.0,0.09,0.13,,0.0,True
KXITFWMATCH-26SEP02MORROM-MOR,1788345158,0.06,0.07,,0.0,1788343200.0,0.06,0.07,,0.0,True
KXITFWMATCH-26SEP02CHAVAI-CHA,1788345406,0.06,0.07,,0.0,1788343200.0,0.06,0.08,,0.0,True
KXITFWMATCH-26SEP02SCHWIR-SCH,1788345706,0.31,0.36,,0.0,1788343200.0,0.31,0.36,,0.0,True
KXITFWMATCH-26SEP02KONVAS-KON,1788345710,0.06,0.92,,0.0,1788343200.0,0.06,0.92,,0.0,True
KXITFWMATCH-26SEP02MATMEW-MAT,1788346032,0.06,0.92,,0.0,1788339600.0,0.06,0.92,,0.0,True
KXITFWMATCH-26SEP02MONREV-MON,1788346303,0.3,0.34,,0.0,1788343200.0,0.3,0.34,,0.0,True
KXITFWMATCH-26SEP02MOYRON-MOY,1788346306,0.92,0.94,0.95,30.1,1788343200.0,0.92,0.95,0.95,30.1,True
KXITFWMATCH-26SEP02BERMIK-BER,1788346716,0.36,0.37,,0.0,1788343200.0,0.36,0.38,,0.0,True
KXITFWMATCH-26SEP02SANNAH-NAH,1788346923,0.05,0.06,0.06,254.0,1788346800.0,0.05,0.06,0.06,52.0,True
KXITFWMATCH-26SEP02CAKKOK-CAK,1788347198,0.04,0.07,0.08,3347.81,1788346800.0,0.02,0.04,0.04,2074.0,True
KXITFWMATCH-26SEP02TOMCER-CER,1788347200,0.94,0.95,0.93,7695.4,1788346800.0,0.91,0.95,0.94,7472.4,True
KXITFWMATCH-26SEP02GENPIE-GEN,1788347785,0.69,0.73,,0.0,1788346800.0,0.7,0.74,,0.0,True
KXITFWMATCH-26SEP02STAAGB-AGB,1788347788,0.05,0.07,0.06,1034.5,1788346800.0,0.04,0.05,0.05,104.0,True
KXITFWMATCH-26SEP02RAPSTO-RAP,1788347789,0.42,0.43,0.46,2.0,1788343200.0,0.42,0.43,0.46,2.0,True
KXITFWMATCH-26SEP02DANMAS-DAN,1788347791,0.87,0.89,0.88,205.3,1788346800.0,0.87,0.89,0.88,205.3,True
KXITFWMATCH-26SEP02NEPSHE-NEP,1788347791,0.86,0.9,0.9,406.0,1788346800.0,0.86,0.88,0.9,406.0,True
KXITFWMATCH-26SEP02MARDUM-DUM,1788348081,0.2,0.53,,0.0,1788346800.0,0.27,0.32,,0.0,True
KXITFWMATCH-26SEP02KUZJOR-JOR,1788348083,0.69,0.73,,0.0,1788346800.0,0.69,0.73,,0.0,True
KXITFWMATCH-26SEP02ANSGAR-ANS,1788348369,0.97,0.98,0.97,17538.88,1788346800.0,0.97,0.98,0.97,13199.7,True
KXITFWMATCH-26SEP02AVAHER-AVA,1788348371,0.23,0.24,0.23,8.0,1788346800.0,0.23,0.25,0.23,8.0,True
KXITFWMATCH-26SEP02KHOKOC-KHO,1788348372,0.4,0.41,0.39,428.73999999999995,1788346800.0,0.4,0.41,0.39,428.73999999999995,True
KXITFWMATCH-26SEP02BRANAV-BRA,1788348373,0.19,0.2,,0.0,1788346800.0,0.2,0.23,,0.0,True
KXITFWMATCH-26SEP02IAKVAG-IAK,1788348874,0.22,0.25,0.26,9.14,1788346800.0,0.22,0.25,0.26,9.14,True
KXITFWMATCH-26SEP02DADKAT-DAD,1788348875,0.79,0.81,0.79,895.0,1788346800.0,0.8,0.81,0.79,895.0,True
KXITFWMATCH-26SEP02LOLCAR-CAR,1788348876,0.8,0.82,0.82,254.0,1788346800.0,0.8,0.82,0.83,242.0,True
KXITFWMATCH-26SEP02EZZMAR-EZZ,1788348877,0.56,0.61,,0.0,1788346800.0,0.56,0.6,,0.0,True
KXITFWMATCH-26SEP02COZBLA-BLA,1788349277,0.66,0.68,0.69,214.15,1788346800.0,0.65,0.69,0.69,214.15,True
KXITFWMATCH-26SEP02PANHOR-HOR,1788349278,0.89,0.91,0.93,32.39,1788346800.0,0.89,0.92,,0.0,True
KXITFWMATCH-26SEP02REGELK-ELK,1788349279,0.11,0.14,0.11,30.75,1788346800.0,0.1,0.14,0.11,30.75,True
KXITFWMATCH-26SEP02GARKAW-GAR,1788349280,0.83,0.87,0.88,340.27,1788346800.0,0.82,0.87,,0.0,True
KXITFWMATCH-26SEP02PLAHAN-HAN,1788349282,0.57,0.61,,0.0,1788346800.0,0.57,0.61,,0.0,True
KXITFWMATCH-26SEP02BARZHE-BAR,1788349881,0.11,0.15,,0.0,1788346800.0,0.11,0.15,,0.0,True
KXITFWMATCH-26SEP02MDLPET-MDL,1788350478,0.03,0.04,0.05,173.5,1788350400.0,0.03,0.05,0.06,136.0,True
KXITFWMATCH-26SEP02SENAND-AND,1788350768,0.33,0.44,0.43,29.83,1788350400.0,0.38,0.4,0.4,2.0,True
KXITFWMATCH-26SEP02WILDEZ-DEZ,1788350769,0.8,0.82,0.81,29.0,1788350400.0,0.8,0.82,0.81,29.0,True
KXITFWMATCH-26SEP02EHATAR-EHA,1788350771,0.38,0.41,,0.0,1788350400.0,0.38,0.42,,0.0,True
KXITFWMATCH-26SEP02BOSARA-ARA,1788351064,0.06,0.91,,0.0,1788343200.0,0.06,0.91,,0.0,True
KXITFWMATCH-26SEP02CINMIK-CIN,1788351363,0.21,0.29,0.28,48.199999999999996,1788350400.0,0.24,0.28,0.27,44.8,True
KXITFWMATCH-26SEP02VANPIK-PIK,1788351364,0.29,0.3,0.28,374.0,1788350400.0,0.29,0.3,0.28,374.0,True
KXITFWMATCH-26SEP02JANGLU-GLU,1788351674,0.35,0.36,0.37,575.36,1788350400.0,0.34,0.35,0.37,575.36,True
KXITFWMATCH-26SEP02VLABAR-BAR,1788352297,0.82,0.84,0.85,2782.9,1788350400.0,0.82,0.84,0.85,2782.9,True
KXITFWMATCH-26SEP02IVAJOR-IVA,1788352561,0.31,0.35,0.31,147.01999999999998,1788350400.0,0.31,0.35,0.34,77.02,True
KXITFWMATCH-26SEP02SCHPED-PED,1788353168,0.96,0.99,0.98,6700.93,1788350400.0,0.98,0.99,0.99,5696.16,True
KXITFWMATCH-26SEP02PERRAC-PER,1788353169,0.95,0.97,0.96,774.47,1788350400.0,0.95,0.97,0.97,624.47,True
KXITFWMATCH-26SEP02MDLSAL-MDL,1788353169,0.77,0.79,0.79,1.0,1788350400.0,0.77,0.79,0.79,1.0,True
KXITFWMATCH-26SEP02TANJOH-JOH,1788353472,0.35,0.38,,0.0,1788350400.0,0.35,0.38,,0.0,True
KXITFWMATCH-26SEP02ELSBED-BED,1788354093,0.32,0.33,0.31,591.0,1788354000.0,0.32,0.33,0.31,591.0,True
KXITFWMATCH-26SEP02FARTSE-FAR,1788354375,0.2,0.32,,0.0,1788354000.0,0.28,0.32,,0.0,True
KXITFWMATCH-26SEP02RASVAN-RAS,1788354376,0.76,0.8,0.77,58.5,1788354000.0,0.77,0.8,0.77,58.5,True
KXITFWMATCH-26SEP02LACFRU-FRU,1788354972,0.92,0.95,0.92,9.37,1788354000.0,0.92,0.95,0.92,9.37,True
KXITFWMATCH-26SEP02MILVIR-MIL,1788356796,0.74,0.77,,0.0,1788354000.0,0.73,0.77,,0.0,True
KXITFWMATCH-26SEP02KLIVOL-KLI,1788358378,0.82,0.83,,0.0,1788357600.0,0.81,0.84,,0.0,True
KXITFWMATCH-26SEP02ATAWEC-ATA,1788358611,0.09,0.12,,0.0,1788357600.0,0.08,0.12,,0.0,True
KXITFWMATCH-26SEP02ABOBRU-ABO,1788358611,0.34,0.39,,0.0,1788357600.0,0.34,0.39,,0.0,True
KXITFWMATCH-26SEP02KUHDIA-DIA,1788358935,0.29,0.3,0.29,4380.45,1788357600.0,0.28,0.3,0.29,4380.45,True
KXITFWMATCH-26SEP02MADDOL-DOL,1788359221,0.31,0.32,0.31,2516.65,1788357600.0,0.31,0.32,0.31,2516.65,True
KXITFWMATCH-26SEP02ZOLHES-HES,1788359221,0.39,0.43,,0.0,1788357600.0,0.39,0.43,,0.0,True
KXITFWMATCH-26SEP02BERLAR-BER,1788374266,0.06,0.07,0.07,91.74,1788372000.0,0.06,0.07,,0.0,True
KXITFWMATCH-26SEP02JEOKIM-JEO,1788387781,0.7,0.73,,0.0,1788386400.0,0.69,0.73,,0.0,True
KXITFWMATCH-26SEP02LEESAW-LEE,1788391062,0.34,0.36,0.38,7.56,1788390000.0,0.34,0.38,,0.0,True
KXITFWMATCH-26SEP02SATTSA-SAT,1788391673,0.62,0.63,0.63,36.120000000000005,1788390000.0,0.61,0.62,0.63,4.54,True
KXITFWMATCH-26SEP02GARKUL-GAR,1788391693,0.65,0.67,,0.0,1788390000.0,0.65,0.67,,0.0,True
KXITFWMATCH-26SEP02YAMBAI-BAI,1788393465,0.75,0.76,,0.0,1788390000.0,0.75,0.76,,0.0,True
KXITFWMATCH-26SEP02ZHUJEO-JEO,1788393797,0.44,0.47,,0.0,1788393600.0,0.44,0.47,,0.0,True
KXITFWMATCH-26SEP02KAJSHI-KAJ,1788395864,0.3,0.31,,0.0,1788393600.0,0.3,0.31,,0.0,True
KXITFWMATCH-26SEP02KIMNAK-KIM,1788397659,0.32,0.33,,0.0,1788397200.0,0.3,0.33,,0.0,True
KXITFWMATCH-26SEP02NUGMOR-MOR,1788397949,0.34,0.37,0.35,23.04,1788397200.0,0.33,0.36,0.37,2.58,True
KXITFWMATCH-26SEP02YODLEE-LEE,1788398283,0.44,0.46,,0.0,1788397200.0,0.43,0.46,,0.0,True
KXITFWMATCH-26SEP02NOGSON-NOG,1788398856,0.87,0.89,0.88,62.25,1788397200.0,0.86,0.88,0.89,60.0,True
KXITFWMATCH-26SEP02COSSID-COS,1788400357,0.72,0.73,0.72,185.0,1788397200.0,0.7,0.72,,0.0,True
KXITFWMATCH-26SEP02KURAST-AST,1788400631,0.66,0.67,0.66,15.7,1788397200.0,0.65,0.66,,0.0,True
KXITFWMATCH-26SEP02JANJAN2-JAN,1788401229,0.86,0.88,0.91,6.5600000000000005,1788400800.0,0.85,0.87,0.89,1.11,True
KXITFWMATCH-26SEP02TIACHE-CHE,1788411784,0.04,0.05,0.07,4620.53,1788411600.0,0.32,0.33,0.32,3.0,True
KXITFWMATCH-26SEP02WANMAX-MAX,1788411784,0.65,0.69,0.7,688.63,1788411600.0,0.68,0.7,0.7,648.63,True
KXITFWMATCH-26SEP03POPBRE-BRE,1788411785,0.85,0.89,,0.0,1788411600.0,0.85,0.89,,0.0,True
KXITFWMATCH-26SEP03PERVAI-PER,1788411786,0.6,0.61,0.6,2942.1099999999997,1788411600.0,0.68,0.69,0.69,1258.7,True
KXITFWMATCH-26SEP03CRAIAN-CRA,1788412009,0.61,0.84,0.84,24.18,1788411600.0,0.51,0.94,0.95,4.68,True
KXITFWMATCH-26SEP03NEPBRU-BRU,1788412010,0.18,0.19,,0.0,1788411600.0,0.18,0.19,,0.0,True
KXITFWMATCH-26SEP03ZAYCOR-COR,1788412636,0.3,0.33,0.26,69.11,1788411600.0,0.3,0.33,0.26,69.11,True
KXITFWMATCH-26SEP03TODSAF-SAF,1788412917,0.17,0.18,,0.0,1788411600.0,0.17,0.18,,0.0,True
KXITFWMATCH-26SEP03ROUKLU-KLU,1788413534,0.67,0.69,,0.0,1788408000.0,0.66,0.69,,0.0,True
KXITFWMATCH-26SEP03DIABAR-BAR,1788413544,0.65,0.66,0.66,1.0,1788411600.0,0.64,0.66,0.66,1.0,True
KXITFWMATCH-26SEP03REGMDL-MDL,1788413836,0.36,0.37,0.38,157.08,1788408000.0,0.34,0.36,0.38,157.08,True
KXITFWMATCH-26SEP03TSEFEL-FEL,1788414143,0.17,0.19,0.19,150.0,1788411600.0,0.17,0.18,0.19,150.0,True
KXITFWMATCH-26SEP03KRYPAR-KRY,1788414404,0.63,0.65,0.65,413.05,1788411600.0,0.62,0.65,0.65,405.55,True
KXITFWMATCH-26SEP03GOIJAS-GOI,1788414718,0.61,0.62,0.62,1.0,1788411600.0,0.61,0.62,0.62,1.0,True
KXITFWMATCH-26SEP03APPHEU-APP,1788414718,0.86,0.88,,0.0,1788411600.0,0.85,0.88,,0.0,True
KXITFWMATCH-26SEP03JORGAS-GAS,1788414719,0.55,0.56,0.56,1077.76,1788411600.0,0.55,0.56,0.57,1064.1,True
KXITFWMATCH-26SEP03LOMGEN-GEN,1788414719,0.11,0.12,0.12,274.0,1788411600.0,0.11,0.12,0.12,274.0,True
KXITFWMATCH-26SEP03NEMCHI-CHI,1788414720,0.71,0.73,,0.0,1788411600.0,0.71,0.73,,0.0,True
KXITFWMATCH-26SEP03VANSOR-SOR,1788414721,0.51,0.52,0.52,612.5899999999999,1788411600.0,0.51,0.52,0.51,569.8,True
KXITFWMATCH-26SEP03DODKIN-DOD,1788415001,0.48,0.5,0.5,9.38,1788411600.0,0.48,0.5,0.5,9.38,True
KXITFWMATCH-26SEP03EZZKOC-EZZ,1788415014,0.86,0.87,0.87,119.2,1788411600.0,0.86,0.87,0.86,105.2,True
KXITFWMATCH-26SEP03HERTKA-HER,1788415340,0.06,0.11,0.11,1035.48,1788415200.0,0.1,0.11,0.1,967.02,True
KXITFWMATCH-26SEP03KADVAN-KAD,1788415599,0.79,0.81,,0.0,1788415200.0,0.3,0.84,,0.0,True
KXITFWMATCH-26SEP03WERMIC-MIC,1788415601,0.37,0.38,0.38,2.0,1788415200.0,0.37,0.38,0.38,2.0,True
KXITFWMATCH-26SEP03MYABLO-BLO,1788415916,0.66,0.67,0.67,436.47999999999996,1788415200.0,0.66,0.67,0.67,261.41999999999996,True
KXITFWMATCH-26SEP03BEDPET-BED,1788416200,0.19,0.2,0.2,9.04,1788415200.0,0.19,0.2,,0.0,True
KXITFWMATCH-26SEP03HERCHU-CHU,1788416200,0.3,0.32,0.34,350.0,1788415200.0,0.3,0.33,0.34,350.0,True
KXITFWMATCH-26SEP03HANATA-ATA,1788416213,0.43,0.44,,0.0,1788415200.0,0.43,0.44,,0.0,True
KXITFWMATCH-26SEP03GRUMIH-GRU,1788416521,0.65,0.67,0.67,1022.5,1788415200.0,0.65,0.67,0.67,1018.5,True
KXITFWMATCH-26SEP03MAIALV-ALV,1788417134,0.69,0.71,,0.0,1788415200.0,0.69,0.7,,0.0,True
KXITFWMATCH-26SEP03TRESCH-SCH,1788417392,0.52,0.53,0.54,496.46999999999997,1788415200.0,0.52,0.53,0.55,429.25,True
KXITFWMATCH-26SEP03LUTLAH-LAH,1788417394,0.6,0.61,0.53,534.95,1788415200.0,0.6,0.61,0.53,534.95,True
KXITFWMATCH-26SEP03LONSZO-LON,1788418309,0.41,0.42,,0.0,1788415200.0,0.41,0.42,,0.0,True
KXITFWMATCH-26SEP03URGBAB-BAB,1788418605,0.28,0.29,,0.0,1788415200.0,0.28,0.29,,0.0,True
KXITFWMATCH-26SEP03VILNOS-NOS,1788418614,,,,0.0,,,,,0.0,False
KXITFWMATCH-26SEP03KELSIL-KEL,1788418910,,,,0.0,,,,,0.0,False
KXITFWMATCH-26SEP03ANSSCH-ANS,1788419186,,,,0.0,,,,,0.0,False
KXITFWMATCH-26SEP03OGECIR-CIR,1788419520,,,,0.0,,,,,0.0,False
KXITFWMATCH-26SEP03MARCVE-CVE,1788419807,,,,0.0,,,,,0.0,False
KXITFWMATCH-26SEP03MILCAK-CAK,1788419808,,,,0.0,,,,,0.0,False
KXITFWMATCH-26SEP03MEWDAD-DAD,1788420102,,,,0.0,,,,,0.0,False
KXITFWMATCH-26SEP03ROJVAG-ROJ,1788420401,,,,0.0,,,,,0.0,False
KXITFWMATCH-26SEP03DESGAN-DES,1788420716,,,,0.0,,,,,0.0,False
KXITFWMATCH-26SEP03WILSZI-SZI,1788420719,,,,0.0,,,,,0.0,False
KXITFWMATCH-26SEP03WAIBED-BED,1788420994,,,,0.0,,,,,0.0,False
KXITFWMATCH-26SEP03VOLRAP-RAP,1788421308,,,,0.0,,,,,0.0,False
KXITFWMATCH-26SEP03KIKCHE-CHE,1788421316,,,,0.0,,,,,0.0,False
KXITFWMATCH-26SEP03SASMPE-MPE,1788421582,,,,0.0,,,,,0.0,False
KXITFWMATCH-26SEP03GOLPET-GOL,1788421889,,,,0.0,,,,,0.0,False
KXITFWMATCH-26SEP03NGUPAC-NGU,1788421890,,,,0.0,,,,,0.0,False
KXITFWMATCH-26SEP03PRIDUM-DUM,1788421897,,,,0.0,,,,,0.0,False
KXITFWMATCH-26SEP03POZCHE-CHE,1788422489,,,,0.0,,,,,0.0,False
KXITFWMATCH-26SEP03VELBEL-BEL,1788422787,,,,0.0,,,,,0.0,False
KXITFWMATCH-26SEP03NARKOM-KOM,1788423369,,,,0.0,,,,,0.0,False
KXITFWMATCH-26SEP03JOHCER-CER,1788423370,,,,0.0,,,,,0.0,False
KXITFWMATCH-26SEP03STEBIR-BIR,1788423371,,,,0.0,,,,,0.0,False
KXITFWMATCH-26SEP03GIRDIA-DIA,1788423377,,,,0.0,,,,,0.0,False
KXITFWMATCH-26SEP03MILVOR-MIL,1788423676,,,,0.0,,,,,0.0,False
KXITFWMATCH-26SEP03ORMSEV-ORM,1788423677,,,,0.0,,,,,0.0,False
KXITFWMATCH-26SEP03STRCAR-CAR,1788423964,,,,0.0,,,,,0.0,False
KXITFWMATCH-26SEP03FONJOR-FON,1788424873,,,,0.0,,,,,0.0,False
KXITFWMATCH-26SEP03PUSPAB-PAB,1788425175,,,,0.0,,,,,0.0,False
KXITFWMATCH-26SEP03BRUROU-BRU,1788426089,,,,0.0,,,,,0.0,False
KXITFWMATCH-26SEP03BAYFOR-BAY,1788426378,,,,0.0,,,,,0.0,False
KXITFWMATCH-26SEP03GASGIA-GAS,1788426378,,,,0.0,,,,,0.0,False
KXITFWMATCH-26SEP03WROLAZ-LAZ,1788426673,,,,0.0,,,,,0.0,False
KXITFWMATCH-26SEP03CHEWOL-CHE,1788426960,,,,0.0,,,,,0.0,False
KXITFWMATCH-26SEP03JIALOP-JIA,1788427273,,,,0.0,,,,,0.0,False
KXITFWMATCH-26SEP03JANREA-JAN,1788427890,,,,0.0,,,,,0.0,False
KXITFWMATCH-26SEP03TRURAG-RAG,1788428628,,,,0.0,,,,,0.0,False
KXITFWMATCH-26SEP03RADOZX-OZX,1788428628,,,,0.0,,,,,0.0,False
KXITFWMATCH-26SEP03LOPSAN-LOP,1788428757,,,,0.0,,,,,0.0,False
KXITFWMATCH-26SEP03MAIREV-MAI,1788429056,,,,0.0,,,,,0.0,False
KXITFWMATCH-26SEP03TUBEBE-EBE,1788429344,,,,0.0,,,,,0.0,False
KXITFWMATCH-26SEP03GROCLA-CLA,1788429669,,,,0.0,,,,,0.0,False
KXITFWMATCH-26SEP03VANCOP-COP,1788429951,,,,0.0,,,,,0.0,False
KXITFWMATCH-26SEP03MONARG-ARG,1788430266,,,,0.0,,,,,0.0,False
KXITFWMATCH-26SEP03SENBLA-BLA,1788430272,,,,0.0,,,,,0.0,False
KXITFWMATCH-26SEP03SHAVIS-SHA,1788430549,,,,0.0,,,,,0.0,False
KXITFWMATCH-26SEP03MRACIN-CIN,1788434138,,,,0.0,,,,,0.0,False
KXITFWMATCH-26SEP03FERZAN-FER,1788434447,,,,0.0,,,,,0.0,False
KXITFWMATCH-26SEP03DIACAN-CAN,1788434737,,,,0.0,,,,,0.0,False
KXITFWMATCH-26SEP03WIRTRA-TRA,1788435051,,,,0.0,,,,,0.0,False
KXITFWMATCH-26SEP03VANHOR-HOR,1788436248,,,,0.0,,,,,0.0,False
KXITFWMATCH-26SEP03NUUBRA-BRA,1788436249,,,,0.0,,,,,0.0,False
KXITFWMATCH-26SEP03SANMEL-MEL,1788436848,,,,0.0,,,,,0.0,False
KXITFWMATCH-26SEP03BURADA-ADA,1788437132,,,,0.0,,,,,0.0,False
KXITFWMATCH-26SEP03KOKPED-KOK,1788439538,,,,0.0,,,,,0.0,False
KXITFWMATCH-26SEP03MOYLOP-LOP,1788439539,,,,0.0,,,,,0.0,False
KXITFWMATCH-26SEP03TONSTA-STA,1788439840,,,,0.0,,,,,0.0,False
KXITFWMATCH-26SEP03SOUGER-GER,1788440465,,,,0.0,,,,,0.0,False
KXITFWMATCH-26SEP03ZOLLEN-LEN,1788440744,,,,0.0,,,,,0.0,False
KXITFWMATCH-26SEP03ROMNAV-NAV,1788441055,,,,0.0,,,,,0.0,False
KXITFWMATCH-26SEP03DEKGRO-DEK,1788441645,,,,0.0,,,,,0.0,False
KXITFWMATCH-26SEP03CABDUA-CAB,1788442267,,,,0.0,,,,,0.0,False
KXITFWMATCH-26SEP03RASDEZ-DEZ,1788442540,,,,0.0,,,,,0.0,False
KXITFWMATCH-26SEP03BOSZOR-BOS,1788443144,,,,0.0,,,,,0.0,False
KXITFWMATCH-26SEP03BURMIK-BUR,1788444950,,,,0.0,,,,,0.0,False
KXITFWMATCH-26SEP03ZHEDZJ-DZJ,1788445544,,,,0.0,,,,,0.0,False
KXITFWMATCH-26SEP03TARURR-TAR,1788446451,,,,0.0,,,,,0.0,False
KXITFWMATCH-26SEP03AYADOL-AYA,1788447950,,,,0.0,,,,,0.0,False
KXITFWMATCH-26SEP03AGULAB-AGU,1788449463,,,,0.0,,,,,0.0,False
KXITFWMATCH-26SEP03REAFRU-FRU,1788449754,,,,0.0,,,,,0.0,False
KXITFWMATCH-26SEP03KAWMED-KAW,1788456068,,,,0.0,,,,,0.0,False
KXITFWMATCH-26SEP03FOJPRI-FOJ,1788463863,,,,0.0,,,,,0.0,False
KXITFWMATCH-26SEP03CRUDOU-CRU,1788465972,,,,0.0,,,,,0.0,False
KXITFWMATCH-26SEP03GARMOR-GAR,1788478880,,,,0.0,,,,,0.0,False
KXITFWMATCH-26SEP03SATNOG-NOG,1788481569,,,,0.0,,,,,0.0,False
KXITFWMATCH-26SEP03KIMZHU-KIM,1788482763,,,,0.0,,,,,0.0,False
KXITFWMATCH-26SEP03CHEWAN-CHE,1788482764,,,,0.0,,,,,0.0,False
KXITFWMATCH-26SEP03SHIAST-AST,1788482764,,,,0.0,,,,,0.0,False
KXITFWMATCH-26SEP03JANYOD-JAN,1788483086,,,,0.0,,,,,0.0,False
KXITFWMATCH-26SEP03SAWKIM-KIM,1788489656,,,,0.0,,,,,0.0,False
KXITFWMATCH-26SEP03COSBAI-BAI,1788490274,,,,0.0,,,,,0.0,False
KXITFWMATCH-26SEP04MDLPER-MDL,1788493546,,,,0.0,,,,,0.0,False
KXITFWMATCH-26SEP04EZZTKA-EZZ,1788498086,,,,0.0,,,,,0.0,False
KXITFWMATCH-26SEP04DIAHAN-DIA,1788498086,,,,0.0,,,,,0.0,False
KXITFWMATCH-26SEP04IANRAG-IAN,1788498651,,,,0.0,,,,,0.0,False
KXITFWMATCH-26SEP04JANRAD-JAN,1788498658,,,,0.0,,,,,0.0,False
KXITFWMATCH-26SEP04APPKOM-APP,1788498948,,,,0.0,,,,,0.0,False
KXITFWMATCH-26SEP04NEPPET-NEP,1788499541,,,,0.0,,,,,0.0,False
KXITFWMATCH-26SEP04CVEPET-CVE,1788499542,,,,0.0,,,,,0.0,False
KXITFWMATCH-26SEP04POZROU-POZ,1788500162,,,,0.0,,,,,0.0,False
KXITFWMATCH-26SEP04DUMOGE-DUM,1788500453,,,,0.0,,,,,0.0,False
KXITFWMATCH-26SEP04LAHPRI-LAH,1788500749,,,,0.0,,,,,0.0,False
KXITFWMATCH-26SEP04VELSZI-SZI,1788501345,,,,0.0,,,,,0.0,False
KXITFWMATCH-26SEP04VILROJ-ROJ,1788502551,,,,0.0,,,,,0.0,False
KXITFWMATCH-26SEP04ANSSIL-ANS,1788502845,,,,0.0,,,,,0.0,False
KXITFWMATCH-26SEP04SASBAY-BAY,1788503140,,,,0.0,,,,,0.0,False
KXITFWMATCH-26SEP04GENVOR-GEN,1788503741,,,,0.0,,,,,0.0,False
KXITFWMATCH-26SEP04CHULAZ-CHU,1788504041,,,,0.0,,,,,0.0,False
KXITFWMATCH-26SEP04MAIGIR-GIR,1788505258,,,,0.0,,,,,0.0,False
KXITFWMATCH-26SEP04TODLOP-LOP,1788505529,,,,0.0,,,,,0.0,False
KXITFWMATCH-26SEP04VANLON-LON,1788506131,,,,0.0,,,,,0.0,False
KXITFWMATCH-26SEP04TONZAY-TON,1788506132,,,,0.0,,,,,0.0,False
KXITFWMATCH-26SEP04KIKBLO-BLO,1788506443,,,,0.0,,,,,0.0,False
KXITFWMATCH-26SEP04JASCHI-CHI,1788506729,,,,0.0,,,,,0.0,False
KXITFWMATCH-26SEP04KADBED-BED,1788506730,,,,0.0,,,,,0.0,False
KXITFWMATCH-26SEP04PARBRE-BRE,1788507035,,,,0.0,,,,,0.0,False
KXITFWMATCH-26SEP04GRUMRA-GRU,1788507329,,,,0.0,,,,,0.0,False
KXITFWMATCH-26SEP04TSEDAD-DAD,1788507635,,,,0.0,,,,,0.0,False
KXITFWMATCH-26SEP04LOPARG-ARG,1788508520,,,,0.0,,,,,0.0,False
KXITFWMATCH-26SEP04SHAGAN-GAN,1788509734,,,,0.0,,,,,0.0,False
KXITFWMATCH-26SEP04MAIGAS-GAS,1788510023,,,,0.0,,,,,0.0,False
KXITFWMATCH-26SEP04FERCHE-CHE,1788511829,,,,0.0,,,,,0.0,False
KXITFWMATCH-26SEP04JOHGAS-GAS,1788512452,,,,0.0,,,,,0.0,False
KXITFWMATCH-26SEP04PABADA-ADA,1788512716,,,,0.0,,,,,0.0,False
KXITFWMATCH-26SEP04SENBIR-BIR,1788513919,,,,0.0,,,,,0.0,False
KXITFWMATCH-26SEP04ORMTRE-ORM,1788516916,,,,0.0,,,,,0.0,False
KXITFWMATCH-26SEP04DANLAR-DAN,1788516917,,,,0.0,,,,,0.0,False
KXITFWMATCH-26SEP04LENBUR-BUR,1788516918,,,,0.0,,,,,0.0,False
KXITFWMATCH-26SEP04SANMED-MED,1788517223,,,,0.0,,,,,0.0,False
KXITFWMATCH-26SEP04URGCAR-CAR,1788517508,,,,0.0,,,,,0.0,False
KXITFWMATCH-26SEP04KLUFON-FON,1788519011,,,,0.0,,,,,0.0,False
KXITFWMATCH-26SEP04CABGER-CAB,1788520237,,,,0.0,,,,,0.0,False
KXITFWMATCH-26SEP04AYAURR-AYA,1788520518,,,,0.0,,,,,0.0,False
KXITFWMATCH-26SEP04CAKPED-CAK,1788521707,,,,0.0,,,,,0.0,False
KXITFWMATCH-26SEP04MOYLAB-LAB,1788522310,,,,0.0,,,,,0.0,False
KXITFWMATCH-26SEP04TUBPAC-PAC,1788525623,,,,0.0,,,,,0.0,False
KXITFWMATCH-26SEP04BOSROM-BOS,1788525624,,,,0.0,,,,,0.0,False
KXITFWMATCH-26SEP04RAPFRU-FRU,1788531029,,,,0.0,,,,,0.0,False
KXITFWMATCH-26SEP04WERDOD-DOD,1788540021,,,,0.0,,,,,0.0,False
KXITFWMATCH-26SEP04KIMSAT-KIM,1788564637,,,,0.0,,,,,0.0,False
KXITFWMATCH-26SEP04ASTCHE-AST,1788566131,,,,0.0,,,,,0.0,False
KXITFWMATCH-26SEP04SAWYOD-SAW,1788570051,,,,0.0,,,,,0.0,False
KXITFWMATCH-26SEP04BAIGAR-BAI,1788572124,,,,0.0,,,,,0.0,False
KXITFWMATCH-26SEP05HANPER-HAN,1788578717,,,,0.0,,,,,0.0,False
KXITFWMATCH-26SEP05NEPEZZ-EZZ,1788581426,,,,0.0,,,,,0.0,False
KXITFWMATCH-26SEP05LAZADA-ADA,1788586523,,,,0.0,,,,,0.0,False
KXITFWMATCH-26SEP05RADZAY-RAD,1788586524,,,,0.0,,,,,0.0,False
KXITFWMATCH-26SEP05OGEBRE-BRE,1788587122,,,,0.0,,,,,0.0,False
KXITFWMATCH-26SEP05ANSBLO-ANS,1788587123,,,,0.0,,,,,0.0,False
KXITFWMATCH-26SEP05BAYVAN-BAY,1788587715,,,,0.0,,,,,0.0,False
KXITFWMATCH-26SEP05MRASEN-MRA,1788588037,,,,0.0,,,,,0.0,False
KXITFWMATCH-26SEP05ROJTSE-ROJ,1788588038,,,,0.0,,,,,0.0,False
KXITFWMATCH-26SEP05MAIARG-ARG,1788591905,,,,0.0,,,,,0.0,False
KXITFWMATCH-26SEP05SZICHI-CHI,1788592216,,,,0.0,,,,,0.0,False
KXITFWMATCH-26SEP05APPBED-APP,1788594025,,,,0.0,,,,,0.0,False
KXITFWMATCH-26SEP05MAIGEN-GEN,1788594628,,,,0.0,,,,,0.0,False
KXITFWMATCH-26SEP05PETPED-PED,1788597935,,,,0.0,,,,,0.0,False
KXITFWMATCH-26SEP05JOHFRU-FRU,1788598236,,,,0.0,,,,,0.0,False
KXITFWMATCH-26SEP05LOPRAG-LOP,1788600322,,,,0.0,,,,,0.0,False
KXITFWMATCH-26SEP04DEKTRA-DEK,1788601231,,,,0.0,,,,,0.0,False
KXITFWMATCH-26SEP04DEZHOR-DEZ,1788602499,,,,0.0,,,,,0.0,False
KXITFWMATCH-26SEP05ROULAH-LAH,1788603036,,,,0.0,,,,,0.0,False
KXITFWMATCH-26SEP05BURURG-BUR,1788604266,,,,0.0,,,,,0.0,False
KXITFWMATCH-26SEP05URRLAB-LAB,1788605123,,,,0.0,,,,,0.0,False
KXITFWMATCH-26SEP05BOSCAB-BOS,1788605732,,,,0.0,,,,,0.0,False
KXITFWMATCH-26SEP04BRAZHE-BRA,1788606036,,,,0.0,,,,,0.0,False
KXITFWMATCH-26SEP04KONCRU-CRU,1788607472,,,,0.0,,,,,0.0,False
KXITFWMATCH-26SEP04VANCLA-CLA,1788607472,,,,0.0,,,,,0.0,False
KXITFWMATCH-26SEP05GANTRE-GAN,1788608731,,,,0.0,,,,,0.0,False
KXITFWMATCH-26SEP05WERKLU-KLU,1788609914,,,,0.0,,,,,0.0,False
KXITFWMATCH-26SEP05FERPAC-FER,1788609915,,,,0.0,,,,,0.0,False
KXITFWMATCH-26SEP05DEKHOR-DEK,1788611715,,,,0.0,,,,,0.0,False
KXITFWMATCH-26SEP04SANCAN-CAN,1788611715,,,,0.0,,,,,0.0,False
KXITFWMATCH-26SEP05VANBRA-BRA,1788621349,,,,0.0,,,,,0.0,False
KXITFWMATCH-26SEP05SANKON-KON,1788628267,,,,0.0,,,,,0.0,False
KXITFWMATCH-26SEP05LARCAN-CAN,1788639370,,,,0.0,,,,,0.0,False
KXITFWMATCH-26SEP05SATYOD-SAT,1788647773,,,,0.0,,,,,0.0,False
KXITFWMATCH-26SEP05LUOWAN-LUO,1788651374,,,,0.0,,,,,0.0,False
KXITFWMATCH-26SEP05KITSAT-KIT,1788651668,,,,0.0,,,,,0.0,False
KXITFWMATCH-26SEP05LUXZHE-LUX,1788652891,,,,0.0,,,,,0.0,False
KXITFWMATCH-26SEP05LEENIS-LEE,1788655686,,,,0.0,,,,,0.0,False
KXITFWMATCH-26SEP05GARAST-AST,1788656471,,,,0.0,,,,,0.0,False
KXITFWMATCH-26SEP05KURSAV-KUR,1788657356,,,,0.0,,,,,0.0,False
KXITFWMATCH-26SEP05ZHASID-SID,1788657952,,,,0.0,,,,,0.0,False
KXITFWMATCH-26SEP05YANYUA-YAN,1788660650,,,,0.0,,,,,0.0,False
KXITFWMATCH-26SEP05WEIGUO-GUO,1788661273,,,,0.0,,,,,0.0,False
KXITFWMATCH-26SEP06HOSKUB-HOS,1788663364,,,,0.0,,,,,0.0,False
KXITFWMATCH-26SEP06HUAKAW-HUA,1788663965,,,,0.0,,,,,0.0,False
KXITFWMATCH-26SEP06ADKSEM-ADK,1788665778,,,,0.0,,,,,0.0,False
KXITFWMATCH-26SEP06YANSHI-SHI,1788668782,,,,0.0,,,,,0.0,False
KXITFWMATCH-26SEP06CHESHI-CHE,1788669363,,,,0.0,,,,,0.0,False
KXITFWMATCH-26SEP06KOKCHA-CHA,1788669971,,,,0.0,,,,,0.0,False
KXITFWMATCH-26SEP06CEHSCH-CEH,1788670265,,,,0.0,,,,,0.0,False
KXITFWMATCH-26SEP06LORSCH-LOR,1788671461,,,,0.0,,,,,0.0,False
KXITFWMATCH-26SEP06COLCOL2-COL,1788671756,,,,0.0,,,,,0.0,False
KXITFWMATCH-26SEP06KASPIR-KAS,1788673563,,,,0.0,,,,,0.0,False
KXITFWMATCH-26SEP06ZHANUG-NUG,1788673869,,,,0.0,,,,,0.0,False
KXITFWMATCH-26SEP06LUEORD-LUE,1788673871,,,,0.0,,,,,0.0,False
KXITFWMATCH-26SEP06ZAYPED-PED,1788674162,,,,0.0,,,,,0.0,False
KXITFWMATCH-26SEP06KOBYEX-KOB,1788675359,,,,0.0,,,,,0.0,False
KXITFWMATCH-26SEP06MATCER-CER,1788675361,,,,0.0,,,,,0.0,False
KXITFWMATCH-26SEP06COLHIN-COL,1788675668,,,,0.0,,,,,0.0,False
KXITFWMATCH-26SEP06BRELOP-BRE,1788675962,,,,0.0,,,,,0.0,False
KXITFWMATCH-26SEP06DIABRU-BRU,1788676265,,,,0.0,,,,,0.0,False
KXITFWMATCH-26SEP06RAICHA-CHA,1788676266,,,,0.0,,,,,0.0,False
KXITFWMATCH-26SEP06ARGLAH-ARG,1788676860,,,,0.0,,,,,0.0,False
KXITFWMATCH-26SEP06CHEZUR-CHE,1788677175,,,,0.0,,,,,0.0,False
KXITFWMATCH-26SEP06TREMAI-MAI,1788677472,,,,0.0,,,,,0.0,False
KXITFWMATCH-26SEP06ANSTSE-ANS,1788678076,,,,0.0,,,,,0.0,False
KXITFWMATCH-26SEP06SASBUR-BUR,1788678667,,,,0.0,,,,,0.0,False
KXITFWMATCH-26SEP06MRACHI-CHI,1788679568,,,,0.0,,,,,0.0,False
KXITFWMATCH-26SEP06LERTRK-LER,1788679569,,,,0.0,,,,,0.0,False
KXITFWMATCH-26SEP06BEDLAZ-BED,1788679898,,,,0.0,,,,,0.0,False
KXITFWMATCH-26SEP06WITERL-ERL,1788679899,,,,0.0,,,,,0.0,False
KXITFWMATCH-26SEP06DEOBON-BON,1788680169,,,,0.0,,,,,0.0,False
KXITFWMATCH-26SEP06VANHOR-HOR,1788680170,,,,0.0,,,,,0.0,False
KXITFWMATCH-26SEP06SCHNES-NES,1788680453,,,,0.0,,,,,0.0,False
KXITFWMATCH-26SEP06GLULAC-GLU,1788682859,,,,0.0,,,,,0.0,False
KXITFWMATCH-26SEP06ARSMUN-ARS,1788683149,,,,0.0,,,,,0.0,False
KXITFWMATCH-26SEP06CRIGRA-CRI,1788683470,,,,0.0,,,,,0.0,False
KXITFWMATCH-26SEP06MEDKAR-KAR,1788684952,,,,0.0,,,,,0.0,False
KXITFWMATCH-26SEP06LEEVLA-LEE,1788686751,,,,0.0,,,,,0.0,False
KXITFWMATCH-26SEP06GETKUP-GET,1788686751,,,,0.0,,,,,0.0,False
KXITFWMATCH-26SEP06LEWREY-LEW,1788688251,,,,0.0,,,,,0.0,False
KXITFWMATCH-26SEP06RATBED-BED,1788688544,,,,0.0,,,,,0.0,False
KXITFWMATCH-26SEP06AGBBRU-AGB,1788688856,,,,0.0,,,,,0.0,False
KXITFWMATCH-26SEP06YASCEM-CEM,1788691247,,,,0.0,,,,,0.0,False
KXITFWMATCH-26SEP06BOUFUC-BOU,1788691248,,,,0.0,,,,,0.0,False
KXITFWMATCH-26SEP06FERBUR-BUR,1788692454,,,,0.0,,,,,0.0,False
KXITFWMATCH-26SEP06OTZSAN-OTZ,1788693338,,,,0.0,,,,,0.0,False
KXITFWMATCH-26SEP06JOHMAR-JOH,1788696334,,,,0.0,,,,,0.0,False
KXITFWMATCH-26SEP06EZZPER-EZZ,1788696334,,,,0.0,,,,,0.0,False
KXITFWMATCH-26SEP06BOSURR-BOS,1788697839,,,,0.0,,,,,0.0,False
KXITFWMATCH-26SEP06KLUFRU-FRU,1788698122,,,,0.0,,,,,0.0,False
KXITFWMATCH-26SEP06IVADAS-DAS,1788699030,,,,0.0,,,,,0.0,False
KXITFWMATCH-26SEP06LEOFON-FON,1788704448,,,,0.0,,,,,0.0,False
KXITFWMATCH-26SEP06SANCAN-CAN,1788712570,,,,0.0,,,,,0.0,False
KXITFWMATCH-26SEP06ZHEWAN-WAN,1788739580,,,,0.0,,,,,0.0,False
KXITFWMATCH-26SEP06KURSID-KUR,1788742584,,,,0.0,,,,,0.0,False
KXITFWMATCH-26SEP06NISSAT-NIS,1788743790,,,,0.0,,,,,0.0,False
KXITFWMATCH-26SEP07NAGMAT-MAT,1788747966,,,,0.0,,,,,0.0,False
KXITFWMATCH-26SEP06KUBYAN-KUB,1788748873,,,,0.0,,,,,0.0,False
KXITFWMATCH-26SEP06WEISHI-SHI,1788748874,,,,0.0,,,,,0.0,False
KXITFWMATCH-26SEP06SHIKOK-KOK,1788749158,,,,0.0,,,,,0.0,False
KXITFWMATCH-26SEP07MURKAW-KAW,1788752459,,,,0.0,,,,,0.0,False
KXITFWMATCH-26SEP07LINLEE-LEE,1788753360,,,,0.0,,,,,0.0,False
KXITFWMATCH-26SEP07CUCMOC-CUC,1788753674,,,,0.0,,,,,0.0,False
KXITFWMATCH-26SEP07ADKZHA-ADK,1788754253,,,,0.0,,,,,0.0,False
KXITFWMATCH-26SEP07NICCAP-CAP,1788754856,,,,0.0,,,,,0.0,False
KXITFWMATCH-26SEP07YEXHUA-HUA,1788755161,,,,0.0,,,,,0.0,False
KXITFWMATCH-26SEP07KIMJEO-JEO,1788755451,,,,0.0,,,,,0.0,False
KXITFWMATCH-26SEP07LACPRE-LAC,1788755756,,,,0.0,,,,,0.0,False
KXITFWMATCH-26SEP07LEEPAR-LEE,1788758465,,,,0.0,,,,,0.0,False
KXITFWMATCH-26SEP07LUEZUR-LUE,1788758467,,,,0.0,,,,,0.0,False
KXITFWMATCH-26SEP07AHNOHW-AHN,1788760265,,,,0.0,,,,,0.0,False
KXITFWMATCH-26SEP07LEEKOS-KOS,1788760892,,,,0.0,,,,,0.0,False
KXITFWMATCH-26SEP07FAUMUL-FAU,1788760893,,,,0.0,,,,,0.0,False
KXITFWMATCH-26SEP07LANANT-ANT,1788760899,,,,0.0,,,,,0.0,False
KXITFWMATCH-26SEP07COZPAU-COZ,1788761453,,,,0.0,,,,,0.0,False
KXITFWMATCH-26SEP07SHISAN-SAN,1788761760,,,,0.0,,,,,0.0,False
KXITFWMATCH-26SEP07LORNES-LOR,1788762365,,,,0.0,,,,,0.0,False
KXITFWMATCH-26SEP07TEIVIL-TEI,1788762367,,,,0.0,,,,,0.0,False
KXITFWMATCH-26SEP07BILBAS-BAS,1788762662,,,,0.0,,,,,0.0,False
KXITFWMATCH-26SEP07CEHCOL-CEH,1788762662,,,,0.0,,,,,0.0,False
KXITFWMATCH-26SEP07CHABUR-BUR,1788762663,,,,0.0,,,,,0.0,False
KXITFWMATCH-26SEP07REVGOM-GOM,1788763261,,,,0.0,,,,,0.0,False
KXITFWMATCH-26SEP07VLAROM-ROM,1788763551,,,,0.0,,,,,0.0,False
KXITFWMATCH-26SEP07COLCER-CER,1788763865,,,,0.0,,,,,0.0,False
KXITFWMATCH-26SEP07MUNBON-BON,1788763866,,,,0.0,,,,,0.0,False
KXITFWMATCH-26SEP07DROSVE-DRO,1788764465,,,,0.0,,,,,0.0,False
KXITFWMATCH-26SEP07HOECHE-CHE,1788764771,,,,0.0,,,,,0.0,False
KXITFWMATCH-26SEP07GETTRK-GET,1788765065,,,,0.0,,,,,0.0,False
KXITFWMATCH-26SEP07KRZJAE-JAE,1788765367,,,,0.0,,,,,0.0,False
KXITFWMATCH-26SEP07MOSDES-DES,1788766266,,,,0.0,,,,,0.0,False
KXITFWMATCH-26SEP07COSPAR-COS,1788766557,,,,0.0,,,,,0.0,False
KXITFWMATCH-26SEP07ALVAMA-ALV,1788766868,,,,0.0,,,,,0.0,False
KXITFWMATCH-26SEP07BIRBUT-BIR,1788766868,,,,0.0,,,,,0.0,False
KXITFWMATCH-26SEP07CRIERL-CRI,1788767463,,,,0.0,,,,,0.0,False
KXITFWMATCH-26SEP07IANMAR-IAN,1788767751,,,,0.0,,,,,0.0,False
KXITFWMATCH-26SEP07DIAPIR-DIA,1788768345,,,,0.0,,,,,0.0,False
KXITFWMATCH-26SEP07GENMAR-GEN,1788769278,,,,0.0,,,,,0.0,False
KXITFWMATCH-26SEP07LACVLA-LAC,1788769279,,,,0.0,,,,,0.0,False
KXITFWMATCH-26SEP07PAUHUI-HUI,1788769566,,,,0.0,,,,,0.0,False
KXITFWMATCH-26SEP07TARPEE-PEE,1788769873,,,,0.0,,,,,0.0,False
KXITFWMATCH-26SEP07GREMAL-GRE,1788771387,,,,0.0,,,,,0.0,False
KXITFWMATCH-26SEP07BOURAT-BOU,1788771688,,,,0.0,,,,,0.0,False
KXITFWMATCH-26SEP07CASBOV-BOV,1788771689,,,,0.0,,,,,0.0,False
KXITFWMATCH-26SEP07VALFIO-FIO,1788772860,,,,0.0,,,,,0.0,False
KXITFWMATCH-26SEP07CEMKAR-CEM,1788773157,,,,0.0,,,,,0.0,False
KXITFWMATCH-26SEP07CIRLIU-CIR,1788773158,,,,0.0,,,,,0.0,False
KXITFWMATCH-26SEP07OTZDAP-DAP,1788774357,,,,0.0,,,,,0.0,False
KXITFWMATCH-26SEP07PIKALL-ALL,1788775560,,,,0.0,,,,,0.0,False
KXITFWMATCH-26SEP07RAMBRU-BRU,1788777643,,,,0.0,,,,,0.0,False
KXITFWMATCH-26SEP07MERKOV-KOV,1788778544,,,,0.0,,,,,0.0,False
KXITFWMATCH-26SEP07PARCHA-CHA,1788778544,,,,0.0,,,,,0.0,False
KXITFWMATCH-26SEP07JOHLEW-JOH,1788778860,,,,0.0,,,,,0.0,False
KXITFWMATCH-26SEP07TAMKUL-KUL,1788779465,,,,0.0,,,,,0.0,False
KXITFWMATCH-26SEP07DASLEO-DAS,1788780671,,,,0.0,,,,,0.0,False
KXITFWMATCH-26SEP07ZOCDEA-DEA,1788781874,,,,0.0,,,,,0.0,False
KXITFWMATCH-26SEP07PETPIE-PET,1788785597,,,,0.0,,,,,0.0,False
KXITFWMATCH-26SEP07KULKAJ-KAJ,1788822745,,,,0.0,,,,,0.0,False
KXITFWMATCH-26SEP07CHOTSA-CHO,1788824257,,,,0.0,,,,,0.0,False
KXITFWMATCH-26SEP07NAISHU-NAI,1788824258,,,,0.0,,,,,0.0,False
KXITFWMATCH-26SEP07NAKZHU-NAK,1788824259,,,,0.0,,,,,0.0,False
KXITFWMATCH-26SEP07YOSHAN-HAN,1788826036,,,,0.0,,,,,0.0,False
KXITFWMATCH-26SEP07COSINO-COS,1788827540,,,,0.0,,,,,0.0,False
KXITFWMATCH-26SEP07KOKYAM-KOK,1788828135,,,,0.0,,,,,0.0,False
KXITFWMATCH-26SEP07UEMCHO-CHO,1788829047,,,,0.0,,,,,0.0,False
KXITFWMATCH-26SEP07LEEOZE-LEE,1788830244,,,,0.0,,,,,0.0,False
KXITFWMATCH-26SEP07NISADK-ADK,1788832934,,,,0.0,,,,,0.0,False
KXITFWMATCH-26SEP07ABEDES-ABE,1788833254,,,,0.0,,,,,0.0,False
KXITFWMATCH-26SEP07LEYCHO-CHO,1788833519,0.07,0.08,0.11,40.67,1788832800.0,0.11,0.12,0.11,16.67,True
KXITFWMATCH-26SEP07SIDMAX-MAX,1788838003,0.58,0.59,0.59,2.6399999999999997,1788836400.0,0.58,0.59,0.59,2.6399999999999997,True
KXITFWMATCH-26SEP08SAKMAR-MAR,1788839507,0.08,0.09,0.1,5.0,1788836400.0,0.08,0.09,0.1,5.0,True
KXITFWMATCH-26SEP08GARIAN-GAR,1788839824,0.68,0.7,0.7,1.38,1788836400.0,0.69,0.7,,0.0,True
KXITFWMATCH-26SEP08POPDUM-DUM,1788839825,0.58,0.6,,0.0,1788836400.0,0.58,0.62,,0.0,True
KXITFWMATCH-26SEP08KUZVLA-KUZ,1788841924,0.71,0.8,0.89,1.11,1788840000.0,0.58,0.88,0.89,1.11,True
KXITFWMATCH-26SEP08KELROO-KEL,1788842538,0.62,0.88,0.9,1.1,1788840000.0,0.61,0.89,0.9,1.1,True
KXITFWMATCH-26SEP08HANKRU-HAN,1788843404,0.57,0.64,0.79,1.24,1788840000.0,0.58,0.66,0.79,1.24,True
KXITFWMATCH-26SEP08HEISIK-HEI,1788844322,0.42,0.74,0.75,29.0,1788843600.0,0.09,0.75,0.75,14.0,True
KXITFWMATCH-26SEP08EFRANU-ANU,1788845220,0.05,0.14,,0.0,1788843600.0,0.06,0.16,,0.0,True
KXITFWMATCH-26SEP08ALVDES-ALV,1788845222,0.86,0.88,,0.0,1788843600.0,0.85,0.86,,0.0,True
KXITFWMATCH-26SEP08SVEANT-ANT,1788845225,0.27,0.34,,0.0,1788843600.0,0.28,0.34,,0.0,True
KXITFWMATCH-26SEP08GENPAR-GEN,1788845236,0.69,0.8,,0.0,1788843600.0,0.73,0.79,,0.0,True
KXITFWMATCH-26SEP08KOCATT-ATT,1788845508,0.19,0.21,0.21,108.0,1788843600.0,0.19,0.21,0.22,80.0,True
KXITFWMATCH-26SEP08BELZAR-BEL,1788845509,0.41,0.88,0.88,13.0,1788843600.0,0.06,0.9,,0.0,True
KXITFWMATCH-26SEP08KARCHA-CHA,1788846123,0.06,0.65,,0.0,1788843600.0,0.06,0.89,,0.0,True
KXITFWMATCH-26SEP08PAHLLI-LLI,1788846125,0.34,0.85,,0.0,1788843600.0,0.07,0.89,,0.0,True
KXITFWMATCH-26SEP08VOJSRU-SRU,1788846127,0.19,0.23,,0.0,1788843600.0,0.16,0.23,,0.0,True
KXITFWMATCH-26SEP08SIMEBS-EBS,1788846409,0.05,0.12,,0.0,1788843600.0,0.07,0.1,,0.0,True
KXITFWMATCH-26SEP08CARREN-CAR,1788846410,0.43,0.45,,0.0,1788843600.0,0.43,0.44,,0.0,True
KXITFWMATCH-26SEP08CINAFF-AFF,1788846410,0.37,0.42,,0.0,1788843600.0,0.42,0.48,,0.0,True
KXITFWMATCH-26SEP08VAGPUL-PUL,1788846412,0.16,0.19,0.17,12.0,1788843600.0,0.15,0.16,0.16,1.0,True
KXITFWMATCH-26SEP08YESTEI-TEI,1788846413,0.6,0.61,0.61,30.27,1788843600.0,0.61,0.62,,0.0,True
KXITFWMATCH-26SEP08PIESTE-PIE,1788846421,0.32,0.37,,0.0,1788843600.0,0.29,0.33,,0.0,True
KXITFWMATCH-26SEP08GADBOJ-BOJ,1788846695,0.81,0.82,,0.0,1788843600.0,0.78,0.84,,0.0,True
KXITFWMATCH-26SEP08VASLUE-LUE,1788846696,0.26,0.3,0.3,20.0,1788843600.0,0.25,0.31,,0.0,True
KXITFWMATCH-26SEP08HADCAL-CAL,1788847313,0.11,0.23,,0.0,1788847200.0,0.08,0.9,,0.0,True
KXITFWMATCH-26SEP08MINFRA-FRA,1788847316,0.06,0.1,0.09,3.19,1788847200.0,0.08,0.1,0.09,3.19,True
KXITFWMATCH-26SEP08WAGBRE-BRE,1788847609,0.43,0.52,0.51,19.37,1788847200.0,0.4,0.51,0.53,17.86,True
KXITFWMATCH-26SEP08CHEVAJ-CHE,1788847610,0.2,0.87,,0.0,1788847200.0,0.06,0.9,,0.0,True
KXITFWMATCH-26SEP08POHSOR-POH,1788847611,0.47,0.5,,0.0,1788847200.0,0.4,0.48,,0.0,True
KXITFWMATCH-26SEP08NEPSAD-NEP,1788847894,0.44,0.47,0.43,3.0,1788847200.0,0.37,0.5,,0.0,True
KXITFWMATCH-26SEP08SAFSAG-SAF,1788847895,0.46,0.51,0.79,1.3,1788847200.0,0.06,0.9,,0.0,True
KXITFWMATCH-26SEP08NAJNEM-NAJ,1788847903,0.29,0.34,0.38,236.9,1788847200.0,0.29,0.43,0.34,232.9,True
KXITFWMATCH-26SEP08SAHTAH-SAH,1788848216,0.45,0.61,,0.0,1788847200.0,0.4,0.55,,0.0,True
KXITFWMATCH-26SEP08RAOBIO-BIO,1788848519,0.09,0.85,,0.0,1788847200.0,0.06,0.9,,0.0,True
KXITFWMATCH-26SEP08ZOURAT-RAT,1788848520,0.55,0.6,0.69,34.0,1788847200.0,0.23,0.69,0.67,33.0,True
KXITFWMATCH-26SEP08LATCOL-COL,1788849120,0.46,0.47,0.47,1084.5,1788847200.0,0.35,0.41,,0.0,True
KXITFWMATCH-26SEP08BURSTO-BUR,1788849415,0.6,0.63,0.63,12.0,1788847200.0,0.6,0.63,0.61,2.0,True
KXITFWMATCH-26SEP08BILFAU-BIL,1788849415,0.9,0.92,0.92,22.0,1788847200.0,0.22,0.9,,0.0,True
KXITFWMATCH-26SEP08RAPCEM-CEM,1788849418,0.12,0.13,0.19,1.0,1788847200.0,0.1,0.13,0.19,1.0,True
KXITFWMATCH-26SEP08CASVAL-CAS,1788851189,0.57,0.71,,0.0,1788850800.0,0.57,0.71,,0.0,True
KXITFWMATCH-26SEP08TORCHE-CHE,1788851189,0.59,0.6,0.6,208.89000000000001,1788850800.0,0.59,0.6,0.61,207.27,True
KXITFWMATCH-26SEP08CRAMAS-CRA,1788851487,0.91,0.92,0.92,31.0,1788850800.0,0.07,0.89,,0.0,True
KXITFWMATCH-26SEP08HUSGOL-GOL,1788852105,0.05,0.12,,0.0,1788850800.0,0.06,0.12,,0.0,True
KXITFWMATCH-26SEP08ORLCHY-CHY,1788853313,0.46,0.54,,0.0,1788850800.0,0.45,0.48,,0.0,True
KXITFWMATCH-26SEP08ROUJOR-JOR,1788853593,0.62,0.66,0.66,117.0,1788850800.0,0.62,0.66,0.66,96.0,True
KXITFWMATCH-26SEP08KLYKOW-KLY,1788853895,0.48,0.74,0.61,9.0,1788850800.0,0.23,0.64,,0.0,True
KXITFWMATCH-26SEP08LORETO-ETO,1788854191,0.05,0.06,0.05,219.06,1788850800.0,0.06,0.07,0.07,96.0,True
KXITFWMATCH-26SEP08REASWA-REA,1788854193,0.12,0.13,,0.0,1788850800.0,0.12,0.13,,0.0,True
KXITFWMATCH-26SEP08CHLILI-CHL,1788854495,0.3,0.31,0.31,291.0,1788854400.0,0.21,0.48,0.4,104.0,True
KXITFWMATCH-26SEP08LAZJAN-JAN,1788854780,0.09,0.11,,0.0,1788854400.0,0.06,0.11,,0.0,True
KXITFWMATCH-26SEP08PARPET-PAR,1788854780,0.62,0.89,,0.0,1788854400.0,0.79,0.88,,0.0,True
KXITFWMATCH-26SEP08PIKMER-MER,1788855401,0.06,0.17,,0.0,1788854400.0,0.15,0.17,,0.0,True
KXITFWMATCH-26SEP08BASMAR-BAS,1788855684,0.49,0.51,,0.0,1788854400.0,0.48,0.51,,0.0,True
KXITFWMATCH-26SEP08SZOAIT-AIT,1788855685,0.42,0.43,0.38,206.92000000000002,1788854400.0,0.42,0.43,0.38,206.92000000000002,True
KXITFWMATCH-26SEP08DEAKUL-DEA,1788855993,0.11,0.19,,0.0,1788854400.0,0.09,0.19,,0.0,True
KXITFWMATCH-26SEP08DODJOH-DOD,1788856586,0.41,0.45,0.53,50.0,1788854400.0,0.41,0.45,0.53,50.0,True
KXITFWMATCH-26SEP08GREPAO-GRE,1788857172,0.07,0.08,0.08,144.0,1788854400.0,0.06,0.08,0.08,144.0,True
KXITFWMATCH-26SEP08TEIVLA-TEI,1788858085,0.07,0.08,,0.0,1788858000.0,0.07,0.08,,0.0,True
KXITFWMATCH-26SEP08CROPER-CRO,1788858087,0.92,0.93,0.92,18.0,1788850800.0,0.92,0.93,0.92,18.0,True
KXITFWMATCH-26SEP08OLIROJ-OLI,1788858363,0.22,0.24,0.23,1.0,1788858000.0,0.22,0.24,0.23,1.0,True
KXITFWMATCH-26SEP08GERLUK-GER,1788859582,0.04,0.05,0.05,186.91,1788858000.0,0.04,0.05,0.05,186.91,True
KXITFWMATCH-26SEP08BASBOU-BAS,1788859881,0.3,0.35,0.3,75.0,1788858000.0,0.29,0.35,0.3,75.0,True
KXITFWMATCH-26SEP08KOMSTR-KOM,1788860169,0.49,0.5,0.53,98.0,1788858000.0,0.55,0.57,0.62,82.0,True
KXITFWMATCH-26SEP08SCHLAZ-LAZ,1788860487,0.42,0.43,0.41,721.6,1788858000.0,0.4,0.41,0.38,716.6,True
KXITFWMATCH-26SEP08MILLOM-LOM,1788860774,0.82,0.87,0.8,1.0,1788858000.0,0.82,0.87,0.8,1.0,True
KXITFWMATCH-26SEP08MPEBRU-BRU,1788861363,0.11,0.16,,0.0,1788858000.0,0.11,0.16,,0.0,True
KXITFWMATCH-26SEP08MATBIO-BIO,1788861964,0.58,0.61,,0.0,1788858000.0,0.58,0.61,,0.0,True
KXITFWMATCH-26SEP08TRAGET-GET,1788861964,0.34,0.35,0.35,734.0,1788861600.0,0.31,0.35,0.35,233.0,True
KXITFWMATCH-26SEP08DUAAZA-AZA,1788862262,0.11,0.89,,0.0,1788861600.0,0.06,0.89,,0.0,True
KXITFWMATCH-26SEP08MICPET-MIC,1788862575,0.13,0.17,,0.0,1788861600.0,0.13,0.17,,0.0,True
KXITFWMATCH-26SEP08LOPSIM-LOP,1788863466,0.05,0.9,,0.0,1788861600.0,0.06,0.9,,0.0,True
KXITFWMATCH-26SEP08KAWARC-ARC,1788864061,0.05,0.9,,0.0,1788861600.0,0.07,0.9,,0.0,True
KXITFWMATCH-26SEP08ADAGNI-ADA,1788864372,0.54,0.56,0.6,119.17,1788858000.0,0.53,0.56,0.6,119.17,True
KXITFWMATCH-26SEP08GOMCOR-COR,1788864373,0.88,0.9,0.87,5.98,1788861600.0,0.88,0.9,0.87,5.98,True
KXITFWMATCH-26SEP08DIAPAR-DIA,1788866069,0.16,0.19,,0.0,1788865200.0,0.16,0.2,,0.0,True
KXITFWMATCH-26SEP08EASVAN-EAS,1788867665,0.04,0.05,0.05,169.18,1788865200.0,0.04,0.05,0.05,169.18,True
KXITFWMATCH-26SEP08CASSIM-CAS,1788867671,0.06,0.89,,0.0,1788865200.0,0.06,0.89,,0.0,True
KXITFWMATCH-26SEP08KAZROU-KAZ,1788867984,0.42,0.49,0.5,610.1,1788865200.0,0.45,0.47,0.47,242.1,True
KXITFWMATCH-26SEP08CHMKMI-CHM,1788868574,0.06,0.83,,0.0,1788865200.0,0.07,0.89,,0.0,True
KXITFWMATCH-26SEP08SOTDOL-DOL,1788868883,0.25,0.4,,0.0,1788868800.0,0.05,0.9,,0.0,True
KXITFWMATCH-26SEP08CORTRA-COR,1788869485,0.38,0.39,0.36,201.0,1788868800.0,0.36,0.4,0.36,201.0,True
KXITFWMATCH-26SEP08MORSFI-MOR,1788871305,0.47,0.85,,0.0,1788868800.0,0.05,0.9,,0.0,True
KXITFWMATCH-26SEP08MADFIN-FIN,1788871305,0.09,0.82,,0.0,1788868800.0,0.06,0.89,,0.0,True
KXITFWMATCH-26SEP08DITERL-DIT,1788872196,0.72,0.73,0.76,2507.0,1788868800.0,0.74,0.76,0.76,2507.0,True
KXITFWMATCH-26SEP08CABMAR-CAB,1788877738,0.93,0.94,0.92,227.0,1788876000.0,0.93,0.94,0.92,227.0,True
KXITFWMATCH-26SEP08VEGAGU-AGU,1788877738,0.68,0.79,,0.0,1788876000.0,0.67,0.8,,0.0,True
KXITFWMATCH-26SEP08ROMZOR-ROM,1788877984,0.72,0.73,0.73,17.0,1788876000.0,0.71,0.75,,0.0,True
KXITFWMATCH-26SEP08PAJEST-EST,1788878556,0.93,0.94,0.96,1087.0,1788876000.0,0.93,0.95,0.96,1087.0,True
KXITFWMATCH-26SEP08GEESTE-GEE,1788879143,0.57,0.58,0.57,2406.4700000000003,1788876000.0,0.54,0.57,0.57,1895.47,True
KXITFWMATCH-26SEP08BRUFOR-BRU,1788879468,0.47,0.48,0.47,11.0,1788876000.0,0.48,0.49,0.47,11.0,True
KXITFWMATCH-26SEP08GOBARA-ARA,1788882444,0.14,0.15,0.15,377.88,1788879600.0,0.14,0.15,0.15,373.48,True
KXITFWMATCH-26SEP08NAVBRI-BRI,1788883967,0.81,0.82,0.82,13.2,1788883200.0,0.81,0.82,,0.0,True
KXITFWMATCH-26SEP08BULBAR-BAR,1788888474,0.92,0.94,0.93,77.5,1788886800.0,0.91,0.93,0.93,77.5,True
KXITFWMATCH-26SEP08RENBAI-BAI,1788910068,0.72,0.73,0.72,4.0,1788908400.0,0.72,0.73,,0.0,True
KXITFWMATCH-26SEP08GARWEI-GAR,1788910694,0.72,0.73,0.73,1205.0,1788908400.0,0.71,0.73,0.73,1135.0,True
KXITFWMATCH-26SEP08CHOOHX-CHO,1788910694,0.77,0.78,0.75,48.18,1788904800.0,0.74,0.75,0.75,35.0,True
KXITFWMATCH-26SEP08KHOOKA-KHO,1788910695,0.6,0.61,0.59,1001.0,1788908400.0,0.6,0.61,0.59,1001.0,True
KXITFWMATCH-26SEP08WANSAI-SAI,1788910696,0.69,0.7,0.71,205.0,1788908400.0,0.69,0.7,0.71,205.0,True
KXITFWMATCH-26SEP08SAWJAN-JAN,1788911879,0.41,0.44,0.43,194.0,1788908400.0,0.41,0.45,0.44,192.0,True
KXITFWMATCH-26SEP08YODKIM-KIM,1788912555,0.28,0.29,0.29,1618.28,1788912000.0,0.28,0.29,0.29,1615.0,True
KXITFWMATCH-26SEP08KOSJUX-JUX,1788912580,0.15,0.18,0.18,59.48,1788912000.0,0.14,0.17,0.19,38.47,True
KXITFWMATCH-26SEP08BACMOR-BAC,1788915481,0.59,0.61,0.61,506.45000000000005,1788912000.0,0.6,0.61,,0.0,True
KXITFWMATCH-26SEP08SAIYAO-SAI,1788915802,0.49,0.5,0.5,35.0,1788915600.0,0.49,0.51,0.51,13.0,True
KXITFWMATCH-26SEP08ZHAYAN-YAN,1788916355,0.6,0.62,0.61,5.5,1788915600.0,0.59,0.61,,0.0,True
KXITFWMATCH-26SEP08KIMPAR-KIM,1788917259,0.27,0.32,,0.0,1788915600.0,0.27,0.32,,0.0,True
KXITFWMATCH-26SEP08MURKIM-KIM,1788918747,0.63,0.65,,0.0,1788915600.0,0.62,0.64,,0.0,True
KXITFWMATCH-26SEP08WANAST-AST,1788919989,0.78,0.8,,0.0,1788919200.0,0.78,0.8,,0.0,True
KXITFWMATCH-26SEP08SONLIN-LIN,1788920245,0.63,0.68,0.69,1.41,1788919200.0,0.64,0.68,0.69,1.41,True
KXITFWMATCH-26SEP08NAKAHN-AHN,1788920548,0.2,0.22,,0.0,1788919200.0,0.2,0.22,,0.0,True
KXITFWMATCH-26SEP09ALLDIA-ALL,1788920865,0.75,0.76,,0.0,1788919200.0,0.75,0.76,,0.0,True
KXITFWMATCH-26SEP09TIASHI-SHI,1788921451,0.63,0.65,0.65,519.1600000000001,1788919200.0,0.63,0.65,0.65,517.6600000000001,True
KXITFWMATCH-26SEP09BARATA-ATA,1788923578,0.12,0.14,,0.0,1788922800.0,0.12,0.14,,0.0,True
KXITFWMATCH-26SEP09WANHUA-HUA,1788924131,0.55,0.56,0.55,3.0,1788922800.0,0.54,0.55,0.55,3.0,True
KXITFWMATCH-26SEP09PASGOI-GOI,1788925641,0.94,0.95,0.95,935.0,1788922800.0,0.94,0.95,0.95,935.0,True
KXITFWMATCH-26SEP09KUHPER-KUH,1788925946,0.27,0.29,,0.0,1788922800.0,0.27,0.29,,0.0,True
KXITFWMATCH-26SEP09CUCBRE-BRE,1788927151,0.9,0.91,0.9,93.0,1788926400.0,0.89,0.91,0.9,93.0,True
KXITFWMATCH-26SEP09RONDES-DES,1788927742,0.9,0.91,0.91,564.0,1788926400.0,0.9,0.91,0.9,18.0,True
KXITFWMATCH-26SEP09KAREFR-EFR,1788928649,0.65,0.66,0.66,5.0,1788926400.0,0.65,0.66,0.66,5.0,True
KXITFWMATCH-26SEP09MATMUS-MAT,1788929522,0.15,0.16,0.18,707.0,1788926400.0,0.15,0.16,0.18,707.0,True
KXITFWMATCH-26SEP09SANTOD-SAN,1788931080,0.16,0.17,0.18,29.15,1788930000.0,0.17,0.18,0.14,29.0,True
KXITFWMATCH-26SEP09LORILI-ILI,1788931083,0.88,0.9,0.88,503.21999999999997,1788930000.0,0.86,0.87,0.88,414.2,True
KXITFWMATCH-26SEP09MARLIU-LIU,1788931322,0.05,0.06,0.06,162.99,1788930000.0,0.05,0.06,0.06,162.37,True
KXITFWMATCH-26SEP09KOWNEM-KOW,1788931322,0.08,0.1,0.1,0.28,1788930000.0,0.08,0.11,,0.0,True
KXITFWMATCH-26SEP09TAHPAH-PAH,1788931323,0.84,0.89,,0.0,1788930000.0,0.85,0.88,,0.0,True
KXITFWMATCH-26SEP09ANSDMI-ANS,1788932246,0.78,0.79,0.79,1527.55,1788930000.0,0.78,0.79,0.82,1508.84,True
KXITFWMATCH-26SEP09SAFWIL-SAF,1788932547,0.79,0.81,0.8,525.0799999999999,1788930000.0,0.79,0.8,0.79,32.0,True
KXITFWMATCH-26SEP09HENSER-HEN,1788932549,0.69,0.74,0.72,5.0,1788930000.0,0.7,0.72,,0.0,True
KXITFWMATCH-26SEP09TOMAMA-AMA,1788932551,0.08,0.19,0.19,0.14,1788930000.0,0.1,0.39,,0.0,True
KXITFWMATCH-26SEP09HESZEL-HES,1788932816,0.47,0.48,0.48,2.1,1788930000.0,0.47,0.48,0.48,2.0,True
KXITFWMATCH-26SEP09HADFAR-FAR,1788933144,0.5,0.52,0.51,51.0,1788930000.0,0.53,0.55,,0.0,True
KXITFWMATCH-26SEP09MARHRA-HRA,1788933734,0.53,0.54,,0.0,1788933600.0,0.54,0.55,,0.0,True
KXITFWMATCH-26SEP09BHAVLA-BHA,1788934052,0.1,0.11,0.11,50.47,1788933600.0,0.1,0.11,0.11,49.96,True
KXITFWMATCH-26SEP09VALVIS-VAL,1788934946,0.07,0.1,0.09,448.78,1788933600.0,0.05,0.06,0.06,10.0,True
KXITFWMATCH-26SEP09DVOSRA-DVO,1788935240,0.8,0.82,0.81,1320.81,1788933600.0,0.79,0.81,0.81,1320.81,True
KXITFWMATCH-26SEP09AITMAR-AIT,1788935562,0.72,0.73,0.73,105.34,1788933600.0,0.67,0.69,,0.0,True
KXITFWMATCH-26SEP09BLOCIR-BLO,1788935563,0.35,0.36,0.37,46.48,1788933600.0,0.37,0.38,0.39,46.36,True
KXITFWMATCH-26SEP09KUZLAC-KUZ,1788935820,0.62,0.65,,0.0,1788933600.0,0.62,0.65,,0.0,True
KXITFWMATCH-26SEP09JAEPRI-JAE,1788936118,0.06,0.07,0.08,1848.65,1788933600.0,0.06,0.07,0.1,1821.55,True
KXITFWMATCH-26SEP09MDLHER-HER,1788936430,0.5,0.52,0.54,469.0,1788933600.0,0.52,0.53,0.54,469.0,True
KXITFWMATCH-26SEP09PIKGIA-GIA,1788936723,0.82,0.85,,0.0,1788933600.0,0.8,0.82,,0.0,True
KXITFWMATCH-26SEP09LACBAR-BAR,1788937335,0.85,0.86,0.85,39.0,1788937200.0,0.85,0.86,0.85,39.0,True
KXITFWMATCH-26SEP09BIRCAP-BIR,1788938228,0.89,0.91,0.89,196.38,1788937200.0,0.88,0.9,0.89,196.38,True
KXITFWMATCH-26SEP09SVACHY-CHY,1788938232,0.12,0.13,0.11,1276.45,1788937200.0,0.12,0.13,0.12,1166.45,True
KXITFWMATCH-26SEP09LIZEZZ-EZZ,1788938241,0.4,0.55,0.57,247.51,1788937200.0,0.17,0.6,0.61,1.0,True
KXITFWMATCH-26SEP09POLHUS-HUS,1788938538,0.56,0.57,0.6,1.0,1788933600.0,0.57,0.59,0.6,1.0,True
KXITFWMATCH-26SEP09MICGAO-GAO,1788938541,0.78,0.8,0.8,588.0,1788937200.0,0.78,0.8,0.8,588.0,True
KXITFWMATCH-26SEP09POPDEL-DEL,1788938542,0.18,0.19,0.19,161.46,1788937200.0,0.18,0.2,0.19,161.46,True
KXITFWMATCH-26SEP09HANSAC-HAN,1788938815,0.12,0.13,0.13,291.39,1788937200.0,0.12,0.13,0.13,0.21,True
KXITFWMATCH-26SEP09URSKAS-KAS,1788939142,0.7,0.71,0.71,1362.0900000000001,1788937200.0,0.7,0.71,0.72,1360.71,True
KXITFWMATCH-26SEP09TRABOU-BOU,1788939429,0.1,0.11,0.11,708.42,1788937200.0,0.09,0.11,0.11,254.42,True
KXITFWMATCH-26SEP09LAHHOE-HOE,1788939736,0.26,0.27,0.27,34.17,1788937200.0,0.26,0.27,0.27,34.17,True
KXITFWMATCH-26SEP09ALVNOV-ALV,1788940016,0.66,0.68,0.63,196.0,1788937200.0,0.65,0.68,0.63,196.0,True
KXITFWMATCH-26SEP09CARSOR-CAR,1788940305,0.13,0.14,0.15,0.18,1788937200.0,0.13,0.14,0.15,0.18,True
KXITFWMATCH-26SEP09JORDAS-DAS,1788940595,0.17,0.19,0.22,0.86,1788937200.0,0.15,0.19,0.22,0.86,True
KXITFWMATCH-26SEP09MPETRA-MPE,1788940937,0.8,0.83,0.8,53.0,1788940800.0,0.79,0.81,0.8,53.0,True
KXITFWMATCH-26SEP09KOCMAR-KOC,1788941219,0.48,0.49,,0.0,1788940800.0,0.48,0.52,,0.0,True
KXITFWMATCH-26SEP09WROSUC-SUC,1788941231,0.86,0.88,0.83,70.71,1788940800.0,0.85,0.87,0.83,70.71,True
KXITFWMATCH-26SEP09SHASEN-SEN,1788941809,0.48,0.56,0.54,16.0,1788940800.0,0.47,0.57,0.54,16.0,True
KXITFWMATCH-26SEP09LOPARG-ARG,1788942122,0.74,0.76,,0.0,1788940800.0,0.73,0.77,,0.0,True
KXITFWMATCH-26SEP09HUIPEE-HUI,1788942134,0.88,0.91,,0.0,1788940800.0,0.88,0.91,,0.0,True
KXITFWMATCH-26SEP09CHETUR-CHE,1788942415,0.58,0.62,,0.0,1788940800.0,0.58,0.62,,0.0,True
KXITFWMATCH-26SEP09SVEDEA-DEA,1788942707,0.26,0.28,0.28,1122.68,1788940800.0,0.24,0.28,0.28,1122.68,True
KXITFWMATCH-26SEP09ZHECIN-CIN,1788943294,0.3,0.31,0.35,0.54,1788940800.0,0.3,0.31,0.35,0.54,True
KXITFWMATCH-26SEP09HEIGOR-GOR,1788943892,0.79,0.8,0.8,21.65,1788940800.0,0.78,0.82,,0.0,True
KXITFWMATCH-26SEP09MASMAN-MAN,1788944194,0.81,0.82,0.81,4065.28,1788940800.0,0.82,0.83,0.81,4065.28,True
KXITFWMATCH-26SEP09POPBUC-BUC,1788944196,0.33,0.34,0.33,4.0,1788937200.0,0.33,0.34,0.33,4.0,True
KXITFWMATCH-26SEP09WECREG-REG,1788944204,0.32,0.33,0.34,14.16,1788940800.0,0.32,0.33,0.34,14.16,True
KXITFWMATCH-26SEP09GAVPRI-GAV,1788944506,0.06,0.13,,0.0,1788944400.0,0.07,0.25,,0.0,True
KXITFWMATCH-26SEP09LUELAT-LAT,1788945098,0.2,0.21,0.21,253.0,1788944400.0,0.2,0.21,0.21,253.0,True
KXITFWMATCH-26SEP09PARMAT-MAT,1788945684,0.42,0.44,0.46,5.41,1788944400.0,0.42,0.45,0.46,5.41,True
KXITFWMATCH-26SEP09OGEPAU-OGE,1788946589,0.67,0.68,0.7,16.0,1788944400.0,0.67,0.69,0.7,16.0,True
KXITFWMATCH-26SEP09GENTRE-GEN,1788946591,0.28,0.29,0.27,4664.02,1788944400.0,0.28,0.29,0.27,4664.02,True
KXITFWMATCH-26SEP09STABEL-BEL,1788947176,0.76,0.8,0.73,20.69,1788944400.0,0.76,0.8,0.73,20.69,True
KXITFWMATCH-26SEP09MARGAS-GAS,1788947177,0.9,0.91,,0.0,1788944400.0,0.88,0.91,,0.0,True
KXITFWMATCH-26SEP09BRENEP-BRE,1788948109,0.15,0.23,0.2,0.18,1788948000.0,0.18,0.21,0.2,0.18,True
KXITFWMATCH-26SEP09DESVOR-DES,1788948365,0.08,0.1,,0.0,1788948000.0,0.08,0.1,,0.0,True
KXITFWMATCH-26SEP09PERGAS-GAS,1788948685,0.09,0.48,,0.0,1788948000.0,0.36,0.48,,0.0,True
KXITFWMATCH-26SEP09FERRAG-FER,1788949277,0.07,0.09,0.08,777.0,1788948000.0,0.06,0.08,0.08,777.0,True
KXITFWMATCH-26SEP09MORMAR-MAR,1788949278,0.52,0.53,0.49,4.0,1788940800.0,0.52,0.53,0.49,4.0,True
KXITFWMATCH-26SEP09BEDNAR-BED,1788949562,0.23,0.68,,0.0,1788948000.0,0.6,0.61,,0.0,True
KXITFWMATCH-26SEP09MYAKIK-KIK,1788949563,0.47,0.84,0.65,205.28,1788948000.0,0.64,0.65,0.65,168.28,True
KXITFWMATCH-26SEP09PETROO-PET,1788949564,0.93,0.95,0.92,73.06,1788948000.0,0.92,0.95,0.92,73.06,True
KXITFWMATCH-26SEP09SOTMOY-MOY,1788949566,0.97,0.98,0.97,292.0,1788948000.0,0.95,0.98,0.97,292.0,True
KXITFWMATCH-26SEP09BOURAO-BOU,1788949878,0.19,0.21,,0.0,1788948000.0,0.19,0.21,,0.0,True
KXITFWMATCH-26SEP09DITVAN-DIT,1788949879,0.68,0.7,,0.0,1788948000.0,0.68,0.69,,0.0,True
KXITFWMATCH-26SEP09NEPWAG-NEP,1788950170,0.58,0.6,0.6,4.0,1788948000.0,0.6,0.61,,0.0,True
KXITFWMATCH-26SEP09VELKUL-KUL,1788950171,0.32,0.69,0.59,67.0,1788948000.0,0.61,0.64,0.59,67.0,True
KXITFWMATCH-26SEP09DAPCOL-COL,1788950172,0.91,0.92,,0.0,1788948000.0,0.9,0.92,,0.0,True
KXITFWMATCH-26SEP09KATRAT-KAT,1788950481,0.7,0.71,,0.0,1788944400.0,0.7,0.71,,0.0,True
KXITFWMATCH-26SEP09DOLCAS-CAS,1788950753,0.88,0.89,0.89,67.0,1788948000.0,0.88,0.89,0.89,67.0,True
KXITFWMATCH-26SEP09KAWMAD-KAW,1788950754,0.21,0.24,,0.0,1788948000.0,0.19,0.23,,0.0,True
KXITFWMATCH-26SEP09SANMIR-MIR,1788951058,0.81,0.82,0.81,649.93,1788948000.0,0.79,0.82,0.8,575.0,True
KXITFWMATCH-26SEP09BENSAF-BEN,1788951684,0.29,0.3,0.3,631.1899999999999,1788951600.0,0.27,0.29,0.28,629.63,True
KXITFWMATCH-26SEP09CHIJAN-CHI,1788952260,0.93,0.95,0.92,20.14,1788951600.0,0.94,0.95,0.92,20.14,True
KXITFWMATCH-26SEP09NUUKOL-KOL,1788953479,0.06,0.09,0.1,441.9100000000001,1788951600.0,0.05,0.09,0.05,405.44000000000005,True
KXITFWMATCH-26SEP09SOUURR-SOU,1788953891,0.03,0.04,0.04,445.0,1788951600.0,0.03,0.04,0.04,445.0,True
KXITFWMATCH-26SEP09ITOFRU-FRU,1788954088,0.6,0.62,0.62,3.0,1788951600.0,0.6,0.62,0.62,3.0,True
KXITFWMATCH-26SEP09BRAMUN-BRA,1788954370,0.83,0.85,0.88,17.0,1788951600.0,0.88,0.89,0.9,14.0,True
KXITFWMATCH-26SEP09KLUVOL-KLU,1788954658,,,,0.0,,,,,0.0,False
KXITFWMATCH-26SEP09SANLOP-LOP,1788955562,,,,0.0,,,,,0.0,False
KXITFWMATCH-26SEP09PETSEV-PET,1788958878,,,,0.0,,,,,0.0,False
KXITFWMATCH-26SEP09CINCOR-CIN,1788959476,,,,0.0,,,,,0.0,False
KXITFWMATCH-26SEP09VOJHER-HER,1788960980,,,,0.0,,,,,0.0,False
KXITFWMATCH-26SEP09BERPAC-BER,1788961583,,,,0.0,,,,,0.0,False
KXITFWMATCH-26SEP09GANFAU-FAU,1788962178,,,,0.0,,,,,0.0,False
KXITFWMATCH-26SEP09LOPDUA-DUA,1788962185,,,,0.0,,,,,0.0,False
KXITFWMATCH-26SEP09MAIPET-MAI,1788966121,,,,0.0,,,,,0.0,False
KXITFWMATCH-26SEP09GERAGU-AGU,1788966423,,,,0.0,,,,,0.0,False
KXITFWMATCH-26SEP09LEYKIM-KIM,1788992241,,,,0.0,,,,,0.0,False
KXITFWMATCH-26SEP09TSAZHU-TSA,1788993129,,,,0.0,,,,,0.0,False
KXITFWMATCH-26SEP09YAOYAN-YAN,1788996146,,,,0.0,,,,,0.0,False
KXITFWMATCH-26SEP09KAJSHU-KAJ,1788997324,,,,0.0,,,,,0.0,False
KXITFWMATCH-26SEP09PARSAW-PAR,1788998808,,,,0.0,,,,,0.0,False
KXITFWMATCH-26SEP09YOSKOS-KOS,1788999110,,,,0.0,,,,,0.0,False
KXITFWMATCH-26SEP09CHOMAT-CHO,1788999428,,,,0.0,,,,,0.0,False
KXITFWMATCH-26SEP09SHIHUA-HUA,1789000024,,,,0.0,,,,,0.0,False
KXITFWMATCH-26SEP09ABEKIM-ABE,1789000317,,,,0.0,,,,,0.0,False
KXITFWMATCH-26SEP09KOKMAX-KOK,1789000615,,,,0.0,,,,,0.0,False
KXITFWMATCH-26SEP09MORAST-AST,1789001507,,,,0.0,,,,,0.0,False
KXITFWMATCH-26SEP09UEMLEE-LEE,1789003900,,,,0.0,,,,,0.0,False
KXITFWMATCH-26SEP09INOADK-ADK,1789005112,,,,0.0,,,,,0.0,False
KXITFWMATCH-26SEP09WEIKHO-KHO,1789005724,,,,0.0,,,,,0.0,False
KXITFWMATCH-26SEP09WANREN-REN,1789006628,,,,0.0,,,,,0.0,False
KXITFWMATCH-26SEP09NAKLIN-LIN,1789007206,,,,0.0,,,,,0.0,False
KXITFWMATCH-26SEP10PERSAC-PER,1789016502,,,,0.0,,,,,0.0,False
KXITFWMATCH-26SEP10KOCEZZ-EZZ,1789016502,,,,0.0,,,,,0.0,False
KXITFWMATCH-26SEP10WAGBRE-BRE,1789016503,,,,0.0,,,,,0.0,False
KXITFWMATCH-26SEP10PETMDL-MDL,1789016503,,,,0.0,,,,,0.0,False
KXITFWMATCH-26SEP10POPOGE-OGE,1789016504,,,,0.0,,,,,0.0,False
KXITFWMATCH-26SEP10TODBAR-BAR,1789016800,,,,0.0,,,,,0.0,False
KXITFWMATCH-26SEP10HOEYES-HOE,1789017391,,,,0.0,,,,,0.0,False
KXITFWMATCH-26SEP10URSMAN-MAN,1789018885,,,,0.0,,,,,0.0,False
KXITFWMATCH-26SEP10TRAMAT-MAT,1789018885,,,,0.0,,,,,0.0,False
KXITFWMATCH-26SEP10GASVLA-GAS,1789019165,,,,0.0,,,,,0.0,False
KXITFWMATCH-26SEP10NUUKMI-KMI,1789019166,,,,0.0,,,,,0.0,False
KXITFWMATCH-26SEP10SVAVEL-SVA,1789019167,,,,0.0,,,,,0.0,False
KXITFWMATCH-26SEP10RAOCIR-CIR,1789019769,,,,0.0,,,,,0.0,False
KXITFWMATCH-26SEP10CRASAF-CRA,1789020090,,,,0.0,,,,,0.0,False
KXITFWMATCH-26SEP10DITILI-DIT,1789020090,,,,0.0,,,,,0.0,False
KXITFWMATCH-26SEP10OLITUR-OLI,1789020091,,,,0.0,,,,,0.0,False
KXITFWMATCH-26SEP10CHIDVO-CHI,1789020680,,,,0.0,,,,,0.0,False
KXITFWMATCH-26SEP10REGEFR-EFR,1789020978,,,,0.0,,,,,0.0,False
KXITFWMATCH-26SEP10VAGBEL-BEL,1789021291,,,,0.0,,,,,0.0,False
KXITFWMATCH-26SEP10PAOCHE-CHE,1789022168,,,,0.0,,,,,0.0,False
KXITFWMATCH-26SEP10MARDES-DES,1789022492,,,,0.0,,,,,0.0,False
KXITFWMATCH-26SEP10GORSUC-GOR,1789022783,,,,0.0,,,,,0.0,False
KXITFWMATCH-26SEP10JOHGAO-GAO,1789023073,,,,0.0,,,,,0.0,False
KXITFWMATCH-26SEP10POPKIK-KIK,1789023356,,,,0.0,,,,,0.0,False
KXITFWMATCH-26SEP10CROSTO-CRO,1789023358,,,,0.0,,,,,0.0,False
KXITFWMATCH-26SEP10DIAATA-ATA,1789023962,,,,0.0,,,,,0.0,False
KXITFWMATCH-26SEP10ANSPAH-ANS,1789023963,,,,0.0,,,,,0.0,False
KXITFWMATCH-26SEP10HENCOR-COR,1789024873,,,,0.0,,,,,0.0,False
KXITFWMATCH-26SEP10HESTEI-HES,1789025152,,,,0.0,,,,,0.0,False
KXITFWMATCH-26SEP10VISSCH-SCH,1789025153,,,,0.0,,,,,0.0,False
KXITFWMATCH-26SEP10POPBOJ-BOJ,1789025158,,,,0.0,,,,,0.0,False
KXITFWMATCH-26SEP10MARSOR-MAR,1789025483,,,,0.0,,,,,0.0,False
KXITFWMATCH-26SEP10SEVRAG-RAG,1789025760,,,,0.0,,,,,0.0,False
KXITFWMATCH-26SEP10TOMGEN-GEN,1789026056,,,,0.0,,,,,0.0,False
KXITFWMATCH-26SEP10BEDSTR-BED,1789026348,,,,0.0,,,,,0.0,False
KXITFWMATCH-26SEP10LUEMPE-LUE,1789026945,,,,0.0,,,,,0.0,False
KXITFWMATCH-26SEP10DAPGAS-DAP,1789027546,,,,0.0,,,,,0.0,False
KXITFWMATCH-26SEP10MINJOR-JOR,1789027549,,,,0.0,,,,,0.0,False
KXITFWMATCH-26SEP10GASSVE-GAS,1789027854,,,,0.0,,,,,0.0,False
KXITFWMATCH-26SEP10BENHAD-BEN,1789028447,,,,0.0,,,,,0.0,False
KXITFWMATCH-26SEP10KATLUK-KAT,1789028742,,,,0.0,,,,,0.0,False
KXITFWMATCH-26SEP10BIRMIR-BIR,1789029655,,,,0.0,,,,,0.0,False
KXITFWMATCH-26SEP10PRIPAC-PAC,1789029932,,,,0.0,,,,,0.0,False
KXITFWMATCH-26SEP10PEEGEE-GEE,1789030852,,,,0.0,,,,,0.0,False
KXITFWMATCH-26SEP10SAKBRE-BRE,1789030854,,,,0.0,,,,,0.0,False
KXITFWMATCH-26SEP10ZHEPET-PET,1789031446,,,,0.0,,,,,0.0,False
KXITFWMATCH-26SEP10ADANEM-ADA,1789031736,,,,0.0,,,,,0.0,False
KXITFWMATCH-26SEP10PIEARG-ARG,1789032046,,,,0.0,,,,,0.0,False
KXITFWMATCH-26SEP10HUSHER-HER,1789033241,,,,0.0,,,,,0.0,False
KXITFWMATCH-26SEP10BRAITO-BRA,1789034441,,,,0.0,,,,,0.0,False
KXITFWMATCH-26SEP10RAPSWA-RAP,1789034735,,,,0.0,,,,,0.0,False
KXITFWMATCH-26SEP10GARPRI-GAR,1789035915,,,,0.0,,,,,0.0,False
KXITFWMATCH-26SEP10JORKUZ-JOR,1789036400,,,,0.0,,,,,0.0,False
KXITFWMATCH-26SEP10GERAYA-AYA,1789038930,,,,0.0,,,,,0.0,False
KXITFWMATCH-26SEP10CABMAD-CAB,1789039827,,,,0.0,,,,,0.0,False
KXITFWMATCH-26SEP10CHAVOL-CHA,1789040426,,,,0.0,,,,,0.0,False
KXITFWMATCH-26SEP10MARROU-MAR,1789044650,,,,0.0,,,,,0.0,False
KXITFWMATCH-26SEP10ESTMOY-EST,1789045484,,,,0.0,,,,,0.0,False
KXITFWMATCH-26SEP10GOBBAR-BAR,1789046433,,,,0.0,,,,,0.0,False
KXITFWMATCH-26SEP10LOPURR-LOP,1789048568,,,,0.0,,,,,0.0,False
KXITFWMATCH-26SEP10CINMOR-CIN,1789051248,,,,0.0,,,,,0.0,False
KXITFWMATCH-26SEP10BRICAS-BRI,1789051542,,,,0.0,,,,,0.0,False
KXITFWMATCH-26SEP10KIMCHO-CHO,1789079574,,,,0.0,,,,,0.0,False
KXITFWMATCH-26SEP10NAKTSA-NAK,1789080658,,,,0.0,,,,,0.0,False
KXITFWMATCH-26SEP10KHOAST-AST,1789080946,,,,0.0,,,,,0.0,False
KXITFWMATCH-26SEP10YOSLEE-LEE,1789085153,,,,0.0,,,,,0.0,False
KXITFWMATCH-26SEP10INOREN-INO,1789087541,,,,0.0,,,,,0.0,False
KXITFWMATCH-26SEP10SHIKOK-KOK,1789088131,,,,0.0,,,,,0.0,False
KXITFWMATCH-26SEP10KIMSAW-KIM,1789095650,,,,0.0,,,,,0.0,False
KXITFWMATCH-26SEP11ATAPER-ATA,1789096232,,,,0.0,,,,,0.0,False
KXITFWMATCH-26SEP10YAOSHU-SHU,1789096528,,,,0.0,,,,,0.0,False
KXITFWMATCH-26SEP11MDLMAR-MAR,1789099843,,,,0.0,,,,,0.0,False
KXITFWMATCH-26SEP11GOIBIR-BIR,1789100437,,,,0.0,,,,,0.0,False
KXITFWMATCH-26SEP11CRATOD-CRA,1789101041,,,,0.0,,,,,0.0,False
KXITFWMATCH-26SEP11GASEZZ-EZZ,1789102842,,,,0.0,,,,,0.0,False
KXITFWMATCH-26SEP11SAKBOJ-BOJ,1789103424,,,,0.0,,,,,0.0,False
KXITFWMATCH-26SEP11REGBRE-BRE,1789103742,,,,0.0,,,,,0.0,False
KXITFWMATCH-26SEP10GIAVOR-GIA,1789105522,,,,0.0,,,,,0.0,False
KXITFWMATCH-26SEP11ARGPAO-ARG,1789105828,,,,0.0,,,,,0.0,False
KXITFWMATCH-26SEP11CORYES-COR,1789105828,,,,0.0,,,,,0.0,False
KXITFWMATCH-26SEP11HESGEE-GEE,1789106446,,,,0.0,,,,,0.0,False
KXITFWMATCH-26SEP10SHAFOR-FOR,1789106728,,,,0.0,,,,,0.0,False
KXITFWMATCH-26SEP11JORSWA-JOR,1789107341,,,,0.0,,,,,0.0,False
KXITFWMATCH-26SEP11BELCIR-BEL,1789107629,,,,0.0,,,,,0.0,False
KXITFWMATCH-26SEP11CHIKMI-CHI,1789108238,,,,0.0,,,,,0.0,False
KXITFWMATCH-26SEP11OLILUK-LUK,1789109121,,,,0.0,,,,,0.0,False
KXITFWMATCH-26SEP11POPGAR-GAR,1789109426,,,,0.0,,,,,0.0,False
KXITFWMATCH-26SEP11ANSHAD-ANS,1789110338,,,,0.0,,,,,0.0,False
KXITFWMATCH-26SEP10GANALV-ALV,1789111222,,,,0.0,,,,,0.0,False
KXITFWMATCH-26SEP10MAILOM-LOM,1789111512,,,,0.0,,,,,0.0,False
KXITFWMATCH-26SEP11KIKMAN-KIK,1789112711,,,,0.0,,,,,0.0,False
KXITFWMATCH-26SEP11ADAHUS-ADA,1789112711,,,,0.0,,,,,0.0,False
KXITFWMATCH-26SEP11MARPAC-MAR,1789113908,,,,0.0,,,,,0.0,False
KXITFWMATCH-26SEP11JORGAS-GAS,1789113908,,,,0.0,,,,,0.0,False
KXITFWMATCH-26SEP11SVASUC-SUC,1789113908,,,,0.0,,,,,0.0,False
KXITFWMATCH-26SEP11CROJOH-CRO,1789114509,,,,0.0,,,,,0.0,False
KXITFWMATCH-26SEP11ILISOR-ILI,1789117515,,,,0.0,,,,,0.0,False
KXITFWMATCH-26SEP11BEDPET-BED,1789118412,,,,0.0,,,,,0.0,False
KXITFWMATCH-26SEP11VOLITO-ITO,1789120221,,,,0.0,,,,,0.0,False
KXITFWMATCH-26SEP11TRAMPE-MPE,1789123982,,,,0.0,,,,,0.0,False
KXITFWMATCH-26SEP11BRIAYA-AYA,1789126809,,,,0.0,,,,,0.0,False
KXITFWMATCH-26SEP11CABGOB-CAB,1789128251,,,,0.0,,,,,0.0,False
KXITFWMATCH-26SEP11ROMEST-EST,1789129210,,,,0.0,,,,,0.0,False
KXITFWMATCH-26SEP11CINURR-CIN,1789137311,,,,0.0,,,,,0.0,False
KXITFWMATCH-26SEP11LEEKIM-KIM,1789170318,,,,0.0,,,,,0.0,False
KXITFWMATCH-26SEP11KIMTSA-KIM,1789170617,,,,0.0,,,,,0.0,False
KXITFWMATCH-26SEP11RENKHO-KHO,1789174825,,,,0.0,,,,,0.0,False
KXITFWMATCH-26SEP11SHUKOK-KOK,1789179319,,,,0.0,,,,,0.0,False
KXITFWMATCH-26SEP12MDLBRE-BRE,1789182611,,,,0.0,,,,,0.0,False
KXITFWMATCH-26SEP12TODPOP-POP,1789186203,,,,0.0,,,,,0.0,False
KXITFWMATCH-26SEP12PEREZZ-EZZ,1789186502,,,,0.0,,,,,0.0,False
KXITFWMATCH-26SEP12TOMSCH-SCH,1789191291,,,,0.0,,,,,0.0,False
KXITFWMATCH-26SEP12BOJBIR-BIR,1789191897,,,,0.0,,,,,0.0,False
KXITFWMATCH-26SEP12CORARG-ARG,1789191898,,,,0.0,,,,,0.0,False
KXITFWMATCH-26SEP12ALVVOR-ALV,1789193401,,,,0.0,,,,,0.0,False
KXITFWMATCH-26SEP12ILIMPE-ILI,1789193708,,,,0.0,,,,,0.0,False
KXITFWMATCH-26SEP12LUKKIK-KIK,1789195198,,,,0.0,,,,,0.0,False
KXITFWMATCH-26SEP12SUCPET-PET,1789196086,,,,0.0,,,,,0.0,False
KXITFWMATCH-26SEP12SHARAG-RAG,1789197002,,,,0.0,,,,,0.0,False
KXITFWMATCH-26SEP12SVELOM-LOM,1789198201,,,,0.0,,,,,0.0,False
KXITFWMATCH-26SEP12HADCIR-CIR,1789198487,,,,0.0,,,,,0.0,False
KXITFWMATCH-26SEP12GEEPAC-GEE,1789198796,,,,0.0,,,,,0.0,False
KXITFWMATCH-26SEP12GASITO-GAS,1789199088,,,,0.0,,,,,0.0,False
KXITFWMATCH-26SEP12JOHJOR-JOH,1789199684,,,,0.0,,,,,0.0,False
KXITFWMATCH-26SEP12ADAKMI-ADA,1789201799,,,,0.0,,,,,0.0,False
KXITFWMATCH-26SEP12SCHVOR-SCH,1789206281,,,,0.0,,,,,0.0,False
KXITFWMATCH-26SEP12ROMCAB-CAB,1789212878,,,,0.0,,,,,0.0,False
KXITFWMATCH-26SEP12CINAYA-AYA,1789214086,,,,0.0,,,,,0.0,False
KXITFWMATCH-26SEP12RAGLOM-LOM,1789218597,,,,0.0,,,,,0.0,False
KXITFWMATCH-26SEP12SAVCHE-CHE,1789251339,,,,0.0,,,,,0.0,False
KXITFWMATCH-26SEP12JINWUX-JIN,1789252253,,,,0.0,,,,,0.0,False
KXITFWMATCH-26SEP12ZHAKOZ-KOZ,1789254048,,,,0.0,,,,,0.0,False
KXITFWMATCH-26SEP12KIMKIM2-KIM,1789254634,,,,0.0,,,,,0.0,False
KXITFWMATCH-26SEP12ZHAVAS-VAS,1789254924,,,,0.0,,,,,0.0,False
KXITFWMATCH-26SEP12ZHAXUX-XUX,1789257036,,,,0.0,,,,,0.0,False
KXITFWMATCH-26SEP12RENSHU-REN,1789257652,,,,0.0,,,,,0.0,False
KXITFWMATCH-26SEP12WANWAN2-WAN,1789258228,,,,0.0,,,,,0.0,False
KXITFWMATCH-26SEP12DYULUO-DYU,1789261516,,,,0.0,,,,,0.0,False
KXITFWMATCH-26SEP12YEXCAI-CAI,1789261828,,,,0.0,,,,,0.0,False
KXITFWMATCH-26SEP12ZHULIX-LIX,1789263632,,,,0.0,,,,,0.0,False
KXITFWMATCH-26SEP12LIXLUX-LIX,1789265125,,,,0.0,,,,,0.0,False
KXITFWMATCH-26SEP13LEYXUX-LEY,1789266028,,,,0.0,,,,,0.0,False
KXITFWMATCH-26SEP12RENARY-ARY,1789267227,,,,0.0,,,,,0.0,False
KXITFWMATCH-26SEP13RASAMA-AMA,1789268718,,,,0.0,,,,,0.0,False
KXITFWMATCH-26SEP13SUNHOU-HOU,1789269638,,,,0.0,,,,,0.0,False
KXITFWMATCH-26SEP12SAGHAN-HAN,1789270239,,,,0.0,,,,,0.0,False
KXITFWMATCH-26SEP13TARSPA-SPA,1789271719,,,,0.0,,,,,0.0,False
KXITFWMATCH-26SEP13CIRAIK-AIK,1789273520,,,,0.0,,,,,0.0,False
KXITFWMATCH-26SEP13WONSUN-SUN,1789273839,,,,0.0,,,,,0.0,False
KXITFWMATCH-26SEP13YANSUN-SUN,1789275919,,,,0.0,,,,,0.0,False
KXITFWMATCH-26SEP13MICHOE-HOE,1789276839,,,,0.0,,,,,0.0,False
KXITFWMATCH-26SEP13TANDEP-DEP,1789276839,,,,0.0,,,,,0.0,False
KXITFWMATCH-26SEP13VANRAS-RAS,1789277111,,,,0.0,,,,,0.0,False
KXITFWMATCH-26SEP13KORVEL-KOR,1789278316,,,,0.0,,,,,0.0,False
KXITFWMATCH-26SEP13BONBAS-BAS,1789279240,,,,0.0,,,,,0.0,False
KXITFWMATCH-26SEP13STAGOI-GOI,1789279831,,,,0.0,,,,,0.0,False
KXITFWMATCH-26SEP13GOSVLA-GOS,1789281033,,,,0.0,,,,,0.0,False
KXITFWMATCH-26SEP13HADLUK-HAD,1789281622,,,,0.0,,,,,0.0,False
KXITFWMATCH-26SEP13DITNAR-DIT,1789283737,,,,0.0,,,,,0.0,False
KXITFWMATCH-26SEP13ADAPET-ADA,1789284019,,,,0.0,,,,,0.0,False
KXITFWMATCH-26SEP13MAUCEM-CEM,1789284321,,,,0.0,,,,,0.0,False
KXITFWMATCH-26SEP13BIRPOP-BIR,1789284908,,,,0.0,,,,,0.0,False
KXITFWMATCH-26SEP13CORGEE-COR,1789285812,,,,0.0,,,,,0.0,False
KXITFWMATCH-26SEP13GRAPUS-GRA,1789285813,,,,0.0,,,,,0.0,False
KXITFWMATCH-26SEP13SCHRAD-RAD,1789286710,,,,0.0,,,,,0.0,False
KXITFWMATCH-26SEP13MADALE-ALE,1789287308,,,,0.0,,,,,0.0,False
KXITFWMATCH-26SEP13JORGAS-GAS,1789288810,,,,0.0,,,,,0.0,False
KXITFWMATCH-26SEP13VLABOR-BOR,1789290022,,,,0.0,,,,,0.0,False
KXITFWMATCH-26SEP13VELPAS-PAS,1789291215,,,,0.0,,,,,0.0,False
KXITFWMATCH-26SEP13VISTRA-TRA,1789291812,,,,0.0,,,,,0.0,False
KXITFWMATCH-26SEP13KUJSZO-KUJ,1789292404,,,,0.0,,,,,0.0,False
KXITFWMATCH-26SEP13GRAAND-AND,1789294492,,,,0.0,,,,,0.0,False
KXITFWMATCH-26SEP13ETOCHI-CHI,1789294808,,,,0.0,,,,,0.0,False
KXITFWMATCH-26SEP13KONSTO-KON,1789296003,,,,0.0,,,,,0.0,False
KXITFWMATCH-26SEP13TRAEAS-EAS,1789296003,,,,0.0,,,,,0.0,False
KXITFWMATCH-26SEP13LOLREN-LOL,1789297495,,,,0.0,,,,,0.0,False
KXITFWMATCH-26SEP13BRUSIM-BRU,1789297496,,,,0.0,,,,,0.0,False
KXITFWMATCH-26SEP13CABAYA-AYA,1789298409,,,,0.0,,,,,0.0,False
KXITFWMATCH-26SEP13FIRMOR-FIR,1789301094,,,,0.0,,,,,0.0,False
KXITFWMATCH-26SEP13MAQBOJ-BOJ,1789301700,,,,0.0,,,,,0.0,False
KXITFWMATCH-26SEP13EZZMDL-EZZ,1789301701,,,,0.0,,,,,0.0,False
KXITFWMATCH-26SEP13BOULEE-BOU,1789302007,,,,0.0,,,,,0.0,False
KXITFWMATCH-26SEP13HRDLOP-HRD,1789302008,,,,0.0,,,,,0.0,False
KXITFWMATCH-26SEP13LOMVOR-LOM,1789304104,,,,0.0,,,,,0.0,False
KXITFWMATCH-26SEP13MARIVA-IVA,1789304876,,,,0.0,,,,,0.0,False
KXITFWMATCH-26SEP13VICERL-ERL,1789305898,,,,0.0,,,,,0.0,False
KXITFWMATCH-26SEP13SAVZHA-SAV,1789339825,,,,0.0,,,,,0.0,False
KXITFWMATCH-26SEP13ZHALUO-LUO,1789341912,,,,0.0,,,,,0.0,False
KXITFWMATCH-26SEP13ZHUWAN-WAN,1789342831,,,,0.0,,,,,0.0,False
KXITFWMATCH-26SEP13ZHAWUX-WUX,1789344912,,,,0.0,,,,,0.0,False
KXITFWMATCH-26SEP13LEYSUN-LEY,1789348219,,,,0.0,,,,,0.0,False
KXITFWMATCH-26SEP13YEXARY-ARY,1789349433,,,,0.0,,,,,0.0,False
KXITFWMATCH-26SEP13SAGLUX-LUX,1789350025,,,,0.0,,,,,0.0,False
KXITFWMATCH-26SEP13WONHOU-HOU,1789351225,,,,0.0,,,,,0.0,False
KXITFWMATCH-26SEP14TARRAS-RAS,1789359619,,,,0.0,,,,,0.0,False
KXITFWMATCH-26SEP14KORVLA-KOR,1789360223,,,,0.0,,,,,0.0,False
KXITFWMATCH-26SEP14DITPUS-DIT,1789362305,,,,0.0,,,,,0.0,False
KXITFWMATCH-26SEP14STAAIK-AIK,1789362604,,,,0.0,,,,,0.0,False
KXITFWMATCH-26SEP14SOLSTO-SOL,1789363505,,,,0.0,,,,,0.0,False
KXITFWMATCH-26SEP14BASCEM-BAS,1789364699,,,,0.0,,,,,0.0,False
KXITFWMATCH-26SEP14TANRAS-RAS,1789366825,,,,0.0,,,,,0.0,False
KXITFWMATCH-26SEP14KUCTOT-KUC,1789367424,,,,0.0,,,,,0.0,False
KXITFWMATCH-26SEP14MADRAD-MAD,1789368901,,,,0.0,,,,,0.0,False
KXITFWMATCH-26SEP14GRASIM-GRA,1789369217,,,,0.0,,,,,0.0,False
KXITFWMATCH-26SEP14VLATRA-TRA,1789374014,,,,0.0,,,,,0.0,False
KXITFWMATCH-26SEP14RANHEN-HEN,1789374319,,,,0.0,,,,,0.0,False
KXITFWMATCH-26SEP14MARPAS-MAR,1789375209,,,,0.0,,,,,0.0,False
KXITFWMATCH-26SEP14MAZZEL-MAZ,1789375509,,,,0.0,,,,,0.0,False
KXITFWMATCH-26SEP14TRACHI-CHI,1789376056,,,,0.0,,,,,0.0,False
KXITFWMATCH-26SEP14ZAANUN-NUN,1789379419,,,,0.0,,,,,0.0,False
KXITFWMATCH-26SEP14MAQHOE-HOE,1789380906,,,,0.0,,,,,0.0,False
KXITFWMATCH-26SEP14INSDEM-DEM,1789380907,,,,0.0,,,,,0.0,False
KXITFWMATCH-26SEP14LOLSZO-LOL,1789381506,,,,0.0,,,,,0.0,False
KXITFWMATCH-26SEP14MAIROB-MAI,1789381822,,,,0.0,,,,,0.0,False
KXITFWMATCH-26SEP14FIRLEE-FIR,1789383016,,,,0.0,,,,,0.0,False
KXITFWMATCH-26SEP14VICLOP-LOP,1789386937,,,,0.0,,,,,0.0,False
KXITFWMATCH-26SEP14YODMOO-MOO,1789423892,,,,0.0,,,,,0.0,False
KXITFWMATCH-26SEP14HANNAG-HAN,1789425414,,,,0.0,,,,,0.0,False
KXITFWMATCH-26SEP14DENHAY-DEN,1789428115,,,,0.0,,,,,0.0,False
KXITFWMATCH-26SEP14UEMNAK-NAK,1789429589,,,,0.0,,,,,0.0,False
KXITFWMATCH-26SEP14KURNUG-KUR,1789429904,,,,0.0,,,,,0.0,False
KXITFWMATCH-26SEP14SAGARY-ARY,1789430538,,,,0.0,,,,,0.0,False
KXITFWMATCH-26SEP14HANSUZ-HAN,1789432293,,,,0.0,,,,,0.0,False
KXITFWMATCH-26SEP14ZHASAI-SAI,1789433773,,,,0.0,,,,,0.0,False
KXITFWMATCH-26SEP14YAOZHE-YAO,1789434098,,,,0.0,,,,,0.0,False
KXITFWMATCH-26SEP14SAWKAW-KAW,1789434099,,,,0.0,,,,,0.0,False
KXITFWMATCH-26SEP14ARAOHA-ARA,1789434982,,,,0.0,,,,,0.0,False
KXITFWMATCH-26SEP14ISHSHE-ISH,1789438277,,,,0.0,,,,,0.0,False
KXITFWMATCH-26SEP14WONBAI-BAI,1789438284,,,,0.0,,,,,0.0,False
KXITFWMATCH-26SEP14NISIMX-IMX,1789438890,,,,0.0,,,,,0.0,False
KXITFWMATCH-26SEP14YANLEY-LEY,1789440365,,,,0.0,,,,,0.0,False
KXITFWMATCH-26SEP14SIDYAN-SID,1789441305,,,,0.0,,,,,0.0,False
KXITFWMATCH-26SEP15MIYMAT-MAT,1789442173,,,,0.0,,,,,0.0,False
KXITFWMATCH-26SEP15HEREFR-EFR,1789443671,,,,0.0,,,,,0.0,False
KXITFWMATCH-26SEP15ABETSA-ABE,1789443987,,,,0.0,,,,,0.0,False
KXITFWMATCH-26SEP15NISKAW-KAW,1789443988,,,,0.0,,,,,0.0,False
KXITFWMATCH-26SEP15DIABRE-BRE,1789444291,,,,0.0,,,,,0.0,False
KXITFWMATCH-26SEP15EBESAK-EBE,1789444292,,,,0.0,,,,,0.0,False
KXITFWMATCH-26SEP15LIZKAR-KAR,1789444902,,,,0.0,,,,,0.0,False
KXITFWMATCH-26SEP15STATAR-STA,1789445761,,,,0.0,,,,,0.0,False
KXITFWMATCH-26SEP15SHIHOS-HOS,1789446956,,,,0.0,,,,,0.0,False
KXITFWMATCH-26SEP15BARKEL-BAR,1789446957,,,,0.0,,,,,0.0,False
KXITFWMATCH-26SEP15ALVDES-ALV,1789448477,,,,0.0,,,,,0.0,False
KXITFWMATCH-26SEP15MILSAW-MIL,1789448478,,,,0.0,,,,,0.0,False
KXITFWMATCH-26SEP15LONORT-LON,1789448749,,,,0.0,,,,,0.0,False
KXITFWMATCH-26SEP15YANVAN-VAN,1789449374,,,,0.0,,,,,0.0,False
KXITFWMATCH-26SEP15KITYAM-KIT,1789450559,,,,0.0,,,,,0.0,False
KXITFWMATCH-26SEP15ALLPES-ALL,1789450560,,,,0.0,,,,,0.0,False
KXITFWMATCH-26SEP15STAPAR-PAR,1789450859,,,,0.0,,,,,0.0,False
KXITFWMATCH-26SEP15MARMES-MAR,1789451152,,,,0.0,,,,,0.0,False
KXITFWMATCH-26SEP15RABROT-RAB,1789451152,,,,0.0,,,,,0.0,False
KXITFWMATCH-26SEP15CHEROO-CHE,1789451467,,,,0.0,,,,,0.0,False
KXITFWMATCH-26SEP15FIOVAL-FIO,1789451468,,,,0.0,,,,,0.0,False
KXITFWMATCH-26SEP15RAOBEK-BEK,1789451746,,,,0.0,,,,,0.0,False
KXITFWMATCH-26SEP15FIRMAT-FIR,1789452077,,,,0.0,,,,,0.0,False
KXITFWMATCH-26SEP15TSYKOR-KOR,1789452077,,,,0.0,,,,,0.0,False
KXITFWMATCH-26SEP15MEDBEZ-BEZ,1789452655,,,,0.0,,,,,0.0,False
KXITFWMATCH-26SEP15MUNPAH-MUN,1789453862,,,,0.0,,,,,0.0,False
KXITFWMATCH-26SEP15MYASAF-MYA,1789454148,,,,0.0,,,,,0.0,False
KXITFWMATCH-26SEP15DANMAR-DAN,1789454451,,,,0.0,,,,,0.0,False
KXITFWMATCH-26SEP15BOEODO-BOE,1789454744,,,,0.0,,,,,0.0,False
KXITFWMATCH-26SEP15VLARYS-RYS,1789455667,,,,0.0,,,,,0.0,False
KXITFWMATCH-26SEP15FORDES-DES,1789455940,,,,0.0,,,,,0.0,False
KXITFWMATCH-26SEP15LEOHIE-HIE,1789456242,,,,0.0,,,,,0.0,False
KXITFWMATCH-26SEP15DADGLO-DAD,1789458938,,,,0.0,,,,,0.0,False
KXITFWMATCH-26SEP15ADKDEK-ADK,1789459260,,,,0.0,,,,,0.0,False
KXITFWMATCH-26SEP15CASRAT-CAS,1789459848,,,,0.0,,,,,0.0,False
KXITFWMATCH-26SEP15NIEKAR-KAR,1789460136,,,,0.0,,,,,0.0,False
KXITFWMATCH-26SEP15SISBAS-BAS,1789460461,,,,0.0,,,,,0.0,False
KXITFWMATCH-26SEP15CHABEN-BEN,1789460461,,,,0.0,,,,,0.0,False
KXITFWMATCH-26SEP15OTZKUB-KUB,1789462557,,,,0.0,,,,,0.0,False
KXITFWMATCH-26SEP15PASMAD-MAD,1789463143,,,,0.0,,,,,0.0,False
KXITFWMATCH-26SEP15HOEIVA-HOE,1789463755,,,,0.0,,,,,0.0,False
KXITFWMATCH-26SEP15OZXKAR-KAR,1789464344,,,,0.0,,,,,0.0,False
KXITFWMATCH-26SEP15DOURIC-DOU,1789467030,,,,0.0,,,,,0.0,False
KXITFWMATCH-26SEP15BERLOP-BER,1789467636,,,,0.0,,,,,0.0,False
KXITFWMATCH-26SEP15TRAVIC-TRA,1789467640,,,,0.0,,,,,0.0,False
KXITFWMATCH-26SEP15STOBER-BER,1789468242,,,,0.0,,,,,0.0,False
KXITFWMATCH-26SEP15MARBOU-BOU,1789468828,,,,0.0,,,,,0.0,False
KXITFWMATCH-26SEP15SOASAN-SAN,1789469725,,,,0.0,,,,,0.0,False
KXITFWMATCH-26SEP15BRIMAI-BRI,1789471830,,,,0.0,,,,,0.0,False
KXITFWMATCH-26SEP15ENCGLU-ENC,1789474237,,,,0.0,,,,,0.0,False
KXITFWMATCH-26SEP15NAHSIG-NAH,1789474238,,,,0.0,,,,,0.0,False
KXITFWMATCH-26SEP15JANGRA-GRA,1789475920,,,,0.0,,,,,0.0,False
KXITFWMATCH-26SEP15REGREI-REG,1789476948,,,,0.0,,,,,0.0,False
KXITFWMATCH-26SEP15DIAMOR-DIA,1789476949,,,,0.0,,,,,0.0,False
KXITFWMATCH-26SEP15GOMEST-EST,1789479680,,,,0.0,,,,,0.0,False
KXITFWMATCH-26SEP15PODDJO-DJO,1789481490,,,,0.0,,,,,0.0,False
KXITFWMATCH-26SEP15HANRAJ-HAN,1789510636,,,,0.0,,,,,0.0,False
KXITFWMATCH-26SEP15OHAYOD-OHA,1789515122,,,,0.0,,,,,0.0,False
KXITFWMATCH-26SEP15CHESUN-CHE,1789515410,,,,0.0,,,,,0.0,False
KXITFWMATCH-26SEP15SATYOS-SAT,1789515736,,,,0.0,,,,,0.0,False
KXITFWMATCH-26SEP15SHUWAN-SHU,1789515749,,,,0.0,,,,,0.0,False
KXITFWMATCH-26SEP15ARAIMX-ARA,1789517208,,,,0.0,,,,,0.0,False
KXITFWMATCH-26SEP15SHIZHU-SHI,1789517834,,,,0.0,,,,,0.0,False
KXITFWMATCH-26SEP15WEIZHA-WEI,1789519602,,,,0.0,,,,,0.0,False
KXITFWMATCH-26SEP15KUWDEN-DEN,1789521736,,,,0.0,,,,,0.0,False
KXITFWMATCH-26SEP15YUAKHO-KHO,1789522035,,,,0.0,,,,,0.0,False
KXITFWMATCH-26SEP15YOSHAN-HAN,1789522315,,,,0.0,,,,,0.0,False
KXITFWMATCH-26SEP15SAVHUA-HUA,1789522906,,,,0.0,,,,,0.0,False
KXITFWMATCH-26SEP15SHIOZE-OZE,1789524999,,,,0.0,,,,,0.0,False
KXITFWMATCH-26SEP16WANREN-REN,1789526511,,,,0.0,,,,,0.0,False
KXITFWMATCH-26SEP15SAWLUX-LUX,1789526812,,,,0.0,,,,,0.0,False
KXITFWMATCH-26SEP15WANKUB-KUB,1789528901,,,,0.0,,,,,0.0,False
KXITFWMATCH-26SEP15GUOZHA-GUO,1789530402,,,,0.0,,,,,0.0,False
KXITFWMATCH-26SEP15MUSAIA-AIA,1789530991,,,,0.0,,,,,0.0,False
KXITFWMATCH-26SEP16DIAMAR-DIA,1789530999,,,,0.0,,,,,0.0,False
KXITFWMATCH-26SEP16KUCADA-ADA,1789531604,,,,0.0,,,,,0.0,False
KXITFWMATCH-26SEP16GASGUT-GAS,1789531897,,,,0.0,,,,,0.0,False
KXITFWMATCH-26SEP16IVAHEN-HEN,1789532788,,,,0.0,,,,,0.0,False
KXITFWMATCH-26SEP16TURDES-DES,1789532789,,,,0.0,,,,,0.0,False
KXITFWMATCH-26SEP16MILYES-MIL,1789532789,,,,0.0,,,,,0.0,False
KXITFWMATCH-26SEP16PAWCHE-CHE,1789533098,,,,0.0,,,,,0.0,False
KXITFWMATCH-26SEP16HOROKT-HOR,1789533995,,,,0.0,,,,,0.0,False
KXITFWMATCH-26SEP16ALLPIS-ALL,1789534288,,,,0.0,,,,,0.0,False
KXITFWMATCH-26SEP16INOUEM-INO,1789534594,,,,0.0,,,,,0.0,False
KXITFWMATCH-26SEP16EZZNEP-EZZ,1789534903,,,,0.0,,,,,0.0,False
KXITFWMATCH-26SEP16FIOFOR-FIO,1789534904,,,,0.0,,,,,0.0,False
KXITFWMATCH-26SEP16MEDPUL-MED,1789535782,,,,0.0,,,,,0.0,False
KXITFWMATCH-26SEP16ANSDAN-ANS,1789537042,,,,0.0,,,,,0.0,False
KXITFWMATCH-26SEP16YANMAD-MAD,1789537276,,,,0.0,,,,,0.0,False
KXITFWMATCH-26SEP16LOMCHI-CHI,1789537570,,,,0.0,,,,,0.0,False
KXITFWMATCH-26SEP16ZAAKOR-KOR,1789538508,,,,0.0,,,,,0.0,False
KXITFWMATCH-26SEP16MAISZA-MAI,1789538794,,,,0.0,,,,,0.0,False
KXITFWMATCH-26SEP16BOUJAM-BOU,1789539102,,,,0.0,,,,,0.0,False
KXITFWMATCH-26SEP16ENCSTA-ENC,1789539372,,,,0.0,,,,,0.0,False
KXITFWMATCH-26SEP16KAYPER-KAY,1789539680,,,,0.0,,,,,0.0,False
KXITFWMATCH-26SEP16MASMAR-MAR,1789539682,,,,0.0,,,,,0.0,False
KXITFWMATCH-26SEP16ALVBAB-ALV,1789539968,,,,0.0,,,,,0.0,False
KXITFWMATCH-26SEP16MUNBLO-BLO,1789539970,,,,0.0,,,,,0.0,False
KXITFWMATCH-26SEP16REGLOL-LOL,1789539970,,,,0.0,,,,,0.0,False
KXITFWMATCH-26SEP16PAGSTA-PAG,1789540285,,,,0.0,,,,,0.0,False
KXITFWMATCH-26SEP16CRAYAM-CRA,1789540558,,,,0.0,,,,,0.0,False
KXITFWMATCH-26SEP16VLADES-DES,1789541474,,,,0.0,,,,,0.0,False
KXITFWMATCH-26SEP16MIXHAD-HAD,1789542088,,,,0.0,,,,,0.0,False
KXITFWMATCH-26SEP16LEMBAI-BAI,1789542363,,,,0.0,,,,,0.0,False
KXITFWMATCH-26SEP16SEMKUR-KUR,1789542993,,,,0.0,,,,,0.0,False
KXITFWMATCH-26SEP16SZIOKU-OKU,1789543873,,,,0.0,,,,,0.0,False
KXITFWMATCH-26SEP16ZELKAR-KAR,1789544465,,,,0.0,,,,,0.0,False
KXITFWMATCH-26SEP16EBESTO-EBE,1789545969,,,,0.0,,,,,0.0,False
KXITFWMATCH-26SEP16MYAVAN-MYA,1789545970,,,,0.0,,,,,0.0,False
KXITFWMATCH-26SEP16CEUGOL-CEU,1789546859,,,,0.0,,,,,0.0,False
KXITFWMATCH-26SEP16MDLLUC-LUC,1789546861,,,,0.0,,,,,0.0,False
KXITFWMATCH-26SEP16HERVAI-HER,1789547516,,,,0.0,,,,,0.0,False
KXITFWMATCH-26SEP16MELGAN-GAN,1789548364,,,,0.0,,,,,0.0,False
KXITFWMATCH-26SEP16OLIRAO-OLI,1789548365,,,,0.0,,,,,0.0,False
KXITFWMATCH-26SEP16DELDAP-DAP,1789548658,,,,0.0,,,,,0.0,False
KXITFWMATCH-26SEP16TOMPAO-PAO,1789549271,,,,0.0,,,,,0.0,False
KXITFWMATCH-26SEP16NGUMAN-MAN,1789549555,,,,0.0,,,,,0.0,False
KXITFWMATCH-26SEP16TUPSAM-SAM,1789550448,,,,0.0,,,,,0.0,False
KXITFWMATCH-26SEP16FARKAT-FAR,1789550449,,,,0.0,,,,,0.0,False
KXITFWMATCH-26SEP16KLUDIT-DIT,1789550774,,,,0.0,,,,,0.0,False
KXITFWMATCH-26SEP16GRAOZX-GRA,1789551069,,,,0.0,,,,,0.0,False
KXITFWMATCH-26SEP16SHABOE-BOE,1789551340,,,,0.0,,,,,0.0,False
KXITFWMATCH-26SEP16STUGEN-GEN,1789551341,,,,0.0,,,,,0.0,False
KXITFWMATCH-26SEP16MDLDAD-DAD,1789552262,,,,0.0,,,,,0.0,False
KXITFWMATCH-26SEP16SILCAT-CAT,1789552264,,,,0.0,,,,,0.0,False
KXITFWMATCH-26SEP16SAHDEK-DEK,1789553133,,,,0.0,,,,,0.0,False
KXITFWMATCH-26SEP16KONFUR-FUR,1789553134,,,,0.0,,,,,0.0,False
KXITFWMATCH-26SEP16MILTKA-MIL,1789553440,,,,0.0,,,,,0.0,False
KXITFWMATCH-26SEP16ALBRAM-ALB,1789553757,,,,0.0,,,,,0.0,False
KXITFWMATCH-26SEP16LONSTE-LON,1789554638,,,,0.0,,,,,0.0,False
KXITFWMATCH-26SEP16PETZAN-PET,1789555535,,,,0.0,,,,,0.0,False
KXITFWMATCH-26SEP16APPKUH-APP,1789556128,,,,0.0,,,,,0.0,False
KXITFWMATCH-26SEP16TANHES-HES,1789556447,,,,0.0,,,,,0.0,False
KXITFWMATCH-26SEP16ROTHAT-HAT,1789556723,,,,0.0,,,,,0.0,False
KXITFWMATCH-26SEP16PETLIM-LIM,1789557327,,,,0.0,,,,,0.0,False
KXITFWMATCH-26SEP16DMILUK-DMI,1789557332,,,,0.0,,,,,0.0,False
KXITFWMATCH-26SEP16POPCIN-CIN,1789557634,,,,0.0,,,,,0.0,False
KXITFWMATCH-26SEP16TEICAS-CAS,1789558467,,,,0.0,,,,,0.0,False
KXITFWMATCH-26SEP16DIAMEL-DIA,1789559549,,,,0.0,,,,,0.0,False
KXITFWMATCH-26SEP16MORTOR-MOR,1789559714,,,,0.0,,,,,0.0,False
KXITFWMATCH-26SEP16KELLIZ-KEL,1789560624,,,,0.0,,,,,0.0,False
KXITFWMATCH-26SEP16LEWAVD-AVD,1789560625,,,,0.0,,,,,0.0,False
KXITFWMATCH-26SEP16HAMCHA-CHA,1789561521,,,,0.0,,,,,0.0,False
KXITFWMATCH-26SEP16DEMCAS-CAS,1789562444,,,,0.0,,,,,0.0,False
KXITFWMATCH-26SEP16GARSPI-GAR,1789562445,,,,0.0,,,,,0.0,False
KXITFWMATCH-26SEP16SACKUZ-KUZ,1789564842,,,,0.0,,,,,0.0,False
KXITFWMATCH-26SEP16ARCGIM-ARC,1789569079,,,,0.0,,,,,0.0,False
KXITFWMATCH-26SEP16ABEMUS-ABE,1789595787,,,,0.0,,,,,0.0,False
KXITFWMATCH-26SEP16YODLUX-LUX,1789596087,,,,0.0,,,,,0.0,False
KXITFWMATCH-26SEP16SHIHAN-HAN,1789597564,,,,0.0,,,,,0.0,False
KXITFWMATCH-26SEP16ZHESAG-SAG,1789602674,,,,0.0,,,,,0.0,False
KXITFWMATCH-26SEP16INOMAT-INO,1789602973,,,,0.0,,,,,0.0,False
KXITFWMATCH-26SEP16WANZHA-WAN,1789604167,,,,0.0,,,,,0.0,False
KXITFWMATCH-26SEP16ISHRAJ-ISH,1789604473,,,,0.0,,,,,0.0,False
KXITFWMATCH-26SEP16YOSDEN-DEN,1789606266,,,,0.0,,,,,0.0,False
KXITFWMATCH-26SEP16SHIHUA-HUA,1789606560,,,,0.0,,,,,0.0,False
KXITFWMATCH-26SEP16NUGREN-NUG,1789607467,,,,0.0,,,,,0.0,False
KXITFWMATCH-26SEP16KITSHI-KIT,1789608361,,,,0.0,,,,,0.0,False
KXITFWMATCH-26SEP16SHUSID-SHU,1789610165,,,,0.0,,,,,0.0,False
KXITFWMATCH-26SEP16YANCHE-CHE,1789610481,,,,0.0,,,,,0.0,False
KXITFWMATCH-26SEP16ARAKAW-ARA,1789610756,,,,0.0,,,,,0.0,False
KXITFWMATCH-26SEP16ZHAKHO-KHO,1789614081,,,,0.0,,,,,0.0,False
KXITFWMATCH-26SEP16WEIBAI-BAI,1789621294,,,,0.0,,,,,0.0,False
KXITFWMATCH-26SEP17DANPER-DAN,1789621295,,,,0.0,,,,,0.0,False
KXITFWMATCH-26SEP17APPHAT-APP,1789621295,,,,0.0,,,,,0.0,False
KXITFWMATCH-26SEP17DESCEU-CEU,1789621296,,,,0.0,,,,,0.0,False
KXITFWMATCH-26SEP17PAWDIA-DIA,1789621296,,,,0.0,,,,,0.0,False
KXITFWMATCH-26SEP17YANADA-ADA,1789621297,,,,0.0,,,,,0.0,False
KXITFWMATCH-26SEP17BOEOKT-BOE,1789621298,,,,0.0,,,,,0.0,False
KXITFWMATCH-26SEP17TURFOR-FOR,1789621863,,,,0.0,,,,,0.0,False
KXITFWMATCH-26SEP17GANSZI-GAN,1789622155,,,,0.0,,,,,0.0,False
KXITFWMATCH-26SEP17OLIMAR-MAR,1789623059,,,,0.0,,,,,0.0,False
KXITFWMATCH-26SEP17PETEZZ-EZZ,1789623649,,,,0.0,,,,,0.0,False
KXITFWMATCH-26SEP17ENCEBE-EBE,1789625152,,,,0.0,,,,,0.0,False
KXITFWMATCH-26SEP17LIZKUZ-KUZ,1789626048,,,,0.0,,,,,0.0,False
KXITFWMATCH-26SEP17KATMYA-KAT,1789626049,,,,0.0,,,,,0.0,False
KXITFWMATCH-26SEP17BABPET-BAB,1789627249,,,,0.0,,,,,0.0,False
KXITFWMATCH-26SEP17LUCKUR-KUR,1789627250,,,,0.0,,,,,0.0,False
KXITFWMATCH-26SEP17MIXCHA-CHA,1789627251,,,,0.0,,,,,0.0,False
KXITFWMATCH-26SEP17PAOYES-PAO,1789627255,,,,0.0,,,,,0.0,False
KXITFWMATCH-26SEP17GENSZA-GEN,1789628129,,,,0.0,,,,,0.0,False
KXITFWMATCH-26SEP17MARVLA-MAR,1789628130,,,,0.0,,,,,0.0,False
KXITFWMATCH-26SEP17MEDBOU-BOU,1789628731,,,,0.0,,,,,0.0,False
KXITFWMATCH-26SEP17SISTRA-SIS,1789629033,,,,0.0,,,,,0.0,False
KXITFWMATCH-26SEP17BLODAP-BLO,1789629645,,,,0.0,,,,,0.0,False
KXITFWMATCH-26SEP17LOMSTE-LOM,1789630239,,,,0.0,,,,,0.0,False
KXITFWMATCH-26SEP17TANKUB-KUB,1789630833,,,,0.0,,,,,0.0,False
KXITFWMATCH-26SEP17MILVAI-MIL,1789632635,,,,0.0,,,,,0.0,False
KXITFWMATCH-26SEP17LEONGU-LEO,1789632933,,,,0.0,,,,,0.0,False
KXITFWMATCH-26SEP17KORHEN-HEN,1789634446,,,,0.0,,,,,0.0,False
KXITFWMATCH-26SEP17TEIDEK-DEK,1789635021,,,,0.0,,,,,0.0,False
KXITFWMATCH-26SEP17OZXKAR-KAR,1789635022,,,,0.0,,,,,0.0,False
KXITFWMATCH-26SEP17PODARC-ARC,1789637106,,,,0.0,,,,,0.0,False
KXITFWMATCH-26SEP17DADDMI-DAD,1789638015,,,,0.0,,,,,0.0,False
KXITFWMATCH-26SEP17CRABAI-BAI,1789638318,,,,0.0,,,,,0.0,False
KXITFWMATCH-26SEP17BRIREI-BRI,1789639807,,,,0.0,,,,,0.0,False
KXITFWMATCH-26SEP17KONMOR-KON,1789640698,,,,0.0,,,,,0.0,False
KXITFWMATCH-26SEP17PAGPIS-PAG,1789641604,,,,0.0,,,,,0.0,False
KXITFWMATCH-26SEP17GASTUP-GAS,1789641606,,,,0.0,,,,,0.0,False
KXITFWMATCH-26SEP17DOUSOA-DOU,1789642206,,,,0.0,,,,,0.0,False
KXITFWMATCH-26SEP17KLUAVD-AVD,1789643098,,,,0.0,,,,,0.0,False
KXITFWMATCH-26SEP17DIAEST-DIA,1789646108,,,,0.0,,,,,0.0,False
KXITFWMATCH-26SEP17GARALB-ALB,1789647010,,,,0.0,,,,,0.0,False
KXITFWMATCH-26SEP17CATCIN-CAT,1789654520,,,,0.0,,,,,0.0,False
KXITFWMATCH-26SEP17NAHLOP-LOP,1789659049,,,,0.0,,,,,0.0,False
KXITFWMATCH-26SEP17DEMMEL-DEM,1789661725,,,,0.0,,,,,0.0,False
KXITFWMATCH-26SEP17MATKAW-KAW,1789685132,,,,0.0,,,,,0.0,False
KXITFWMATCH-26SEP17ABEISH-ABE,1789686317,,,,0.0,,,,,0.0,False
KXITFWMATCH-26SEP17ZHEZHA-ZHA,1789687237,,,,0.0,,,,,0.0,False
KXITFWMATCH-26SEP17SHILUX-LUX,1789689032,,,,0.0,,,,,0.0,False
KXITFWMATCH-26SEP17HUAKHO-HUA,1789689312,,,,0.0,,,,,0.0,False
KXITFWMATCH-26SEP17YANWEI-WEI,1789689930,,,,0.0,,,,,0.0,False
KXITFWMATCH-26SEP17YOSSHI-SHI,1789691716,,,,0.0,,,,,0.0,False
KXITFWMATCH-26SEP17SIDREN-REN,1789697725,,,,0.0,,,,,0.0,False
KXITFWMATCH-26SEP18APPKUZ-APP,1789702229,,,,0.0,,,,,0.0,False
KXITFWMATCH-26SEP18PERPET-PER,1789702821,,,,0.0,,,,,0.0,False
KXITFWMATCH-26SEP18MILTUP-MIL,1789702823,,,,0.0,,,,,0.0,False
KXITFWMATCH-26SEP18PAWCEU-CEU,1789704312,,,,0.0,,,,,0.0,False
KXITFWMATCH-26SEP18EBEHEN-EBE,1789706106,,,,0.0,,,,,0.0,False
KXITFWMATCH-26SEP18TURLOM-LOM,1789710028,,,,0.0,,,,,0.0,False
KXITFWMATCH-26SEP18OKTPAO-OKT,1789710028,,,,0.0,,,,,0.0,False
KXITFWMATCH-26SEP18DEKLUC-DEK,1789710898,,,,0.0,,,,,0.0,False
KXITFWMATCH-26SEP18KATDMI-DMI,1789711240,,,,0.0,,,,,0.0,False
KXITFWMATCH-26SEP18YANOZX-OZX,1789711499,,,,0.0,,,,,0.0,False
KXITFWMATCH-26SEP18MARMED-MAR,1789711810,,,,0.0,,,,,0.0,False
KXITFWMATCH-26SEP18LEOKUB-KUB,1789712711,,,,0.0,,,,,0.0,False
KXITFWMATCH-26SEP18GENSZI-GEN,1789715097,,,,0.0,,,,,0.0,False
KXITFWMATCH-26SEP17LOLMAT-LOL,1789715702,,,,0.0,,,,,0.0,False
KXITFWMATCH-26SEP18MIXDAP-DAP,1789716293,,,,0.0,,,,,0.0,False
KXITFWMATCH-26SEP18PISBAB-BAB,1789717498,,,,0.0,,,,,0.0,False
KXITFWMATCH-26SEP18CRAAVD-AVD,1789718090,,,,0.0,,,,,0.0,False
KXITFWMATCH-26SEP18SISMAR-MAR,1789724089,,,,0.0,,,,,0.0,False
KXITFWMATCH-26SEP18BRINAH-BRI,1789730089,,,,0.0,,,,,0.0,False
KXITFWMATCH-26SEP18KONMEL-KON,1789730684,,,,0.0,,,,,0.0,False
KXITFWMATCH-26SEP18DOUEST-DOU,1789731008,,,,0.0,,,,,0.0,False
KXITFWMATCH-26SEP18GARCAT-CAT,1789738492,,,,0.0,,,,,0.0,False
KXITFWMATCH-26SEP18PODMAT-MAT,1789738802,,,,0.0,,,,,0.0,False
KXITFWMATCH-26SEP18MATABE-ABE,1789773299,,,,0.0,,,,,0.0,False
KXITFWMATCH-26SEP18ZHAWEI-WEI,1789775404,,,,0.0,,,,,0.0,False
KXITFWMATCH-26SEP18SIDHUA-HUA,1789777206,,,,0.0,,,,,0.0,False
KXITFWMATCH-26SEP18LUXSHI-LUX,1789778405,,,,0.0,,,,,0.0,False
KXITFWMATCH-26SEP19TUPKUZ-KUZ,1789794604,,,,0.0,,,,,0.0,False
KXITFWMATCH-26SEP19SZIOKT-OKT,1789795489,,,,0.0,,,,,0.0,False
KXITFWMATCH-26SEP19YANEBE-EBE,1789796091,,,,0.0,,,,,0.0,False
KXITFWMATCH-26SEP19PISLOM-LOM,1789796692,,,,0.0,,,,,0.0,False
KXITFWMATCH-26SEP19PERPAW-PAW,1789797624,,,,0.0,,,,,0.0,False
KXITFWMATCH-26SEP19PODSIS-POD,1789814388,,,,0.0,,,,,0.0,False
KXITFWMATCH-26SEP19KONBRI-BRI,1789815278,,,,0.0,,,,,0.0,False
KXITFWMATCH-26SEP19LUCDMI-DMI,1789817082,,,,0.0,,,,,0.0,False
KXITFWMATCH-26SEP19ESTCAT-CAT,1789817083,,,,0.0,,,,,0.0,False
KXITFWMATCH-26SEP19CRALEO-CRA,1789818873,,,,0.0,,,,,0.0,False
KXITFWMATCH-26SEP19MIXMAR-MAR,1789822199,,,,0.0,,,,,0.0,False
KXITFWMATCH-26SEP19SIDWEI-SID,1789861852,,,,0.0,,,,,0.0,False
KXITFWMATCH-26SEP19ABELUX-ABE,1789862128,,,,0.0,,,,,0.0,False
KXITFWMATCH-26SEP20PERTUP-PER,1789877722,,,,0.0,,,,,0.0,False
KXITFWMATCH-26SEP20VELPAS-PAS,1789878317,,,,0.0,,,,,0.0,False
KXITFWMATCH-26SEP20ADAVEL-ADA,1789878317,,,,0.0,,,,,0.0,False
KXITFWMATCH-26SEP20MADSCH-MAD,1789880441,,,,0.0,,,,,0.0,False
KXITFWMATCH-26SEP20PARGAR-GAR,1789882830,,,,0.0,,,,,0.0,False
KXITFWMATCH-26SEP20TANGOM-GOM,1789883425,,,,0.0,,,,,0.0,False
KXITFWMATCH-26SEP20KOSSIM-KOS,1789883717,,,,0.0,,,,,0.0,False
KXITFWMATCH-26SEP20OKTLOM-LOM,1789885231,,,,0.0,,,,,0.0,False
KXITFWMATCH-26SEP20MARDMI-DMI,1789885231,,,,0.0,,,,,0.0,False
KXITFWMATCH-26SEP20MAQSUC-MAQ,1789886433,,,,0.0,,,,,0.0,False
KXITFWMATCH-26SEP20FONGIO-FON,1789887020,,,,0.0,,,,,0.0,False
KXITFWMATCH-26SEP20STABRU-BRU,1789887631,,,,0.0,,,,,0.0,False
KXITFWMATCH-26SEP20PEETOM-PEE,1789890309,,,,0.0,,,,,0.0,False
KXITFWMATCH-26SEP20MUNREY-MUN,1789890619,,,,0.0,,,,,0.0,False
KXITFWMATCH-26SEP20NUNKOR-KOR,1789890619,,,,0.0,,,,,0.0,False
KXITFWMATCH-26SEP20JURROJ-JUR,1789892108,,,,0.0,,,,,0.0,False
KXITFWMATCH-26SEP20TARMIC-MIC,1789892109,,,,0.0,,,,,0.0,False
KXITFWMATCH-26SEP20SPAPET-PET,1789895106,,,,0.0,,,,,0.0,False
KXITFWMATCH-26SEP20JIACAI-CAI,1789895419,,,,0.0,,,,,0.0,False
KXITFWMATCH-26SEP20MUNCOR-COR,1789896019,,,,0.0,,,,,0.0,False
KXITFWMATCH-26SEP20SPILOP-LOP,1789896020,,,,0.0,,,,,0.0,False
KXITFWMATCH-26SEP20RANAMA-AMA,1789896897,,,,0.0,,,,,0.0,False
KXITFWMATCH-26SEP20BRICAT-BRI,1789899298,,,,0.0,,,,,0.0,False
KXITFWMATCH-26SEP20MARKRA-KRA,1789900810,,,,0.0,,,,,0.0,False
KXITFWMATCH-26SEP20GALPAS-GAL,1789901699,,,,0.0,,,,,0.0,False
KXITFWMATCH-26SEP20LLIBON-BON,1789903215,,,,0.0,,,,,0.0,False
KXITFWMATCH-26SEP20VANKON-KON,1789903495,,,,0.0,,,,,0.0,False
KXITFWMATCH-26SEP20RASSIM-RAS,1789905019,,,,0.0,,,,,0.0,False
KXITFWMATCH-26SEP20GOICVE-CVE,1789906833,,,,0.0,,,,,0.0,False
KXITFWMATCH-26SEP20LOPCEM-CEM,1789908025,,,,0.0,,,,,0.0,False
KXITFWMATCH-26SEP20SISCRA-CRA,1789908310,,,,0.0,,,,,0.0,False
KXITFWMATCH-26SEP20VANGAR-GAR,1789908626,,,,0.0,,,,,0.0,False
KXITFWMATCH-26SEP20SARLAZ-LAZ,1789909248,,,,0.0,,,,,0.0,False
KXITFWMATCH-26SEP20ANDHOE-AND,1789911930,,,,0.0,,,,,0.0,False
KXITFWMATCH-26SEP20AIKKMI-AIK,1789912535,,,,0.0,,,,,0.0,False
KXITFWMATCH-26SEP20VAGMAR-MAR,1789913737,,,,0.0,,,,,0.0,False
KXITFWMATCH-26SEP20CIRLAH-CIR,1789913737,,,,0.0,,,,,0.0,False
KXITFWMATCH-26SEP20KUWKAW-KAW,1789941065,,,,0.0,,,,,0.0,False
KXITFWMATCH-26SEP20DENSUG-DEN,1789943454,,,,0.0,,,,,0.0,False
KXITFWMATCH-26SEP20YODKAW-KAW,1789944661,,,,0.0,,,,,0.0,False
KXITFWMATCH-26SEP20MIYNIS-MIY,1789944662,,,,0.0,,,,,0.0,False
KXITFWMATCH-26SEP20OYAHAY-HAY,1789947949,,,,0.0,,,,,0.0,False
KXITFWMATCH-26SEP20TSATAN-TAN,1789948541,,,,0.0,,,,,0.0,False
KXITFWMATCH-26SEP20HANHOS-HAN,1789948872,,,,0.0,,,,,0.0,False
KXITFWMATCH-26SEP20ISHSUZ-ISH,1789951866,,,,0.0,,,,,0.0,False
KXITFWMATCH-26SEP20KOSARA-ARA,1789952754,,,,0.0,,,,,0.0,False
KXITFWMATCH-26SEP21SHINAK-NAK,1789957253,,,,0.0,,,,,0.0,False
KXITFWMATCH-26SEP20OHWCHI-CHI,1789958145,,,,0.0,,,,,0.0,False
KXITFWMATCH-26SEP20MIYOHA-MIY,1789962050,,,,0.0,,,,,0.0,False
KXITFWMATCH-26SEP21TAWFRA-FRA,1789962650,,,,0.0,,,,,0.0,False
KXITFWMATCH-26SEP21KOCMES-KOC,1789963288,,,,0.0,,,,,0.0,False
KXITFWMATCH-26SEP21HANTAN-HAN,1789963295,,,,0.0,,,,,0.0,False
KXITFWMATCH-26SEP21SAFKUC-KUC,1789963551,,,,0.0,,,,,0.0,False
KXITFWMATCH-26SEP21OIGNAG-NAG,1789964145,,,,0.0,,,,,0.0,False
KXITFWMATCH-26SEP21STASIM-SIM,1789964446,,,,0.0,,,,,0.0,False
KXITFWMATCH-26SEP21MAQPET-MAQ,1789965050,,,,0.0,,,,,0.0,False
KXITFWMATCH-26SEP21MIYUCH-MIY,1789967450,,,,0.0,,,,,0.0,False
KXITFWMATCH-26SEP21MADPAS-MAD,1789968045,,,,0.0,,,,,0.0,False
KXITFWMATCH-26SEP21KAPWOR-KAP,1789970146,,,,0.0,,,,,0.0,False
KXITFWMATCH-26SEP21MARCVE-CVE,1789971065,,,,0.0,,,,,0.0,False
KXITFWMATCH-26SEP21LIZGER-GER,1789971338,,,,0.0,,,,,0.0,False
KXITFWMATCH-26SEP21ADAKOR-ADA,1789972244,,,,0.0,,,,,0.0,False
KXITFWMATCH-26SEP21FONTOM-FON,1789972244,,,,0.0,,,,,0.0,False
KXITFWMATCH-26SEP21PIKFED-FED,1789972553,,,,0.0,,,,,0.0,False
KXITFWMATCH-26SEP21GOMGAR-GAR,1789972852,,,,0.0,,,,,0.0,False
KXITFWMATCH-26SEP21RABKAS-KAS,1789974934,,,,0.0,,,,,0.0,False
KXITFWMATCH-26SEP21VANAMA-AMA,1789975540,,,,0.0,,,,,0.0,False
KXITFWMATCH-26SEP21MUNCEM-CEM,1789976735,,,,0.0,,,,,0.0,False
KXITFWMATCH-26SEP21TARHOE-HOE,1789977331,,,,0.0,,,,,0.0,False
KXITFWMATCH-26SEP21RUDVLA-RUD,1789977332,,,,0.0,,,,,0.0,False
KXITFWMATCH-26SEP21SPIROJ-ROJ,1789979128,,,,0.0,,,,,0.0,False
KXITFWMATCH-26SEP21JIAREY-JIA,1789981243,,,,0.0,,,,,0.0,False
KXITFWMATCH-26SEP21EFRVAS-EFR,1789981243,,,,0.0,,,,,0.0,False
KXITFWMATCH-26SEP21VANLAH-LAH,1789983636,,,,0.0,,,,,0.0,False
KXITFWMATCH-26SEP21MAITOR-MAI,1789985431,,,,0.0,,,,,0.0,False
KXITFWMATCH-26SEP21GALLLI-GAL,1789985727,,,,0.0,,,,,0.0,False
KXITFWMATCH-26SEP21VAGLAZ-LAZ,1789986648,,,,0.0,,,,,0.0,False
KXITFWMATCH-26SEP21VASROB-ROB,1789986919,,,,0.0,,,,,0.0,False
KXITFWMATCH-26SEP21AIKSIM-AIK,1789989332,,,,0.0,,,,,0.0,False
KXITFWMATCH-26SEP21BARPRE-BAR,1790001391,,,,0.0,,,,,0.0,False
KXITFWMATCH-26SEP21LINPLO-LIN,1790001726,,,,0.0,,,,,0.0,False
KXITFWMATCH-26SEP21REASHO-REA,1790004460,,,,0.0,,,,,0.0,False
KXITFWMATCH-26SEP21ZUCAYT-AYT,1790006204,,,,0.0,,,,,0.0,False
KXITFWMATCH-26SEP21ROSSOK-ROS,1790007117,,,,0.0,,,,,0.0,False
KXITFWMATCH-26SEP21REFMAX-MAX,1790011600,,,,0.0,,,,,0.0,False
KXITFWMATCH-26SEP21WIEPAS-PAS,1790011610,,,,0.0,,,,,0.0,False
KXITFWMATCH-26SEP21SHCMAH-MAH,1790013400,,,,0.0,,,,,0.0,False
KXITFWMATCH-26SEP21NAVHUI-HUI,1790013726,,,,0.0,,,,,0.0,False
KXITFWMATCH-26SEP21PUSMAM-MAM,1790017339,0.51,0.55,0.55,1335.5800000000002,1790017200.0,0.51,0.54,0.52,809.34,True
KXITFWMATCH-26SEP21BULBRE-BRE,1790019432,0.24,0.25,0.24,78.0,1790017200.0,0.24,0.25,0.15,75.0,True
KXITFWMATCH-26SEP21MATDAS-DAS,1790021554,0.6,0.63,0.62,665.48,1790020800.0,0.6,0.61,0.61,220.67,True
KXITFWMATCH-26SEP21KUHKIN-KIN,1790023636,0.2,0.23,0.23,55.72,1790020800.0,0.2,0.23,0.2,15.100000000000001,True
KXITFWMATCH-26SEP21CROSCH-CRO,1790026356,0.85,0.87,0.87,74.09,1790024400.0,0.85,0.86,0.86,59.440000000000005,True
KXITFWMATCH-26SEP21DEFSAH-DEF,1790028136,0.67,0.77,0.78,214.01,1790028000.0,0.66,0.68,0.68,24.140000000000004,True
KXITFWMATCH-26SEP21KAMMCN-KAM,1790029076,0.41,0.43,0.42,4991.45,1790028000.0,0.38,0.43,0.43,24.16,True
KXITFWMATCH-26SEP21HANNAG-HAN,1790029640,0.76,0.83,0.83,162.28,1790028000.0,0.54,0.65,0.67,0.75,True
KXITFWMATCH-26SEP21TSANAK-NAK,1790030069,0.11,0.15,0.15,26.94,1790028000.0,0.11,0.19,0.1,24.990000000000002,True
KXITFWMATCH-26SEP21LIXSON-LIX,1790030530,0.26,0.27,0.41,4.47,1790028000.0,0.26,0.29,0.41,4.47,True
KXITFWMATCH-26SEP21SAWOHA-OHA,1790030839,0.19,0.22,0.4,28.59,1790028000.0,0.15,0.29,0.4,28.59,True
KXITFWMATCH-26SEP21DYUTAN-DYU,1790031125,0.56,0.59,0.59,12.0,1790028000.0,0.54,0.6,0.59,12.0,True
KXITFWMATCH-26SEP21KOZSHI-KOZ,1790031738,0.65,0.73,,0.0,1790031600.0,0.61,0.75,,0.0,True
KXITFWMATCH-26SEP21WANZHA-WAN,1790032366,0.46,0.53,,0.0,1790031600.0,0.46,0.53,,0.0,True
KXITFWMATCH-26SEP21HANKAW-HAN,1790033807,0.58,0.61,0.6,66.96,1790031600.0,0.58,0.61,0.58,10.37,True
KXITFWMATCH-26SEP21ISHKOS-ISH,1790034845,0.77,0.91,0.83,58.089999999999996,1790031600.0,0.72,0.83,0.83,14.29,True
KXITFWMATCH-26SEP21SHAKAK-KAK,1790037414,0.68,0.72,0.72,1.0,1790035200.0,0.66,0.73,,0.0,True
KXITFWMATCH-26SEP21YIXLIX-LIX,1790038008,0.67,0.71,0.71,37.24,1790035200.0,0.55,0.69,0.53,30.25,True
KXITFWMATCH-26SEP21YODCHI-CHI,1790040127,0.09,0.12,0.12,1221.31,1790038800.0,0.1,0.14,0.17,657.03,True
KXITFWMATCH-26SEP21WANCHE-CHE,1790040421,0.66,0.71,0.7,3.19,1790038800.0,0.59,0.67,0.72,1.75,True
KXITFWMATCH-26SEP21DENNIS-DEN,1790041002,0.74,0.81,0.81,100.0,1790038800.0,0.76,0.81,,0.0,True
KXITFWMATCH-26SEP21SUNJIA-JIA,1790041012,0.46,0.5,0.52,1172.77,1790038800.0,0.46,0.52,0.52,1172.77,True
KXITFWMATCH-26SEP21MIYHAY-HAY,1790041607,0.4,0.44,0.37,54.37,1790038800.0,0.39,0.47,0.37,54.37,True
KXITFWMATCH-26SEP21HOSYOS-HOS,1790043126,0.52,0.53,0.53,462.5,1790042400.0,0.5,0.52,0.52,54.46,True
KXITFWMATCH-26SEP21KAWNIS-KAW,1790045206,0.66,0.69,,0.0,1790042400.0,0.66,0.69,,0.0,True
KXITFWMATCH-26SEP21YEXWUX-WUX,1790045803,0.31,0.32,0.32,10.29,1790042400.0,0.31,0.32,0.34,10.0,True
KXITFWMATCH-26SEP21CHEANX-ANX,1790046992,0.31,0.32,0.32,675.29,1790046000.0,0.31,0.32,0.32,672.0,True
KXITFWMATCH-26SEP21ONONOG-NOG,1790047305,0.94,0.95,0.95,486.09000000000003,1790046000.0,0.95,0.96,0.95,375.96,True
KXITFWMATCH-26SEP21CHOZHA-CHO,1790047617,0.19,0.2,0.23,357.09,1790046000.0,0.19,0.21,0.18,27.0,True
KXITFWMATCH-26SEP22OZXLEW-LEW,1790049400,0.22,0.23,0.23,62.0,1790046000.0,0.23,0.24,0.24,11.0,True
KXITFWMATCH-26SEP22HANKUC-HAN,1790049985,0.57,0.6,0.6,3.0,1790049600.0,0.57,0.6,0.77,2.0,True
KXITFWMATCH-26SEP21SUNARY-ARY,1790050324,0.68,0.72,0.72,435.54,1790049600.0,0.69,0.71,0.69,7.06,True
KXITFWMATCH-26SEP22HENGLU-GLU,1790050325,0.23,0.24,0.14,50.620000000000005,1790049600.0,0.23,0.24,0.14,50.620000000000005,True
KXITFWMATCH-26SEP21UEMMUR-MUR,1790051789,0.28,0.36,0.37,24.799999999999997,1790049600.0,0.38,0.39,0.39,12.39,True
KXITFWMATCH-26SEP22RABRUD-RAB,1790052101,0.72,0.76,0.79,2.0,1790049600.0,0.73,0.77,0.79,2.0,True
KXITFWMATCH-26SEP22LONPET-LON,1790052103,0.88,0.89,0.93,101.0,1790046000.0,0.86,0.93,,0.0,True
KXITFWMATCH-26SEP22JAMDVA-DVA,1790052392,0.26,0.31,0.34,5.12,1790049600.0,0.34,0.35,0.34,3.75,True
KXITFWMATCH-26SEP22YAMMAT-MAT,1790053015,0.62,0.64,0.63,2165.99,1790049600.0,0.62,0.64,0.64,844.8399999999999,True
KXITFWMATCH-26SEP22PETIVA-IVA,1790053017,0.13,0.14,0.14,191.25,1790049600.0,0.1,0.16,0.11,187.25,True
KXITFWMATCH-26SEP22MILPAT-MIL,1790053590,0.63,0.64,0.62,131.18,1790053200.0,0.61,0.68,0.63,64.93,True
KXITFWMATCH-26SEP22SAMMES-MES,1790053892,0.46,0.5,,0.0,1790053200.0,0.46,0.5,,0.0,True
KXITFWMATCH-26SEP22BILGEN-BIL,1790053893,0.38,0.41,,0.0,1790053200.0,0.37,0.41,,0.0,True
KXITFWMATCH-26SEP22LIZGRO-GRO,1790054500,0.34,0.39,0.16,50.25,1790053200.0,0.34,0.39,0.16,50.25,True
KXITFWMATCH-26SEP22WILKAP-KAP,1790055098,0.16,0.19,0.19,27.75,1790053200.0,0.16,0.19,0.09,26.75,True
KXITFWMATCH-26SEP22CUCMIH-CUC,1790055377,0.81,0.83,0.83,28.0,1790053200.0,0.78,0.83,0.83,28.0,True
KXITFWMATCH-26SEP22BIRBUT-BIR,1790055703,0.88,0.92,0.91,239.56,1790053200.0,0.88,0.92,0.91,234.0,True
KXITFWMATCH-26SEP22MINWUE-MIN,1790055705,0.68,0.71,0.71,132.76000000000002,1790053200.0,0.68,0.69,0.7,2.6799999999999997,True
KXITFWMATCH-26SEP22MAIDES-DES,1790056292,0.24,0.28,0.2,27.75,1790053200.0,0.24,0.28,0.2,27.75,True
KXITFWMATCH-26SEP22NIEKAR-KAR,1790056293,0.46,0.49,,0.0,1790053200.0,0.47,0.49,,0.0,True
KXITFWMATCH-26SEP22ALVVAL-ALV,1790056585,0.75,0.82,,0.0,1790053200.0,0.75,0.82,,0.0,True
KXITFWMATCH-26SEP22SKOFER-FER,1790056586,0.27,0.29,,0.0,1790053200.0,0.27,0.29,,0.0,True
KXITFWMATCH-26SEP22GALPRO-GAL,1790057484,0.44,0.45,0.44,30.5,1790056800.0,0.44,0.45,0.44,30.5,True
KXITFWMATCH-26SEP22RUCNEW-NEW,1790057485,0.06,0.1,0.12,51.93,1790056800.0,0.05,0.11,0.12,51.93,True
KXITFWMATCH-26SEP22QUASCH-QUA,1790057780,0.66,0.71,,0.0,1790056800.0,0.66,0.73,,0.0,True
KXITFWMATCH-26SEP22DJAMAT-DJA,1790058080,0.43,0.44,0.41,189.18,1790056800.0,0.43,0.44,0.41,189.18,True
KXITFWMATCH-26SEP22CIRPAR-CIR,1790058975,0.62,0.66,0.73,4.0,1790053200.0,0.62,0.66,0.73,4.0,True
KXITFWMATCH-26SEP22LIZGAI-GAI,1790059298,0.13,0.15,0.19,197.76,1790056800.0,0.12,0.14,0.14,146.94,True
KXITFWMATCH-26SEP22MILMED-MED,1790059573,0.3,0.36,0.36,12.91,1790056800.0,0.29,0.36,0.4,6.91,True
KXITFWMATCH-26SEP22EFRFED-EFR,1790060169,0.46,0.47,0.47,148.94,1790056800.0,0.46,0.47,0.47,148.94,True
KXITFWMATCH-26SEP22TARSAK-SAK,1790060768,0.31,0.34,0.32,44.0,1790060400.0,0.31,0.33,0.32,44.0,True
KXITFWMATCH-26SEP22TONMAI-MAI,1790061967,0.96,0.97,0.97,602.5500000000001,1790060400.0,0.96,0.97,0.97,582.5500000000001,True
KXITFWMATCH-26SEP22BRAAPP-APP,1790062560,0.31,0.32,0.33,70.65,1790060400.0,0.31,0.33,0.33,61.65,True
KXITFWMATCH-26SEP22WILROS-ROS,1790062868,0.32,0.38,0.39,189.5,1790060400.0,0.39,0.42,0.39,152.5,True
KXITFWMATCH-26SEP22MDLKAT-KAT,1790062869,0.54,0.55,0.54,29.66,1790060400.0,0.54,0.56,0.54,29.66,True
KXITFWMATCH-26SEP22BERMAT-BER,1790064089,0.46,0.48,0.47,1821.6000000000001,1790064000.0,0.46,0.47,0.46,1427.0500000000002,True
KXITFWMATCH-26SEP22DIMDUM-DIM,1790064090,,,,0.0,,,,,0.0,True
KXITFWMATCH-26SEP22NILBOS-BOS,1790064355,0.51,0.52,0.53,70.25,1790064000.0,0.52,0.53,0.53,70.25,True
KXITFWMATCH-26SEP22BOUKAR-BOU,1790065273,,,,0.0,,,,,0.0,True
KXITFWMATCH-26SEP22POPJAE-JAE,1790065561,0.44,0.64,0.44,2.0,1790064000.0,0.55,0.61,0.44,2.0,True
KXITFWMATCH-26SEP22BLABER-BER,1790065868,0.72,0.74,0.73,566.0,1790064000.0,0.74,0.75,0.73,566.0,True
KXITFWMATCH-26SEP22NEWDIA-DIA,1790066177,0.54,0.59,,0.0,1790064000.0,0.54,0.6,,0.0,True
KXITFWMATCH-26SEP22CHESEM-CHE,1790067349,0.76,0.81,,0.0,1790064000.0,0.76,0.81,,0.0,True
KXITFWMATCH-26SEP22KROTRA-KRO,1790067350,0.91,0.95,0.92,101.31,1790064000.0,0.91,0.95,0.92,101.31,True
KXITFWMATCH-26SEP22SEVHRD-HRD,1790067673,0.13,0.14,0.14,1359.6599999999999,1790067600.0,0.13,0.14,0.14,1359.6599999999999,True
KXITFWMATCH-26SEP22IANDJO-DJO,1790067952,0.21,0.41,0.36,4005.9700000000003,1790067600.0,0.36,0.39,0.36,3024.9700000000003,True
KXITFWMATCH-26SEP22SEDFRA-FRA,1790067953,0.07,0.12,0.13,139.48000000000002,1790067600.0,0.09,0.12,0.09,50.25,True
KXITFWMATCH-26SEP22TONLAH-LAH,1790069154,0.74,0.75,0.73,1329.0,1790067600.0,0.72,0.73,0.73,1329.0,True
KXITFWMATCH-26SEP22SCHVAR-SCH,1790070062,0.94,0.95,0.95,145.66,1790067600.0,0.94,0.95,0.95,145.66,True
KXITFWMATCH-26SEP22MALKUM-KUM,1790070341,0.24,0.25,0.24,605.43,1790067600.0,0.23,0.24,0.23,47.0,True
KXITFWMATCH-26SEP22GARRYS-GAR,1790071593,0.2,0.21,0.21,35.09,1790071200.0,0.2,0.21,0.21,15.09,True
KXITFWMATCH-26SEP22VANCHE-CHE,1790072451,0.34,0.35,0.36,23.0,1790071200.0,0.35,0.36,0.36,23.0,True
KXITFWMATCH-26SEP22NOSBOU-BOU,1790072734,0.2,0.94,,0.0,1790071200.0,,,,0.0,True
KXITFWMATCH-26SEP22PRIPUS-PRI,1790073061,0.9,0.92,0.92,760.35,1790071200.0,0.9,0.91,0.92,164.35,True
KXITFWMATCH-26SEP22DORBUC-BUC,1790073656,0.09,0.1,0.1,281.02,1790071200.0,0.09,0.11,0.08,182.25,True
KXITFWMATCH-26SEP22ZOUSAS-SAS,1790073656,0.8,0.83,0.73,5.5,1790071200.0,0.79,0.83,0.73,5.5,True
KXITFWMATCH-26SEP22KUJDEK-DEK,1790074261,0.23,0.24,0.24,3.0,1790071200.0,0.23,0.25,0.25,2.0,True
KXITFWMATCH-26SEP22MARTRA-MAR,1790077273,0.92,0.93,0.93,525.1,1790074800.0,0.91,0.94,0.93,496.1,True
KXITFWMATCH-26SEP22MILFIT-FIT,1790082373,0.2,0.71,0.6,179.0,1790082000.0,0.62,0.63,0.63,167.0,True
KXITFWMATCH-26SEP22LINSHO-LIN,1790087206,0.4,0.46,,0.0,1790085600.0,0.43,0.47,,0.0,True
KXITFWMATCH-26SEP22SHCPAS-PAS,1790087525,0.36,0.37,0.3,67.85000000000001,1790085600.0,0.29,0.3,0.32,67.84,True
KXITFWMATCH-26SEP22DIASHA-DIA,1790088733,0.04,0.05,0.04,1694.0299999999997,1790085600.0,0.03,0.04,0.04,1694.0299999999997,True
KXITFWMATCH-26SEP22MAXSOK-MAX,1790089614,0.47,0.5,0.54,2.0,1790089200.0,0.47,0.52,0.54,2.0,True
KXITFWMATCH-26SEP22VEDESQ-ESQ,1790089947,0.31,0.33,0.33,35.0,1790089200.0,0.33,0.34,,0.0,True
KXITFWMATCH-26SEP22ZUCPRE-PRE,1790094458,0.74,0.75,0.74,60.88,1790092800.0,0.7,0.74,0.75,59.56,True
KXITFWMATCH-26SEP22BULDEF-BUL,1790095152,0.4,0.41,0.4,50.48,1790092800.0,0.4,0.41,0.4,47.48,True
KXITFWMATCH-26SEP22CROKAM-CRO,1790095661,0.79,0.82,0.8,3.5799999999999996,1790092800.0,0.78,0.8,,0.0,True
KXITFWMATCH-26SEP22SARLOP-LOP,1790096553,0.87,0.89,0.88,46769.130000000005,1790096400.0,0.86,0.88,0.88,46692.04000000001,True
KXITFWMATCH-26SEP22ALBMOR-ALB,1790097778,0.92,0.93,0.94,11202.32,1790096400.0,0.89,0.9,0.89,9910.32,True
KXITFWMATCH-26SEP22GOMROB-GOM,1790099844,0.81,0.83,0.83,4287.759999999999,1790096400.0,0.82,0.83,0.83,4286.57,True
KXITFWMATCH-26SEP22GARMAI-GAR,1790100436,0.92,0.94,0.93,470.15,1790100000.0,0.93,0.94,0.94,362.15,True
KXITFWMATCH-26SEP22HUIDAS-DAS,1790100436,0.6,0.61,0.64,388.65,1790100000.0,0.59,0.61,0.61,141.27,True
KXITFWMATCH-26SEP22DIANAH-DIA,1790100436,0.53,0.54,0.54,67014.76,1790100000.0,0.52,0.53,0.53,64392.28,True
KXITFWMATCH-26SEP22KUHPUS-KUH,1790101033,0.22,0.29,0.29,334.41999999999996,1790100000.0,0.27,0.29,0.29,334.41999999999996,True
KXITFWMATCH-26SEP22DOURIC-DOU,1790103579,0.96,0.97,0.96,606.5799999999999,1790100000.0,0.95,0.96,0.95,109.25,True
KXITFWMATCH-26SEP22MORREI-MOR,1790104677,0.18,0.2,0.2,6792.419999999999,1790103600.0,0.18,0.19,0.19,6517.279999999999,True
KXITFWMATCH-26SEP22BRELUT-BRE,1790104955,0.69,0.7,0.7,23.82,1790103600.0,0.69,0.7,0.7,23.69,True
KXITFWMATCH-26SEP22CHAEVA-CHA,1790106446,0.74,0.75,0.76,2213.83,1790103600.0,0.73,0.75,0.75,2160.0,True
KXITFWMATCH-26SEP22RODLAS-LAS,1790107678,0.74,0.77,0.76,608.36,1790107200.0,0.75,0.77,0.78,598.0,True
KXITFWMATCH-26SEP22MAKCHA-CHA,1790108858,0.5,0.51,0.49,5719.52,1790107200.0,0.5,0.51,0.49,2410.63,True
KXITFWMATCH-26SEP22HANTAM-HAN,1790116979,0.74,0.75,0.75,7.55,1790114400.0,0.74,0.75,0.84,1.0,True
KXITFWMATCH-26SEP22ARAABE-ABE,1790116996,0.88,0.89,0.89,129.67,1790114400.0,0.89,0.9,0.9,124.1,True
KXITFWMATCH-26SEP22KHOSHI-KHO,1790117237,0.84,0.88,0.89,24.319999999999997,1790114400.0,0.84,0.86,0.81,20.919999999999998,True
KXITFWMATCH-26SEP22LUXSHE-LUX,1790119057,0.79,0.8,0.8,67.1,1790118000.0,0.8,0.81,0.85,58.55,True
KXITFWMATCH-26SEP22YOSSAT-SAT,1790119068,0.59,0.6,0.61,33.9,1790118000.0,0.59,0.6,0.59,1.0,True
KXITFWMATCH-26SEP22DENKIT-DEN,1790122958,0.61,0.63,0.62,17.33,1790121600.0,0.61,0.63,0.63,10.43,True
KXITFWMATCH-26SEP22SAGSON-SAG,1790123238,0.66,0.67,0.67,37.29,1790121600.0,0.65,0.67,0.65,30.01,True
KXITFWMATCH-26SEP22YEXKUB-KUB,1790124170,0.93,0.94,0.94,85891.94,1790121600.0,0.93,0.94,0.95,72742.04,True
KXITFWMATCH-26SEP22HANISH-HAN,1790124444,0.08,0.09,0.1,2737.99,1790121600.0,0.08,0.1,0.1,1875.8999999999996,True
KXITFWMATCH-26SEP22YANSUV-SUV,1790124788,0.55,0.6,0.61,110.46000000000001,1790121600.0,0.54,0.58,0.59,34.730000000000004,True
KXITFWMATCH-26SEP22SHITSA-SHI,1790124789,0.54,0.55,0.57,4.01,1790121600.0,0.54,0.55,0.57,4.01,True
KXITFWMATCH-26SEP22HOUXUX-HOU,1790126250,0.7,0.72,0.71,51.45,1790125200.0,0.7,0.71,0.72,1.0,True
KXITFWMATCH-26SEP22LIXCHO-CHO,1790126251,0.79,0.8,0.8,22.8,1790125200.0,0.79,0.8,0.81,19.0,True
KXITFWMATCH-26SEP22SAWYOD-SAW,1790126580,0.62,0.63,0.64,10.8,1790125200.0,0.62,0.64,,0.0,True
KXITFWMATCH-26SEP22OZEYAN-OZE,1790129871,0.08,0.1,0.1,61.61,1790128800.0,0.08,0.1,0.1,24.0,True
KXITFWMATCH-26SEP22LUOZHA-LUO,1790130180,0.58,0.6,0.59,14245.180000000002,1790128800.0,0.58,0.61,0.58,14236.180000000002,True
KXITFWMATCH-26SEP22LEYTAN-LEY,1790130763,0.78,0.79,0.79,65.0,1790128800.0,0.77,0.79,0.79,65.0,True
KXITFWMATCH-26SEP22CHIITA-CHI,1790130763,0.36,0.39,,0.0,1790128800.0,,,,0.0,True
KXITFWMATCH-26SEP22WANJIA-JIA,1790131945,0.82,0.83,0.83,68.67,1790128800.0,0.81,0.83,0.83,9.67,True
KXITFWMATCH-26SEP22ZHUKAK-KAK,1790131946,0.07,0.09,0.09,33.86,1790128800.0,0.08,0.09,0.09,23.42,True
KXITFWMATCH-26SEP22HAYRAJ-HAY,1790132224,0.35,0.36,0.36,1.29,1790128800.0,0.33,0.34,0.36,1.03,True
KXITFWMATCH-26SEP23MARSIM-MAR,1790134969,0.65,0.66,0.66,218.14000000000001,1790132400.0,0.65,0.68,0.65,217.95000000000002,True
KXITFWMATCH-26SEP22WANZHA-WAN,1790135255,0.95,0.96,0.95,443.40999999999997,1790132400.0,0.94,0.95,0.95,443.40999999999997,True
KXITFWMATCH-26SEP23PAWDVA-DVA,1790135542,0.05,0.06,0.05,21.19,1790128800.0,0.05,0.07,0.08,20.19,True
KXITFWMATCH-26SEP23ELKSMI-ELK,1790136416,0.13,0.15,0.12,27.09,1790136000.0,0.13,0.15,0.12,27.09,True
KXITFWMATCH-26SEP23LUXYIX-LUX,1790137337,0.88,0.89,0.89,213.48,1790136000.0,0.86,0.88,0.88,211.03,True
KXITFWMATCH-26SEP23LUKMEL-LUK,1790138239,0.71,0.75,0.66,2.27,1790136000.0,0.71,0.75,0.66,2.27,True
KXITFWMATCH-26SEP23MAZDEN-DEN,1790138853,0.88,0.89,0.89,1.29,1790136000.0,0.88,0.89,0.88,0.18,True
KXITFWMATCH-26SEP23PEREZZ-EZZ,1790138854,0.32,0.34,0.34,109.03,1790136000.0,0.31,0.34,0.37,11.03,True
KXITFWMATCH-26SEP23DJOBRE-BRE,1790138854,0.93,0.96,0.97,352.78999999999996,1790136000.0,0.93,0.96,0.97,352.78999999999996,True
KXITFWMATCH-26SEP23YESPAT-PAT,1790138856,0.07,0.08,0.09,263.28,1790136000.0,0.09,0.11,0.11,63.279999999999994,True
KXITFWMATCH-26SEP23ZELADE-ADE,1790139127,0.51,0.53,0.56,7.01,1790136000.0,0.57,0.6,0.46,6.01,True
KXITFWMATCH-26SEP23EBSHER-EBS,1790140328,0.14,0.15,0.2,2.0,1790139600.0,0.14,0.15,0.2,2.0,True
KXITFWMATCH-26SEP23MADSER-MAD,1790140620,0.53,0.55,0.59,1.0,1790139600.0,0.53,0.56,0.59,1.0,True
KXITFWMATCH-26SEP23PETOKU-OKU,1790140621,0.67,0.68,,0.0,1790139600.0,0.66,0.67,,0.0,True
KXITFWMATCH-26SEP23BIRSAF-BIR,1790141814,0.63,0.64,0.63,309.02,1790139600.0,0.62,0.64,0.63,309.02,True
KXITFWMATCH-26SEP23BILCOL-BIL,1790141825,0.18,0.19,0.2,77.48,1790139600.0,0.17,0.2,0.2,30.14,True
KXITFWMATCH-26SEP23OKTSHA-OKT,1790142126,0.94,0.95,0.94,197.82999999999998,1790139600.0,0.94,0.95,0.94,154.82999999999998,True
KXITFWMATCH-26SEP23RABSAM-RAB,1790142126,0.2,0.21,0.21,261.34000000000003,1790139600.0,0.24,0.25,0.25,42.09,True
KXITFWMATCH-26SEP23PAGBAB-BAB,1790142717,0.56,0.57,,0.0,1790139600.0,0.53,0.56,,0.0,True
KXITFWMATCH-26SEP23JAEDUM-DUM,1790143008,0.53,0.54,0.55,2717.58,1790139600.0,0.53,0.54,0.55,2717.58,True
KXITFWMATCH-26SEP23KROOLI-KRO,1790143010,0.84,0.87,0.67,14.77,1790139600.0,0.86,0.88,0.67,14.77,True
KXITFWMATCH-26SEP23VALSZI-SZI,1790143018,0.84,0.85,0.85,32.48,1790139600.0,0.86,0.89,0.9,3.39,True
KXITFWMATCH-26SEP23MIXCAS-CAS,1790143609,0.23,0.24,0.25,14.0,1790143200.0,0.23,0.24,0.25,14.0,True
KXITFWMATCH-26SEP23ROSTOD-ROS,1790144522,0.04,0.06,0.06,663.49,1790143200.0,0.05,0.06,0.06,97.72,True
KXITFWMATCH-26SEP23GIATEI-GIA,1790144523,0.89,0.9,0.9,11141.34,1790143200.0,0.91,0.92,0.9,11141.34,True
KXITFWMATCH-26SEP23YANMAQ-MAQ,1790144800,0.14,0.15,0.2,1.0,1790143200.0,0.14,0.15,0.2,1.0,True
KXITFWMATCH-26SEP23ZELKOR-KOR,1790145134,0.49,0.5,0.5,56.06,1790143200.0,0.49,0.5,0.5,56.06,True
KXITFWMATCH-26SEP23MASKUR-KUR,1790145406,0.79,0.8,,0.0,1790143200.0,0.79,0.8,,0.0,True
KXITFWMATCH-26SEP23FERNOS-FER,1790146590,0.59,0.6,0.63,472.0,1790143200.0,0.58,0.6,0.63,472.0,True
KXITFWMATCH-26SEP23IVALEM-IVA,1790146922,0.47,0.48,0.47,565.13,1790146800.0,0.47,0.48,0.49,564.84,True
KXITFWMATCH-26SEP23CUCZHE-CUC,1790147791,0.16,0.17,0.17,27.55,1790146800.0,0.16,0.18,0.19,27.0,True
KXITFWMATCH-26SEP23ROJMUN-MUN,1790147792,0.57,0.58,,0.0,1790146800.0,0.57,0.58,,0.0,True
KXITFWMATCH-26SEP23BURCRA-BUR,1790147799,0.56,0.58,0.6,185.16,1790146800.0,0.57,0.62,0.62,1.12,True
KXITFWMATCH-26SEP23POPCIR-CIR,1790148118,0.08,0.09,0.09,9.379999999999999,1790146800.0,0.08,0.09,0.09,8.34,True
KXITFWMATCH-26SEP23MEDDOT-DOT,1790148982,0.92,0.94,0.95,13.87,1790146800.0,0.92,0.95,0.95,13.87,True
KXITFWMATCH-26SEP23ABOLIM-ABO,1790149602,0.22,0.23,0.23,248.8,1790146800.0,0.22,0.23,0.23,228.8,True
KXITFWMATCH-26SEP23STAGAR-GAR,1790149603,0.55,0.56,0.56,303.68,1790146800.0,0.55,0.56,0.54,303.51,True
KXITFWMATCH-26SEP23ROTGUT-GUT,1790149892,0.89,0.91,0.91,5.9399999999999995,1790146800.0,0.89,0.91,0.91,5.9399999999999995,True
KXITFWMATCH-26SEP23IVAENC-ENC,1790150177,0.74,0.75,0.75,4519.5,1790146800.0,0.74,0.75,0.75,206.4,True
KXITFWMATCH-26SEP23PISLIZ-LIZ,1790150503,0.31,0.32,0.33,202.48000000000002,1790150400.0,0.3,0.33,0.33,202.48000000000002,True
KXITFWMATCH-26SEP23BOUNEW-BOU,1790150781,0.89,0.91,0.86,18.689999999999998,1790150400.0,0.89,0.91,0.86,18.689999999999998,True
KXITFWMATCH-26SEP23ROUHES-HES,1790150783,0.49,0.5,,0.0,1790150400.0,0.48,0.5,,0.0,True
KXITFWMATCH-26SEP23PROBOJ-BOJ,1790151382,0.84,0.86,0.86,56.36,1790150400.0,0.83,0.85,0.8,6.359999999999999,True
KXITFWMATCH-26SEP23CAKMAI-CAK,1790151693,0.74,0.77,0.76,23.0,1790150400.0,0.74,0.76,0.9,22.0,True
KXITFWMATCH-26SEP23KOVDIG-DIG,1790151694,0.19,0.21,0.21,4.75,1790150400.0,0.18,0.21,0.15,3.75,True
KXITFWMATCH-26SEP23AMAJAN-AMA,1790151694,0.44,0.45,0.45,325.1,1790150400.0,0.43,0.47,0.45,50.1,True
KXITFWMATCH-26SEP23MESEFR-EFR,1790152564,0.89,0.91,0.91,16.53,1790150400.0,0.75,0.91,0.65,13.53,True
KXITFWMATCH-26SEP23SEMVOR-SEM,1790153187,0.44,0.46,,0.0,1790150400.0,0.44,0.46,,0.0,True
KXITFWMATCH-26SEP23BOYBAR-BAR,1790153196,0.88,0.9,0.9,8.3,1790150400.0,0.88,0.89,0.9,8.3,True
KXITFWMATCH-26SEP23ARIRUC-ARI,1790154107,0.37,0.38,0.37,32.58,1790154000.0,0.37,0.38,0.37,32.58,True
KXITFWMATCH-26SEP23HIETOM-HIE,1790154359,0.4,0.41,0.47,18.75,1790154000.0,0.4,0.41,0.47,18.75,True
KXITFWMATCH-26SEP23DANLUC-DAN,1790154972,0.41,0.42,0.42,26.93,1790154000.0,0.41,0.42,0.42,26.93,True
KXITFWMATCH-26SEP23BULEBE-BUL,1790155278,0.31,0.32,0.32,26.0,1790154000.0,0.31,0.32,0.32,26.0,True
KXITFWMATCH-26SEP23SZALON-LON,1790155283,0.31,0.36,0.36,106.09,1790154000.0,0.34,0.36,0.36,106.09,True
KXITFWMATCH-26SEP23ADRLAZ-ADR,1790155568,0.16,0.17,0.16,124.89999999999999,1790154000.0,0.16,0.17,0.16,124.89999999999999,True
KXITFWMATCH-26SEP23WILGOL-GOL,1790155869,0.92,0.94,0.91,856.0999999999999,1790154000.0,0.92,0.94,0.91,856.0999999999999,True
KXITFWMATCH-26SEP23ZANHAT-HAT,1790157341,0.51,0.52,0.52,66.28,1790154000.0,0.51,0.52,0.52,66.28,True
KXITFWMATCH-26SEP23POPKUL-KUL,1790158266,0.73,0.74,0.74,232.49,1790157600.0,0.71,0.72,0.64,229.46,True
KXITFWMATCH-26SEP23DAPSCH-DAP,1790158266,0.43,0.44,0.45,6.58,1790157600.0,0.43,0.45,0.45,6.58,True
KXITFWMATCH-26SEP23STEGIA-GIA,1790158857,0.04,0.05,0.05,695.7,1790157600.0,0.04,0.05,0.05,639.45,True
KXITFWMATCH-26SEP23GALJIA-GAL,1790159143,0.59,0.6,,0.0,1790157600.0,0.59,0.6,,0.0,True
KXITFWMATCH-26SEP23CEUHRA-CEU,1790159465,0.5,0.61,,0.0,1790157600.0,0.59,0.6,,0.0,True
KXITFWMATCH-26SEP23BENCIR-BEN,1790160063,0.08,0.09,0.09,2981.9999999999995,1790157600.0,0.1,0.11,0.11,2960.5399999999995,True
KXITFWMATCH-26SEP23METDES-DES,1790160343,0.14,0.15,0.15,39.65,1790157600.0,0.14,0.15,0.15,38.65,True
KXITFWMATCH-26SEP23GENMAR-GEN,1790160949,0.34,0.35,0.35,517.4300000000001,1790157600.0,0.34,0.35,0.35,382.43,True
KXITFWMATCH-26SEP23STARAM-RAM,1790161449,0.57,0.63,,0.0,1790161200.0,0.59,0.61,,0.0,True
KXITFWMATCH-26SEP23SASKHA-KHA,1790161450,0.1,0.14,0.11,1818.05,1790161200.0,0.07,0.08,0.07,22.71,True
KXITFWMATCH-26SEP23LIZDEL-DEL,1790162142,0.06,0.09,0.09,36.81,1790161200.0,0.08,0.09,0.09,17.6,True
KXITFWMATCH-26SEP23SEDEFR-EFR,1790163948,0.55,0.59,0.55,4.9,1790161200.0,0.55,0.56,0.55,1.1500000000000001,True
KXITFWMATCH-26SEP23TURHOR-HOR,1790164252,0.25,0.33,0.28,196.05,1790161200.0,0.28,0.29,0.28,196.05,True
KXITFWMATCH-26SEP23SNISAC-SAC,1790166361,,,,0.0,,,,,0.0,False
KXITFWMATCH-26SEP23MATHAM-HAM,1790166951,,,,0.0,,,,,0.0,False
KXITFWMATCH-26SEP23MILVAI-MIL,1790170233,,,,0.0,,,,,0.0,False
KXITFWMATCH-26SEP23PAVCOR-COR,1790172505,,,,0.0,,,,,0.0,False
KXITFWMATCH-26SEP23GOTSVE-GOT,1790174490,,,,0.0,,,,,0.0,False
KXITFWMATCH-26SEP23CINPOP-CIN,1790175117,,,,0.0,,,,,0.0,False
KXITFWMATCH-26SEP23PUSPRE-PRE,1790176093,,,,0.0,,,,,0.0,False
KXITFWMATCH-26SEP23CATDEM-CAT,1790176093,,,,0.0,,,,,0.0,False
KXITFWMATCH-26SEP23SIGEST-EST,1790176885,,,,0.0,,,,,0.0,False
KXITFWMATCH-26SEP23SANINS-INS,1790177509,,,,0.0,,,,,0.0,False
KXITFWMATCH-26SEP23KOIPER-KOI,1790179357,,,,0.0,,,,,0.0,False
KXITFWMATCH-26SEP23SHOROG-ROG,1790180210,,,,0.0,,,,,0.0,False
KXITFWMATCH-26SEP23SANBER-BER,1790181112,,,,0.0,,,,,0.0,False
KXITFWMATCH-26SEP23KAMABB-ABB,1790181690,,,,0.0,,,,,0.0,False
KXITFWMATCH-26SEP23MAXURH-MAX,1790182295,,,,0.0,,,,,0.0,False
KXITFWMATCH-26SEP23MELKON-KON,1790183487,,,,0.0,,,,,0.0,False
KXITFWMATCH-26SEP23GONAZA-AZA,1790185611,,,,0.0,,,,,0.0,False
KXITFWMATCH-26SEP23OKABRO-BRO,1790186497,,,,0.0,,,,,0.0,False
KXITFWMATCH-26SEP23DAYBUL-BUL,1790186772,,,,0.0,,,,,0.0,False
KXITFWMATCH-26SEP23MCDHUI-HUI,1790189500,,,,0.0,,,,,0.0,False
KXITFWMATCH-26SEP23BARCAB-BAR,1790192293,,,,0.0,,,,,0.0,False
KXITFWMATCH-26SEP23BRAOSU-BRA,1790193087,,,,0.0,,,,,0.0,False
KXITFWMATCH-26SEP23REGGUA-GUA,1790195180,,,,0.0,,,,,0.0,False
KXITFWMATCH-26SEP23SHCSTR-SHC,1790196103,,,,0.0,,,,,0.0,False
KXITFWMATCH-26SEP23SAWABE-ABE,1790201809,,,,0.0,,,,,0.0,False
KXITFWMATCH-26SEP23LUXDEN-DEN,1790202734,,,,0.0,,,,,0.0,False
KXITFWMATCH-26SEP23ITAHAY-HAY,1790202979,,,,0.0,,,,,0.0,False
KXITFWMATCH-26SEP23KHOSUV-KHO,1790204812,,,,0.0,,,,,0.0,False
KXITFWMATCH-26SEP23UEMSAT-SAT,1790205112,,,,0.0,,,,,0.0,False
KXITFWMATCH-26SEP23LUXKUB-KUB,1790205699,,,,0.0,,,,,0.0,False
KXITFWMATCH-26SEP23YEXHOU-HOU,1790206581,,,,0.0,,,,,0.0,False
KXITFWMATCH-26SEP23SHIONO-ONO,1790208140,,,,0.0,,,,,0.0,False
KXITFWMATCH-26SEP23CHEZHA-CHE,1790210188,,,,0.0,,,,,0.0,False
KXITFWMATCH-26SEP23TAMOZE-OZE,1790210782,,,,0.0,,,,,0.0,False
KXITFWMATCH-26SEP23JIAZHA-JIA,1790212011,,,,0.0,,,,,0.0,False
KXITFWMATCH-26SEP23TANWAN-TAN,1790212581,,,,0.0,,,,,0.0,False
KXITFWMATCH-26SEP23HOSMAT-HOS,1790213515,,,,0.0,,,,,0.0,False
KXITFWMATCH-26SEP23KAWISH-ISH,1790213780,,,,0.0,,,,,0.0,False
KXITFWMATCH-26SEP24JAMADE-ADE,1790226127,,,,0.0,,,,,0.0,False
KXITFWMATCH-26SEP24HATEFR-EFR,1790226127,,,,0.0,,,,,0.0,False
KXITFWMATCH-26SEP23SAGSUN-SAG,1790226127,,,,0.0,,,,,0.0,False
KXITFWMATCH-26SEP24PERHRA-HRA,1790226128,,,,0.0,,,,,0.0,False
KXITFWMATCH-26SEP24HENMAD-HEN,1790226129,,,,0.0,,,,,0.0,False
KXITFWMATCH-26SEP24MARMAZ-MAR,1790226129,,,,0.0,,,,,0.0,False
KXITFWMATCH-26SEP24SCHBAR-BAR,1790226130,,,,0.0,,,,,0.0,False
KXITFWMATCH-26SEP24PRIPOP-POP,1790226130,,,,0.0,,,,,0.0,False
KXITFWMATCH-26SEP24YESOKT-OKT,1790226393,,,,0.0,,,,,0.0,False
KXITFWMATCH-26SEP24KOVPIS-KOV,1790227281,,,,0.0,,,,,0.0,False
KXITFWMATCH-26SEP24BURZHE-BUR,1790228164,,,,0.0,,,,,0.0,False
KXITFWMATCH-26SEP24MINZEL-MIN,1790228165,,,,0.0,,,,,0.0,False
KXITFWMATCH-26SEP24PAWSMI-PAW,1790229081,,,,0.0,,,,,0.0,False
KXITFWMATCH-26SEP24YANMAI-MAI,1790230288,,,,0.0,,,,,0.0,False
KXITFWMATCH-26SEP24POPMAR-MAR,1790230288,,,,0.0,,,,,0.0,False
KXITFWMATCH-26SEP24VALPET-PET,1790230567,,,,0.0,,,,,0.0,False
KXITFWMATCH-26SEP24TONBER-BER,1790230879,,,,0.0,,,,,0.0,False
KXITFWMATCH-26SEP24BOUKUR-BOU,1790231166,,,,0.0,,,,,0.0,False
KXITFWMATCH-26SEP24MIXSEM-MIX,1790231167,,,,0.0,,,,,0.0,False
KXITFWMATCH-26SEP24GARSTA-GAR,1790231483,,,,0.0,,,,,0.0,False
KXITFWMATCH-26SEP24PAGLON-LON,1790231767,,,,0.0,,,,,0.0,False
KXITFWMATCH-26SEP24STEMET-MET,1790231767,,,,0.0,,,,,0.0,False
KXITFWMATCH-26SEP24MALMDL-MAL,1790231768,,,,0.0,,,,,0.0,False
KXITFWMATCH-26SEP24MILSAC-MIL,1790232078,,,,0.0,,,,,0.0,False
KXITFWMATCH-26SEP24BUCSEV-BUC,1790233287,,,,0.0,,,,,0.0,False
KXITFWMATCH-26SEP24DEKKRO-DEK,1790233288,,,,0.0,,,,,0.0,False
KXITFWMATCH-26SEP24APPLAZ-APP,1790233552,,,,0.0,,,,,0.0,False
KXITFWMATCH-26SEP24JAETOD-JAE,1790234752,,,,0.0,,,,,0.0,False
KXITFWMATCH-26SEP24RUCSAS-RUC,1790235086,,,,0.0,,,,,0.0,False
KXITFWMATCH-26SEP24CHEGAR-CHE,1790235086,,,,0.0,,,,,0.0,False
KXITFWMATCH-26SEP24LUKCAK-CAK,1790235093,,,,0.0,,,,,0.0,False
KXITFWMATCH-26SEP24SEDGUT-GUT,1790235347,,,,0.0,,,,,0.0,False
KXITFWMATCH-26SEP24LIZSAM-LIZ,1790236543,,,,0.0,,,,,0.0,False
KXITFWMATCH-26SEP24SAKENC-ENC,1790236872,,,,0.0,,,,,0.0,False
KXITFWMATCH-26SEP24OZXAMA-AMA,1790238067,,,,0.0,,,,,0.0,False
KXITFWMATCH-26SEP24BIRHER-BIR,1790238337,,,,0.0,,,,,0.0,False
KXITFWMATCH-26SEP24LEMBOS-BOS,1790238937,,,,0.0,,,,,0.0,False
KXITFWMATCH-26SEP24PAVTOM-PAV,1790238937,,,,0.0,,,,,0.0,False
KXITFWMATCH-26SEP24DAPDOT-DAP,1790239544,,,,0.0,,,,,0.0,False
KXITFWMATCH-26SEP24BOJBRE-BOJ,1790240473,,,,0.0,,,,,0.0,False
KXITFWMATCH-26SEP24EBENIE-EBE,1790241650,,,,0.0,,,,,0.0,False
KXITFWMATCH-26SEP24ROUGAL-GAL,1790241940,,,,0.0,,,,,0.0,False
KXITFWMATCH-26SEP24DANBER-BER,1790244638,,,,0.0,,,,,0.0,False
KXITFWMATCH-26SEP24ABOGOL-ABO,1790248290,,,,0.0,,,,,0.0,False
KXITFWMATCH-26SEP24MATCIR-CIR,1790248290,,,,0.0,,,,,0.0,False
KXITFWMATCH-26SEP24ROJFIT-FIT,1790251265,,,,0.0,,,,,0.0,False
KXITFWMATCH-26SEP24ESQGIA-ESQ,1790257865,,,,0.0,,,,,0.0,False
KXITFWMATCH-26SEP24PREMAX-MAX,1790261744,,,,0.0,,,,,0.0,False
KXITFWMATCH-26SEP24BREMAK-BRE,1790262073,,,,0.0,,,,,0.0,False
KXITFWMATCH-26SEP24ALBSHA-ALB,1790262073,,,,0.0,,,,,0.0,False
KXITFWMATCH-26SEP24DIALOP-DIA,1790262337,,,,0.0,,,,,0.0,False
KXITFWMATCH-26SEP24CINSAN-CIN,1790262649,,,,0.0,,,,,0.0,False
KXITFWMATCH-26SEP24PERGOT-GOT,1790263557,,,,0.0,,,,,0.0,False
KXITFWMATCH-26SEP24GARREI-GAR,1790267468,,,,0.0,,,,,0.0,False
KXITFWMATCH-26SEP24MCDBRO-BRO,1790268051,,,,0.0,,,,,0.0,False
KXITFWMATCH-26SEP24DOUGOM-DOU,1790269058,,,,0.0,,,,,0.0,False
KXITFWMATCH-26SEP24SANCAT-CAT,1790269433,,,,0.0,,,,,0.0,False
KXITFWMATCH-26SEP24KAMBRA-BRA,1790272251,,,,0.0,,,,,0.0,False
KXITFWMATCH-26SEP24CHASHC-CHA,1790273142,,,,0.0,,,,,0.0,False
KXITFWMATCH-26SEP24BARROG-BAR,1790273450,,,,0.0,,,,,0.0,False
KXITFWMATCH-26SEP24AZAEST-AZA,1790275255,,,,0.0,,,,,0.0,False
KXITFWMATCH-26SEP24GUAKON-GUA,1790275978,,,,0.0,,,,,0.0,False
KXITFWMATCH-26SEP24DAYLAS-DAY,1790278854,,,,0.0,,,,,0.0,False
KXITFWMATCH-26SEP24SHIABE-ABE,1790290247,,,,0.0,,,,,0.0,False
KXITFWMATCH-26SEP24WANSUN-SUN,1790292354,,,,0.0,,,,,0.0,False
KXITFWMATCH-26SEP24DENOZE-DEN,1790292658,,,,0.0,,,,,0.0,False
KXITFWMATCH-26SEP24HOSSAT-HOS,1790292945,,,,0.0,,,,,0.0,False
KXITFWMATCH-26SEP24LIXKUB-KUB,1790293553,,,,0.0,,,,,0.0,False
KXITFWMATCH-26SEP24KHOZHA-KHO,1790295337,,,,0.0,,,,,0.0,False
KXITFWMATCH-26SEP24ISHITA-ISH,1790297137,,,,0.0,,,,,0.0,False
KXITFWMATCH-26SEP24YEXJIA-JIA,1790303461,,,,0.0,,,,,0.0,False
KXITFWMATCH-26SEP25HRAGOL-GOL,1790309138,,,,0.0,,,,,0.0,False
KXITFWMATCH-26SEP24HORCOL-COL,1790309727,,,,0.0,,,,,0.0,False
KXITFWMATCH-26SEP25SEVBRE-BRE,1790310046,,,,0.0,,,,,0.0,False
KXITFWMATCH-26SEP25HATGUT-GUT,1790310653,,,,0.0,,,,,0.0,False
KXITFWMATCH-26SEP24FERGEN-FER,1790312450,,,,0.0,,,,,0.0,False
KXITFWMATCH-26SEP25PRITOD-PRI,1790314240,,,,0.0,,,,,0.0,False
KXITFWMATCH-26SEP25METVAL-MET,1790314828,,,,0.0,,,,,0.0,False
KXITFWMATCH-26SEP25LUKOKT-LUK,1790315120,,,,0.0,,,,,0.0,False
KXITFWMATCH-26SEP25PAWADE-ADE,1790315433,,,,0.0,,,,,0.0,False
KXITFWMATCH-26SEP25MIXKRO-KRO,1790315732,,,,0.0,,,,,0.0,False
KXITFWMATCH-26SEP25YANENC-ENC,1790316061,,,,0.0,,,,,0.0,False
KXITFWMATCH-26SEP25RUCKUR-KUR,1790316918,,,,0.0,,,,,0.0,False
KXITFWMATCH-26SEP25HENSTA-HEN,1790317235,,,,0.0,,,,,0.0,False
KXITFWMATCH-26SEP25MILSAM-MIL,1790319907,,,,0.0,,,,,0.0,False
KXITFWMATCH-26SEP25EBEMAZ-EBE,1790320221,,,,0.0,,,,,0.0,False
KXITFWMATCH-26SEP25POPHER-HER,1790321106,,,,0.0,,,,,0.0,False
KXITFWMATCH-26SEP25BURSCH-BUR,1790322022,,,,0.0,,,,,0.0,False
KXITFWMATCH-26SEP25KOVCOL-COL,1790322023,,,,0.0,,,,,0.0,False
KXITFWMATCH-26SEP25MALDAN-DAN,1790323247,,,,0.0,,,,,0.0,False
KXITFWMATCH-26SEP25GALGAR-GAL,1790324111,,,,0.0,,,,,0.0,False
KXITFWMATCH-26SEP25PAGGEN-GEN,1790325614,,,,0.0,,,,,0.0,False
KXITFWMATCH-26SEP25LAZBER-BER,1790325615,,,,0.0,,,,,0.0,False
KXITFWMATCH-26SEP25MINAMA-AMA,1790328012,,,,0.0,,,,,0.0,False
KXITFWMATCH-26SEP25ESQLEM-ESQ,1790332494,,,,0.0,,,,,0.0,False
KXITFWMATCH-26SEP25DOTCIR-CIR,1790336335,,,,0.0,,,,,0.0,False
KXITFWMATCH-26SEP25PAVFIT-FIT,1790344499,,,,0.0,,,,,0.0,False
KXITFWMATCH-26SEP25CHAPRE-CHA,1790346908,,,,0.0,,,,,0.0,False
KXITFWMATCH-26SEP25BREMCD-BRE,1790353508,,,,0.0,,,,,0.0,False
KXITFWMATCH-26SEP25PERKAM-KAM,1790354100,,,,0.0,,,,,0.0,False
KXITFWMATCH-26SEP25SANSHA-SAN,1790356506,,,,0.0,,,,,0.0,False
KXITFWMATCH-26SEP25GARKON-GAR,1790356823,,,,0.0,,,,,0.0,False
KXITFWMATCH-26SEP25DAYROG-DAY,1790358019,,,,0.0,,,,,0.0,False
KXITFWMATCH-26SEP25DOUEST-DOU,1790358905,,,,0.0,,,,,0.0,False
KXITFWMATCH-26SEP25CINLOP-CIN,1790365529,,,,0.0,,,,,0.0,False
KXITFWMATCH-26SEP25ISHABE-ABE,1790375713,,,,0.0,,,,,0.0,False
KXITFWMATCH-26SEP25HOSOZE-HOS,1790383505,,,,0.0,,,,,0.0,False
KXITFWMATCH-26SEP26PAWHAT-HAT,1790398836,,,,0.0,,,,,0.0,False
KXITFWMATCH-26SEP25KHOWAN-KHO,1790399419,,,,0.0,,,,,0.0,False
KXITFWMATCH-26SEP26YANHEN-HEN,1790399699,,,,0.0,,,,,0.0,False
KXITFWMATCH-26SEP25JIAKUB-JIA,1790400295,,,,0.0,,,,,0.0,False
KXITFWMATCH-26SEP26TODBRE-BRE,1790402694,,,,0.0,,,,,0.0,False
KXITFWMATCH-26SEP26KRODAN-DAN,1790403027,,,,0.0,,,,,0.0,False
KXITFWMATCH-26SEP26PAGKOV-KOV,1790403301,,,,0.0,,,,,0.0,False
KXITFWMATCH-26SEP26POPSCH-POP,1790404808,,,,0.0,,,,,0.0,False
KXITFWMATCH-26SEP26DOTRUC-DOT,1790405404,,,,0.0,,,,,0.0,False
KXITFWMATCH-26SEP26METOKT-MET,1790405692,,,,0.0,,,,,0.0,False
KXITFWMATCH-26SEP26GOLMIL-GOL,1790406896,,,,0.0,,,,,0.0,False
KXITFWMATCH-26SEP26MINEBE-EBE,1790411086,,,,0.0,,,,,0.0,False
KXITFWMATCH-26SEP26SHALOP-LOP,1790417689,,,,0.0,,,,,0.0,False
KXITFWMATCH-26SEP26GALFIT-FIT,1790420404,,,,0.0,,,,,0.0,False
KXITFWMATCH-26SEP26ESTGAR-EST,1790421597,,,,0.0,,,,,0.0,False
KXITFWMATCH-26SEP26ESQLAZ-ESQ,1790425805,,,,0.0,,,,,0.0,False
KXITFWMATCH-26SEP26PERPRE-PER,1790438090,,,,0.0,,,,,0.0,False
KXITFWMATCH-26SEP26DAYMCD-DAY,1790447093,,,,0.0,,,,,0.0,False
KXITFWMATCH-26SEP26HOSABE-ABE,1790462406,,,,0.0,,,,,0.0,False
KXITFWMATCH-26SEP27HATGOL-GOL,1790482220,,,,0.0,,,,,0.0,False
KXITFWMATCH-26SEP26WANKUB-KUB,1790486108,,,,0.0,,,,,0.0,False
KXITFWMATCH-26SEP27BREPOP-BRE,1790486413,,,,0.0,,,,,0.0,False
KXITFWMATCH-26SEP27LOPPAS-LOP,1790486413,,,,0.0,,,,,0.0,False
KXITFWMATCH-26SEP27LLILIU-LIU,1790487609,,,,0.0,,,,,0.0,False
KXITFWMATCH-26SEP27YANMIN-MIN,1790488828,,,,0.0,,,,,0.0,False
KXITFWMATCH-26SEP27OKTKOV-KOV,1790489414,,,,0.0,,,,,0.0,False
KXITFWMATCH-26SEP27ARIGIB-ARI,1790490014,,,,0.0,,,,,0.0,False
KXITFWMATCH-26SEP27ESQGAL-ESQ,1790491208,,,,0.0,,,,,0.0,False
KXITFWMATCH-26SEP27DANDOT-DAN,1790491209,,,,0.0,,,,,0.0,False
KXITFWMATCH-26SEP27BIODEK-BIO,1790491809,,,,0.0,,,,,0.0,False
KXITFWMATCH-26SEP27BEKCOL-BEK,1790492091,,,,0.0,,,,,0.0,False
KXITFWMATCH-26SEP27HARSLA-HAR,1790494211,,,,0.0,,,,,0.0,False
KXITFWMATCH-26SEP27VANGAR-GAR,1790494802,,,,0.0,,,,,0.0,False
KXITFWMATCH-26SEP27MARCAB-CAB,1790495402,,,,0.0,,,,,0.0,False
KXITFWMATCH-26SEP27PIRCAM-CAM,1790496295,,,,0.0,,,,,0.0,False
KXITFWMATCH-26SEP27NGOREV-NGO,1790496621,,,,0.0,,,,,0.0,False
KXITFWMATCH-26SEP27MONISA-ISA,1790498092,,,,0.0,,,,,0.0,False
KXITFWMATCH-26SEP27MITREN-MIT,1790498400,,,,0.0,,,,,0.0,False
KXITFWMATCH-26SEP27GIACAB-CAB,1790499009,,,,0.0,,,,,0.0,False
KXITFWMATCH-26SEP27GUDCOR-COR,1790499609,,,,0.0,,,,,0.0,False
KXITFWMATCH-26SEP27ROOHER-HER,1790499610,,,,0.0,,,,,0.0,False
KXITFWMATCH-26SEP27MTVSAL-MTV,1790501684,,,,0.0,,,,,0.0,False
KXITFWMATCH-26SEP27TEIGOM-GOM,1790502286,,,,0.0,,,,,0.0,False
KXITFWMATCH-26SEP27NESHAY-HAY,1790503482,,,,0.0,,,,,0.0,False
KXITFWMATCH-26SEP27NOVPEL-NOV,1790503807,,,,0.0,,,,,0.0,False
KXITFWMATCH-26SEP27VIABRE-BRE,1790503808,,,,0.0,,,,,0.0,False
KXITFWMATCH-26SEP27PARPUS-PAR,1790505602,,,,0.0,,,,,0.0,False
KXITFWMATCH-26SEP27GRAFAB-FAB,1790506213,,,,0.0,,,,,0.0,False
KXITFWMATCH-26SEP27JURDAP-DAP,1790506488,,,,0.0,,,,,0.0,False
KXITFWMATCH-26SEP27FEDRAM-FED,1790508014,,,,0.0,,,,,0.0,False
KXITFWMATCH-26SEP27FERGOM-FER,1790510093,,,,0.0,,,,,0.0,False
KXITFWMATCH-26SEP27SARBRU-BRU,1790510095,,,,0.0,,,,,0.0,False
KXITFWMATCH-26SEP27DEPVAN-DEP,1790510423,,,,0.0,,,,,0.0,False
KXITFWMATCH-26SEP27LOPGAR-GAR,1790510424,,,,0.0,,,,,0.0,False
KXITFWMATCH-26SEP27LOPNOE-LOP,1790510425,,,,0.0,,,,,0.0,False
KXITFWMATCH-26SEP27GARMOC-GAR,1790511956,,,,0.0,,,,,0.0,False
KXITFWMATCH-26SEP27LAZRAB-LAZ,1790513415,,,,0.0,,,,,0.0,False
KXITFWMATCH-26SEP27TOMCLA-CLA,1790517321,,,,0.0,,,,,0.0,False
KXITFWMATCH-26SEP27PEESHK-PEE,1790517657,,,,0.0,,,,,0.0,False
KXITFWMATCH-26SEP27DAYPRE-DAY,1790532350,,,,0.0,,,,,0.0,False
KXITFWMATCH-26SEP28SPAPAR-PAR,1790566869,,,,0.0,,,,,0.0,False
KXITFWMATCH-26SEP28ROSMON-MON,1790567451,,,,0.0,,,,,0.0,False
KXITFWMATCH-26SEP28RASKRA-KRA,1790568660,,,,0.0,,,,,0.0,False
KXITFWMATCH-26SEP28BIOKIM-BIO,1790574359,,,,0.0,,,,,0.0,False
KXITFWMATCH-26SEP28VELALE-ALE,1790574359,,,,0.0,,,,,0.0,False
KXITFWMATCH-26SEP28MANREN-MAN,1790574360,,,,0.0,,,,,0.0,False
KXITFWMATCH-26SEP28PEEIAN-IAN,1790575284,,,,0.0,,,,,0.0,False
KXITFWMATCH-26SEP28TANBAY-BAY,1790576147,,,,0.0,,,,,0.0,False
KXITFWMATCH-26SEP28VELBEK-BEK,1790576462,,,,0.0,,,,,0.0,False
KXITFWMATCH-26SEP28LOPVAN-LOP,1790576758,,,,0.0,,,,,0.0,False
KXITFWMATCH-26SEP28PETLIM-LIM,1790576759,,,,0.0,,,,,0.0,False
KXITFWMATCH-26SEP28KSAWIL-KSA,1790578248,,,,0.0,,,,,0.0,False
KXITFWMATCH-26SEP28GIMCEM-CEM,1790578537,,,,0.0,,,,,0.0,False
KXITFWMATCH-26SEP28CABNGO-CAB,1790578537,,,,0.0,,,,,0.0,False
KXITFWMATCH-26SEP28ARILIU-ARI,1790578860,,,,0.0,,,,,0.0,False
KXITFWMATCH-26SEP28ROOYAR-ROO,1790580356,,,,0.0,,,,,0.0,False
KXITFWMATCH-26SEP28GASKOS-GAS,1790580646,,,,0.0,,,,,0.0,False
KXITFWMATCH-26SEP28NOVPAR-NOV,1790581540,,,,0.0,,,,,0.0,False
KXITFWMATCH-26SEP28NAGISA-ISA,1790581540,,,,0.0,,,,,0.0,False
KXITFWMATCH-26SEP28SEBSLA-SEB,1790582457,,,,0.0,,,,,0.0,False
KXITFWMATCH-26SEP28VIGFEN-FEN,1790582732,,,,0.0,,,,,0.0,False
KXITFWMATCH-26SEP28LATCOP-COP,1790582732,,,,0.0,,,,,0.0,False
KXITFWMATCH-26SEP28MOCGOM-GOM,1790585152,,,,0.0,,,,,0.0,False
KXITFWMATCH-26SEP28GIAGOM-GIA,1790585440,,,,0.0,,,,,0.0,False
KXITFWMATCH-26SEP28SEDGUD-GUD,1790586322,,,,0.0,,,,,0.0,False
KXITFWMATCH-26SEP28POLPIR-PIR,1790586640,,,,0.0,,,,,0.0,False
KXITFWMATCH-26SEP28KUJFOJ-FOJ,1790587241,,,,0.0,,,,,0.0,False
KXITFWMATCH-26SEP28CHIDEP-CHI,1790588142,,,,0.0,,,,,0.0,False
KXITFWMATCH-26SEP28NILJUR-JUR,1790589331,,,,0.0,,,,,0.0,False
KXITFWMATCH-26SEP28BONMTV-BON,1790589661,,,,0.0,,,,,0.0,False
KXITFWMATCH-26SEP28SFIBER-BER,1790590249,,,,0.0,,,,,0.0,False
KXITFWMATCH-26SEP28BHAPAW-BHA,1790590249,,,,0.0,,,,,0.0,False
KXITFWMATCH-26SEP28DOLMON-DOL,1790591794,,,,0.0,,,,,0.0,False
KXITFWMATCH-26SEP28BREDJO-BRE,1790593254,,,,0.0,,,,,0.0,False
KXITFWMATCH-26SEP28IMXERL-ERL,1790593839,,,,0.0,,,,,0.0,False
KXITFWMATCH-26SEP28MARMAR2-MAR,1790595226,,,,0.0,,,,,0.0,False
KXITFWMATCH-26SEP28NESKHR-KHR,1790595645,,,,0.0,,,,,0.0,False
KXITFWMATCH-26SEP28TEJDAS-DAS,1790596146,,,,0.0,,,,,0.0,False
KXITFWMATCH-26SEP28CORZIN-COR,1790598692,,,,0.0,,,,,0.0,False
KXITFWMATCH-26SEP28LOPCIO-CIO,1790600343,,,,0.0,,,,,0.0,False
KXITFWMATCH-26SEP28GRABOU-BOU,1790600343,,,,0.0,,,,,0.0,False
KXITFWMATCH-26SEP28RAMMYA-MYA,1790603782,,,,0.0,,,,,0.0,False
KXITFWMATCH-26SEP28CHEAYT-AYT,1790605308,,,,0.0,,,,,0.0,False
KXITFWMATCH-26SEP28CHALAS-CHA,1790607719,,,,0.0,,,,,0.0,False
KXITFWMATCH-26SEP28BURZUC-BUR,1790608324,,,,0.0,,,,,0.0,False
KXITFWMATCH-26SEP28KOMBUR-BUR,1790609020,,,,0.0,,,,,0.0,False
KXITFWMATCH-26SEP28BROMAU-BRO,1790609517,,,,0.0,,,,,0.0,False
KXITFWMATCH-26SEP28EVASHC-EVA,1790611322,,,,0.0,,,,,0.0,False
KXITFWMATCH-26SEP28BALMAH-BAL,1790611910,,,,0.0,,,,,0.0,False
KXITFWMATCH-26SEP28PERKEL-KEL,1790612865,,,,0.0,,,,,0.0,False
KXITFWMATCH-26SEP28CROGRU-CRO,1790616164,,,,0.0,,,,,0.0,False
KXITFWMATCH-26SEP28HERZAM-HER,1790618383,,,,0.0,,,,,0.0,False
KXITFWMATCH-26SEP28BULOKA-BUL,1790619122,,,,0.0,,,,,0.0,False
KXITFWMATCH-26SEP28MAKDEF-DEF,1790621798,,,,0.0,,,,,0.0,False
KXITFWMATCH-26SEP28MCDHUI-HUI,1790622719,,,,0.0,,,,,0.0,False
KXITFWMATCH-26SEP28KUHLUT-KUH,1790623933,,,,0.0,,,,,0.0,False
KXITFWMATCH-26SEP28CABLIN-CAB,1790626623,,,,0.0,,,,,0.0,False
KXITFWMATCH-26SEP28SAHSTR-SAH,1790629051,,,,0.0,,,,,0.0,False
KXITFWMATCH-26SEP28VANHEW-HEW,1790629919,,,,0.0,,,,,0.0,False
KXITFWMATCH-26SEP28OHAKOS-KOS,1790630546,,,,0.0,,,,,0.0,False
KXITFWMATCH-26SEP28GOTFAK-FAK,1790630844,,,,0.0,,,,,0.0,False
KXITFWMATCH-26SEP28SCHUCH-SCH,1790632648,,,,0.0,,,,,0.0,False
KXITFWMATCH-26SEP28KIKSHI-KIK,1790632999,,,,0.0,,,,,0.0,False
KXITFWMATCH-26SEP28MCKGAL-GAL,1790633000,,,,0.0,,,,,0.0,False
KXITFWMATCH-26SEP28HOSBAK-BAK,1790638211,,,,0.0,,,,,0.0,False
KXITFWMATCH-26SEP28ONOSCH-ONO,1790638212,,,,0.0,,,,,0.0,False
KXITFWMATCH-26SEP28RENULI-REN,1790639541,,,,0.0,,,,,0.0,False
KXITFWMATCH-26SEP28SHAHUA-HUA,1790639818,,,,0.0,,,,,0.0,False
KXITFWMATCH-26SEP28SHITES-SHI,1790639819,,,,0.0,,,,,0.0,False
KXITFWMATCH-26SEP28SATMUR-MUR,1790640733,,,,0.0,,,,,0.0,False
KXITFWMATCH-26SEP28KAKLIU-KAK,1790641018,,,,0.0,,,,,0.0,False
KXITFWMATCH-26SEP28KHADOD-DOD,1790641623,,,,0.0,,,,,0.0,False
KXITFWMATCH-26SEP28SONSOE-SOE,1790642539,,,,0.0,,,,,0.0,False
KXITFWMATCH-26SEP28UEMLOP-LOP,1790643444,,,,0.0,,,,,0.0,False
KXITFWMATCH-26SEP28KOZXUX-KOZ,1790644349,,,,0.0,,,,,0.0,False
KXITFWMATCH-26SEP28HANARA-ARA,1790646723,,,,0.0,,,,,0.0,False
KXITFWMATCH-26SEP28FRAZHA-FRA,1790646724,,,,0.0,,,,,0.0,False
KXITFWMATCH-26SEP28WANKIT-KIT,1790646724,,,,0.0,,,,,0.0,False
KXITFWMATCH-26SEP28KUZTAN-KUZ,1790647341,,,,0.0,,,,,0.0,False
KXITFWMATCH-26SEP28TIAHOU-HOU,1790647342,,,,0.0,,,,,0.0,False
KXITFWMATCH-26SEP28SANBAR-BAR,1790648235,,,,0.0,,,,,0.0,False
KXITFWMATCH-26SEP28LEELIX-LEE,1790649137,,,,0.0,,,,,0.0,False
KXITFWMATCH-26SEP29KOYANX-ANX,1790650044,,,,0.0,,,,,0.0,False
KXITFWMATCH-26SEP29JIAJAN-JAN,1790653321,,,,0.0,,,,,0.0,False
KXITFWMATCH-26SEP28NEGCHE-CHE,1790654555,,,,0.0,,,,,0.0,False
KXITFWMATCH-26SEP29ODOKAP-KAP,1790654830,,,,0.0,,,,,0.0,False
KXITFWMATCH-26SEP29GRODER-DER,1790655113,,,,0.0,,,,,0.0,False
KXITFWMATCH-26SEP29VANBIE-BIE,1790655402,,,,0.0,,,,,0.0,False
KXITFWMATCH-26SEP28SUNSUN2-SUN,1790656593,,,,0.0,,,,,0.0,False
KXITFWMATCH-26SEP29FELRUD-FEL,1790656904,,,,0.0,,,,,0.0,False
KXITFWMATCH-26SEP29ROSSAK-ROS,1790657501,,,,0.0,,,,,0.0,False
KXITFWMATCH-26SEP29MANROO-MAN,1790658699,,,,0.0,,,,,0.0,False
KXITFWMATCH-26SEP28TOMPEE-PEE,1790659595,,,,0.0,,,,,0.0,False
KXITFWMATCH-26SEP29BRUKSA-BRU,1790659928,,,,0.0,,,,,0.0,False
KXITFWMATCH-26SEP29VELBIO-BIO,1790660209,,,,0.0,,,,,0.0,False
KXITFWMATCH-26SEP29KUJDJO-DJO,1790661100,0.62,0.66,,0.0,1790658000.0,0.62,0.66,,0.0,True
KXITFWMATCH-26SEP29SPALAR-LAR,1790661714,0.85,0.86,0.86,258.74,1790661600.0,0.84,0.87,0.87,253.0,True
KXITFWMATCH-26SEP29JORFRA-FRA,1790661716,0.02,0.03,0.03,5345.88,1790661600.0,0.02,0.03,0.02,4971.33,True
KXITFWMATCH-26SEP29ORTROU-ORT,1790661716,0.02,0.03,0.03,8212.71,1790661600.0,0.02,0.03,0.02,7868.75,True
KXITFWMATCH-26SEP28LAZBRU-BRU,1790662298,0.04,0.08,0.06,7611.010000000001,1790658000.0,0.04,0.08,0.06,7594.200000000001,True
KXITFWMATCH-26SEP29QUATSY-QUA,1790662607,0.86,0.91,,0.0,1790661600.0,0.89,0.93,,0.0,True
KXITFWMATCH-26SEP29PERBAN-BAN,1790662608,0.96,0.99,0.98,6594.15,1790661600.0,0.96,0.99,0.98,6583.15,True
KXITFWMATCH-26SEP29MESNES-MES,1790663780,0.91,0.95,,0.0,1790661600.0,0.35,0.95,,0.0,True
KXITFWMATCH-26SEP29IMXBOU-BOU,1790663782,0.35,0.4,,0.0,1790661600.0,0.35,0.4,,0.0,True
KXITFWMATCH-26SEP29SALWOR-SAL,1790664080,0.8,0.87,,0.0,1790661600.0,0.75,0.87,,0.0,True
KXITFWMATCH-26SEP29VELIAN-IAN,1790664081,0.32,0.33,0.34,657.0,1790661600.0,0.33,0.34,0.34,416.0,True
KXITFWMATCH-26SEP29POPGRO-GRO,1790664383,0.05,0.11,,0.0,1790658000.0,0.06,0.15,,0.0,True
KXITFWMATCH-26SEP29BAZKHA-BAZ,1790665299,0.67,0.73,,0.0,1790665200.0,0.67,0.73,,0.0,True
KXITFWMATCH-26SEP29MILMAT-MAT,1790665584,0.6,0.65,0.64,15.42,1790665200.0,0.6,0.65,0.64,15.42,True
KXITFWMATCH-26SEP29CASSAH-CAS,1790666198,0.64,0.76,,0.0,1790665200.0,0.61,0.67,,0.0,True
KXITFWMATCH-26SEP29CHILAT-CHI,1790667097,0.65,0.73,,0.0,1790665200.0,0.7,0.75,,0.0,True
KXITFWMATCH-26SEP29SPIREY-REY,1790667099,0.33,0.35,0.36,6.0,1790665200.0,0.34,0.35,0.36,6.0,True
KXITFWMATCH-26SEP29PIRNES-NES,1790667684,0.71,0.76,,0.0,1790665200.0,0.68,0.76,,0.0,True
KXITFWMATCH-26SEP29LOLANS-ANS,1790667685,0.7,0.72,0.72,2.0,1790665200.0,0.7,0.72,0.72,2.0,True
KXITFWMATCH-26SEP29TKAFEN-FEN,1790667996,0.57,0.6,0.6,1.62,1790665200.0,0.57,0.59,,0.0,True
KXITFWMATCH-26SEP29OLICER-CER,1790668009,0.73,0.75,0.78,2.0,1790665200.0,0.75,0.76,0.78,2.0,True
KXITFWMATCH-26SEP29ANDDOR-AND,1790669787,0.11,0.12,0.12,4143.91,1790668800.0,0.11,0.12,0.12,4143.91,True
KXITFWMATCH-26SEP29COLSEB-COL,1790670376,0.92,0.95,0.93,5.0,1790668800.0,0.93,0.95,0.95,2.0,True
KXITFWMATCH-26SEP29POPBUC-BUC,1790670959,0.17,0.18,0.19,56.52,1790668800.0,0.17,0.18,0.19,56.52,True
KXITFWMATCH-26SEP29SCHRUA-RUA,1790670959,0.28,0.34,,0.0,1790668800.0,0.27,0.35,,0.0,True
KXITFWMATCH-26SEP29TANTAN2-TAN,1790671277,0.7,0.73,,0.0,1790668800.0,0.7,0.73,,0.0,True
KXITFWMATCH-26SEP29FAVIBR-FAV,1790671566,0.77,0.82,0.83,3.57,1790668800.0,0.75,0.83,,0.0,True
KXITFWMATCH-26SEP29KUMDJA-DJA,1790671567,0.17,0.23,,0.0,1790668800.0,0.17,0.23,,0.0,True
KXITFWMATCH-26SEP29BOUNEW-BOU,1790671880,0.86,0.91,,0.0,1790668800.0,0.86,0.92,,0.0,True
KXITFWMATCH-26SEP29KLIBON-BON,1790672155,0.03,0.04,0.04,9675.98,1790668800.0,0.02,0.03,0.03,4233.05,True
KXITFWMATCH-26SEP29KOMCIO-CIO,1790673061,0.53,0.57,0.61,10.0,1790672400.0,0.53,0.57,0.61,10.0,True
KXITFWMATCH-26SEP29RUCDIA-DIA,1790673366,0.12,0.18,,0.0,1790672400.0,0.13,0.19,,0.0,True
KXITFWMATCH-26SEP29TRACIR-CIR,1790673952,0.96,0.97,0.96,166.0,1790672400.0,0.96,0.97,0.96,166.0,True
KXITFWMATCH-26SEP29IVACAN-CAN,1790674354,0.2,0.21,0.2,1098.0,1790672400.0,0.2,0.21,0.2,1098.0,True
KXITFWMATCH-26SEP29VISSZA-SZA,1790675155,0.47,0.49,0.51,531.12,1790672400.0,0.5,0.51,0.51,531.12,True
KXITFWMATCH-26SEP29BRORAM-BRO,1790675480,0.55,0.6,,0.0,1790672400.0,0.55,0.6,,0.0,True
KXITFWMATCH-26SEP29MAIGOI-GOI,1790676659,0.25,0.26,0.26,19.31,1790676000.0,0.25,0.26,0.26,19.31,True
KXITFWMATCH-26SEP29SEVKRA-KRA,1790676659,0.27,0.28,0.27,3133.75,1790676000.0,0.27,0.28,0.27,3133.75,True
KXITFWMATCH-26SEP29SORBER-BER,1790677872,0.4,0.41,,0.0,1790676000.0,0.4,0.41,,0.0,True
KXITFWMATCH-26SEP29DESMON-DES,1790677873,0.11,0.12,0.12,99.07,1790676000.0,0.11,0.12,0.12,99.07,True
KXITFWMATCH-26SEP29LEOBOU-BOU,1790678166,0.1,0.14,,0.0,1790676000.0,0.11,0.13,,0.0,True
KXITFWMATCH-26SEP29SEBLIM-LIM,1790678767,0.14,0.16,,0.0,1790676000.0,0.14,0.16,,0.0,True
KXITFWMATCH-26SEP29HIEVAG-HIE,1790679064,0.56,0.58,0.59,1193.0,1790676000.0,0.57,0.59,0.59,1193.0,True
KXITFWMATCH-26SEP29SEDNIL-NIL,1790679065,0.74,0.75,0.76,2.0,1790676000.0,0.74,0.76,0.76,2.0,True
KXITFWMATCH-26SEP29CRIGOB-CRI,1790680265,0.05,0.06,0.05,474.69,1790679600.0,0.05,0.06,0.05,474.69,True
KXITFWMATCH-26SEP29BAIMOR-BAI,1790680893,0.07,0.12,0.09,71.03,1790679600.0,0.06,0.09,0.09,71.03,True
KXITFWMATCH-26SEP29VLAFIR-FIR,1790681763,0.49,0.51,0.5,204.85999999999999,1790679600.0,0.49,0.5,0.53,11.629999999999999,True
KXITFWMATCH-26SEP29RENDUP-DUP,1790683298,0.88,0.89,0.89,725.01,1790683200.0,0.88,0.89,0.87,725.0,True
KXITFWMATCH-26SEP29RYSRAD-RAD,1790683878,0.19,0.2,,0.0,1790683200.0,0.19,0.2,,0.0,True
KXITFWMATCH-26SEP29MARMAD-MAD,1790683879,0.94,0.95,0.95,2311.09,1790683200.0,0.94,0.95,0.95,2306.9,True
KXITFWMATCH-26SEP29MORDII-DII,1790684245,0.14,0.17,,0.0,1790683200.0,0.14,0.28,,0.0,True
KXITFWMATCH-26SEP29JURZIN-JUR,1790684245,0.06,0.11,0.09,12.44,1790683200.0,0.06,0.11,0.09,12.44,True
KXITFWMATCH-26SEP29XUXWEN-WEN,1790686330,0.24,0.25,0.24,93.1,1790683200.0,0.24,0.25,0.25,0.1,True
KXITFWMATCH-26SEP29SOUHOV-HOV,1790686912,0.79,0.88,0.88,5.1,1790686800.0,0.78,0.88,0.88,5.1,True
KXITFWMATCH-26SEP29SOUZOR-SOU,1790687204,0.31,0.32,0.31,29.61,1790686800.0,0.3,0.31,0.31,29.61,True
KXITFWMATCH-26SEP29NARNGI-NAR,1790687205,0.51,0.56,,0.0,1790683200.0,0.52,0.59,,0.0,True
KXITFWMATCH-26SEP29VANLEN-LEN,1790688712,0.56,0.58,0.58,553.74,1790686800.0,0.58,0.59,0.61,470.0,True
KXITFWMATCH-26SEP29MEATAR-MEA,1790691411,0.81,0.83,0.83,435.36,1790690400.0,0.81,0.82,0.82,435.13,True
KXITFWMATCH-26SEP29DUAAYA-AYA,1790691731,0.91,0.92,0.92,15.45,1790690400.0,0.91,0.92,0.92,11.24,True
KXITFWMATCH-26SEP29ELIPAS-ELI,1790691732,0.09,0.1,0.09,69.0,1790690400.0,0.08,0.11,,0.0,True
KXITFWMATCH-26SEP29FRISIN-FRI,1790692007,0.52,0.56,0.63,30.0,1790690400.0,0.53,0.58,0.63,30.0,True
KXITFWMATCH-26SEP29HEREVA-EVA,1790692873,0.45,0.48,,0.0,1790690400.0,0.45,0.48,,0.0,True
KXITFWMATCH-26SEP29AYTCHA-AYT,1790694196,0.26,0.29,,0.0,1790694000.0,0.09,0.3,,0.0,True
KXITFWMATCH-26SEP29BALZUC-BAL,1790694197,0.59,0.61,0.61,82.13,1790694000.0,0.6,0.65,,0.0,True
KXITFWMATCH-26SEP29PERCRO-CRO,1790694434,0.53,0.54,0.54,104.1,1790694000.0,0.54,0.59,,0.0,True
KXITFWMATCH-26SEP29DASCAR-CAR,1790695154,0.51,0.52,0.52,5040.98,1790694000.0,0.47,0.48,0.48,3197.92,True
KXITFWMATCH-26SEP29NAHCRI-CRI,1790695809,0.05,0.07,0.07,13.540000000000001,1790694000.0,0.05,0.07,0.07,13.41,True
KXITFWMATCH-26SEP29BERBOS-BER,1790696812,0.4,0.41,0.4,41.0,1790694000.0,0.38,0.4,,0.0,True
KXITFWMATCH-26SEP29LAHBAR-BAR,1790697734,0.16,0.17,0.16,169.03,1790697600.0,0.15,0.16,0.16,169.03,True
KXITFWMATCH-26SEP29VIJDIG-DIG,1790698942,0.42,0.43,0.43,21.27,1790697600.0,0.42,0.43,0.31,0.25,True
KXITFWMATCH-26SEP29FAKSAH-FAK,1790699811,0.62,0.66,0.63,3.0,1790697600.0,0.61,0.64,,0.0,True
KXITFWMATCH-26SEP29MARWEB-MAR,1790700133,0.53,0.56,0.57,4.0,1790697600.0,0.54,0.56,0.57,4.0,True
KXITFWMATCH-26SEP29KRURAY-KRU,1790700420,0.5,0.53,0.51,15.0,1790697600.0,0.5,0.53,0.51,15.0,True
KXITFWMATCH-26SEP29LINVAN-LIN,1790701328,0.5,0.53,,0.0,1790701200.0,0.49,0.51,,0.0,True
KXITFWMATCH-26SEP29MAKKUH-KUH,1790701328,0.33,0.37,,0.0,1790701200.0,0.33,0.37,,0.0,True
KXITFWMATCH-26SEP29BRILAS-BRI,1790702215,0.94,0.95,,0.0,1790701200.0,0.93,0.95,,0.0,True
KXITFWMATCH-26SEP29PARFRO-FRO,1790707317,0.2,0.22,0.21,375.51,1790704800.0,0.19,0.21,0.2,371.0,True
KXITFWMATCH-26SEP29ROGPAC-PAC,1790707326,0.51,0.53,0.53,641.04,1790704800.0,0.49,0.5,,0.0,True
KXITFWMATCH-26SEP29ZOZDRU-DRU,1790709731,0.36,0.4,0.36,160.0,1790708400.0,0.36,0.37,0.37,78.0,True
KXITFWMATCH-26SEP29BREXUX-BRE,1790710020,0.68,0.71,0.71,34.5,1790708400.0,0.67,0.71,0.71,31.740000000000002,True
KXITFWMATCH-26SEP29MCDBUL-BUL,1790710927,0.13,0.15,0.15,58.870000000000005,1790708400.0,0.13,0.15,0.16,40.0,True
KXITFWMATCH-26SEP29PENURH-PEN,1790713274,0.38,0.4,0.36,135.0,1790712000.0,0.38,0.39,0.36,135.0,True
KXITFWMATCH-26SEP29MUSABE-ABE,1790716043,0.05,0.06,0.06,297.1,1790715600.0,0.05,0.06,0.06,203.14000000000001,True
KXITFWMATCH-26SEP29SATUCH-SAT,1790718140,0.9,0.91,0.91,5.220000000000001,1790715600.0,0.9,0.92,0.92,3.1,True
KXITFWMATCH-26SEP29STESAT-SAT,1790718442,0.86,0.88,0.86,99.19,1790715600.0,0.86,0.88,0.88,98.97,True
KXITFWMATCH-26SEP29KIKHOS-HOS,1790721428,0.35,0.36,0.38,1411.0,1790719200.0,0.36,0.39,0.38,1411.0,True
KXITFWMATCH-26SEP29MCKKHA-KHA,1790725350,0.55,0.58,0.58,6.0,1790722800.0,0.55,0.58,0.58,3.0,True
KXITFWMATCH-26SEP29MURLIU-LIU,1790726239,0.41,0.44,0.45,0.21,1790722800.0,0.41,0.44,0.45,0.21,True
KXITFWMATCH-26SEP29KOKSIB-KOK,1790726842,0.79,0.81,0.81,17.14,1790726400.0,0.79,0.81,0.8,2.0,True
KXITFWMATCH-26SEP29SHAYAN-SHA,1790731958,0.14,0.16,0.15,132.94,1790730000.0,0.13,0.16,0.16,30.509999999999998,True
KXITFWMATCH-26SEP29SAWDAN-DAN,1790732542,0.15,0.16,0.16,4064.2699999999995,1790730000.0,0.14,0.16,0.16,3874.7599999999998,True
KXITFWMATCH-26SEP29SIMTHO-SIM,1790733147,0.4,0.43,0.41,92.89,1790730000.0,0.4,0.41,0.41,8.89,True
KXITFWMATCH-26SEP29TSEBEC-BEC,1790733158,0.37,0.38,,0.0,1790730000.0,0.37,0.38,,0.0,True
KXITFWMATCH-26SEP29FRACHO-CHO,1790734035,0.79,0.82,,0.0,1790733600.0,0.8,0.84,,0.0,True
KXITFWMATCH-26SEP29YUCSOE-SOE,1790735237,0.88,0.92,0.93,200.41,1790733600.0,0.89,0.92,0.91,195.24,True
KXITFWMATCH-26SEP29YUNKAK-KAK,1790736422,0.72,0.73,0.73,1508.07,1790733600.0,0.72,0.73,0.73,1500.01,True
KXITFWMATCH-26SEP29ONOSUB-ONO,1790737022,0.17,0.19,0.19,43.06,1790733600.0,0.17,0.19,0.19,43.06,True
KXITFWMATCH-26APR11ASTTUB-AST,1775924475,0.99,1.0,0.99,1795.0,1775923200.0,0.99,1.0,0.99,1462.0,True
KXITFWMATCH-26APR13BARMAR-BAR,1776119846,0.0,0.96,0.01,1001.0,1776114000.0,0.04,0.96,,0.0,True
KXITFWMATCH-26APR13CASCOR-CAS,1776119894,0.04,1.0,0.99,1154.0,1776117600.0,0.04,0.96,,0.0,True
KXITFWMATCH-26APR13EVTCOL-COL,1776119866,0.04,1.0,0.99,1104.0,1776117600.0,0.04,0.96,,0.0,True
KXITFWMATCH-26APR13GOTSAT-GOT,1776127065,,,,0.0,,,,,0.0,True
KXITFWMATCH-26APR13HERJAU-HER,1776119894,0.0,0.96,0.01,1000.0,1776117600.0,0.04,0.96,,0.0,True
KXITFWMATCH-26APR13KURAHT-AHT,1776099716,0.04,0.96,,0.0,1776092400.0,0.04,0.96,,0.0,True
KXITFWMATCH-26APR13MOCLON-LON,1776119881,0.0,0.01,0.01,1000.0,1776117600.0,0.01,0.96,0.04,500.0,True
KXITFWMATCH-26APR13PEEMES-MES,1776161164,0.04,0.79,0.96,1.0,1776157200.0,0.04,0.79,0.96,1.0,True
KXITFWMATCH-26APR13REABRO-BRO,1776119888,0.0,0.96,0.01,1000.0,1776117600.0,0.04,0.96,,0.0,True
KXITFWMATCH-26APR13SAFURS-SAF,1776119853,0.0,0.01,0.01,1000.0,1776117600.0,0.01,0.96,0.04,500.0,True
KXITFWMATCH-26APR13SAVRUO-RUO,1776126458,,,,0.0,,,,,0.0,True
KXITFWMATCH-26APR13TORPOP-POP,1776099585,0.04,0.96,,0.0,1776092400.0,,,,0.0,True
KXITFWMATCH-26APR14ARSHAY-ARS,1776220141,0.56,0.62,,0.0,1776218400.0,0.56,0.62,,0.0,True
KXITFWMATCH-26APR14BOYLEG-BOY,1776242264,0.79,0.84,,0.0,1776232800.0,0.79,0.84,,0.0,True
KXITFWMATCH-26APR14CASLOP-CAS,1776168370,0.06,0.94,,0.0,1776157200.0,0.06,0.94,,0.0,True
KXITFWMATCH-26APR14EGOCAT-CAT,1776169473,0.06,0.94,,0.0,1776160800.0,0.06,0.94,,0.0,True
KXITFWMATCH-26APR14FRONAR-FRO,1776173008,0.06,0.94,,0.0,1776160800.0,0.06,0.94,,0.0,True
KXITFWMATCH-26APR14GADFED-FED,1776154308,0.06,0.79,,0.0,1776142800.0,0.06,0.79,,0.0,True
KXITFWMATCH-26APR14IVAZAM-IVA,1776168522,0.06,0.94,,0.0,1776157200.0,0.06,0.94,,0.0,True
KXITFWMATCH-26APR14LIXZHA-LIX,1776216767,0.78,0.83,0.85,22.0,1776214800.0,0.78,0.85,0.85,22.0,True
KXITFWMATCH-26APR14MYAHUR-HUR,1776168403,0.04,0.79,,0.0,1776164400.0,0.05,0.79,,0.0,True
KXITFWMATCH-26APR14NGUZUC-NGU,1776145109,0.52,0.58,,0.0,1776142800.0,0.51,0.57,,0.0,True
KXITFWMATCH-26APR14OLIRUA-OLI,1776173839,0.04,0.79,,0.0,1776160800.0,0.04,0.79,,0.0,True
KXITFWMATCH-26APR14SZAPAT-PAT,1776142680,0.06,0.94,,0.0,1776132000.0,0.06,0.94,,0.0,True
KXITFWMATCH-26APR14VAIBEL-BEL,1776229999,0.3,0.36,,0.0,1776229200.0,0.31,0.37,,0.0,True
KXITFWMATCH-26APR14YEXREN-REN,1776213573,0.84,0.89,,0.0,1776211200.0,0.83,0.89,,0.0,True
KXITFWMATCH-26APR14YOUSID-SID,1776137244,0.3,0.35,,0.0,1776135600.0,0.3,0.36,,0.0,True
KXITFWMATCH-26APR14ZAAPRI-PRI,1776248945,0.04,0.79,,0.0,1776243600.0,0.06,0.79,,0.0,True
KXITFWMATCH-26APR14ZHADEL-DEL,1776216761,0.06,0.07,0.68,111.0,1776214800.0,0.06,0.63,0.68,111.0,True
KXITFWMATCH-26APR15ARTCEM-ART,1776238671,0.06,0.94,,0.0,1776222000.0,0.06,0.94,,0.0,True
KXITFWMATCH-26APR15ATACIR-ATA,1776238095,0.21,0.27,,0.0,1776236400.0,0.21,0.27,,0.0,True
KXITFWMATCH-26APR15CARPED-CAR,1776268298,0.67,0.71,,0.0,1776265200.0,0.61,0.94,,0.0,True
KXITFWMATCH-26APR15HAGVEL-HAG,1776242250,0.3,0.36,,0.0,1776236400.0,0.3,0.36,,0.0,True
KXITFWMATCH-26APR15HEJZOP-HEJ,1776231522,0.06,0.94,,0.0,1776222000.0,0.06,0.94,,0.0,True
KXITFWMATCH-26APR15HONJOK-HON,1776268540,0.31,0.39,,0.0,1776265200.0,0.31,0.94,,0.0,True
KXITFWMATCH-26APR15IVAHOU-HOU,1776337919,0.0,0.39,0.04,3319.0,1776333600.0,0.0,0.4,0.04,3319.0,True
KXITFWMATCH-26APR15MORHAN-HAN,1776223718,0.15,0.2,,0.0,1776222000.0,0.15,0.19,,0.0,True
KXITFWMATCH-26APR15MOZELK-ELK,1776237116,0.06,0.94,,0.0,1776225600.0,0.06,0.94,,0.0,True
KXITFWMATCH-26APR15OHAKIM-KIM,1776337919,0.99,1.0,0.99,1636.0,1776326400.0,0.99,1.0,0.99,1636.0,True
KXITFWMATCH-26APR15OLIGIL-GIL,1776242249,0.87,0.88,,0.0,1776240000.0,0.83,0.88,,0.0,True
KXITFWMATCH-26APR15PAWROU-PAW,1776240082,0.25,0.31,,0.0,1776236400.0,0.25,0.31,,0.0,True
KXITFWMATCH-26APR15SHECAI-CAI,1776223716,0.07,0.1,,0.0,1776222000.0,0.07,0.11,,0.0,True
KXITFWMATCH-26APR15SHEYUA-SHE,1776337605,0.0,0.01,0.68,6323.0,1776326400.0,0.0,0.01,0.68,6323.0,True
KXITFWMATCH-26APR15SNIEZZ-EZZ,1776252830,0.04,0.96,,0.0,1776250800.0,0.06,0.94,,0.0,True
KXITFWMATCH-26APR15ZELZAN-ZAN,1776231514,0.06,0.94,,0.0,1776222000.0,0.06,0.94,,0.0,True
KXITFWMATCH-26APR15ZHUBOE-BOE,1776407558,0.74,0.76,0.74,100087.37000000001,1776405600.0,0.74,0.76,0.74,96153.21,True
KXITFWMATCH-26APR16FULBIE-BIE,1776357065,0.04,0.96,,0.0,1776355200.0,,,,0.0,True
KXITFWMATCH-26APR16IVADAS-DAS,1776382614,0.21,0.26,,0.0,1776380400.0,0.2,0.27,,0.0,True
KXITFWMATCH-26APR16MARCOS-COS,1776347425,,,,0.0,,,,,0.0,False
KXITFWMATCH-26APR16SEMIVA-IVA,1776337918,0.04,0.94,0.05,323.0,1776333600.0,0.04,0.84,0.05,323.0,True
KXITFWMATCH-26APR16WECVAR-VAR,1776337893,0.05,0.41,0.26,371.0,1776333600.0,0.05,0.42,0.26,371.0,True
KXITFWMATCH-26APR17BAIYAO-BAI,1776468398,0.82,0.87,,0.0,1776466800.0,0.81,0.88,,0.0,True
KXITFWMATCH-26APR17FITEGO-EGO,1776426333,0.44,0.5,,0.0,1776423600.0,0.06,0.94,,0.0,True
KXITFWMATCH-26APR17IVAZHA-IVA,1776472559,0.55,0.6,0.6,134.55,1776470400.0,0.54,0.6,,0.0,True
KXITFWMATCH-26APR17MADSTE-MAD,1776418549,0.31,0.37,0.31,20.57,1776416400.0,0.31,0.37,,0.0,True
KXITFWMATCH-26APR17MAZCHI-CHI,1776423070,0.15,0.94,0.94,10.59,1776420000.0,0.06,0.94,,0.0,True
KXITFWMATCH-26APR17SANROU-ROU,1776409926,0.7,0.76,,0.0,1776405600.0,0.69,0.76,,0.0,True
KXITFWMATCH-26APR17STRWOB-STR,1776411126,0.65,0.93,0.72,25.0,1776405600.0,0.65,0.93,0.72,25.0,True
KXITFWMATCH-26APR17URHXUX-URH,1776426334,0.8,0.85,,0.0,1776423600.0,0.79,0.86,,0.0,True
KXITFWMATCH-26APR17ZAVGJO-GJO,1776403365,0.4,0.64,0.46,20.94,1776402000.0,0.4,0.47,,0.0,True
KXITFWMATCH-26APR18BAISHI-BAI,1776557295,0.72,0.78,,0.0,1776553200.0,0.72,0.79,,0.0,True
KXITFWMATCH-26APR18CHEETO-CHE,1776565510,0.06,0.94,,0.0,1776556800.0,0.06,0.94,,0.0,True
KXITFWMATCH-26APR18GOGDAV-DAV,1776565231,0.06,0.94,,0.0,1776556800.0,0.06,0.94,,0.0,True
KXITFWMATCH-26APR18GOTITA-GOT,1776647647,0.04,0.93,,0.0,1776643200.0,0.05,0.93,,0.0,True
KXITFWMATCH-26APR18JANSHA-JAN,1776565236,0.06,0.94,,0.0,1776556800.0,0.06,0.94,,0.0,True
KXITFWMATCH-26APR18LIMDEL-DEL,1776593371,0.25,0.9,,0.0,1776592800.0,0.25,0.93,,0.0,True
KXITFWMATCH-26APR18SANNAH-NAH,1776496860,0.61,0.66,0.67,0.36,1776495600.0,0.6,0.67,,0.0,True
KXITFWMATCH-26APR18SHIMAR-MAR,1776641243,0.05,0.93,,0.0,1776639600.0,0.05,0.94,,0.0,True
KXITFWMATCH-26APR18TUBPIG-PIG,1776497715,0.27,0.34,0.67,57.77,1776495600.0,0.26,0.34,0.67,57.77,True
KXITFWMATCH-26APR19BROASH-ASH,1776700405,0.05,0.92,0.92,29.14,1776697200.0,0.04,0.92,0.92,29.14,True
KXITFWMATCH-26APR19CHAPAR-CHA,1776678355,0.04,0.91,,0.0,1776668400.0,0.04,0.91,,0.0,True
KXITFWMATCH-26APR19CHISON-CHI,1776597863,0.06,0.94,,0.0,1776585600.0,0.06,0.94,,0.0,True
KXITFWMATCH-26APR19CHOGOE-CHO,1776584520,0.04,0.94,,0.0,1776582000.0,0.06,0.94,,0.0,True
KXITFWMATCH-26APR19ELJGRU-ELJ,1776700405,0.07,0.91,0.91,1.09,1776697200.0,0.06,0.91,0.91,1.09,True
KXITFWMATCH-26APR19NARSIN-NAR,1776573957,0.06,0.94,,0.0,1776556800.0,0.06,0.94,,0.0,True
KXITFWMATCH-26APR19OMETEI-OME,1776604960,0.04,0.94,,0.0,1776603600.0,0.06,0.94,,0.0,True
KXITFWMATCH-26APR19PLIKOS-KOS,1776583994,0.06,0.94,,0.0,1776574800.0,0.06,0.94,,0.0,True
KXITFWMATCH-26APR19SAIGOT-GOT,1776663610,0.04,0.9,,0.0,1776661200.0,0.06,0.91,,0.0,True
KXITFWMATCH-26APR19SHIIVA-IVA,1776640014,0.06,0.91,,0.0,1776632400.0,0.06,0.91,,0.0,True
KXITFWMATCH-26APR19SHIOSA-OSA,1776593365,0.04,0.93,0.68,17.26,1776592800.0,0.04,0.67,0.68,17.26,True
KXITFWMATCH-26APR19SORROM-ROM,1776581402,0.45,0.5,,0.0,1776578400.0,0.44,0.51,,0.0,True
KXITFWMATCH-26APR19TRADAR-DAR,1776603412,0.06,0.94,,0.0,1776585600.0,0.06,0.94,,0.0,True
KXITFWMATCH-26APR19YANRUO-RUO,1776573941,0.06,0.94,,0.0,1776556800.0,0.06,0.94,,0.0,True
KXITFWMATCH-26APR19YARLOS-LOS,1776580232,0.06,0.94,,0.0,1776574800.0,0.06,0.94,,0.0,True
KXITFWMATCH-26APR20ALVVUJ-ALV,1776673638,0.06,0.91,,0.0,1776661200.0,0.06,0.91,,0.0,True
KXITFWMATCH-26APR20BADPLO-BAD,1776664606,0.06,0.91,,0.0,1776661200.0,0.06,0.94,,0.0,True
KXITFWMATCH-26APR20BEDFEI-BED,1776683081,0.06,0.91,,0.0,1776682800.0,0.06,0.94,,0.0,True
KXITFWMATCH-26APR20BERBED-BED,1776685110,0.06,0.91,,0.0,1776672000.0,0.06,0.91,,0.0,True
KXITFWMATCH-26APR20BHAIHA-BHA,1776677990,0.04,0.95,0.94,107.0,1776675600.0,0.04,0.9,,0.0,True
KXITFWMATCH-26APR20CAPSTU-CAP,1776695552,0.06,0.91,,0.0,1776693600.0,0.06,0.94,,0.0,True
KXITFWMATCH-26APR20CCUSMI-CCU,1776700637,0.04,0.91,,0.0,1776697200.0,0.06,0.91,,0.0,True
KXITFWMATCH-26APR20CHAJEL-CHA,1776665446,0.06,0.91,,0.0,1776661200.0,0.06,0.94,,0.0,True
KXITFWMATCH-26APR20CHONIS-CHO,1776731885,0.06,0.94,,0.0,1776729600.0,0.06,0.94,,0.0,True
KXITFWMATCH-26APR20GETMON-GET,1776675074,0.06,0.91,,0.0,1776672000.0,0.06,0.94,,0.0,True
KXITFWMATCH-26APR20GLULOS-GLU,1776666472,0.06,0.91,,0.0,1776661200.0,0.06,0.94,,0.0,True
KXITFWMATCH-26APR20GOWSAN-GOW,1776735099,0.06,0.94,,0.0,1776729600.0,0.06,0.94,,0.0,True
KXITFWMATCH-26APR20GREFER-FER,1776680660,0.06,0.91,,0.0,1776672000.0,0.06,0.91,,0.0,True
KXITFWMATCH-26APR20KAUGRU-GRU,1776682118,0.06,0.94,,0.0,1776675600.0,,,,0.0,True
KXITFWMATCH-26APR20KORROM-KOR,1776674247,0.06,0.91,,0.0,1776661200.0,0.06,0.91,,0.0,True
KXITFWMATCH-26APR20LENNOS-LEN,1776666846,0.06,0.91,,0.0,1776661200.0,0.06,0.94,,0.0,True
KXITFWMATCH-26APR20LOPPAR-LOP,1776676237,0.06,0.91,,0.0,1776672000.0,0.06,0.94,,0.0,True
KXITFWMATCH-26APR20LUXRUO-LUX,1776657821,0.06,0.91,,0.0,1776654000.0,0.06,0.94,,0.0,True
KXITFWMATCH-26APR20MARMAR2-MAR,1776673042,0.06,0.91,,0.0,1776672000.0,0.06,0.94,,0.0,True
KXITFWMATCH-26APR20MYADEL-DEL,1776689602,0.06,0.91,,0.0,1776672000.0,0.06,0.91,,0.0,True
KXITFWMATCH-26APR20NAISIN-NAI,1776677843,0.04,0.91,,0.0,1776675600.0,0.04,0.9,,0.0,True
KXITFWMATCH-26APR20OMECOR-COR,1776686011,0.06,0.91,,0.0,1776672000.0,0.06,0.91,,0.0,True
KXITFWMATCH-26APR20ORTSON-ORT,1776685099,0.06,0.91,,0.0,1776672000.0,0.06,0.91,,0.0,True
KXITFWMATCH-26APR20PASRIZ-PAS,1776676927,0.04,0.9,,0.0,1776675600.0,0.06,0.91,,0.0,True
KXITFWMATCH-26APR20RADMAR-MAR,1776701162,0.06,0.91,,0.0,1776693600.0,0.06,0.91,,0.0,True
KXITFWMATCH-26APR20SAFMEN-MEN,1776700636,0.04,0.91,,0.0,1776697200.0,0.06,0.91,,0.0,True
KXITFWMATCH-26APR20STECEN-CEN,1776671292,0.06,0.91,,0.0,1776661200.0,0.06,0.91,,0.0,True
KXITFWMATCH-26APR20TSUIRO-IRO,1776674247,,,,0.0,,,,,0.0,True
KXITFWMATCH-26APR20VOZZAM-VOZ,1776688048,0.06,0.91,,0.0,1776682800.0,0.06,0.94,,0.0,True
KXITFWMATCH-26APR20YOSNEG-NEG,1776727193,0.06,0.94,,0.0,1776715200.0,0.06,0.94,,0.0,True
KXITFWMATCH-26APR21CHEGAO-CHE,1776733869,0.06,0.94,,0.0,1776729600.0,0.06,0.94,,0.0,True
KXITFWMATCH-26APR21CHOKOZ-CHO,1776812708,0.06,0.94,,0.0,1776812400.0,0.06,0.94,,0.0,True
KXITFWMATCH-26APR21GETSCH-GET,1776757209,0.06,0.94,,0.0,1776747600.0,0.06,0.94,,0.0,True
KXITFWMATCH-26APR21GIAWEC-GIA,1776736872,0.06,0.94,,0.0,1776729600.0,0.06,0.94,,0.0,True
KXITFWMATCH-26APR21INIPAN-INI,1776748566,0.06,0.94,,0.0,1776747600.0,0.06,0.94,,0.0,True
KXITFWMATCH-26APR21JONKOI-JON,1776750389,0.78,0.82,0.78,24.990000000000002,1776747600.0,0.78,0.83,,0.0,True
KXITFWMATCH-26APR21KONBOU-BOU,1776764626,0.06,0.11,,0.0,1776758400.0,0.06,0.11,,0.0,True
KXITFWMATCH-26APR21LIUEWI-EWI,1776780928,0.06,0.94,,0.0,1776765600.0,0.06,0.94,,0.0,True
KXITFWMATCH-26APR21MATFEI-FEI,1776771235,0.06,0.94,,0.0,1776762000.0,0.06,0.94,,0.0,True
KXITFWMATCH-26APR21MIYMON-MIY,1776769071,0.37,0.43,,0.0,1776758400.0,0.37,0.43,,0.0,True
KXITFWMATCH-26APR21MYANIT-MYA,1776760507,0.06,0.94,,0.0,1776751200.0,0.06,0.94,,0.0,True
KXITFWMATCH-26APR21NORPEN-NOR,1776778593,0.06,0.94,,0.0,1776765600.0,0.06,0.94,,0.0,True
KXITFWMATCH-26APR21RAMMAN-MAN,1776771260,0.02,0.03,0.04,1393.0,1776769200.0,0.02,0.03,0.02,1042.0,True
KXITFWMATCH-26APR21SANNIT-NIT,1776821154,0.75,0.92,,0.0,1776819600.0,0.75,0.92,,0.0,True
KXITFWMATCH-26APR21SNENIJ-NIJ,1776786281,0.66,0.7,,0.0,1776783600.0,0.66,0.71,,0.0,True
KXITFWMATCH-26APR21SNIMOZ-MOZ,1776750656,0.06,0.94,,0.0,1776747600.0,0.06,0.94,,0.0,True
KXITFWMATCH-26APR21SUGCHA-CHA,1776816808,0.06,0.94,,0.0,1776816000.0,0.93,0.94,,0.0,True
KXITFWMATCH-26APR21TANCOO-COO,1776776989,0.06,0.09,,0.0,1776776400.0,0.06,0.11,,0.0,True
KXITFWMATCH-26APR21VALADE-ADE,1776772084,0.12,0.16,,0.0,1776769200.0,0.12,0.16,,0.0,True
KXITFWMATCH-26APR21YEXGON-GON,1776789442,0.71,0.76,,0.0,1776787200.0,0.71,0.76,,0.0,True
KXITFWMATCH-26APR21YOSKAW-KAW,1776811508,0.06,0.94,,0.0,1776801600.0,0.06,0.94,,0.0,True
KXITFWMATCH-26APR22ALHBAT-ALH,1776836708,0.93,0.94,0.94,43.0,1776834000.0,0.93,0.94,0.94,43.0,True
KXITFWMATCH-26APR22BENVON-BEN,1776868143,0.61,0.66,0.66,4.89,1776866400.0,0.61,0.66,,0.0,True
KXITFWMATCH-26APR22CARBRE-BRE,1776862510,0.48,0.53,,0.0,1776855600.0,0.47,0.54,,0.0,True
KXITFWMATCH-26APR22ELJPAY-ELJ,1776858600,0.2,0.26,,0.0,1776855600.0,0.21,0.28,,0.0,True
KXITFWMATCH-26APR22FEDSAG-FED,1776859216,0.44,0.5,,0.0,1776859200.0,0.44,0.5,,0.0,True
KXITFWMATCH-26APR22GETGRE-GET,1776841973,0.68,0.73,,0.0,1776841200.0,0.68,0.73,,0.0,True
KXITFWMATCH-26APR22ISHCHA-CHA,1776905302,0.47,0.52,,0.0,1776902400.0,0.46,0.52,,0.0,True
KXITFWMATCH-26APR22KITYOS-KIT,1776908470,0.2,0.25,,0.0,1776906000.0,0.2,0.25,,0.0,True
KXITFWMATCH-26APR22KORMON-KOR,1776839315,0.07,0.1,0.07,48.0,1776837600.0,0.06,0.1,,0.0,True
KXITFWMATCH-26APR22LOMGLU-GLU,1776846684,0.58,0.64,,0.0,1776841200.0,0.57,0.64,,0.0,True
KXITFWMATCH-26APR22MAKGOL-GOL,1776848459,0.57,0.63,,0.0,1776848400.0,0.57,0.63,,0.0,True
KXITFWMATCH-26APR22MIKYUA-MIK,1776906686,0.84,0.85,0.81,13.0,1776906000.0,0.84,0.85,0.81,13.0,True
KXITFWMATCH-26APR22NAGSTR-NAG,1776837199,0.26,0.32,,0.0,1776834000.0,0.27,0.33,,0.0,True
KXITFWMATCH-26APR22NEWCAN-CAN,1776876558,0.32,0.38,,0.0,1776870000.0,0.32,0.38,,0.0,True
KXITFWMATCH-26APR22RACVIG-RAC,1776832442,0.7,0.75,,0.0,1776830400.0,0.7,0.75,,0.0,True
KXITFWMATCH-26APR22RYSCHO-CHO,1776899969,0.11,0.17,0.15,144.62,1776898800.0,0.1,0.15,0.16,5.87,True
KXITFWMATCH-26APR23AKSDES-AKS,1776932131,0.55,0.61,,0.0,1776927600.0,0.55,0.62,,0.0,True
KXITFWMATCH-26APR23DABAHL-AHL,1776912074,0.8,0.84,,0.0,1776909600.0,0.8,0.86,,0.0,True
KXITFWMATCH-26APR23GHOMIK-GHO,1776920436,0.04,0.96,,0.0,1776920400.0,0.06,0.94,,0.0,True
KXITFWMATCH-26APR23JACFUL-FUL,1776948793,0.06,0.94,,0.0,1776942000.0,0.06,0.94,,0.0,True
KXITFWMATCH-26APR23JEOMIC-JEO,1776986884,0.52,0.57,0.55,360.04999999999995,1776985200.0,0.49,0.55,0.55,3.52,True
KXITFWMATCH-26APR23KINZHU-KIN,1776923779,0.3,0.34,,0.0,1776920400.0,0.29,0.35,,0.0,True
KXITFWMATCH-26APR23MIKREN-MIK,1776994401,0.54,0.56,0.57,4.4,1776992400.0,0.53,0.57,0.56,1.0,True
KXITFWMATCH-26APR23PORCOM-COM,1776946399,0.06,0.94,,0.0,1776942000.0,0.06,0.94,,0.0,True
KXITFWMATCH-26APR23RIEDAY-DAY,1776963857,0.59,0.62,,0.0,1776963600.0,0.52,0.57,,0.0,True
KXITFWMATCH-26APR23SERMAI-MAI,1776932280,0.33,0.39,,0.0,1776927600.0,0.33,0.4,,0.0,True
KXITFWMATCH-26APR24ALHSAG-ALH,1777005812,0.77,0.84,,0.0,1777003200.0,0.82,0.89,,0.0,True
KXITFWMATCH-26APR24ANSHRU-ANS,1777011409,0.33,0.38,0.38,2.52,1777010400.0,0.33,0.38,,0.0,True
KXITFWMATCH-26APR24DESMAR-DES,1777014143,0.25,0.31,0.31,3.07,1777014000.0,0.25,0.31,,0.0,True
KXITFWMATCH-26APR24JEOYOS-JEO,1777077220,0.52,0.53,0.53,252.82999999999998,1777075200.0,0.49,0.55,0.55,3.52,True
KXITFWMATCH-26APR24KUBZEL-KUB,1777007036,0.76,0.82,0.81,2.43,1777006800.0,0.76,0.81,,0.0,True
KXITFWMATCH-26APR24LAZIVA-IVA,1777017169,0.37,0.42,0.42,2.28,1777014000.0,0.36,0.42,,0.0,True
KXITFWMATCH-26APR24PAGMAD-MAD,1777009979,0.4,0.44,0.44,8.0,1777006800.0,0.39,0.44,0.44,8.0,True
KXITFWMATCH-26APR24TIMBAN-BAN,1777033948,0.29,0.35,,0.0,1777032000.0,0.28,0.35,,0.0,True
KXITFWMATCH-26APR24TURGET-GET,1777020797,0.41,0.46,0.46,2.09,1777017600.0,0.41,0.46,0.46,2.09,True
KXITFWMATCH-26APR24ZARFEI-FEI,1777035374,0.06,0.94,,0.0,1777032000.0,0.06,0.94,,0.0,True
KXITFWMATCH-26APR24ZAVPIG-PIG,1777026734,0.67,0.73,0.69,300.0,1777024800.0,0.64,0.71,0.69,300.0,True
KXITFWMATCH-26APR25AHNTIU-AHN,1777180651,0.04,0.9,,0.0,1777179600.0,0.22,0.9,,0.0,True
KXITFWMATCH-26APR25DODHON-DOD,1777164460,0.06,0.9,,0.0,1777154400.0,0.06,0.9,,0.0,True
KXITFWMATCH-26APR25HONPRE-HON,1777085179,0.32,0.38,0.39,4.82,1777082400.0,0.32,0.38,0.39,4.82,True
KXITFWMATCH-26APR25JEOHAX-HAX,1777180649,0.04,0.9,,0.0,1777172400.0,0.04,0.9,,0.0,True
KXITFWMATCH-26APR25LEEOHX-LEE,1777161661,0.06,0.9,,0.0,1777150800.0,0.06,0.9,,0.0,True
KXITFWMATCH-26APR25SENSTE-SEN,1777101647,0.41,0.46,0.46,179.56,1777100400.0,0.41,0.46,0.46,2.06,True
KXITFWMATCH-26APR25SORWAN-SOR,1777168808,0.06,0.9,,0.0,1777154400.0,0.06,0.9,,0.0,True
KXITFWMATCH-26APR25XUXLIX-LIX,1777180241,,,,0.0,,,,,0.0,False
KXITFWMATCH-26APR26AGUREV-AGU,1777178758,0.06,0.9,,0.0,1777165200.0,0.06,0.9,,0.0,True
KXITFWMATCH-26APR26ALBMON-ALB,1777195996,0.07,0.9,,0.0,1777186800.0,0.07,0.9,,0.0,True
KXITFWMATCH-26APR26GALPRA-GAL,1777248472,0.06,0.94,,0.0,1777237200.0,0.06,0.94,,0.0,True
KXITFWMATCH-26APR26JOHKOR-JOH,1777184896,0.06,0.9,,0.0,1777172400.0,0.06,0.9,,0.0,True
KXITFWMATCH-26APR26LEECHO-CHO,1777180232,0.04,0.9,,0.0,1777179600.0,0.06,0.9,,0.0,True
KXITFWMATCH-26APR26LIXZEN-LIX,1777261174,0.04,0.94,,0.0,1777258800.0,0.06,0.94,,0.0,True
KXITFWMATCH-26APR26LUJCAM-CAM,1777197224,0.04,0.9,,0.0,1777190400.0,0.06,0.9,,0.0,True
KXITFWMATCH-26APR26MATBRO-BRO,1777188217,0.07,0.9,,0.0,1777183200.0,0.06,0.9,,0.0,True
KXITFWMATCH-26APR26MOLBUR-BUR,1777194915,0.07,0.9,,0.0,1777183200.0,0.07,0.9,,0.0,True
KXITFWMATCH-26APR26NAYSIN-NAY,1777186714,0.04,0.89,,0.0,1777183200.0,0.06,0.9,,0.0,True
KXITFWMATCH-26APR26NIMSHA-NIM,1777260443,0.04,0.94,,0.0,1777258800.0,0.06,0.94,,0.0,True
KXITFWMATCH-26APR26PARDAB-DAB,1777178385,0.06,0.9,,0.0,1777161600.0,0.06,0.9,,0.0,True
KXITFWMATCH-26APR26PELPAL-PAL,1777197200,0.07,0.9,,0.0,1777183200.0,0.07,0.9,,0.0,True
KXITFWMATCH-26APR26ROUSTU-ROU,1777205833,0.07,0.9,,0.0,1777204800.0,0.07,0.9,,0.0,True
KXITFWMATCH-26APR26SARREV-REV,1777174002,0.06,0.9,,0.0,1777165200.0,0.06,0.9,,0.0,True
KXITFWMATCH-26APR26SOEPIL-PIL,1777261168,0.06,0.93,,0.0,1777258800.0,0.06,0.94,,0.0,True
KXITFWMATCH-26APR26VARCHO-CHO,1777246632,0.06,0.94,,0.0,1777244400.0,0.06,0.94,,0.0,True
KXITFWMATCH-26APR26WOONEW-NEW,1777187610,0.07,0.9,,0.0,1777183200.0,0.06,0.9,,0.0,True
KXITFWMATCH-26APR26XIEZHO-XIE,1777176608,0.06,0.9,,0.0,1777161600.0,0.06,0.9,,0.0,True
KXITFWMATCH-26APR27DELFIO-DEL,1777271724,0.06,0.94,,0.0,1777266000.0,0.06,0.94,,0.0,True
KXITFWMATCH-26APR27GALHOS-GAL,1777341214,0.39,0.43,,0.0,1777338000.0,0.37,0.42,,0.0,True
KXITFWMATCH-26APR27GLUSOZ-GLU,1777265737,0.06,0.94,,0.0,1777255200.0,0.06,0.94,,0.0,True
KXITFWMATCH-26APR27HINJAC-HIN,1777306020,0.04,0.94,,0.0,1777305600.0,0.06,0.94,,0.0,True
KXITFWMATCH-26APR27IMXSHI-IMX,1777329305,0.38,0.65,,0.0,1777327200.0,0.08,0.89,,0.0,True
KXITFWMATCH-26APR27IPUROD-IPU,1777282381,,,,0.0,,,,,0.0,False
KXITFWMATCH-26APR27KRAFON-FON,1777285881,0.06,0.94,,0.0,1777269600.0,0.06,0.94,,0.0,True
KXITFWMATCH-26APR27LUNBRO-BRO,1777277629,0.06,0.94,,0.0,1777266000.0,0.06,0.94,,0.0,True
KXITFWMATCH-26APR27MATBAL-BAL,1777277637,0.06,0.94,,0.0,1777262400.0,0.06,0.94,,0.0,True
KXITFWMATCH-26APR27MATNUU-MAT,1777277350,0.06,0.94,,0.0,1777262400.0,0.06,0.94,,0.0,True
KXITFWMATCH-26APR27PALMUL-MUL,1777281136,0.06,0.94,,0.0,1777266000.0,0.06,0.94,,0.0,True
KXITFWMATCH-26APR27POLMAT-MAT,1777271152,0.06,0.94,,0.0,1777262400.0,0.06,0.94,,0.0,True
KXITFWMATCH-26APR27SIEPET-PET,1777298209,0.06,0.94,,0.0,1777291200.0,0.06,0.94,,0.0,True
KXITFWMATCH-26APR27SOEKIM-KIM,1777341340,0.04,0.96,,0.0,1777327200.0,0.04,0.96,,0.0,True
KXITFWMATCH-26APR27SVECAB-CAB,1777316482,0.06,0.94,,0.0,1777302000.0,0.06,0.94,,0.0,True
KXITFWMATCH-26APR27TAMKRU-KRU,1777335924,0.04,0.96,,0.0,1777327200.0,0.04,0.96,,0.0,True
KXITFWMATCH-26APR27TOTSEI-SEI,1777285880,0.06,0.94,,0.0,1777284000.0,0.06,0.94,,0.0,True
KXITFWMATCH-26APR28ASTSOZ-AST,1777370423,0.05,0.96,,0.0,1777370400.0,0.07,0.94,,0.0,True
KXITFWMATCH-26APR28BACDEF-BAC,1777417580,0.78,0.82,0.82,1163.73,1777417200.0,0.77,0.82,0.82,1163.73,True
KXITFWMATCH-26APR28BADALZ-ALZ,1777368399,0.06,0.94,,0.0,1777366800.0,0.07,0.94,,0.0,True
KXITFWMATCH-26APR28CAOKIM-CAO,1777429545,0.04,0.64,,0.0,1777428000.0,0.04,0.12,,0.0,True
KXITFWMATCH-26APR28DANLOP-DAN,1777355468,0.06,0.94,,0.0,1777345200.0,0.06,0.94,,0.0,True
KXITFWMATCH-26APR28EWAMAL-EWA,1777367806,0.48,0.5,,0.0,1777366800.0,0.44,0.5,,0.0,True
KXITFWMATCH-26APR28FRAMAT-FRA,1777353272,0.06,0.94,,0.0,1777345200.0,0.06,0.94,,0.0,True
KXITFWMATCH-26APR28GARANS-ANS,1777367462,0.05,0.06,0.06,95.5,1777366800.0,0.05,0.06,,0.0,True
KXITFWMATCH-26APR28GILSPI-GIL,1777370842,0.58,0.63,,0.0,1777366800.0,0.58,0.63,,0.0,True
KXITFWMATCH-26APR28GRANIE-GRA,1777448045,0.88,0.92,0.91,114416.12999999998,1777446000.0,0.87,0.92,0.92,113507.97999999998,True
KXITFWMATCH-26APR28JACMIL-JAC,1777378244,0.04,0.96,,0.0,1777370400.0,0.04,0.96,,0.0,True
KXITFWMATCH-26APR28JEOAHN-AHN,1777437030,0.53,0.57,0.54,553.99,1777435200.0,0.53,0.56,0.56,500.17,True
KXITFWMATCH-26APR28KUBSAG-KUB,1777364929,0.9,0.94,,0.0,1777359600.0,0.89,0.94,,0.0,True
KXITFWMATCH-26APR28LOPDAV-DAV,1777355959,0.06,0.94,,0.0,1777345200.0,0.06,0.94,,0.0,True
KXITFWMATCH-26APR28RAZKHR-KHR,1777441549,0.04,0.96,,0.0,1777435200.0,0.04,0.95,,0.0,True
KXITFWMATCH-26APR28SARDIA-DIA,1777360369,0.77,0.84,,0.0,1777338000.0,0.77,0.84,,0.0,True
KXITFWMATCH-26APR28SUNRUO-RUO,1777422971,0.31,0.36,,0.0,1777420800.0,0.31,0.36,,0.0,True
KXITFWMATCH-26APR28WORZOL-WOR,1777368054,0.06,0.94,,0.0,1777359600.0,0.06,0.94,,0.0,True
KXITFWMATCH-26APR28YANHEN-HEN,1777359751,0.3,0.4,,0.0,1777359600.0,0.31,0.4,,0.0,True
KXITFWMATCH-26APR29BACHAN-BAC,1777502063,0.85,0.91,,0.0,1777500000.0,0.85,0.91,,0.0,True
KXITFWMATCH-26APR29BREHUX-BRE,1777480593,0.72,0.75,,0.0,1777474800.0,0.72,0.75,,0.0,True
KXITFWMATCH-26APR29COLRUT-COL,1777458810,0.4,0.46,,0.0,1777453200.0,0.4,0.46,,0.0,True
KXITFWMATCH-26APR29EASBOS-BOS,1777541196,0.85,0.96,0.95,497.43999999999994,1777532400.0,0.85,0.96,0.95,497.43999999999994,True
KXITFWMATCH-26APR29ELKWOR-ELK,1777458214,0.94,0.95,,0.0,1777456800.0,0.94,0.95,,0.0,True
KXITFWMATCH-26APR29GIARAB-GIA,1777471612,0.09,0.15,,0.0,1777467600.0,0.09,0.15,,0.0,True
KXITFWMATCH-26APR29LEKPLO-LEK,1777471611,0.43,0.49,,0.0,1777471200.0,0.42,0.5,,0.0,True
KXITFWMATCH-26APR29MIXLAR-LAR,1777532826,0.18,0.96,0.29,519.04,1777532400.0,0.38,0.53,0.7,515.0,True
KXITFWMATCH-26APR29ORTMOY-MOY,1777468020,0.73,0.79,,0.0,1777467600.0,0.73,0.79,,0.0,True
KXITFWMATCH-26APR29POPDAR-DAR,1777442158,0.04,0.96,,0.0,1777435200.0,0.05,0.95,,0.0,True
KXITFWMATCH-26APR29SADAHL-AHL,1777514882,0.91,0.95,,0.0,1777514400.0,0.04,0.95,,0.0,True
KXITFWMATCH-26APR29SCHVYA-SCH,1777542717,0.04,0.96,0.9,1310.22,1777532400.0,0.04,0.96,0.9,1310.22,True
KXITFWMATCH-26APR29SEMOHX-OHX,1777433984,0.12,0.19,0.2,1066.34,1777431600.0,0.08,0.1,0.14,1.18,True
KXITFWMATCH-26APR29TARNAI-NAI,1777513685,0.1,0.13,,0.0,1777510800.0,0.1,0.13,,0.0,True
KXITFWMATCH-26APR29VANAND-AND,1777455452,0.21,0.26,,0.0,1777449600.0,0.21,0.26,,0.0,True
KXITFWMATCH-26APR29WECOTZ-OTZ,1777444484,0.54,0.6,,0.0,1777442400.0,0.56,0.62,,0.0,True
KXITFWMATCH-26APR29YULLUE-LUE,1777444489,0.36,0.39,,0.0,1777442400.0,0.36,0.38,,0.0,True
KXITFWMATCH-26APR30ALLADE-ADE,1777536409,0.57,0.63,0.6,2317.08,1777536000.0,0.59,0.6,0.6,41.019999999999996,True
KXITFWMATCH-26APR30BROJON-BRO,1777545721,0.36,0.41,0.41,56.0,1777543200.0,0.4,0.46,,0.0,True
KXITFWMATCH-26APR30FITVID-FIT,1777553729,0.26,0.32,0.65,48.0,1777546800.0,0.26,0.32,0.65,48.0,True
KXITFWMATCH-26APR30GLUVUJ-GLU,1777539124,0.49,0.55,0.54,32.0,1777536000.0,0.51,0.53,0.54,32.0,True
KXITFWMATCH-26APR30HAZGON-GON,1777546559,0.63,0.69,0.62,6.4,1777543200.0,0.6,0.96,0.62,6.4,True
KXITFWMATCH-26APR30HONJOH-HON,1777548350,0.49,0.51,,0.0,1777546800.0,0.04,0.68,,0.0,True
KXITFWMATCH-26APR30IMXZHA-IMX,1777591334,0.1,0.74,0.75,10.0,1777590000.0,0.09,0.94,,0.0,True
KXITFWMATCH-26APR30LEKPAR-LEK,1777541192,0.04,0.92,,0.0,1777539600.0,0.86,0.92,,0.0,True
KXITFWMATCH-26APR30LEOSZO-LEO,1777535806,0.09,0.12,0.12,83.25,1777532400.0,0.08,0.12,0.13,7.25,True
KXITFWMATCH-26APR30RAODIP-DIP,1777516670,0.04,0.95,,0.0,1777514400.0,0.04,0.95,,0.0,True
KXITFWMATCH-26APR30RUOLUO-LUO,1777590410,0.71,0.75,0.75,36.66,1777590000.0,0.67,0.75,,0.0,True
KXITFWMATCH-26APR30RYSZHU-RYS,1777514011,0.27,0.28,0.27,488.46,1777510800.0,0.27,0.28,0.27,482.0,True
KXITFWMATCH-26APR30SIEORT-ORT,1777571744,0.69,0.72,0.73,518.79,1777568400.0,0.66,0.7,0.7,484.17999999999995,True
KXITFWMATCH-26APR30YAMHES-HES,1777533426,0.41,0.45,0.42,155.14999999999998,1777532400.0,0.39,0.4,0.45,93.58,True
KXITFWMATCH-26APR30ZELWOL-WOL,1777525445,0.76,0.78,,0.0,1777525200.0,0.74,0.78,,0.0,True
KXITFWMATCH-26APR30ZOLNAV-NAV,1777533746,0.19,0.25,,0.0,1777532400.0,0.19,0.25,,0.0,True
KXITFWMATCH-26JUL01ABOMAL-ABO,1782897144,0.12,0.16,,0.0,1782896400.0,0.12,0.16,,0.0,True
KXITFWMATCH-26JUL01ANSEVA-ANS,1782905202,0.46,0.52,,0.0,1782903600.0,0.46,0.52,,0.0,True
KXITFWMATCH-26JUL01BAJLIM-BAJ,1782905513,0.42,0.46,,0.0,1782900000.0,0.42,0.46,,0.0,True
KXITFWMATCH-26JUL01BARKOM-BAR,1782899236,0.78,0.82,,0.0,1782896400.0,0.78,0.82,,0.0,True
KXITFWMATCH-26JUL01BRALAC-BRA,1782903111,0.86,0.9,0.85,1.17,1782896400.0,0.86,0.9,0.85,1.17,True
KXITFWMATCH-26JUL01COPRAM-COP,1782901594,0.49,0.54,,0.0,1782900000.0,0.49,0.53,,0.0,True
KXITFWMATCH-26JUL01COUHOU-COU,1782906102,0.43,0.48,,0.0,1782903600.0,0.43,0.48,,0.0,True
KXITFWMATCH-26JUL01CROCIR-CIR,1782904596,0.52,0.81,0.81,30.45,1782903600.0,0.76,0.81,,0.0,True
KXITFWMATCH-26JUL01DANWAG-DAN,1782883123,0.84,0.9,,0.0,1782882000.0,0.82,0.9,,0.0,True
KXITFWMATCH-26JUL01GAYNAT-GAY,1782897145,0.67,0.72,0.61,1.0,1782896400.0,0.67,0.72,0.61,1.0,True
KXITFWMATCH-26JUL01GRAGEN-GEN,1782898632,0.28,0.32,0.27,32.0,1782892800.0,0.28,0.32,0.27,32.0,True
KXITFWMATCH-26JUL01KAYEWI-EWI,1782924697,0.87,0.91,,0.0,1782921600.0,0.86,0.9,,0.0,True
KXITFWMATCH-26JUL01KHOKLI-KHO,1782885205,0.27,0.32,0.27,2.0,1782882000.0,0.26,0.32,0.27,2.0,True
KXITFWMATCH-26JUL01LUEMAR-LUE,1782896538,0.05,0.08,0.09,218.29999999999998,1782896400.0,0.05,0.08,0.09,218.29999999999998,True
KXITFWMATCH-26JUL01MULERC-ERC,1782893866,0.04,0.95,,0.0,1782892800.0,0.05,0.95,,0.0,True
KXITFWMATCH-26JUL01PACVAI-PAC,1782901909,0.72,0.77,,0.0,1782896400.0,0.74,0.78,,0.0,True
KXITFWMATCH-26JUL01SCOBRO-BRO,1782939140,0.55,0.71,0.6,523.4,1782936000.0,0.64,0.74,0.52,509.14,True
KXITFWMATCH-26JUL01STASTO-STA,1782881324,0.92,0.95,,0.0,1782878400.0,0.78,0.95,,0.0,True
KXITFWMATCH-26JUL01STOPRI-PRI,1782884899,0.45,0.5,0.49,69.0,1782882000.0,0.44,0.5,0.49,69.0,True
KXITFWMATCH-26JUL01VANFAL-FAL,1782891201,0.5,0.55,,0.0,1782889200.0,0.5,0.55,,0.0,True
KXITFWMATCH-26JUL01VARHER-HER,1782899236,0.2,0.25,,0.0,1782896400.0,0.2,0.25,,0.0,True
KXITFWMATCH-26JUL01VELYEM-VEL,1782899793,0.8,0.87,0.87,1.0,1782896400.0,0.84,0.88,0.87,1.0,True
KXITFWMATCH-26JUL01XUXWAN-WAN,1782880728,0.9,0.93,0.9,652.1100000000001,1782878400.0,0.92,0.95,0.95,45.22,True
KXITFWMATCH-26JUL01YORSHA-SHA,1782889397,0.04,0.95,,0.0,1782889200.0,0.02,0.95,,0.0,True
KXITFWMATCH-26JUL01ZARMAR-MAR,1782907295,0.5,0.58,,0.0,1782907200.0,0.51,0.58,,0.0,True
KXITFWMATCH-26JUL01ZHASUN-SUN,1782878643,0.06,0.95,0.95,2.0,1782878400.0,0.04,0.95,,0.0,True
KXITFWMATCH-26JUL02BROTIA-BRO,1783033549,0.63,0.64,0.64,2412.02,1783033200.0,0.63,0.65,0.65,1088.81,True
KXITFWMATCH-26JUL02CASCHA-CAS,1783019753,0.36,0.39,0.39,29.79,1783018800.0,0.38,0.4,0.4,12.58,True
KXITFWMATCH-26JUL02FORMUN-FOR,1782978995,0.55,0.59,0.58,50.0,1782975600.0,0.55,0.6,0.56,45.0,True
KXITFWMATCH-26JUL02KAJSTE-KAJ,1783029364,0.34,0.36,0.38,77.81,1783026000.0,0.34,0.38,0.38,77.81,True
KXITFWMATCH-26JUL02KOVPOC-KOV,1782976318,0.41,0.44,0.44,157.59,1782975600.0,0.41,0.44,0.84,1.0,True
KXITFWMATCH-26JUL02KULTEI-KUL,1782977204,0.5,0.51,0.55,42.0,1782975600.0,0.5,0.54,0.55,42.0,True
KXITFWMATCH-26JUL02PARRIE-PAR,1782977202,0.29,0.3,0.29,39.28,1782975600.0,0.28,0.29,0.29,39.28,True
KXITFWMATCH-26JUL02PIGVLA-PIG,1782992458,0.84,0.88,,0.0,1782990000.0,0.82,0.9,,0.0,True
KXITFWMATCH-26JUL02RUAPET-PET,1782972194,0.78,0.8,0.8,66.11,1782972000.0,0.75,0.8,0.8,66.11,True
KXITFWMATCH-26JUL02TVEBOJ-BOJ,1782979297,0.41,0.45,0.42,350.0,1782979200.0,0.41,0.45,0.42,350.0,True
KXITFWMATCH-26JUL02VANLEY-LEY,1782974528,0.26,0.3,0.29,1952.02,1782972000.0,0.25,0.28,0.28,1725.0,True
KXITFWMATCH-26JUL02ZHUXUX-XUX,1783012846,0.42,0.45,0.45,300.0,1783011600.0,0.39,0.45,,0.0,True
KXITFWMATCH-26JUL03ADEMAL-ADE,1783059668,0.51,0.52,0.53,974.04,1783058400.0,0.5,0.52,0.52,653.83,True
KXITFWMATCH-26JUL03BOJDRU-BOJ,1783061733,0.55,0.56,0.56,912.08,1783058400.0,0.55,0.56,0.56,837.57,True
KXITFWMATCH-26JUL03FALKOV-FAL,1783061435,0.37,0.38,0.38,335.0,1783058400.0,0.39,0.4,0.34,9.0,True
KXITFWMATCH-26JUL03KOIEVA-EVA,1783119015,0.46,0.48,0.49,4936.73,1783116000.0,0.46,0.49,0.49,1654.3899999999999,True
KXITFWMATCH-26JUL03PIGCAR-CAR,1783066839,0.38,0.43,0.44,20.0,1783065600.0,0.37,0.43,0.44,20.0,True
KXITFWMATCH-26JUL03SMEERC-ERC,1783063529,0.7,0.71,0.71,234.76999999999998,1783062000.0,0.71,0.72,,0.0,True
KXITFWMATCH-26JUL03YUAWAN-WAN,1783122015,0.74,0.76,0.76,369.79,1783119600.0,0.74,0.76,0.76,26.88,True
KXITFWMATCH-26JUL04ANDSAR-AND,1783149602,0.49,0.53,0.49,698.5,1783148400.0,0.49,0.5,0.48,194.95,True
KXITFWMATCH-26JUL04MALEZZ-EZZ,1783146302,0.28,0.29,0.26,63.54,1783144800.0,0.27,0.29,0.3,31.77,True
KXITFWMATCH-26JUL04RIESOB-RIE,1783157995,0.44,0.46,0.47,482.96,1783155600.0,0.44,0.46,0.46,378.37,True
KXITFWMATCH-26JUL05BROSTE-BRO,1783287353,0.44,0.45,0.45,436.37,1783285200.0,0.43,0.45,0.43,301.89,True
KXITFWMATCH-26JUL05KARMAT-KAR,1783240505,0.69,0.84,,0.0,1783238400.0,0.21,0.85,,0.0,True
KXITFWMATCH-26JUL05KULLAU-KUL,1783232134,0.69,0.95,0.95,209.01,1783231200.0,0.6,0.88,0.8,95.0,True
KXITFWMATCH-26JUL05MONFER-FER,1783244414,0.7,0.84,,0.0,1783242000.0,0.68,0.84,,0.0,True
KXITFWMATCH-26JUL05VRAFAL-FAL,1783236323,0.54,0.58,0.58,212.04999999999998,1783234800.0,0.53,0.58,0.59,11.11,True
KXITFWMATCH-26JUL06BOSTOP-BOS,1783329945,0.67,0.68,0.68,181.55,1783328400.0,0.64,0.66,0.68,27.560000000000002,True
KXITFWMATCH-26JUL06CAIOHX-CAI,1783383158,0.28,0.39,,0.0,1783382400.0,0.28,0.45,,0.0,True
KXITFWMATCH-26JUL06EVARHO-EVA,1783348838,0.88,0.92,0.92,54.86,1783346400.0,0.58,0.85,0.92,54.86,True
KXITFWMATCH-26JUL06GALTSE-GAL,1783326959,0.76,0.8,0.8,2.0,1783324800.0,0.73,0.79,,0.0,True
KXITFWMATCH-26JUL06GIALON-GIA,1783353654,0.07,0.92,,0.0,1783350000.0,0.08,0.92,,0.0,True
KXITFWMATCH-26JUL06LACSTO-LAC,1783339532,0.55,0.74,0.73,1.0,1783339200.0,0.56,0.72,0.73,1.0,True
KXITFWMATCH-26JUL06LIMDEK-DEK,1783345524,0.21,0.27,,0.0,1783342800.0,0.21,0.27,,0.0,True
KXITFWMATCH-26JUL06LUCGAD-GAD,1783309288,0.38,0.42,0.42,107.59,1783306800.0,0.25,0.41,0.44,4.48,True
KXITFWMATCH-26JUL06OHWLIU-LIU,1783383748,0.19,0.26,0.26,0.8,1783382400.0,0.13,0.29,,0.0,True
KXITFWMATCH-26JUL06OKUPRI-OKU,1783323071,0.46,0.65,,0.0,1783321200.0,0.04,0.95,,0.0,True
KXITFWMATCH-26JUL06PRINIJ-NIJ,1783333251,0.3,0.36,,0.0,1783324800.0,0.3,0.36,,0.0,True
KXITFWMATCH-26JUL06VAJRAM-RAM,1783314991,0.25,0.29,0.3,1421.3,1783314000.0,0.1,0.13,,0.0,True
KXITFWMATCH-26JUL06WAGYOU-WAG,1783320077,0.16,0.45,,0.0,1783317600.0,0.04,0.95,,0.0,True
KXITFWMATCH-26JUL07ARCOLI-ARC,1783427149,0.08,0.5,,0.0,1783425600.0,0.05,0.95,,0.0,True
KXITFWMATCH-26JUL07ARYKRO-ARY,1783401148,0.16,0.19,0.19,141.12,1783400400.0,0.16,0.19,0.19,67.32,True
KXITFWMATCH-26JUL07BRESME-BRE,1783416367,0.06,0.51,,0.0,1783414800.0,0.06,0.95,,0.0,True
KXITFWMATCH-26JUL07BROSCH-BRO,1783423274,0.63,0.72,,0.0,1783422000.0,0.63,0.73,,0.0,True
KXITFWMATCH-26JUL07GUESAN-GUE,1783421470,0.17,0.94,,0.0,1783418400.0,0.12,0.95,,0.0,True
KXITFWMATCH-26JUL07HIETSY-HIE,1783411311,0.51,0.55,,0.0,1783411200.0,0.51,0.54,,0.0,True
KXITFWMATCH-26JUL07MALKOM-KOM,1783424465,0.1,0.13,,0.0,1783422000.0,0.08,0.5,,0.0,True
KXITFWMATCH-26JUL07PANZHO-PAN,1783394583,0.7,0.78,0.78,1.6,1783393200.0,0.29,0.79,0.69,1.0,True
KXITFWMATCH-26JUL07POCINI-INI,1783416366,0.77,0.81,,0.0,1783411200.0,0.77,0.81,,0.0,True
KXITFWMATCH-26JUL07PUSMAY-MAY,1783397553,0.07,0.91,,0.0,1783396800.0,0.07,0.92,,0.0,True
KXITFWMATCH-26JUL07SENKEN-KEN,1783398486,0.78,0.83,0.84,1.0,1783396800.0,0.58,0.84,,0.0,True
KXITFWMATCH-26JUL07TIKCHO-CHO,1783468075,0.15,0.19,0.19,54.53,1783465200.0,0.15,0.19,0.2,4.73,True
KXITFWMATCH-26JUL07WANMIR-MIR,1783444901,0.61,0.64,0.63,100.0,1783443600.0,0.6,0.64,0.63,100.0,True
KXITFWMATCH-26JUL08CHOYAM-CHO,1783563719,0.31,0.32,0.33,1.0,1783562400.0,0.31,0.33,,0.0,True
KXITFWMATCH-26JUL08DUEPOP-DUE,1783498319,0.94,0.96,0.97,155.27,1783497600.0,0.94,0.97,0.97,155.27,True
KXITFWMATCH-26JUL08FALALV-ALV,1783522254,0.35,0.37,0.37,30.63,1783519200.0,0.35,0.41,,0.0,True
KXITFWMATCH-26JUL08GUEBAB-BAB,1783509086,0.93,0.97,0.95,15.73,1783508400.0,0.92,0.95,,0.0,True
KXITFWMATCH-26JUL08HEDCHA-CHA,1783501608,0.91,0.92,,0.0,1783497600.0,0.91,0.92,,0.0,True
KXITFWMATCH-26JUL08JORNOE-JOR,1783500724,0.88,0.92,,0.0,1783497600.0,0.88,0.92,,0.0,True
KXITFWMATCH-26JUL08KARVAN-KAR,1783503110,0.04,0.05,0.05,14.31,1783501200.0,0.04,0.05,0.05,14.31,True
KXITFWMATCH-26JUL08KOVSTO-KOV,1783497748,0.61,0.64,,0.0,1783497600.0,0.61,0.65,,0.0,True
KXITFWMATCH-26JUL08LLIELS-ELS,1783508184,0.65,0.66,,0.0,1783504800.0,0.65,0.66,,0.0,True
KXITFWMATCH-26JUL08NGUALL-ALL,1783536989,0.34,0.39,,0.0,1783533600.0,0.34,0.39,,0.0,True
KXITFWMATCH-26JUL08NGUNGU2-NGU,1783541184,0.7,0.74,0.74,6.61,1783540800.0,0.71,0.74,,0.0,True
KXITFWMATCH-26JUL08PAHSCH-PAH,1783503984,0.59,0.61,0.61,13.16,1783501200.0,0.59,0.61,0.61,11.16,True
KXITFWMATCH-26JUL08PAPCAP-CAP,1783494146,0.51,0.54,0.55,50.0,1783494000.0,0.51,0.54,0.55,50.0,True
KXITFWMATCH-26JUL08ROSPAR-PAR,1783487000,0.49,0.54,,0.0,1783486800.0,0.49,0.54,,0.0,True
KXITFWMATCH-26JUL08SHE2WAN2-SHE2,1783557408,0.41,0.43,0.43,49.36,1783555200.0,0.39,0.44,,0.0,True
KXITFWMATCH-26JUL08STADJO-DJO,1783493838,0.05,0.95,,0.0,1783490400.0,0.03,0.95,,0.0,True
KXITFWMATCH-26JUL08STEJIA-JIA,1783576005,0.79,0.81,0.79,1440.24,1783573200.0,0.79,0.81,0.79,1388.24,True
KXITFWMATCH-26JUL08TIKZHA-TIK,1783555923,0.72,0.74,0.74,1.4700000000000002,1783555200.0,0.68,0.74,,0.0,True
KXITFWMATCH-26JUL08VILKAS-KAS,1783506109,0.17,0.21,,0.0,1783504800.0,0.17,0.21,,0.0,True
KXITFWMATCH-26JUL08WANLEO-LEO,1783550516,0.12,0.14,0.15,90.48,1783548000.0,0.12,0.16,,0.0,True
KXITFWMATCH-26JUL08WANOHX-OHX,1783489673,0.18,0.21,0.21,41.519999999999996,1783486800.0,0.18,0.21,0.22,26.86,True
KXITFWMATCH-26JUL08ZHILEE-LEE,1783497407,0.84,0.87,,0.0,1783494000.0,0.84,0.88,,0.0,True
KXITFWMATCH-26JUL09CHAPAR-CHA,1783606813,0.33,0.36,0.37,2.0,1783605600.0,0.33,0.36,0.37,2.0,True
KXITFWMATCH-26JUL09DENKAZ-DEN,1783573619,0.66,0.73,0.73,120.72,1783573200.0,0.19,0.74,0.94,60.72,True
KXITFWMATCH-26JUL09GJISHC-GJI,1783614309,0.05,0.5,,0.0,1783612800.0,0.01,0.95,,0.0,True
KXITFWMATCH-26JUL09GORSTE-GOR,1783601423,0.62,0.65,,0.0,1783598400.0,0.62,0.66,,0.0,True
KXITFWMATCH-26JUL09KOMPER-KOM,1783576003,0.28,0.3,0.31,3.0,1783573200.0,0.25,0.31,,0.0,True
KXITFWMATCH-26JUL09KULSTE-KUL,1783583759,0.31,0.35,0.36,2.0,1783580400.0,0.31,0.36,0.36,2.0,True
KXITFWMATCH-26JUL09MCNKAJ-KAJ,1783601709,,,,0.0,,,,,0.0,False
KXITFWMATCH-26JUL09SEDKRO-KRO,1783574520,0.9,0.91,0.91,366.68999999999994,1783573200.0,0.9,0.92,0.92,173.64999999999998,True
KXITFWMATCH-26JUL09SHIDIL-DIL,1783580780,0.21,0.24,0.24,23.78,1783580400.0,0.2,0.23,0.23,4.0,True
KXITFWMATCH-26JUL10BOJINI-BOJ,1783666239,0.55,0.56,0.56,1012.06,1783663200.0,0.55,0.56,0.56,1012.06,True
KXITFWMATCH-26JUL10DENGOL-DEN,1783659949,0.78,0.8,0.8,361.42,1783659600.0,0.75,0.8,,0.0,True
KXITFWMATCH-26JUL10DYUSAG-DYU,1783655463,0.19,0.21,0.21,954.46,1783652400.0,0.17,0.2,0.2,488.46,True
KXITFWMATCH-26JUL10FULBAR-BAR,1783699479,0.08,0.13,0.13,3208.45,1783699200.0,0.1,0.11,0.11,356.28999999999996,True
KXITFWMATCH-26JUL10GERCAN-CAN,1783687807,0.59,0.62,0.63,953.1,1783684800.0,0.59,0.63,0.62,941.5,True
KXITFWMATCH-26JUL10KARRUS-KAR,1783689004,0.32,0.33,0.33,15.0,1783688400.0,0.31,0.33,,0.0,True
KXITFWMATCH-26JUL10KRUSMI-KRU,1783659948,0.81,0.83,0.81,76.0,1783659600.0,0.79,0.83,0.83,11.9,True
KXITFWMATCH-26JUL10NGUMIR-MIR,1783699248,0.57,0.6,,0.0,1783699200.0,0.57,0.6,,0.0,True
KXITFWMATCH-26JUL10RYSALL-ALL,1783658152,0.23,0.25,0.25,34.81999999999999,1783656000.0,0.23,0.25,0.25,31.019999999999996,True
KXITFWMATCH-26JUL10SOLTOM-SOL,1783678520,0.03,0.92,,0.0,1783677600.0,,,,0.0,True
KXITFWMATCH-26JUL10STEKOV-KOV,1783694400,0.5,0.53,0.53,47.980000000000004,1783692000.0,0.5,0.52,0.52,29.72,True
KXITFWMATCH-26JUL10WIEFOU-FOU,1783662949,0.61,0.63,0.64,1389.04,1783659600.0,0.61,0.63,0.6,614.28,True
KXITFWMATCH-26JUL11MAKSHO-MAK,1783744240,0.47,0.48,0.48,3174.1099999999997,1783742400.0,0.46,0.48,0.48,1180.2199999999998,True
KXITFWMATCH-26JUL12DELSKE-DEL,1783861197,0.67,0.75,,0.0,1783857600.0,0.07,0.92,,0.0,True
KXITFWMATCH-26JUL12GIOTOR-GIO,1783865077,0.6,0.75,0.74,167.34,1783864800.0,0.51,0.92,,0.0,True
KXITFWMATCH-26JUL12GRAYUL-GRA,1783856687,0.15,0.2,,0.0,1783854000.0,0.15,0.21,,0.0,True
KXITFWMATCH-26JUL12GUPFER-FER,1783837827,0.2,0.9,0.93,8.01,1783836000.0,0.06,0.94,,0.0,True
KXITFWMATCH-26JUL12IACSMI-IAC,1783860882,0.04,0.89,,0.0,1783857600.0,0.07,0.92,,0.0,True
KXITFWMATCH-26JUL12KARIAN-IAN,1783832120,0.03,0.94,0.92,3.22,1783828800.0,0.03,0.94,,0.0,True
KXITFWMATCH-26JUL12LIMZHO-LIM,1783920974,0.32,0.43,0.44,271.64,1783918800.0,0.12,0.97,0.97,116.37,True
KXITFWMATCH-26JUL12TEILOP-LOP,1783855809,0.2,0.65,,0.0,1783854000.0,0.33,0.65,,0.0,True
KXITFWMATCH-26JUL12TOMKAR-KAR,1783853693,0.53,0.58,0.5,74998.93,1783850400.0,0.53,0.56,0.56,6852.490000000001,True
KXITFWMATCH-26JUL12USEMAR-MAR,1783876821,0.61,0.65,0.65,449.52,1783875600.0,0.59,0.64,0.6,333.0,True
KXITFWMATCH-26JUL12WILODO-ODO,1783848895,0.79,0.9,,0.0,1783846800.0,0.8,0.88,,0.0,True
KXITFWMATCH-26JUL12WUXCHO-CHO,1783900280,0.07,0.22,0.08,80.80000000000001,1783897200.0,0.04,0.7,0.77,19.380000000000003,True
KXITFWMATCH-26JUL13ARUMCK-ARU,1783921278,0.24,0.35,0.25,5.3,1783918800.0,0.06,0.94,,0.0,True
KXITFWMATCH-26JUL13BECMIL-BEC,1784001485,0.44,0.49,0.49,20.19,1783998000.0,0.44,0.49,,0.0,True
KXITFWMATCH-26JUL13BEDODO-BED,1783924564,0.76,0.8,0.78,459.0,1783922400.0,0.91,0.95,0.91,14.61,True
KXITFWMATCH-26JUL13BOEPOH-BOE,1783937121,0.16,0.24,,0.0,1783929600.0,0.16,0.24,,0.0,True
KXITFWMATCH-26JUL13CERBOU-BOU,1783956642,0.18,0.24,,0.0,1783947600.0,0.18,0.24,,0.0,True
KXITFWMATCH-26JUL13DASBRU-BRU,1783939047,0.21,0.5,,0.0,1783936800.0,0.21,0.5,,0.0,True
KXITFWMATCH-26JUL13GIOKUP-GIO,1783941628,0.48,0.53,,0.0,1783940400.0,0.49,0.53,,0.0,True
KXITFWMATCH-26JUL13JORPAH-JOR,1783919184,0.08,0.91,,0.0,1783918800.0,0.06,0.94,,0.0,True
KXITFWMATCH-26JUL13KARFER-FER,1783939833,0.25,0.42,,0.0,1783933200.0,0.25,0.42,,0.0,True
KXITFWMATCH-26JUL13KATYAN-KAT,1783991581,0.19,0.24,0.22,358.34000000000003,1783990800.0,0.19,0.24,0.26,281.56,True
KXITFWMATCH-26JUL13KOSANX-ANX,1784013771,0.31,0.36,0.35,135.31,1784012400.0,0.31,0.36,0.35,88.23,True
KXITFWMATCH-26JUL13LACLUE-LAC,1784016409,0.46,0.51,0.51,872.4200000000001,1784016000.0,0.47,0.5,0.5,639.2700000000001,True
KXITFWMATCH-26JUL13MARCEM-CEM,1783943125,0.91,0.95,,0.0,1783940400.0,0.91,0.95,,0.0,True
KXITFWMATCH-26JUL13MITROM-MIT,1783932645,0.29,0.35,,0.0,1783929600.0,0.29,0.35,,0.0,True
KXITFWMATCH-26JUL13NAHGOM-GOM,1783949439,0.54,0.63,,0.0,1783944000.0,0.47,0.63,,0.0,True
KXITFWMATCH-26JUL13PULWIR-PUL,1783923062,0.24,0.36,,0.0,1783922400.0,0.1,0.93,,0.0,True
KXITFWMATCH-26JUL13RAJHUT-HUT,1783932048,0.19,0.25,,0.0,1783922400.0,0.19,0.25,,0.0,True
KXITFWMATCH-26JUL13RUSCAD-CAD,1783983806,0.18,0.24,0.24,456.42,1783983600.0,0.16,0.24,,0.0,True
KXITFWMATCH-26JUL13SATSCH-SAT,1783977459,0.5,0.91,,0.0,1783976400.0,0.17,0.88,,0.0,True
KXITFWMATCH-26JUL13SCHNDU-NDU,1783931446,0.15,0.48,,0.0,1783929600.0,0.1,0.48,,0.0,True
KXITFWMATCH-26JUL13UEMWAN-UEM,1783996091,0.4,0.44,0.45,444.21,1783994400.0,0.4,0.44,0.45,7.06,True
KXITFWMATCH-26JUL13WONBOW-BOW,1783922164,0.46,0.66,,0.0,1783918800.0,0.06,0.94,,0.0,True
KXITFWMATCH-26JUL14APPJOH-APP,1784009574,0.63,0.66,0.64,800.45,1784008800.0,0.62,0.64,0.64,800.45,True
KXITFWMATCH-26JUL14BAIMAL-BAI,1784017012,0.59,0.63,0.65,1200.52,1784016000.0,0.6,0.63,0.65,1200.52,True
KXITFWMATCH-26JUL14BLALUK-BLA,1784009573,0.42,0.47,0.47,1124.3899999999999,1784008800.0,0.42,0.47,0.47,1124.3899999999999,True
KXITFWMATCH-26JUL14BUEDOU-BUE,1784034046,0.46,0.53,,0.0,1784034000.0,0.46,0.53,,0.0,True
KXITFWMATCH-26JUL14CHEVAN-CHE,1784005406,0.04,0.08,0.09,441.51,1784005200.0,0.04,0.08,0.08,9.6,True
KXITFWMATCH-26JUL14DESLON-DES,1784029550,0.47,0.5,,0.0,1784026800.0,0.47,0.52,,0.0,True
KXITFWMATCH-26JUL14DOTBOS-BOS,1784018209,0.04,0.95,,0.0,1784012400.0,0.04,0.95,,0.0,True
KXITFWMATCH-26JUL14FIRCEM-CEM,1784015535,0.35,0.4,,0.0,1784012400.0,0.32,0.52,,0.0,True
KXITFWMATCH-26JUL14GIAMPE-GIA,1784011949,0.22,0.55,,0.0,1784008800.0,0.03,0.94,,0.0,True
KXITFWMATCH-26JUL14JAMBOW-BOW,1784022986,0.8,0.83,0.83,630.0,1784019600.0,0.8,0.83,0.83,630.0,True
KXITFWMATCH-26JUL14JORMCK-JOR,1784026558,0.54,0.59,,0.0,1784023200.0,0.54,0.59,,0.0,True
KXITFWMATCH-26JUL14LEORUT-LEO,1784025255,0.78,0.82,,0.0,1784023200.0,0.78,0.82,,0.0,True
KXITFWMATCH-26JUL14LOPTHO-LOP,1784075338,0.14,0.15,0.15,310.75,1784073600.0,0.14,0.15,0.15,232.39999999999998,True
KXITFWMATCH-26JUL14MONPHA-MON,1784006269,0.24,0.5,,0.0,1784005200.0,0.02,0.94,,0.0,True
KXITFWMATCH-26JUL14NGIKOV-KOV,1784013771,0.35,0.42,,0.0,1784012400.0,0.03,0.94,,0.0,True
KXITFWMATCH-26JUL14OTWTAY-OTW,1784078626,0.34,0.36,0.36,417.62,1784077200.0,0.33,0.36,,0.0,True
KXITFWMATCH-26JUL14SELSAT-SAT,1784071729,0.62,0.63,0.63,3101.62,1784070000.0,0.57,0.58,0.57,1126.12,True
KXITFWMATCH-26JUL14ZHOSUV-SUV,1784010460,0.44,0.64,0.74,99.53,1784008800.0,0.03,0.92,,0.0,True
KXITFWMATCH-26JUL15ADEALL-ADE,1784097468,0.35,0.38,,0.0,1784095200.0,0.35,0.38,,0.0,True
KXITFWMATCH-26JUL15ARYMAM-ARY,1784089452,0.21,0.22,0.21,31.35,1784088000.0,0.21,0.22,0.24,3.95,True
KXITFWMATCH-26JUL15BOUDIT-BOU,1784108226,0.35,0.38,,0.0,1784106000.0,0.35,0.38,,0.0,True
KXITFWMATCH-26JUL15COLSLA-COL,1784114179,0.56,0.59,,0.0,1784113200.0,0.56,0.59,,0.0,True
KXITFWMATCH-26JUL15DASYAN-DAS,1784164953,0.46,0.49,0.49,840.15,1784163600.0,0.44,0.49,,0.0,True
KXITFWMATCH-26JUL15GALPAV-GAL,1784107333,0.42,0.44,0.45,6.23,1784106000.0,0.42,0.45,0.45,6.23,True
KXITFWMATCH-26JUL15HORBRU-BRU,1784101384,0.39,0.43,,0.0,1784098800.0,0.4,0.44,,0.0,True
KXITFWMATCH-26JUL15LEYKHR-KHR,1784094813,0.05,0.06,0.06,841.3500000000001,1784084400.0,0.05,0.06,0.06,841.3500000000001,True
KXITFWMATCH-26JUL15LINRUS-LIN,1784153833,0.54,0.59,0.59,55.7,1784152800.0,0.54,0.58,0.58,8.51,True
KXITFWMATCH-26JUL15NOETEI-NOE,1784122841,0.67,0.7,0.71,2.0,1784120400.0,0.66,0.71,0.71,2.0,True
KXITFWMATCH-26JUL15OUNWUX-OUN,1784110302,0.41,0.45,,0.0,1784109600.0,0.41,0.45,,0.0,True
KXITFWMATCH-26JUL15PETZOL-PET,1784098077,0.26,0.27,0.26,488.6,1784095200.0,0.23,0.25,0.26,223.6,True
KXITFWMATCH-26JUL15PONSAN-PON,1784146912,0.03,0.06,0.06,344.74,1784145600.0,0.02,0.07,0.02,209.63,True
KXITFWMATCH-26JUL15SERKRE-KRE,1784094511,0.38,0.42,,0.0,1784091600.0,0.39,0.44,,0.0,True
KXITFWMATCH-26JUL15SMEROJ-ROJ,1784090918,0.75,0.77,0.78,11.0,1784088000.0,0.72,0.78,0.78,11.0,True
KXITFWMATCH-26JUL15SOZKEN-KEN,1784090637,0.5,0.53,0.53,83.14,1784088000.0,0.5,0.54,0.54,72.19000000000001,True
KXITFWMATCH-26JUL15STEMAS-MAS,1784091825,0.41,0.45,,0.0,1784091600.0,0.41,0.45,,0.0,True
KXITFWMATCH-26JUL15VOGNUU-NUU,1784097205,0.24,0.26,0.28,7.57,1784095200.0,0.26,0.3,0.28,7.57,True
KXITFWMATCH-26JUL16BALSIS-BAL,1784199643,0.17,0.19,0.17,303.0,1784199600.0,0.16,0.19,0.17,303.0,True
KXITFWMATCH-26JUL16BELMAT-BEL,1784178183,0.22,0.25,0.25,301.83000000000004,1784178000.0,0.23,0.25,0.25,137.92000000000002,True
KXITFWMATCH-26JUL16BURSTE-BUR,1784199922,0.67,0.68,0.68,6.5,1784199600.0,0.67,0.7,0.67,5.5,True
KXITFWMATCH-26JUL16CAPCAN-CAN,1784201120,0.09,0.13,,0.0,1784199600.0,0.07,0.54,,0.0,True
KXITFWMATCH-26JUL16DEKDES-DEK,1784182323,0.8,0.84,0.83,15.16,1784181600.0,0.79,0.84,0.83,15.16,True
KXITFWMATCH-26JUL16DESYOD-DES,1784169756,0.29,0.31,0.31,62.269999999999996,1784167200.0,0.33,0.36,,0.0,True
KXITFWMATCH-26JUL16JACREE-JAC,1784212212,0.32,0.35,,0.0,1784210400.0,0.32,0.35,,0.0,True
KXITFWMATCH-26JUL16LEOKLU-KLU,1784186779,0.75,0.79,0.75,17.75,1784185200.0,0.77,0.79,0.77,6.75,True
KXITFWMATCH-26JUL16MCNKON-KON,1784205015,0.13,0.16,0.15,525.0,1784203200.0,0.11,0.16,0.15,525.0,True
KXITFWMATCH-26JUL16PAVLUE-LUE,1784183797,0.17,0.2,0.21,6.0,1784181600.0,0.18,0.22,0.21,6.0,True
KXITFWMATCH-26JUL16POPCIR-CIR,1784179350,0.82,0.86,0.86,26.85,1784178000.0,0.81,0.87,0.86,26.85,True
KXITFWMATCH-26JUL16POZKON-KON,1784185014,0.71,0.72,0.72,3.61,1784181600.0,0.71,0.72,0.72,3.61,True
KXITFWMATCH-26JUL16SAVINO-INO,1784195735,0.55,0.89,0.79,12.8,1784188800.0,0.75,0.79,0.79,12.8,True
KXITFWMATCH-26JUL16SCHVAL-SCH,1784192146,0.84,0.9,0.89,45.11,1784188800.0,0.84,0.89,0.88,44.0,True
KXITFWMATCH-26JUL16ZHASHI-SHI,1784187974,0.85,0.89,0.89,71.0,1784185200.0,0.85,0.89,0.89,71.0,True
KXITFWMATCH-26JUL17BROBRA-BRA,1784271664,0.22,0.25,0.23,41.0,1784271600.0,0.7,0.94,,0.0,True
KXITFWMATCH-26JUL17CEXVUJ-CEX,1784270147,0.39,0.42,0.43,1131.35,1784268000.0,0.39,0.43,0.46,1059.35,True
KXITFWMATCH-26JUL17KUHSTR-KUH,1784280016,0.2,0.21,0.2,24.0,1784278800.0,0.16,0.2,,0.0,True
KXITFWMATCH-26JUL17MARSAV-MAR,1784287504,0.66,0.68,0.68,15.52,1784286000.0,0.66,0.68,0.66,3.52,True
KXITFWMATCH-26JUL17SHCKHA-KHA,1784302790,0.48,0.49,0.49,9267.73,1784300400.0,0.48,0.49,0.53,9141.05,True
KXITFWMATCH-26JUL17SMICIR-CIR,1784268357,0.39,0.41,0.44,28.0,1784268000.0,0.38,0.41,0.44,28.0,True
KXITFWMATCH-26JUL18DANKON-DAN,1784356808,0.33,0.36,0.36,26.58,1784354400.0,0.32,0.36,,0.0,True
KXITFWMATCH-26JUL18MANCRO-CRO,1784421850,0.99,1.0,0.99,59408.25,1784419200.0,0.86,0.9,0.85,42041.5,True
KXITFWMATCH-26JUL18ROUFAL-FAL,1784362497,0.45,0.48,0.48,17.04,1784361600.0,0.45,0.48,0.48,6.99,True
KXITFWMATCH-26JUL18SCHCUR-CUR,1784371800,0.61,0.64,0.63,4.4,1784368800.0,0.6,0.65,0.63,4.4,True
KXITFWMATCH-26JUL18TIKWAN-TIK,1784423758,0.53,0.54,0.54,1028.65,1784422800.0,0.51,0.52,0.52,591.46,True
KXITFWMATCH-26JUL19BARODO-BAR,1784463608,0.04,0.92,,0.0,1784451600.0,0.04,0.92,,0.0,True
KXITFWMATCH-26JUL19BHOPIT-BHO,1784479202,0.6,0.66,,0.0,1784476800.0,0.46,0.67,,0.0,True
KXITFWMATCH-26JUL19BULSOU-BUL,1784448043,0.17,0.35,0.35,1.0,1784444400.0,0.17,0.35,0.35,1.0,True
KXITFWMATCH-26JUL19DJOHUR-DJO,1784458829,0.42,0.54,0.55,35.36,1784458800.0,0.34,0.61,,0.0,True
KXITFWMATCH-26JUL19DORBRU-BRU,1784456112,0.04,0.13,0.17,26.369999999999997,1784455200.0,0.04,0.17,0.23,13.37,True
KXITFWMATCH-26JUL19SHCCHA-CHA,1784473204,0.29,0.63,,0.0,1784473200.0,,,,0.0,True
KXITFWMATCH-26JUL19SKLSCH-SCH,1784445038,0.04,0.25,0.39,1.0,1784444400.0,0.03,0.94,,0.0,True
KXITFWMATCH-26JUL19SUPMER-MER,1784440253,0.49,0.79,,0.0,1784437200.0,0.26,0.87,,0.0,True
KXITFWMATCH-26JUL19TCHTAS-TAS,1784476807,0.03,0.92,,0.0,1784476800.0,0.03,0.92,,0.0,True
KXITFWMATCH-26JUL19TUPYOD-TUP,1784434849,0.72,0.74,0.74,2620.9799999999996,1784433600.0,0.72,0.75,0.75,1788.2299999999998,True
KXITFWMATCH-26JUL19ZHEBIO-BIO,1784442928,0.08,0.87,,0.0,1784440800.0,0.09,0.87,,0.0,True
KXITFWMATCH-26JUL20BERZAB-BER,1784535666,,,,0.0,,,,,0.0,False
KXITFWMATCH-26JUL20GROBAR-BAR,1784539272,0.38,0.67,,0.0,1784538000.0,0.38,0.72,,0.0,True
KXITFWMATCH-26JUL20GUEDOU-DOU,1784553041,0.35,0.44,0.44,88.45,1784552400.0,0.24,0.43,,0.0,True
KXITFWMATCH-26JUL20KMIBAY-BAY,1784532954,0.56,0.62,0.63,0.46,1784527200.0,0.56,0.62,0.63,0.46,True
KXITFWMATCH-26JUL20MATPOP-MAT,1784557226,0.07,0.92,,0.0,1784556000.0,0.04,0.92,,0.0,True
KXITFWMATCH-26JUL20NIJROS-NIJ,1784540471,,,,0.0,,,,,0.0,False
KXITFWMATCH-26JUL20OSUGOT-GOT,1784592151,0.6,0.76,0.65,849.4100000000001,1784592000.0,0.72,0.77,0.74,610.6,True
KXITFWMATCH-26JUL20RHOJOH-JOH,1784584315,0.88,0.92,0.93,1787.8400000000001,1784581200.0,0.87,0.92,0.9,794.76,True
KXITFWMATCH-26JUL20SATTHO-SAT,1784584602,0.7,0.77,0.77,0.76,1784581200.0,0.72,0.78,0.74,0.06,True
KXITFWMATCH-26JUL20SCHBAK-BAK,1784605651,0.2,0.27,0.23,63194.0,1784602800.0,0.7,0.72,0.71,452.75,True
KXITFWMATCH-26JUL20XUXTAS-TAS,1784556043,0.03,0.74,,0.0,1784556000.0,0.03,0.8,,0.0,True
KXITFWMATCH-26JUL21ARAFAI-ARA,1784698384,0.2,0.24,0.25,549.87,1784696400.0,0.2,0.24,0.23,115.66,True
KXITFWMATCH-26JUL21BRAHIE-BRA,1784646064,0.83,0.86,0.84,313.18,1784646000.0,0.82,0.86,0.84,313.18,True
KXITFWMATCH-26JUL21CEXCAS-CAS,1784608956,0.04,0.14,,0.0,1784606400.0,0.04,0.89,,0.0,True
KXITFWMATCH-26JUL21CHALEE-CHA,1784641559,0.25,0.68,,0.0,1784638800.0,0.32,0.64,,0.0,True
KXITFWMATCH-26JUL21CHLVAI-CHL,1784631977,0.34,0.37,0.38,11.0,1784631600.0,0.35,0.38,,0.0,True
KXITFWMATCH-26JUL21CROLUT-CRO,1784645447,0.55,0.6,,0.0,1784642400.0,0.55,0.6,,0.0,True
KXITFWMATCH-26JUL21DOBXUX-DOB,1784644539,0.07,0.09,0.09,21.19,1784642400.0,0.06,0.08,0.1,13.0,True
KXITFWMATCH-26JUL21GANFRU-FRU,1784615537,0.8,0.81,0.81,24.520000000000003,1784613600.0,0.8,0.81,0.81,24.520000000000003,True
KXITFWMATCH-26JUL21KULKRY-KRY,1784615226,0.38,0.43,0.43,2.23,1784613600.0,0.37,0.43,,0.0,True
KXITFWMATCH-26JUL21MARGIZ-GIZ,1784637967,0.31,0.33,0.33,18.47,1784635200.0,0.31,0.34,0.34,4.0,True
KXITFWMATCH-26JUL21NOSMAT-MAT,1784605346,0.39,0.45,0.45,39.18000000000001,1784602800.0,0.13,0.46,,0.0,True
KXITFWMATCH-26JUL21NUUSKO-NUU,1784615224,0.6,0.62,0.61,63.7,1784613600.0,0.58,0.62,0.63,7.38,True
KXITFWMATCH-26JUL21PAGTAN-PAG,1784628106,0.43,0.47,0.46,170.46999999999997,1784628000.0,0.48,0.5,0.49,128.57999999999998,True
KXITFWMATCH-26JUL21PREBRO-BRO,1784726749,0.35,0.38,0.38,23.41,1784725200.0,0.34,0.37,0.38,23.41,True
KXITFWMATCH-26JUL21ROMKAW-KAW,1784632877,0.07,0.11,0.11,18.83,1784628000.0,0.07,0.11,0.11,18.83,True
KXITFWMATCH-26JUL21SCHMAH-MAH,1784652358,0.58,0.63,,0.0,1784649600.0,0.59,0.62,,0.0,True
KXITFWMATCH-26JUL21SOTSAN-SAN,1784654479,0.04,0.07,,0.0,1784653200.0,0.03,0.69,,0.0,True
KXITFWMATCH-26JUL21TEILIU-LIU,1784631710,0.11,0.13,0.13,333.0,1784631600.0,0.11,0.13,0.13,333.0,True
KXITFWMATCH-26JUL21THORUS-RUS,1784690278,0.41,0.44,0.42,60.33,1784689200.0,0.42,0.45,,0.0,True
KXITFWMATCH-26JUL21TREBER-BER,1784628694,0.25,0.26,0.26,13.65,1784628000.0,0.25,0.26,0.26,13.65,True
KXITFWMATCH-26JUL21TRIYAO-TRI,1784630210,0.08,0.11,0.11,124.71000000000001,1784628000.0,0.08,0.11,0.11,124.71000000000001,True
KXITFWMATCH-26JUL21YAMGOT-GOT,1784675215,0.24,0.32,0.31,1401.76,1784674800.0,0.28,0.3,0.31,90.71000000000001,True
KXITFWMATCH-26JUL22AHNLAG-AHN,1784733931,0.59,0.62,,0.0,1784732400.0,0.59,0.62,,0.0,True
KXITFWMATCH-26JUL22AMAROS-AMA,1784698959,0.95,0.97,0.96,59.0,1784696400.0,0.95,0.97,0.96,59.0,True
KXITFWMATCH-26JUL22BOUKUC-BOU,1784718695,0.73,0.77,0.76,8.7,1784718000.0,0.73,0.77,0.76,8.7,True
KXITFWMATCH-26JUL22CAKSKL-CAK,1784707370,0.27,0.3,,0.0,1784707200.0,0.27,0.3,,0.0,True
KXITFWMATCH-26JUL22CRASAK-CRA,1784734309,0.37,0.4,,0.0,1784732400.0,0.38,0.41,,0.0,True
KXITFWMATCH-26JUL22GABNAT-GAB,1784727063,0.43,0.51,,0.0,1784725200.0,0.45,0.49,,0.0,True
KXITFWMATCH-26JUL22HERBOH-BOH,1784716310,0.49,0.54,0.54,38.88,1784714400.0,0.44,0.57,,0.0,True
KXITFWMATCH-26JUL22JOHDOL-DOL,1784739648,0.68,0.69,0.69,2.0,1784739600.0,0.66,0.7,,0.0,True
KXITFWMATCH-26JUL22MOYCAN-CAN,1784716892,0.35,0.38,,0.0,1784714400.0,0.36,0.4,,0.0,True
KXITFWMATCH-26JUL22MOZSTA-MOZ,1784693898,0.05,0.06,0.06,3675.57,1784692800.0,0.04,0.05,0.06,318.63,True
KXITFWMATCH-26JUL22PARKAJ-KAJ,1784743264,0.29,0.32,0.32,1053.96,1784743200.0,0.27,0.31,0.28,1051.0,True
KXITFWMATCH-26JUL22PARROU-PAR,1784724067,0.55,0.58,0.6,16.37,1784721600.0,0.55,0.59,0.6,16.37,True
KXITFWMATCH-26JUL22POHMAQ-MAQ,1784713003,0.7,0.73,0.76,0.67,1784710800.0,0.73,0.76,0.76,0.67,True
KXITFWMATCH-26JUL22SIMBAC-BAC,1784718693,0.77,0.8,,0.0,1784718000.0,0.76,0.8,,0.0,True
KXITFWMATCH-26JUL22VOGCEU-CEU,1784716587,0.05,0.06,0.06,1974.1,1784714400.0,0.16,0.18,,0.0,True
KXITFWMATCH-26JUL22VRASAK-SAK,1784715113,0.3,0.34,,0.0,1784714400.0,0.31,0.35,,0.0,True
KXITFWMATCH-26JUL22ZARBRA-BRA,1784732737,0.28,0.32,,0.0,1784732400.0,0.27,0.31,,0.0,True
KXITFWMATCH-26JUL23BONCAP-BON,1784806249,0.04,0.06,,0.0,1784804400.0,0.03,0.07,,0.0,True
KXITFWMATCH-26JUL23BOSRIV-BOS,1784810739,0.89,0.91,0.91,28.0,1784808000.0,0.9,0.94,0.92,21.0,True
KXITFWMATCH-26JUL23BRAMAR-BRA,1784804693,0.74,0.77,0.76,7.26,1784804400.0,0.73,0.77,0.76,7.26,True
KXITFWMATCH-26JUL23CEXRIS-CEX,1784799948,0.26,0.44,0.31,1.53,1784797200.0,0.28,0.31,0.31,1.53,True
KXITFWMATCH-26JUL23HAGBAC-BAC,1784801743,0.89,0.92,,0.0,1784800800.0,0.9,0.92,,0.0,True
KXITFWMATCH-26JUL23KUXVID-KUX,1784812587,0.28,0.33,0.34,1.4,1784811600.0,0.3,0.34,0.34,1.4,True
KXITFWMATCH-26JUL23LIUALL-ALL,1784814320,0.2,0.21,0.2,30.0,1784811600.0,0.2,0.21,0.2,11.0,True
KXITFWMATCH-26JUL23PETDEK-DEK,1784786195,0.61,0.64,0.64,39.6,1784782800.0,0.62,0.65,0.65,1.5,True
KXITFWMATCH-26JUL23STOPAR-PAR,1784811031,0.31,0.34,,0.0,1784808000.0,0.27,0.34,,0.0,True
KXITFWMATCH-26JUL23VERMAH-MAH,1784825412,0.44,0.46,0.49,44.15,1784822400.0,0.31,0.39,0.39,23.07,True
KXITFWMATCH-26JUN01BENISM-BEN,1780302867,0.05,0.94,,0.0,1780300800.0,0.06,0.94,,0.0,True
KXITFWMATCH-26JUN01BOUMIT-BOU,1780314127,0.05,0.94,,0.0,1780311600.0,0.06,0.94,,0.0,True
KXITFWMATCH-26JUN01BROMIT-BRO,1780292719,0.04,0.94,,0.0,1780290000.0,0.02,0.94,,0.0,True
KXITFWMATCH-26JUN01CAPGRE-CAP,1780312681,0.05,0.94,,0.0,1780311600.0,0.06,0.94,,0.0,True
KXITFWMATCH-26JUN01COLDEA-COL,1780314736,0.5,0.94,,0.0,1780300800.0,0.5,0.94,,0.0,True
KXITFWMATCH-26JUN01DYURIC-DYU,1780297205,0.06,0.94,,0.0,1780297200.0,0.04,0.94,,0.0,True
KXITFWMATCH-26JUN01GODPRE-GOD,1780320103,0.05,0.94,,0.0,1780311600.0,0.05,0.94,,0.0,True
KXITFWMATCH-26JUN01HUIHAM-HAM,1780323377,0.06,0.94,,0.0,1780322400.0,0.06,0.94,,0.0,True
KXITFWMATCH-26JUN01KHOYAN-KHO,1780368891,0.48,0.5,0.5,2.12,1780365600.0,0.48,0.5,0.5,0.19,True
KXITFWMATCH-26JUN01LOPBUR-BUR,1780304636,0.05,0.94,,0.0,1780304400.0,0.06,0.94,,0.0,True
KXITFWMATCH-26JUN01MANKUS-KUS,1780303089,0.05,0.94,,0.0,1780300800.0,0.06,0.94,,0.0,True
KXITFWMATCH-26JUN01MARKAW-KAW,1780302858,0.05,0.94,,0.0,1780300800.0,0.06,0.94,,0.0,True
KXITFWMATCH-26JUN01MONBEN-BEN,1780311222,0.06,0.94,,0.0,1780308000.0,0.06,0.94,,0.0,True
KXITFWMATCH-26JUN01NECMAR-MAR,1780298955,0.05,0.94,,0.0,1780297200.0,0.04,0.94,,0.0,True
KXITFWMATCH-26JUN01NIEGAR-GAR,1780343059,0.05,0.94,,0.0,1780340400.0,0.04,0.94,,0.0,True
KXITFWMATCH-26JUN01PERNEM-NEM,1780323699,0.05,0.94,,0.0,1780318800.0,0.05,0.94,,0.0,True
KXITFWMATCH-26JUN01PERSAR-PER,1780307247,0.06,0.94,,0.0,1780304400.0,0.06,0.94,,0.0,True
KXITFWMATCH-26JUN01PETKOV-KOV,1780300184,0.12,0.88,,0.0,1780297200.0,0.1,0.9,,0.0,True
KXITFWMATCH-26JUN01PONVAR-PON,1780304639,0.05,0.94,,0.0,1780300800.0,0.05,0.94,,0.0,True
KXITFWMATCH-26JUN01VAJSHR-SHR,1780286446,0.04,0.91,,0.0,1780286400.0,0.04,0.9,,0.0,True
KXITFWMATCH-26JUN01ZHYWOL-WOL,1780343057,0.05,0.94,,0.0,1780340400.0,0.04,0.94,,0.0,True
KXITFWMATCH-26JUN02AITSHE-AIT,1780383460,0.32,0.94,,0.0,1780380000.0,0.79,0.94,,0.0,True
KXITFWMATCH-26JUN02ARYYOR-ARY,1780384667,0.67,0.69,,0.0,1780383600.0,0.67,0.72,,0.0,True
KXITFWMATCH-26JUN02BADPER-BAD,1780406187,0.56,0.62,0.62,3.14,1780405200.0,0.58,0.62,,0.0,True
KXITFWMATCH-26JUN02COLDII-COL,1780399426,0.5,0.94,,0.0,1780390800.0,0.5,0.94,,0.0,True
KXITFWMATCH-26JUN02CORGON-COR,1780395421,0.02,0.06,0.08,59.88,1780394400.0,0.02,0.08,0.08,59.88,True
KXITFWMATCH-26JUN02DHOISM-DHO,1780387051,,,,0.0,,,,,0.0,False
KXITFWMATCH-26JUN02DIAGIA-DIA,1780383462,0.93,0.94,,0.0,1780380000.0,0.93,0.94,,0.0,True
KXITFWMATCH-26JUN02FENPET-FEN,1780397524,0.02,0.94,,0.0,1780394400.0,0.05,0.93,,0.0,True
KXITFWMATCH-26JUN02GIRCHA-CHA,1780379651,0.35,0.37,0.37,773.42,1780376400.0,0.33,0.38,,0.0,True
KXITFWMATCH-26JUN02HUIDAU-DAU,1780414600,0.17,0.21,,0.0,1780412400.0,0.04,0.94,,0.0,True
KXITFWMATCH-26JUN02KORREM-KOR,1780385840,0.89,0.94,,0.0,1780383600.0,0.83,0.93,,0.0,True
KXITFWMATCH-26JUN02MAZZHO-MAZ,1780384665,0.51,0.76,,0.0,1780383600.0,0.13,0.87,,0.0,True
KXITFWMATCH-26JUN02MIRBAL-BAL,1780484340,0.76,0.81,0.8,23.0,1780480800.0,0.76,0.8,0.76,5.0,True
KXITFWMATCH-26JUN02MOLKAB-KAB,1780383017,0.06,0.94,,0.0,1780380000.0,0.05,0.94,,0.0,True
KXITFWMATCH-26JUN02ROSMAR-MAR,1780462485,0.27,0.84,,0.0,1780459200.0,0.2,0.85,,0.0,True
KXITFWMATCH-26JUN02SAUBRO-BRO,1780418224,0.92,0.94,,0.0,1780416000.0,0.92,0.94,,0.0,True
KXITFWMATCH-26JUN02STAPLO-PLO,1780380506,0.24,0.27,,0.0,1780380000.0,0.23,0.27,,0.0,True
KXITFWMATCH-26JUN03AITSOR-AIT,1780472019,0.22,0.24,,0.0,1780470000.0,0.22,0.24,,0.0,True
KXITFWMATCH-26JUN03BASCEX-BAS,1780469905,0.77,0.79,0.79,129.0,1780466400.0,0.76,0.77,,0.0,True
KXITFWMATCH-26JUN03BLOGAI-BLO,1780495936,0.61,0.67,0.66,1.0,1780495200.0,0.63,0.66,,0.0,True
KXITFWMATCH-26JUN03BOKKOV-BOK,1780556819,0.16,0.91,,0.0,1780556400.0,0.18,0.91,,0.0,True
KXITFWMATCH-26JUN03GOBHAA-GOB,1780552665,0.15,0.17,0.14,30.21,1780549200.0,0.15,0.19,0.14,30.21,True
KXITFWMATCH-26JUN03GUEXAV-GUE,1780494506,0.13,0.16,0.11,140.69,1780491600.0,0.13,0.16,0.11,140.69,True
KXITFWMATCH-26JUN03HIGBAY-BAY,1780462711,0.74,0.75,,0.0,1780459200.0,0.74,0.77,,0.0,True
KXITFWMATCH-26JUN03KOPBAR-BAR,1780549450,0.58,0.79,0.78,1454.3700000000001,1780549200.0,0.58,0.89,0.9,1305.73,True
KXITFWMATCH-26JUN03KOVENC-ENC,1780475254,0.92,0.96,0.94,16.59,1780473600.0,0.92,0.94,0.94,6.0,True
KXITFWMATCH-26JUN03LIOELM-ELM,1780473217,0.17,0.18,0.21,43.0,1780470000.0,0.17,0.2,0.21,43.0,True
KXITFWMATCH-26JUN03LOPCHA-CHA,1780487312,0.56,0.6,0.56,24.25,1780484400.0,0.55,0.56,0.56,24.25,True
KXITFWMATCH-26JUN03MAITEI-MAI,1780493244,0.65,0.7,,0.0,1780491600.0,0.65,0.7,,0.0,True
KXITFWMATCH-26JUN03MAXYAO-MAX,1780537110,0.55,0.57,0.55,17.62,1780534800.0,0.52,0.55,,0.0,True
KXITFWMATCH-26JUN03MERSEB-MER,1780490528,0.23,0.27,0.27,110.0,1780488000.0,0.24,0.26,0.27,110.0,True
KXITFWMATCH-26JUN03SAIWAN-SAI,1780549443,0.64,0.65,0.65,99724.15,1780549200.0,0.49,0.52,0.5,51.690000000000005,True
KXITFWMATCH-26JUN03SZABAR-BAR,1780553575,0.1,0.19,0.1,63.0,1780552800.0,0.1,0.18,0.1,63.0,True
KXITFWMATCH-26JUN03VOLARS-ARS,1780502196,0.35,0.38,0.38,2.0,1780498800.0,0.35,0.39,,0.0,True
KXITFWMATCH-26JUN04ADEKUZ-ADE,1780555956,0.26,0.27,,0.0,1780552800.0,0.26,0.28,,0.0,True
KXITFWMATCH-26JUN04BERCHA-BER,1780560736,0.88,0.92,0.88,25.72,1780560000.0,0.88,0.91,0.88,25.0,True
KXITFWMATCH-26JUN04DJAZOZ-DJA,1780559814,0.16,0.18,0.19,0.49,1780556400.0,0.16,0.19,,0.0,True
KXITFWMATCH-26JUN04ELJDIB-DIB,1780565776,0.18,0.21,0.18,600.0,1780560000.0,0.18,0.21,0.18,600.0,True
KXITFWMATCH-26JUN04GAIMAR-GAI,1780579874,0.88,0.91,,0.0,1780578000.0,0.88,0.92,,0.0,True
KXITFWMATCH-26JUN04HRAFAK-FAK,1780581052,0.38,0.42,0.33,289.45,1780578000.0,0.39,0.43,0.33,289.45,True
KXITFWMATCH-26JUN04JORJOH-JOH,1780573876,0.15,0.19,,0.0,1780570800.0,0.13,0.68,,0.0,True
KXITFWMATCH-26JUN04KOSCHA-CHA,1780581929,0.66,0.7,,0.0,1780581600.0,0.65,0.7,,0.0,True
KXITFWMATCH-26JUN04LIUANS-ANS,1780576282,0.24,0.27,0.36,58.66,1780574400.0,0.24,0.3,0.36,58.66,True
KXITFWMATCH-26JUN04LLIGON-GON,1780577191,0.82,0.85,,0.0,1780574400.0,0.82,0.85,,0.0,True
KXITFWMATCH-26JUN04OGEIAN-IAN,1780549718,0.11,0.15,0.15,161.67000000000002,1780549200.0,0.13,0.15,0.15,28.45,True
KXITFWMATCH-26JUN04OSUMAX-MAX,1780579525,0.33,0.38,,0.0,1780578000.0,0.35,0.39,,0.0,True
KXITFWMATCH-26JUN04PASCIR-CIR,1780554181,0.93,0.94,,0.0,1780552800.0,0.92,0.94,,0.0,True
KXITFWMATCH-26JUN04SCOBRA-BRA,1780585849,0.56,0.58,0.64,581.22,1780585200.0,0.55,0.59,0.59,23.95,True
KXITFWMATCH-26JUN04SMIKRY-KRY,1780576861,0.01,0.94,,0.0,1780574400.0,,,,0.0,True
KXITFWMATCH-26JUN04STAVAJ-STA,1780553878,0.92,0.96,0.94,559.0,1780552800.0,0.93,0.94,0.93,509.0,True
KXITFWMATCH-26JUN05ARGGAR-ARG,1780643762,0.17,0.19,0.2,14.67,1780642800.0,0.17,0.19,0.2,14.67,True
KXITFWMATCH-26JUN05CUCPOP-CUC,1780637185,0.11,0.12,0.12,3101.6000000000004,1780635600.0,0.04,0.11,0.11,1191.56,True
KXITFWMATCH-26JUN05GAIVIL-GAI,1780646153,,,,0.0,,,,,0.0,False
KXITFWMATCH-26JUN05KOVHAA-HAA,1780646750,0.88,0.9,,0.0,1780646400.0,0.87,0.89,,0.0,True
KXITFWMATCH-26JUN05KURDIL-DIL,1780643763,,,,0.0,,,,,0.0,False
KXITFWMATCH-26JUN05MAZSPI-MAZ,1780642567,0.6,0.62,0.62,27.85,1780639200.0,0.6,0.62,0.6,20.0,True
KXITFWMATCH-26JUN05RAPBRA-BRA,1780674372,0.64,0.65,0.65,649.7,1780671600.0,0.65,0.66,0.66,582.5600000000001,True
KXITFWMATCH-26JUN05RENSAI-REN,1780711860,0.63,0.66,0.66,675.75,1780711200.0,0.63,0.66,0.65,499.89,True
KXITFWMATCH-26JUN05SOUCAR-CAR,1780665019,0.31,0.39,,0.0,1780664400.0,0.31,0.39,,0.0,True
KXITFWMATCH-26JUN05SUBARY-ARY,1780641690,,,,0.0,,,,,0.0,False
KXITFWMATCH-26JUN05SUPDRU-DRU,1780647079,0.37,0.41,0.42,95.0,1780646400.0,0.37,0.41,0.42,95.0,True
KXITFWMATCH-26JUN05TODBAL-BAL,1780658599,,,,0.0,,,,,0.0,False
KXITFWMATCH-26JUN05TORFUL-FUL,1780659044,0.8,0.82,0.82,138.76,1780657200.0,0.79,0.82,0.79,117.75999999999999,True
KXITFWMATCH-26JUN06ARAMIY-ARA,1780816487,0.15,0.98,0.19,14.36,1780815600.0,0.21,0.94,0.92,10.2,True
KXITFWMATCH-26JUN06BRABRA2-BRA,1780769078,0.61,0.62,0.63,1170.19,1780768800.0,0.61,0.63,0.65,776.0799999999999,True
KXITFWMATCH-26JUN06DIBSOR-DIB,1780738821,0.19,0.21,0.21,159.17000000000002,1780736400.0,0.18,0.21,0.21,77.96000000000001,True
KXITFWMATCH-26JUN06KIMCHI-CHI,1780816218,0.2,0.37,0.44,1800.5000000000002,1780815600.0,0.21,0.27,0.29,1322.2800000000002,True
KXITFWMATCH-26JUN06LIXRAI-LIX,1780800079,0.75,0.77,0.77,142.0,1780797600.0,0.75,0.77,0.75,141.0,True
KXITFWMATCH-26JUN06MUSKOY-KOY,1780816483,0.01,0.8,,0.0,1780815600.0,0.02,0.8,,0.0,True
KXITFWMATCH-26JUN06SUNWAK-SUN,1780816218,0.06,0.98,0.98,10.0,1780815600.0,0.07,0.98,0.98,10.0,True
KXITFWMATCH-26JUN07CIMGAY-CIM,1780829875,0.15,0.87,,0.0,1780826400.0,0.01,0.98,,0.0,True
KXITFWMATCH-26JUN07DILCEU-CEU,1780807278,0.33,0.35,,0.0,1780804800.0,0.34,0.35,,0.0,True
KXITFWMATCH-26JUN07DJAPAN-DJA,1780840591,0.01,0.99,,0.0,1780837200.0,0.01,0.99,,0.0,True
KXITFWMATCH-26JUN07GIAMIL-GIA,1780829866,0.01,0.98,,0.0,1780826400.0,0.01,0.98,,0.0,True
KXITFWMATCH-26JUN07KORPET-KOR,1780812398,0.58,0.62,,0.0,1780812000.0,0.58,0.62,,0.0,True
KXITFWMATCH-26JUN07KROELM-ELM,1780833748,0.01,0.99,,0.0,1780833600.0,0.01,0.98,,0.0,True
KXITFWMATCH-26JUN07KULGIZ-GIZ,1780834012,0.01,0.99,,0.0,1780833600.0,0.01,0.98,,0.0,True
KXITFWMATCH-26JUN07LASSEM-LAS,1780804272,0.57,0.66,,0.0,1780772400.0,0.57,0.66,,0.0,True
KXITFWMATCH-26JUN07MILDZI-DZI,1780840586,0.01,0.98,,0.0,1780837200.0,0.01,0.98,,0.0,True
KXITFWMATCH-26JUN07NUUALB-ALB,1780832863,0.01,0.99,,0.0,1780826400.0,0.01,0.98,,0.0,True
KXITFWMATCH-26JUN07PATKOV-KOV,1780829883,0.0,0.99,,0.0,1780822800.0,0.01,0.99,,0.0,True
KXITFWMATCH-26JUN07PETDRU-DRU,1780816488,0.81,0.93,0.79,0.38,1780815600.0,0.79,0.95,,0.0,True
KXITFWMATCH-26JUN07PUIDAB-DAB,1780829882,0.01,0.99,,0.0,1780822800.0,0.01,0.99,,0.0,True
KXITFWMATCH-26JUN07SHIGOT-GOT,1780895143,0.37,0.49,0.49,1016.4499999999999,1780894800.0,0.47,0.48,0.48,465.42999999999995,True
KXITFWMATCH-26JUN07SILNAH-NAH,1780859953,0.01,0.99,,0.0,1780855200.0,0.01,0.99,,0.0,True
KXITFWMATCH-26JUN07SUNUEM-SUN,1780879194,0.57,0.99,,0.0,1780876800.0,0.41,0.99,,0.0,True
KXITFWMATCH-26JUN07SVAPOL-POL,1780823083,0.11,0.34,,0.0,1780822800.0,0.11,0.67,,0.0,True
KXITFWMATCH-26JUN07TSUKIM-KIM,1780873227,0.24,0.28,,0.0,1780873200.0,0.23,0.28,,0.0,True
KXITFWMATCH-26JUN07TSYRAS-RAS,1780834928,0.02,0.19,,0.0,1780833600.0,0.02,0.19,,0.0,True
KXITFWMATCH-26JUN07URGMAZ-MAZ,1780836392,0.41,0.44,0.47,205.65,1780833600.0,0.42,0.47,0.47,205.65,True
KXITFWMATCH-26JUN07WONYUA-WON,1780811449,0.57,0.8,0.57,6.5,1780808400.0,0.66,0.77,0.75,0.5,True
KXITFWMATCH-26JUN07ZOLCHY-CHY,1780828396,0.02,0.2,,0.0,1780826400.0,0.01,0.2,,0.0,True
KXITFWMATCH-26JUN07ZOLENC-ENC,1780810571,0.3,0.34,0.35,200.0,1780808400.0,0.31,0.35,0.35,200.0,True
KXITFWMATCH-26JUN08BEDJUK-BED,1780924586,0.77,0.96,,0.0,1780923600.0,0.78,0.96,,0.0,True
KXITFWMATCH-26JUN08BENFAV-BEN,1780921004,0.06,0.65,,0.0,1780920000.0,0.3,0.6,,0.0,True
KXITFWMATCH-26JUN08BROAXI-AXI,1780896911,0.02,0.99,,0.0,1780891200.0,0.02,0.99,,0.0,True
KXITFWMATCH-26JUN08BRUKAN-BRU,1780914148,0.64,0.93,,0.0,1780912800.0,0.64,0.92,,0.0,True
KXITFWMATCH-26JUN08DEGFER-DEG,1780913556,0.01,0.68,,0.0,1780905600.0,0.01,0.68,,0.0,True
KXITFWMATCH-26JUN08DVOKMI-DVO,1780906691,0.38,0.5,0.59,10.0,1780905600.0,0.41,0.49,0.59,10.0,True
KXITFWMATCH-26JUN08GHIPAN-GHI,1780892132,0.02,0.98,,0.0,1780891200.0,0.02,0.98,,0.0,True
KXITFWMATCH-26JUN08HADRON-HAD,1780927321,0.01,0.99,,0.0,1780927200.0,0.01,0.98,,0.0,True
KXITFWMATCH-26JUN08KONISY-ISY,1780953868,0.03,0.4,0.41,18.25,1780952400.0,0.03,0.95,0.03,1.2,True
KXITFWMATCH-26JUN08KUCDIS-DIS,1780910575,0.01,0.98,,0.0,1780909200.0,0.01,0.98,,0.0,True
KXITFWMATCH-26JUN08MARSFI-MAR,1780948730,0.02,0.96,,0.0,1780945200.0,0.01,0.98,,0.0,True
KXITFWMATCH-26JUN08MEDREN-MED,1780900174,0.21,0.26,0.28,1200.0,1780894800.0,0.22,0.26,0.28,1200.0,True
KXITFWMATCH-26JUN08MELMUZ-MEL,1780906119,0.02,0.99,,0.0,1780898400.0,0.02,0.99,,0.0,True
KXITFWMATCH-26JUN08MORHOX-HOX,1780961666,0.02,0.96,,0.0,1780959600.0,0.01,0.96,,0.0,True
KXITFWMATCH-26JUN08NAKNOG-NAK,1780959248,0.35,0.37,0.35,852.0,1780956000.0,0.39,0.41,0.41,2.0,True
KXITFWMATCH-26JUN08NARVIL-NAR,1780895401,0.02,0.98,,0.0,1780894800.0,0.02,0.98,,0.0,True
KXITFWMATCH-26JUN08POPPAW-PAW,1780908771,0.01,0.99,,0.0,1780905600.0,0.01,0.98,,0.0,True
KXITFWMATCH-26JUN08SAGCAB-CAB,1780907325,0.01,0.99,,0.0,1780905600.0,0.01,0.98,,0.0,True
KXITFWMATCH-26JUN08SARMAR-MAR,1780914145,0.01,0.99,,0.0,1780912800.0,0.01,0.98,,0.0,True
KXITFWMATCH-26JUN08SATHOS-HOS,1780964324,0.05,0.06,0.06,4560.959999999999,1780963200.0,0.07,0.09,0.06,3464.4399999999996,True
KXITFWMATCH-26JUN08STEDAR-DAR,1780920706,0.05,0.96,,0.0,1780920000.0,0.01,0.98,,0.0,True
KXITFWMATCH-26JUN08SVAMUN-MUN,1780912048,0.24,0.33,,0.0,1780902000.0,0.24,0.33,,0.0,True
KXITFWMATCH-26JUN08YOSHAY-HAY,1780961120,0.79,0.86,,0.0,1780959600.0,0.06,0.94,,0.0,True
KXITFWMATCH-26JUN08ZYTKAE-KAE,1780898376,0.01,0.98,,0.0,1780894800.0,0.01,0.98,,0.0,True
KXITFWMATCH-26JUN09ATTKOU-ATT,1780985031,0.11,0.96,,0.0,1780984800.0,0.02,0.96,,0.0,True
KXITFWMATCH-26JUN09BERHIE-BER,1781009513,0.07,0.11,0.24,329.66,1781006400.0,0.07,0.12,,0.0,True
KXITFWMATCH-26JUN09CAPNAH-CAP,1781021853,0.91,0.95,0.92,25.0,1781020800.0,0.92,0.96,0.92,25.0,True
KXITFWMATCH-26JUN09IVASAG-IVA,1781005579,0.16,0.2,,0.0,1781002800.0,0.15,0.21,,0.0,True
KXITFWMATCH-26JUN09KONGOM-GOM,1781021185,0.61,0.67,,0.0,1781020800.0,0.26,0.75,,0.0,True
KXITFWMATCH-26JUN09LEWBUR-BUR,1781012473,0.8,0.85,,0.0,1781010000.0,0.75,0.83,,0.0,True
KXITFWMATCH-26JUN09LOMLOP-LOM,1780982889,0.02,0.96,,0.0,1780981200.0,0.02,0.96,,0.0,True
KXITFWMATCH-26JUN09PRICAN-CAN,1781029403,0.49,0.54,,0.0,1781028000.0,0.49,0.55,,0.0,True
KXITFWMATCH-26JUN09RINFAL-FAL,1780984743,0.3,0.34,,0.0,1780981200.0,0.31,0.35,,0.0,True
KXITFWMATCH-26JUN09ROZYAR-ROZ,1780978430,0.58,0.65,0.67,33.0,1780977600.0,0.67,0.68,0.68,23.0,True
KXITFWMATCH-26JUN09SAMVAN-SAM,1780977226,0.69,0.73,0.73,2.3600000000000003,1780974000.0,0.69,0.73,0.95,1.02,True
KXITFWMATCH-26JUN09STRSED-SED,1780987376,0.17,0.2,,0.0,1780984800.0,0.17,0.19,,0.0,True
KXITFWMATCH-26JUN09ZURFER-FER,1780980239,0.02,0.96,,0.0,1780977600.0,0.02,0.96,,0.0,True
KXITFWMATCH-26JUN10AKSMEL-AKS,1781079182,0.45,0.48,,0.0,1781078400.0,0.41,0.46,,0.0,True
KXITFWMATCH-26JUN10ARSOLI-ARS,1781071458,0.6,0.65,,0.0,1781067600.0,0.6,0.65,,0.0,True
KXITFWMATCH-26JUN10BALLOM-BAL,1781089947,0.56,0.6,,0.0,1781089200.0,0.56,0.6,,0.0,True
KXITFWMATCH-26JUN10BISALH-ALH,1781067264,0.92,0.98,,0.0,1781064000.0,0.91,0.98,,0.0,True
KXITFWMATCH-26JUN10BREGLU-BRE,1781095016,0.72,0.76,,0.0,1781092800.0,0.72,0.77,,0.0,True
KXITFWMATCH-26JUN10DASAIK-AIK,1781132287,0.52,0.58,,0.0,1781128800.0,0.51,0.59,,0.0,True
KXITFWMATCH-26JUN10EWIFAI-EWI,1781118784,0.68,0.74,,0.0,1781118000.0,0.68,0.74,,0.0,True
KXITFWMATCH-26JUN10GJOKAZ-GJO,1781084263,0.73,0.76,,0.0,1781082000.0,0.69,0.75,,0.0,True
KXITFWMATCH-26JUN10HAXISM-HAX,1781086980,0.85,0.87,,0.0,1781085600.0,0.85,0.89,,0.0,True
KXITFWMATCH-26JUN10JANYOS-JAN,1781146700,0.2,0.23,0.22,15.98,1781143200.0,0.2,0.21,0.21,9.51,True
KXITFWMATCH-26JUN10JOHHRU-HRU,1781076808,0.86,0.89,,0.0,1781074800.0,0.86,0.9,,0.0,True
KXITFWMATCH-26JUN10JORBOL-BOL,1781089950,0.3,0.34,,0.0,1781089200.0,0.3,0.34,,0.0,True
KXITFWMATCH-26JUN10KONMAX-KON,1781110011,0.08,0.1,0.09,402.18,1781107200.0,0.08,0.1,0.09,402.18,True
KXITFWMATCH-26JUN10LANWEC-LAN,1781094715,0.2,0.28,,0.0,1781092800.0,0.21,0.25,,0.0,True
KXITFWMATCH-26JUN10LEKSHA-LEK,1781078587,0.94,0.98,0.93,37.2,1781074800.0,0.94,0.98,0.93,37.2,True
KXITFWMATCH-26JUN10LINWIL-LIN,1781104903,0.91,0.94,,0.0,1781103600.0,0.9,0.95,,0.0,True
KXITFWMATCH-26JUN10LOSFRA-FRA,1781092632,0.02,0.04,0.07,43.2,1781089200.0,0.02,0.04,0.07,43.2,True
KXITFWMATCH-26JUN10MAISOL-MAI,1781095929,0.52,0.57,,0.0,1781092800.0,0.52,0.57,,0.0,True
KXITFWMATCH-26JUN10OBRSTA-OBR,1781066691,0.39,0.44,,0.0,1781064000.0,0.39,0.44,,0.0,True
KXITFWMATCH-26JUN10PUSKAR-KAR,1781079519,0.48,0.52,,0.0,1781078400.0,0.48,0.52,,0.0,True
KXITFWMATCH-26JUN10RABELO-ELO,1781092013,0.1,0.14,0.15,40.2,1781089200.0,0.09,0.14,0.15,40.2,True
KXITFWMATCH-26JUN10RASZOL-RAS,1781069706,0.1,0.13,,0.0,1781067600.0,0.09,0.13,,0.0,True
KXITFWMATCH-26JUN10SIEVUJ-SIE,1781080398,0.42,0.47,,0.0,1781078400.0,0.42,0.47,,0.0,True
KXITFWMATCH-26JUN10THOVOL-THO,1781083064,0.12,0.15,,0.0,1781082000.0,0.11,0.15,,0.0,True
KXITFWMATCH-26JUN10TOTWER-TOT,1781073532,0.42,0.45,,0.0,1781071200.0,0.41,0.45,,0.0,True
KXITFWMATCH-26JUN11AITTEI-AIT,1781164338,0.06,0.1,,0.0,1781161200.0,0.06,0.1,,0.0,True
KXITFWMATCH-26JUN11BENFOR-BEN,1781169697,0.12,0.15,,0.0,1781164800.0,0.12,0.15,,0.0,True
KXITFWMATCH-26JUN11CHASHO-CHA,1781194548,,,,0.0,,,,,0.0,False
KXITFWMATCH-26JUN11FARSHU-FAR,1781152419,0.6,0.66,,0.0,1781150400.0,0.6,0.67,,0.0,True
KXITFWMATCH-26JUN11GRAVAR-GRA,1781164338,0.15,0.17,0.15,90.0,1781161200.0,0.15,0.17,0.15,90.0,True
KXITFWMATCH-26JUN11GRULIN-GRU,1781185533,0.19,0.22,,0.0,1781182800.0,0.2,0.24,,0.0,True
KXITFWMATCH-26JUN11IVACEM-CEM,1781170589,0.75,0.81,,0.0,1781164800.0,0.76,0.81,,0.0,True
KXITFWMATCH-26JUN11KONZEB-KON,1781195747,0.2,0.23,0.32,2.0,1781193600.0,0.2,0.23,0.32,2.0,True
KXITFWMATCH-26JUN11MILALH-ALH,1781160436,0.76,0.8,,0.0,1781154000.0,0.75,0.79,,0.0,True
KXITFWMATCH-26JUN11PODKOK-KOK,1781177148,0.14,0.18,,0.0,1781175600.0,0.12,0.2,,0.0,True
KXITFWMATCH-26JUN11RINMER-MER,1781176865,0.15,0.17,0.17,1155.29,1781175600.0,0.17,0.22,0.54,210.0,True
KXITFWMATCH-26JUN11SATKIT-KIT,1781219786,0.21,0.23,0.23,41.25,1781218800.0,0.21,0.24,,0.0,True
KXITFWMATCH-26JUN11STESTA-STA,1781155684,0.02,0.94,,0.0,1781154000.0,0.02,0.94,,0.0,True
KXITFWMATCH-26JUN11VERTOR-TOR,1781193937,0.07,0.12,,0.0,1781193600.0,0.08,0.11,,0.0,True
KXITFWMATCH-26JUN11VOLFAL-FAL,1781174171,0.76,0.8,,0.0,1781172000.0,0.74,0.81,,0.0,True
KXITFWMATCH-26JUN11YESSCH-SCH,1781163738,0.12,0.17,,0.0,1781157600.0,0.12,0.22,,0.0,True
KXITFWMATCH-26JUN11ZANROC-ROC,1781158071,0.14,0.16,0.18,308.25,1781157600.0,0.14,0.18,0.18,308.25,True
KXITFWMATCH-26JUN12HORGHI-GHI,1781242580,0.33,0.34,0.34,146.76,1781240400.0,0.34,0.36,0.36,29.88,True
KXITFWMATCH-26JUN12LIXHON-HON,1781316053,0.6,0.61,0.61,376.05,1781316000.0,0.6,0.63,0.62,141.03,True
KXITFWMATCH-26JUN12METSTA-MET,1781242580,0.45,0.46,0.46,340.64000000000004,1781240400.0,0.45,0.46,0.46,326.08000000000004,True
KXITFWMATCH-26JUN12RISAVA-AVA,1781248553,0.62,0.65,,0.0,1781247600.0,0.62,0.65,,0.0,True
KXITFWMATCH-26JUN12SCHWEC-SCH,1781251259,0.16,0.19,0.2,264.76,1781251200.0,0.17,0.2,0.21,4.51,True
KXITFWMATCH-26JUN12ZEBREA-REA,1781288455,0.71,0.75,0.75,1.29,1781287200.0,0.72,0.75,0.76,1.28,True
KXITFWMATCH-26JUN13BENGAD-BEN,1781342695,0.79,0.81,0.82,1.0,1781341200.0,0.78,0.82,0.82,1.0,True
KXITFWMATCH-26JUN13HOXHUX-HOX,1781488508,0.04,0.96,,0.0,1781449200.0,0.04,0.96,,0.0,True
KXITFWMATCH-26JUN13KUBKNU-KNU,1781323534,0.51,0.52,0.52,769.8399999999999,1781323200.0,0.51,0.52,0.52,769.8399999999999,True
KXITFWMATCH-26JUN13LIUCHE-CHE,1781409411,0.04,0.96,,0.0,1781406000.0,0.05,0.94,,0.0,True
KXITFWMATCH-26JUN13MILAYA-AYA,1781331021,0.06,0.08,0.07,3942.99,1781330400.0,0.06,0.08,0.08,1865.59,True
KXITFWMATCH-26JUN13PODZAN-POD,1781347507,0.51,0.55,,0.0,1781344800.0,0.51,0.55,,0.0,True
KXITFWMATCH-26JUN13SHCVAG-SHC,1781373897,0.54,0.55,0.55,265.49,1781373600.0,0.54,0.55,0.55,3.49,True
KXITFWMATCH-26JUN13TZEXUX-TZE,1781488506,0.05,0.88,0.89,56.96,1781485200.0,0.04,0.88,,0.0,True
KXITFWMATCH-26JUN14AREPET-ARE,1781423149,0.06,0.94,,0.0,1781420400.0,0.02,0.94,,0.0,True
KXITFWMATCH-26JUN14AVARIN-AVA,1781429029,0.62,0.65,0.62,77.08,1781427600.0,0.61,0.65,0.57,2.0,True
KXITFWMATCH-26JUN14CHEHUB-CHE,1781441532,0.05,0.94,,0.0,1781438400.0,0.06,0.94,,0.0,True
KXITFWMATCH-26JUN14CIRHAM-CIR,1781436778,0.57,0.81,,0.0,1781434800.0,0.57,0.79,,0.0,True
KXITFWMATCH-26JUN14DABSOA-DAB,1781437633,0.04,0.95,0.06,10.0,1781434800.0,0.04,0.95,0.06,10.0,True
KXITFWMATCH-26JUN14DUASAN-DUA,1781444754,0.04,0.96,,0.0,1781442000.0,0.06,0.94,,0.0,True
KXITFWMATCH-26JUN14FERPAR-FER,1781422588,0.2,0.94,,0.0,1781413200.0,0.2,0.94,,0.0,True
KXITFWMATCH-26JUN14FRICHA-CHA,1781417168,0.11,0.33,,0.0,1781416800.0,0.02,0.94,,0.0,True
KXITFWMATCH-26JUN14GOSMOC-GOS,1781440349,0.07,0.93,,0.0,1781438400.0,0.07,0.93,,0.0,True
KXITFWMATCH-26JUN14HAGCHE-CHE,1781495138,0.02,0.96,,0.0,1781492400.0,0.01,0.96,,0.0,True
KXITFWMATCH-26JUN14IATKUB-IAT,1781432661,0.33,0.35,0.38,2.0,1781431200.0,0.31,0.34,0.38,2.0,True
KXITFWMATCH-26JUN14LOPMOR-LOP,1781444754,0.04,0.96,,0.0,1781442000.0,0.06,0.94,,0.0,True
KXITFWMATCH-26JUN14LUOZHO-LUO,1781490891,0.02,0.99,,0.0,1781488800.0,0.01,0.99,,0.0,True
KXITFWMATCH-26JUN14MANMOL-MAN,1781421377,0.05,0.94,,0.0,1781416800.0,0.02,0.94,,0.0,True
KXITFWMATCH-26JUN14MARMES-MAR,1781442391,0.04,0.96,,0.0,1781442000.0,0.06,0.94,,0.0,True
KXITFWMATCH-26JUN14MUEVAR-MUE,1781425460,0.05,0.94,,0.0,1781424000.0,0.05,0.94,,0.0,True
KXITFWMATCH-26JUN14MUSMAR-MAR,1781442393,0.04,0.96,,0.0,1781442000.0,0.05,0.94,,0.0,True
KXITFWMATCH-26JUN14PANSHA-PAN,1781444207,0.04,0.96,,0.0,1781442000.0,0.05,0.94,,0.0,True
KXITFWMATCH-26JUN14PIRTAM-PIR,1781437352,0.05,0.94,,0.0,1781431200.0,0.06,0.94,,0.0,True
KXITFWMATCH-26JUN14PODPER-PER,1781447741,0.46,0.47,0.47,8.0,1781445600.0,0.46,0.47,0.47,8.0,True
KXITFWMATCH-26JUN14QUAMIK-MIK,1781457174,0.04,0.96,,0.0,1781449200.0,0.04,0.96,,0.0,True
KXITFWMATCH-26JUN14SHCCAR-CAR,1781456226,0.24,0.26,0.25,2.0,1781452800.0,0.25,0.26,0.25,2.0,True
KXITFWMATCH-26JUN14TAHAHA-AHA,1781437351,0.05,0.94,,0.0,1781431200.0,0.06,0.94,,0.0,True
KXITFWMATCH-26JUN14TRAYAK-TRA,1781437630,0.06,0.94,,0.0,1781434800.0,0.06,0.94,,0.0,True
KXITFWMATCH-26JUN14WANTAM-TAM,1781488502,0.63,0.99,0.63,1030.0,1781485200.0,0.63,0.99,0.63,1030.0,True
KXITFWMATCH-26JUN14YOSJEN-JEN,1781488505,0.1,0.39,0.3,701.9499999999999,1781485200.0,0.1,0.23,0.24,146.0,True
KXITFWMATCH-26JUN14ZAYMET-MET,1781414865,0.26,0.28,,0.0,1781413200.0,0.26,0.29,,0.0,True
KXITFWMATCH-26JUN14ZHEREN-REN,1781409405,0.06,0.94,,0.0,1781406000.0,0.06,0.94,,0.0,True
KXITFWMATCH-26JUN15AHAALE-AHA,1781508512,0.11,0.89,,0.0,1781506800.0,0.07,0.93,,0.0,True
KXITFWMATCH-26JUN15CHOOHW-CHO,1781565874,0.72,0.77,,0.0,1781564400.0,0.73,0.76,,0.0,True
KXITFWMATCH-26JUN15CIMCAS-CAS,1781525512,0.05,0.94,,0.0,1781524800.0,0.05,0.94,,0.0,True
KXITFWMATCH-26JUN15EBSPET-EBS,1781520741,0.05,0.94,,0.0,1781514000.0,0.05,0.94,,0.0,True
KXITFWMATCH-26JUN15ESTMAS-EST,1781520991,0.05,0.94,,0.0,1781517600.0,0.06,0.94,,0.0,True
KXITFWMATCH-26JUN15FIAVAV-FIA,1781509990,0.06,0.94,,0.0,1781506800.0,0.02,0.94,,0.0,True
KXITFWMATCH-26JUN15HANREN-HAN,1781565870,0.77,0.84,,0.0,1781557200.0,0.77,0.84,,0.0,True
KXITFWMATCH-26JUN15HAVLUE-HAV,1781501691,0.45,0.73,,0.0,1781499600.0,0.49,0.72,,0.0,True
KXITFWMATCH-26JUN15JELWEI-JEL,1781508237,0.06,0.94,,0.0,1781506800.0,0.01,0.94,,0.0,True
KXITFWMATCH-26JUN15LINMUS-LIN,1781577308,0.23,0.24,0.24,18.17,1781575200.0,0.23,0.24,0.24,8.0,True
KXITFWMATCH-26JUN15MOLCLE-CLE,1781556302,0.02,0.96,,0.0,1781550000.0,0.02,0.94,,0.0,True
KXITFWMATCH-26JUN15NARARA-ARA,1781556300,0.04,0.94,,0.0,1781553600.0,0.05,0.94,,0.0,True
KXITFWMATCH-26JUN15NISCHE-CHE,1781508516,,,,0.0,,,,,0.0,False
KXITFWMATCH-26JUN15PANDJU-DJU,1781500493,0.07,0.93,,0.0,1781499600.0,0.01,0.99,,0.0,True
KXITFWMATCH-26JUN15PICPET-PET,1781508829,0.06,0.94,,0.0,1781506800.0,0.07,0.93,,0.0,True
KXITFWMATCH-26JUN15SAVTAT-SAV,1781508240,0.05,0.8,,0.0,1781506800.0,0.01,0.93,,0.0,True
KXITFWMATCH-26JUN15SHKKYS-KYS,1781508519,0.1,0.89,,0.0,1781506800.0,0.06,0.93,,0.0,True
KXITFWMATCH-26JUN15UEMSHI-SHI,1781562262,0.15,0.25,,0.0,1781560800.0,0.11,0.26,,0.0,True
KXITFWMATCH-26JUN15VALBAS-BAS,1781515047,0.02,0.94,,0.0,1781506800.0,0.02,0.94,,0.0,True
KXITFWMATCH-26JUN15VANGOS-GOS,1781518642,0.22,0.56,,0.0,1781517600.0,0.28,0.46,,0.0,True
KXITFWMATCH-26JUN15ZAMLOP-LOP,1781515045,0.05,0.94,,0.0,1781514000.0,0.06,0.94,,0.0,True
KXITFWMATCH-26JUN15ZURKAE-KAE,1781502272,0.06,0.93,,0.0,1781499600.0,0.01,0.99,,0.0,True
KXITFWMATCH-26JUN16AKSPRO-AKS,1781590111,0.71,0.93,0.99,201.96,1781589600.0,0.63,0.99,0.99,201.96,True
KXITFWMATCH-26JUN16ALEENN-ALE,1781595458,0.05,0.96,,0.0,1781593200.0,0.01,0.96,,0.0,True
KXITFWMATCH-26JUN16BURHER-BUR,1781595185,0.02,0.99,,0.0,1781593200.0,0.01,0.99,,0.0,True
KXITFWMATCH-26JUN16CANSOU-CAN,1781607706,0.45,0.5,0.02,0.08,1781607600.0,0.43,0.48,0.02,0.08,True
KXITFWMATCH-26JUN16CHAYAN-CHA,1781651708,0.72,0.76,0.74,106.0,1781650800.0,0.72,0.76,0.74,106.0,True
KXITFWMATCH-26JUN16CIRZOZ-CIR,1781585933,0.12,0.34,,0.0,1781582400.0,0.12,0.87,,0.0,True
KXITFWMATCH-26JUN16CORHEJ-COR,1781588068,0.31,0.38,0.38,70.0,1781586000.0,0.29,0.48,0.21,68.0,True
KXITFWMATCH-26JUN16COUKIM-COU,1781598991,0.2,0.8,,0.0,1781596800.0,0.2,0.8,,0.0,True
KXITFWMATCH-26JUN16ESTMEA-EST,1781627841,0.32,0.38,,0.0,1781625600.0,0.33,0.39,,0.0,True
KXITFWMATCH-26JUN16HEIOZE-HEI,1781611317,,,,0.0,,,,,0.0,False
KXITFWMATCH-26JUN16HERSOT-HER,1781624497,0.9,0.93,,0.0,1781622000.0,0.9,0.93,,0.0,True
KXITFWMATCH-26JUN16HOSYIL-HOS,1781593689,0.14,0.96,,0.0,1781593200.0,0.03,0.96,,0.0,True
KXITFWMATCH-26JUN16LUELAH-LAH,1781585638,0.86,0.9,,0.0,1781582400.0,0.24,0.9,,0.0,True
KXITFWMATCH-26JUN16MARCHI-CHI,1781600813,0.14,0.19,,0.0,1781600400.0,0.13,0.2,,0.0,True
KXITFWMATCH-26JUN16MARTAT-MAR,1781591613,0.02,0.96,,0.0,1781589600.0,0.01,0.96,,0.0,True
KXITFWMATCH-26JUN16MILFER-FER,1781588066,0.11,0.12,,0.0,1781586000.0,0.11,0.12,,0.0,True
KXITFWMATCH-26JUN16OPRIAN-IAN,1781592452,0.03,0.96,,0.0,1781589600.0,0.01,0.96,,0.0,True
KXITFWMATCH-26JUN16ORMLOP-LOP,1781589475,0.01,0.97,,0.0,1781586000.0,0.01,0.99,,0.0,True
KXITFWMATCH-26JUN16ROONIL-NIL,1781601408,0.08,0.92,,0.0,1781600400.0,0.05,0.96,,0.0,True
KXITFWMATCH-26JUN16SATSHI-SAT,1781650455,0.61,0.64,,0.0,1781647200.0,0.61,0.64,,0.0,True
KXITFWMATCH-26JUN16SKOSAR-SAR,1781584516,0.01,0.96,,0.0,1781582400.0,0.01,0.96,,0.0,True
KXITFWMATCH-26JUN16SUNZHO-SUN,1781585075,0.8,0.91,,0.0,1781582400.0,0.8,0.92,,0.0,True
KXITFWMATCH-26JUN16URBSAF-SAF,1781601410,0.34,0.4,,0.0,1781600400.0,0.34,0.4,,0.0,True
KXITFWMATCH-26JUN16WYSGLO-GLO,1781599313,,,,0.0,,,,,0.0,False
KXITFWMATCH-26JUN17AVABAR-AVA,1781676827,0.13,0.17,,0.0,1781676000.0,0.13,0.17,,0.0,True
KXITFWMATCH-26JUN17BJOSKO-BJO,1781678619,0.18,0.22,0.2,394.98,1781676000.0,0.18,0.21,,0.0,True
KXITFWMATCH-26JUN17CORIVA-COR,1781681247,0.48,0.52,,0.0,1781679600.0,0.48,0.52,,0.0,True
KXITFWMATCH-26JUN17COUMAR-COU,1781685419,0.02,0.98,,0.0,1781683200.0,0.01,0.98,,0.0,True
KXITFWMATCH-26JUN17ELAPER-ELA,1781691697,0.32,0.35,,0.0,1781690400.0,0.31,0.35,,0.0,True
KXITFWMATCH-26JUN17JANKON-JAN,1781672059,0.92,0.94,0.91,9.0,1781668800.0,0.91,0.95,0.91,9.0,True
KXITFWMATCH-26JUN17KHOHAN-HAN,1781669718,0.18,0.22,0.22,20.639999999999997,1781668800.0,0.18,0.22,0.28,3.4,True
KXITFWMATCH-26JUN17KRSPAR-KRS,1781675114,0.03,0.11,,0.0,1781672400.0,0.04,0.12,,0.0,True
KXITFWMATCH-26JUN17LEEKAJ-KAJ,1781743674,0.6,0.64,,0.0,1781740800.0,0.6,0.65,,0.0,True
KXITFWMATCH-26JUN17LOPSCH-LOP,1781695566,0.05,0.07,0.08,3.0,1781694000.0,0.05,0.08,0.08,3.0,True
KXITFWMATCH-26JUN17NGUOST-NGU,1781710877,,,,0.0,,,,,0.0,False
KXITFWMATCH-26JUN17PIRROU-PIR,1781680991,0.01,0.03,0.03,145.60999999999999,1781679600.0,0.01,0.04,0.04,130.01,True
KXITFWMATCH-26JUN17PLAARI-ARI,1781692294,0.77,0.83,,0.0,1781690400.0,0.76,0.83,,0.0,True
KXITFWMATCH-26JUN17PODTRO-POD,1781680996,0.96,0.98,,0.0,1781679600.0,0.95,0.98,,0.0,True
KXITFWMATCH-26JUN17ROMMOY-MOY,1781713940,0.74,0.78,,0.0,1781712000.0,0.74,0.78,,0.0,True
KXITFWMATCH-26JUN17SHAQUX-QUX,1781708460,0.31,0.36,0.37,740.0,1781708400.0,0.32,0.36,0.37,740.0,True
KXITFWMATCH-26JUN17SLATRU-SLA,1781686359,0.86,0.9,,0.0,1781672400.0,0.86,0.9,,0.0,True
KXITFWMATCH-26JUN17STEBEN-BEN,1781683374,0.51,0.53,0.56,703.7,1781683200.0,0.55,0.56,0.56,703.7,True
KXITFWMATCH-26JUN17THOKUB-KUB,1781702463,0.81,0.84,,0.0,1781701200.0,0.8,0.84,,0.0,True
KXITFWMATCH-26JUN17TORZEB-TOR,1781688990,0.22,0.27,,0.0,1781686800.0,0.22,0.27,,0.0,True
KXITFWMATCH-26JUN17ZAYRAD-RAD,1781692297,0.23,0.27,0.26,7.08,1781690400.0,0.23,0.26,0.26,0.91,True
KXITFWMATCH-26JUN17ZORDIG-DIG,1781706933,0.55,0.59,,0.0,1781704800.0,0.55,0.59,,0.0,True
KXITFWMATCH-26JUN18BONLEY-BON,1781774158,0.59,0.63,,0.0,1781769600.0,0.59,0.62,,0.0,True
KXITFWMATCH-26JUN18CAPSTR-CAP,1781773888,0.93,0.95,,0.0,1781769600.0,0.93,0.95,,0.0,True
KXITFWMATCH-26JUN18KITNAK-KIT,1781834187,0.33,0.36,0.36,1296.31,1781830800.0,0.32,0.36,0.36,388.05,True
KXITFWMATCH-26JUN18LOPGON-GON,1781781118,0.94,0.97,,0.0,1781780400.0,0.9,0.97,,0.0,True
KXITFWMATCH-26JUN18MARROG-MAR,1781803278,0.27,0.28,0.28,13.0,1781802000.0,0.27,0.29,0.28,13.0,True
KXITFWMATCH-26JUN18ORMPAG-ORM,1781770315,0.18,0.21,,0.0,1781769600.0,0.18,0.21,,0.0,True
KXITFWMATCH-26JUN18PASFAL-FAL,1781795725,0.8,0.84,0.83,652.54,1781794800.0,0.8,0.83,,0.0,True
KXITFWMATCH-26JUN18PAWARI-ARI,1781767612,0.27,0.32,,0.0,1781766000.0,0.27,0.33,,0.0,True
KXITFWMATCH-26JUN18PAWEWA-EWA,1781781942,0.88,0.91,,0.0,1781780400.0,0.88,0.92,,0.0,True
KXITFWMATCH-26JUN18PETARG-ARG,1781775940,0.94,0.98,,0.0,1781769600.0,0.94,0.98,,0.0,True
KXITFWMATCH-26JUN18RACMIX-MIX,1781763158,0.94,0.96,,0.0,1781762400.0,0.92,0.96,,0.0,True
KXITFWMATCH-26JUN18SLANOE-NOE,1781778937,0.4,0.45,,0.0,1781776800.0,0.4,0.46,,0.0,True
KXITFWMATCH-26JUN18STESEB-SEB,1781760212,0.11,0.13,,0.0,1781758800.0,0.06,0.13,,0.0,True
KXITFWMATCH-26JUN18TEIEGO-EGO,1781775353,0.54,0.62,0.53,54.82,1781769600.0,0.54,0.58,0.53,54.82,True
KXITFWMATCH-26JUN18TEIWUX-TEI,1781806282,0.32,0.36,0.34,152.97,1781805600.0,0.32,0.36,,0.0,True
KXITFWMATCH-26JUN18VORSED-SED,1781757249,0.33,0.37,,0.0,1781755200.0,0.32,0.37,,0.0,True
KXITFWMATCH-26JUN18ZHAZHU-ZHA,1781843189,0.44,0.45,0.45,4833.4400000000005,1781841600.0,0.41,0.42,0.44,2607.46,True
KXITFWMATCH-26JUN19STOSZI-STO,1781860253,0.63,0.65,,0.0,1781859600.0,0.62,0.66,,0.0,True
KXITFWMATCH-26JUN19VOGSLA-SLA,1781871035,0.35,0.38,,0.0,1781870400.0,0.35,0.38,,0.0,True
KXITFWMATCH-26JUN20AROWAN-ARO,1782021334,0.02,0.93,,0.0,1782018000.0,0.02,0.93,,0.0,True
KXITFWMATCH-26JUN20VUJEGO-EGO,1781944231,0.33,0.34,0.36,13.29,1781942400.0,0.33,0.36,,0.0,True
KXITFWMATCH-26JUN21CERVAR-CER,1782056856,0.7,0.91,,0.0,1782054000.0,0.69,0.93,,0.0,True
KXITFWMATCH-26JUN21CHIISH-CHI,1782092728,0.06,0.96,0.96,19.69,1782090000.0,0.06,0.97,,0.0,True
KXITFWMATCH-26JUN21EGOVAR-EGO,1782033504,0.3,0.32,0.31,34.18,1782032400.0,0.3,0.32,0.31,34.18,True
KXITFWMATCH-26JUN21JAETHE-JAE,1782048159,0.07,0.97,,0.0,1782046800.0,0.06,0.97,,0.0,True
KXITFWMATCH-26JUN21JENKIM-JEN,1782021329,0.02,0.93,,0.0,1782014400.0,0.02,0.97,,0.0,True
KXITFWMATCH-26JUN21KANMIY-KAN,1782092726,0.02,0.93,,0.0,1782090000.0,0.02,0.93,,0.0,True
KXITFWMATCH-26JUN21LEETIA-LEE,1782092719,0.01,0.93,,0.0,1782086400.0,0.01,0.93,,0.0,True
KXITFWMATCH-26JUN21MANRIV-MAN,1782066932,0.02,0.83,,0.0,1782054000.0,0.02,0.83,,0.0,True
KXITFWMATCH-26JUN21MIKBAR-BAR,1782045187,0.26,0.77,0.16,3797.46,1782043200.0,0.25,0.77,0.16,3797.46,True
KXITFWMATCH-26JUN21MUSCHI-CHI,1782021330,0.33,0.56,0.33,663.9499999999999,1782018000.0,0.02,0.29,0.29,3.28,True
KXITFWMATCH-26JUN21NAGPAR-NAG,1782092112,0.01,0.93,,0.0,1782090000.0,0.01,0.93,,0.0,True
KXITFWMATCH-26JUN21ONODIT-DIT,1782092723,0.02,0.93,,0.0,1782090000.0,0.02,0.93,,0.0,True
KXITFWMATCH-26JUN21PASGAY-GAY,1782026094,0.06,0.97,,0.0,1782025200.0,0.01,0.97,,0.0,True
KXITFWMATCH-26JUN21PASKOS-KOS,1782055946,0.06,0.97,,0.0,1782054000.0,0.07,0.97,,0.0,True
KXITFWMATCH-26JUN21PAVMIR-MIR,1782049335,0.25,0.76,,0.0,1782046800.0,0.25,0.76,,0.0,True
KXITFWMATCH-26JUN21PREVAN-PRE,1782041895,0.06,0.97,,0.0,1782039600.0,0.06,0.97,,0.0,True
KXITFWMATCH-26JUN21RUTPUV-PUV,1782058968,0.11,0.14,0.16,3.02,1782057600.0,0.11,0.12,0.16,3.02,True
KXITFWMATCH-26JUN21SOTBAR-BAR,1782066931,0.02,0.83,,0.0,1782054000.0,0.02,0.83,,0.0,True
KXITFWMATCH-26JUN21THOABR-ABR,1782062596,0.25,0.26,,0.0,1782061200.0,0.25,0.26,,0.0,True
KXITFWMATCH-26JUN21VORSAL-SAL,1782053791,0.25,0.97,,0.0,1782050400.0,0.25,0.97,,0.0,True
KXITFWMATCH-26JUN22BEDZAM-BED,1782140524,0.02,0.93,,0.0,1782136800.0,0.02,0.93,,0.0,True
KXITFWMATCH-26JUN22BURBAR-BAR,1782116606,0.12,0.24,,0.0,1782115200.0,0.13,0.23,,0.0,True
KXITFWMATCH-26JUN22CHEXUX-CHE,1782114841,0.02,0.93,,0.0,1782108000.0,0.01,0.93,,0.0,True
KXITFWMATCH-26JUN22CORZAP-COR,1782122279,0.06,0.76,,0.0,1782118800.0,0.06,0.75,,0.0,True
KXITFWMATCH-26JUN22DJUMIL-DJU,1782099911,0.06,0.97,,0.0,1782097200.0,0.06,0.97,,0.0,True
KXITFWMATCH-26JUN22FIAPEH-FIA,1782114251,0.02,0.93,,0.0,1782111600.0,0.01,0.93,,0.0,True
KXITFWMATCH-26JUN22GILDEA-DEA,1782155637,0.06,0.97,,0.0,1782140400.0,0.06,0.97,,0.0,True
KXITFWMATCH-26JUN22HANYAN-HAN,1782177502,0.06,0.97,,0.0,1782176400.0,0.04,0.97,,0.0,True
KXITFWMATCH-26JUN22IANMIR-IAN,1782102325,0.06,0.97,,0.0,1782100800.0,0.06,0.97,,0.0,True
KXITFWMATCH-26JUN22KATFAI-FAI,1782133933,0.02,0.93,,0.0,1782129600.0,0.02,0.93,,0.0,True
KXITFWMATCH-26JUN22KOUSEY-KOU,1782114837,0.02,0.93,,0.0,1782111600.0,0.01,0.93,,0.0,True
KXITFWMATCH-26JUN22KOZLEE-KOZ,1782172693,0.18,0.21,0.22,4.31,1782169200.0,0.16,0.22,,0.0,True
KXITFWMATCH-26JUN22LACCON-CON,1782104764,0.01,0.93,,0.0,1782104400.0,0.01,0.93,,0.0,True
KXITFWMATCH-26JUN22MAIPUL-MAI,1782107699,0.65,0.94,,0.0,1782104400.0,0.01,0.97,,0.0,True
KXITFWMATCH-26JUN22OHWOHA-OHA,1782256486,0.28,0.33,0.26,273.62,1782255600.0,0.32,0.33,0.33,271.85,True
KXITFWMATCH-26JUN22PANYAN-PAN,1782114843,0.02,0.93,,0.0,1782108000.0,0.01,0.93,,0.0,True
KXITFWMATCH-26JUN22PISALH-ALH,1782114247,0.02,0.93,,0.0,1782108000.0,0.01,0.93,,0.0,True
KXITFWMATCH-26JUN22POPILI-ILI,1782104763,0.01,0.93,,0.0,1782104400.0,0.01,0.93,,0.0,True
KXITFWMATCH-26JUN22SENDRO-DRO,1782115459,0.02,0.93,,0.0,1782115200.0,0.02,0.93,,0.0,True
KXITFWMATCH-26JUN22SHIOHX-OHX,1782114842,0.06,0.97,,0.0,1782108000.0,0.05,0.97,,0.0,True
KXITFWMATCH-26JUN22SINSHU-SHU,1782133931,0.07,0.97,,0.0,1782133200.0,0.06,0.97,,0.0,True
KXITFWMATCH-26JUN22SKAURB-SKA,1782110710,0.14,0.25,,0.0,1782108000.0,0.01,0.92,,0.0,True
KXITFWMATCH-26JUN22SOLFON-FON,1782152595,0.5,0.52,,0.0,1782151200.0,0.49,0.53,,0.0,True
KXITFWMATCH-26JUN22STOKOS-KOS,1782117519,0.32,0.5,,0.0,1782115200.0,0.02,0.93,,0.0,True
KXITFWMATCH-26JUN22THOVAN-THO,1782146522,0.83,0.91,0.85,17.45,1782144000.0,0.83,0.87,0.85,17.45,True
KXITFWMATCH-26JUN22TRIDIG-DIG,1782149598,0.12,0.93,,0.0,1782147600.0,0.08,0.96,,0.0,True
KXITFWMATCH-26JUN22VAVWIE-VAV,1782114250,0.02,0.93,,0.0,1782111600.0,0.01,0.93,,0.0,True
KXITFWMATCH-26JUN22VERCOM-COM,1782164624,0.06,0.97,,0.0,1782154800.0,0.06,0.97,,0.0,True
KXITFWMATCH-26JUN22ZHESUN-SUN,1782177237,0.03,0.32,0.31,3.07,1782176400.0,0.03,0.31,0.31,3.07,True
KXITFWMATCH-26JUN23ADKSHI-ADK,1782247447,0.27,0.29,0.28,33.0,1782244800.0,0.27,0.28,,0.0,True
KXITFWMATCH-26JUN23BRUCUC-BRU,1782196076,0.78,0.83,,0.0,1782194400.0,0.74,0.8,,0.0,True
KXITFWMATCH-26JUN23CCULOP-CCU,1782227163,0.11,0.88,,0.0,1782226800.0,0.12,0.88,,0.0,True
KXITFWMATCH-26JUN23CEXLOV-CEX,1782287880,0.83,0.87,0.87,110977.05000000002,1782284400.0,0.59,0.75,0.22,110769.82000000002,True
KXITFWMATCH-26JUN23DRILEE-DRI,1782231418,0.02,0.93,,0.0,1782230400.0,0.02,0.97,,0.0,True
KXITFWMATCH-26JUN23FIAKAL-FIA,1782190417,0.05,0.97,,0.0,1782187200.0,0.05,0.97,,0.0,True
KXITFWMATCH-26JUN23GAYANS-ANS,1782239270,0.88,0.91,0.91,11.0,1782237600.0,0.85,0.88,0.87,10.0,True
KXITFWMATCH-26JUN23HANYAN-HAN,1782266700,0.2,0.24,0.25,10.780000000000001,1782266400.0,0.21,0.25,0.25,10.780000000000001,True
KXITFWMATCH-26JUN23LUTWEN-LUT,1782245060,0.82,0.89,,0.0,1782244800.0,0.82,0.89,,0.0,True
KXITFWMATCH-26JUN23MALZAM-MAL,1782216983,0.04,0.97,,0.0,1782216000.0,0.06,0.97,,0.0,True
KXITFWMATCH-26JUN23NAVBRI-BRI,1782240494,0.88,0.94,0.92,39.26,1782237600.0,0.14,0.92,0.89,38.26,True
KXITFWMATCH-26JUN23SANZOR-SAN,1782229313,0.22,0.28,,0.0,1782226800.0,0.19,0.33,,0.0,True
KXITFWMATCH-26JUN23TOMHOD-HOD,1782207405,0.87,0.88,0.82,77.0,1782205200.0,0.87,0.88,0.82,77.0,True
KXITFWMATCH-26JUN23VANKUP-KUP,1782215492,0.11,0.12,0.12,2.02,1782212400.0,0.34,0.35,,0.0,True
KXITFWMATCH-26JUN23VASTRI-TRI,1782208599,0.12,0.88,,0.0,1782201600.0,0.12,0.88,,0.0,True
KXITFWMATCH-26JUN23VISMIC-MIC,1782238396,0.44,0.49,0.49,29.0,1782237600.0,0.44,0.49,0.49,29.0,True
KXITFWMATCH-26JUN23YAMRAP-RAP,1782236560,0.54,0.63,,0.0,1782234000.0,0.58,0.61,,0.0,True
KXITFWMATCH-26JUN23ZANBAR-BAR,1782213406,0.16,0.17,0.17,1.05,1782212400.0,0.19,0.26,,0.0,True
KXITFWMATCH-26JUN24AKSLOP-AKS,1782322071,0.94,0.96,,0.0,1782320400.0,0.93,0.96,,0.0,True
KXITFWMATCH-26JUN24ALVCAP-ALV,1782281648,0.41,0.44,,0.0,1782280800.0,0.4,0.45,,0.0,True
KXITFWMATCH-26JUN24BALVAN-BAL,1782297104,0.9,0.93,,0.0,1782291600.0,0.89,0.93,,0.0,True
KXITFWMATCH-26JUN24BARPOP-BAR,1782289105,0.11,0.14,0.13,355.0,1782288000.0,0.12,0.14,0.13,355.0,True
KXITFWMATCH-26JUN24CATKHA-CAT,1782300408,0.12,0.16,,0.0,1782298800.0,0.1,0.15,,0.0,True
KXITFWMATCH-26JUN24DELATT-ATT,1782293812,0.3,0.31,0.31,3.0,1782288000.0,0.3,0.31,0.31,3.0,True
KXITFWMATCH-26JUN24DENLUX-DEN,1782349984,0.8,0.83,,0.0,1782349200.0,0.78,0.81,,0.0,True
KXITFWMATCH-26JUN24DESMOO-DES,1782278671,0.61,0.63,0.64,18.62,1782277200.0,0.61,0.64,0.63,7.73,True
KXITFWMATCH-26JUN24FEIPAR-FEI,1782279268,0.63,0.67,,0.0,1782277200.0,0.62,0.67,,0.0,True
KXITFWMATCH-26JUN24FORBRU-BRU,1782275694,0.45,0.46,0.45,156.0,1782273600.0,0.44,0.45,0.45,21.39,True
KXITFWMATCH-26JUN24JIACHO-CHO,1782278046,0.7,0.74,0.74,126.97,1782277200.0,0.71,0.76,0.79,125.0,True
KXITFWMATCH-26JUN24KIKHOS-HOS,1782280451,0.6,0.61,0.61,1.59,1782277200.0,,,,0.0,True
KXITFWMATCH-26JUN24KONMEA-KON,1782305480,0.18,0.83,,0.0,1782302400.0,0.15,0.85,,0.0,True
KXITFWMATCH-26JUN24KUWEVA-EVA,1782305761,0.9,0.95,,0.0,1782302400.0,0.89,0.95,,0.0,True
KXITFWMATCH-26JUN24MARMAX-MAR,1782321117,0.08,0.1,0.11,282.09999999999997,1782320400.0,0.07,0.09,0.09,25.9,True
KXITFWMATCH-26JUN24MIRTOD-MIR,1782286683,0.19,0.21,,0.0,1782284400.0,0.18,0.21,,0.0,True
KXITFWMATCH-26JUN24SAFLAC-LAC,1782294116,0.36,0.39,0.36,230.57999999999998,1782291600.0,0.33,0.36,0.36,226.57999999999998,True
KXITFWMATCH-26JUN24SARTAH-SAR,1782282211,0.96,0.97,,0.0,1782280800.0,0.95,0.97,,0.0,True
KXITFWMATCH-26JUN24STEKAR-KAR,1782294115,0.28,0.33,,0.0,1782288000.0,0.27,0.33,,0.0,True
KXITFWMATCH-26JUN24YANKAW-KAW,1782355688,0.67,0.7,0.7,325.83,1782352800.0,0.67,0.7,0.71,19.47,True
KXITFWMATCH-26JUN25DAEMAN-DAE,1782364339,0.79,0.81,,0.0,1782363600.0,0.79,0.81,,0.0,True
KXITFWMATCH-26JUN25FIRGRE-FIR,1782363776,0.75,0.77,0.77,27.9,1782363600.0,0.74,0.76,0.77,27.9,True
KXITFWMATCH-26JUN25GETMAQ-GET,1782375079,0.17,0.54,0.17,68.0,1782374400.0,0.17,0.19,0.17,68.0,True
KXITFWMATCH-26JUN25KAYDIL-DIL,1782367020,0.92,0.97,,0.0,1782363600.0,0.91,0.97,,0.0,True
KXITFWMATCH-26JUN25NUGBAC-BAC,1782460824,0.75,0.77,0.74,3376.92,1782460800.0,0.74,0.77,0.77,3197.62,True
KXITFWMATCH-26JUN25SHAFAL-FAL,1782366424,0.63,0.67,0.67,10.4,1782363600.0,0.62,0.67,0.67,8.23,True
KXITFWMATCH-26JUN25SOBZEL-SOB,1782375669,0.69,0.74,0.7,293.31,1782374400.0,0.68,0.7,0.7,291.92,True
KXITFWMATCH-26JUN25SORSAG-SAG,1782372406,0.17,0.18,0.19,25.0,1782370800.0,0.17,0.18,0.19,25.0,True
KXITFWMATCH-26JUN25WANXUX-WAN,1782363777,0.91,0.93,,0.0,1782363600.0,0.91,0.93,,0.0,True
KXITFWMATCH-26JUN25YAMPAY-PAY,1782384340,0.35,0.39,,0.0,1782381600.0,0.33,0.79,,0.0,True
KXITFWMATCH-26JUN25ZANNAR-NAR,1782384652,0.12,0.15,,0.0,1782381600.0,0.12,0.54,,0.0,True
KXITFWMATCH-26JUN26BRICAN-BRI,1782502217,0.81,0.83,0.83,1086.0300000000002,1782500400.0,0.82,0.86,0.87,1.13,True
KXITFWMATCH-26JUN26FIRVOR-FIR,1782453933,0.33,0.37,0.37,66.0,1782453600.0,0.33,0.37,0.37,66.0,True
KXITFWMATCH-26JUN26KURNOG-KUR,1782522610,0.48,0.49,0.49,1184.8400000000001,1782522000.0,0.48,0.5,0.5,23.18,True
KXITFWMATCH-26JUN26LEEHOS-HOS,1782525625,0.49,0.5,0.5,460.04999999999995,1782525600.0,0.49,0.5,0.49,112.09,True
KXITFWMATCH-26JUN26MARMUN-MAR,1782454528,0.44,0.52,,0.0,1782453600.0,0.44,0.52,,0.0,True
KXITFWMATCH-26JUN26TIAHES-HES,1782489894,0.33,0.35,,0.0,1782489600.0,0.34,0.36,,0.0,True
KXITFWMATCH-26JUN26TRAVAI-TRA,1782450644,0.52,0.58,0.57,450.34000000000003,1782450000.0,0.52,0.59,0.59,433.31,True
KXITFWMATCH-26JUN26VAGGOW-GOW,1782497405,0.33,0.36,,0.0,1782496800.0,0.33,0.48,,0.0,True
KXITFWMATCH-26JUN26WANGUO-GUO,1782517816,0.32,0.34,0.34,476.14,1782514800.0,0.31,0.34,0.34,27.79,True
KXITFWMATCH-26JUN26YAMBRO-BRO,1782475803,0.66,0.7,0.7,19.14,1782475200.0,0.66,0.7,0.7,19.14,True
KXITFWMATCH-26JUN27HODSOB-HOD,1782535212,0.3,0.32,0.36,218.0,1782532800.0,0.3,0.32,0.36,218.0,True
KXITFWMATCH-26JUN27MICAKS-AKS,1782582007,0.74,0.76,0.76,367.85,1782579600.0,0.76,0.78,0.75,20.0,True
KXITFWMATCH-26JUN27REGBAR-BAR,1782542101,0.58,0.6,0.6,1.62,1782540000.0,0.58,0.6,0.6,1.62,True
KXITFWMATCH-26JUN28GUDISA-GUD,1782636912,0.13,0.86,,0.0,1782633600.0,0.08,0.91,,0.0,True
KXITFWMATCH-26JUN29ARSEVA-ARS,1782763083,0.43,0.63,0.72,156.38,1782759600.0,0.26,0.78,,0.0,True
KXITFWMATCH-26JUN29BAJEVT-BAJ,1782729341,0.66,0.95,,0.0,1782727200.0,0.66,0.95,,0.0,True
KXITFWMATCH-26JUN29BRESHA-BRE,1782819725,0.11,0.15,0.16,785.76,1782817200.0,0.16,0.17,0.17,779.76,True
KXITFWMATCH-26JUN29CAISUN-CAI,1782776591,0.6,0.64,0.64,56.0,1782774000.0,0.58,0.66,,0.0,True
KXITFWMATCH-26JUN29CENPAR-CEN,1782718875,0.25,0.95,,0.0,1782705600.0,0.25,0.95,,0.0,True
KXITFWMATCH-26JUN29CORBOR-BOR,1782715885,0.04,0.95,,0.0,1782712800.0,0.04,0.95,,0.0,True
KXITFWMATCH-26JUN29HEDBOW-BOW,1782709314,0.53,0.87,0.95,6.29,1782709200.0,0.51,0.95,0.95,0.01,True
KXITFWMATCH-26JUN29KAMDJO-DJO,1782712298,0.2,0.46,,0.0,1782709200.0,0.09,0.91,,0.0,True
KXITFWMATCH-26JUN29LABVLA-LAB,1782735222,0.32,0.65,,0.0,1782734400.0,0.44,0.53,,0.0,True
KXITFWMATCH-26JUN29LEWGRU-GRU,1782744622,0.06,0.94,,0.0,1782741600.0,0.06,0.94,,0.0,True
KXITFWMATCH-26JUN29SCHWIL-SCH,1782714694,0.36,0.65,,0.0,1782712800.0,0.04,0.95,,0.0,True
KXITFWMATCH-26JUN29SMIFRE-FRE,1782737144,0.07,0.94,,0.0,1782734400.0,0.06,0.94,,0.0,True
KXITFWMATCH-26JUN29STEULR-STE,1782722172,0.08,0.95,,0.0,1782720000.0,0.06,0.94,,0.0,True
KXITFWMATCH-26JUN29TANFRI-FRI,1782711419,0.05,0.12,0.13,392.62,1782709200.0,0.05,0.34,0.17,312.8,True
KXITFWMATCH-26JUN29URSALB-ALB,1782716494,0.49,0.74,,0.0,1782716400.0,0.47,0.75,,0.0,True
KXITFWMATCH-26JUN29VAJPET-PET,1782721265,0.35,0.4,0.4,74.93,1782720000.0,0.31,0.4,0.4,74.93,True
KXITFWMATCH-26JUN29XUXCAO-CAO,1782774793,0.2,0.32,,0.0,1782774000.0,0.17,0.35,,0.0,True
KXITFWMATCH-26JUN29YOUNDU-NDU,1782724868,0.11,0.51,0.27,18.61,1782723600.0,0.05,0.27,0.91,1.0,True
KXITFWMATCH-26JUN30AHNYUA-AHN,1782871492,0.21,0.24,0.24,0.39,1782871200.0,0.21,0.25,,0.0,True
KXITFWMATCH-26JUN30DESGUO-DES,1782872627,0.16,0.18,0.18,55.300000000000004,1782871200.0,0.16,0.2,0.19,54.78,True
KXITFWMATCH-26JUN30DEZKAR-DEZ,1782803220,0.19,0.23,0.23,23.0,1782802800.0,0.2,0.23,0.23,23.0,True
KXITFWMATCH-26JUN30ISAKIR-ISA,1782793379,0.01,0.95,,0.0,1782784800.0,0.01,0.95,,0.0,True
KXITFWMATCH-26JUN30KARPAV-KAR,1782812460,0.04,0.91,,0.0,1782810000.0,0.04,0.93,,0.0,True
KXITFWMATCH-26JUN30KAZKIM-KAZ,1782799362,0.43,0.75,,0.0,1782799200.0,0.07,0.93,,0.0,True
KXITFWMATCH-26JUN30KOVINI-INI,1782810991,0.63,0.65,0.66,9.69,1782810000.0,0.63,0.66,0.66,9.69,True
KXITFWMATCH-26JUN30PRISCH-PRI,1782810370,0.67,0.95,,0.0,1782810000.0,0.88,0.94,,0.0,True
KXITFWMATCH-26JUN30SHILUO-LUO,1782866633,0.86,0.9,,0.0,1782864000.0,0.86,0.89,,0.0,True
KXITFWMATCH-26JUN30SMIKHR-KHR,1782809174,0.1,0.14,0.12,1.0,1782806400.0,0.12,0.48,0.12,1.0,True
KXITFWMATCH-26JUN30SRASER-SER,1782794870,0.01,0.95,,0.0,1782784800.0,0.01,0.95,,0.0,True
KXITFWMATCH-26JUN30TOMPOZ-POZ,1782802336,0.27,0.31,,0.0,1782799200.0,0.28,0.36,,0.0,True
KXITFWMATCH-26JUN30VLAEVA-EVA,1782817256,0.19,0.62,,0.0,1782817200.0,0.18,0.64,,0.0,True
KXITFWMATCH-26JUN30WANCHO-CHO,1782875988,0.13,0.14,0.14,236.95000000000002,1782874800.0,0.13,0.14,0.15,50.33,True
KXITFWMATCH-26JUN30WECVAN-VAN,1782810371,0.81,0.83,,0.0,1782810000.0,0.81,0.84,,0.0,True
KXITFWMATCH-26JUN30ZARRUS-RUS,1782801478,0.44,0.66,,0.0,1782799200.0,0.07,0.93,,0.0,True
KXITFWMATCH-26JUN30ZELBLA-BLA,1782809481,0.08,0.13,,0.0,1782806400.0,0.09,0.14,,0.0,True
KXITFWMATCH-26JUN30ZHASNI-SNI,1782793995,0.49,0.5,0.5,983.1600000000001,1782792000.0,0.49,0.5,0.52,942.59,True
KXITFWMATCH-26MAY01LAMSZO-LAM,1777627525,0.58,0.61,,0.0,1777626000.0,0.58,0.63,,0.0,True
KXITFWMATCH-26MAY01PETMOY-MOY,1777622748,0.42,0.48,0.46,304.22,1777622400.0,0.45,0.5,0.48,223.18,True
KXITFWMATCH-26MAY01PODCER-CER,1777622146,0.16,0.21,0.27,3.7,1777618800.0,0.27,0.29,0.27,2.0,True
KXITFWMATCH-26MAY01SAWKIN-KIN,1777678290,0.42,0.44,0.39,504.95,1777676400.0,0.37,0.38,0.38,45.95,True
KXITFWMATCH-26MAY02JONPOH-JON,1777717304,0.57,0.59,0.59,240.69,1777716000.0,0.57,0.59,0.59,198.5,True
KXITFWMATCH-26MAY02JUNCHO-CHO,1777792613,0.05,0.96,,0.0,1777780800.0,0.05,0.96,,0.0,True
KXITFWMATCH-26MAY02KANLEE-KAN,1777793760,0.05,0.96,,0.0,1777780800.0,0.05,0.96,,0.0,True
KXITFWMATCH-26MAY02KIMKWO-KIM,1777784190,0.05,0.96,,0.0,1777780800.0,0.06,0.94,,0.0,True
KXITFWMATCH-26MAY02LEEWHA-LEE,1777776484,0.08,0.95,0.15,0.2,1777773600.0,0.15,0.93,0.94,0.1,True
KXITFWMATCH-26MAY02RIEGON-GON,1777740525,0.05,0.07,0.06,3909.52,1777737600.0,0.05,0.06,0.05,918.54,True
KXITFWMATCH-26MAY03AMEMIL-AME,1777807464,0.02,0.96,,0.0,1777795200.0,0.02,0.96,,0.0,True
KXITFWMATCH-26MAY03BROSTE-BRO,1777818228,0.02,0.95,,0.0,1777816800.0,0.02,0.96,,0.0,True
KXITFWMATCH-26MAY03CIMCAS-CAS,1777801413,0.02,0.96,,0.0,1777795200.0,0.02,0.96,,0.0,True
KXITFWMATCH-26MAY03CLENEW-CLE,1777883316,0.02,0.87,0.89,65.97999999999999,1777881600.0,0.02,0.88,0.89,65.97999999999999,True
KXITFWMATCH-26MAY03DELLAN-DEL,1777815266,0.01,0.96,,0.0,1777802400.0,0.01,0.96,,0.0,True
KXITFWMATCH-26MAY03FELGOL-FEL,1777795759,,,,0.0,,,,,0.0,False
KXITFWMATCH-26MAY03FENBOR-BOR,1777811069,0.02,0.96,,0.0,1777795200.0,0.02,0.96,,0.0,True
KXITFWMATCH-26MAY03FONFER-FER,1777801412,0.02,0.96,,0.0,1777795200.0,0.02,0.96,,0.0,True
KXITFWMATCH-26MAY03GOGFER-FER,1777789261,0.06,0.94,,0.0,1777780800.0,0.06,0.94,,0.0,True
KXITFWMATCH-26MAY03HESFAS-FAS,1777799661,0.02,0.96,,0.0,1777795200.0,0.02,0.96,,0.0,True
KXITFWMATCH-26MAY03LEOCAS-CAS,1777875323,0.2,0.64,0.64,261.68,1777874400.0,0.31,0.61,0.64,182.26,True
KXITFWMATCH-26MAY03MANBAR-BAR,1777792606,0.02,0.96,,0.0,1777788000.0,0.01,0.96,,0.0,True
KXITFWMATCH-26MAY03MILBON-BON,1777795766,0.05,0.96,,0.0,1777795200.0,0.06,0.94,,0.0,True
KXITFWMATCH-26MAY03MIYFUK-FUK,1777859504,0.02,0.49,,0.0,1777856400.0,0.02,0.9,,0.0,True
KXITFWMATCH-26MAY03MUZVAJ-MUZ,1777818470,0.02,0.96,,0.0,1777795200.0,0.02,0.96,,0.0,True
KXITFWMATCH-26MAY03OLIGAN-GAN,1777791990,0.63,0.69,,0.0,1777791600.0,0.63,0.69,,0.0,True
KXITFWMATCH-26MAY03ORTFER-FER,1777803837,0.02,0.96,,0.0,1777795200.0,0.02,0.96,,0.0,True
KXITFWMATCH-26MAY03OSASOL-OSA,1777772521,0.06,0.94,,0.0,1777770000.0,0.06,0.94,,0.0,True
KXITFWMATCH-26MAY03PALMAY-MAY,1777803836,0.02,0.96,,0.0,1777795200.0,0.02,0.96,,0.0,True
KXITFWMATCH-26MAY03PETPAS-PAS,1777795765,0.05,0.96,,0.0,1777795200.0,0.06,0.94,,0.0,True
KXITFWMATCH-26MAY03ROSMON-MON,1777801405,0.02,0.96,,0.0,1777795200.0,0.02,0.96,,0.0,True
KXITFWMATCH-26MAY03SAKBER-BER,1777783268,0.06,0.94,,0.0,1777780800.0,0.06,0.94,,0.0,True
KXITFWMATCH-26MAY03SHALIM-LIM,1777854117,0.02,0.64,,0.0,1777849200.0,0.02,0.64,,0.0,True
KXITFWMATCH-26MAY03SORMUN-MUN,1777881880,0.03,0.9,0.2,805.0,1777881600.0,0.03,0.9,0.2,805.0,True
KXITFWMATCH-26MAY03VESKAS-KAS,1777807461,0.02,0.96,,0.0,1777795200.0,0.02,0.96,,0.0,True
KXITFWMATCH-26MAY03WILYAR-WIL,1777884815,0.02,0.9,,0.0,1777870800.0,0.02,0.9,,0.0,True
KXITFWMATCH-26MAY03ZHOCHE-CHE,1777777901,0.06,0.94,,0.0,1777777200.0,0.06,0.94,,0.0,True
KXITFWMATCH-26MAY03ZOLDIG-DIG,1777801416,0.33,0.41,0.43,383.28999999999996,1777798800.0,0.41,0.47,0.47,22.56,True
KXITFWMATCH-26MAY04BHAKUM-BHA,1777866057,0.04,0.96,,0.0,1777852800.0,0.04,0.96,,0.0,True
KXITFWMATCH-26MAY04BURROS-BUR,1777876755,0.03,0.96,,0.0,1777863600.0,0.03,0.96,,0.0,True
KXITFWMATCH-26MAY04DEGWED-DEG,1777880150,0.02,0.96,,0.0,1777870800.0,0.02,0.96,,0.0,True
KXITFWMATCH-26MAY04FONLIU-FON,1777899936,0.05,0.96,,0.0,1777899600.0,0.02,0.96,,0.0,True
KXITFWMATCH-26MAY04GEXZEN-GEX,1777944536,0.02,0.96,,0.0,1777939200.0,0.01,0.96,,0.0,True
KXITFWMATCH-26MAY04KUMIMX-IMX,1777936262,0.79,0.91,,0.0,1777935600.0,0.77,0.91,,0.0,True
KXITFWMATCH-26MAY04LACALT-ALT,1777887457,0.02,0.64,,0.0,1777870800.0,0.02,0.64,,0.0,True
KXITFWMATCH-26MAY04LAMROM-LAM,1777899926,,,,0.0,,,,,0.0,False
KXITFWMATCH-26MAY04LEONEW-LEO,1777901578,,,,0.0,,,,,0.0,False
KXITFWMATCH-26MAY04LEWPOD-LEW,1777907519,0.04,0.96,,0.0,1777906800.0,0.04,0.96,,0.0,True
KXITFWMATCH-26MAY04LIUIYE-IYE,1777896230,0.07,0.94,,0.0,1777896000.0,0.07,0.95,,0.0,True
KXITFWMATCH-26MAY04MALWIL-MAL,1777903019,,,,0.0,,,,,0.0,False
KXITFWMATCH-26MAY04MATSWA-MAT,1777884490,0.05,0.96,,0.0,1777881600.0,0.05,0.96,,0.0,True
KXITFWMATCH-26MAY04MAZBEC-BEC,1777891391,0.02,0.96,,0.0,1777881600.0,0.02,0.96,,0.0,True
KXITFWMATCH-26MAY04MORPAL-MOR,1777874078,0.36,0.64,,0.0,1777870800.0,0.37,0.63,,0.0,True
KXITFWMATCH-26MAY04NIEMAN-MAN,1777876218,0.02,0.95,,0.0,1777870800.0,0.01,0.95,,0.0,True
KXITFWMATCH-26MAY04OHWNAK-NAK,1777871198,0.02,0.96,,0.0,1777860000.0,0.02,0.96,,0.0,True
KXITFWMATCH-26MAY04RASIVA-IVA,1777896462,0.06,0.94,,0.0,1777896000.0,0.05,0.96,,0.0,True
KXITFWMATCH-26MAY04ROTMAR-MAR,1777884483,0.02,0.96,,0.0,1777881600.0,0.02,0.96,,0.0,True
KXITFWMATCH-26MAY04SCHKUR-KUR,1777883083,0.04,0.17,,0.0,1777881600.0,0.04,0.17,,0.0,True
KXITFWMATCH-26MAY04SMIROB-ROB,1777915084,0.06,0.94,,0.0,1777910400.0,0.01,0.96,,0.0,True
KXITFWMATCH-26MAY04SNELOP-LOP,1777916050,0.06,0.94,,0.0,1777910400.0,0.05,0.96,,0.0,True
KXITFWMATCH-26MAY04SORMIT-MIT,1777894994,,,,0.0,,,,,0.0,False
KXITFWMATCH-26MAY04TANWOJ-TAN,1777916054,0.06,0.94,,0.0,1777910400.0,0.05,0.96,,0.0,True
KXITFWMATCH-26MAY04UEMNAT-NAT,1777932912,0.02,0.88,0.35,261.71,1777932000.0,0.06,0.94,,0.0,True
KXITFWMATCH-26MAY04VLAKHR-KHR,1777895252,,,,0.0,,,,,0.0,True
KXITFWMATCH-26MAY04VOLBAR-BAR,1777892671,0.52,0.89,0.68,18.45,1777892400.0,0.3,0.54,,0.0,True
KXITFWMATCH-26MAY04WHEKHR-KHR,1777871404,0.03,0.96,,0.0,1777860000.0,0.03,0.96,,0.0,True
KXITFWMATCH-26MAY05ALLOTZ-ALL,1777962816,0.56,0.6,,0.0,1777960800.0,0.07,0.96,,0.0,True
KXITFWMATCH-26MAY05BACMAT-BAC,1778026888,0.73,0.75,,0.0,1778025600.0,0.73,0.75,,0.0,True
KXITFWMATCH-26MAY05CHEOHX-CHE,1778024208,0.9,0.94,0.94,6.0,1778022000.0,0.89,0.94,0.86,1.0,True
KXITFWMATCH-26MAY05CHETIK-CHE,1777962458,0.16,0.17,0.17,191.88,1777960800.0,0.1,0.12,0.12,21.35,True
KXITFWMATCH-26MAY05COROZE-COR,1777968764,0.4,0.72,,0.0,1777968000.0,0.42,0.71,,0.0,True
KXITFWMATCH-26MAY05CURMON-CUR,1777985797,0.52,0.59,,0.0,1777982400.0,0.52,0.58,,0.0,True
KXITFWMATCH-26MAY05DALPRI-DAL,1777963062,0.48,0.95,,0.0,1777960800.0,0.01,0.95,,0.0,True
KXITFWMATCH-26MAY05DESBAS-BAS,1777958294,0.02,0.64,,0.0,1777957200.0,0.01,0.64,,0.0,True
KXITFWMATCH-26MAY05DUPBOS-BOS,1777977151,0.33,0.38,,0.0,1777975200.0,0.33,0.38,,0.0,True
KXITFWMATCH-26MAY05EKSMAR-EKS,1778003706,0.56,0.58,0.65,35.66,1778000400.0,0.01,0.96,,0.0,True
KXITFWMATCH-26MAY05FELDZI-DZI,1777955930,0.01,0.96,,0.0,1777950000.0,0.01,0.97,,0.0,True
KXITFWMATCH-26MAY05FONBIZ-BIZ,1777966966,0.02,0.05,,0.0,1777964400.0,0.02,0.07,,0.0,True
KXITFWMATCH-26MAY05GARVIL-GAR,1777967829,0.02,0.96,,0.0,1777957200.0,0.02,0.96,,0.0,True
KXITFWMATCH-26MAY05GOLHRA-GOL,1777959495,0.81,0.92,,0.0,1777957200.0,0.01,0.96,,0.0,True
KXITFWMATCH-26MAY05INGFER-FER,1777953512,0.41,0.44,,0.0,1777950000.0,0.39,0.47,,0.0,True
KXITFWMATCH-26MAY05JACSWA-JAC,1777956556,0.01,0.96,,0.0,1777950000.0,0.01,0.97,,0.0,True
KXITFWMATCH-26MAY05KALREN-KAL,1777949953,0.86,0.95,,0.0,1777946400.0,0.86,0.95,,0.0,True
KXITFWMATCH-26MAY05KHOTAM-KHO,1777976552,0.02,0.96,,0.0,1777968000.0,0.02,0.96,,0.0,True
KXITFWMATCH-26MAY05LANHER-HER,1777971149,0.02,0.96,,0.0,1777968000.0,0.02,0.96,,0.0,True
KXITFWMATCH-26MAY05LANMIL-LAN,1777962209,0.66,0.86,,0.0,1777960800.0,0.66,0.85,,0.0,True
KXITFWMATCH-26MAY05LUOGAO-GAO,1778025148,0.03,0.05,0.05,851.4100000000001,1778022000.0,0.04,0.06,0.06,243.74,True
KXITFWMATCH-26MAY05MAIKAS-KAS,1777963065,0.02,0.96,,0.0,1777957200.0,0.01,0.96,,0.0,True
KXITFWMATCH-26MAY05MESVAN-MES,1777966373,0.76,0.77,0.76,855.0,1777964400.0,0.05,0.96,,0.0,True
KXITFWMATCH-26MAY05MIYMIY2-MIY,1778024788,0.19,0.21,0.21,332.71,1778022000.0,0.19,0.21,0.2,143.28,True
KXITFWMATCH-26MAY05NAMOTS-NAM,1777946961,0.04,0.96,0.02,1.0,1777946400.0,0.07,0.96,,0.0,True
KXITFWMATCH-26MAY05ROCCAS-CAS,1777993363,0.01,0.96,,0.0,1777971600.0,0.01,0.96,,0.0,True
KXITFWMATCH-26MAY05RYSMOO-MOO,1777949714,0.06,0.07,0.07,4112.19,1777946400.0,0.06,0.07,0.07,2355.88,True
KXITFWMATCH-26MAY05SARKAR-KAR,1777968768,0.32,0.39,,0.0,1777968000.0,0.37,0.43,,0.0,True
KXITFWMATCH-26MAY05SENLOV-LOV,1777981950,0.74,0.77,,0.0,1777978800.0,0.74,0.77,,0.0,True
KXITFWMATCH-26MAY05VANNAT-NAT,1777974719,0.02,0.96,,0.0,1777968000.0,0.02,0.96,,0.0,True
KXITFWMATCH-26MAY06ANUPAW-ANU,1778033496,0.01,0.67,,0.0,1778029200.0,0.02,0.67,,0.0,True
KXITFWMATCH-26MAY06ARUSUV-ARU,1778055229,0.02,0.94,,0.0,1778054400.0,0.02,0.94,,0.0,True
KXITFWMATCH-26MAY06DANPLO-DAN,1778059992,0.22,0.26,,0.0,1778058000.0,0.21,0.31,,0.0,True
KXITFWMATCH-26MAY06DIAMIN-DIA,1778068362,0.09,0.12,,0.0,1778065200.0,0.09,0.14,,0.0,True
KXITFWMATCH-26MAY06GERCOL-COL,1778087013,0.83,0.87,0.83,12.0,1778086800.0,0.83,0.88,0.83,12.0,True
KXITFWMATCH-26MAY06GROMAI-GRO,1778071835,0.08,0.15,,0.0,1778068800.0,0.07,0.17,,0.0,True
KXITFWMATCH-26MAY06JANLEE-JAN,1778040390,0.18,0.2,,0.0,1778040000.0,0.18,0.2,,0.0,True
KXITFWMATCH-26MAY06JANPIS-JAN,1778048339,0.89,0.94,,0.0,1778043600.0,0.88,0.94,,0.0,True
KXITFWMATCH-26MAY06KITYOS-KIT,1778113720,0.15,0.67,0.47,10.25,1778112000.0,0.42,0.47,0.47,10.25,True
KXITFWMATCH-26MAY06MARGIO-GIO,1778063004,0.65,0.67,0.61,6.0,1778061600.0,0.65,0.67,0.61,6.0,True
KXITFWMATCH-26MAY06MELSAL-MEL,1778044763,0.93,0.94,0.67,1.0,1778043600.0,0.92,0.94,0.67,1.0,True
KXITFWMATCH-26MAY06MEYBON-BON,1778045352,0.23,0.28,,0.0,1778043600.0,0.27,0.3,,0.0,True
KXITFWMATCH-26MAY06NISKUR-KUR,1778112864,0.87,0.94,0.9,35.0,1778112000.0,0.87,0.9,,0.0,True
KXITFWMATCH-26MAY06OGEBOR-BOR,1778062373,0.25,0.36,0.37,20.0,1778061600.0,0.25,0.34,0.37,20.0,True
KXITFWMATCH-26MAY06PAPLOP-LOP,1778053433,0.1,0.12,,0.0,1778050800.0,0.1,0.12,,0.0,True
KXITFWMATCH-26MAY06PLATEI-PLA,1778050121,0.03,0.5,,0.0,1778047200.0,0.01,0.5,,0.0,True
KXITFWMATCH-26MAY06PLEBLO-BLO,1778063848,0.78,0.87,0.79,24.0,1778061600.0,0.76,0.79,0.74,14.0,True
KXITFWMATCH-26MAY06ROUCHE-CHE,1778052246,0.1,0.12,0.18,1.0,1778050800.0,0.09,0.19,0.18,1.0,True
KXITFWMATCH-26MAY06SNIJAE-JAE,1778081559,0.02,0.05,0.08,76.64,1778079600.0,0.02,0.08,0.04,3.0,True
KXITFWMATCH-26MAY06TAMYAS-TAM,1778044527,0.03,0.07,0.07,63.18,1778043600.0,0.03,0.08,,0.0,True
KXITFWMATCH-26MAY06TANTOP-TAN,1778082741,0.42,0.48,0.48,20.13,1778079600.0,0.38,0.46,,0.0,True
KXITFWMATCH-26MAY06VIDFIT-FIT,1778067361,0.36,0.38,,0.0,1778065200.0,0.35,0.39,,0.0,True
KXITFWMATCH-26MAY06YAMLEE-LEE,1778120021,0.49,0.55,,0.0,1778119200.0,0.03,0.94,,0.0,True
KXITFWMATCH-26MAY07BRERUS-BRE,1778154694,0.06,0.94,,0.0,1778148000.0,0.05,0.94,,0.0,True
KXITFWMATCH-26MAY07CHASAW-CHA,1778116479,0.02,0.94,,0.0,1778115600.0,0.02,0.94,,0.0,True
KXITFWMATCH-26MAY07COPPRI-COP,1778159162,0.06,0.08,0.08,29.35,1778158800.0,0.05,0.07,0.08,29.35,True
KXITFWMATCH-26MAY07DAHNUU-DAH,1778151725,0.44,0.51,0.49,50.0,1778151600.0,0.4,0.68,0.49,50.0,True
KXITFWMATCH-26MAY07DAPFON-DAP,1778134648,0.02,0.93,,0.0,1778133600.0,0.02,0.93,,0.0,True
KXITFWMATCH-26MAY07DUEBAB-BAB,1778152599,0.45,0.47,,0.0,1778151600.0,0.42,0.68,,0.0,True
KXITFWMATCH-26MAY07IUSGAS-GAS,1778153167,0.02,0.94,,0.0,1778148000.0,0.02,0.94,,0.0,True
KXITFWMATCH-26MAY07LARMES-LAR,1778145382,0.81,0.9,0.9,13.1,1778140800.0,0.89,0.9,0.9,13.1,True
KXITFWMATCH-26MAY07LOLMET-LOL,1778132899,0.01,0.94,,0.0,1778122800.0,0.01,0.94,,0.0,True
KXITFWMATCH-26MAY07LUIDES-DES,1778130246,0.93,0.94,0.94,11.0,1778130000.0,0.93,0.94,0.94,11.0,True
KXITFWMATCH-26MAY07MIKKOL-KOL,1778130476,0.14,0.2,,0.0,1778130000.0,0.11,0.25,,0.0,True
KXITFWMATCH-26MAY07MIXKAI-KAI,1778133216,0.13,0.15,,0.0,1778130000.0,0.13,0.16,,0.0,True
KXITFWMATCH-26MAY07MONOZX-MON,1778141615,0.77,0.8,0.81,1.2,1778140800.0,0.76,0.81,,0.0,True
KXITFWMATCH-26MAY07OSTPOP-OST,1778141618,0.45,0.48,,0.0,1778140800.0,0.45,0.48,,0.0,True
KXITFWMATCH-26MAY07PAPROU-PAP,1778147756,0.74,0.94,0.77,100.0,1778140800.0,0.8,0.85,0.77,100.0,True
KXITFWMATCH-26MAY07RODGIO-GIO,1778137962,0.86,0.9,0.9,1.1,1778137200.0,0.86,0.9,,0.0,True
KXITFWMATCH-26MAY07ROMMAT-MAT,1778152596,0.02,0.94,,0.0,1778148000.0,0.0,0.94,,0.0,True
KXITFWMATCH-26MAY07RYSOHA-OHA,1778204614,0.04,0.06,0.06,7540.26,1778202000.0,0.03,0.06,0.06,547.93,True
KXITFWMATCH-26MAY07STOJAU-JAU,1778159160,0.34,0.4,,0.0,1778158800.0,0.34,0.39,,0.0,True
KXITFWMATCH-26MAY07SWAMIY-MIY,1778196763,0.08,0.11,0.11,3119.63,1778194800.0,0.12,0.14,0.14,455.61,True
KXITFWMATCH-26MAY07TSUSAI-SAI,1778203959,0.7,0.73,,0.0,1778202000.0,0.7,0.74,,0.0,True
KXITFWMATCH-26MAY07VEDMAN-MAN,1778160337,0.57,0.63,,0.0,1778158800.0,0.02,0.94,,0.0,True
KXITFWMATCH-26MAY08ADARAJ-ADA,1778230911,0.27,0.29,0.29,203.0,1778230800.0,0.27,0.29,0.29,202.0,True
KXITFWMATCH-26MAY08CHWPON-CHW,1778258421,0.8,0.83,0.83,21.0,1778256000.0,0.8,0.82,0.84,1.0,True
KXITFWMATCH-26MAY08ORTKAL-KAL,1778248839,0.64,0.68,,0.0,1778248800.0,0.65,0.69,,0.0,True
KXITFWMATCH-26MAY08SWARYS-RYS,1778296519,0.52,0.53,0.53,440.51,1778295600.0,0.5,0.51,0.51,31.0,True
KXITFWMATCH-26MAY08SZAMAR-MAR,1778222494,0.02,0.94,,0.0,1778216400.0,0.03,0.94,,0.0,True
KXITFWMATCH-26MAY08WOLVAL-VAL,1778214117,0.63,0.65,0.65,15.0,1778212800.0,0.66,0.67,0.5,5.0,True
KXITFWMATCH-26MAY08ZELMEL-MEL,1778223086,0.29,0.32,,0.0,1778220000.0,0.29,0.32,,0.0,True
KXITFWMATCH-26MAY09ADAAPP-ADA,1778308506,0.24,0.25,0.25,30.02,1778306400.0,0.23,0.25,0.24,25.02,True
KXITFWMATCH-26MAY09CHELIU-CHE,1778375527,0.84,0.85,0.85,660.13,1778374800.0,0.84,0.86,0.86,607.75,True
KXITFWMATCH-26MAY09GEXQUX-GEX,1778380896,0.05,0.94,,0.0,1778364000.0,0.05,0.94,,0.0,True
KXITFWMATCH-26MAY09GONIVA-GON,1778327769,0.59,0.6,0.6,21.21,1778324400.0,0.58,0.6,0.6,20.0,True
KXITFWMATCH-26MAY09JEOOKU-JEO,1778377320,0.21,0.9,0.2,500.62,1778374800.0,0.1,0.94,0.08,205.45999999999998,True
KXITFWMATCH-26MAY09QUESAK-QUE,1778319639,0.69,0.7,0.66,128.89,1778310000.0,0.69,0.7,0.66,128.89,True
KXITFWMATCH-26MAY09SWASAI-SAI,1778369902,0.17,0.19,0.19,1117.0500000000002,1778367600.0,0.17,0.2,0.19,42.9,True
KXITFWMATCH-26MAY09TURMIL-MIL,1778313637,0.47,0.52,,0.0,1778313600.0,0.47,0.52,,0.0,True
KXITFWMATCH-26MAY09VALGLU-GLU,1778301314,,,,0.0,,,,,0.0,False
KXITFWMATCH-26MAY10ADKSRA-ADK,1778412166,0.05,0.94,,0.0,1778410800.0,0.05,0.94,,0.0,True
KXITFWMATCH-26MAY10ALENED-ALE,1778406449,0.02,0.93,0.79,5.0,1778403600.0,0.02,0.92,0.79,5.0,True
KXITFWMATCH-26MAY10CHESUN-CHE,1778472697,0.02,0.94,,0.0,1778464800.0,0.02,0.94,,0.0,True
KXITFWMATCH-26MAY10CORPER-COR,1778393720,0.04,0.94,,0.0,1778374800.0,0.04,0.94,,0.0,True
KXITFWMATCH-26MAY10DICCAZ-CAZ,1778407384,0.04,0.94,,0.0,1778396400.0,0.04,0.94,,0.0,True
KXITFWMATCH-26MAY10GLOBOR-BOR,1778409176,0.04,0.94,,0.0,1778403600.0,0.05,0.94,,0.0,True
KXITFWMATCH-26MAY10GLUDER-DER,1778390175,0.02,0.94,,0.0,1778382000.0,0.02,0.94,,0.0,True
KXITFWMATCH-26MAY10GLUMUK-GLU,1778389550,0.02,0.94,,0.0,1778382000.0,0.02,0.94,,0.0,True
KXITFWMATCH-26MAY10HARCHO-CHO,1778465239,0.06,0.88,0.89,559.86,1778464800.0,0.1,0.89,0.89,95.61999999999999,True
KXITFWMATCH-26MAY10HIMOKU-HIM,1778462550,0.02,0.94,,0.0,1778461200.0,0.03,0.94,,0.0,True
KXITFWMATCH-26MAY10HRDROS-HRD,1778401697,0.06,0.94,,0.0,1778400000.0,0.06,0.94,,0.0,True
KXITFWMATCH-26MAY10ILIKOS-ILI,1778419128,0.04,0.94,,0.0,1778407200.0,0.04,0.94,,0.0,True
KXITFWMATCH-26MAY10KAEMOR-KAE,1778406213,0.03,0.94,,0.0,1778392800.0,0.03,0.94,,0.0,True
KXITFWMATCH-26MAY10LEENAS-LEE,1778454953,0.03,0.94,,0.0,1778454000.0,0.03,0.94,,0.0,True
KXITFWMATCH-26MAY10LESTOM-LES,1778389849,0.01,0.92,0.79,5.0,1778382000.0,0.01,0.92,0.79,5.0,True
KXITFWMATCH-26MAY10LUNCAL-CAL,1778419131,0.06,0.94,,0.0,1778418000.0,0.04,0.94,,0.0,True
KXITFWMATCH-26MAY10MAITUP-MAI,1778405245,0.19,0.24,,0.0,1778403600.0,0.19,0.25,,0.0,True
KXITFWMATCH-26MAY10MUTKIT-KIT,1778454400,0.08,0.89,,0.0,1778454000.0,0.09,0.93,,0.0,True
KXITFWMATCH-26MAY10NIKMIL-MIL,1778419127,0.04,0.94,,0.0,1778407200.0,0.04,0.94,,0.0,True
KXITFWMATCH-26MAY10POLTRE-POL,1778390171,0.02,0.94,,0.0,1778382000.0,0.02,0.94,,0.0,True
KXITFWMATCH-26MAY10RIELIU-LIU,1778429101,0.53,0.54,0.57,14.27,1778428800.0,0.54,0.57,0.57,14.27,True
KXITFWMATCH-26MAY10SUNCHE-CHE,1778472698,0.02,0.93,,0.0,1778464800.0,0.02,0.93,,0.0,True
KXITFWMATCH-26MAY10WANXUX-WAN,1778381203,0.02,0.89,0.79,5.0,1778371200.0,0.02,0.89,0.79,5.0,True
KXITFWMATCH-26MAY10ZAACEL-CEL,1778402634,0.02,0.93,0.79,5.0,1778400000.0,0.02,0.93,0.79,5.0,True
KXITFWMATCH-26MAY11ADKKOV-ADK,1778497618,0.01,0.94,,0.0,1778493600.0,0.02,0.94,,0.0,True
KXITFWMATCH-26MAY11AGNKEL-AGN,1778584025,0.06,0.65,0.51,0.1,1778565600.0,0.06,0.65,0.51,0.1,True
KXITFWMATCH-26MAY11CRESAN-CRE,1778490432,0.01,0.94,,0.0,1778490000.0,0.02,0.94,,0.0,True
KXITFWMATCH-26MAY11GERFER-FER,1778492542,0.02,0.94,,0.0,1778490000.0,0.02,0.94,,0.0,True
KXITFWMATCH-26MAY11GEXLEE-GEX,1778541352,0.03,0.94,,0.0,1778540400.0,0.03,0.94,,0.0,True
KXITFWMATCH-26MAY11GOTYUN-GOT,1778538373,0.03,0.94,,0.0,1778536800.0,0.03,0.94,,0.0,True
KXITFWMATCH-26MAY11GUPROD-GUP,1778495733,0.02,0.94,,0.0,1778493600.0,0.02,0.94,,0.0,True
KXITFWMATCH-26MAY11IANCER-CER,1778483651,0.01,0.94,,0.0,1778479200.0,0.02,0.94,,0.0,True
KXITFWMATCH-26MAY11IPUCHA-CHA,1778479728,0.02,0.94,,0.0,1778479200.0,0.02,0.94,,0.0,True
KXITFWMATCH-26MAY11KARSTO-KAR,1778471729,0.03,0.94,,0.0,1778468400.0,0.03,0.94,,0.0,True
KXITFWMATCH-26MAY11MAIMIT-MAI,1778486874,0.02,0.94,,0.0,1778486400.0,0.02,0.94,,0.0,True
KXITFWMATCH-26MAY11MATKIT-KIT,1778468454,,,,0.0,,,,,0.0,False
KXITFWMATCH-26MAY11MONMON2-MON,1778476475,0.02,0.94,,0.0,1778475600.0,0.02,0.94,,0.0,True
KXITFWMATCH-26MAY11PERTRU-PER,1778482716,0.02,0.94,,0.0,1778479200.0,0.02,0.94,,0.0,True
KXITFWMATCH-26MAY11VAJKOS-KOS,1778486265,0.01,0.94,,0.0,1778482800.0,0.02,0.94,,0.0,True
KXITFWMATCH-26MAY11VAVKOE-KOE,1778573814,0.41,0.99,0.97,43.0,1778572800.0,0.41,0.93,0.97,43.0,True
KXITFWMATCH-26MAY11YAMZHE-YAM,1778541907,0.81,0.82,0.82,10.4,1778540400.0,0.75,0.81,0.79,2.0,True
KXITFWMATCH-26MAY12BOSBUR-BOS,1778665064,0.42,0.5,,0.0,1778652000.0,0.42,0.5,,0.0,True
KXITFWMATCH-26MAY12BRUCIO-BRU,1778574756,0.65,0.71,,0.0,1778569200.0,0.65,0.71,,0.0,True
KXITFWMATCH-26MAY12COLVER-COL,1778610314,0.49,0.54,,0.0,1778608800.0,0.52,0.62,,0.0,True
KXITFWMATCH-26MAY12DELCHA-CHA,1778627186,0.91,0.94,0.89,19.05,1778626800.0,0.92,0.94,0.94,4.05,True
KXITFWMATCH-26MAY12GADWIR-GAD,1778582560,0.23,0.32,0.27,30.0,1778580000.0,0.24,0.27,0.27,30.0,True
KXITFWMATCH-26MAY12GALPOD-GAL,1778630119,0.25,0.29,0.29,1.0,1778626800.0,0.26,0.29,,0.0,True
KXITFWMATCH-26MAY12GUPMUE-GUP,1778559842,0.26,0.34,,0.0,1778558400.0,0.02,0.94,,0.0,True
KXITFWMATCH-26MAY12KAZCHI-CHI,1778627385,0.86,0.89,,0.0,1778626800.0,0.02,0.92,,0.0,True
KXITFWMATCH-26MAY12KOLSOA-KOL,1778555684,0.03,0.94,,0.0,1778554800.0,0.03,0.94,,0.0,True
KXITFWMATCH-26MAY12LESJAN-JAN,1778645982,0.9,0.91,0.91,90182.89,1778644800.0,0.91,0.92,0.92,86829.64,True
KXITFWMATCH-26MAY12MARMON-MAR,1778560749,0.15,0.97,0.99,2421.0,1778558400.0,0.03,0.98,0.99,2421.0,True
KXITFWMATCH-26MAY12OTZVAN-OTZ,1778579206,0.32,0.37,0.38,168.83,1778576400.0,0.36,0.38,0.38,168.83,True
KXITFWMATCH-26MAY12SAFMIT-MIT,1778563719,0.03,0.94,,0.0,1778562000.0,0.08,0.92,,0.0,True
KXITFWMATCH-26MAY12SANALV-ALV,1778652875,0.29,0.32,0.33,20783.28,1778652000.0,0.28,0.32,0.34,20420.059999999998,True
KXITFWMATCH-26MAY12SANSEK-SAN,1778568193,0.07,0.93,,0.0,1778565600.0,0.02,0.94,,0.0,True
KXITFWMATCH-26MAY12SEDFAL-FAL,1778564020,0.03,0.94,,0.0,1778562000.0,0.02,0.94,,0.0,True
KXITFWMATCH-26MAY12SQUPAV-PAV,1778569040,0.03,0.94,,0.0,1778565600.0,0.02,0.94,,0.0,True
KXITFWMATCH-26MAY12TRAPRE-PRE,1778564656,0.03,0.94,,0.0,1778562000.0,0.02,0.94,,0.0,True
KXITFWMATCH-26MAY12TSYKOL-KOL,1778590355,0.02,0.94,,0.0,1778572800.0,0.02,0.94,,0.0,True
KXITFWMATCH-26MAY13ANDLUK-AND,1778674020,,,,0.0,,,,,0.0,False
KXITFWMATCH-26MAY13BARPOD-BAR,1778720250,0.46,0.51,0.49,864.8199999999999,1778716800.0,0.44,0.48,0.48,863.77,True
KXITFWMATCH-26MAY13BARSEV-BAR,1778654659,0.03,0.94,,0.0,1778652000.0,0.02,0.94,,0.0,True
KXITFWMATCH-26MAY13CEMZOL-CEM,1778655255,0.09,0.13,,0.0,1778652000.0,0.09,0.13,,0.0,True
KXITFWMATCH-26MAY13CURTER-CUR,1778677410,0.96,0.99,0.98,78.0,1778677200.0,0.96,0.99,0.98,78.0,True
KXITFWMATCH-26MAY13ELKKAR-ELK,1778692991,0.23,0.27,,0.0,1778691600.0,0.23,0.28,,0.0,True
KXITFWMATCH-26MAY13ELSADE-ADE,1778677011,0.89,0.94,,0.0,1778673600.0,0.86,0.94,,0.0,True
KXITFWMATCH-26MAY13FERMIR-FER,1778676156,0.79,0.88,,0.0,1778673600.0,0.79,0.88,,0.0,True
KXITFWMATCH-26MAY13GAOJIA-GAO,1778643037,0.15,0.19,0.17,305.0,1778641200.0,0.15,0.21,0.17,305.0,True
KXITFWMATCH-26MAY13HANBUY-BUY,1778659692,0.89,0.91,0.92,5.0,1778652000.0,0.89,0.91,0.92,5.0,True
KXITFWMATCH-26MAY13INOGOT-GOT,1778643570,0.23,0.27,,0.0,1778641200.0,0.22,0.28,,0.0,True
KXITFWMATCH-26MAY13KENYAN-KEN,1778725970,0.24,0.28,,0.0,1778720400.0,0.24,0.28,,0.0,True
KXITFWMATCH-26MAY13LEYLAM-LAM,1778654888,0.78,0.84,,0.0,1778652000.0,0.79,0.84,,0.0,True
KXITFWMATCH-26MAY13MARTUR-MAR,1778661213,0.02,0.07,,0.0,1778652000.0,0.02,0.07,,0.0,True
KXITFWMATCH-26MAY13MESLEE-LEE,1778714632,0.03,0.94,,0.0,1778713200.0,0.02,0.94,,0.0,True
KXITFWMATCH-26MAY13POPFIR-FIR,1778652863,0.93,0.94,,0.0,1778652000.0,0.92,0.94,,0.0,True
KXITFWMATCH-26MAY13SHINOG-NOG,1778716666,0.54,0.94,,0.0,1778713200.0,0.45,0.94,,0.0,True
KXITFWMATCH-26MAY13SHITSU-SHI,1778713082,0.03,0.55,,0.0,1778709600.0,0.03,0.56,,0.0,True
KXITFWMATCH-26MAY13SORBON-BON,1778685130,0.16,0.18,,0.0,1778677200.0,0.16,0.18,,0.0,True
KXITFWMATCH-26MAY13SUCVLA-SUC,1778686345,0.82,0.88,,0.0,1778684400.0,0.81,0.89,,0.0,True
KXITFWMATCH-26MAY13TANLIU-LIU,1778666841,0.62,0.68,,0.0,1778666400.0,0.62,0.67,,0.0,True
KXITFWMATCH-26MAY13VANMAR-MAR,1778679742,0.27,0.32,0.31,242.72,1778677200.0,0.27,0.33,0.31,242.72,True
KXITFWMATCH-26MAY14BROROG-BRO,1778767532,0.49,0.53,0.47,3.0,1778767200.0,0.49,0.53,0.47,3.0,True
KXITFWMATCH-26MAY14GILLOP-GIL,1778772672,0.79,0.85,,0.0,1778770800.0,0.77,0.9,,0.0,True
KXITFWMATCH-26MAY14GOTCHA-CHA,1778802975,0.45,0.47,0.49,2679.52,1778799600.0,0.46,0.49,0.49,100.54,True
KXITFWMATCH-26MAY14PARYEX-PAR,1778801181,,,,0.0,,,,,0.0,False
KXITFWMATCH-26MAY14SWASAI-SAI,1778806937,0.31,0.33,0.33,8.89,1778806800.0,0.31,0.33,0.3,6.0,True
KXITFWMATCH-26MAY14TSYBOJ-BOJ,1778741542,0.26,0.3,,0.0,1778738400.0,0.26,0.32,,0.0,True
KXITFWMATCH-26MAY15BRESHA-BRE,1778855116,0.78,0.81,0.81,10.19,1778853600.0,0.8,0.82,0.83,5.1899999999999995,True
KXITFWMATCH-26MAY15COLTSY-COL,1778910917,0.77,0.87,0.87,9897.809999999996,1778907600.0,0.85,0.94,0.95,9826.309999999996,True
KXITFWMATCH-26MAY15DORBAR-BAR,1778819155,0.38,0.43,,0.0,1778817600.0,0.38,0.43,,0.0,True
KXITFWMATCH-26MAY15LASIVA-IVA,1778834736,0.13,0.22,0.22,66.0,1778824800.0,0.13,0.22,0.22,66.0,True
KXITFWMATCH-26MAY15LOLMIL-LOL,1778831133,0.28,0.33,,0.0,1778824800.0,0.29,0.35,,0.0,True
KXITFWMATCH-26MAY15MIXSUV-MIX,1778831440,0.72,0.78,,0.0,1778828400.0,0.71,0.77,,0.0,True
KXITFWMATCH-26MAY15POPRAG-POP,1778832929,0.44,0.49,,0.0,1778828400.0,0.44,0.49,,0.0,True
KXITFWMATCH-26MAY16CHESOR-CHE,1778980286,0.8,0.94,0.94,1.0,1778979600.0,0.06,0.94,,0.0,True
KXITFWMATCH-26MAY16HRAZAN-HRA,1778924750,0.23,0.28,0.31,100.0,1778922000.0,0.23,0.28,0.31,100.0,True
KXITFWMATCH-26MAY16KUZMIL-KUZ,1778916912,0.71,0.72,0.72,296.21,1778914800.0,0.69,0.72,0.72,125.63,True
KXITFWMATCH-26MAY16LIXGAO-GAO,1778983721,0.05,0.94,,0.0,1778983200.0,0.06,0.94,,0.0,True
KXITFWMATCH-26MAY16SWAOKA-OKA,1778976041,0.23,0.26,0.26,192.87,1778976000.0,0.23,0.26,0.26,189.22,True
KXITFWMATCH-26MAY16WANTSA-TSA,1778979606,0.06,0.94,,0.0,1778979600.0,0.06,0.94,,0.0,True
KXITFWMATCH-26MAY17AHNSON-AHN,1779079313,0.05,0.93,,0.0,1779069600.0,0.05,0.93,,0.0,True
KXITFWMATCH-26MAY17FEDGID-FED,1778998111,0.02,0.94,,0.0,1778997600.0,0.02,0.94,,0.0,True
KXITFWMATCH-26MAY17GOTBLA-BLA,1779061382,0.05,0.94,,0.0,1779058800.0,0.03,0.94,,0.0,True
KXITFWMATCH-26MAY17IMXJEN-IMX,1779079309,0.03,0.93,,0.0,1779076800.0,0.45,0.94,,0.0,True
KXITFWMATCH-26MAY17LEEKIM-KIM,1779087572,0.04,0.97,0.97,300.69999999999993,1779084000.0,0.03,0.96,0.96,295.55999999999995,True
KXITFWMATCH-26MAY17LENKRY-KRY,1779011797,0.02,0.94,,0.0,1779008400.0,0.01,0.92,,0.0,True
KXITFWMATCH-26MAY17MALTAR-MAL,1778998360,0.02,0.94,,0.0,1778997600.0,0.02,0.94,,0.0,True
KXITFWMATCH-26MAY17MONJAC-JAC,1779015348,0.0,0.94,,0.0,1779012000.0,0.01,0.94,,0.0,True
KXITFWMATCH-26MAY17MURSTE-MUR,1779067931,0.06,0.9,,0.0,1779066000.0,0.25,0.8,,0.0,True
KXITFWMATCH-26MAY17NESKOV-KOV,1778999262,0.01,0.94,,0.0,1778997600.0,0.02,0.94,,0.0,True
KXITFWMATCH-26MAY17NISEOM-EOM,1779079309,0.03,0.94,0.94,29.0,1779076800.0,0.25,0.94,,0.0,True
KXITFWMATCH-26MAY17OMEMAI-MAI,1779016411,0.01,0.94,,0.0,1779015600.0,0.02,0.94,,0.0,True
KXITFWMATCH-26MAY17ONOHAT-HAT,1779075170,0.05,0.94,,0.0,1779073200.0,0.06,0.94,,0.0,True
KXITFWMATCH-26MAY17QUIMAS-MAS,1779006716,0.01,0.94,,0.0,1779004800.0,0.02,0.94,,0.0,True
KXITFWMATCH-26MAY17RASTOR-RAS,1778999262,0.01,0.94,,0.0,1778997600.0,0.02,0.94,,0.0,True
KXITFWMATCH-26MAY17SAVSTO-SAV,1779009905,0.02,0.94,,0.0,1779008400.0,0.02,0.94,,0.0,True
KXITFWMATCH-26MAY17TRUKAJ-KAJ,1779011785,0.02,0.94,,0.0,1779008400.0,0.02,0.94,,0.0,True
KXITFWMATCH-26MAY17VELBOR-BOR,1779016704,0.02,0.94,,0.0,1779015600.0,0.02,0.94,,0.0,True
KXITFWMATCH-26MAY17XUXSTO-STO,1778995386,,,,0.0,,,,,0.0,True
KXITFWMATCH-26MAY17XUXTIA-TIA,1779067358,0.2,0.35,,0.0,1779066000.0,0.21,0.34,,0.0,True
KXITFWMATCH-26MAY17YOSMAT-MAT,1779073673,0.05,0.93,,0.0,1779069600.0,0.05,0.94,,0.0,True
KXITFWMATCH-26MAY17ZHATIA-TIA,1778995381,0.02,0.94,,0.0,1778994000.0,0.02,0.94,,0.0,True
KXITFWMATCH-26MAY18AKSSUP-AKS,1779092603,0.9,0.94,,0.0,1779091200.0,0.89,0.94,,0.0,True
KXITFWMATCH-26MAY18BERFAR-BER,1779100335,0.93,0.94,,0.0,1779091200.0,0.93,0.94,,0.0,True
KXITFWMATCH-26MAY18BROBER-BER,1779114086,0.05,0.94,,0.0,1779109200.0,0.05,0.72,,0.0,True
KXITFWMATCH-26MAY18HRDROD-HRD,1779093822,0.77,0.91,,0.0,1779091200.0,0.77,0.91,,0.0,True
KXITFWMATCH-26MAY18ISAFON-FON,1779104654,0.06,0.91,,0.0,1779102000.0,0.06,0.91,,0.0,True
KXITFWMATCH-26MAY18IVAGAY-GAY,1779106633,0.05,0.94,,0.0,1779105600.0,0.06,0.94,,0.0,True
KXITFWMATCH-26MAY18IVAHER-HER,1779096165,0.05,0.94,,0.0,1779091200.0,0.05,0.94,,0.0,True
KXITFWMATCH-26MAY18KATSON-KAT,1779149517,0.5,0.62,,0.0,1779148800.0,0.46,0.64,,0.0,True
KXITFWMATCH-26MAY18KOYSAT-KOY,1779165963,0.49,0.51,0.48,1087.15,1779163200.0,0.48,0.49,0.48,1010.86,True
KXITFWMATCH-26MAY18LANLOP-LAN,1779118342,0.12,0.25,0.12,0.55,1779116400.0,0.12,0.25,,0.0,True
KXITFWMATCH-26MAY18LEEFEH-FEH,1779082874,0.02,0.69,,0.0,1779080400.0,0.03,0.71,,0.0,True
KXITFWMATCH-26MAY18LIUCAT-CAT,1779120751,0.39,0.54,,0.0,1779120000.0,0.06,0.94,,0.0,True
KXITFWMATCH-26MAY18MATYAM-MAT,1779142636,0.6,0.74,,0.0,1779141600.0,0.61,0.73,,0.0,True
KXITFWMATCH-26MAY18MIYHAT-HAT,1779143818,0.08,0.21,0.21,5.63,1779141600.0,0.06,0.3,,0.0,True
KXITFWMATCH-26MAY18MONNAV-MON,1779133851,0.2,0.33,0.2,145.87,1779130800.0,0.25,0.3,,0.0,True
KXITFWMATCH-26MAY18MUZFER-FER,1779103433,0.05,0.94,,0.0,1779102000.0,0.06,0.94,,0.0,True
KXITFWMATCH-26MAY18NOSMAN-MAN,1779114085,0.05,0.94,,0.0,1779102000.0,0.05,0.94,,0.0,True
KXITFWMATCH-26MAY18PETHEJ-HEJ,1779088774,0.07,0.93,,0.0,1779087600.0,0.05,0.93,,0.0,True
KXITFWMATCH-26MAY18SHEDES-DES,1779159039,0.14,0.19,,0.0,1779152400.0,0.15,0.2,,0.0,True
KXITFWMATCH-26MAY18SHIHAN-HAN,1779148577,0.13,0.25,,0.0,1779145200.0,0.13,0.26,,0.0,True
KXITFWMATCH-26MAY18TRECAC-CAC,1779115600,0.05,0.87,,0.0,1779109200.0,0.06,0.87,,0.0,True
KXITFWMATCH-26MAY18VELDOB-DOB,1779082023,0.02,0.79,,0.0,1779080400.0,0.02,0.79,,0.0,True
KXITFWMATCH-26MAY18WUXSHI-SHI,1779148264,0.22,0.37,,0.0,1779145200.0,0.07,0.52,,0.0,True
KXITFWMATCH-26MAY19ARYPUI-ARY,1779183445,0.85,0.9,,0.0,1779181200.0,0.84,0.91,,0.0,True
KXITFWMATCH-26MAY19AVACOH-AVA,1779167868,0.82,0.94,,0.0,1779166800.0,0.02,0.94,,0.0,True
KXITFWMATCH-26MAY19BORFER-BOR,1779177796,0.5,0.94,,0.0,1779177600.0,0.5,0.94,,0.0,True
KXITFWMATCH-26MAY19DOBJER-DOB,1779170978,0.5,0.56,,0.0,1779170400.0,0.5,0.94,,0.0,True
KXITFWMATCH-26MAY19DUESLA-DUE,1779189414,0.81,0.88,,0.0,1779188400.0,0.8,0.88,,0.0,True
KXITFWMATCH-26MAY19FONABR-ABR,1779177463,0.25,0.93,,0.0,1779174000.0,0.25,0.94,,0.0,True
KXITFWMATCH-26MAY19GUITSU-GUI,1779250102,0.15,0.18,0.19,1.0,1779249600.0,0.17,0.19,0.19,1.0,True
KXITFWMATCH-26MAY19GURKOR-GUR,1779171258,0.15,0.29,,0.0,1779170400.0,0.15,0.28,,0.0,True
KXITFWMATCH-26MAY19IVAJAM-IVA,1779177467,0.31,0.94,,0.0,1779148800.0,0.31,0.94,,0.0,True
KXITFWMATCH-26MAY19KOISEM-KOI,1779243655,0.8,0.84,,0.0,1779242400.0,0.8,0.86,,0.0,True
KXITFWMATCH-26MAY19PASUTK-PAS,1779176120,0.25,0.94,,0.0,1779174000.0,0.26,0.93,,0.0,True
KXITFWMATCH-26MAY19RIZROC-RIZ,1779198131,0.06,0.11,,0.0,1779195600.0,0.06,0.12,,0.0,True
KXITFWMATCH-26MAY19SAHSHA-SAH,1779207483,0.24,0.26,,0.0,1779206400.0,0.25,0.3,,0.0,True
KXITFWMATCH-26MAY19SOTCHA-CHA,1779170115,0.32,0.38,,0.0,1779166800.0,0.02,0.94,,0.0,True
KXITFWMATCH-26MAY19TSYPLO-PLO,1779167861,0.03,0.58,,0.0,1779166800.0,0.03,0.66,,0.0,True
KXITFWMATCH-26MAY19VERSIE-SIE,1779212792,0.63,0.68,,0.0,1779210000.0,0.64,0.68,,0.0,True
KXITFWMATCH-26MAY19VLAVAZ-VAZ,1779181639,0.07,0.93,,0.0,1779181200.0,0.07,0.93,,0.0,True
KXITFWMATCH-26MAY19ZANGAD-GAD,1779190009,0.31,0.38,,0.0,1779188400.0,0.3,0.37,,0.0,True
KXITFWMATCH-26MAY20BAYIVA-BAY,1779279152,0.24,0.36,0.33,502.38,1779278400.0,0.26,0.33,0.33,502.38,True
KXITFWMATCH-26MAY20BROSNE-BRO,1779280012,0.84,0.89,,0.0,1779278400.0,0.86,0.92,,0.0,True
KXITFWMATCH-26MAY20FONBON-BON,1779277995,0.74,0.82,,0.0,1779274800.0,0.74,0.82,,0.0,True
KXITFWMATCH-26MAY20FOUCHU-CHU,1779280015,0.12,0.15,0.15,65.88,1779278400.0,0.12,0.15,0.15,65.88,True
KXITFWMATCH-26MAY20JAKPLO-JAK,1779271379,0.89,0.94,,0.0,1779271200.0,0.89,0.94,,0.0,True
KXITFWMATCH-26MAY20MEDWIL-MED,1779419847,0.12,0.29,0.14,10249.660000000002,1779418800.0,0.35,0.44,0.42,9893.910000000002,True
KXITFWMATCH-26MAY20NAISHI-NAI,1779412937,0.59,0.62,0.56,786.15,1779411600.0,0.57,0.59,0.6,603.64,True
KXITFWMATCH-26MAY20NOSDES-DES,1779271380,0.59,0.77,,0.0,1779271200.0,0.63,0.71,,0.0,True
KXITFWMATCH-26MAY20PASPAW-PAS,1779260714,0.06,0.11,0.11,85.57,1779260400.0,0.06,0.11,,0.0,True
KXITFWMATCH-26MAY20PRIDER-DER,1779262471,0.05,0.09,,0.0,1779260400.0,0.04,0.09,,0.0,True
KXITFWMATCH-26MAY20PRIDJU-DJU,1779257711,0.02,0.09,,0.0,1779256800.0,0.02,0.11,,0.0,True
KXITFWMATCH-26MAY20RYSKAW-KAW,1779419846,0.37,0.42,0.4,11.46,1779418800.0,0.38,0.42,0.4,11.46,True
KXITFWMATCH-26MAY20SAIKIN-KIN,1779414755,0.67,0.7,0.71,271.09999999999997,1779411600.0,0.66,0.7,0.71,271.09999999999997,True
KXITFWMATCH-26MAY20SAKPER-PER,1779270150,0.33,0.42,,0.0,1779267600.0,0.35,0.38,,0.0,True
KXITFWMATCH-26MAY20TANREN-REN,1779249328,0.29,0.34,,0.0,1779246000.0,0.29,0.35,,0.0,True
KXITFWMATCH-26MAY20VANCHA-CHA,1779254744,0.72,0.79,,0.0,1779253200.0,0.73,0.79,,0.0,True
KXITFWMATCH-26MAY20YASYEX-YAS,1779323675,0.28,0.32,0.33,10.0,1779321600.0,0.28,0.33,0.33,10.0,True
KXITFWMATCH-26MAY21ALLSPI-ALL,1779345806,0.57,0.62,,0.0,1779343200.0,0.56,0.63,,0.0,True
KXITFWMATCH-26MAY21BACLEE-BAC,1779407360,0.94,0.96,0.96,56.0,1779404400.0,0.81,0.94,0.94,21.18,True
KXITFWMATCH-26MAY21BELAMI-AMI,1779347601,0.82,0.9,0.86,31.4,1779346800.0,0.86,0.92,,0.0,True
KXITFWMATCH-26MAY21CHAARU-ARU,1779348773,0.03,0.12,0.13,386.37,1779346800.0,0.04,0.07,0.07,324.72,True
KXITFWMATCH-26MAY21ELSKAP-ELS,1779362499,0.77,0.86,,0.0,1779361200.0,0.75,0.94,,0.0,True
KXITFWMATCH-26MAY21KASOTW-KAS,1779353518,0.36,0.42,,0.0,1779350400.0,0.41,0.42,,0.0,True
KXITFWMATCH-26MAY21KHOAGU-AGU,1779360097,0.54,0.66,,0.0,1779357600.0,0.56,0.7,,0.0,True
KXITFWMATCH-26MAY21MAQGAN-GAN,1779348781,0.45,0.68,0.47,125.86,1779346800.0,0.42,0.46,,0.0,True
KXITFWMATCH-26MAY21PAOROC-PAO,1779345509,0.05,0.94,,0.0,1779343200.0,0.02,0.94,,0.0,True
KXITFWMATCH-26MAY21SLAGEN-GEN,1779361940,0.82,0.87,,0.0,1779357600.0,0.02,0.87,,0.0,True
KXITFWMATCH-26MAY21URSLOP-LOP,1779356183,0.02,0.72,,0.0,1779354000.0,0.52,0.56,,0.0,True
KXITFWMATCH-26MAY21YAOLIX-LIX,1779414127,0.41,0.44,0.42,21.0,1779411600.0,0.41,0.45,0.42,21.0,True
KXITFWMATCH-26MAY22GRAKUB-GRA,1779443124,0.74,0.76,0.7,79.0,1779440400.0,0.74,0.76,0.7,79.0,True
KXITFWMATCH-26MAY22KAJRYS-KAJ,1779503167,0.43,0.44,0.43,497.12,1779501600.0,0.42,0.43,0.43,497.12,True
KXITFWMATCH-26MAY22NAISER-NAI,1779429109,,,,0.0,,,,,0.0,False
KXITFWMATCH-26MAY22SAIKAJ-KAJ,1779429733,,,,0.0,,,,,0.0,False
KXITFWMATCH-26MAY22VANVOR-VAN,1779432698,0.37,0.43,,0.0,1779429600.0,0.37,0.44,,0.0,True
KXITFWMATCH-26MAY22VEDSTR-STR,1779432087,0.37,0.43,,0.0,1779429600.0,0.37,0.44,,0.0,True
KXITFWMATCH-26MAY23BERVIS-BER,1779518122,0.47,0.5,0.51,918.0,1779516000.0,0.47,0.5,0.51,918.0,True
KXITFWMATCH-26MAY23RUISUN-RUI,1779584304,0.04,0.94,,0.0,1779580800.0,0.04,0.94,,0.0,True
KXITFWMATCH-26MAY23STROZX-OZX,1779529213,0.48,0.52,0.48,849.49,1779526800.0,0.49,0.52,0.48,830.9,True
KXITFWMATCH-26MAY23VILARY-ARY,1779517515,,,,0.0,,,,,0.0,False
KXITFWMATCH-26MAY24ALMDON-ALM,1779631119,0.05,0.94,,0.0,1779627600.0,0.06,0.94,,0.0,True
KXITFWMATCH-26MAY24BAZESP-BAZ,1779603668,0.8,0.94,,0.0,1779602400.0,0.81,0.94,,0.0,True
KXITFWMATCH-26MAY24BERDUD-BER,1779609900,0.33,0.39,,0.0,1779609600.0,0.32,0.39,,0.0,True
KXITFWMATCH-26MAY24CHEXUX-CHE,1779682931,0.35,0.86,,0.0,1779681600.0,0.35,0.86,,0.0,True
KXITFWMATCH-26MAY24DELDEB-DEB,1779620038,0.25,0.94,,0.0,1779609600.0,0.25,0.94,,0.0,True
KXITFWMATCH-26MAY24FALPRI-FAL,1779602442,0.54,0.57,0.58,301.64,1779602400.0,0.54,0.55,0.55,129.0,True
KXITFWMATCH-26MAY24GUTLOP-GUT,1779624222,0.06,0.93,,0.0,1779620400.0,0.06,0.93,,0.0,True
KXITFWMATCH-26MAY24HERBUM-BUM,1779600111,0.04,0.93,,0.0,1779598800.0,0.04,0.93,,0.0,True
KXITFWMATCH-26MAY24KANPON-KAN,1779610159,0.06,0.93,,0.0,1779606000.0,0.07,0.93,,0.0,True
KXITFWMATCH-26MAY24LESBAB-BAB,1779610452,0.51,0.93,,0.0,1779584400.0,0.51,0.93,,0.0,True
KXITFWMATCH-26MAY24MENXIX-MEN,1779682930,0.05,0.68,,0.0,1779681600.0,0.06,0.63,,0.0,True
KXITFWMATCH-26MAY24NERMIC-MIC,1779613171,0.02,0.94,,0.0,1779609600.0,0.02,0.94,,0.0,True
KXITFWMATCH-26MAY24SHITSE-SHI,1779613159,0.07,0.93,,0.0,1779609600.0,0.07,0.93,,0.0,True
KXITFWMATCH-26MAY24STRCUR-CUR,1779605215,0.52,0.55,0.53,1082.98,1779602400.0,0.5,0.52,0.49,1055.21,True
KXITFWMATCH-26MAY24TRUMIK-MIK,1779612230,0.32,0.93,,0.0,1779584400.0,0.32,0.93,,0.0,True
KXITFWMATCH-26MAY24VILFUS-FUS,1779600106,0.07,0.93,,0.0,1779598800.0,0.04,0.93,,0.0,True
KXITFWMATCH-26MAY25BARYEX-BAR,1779763532,0.48,0.54,0.51,379.15,1779760800.0,0.46,0.51,,0.0,True
KXITFWMATCH-26MAY25CHAZHO-CHA,1779704288,0.5,0.94,,0.0,1779699600.0,0.5,0.94,,0.0,True
KXITFWMATCH-26MAY25GOBKOV-GOB,1779708794,0.42,0.94,,0.0,1779706800.0,0.42,0.94,,0.0,True
KXITFWMATCH-26MAY25GORSAG-GOR,1779698292,0.06,0.66,,0.0,1779696000.0,0.07,0.65,,0.0,True
KXITFWMATCH-26MAY25GREADE-ADE,1779694772,0.05,0.94,,0.0,1779692400.0,0.04,0.94,,0.0,True
KXITFWMATCH-26MAY25HAYOHA-HAY,1779743742,0.59,0.93,0.93,2.2,1779742800.0,0.54,0.93,,0.0,True
KXITFWMATCH-26MAY25HIEUDV-HIE,1779688777,0.45,0.55,0.54,22.6,1779685200.0,0.46,0.54,,0.0,True
KXITFWMATCH-26MAY25LLIPAT-LLI,1779697477,0.48,0.94,,0.0,1779696000.0,0.48,0.94,,0.0,True
KXITFWMATCH-26MAY25OTZFET-FET,1779705857,0.4,0.67,,0.0,1779703200.0,0.41,0.67,,0.0,True
KXITFWMATCH-26MAY25OXFOUN-OUN,1779729240,0.25,0.93,,0.0,1779728400.0,0.25,0.94,,0.0,True
KXITFWMATCH-26MAY25RICNIK-NIK,1779700678,0.05,0.51,,0.0,1779699600.0,0.03,0.67,,0.0,True
KXITFWMATCH-26MAY25SANIYE-IYE,1779720150,0.05,0.94,,0.0,1779717600.0,0.06,0.94,,0.0,True
KXITFWMATCH-26MAY25ZGHMIT-MIT,1779707239,0.05,0.94,,0.0,1779706800.0,0.06,0.94,,0.0,True
KXITFWMATCH-26MAY26CAPMOL-CAP,1779775210,0.08,0.48,,0.0,1779775200.0,0.06,0.78,,0.0,True
KXITFWMATCH-26MAY26DANPAU-DAN,1779783778,0.07,0.93,,0.0,1779778800.0,0.08,0.92,,0.0,True
KXITFWMATCH-26MAY26DEBMIT-DEB,1779793000,0.25,0.93,,0.0,1779786000.0,0.25,0.93,,0.0,True
KXITFWMATCH-26MAY26ELIMOE-ELI,1779803187,0.08,0.5,,0.0,1779800400.0,0.08,0.5,,0.0,True
KXITFWMATCH-26MAY26FANTAH-FAN,1779781372,0.25,0.93,,0.0,1779778800.0,0.25,0.93,,0.0,True
KXITFWMATCH-26MAY26HAMLUC-HAM,1779788231,0.05,0.08,,0.0,1779786000.0,0.05,0.08,,0.0,True
KXITFWMATCH-26MAY26KIMSAW-KIM,1779845377,0.17,0.2,0.19,140.44,1779843600.0,0.16,0.19,0.19,10.95,True
KXITFWMATCH-26MAY26KOCTUR-KOC,1779791549,0.39,0.45,0.39,27.0,1779789600.0,0.38,0.47,0.39,27.0,True
KXITFWMATCH-26MAY26KRYBER-BER,1779779853,0.07,0.93,,0.0,1779778800.0,0.05,0.93,,0.0,True
KXITFWMATCH-26MAY26MARGAI-GAI,1779773354,0.02,0.2,,0.0,1779771600.0,0.05,0.19,,0.0,True
KXITFWMATCH-26MAY26MATSHI-MAT,1779834353,0.89,0.98,0.98,84.61,1779832800.0,0.89,0.94,0.9,21.0,True
KXITFWMATCH-26MAY26MEDSAR-MED,1779774236,0.05,0.93,,0.0,1779771600.0,0.03,0.93,,0.0,True
KXITFWMATCH-26MAY26OVCREY-OVC,1779786455,0.46,0.92,,0.0,1779786000.0,0.45,0.92,,0.0,True
KXITFWMATCH-26MAY26SOUFAV-FAV,1779783156,0.07,0.65,,0.0,1779782400.0,0.08,0.64,,0.0,True
KXITFWMATCH-26MAY26VOZMES-MES,1779775485,0.28,0.56,,0.0,1779775200.0,0.28,0.67,,0.0,True
KXITFWMATCH-26MAY26ZELHIG-HIG,1779784348,0.03,0.08,0.33,74.0,1779782400.0,0.05,0.08,0.33,74.0,True
KXITFWMATCH-26MAY27DYUYOR-DYU,1779860712,0.35,0.41,,0.0,1779858000.0,0.35,0.41,,0.0,True
KXITFWMATCH-26MAY27FAVAYA-AYA,1779882136,0.33,0.34,,0.0,1779879600.0,0.33,0.38,,0.0,True
KXITFWMATCH-26MAY27MAZSHI-MAZ,1779874377,0.59,0.65,,0.0,1779872400.0,0.61,0.65,,0.0,True
KXITFWMATCH-26MAY27MCAZAA-MCA,1779874380,0.24,0.28,0.22,249.0,1779872400.0,0.24,0.28,0.22,249.0,True
KXITFWMATCH-26MAY27MILSTR-MIL,1779867236,0.51,0.55,,0.0,1779865200.0,0.51,0.54,,0.0,True
KXITFWMATCH-26MAY27OTZVED-OTZ,1779859738,0.21,0.26,,0.0,1779858000.0,0.2,0.27,,0.0,True
KXITFWMATCH-26MAY27PALFIT-FIT,1779876440,0.89,0.93,,0.0,1779876000.0,0.91,0.94,,0.0,True
KXITFWMATCH-26MAY27PAURAS-PAU,1779867472,0.41,0.45,,0.0,1779865200.0,0.4,0.45,,0.0,True
KXITFWMATCH-26MAY27POPBIR-BIR,1779869251,0.06,0.09,0.11,171.15,1779868800.0,0.07,0.09,0.11,171.15,True
KXITFWMATCH-26MAY27POPMAR-MAR,1779875823,0.19,0.25,,0.0,1779872400.0,0.2,0.26,,0.0,True
KXITFWMATCH-26MAY27RUGROM-ROM,1779891951,0.62,0.67,,0.0,1779890400.0,0.62,0.68,,0.0,True
KXITFWMATCH-26MAY27SAFJOV-JOV,1779857184,0.39,0.44,,0.0,1779854400.0,0.39,0.45,,0.0,True
KXITFWMATCH-26MAY27SUNKHO-KHO,1779866627,0.61,0.72,0.69,43.05,1779865200.0,0.67,0.69,0.67,18.310000000000002,True
KXITFWMATCH-26MAY27SUSKAK-KAK,1779863182,0.4,0.45,,0.0,1779861600.0,0.4,0.45,,0.0,True
KXITFWMATCH-26MAY28IVASAK-IVA,1779947590,0.36,0.42,,0.0,1779944400.0,0.36,0.43,,0.0,True
KXITFWMATCH-26MAY28KOSSTR-KOS,1779953265,0.7,0.73,0.68,1572.0,1779951600.0,0.67,0.68,0.68,24.0,True
KXITFWMATCH-26MAY28KRODAN-DAN,1779944689,0.03,0.23,0.04,5.0,1779944400.0,0.05,0.23,0.04,5.0,True
KXITFWMATCH-26MAY28LEPTAR-LEP,1779959763,0.26,0.92,,0.0,1779958800.0,0.26,0.92,,0.0,True
KXITFWMATCH-26MAY28LOVART-ART,1779952004,0.28,0.3,0.3,738.48,1779951600.0,0.27,0.29,0.3,734.96,True
KXITFWMATCH-26MAY28LUKCEX-CEX,1779961175,0.02,0.68,,0.0,1779958800.0,0.24,0.3,,0.0,True
KXITFWMATCH-26MAY28MATKIM-KIM,1780006593,0.28,0.32,0.31,54.25,1780005600.0,0.27,0.31,0.31,51.18,True
KXITFWMATCH-26MAY28MILVUJ-MIL,1779947277,0.33,0.34,,0.0,1779944400.0,0.33,0.35,,0.0,True
KXITFWMATCH-26MAY28NOGNIS-NIS,1780020120,0.38,0.4,0.4,87.16,1780020000.0,0.38,0.4,0.4,85.16,True
KXITFWMATCH-26MAY28PAPPRI-PAP,1779963365,0.77,0.79,0.8,125.0,1779962400.0,0.77,0.79,0.8,125.0,True
KXITFWMATCH-26MAY28SHEKUZ-KUZ,1779944687,0.5,0.92,,0.0,1779944400.0,0.5,0.93,,0.0,True
KXITFWMATCH-26MAY28STEKOR-KOR,1779947276,0.23,0.28,,0.0,1779944400.0,0.22,0.29,,0.0,True
KXITFWMATCH-26MAY28SUNHOR-HOR,1779947275,0.16,0.18,0.2,47.32,1779944400.0,0.15,0.19,0.2,47.32,True
KXITFWMATCH-26MAY28YAMQUA-QUA,1780066255,0.2,0.22,0.22,884.4000000000001,1780063200.0,0.22,0.25,0.23,882.4000000000001,True
KXITFWMATCH-26MAY29BERMOY-BER,1780036287,0.6,0.63,0.63,6.09,1780034400.0,0.58,0.64,,0.0,True
KXITFWMATCH-26MAY29KROYUL-KRO,1780030916,0.89,0.92,0.94,20.05,1780030800.0,0.86,0.93,0.94,8.0,True
KXITFWMATCH-26MAY29LOVADA-ADA,1780044948,0.27,0.3,0.3,13.34,1780041600.0,0.27,0.3,,0.0,True
KXITFWMATCH-26MAY30DOLLIM-DOL,1780128311,0.37,0.42,,0.0,1780128000.0,0.37,0.42,,0.0,True
KXITFWMATCH-26MAY30GUZMAX-GUZ,1780156014,0.36,0.4,0.4,19.400000000000002,1780153200.0,0.36,0.4,0.4,12.21,True
KXITFWMATCH-26MAY30RADMAT-MAT,1780142165,0.14,0.15,0.15,105.75,1780138800.0,0.14,0.15,0.15,93.17,True
KXITFWMATCH-26MAY30RUGMAR-MAR,1780129849,0.69,0.71,0.71,11.0,1780120800.0,0.69,0.71,0.71,11.0,True
KXITFWMATCH-26MAY30SHUINO-INO,1780188430,0.14,0.18,0.18,1375.6699999999998,1780185600.0,0.16,0.18,0.18,1045.08,True
KXITFWMATCH-26MAY30SHUSHI-SHI,1780105883,0.26,0.28,0.26,727.0300000000001,1780102800.0,0.25,0.26,0.26,727.0300000000001,True
KXITFWMATCH-26MAY30WANLUT-LUT,1780153616,0.59,0.63,,0.0,1780153200.0,0.59,0.62,,0.0,True
KXITFWMATCH-26MAY30ZAASAM-SAM,1780125311,0.65,0.66,0.67,131.94,1780124400.0,0.65,0.67,0.62,59.0,True
KXITFWMATCH-26MAY30ZANKOR-KOR,1780123845,0.27,0.31,,0.0,1780120800.0,0.28,0.31,,0.0,True
KXITFWMATCH-26MAY31ANSCAI-ANS,1780221874,0.03,0.93,,0.0,1780221600.0,0.07,0.93,,0.0,True
KXITFWMATCH-26MAY31BENPIR-BEN,1780213573,0.06,0.94,,0.0,1780210800.0,0.04,0.94,,0.0,True
KXITFWMATCH-26MAY31BUMFAL-BUM,1780211719,0.07,0.92,,0.0,1780210800.0,0.04,0.94,,0.0,True
KXITFWMATCH-26MAY31CIMKAB-CIM,1780238201,0.05,0.94,,0.0,1780236000.0,0.05,0.94,,0.0,True
KXITFWMATCH-26MAY31FANCAV-CAV,1780213579,0.05,0.94,,0.0,1780210800.0,0.04,0.93,,0.0,True
KXITFWMATCH-26MAY31FEHJEL-FEH,1780208414,0.08,0.92,,0.0,1780207200.0,0.03,0.93,,0.0,True
KXITFWMATCH-26MAY31GOLHUA-GOL,1780203679,0.67,0.73,0.73,116.93,1780203600.0,0.62,0.82,,0.0,True
KXITFWMATCH-26MAY31GOTHAN-GOT,1780274172,0.65,0.68,0.74,67.64,1780264800.0,0.65,0.68,0.74,67.64,True
KXITFWMATCH-26MAY31GRAEST-EST,1780215264,0.06,0.94,,0.0,1780214400.0,0.06,0.93,,0.0,True
KXITFWMATCH-26MAY31HOUZEL-HOU,1780202233,0.25,0.3,,0.0,1780200000.0,0.25,0.31,,0.0,True
KXITFWMATCH-26MAY31KOVBAL-BAL,1780221865,0.05,0.94,,0.0,1780221600.0,0.05,0.94,,0.0,True
KXITFWMATCH-26MAY31LOPWIL-LOP,1780208698,0.79,0.93,,0.0,1780207200.0,0.79,0.94,,0.0,True
KXITFWMATCH-26MAY31MAZFAU-FAU,1780217873,0.05,0.94,,0.0,1780214400.0,0.06,0.94,,0.0,True
KXITFWMATCH-26MAY31MLAGOS-GOS,1780228026,0.33,0.93,,0.0,1780225200.0,0.05,0.94,,0.0,True
KXITFWMATCH-26MAY31NESANI-ANI,1780211713,0.07,0.92,,0.0,1780210800.0,0.04,0.94,,0.0,True
KXITFWMATCH-26MAY31PERBER-BER,1780233677,0.05,0.94,,0.0,1780232400.0,0.05,0.94,,0.0,True
KXITFWMATCH-26MAY31PERJOH-JOH,1780228313,0.05,0.94,,0.0,1780225200.0,0.06,0.94,,0.0,True
KXITFWMATCH-26MAY31PERSEV-PER,1780235470,0.05,0.94,,0.0,1780228800.0,0.06,0.94,,0.0,True
KXITFWMATCH-26MAY31PRUBUT-BUT,1780202768,0.08,0.92,,0.0,1780200000.0,0.07,0.91,,0.0,True
KXITFWMATCH-26MAY31ROCALM-ALM,1780221869,0.07,0.93,,0.0,1780221600.0,0.05,0.94,,0.0,True
KXITFWMATCH-26MAY31VAJMIL-MIL,1780215954,0.02,0.94,,0.0,1780214400.0,0.06,0.94,,0.0,True
KXITFWMATCH-26MAY31WANHOU-HOU,1780279226,0.37,0.88,,0.0,1780275600.0,0.37,0.91,,0.0,True
KXITFWMATCH-26MAY31YOUOME-OME,1780213576,0.08,0.93,,0.0,1780210800.0,0.04,0.94,,0.0,True
KXITFWMATCH-26MAY31ZAMMOA-MOA,1780225092,0.04,0.94,,0.0,1780221600.0,0.05,0.94,,0.0,True
