ticker,t,bid,ask,ultimo,vol,vela,bid_2h,ask_2h,ultimo_2h,vol_2h,ok
KXATPMATCH-25AUG01COBMAR-COB,1754067649,0.47,0.48,0.48,6028.0,1754067600.0,0.47,0.49,0.49,335.0,True
KXATPMATCH-25AUG01DAVMEN-DAV,1754044244,0.55,0.62,0.61,3866.0,1754035200.0,0.55,0.62,0.61,3866.0,True
KXATPMATCH-25AUG01DIAFRI-DIA,1754073030,0.28,0.29,0.29,1562.0,1754071200.0,0.28,0.3,0.29,235.0,True
KXATPMATCH-25AUG01FILLEH-FIL,1754052325,0.04,1.0,,0.0,1754046000.0,0.04,0.45,,0.0,True
KXATPMATCH-25AUG01NAKSHE-NAK,1754083525,0.29,0.3,0.3,359.0,1754082000.0,0.31,0.32,0.32,85.0,True
KXATPMATCH-25AUG01RUBSON-RUB,1754054132,0.7,0.71,0.7,1072.0,1754053200.0,0.04,0.78,0.76,40.0,True
KXATPMATCH-25AUG01TIAVUK-TIA,1754061925,0.68,0.69,0.69,2193.0,1754060400.0,0.67,0.7,0.7,31.0,True
KXATPMATCH-25AUG02KHARUU-KHA,1754143247,0.53,0.57,0.56,357.0,1754143200.0,,,,0.0,True
KXATPMATCH-25AUG02MICTIE-MIC,1754136635,0.04,0.52,0.56,32.0,1754121600.0,0.04,0.52,0.56,32.0,True
KXATPMATCH-25AUG02POPRUN-POP,1754162432,0.34,0.35,0.35,1300.0,1754161200.0,0.33,0.35,0.35,1116.0,True
KXATPMATCH-25AUG02ZVECER-CER,1754236651,0.0,0.01,0.01,130176.0,1754233200.0,0.0,0.01,0.01,129636.0,True
KXATPMATCH-25AUG03COBSHE-COB,1754250045,0.32,0.33,0.33,599.0,1754247600.0,0.32,0.34,0.34,534.0,True
KXATPMATCH-25AUG03LEHFRI-FRI,1754261723,0.71,0.75,0.76,10425.0,1754258400.0,0.71,0.72,0.72,1538.0,True
KXATPMATCH-25AUG03RUBDAV-DAV,1754247800,0.56,0.57,0.57,5174.0,1754247600.0,0.53,0.55,0.55,931.0,True
KXATPMATCH-25AUG03TIADE-DE,1754226630,0.74,0.76,0.76,219.0,1754226000.0,0.35,0.85,,0.0,True
KXATPMATCH-25AUG04MICKHA-KHA,1754344852,0.66,0.67,0.67,6463.0,1754344800.0,0.66,0.67,0.68,4323.0,True
KXATPMATCH-25AUG04ZVEPOP-POP,1754337338,0.27,0.28,0.28,4974.0,1754334000.0,0.25,0.27,0.27,3280.0,True
KXATPMATCH-25AUG05DESHE-DE,1754425850,0.59,0.6,0.6,2179.0,1754424000.0,0.59,0.6,0.6,1570.0,True
KXATPMATCH-25AUG05RUBFRI-FRI,1754418935,0.66,0.68,0.68,2150.0,1754416800.0,0.52,0.67,0.67,1092.0,True
KXATPMATCH-25AUG06SHEFRI-FRI,1754518239,0.6,0.62,0.63,3440.0,1754517600.0,0.61,0.62,0.63,1308.0,True
KXATPMATCH-25AUG06ZVEKHA-KHA,1754511039,0.32,0.33,0.33,1471.0,1754510400.0,0.32,0.33,0.34,730.0,True
KXATPMATCH-25AUG07ATMNIS-ATM,1754574642,0.43,0.45,,0.0,1754571600.0,,,,0.0,True
KXATPMATCH-25AUG07BAEGOF-BAE,1754604045,0.34,0.35,0.35,334.0,1754604000.0,0.34,0.36,0.36,25.0,True
KXATPMATCH-25AUG07BERFEA-BER,1754572531,0.46,0.48,0.48,11.0,1754571600.0,0.05,0.49,,0.0,True
KXATPMATCH-25AUG07BONARN-ARN,1754568637,0.63,0.7,0.7,725.0,1754568000.0,0.64,0.69,0.69,545.0,True
KXATPMATCH-25AUG07CARGAS-CAR,1754567127,0.48,0.57,0.57,640.0,1754564400.0,0.48,0.55,0.55,142.0,True
KXATPMATCH-25AUG07ETCSHA-ETC,1754590523,0.59,0.61,0.6,1307.0,1754589600.0,0.58,0.59,0.65,1.0,True
KXATPMATCH-25AUG07FONYUN-FON,1754566528,0.63,0.73,0.73,1215.0,1754564400.0,0.63,0.71,0.71,1011.0,True
KXATPMATCH-25AUG07GALKOP-GAL,1754574030,0.52,0.54,0.52,3.0,1754571600.0,,,,0.0,True
KXATPMATCH-25AUG07KHASHE-KHA,1754598931,0.35,0.37,0.37,663.0,1754596800.0,0.34,0.37,0.37,439.0,True
KXATPMATCH-25AUG07MARJAR-JAR,1754567445,0.66,0.75,0.75,541.0,1754564400.0,0.66,0.73,0.73,118.0,True
KXATPMATCH-25AUG07MOUMCD-MCD,1754592321,0.39,0.41,0.41,16.0,1754589600.0,0.39,0.4,0.41,4.0,True
KXATPMATCH-25AUG07MPEWON-MPE,1754568929,0.55,0.69,0.69,8.0,1754568000.0,,,,0.0,True
KXATPMATCH-25AUG07RINBOR-BOR,1754562936,0.64,0.69,0.69,1475.0,1754560800.0,0.64,0.69,0.69,1475.0,True
KXATPMATCH-25AUG07SAFTAB-SAF,1754572530,0.66,0.68,0.7,20.0,1754571600.0,0.05,0.71,,0.0,True
KXATPMATCH-25AUG07SMIMAR-MAR,1754598034,0.56,0.58,0.58,3934.0,1754596800.0,0.56,0.57,0.59,2890.0,True
KXATPMATCH-25AUG07THOMAN-MAN,1754587240,0.55,0.57,0.55,590.0,1754586000.0,0.55,0.56,,0.0,True
KXATPMATCH-25AUG08ALTBAU-ALT,1754673041,0.37,0.38,0.38,124.0,1754672400.0,0.36,0.37,0.39,119.0,True
KXATPMATCH-25AUG08BELDZU-BEL,1754682924,0.56,0.57,0.57,158.0,1754679600.0,0.56,0.57,0.59,93.0,True
KXATPMATCH-25AUG08BOYHOL-BOY,1754650856,0.47,0.58,0.58,4007.0,1754650800.0,0.47,0.58,0.56,3950.0,True
KXATPMATCH-25AUG08BROMUL-BRO,1754671837,0.54,0.56,0.56,768.0,1754668800.0,0.54,0.56,0.56,629.0,True
KXATPMATCH-25AUG08COMMUN-COM,1754664934,0.3,0.32,0.3,194.0,1754661600.0,0.04,0.61,,0.0,True
KXATPMATCH-25AUG08CORNAV-COR,1754661038,0.37,0.39,0.39,167.0,1754658000.0,0.32,0.42,0.42,102.0,True
KXATPMATCH-25AUG08DELOPE-DEL,1754670635,0.14,0.16,0.16,1174.0,1754668800.0,0.14,0.16,0.16,948.0,True
KXATPMATCH-25AUG08GIRBLO-BLO,1754659247,0.39,0.41,0.41,327.0,1754658000.0,0.36,0.45,0.45,270.0,True
KXATPMATCH-25AUG08KECQUI-KEC,1754664030,0.54,0.56,0.55,1454.0,1754661600.0,0.49,0.56,0.57,332.0,True
KXATPMATCH-25AUG08LANKYP-KYP,1754680242,0.56,0.58,0.58,238.0,1754679600.0,0.57,0.58,,0.0,True
KXATPMATCH-25AUG08MEDKOV-KOV,1754669121,0.49,0.51,0.53,9.0,1754668800.0,0.49,0.51,0.53,9.0,True
KXATPMATCH-25AUG08NARTIR-NAR,1754651722,0.33,0.4,0.4,437.0,1754650800.0,0.33,0.4,0.4,413.0,True
KXATPMATCH-25AUG08OFNROY-OFN,1754680531,0.49,0.5,0.5,2000.0,1754679600.0,0.48,0.49,0.49,27.0,True
KXATPMATCH-25AUG08TIERIE-RIE,1754677838,0.32,0.33,0.34,5.0,1754676000.0,0.29,0.34,0.34,5.0,True
KXATPMATCH-25AUG08UGONIS-NIS,1754650237,0.59,0.64,0.59,619.0,1754647200.0,0.59,0.64,0.64,461.0,True
KXATPMATCH-25AUG08VUKBAS-BAS,1754687732,0.45,0.47,0.47,248.0,1754686800.0,0.45,0.47,0.55,8.0,True
KXATPMATCH-25AUG08WALNAV-NAV,1754673654,0.47,0.48,0.47,30.0,1754672400.0,0.45,0.47,0.49,28.0,True
KXATPMATCH-25AUG09ATMCOB-ATM,1754766634,0.26,0.28,0.27,84.0,1754766000.0,0.25,0.27,0.27,13.0,True
KXATPMATCH-25AUG09BAEDIA-BAE,1754748634,0.21,0.23,0.23,161.0,1754748000.0,0.21,0.25,0.25,1.0,True
KXATPMATCH-25AUG09BERSON-BER,1754760034,0.41,0.43,0.44,119.0,1754758800.0,0.43,0.45,0.45,117.0,True
KXATPMATCH-25AUG09BONMUS-BON,1754740526,0.28,0.33,0.33,1201.0,1754737200.0,0.28,0.32,0.33,1191.0,True
KXATPMATCH-25AUG09DAVFON-DAV,1754823158,0.0,0.01,0.01,129759.0,1754820000.0,0.0,0.01,0.01,129759.0,True
KXATPMATCH-25AUG09ETCAUG-AUG,1754742037,0.67,0.68,0.68,137.0,1754740800.0,0.61,0.68,0.68,123.0,True
KXATPMATCH-25AUG09FRINAV-FRI,1754770541,0.82,0.83,0.83,1402.0,1754769600.0,0.82,0.84,0.84,452.0,True
KXATPMATCH-25AUG09MACMAN-MAC,1754747443,0.62,0.64,0.65,1.0,1754744400.0,0.62,0.66,,0.0,True
KXATPMATCH-25AUG09MARPAU-MAR,1754741731,0.1,0.14,0.14,400.0,1754740800.0,0.08,0.14,0.14,364.0,True
KXATPMATCH-25AUG09MICMOU-MIC,1754739929,0.52,0.54,0.52,1097.0,1754737200.0,0.52,0.55,0.54,1008.0,True
KXATPMATCH-25AUG09RUURIN-RIN,1754740240,0.29,0.34,0.34,370.0,1754737200.0,0.33,0.34,0.34,340.0,True
KXATPMATCH-25AUG09SAFRUN-RUN,1754737833,0.7,0.8,0.8,4350.0,1754737200.0,0.69,0.8,0.79,4206.0,True
KXATPMATCH-25AUG09SINGAL-GAL,1754746828,0.02,0.04,0.04,776.0,1754744400.0,0.0,0.1,0.1,470.0,True
KXATPMATCH-25AUG09TIACAR-CAR,1754766333,0.19,0.21,0.21,24.0,1754766000.0,0.19,0.21,0.21,24.0,True
KXATPMATCH-25AUG09TSIMAR-MAR,1754746243,0.51,0.53,0.55,554.0,1754744400.0,0.45,0.55,0.55,519.0,True
KXATPMATCH-25AUG09WONHUM-HUM,1754753143,0.65,0.67,0.67,76.0,1754751600.0,0.63,0.65,0.71,1.0,True
KXATPMATCH-25AUG10BASZVE-BAS,1754858423,0.12,0.13,0.16,327.0,1754856000.0,0.11,0.16,0.16,133.0,True
KXATPMATCH-25AUG10BAUNOR-BAU,1754831727,0.37,0.38,0.38,281.0,1754830800.0,0.32,0.44,0.45,248.0,True
KXATPMATCH-25AUG10BROCAZ-BRO,1754839247,0.48,0.5,0.51,320.0,1754838000.0,0.52,0.54,0.58,169.0,True
KXATPMATCH-25AUG10COMDAR-COM,1754899472,0.99,1.0,0.99,43782.0,1754899200.0,0.99,1.0,0.99,43341.0,True
KXATPMATCH-25AUG10DEOPE-DE,1754823324,0.68,0.83,0.83,3141.0,1754820000.0,0.68,0.76,0.76,802.0,True
KXATPMATCH-25AUG10DZUALC-ALC,1754838045,0.94,0.96,0.96,1775.0,1754838000.0,0.95,0.96,0.96,937.0,True
KXATPMATCH-25AUG10GRIMED-GRI,1754844325,0.53,0.54,0.54,466.0,1754841600.0,0.53,0.55,0.55,144.0,True
KXATPMATCH-25AUG10KHAROY-KHA,1754851523,0.77,0.78,0.78,1030.0,1754848800.0,0.77,0.78,0.77,952.0,True
KXATPMATCH-25AUG10LEHBOY-BOY,1754824233,0.11,0.21,0.21,1147.0,1754823600.0,0.11,0.21,0.21,1124.0,True
KXATPMATCH-25AUG10MENQUI-MEN,1754829936,0.67,0.69,0.77,542.0,1754827200.0,0.63,0.76,0.77,389.0,True
KXATPMATCH-25AUG10NAKBLO-BLO,1754854522,0.29,0.3,0.3,1017.0,1754852400.0,0.29,0.3,0.3,447.0,True
KXATPMATCH-25AUG10NARSHA-NAR,1754844624,0.23,0.25,0.26,88.0,1754841600.0,0.23,0.25,0.25,8.0,True
KXATPMATCH-25AUG10POPLAN-LAN,1754837431,0.26,0.27,,0.0,1754834400.0,0.26,0.28,,0.0,True
KXATPMATCH-25AUG10SHEUGO-SHE,1754934308,0.99,1.0,0.99,32338.0,1754931600.0,0.99,1.0,0.99,31777.0,True
KXATPMATCH-25AUG10TIERUB-RUB,1754830839,0.63,0.65,0.65,2662.0,1754830800.0,0.55,0.7,0.7,2185.0,True
KXATPMATCH-25AUG10WALMED-MED,1754843448,0.83,0.85,0.85,1601.0,1754841600.0,0.82,0.83,0.83,383.0,True
KXATPMATCH-25AUG11FONATM-ATM,1754939436,0.24,0.25,0.25,1450.0,1754938800.0,0.23,0.25,0.25,1255.0,True
KXATPMATCH-25AUG11FRISON-FRI,1754933726,0.82,0.84,0.84,6071.0,1754931600.0,0.82,0.84,0.84,3657.0,True
KXATPMATCH-25AUG11MANPAU-MAN,1754947339,0.24,0.27,0.27,271.0,1754946000.0,0.23,0.26,0.26,231.0,True
KXATPMATCH-25AUG11MICRUN-MIC,1754909428,0.35,0.58,0.59,1232.0,1754906400.0,0.35,0.38,0.4,244.0,True
KXATPMATCH-25AUG11RINAUG-AUG,1754933832,0.9,0.98,0.9,135783.0,1754931600.0,0.68,0.7,0.7,19274.0,True
KXATPMATCH-25AUG11SINDIA-DIA,1754941529,0.04,0.06,0.05,18700.0,1754938800.0,0.04,0.05,0.05,10135.0,True
KXATPMATCH-25AUG11TIAHUM-HUM,1754915729,0.39,0.43,0.43,203.0,1754913600.0,0.37,0.48,0.49,200.0,True
KXATPMATCH-25AUG11TSIBON-BON,1754934042,0.35,0.36,0.36,4269.0,1754931600.0,0.34,0.35,0.35,2179.0,True
KXATPMATCH-25AUG12KHABRO-BRO,1755014734,0.35,0.36,0.35,1029.0,1755014400.0,0.33,0.35,0.35,919.0,True
KXATPMATCH-25AUG12LEHWAL-LEH,1755020736,0.76,0.77,0.77,758.0,1755018000.0,0.77,0.78,0.78,208.0,True
KXATPMATCH-25AUG12MEDALC-ALC,1755010529,0.85,0.86,0.86,7869.0,1755007200.0,0.85,0.87,0.87,2680.0,True
KXATPMATCH-25AUG12MENNAR-MEN,1755078490,0.0,0.01,0.01,96907.0,1755075600.0,0.0,0.01,0.01,96907.0,True
KXATPMATCH-25AUG12NAKZVE-NAK,1755083732,0.01,0.03,0.04,144442.0,1755082800.0,0.01,0.04,0.01,143587.0,True
KXATPMATCH-25AUG12OPECOM-COM,1755003664,0.35,0.37,0.37,3147.0,1755003600.0,0.34,0.36,0.36,1472.0,True
KXATPMATCH-25AUG12POPRUB-POP,1755005730,0.38,0.39,0.39,10542.0,1755003600.0,0.37,0.4,0.4,4462.0,True
KXATPMATCH-25AUG12SHEBAU-BAU,1755101434,0.16,0.18,0.16,18045.0,1755100800.0,0.16,0.17,0.17,17460.0,True
KXATPMATCH-25AUG13AUGBON-AUG,1755106843,0.69,0.7,0.7,5562.0,1755104400.0,0.7,0.71,0.71,1186.0,True
KXATPMATCH-25AUG13COMRUB-COM,1755115844,0.2,0.22,0.21,1005.0,1755115200.0,0.2,0.21,0.22,914.0,True
KXATPMATCH-25AUG13FRIATM-ATM,1755110736,0.14,0.15,0.15,1465.0,1755108000.0,0.13,0.14,0.14,1337.0,True
KXATPMATCH-25AUG13KHAZVE-KHA,1755208690,0.0,0.01,0.01,184655.0,1755205200.0,0.0,0.01,0.01,184655.0,True
KXATPMATCH-25AUG13NARALC-ALC,1755115243,0.92,0.93,0.93,3021.0,1755115200.0,0.92,0.93,0.93,2854.0,True
KXATPMATCH-25AUG13SINMAN-MAN,1755102665,0.04,0.06,0.06,7131.0,1755100800.0,0.04,0.06,0.06,3053.0,True
KXATPMATCH-25AUG13TIARUN-RUN,1755080991,0.53,0.55,0.55,2469.0,1755079200.0,0.53,0.55,0.55,1318.0,True
KXATPMATCH-25AUG14ATMRUN-ATM,1755202836,0.22,0.24,0.24,1834.0,1755201600.0,0.22,0.23,0.24,866.0,True
KXATPMATCH-25AUG14SHELEH-LEH,1755190528,0.43,0.44,0.44,5418.0,1755187200.0,0.43,0.44,0.44,3560.0,True
KXATPMATCH-25AUG14SINAUG-AUG,1755182734,0.1,0.11,0.11,4012.0,1755180000.0,0.11,0.13,0.13,255.0,True
KXATPMATCH-25AUG15RUBALC-ALC,1755272133,0.8,0.82,0.8,12453.0,1755270000.0,0.78,0.8,0.8,4666.0,True
KXATPMATCH-25AUG15SHEZVE-SHE,1755282938,0.42,0.43,0.43,9301.0,1755280800.0,0.42,0.43,0.43,3618.0,True
KXATPMATCH-25AUG16SINATM-ATM,1755355530,0.06,0.07,0.07,3449.0,1755352800.0,0.05,0.08,0.08,942.0,True
KXATPMATCH-25AUG16ZVEALC-ALC,1755368728,0.62,0.64,0.64,5458.0,1755367200.0,0.62,0.63,0.63,4776.0,True
KXATPMATCH-25AUG17GOFMAR-GOF,1755443443,0.52,0.54,,0.0,1755442800.0,0.54,0.56,,0.0,True
KXATPMATCH-25AUG17MAJJAR-JAR,1755442248,0.5,0.52,,0.0,1755439200.0,0.04,0.7,,0.0,True
KXATPMATCH-25AUG17MCDHOL-HOL,1755462650,0.31,0.33,0.33,258.0,1755460800.0,0.31,0.33,0.33,132.0,True
KXATPMATCH-25AUG17MEDRIN-MED,1755451241,0.63,0.65,0.62,270.0,1755450000.0,0.61,0.63,0.63,7.0,True
KXATPMATCH-25AUG17NISCAR-CAR,1755452445,0.58,0.6,,0.0,1755450000.0,0.04,0.94,,0.0,True
KXATPMATCH-25AUG17OFNKOP-KOP,1755443443,0.38,0.4,0.4,1692.0,1755442800.0,0.39,0.41,0.41,1179.0,True
KXATPMATCH-25AUG17VANWAL-VAN,1755447043,0.44,0.46,0.47,237.0,1755446400.0,0.43,0.45,0.45,135.0,True
KXATPMATCH-25AUG17YUNTSE-TSE,1755459343,0.24,0.26,0.26,629.0,1755457200.0,0.24,0.26,0.26,413.0,True
KXATPMATCH-25AUG18BORMAJ-BOR,1755546350,0.53,0.55,0.55,23.0,1755543600.0,0.54,0.55,0.55,23.0,True
KXATPMATCH-25AUG18COLBAS-BAS,1755525094,0.68,0.7,0.71,146.0,1755522000.0,0.65,0.77,,0.0,True
KXATPMATCH-25AUG18COMBEL-BEL,1755538535,0.44,0.46,0.46,20.0,1755536400.0,0.45,0.47,,0.0,True
KXATPMATCH-25AUG18CORBLA-BLA,1755525674,0.36,0.38,0.38,50.0,1755525600.0,0.31,0.43,,0.0,True
KXATPMATCH-25AUG18DOSVUK-DOS,1755540931,0.29,0.31,0.31,3.0,1755540000.0,0.29,0.31,,0.0,True
KXATPMATCH-25AUG18GASFUC-FUC,1755524145,0.66,0.67,,0.0,1755522000.0,0.59,0.71,,0.0,True
KXATPMATCH-25AUG18KOPKOR-KOP,1755531644,0.32,0.34,0.34,65.0,1755529200.0,0.29,0.31,,0.0,True
KXATPMATCH-25AUG18KOVMIS-KOV,1755531937,0.6,0.62,0.62,15.0,1755529200.0,0.59,0.61,,0.0,True
KXATPMATCH-25AUG18NAVSUR-NAV,1755530732,0.66,0.68,0.68,37.0,1755529200.0,0.69,0.7,,0.0,True
KXATPMATCH-25AUG18SAFOCO-OCO,1755524146,0.37,0.39,0.4,27.0,1755522000.0,0.3,0.42,,0.0,True
KXATPMATCH-25AUG18SINALC-ALC,1755527745,0.36,0.37,0.37,4617.0,1755525600.0,0.34,0.37,0.39,1674.0,True
KXATPMATCH-25AUG19BAECAR-BAE,1755626140,0.32,0.34,0.34,587.0,1755622800.0,0.32,0.34,0.34,34.0,True
KXATPMATCH-25AUG19BAUOCO-BAU,1755610510,0.55,0.61,,0.0,1755608400.0,0.04,0.95,,0.0,True
KXATPMATCH-25AUG19BELMUN-BEL,1755626139,0.38,0.4,0.43,553.0,1755622800.0,0.41,0.43,0.42,308.0,True
KXATPMATCH-25AUG19BLAMUL-BLA,1755613547,0.38,0.4,0.39,592.0,1755612000.0,0.32,0.42,,0.0,True
KXATPMATCH-25AUG19FUCGRI-FUC,1755614140,0.43,0.45,0.45,743.0,1755612000.0,0.4,0.5,0.5,9.0,True
KXATPMATCH-25AUG19KECKOV-KEC,1755619253,0.54,0.55,0.55,268.0,1755619200.0,0.55,0.57,0.56,11.0,True
KXATPMATCH-25AUG19MCDDAR-DAR,1755624330,0.46,0.48,0.48,1204.0,1755622800.0,0.45,0.47,0.47,351.0,True
KXATPMATCH-25AUG19MEDFEA-FEA,1755618330,0.34,0.36,0.35,35.0,1755615600.0,0.29,0.38,,0.0,True
KXATPMATCH-25AUG19MPEMAR-MAR,1755612077,0.35,0.36,0.36,2.0,1755612000.0,0.31,0.41,,0.0,True
KXATPMATCH-25AUG19NAVGIR-GIR,1755619853,0.57,0.58,0.58,240.0,1755619200.0,0.57,0.58,0.58,11.0,True
KXATPMATCH-25AUG19SONDOS-DOS,1755642654,0.18,0.19,0.18,144.0,1755640800.0,0.18,0.19,0.18,144.0,True
KXATPMATCH-25AUG19TSIYUN-TSI,1755631241,0.63,0.65,0.65,1453.0,1755630000.0,0.63,0.65,0.65,957.0,True
KXATPMATCH-25AUG19VANARN-ARN,1755625246,0.53,0.54,0.54,104.0,1755622800.0,0.53,0.55,0.55,12.0,True
KXATPMATCH-25AUG20BAEVAN-BAE,1755721855,0.32,0.34,0.32,888.0,1755720000.0,0.3,0.32,0.32,837.0,True
KXATPMATCH-25AUG20BAUFUC-BAU,1755702635,0.43,0.45,0.45,380.0,1755702000.0,0.43,0.47,0.48,49.0,True
KXATPMATCH-25AUG20DIAMED-DIA,1755705940,0.54,0.56,0.56,2164.0,1755705600.0,0.53,0.55,0.55,422.0,True
KXATPMATCH-25AUG20KECDAR-DAR,1755695735,0.38,0.4,0.41,330.0,1755694800.0,0.33,0.45,0.42,285.0,True
KXATPMATCH-25AUG20MAJKOR-KOR,1755699642,0.58,0.6,0.59,536.0,1755698400.0,0.58,0.61,0.61,111.0,True
KXATPMATCH-25AUG20MPEMUL-MPE,1755702056,0.54,0.55,0.55,62.0,1755702000.0,0.51,0.55,0.55,22.0,True
KXATPMATCH-25AUG20SONMUN-MUN,1755714653,0.56,0.57,0.57,2063.0,1755712800.0,0.55,0.56,0.55,618.0,True
KXATPMATCH-25AUG20YUNNAV-NAV,1755714337,0.43,0.45,0.45,16086.0,1755712800.0,0.45,0.47,0.46,15925.0,True
KXATPMATCH-25AUG21KORKEC-KEC,1755782451,0.45,0.46,0.45,356.0,1755781200.0,0.42,0.44,0.45,2.0,True
KXATPMATCH-25AUG21MEDMPE-MED,1755800452,0.65,0.67,0.65,816.0,1755799200.0,0.64,0.65,0.65,266.0,True
KXATPMATCH-25AUG21MUNFUC-FUC,1755791451,0.44,0.46,0.46,756.0,1755788400.0,0.47,0.49,0.52,577.0,True
KXATPMATCH-25AUG21YUNVAN-VAN,1755872446,0.9,0.92,0.92,90020.0,1755871200.0,0.9,0.93,0.93,85238.0,True
KXATPMATCH-25AUG22VANMPE-MPE,1755887434,,,,0.0,,,,,0.0,False
KXATPMATCH-25AUG23VANFUC-FUC,1755969040,0.53,0.54,0.54,503.0,1755968400.0,0.53,0.55,0.55,411.0,True
KXATPMATCH-25AUG24BLAMAR-BLA,1756044059,0.23,0.25,0.25,153.0,1756044000.0,0.23,0.24,0.24,144.0,True
KXATPMATCH-25AUG24CARLLA-CAR,1756053645,0.62,0.63,0.63,933.0,1756051200.0,0.62,0.63,0.62,890.0,True
KXATPMATCH-25AUG24CARRIN-CAR,1756041045,0.36,0.37,0.37,532.0,1756040400.0,0.36,0.38,0.38,171.0,True
KXATPMATCH-25AUG24DARHIJ-DAR,1756040453,0.59,0.6,0.59,403.0,1756040400.0,0.59,0.61,0.61,402.0,True
KXATPMATCH-25AUG24DJOTIE-DJO,1756065055,0.85,0.86,0.86,7103.0,1756062000.0,0.86,0.87,0.86,5181.0,True
KXATPMATCH-25AUG24DOSSPI-DOS,1756044942,0.32,0.34,0.34,513.0,1756044000.0,0.35,0.36,0.37,260.0,True
KXATPMATCH-25AUG24KYMQUI-KYM,1756055462,0.42,0.43,0.44,1032.0,1756054800.0,0.42,0.44,0.44,1032.0,True
KXATPMATCH-25AUG24LEHCOR-COR,1756050335,0.14,0.16,0.15,523.0,1756047600.0,0.14,0.15,0.15,492.0,True
KXATPMATCH-25AUG24MANGRI-GRI,1756047940,0.58,0.59,0.59,5413.0,1756047600.0,0.58,0.59,0.56,4452.0,True
KXATPMATCH-25AUG24MEDBON-BON,1756076146,0.21,0.22,0.22,4078.0,1756072800.0,0.2,0.22,0.22,1817.0,True
KXATPMATCH-25AUG24MENJAR-JAR,1756035646,0.29,0.31,0.31,347.0,1756033200.0,0.29,0.31,0.31,347.0,True
KXATPMATCH-25AUG24NAKDEJ-DEJ,1756069252,0.24,0.26,0.26,676.0,1756069200.0,0.25,0.26,0.26,658.0,True
KXATPMATCH-25AUG24NARMAC-MAC,1756045847,0.67,0.69,0.69,138.0,1756044000.0,0.67,0.69,0.69,19.0,True
KXATPMATCH-25AUG24NAVFRI-FRI,1756041043,0.91,0.92,0.92,4329.0,1756040400.0,0.91,0.92,0.93,4186.0,True
KXATPMATCH-25AUG24NAVGIR-GIR,1756068049,0.46,0.49,0.48,288.0,1756065600.0,0.45,0.47,0.47,248.0,True
KXATPMATCH-25AUG24SHEBUS-BUS,1756038657,0.04,0.05,0.05,11922.0,1756036800.0,0.04,0.05,0.05,7922.0,True
KXATPMATCH-25AUG24SHEDAV-DAV,1756032330,0.82,0.83,0.83,4256.0,1756029600.0,0.82,0.83,0.83,4214.0,True
KXATPMATCH-25AUG24SVAPIR-PIR,1756050630,0.3,0.32,0.32,127.0,1756047600.0,0.3,0.32,0.32,50.0,True
KXATPMATCH-25AUG24THOMOU-MOU,1756059652,0.71,0.73,0.73,2117.0,1756058400.0,0.72,0.73,0.71,1687.0,True
KXATPMATCH-25AUG24UGOETC-ETC,1756053035,0.7,0.71,0.71,576.0,1756051200.0,0.69,0.7,0.69,325.0,True
KXATPMATCH-25AUG25ALTMED-ALT,1756233645,0.26,0.27,0.28,666.0,1756231200.0,0.26,0.28,0.28,666.0,True
KXATPMATCH-25AUG25ARNCER-ARN,1756212951,0.44,0.45,0.45,5733.0,1756209600.0,0.44,0.45,0.44,4915.0,True
KXATPMATCH-25AUG25BAEHAR-BAE,1756121445,0.38,0.39,0.39,1965.0,1756119600.0,0.37,0.39,0.39,1899.0,True
KXATPMATCH-25AUG25BAUFEA-BAU,1756243242,0.56,0.57,0.57,9544.0,1756242000.0,0.57,0.58,0.58,4201.0,True
KXATPMATCH-25AUG25BELSHA-BEL,1756141937,0.56,0.58,0.58,1284.0,1756141200.0,0.57,0.59,0.59,1137.0,True
KXATPMATCH-25AUG25BERTSE-BER,1756120254,0.67,0.69,0.69,3010.0,1756119600.0,0.67,0.69,0.67,2814.0,True
KXATPMATCH-25AUG25BORHOL-BOR,1756230043,0.71,0.72,0.72,1032.0,1756227600.0,0.71,0.72,0.72,940.0,True
KXATPMATCH-25AUG25BROVUK-BRO,1756140633,0.67,0.69,0.69,335.0,1756137600.0,0.69,0.71,0.71,308.0,True
KXATPMATCH-25AUG25BUBCIL-BUB,1756213255,0.67,0.69,0.69,16612.0,1756213200.0,0.66,0.67,0.67,14503.0,True
KXATPMATCH-25AUG25COMMIC-COM,1756131932,0.27,0.28,0.28,297.0,1756130400.0,0.25,0.27,0.27,294.0,True
KXATPMATCH-25AUG25DAMBLA-BLA,1756119033,0.52,0.53,0.53,12829.0,1756116000.0,0.52,0.53,0.53,12778.0,True
KXATPMATCH-25AUG25DELMAJ-DEL,1756140332,0.09,0.1,0.1,2769.0,1756137600.0,0.09,0.1,0.1,2422.0,True
KXATPMATCH-25AUG25DIADZU-DIA,1756155048,0.75,0.76,0.76,550.0,1756152000.0,0.76,0.77,0.75,283.0,True
KXATPMATCH-25AUG25DUCBOY-BOY,1756140640,0.44,0.46,0.47,2650.0,1756137600.0,0.45,0.47,0.46,2629.0,True
KXATPMATCH-25AUG25FONKEC-FON,1756126908,0.58,0.59,0.59,7143.0,1756126800.0,0.57,0.59,0.59,2716.0,True
KXATPMATCH-25AUG25FUCSHA-FUC,1756207130,0.48,0.5,0.48,16411.0,1756206000.0,0.47,0.49,0.49,15655.0,True
KXATPMATCH-25AUG25GALCOL-COL,1756129256,0.52,0.54,0.54,1693.0,1756126800.0,0.54,0.56,0.56,1297.0,True
KXATPMATCH-25AUG25GASMOC-GAS,1756222850,0.38,0.4,0.4,4887.0,1756220400.0,0.38,0.39,0.39,4840.0,True
KXATPMATCH-25AUG25GOMDRA-DRA,1756130506,0.95,0.97,0.97,9805.0,1756130400.0,0.95,0.96,0.96,4580.0,True
KXATPMATCH-25AUG25HALGOF-GOF,1756217446,0.35,0.37,0.38,367.0,1756216800.0,0.36,0.38,0.38,361.0,True
KXATPMATCH-25AUG25HARAUG-AUG,1756224636,0.88,0.89,0.89,812.0,1756224000.0,0.88,0.89,0.89,776.0,True
KXATPMATCH-25AUG25HUMWAL-HUM,1756123852,0.67,0.69,0.69,3267.0,1756123200.0,0.68,0.69,0.69,3049.0,True
KXATPMATCH-25AUG25KHABAS-BAS,1756146933,0.22,0.24,0.23,208.0,1756144800.0,0.21,0.23,0.23,208.0,True
KXATPMATCH-25AUG25KOVWON-KOV,1756122040,0.57,0.58,0.58,6324.0,1756119600.0,0.55,0.57,0.57,5854.0,True
KXATPMATCH-25AUG25MOLPAU-MOL,1756241440,0.07,0.08,0.08,2451.0,1756238400.0,0.07,0.08,0.08,2012.0,True
KXATPMATCH-25AUG25MONSAF-MON,1756236033,0.51,0.52,0.52,10932.0,1756234800.0,0.52,0.53,0.53,5130.0,True
KXATPMATCH-25AUG25MUNFAR-FAR,1756138545,0.22,0.23,0.24,282.0,1756137600.0,0.22,0.23,0.24,282.0,True
KXATPMATCH-25AUG25MUSMPE-MPE,1756208749,0.3,0.32,0.32,2945.0,1756206000.0,0.31,0.32,0.32,2613.0,True
KXATPMATCH-25AUG25NORKOR-KOR,1756141906,0.0,0.01,0.01,71757.0,1756141200.0,0.62,0.64,0.64,9531.0,True
KXATPMATCH-25AUG25OCODE-DE,1756229733,0.92,0.94,0.94,756.0,1756227600.0,0.92,0.94,0.94,735.0,True
KXATPMATCH-25AUG25OFNRUU-OFN,1756149047,0.21,0.22,0.22,340.0,1756148400.0,0.21,0.22,0.22,340.0,True
KXATPMATCH-25AUG25OPEALC-ALC,1756159839,0.93,0.94,0.94,29023.0,1756159200.0,0.93,0.94,0.94,27931.0,True
KXATPMATCH-25AUG25PASCOB-COB,1756138253,0.79,0.8,0.79,737.0,1756137600.0,0.8,0.82,0.82,570.0,True
KXATPMATCH-25AUG25POPRUU-POP,1756215033,0.92,0.93,0.92,4551.0,1756213200.0,0.92,0.93,0.93,4495.0,True
KXATPMATCH-25AUG25PRIRUB-PRI,1756146339,0.23,0.24,0.24,321.0,1756144800.0,0.24,0.25,0.24,121.0,True
KXATPMATCH-25AUG25RIEMAR-MAR,1756215037,0.37,0.39,0.39,1338.0,1756213200.0,0.37,0.39,0.39,1291.0,True
KXATPMATCH-25AUG25ROYYUN-ROY,1756215327,0.38,0.4,0.39,692.0,1756213200.0,0.37,0.39,0.39,692.0,True
KXATPMATCH-25AUG25SINKOP-KOP,1756212945,0.02,0.03,0.03,8297.0,1756209600.0,0.02,0.03,0.03,8168.0,True
KXATPMATCH-25AUG25SONSCH-SCH,1756233336,0.28,0.3,0.3,443.0,1756231200.0,0.29,0.3,0.3,443.0,True
KXATPMATCH-25AUG25STRMCD-MCD,1756141537,0.5,0.51,0.51,1164.0,1756141200.0,0.5,0.52,0.52,986.0,True
KXATPMATCH-25AUG25TIANIS-NIS,1756137376,0.09,0.11,0.11,3389.0,1756134000.0,0.09,0.11,0.12,2092.0,True
KXATPMATCH-25AUG25TSIMUL-MUL,1756227925,0.37,0.38,0.38,7436.0,1756227600.0,0.36,0.37,0.37,4227.0,True
KXATPMATCH-25AUG25VANRUN-RUN,1756139454,0.72,0.74,0.74,2857.0,1756137600.0,0.73,0.74,0.74,2407.0,True
KXATPMATCH-25AUG25ZVETAB-TAB,1756248929,0.04,0.05,0.05,6336.0,1756245600.0,0.04,0.05,0.05,5771.0,True
KXATPMATCH-25AUG27BELALC-ALC,1756321536,0.96,0.97,0.97,5417.0,1756321200.0,0.96,0.97,0.97,5206.0,True
KXATPMATCH-25AUG27BONGIR-BON,1756306877,0.48,0.49,0.49,12707.0,1756306800.0,0.5,0.52,0.52,12005.0,True
KXATPMATCH-25AUG27BOYRUB-BOY,1756383051,0.07,0.08,0.08,11005.0,1756382400.0,0.07,0.08,0.08,10449.0,True
KXATPMATCH-25AUG27BROCOB-BRO,1756395944,0.39,0.4,0.4,3848.0,1756393200.0,0.39,0.41,0.41,3554.0,True
KXATPMATCH-25AUG27COLRUU-COL,1756305330,0.15,0.16,0.16,6541.0,1756303200.0,0.14,0.16,0.15,603.0,True
KXATPMATCH-25AUG27DARSPI-DAR,1756317321,0.57,0.58,0.58,8702.0,1756314000.0,0.58,0.59,0.59,3175.0,True
KXATPMATCH-25AUG27DIAMUN-DIA,1756401333,0.48,0.49,0.49,35584.0,1756400400.0,0.46,0.47,0.47,24362.0,True
KXATPMATCH-25AUG27DJOSVA-DJO,1756297256,0.91,0.92,0.92,12006.0,1756296000.0,0.91,0.92,0.92,10781.0,True
KXATPMATCH-25AUG27FONMAC-FON,1756299049,0.48,0.49,0.49,15607.0,1756296000.0,0.48,0.49,0.49,15540.0,True
KXATPMATCH-25AUG27HARFRI-FRI,1756305633,0.91,0.92,0.92,10330.0,1756303200.0,0.9,0.92,0.93,9927.0,True
KXATPMATCH-25AUG27KHAMAJ-KHA,1756394130,0.8,0.81,0.82,37581.0,1756393200.0,0.81,0.83,0.82,30775.0,True
KXATPMATCH-25AUG27LEHETC-ETC,1756295441,0.22,0.24,0.24,2450.0,1756292400.0,0.23,0.25,0.25,2279.0,True
KXATPMATCH-25AUG27MENBLA-BLA,1756315247,0.18,0.19,0.17,567.0,1756314000.0,0.15,0.17,0.17,567.0,True
KXATPMATCH-25AUG27NAKKYM-KYM,1756301445,0.25,0.27,0.26,5177.0,1756299600.0,0.24,0.25,0.25,3022.0,True
KXATPMATCH-25AUG27NORCOM-COM,1756311049,0.35,0.36,0.36,1124.0,1756310400.0,0.35,0.36,0.36,729.0,True
KXATPMATCH-25AUG27RINDAV-DAV,1756308651,0.82,0.83,0.83,1706.0,1756306800.0,0.81,0.82,0.81,1627.0,True
KXATPMATCH-25AUG27SHECAR-CAR,1756328457,0.07,0.09,0.09,3411.0,1756328400.0,0.08,0.09,0.09,3049.0,True
KXATPMATCH-25AUG27STRRUN-RUN,1756326643,0.72,0.73,0.73,1080.0,1756324800.0,0.72,0.74,0.74,817.0,True
KXATPMATCH-25AUG27THOMAN-MAN,1756325738,0.62,0.63,0.62,2571.0,1756324800.0,0.61,0.62,0.61,1471.0,True
KXATPMATCH-25AUG27TIADAM-DAM,1756311638,0.13,0.14,0.14,1126.0,1756310400.0,0.13,0.14,0.14,1053.0,True
KXATPMATCH-25AUG27WALWON-WAL,1756383044,0.61,0.62,0.62,18044.0,1756382400.0,0.6,0.61,0.61,16965.0,True
KXATPMATCH-25AUG28BORPAU-BOR,1756425338,0.23,0.24,0.24,5011.0,1756422000.0,0.22,0.24,0.22,4951.0,True
KXATPMATCH-25AUG28BUBSCH-BUB,1756402545,0.81,0.82,0.81,2864.0,1756400400.0,0.8,0.81,0.8,2186.0,True
KXATPMATCH-25AUG28MOCDE-DE,1756414242,0.94,0.95,0.95,1931.0,1756411200.0,0.94,0.95,0.96,1571.0,True
KXATPMATCH-25AUG28MUSGOF-GOF,1756380042,0.15,0.16,0.17,4400.0,1756378800.0,0.15,0.18,0.17,3147.0,True
KXATPMATCH-25AUG28RIECER-CER,1756391437,0.66,0.67,0.67,3303.0,1756389600.0,0.65,0.67,0.66,2987.0,True
KXATPMATCH-25AUG28ROYSHA-ROY,1756390847,0.27,0.29,0.27,1130.0,1756389600.0,0.26,0.28,0.27,130.0,True
KXATPMATCH-25AUG28SAFAUG-AUG,1756413650,0.72,0.73,0.73,13820.0,1756411200.0,0.72,0.74,0.74,3598.0,True
KXATPMATCH-25AUG28SINPOP-POP,1756391139,0.04,0.05,0.05,10297.0,1756389600.0,0.04,0.05,0.05,9173.0,True
KXATPMATCH-25AUG28TSIALT-ALT,1756418736,0.25,0.26,0.26,10858.0,1756418400.0,0.25,0.26,0.26,10575.0,True
KXATPMATCH-25AUG28ZVEFEA-FEA,1756410649,0.08,0.09,0.09,8548.0,1756407600.0,0.08,0.09,0.09,8372.0,True
KXATPMATCH-25AUG29BLAMAC-BLA,1756495247,0.16,0.17,0.17,4829.0,1756494000.0,0.17,0.18,0.17,4453.0,True
KXATPMATCH-25AUG29BONRIN-BON,1756468852,0.53,0.55,0.55,17829.0,1756468800.0,0.56,0.57,0.57,16533.0,True
KXATPMATCH-25AUG29DARALC-ALC,1756467272,0.95,0.97,0.97,22325.0,1756465200.0,0.95,0.97,0.97,21828.0,True
KXATPMATCH-25AUG29DJONOR-DJO,1756498235,0.89,0.9,0.9,13543.0,1756497600.0,0.89,0.9,0.9,12455.0,True
KXATPMATCH-25AUG29KYMFRI-FRI,1756505731,0.91,0.92,0.92,1820.0,1756504800.0,0.91,0.92,0.92,1663.0,True
KXATPMATCH-25AUG29LEHCOL-COL,1756466724,0.13,0.14,0.14,9046.0,1756465200.0,0.13,0.15,0.16,8733.0,True
KXATPMATCH-25AUG29MAJRIE-MAJ,1756562619,0.57,0.58,0.59,2171.0,1756562400.0,0.57,0.59,0.59,2007.0,True
KXATPMATCH-25AUG29MUSCOB-COB,1756551656,0.29,0.31,0.31,35129.0,1756551600.0,0.29,0.31,0.31,35029.0,True
KXATPMATCH-25AUG29SHEMAN-MAN,1756481361,0.15,0.16,0.16,4128.0,1756479600.0,0.15,0.17,0.17,1733.0,True
KXATPMATCH-25AUG29SINSHA-SHA,1756564846,0.03,0.04,0.04,29504.0,1756562400.0,0.03,0.05,0.05,28892.0,True
KXATPMATCH-25AUG29TIASTR-STR,1756482632,0.28,0.3,0.3,1646.0,1756479600.0,0.29,0.31,0.31,1616.0,True
KXATPMATCH-25AUG29WONRUB-RUB,1756567253,0.89,0.9,0.9,7760.0,1756566000.0,0.9,0.91,0.91,7449.0,True
KXATPMATCH-25AUG30ALTDE-ALT,1756575059,0.06,0.07,0.07,11060.0,1756573200.0,0.06,0.07,0.07,8358.0,True
KXATPMATCH-25AUG30BUBPAU-BUB,1756596056,0.51,0.52,0.52,60663.0,1756594800.0,0.51,0.52,0.52,48248.0,True
KXATPMATCH-25AUG30MUNBER-BER,1756560926,0.32,0.34,0.34,3290.0,1756558800.0,0.33,0.35,0.34,3261.0,True
KXATPMATCH-25AUG30ZVEAUG-AUG,1756588246,0.23,0.25,0.24,31.0,1756587600.0,0.24,0.26,0.26,24.0,True
KXATPMATCH-25AUG31DJOSTR-DJO,1756667444,0.84,0.85,0.85,64193.0,1756666800.0,0.85,0.86,0.85,56412.0,True
KXATPMATCH-25AUG31MACFRI-FRI,1756663248,0.7,0.72,0.72,59902.0,1756663200.0,0.7,0.72,0.72,29454.0,True
KXATPMATCH-25AUG31MANLEH-LEH,1756643444,0.72,0.73,0.74,17038.0,1756641600.0,0.72,0.73,0.73,14049.0,True
KXATPMATCH-25AUG31MUSMUN-MUN,1756736449,0.3,0.31,0.31,6293.0,1756735200.0,0.3,0.31,0.31,4430.0,True
KXATPMATCH-25AUG31RINALC-ALC,1756648848,0.95,0.97,0.97,6739.0,1756648800.0,0.95,0.97,0.97,3566.0,True
KXATPMATCH-25DEC17BLOENG-BLO,1765961414,0.66,0.67,0.67,2428.0,1765958400.0,0.64,0.65,0.64,1647.0,True
KXATPMATCH-25DEC17LANBUD-BUD,1765981518,0.42,0.44,0.44,457.0,1765980000.0,0.42,0.44,0.44,198.0,True
KXATPMATCH-25DEC17PRIBAS-BAS,1765955422,0.38,0.39,0.39,8410.0,1765954800.0,0.38,0.4,0.4,6339.0,True
KXATPMATCH-25DEC17TIEJOD-JOD,1765974102,0.2,0.22,0.2,935.0,1765972800.0,0.24,0.25,0.25,801.0,True
KXATPMATCH-25DEC18BASENG-BAS,1766125216,0.7,0.72,0.73,5922.0,1766124000.0,0.7,0.72,0.71,3706.0,True
KXATPMATCH-25DEC18BLOBAS-BAS,1766046309,0.45,0.46,0.46,4453.0,1766044800.0,0.45,0.46,0.46,1245.0,True
KXATPMATCH-25DEC18BLOPRI-BLO,1766132687,0.56,0.57,0.57,11563.0,1766131200.0,0.57,0.6,0.6,5605.0,True
KXATPMATCH-25DEC18BUDJOD-BUD,1766057418,0.41,0.43,0.42,4971.0,1766055600.0,0.4,0.45,0.44,4940.0,True
KXATPMATCH-25DEC18LANJOD-JOD,1766144428,0.63,0.64,0.64,2984.0,1766142000.0,0.61,0.63,0.64,2756.0,True
KXATPMATCH-25DEC18PRIENG-ENG,1766039998,0.39,0.4,0.4,541.0,1766037600.0,0.39,0.4,0.4,539.0,True
KXATPMATCH-25DEC18TIEBUD-BUD,1766150116,0.29,0.3,0.31,1732.0,1766149200.0,0.29,0.3,0.3,1417.0,True
KXATPMATCH-25DEC18TIELAN-LAN,1766063989,0.22,0.23,0.23,1842.0,1766062800.0,0.22,0.23,0.23,1820.0,True
KXATPMATCH-25DEC20BLOBUD-BLO,1766232496,0.73,0.74,0.74,1950.0,1766232000.0,0.73,0.74,0.74,1407.0,True
KXATPMATCH-25DEC20TIEBAS-BAS,1766237413,0.22,0.23,0.23,416.0,1766235600.0,0.22,0.23,0.22,313.0,True
KXATPMATCH-25JUL02AUGSTR-AUG,1751529332,0.67,0.71,0.69,34340.0,1751526000.0,0.68,0.69,0.68,33775.0,True
KXATPMATCH-25JUL02BORHAR-BOR,1751451634,0.58,0.64,0.6,268.0,1751443200.0,0.58,0.64,0.6,268.0,True
KXATPMATCH-25JUL02COBPIN-COB,1751523031,0.7,0.72,0.72,14167.0,1751522400.0,0.68,0.71,0.71,11465.0,True
KXATPMATCH-25JUL02DECAZ-CAZ,1751526325,0.09,0.12,0.11,4960.0,1751526000.0,0.09,0.11,0.11,4187.0,True
KXATPMATCH-25JUL02DIMMOU-DIM,1751534724,0.62,0.64,0.65,10808.0,1751533200.0,0.63,0.64,0.65,10808.0,True
KXATPMATCH-25JUL02DRACIL-CIL,1751546123,0.06,0.15,0.15,2127.0,1751544000.0,0.06,0.15,0.15,2127.0,True
KXATPMATCH-25JUL02FERDAR-DAR,1751530593,0.83,0.84,0.84,33737.0,1751529600.0,0.83,0.84,0.84,33737.0,True
KXATPMATCH-25JUL02FONBRO-BRO,1751448638,0.33,0.37,0.34,5768.0,1751446800.0,0.33,0.35,0.34,5768.0,True
KXATPMATCH-25JUL02FRIDIA-DIA,1751470242,0.27,0.28,0.27,1869.0,1751468400.0,0.26,0.27,0.27,1271.0,True
KXATPMATCH-25JUL02GARRIN-GAR,1751529331,0.15,0.23,0.16,46909.0,1751526000.0,0.15,0.31,0.16,46909.0,True
KXATPMATCH-25JUL02HOLMAC-HOL,1751544926,0.14,0.18,0.17,6359.0,1751544000.0,0.14,0.18,0.17,6359.0,True
KXATPMATCH-25JUL02JARTIE-JAR,1751443530,0.52,0.58,0.57,1866.0,1751443200.0,0.58,0.59,0.59,1663.0,True
KXATPMATCH-25JUL02KECDEJ-DEJ,1751523922,0.3,0.32,0.32,1542.0,1751522400.0,0.3,0.33,0.33,1477.0,True
KXATPMATCH-25JUL02LEHBEL-BEL,1751463626,0.19,0.2,0.2,430.0,1751461200.0,0.12,0.23,0.17,226.0,True
KXATPMATCH-25JUL02MAJQUI-MAJ,1751462444,0.43,0.45,0.45,1069.0,1751461200.0,0.39,0.46,0.45,1069.0,True
KXATPMATCH-25JUL02MANROY-MAN,1751450121,0.64,0.69,0.65,4693.0,1751443200.0,0.64,0.67,0.65,4693.0,True
KXATPMATCH-25JUL02MARMUN-MAR,1751531130,0.45,0.48,0.47,3403.0,1751529600.0,0.45,0.48,0.48,3363.0,True
KXATPMATCH-25JUL02MARNAV-MAR,1751543423,0.34,0.39,0.36,6544.0,1751533200.0,0.34,0.39,0.36,6544.0,True
KXATPMATCH-25JUL02MOCKHA-KHA,1751451632,0.83,0.88,0.85,2047.0,1751446800.0,0.83,0.85,0.85,2047.0,True
KXATPMATCH-25JUL02NORTIA-NOR,1751447721,0.38,0.41,0.4,14632.0,1751446800.0,0.38,0.4,0.4,14632.0,True
KXATPMATCH-25JUL02OFNPAU-OFN,1751545834,0.06,0.6,0.19,567.0,1751544000.0,0.16,0.19,0.19,567.0,True
KXATPMATCH-25JUL02RUBHAR-HAR,1751452238,0.21,0.29,0.26,4295.0,1751443200.0,0.21,0.29,0.26,4295.0,True
KXATPMATCH-25JUL02SHEHIJ-HIJ,1751610932,0.0,0.04,0.04,54437.0,1751608800.0,0.0,0.02,0.01,52930.0,True
KXATPMATCH-25JUL02SINVUK-SIN,1751549428,0.96,0.97,0.97,14510.0,1751547600.0,0.97,0.99,0.99,14490.0,True
KXATPMATCH-25JUL02SONBAS-BAS,1751549732,0.33,0.34,0.35,8432.0,1751547600.0,0.32,0.36,0.35,8405.0,True
KXATPMATCH-25JUL02TARALC-ALC,1751454184,0.95,0.99,0.96,2144.0,1751443200.0,0.95,0.99,0.96,2144.0,True
KXATPMATCH-25JUL02THOBON-BON,1751462124,0.61,0.62,0.62,312.0,1751461200.0,0.62,0.64,0.64,258.0,True
KXATPMATCH-25JUL02VANDAV-DAV,1751523032,0.83,0.85,0.85,38031.0,1751522400.0,0.82,0.85,0.82,37849.0,True
KXATPMATCH-25JUL03EVADJO-DJO,1751531728,0.93,0.94,0.94,1431.0,1751529600.0,0.93,0.94,0.94,1431.0,True
KXATPMATCH-25JUL03FUCMON-FUC,1751610327,0.47,0.48,0.48,160072.0,1751608800.0,0.47,0.48,0.48,159258.0,True
KXATPMATCH-25JUL03GIRMEN-GIR,1751526326,0.35,0.37,0.37,1561.0,1751526000.0,0.38,0.39,0.39,106.0,True
KXATPMATCH-25JUL03NAKOPE-NAK,1751541636,0.63,0.64,0.64,140.0,1751536800.0,0.63,0.64,0.64,140.0,True
KXATPMATCH-25JUL04BELNOR-BEL,1751625030,0.36,0.38,0.37,1521.0,1751623200.0,0.36,0.37,0.37,1521.0,True
KXATPMATCH-25JUL04BORKHA-BOR,1751634199,0.33,0.34,0.34,1010.0,1751634000.0,0.31,0.34,0.33,589.0,True
KXATPMATCH-25JUL04COBMEN-COB,1751702721,0.37,0.39,0.38,1928.0,1751702400.0,0.38,0.39,0.39,1878.0,True
KXATPMATCH-25JUL04DARTHO-DAR,1751627439,0.38,0.41,0.38,161.0,1751619600.0,0.38,0.41,0.38,161.0,True
KXATPMATCH-25JUL04FRIDAV-DAV,1751622927,0.26,0.3,0.3,927.0,1751616000.0,0.27,0.3,0.3,927.0,True
KXATPMATCH-25JUL04JARFON-FON,1751630463,0.64,0.67,0.65,7798.0,1751630400.0,0.64,0.67,0.65,7798.0,True
KXATPMATCH-25JUL04KECDJO-DJO,1751720452,0.94,0.95,0.95,3989.0,1751720400.0,0.94,0.95,0.95,3989.0,True
KXATPMATCH-25JUL04MAJRIN-MAJ,1751628930,0.46,0.47,0.46,296.0,1751623200.0,0.46,0.47,0.46,296.0,True
KXATPMATCH-25JUL04RUBMAN-MAN,1751619041,0.22,0.24,0.24,2647.0,1751616000.0,0.24,0.26,0.26,2529.0,True
KXATPMATCH-25JUL04STRALC-ALC,1751633423,0.92,0.96,0.96,3054.0,1751630400.0,0.92,0.96,0.96,3054.0,True
KXATPMATCH-25JUL05CILMUN-CIL,1751718646,0.58,0.65,0.61,3512.0,1751716800.0,0.6,0.64,0.61,3512.0,True
KXATPMATCH-25JUL05DEHOL-DE,1751714135,0.87,0.91,0.9,19430.0,1751713200.0,0.87,0.91,0.9,19430.0,True
KXATPMATCH-25JUL05DIMOFN-DIM,1751710240,0.69,0.73,0.73,15546.0,1751702400.0,0.69,0.73,0.73,15546.0,True
KXATPMATCH-25JUL05NAKSON-NAK,1751720150,0.08,0.71,0.62,5277.0,1751716800.0,0.61,0.69,0.62,5277.0,True
KXATPMATCH-25JUL05SHEFUC-FUC,1751720729,0.27,0.28,0.27,3632.0,1751720400.0,0.27,0.28,0.28,793.0,True
KXATPMATCH-25JUL05SINMAR-MAR,1751705130,0.02,0.03,0.03,19200.0,1751702400.0,0.02,0.03,0.03,17882.0,True
KXATPMATCH-25JUL06CILCOB-CIL,1751874333,0.44,0.46,0.45,183371.0,1751871600.0,0.44,0.47,0.47,163774.0,True
KXATPMATCH-25JUL06DEDJO-DE,1751882471,0.12,0.15,0.13,244243.0,1751882400.0,0.12,0.15,0.13,244243.0,True
KXATPMATCH-25JUL06FRITHO-FRI,1751804930,0.82,0.87,0.86,145274.0,1751803200.0,0.83,0.87,0.86,145274.0,True
KXATPMATCH-25JUL06JARNOR-JAR,1751803833,0.45,0.47,0.47,41877.0,1751803200.0,0.45,0.47,0.47,41877.0,True
KXATPMATCH-25JUL06KHAMAJ-KHA,1751781925,0.74,0.75,0.75,214201.0,1751781600.0,0.7,0.73,0.73,103427.0,True
KXATPMATCH-25JUL06RUBALC-ALC,1751810456,0.9,0.91,0.91,292657.0,1751810400.0,0.92,0.93,0.93,261032.0,True
KXATPMATCH-25JUL06SHESON-SHE,1751888732,0.77,0.8,0.8,274326.0,1751886000.0,0.77,0.8,0.8,274326.0,True
KXATPMATCH-25JUL06SINDIM-DIM,1751897744,0.05,0.06,0.06,199879.0,1751896800.0,0.04,0.06,0.06,181467.0,True
KXATPMATCH-25JUL08FRIKHA-FRI,1751964618,0.76,0.78,0.77,354628.0,1751961600.0,0.74,0.75,0.75,323436.0,True
KXATPMATCH-25JUL08NORALC-ALC,1751975717,0.93,0.94,0.94,141505.0,1751961600.0,0.93,0.94,0.94,141505.0,True
KXATPMATCH-25JUL09COBDJO-COB,1752064824,0.09,0.12,0.12,331183.0,1752062400.0,0.1,0.12,0.12,331183.0,True
KXATPMATCH-25JUL09SINSHE-SHE,1752058855,0.32,0.35,0.34,873449.0,1752048000.0,0.32,0.35,0.34,873449.0,True
KXATPMATCH-25JUL10SAJT-JT,1752067236,,,,0.0,,,,,0.0,False
KXATPMATCH-25JUL11FRIALC-ALC,1752226229,0.84,0.85,0.85,1926300.0,1752220800.0,0.84,0.85,0.85,1926300.0,True
KXATPMATCH-25JUL11SINDJO-DJO,1752235253,0.31,0.33,0.33,635603.0,1752235200.0,0.31,0.33,0.33,635603.0,True
KXATPMATCH-25JUL13ALTKRU-ALT,1752612039,0.64,0.67,0.67,1153.0,1752609600.0,0.64,0.66,0.66,346.0,True
KXATPMATCH-25JUL13BARNAV-BAR,1752645635,0.22,0.23,0.23,1890.0,1752645600.0,0.22,0.24,0.24,1721.0,True
KXATPMATCH-25JUL13BURSVR-BUR,1752472828,0.52,0.58,0.58,9915.0,1752472800.0,0.51,0.54,0.54,4590.0,True
KXATPMATCH-25JUL13CARTAB-CAR,1752568235,0.48,0.52,0.52,838.0,1752566400.0,0.5,0.51,0.51,819.0,True
KXATPMATCH-25JUL13CAZBAS-BAS,1752488737,0.35,0.66,0.47,1200.0,1752483600.0,0.44,0.46,0.47,1200.0,True
KXATPMATCH-25JUL13CERSTR-CER,1752562862,0.41,0.43,0.43,2228.0,1752562800.0,0.4,0.43,0.43,1530.0,True
KXATPMATCH-25JUL13COLDAR-COL,1752486933,0.3,0.37,0.36,46.0,1752480000.0,0.3,0.37,0.36,46.0,True
KXATPMATCH-25JUL13DANHER-DAN,1752559833,0.73,0.84,0.87,33666.0,1752559200.0,0.69,0.73,0.73,2668.0,True
KXATPMATCH-25JUL13DUCMAN-DUC,1752618329,0.53,0.54,0.54,1132.0,1752616800.0,0.4,0.54,0.54,985.0,True
KXATPMATCH-25JUL13GASTSE-GAS,1752559832,0.41,0.44,0.44,125.0,1752559200.0,0.41,0.44,0.44,121.0,True
KXATPMATCH-25JUL13HABKOV-HAB,1752527434,0.08,0.3,0.3,3256.0,1752526800.0,0.06,0.28,0.28,370.0,True
KXATPMATCH-25JUL13KACFIC-FIC,1752535529,0.09,0.4,0.4,150.0,1752534000.0,0.09,0.4,0.4,91.0,True
KXATPMATCH-25JUL13KOPDEL-DEL,1752583583,0.0,0.79,0.41,325.0,1752580800.0,0.04,0.77,0.41,325.0,True
KXATPMATCH-25JUL13LANGOF-GOF,1752564069,0.43,0.46,0.46,2541.0,1752562800.0,0.43,0.44,0.44,505.0,True
KXATPMATCH-25JUL13MAJATM-ATM,1752472829,0.21,0.22,0.23,5781.0,1752472800.0,0.21,0.24,0.24,4642.0,True
KXATPMATCH-25JUL13MCCALVA-ALVA,1752627637,0.12,0.29,0.3,1362.0,1752627600.0,0.24,0.28,0.28,61.0,True
KXATPMATCH-25JUL13OFNDZU-DZU,1752565237,0.38,0.4,0.4,784.0,1752562800.0,0.28,0.4,0.39,74.0,True
KXATPMATCH-25JUL13REJDEJ-DEJ,1752477923,0.94,0.96,0.95,11040.0,1752476400.0,0.65,0.94,0.93,9719.0,True
KXATPMATCH-25JUL13SHEWAW-SHE,1752579037,0.41,0.46,0.46,2077.0,1752566400.0,0.41,0.46,0.46,2077.0,True
KXATPMATCH-25JUL13STRHER-HER,1752496230,0.34,0.79,0.47,1878.0,1752494400.0,0.34,0.5,0.47,1878.0,True
KXATPMATCH-25JUL13UGOGAR-GAR,1752648924,0.63,0.64,0.6,48526.0,1752645600.0,0.62,0.63,0.63,43836.0,True
KXATPMATCH-25JUL13VUKNAV-NAV,1752534341,0.46,0.48,0.49,2361.0,1752534000.0,0.49,0.51,0.49,1891.0,True
KXATPMATCH-25JUL13WALPAC-PAC,1752622246,0.35,0.37,0.37,455.0,1752620400.0,0.35,0.37,0.37,435.0,True
KXATPMATCH-25JUL13YMEBOY-BOY,1752563496,0.43,0.45,0.45,1352.0,1752562800.0,0.39,0.45,0.46,1096.0,True
KXATPMATCH-25JUL13YMEVAN-VAN,1752648628,0.8,0.81,0.81,20243.0,1752645600.0,0.78,0.8,0.8,19143.0,True
KXATPMATCH-25JUL14BUSDJE-BUS,1752477329,0.19,0.29,0.28,4528.0,1752476400.0,0.23,0.28,0.32,4260.0,True
KXATPMATCH-25JUL15BAEBUD-BAE,1752669055,0.04,0.72,0.75,26.0,1752652800.0,0.04,0.72,0.75,26.0,True
KXATPMATCH-25JUL15COMTRU-COM,1752562857,0.59,0.61,0.62,1756.0,1752562800.0,0.61,0.62,0.62,390.0,True
KXATPMATCH-25JUL15GASDZU-DZU,1752754529,0.54,0.77,0.57,2496.0,1752753600.0,0.54,0.77,0.57,2496.0,True
KXATPMATCH-25JUL15KOPDEJ-DEJ,1752645635,0.5,0.51,0.51,1448.0,1752645600.0,0.5,0.51,0.51,1438.0,True
KXATPMATCH-25JUL15KYMHEM-HEM,1752573653,0.1,0.43,,0.0,1752566400.0,0.1,0.43,,0.0,True
KXATPMATCH-25JUL15MAGYUN-MAG,1752614735,0.08,0.1,0.1,5926.0,1752613200.0,0.05,0.1,0.11,4686.0,True
KXATPMATCH-25JUL15MEJBAS-BAS,1752618030,0.7,0.72,0.72,354.0,1752616800.0,0.26,0.73,0.73,280.0,True
KXATPMATCH-25JUL15MISMOL-MIS,1752645637,0.65,0.67,0.67,5395.0,1752645600.0,0.65,0.67,0.67,5007.0,True
KXATPMATCH-25JUL15MONBUD-BUD,1752564635,0.07,0.44,0.44,218.0,1752562800.0,0.07,0.43,,0.0,True
KXATPMATCH-25JUL15PELFAR-FAR,1752562858,0.07,0.52,0.52,269.0,1752562800.0,0.07,0.51,0.48,83.0,True
KXATPMATCH-25JUL15RINPAS-PAS,1752562859,0.53,0.54,0.53,104.0,1752562800.0,0.53,0.54,0.6,5.0,True
KXATPMATCH-25JUL15SMINAN-NAN,1752611726,0.19,0.2,0.22,246.0,1752609600.0,0.08,0.22,0.22,225.0,True
KXATPMATCH-25JUL15YIBSCH-SCH,1752613827,0.34,0.36,0.36,443.0,1752613200.0,0.26,0.37,0.36,159.0,True
KXATPMATCH-25JUL16ALTSCH-ALT,1752709832,0.57,0.61,0.61,6917.0,1752706800.0,0.56,0.59,0.59,3189.0,True
KXATPMATCH-25JUL16ALVAKOV-ALVA,1752708635,0.05,0.17,0.17,951.0,1752706800.0,0.07,0.17,0.17,895.0,True
KXATPMATCH-25JUL16CAZETC-CAZ,1752738628,0.34,0.37,0.36,742.0,1752735600.0,0.32,0.35,0.35,129.0,True
KXATPMATCH-25JUL16CERGOF-CER,1752732048,0.3,0.32,0.32,64202.0,1752732000.0,0.3,0.33,0.3,58589.0,True
KXATPMATCH-25JUL16HALFIC-FIC,1752702021,0.1,0.27,0.28,153.0,1752699600.0,0.1,0.28,0.28,65.0,True
KXATPMATCH-25JUL16MAJBUS-BUS,1752645636,0.36,0.38,0.36,944.0,1752645600.0,0.36,0.39,0.39,806.0,True
KXATPMATCH-25JUL16MARBUR-BUR,1752657486,0.8,0.91,0.91,34852.0,1752649200.0,0.8,0.91,0.91,34852.0,True
KXATPMATCH-25JUL16NANSHA-NAN,1752696936,0.17,0.22,0.22,4396.0,1752696000.0,0.05,0.22,0.22,3524.0,True
KXATPMATCH-25JUL16NAVYUN-NAV,1752704135,0.1,0.49,0.48,3649.0,1752703200.0,0.48,0.49,0.49,2414.0,True
KXATPMATCH-25JUL16PELGRI-GRI,1752657926,0.76,0.78,0.78,1439.0,1752652800.0,0.76,0.78,0.78,1439.0,True
KXATPMATCH-25JUL16RUBHER-HER,1752702322,0.04,0.05,0.05,3163.0,1752699600.0,0.01,0.04,0.04,1432.0,True
KXATPMATCH-25JUL16RUUSTR-RUU,1752657033,0.75,0.77,0.76,9502.0,1752652800.0,0.75,0.77,0.76,9502.0,True
KXATPMATCH-25JUL16WALBAS-BAS,1752714030,0.57,0.62,0.62,7962.0,1752714000.0,0.1,0.61,0.61,691.0,True
KXATPMATCH-25JUL16YMEDAR-DAR,1752663324,0.04,0.82,0.82,183.0,1752652800.0,0.04,0.82,0.82,183.0,True
KXATPMATCH-25JUL16ZAHBUR-BUR,1752649827,0.1,0.81,0.81,296.0,1752649200.0,0.1,0.8,0.8,265.0,True
KXATPMATCH-25JUL17CERNAV-CER,1752747044,0.49,0.59,0.59,35.0,1752746400.0,0.49,0.59,0.59,35.0,True
KXATPMATCH-25JUL17COMCAR-CAR,1752732051,0.1,0.36,0.36,990.0,1752732000.0,0.36,0.37,0.37,836.0,True
KXATPMATCH-25JUL17DEJGRI-DEJ,1752818451,0.38,0.39,0.38,7199.0,1752818400.0,0.39,0.42,0.42,1932.0,True
KXATPMATCH-25JUL17DUCDAV-DAV,1752709224,0.78,0.8,0.77,200.0,1752706800.0,0.78,0.8,0.77,200.0,True
KXATPMATCH-25JUL17FICKOV-FIC,1752802233,0.18,0.33,0.33,3878.0,1752800400.0,0.11,0.32,0.32,3364.0,True
KXATPMATCH-25JUL17MISBOR-BOR,1752740723,0.53,0.61,0.61,1301.0,1752739200.0,0.54,0.61,0.61,1293.0,True
KXATPMATCH-25JUL17PASKYM-KYM,1752752121,0.35,0.52,0.42,1438.0,1752746400.0,0.35,0.52,0.42,1438.0,True
KXATPMATCH-25JUL17RUBNAV-NAV,1752802233,0.09,0.17,0.17,10234.0,1752800400.0,0.16,0.19,0.19,7906.0,True
KXATPMATCH-25JUL17SCHSHA-SCH,1752802232,0.26,0.29,0.29,50336.0,1752800400.0,0.16,0.31,0.31,5696.0,True
KXATPMATCH-25JUL17SHEBUB-BUB,1752744025,0.6,0.77,0.62,1934.0,1752739200.0,0.6,0.77,0.62,1934.0,True
KXATPMATCH-25JUL17UGOVAN-UGO,1752732319,0.5,0.52,0.52,257.0,1752732000.0,0.48,0.52,0.52,60.0,True
KXATPMATCH-25JUL17WALDUC-DUC,1752802234,0.26,0.41,0.41,11922.0,1752800400.0,0.43,0.44,0.44,9109.0,True
KXATPMATCH-25JUL18BAEDAR-BAE,1752830129,0.41,0.45,0.44,2465.0,1752829200.0,0.41,0.44,0.44,2465.0,True
KXATPMATCH-25JUL18BURBUS-BUR,1752818444,0.44,0.46,0.46,2184.0,1752818400.0,0.44,0.46,0.46,756.0,True
KXATPMATCH-25JUL18CERDZU-CER,1752837640,0.77,0.81,0.8,871.0,1752829200.0,0.77,0.81,0.8,871.0,True
KXATPMATCH-25JUL18COMBUB-BUB,1752829256,0.56,0.65,0.58,1179.0,1752829200.0,0.56,0.58,0.58,1179.0,True
KXATPMATCH-25JUL18KYMCAZ-CAZ,1752840052,0.5,0.77,0.57,273.0,1752840000.0,0.5,0.57,0.57,273.0,True
KXATPMATCH-25JUL18RUUCER-CER,1752823522,0.16,0.23,0.27,2221.0,1752822000.0,0.15,0.24,0.24,995.0,True
KXATPMATCH-25JUL18SHAWAL-SHA,1752875431,0.7,0.72,0.72,11019.0,1752872400.0,0.7,0.71,0.71,6064.0,True
KXATPMATCH-25JUL18UGOMIS-MIS,1752825038,0.5,0.53,0.53,5868.0,1752822000.0,0.5,0.53,0.53,4636.0,True
KXATPMATCH-25JUL19BARNAV-BAR,1753105221,0.23,0.25,0.25,152.0,1753102800.0,0.21,0.6,0.25,152.0,True
KXATPMATCH-25JUL19CARBAS-BAS,1753104334,0.5,0.55,0.55,860.0,1753102800.0,0.48,0.7,0.55,457.0,True
KXATPMATCH-25JUL19CAZBUB-BUB,1752917130,0.63,0.85,0.74,13926.0,1752912000.0,0.7,0.74,0.74,13926.0,True
KXATPMATCH-25JUL19CERBUS-BUS,1752904854,0.39,0.43,0.43,3434.0,1752904800.0,0.39,0.46,0.46,149.0,True
KXATPMATCH-25JUL19CERDAR-CER,1752919252,0.59,0.62,0.62,1181.0,1752919200.0,0.59,0.62,0.62,1181.0,True
KXATPMATCH-25JUL19COLKOP-COL,1753014032,0.42,0.54,0.56,394.0,1753012800.0,0.42,0.54,0.56,394.0,True
KXATPMATCH-25JUL19DEJPOL-DEJ,1753189255,0.67,0.72,0.74,17653.0,1753189200.0,0.52,0.74,0.69,17520.0,True
KXATPMATCH-25JUL19DODPAS-DOD,1753024245,0.33,0.36,0.4,5.0,1753023600.0,0.32,0.36,0.4,5.0,True
KXATPMATCH-25JUL19KOVSHA-KOV,1752964257,0.27,0.28,0.28,1224.0,1752962400.0,0.27,0.28,0.28,720.0,True
KXATPMATCH-25JUL19LAJATM-ATM,1753099854,0.29,0.77,0.36,5.0,1753099200.0,0.29,0.77,0.36,5.0,True
KXATPMATCH-25JUL19PRIMOL-MOL,1753197027,0.43,0.44,0.44,502.0,1753196400.0,0.33,0.44,0.42,495.0,True
KXATPMATCH-25JUL19RUBKOV-KOV,1752885934,0.21,0.22,0.22,693.0,1752883200.0,0.21,0.22,0.22,403.0,True
KXATPMATCH-25JUL19TABHER-HER,1753094441,0.33,0.77,,0.0,1753081200.0,0.33,0.77,,0.0,True
KXATPMATCH-25JUL19UGODEJ-DEJ,1752909041,0.52,0.54,0.54,2498.0,1752908400.0,0.54,0.55,0.55,1215.0,True
KXATPMATCH-25JUL20ARNALT-ALT,1753099251,0.33,0.39,,0.0,1753099200.0,0.33,0.39,,0.0,True
KXATPMATCH-25JUL20BONMAR-BON,1753093844,0.38,0.77,0.41,4133.0,1753084800.0,0.38,0.77,0.41,4133.0,True
KXATPMATCH-25JUL20CAZBUS-BUS,1753171831,0.52,0.62,0.53,2008.0,1753171200.0,0.53,0.54,0.54,1500.0,True
KXATPMATCH-25JUL20CERBUB-BUB,1752991245,0.78,0.79,0.79,22651.0,1752991200.0,0.66,0.75,0.75,772.0,True
KXATPMATCH-25JUL20COMBOY-BOY,1753091130,0.18,0.21,0.22,3723.0,1753084800.0,0.18,0.21,0.22,3723.0,True
KXATPMATCH-25JUL20DARDEJ-DAR,1752999639,0.61,0.64,0.64,5423.0,1752998400.0,0.61,0.64,0.64,4123.0,True
KXATPMATCH-25JUL20EVABER-BER,1753103735,0.59,0.62,0.62,5359.0,1753102800.0,0.58,0.77,0.65,5352.0,True
KXATPMATCH-25JUL20FARTIR-FAR,1753176638,0.35,0.39,0.38,342.0,1753171200.0,0.35,0.39,0.38,342.0,True
KXATPMATCH-25JUL20GOFYUN-GOF,1753182050,0.2,0.45,0.41,11945.0,1753171200.0,0.2,0.45,0.41,11945.0,True
KXATPMATCH-25JUL20HALKOV-HAL,1753196560,0.5,0.51,0.51,7222.0,1753196400.0,0.5,0.52,0.5,7123.0,True
KXATPMATCH-25JUL20MISETC-ETC,1753176026,0.12,0.54,0.48,3290.0,1753171200.0,0.12,0.54,0.48,3290.0,True
KXATPMATCH-25JUL20MPEVUK-MPE,1753124123,0.59,0.61,0.61,31169.0,1753120800.0,0.57,0.59,0.59,23685.0,True
KXATPMATCH-25JUL20MUNGIR-GIR,1753200329,0.53,0.54,0.54,8085.0,1753200000.0,0.5,0.56,0.56,7587.0,True
KXATPMATCH-25JUL20NISBRO-BRO,1753120230,0.69,0.72,0.73,6936.0,1753117200.0,0.71,0.73,0.73,6837.0,True
KXATPMATCH-25JUL20QUIOCO-OCO,1753093843,0.35,0.49,0.46,3785.0,1753084800.0,0.35,0.49,0.46,3785.0,True
KXATPMATCH-25JUL20SCHFUC-FUC,1753099253,0.05,0.81,0.77,4610.0,1753099200.0,0.7,0.8,0.77,4610.0,True
KXATPMATCH-25JUL20SEYENG-ENG,1753183223,0.26,0.49,0.34,138.0,1753171200.0,0.26,0.49,0.34,138.0,True
KXATPMATCH-25JUL20SHEGAL-GAL,1753095322,0.17,0.54,0.41,129.0,1753084800.0,0.17,0.54,0.41,129.0,True
KXATPMATCH-25JUL20TIENAV-NAV,1753113321,0.42,0.45,0.45,6503.0,1753110000.0,0.42,0.45,0.45,6454.0,True
KXATPMATCH-25JUL20VANJAR-JAR,1753164033,0.65,0.68,0.68,16837.0,1753164000.0,0.6,0.63,0.63,2692.0,True
KXATPMATCH-25JUL21DROGAR-DRO,1753099529,0.39,0.77,0.5,835.0,1753099200.0,0.39,0.77,0.5,835.0,True
KXATPMATCH-25JUL21GASGOM-GAS,1753105831,0.1,0.64,0.65,170.0,1753102800.0,0.55,0.67,0.57,169.0,True
KXATPMATCH-25JUL21GUIWAW-GUI,1753107925,0.34,0.35,0.35,326.0,1753106400.0,0.34,0.77,0.34,5.0,True
KXATPMATCH-25JUL21HANNEU-HAN,1753164034,0.63,0.7,0.7,14833.0,1753164000.0,0.46,0.67,0.68,4723.0,True
KXATPMATCH-25JUL21MAJLLA-LLA,1753098028,0.1,0.74,0.39,207.0,1753084800.0,0.1,0.74,0.39,207.0,True
KXATPMATCH-25JUL21MCDSMI-MCD,1753104028,0.46,0.65,0.65,283.0,1753102800.0,0.67,0.77,,0.0,True
KXATPMATCH-25JUL21MONYIB-MON,1753188043,0.54,0.77,0.69,5821.0,1753182000.0,0.54,0.69,0.69,5821.0,True
KXATPMATCH-25JUL21NORHAR-HAR,1753107637,0.16,0.18,0.19,100.0,1753106400.0,0.08,0.29,0.29,6.0,True
KXATPMATCH-25JUL21OPECAS-CAS,1753111948,0.1,0.3,0.3,10.0,1753110000.0,0.19,0.3,0.3,10.0,True
KXATPMATCH-25JUL21RINBAG-BAG,1753110926,0.1,0.36,0.35,175.0,1753110000.0,0.1,0.35,0.35,175.0,True
KXATPMATCH-25JUL21SVAKEC-KEC,1753188328,0.68,0.77,0.69,1339.0,1753171200.0,0.68,0.77,0.69,1339.0,True
KXATPMATCH-25JUL21TSEZEP-TSE,1753093526,0.56,0.59,0.6,204.0,1753084800.0,0.56,0.59,0.6,204.0,True
KXATPMATCH-25JUL21ZHUMUL-MUL,1753099852,0.75,0.88,,0.0,1753084800.0,0.75,0.88,,0.0,True
KXATPMATCH-25JUL22OFNSTR-OFN,1753165534,0.56,0.59,0.59,12162.0,1753164000.0,0.53,0.55,0.55,4981.0,True
KXATPMATCH-25JUL22PASUGO-PAS,1753182924,0.37,0.6,,0.0,1753171200.0,0.37,0.6,,0.0,True
KXATPMATCH-25JUL23ARNSON-ARN,1753279273,,,,0.0,,,,,0.0,False
KXATPMATCH-25JUL23BASPRI-BAS,1753279267,,,,0.0,,,,,0.0,False
KXATPMATCH-25JUL23BAUSEY-BAU,1753279275,,,,0.0,,,,,0.0,False
KXATPMATCH-25JUL23BUBTIR-BUB,1753279268,,,,0.0,,,,,0.0,False
KXATPMATCH-25JUL23CERTAB-CER,1753279272,,,,0.0,,,,,0.0,False
KXATPMATCH-25JUL23COBNIS-COB,1753296341,,,,0.0,,,,,0.0,False
KXATPMATCH-25JUL23COMCAZ-CAZ,1753279269,,,,0.0,,,,,0.0,False
KXATPMATCH-25JUL23DAVMUN-DAV,1753296928,,,,0.0,,,,,0.0,False
KXATPMATCH-25JUL23DEJNAV-DEJ,1753279276,,,,0.0,,,,,0.0,False
KXATPMATCH-25JUL23DEYUN-DE,1753279270,,,,0.0,,,,,0.0,False
KXATPMATCH-25JUL23DROKOP-DRO,1753279279,,,,0.0,,,,,0.0,False
KXATPMATCH-25JUL23DZUWAW-DZU,1753287627,,,,0.0,,,,,0.0,False
KXATPMATCH-25JUL23FRIVUK-FRI,1753280126,,,,0.0,,,,,0.0,False
KXATPMATCH-25JUL23KOVTIA-KOV,1753302330,0.0,0.96,,0.0,1753300800.0,,,,0.0,True
KXATPMATCH-25JUL23MEDOPE-MED,1753279278,,,,0.0,,,,,0.0,False
KXATPMATCH-25JUL23SHEFUC-FUC,1753279280,,,,0.0,,,,,0.0,False
KXATPMATCH-25JUL23STRMAR-MAR,1753279271,,,,0.0,,,,,0.0,False
KXATPMATCH-25JUL23SVALEH-LEH,1753279274,,,,0.0,,,,,0.0,False
KXATPMATCH-25JUL23TIERUB-RUB,1753292724,,,,0.0,,,,,0.0,False
KXATPMATCH-25JUL23TSEDAR-DAR,1753279277,,,,0.0,,,,,0.0,False
KXATPMATCH-25JUL23VANMIS-MIS,1753279266,,,,0.0,,,,,0.0,False
KXATPMATCH-25JUL23YIBPOP-POP,1753279281,,,,0.0,,,,,0.0,False
KXATPMATCH-26JUL24HANHAL-HAL,1784874286,,,,0.0,,,,,0.0,False
KXATPMATCH-26JUL24TORGAS-GAS,1784875793,,,,0.0,,,,,0.0,False
KXATPMATCH-26JUL24BUBETC-BUB,1784880589,,,,0.0,,,,,0.0,False
KXATPMATCH-26JUL24RUBVAN-RUB,1784885394,,,,0.0,,,,,0.0,False
KXATPMATCH-26JUL24BURBLO-BLO,1784896206,,,,0.0,,,,,0.0,False
KXATPMATCH-26JUL24FARDAR-DAR,1784906402,,,,0.0,,,,,0.0,False
KXATPMATCH-26JUL25BUBHAL-BUB,1784961898,,,,0.0,,,,,0.0,False
KXATPMATCH-26JUL25DAMCOP-COP,1784970317,,,,0.0,,,,,0.0,False
KXATPMATCH-26JUL25VUKDOU-DOU,1784971817,,,,0.0,,,,,0.0,False
KXATPMATCH-26JUL25MCCBOL-BOL,1784974806,,,,0.0,,,,,0.0,False
KXATPMATCH-26JUL25SVAKOZ-KOZ,1784977808,,,,0.0,,,,,0.0,False
KXATPMATCH-26JUL25ILABER-BER,1784979299,,,,0.0,,,,,0.0,False
KXATPMATCH-26JUL25SHEHAR-HAR,1784982016,,,,0.0,,,,,0.0,False
KXATPMATCH-26JUL25VANGAS-GAS,1784983201,,,,0.0,,,,,0.0,False
KXATPMATCH-26JUL25LEEECH-ECH,1784983498,,,,0.0,,,,,0.0,False
KXATPMATCH-26JUL25HEWLAJ-HEW,1784983804,,,,0.0,,,,,0.0,False
KXATPMATCH-26JUL25GIRSHA-GIR,1784985613,,,,0.0,,,,,0.0,False
KXATPMATCH-26JUL25SVAYME-SVA,1784990401,,,,0.0,,,,,0.0,False
KXATPMATCH-26JUL25MCDBUT-BUT,1784993406,,,,0.0,,,,,0.0,False
KXATPMATCH-26JUL25BLODAR-BLO,1784994290,,,,0.0,,,,,0.0,False
KXATPMATCH-26JUL25OCOMAR-MAR,1784994607,,,,0.0,,,,,0.0,False
KXATPMATCH-26JUL25MAGJOH-JOH,1785012003,,,,0.0,,,,,0.0,False
KXATPMATCH-26JUL25ALVAWIN-ALVA,1785015616,,,,0.0,,,,,0.0,False
KXATPMATCH-26JUL25TOBTOM-TOB,1785016208,,,,0.0,,,,,0.0,False
KXATPMATCH-26JUL25MEJHER-HER,1785019805,,,,0.0,,,,,0.0,False
KXATPMATCH-26JUL25KWONRUB-KWON,1785021929,,,,0.0,,,,,0.0,False
KXATPMATCH-26JUL25BOYCLA-BOY,1785023410,,,,0.0,,,,,0.0,False
KXATPMATCH-26JUL25KINMAY-KIN,1785025492,,,,0.0,,,,,0.0,False
KXATPMATCH-26JUL25PASSMI-PAS,1785031213,,,,0.0,,,,,0.0,False
KXATPMATCH-26JUL26VUKBOL-BOL,1785056430,,,,0.0,,,,,0.0,False
KXATPMATCH-26JUL26DAMSHE-DAM,1785061825,,,,0.0,,,,,0.0,False
KXATPMATCH-26JUL26MARECH-ECH,1785067513,,,,0.0,,,,,0.0,False
KXATPMATCH-26JUL26GIRILA-GIR,1785069025,,,,0.0,,,,,0.0,False
KXATPMATCH-26JUL26SVAHEW-HEW,1785069300,,,,0.0,,,,,0.0,False
KXATPMATCH-26JUL26VANBLO-BLO,1785072022,,,,0.0,,,,,0.0,False
KXATPMATCH-26JUL26MCDSVA-MCD,1785075902,,,,0.0,,,,,0.0,False
KXATPMATCH-26JUL26KWONWIN-KWON,1785099297,,,,0.0,,,,,0.0,False
KXATPMATCH-26JUL26MAYPAS-MAY,1785100506,,,,0.0,,,,,0.0,False
KXATPMATCH-26JUL26HERMAG-HER,1785106508,,,,0.0,,,,,0.0,False
KXATPMATCH-26JUL27TABGRI-GRI,1785152183,,,,0.0,,,,,0.0,False
KXATPMATCH-26JUL27ARNMUS-ARN,1785155704,,,,0.0,,,,,0.0,False
KXATPMATCH-26JUL27FRIBER-BER,1785162630,,,,0.0,,,,,0.0,False
KXATPMATCH-26JUL27VUKSVA-SVA,1785171013,,,,0.0,,,,,0.0,False
KXATPMATCH-26JUL27NISSHA-NIS,1785174309,,,,0.0,,,,,0.0,False
KXATPMATCH-26JUL27HERTOM-HER,1785183009,,,,0.0,,,,,0.0,False
KXATPMATCH-26JUL27DIABOY-BOY,1785184813,,,,0.0,,,,,0.0,False
KXATPMATCH-26JUL27TIAATM-ATM,1785186605,,,,0.0,,,,,0.0,False
KXATPMATCH-26JUL26NORKOV-KOV,1785189288,,,,0.0,,,,,0.0,False
KXATPMATCH-26JUL26WONBLA-BLA,1785194689,,,,0.0,,,,,0.0,False
KXATPMATCH-26JUL27HUMMAR-HUM,1785234624,,,,0.0,,,,,0.0,False
KXATPMATCH-26JUL27MAJPAU-MAJ,1785237605,,,,0.0,,,,,0.0,False
KXATPMATCH-26JUL27MANTIE-MAN,1785244506,,,,0.0,,,,,0.0,False
KXATPMATCH-26JUL27FILJOD-FIL,1785244813,,,,0.0,,,,,0.0,False
KXATPMATCH-26JUL27GIRHEW-GIR,1785246608,,,,0.0,,,,,0.0,False
KXATPMATCH-26JUL27NAKETC-ETC,1785250216,,,,0.0,,,,,0.0,False
KXATPMATCH-26JUL27DAMSHE-DAM,1785264931,,,,0.0,,,,,0.0,False
KXATPMATCH-26JUL27SVAMEN-MEN,1785267617,,,,0.0,,,,,0.0,False
KXATPMATCH-26JUL28KOUWIN-KOU,1785270895,,,,0.0,,,,,0.0,False
KXATPMATCH-26JUL28MAYDUC-DUC,1785273899,,,,0.0,,,,,0.0,False
KXATPMATCH-26JUL26SHIPAC-PAC,1785276297,,,,0.0,,,,,0.0,False
KXATPMATCH-26JUL26BROMOU-BRO,1785278999,,,,0.0,,,,,0.0,False
KXATPMATCH-26JUL28KWONGEA-GEA,1785284095,,,,0.0,,,,,0.0,False
KXATPMATCH-26JUL26SHAHIJ-HIJ,1785285007,,,,0.0,,,,,0.0,False
KXATPMATCH-26JUL26ZHELAN-LAN,1785291900,,,,0.0,,,,,0.0,False
KXATPMATCH-26JUL26SVRWAL-SVR,1785295809,,,,0.0,,,,,0.0,False
KXATPMATCH-26JUL27DETSI-DE,1785331805,,,,0.0,,,,,0.0,False
KXATPMATCH-26JUL29VUKMUS-MUS,1785331806,,,,0.0,,,,,0.0,False
KXATPMATCH-26JUL29FRIMAJ-FRI,1785337202,,,,0.0,,,,,0.0,False
KXATPMATCH-26JUL29JODNIS-JOD,1785352805,,,,0.0,,,,,0.0,False
KXATPMATCH-26JUL29MICMAN-MAN,1785353996,,,,0.0,,,,,0.0,False
KXATPMATCH-26JUL29WINBRO-BRO,1785358199,,,,0.0,,,,,0.0,False
KXATPMATCH-26JUL29CERBOY-BOY,1785358808,,,,0.0,,,,,0.0,False
KXATPMATCH-26JUL29LEHWON-LEH,1785359392,,,,0.0,,,,,0.0,False
KXATPMATCH-26JUL29SHAPAC-PAC,1785364197,,,,0.0,,,,,0.0,False
KXATPMATCH-26JUL29GEAZHE-GEA,1785366001,,,,0.0,,,,,0.0,False
KXATPMATCH-26JUL29TOMKHA-KHA,1785366599,,,,0.0,,,,,0.0,False
KXATPMATCH-26JUL30SVRDAR-DAR,1785367191,,,,0.0,,,,,0.0,False
KXATPMATCH-26JUL29NORDUC-DUC,1785373210,,,,0.0,,,,,0.0,False
KXATPMATCH-26JUL30NAKMEN-MEN,1785411007,,,,0.0,,,,,0.0,False
KXATPMATCH-26JUL30DEHEW-DE,1785415799,,,,0.0,,,,,0.0,False
KXATPMATCH-26JUL29ATMTAB-ATM,1785432286,,,,0.0,,,,,0.0,False
KXATPMATCH-26JUL30HUMSHE-HUM,1785438882,,,,0.0,,,,,0.0,False
KXATPMATCH-26JUL30WONBRO-BRO,1785447608,,,,0.0,,,,,0.0,False
KXATPMATCH-26JUL30CERGEA-CER,1785448483,,,,0.0,,,,,0.0,False
KXATPMATCH-26JUL30SHASVR-SHA,1785455395,,,,0.0,,,,,0.0,False
KXATPMATCH-26JUL31NORTOM-NOR,1785459616,,,,0.0,,,,,0.0,False
KXATPMATCH-26JUL31DENAK-DE,1785507022,,,,0.0,,,,,0.0,False
KXATPMATCH-26JUL31FRIMIC-FRI,1785516645,,,,0.0,,,,,0.0,False
KXATPMATCH-26JUL31JODMUS-JOD,1785522633,,,,0.0,,,,,0.0,False
KXATPMATCH-26JUL31TABSHE-SHE,1785534496,,,,0.0,,,,,0.0,False
KXATPMATCH-26JUL31WONGEA-GEA,1785537028,,,,0.0,,,,,0.0,False
KXATPMATCH-26AUG01NORSHA-NOR,1785548104,,,,0.0,,,,,0.0,False
KXATPMATCH-26AUG01ZHENIS-NIS,1785577846,,,,0.0,,,,,0.0,False
KXATPMATCH-26AUG01DAMROC-DAM,1785579639,,,,0.0,,,,,0.0,False
KXATPMATCH-26AUG01GIRLLA-GIR,1785580942,,,,0.0,,,,,0.0,False
KXATPMATCH-26AUG01SHEJAC-JAC,1785581724,,,,0.0,,,,,0.0,False
KXATPMATCH-26AUG01POPKOK-KOK,1785583225,,,,0.0,,,,,0.0,False
KXATPMATCH-26AUG01TRUMEJ-MEJ,1785583525,,,,0.0,,,,,0.0,False
KXATPMATCH-26AUG01FEAOFN-FEA,1785587430,,,,0.0,,,,,0.0,False
KXATPMATCH-26AUG01WALBOU-BOU,1785588031,,,,0.0,,,,,0.0,False
KXATPMATCH-26AUG01VUKBAR-BAR,1785589253,,,,0.0,,,,,0.0,False
KXATPMATCH-26AUG01SHIBUD-BUD,1785589829,,,,0.0,,,,,0.0,False
KXATPMATCH-26AUG01GASCHA-CHA,1785592827,,,,0.0,,,,,0.0,False
KXATPMATCH-26AUG01BONDEL-BON,1785594322,,,,0.0,,,,,0.0,False
KXATPMATCH-26AUG01FAROCO-FAR,1785598225,,,,0.0,,,,,0.0,False
KXATPMATCH-26AUG01TSIRIC-RIC,1785598505,,,,0.0,,,,,0.0,False
KXATPMATCH-26AUG01MOCSWE-MOC,1785599428,,,,0.0,,,,,0.0,False
KXATPMATCH-26AUG01SVRDRO-DRO,1785603628,,,,0.0,,,,,0.0,False
KXATPMATCH-26AUG01NAKFRI-FRI,1785609312,,,,0.0,,,,,0.0,False
KXATPMATCH-26AUG01JODTAB-JOD,1785618912,,,,0.0,,,,,0.0,False
KXATPMATCH-26AUG01GEASHA-GEA,1785624309,,,,0.0,,,,,0.0,False
KXATPMATCH-26AUG01VALSHA-SHA,1785667240,,,,0.0,,,,,0.0,False
KXATPMATCH-26AUG01MUNHIJ-HIJ,1785680424,,,,0.0,,,,,0.0,False
KXATPMATCH-26AUG02FRIJOD-FRI,1785764445,,,,0.0,,,,,0.0,False
KXATPMATCH-26AUG02DUCOCO-DUC,1785774629,,,,0.0,,,,,0.0,False
KXATPMATCH-26AUG01GALKOP-GAL,1785775235,,,,0.0,,,,,0.0,False
KXATPMATCH-26AUG01KOVBOR-BOR,1785778512,,,,0.0,,,,,0.0,False
KXATPMATCH-26AUG01BERNAV-BER,1785779113,,,,0.0,,,,,0.0,False
KXATPMATCH-26AUG02MEJLAN-LAN,1785779428,,,,0.0,,,,,0.0,False
KXATPMATCH-26AUG02VANDRO-DRO,1785780637,,,,0.0,,,,,0.0,False
KXATPMATCH-26AUG02BONHAN-BON,1785783041,,,,0.0,,,,,0.0,False
KXATPMATCH-26AUG02ZHEKEC-KEC,1785783318,,,,0.0,,,,,0.0,False
KXATPMATCH-26AUG02SHICIL-CIL,1785786320,,,,0.0,,,,,0.0,False
KXATPMATCH-26AUG02DIAJAC-DIA,1785787233,,,,0.0,,,,,0.0,False
KXATPMATCH-26AUG01FUCMOU-FUC,1785788715,,,,0.0,,,,,0.0,False
KXATPMATCH-26AUG01MICSTR-MIC,1785789316,,,,0.0,,,,,0.0,False
KXATPMATCH-26AUG02VUKALT-ALT,1785792320,,,,0.0,,,,,0.0,False
KXATPMATCH-26AUG01MAJMON-MAJ,1785794427,,,,0.0,,,,,0.0,False
KXATPMATCH-26AUG01UGONOR-NOR,1785794428,,,,0.0,,,,,0.0,False
KXATPMATCH-26AUG01BAEBEL-BAE,1785839423,,,,0.0,,,,,0.0,False
KXATPMATCH-26AUG03DAMTSI-DAM,1785840026,,,,0.0,,,,,0.0,False
KXATPMATCH-26AUG03WALBRO-BRO,1785840028,,,,0.0,,,,,0.0,False
KXATPMATCH-26AUG03HURGIR-GIR,1785841522,,,,0.0,,,,,0.0,False
KXATPMATCH-26AUG03CHATIR-CHA,1785841837,,,,0.0,,,,,0.0,False
KXATPMATCH-26AUG01SVASHA-SHA,1785847519,,,,0.0,,,,,0.0,False
KXATPMATCH-26AUG03FEAMAN-FEA,1785847520,,,,0.0,,,,,0.0,False
KXATPMATCH-26AUG01CARROY-CAR,1785849639,,,,0.0,,,,,0.0,False
KXATPMATCH-26AUG03POPBUR-BUR,1785851113,,,,0.0,,,,,0.0,False
KXATPMATCH-26AUG01MERDRA-DRA,1785852306,,,,0.0,,,,,0.0,False
KXATPMATCH-26AUG01CERMED-CER,1785853236,,,,0.0,,,,,0.0,False
KXATPMATCH-26AUG01ATMDRA-ATM,1785855914,,,,0.0,,,,,0.0,False
KXATPMATCH-26AUG01MPEVAN-MPE,1785858025,,,,0.0,,,,,0.0,False
KXATPMATCH-26AUG03MOCMAR-MAR,1785859235,,,,0.0,,,,,0.0,False
KXATPMATCH-26AUG01SONGRI-GRI,1785859235,,,,0.0,,,,,0.0,False
KXATPMATCH-26AUG03SHARUB-RUB,1785863430,,,,0.0,,,,,0.0,False
KXATPMATCH-26AUG04LEHKOP-KOP,1785865225,,,,0.0,,,,,0.0,False
KXATPMATCH-26AUG04NAKALT-ALT,1785865515,,,,0.0,,,,,0.0,False
KXATPMATCH-26AUG04DUCDE-DE,1785871519,,,,0.0,,,,,0.0,False
KXATPMATCH-26AUG04TIACIL-CIL,1785871828,,,,0.0,,,,,0.0,False
KXATPMATCH-26AUG04DARDIA-DAR,1785877230,,,,0.0,,,,,0.0,False
KXATPMATCH-26AUG04COBHAN-COB,1785880826,,,,0.0,,,,,0.0,False
KXATPMATCH-26AUG04BORETC-BOR,1785927639,,,,0.0,,,,,0.0,False
KXATPMATCH-26AUG05BERBAE-BAE,1785927915,,,,0.0,,,,,0.0,False
KXATPMATCH-26AUG05TSIFON-FON,1785928239,,,,0.0,,,,,0.0,False
KXATPMATCH-26AUG04VACNAV-NAV,1785928504,,,,0.0,,,,,0.0,False
KXATPMATCH-26AUG04MEJMUS-MEJ,1785928821,,,,0.0,,,,,0.0,False
KXATPMATCH-26AUG05RUUCER-CER,1785933905,,,,0.0,,,,,0.0,False
KXATPMATCH-26AUG05BUSNOR-BUS,1785934508,,,,0.0,,,,,0.0,False
KXATPMATCH-26AUG05BROSHE-BRO,1785935410,,,,0.0,,,,,0.0,False
KXATPMATCH-26AUG05SVAFIL-FIL,1785936020,,,,0.0,,,,,0.0,False
KXATPMATCH-26AUG04KECRIN-KEC,1785939015,,,,0.0,,,,,0.0,False
KXATPMATCH-26AUG05TIRFRI-FRI,1785940505,,,,0.0,,,,,0.0,False
KXATPMATCH-26AUG05HURTAB-HUR,1785941408,,,,0.0,,,,,0.0,False
KXATPMATCH-26AUG05COLPOP-COL,1785944424,,,,0.0,,,,,0.0,False
KXATPMATCH-26AUG05JODMOU-JOD,1785945622,,,,0.0,,,,,0.0,False
KXATPMATCH-26AUG05ZVEGRI-GRI,1785945906,,,,0.0,,,,,0.0,False
KXATPMATCH-26AUG05MICCER-CER,1785948014,,,,0.0,,,,,0.0,False
KXATPMATCH-26AUG05MARARN-ARN,1785953101,,,,0.0,,,,,0.0,False
KXATPMATCH-26AUG05KHAATM-ATM,1785953425,,,,0.0,,,,,0.0,False
KXATPMATCH-26AUG05FEAMEN-FEA,1785954421,,,,0.0,,,,,0.0,False
KXATPMATCH-26AUG05HUMMER-HUM,1785954900,,,,0.0,,,,,0.0,False
KXATPMATCH-26AUG05MEDVAN-MED,1785955811,,,,0.0,,,,,0.0,False
KXATPMATCH-26AUG05DROFAR-DRO,1785961495,,,,0.0,,,,,0.0,False
KXATPMATCH-26AUG05ROYPAU-PAU,1785963003,,,,0.0,,,,,0.0,False
KXATPMATCH-26AUG05TIEMON-MON,1785964804,,,,0.0,,,,,0.0,False
KXATPMATCH-26AUG06NAVFIL-FIL,1786022458,,,,0.0,,,,,0.0,False
KXATPMATCH-26AUG06DARSHA-DAR,1786024826,,,,0.0,,,,,0.0,False
KXATPMATCH-26AUG06HANBOR-BOR,1786030220,,,,0.0,,,,,0.0,False
KXATPMATCH-26AUG06NORDE-DE,1786033815,,,,0.0,,,,,0.0,False
KXATPMATCH-26AUG06LEHBLO-BLO,1786038302,,,,0.0,,,,,0.0,False
KXATPMATCH-26AUG06JODMUS-JOD,1786041900,,,,0.0,,,,,0.0,False
KXATPMATCH-26AUG06TIARIN-RIN,1786047477,,,,0.0,,,,,0.0,False
KXATPMATCH-26AUG06NAKDRO-DRO,1786048487,,,,0.0,,,,,0.0,False
KXATPMATCH-26AUG07GRIARN-ARN,1786107298,,,,0.0,,,,,0.0,False
KXATPMATCH-26AUG07MERMIC-MER,1786107299,,,,0.0,,,,,0.0,False
KXATPMATCH-26AUG06BERSHE-BER,1786112632,,,,0.0,,,,,0.0,False
KXATPMATCH-26AUG07VANHUR-HUR,1786118691,,,,0.0,,,,,0.0,False
KXATPMATCH-26AUG07ATMMEN-ATM,1786126814,,,,0.0,,,,,0.0,False
KXATPMATCH-26AUG06RUUFON-FON,1786129793,,,,0.0,,,,,0.0,False
KXATPMATCH-26AUG06POPTIR-POP,1786132804,,,,0.0,,,,,0.0,False
KXATPMATCH-26AUG07TIEPAU-PAU,1786135798,,,,0.0,,,,,0.0,False
KXATPMATCH-26AUG08BORDAR-BOR,1786194461,,,,0.0,,,,,0.0,False
KXATPMATCH-26AUG08RINNAK-NAK,1786212608,,,,0.0,,,,,0.0,False
KXATPMATCH-26AUG08LEHJOD-JOD,1786218594,,,,0.0,,,,,0.0,False
KXATPMATCH-26AUG08FILNOR-FIL,1786225794,,,,0.0,,,,,0.0,False
KXATPMATCH-26AUG08GRIMER-GRI,1786276493,,,,0.0,,,,,0.0,False
KXATPMATCH-26AUG09TIETIR-TIE,1786284593,,,,0.0,,,,,0.0,False
KXATPMATCH-26AUG09FONSHE-FON,1786298594,,,,0.0,,,,,0.0,False
KXATPMATCH-26AUG09VANMEN-MEN,1786305601,,,,0.0,,,,,0.0,False
KXATPMATCH-26AUG11GOGVIR-GOG,1786447390,,,,0.0,,,,,0.0,False
KXATPMATCH-26AUG11WONHON-HON,1786448112,,,,0.0,,,,,0.0,False
KXATPMATCH-26AUG11SHELLA-LLA,1786448440,,,,0.0,,,,,0.0,False
KXATPMATCH-26AUG10DARNAK-DAR,1786449618,,,,0.0,,,,,0.0,False
KXATPMATCH-26AUG11OCOSWE-OCO,1786452624,,,,0.0,,,,,0.0,False
KXATPMATCH-26AUG11MPESVA-MPE,1786453830,,,,0.0,,,,,0.0,False
KXATPMATCH-26AUG10JODFIL-FIL,1786460803,,,,0.0,,,,,0.0,False
KXATPMATCH-26AUG11VANHEI-HEI,1786467345,,,,0.0,,,,,0.0,False
KXATPMATCH-26AUG11MENSHE-MEN,1786469124,,,,0.0,,,,,0.0,False
KXATPMATCH-26AUG11LAJBON-BON,1786469722,,,,0.0,,,,,0.0,False
KXATPMATCH-26AUG11FARBAS-BAS,1786472731,,,,0.0,,,,,0.0,False
KXATPMATCH-26AUG11HALKWON-HAL,1786472732,,,,0.0,,,,,0.0,False
KXATPMATCH-26AUG11NISCOM-COM,1786474246,,,,0.0,,,,,0.0,False
KXATPMATCH-26AUG10MERTIE-MER,1786475134,,,,0.0,,,,,0.0,False
KXATPMATCH-26AUG11MAEYUN-MAE,1786476650,,,,0.0,,,,,0.0,False
KXATPMATCH-26AUG11MCDYIB-MCD,1786477848,,,,0.0,,,,,0.0,False
KXATPMATCH-26AUG11ECHZHE-ECH,1786479654,,,,0.0,,,,,0.0,False
KXATPMATCH-26AUG11POPDRO-DRO,1786480846,,,,0.0,,,,,0.0,False
KXATPMATCH-26AUG11HARJAC-HAR,1786481136,,,,0.0,,,,,0.0,False
KXATPMATCH-26AUG11GASBUD-BUD,1786481446,,,,0.0,,,,,0.0,False
KXATPMATCH-26AUG11TRUOFN-OFN,1786482051,,,,0.0,,,,,0.0,False
KXATPMATCH-26AUG11SHIDEL-DEL,1786484441,,,,0.0,,,,,0.0,False
KXATPMATCH-26AUG11DAMSAK-DAM,1786484721,,,,0.0,,,,,0.0,False
KXATPMATCH-26AUG11WOLMOC-MOC,1786487445,,,,0.0,,,,,0.0,False
KXATPMATCH-26AUG11VUKBLA-BLA,1786558533,,,,0.0,,,,,0.0,False
KXATPMATCH-26AUG12JODNAK-JOD,1786558536,,,,0.0,,,,,0.0,False
KXATPMATCH-26AUG11GIRROC-GIR,1786559716,,,,0.0,,,,,0.0,False
KXATPMATCH-26AUG11MEJFEA-FEA,1786561251,,,,0.0,,,,,0.0,False
KXATPMATCH-26AUG11LAJSVR-LAJ,1786562716,,,,0.0,,,,,0.0,False
KXATPMATCH-26AUG12SHEOCO-OCO,1786563328,,,,0.0,,,,,0.0,False
KXATPMATCH-26AUG12TIESHE-SHE,1786565129,,,,0.0,,,,,0.0,False
KXATPMATCH-26AUG12WONVIR-VIR,1786568715,,,,0.0,,,,,0.0,False
KXATPMATCH-26AUG12FARYIB-FAR,1786569327,,,,0.0,,,,,0.0,False
KXATPMATCH-26AUG12VANLAJ-LAJ,1786569624,,,,0.0,,,,,0.0,False
KXATPMATCH-26AUG12SVAZHE-SVA,1786573824,,,,0.0,,,,,0.0,False
KXATPMATCH-26AUG12TRUNIS-NIS,1786575023,,,,0.0,,,,,0.0,False
KXATPMATCH-26AUG12SAKDRO-DRO,1786575024,,,,0.0,,,,,0.0,False
KXATPMATCH-26AUG12HALYUN-HAL,1786575306,,,,0.0,,,,,0.0,False
KXATPMATCH-26AUG12BUDJAC-BUD,1786576219,,,,0.0,,,,,0.0,False
KXATPMATCH-26AUG12SHIWOL-SHI,1786578905,,,,0.0,,,,,0.0,False
KXATPMATCH-26AUG12LANDRA-DRA,1786619426,,,,0.0,,,,,0.0,False
KXATPMATCH-26AUG13VUKLAJ-LAJ,1786626910,,,,0.0,,,,,0.0,False
KXATPMATCH-26AUG12NORPRI-NOR,1786629012,,,,0.0,,,,,0.0,False
KXATPMATCH-26AUG13ROCMEJ-MEJ,1786631467,,,,0.0,,,,,0.0,False
KXATPMATCH-26AUG12SHAMAN-MAN,1786635297,,,,0.0,,,,,0.0,False
KXATPMATCH-26AUG12UGOKEC-KEC,1786636546,,,,0.0,,,,,0.0,False
KXATPMATCH-26AUG12BURSTR-BUR,1786637121,,,,0.0,,,,,0.0,False
KXATPMATCH-26AUG12TIRCHO-CHO,1786638906,,,,0.0,,,,,0.0,False
KXATPMATCH-26AUG12NAVCOL-COL,1786639835,,,,0.0,,,,,0.0,False
KXATPMATCH-26AUG12FUCATM-ATM,1786643435,,,,0.0,,,,,0.0,False
KXATPMATCH-26AUG13SHENAK-NAK,1786650030,,,,0.0,,,,,0.0,False
KXATPMATCH-26AUG12HIJMON-HIJ,1786655417,,,,0.0,,,,,0.0,False
KXATPMATCH-26AUG12SVABEL-BEL,1786661425,,,,0.0,,,,,0.0,False
KXATPMATCH-26AUG14JACVAL-JAC,1786703125,,,,0.0,,,,,0.0,False
KXATPMATCH-26AUG14SHIHUR-HUR,1786703449,,,,0.0,,,,,0.0,False
KXATPMATCH-26AUG14KOPHAL-HAL,1786705246,,,,0.0,,,,,0.0,False
KXATPMATCH-26AUG12ROYTSI-ROY,1786706434,,,,0.0,,,,,0.0,False
KXATPMATCH-26AUG14WONALT-ALT,1786707330,,,,0.0,,,,,0.0,False
KXATPMATCH-26AUG12BAEDIM-BAE,1786710637,,,,0.0,,,,,0.0,False
KXATPMATCH-26AUG14HANVAN-HAN,1786710639,,,,0.0,,,,,0.0,False
KXATPMATCH-26AUG12MACCAR-CAR,1786711227,,,,0.0,,,,,0.0,False
KXATPMATCH-26AUG14DROBER-BER,1786711837,,,,0.0,,,,,0.0,False
KXATPMATCH-26AUG12MICDEJ-DEJ,1786716626,,,,0.0,,,,,0.0,False
KXATPMATCH-26AUG14LAJCER-CER,1786716922,,,,0.0,,,,,0.0,False
KXATPMATCH-26AUG14WOLDUC-DUC,1786716923,,,,0.0,,,,,0.0,False
KXATPMATCH-26AUG14OCOMAJ-MAJ,1786718432,,,,0.0,,,,,0.0,False
KXATPMATCH-26AUG14VANSHE-SHE,1786718432,,,,0.0,,,,,0.0,False
KXATPMATCH-26AUG12SHASON-SHA,1786723470,,,,0.0,,,,,0.0,False
KXATPMATCH-26AUG12BORKOK-BOR,1786723817,,,,0.0,,,,,0.0,False
KXATPMATCH-26AUG14WALMEJ-MEJ,1786724438,,,,0.0,,,,,0.0,False
KXATPMATCH-26AUG14MARZHE-MAR,1786726232,,,,0.0,,,,,0.0,False
KXATPMATCH-26AUG14MEDTRU-MED,1786726823,,,,0.0,,,,,0.0,False
KXATPMATCH-26AUG12MERCIL-CIL,1786730706,,,,0.0,,,,,0.0,False
KXATPMATCH-26AUG14FARBRO-BRO,1786732504,,,,0.0,,,,,0.0,False
KXATPMATCH-26AUG12KOVKHA-KHA,1786743909,,,,0.0,,,,,0.0,False
KXATPMATCH-26AUG15BLONAV-BLO,1786795840,,,,0.0,,,,,0.0,False
KXATPMATCH-26AUG15KECCOB-COB,1786797917,,,,0.0,,,,,0.0,False
KXATPMATCH-26AUG15LANARN-ARN,1786799429,,,,0.0,,,,,0.0,False
KXATPMATCH-26AUG15VALVAC-VAC,1786799430,,,,0.0,,,,,0.0,False
KXATPMATCH-26AUG15STRTAB-STR,1786805428,,,,0.0,,,,,0.0,False
KXATPMATCH-26AUG15DJOTIR-DJO,1786806030,,,,0.0,,,,,0.0,False
KXATPMATCH-26AUG15BELMEN-BEL,1786807218,,,,0.0,,,,,0.0,False
KXATPMATCH-26AUG15DARHIJ-DAR,1786808709,,,,0.0,,,,,0.0,False
KXATPMATCH-26AUG15HALDE-DE,1786810509,,,,0.0,,,,,0.0,False
KXATPMATCH-26AUG15ATMETC-ATM,1786813221,,,,0.0,,,,,0.0,False
KXATPMATCH-26AUG15PAUHUR-HUR,1786817103,,,,0.0,,,,,0.0,False
KXATPMATCH-26AUG15FERDUC-DUC,1786817415,,,,0.0,,,,,0.0,False
KXATPMATCH-26AUG15LEHBER-BER,1786820422,,,,0.0,,,,,0.0,False
KXATPMATCH-26AUG15HANFIL-FIL,1786823414,,,,0.0,,,,,0.0,False
KXATPMATCH-26AUG15JODSHA-JOD,1786824611,,,,0.0,,,,,0.0,False
KXATPMATCH-26AUG15ZVENOR-NOR,1786839615,,,,0.0,,,,,0.0,False
KXATPMATCH-26AUG16OCORUU-OCO,1786875626,,,,0.0,,,,,0.0,False
KXATPMATCH-26AUG16HUMZHE-HUM,1786876504,,,,0.0,,,,,0.0,False
KXATPMATCH-26AUG16TRUMED-MED,1786878309,,,,0.0,,,,,0.0,False
KXATPMATCH-26AUG16FONVAN-FON,1786884306,,,,0.0,,,,,0.0,False
KXATPMATCH-26AUG15TSIAUG-AUG,1786884618,,,,0.0,,,,,0.0,False
KXATPMATCH-26AUG15ALTMUS-ALT,1786885808,,,,0.0,,,,,0.0,False
KXATPMATCH-26AUG16FRIMIC-FRI,1786888826,,,,0.0,,,,,0.0,False
KXATPMATCH-26AUG16NAKKOV-KOV,1786890023,,,,0.0,,,,,0.0,False
KXATPMATCH-26AUG16RINCER-CER,1786890896,,,,0.0,,,,,0.0,False
KXATPMATCH-26AUG16BORCER-BOR,1786891217,,,,0.0,,,,,0.0,False
KXATPMATCH-26AUG15RUBCAR-CAR,1786892696,,,,0.0,,,,,0.0,False
KXATPMATCH-26AUG15TIEBAE-BAE,1786896605,,,,0.0,,,,,0.0,False
KXATPMATCH-26AUG16MERBER-BER,1786896900,,,,0.0,,,,,0.0,False
KXATPMATCH-26AUG16WALBUS-BUS,1786902893,,,,0.0,,,,,0.0,False
KXATPMATCH-26AUG16SHEFAR-FAR,1786908613,,,,0.0,,,,,0.0,False
KXATPMATCH-26AUG16SONTIA-SON,1786915491,,,,0.0,,,,,0.0,False
KXATPMATCH-26AUG17TIRLAN-LAN,1786966215,,,,0.0,,,,,0.0,False
KXATPMATCH-26AUG17BLOCOB-BLO,1786966814,,,,0.0,,,,,0.0,False
KXATPMATCH-26AUG17FERDE-DE,1786984814,,,,0.0,,,,,0.0,False
KXATPMATCH-26AUG17JODTAB-JOD,1786987496,,,,0.0,,,,,0.0,False
KXATPMATCH-26AUG17HIJMEN-HIJ,1786992609,,,,0.0,,,,,0.0,False
KXATPMATCH-26AUG17ZVEATM-ATM,1786996813,,,,0.0,,,,,0.0,False
KXATPMATCH-26AUG17LEHFIL-FIL,1787001295,,,,0.0,,,,,0.0,False
KXATPMATCH-26AUG17PAUVAL-PAU,1787007610,,,,0.0,,,,,0.0,False
KXATPMATCH-26AUG18RUBBOR-BOR,1787048823,,,,0.0,,,,,0.0,False
KXATPMATCH-26AUG18ZHEMUS-MUS,1787055003,,,,0.0,,,,,0.0,False
KXATPMATCH-26AUG18FRIMER-FRI,1787055304,,,,0.0,,,,,0.0,False
KXATPMATCH-26AUG18NAKMED-MED,1787068207,,,,0.0,,,,,0.0,False
KXATPMATCH-26AUG18FARWAL-FAR,1787074241,,,,0.0,,,,,0.0,False
KXATPMATCH-26AUG18CERAUG-AUG,1787078410,,,,0.0,,,,,0.0,False
KXATPMATCH-26AUG18TIETIA-TIA,1787085609,,,,0.0,,,,,0.0,False
KXATPMATCH-26AUG19JODCOB-COB,1787139902,,,,0.0,,,,,0.0,False
KXATPMATCH-26AUG19TIRMEN-MEN,1787146213,,,,0.0,,,,,0.0,False
KXATPMATCH-26AUG19FILDE-DE,1787156097,,,,0.0,,,,,0.0,False
KXATPMATCH-26AUG19ZVEPAU-PAU,1787156401,,,,0.0,,,,,0.0,False
KXATPMATCH-26AUG19BORNAK-BOR,1787166018,,,,0.0,,,,,0.0,False
KXATPMATCH-26AUG19FRIOCO-FRI,1787169308,,,,0.0,,,,,0.0,False
KXATPMATCH-26AUG19FARMUS-FAR,1787172003,,,,0.0,,,,,0.0,False
KXATPMATCH-26AUG19TIAAUG-AUG,1787173796,,,,0.0,,,,,0.0,False
KXATPMATCH-26AUG20PAUCOB-COB,1787240689,,,,0.0,,,,,0.0,False
KXATPMATCH-26AUG20TIRFIL-FIL,1787255400,,,,0.0,,,,,0.0,False
KXATPMATCH-26AUG21FRINAK-FRI,1787329195,,,,0.0,,,,,0.0,False
KXATPMATCH-26AUG21MUSTIA-MUS,1787340612,,,,0.0,,,,,0.0,False
KXATPMATCH-26AUG22GREOBE-GRE,1787394024,,,,0.0,,,,,0.0,False
KXATPMATCH-26AUG22BALPOW-BAL,1787396453,,,,0.0,,,,,0.0,False
KXATPMATCH-26AUG22HERMIY-HER,1787397612,,,,0.0,,,,,0.0,False
KXATPMATCH-26AUG22TULVAN-TUL,1787399135,,,,0.0,,,,,0.0,False
KXATPMATCH-26AUG22HECROT-HEC,1787400617,,,,0.0,,,,,0.0,False
KXATPMATCH-26AUG22GORPOL-GOR,1787404817,,,,0.0,,,,,0.0,False
KXATPMATCH-26AUG22COBFIL-COB,1787405102,,,,0.0,,,,,0.0,False
KXATPMATCH-26AUG22SHESEG-SEG,1787408732,,,,0.0,,,,,0.0,False
KXATPMATCH-26AUG22PASSUR-PAS,1787414093,,,,0.0,,,,,0.0,False
KXATPMATCH-26AUG22NAKTIA-NAK,1787425500,,,,0.0,,,,,0.0,False
KXATPMATCH-26AUG23GREROT-GRE,1787490020,,,,0.0,,,,,0.0,False
KXATPMATCH-26AUG23SHESUR-SHE,1787490300,,,,0.0,,,,,0.0,False
KXATPMATCH-26AUG23BALGOR-BAL,1787491504,,,,0.0,,,,,0.0,False
KXATPMATCH-26AUG23HERVAN-HER,1787492415,,,,0.0,,,,,0.0,False
KXATPMATCH-26AUG23MPEBRO-BRO,1787494594,,,,0.0,,,,,0.0,False
KXATPMATCH-26AUG23SHIKEC-KEC,1787496369,,,,0.0,,,,,0.0,False
KXATPMATCH-26AUG23COMYIB-COM,1787499690,,,,0.0,,,,,0.0,False
KXATPMATCH-26AUG23FILTIA-FIL,1787501486,,,,0.0,,,,,0.0,False
KXATPMATCH-26AUG23LANBEL-BEL,1787506316,,,,0.0,,,,,0.0,False
KXATPMATCH-26AUG23CARVAL-CAR,1787507175,,,,0.0,,,,,0.0,False
KXATPMATCH-26AUG23HIJBLA-BLA,1787514688,,,,0.0,,,,,0.0,False
KXATPMATCH-26AUG24COPROD-COP,1787568068,,,,0.0,,,,,0.0,False
KXATPMATCH-26AUG24DEDFER-DED,1787568383,,,,0.0,,,,,0.0,False
KXATPMATCH-26AUG24FEACAR-CAR,1787569557,,,,0.0,,,,,0.0,False
KXATPMATCH-26AUG24LAJLEE-LAJ,1787571090,,,,0.0,,,,,0.0,False
KXATPMATCH-26AUG24GOMDOU-DOU,1787573792,,,,0.0,,,,,0.0,False
KXATPMATCH-26AUG24DRORIN-DRO,1787574372,,,,0.0,,,,,0.0,False
KXATPMATCH-26AUG24PAVVAR-PAV,1787574376,,,,0.0,,,,,0.0,False
KXATPMATCH-26AUG24PRABAR-BAR,1787575534,,,,0.0,,,,,0.0,False
KXATPMATCH-26AUG24GAUFEL-FEL,1787576490,,,,0.0,,,,,0.0,False
KXATPMATCH-26AUG24SURGIR-GIR,1787577684,,,,0.0,,,,,0.0,False
KXATPMATCH-26AUG24VANDUC-DUC,1787578305,,,,0.0,,,,,0.0,False
KXATPMATCH-26AUG24CECBRO-BRO,1787578557,,,,0.0,,,,,0.0,False
KXATPMATCH-26AUG24DENOLI-DEN,1787579182,,,,0.0,,,,,0.0,False
KXATPMATCH-26AUG24JACMID-JAC,1787579489,,,,0.0,,,,,0.0,False
KXATPMATCH-26AUG23MAJBON-BON,1787580363,,,,0.0,,,,,0.0,False
KXATPMATCH-26AUG24BERMOR-BER,1787580684,,,,0.0,,,,,0.0,False
KXATPMATCH-26AUG24RONYME-RON,1787580690,,,,0.0,,,,,0.0,False
KXATPMATCH-26AUG24SCHHEI-HEI,1787580691,,,,0.0,,,,,0.0,False
KXATPMATCH-26AUG24JOHGAR-GAR,1787581282,,,,0.0,,,,,0.0,False
KXATPMATCH-26AUG24BUEHAR-BUE,1787582284,,,,0.0,,,,,0.0,False
KXATPMATCH-26AUG24GUEHOL-GUE,1787583358,,,,0.0,,,,,0.0,False
KXATPMATCH-26AUG24SAMMAE-MAE,1787583361,,,,0.0,,,,,0.0,False
KXATPMATCH-26AUG24SONHER-HER,1787583363,,,,0.0,,,,,0.0,False
KXATPMATCH-26AUG23WALDEJ-DEJ,1787584259,,,,0.0,,,,,0.0,False
KXATPMATCH-26AUG24BRASEY-BRA,1787585532,,,,0.0,,,,,0.0,False
KXATPMATCH-26AUG24SVRMEL-MEL,1787586425,,,,0.0,,,,,0.0,False
KXATPMATCH-26AUG24GORHEW-GOR,1787587196,,,,0.0,,,,,0.0,False
KXATPMATCH-26AUG24DAMSHE-DAM,1787587196,,,,0.0,,,,,0.0,False
KXATPMATCH-26AUG24WENTRA-TRA,1787589672,,,,0.0,,,,,0.0,False
KXATPMATCH-26AUG24NEUMCC-MCC,1787589673,,,,0.0,,,,,0.0,False
KXATPMATCH-26AUG24PASGIL-GIL,1787590269,,,,0.0,,,,,0.0,False
KXATPMATCH-26AUG24VIRBLA-BLA,1787591477,,,,0.0,,,,,0.0,False
KXATPMATCH-26AUG24CHOROT-CHO,1787591743,,,,0.0,,,,,0.0,False
KXATPMATCH-26AUG24MARGEN-GEN,1787592060,,,,0.0,,,,,0.0,False
KXATPMATCH-26AUG24NAPMCD-MCD,1787592847,,,,0.0,,,,,0.0,False
KXATPMATCH-26AUG24DJEMUL-DJE,1787594469,,,,0.0,,,,,0.0,False
KXATPMATCH-26AUG24CLASAK-CLA,1787596307,,,,0.0,,,,,0.0,False
KXATPMATCH-26AUG24SAFGRE-GRE,1787596542,,,,0.0,,,,,0.0,False
KXATPMATCH-26AUG24BROTSI-BRO,1787596544,,,,0.0,,,,,0.0,False
KXATPMATCH-26AUG24WONMOL-MOL,1787596548,,,,0.0,,,,,0.0,False
KXATPMATCH-26AUG24BALKOV-BAL,1787597874,,,,0.0,,,,,0.0,False
KXATPMATCH-26AUG24PINSVA-PIN,1787598974,,,,0.0,,,,,0.0,False
KXATPMATCH-26AUG24ALTCOM-ALT,1787603462,,,,0.0,,,,,0.0,False
KXATPMATCH-26AUG24ANTSEA-ANT,1787653548,,,,0.0,,,,,0.0,False
KXATPMATCH-26AUG24SKAARN-ARN,1787655045,,,,0.0,,,,,0.0,False
KXATPMATCH-26AUG24OFNNIS-NIS,1787655349,,,,0.0,,,,,0.0,False
KXATPMATCH-26AUG24MOCMIL-MIL,1787655650,,,,0.0,,,,,0.0,False
KXATPMATCH-26AUG24SQUJOR-JOR,1787656546,,,,0.0,,,,,0.0,False
KXATPMATCH-26AUG24SHITAB-SHI,1787656550,,,,0.0,,,,,0.0,False
KXATPMATCH-26AUG24KWONLAJ-KWON,1787657157,,,,0.0,,,,,0.0,False
KXATPMATCH-26AUG24GIUDIM-DIM,1787659854,,,,0.0,,,,,0.0,False
KXATPMATCH-26AUG24MIKSAI-MIK,1787661345,,,,0.0,,,,,0.0,False
KXATPMATCH-26AUG24TOMHAR-HAR,1787662535,,,,0.0,,,,,0.0,False
KXATPMATCH-26AUG24ONCSAC-ONC,1787662879,,,,0.0,,,,,0.0,False
KXATPMATCH-26AUG24CHICOR-CHI,1787663443,,,,0.0,,,,,0.0,False
KXATPMATCH-26AUG24BOLLLA-BOL,1787663443,,,,0.0,,,,,0.0,False
KXATPMATCH-26AUG24KOUBAS-BAS,1787664331,,,,0.0,,,,,0.0,False
KXATPMATCH-26AUG25VANVAL-VAL,1787664334,,,,0.0,,,,,0.0,False
KXATPMATCH-26AUG24GEANAG-GEA,1787664337,,,,0.0,,,,,0.0,False
KXATPMATCH-26AUG24ROCMMO-MMO,1787665254,,,,0.0,,,,,0.0,False
KXATPMATCH-26AUG25WALBUS-BUS,1787667044,,,,0.0,,,,,0.0,False
KXATPMATCH-26AUG25BONHAL-BON,1787667654,,,,0.0,,,,,0.0,False
KXATPMATCH-26AUG25BELDAR-BEL,1787668529,,,,0.0,,,,,0.0,False
KXATPMATCH-26AUG24GASJUS-GAS,1787668843,,,,0.0,,,,,0.0,False
KXATPMATCH-26AUG24PIRALC-ALC,1787668845,,,,0.0,,,,,0.0,False
KXATPMATCH-26AUG24MARGLI-GLI,1787669729,,,,0.0,,,,,0.0,False
KXATPMATCH-26AUG24SAKOCO-OCO,1787670664,,,,0.0,,,,,0.0,False
KXATPMATCH-26AUG25VANKOV-KOV,1787671295,,,,0.0,,,,,0.0,False
KXATPMATCH-26AUG24ILABOY-BOY,1787671897,,,,0.0,,,,,0.0,False
KXATPMATCH-26AUG24KASBUD-BUD,1787672139,,,,0.0,,,,,0.0,False
KXATPMATCH-26AUG24KOLGOJ-GOJ,1787673318,,,,0.0,,,,,0.0,False
KXATPMATCH-26AUG25CERSUR-CER,1787673938,,,,0.0,,,,,0.0,False
KXATPMATCH-26AUG25FERHEW-FER,1787674251,,,,0.0,,,,,0.0,False
KXATPMATCH-26AUG24NARCIN-CIN,1787674255,,,,0.0,,,,,0.0,False
KXATPMATCH-26AUG24KYMADD-ADD,1787675742,,,,0.0,,,,,0.0,False
KXATPMATCH-26AUG25DUCNAV-DUC,1787679044,,,,0.0,,,,,0.0,False
KXATPMATCH-26AUG25COLHIJ-COL,1787680245,,,,0.0,,,,,0.0,False
KXATPMATCH-26AUG24YUNNOG-NOG,1787680545,,,,0.0,,,,,0.0,False
KXATPMATCH-26AUG24ECHDEL-DEL,1787680546,,,,0.0,,,,,0.0,False
KXATPMATCH-26AUG25MEDDAM-DAM,1787680861,,,,0.0,,,,,0.0,False
KXATPMATCH-26AUG25ROTMAC-MAC,1787681503,,,,0.0,,,,,0.0,False
KXATPMATCH-26AUG24SECSCH-SCH,1787682644,,,,0.0,,,,,0.0,False
KXATPMATCH-26AUG24DANJOH-DAN,1787684438,,,,0.0,,,,,0.0,False
KXATPMATCH-26AUG25KECMAR-KEC,1787687438,,,,0.0,,,,,0.0,False
KXATPMATCH-26AUG25GREBAE-BAE,1787688056,,,,0.0,,,,,0.0,False
KXATPMATCH-26AUG25MANSON-MAN,1787688922,,,,0.0,,,,,0.0,False
KXATPMATCH-26AUG24MEJDRA-DRA,1787690117,,,,0.0,,,,,0.0,False
KXATPMATCH-26AUG24HONBAS-BAS,1787695836,,,,0.0,,,,,0.0,False
KXATPMATCH-26AUG26OLIBAR-BAR,1787740597,,,,0.0,,,,,0.0,False
KXATPMATCH-26AUG26GUESCH-GUE,1787742802,,,,0.0,,,,,0.0,False
KXATPMATCH-26AUG25RINLEE-LEE,1787742807,,,,0.0,,,,,0.0,False
KXATPMATCH-26AUG25FERROD-FER,1787742950,,,,0.0,,,,,0.0,False
KXATPMATCH-26AUG26JACDOU-DOU,1787744120,,,,0.0,,,,,0.0,False
KXATPMATCH-26AUG25FEAPAV-FEA,1787744430,,,,0.0,,,,,0.0,False
KXATPMATCH-26AUG26GAUCEC-CEC,1787746232,,,,0.0,,,,,0.0,False
KXATPMATCH-26AUG26WONNEU-NEU,1787746519,,,,0.0,,,,,0.0,False
KXATPMATCH-26AUG26YMEGAR-GAR,1787749519,,,,0.0,,,,,0.0,False
KXATPMATCH-26AUG26HIJBON-BON,1787749845,,,,0.0,,,,,0.0,False
KXATPMATCH-26AUG26SKADIM-DIM,1787750122,,,,0.0,,,,,0.0,False
KXATPMATCH-26AUG26JORLAJ-JOR,1787750449,,,,0.0,,,,,0.0,False
KXATPMATCH-26AUG26VANDAR-DAR,1787750452,,,,0.0,,,,,0.0,False
KXATPMATCH-26AUG26VIRPIN-PIN,1787751632,,,,0.0,,,,,0.0,False
KXATPMATCH-26AUG26SEYMCD-MCD,1787752235,,,,0.0,,,,,0.0,False
KXATPMATCH-26AUG26SAMHAR-HAR,1787753426,,,,0.0,,,,,0.0,False
KXATPMATCH-26AUG26MOCSHI-MOC,1787754028,,,,0.0,,,,,0.0,False
KXATPMATCH-26AUG26ALTBUS-ALT,1787754645,,,,0.0,,,,,0.0,False
KXATPMATCH-26AUG26SVRGAL-GAL,1787755832,,,,0.0,,,,,0.0,False
KXATPMATCH-26AUG26BERWEN-BER,1787755837,,,,0.0,,,,,0.0,False
KXATPMATCH-26AUG26PASGEN-GEN,1787756436,,,,0.0,,,,,0.0,False
KXATPMATCH-26AUG26MIKBAS-BAS,1787756437,,,,0.0,,,,,0.0,False
KXATPMATCH-26AUG26FERROT-FER,1787757316,,,,0.0,,,,,0.0,False
KXATPMATCH-26AUG26GEACHI-CHI,1787758228,,,,0.0,,,,,0.0,False
KXATPMATCH-26AUG26GASILA-GAS,1787759432,,,,0.0,,,,,0.0,False
KXATPMATCH-26AUG26SAKMUL-MUL,1787759436,,,,0.0,,,,,0.0,False
KXATPMATCH-26AUG26CERBAE-BAE,1787760030,,,,0.0,,,,,0.0,False
KXATPMATCH-26AUG26NISANT-ANT,1787762425,,,,0.0,,,,,0.0,False
KXATPMATCH-26AUG26BUDOCO-BUD,1787762714,,,,0.0,,,,,0.0,False
KXATPMATCH-26AUG26YUNGOJ-GOJ,1787763203,,,,0.0,,,,,0.0,False
KXATPMATCH-26AUG26PIRGLI-GLI,1787764226,,,,0.0,,,,,0.0,False
KXATPMATCH-26AUG26DRAJOH-DRA,1787765451,,,,0.0,,,,,0.0,False
KXATPMATCH-26AUG26SONDUC-DUC,1787767818,,,,0.0,,,,,0.0,False
KXATPMATCH-26AUG26KOVTSI-KOV,1787768414,,,,0.0,,,,,0.0,False
KXATPMATCH-26AUG26ROCHAR-HAR,1787768416,,,,0.0,,,,,0.0,False
KXATPMATCH-26AUG26SACLLA-LLA,1787771417,,,,0.0,,,,,0.0,False
KXATPMATCH-26AUG26SCHHON-HON,1787771418,,,,0.0,,,,,0.0,False
KXATPMATCH-26AUG26CINDEL-CIN,1787772625,,,,0.0,,,,,0.0,False
KXATPMATCH-26AUG26KYMSMI-KYM,1787773810,,,,0.0,,,,,0.0,False
KXATPMATCH-26AUG26DAMMAR-DAM,1787775015,,,,0.0,,,,,0.0,False
KXATPMATCH-26AUG27WONLAJ-LAJ,1787838058,,,,0.0,,,,,0.0,False
KXATPMATCH-26AUG27DOUGUE-DOU,1787838848,,,,0.0,,,,,0.0,False
KXATPMATCH-26AUG27RINBAR-BAR,1787838849,,,,0.0,,,,,0.0,False
KXATPMATCH-26AUG27BONVAN-BON,1787840464,,,,0.0,,,,,0.0,False
KXATPMATCH-26AUG27SAMGAR-GAR,1787846175,,,,0.0,,,,,0.0,False
KXATPMATCH-26AUG27CERBUS-BUS,1787853693,,,,0.0,,,,,0.0,False
KXATPMATCH-26AUG27FERKOV-FER,1787862668,,,,0.0,,,,,0.0,False
KXATPMATCH-26AUG27MARDUC-DUC,1787871354,,,,0.0,,,,,0.0,False
KXATPMATCH-26AUG27FEAROD-FEA,1787909760,,,,0.0,,,,,0.0,False
KXATPMATCH-26AUG27MOCPAS-MOC,1787913668,,,,0.0,,,,,0.0,False
KXATPMATCH-26AUG27GEABAS-BAS,1787914568,,,,0.0,,,,,0.0,False
KXATPMATCH-26AUG27HARLLA-HAR,1787914568,,,,0.0,,,,,0.0,False
KXATPMATCH-26AUG27GAUWEN-GAU,1787914877,,,,0.0,,,,,0.0,False
KXATPMATCH-26AUG27PIROCO-OCO,1787916073,,,,0.0,,,,,0.0,False
KXATPMATCH-26AUG27SVRMCD-MCD,1787916937,,,,0.0,,,,,0.0,False
KXATPMATCH-26AUG27NISSAK-NIS,1787918579,,,,0.0,,,,,0.0,False
KXATPMATCH-26AUG27GASSMI-GAS,1787922345,,,,0.0,,,,,0.0,False
KXATPMATCH-26AUG27DRASCH-DRA,1787922642,,,,0.0,,,,,0.0,False
KXATPMATCH-26AUG27YUNCIN-CIN,1787924462,,,,0.0,,,,,0.0,False
KXATPMATCH-26AUG28BUSBON-BON,1787936143,,,,0.0,,,,,0.0,False
KXATPMATCH-26AUG28DUCFER-DUC,1787940961,,,,0.0,,,,,0.0,False
KXATPMATCH-26AUG29FERBUS-BUS,1788016875,,,,0.0,,,,,0.0,False
KXATPMATCH-26AUG30MAJMED-MAJ,1788087347,,,,0.0,,,,,0.0,False
KXATPMATCH-26AUG30MERFUC-FUC,1788087701,,,,0.0,,,,,0.0,False
KXATPMATCH-26AUG30YIBWAL-WAL,1788089764,,,,0.0,,,,,0.0,False
KXATPMATCH-26AUG30SHIRIN-RIN,1788091873,,,,0.0,,,,,0.0,False
KXATPMATCH-26AUG30LEHCAR-CAR,1788091876,,,,0.0,,,,,0.0,False
KXATPMATCH-26AUG30HARKEN-HAR,1788094283,,,,0.0,,,,,0.0,False
KXATPMATCH-26AUG30PRISHE-PRI,1788095472,,,,0.0,,,,,0.0,False
KXATPMATCH-26AUG30WONPAU-PAU,1788098467,,,,0.0,,,,,0.0,False
KXATPMATCH-26AUG30MEDGAS-GAS,1788099958,,,,0.0,,,,,0.0,False
KXATPMATCH-26AUG30SAMMAC-MAC,1788102072,,,,0.0,,,,,0.0,False
KXATPMATCH-26AUG30VANNOR-NOR,1788102079,,,,0.0,,,,,0.0,False
KXATPMATCH-26AUG30MUNATM-ATM,1788106253,,,,0.0,,,,,0.0,False
KXATPMATCH-26AUG30KECSHA-KEC,1788106570,,,,0.0,,,,,0.0,False
KXATPMATCH-26AUG30FARBRO-BRO,1788108670,,,,0.0,,,,,0.0,False
KXATPMATCH-26AUG30ETCKOP-ETC,1788110745,,,,0.0,,,,,0.0,False
KXATPMATCH-26AUG30BUBWOL-BUB,1788126361,,,,0.0,,,,,0.0,False
KXATPMATCH-26AUG30NAVDJO-DJO,1788127033,,,,0.0,,,,,0.0,False
KXATPMATCH-26AUG30VACKOV-KOV,1788174755,,,,0.0,,,,,0.0,False
KXATPMATCH-26AUG30TIRMAN-MAN,1788175245,,,,0.0,,,,,0.0,False
KXATPMATCH-26AUG30TSIFIL-FIL,1788178248,,,,0.0,,,,,0.0,False
KXATPMATCH-26AUG30MICCIN-CIN,1788181248,,,,0.0,,,,,0.0,False
KXATPMATCH-26AUG31VIRRUB-RUB,1788181253,,,,0.0,,,,,0.0,False
KXATPMATCH-26AUG30GORCOL-COL,1788182454,,,,0.0,,,,,0.0,False
KXATPMATCH-26AUG30VUKSAK-SAK,1788182613,,,,0.0,,,,,0.0,False
KXATPMATCH-26AUG30RODMPE-MPE,1788183941,,,,0.0,,,,,0.0,False
KXATPMATCH-26AUG30SAFALC-ALC,1788184847,,,,0.0,,,,,0.0,False
KXATPMATCH-26AUG30ARNDUC-ARN,1788187256,,,,0.0,,,,,0.0,False
KXATPMATCH-26AUG30NAKBAE-BAE,1788188166,,,,0.0,,,,,0.0,False
KXATPMATCH-26AUG30LANFEA-FEA,1788189332,,,,0.0,,,,,0.0,False
KXATPMATCH-26AUG30DZUHUR-DZU,1788189339,,,,0.0,,,,,0.0,False
KXATPMATCH-26AUG30SVRROY-ROY,1788193855,,,,0.0,,,,,0.0,False
KXATPMATCH-26AUG30HANTAB-HAN,1788194142,,,,0.0,,,,,0.0,False
KXATPMATCH-26AUG30BLOBAR-BAR,1788195044,,,,0.0,,,,,0.0,False
KXATPMATCH-26AUG30BERWAW-BER,1788195045,,,,0.0,,,,,0.0,False
KXATPMATCH-26AUG30DARWEN-DAR,1788196527,,,,0.0,,,,,0.0,False
KXATPMATCH-26AUG30BURKHA-BUR,1788197460,,,,0.0,,,,,0.0,False
KXATPMATCH-26AUG30BORTIE-BOR,1788201679,,,,0.0,,,,,0.0,False
KXATPMATCH-26AUG30SHEGRI-GRI,1788206129,,,,0.0,,,,,0.0,False
KXATPMATCH-26AUG30SHATRU-SHA,1788206457,,,,0.0,,,,,0.0,False
KXATPMATCH-26AUG30HALDIA-DIA,1788207322,,,,0.0,,,,,0.0,False
KXATPMATCH-26AUG30MENMOC-MEN,1788207628,,,,0.0,,,,,0.0,False
KXATPMATCH-26AUG30DIMPOP-DIM,1788209443,,,,0.0,,,,,0.0,False
KXATPMATCH-26AUG30AUGHIJ-AUG,1788211524,,,,0.0,,,,,0.0,False
KXATPMATCH-26AUG30DAMTIA-DAM,1788216860,,,,0.0,,,,,0.0,False
KXATPMATCH-26AUG30COMCOB-COB,1788269034,,,,0.0,,,,,0.0,False
KXATPMATCH-26AUG30FRIBLA-BLA,1788269442,,,,0.0,,,,,0.0,False
KXATPMATCH-26AUG30BELPIR-BEL,1788274540,,,,0.0,,,,,0.0,False
KXATPMATCH-26AUG30MISCER-CER,1788276037,,,,0.0,,,,,0.0,False
KXATPMATCH-26AUG30UGOSTR-STR,1788277524,,,,0.0,,,,,0.0,False
KXATPMATCH-26AUG30SWEMOU-MOU,1788278005,,,,0.0,,,,,0.0,False
KXATPMATCH-26AUG30BASSCH-BAS,1788278443,,,,0.0,,,,,0.0,False
KXATPMATCH-26AUG30FERMUS-FER,1788281137,,,,0.0,,,,,0.0,False
KXATPMATCH-26AUG30VALMON-MON,1788291650,,,,0.0,,,,,0.0,False
KXATPMATCH-26SEP01CERGEA-CER,1788292520,,,,0.0,,,,,0.0,False
KXATPMATCH-26AUG30ZVESON-SON,1788307052,,,,0.0,,,,,0.0,False
KXATPMATCH-26SEP02NAKMIC-MIC,1788347447,,,,0.0,,,,,0.0,False
KXATPMATCH-26SEP02MEDGOR-GOR,1788348022,,,,0.0,,,,,0.0,False
KXATPMATCH-26SEP02MERRUB-MER,1788350451,,,,0.0,,,,,0.0,False
KXATPMATCH-26SEP02MUNRIN-MUN,1788351627,,,,0.0,,,,,0.0,False
KXATPMATCH-26AUG30CHOVAN-CHO,1788353450,,,,0.0,,,,,0.0,False
KXATPMATCH-26AUG30MOLBON-BON,1788353714,,,,0.0,,,,,0.0,False
KXATPMATCH-26SEP02SHEHUR-HUR,1788360312,,,,0.0,,,,,0.0,False
KXATPMATCH-26SEP01JODYUN-JOD,1788361358,,,,0.0,,,,,0.0,False
KXATPMATCH-26AUG30SVAALT-ALT,1788362719,,,,0.0,,,,,0.0,False
KXATPMATCH-26AUG30GUEDE-DE,1788363628,,,,0.0,,,,,0.0,False
KXATPMATCH-26AUG30MARZHE-MAR,1788365420,,,,0.0,,,,,0.0,False
KXATPMATCH-26AUG30GIRBUS-BUS,1788366630,,,,0.0,,,,,0.0,False
KXATPMATCH-26SEP02ETCFEA-ETC,1788366914,,,,0.0,,,,,0.0,False
KXATPMATCH-26AUG30BERTAB-BER,1788368105,,,,0.0,,,,,0.0,False
KXATPMATCH-26AUG30DEJPAS-DEJ,1788368109,,,,0.0,,,,,0.0,False
KXATPMATCH-26SEP02SHAVAN-SHA,1788369628,,,,0.0,,,,,0.0,False
KXATPMATCH-26SEP02LEHSAM-LEH,1788372035,,,,0.0,,,,,0.0,False
KXATPMATCH-26SEP02DUCYIB-DUC,1788375030,,,,0.0,,,,,0.0,False
KXATPMATCH-26SEP02HARTSI-HAR,1788375300,,,,0.0,,,,,0.0,False
KXATPMATCH-26SEP02BUBMAN-BUB,1788375907,,,,0.0,,,,,0.0,False
KXATPMATCH-26SEP02SAKTIA-SAK,1788378912,,,,0.0,,,,,0.0,False
KXATPMATCH-26SEP02BERNAV-BER,1788381017,,,,0.0,,,,,0.0,False
KXATPMATCH-26SEP02VACMAJ-MAJ,1788382831,,,,0.0,,,,,0.0,False
KXATPMATCH-26SEP02PRIPAU-PAU,1788383117,,,,0.0,,,,,0.0,False
KXATPMATCH-26SEP02FARALC-ALC,1788384025,,,,0.0,,,,,0.0,False
KXATPMATCH-26SEP02AUGKHA-AUG,1788438636,,,,0.0,,,,,0.0,False
KXATPMATCH-26SEP02DARSVR-DAR,1788440432,,,,0.0,,,,,0.0,False
KXATPMATCH-26SEP02STRCER-CER,1788441017,,,,0.0,,,,,0.0,False
KXATPMATCH-26SEP02FRIBEL-BEL,1788443719,,,,0.0,,,,,0.0,False
KXATPMATCH-26SEP02MENROD-MEN,1788447905,,,,0.0,,,,,0.0,False
KXATPMATCH-26SEP02SWEMUS-MUS,1788448217,,,,0.0,,,,,0.0,False
KXATPMATCH-26SEP02SCHCOB-COB,1788450555,,,,0.0,,,,,0.0,False
KXATPMATCH-26SEP02POPTAB-POP,1788451831,,,,0.0,,,,,0.0,False
KXATPMATCH-26SEP02BLOTRU-BLO,1788451831,,,,0.0,,,,,0.0,False
KXATPMATCH-26SEP03BONBUS-BON,1788455423,,,,0.0,,,,,0.0,False
KXATPMATCH-26SEP03VANDE-DE,1788461703,,,,0.0,,,,,0.0,False
KXATPMATCH-26SEP03SVAGEA-GEA,1788462298,,,,0.0,,,,,0.0,False
KXATPMATCH-26SEP03MONTIE-MON,1788463829,,,,0.0,,,,,0.0,False
KXATPMATCH-26SEP03YUNZHE-YUN,1788466216,,,,0.0,,,,,0.0,False
KXATPMATCH-26SEP03BERDEJ-BER,1788466219,,,,0.0,,,,,0.0,False
KXATPMATCH-26SEP03ZVEHAL-HAL,1788481219,,,,0.0,,,,,0.0,False
KXATPMATCH-26SEP04MEDRIN-MED,1788526495,,,,0.0,,,,,0.0,False
KXATPMATCH-26SEP04BUBPAU-BUB,1788531669,,,,0.0,,,,,0.0,False
KXATPMATCH-26SEP04YIBALC-ALC,1788533103,,,,0.0,,,,,0.0,False
KXATPMATCH-26SEP04LEHTSI-LEH,1788544840,,,,0.0,,,,,0.0,False
KXATPMATCH-26SEP04ETCNAV-ETC,1788545697,,,,0.0,,,,,0.0,False
KXATPMATCH-26SEP04MICMER-MER,1788547802,,,,0.0,,,,,0.0,False
KXATPMATCH-26SEP04VACTIA-TIA,1788549320,,,,0.0,,,,,0.0,False
KXATPMATCH-26SEP04SHESHA-SHA,1788567300,,,,0.0,,,,,0.0,False
KXATPMATCH-26SEP05FRICER-CER,1788614696,,,,0.0,,,,,0.0,False
KXATPMATCH-26SEP05BLOCOB-BLO,1788616822,,,,0.0,,,,,0.0,False
KXATPMATCH-26SEP05DARSWE-DAR,1788621890,,,,0.0,,,,,0.0,False
KXATPMATCH-26SEP05KHABON-BON,1788621892,,,,0.0,,,,,0.0,False
KXATPMATCH-26SEP05ZHEGEA-GEA,1788634204,,,,0.0,,,,,0.0,False
KXATPMATCH-26SEP05BERVAN-BER,1788639291,,,,0.0,,,,,0.0,False
KXATPMATCH-26SEP05ZVETAB-TAB,1788650096,,,,0.0,,,,,0.0,False
KXATPMATCH-26SEP05MENTIE-MEN,1788651616,,,,0.0,,,,,0.0,False
KXATPMATCH-26SEP06PAUALC-ALC,1788705296,,,,0.0,,,,,0.0,False
KXATPMATCH-26SEP06MICETC-ETC,1788711289,,,,0.0,,,,,0.0,False
KXATPMATCH-26SEP06MEDTIA-MED,1788713087,,,,0.0,,,,,0.0,False
KXATPMATCH-26SEP06SHETSI-SHE,1788722093,,,,0.0,,,,,0.0,False
KXATPMATCH-26SEP06CERBLO-BLO,1788795002,,,,0.0,,,,,0.0,False
KXATPMATCH-26SEP07KHATIE-KHA,1788810063,,,,0.0,,,,,0.0,False
KXATPMATCH-26SEP07GEAVAN-GEA,1788811486,,,,0.0,,,,,0.0,False
KXATPMATCH-26SEP07ZVEDAR-DAR,1788818087,,,,0.0,,,,,0.0,False
KXATPMATCH-26SEP08TIAMIC-MIC,1788887420,,,,0.0,,,,,0.0,False
KXATPMATCH-26SEP08SHEALC-ALC,1788917738,,,,0.0,,,,,0.0,False
KXATPMATCH-26SEP09KHABLO-BLO,1788972484,,,,0.0,,,,,0.0,False
KXATPMATCH-26SEP09ZVEVAN-VAN,1788985488,,,,0.0,,,,,0.0,False
KXATPMATCH-26SEP11ZVEKHA-KHA,1789143432,,,,0.0,,,,,0.0,False
KXATPMATCH-26SEP11TIASHE-SHE,1789160607,,,,0.0,,,,,0.0,False
KXATPMATCH-26SEP13ZVESHE-SHE,1789314886,,,,0.0,,,,,0.0,False
KXATPMATCH-26SEP22KANSAN-KAN,1790031904,,,,0.0,,,,,0.0,False
KXATPMATCH-26SEP22DANDEL-DAN,1790033706,,,,0.0,,,,,0.0,False
KXATPMATCH-26SEP22BOLJAS-BOL,1790033706,,,,0.0,,,,,0.0,False
KXATPMATCH-26SEP22BARILA-BAR,1790037919,,,,0.0,,,,,0.0,False
KXATPMATCH-26SEP22SVRSEK-SEK,1790039116,,,,0.0,,,,,0.0,False
KXATPMATCH-26SEP22MULPAV-MUL,1790040023,,,,0.0,,,,,0.0,False
KXATPMATCH-26SEP22WEBMAT-MAT,1790040901,,,,0.0,,,,,0.0,False
KXATPMATCH-26SEP22YMEGAL-GAL,1790040902,,,,0.0,,,,,0.0,False
KXATPMATCH-26SEP22TOMRIG-RIG,1790043621,,,,0.0,,,,,0.0,False
KXATPMATCH-26SEP22HARMIY-HAR,1790043622,,,,0.0,,,,,0.0,False
KXATPMATCH-26SEP22IMANOG-IMA,1790044507,,,,0.0,,,,,0.0,False
KXATPMATCH-26SEP22UCHCIN-CIN,1790048716,,,,0.0,,,,,0.0,False
KXATPMATCH-26SEP22MOCXIA-MOC,1790050816,,,,0.0,,,,,0.0,False
KXATPMATCH-26SEP22CASKOT-CAS,1790051427,,,,0.0,,,,,0.0,False
KXATPMATCH-26SEP22SUNDEL-DEL,1790054707,,,,0.0,,,,,0.0,False
KXATPMATCH-26SEP22BASHAN-BAS,1790055300,,,,0.0,,,,,0.0,False
KXATPMATCH-26SEP23BOLSAN-BOL,1790122513,,,,0.0,,,,,0.0,False
KXATPMATCH-26SEP23DANMAT-DAN,1790122813,,,,0.0,,,,,0.0,False
KXATPMATCH-26SEP23MULBAR-BAR,1790123100,,,,0.0,,,,,0.0,False
KXATPMATCH-26SEP22HARGAL-GAL,1790124608,,,,0.0,,,,,0.0,False
KXATPMATCH-26SEP21BAEBRO-BAE,1790124896,,,,0.0,,,,,0.0,False
KXATPMATCH-26SEP22SVRNOG-NOG,1790128853,,,,0.0,,,,,0.0,False
KXATPMATCH-26SEP23BASCIN-BAS,1790128854,,,,0.0,,,,,0.0,False
KXATPMATCH-26SEP23TOMSUN-SUN,1790129413,,,,0.0,,,,,0.0,False
KXATPMATCH-26SEP22MOCKOT-KOT,1790129695,,,,0.0,,,,,0.0,False
KXATPMATCH-26SEP21KOPJIA-JIA,1790131811,,,,0.0,,,,,0.0,False
KXATPMATCH-26SEP21VUKJAC-JAC,1790140218,,,,0.0,,,,,0.0,False
KXATPMATCH-26SEP21ROYWAL-ROY,1790147693,,,,0.0,,,,,0.0,False
KXATPMATCH-26SEP21SHIGAS-GAS,1790210693,,,,0.0,,,,,0.0,False
KXATPMATCH-26SEP24SWEDAN-DAN,1790211628,,,,0.0,,,,,0.0,False
KXATPMATCH-26SEP21FARATM-ATM,1790218845,,,,0.0,,,,,0.0,False
KXATPMATCH-26SEP21GRISHA-GRI,1790218845,,,,0.0,,,,,0.0,False
KXATPMATCH-26SEP24MARBOL-BOL,1790218846,,,,0.0,,,,,0.0,False
KXATPMATCH-26SEP24CINUGO-CIN,1790218846,,,,0.0,,,,,0.0,False
KXATPMATCH-26SEP21DUCSON-DUC,1790219088,,,,0.0,,,,,0.0,False
KXATPMATCH-26SEP24HIJSVR-HIJ,1790220005,,,,0.0,,,,,0.0,False
KXATPMATCH-26SEP21YUNZHE-YUN,1790222097,,,,0.0,,,,,0.0,False
KXATPMATCH-26SEP21BELMAJ-BEL,1790222422,,,,0.0,,,,,0.0,False
KXATPMATCH-26SEP24KECBAS-BAS,1790224211,,,,0.0,,,,,0.0,False
KXATPMATCH-26SEP24KOUMUL-KOU,1790224488,,,,0.0,,,,,0.0,False
KXATPMATCH-26SEP21SHAMAN-MAN,1790225092,,,,0.0,,,,,0.0,False
KXATPMATCH-26SEP24SUNSAF-SAF,1790227211,,,,0.0,,,,,0.0,False
KXATPMATCH-26SEP24HARKOV-HAR,1790229290,,,,0.0,,,,,0.0,False
KXATPMATCH-26SEP24DAMMOC-DAM,1790229886,,,,0.0,,,,,0.0,False
KXATPMATCH-26SEP21SHEHUR-HUR,1790231425,,,,0.0,,,,,0.0,False
KXATPMATCH-26SEP21CUIVAL-CUI,1790233487,,,,0.0,,,,,0.0,False
KXATPMATCH-26SEP21CERZHO-CER,1790238004,,,,0.0,,,,,0.0,False
KXATPMATCH-26SEP21ZHAWON-WON,1790238633,,,,0.0,,,,,0.0,False
KXATPMATCH-26SEP25KOPSHA-KOP,1790295293,,,,0.0,,,,,0.0,False
KXATPMATCH-26SEP25JACETC-ETC,1790298886,,,,0.0,,,,,0.0,False
KXATPMATCH-26SEP25BROSON-BRO,1790301296,,,,0.0,,,,,0.0,False
KXATPMATCH-26SEP25TABMAN-MAN,1790302199,,,,0.0,,,,,0.0,False
KXATPMATCH-26SEP25BASVAN-BAS,1790309415,,,,0.0,,,,,0.0,False
KXATPMATCH-26SEP24MARDAN-DAN,1790309686,,,,0.0,,,,,0.0,False
KXATPMATCH-26SEP25HIJRUB-HIJ,1790315682,,,,0.0,,,,,0.0,False
KXATPMATCH-26SEP24FARGAS-FAR,1790326820,,,,0.0,,,,,0.0,False
KXATPMATCH-26SEP25CERDAV-CER,1790382882,,,,0.0,,,,,0.0,False
KXATPMATCH-26SEP24HALSAF-HAL,1790388020,,,,0.0,,,,,0.0,False
KXATPMATCH-26SEP25CINMUL-CIN,1790388020,,,,0.0,,,,,0.0,False
KXATPMATCH-26SEP25DAMHUR-DAM,1790390691,,,,0.0,,,,,0.0,False
KXATPMATCH-26SEP25VACHAR-HAR,1790397607,,,,0.0,,,,,0.0,False
KXATPMATCH-26SEP26YUNMAJ-MAJ,1790399686,,,,0.0,,,,,0.0,False
KXATPMATCH-26SEP25MEDROY-MED,1790407479,,,,0.0,,,,,0.0,False
KXATPMATCH-26SEP26WONVAL-VAL,1790417701,,,,0.0,,,,,0.0,False
KXATPMATCH-26SEP27BROBAS-BAS,1790469880,,,,0.0,,,,,0.0,False
KXATPMATCH-26SEP27MARJAC-JAC,1790472596,,,,0.0,,,,,0.0,False
KXATPMATCH-26SEP27MULDAV-DAV,1790475880,,,,0.0,,,,,0.0,False
KXATPMATCH-26SEP27GASRUB-GAS,1790483991,,,,0.0,,,,,0.0,False
KXATPMATCH-26SEP27MANSHA-MAN,1790486078,,,,0.0,,,,,0.0,False
KXATPMATCH-26SEP26SAFYUN-SAF,1790489412,0.52,0.53,0.53,17591.43,1790488800.0,0.5,0.51,0.51,13198.89,True
KXATPMATCH-26SEP27HARHUR-HAR,1790494238,0.38,0.39,0.39,7280.84,1790492400.0,0.38,0.39,0.39,4326.22,True
KXATPMATCH-26SEP26MEDWON-MED,1790499030,0.79,0.8,0.8,43472.56,1790496000.0,0.79,0.8,0.8,43188.96,True
KXATPMATCH-26SEP27HIJUGO-HIJ,1790543721,0.7,0.73,0.73,710.02,1790542800.0,0.7,0.73,0.73,369.13,True
KXATPMATCH-26SEP27TSINIS-NIS,1790545225,0.09,0.1,0.1,12638.26,1790542800.0,0.09,0.1,0.11,7801.9,True
KXATPMATCH-26SEP27FILDAM-DAM,1790551515,0.17,0.18,0.18,136.64999999999998,1790550000.0,0.17,0.18,0.18,44.86999999999999,True
KXATPMATCH-26SEP27RIGGEA-GEA,1790551835,,,,0.0,,,,,0.0,True
KXATPMATCH-26SEP27SVAKOV-KOV,1790553029,0.34,0.35,0.35,2269.24,1790550000.0,0.34,0.35,0.35,1162.9699999999998,True
KXATPMATCH-26SEP27HANMAC-HAN,1790554818,0.55,0.56,0.56,2428.48,1790553600.0,0.56,0.59,0.59,852.51,True
KXATPMATCH-26SEP27LANTRU-LAN,1790559633,0.65,0.66,0.66,299.8,1790557200.0,0.63,0.65,0.64,96.53999999999999,True
KXATPMATCH-26SEP27MOCFAR-FAR,1790561714,0.67,0.68,0.68,1745.7400000000002,1790560800.0,0.67,0.69,0.69,791.13,True
KXATPMATCH-26SEP27MUNGIR-GIR,1790563237,0.36,0.37,0.37,2923.8500000000004,1790560800.0,0.35,0.36,0.36,2698.7000000000003,True
KXATPMATCH-26SEP27MOLKOP-KOP,1790565627,0.42,0.43,0.43,5175.88,1790564400.0,0.42,0.43,0.44,3056.4700000000003,True
KXATPMATCH-26SEP27VALDAN-DAN,1790567429,0.54,0.55,0.55,6554.84,1790564400.0,0.52,0.53,0.53,2374.39,True
KXATPMATCH-26SEP27SONMAJ-MAJ,1790569223,0.56,0.57,0.57,1284.17,1790568000.0,0.56,0.57,0.57,417.27000000000004,True
KXATPMATCH-26SEP27JACRUB-JAC,1790571911,0.25,0.26,0.26,2560.6099999999997,1790571600.0,0.26,0.27,0.27,1708.6899999999998,True
KXATPMATCH-26SEP28BASDAV-BAS,1790572224,0.31,0.32,0.32,19288.619999999995,1790571600.0,0.31,0.32,0.32,14092.319999999998,True
KXATPMATCH-26SEP27ZHOCAR-CAR,1790572516,0.72,0.73,0.73,9478.07,1790571600.0,0.74,0.75,0.75,4265.21,True
KXATPMATCH-26SEP28CUIALT-ALT,1790573131,0.72,0.73,0.73,47674.96,1790571600.0,0.72,0.73,0.73,3517.9,True
KXATPMATCH-26SEP27VANROY-ROY,1790578515,0.38,0.39,0.38,3607.1,1790575200.0,0.37,0.38,0.38,2085.83,True
KXATPMATCH-26SEP27KECMAN-KEC,1790578832,0.6,0.61,0.61,67949.13,1790578800.0,0.61,0.62,0.62,40940.79000000001,True
KXATPMATCH-26SEP28MEDSAF-MED,1790580325,0.68,0.69,0.68,56959.159999999996,1790578800.0,0.68,0.69,0.69,42959.57,True
KXATPMATCH-26SEP28HURSHA-HUR,1790582110,0.59,0.6,0.6,35240.6,1790578800.0,0.59,0.6,0.6,25752.560000000005,True
KXATPMATCH-26SEP28TSIHIJ-HIJ,1790630120,0.26,0.27,0.27,7762.719999999999,1790629200.0,0.26,0.27,0.27,7606.839999999999,True
KXATPMATCH-26SEP28MUNKOV-KOV,1790634022,0.42,0.43,0.43,2129.04,1790632800.0,0.39,0.4,0.4,649.6300000000001,True
KXATPMATCH-26SEP28MACGEA-GEA,1790634638,0.55,0.56,0.57,8977.039999999999,1790632800.0,0.57,0.58,0.58,7371.509999999999,True
KXATPMATCH-26SEP28FILMAJ-FIL,1790637304,0.8,0.81,0.81,10510.880000000001,1790636400.0,0.79,0.8,0.8,7839.380000000001,True
KXATPMATCH-26SEP28TRUMOL-MOL,1790639708,0.56,0.58,0.58,10196.56,1790636400.0,0.55,0.56,0.54,8342.55,True
KXATPMATCH-26SEP29VANCUI-CUI,1790642700,0.19,0.2,0.2,17998.279999999995,1790640000.0,0.19,0.2,0.19,17984.819999999996,True
KXATPMATCH-26SEP28MANCAR-CAR,1790645099,0.6,0.61,0.61,3087.65,1790643600.0,0.61,0.62,0.62,1418.78,True
KXATPMATCH-26SEP29VALFAR-FAR,1790648701,0.61,0.62,0.62,5345.9800000000005,1790647200.0,0.6,0.62,0.62,3518.6800000000003,True
KXATPMATCH-26SEP29HURDAV-DAV,1790664907,0.42,0.44,0.44,23204.26,1790661600.0,0.42,0.43,0.43,8452.21,True
KXATPMATCH-26SEP29MEDRUB-MED,1790666420,0.64,0.65,0.65,220439.65,1790665200.0,0.65,0.66,0.66,173827.53,True
KXATPMATCH-26SEP28VACBLO-BLO,1790720114,0.58,0.59,0.59,69265.57,1790719200.0,0.57,0.58,0.58,13690.240000000002,True
KXATPMATCH-26SEP28KHAAUG-AUG,1790721033,0.6,0.61,0.61,117960.62000000002,1790719200.0,0.6,0.61,0.61,55510.76000000001,True
KXATPMATCH-26SEP28TABPAU-PAU,1790725821,0.71,0.72,0.72,8133.7,1790722800.0,0.71,0.72,0.71,7254.53,True
KXATPMATCH-26SEP28STRTIR-STR,1790730031,0.38,0.39,0.39,7068.65,1790730000.0,0.37,0.38,0.38,6886.499999999999,True
KXATPMATCH-25JUL24BUBSHE-BUB,1753359032,0.72,0.88,0.77,5800.0,1753358400.0,0.72,0.8,0.77,5800.0,True
KXATPMATCH-25JUL24CAZSTR-CAZ,1753341043,0.4,0.45,0.45,8837.0,1753340400.0,0.36,0.48,0.48,7131.0,True
KXATPMATCH-25JUL24COBTIA-COB,1753378244,0.46,0.49,0.48,57.0,1753376400.0,0.44,0.48,0.48,41.0,True
KXATPMATCH-25JUL24DAVTIE-DAV,1753366702,0.59,0.6,0.6,16.0,1753365600.0,,,,0.0,True
KXATPMATCH-25JUL24DELEH-DE,1753366701,0.66,0.67,0.67,22.0,1753365600.0,,,,0.0,True
KXATPMATCH-25JUL24DZUDRO-DRO,1753371030,0.48,0.53,0.55,17.0,1753369200.0,0.05,0.95,,0.0,True
KXATPMATCH-25JUL24EVAMOU-EVA,1753361121,0.04,1.0,,0.0,1753340400.0,0.04,1.0,,0.0,True
KXATPMATCH-25JUL24FRIARN-ARN,1753387826,0.18,0.19,0.19,474.0,1753387200.0,0.16,0.19,0.19,410.0,True
KXATPMATCH-25JUL24LLAUGO-LLA,1753361239,0.05,0.56,0.6,10.0,1753358400.0,0.51,0.56,0.6,10.0,True
KXATPMATCH-25JUL24MEDYIB-MED,1753352724,0.74,0.76,0.77,241.0,1753344000.0,0.74,0.76,0.77,241.0,True
KXATPMATCH-25JUL24NAKNOR-NAK,1753355130,0.32,0.68,0.7,1.0,1753354800.0,0.49,0.56,0.7,1.0,True
KXATPMATCH-25JUL24PRIDAR-DAR,1753360838,0.04,1.0,,0.0,1753344000.0,0.04,1.0,,0.0,True
KXATPMATCH-25JUL24RINHAN-HAN,1753336839,0.56,0.58,0.58,7667.0,1753336800.0,0.58,0.59,0.59,1441.0,True
KXATPMATCH-25JUL24SEYVAN-SEY,1753367446,0.43,0.45,0.46,4417.0,1753365600.0,0.05,0.48,0.48,686.0,True
KXATPMATCH-25JUL24SHEDIA-DIA,1753368330,0.35,0.38,0.45,108.0,1753365600.0,,,,0.0,True
KXATPMATCH-25JUL24TABDEJ-DEJ,1753357526,0.04,1.0,,0.0,1753344000.0,0.04,1.0,,0.0,True
KXATPMATCH-25JUL25BUBVAN-BUB,1753442735,0.75,0.78,0.77,7191.0,1753434000.0,0.75,0.78,0.77,7191.0,True
KXATPMATCH-25JUL25CAZRIN-CAZ,1753433733,0.55,0.62,0.55,21650.0,1753430400.0,0.62,0.64,0.64,16690.0,True
KXATPMATCH-25JUL25DENAK-DE,1753464921,0.64,0.65,0.65,912.0,1753462800.0,0.65,0.66,0.66,602.0,True
KXATPMATCH-25JUL25FRIDAV-DAV,1753487720,0.24,0.25,0.25,782.0,1753484400.0,0.24,0.26,0.26,528.0,True
KXATPMATCH-25JUL25MEDMOU-MED,1753460127,0.79,0.8,0.8,1562.0,1753459200.0,0.78,0.79,0.79,630.0,True
KXATPMATCH-25JUL25SHETIA-SHE,1753475437,0.65,0.67,0.67,1176.0,1753473600.0,0.64,0.66,0.66,476.0,True
KXATPMATCH-25JUL25TABDZU-DZU,1753455028,0.52,0.54,0.52,75.0,1753452000.0,,,,0.0,True
KXATPMATCH-25JUL25UGODAR-DAR,1753446634,0.04,1.0,0.77,20.0,1753444800.0,0.04,0.98,0.77,20.0,True
KXATPMATCH-25JUL26BUBCAZ-BUB,1753517428,0.8,0.85,0.81,23444.0,1753516800.0,0.74,0.81,0.82,11918.0,True
KXATPMATCH-25JUL26DAVSHE-DAV,1753566323,0.27,0.28,0.27,812.0,1753563600.0,0.27,0.29,0.29,368.0,True
KXATPMATCH-25JUL26MOUDE-DE,1753560621,0.81,0.82,0.82,1371.0,1753560000.0,0.8,0.81,0.81,647.0,True
KXATPMATCH-25JUL26TABDAR-DAR,1753539026,0.66,0.68,0.68,705.0,1753538400.0,,,,0.0,True
KXATPMATCH-25JUL27ARSDJE-ARS,1753650442,0.04,0.17,0.04,43514.0,1753650000.0,0.09,0.17,0.17,42598.0,True
KXATPMATCH-25JUL27ARSROY-ARS,1753637430,,,,0.0,,,,,0.0,True
KXATPMATCH-25JUL27BAGPOS-BAG,1753643719,0.65,0.85,0.85,602.0,1753642800.0,0.04,1.0,,0.0,True
KXATPMATCH-25JUL27DAVDE-DAV,1753716578,0.0,0.01,0.01,343956.0,1753714800.0,0.0,0.01,0.01,343956.0,True
KXATPMATCH-25JUL27FEAFIC-FEA,1753633532,,,,0.0,,,,,0.0,False
KXATPMATCH-25JUL27HERETC-ETC,1753635644,,,,0.0,,,,,0.0,False
KXATPMATCH-25JUL27KECHAL-HAL,1753646727,0.36,0.39,0.39,584.0,1753646400.0,0.35,0.38,0.4,537.0,True
KXATPMATCH-25JUL27MOCMPE-MOC,1753629929,,,,0.0,,,,,0.0,False
KXATPMATCH-25JUL27MONBAR-BAR,1753631134,,,,0.0,,,,,0.0,False
KXATPMATCH-25JUL27NAVBER-BER,1753639524,0.48,0.64,,0.0,1753639200.0,,,,0.0,True
KXATPMATCH-25JUL27OFNOPE-OFN,1753620031,0.04,1.0,,0.0,1753599600.0,0.04,1.0,,0.0,True
KXATPMATCH-25JUL27SAFBLA-BLA,1753637728,0.04,1.0,,0.0,1753635600.0,,,,0.0,True
KXATPMATCH-25JUL27SHADUC-DUC,1753650631,0.57,0.59,0.59,79.0,1753650000.0,0.38,0.58,0.5,68.0,True
KXATPMATCH-25JUL27SMITIE-SMI,1753626029,,,,0.0,,,,,0.0,False
KXATPMATCH-25JUL27WALBON-BON,1753614932,0.04,0.59,0.56,792.0,1753603200.0,0.04,0.59,0.56,792.0,True
KXATPMATCH-25JUL28BELGAS-BEL,1753714172,0.63,0.66,0.67,40.0,1753711200.0,0.04,1.0,,0.0,True
KXATPMATCH-25JUL28BLODAR-BLO,1753778771,0.0,0.01,0.01,15456.0,1753776000.0,0.0,0.01,0.01,15456.0,True
KXATPMATCH-25JUL28BLOSVR-BLO,1753704925,0.04,1.0,,0.0,1753686000.0,0.04,1.0,,0.0,True
KXATPMATCH-25JUL28BOYKOV-BOY,1753717235,0.27,0.29,0.29,3.0,1753714800.0,0.27,0.29,0.29,3.0,True
KXATPMATCH-25JUL28CARUGO-CAR,1753782156,0.99,1.0,0.99,55823.0,1753768800.0,0.99,1.0,0.99,55823.0,True
KXATPMATCH-25JUL28COMDZU-COM,1753714227,0.64,0.65,0.65,1.0,1753711200.0,,,,0.0,True
KXATPMATCH-25JUL28CORGIG-COR,1753725325,0.53,0.54,0.54,248.0,1753722000.0,0.53,0.56,0.53,221.0,True
KXATPMATCH-25JUL28DRACAR-CAR,1753731033,0.35,0.39,0.4,202.0,1753729200.0,0.35,0.38,,0.0,True
KXATPMATCH-25JUL28GIRMAN-GIR,1753714846,0.67,0.68,0.67,2364.0,1753714800.0,0.69,0.7,0.7,21.0,True
KXATPMATCH-25JUL28KOPYUN-KOP,1753701041,0.04,0.42,0.99,111.0,1753686000.0,0.04,0.42,0.99,111.0,True
KXATPMATCH-25JUL28MARDEL-DEL,1753730426,0.09,0.13,0.13,2272.0,1753729200.0,0.11,0.13,0.13,2125.0,True
KXATPMATCH-25JUL28MARMUN-MAR,1753703719,0.04,1.0,,0.0,1753686000.0,0.04,1.0,,0.0,True
KXATPMATCH-25JUL28MCDGOF-GOF,1753699231,0.04,0.58,0.58,48.0,1753689600.0,0.04,0.58,0.58,48.0,True
KXATPMATCH-25JUL28OCOTSE-OCO,1753698929,0.04,1.0,,0.0,1753682400.0,0.04,1.0,,0.0,True
KXATPMATCH-25JUL28QUINIS-NIS,1753700136,0.04,1.0,,0.0,1753682400.0,0.04,1.0,,0.0,True
KXATPMATCH-25JUL28RINGAL-GAL,1753738225,0.05,0.38,,0.0,1753736400.0,0.04,0.38,,0.0,True
KXATPMATCH-25JUL28SCHFON-FON,1753710411,0.76,0.77,0.77,459.0,1753707600.0,,,,0.0,True
KXATPMATCH-25JUL28VUKMAR-MAR,1753707926,0.26,0.29,,0.0,1753707600.0,0.04,1.0,,0.0,True
KXATPMATCH-25JUL28WATALT-ALT,1753710734,0.05,0.62,,0.0,1753707600.0,0.04,1.0,,0.0,True
KXATPMATCH-25JUL29ARSPOP-ARS,1753799428,0.05,0.09,0.1,4496.0,1753797600.0,,,,0.0,True
KXATPMATCH-25JUL29BARMIC-BAR,1753792830,0.04,0.78,,0.0,1753772400.0,0.04,0.78,,0.0,True
KXATPMATCH-25JUL29BORBAG-BAG,1753813840,0.13,0.16,0.16,762.0,1753812000.0,0.16,0.17,0.16,92.0,True
KXATPMATCH-25JUL29GRIETC-ETC,1753802130,0.32,0.35,0.34,306.0,1753801200.0,0.31,0.34,0.34,306.0,True
KXATPMATCH-25JUL29KHAFIC-FIC,1753792235,0.04,0.78,0.27,140.0,1753776000.0,0.04,0.78,0.27,140.0,True
KXATPMATCH-25JUL29MEDSVR-MED,1753815030,0.89,0.91,0.91,49.0,1753812000.0,0.9,0.92,0.73,28.0,True
KXATPMATCH-25JUL29MOUBRO-BRO,1753798826,0.45,0.73,,0.0,1753797600.0,,,,0.0,True
KXATPMATCH-25JUL29MPERUN-MPE,1753790128,0.04,0.78,,0.0,1753776000.0,0.04,0.78,,0.0,True
KXATPMATCH-25JUL29MULKEC-KEC,1753793728,0.04,0.78,,0.0,1753776000.0,0.04,0.78,,0.0,True
KXATPMATCH-25JUL29MUNCER-CER,1753810521,0.5,0.52,0.5,634.0,1753808400.0,0.51,0.52,0.52,314.0,True
KXATPMATCH-25JUL29MUSDUC-DUC,1753796437,0.23,0.25,,0.0,1753794000.0,,,,0.0,True
KXATPMATCH-25JUL29NAVATM-ATM,1753785921,,,,0.0,,,,,0.0,False
KXATPMATCH-25JUL29NAVHUM-HUM,1753788348,0.4,0.71,0.72,1034.0,1753776000.0,0.4,0.71,0.72,1034.0,True
KXATPMATCH-25JUL29OPEMAC-MAC,1753819830,0.58,0.6,0.62,605.0,1753819200.0,0.59,0.62,0.61,433.0,True
KXATPMATCH-25JUL29SAFRUU-RUU,1753807221,0.64,0.66,0.67,137.0,1753804800.0,0.64,0.69,0.69,100.0,True
KXATPMATCH-25JUL29SCHARN-ARN,1753822523,0.57,0.61,0.61,633.0,1753819200.0,0.58,0.6,0.61,163.0,True
KXATPMATCH-25JUL29SHATIE-SHA,1753814721,0.59,0.62,0.62,1622.0,1753812000.0,0.58,0.63,0.63,1583.0,True
KXATPMATCH-25JUL29ZVEWAL-WAL,1753822524,0.08,0.12,0.12,930.0,1753819200.0,0.1,0.12,0.12,884.0,True
KXATPMATCH-25JUL30BOYMEN-BOY,1753889138,0.16,0.18,0.16,1449.0,1753887600.0,0.05,0.19,0.19,235.0,True
KXATPMATCH-25JUL30CARFRI-CAR,1753911935,0.04,0.08,0.08,1089.0,1753909200.0,0.04,0.09,0.09,329.0,True
KXATPMATCH-25JUL30COBGAL-COB,1753885529,0.77,0.78,0.78,2001.0,1753884000.0,0.04,0.82,0.82,19.0,True
KXATPMATCH-25JUL30COMDE-COM,1753909262,0.1,0.11,0.11,478.0,1753909200.0,0.1,0.11,0.11,172.0,True
KXATPMATCH-25JUL30DAVMOU-DAV,1753898238,0.57,0.59,0.59,793.0,1753894800.0,0.57,0.59,0.6,790.0,True
KXATPMATCH-25JUL30DIAGIG-DIA,1753885528,0.74,0.76,0.76,1169.0,1753884000.0,,,,0.0,True
KXATPMATCH-25JUL30FILCAR-CAR,1753901722,0.27,0.31,0.32,81.0,1753898400.0,0.27,0.32,0.32,61.0,True
KXATPMATCH-25JUL30MANSHE-MAN,1753877732,0.04,0.26,,0.0,1753862400.0,0.04,0.26,,0.0,True
KXATPMATCH-25JUL30MARAUG-AUG,1753901723,0.57,0.63,0.63,45.0,1753898400.0,0.57,0.63,0.63,45.0,True
KXATPMATCH-25JUL30MCDLEH-LEH,1753898242,0.72,0.74,0.73,30.0,1753894800.0,0.73,0.74,0.73,30.0,True
KXATPMATCH-25JUL30NAKQUI-NAK,1753888241,0.67,0.68,0.7,84.0,1753887600.0,0.67,0.7,0.69,42.0,True
KXATPMATCH-25JUL30RUBGAS-GAS,1753877731,0.05,0.23,0.22,1850.0,1753862400.0,0.05,0.23,0.22,1850.0,True
KXATPMATCH-25JUL30TIAWAT-TIA,1753898240,0.68,0.72,0.7,1563.0,1753894800.0,0.7,0.72,0.73,1175.0,True
KXATPMATCH-25JUL30TSIOCO-OCO,1753903523,0.28,0.32,0.32,715.0,1753902000.0,0.28,0.32,0.32,343.0,True
KXATPMATCH-25JUL30VUKNOR-NOR,1753882841,0.66,0.69,0.7,97.0,1753880400.0,0.66,0.74,,0.0,True
KXATPMATCH-25JUL30YUNSON-SON,1753877730,0.04,0.58,,0.0,1753862400.0,0.04,0.58,,0.0,True
KXATPMATCH-25JUL31BORRUU-BOR,1753974930,0.35,0.38,0.38,434.0,1753974000.0,0.33,0.38,0.37,61.0,True
KXATPMATCH-25JUL31ETCCER-CER,1753969533,0.58,0.64,0.64,987.0,1753966800.0,0.05,1.0,0.7,105.0,True
KXATPMATCH-25JUL31KHANAV-KHA,1753961435,0.75,0.76,0.76,4957.0,1753948800.0,0.75,0.76,0.76,4957.0,True
KXATPMATCH-25JUL31MEDPOP-MED,1754002242,0.76,0.77,0.78,2323.0,1753999200.0,0.76,0.78,0.78,1778.0,True
KXATPMATCH-25JUL31MULRUN-MUL,1753986324,0.21,0.23,0.23,870.0,1753984800.0,0.19,0.23,0.23,846.0,True
KXATPMATCH-25JUL31MUSMIC-MIC,1753967720,0.35,0.38,0.37,166.0,1753966800.0,0.04,1.0,,0.0,True
KXATPMATCH-25JUL31TIEOPE-OPE,1753981244,0.42,0.45,0.45,568.0,1753981200.0,0.44,0.47,0.47,338.0,True
KXATPMATCH-25JUL31ZVEARN-ARN,1753992033,0.2,0.21,0.21,855.0,1753992000.0,0.16,0.21,0.21,770.0,True
KXATPMATCH-25JUN18BAUMEN-BAU,1750234838,,,,0.0,,,,,0.0,False
KXATPMATCH-25JUN18BERKHA-BER,1750234674,,,,0.0,,,,,0.0,False
KXATPMATCH-25JUN18EVANAK-EVA,1750249522,,,,0.0,,,,,0.0,False
KXATPMATCH-25JUN18GIRZVE-GIR,1750234531,,,,0.0,,,,,0.0,False
KXATPMATCH-25JUN18HALMED-HAL,1750235439,,,,0.0,,,,,0.0,False
KXATPMATCH-25JUN18MICTSI-MIC,1750242632,,,,0.0,,,,,0.0,False
KXATPMATCH-25JUN18POPDRA-DRA,1750241127,,,,0.0,,,,,0.0,False
KXATPMATCH-25JUN18RUNMCD-MCD,1750255257,0.01,0.99,,0.0,1750255200.0,,,,0.0,True
KXATPMATCH-25JUN19ALCMUN-ALC,1750336236,0.56,0.96,0.96,156.0,1750334400.0,0.81,0.96,0.96,156.0,True
KXATPMATCH-25JUN19AUGKHA-AUG,1750314096,0.57,0.58,0.58,1401.0,1750312800.0,0.55,0.57,0.58,305.0,True
KXATPMATCH-25JUN19FEAMOU-FEA,1750322737,0.61,0.65,0.65,4808.0,1750316400.0,0.62,0.63,0.63,307.0,True
KXATPMATCH-25JUN19LEHDIA-DIA,1750314095,0.38,0.4,0.38,14.0,1750312800.0,0.37,0.41,0.38,14.0,True
KXATPMATCH-25JUN19MARMAC-MAC,1750320052,0.52,0.56,0.55,1509.0,1750320000.0,0.53,0.55,0.55,1198.0,True
KXATPMATCH-25JUN19NAKDRA-DRA,1750410630,0.81,0.86,0.83,7945.0,1750402800.0,0.81,0.86,0.83,7945.0,True
KXATPMATCH-25JUN19OPERIN-OPE,1750341656,0.53,0.55,0.55,581.0,1750341600.0,0.44,0.58,0.57,323.0,True
KXATPMATCH-25JUN19RUBETC-ETC,1750322434,0.21,0.24,0.22,209.0,1750316400.0,0.21,0.22,0.22,158.0,True
KXATPMATCH-25JUN19SHACOB-COB,1750315528,0.4,0.41,0.44,4767.0,1750312800.0,0.4,0.41,0.41,4600.0,True
KXATPMATCH-25JUN19SINBUB-BUB,1750340738,0.13,0.14,0.14,2984.0,1750338000.0,0.12,0.26,0.14,2377.0,True
KXATPMATCH-25JUN19SONZVE-SON,1750332330,0.06,0.29,0.11,11694.0,1750323600.0,0.06,0.29,0.11,11694.0,True
KXATPMATCH-25JUN20ALCRIN-ALC,1750416932,0.9,0.95,0.9,1682.0,1750406400.0,0.9,0.95,0.9,1682.0,True
KXATPMATCH-25JUN20BUBMAC-BUB,1750409746,0.64,0.75,0.65,2126.0,1750406400.0,0.64,0.65,0.65,1758.0,True
KXATPMATCH-25JUN20COBZVE-COB,1750403440,0.13,0.17,0.16,3236.0,1750402800.0,0.13,0.15,0.15,1027.0,True
KXATPMATCH-25JUN20ETCKHA-ETC,1750414836,0.25,0.32,0.3,799.0,1750406400.0,0.25,0.32,0.3,799.0,True
KXATPMATCH-25JUN20LEHFEA-FEA,1750401329,0.32,0.34,0.34,449.0,1750399200.0,0.34,0.36,0.33,209.0,True
KXATPMATCH-25JUN20MICMED-MED,1750399236,0.69,0.71,0.71,6017.0,1750399200.0,0.68,0.7,0.7,1054.0,True
KXATPMATCH-25JUN20RUNBAU-BAU,1750426836,0.26,0.28,0.28,499.0,1750424400.0,0.21,0.28,0.28,499.0,True
KXATPMATCH-25JUN21ALCBAU-ALC,1750502425,0.87,0.91,0.89,7352.0,1750492800.0,0.87,0.91,0.89,7352.0,True
KXATPMATCH-25JUN21BUBKHA-BUB,1750509327,0.6,0.64,0.61,938.0,1750496400.0,0.6,0.64,0.61,938.0,True
KXATPMATCH-25JUN21LEHDRA-DRA,1750494033,0.64,0.67,0.67,2930.0,1750492800.0,0.65,0.67,0.67,2474.0,True
KXATPMATCH-25JUN21MEDZVE-MED,1750500924,0.36,0.48,0.47,2439.0,1750496400.0,0.45,0.48,0.47,2439.0,True
KXATPMATCH-25JUN22ALCLEH-ALC,1750584330,0.79,0.83,0.8,5571.0,1750579200.0,0.79,0.8,0.8,5571.0,True
KXATPMATCH-25JUN22BUBMED-BUB,1750581634,0.29,0.43,0.4,2784.0,1750579200.0,0.4,0.41,0.41,2411.0,True
KXATPMATCH-25JUN22DIAMUN-DIA,1750672866,0.65,0.76,0.65,14311.0,1750665600.0,0.65,0.76,0.65,14311.0,True
KXATPMATCH-25JUN22DZURIN-DZU,1750669531,0.12,0.28,0.26,2376.0,1750665600.0,0.26,0.28,0.26,2376.0,True
KXATPMATCH-25JUN22ETCBAU-BAU,1750751437,0.63,0.68,0.64,17892.0,1750748400.0,0.62,0.63,0.63,15545.0,True
KXATPMATCH-25JUN22FOGALT-ALT,1750593647,0.63,0.75,0.69,1262.0,1750593600.0,0.63,0.72,0.69,1262.0,True
KXATPMATCH-25JUN22MARMOU-MAR,1750665033,0.22,0.23,0.22,9863.0,1750662000.0,0.21,0.22,0.22,5964.0,True
KXATPMATCH-25JUN22MULSAF-MUL,1750659031,0.39,0.41,0.42,6016.0,1750658400.0,0.4,0.41,0.41,4463.0,True
KXATPMATCH-25JUN22TIEENG-ENG,1750678230,0.4,0.41,0.41,3582.0,1750669200.0,0.4,0.41,0.41,3582.0,True
KXATPMATCH-25JUN22YUNDJE-DJE,1750584035,0.49,0.7,0.63,3640.0,1750579200.0,0.49,0.7,0.63,3640.0,True
KXATPMATCH-25JUN23ARNOPE-ARN,1750774584,0.0,0.01,0.01,473440.0,1750773600.0,0.0,0.01,0.01,473440.0,True
KXATPMATCH-25JUN23BASMED-BAS,1750662061,0.35,0.46,0.41,29.0,1750662000.0,0.39,0.41,0.41,4.0,True
KXATPMATCH-25JUN23BELHAL-BEL,1750666541,0.37,0.46,0.43,2.0,1750665600.0,0.4,0.42,0.43,2.0,True
KXATPMATCH-25JUN23BERFON-BER,1750659635,0.41,0.42,0.42,333.0,1750658400.0,0.41,0.42,0.42,310.0,True
KXATPMATCH-25JUN23BONHOL-BON,1750744836,0.56,0.6,0.6,1603.0,1750744800.0,0.58,0.6,0.6,1353.0,True
KXATPMATCH-25JUN23BORPIN-BOR,1750758054,0.59,0.62,0.62,1630.0,1750752000.0,0.59,0.62,0.62,1630.0,True
KXATPMATCH-25JUN23BUBCOM-BUB,1750774521,0.0,0.05,0.01,97495.0,1750773600.0,0.5,0.73,0.7,57494.0,True
KXATPMATCH-25JUN23DARGIR-DAR,1750754437,0.36,0.41,0.4,6385.0,1750748400.0,0.36,0.4,0.4,6385.0,True
KXATPMATCH-25JUN23EVAKEC-EVA,1750668636,0.39,0.44,0.4,108.0,1750665600.0,0.38,0.4,0.41,103.0,True
KXATPMATCH-25JUN23FEACOB-COB,1750780528,0.43,0.46,0.46,12622.0,1750777200.0,0.44,0.46,0.46,11828.0,True
KXATPMATCH-25JUN23MARSON-MAR,1750674337,0.25,0.43,0.43,271.0,1750672800.0,0.25,0.43,0.43,271.0,True
KXATPMATCH-25JUN23MPENOR-MPE,1750774553,0.0,0.03,0.03,188146.0,1750773600.0,0.0,0.03,0.03,188146.0,True
KXATPMATCH-25JUN23TOMHIJ-HIJ,1750744836,0.62,0.66,0.62,482.0,1750744800.0,0.65,0.68,0.67,403.0,True
KXATPMATCH-25JUN23TSEDAV-DAV,1750681234,0.12,0.94,0.82,806.0,1750680000.0,0.57,0.82,0.82,806.0,True
KXATPMATCH-25JUN23UGOQUI-QUI,1750674639,0.54,0.72,0.67,579.0,1750665600.0,0.54,0.72,0.67,579.0,True
KXATPMATCH-25JUN24BROCOM-BRO,1750758053,,,,0.0,,,,,0.0,False
KXATPMATCH-25JUN24DIADJE-DIA,1750761939,0.63,0.69,0.67,227.0,1750752000.0,0.63,0.69,0.67,227.0,True
KXATPMATCH-25JUN24HARNOR-HAR,1750765542,0.17,0.32,,0.0,1750752000.0,0.17,0.32,,0.0,True
KXATPMATCH-25JUN24LOFOPE-LOF,1750749636,0.25,0.4,0.39,16878.0,1750748400.0,0.39,0.4,0.4,16828.0,True
KXATPMATCH-25JUN24MOUALT-ALT,1750836630,0.34,0.37,0.37,2746.0,1750834800.0,0.33,0.36,0.36,1699.0,True
KXATPMATCH-25JUN24QUIGRI-GRI,1750758054,0.44,0.66,0.61,314.0,1750752000.0,0.44,0.66,0.61,314.0,True
KXATPMATCH-25JUN24RINAUG-AUG,1750767032,0.69,0.77,0.76,182.0,1750766400.0,0.69,0.76,0.76,182.0,True
KXATPMATCH-25JUN24SAFMED-MED,1750754749,0.56,0.75,0.61,7726.0,1750752000.0,0.56,0.61,0.61,7526.0,True
KXATPMATCH-25JUN24VUKDUC-DUC,1750747844,0.36,0.38,0.38,2646.0,1750744800.0,0.37,0.38,0.39,2634.0,True
KXATPMATCH-25JUN25BORBRO-BOR,1750831231,0.54,0.56,0.58,1496.0,1750831200.0,0.52,0.56,0.56,239.0,True
KXATPMATCH-25JUN25DUCDAV-DAV,1750845651,0.64,0.69,0.65,1097.0,1750842000.0,0.64,0.66,0.65,1097.0,True
KXATPMATCH-25JUN25EVAPAU-EVA,1750852854,0.26,0.6,0.28,4608.0,1750852800.0,0.26,0.28,0.28,4608.0,True
KXATPMATCH-25JUN25FRIFON-FON,1750917633,0.2,0.34,0.19,48836.0,1750917600.0,0.34,0.38,0.38,47266.0,True
KXATPMATCH-25JUN25GIRFEA-FEA,1750848331,0.6,0.82,0.64,647.0,1750838400.0,0.6,0.82,0.64,647.0,True
KXATPMATCH-25JUN25HARBEL-BEL,1750836945,0.53,0.63,0.63,1.0,1750834800.0,0.53,0.63,,0.0,True
KXATPMATCH-25JUN25MENOPE-MEN,1750836945,0.62,0.64,0.6,878.0,1750834800.0,0.6,0.62,0.62,576.0,True
KXATPMATCH-25JUN25MICHOL-HOL,1750838460,0.26,0.3,0.28,460.0,1750838400.0,0.27,0.3,0.3,428.0,True
KXATPMATCH-25JUN25SHETIE-SHE,1750843841,0.72,0.88,0.74,3293.0,1750842000.0,0.75,0.79,0.74,3293.0,True
KXATPMATCH-25JUN25SONHUM-HUM,1750831230,0.6,0.66,0.66,524.0,1750831200.0,0.61,0.64,0.64,313.0,True
KXATPMATCH-25JUN25TOMBAU-BAU,1750850432,0.17,0.83,0.79,1408.0,1750842000.0,0.17,0.83,0.79,1408.0,True
KXATPMATCH-25JUN26BROEVA-BRO,1750928452,0.5,0.51,0.51,540.0,1750928400.0,0.5,0.51,0.51,540.0,True
KXATPMATCH-25JUN26DIAGRI-DIA,1750917633,0.5,0.53,0.53,3979.0,1750917600.0,0.51,0.54,0.54,187.0,True
KXATPMATCH-25JUN26FRIGIR-FRI,1750941329,,,,0.0,,,,,0.0,True
KXATPMATCH-25JUN26HARHUM-HAR,1750917632,0.21,0.23,0.21,1455.0,1750917600.0,0.2,0.25,0.25,45.0,True
KXATPMATCH-25JUN26MEDAUG-AUG,1750923961,0.66,0.69,0.68,1382.0,1750921200.0,0.65,0.68,0.68,801.0,True
KXATPMATCH-25JUN26MENDAV-DAV,1750931722,0.38,0.4,0.38,325.0,1750924800.0,0.38,0.4,0.38,325.0,True
KXATPMATCH-25JUN26MICBAU-BAU,1750939252,0.48,0.5,0.51,353.0,1750924800.0,0.48,0.5,0.51,353.0,True
KXATPMATCH-25JUN26TIEMOU-MOU,1750931722,0.47,0.5,0.5,589.0,1750924800.0,0.47,0.5,0.5,589.0,True
KXATPMATCH-25JUN27FRIDAV-DAV,1751030127,0.27,0.29,0.29,628.0,1751029200.0,0.2,0.3,0.28,605.0,True
KXATPMATCH-25JUN27GRIAUG-AUG,1751015741,0.55,0.57,0.58,12559.0,1751011200.0,0.55,0.57,0.58,12559.0,True
KXATPMATCH-25JUN27HUMBRO-BRO,1751023234,0.27,0.35,0.35,430.0,1751018400.0,0.31,0.35,0.35,430.0,True
KXATPMATCH-25JUN27MOUMIC-MIC,1751025942,0.62,0.66,0.65,2944.0,1751025600.0,0.64,0.66,0.65,2944.0,True
KXATPMATCH-25JUN28FRIBRO-BRO,1751108722,0.21,0.23,0.23,1826.0,1751097600.0,0.21,0.23,0.23,1826.0,True
KXATPMATCH-25JUN28MOUGRI-GRI,1751101850,0.61,0.65,0.64,5720.0,1751101200.0,0.61,0.64,0.64,5720.0,True
KXATPMATCH-25JUN30ARNVAN-ARN,1751354431,0.16,0.19,0.16,37748.0,1751353200.0,0.14,0.29,0.16,37748.0,True
KXATPMATCH-25JUN30AUGDUC-AUG,1751282121,0.8,0.82,0.82,320.0,1751281200.0,0.8,0.82,0.82,320.0,True
KXATPMATCH-25JUN30BASMUS-BAS,1751356865,0.17,0.3,0.28,1495.0,1751356800.0,0.25,0.28,0.28,1495.0,True
KXATPMATCH-25JUN30BELCRA-BEL,1751267723,0.72,0.74,0.72,3467.0,1751266800.0,0.7,0.72,0.72,3467.0,True
KXATPMATCH-25JUN30BERHAR-BER,1751278848,0.63,0.71,0.66,2756.0,1751270400.0,0.63,0.71,0.66,2756.0,True
KXATPMATCH-25JUN30BERMAJ-BER,1751290526,0.31,0.86,0.88,194.0,1751288400.0,0.76,0.88,0.88,194.0,True
KXATPMATCH-25JUN30BONMED-BON,1751268329,0.08,0.1,0.09,445.0,1751266800.0,0.09,0.1,0.1,379.0,True
KXATPMATCH-25JUN30BROGRI-BRO,1751291119,0.33,0.35,0.32,5146.0,1751288400.0,0.29,0.47,0.32,5146.0,True
KXATPMATCH-25JUN30CARROD-CAR,1751347798,0.0,0.01,0.01,1504.0,1751346000.0,0.0,0.01,0.01,1037.0,True
KXATPMATCH-25JUN30CAZWAL-CAZ,1751358348,0.63,0.66,0.64,1844.0,1751356800.0,0.62,0.64,0.65,1616.0,True
KXATPMATCH-25JUN30CERBOR-BOR,1751275532,0.33,0.43,0.35,182.0,1751270400.0,0.33,0.35,0.35,182.0,True
KXATPMATCH-25JUN30COBZHU-COB,1751368849,0.73,0.75,0.75,539.0,1751353200.0,0.73,0.75,0.75,539.0,True
KXATPMATCH-25JUN30COLCIL-CIL,1751370039,0.88,0.91,0.89,83.0,1751364000.0,0.88,0.91,0.89,83.0,True
KXATPMATCH-25JUN30COMMOU-COM,1751366725,0.33,0.42,0.36,163.0,1751360400.0,0.33,0.37,0.36,163.0,True
KXATPMATCH-25JUN30DARSAF-DAR,1751280331,0.31,0.34,0.33,5.0,1751277600.0,0.31,0.33,0.33,5.0,True
KXATPMATCH-25JUN30DECAR-CAR,1751351724,0.03,0.04,0.04,3853.0,1751349600.0,0.03,0.04,0.04,2439.0,True
KXATPMATCH-25JUN30DEJEUB-DEJ,1751364648,0.52,0.56,0.55,302.0,1751356800.0,0.52,0.56,0.55,302.0,True
KXATPMATCH-25JUN30DIAALT-ALT,1751290525,0.18,0.19,0.22,59.0,1751288400.0,0.17,0.29,0.22,59.0,True
KXATPMATCH-25JUN30DIMNIS-DIM,1751371845,0.78,0.79,0.79,6296.0,1751371200.0,0.78,0.79,0.79,6296.0,True
KXATPMATCH-25JUN30DRABAE-BAE,1751374400,0.01,0.11,0.05,4883.0,1751371200.0,0.01,0.06,0.05,4883.0,True
KXATPMATCH-25JUN30DZUMAC-DZU,1751365838,0.16,0.2,0.17,970.0,1751364000.0,0.16,0.17,0.17,970.0,True
KXATPMATCH-25JUN30ETCPIN-ETC,1751376335,0.64,0.66,0.65,2026.0,1751374800.0,0.62,0.66,0.65,488.0,True
KXATPMATCH-25JUN30EVACLA-CLA,1751363433,0.06,0.21,0.21,34.0,1751356800.0,0.18,0.21,0.21,34.0,True
KXATPMATCH-25JUN30FARSON-FAR,1751349655,0.23,0.26,0.26,588.0,1751349600.0,0.24,0.25,0.25,181.0,True
KXATPMATCH-25JUN30FEAFON-FEA,1751277332,0.36,0.38,0.38,2269.0,1751270400.0,0.36,0.38,0.38,2269.0,True
KXATPMATCH-25JUN30FOGALC-ALC,1751282722,0.93,0.99,0.99,2451.0,1751274000.0,0.93,0.99,0.99,2451.0,True
KXATPMATCH-25JUN30FRIMPE-FRI,1751360477,0.7,0.73,0.7,252425.0,1751360400.0,0.7,0.71,0.7,252425.0,True
KXATPMATCH-25JUN30GARROD-GAR,1751282443,,,,0.0,,,,,0.0,True
KXATPMATCH-25JUN30GASMEN-GAS,1751370331,0.08,0.1,0.1,663.0,1751356800.0,0.08,0.1,0.1,663.0,True
KXATPMATCH-25JUN30GIRUGO-GIR,1751377525,0.92,0.93,0.92,13.0,1751374800.0,0.91,0.93,0.92,13.0,True
KXATPMATCH-25JUN30HALHOL-HAL,1751365836,0.06,0.86,0.87,162.0,1751360400.0,0.83,0.86,0.87,162.0,True
KXATPMATCH-25JUN30HARHUR-HAR,1751292181,0.62,0.8,0.8,13379.0,1751292000.0,0.61,0.82,0.73,13378.0,True
KXATPMATCH-25JUN30HARLAJ-HAR,1751280640,0.57,0.69,0.69,175.0,1751270400.0,0.57,0.69,0.69,175.0,True
KXATPMATCH-25JUN30HIJGOF-GOF,1751371268,0.38,0.81,0.4,1445.0,1751367600.0,0.38,0.41,0.4,1445.0,True
KXATPMATCH-25JUN30HOLDAV-DAV,1751289042,0.78,0.79,0.95,108.0,1751288400.0,0.77,0.8,0.95,108.0,True
KXATPMATCH-25JUN30KOPTHO-KOP,1751269842,0.28,0.32,0.31,410.0,1751266800.0,0.28,0.31,0.31,30.0,True
KXATPMATCH-25JUN30KOVFUC-FUC,1751379041,0.76,0.77,0.77,109.0,1751378400.0,0.74,0.78,0.77,109.0,True
KXATPMATCH-25JUN30LEHDEL-DEL,1751265926,0.02,0.04,0.04,2265.0,1751263200.0,0.02,0.04,0.04,2008.0,True
KXATPMATCH-25JUN30MANOCO-MAN,1751265042,0.68,0.71,0.69,966.0,1751263200.0,0.67,0.69,0.68,212.0,True
KXATPMATCH-25JUN30MARLOF-LOF,1751361333,0.71,0.79,0.71,586.0,1751356800.0,0.71,0.75,0.71,586.0,True
KXATPMATCH-25JUN30MCCMAR-MAR,1751350519,0.66,0.67,0.68,969.0,1751349600.0,0.66,0.67,0.67,897.0,True
KXATPMATCH-25JUN30MCDKHA-KHA,1751282440,0.77,0.81,0.79,140.0,1751281200.0,0.77,0.81,0.79,140.0,True
KXATPMATCH-25JUN30MICKEC-KEC,1751355031,0.32,0.34,0.33,1268.0,1751353200.0,0.31,0.33,0.31,1261.0,True
KXATPMATCH-25JUN30MOCZEP-MOC,1751358047,0.57,0.61,0.58,29633.0,1751356800.0,0.57,0.61,0.58,29633.0,True
KXATPMATCH-25JUN30MOLTIA-MOL,1751263848,0.07,0.08,0.08,5061.0,1751263200.0,0.07,0.08,0.08,150.0,True
KXATPMATCH-25JUN30MONHUM-HUM,1751379336,0.71,0.73,0.73,526.0,1751378400.0,0.67,0.77,0.7,474.0,True
KXATPMATCH-25JUN30MONPAU-MON,1751349421,0.06,0.08,0.08,555.0,1751346000.0,0.06,0.08,0.08,302.0,True
KXATPMATCH-25JUN30MULDJO-DJO,1751384434,0.95,0.97,0.97,2287.0,1751382000.0,0.94,0.97,0.94,2097.0,True
KXATPMATCH-25JUN30MUNBUB-BUB,1751362523,0.75,0.82,0.82,5514.0,1751360400.0,0.81,0.82,0.82,5514.0,True
KXATPMATCH-25JUN30NAKYUN-NAK,1751446866,0.9,0.91,0.89,32018.0,1751443200.0,0.9,0.91,0.89,32018.0,True
KXATPMATCH-25JUN30NAVSHA-NAV,1751358344,0.09,0.16,0.16,4670.0,1751356800.0,0.14,0.16,0.16,4641.0,True
KXATPMATCH-25JUN30NORBAU-BAU,1751273149,0.44,0.51,0.51,5086.0,1751270400.0,0.49,0.51,0.5,4338.0,True
KXATPMATCH-25JUN30OFNMED-MED,1751374325,0.61,0.81,0.63,525.0,1751364000.0,0.61,0.81,0.63,525.0,True
KXATPMATCH-25JUN30POPFER-FER,1751272842,0.2,0.23,0.23,20.0,1751270400.0,0.2,0.23,0.23,20.0,True
KXATPMATCH-25JUN30QUISEA-QUI,1751282724,0.57,0.67,0.67,264.0,1751281200.0,0.65,0.67,0.67,264.0,True
KXATPMATCH-25JUN30RINZVE-RIN,1751370926,0.15,0.18,0.15,114204.0,1751360400.0,0.15,0.18,0.15,114204.0,True
KXATPMATCH-25JUN30ROYTSI-ROY,1751272906,0.21,0.23,0.23,230.0,1751270400.0,0.21,0.23,0.23,230.0,True
KXATPMATCH-25JUN30RUBDJE-DJE,1751286685,0.06,0.81,0.21,53.0,1751284800.0,0.18,0.22,0.21,53.0,True
KXATPMATCH-25JUN30RUNJAR-JAR,1751277666,0.23,0.33,0.26,133.0,1751270400.0,0.23,0.33,0.26,133.0,True
KXATPMATCH-25JUN30SHEBOL-BOL,1751373030,0.22,0.24,0.24,2796.0,1751371200.0,0.22,0.24,0.24,2796.0,True
KXATPMATCH-25JUN30SHEOPE-OPE,1751371534,0.67,0.81,0.72,300.0,1751360400.0,0.67,0.81,0.72,300.0,True
KXATPMATCH-25JUN30SINNAR-NAR,1751356866,0.02,0.29,0.13,2225.0,1751356800.0,0.02,0.15,0.04,2189.0,True
KXATPMATCH-25JUN30STRMIS-MIS,1751283035,0.41,0.53,0.42,69.0,1751270400.0,0.41,0.53,0.42,69.0,True
KXATPMATCH-25JUN30TARRIE-RIE,1751264732,0.53,0.55,0.55,1115.0,1751263200.0,0.52,0.54,,0.0,True
KXATPMATCH-25JUN30TIEBAS-BAS,1751264733,0.31,0.33,0.33,142.0,1751263200.0,0.32,0.33,0.34,140.0,True
KXATPMATCH-25JUN30TSEVUK-TSE,1751354126,0.21,0.24,0.24,1281.0,1751353200.0,0.21,0.24,0.24,1278.0,True
KXATPMATCH-25NOV01AUGBUB-AUG,1761988854,0.48,0.49,0.49,24011.0,1761987600.0,0.47,0.49,0.49,21424.0,True
KXATPMATCH-25NOV01BERTIR-BER,1761981926,0.34,0.35,0.35,871.0,1761980400.0,0.33,0.34,0.34,624.0,True
KXATPMATCH-25NOV01HANKLE-HAN,1761967541,0.69,0.7,0.7,881.0,1761966000.0,0.69,0.7,0.71,448.0,True
KXATPMATCH-25NOV01KOPFAR-FAR,1761996642,0.45,0.46,0.46,6817.0,1761994800.0,0.45,0.46,0.45,255.0,True
KXATPMATCH-25NOV01MISMOL-MIS,1761970844,0.57,0.58,0.58,1758.0,1761969600.0,0.57,0.58,0.58,1081.0,True
KXATPMATCH-25NOV01MOCTSI-MOC,1761974739,0.94,0.95,0.85,5504.0,1761973200.0,0.85,0.94,0.94,4165.0,True
KXATPMATCH-25NOV01STRLAJ-LAJ,1761988526,0.25,0.98,,0.0,1761987600.0,,,,0.0,True
KXATPMATCH-25NOV01TRUMCD-MCD,1761990675,0.75,0.76,0.77,6417.0,1761987600.0,0.75,0.76,0.76,4776.0,True
KXATPMATCH-25NOV01TSESPI-SPI,1761993927,0.81,0.82,0.82,705.0,1761991200.0,0.81,0.82,0.82,449.0,True
KXATPMATCH-25NOV01ZVESIN-SIN,1761995735,0.84,0.85,0.85,3238.0,1761994800.0,0.84,0.85,0.85,3012.0,True
KXATPMATCH-25NOV02ALTRIN-ALT,1762245346,0.36,0.37,0.37,20957.0,1762243200.0,0.37,0.38,0.38,20030.0,True
KXATPMATCH-25NOV02ATMGAS-ATM,1762082051,0.42,0.43,0.43,2429.0,1762081200.0,0.41,0.42,0.42,2077.0,True
KXATPMATCH-25NOV02AUGSIN-AUG,1762078685,0.13,0.14,0.14,75877.0,1762077600.0,0.12,0.13,0.13,66741.0,True
KXATPMATCH-25NOV02BERHAL-BER,1762182349,0.77,0.78,0.78,7983.0,1762182000.0,0.77,0.78,0.78,7589.0,True
KXATPMATCH-25NOV02BLATIE-BLA,1762155951,0.2,0.21,0.21,3426.0,1762153200.0,0.2,0.21,0.21,1354.0,True
KXATPMATCH-25NOV02CAZMAN-CAZ,1762079286,0.63,0.64,0.64,9275.0,1762077600.0,0.63,0.64,0.64,9037.0,True
KXATPMATCH-25NOV02DZUFEA-DZU,1762155052,0.33,0.34,0.34,32439.0,1762153200.0,0.33,0.34,0.34,14586.0,True
KXATPMATCH-25NOV02GIRMAR-GIR,1762251043,0.74,0.75,0.75,41732.0,1762250400.0,0.74,0.75,0.75,40925.0,True
KXATPMATCH-25NOV02KECMAJ-KEC,1762163450,0.44,0.45,0.45,55875.0,1762160400.0,0.48,0.49,0.49,33607.0,True
KXATPMATCH-25NOV02MOUVUK-MOU,1762256435,0.76,0.77,0.77,18326.0,1762254000.0,0.76,0.77,0.78,17448.0,True
KXATPMATCH-25NOV02POPKOR-KOR,1762092218,0.62,0.63,0.63,3319.0,1762092000.0,0.62,0.63,0.62,3293.0,True
KXATPMATCH-25NOV02ROYNOR-NOR,1762177546,0.62,0.63,0.63,16608.0,1762174800.0,0.62,0.63,0.63,16122.0,True
KXATPMATCH-25NOV02SAKBOR-BOR,1762085965,0.77,0.78,0.78,2049.0,1762084800.0,0.77,0.78,0.78,1869.0,True
KXATPMATCH-25NOV02TABWAL-TAB,1762088693,0.64,0.65,0.65,1004.0,1762088400.0,0.67,0.68,0.68,879.0,True
KXATPMATCH-25NOV02WAWVAN-VAN,1762173347,0.63,0.64,0.64,21511.0,1762171200.0,0.62,0.63,0.63,21007.0,True
KXATPMATCH-25NOV03CHOSON-CHO,1762162243,0.2,0.21,0.21,1832.0,1762160400.0,0.2,0.21,0.21,1477.0,True
KXATPMATCH-25NOV03MPESAC-MPE,1762168864,0.78,0.79,0.79,4800.0,1762167600.0,0.78,0.79,0.79,4229.0,True
KXATPMATCH-25NOV03MULSTR-MUL,1762182065,0.42,0.43,0.43,1205.0,1762182000.0,0.42,0.43,0.43,1163.0,True
KXATPMATCH-25NOV03OPEKOP-KOP,1762180556,0.28,0.29,0.29,3087.0,1762178400.0,0.3,0.31,0.26,2453.0,True
KXATPMATCH-25NOV03SPIDJE-DJE,1762161355,0.35,0.36,0.36,582.0,1762160400.0,0.35,0.36,0.36,582.0,True
KXATPMATCH-25NOV03TABKOV-KOV,1762160747,0.64,0.65,0.65,13197.0,1762160400.0,0.64,0.65,0.65,13012.0,True
KXATPMATCH-25NOV04CAZNOR-CAZ,1762276574,0.45,0.46,0.46,15038.0,1762275600.0,0.44,0.45,0.45,4248.0,True
KXATPMATCH-25NOV04COBSON-COB,1762265185,0.56,0.57,0.56,7954.0,1762264800.0,0.55,0.56,0.56,7835.0,True
KXATPMATCH-25NOV04DJOTAB-DJO,1762262447,0.81,0.82,0.82,20383.0,1762261200.0,0.81,0.82,0.82,19585.0,True
KXATPMATCH-25NOV04HANIVA-HAN,1762244724,0.9,0.91,0.92,7078.0,1762243200.0,0.91,0.92,0.92,2923.0,True
KXATPMATCH-25NOV04JACVAN-JAC,1762241738,0.41,0.42,0.42,12356.0,1762239600.0,0.42,0.43,0.43,6379.0,True
KXATPMATCH-25NOV04KECDAR-DAR,1762330241,0.34,0.35,0.35,7130.0,1762329600.0,0.35,0.36,0.36,3520.0,True
KXATPMATCH-25NOV04KORDZU-DZU,1762254956,0.23,0.24,0.24,6828.0,1762254000.0,0.25,0.26,0.26,5140.0,True
KXATPMATCH-25NOV04MCDETC-ETC,1762247139,0.54,0.55,0.55,32639.0,1762246800.0,0.55,0.56,0.56,17822.0,True
KXATPMATCH-25NOV04PASBLO-BLO,1762249566,0.65,0.66,0.66,6392.0,1762246800.0,0.65,0.66,0.66,4458.0,True
KXATPMATCH-25NOV04SPIBOR-BOR,1762271456,0.57,0.58,0.58,17901.0,1762268400.0,0.57,0.58,0.58,16184.0,True
KXATPMATCH-25NOV04TIEECH-ECH,1762332639,0.08,0.09,0.09,7042.0,1762329600.0,0.09,0.1,0.1,4749.0,True
KXATPMATCH-25NOV05ADDJAC-ADD,1762322731,0.35,0.36,0.36,2808.0,1762322400.0,0.34,0.36,0.36,1472.0,True
KXATPMATCH-25NOV05GASALT-ALT,1762340712,0.49,0.5,0.5,7938.0,1762340400.0,0.49,0.5,0.5,6669.0,True
KXATPMATCH-25NOV05HANKOP-HAN,1762340478,0.7,0.71,0.71,2270.0,1762340400.0,0.7,0.71,0.71,2001.0,True
KXATPMATCH-25NOV05MULETC-ETC,1762342824,0.57,0.58,0.57,9216.0,1762340400.0,0.54,0.55,0.55,5828.0,True
KXATPMATCH-25NOV05NAKGIR-GIR,1762359083,0.41,0.42,0.43,2307.0,1762358400.0,0.41,0.42,0.42,1771.0,True
KXATPMATCH-25NOV05SACBUB-BUB,1762349126,0.86,0.87,0.87,3239.0,1762347600.0,0.86,0.87,0.87,3121.0,True
KXATPMATCH-25NOV05TABBLO-BLO,1762334137,0.69,0.7,0.7,10715.0,1762333200.0,0.68,0.69,0.69,8482.0,True
KXATPMATCH-25NOV05VUKBER-BER,1762355158,0.74,0.75,0.75,4045.0,1762354800.0,0.73,0.74,0.74,811.0,True
KXATPMATCH-25NOV05WAWMUS-MUS,1762352163,0.82,0.83,0.83,7591.0,1762351200.0,0.81,0.82,0.82,3791.0,True
KXATPMATCH-25NOV06BERTIE-BER,1762437696,0.51,0.52,0.52,17386.0,1762437600.0,0.47,0.49,0.49,14631.0,True
KXATPMATCH-25NOV06DJOBOR-BOR,1762430113,0.15,0.16,0.16,11066.0,1762426800.0,0.15,0.17,0.16,10790.0,True
KXATPMATCH-25NOV06GIRHAN-GIR,1762437031,0.59,0.6,0.6,12117.0,1762434000.0,0.59,0.6,0.6,1536.0,True
KXATPMATCH-25NOV06JACNOR-JAC,1762421723,0.23,0.26,0.25,8357.0,1762419600.0,0.25,0.26,0.26,6657.0,True
KXATPMATCH-25NOV06KORKEC-KEC,1762409423,0.32,0.33,0.33,12255.0,1762408800.0,0.32,0.33,0.32,3291.0,True
KXATPMATCH-25NOV06MULMUS-MUL,1762418125,0.23,0.24,0.23,40026.0,1762416000.0,0.25,0.26,0.26,3292.0,True
KXATPMATCH-25NOV06SONALT-ALT,1762430432,0.35,0.38,0.38,6851.0,1762430400.0,0.35,0.38,0.36,3869.0,True
KXATPMATCH-25NOV06TABSAC-SAC,1762446064,0.48,0.49,0.49,3106.0,1762444800.0,0.47,0.49,0.49,2947.0,True
KXATPMATCH-25NOV07DJOHAN-DJO,1762511455,0.85,0.86,0.86,26152.0,1762509600.0,0.85,0.86,0.86,22072.0,True
KXATPMATCH-25NOV07KORMUS-KOR,1762522243,0.46,0.47,0.47,29828.0,1762520400.0,0.46,0.47,0.46,20693.0,True
KXATPMATCH-25NOV07NORSON-NOR,1762512058,0.51,0.52,0.52,62392.0,1762509600.0,0.52,0.53,0.53,47613.0,True
KXATPMATCH-25NOV07SACTIE-SAC,1762517428,0.19,0.2,0.2,23505.0,1762516800.0,0.19,0.2,0.2,14551.0,True
KXATPMATCH-25NOV08DJOMUS-DJO,1762604083,0.7,0.72,0.72,73852.0,1762603200.0,0.7,0.72,0.72,70373.0,True
KXATPMATCH-25NOV08NORTIE-NOR,1762602588,0.39,0.4,0.4,14702.0,1762599600.0,0.39,0.4,0.4,13518.0,True
KXATPMATCH-25NOV09ALCDE-ALC,1762678484,0.83,0.85,0.84,315976.0,1762675200.0,0.79,0.8,0.8,89858.0,True
KXATPMATCH-25NOV09ZVESHE-SHE,1762701588,0.38,0.39,0.39,14779.0,1762700400.0,0.39,0.4,0.4,5622.0,True
KXATPMATCH-25NOV10MUSFRI-FRI,1762765480,0.69,0.7,0.7,196609.0,1762765200.0,0.69,0.7,0.7,156016.0,True
KXATPMATCH-25NOV10SINAUG-AUG,1762788282,0.09,0.1,0.1,187594.0,1762786800.0,0.09,0.1,0.1,152267.0,True
KXATPMATCH-25NOV11ALCFRI-ALC,1762855181,0.82,0.83,0.83,569899.0,1762851600.0,0.82,0.83,0.83,510628.0,True
KXATPMATCH-25NOV11MUSDE-DE,1762878590,0.71,0.72,0.72,120574.0,1762876800.0,0.71,0.72,0.71,111215.0,True
KXATPMATCH-25NOV12SHEAUG-AUG,1762940381,0.43,0.44,0.44,271888.0,1762938000.0,0.43,0.45,0.45,226977.0,True
KXATPMATCH-25NOV12SINZVE-SIN,1762960789,0.88,0.89,0.89,87311.0,1762959600.0,0.88,0.89,0.89,77909.0,True
KXATPMATCH-25NOV13ALCMUS-ALC,1763046294,0.87,0.88,0.88,357558.0,1763046000.0,0.86,0.87,0.87,188820.0,True
KXATPMATCH-25NOV13FRIDE-DE,1763023781,0.28,0.29,0.29,175290.0,1763020800.0,0.28,0.29,0.29,121977.0,True
KXATPMATCH-25NOV14SINSHE-SHE,1763111091,0.09,0.1,0.1,202344.0,1763110800.0,0.08,0.09,0.09,118137.0,True
KXATPMATCH-25NOV14ZVEAUG-AUG,1763135684,0.38,0.39,0.39,112427.0,1763132400.0,0.37,0.38,0.38,85940.0,True
KXATPMATCH-25NOV15ALCAUG-ALC,1763219083,0.8,0.81,0.81,120779.0,1763218800.0,0.78,0.8,0.79,78713.0,True
KXATPMATCH-25NOV15SINDE-DE,1763199279,0.06,0.07,0.07,61027.0,1763197200.0,0.06,0.07,0.07,40940.0,True
KXATPMATCH-25NOV16ALCSIN-ALC,1763299800,0.37,0.38,0.38,104597.0,1763298000.0,0.38,0.39,0.39,90836.0,True
KXATPMATCH-25OCT01CILBAS-BAS,1759289138,0.51,0.53,0.53,1941.0,1759287600.0,0.51,0.52,0.52,619.0,True
KXATPMATCH-25OCT01DJEVAC-DJE,1759292450,0.37,0.38,0.38,73.0,1759291200.0,0.37,0.39,0.39,24.0,True
KXATPMATCH-25OCT01GOFMUL-GOF,1759280132,0.48,0.5,0.5,440.0,1759276800.0,0.49,0.5,0.49,393.0,True
KXATPMATCH-25OCT01KORBER-BER,1759296331,0.32,0.33,0.33,2125.0,1759294800.0,0.32,0.33,0.33,1661.0,True
KXATPMATCH-25OCT01MANBER-BER,1759287679,0.58,0.59,0.59,2116.0,1759287600.0,0.58,0.59,0.59,1409.0,True
KXATPMATCH-25OCT01MARWAW-MAR,1759308648,0.67,0.69,0.69,1401.0,1759305600.0,0.67,0.68,0.68,1205.0,True
KXATPMATCH-25OCT01MUNFUC-FUC,1759282250,0.52,0.53,0.52,3235.0,1759280400.0,0.52,0.53,0.53,1872.0,True
KXATPMATCH-25OCT01NISSHE-NIS,1759290338,0.58,0.6,0.6,898.0,1759287600.0,0.58,0.6,0.6,206.0,True
KXATPMATCH-25OCT01OFNNAR-NAR,1759278672,0.6,0.61,0.61,782.0,1759276800.0,0.6,0.61,0.61,604.0,True
KXATPMATCH-25OCT01SCHALT-ALT,1759284654,0.49,0.5,0.5,336.0,1759284000.0,0.49,0.5,0.5,286.0,True
KXATPMATCH-25OCT01SINTIE-SIN,1759282254,0.92,0.94,0.94,15053.0,1759280400.0,0.93,0.94,0.94,9239.0,True
KXATPMATCH-25OCT01SONHAN-HAN,1759304133,0.39,0.4,0.4,421.0,1759302000.0,0.41,0.42,0.43,43.0,True
KXATPMATCH-25OCT01THOHOL-HOL,1759285848,0.3,0.31,0.31,444.0,1759284000.0,0.31,0.32,0.32,265.0,True
KXATPMATCH-25OCT01WALBEL-BEL,1759277147,0.51,0.52,0.52,1012.0,1759276800.0,0.53,0.54,0.54,478.0,True
KXATPMATCH-25OCT01ZHABAE-BAE,1759300839,0.42,0.44,0.45,1128.0,1759298400.0,0.4,0.42,0.42,177.0,True
KXATPMATCH-25OCT02ARNSAK-ARN,1759391141,0.61,0.62,0.62,10441.0,1759388400.0,0.61,0.63,0.63,10007.0,True
KXATPMATCH-25OCT02BROTRO-BRO,1759364731,0.76,0.77,0.77,8366.0,1759363200.0,0.75,0.76,0.76,6296.0,True
KXATPMATCH-25OCT02CAZMAR-CAZ,1759378850,0.79,0.8,0.8,1463.0,1759377600.0,0.78,0.79,0.79,738.0,True
KXATPMATCH-25OCT02COMBLA-BLA,1759363947,0.45,0.46,0.46,319.0,1759363200.0,0.46,0.48,0.48,179.0,True
KXATPMATCH-25OCT02DZUOCO-DZU,1759374121,0.41,0.42,0.42,1517.0,1759374000.0,0.4,0.42,0.42,1056.0,True
KXATPMATCH-25OCT02GIRTAB-GIR,1759382137,0.46,0.47,0.47,3018.0,1759381200.0,0.46,0.47,0.48,1725.0,True
KXATPMATCH-25OCT02KOVSHA-KOV,1759386939,0.32,0.33,0.33,804.0,1759384800.0,0.31,0.33,0.33,750.0,True
KXATPMATCH-25OCT02MAJQUI-MAJ,1759374179,0.43,0.44,0.44,2496.0,1759374000.0,0.43,0.44,0.45,926.0,True
KXATPMATCH-25OCT02MCDHAL-HAL,1759383638,0.38,0.39,0.39,712.0,1759381200.0,0.38,0.39,0.39,567.0,True
KXATPMATCH-25OCT02OPEBON-BON,1759374132,0.46,0.48,0.48,1358.0,1759374000.0,0.47,0.48,0.48,1206.0,True
KXATPMATCH-25OCT02RINMED-MED,1759393879,0.57,0.59,0.58,1019.0,1759392000.0,0.57,0.59,0.59,664.0,True
KXATPMATCH-25OCT02ROYNAV-NAV,1759379133,0.31,0.32,0.32,7262.0,1759377600.0,0.31,0.32,0.32,2587.0,True
KXATPMATCH-25OCT02UGOATM-ATM,1759393814,0.0,0.01,0.01,42222.0,1759392000.0,0.0,0.01,0.01,42222.0,True
KXATPMATCH-25OCT02VANBOR-BOR,1759366542,0.53,0.54,0.54,4052.0,1759363200.0,0.53,0.54,0.54,807.0,True
KXATPMATCH-25OCT02YIBSVR-SVR,1759393848,0.99,1.0,0.99,61865.0,1759392000.0,0.99,1.0,0.99,59144.0,True
KXATPMATCH-25OCT02YUNCER-CER,1759398630,0.36,0.39,0.38,212.0,1759392000.0,0.37,0.38,0.38,212.0,True
KXATPMATCH-25OCT02ZHODEJ-DEJ,1759375850,0.64,0.66,0.66,1439.0,1759374000.0,0.64,0.66,0.66,1272.0,True
KXATPMATCH-25OCT03BAERUN-BAE,1759458049,0.19,0.2,0.2,1975.0,1759456800.0,0.19,0.2,0.2,514.0,True
KXATPMATCH-25OCT03BELMAC-BEL,1759466134,0.37,0.38,0.38,3807.0,1759464000.0,0.37,0.38,0.37,258.0,True
KXATPMATCH-25OCT03BERRUU-BER,1759480959,0.27,0.28,0.28,4046.0,1759478400.0,0.27,0.28,0.28,1421.0,True
KXATPMATCH-25OCT03BONDIA-BON,1759450543,0.34,0.36,0.36,660.0,1759449600.0,0.37,0.38,0.38,411.0,True
KXATPMATCH-25OCT03BUBVAC-BUB,1759475447,0.75,0.76,0.76,7801.0,1759474800.0,0.77,0.78,0.78,4209.0,True
KXATPMATCH-25OCT03CERMAN-CER,1759459853,0.52,0.53,0.53,1927.0,1759456800.0,0.52,0.53,0.55,1247.0,True
KXATPMATCH-25OCT03CILDJO-CIL,1759473650,0.1,0.11,0.12,2628.0,1759471200.0,0.11,0.12,0.12,702.0,True
KXATPMATCH-25OCT03FRIMAR-FRI,1759483245,0.75,0.77,0.77,11650.0,1759482000.0,0.75,0.77,0.77,9421.0,True
KXATPMATCH-25OCT03GRIBRO-BRO,1759473643,0.63,0.64,0.64,2319.0,1759471200.0,0.63,0.64,0.64,1773.0,True
KXATPMATCH-25OCT03HUMTHO-HUM,1759458651,0.59,0.6,0.6,442.0,1759456800.0,0.59,0.6,0.59,394.0,True
KXATPMATCH-25OCT03MUNCOB-COB,1759473051,0.55,0.56,0.57,8996.0,1759471200.0,0.53,0.55,0.55,2110.0,True
KXATPMATCH-25OCT03NARMPE-MPE,1759466748,0.63,0.64,0.64,2117.0,1759464000.0,0.63,0.64,0.64,1429.0,True
KXATPMATCH-25OCT03SHEGOF-GOF,1759450539,0.28,0.29,0.3,874.0,1759449600.0,0.28,0.29,0.29,811.0,True
KXATPMATCH-25OCT03TIAHAN-HAN,1759455633,0.38,0.39,0.39,273.0,1759453200.0,0.38,0.39,0.39,113.0,True
KXATPMATCH-25OCT03TIEKEC-KEC,1759464331,0.48,0.49,0.49,2893.0,1759464000.0,0.49,0.5,0.5,1078.0,True
KXATPMATCH-25OCT04ALTSIN-ALT,1759558838,0.03,0.04,0.04,5575.0,1759557600.0,0.03,0.05,0.05,3242.0,True
KXATPMATCH-25OCT04AUGTAB-AUG,1759536745,0.61,0.62,0.62,6026.0,1759536000.0,0.61,0.62,0.62,4568.0,True
KXATPMATCH-25OCT04BORVUK-BOR,1759562440,,,,0.0,,,,,0.0,True
KXATPMATCH-25OCT04CAZNOR-CAZ,1759555250,0.46,0.48,0.48,2644.0,1759554000.0,0.47,0.48,0.47,618.0,True
KXATPMATCH-25OCT04COMMUS-COM,1759544442,0.27,0.28,0.28,1955.0,1759543200.0,0.25,0.26,0.26,860.0,True
KXATPMATCH-25OCT04DARYUN-DAR,1759551634,0.46,0.47,0.48,1887.0,1759550400.0,0.45,0.46,0.47,469.0,True
KXATPMATCH-25OCT04DAVARN-ARN,1759549835,0.34,0.35,0.35,659.0,1759546800.0,0.34,0.35,0.34,579.0,True
KXATPMATCH-25OCT04DEJMEN-DEJ,1759546527,0.33,0.34,0.34,921.0,1759543200.0,0.33,0.34,0.34,340.0,True
KXATPMATCH-25OCT04HALLEH-HAL,1759536750,0.18,0.19,0.19,878.0,1759536000.0,0.18,0.19,0.19,588.0,True
KXATPMATCH-25OCT04KHASHA-KHA,1759566327,0.6,0.61,0.61,6661.0,1759564800.0,0.6,0.61,0.61,732.0,True
KXATPMATCH-25OCT04MOUTIE-MOU,1759552847,0.54,0.56,0.56,4311.0,1759550400.0,0.56,0.57,0.55,725.0,True
KXATPMATCH-25OCT04NAKMAJ-MAJ,1759535448,0.35,0.36,0.36,2274.0,1759532400.0,0.33,0.34,0.34,1522.0,True
KXATPMATCH-25OCT04RINMIC-MIC,1759543254,0.52,0.53,0.54,2727.0,1759543200.0,0.52,0.54,0.52,2555.0,True
KXATPMATCH-25OCT04RUBNIS-NIS,1759538125,0.22,0.23,0.23,1613.0,1759536000.0,0.23,0.24,0.24,270.0,True
KXATPMATCH-25OCT04SHAOCO-OCO,1759542047,0.29,0.31,0.31,165.0,1759539600.0,0.31,0.32,0.32,128.0,True
KXATPMATCH-25OCT04SVRMED-MED,1759556737,0.77,0.78,0.78,1377.0,1759554000.0,0.77,0.79,0.79,1297.0,True
KXATPMATCH-25OCT04UGODE-DE,1759536742,0.94,0.95,0.95,155.0,1759536000.0,0.93,0.95,0.95,155.0,True
KXATPMATCH-25OCT04ZVEROY-ROY,1759544141,0.23,0.24,0.24,2777.0,1759543200.0,0.23,0.24,0.23,1583.0,True
KXATPMATCH-25OCT05CERBER-BER,1759632038,0.4,0.41,0.41,848.0,1759629600.0,0.4,0.41,0.41,33.0,True
KXATPMATCH-25OCT05FRIMPE-FRI,1759629939,0.76,0.78,0.78,1718.0,1759629600.0,0.77,0.78,0.78,1198.0,True
KXATPMATCH-25OCT05GOFDIA-DIA,1759661308,0.99,1.0,0.99,47913.0,1759658400.0,0.99,1.0,0.99,47153.0,True
KXATPMATCH-25OCT05GRISIN-GRI,1759661686,0.04,0.05,0.05,16326.0,1759658400.0,0.04,0.05,0.05,12574.0,True
KXATPMATCH-25OCT05HANDJO-DJO,1759649137,0.88,0.89,0.89,4386.0,1759647600.0,0.89,0.9,0.9,3477.0,True
KXATPMATCH-25OCT05HUMRUN-HUM,1759623654,0.36,0.37,0.37,221.0,1759622400.0,0.36,0.37,0.37,170.0,True
KXATPMATCH-25OCT05NISMUN-MUN,1759641342,0.64,0.65,0.65,1664.0,1759640400.0,0.63,0.65,0.65,1383.0,True
KXATPMATCH-25OCT05VACMAC-MAC,1759661220,0.71,0.72,0.72,5837.0,1759658400.0,0.7,0.71,0.71,2653.0,True
KXATPMATCH-25OCT06AUGDEJ-AUG,1759710331,0.79,0.81,0.81,3571.0,1759708800.0,0.78,0.8,0.79,867.0,True
KXATPMATCH-25OCT06DARMUS-DAR,1759726531,0.2,0.21,0.21,1216.0,1759723200.0,0.2,0.21,0.21,845.0,True
KXATPMATCH-25OCT06DAVMED-DAV,1759742133,0.36,0.37,0.37,820.0,1759741200.0,0.36,0.37,0.37,761.0,True
KXATPMATCH-25OCT06MAJDE-DE,1759709447,0.85,0.86,0.86,434.0,1759708800.0,0.85,0.86,0.86,191.0,True
KXATPMATCH-25OCT06SHABOR-BOR,1759719678,0.43,0.44,0.44,5590.0,1759719600.0,0.44,0.45,0.44,4358.0,True
KXATPMATCH-25OCT06SHALEH-LEH,1759717535,0.63,0.64,0.64,9977.0,1759716000.0,0.63,0.64,0.64,9610.0,True
KXATPMATCH-25OCT06TIENOR-NOR,1759734647,0.46,0.47,0.47,64152.0,1759734000.0,0.47,0.48,0.47,63128.0,True
KXATPMATCH-25OCT06ZVERIN-RIN,1759734065,0.27,0.28,0.28,5640.0,1759734000.0,0.26,0.27,0.27,3705.0,True
KXATPMATCH-25OCT07BERDJO-BER,1759992326,0.22,0.23,0.23,30131.0,1759989600.0,0.22,0.23,0.23,25775.0,True
KXATPMATCH-25OCT07DIABER-BER,1759800635,0.37,0.38,0.38,1629.0,1759798800.0,0.36,0.38,0.38,1629.0,True
KXATPMATCH-25OCT07MPERUN-MPE,1759811144,0.35,0.36,0.36,5297.0,1759809600.0,0.36,0.37,0.37,4258.0,True
KXATPMATCH-25OCT07MUNDJO-DJO,1759824338,0.8,0.81,0.81,28485.0,1759824000.0,0.79,0.8,0.8,15505.0,True
KXATPMATCH-25OCT07VACGRI-GRI,1759834248,0.59,0.6,0.6,8745.0,1759831200.0,0.6,0.61,0.61,6473.0,True
KXATPMATCH-25OCT08AUGMUS-AUG,1759904144,0.5,0.51,0.51,23022.0,1759903200.0,0.48,0.49,0.49,3500.0,True
KXATPMATCH-25OCT08BORDE-BOR,1759890642,0.14,0.15,0.15,3443.0,1759888800.0,0.14,0.15,0.15,2108.0,True
KXATPMATCH-25OCT08RINLEH-LEH,1759882539,0.73,0.74,0.74,250.0,1759881600.0,0.72,0.73,0.73,5.0,True
KXATPMATCH-25OCT08TIEMED-MED,1759915858,0.69,0.7,0.71,29619.0,1759914000.0,0.69,0.7,0.7,15244.0,True
KXATPMATCH-25OCT09RUNVAC-RUN,1759983330,0.75,0.77,0.77,2169.0,1759982400.0,0.75,0.76,0.76,410.0,True
KXATPMATCH-25OCT10MEDDE-DE,1760078151,0.64,0.65,0.65,21336.0,1760076000.0,0.63,0.64,0.64,5504.0,True
KXATPMATCH-25OCT10RINAUG-AUG,1760064650,0.73,0.74,0.74,1166.0,1760061600.0,0.73,0.74,0.74,980.0,True
KXATPMATCH-25OCT11DJOVAC-DJO,1760157062,0.85,0.86,0.86,5942.0,1760155200.0,0.85,0.86,0.86,2867.0,True
KXATPMATCH-25OCT11MEDRIN-MED,1760168729,0.7,0.71,0.71,17503.0,1760166000.0,0.69,0.7,0.7,3531.0,True
KXATPMATCH-25OCT12RINVAC-RIN,1760245550,0.58,0.59,0.59,17464.0,1760245200.0,0.57,0.59,0.59,8658.0,True
KXATPMATCH-25OCT13BLADUC-BLA,1760329847,0.49,0.5,0.51,4294.0,1760328000.0,0.49,0.5,0.5,1728.0,True
KXATPMATCH-25OCT13BOROFN-BOR,1760364073,0.2,0.21,0.21,4388.0,1760364000.0,0.21,0.22,0.22,1385.0,True
KXATPMATCH-25OCT13DIAOMA-DIA,1760324132,0.94,0.96,0.96,10406.0,1760320800.0,0.93,0.94,0.94,2196.0,True
KXATPMATCH-25OCT13GIRBEL-BEL,1760346345,0.42,0.43,0.43,340.0,1760346000.0,0.42,0.43,0.44,324.0,True
KXATPMATCH-25OCT13GRIFEA-FEA,1760348744,0.34,0.35,0.35,1790.0,1760346000.0,0.33,0.35,0.35,845.0,True
KXATPMATCH-25OCT13KECMUL-KEC,1760337350,0.62,0.63,0.63,3725.0,1760335200.0,0.63,0.64,0.63,3438.0,True
KXATPMATCH-25OCT13MARNAR-MAR,1760319336,0.7,0.71,0.71,1766.0,1760317200.0,0.7,0.71,0.71,1536.0,True
KXATPMATCH-25OCT13OPEBON-BON,1760351447,0.52,0.53,0.53,1389.0,1760349600.0,0.51,0.52,0.52,689.0,True
KXATPMATCH-25OCT13POPKOR-KOR,1760358348,0.64,0.66,0.66,187.0,1760356800.0,0.66,0.76,0.67,139.0,True
KXATPMATCH-25OCT13TOMMOU-MOU,1760350262,0.76,0.78,0.78,739.0,1760349600.0,0.76,0.77,0.77,387.0,True
KXATPMATCH-25OCT14ALTARN-ALT,1760421060,0.67,0.68,0.68,3016.0,1760418000.0,0.67,0.68,0.68,388.0,True
KXATPMATCH-25OCT14BERCOL-BER,1760444151,0.55,0.56,0.56,5766.0,1760443200.0,0.54,0.55,0.55,2035.0,True
KXATPMATCH-25OCT14BERZEP-BER,1760448966,0.6,0.61,0.61,380.0,1760446800.0,0.6,0.61,0.61,59.0,True
KXATPMATCH-25OCT14BUDCIL-BUD,1760436065,0.51,0.52,0.52,13071.0,1760436000.0,0.51,0.52,0.52,12278.0,True
KXATPMATCH-25OCT14COMGOF-COM,1760435139,0.4,0.41,0.41,535.0,1760432400.0,0.4,0.42,0.4,511.0,True
KXATPMATCH-25OCT14DJESHE-DJE,1760436947,0.41,0.42,0.42,136.0,1760436000.0,0.41,0.42,0.43,66.0,True
KXATPMATCH-25OCT14FONVAN-FON,1760452841,0.64,0.65,0.65,2933.0,1760450400.0,0.64,0.66,0.66,9.0,True
KXATPMATCH-25OCT14HIJSKA-HIJ,1760417450,,,,0.0,,,,,0.0,False
KXATPMATCH-25OCT14LAJETC-ETC,1760429146,0.42,0.43,0.43,784.0,1760428800.0,0.42,0.44,0.44,302.0,True
KXATPMATCH-25OCT14MAJMIS-MAJ,1760428870,0.69,0.7,0.7,733.0,1760428800.0,0.69,0.7,0.71,727.0,True
KXATPMATCH-25OCT14NAKMED-MED,1760423447,0.46,0.47,0.47,3223.0,1760421600.0,0.46,0.47,0.46,2342.0,True
KXATPMATCH-25OCT14ROYBAE-BAE,1760427052,0.31,0.32,0.32,2819.0,1760425200.0,0.3,0.31,0.31,152.0,True
KXATPMATCH-25OCT14RUUMPE-MPE,1760430048,0.63,0.65,0.65,1700.0,1760428800.0,0.63,0.65,0.65,1644.0,True
KXATPMATCH-25OCT14SCHWAL-SCH,1760409337,0.48,0.49,0.49,116.0,1760407200.0,0.48,0.49,0.5,9.0,True
KXATPMATCH-25OCT14SPIMAR-MAR,1760416549,0.28,0.29,0.29,553.0,1760414400.0,0.27,0.31,0.31,403.0,True
KXATPMATCH-25OCT14VUKTOP-TOP,1760408457,0.34,0.35,0.35,19.0,1760407200.0,0.33,0.35,0.39,13.0,True
KXATPMATCH-25OCT14YMEYME2-YME,1760443259,0.42,0.43,0.43,422.0,1760443200.0,0.42,0.43,,0.0,True
KXATPMATCH-25OCT15BONROY-BON,1760522462,0.52,0.53,0.53,12870.0,1760522400.0,0.52,0.53,0.53,10110.0,True
KXATPMATCH-25OCT15BORSHA-BOR,1760541656,0.09,0.1,0.1,29062.0,1760540400.0,0.09,0.1,0.1,15386.0,True
KXATPMATCH-25OCT15CAZMOC-CAZ,1760492749,0.72,0.74,0.73,3295.0,1760490000.0,0.73,0.74,0.73,2758.0,True
KXATPMATCH-25OCT15CILRUU-CIL,1760532654,0.38,0.4,0.4,647.0,1760529600.0,0.39,0.4,0.41,612.0,True
KXATPMATCH-25OCT15CINDZU-CIN,1760514044,0.37,0.38,0.38,4600.0,1760511600.0,0.38,0.39,0.39,40.0,True
KXATPMATCH-25OCT15COLCOM-COL,1760532947,0.63,0.64,0.64,1521.0,1760529600.0,0.63,0.64,0.64,1507.0,True
KXATPMATCH-25OCT15DEJFUC-DEJ,1760518246,0.39,0.41,0.41,548.0,1760515200.0,0.39,0.4,0.4,45.0,True
KXATPMATCH-25OCT15DIADUC-DIA,1760502340,0.8,0.81,0.8,3173.0,1760500800.0,0.79,0.8,0.8,1700.0,True
KXATPMATCH-25OCT15FERSON-FER,1760514651,0.42,0.43,0.43,46.0,1760511600.0,0.41,0.43,0.43,46.0,True
KXATPMATCH-25OCT15GIRDAV-DAV,1760541942,0.59,0.61,0.61,1896.0,1760540400.0,0.59,0.61,0.61,1795.0,True
KXATPMATCH-25OCT15HALBAS-BAS,1760502942,0.52,0.53,0.54,2052.0,1760500800.0,0.52,0.53,0.53,481.0,True
KXATPMATCH-25OCT15HANARN-ARN,1760516441,0.45,0.47,0.47,1257.0,1760515200.0,0.46,0.47,0.46,646.0,True
KXATPMATCH-25OCT15HIJCOB-COB,1760508070,0.66,0.67,0.67,7883.0,1760508000.0,0.68,0.69,0.69,2073.0,True
KXATPMATCH-25OCT15KORMAJ-KOR,1760524844,0.62,0.63,0.63,1288.0,1760522400.0,0.62,0.63,0.63,1250.0,True
KXATPMATCH-25OCT15KOVUGO-KOV,1760531572,0.35,0.36,0.35,24155.0,1760529600.0,0.69,0.71,0.71,5393.0,True
KXATPMATCH-25OCT15LEHARN-ARN,1760521847,0.14,0.16,0.16,6524.0,1760518800.0,0.14,0.15,0.15,2508.0,True
KXATPMATCH-25OCT15NAKMAR-MAR,1760520656,0.39,0.4,0.4,366.0,1760518800.0,0.39,0.4,0.4,279.0,True
KXATPMATCH-25OCT15SHEMOU-MOU,1760509854,0.64,0.65,0.65,3765.0,1760508000.0,0.62,0.63,0.63,71.0,True
KXATPMATCH-25OCT15STRMCD-MCD,1760492452,0.39,0.41,0.41,145.0,1760490000.0,0.39,0.41,0.41,126.0,True
KXATPMATCH-25OCT15ZHUMIC-MIC,1760497849,0.65,0.66,0.66,1396.0,1760497200.0,0.65,0.66,0.66,36.0,True
KXATPMATCH-25OCT16BASMPE-BAS,1760606402,0.36,0.4,0.39,7199.0,1760601600.0,0.36,0.38,0.39,7199.0,True
KXATPMATCH-25OCT16DARMOC-DAR,1760583758,0.58,0.59,0.59,1176.0,1760583600.0,0.59,0.6,0.61,19.0,True
KXATPMATCH-25OCT16DZUAUG-AUG,1760611261,0.84,0.85,0.85,1969.0,1760608800.0,0.6,0.85,0.85,1269.0,True
KXATPMATCH-25OCT16ETCKEC-ETC,1760604947,0.4,0.42,0.41,2116.0,1760601600.0,0.4,0.41,0.41,1979.0,True
KXATPMATCH-25OCT16FEAYME-FEA,1760625046,0.8,0.81,0.81,613.0,1760623200.0,0.8,0.81,0.81,580.0,True
KXATPMATCH-25OCT16HUMBER-BER,1760611855,0.5,0.52,0.5,1748.0,1760608800.0,0.4,0.73,0.51,1201.0,True
KXATPMATCH-25OCT16KHASTR-KHA,1760610939,0.66,0.68,0.67,2729.0,1760608800.0,0.66,0.67,0.68,2259.0,True
KXATPMATCH-25OCT16MUSHAN-HAN,1760617846,0.29,0.3,0.3,265.0,1760616000.0,0.3,0.31,0.31,55.0,True
KXATPMATCH-25OCT16RUNFUC-FUC,1760619676,0.33,0.34,0.34,475.0,1760619600.0,0.34,0.35,0.35,377.0,True
KXATPMATCH-25OCT16SONKOV-KOV,1760598645,0.33,0.36,0.36,2398.0,1760598000.0,0.33,0.34,0.34,1614.0,True
KXATPMATCH-25OCT16VANSPI-SPI,1760623835,0.36,0.37,0.37,465.0,1760623200.0,0.36,0.37,0.37,329.0,True
KXATPMATCH-25OCT16VUKMIC-MIC,1760577054,0.59,0.6,0.6,1830.0,1760576400.0,0.6,0.62,0.62,599.0,True
KXATPMATCH-25OCT16WALMED-MED,1760589662,0.85,0.86,0.86,1802.0,1760587200.0,0.84,0.86,0.85,972.0,True
KXATPMATCH-25OCT17COLDAV-COL,1760711443,0.35,0.36,0.36,2440.0,1760709600.0,0.34,0.35,0.35,326.0,True
KXATPMATCH-25OCT17DUCCOB-COB,1760665547,0.68,0.69,0.69,707.0,1760662800.0,0.68,0.69,0.69,705.0,True
KXATPMATCH-25OCT17HUMSON-HUM,1760684139,0.63,0.64,0.64,20982.0,1760680800.0,0.61,0.62,0.63,14679.0,True
KXATPMATCH-25OCT17KORRUU-KOR,1760706933,0.43,0.44,0.44,1381.0,1760706000.0,0.41,0.42,0.43,7.0,True
KXATPMATCH-25OCT17LEHBON-BON,1760702561,0.23,0.24,0.23,17092.0,1760702400.0,0.26,0.27,0.27,5230.0,True
KXATPMATCH-25OCT17MARMED-MAR,1760670654,0.34,0.35,0.35,2339.0,1760670000.0,0.35,0.36,0.36,685.0,True
KXATPMATCH-25OCT17MOCMIC-MIC,1760679329,0.63,0.64,0.63,5162.0,1760677200.0,0.61,0.62,0.62,956.0,True
KXATPMATCH-25OCT17MUSMPE-MPE,1760694942,0.35,0.36,0.34,2259.0,1760691600.0,0.38,0.39,0.39,1173.0,True
KXATPMATCH-25OCT17RUNETC-ETC,1760694648,0.22,0.24,0.24,4769.0,1760691600.0,0.23,0.24,0.24,4131.0,True
KXATPMATCH-25OCT17SPIAUG-AUG,1760703643,0.76,0.77,0.77,7324.0,1760702400.0,0.76,0.77,0.76,3597.0,True
KXATPMATCH-25OCT17STRMOU-MOU,1760695257,0.56,0.58,0.57,178.0,1760695200.0,0.54,0.56,0.55,51.0,True
KXATPMATCH-25OCT17YMESHA-SHA,1760717443,0.77,0.78,0.78,1285.0,1760716800.0,0.77,0.78,0.78,1009.0,True
KXATPMATCH-25OCT18CILWAL-CIL,1760784966,0.66,0.67,0.67,3139.0,1760781600.0,0.63,0.64,0.63,1371.0,True
KXATPMATCH-25OCT18COLAUG-AUG,1760787049,0.7,0.71,0.72,5895.0,1760785200.0,0.69,0.7,0.7,890.0,True
KXATPMATCH-25OCT18COMGOF-COM,1760778938,0.39,0.45,0.45,3174.0,1760778000.0,0.39,0.43,0.43,1979.0,True
KXATPMATCH-25OCT18DUCMED-DUC,1760768745,0.18,0.19,0.19,3626.0,1760767200.0,0.19,0.2,0.2,1933.0,True
KXATPMATCH-25OCT18MANBER-BER,1760767261,0.17,0.18,0.17,2568.0,1760767200.0,0.17,0.18,0.18,2032.0,True
KXATPMATCH-25OCT18MARMAJ-MAJ,1760763943,0.83,0.84,0.84,5042.0,1760763600.0,0.84,0.85,0.85,1657.0,True
KXATPMATCH-25OCT18MOUMIC-MIC,1760781347,0.45,0.47,0.47,1800.0,1760778000.0,0.45,0.47,0.46,191.0,True
KXATPMATCH-25OCT18MPELEH-LEH,1760778934,0.59,0.6,0.6,585.0,1760778000.0,0.58,0.6,0.59,60.0,True
KXATPMATCH-25OCT18OPEBRU-BRU,1760779264,0.32,0.33,0.33,1028.0,1760778000.0,0.32,0.33,0.33,1000.0,True
KXATPMATCH-25OCT18ROYHUE-HUE,1760762443,0.3,0.31,0.3,91.0,1760760000.0,0.3,0.32,0.33,2.0,True
KXATPMATCH-25OCT18RUNHUM-HUM,1760776347,0.5,0.51,0.51,1894.0,1760774400.0,0.51,0.52,0.52,755.0,True
KXATPMATCH-25OCT18SHARUU-RUU,1760787331,0.6,0.61,0.61,4269.0,1760785200.0,0.59,0.6,0.6,3677.0,True
KXATPMATCH-25OCT18SHEHAL-HAL,1760772943,0.53,0.54,0.54,1209.0,1760770800.0,0.54,0.55,0.55,302.0,True
KXATPMATCH-25OCT18VANBEL-BEL,1760786166,0.42,0.43,0.43,257.0,1760785200.0,0.42,0.43,0.42,238.0,True
KXATPMATCH-25OCT19HUMRUU-HUM,1760862063,0.38,0.39,0.39,3424.0,1760860800.0,0.38,0.4,0.38,1084.0,True
KXATPMATCH-25OCT19LEHAUG-AUG,1760872876,0.51,0.53,0.53,6180.0,1760871600.0,0.51,0.53,0.53,3822.0,True
KXATPMATCH-25OCT19MOUMED-MED,1760856646,0.71,0.72,0.72,14291.0,1760853600.0,0.7,0.71,0.71,6738.0,True
KXATPMATCH-25OCT20BERMUN-BER,1760954439,0.3,0.31,0.31,13299.0,1760954400.0,0.28,0.29,0.29,567.0,True
KXATPMATCH-25OCT20BROMUL-BRO,1760944864,0.71,0.72,0.72,6214.0,1760943600.0,0.7,0.72,0.72,3245.0,True
KXATPMATCH-25OCT20DARNAK-DAR,1760944551,0.28,0.3,0.3,2045.0,1760943600.0,0.28,0.3,0.3,682.0,True
KXATPMATCH-25OCT20DEROD-DE,1760958364,0.91,0.93,0.93,3490.0,1760958000.0,0.92,0.93,0.93,1947.0,True
KXATPMATCH-25OCT20KHAGRI-GRI,1760970951,0.37,0.38,0.38,537.0,1760968800.0,0.38,0.39,0.38,144.0,True
KXATPMATCH-25OCT20KOVARN-ARN,1760954760,0.63,0.64,0.64,812.0,1760954400.0,0.63,0.64,0.64,800.0,True
KXATPMATCH-25OCT20MENBER-BER,1760971550,0.15,0.16,0.16,1674.0,1760968800.0,0.14,0.16,0.16,880.0,True
KXATPMATCH-25OCT20SONDAV-DAV,1760953533,0.6,0.61,0.61,6434.0,1760950800.0,0.59,0.6,0.6,2783.0,True
KXATPMATCH-25OCT20TABBUB-BUB,1760950264,0.71,0.72,0.72,12446.0,1760947200.0,0.7,0.72,0.72,6949.0,True
KXATPMATCH-25OCT21BAEOPE-BAE,1761024349,0.29,0.3,0.3,2649.0,1761022800.0,0.3,0.31,0.3,826.0,True
KXATPMATCH-25OCT21CERMIC-CER,1761045046,0.48,0.5,0.5,659.0,1761044400.0,0.46,0.48,0.48,356.0,True
KXATPMATCH-25OCT21COLROY-COL,1761038155,,,,0.0,,,,,0.0,False
KXATPMATCH-25OCT21ETCBUD-BUD,1761039649,0.4,0.41,0.41,1135.0,1761037200.0,0.42,0.43,0.43,347.0,True
KXATPMATCH-25OCT21FEAZVE-FEA,1761058857,0.24,0.26,0.25,463.0,1761058800.0,0.25,0.26,0.26,136.0,True
KXATPMATCH-25OCT21GIRSHA-GIR,1761047744,0.46,0.47,0.47,1753.0,1761044400.0,0.42,0.43,0.43,741.0,True
KXATPMATCH-25OCT21GOFCIL-CIL,1761033897,0.65,0.66,0.66,5300.0,1761033600.0,0.64,0.66,0.66,4973.0,True
KXATPMATCH-25OCT21KECWAW-KEC,1761057930,0.62,0.63,0.63,1256.0,1761055200.0,0.62,0.63,0.63,370.0,True
KXATPMATCH-25OCT21MAJSHE-MAJ,1761051336,0.36,0.37,0.37,950.0,1761048000.0,0.37,0.38,0.38,680.0,True
KXATPMATCH-25OCT21MEDMUS-MED,1761048939,,,,0.0,,,,,0.0,False
KXATPMATCH-25OCT21MPEFON-FON,1761039942,0.44,0.45,0.45,13209.0,1761037200.0,0.45,0.46,0.46,2117.0,True
KXATPMATCH-25OCT21NORRUB-NOR,1761042671,0.35,0.36,0.36,4156.0,1761040800.0,0.35,0.36,0.35,3619.0,True
KXATPMATCH-25OCT21UGOMIS-MIS,1761033894,0.68,0.69,0.69,635.0,1761033600.0,0.68,0.69,0.69,524.0,True
KXATPMATCH-25OCT22AUGDIA-AUG,1761126084,0.69,0.7,0.7,8652.0,1761123600.0,0.69,0.71,0.7,7312.0,True
KXATPMATCH-25OCT22BRODAV-BRO,1761148852,0.43,0.45,0.45,22971.0,1761148800.0,0.43,0.44,0.44,17424.0,True
KXATPMATCH-25OCT22DEMIS-DE,1761141338,0.92,0.93,0.93,93.0,1761138000.0,0.92,0.93,0.93,88.0,True
KXATPMATCH-25OCT22DZUMOU-DZU,1761120942,0.37,0.39,0.39,2531.0,1761120000.0,0.38,0.39,0.39,401.0,True
KXATPMATCH-25OCT22FRIVAC-FRI,1761137436,0.78,0.79,0.79,2303.0,1761134400.0,0.78,0.8,0.8,1479.0,True
KXATPMATCH-25OCT22GRINAK-GRI,1761131154,0.47,0.48,0.48,10641.0,1761130800.0,0.46,0.47,0.48,799.0,True
KXATPMATCH-25OCT22KORHUM-HUM,1761116466,0.46,0.48,0.47,3396.0,1761116400.0,0.46,0.47,0.46,2919.0,True
KXATPMATCH-25OCT22MACCOB-COB,1761116150,0.38,0.39,0.4,1033.0,1761112800.0,0.38,0.39,0.39,190.0,True
KXATPMATCH-25OCT22MEDBOR-BOR,1761127272,0.19,0.21,0.2,1484.0,1761127200.0,0.19,0.21,0.21,885.0,True
KXATPMATCH-25OCT22POPBER-BER,1761117346,0.57,0.58,0.58,1966.0,1761116400.0,0.59,0.6,0.59,1551.0,True
KXATPMATCH-25OCT22RUUHAL-HAL,1761118258,0.19,0.2,0.2,3313.0,1761116400.0,0.2,0.21,0.21,2517.0,True
KXATPMATCH-25OCT22SINALT-ALT,1761132041,0.06,0.07,0.07,20542.0,1761130800.0,0.04,0.05,0.05,2482.0,True
KXATPMATCH-25OCT22VANLEH-LEH,1761111420,0.74,0.76,0.76,7717.0,1761109200.0,0.73,0.75,0.75,2493.0,True
KXATPMATCH-25OCT23ARNZVE-ARN,1761220527,0.25,0.26,0.26,893.0,1761217200.0,0.25,0.5,0.26,419.0,True
KXATPMATCH-25OCT23AUGCIL-AUG,1761206452,0.73,0.77,0.74,6633.0,1761206400.0,0.73,0.74,0.74,3302.0,True
KXATPMATCH-25OCT23BERNOR-BER,1761204940,0.56,0.57,0.57,7353.0,1761202800.0,0.56,0.57,0.57,5412.0,True
KXATPMATCH-25OCT23CERBUB-BUB,1761214853,0.61,0.62,0.62,7030.0,1761213600.0,0.61,0.63,0.63,6915.0,True
KXATPMATCH-25OCT23ETCMUS-ETC,1761235250,0.25,0.26,0.26,1842.0,1761235200.0,0.25,0.26,0.26,516.0,True
KXATPMATCH-25OCT23FRIHUM-FRI,1761226536,0.65,0.66,0.66,2071.0,1761224400.0,0.67,0.69,0.69,1088.0,True
KXATPMATCH-25OCT23MEDMOU-MED,1761214234,0.67,0.69,0.69,9826.0,1761213600.0,0.6,0.69,0.67,8193.0,True
KXATPMATCH-25OCT23MUNSHE-MUN,1761212447,0.26,0.69,0.36,710.0,1761206400.0,0.34,0.36,0.36,710.0,True
KXATPMATCH-25OCT23OPEVAN-OPE,1761220525,0.47,0.48,0.48,5254.0,1761217200.0,0.47,0.5,0.49,4830.0,True
KXATPMATCH-25OCT23ROYSHA-ROY,1761205248,0.42,0.43,0.43,3293.0,1761202800.0,0.41,0.43,0.43,2434.0,True
KXATPMATCH-25OCT23RUUWAW-RUU,1761220533,0.81,0.82,0.82,3364.0,1761217200.0,0.52,0.88,0.82,1369.0,True
KXATPMATCH-25OCT23SINCOB-COB,1761228643,0.05,0.06,0.06,12237.0,1761228000.0,0.05,0.06,0.06,5397.0,True
KXATPMATCH-25OCT24AUGMUN-AUG,1761294045,0.73,0.75,0.75,8544.0,1761292800.0,0.72,0.74,0.74,4858.0,True
KXATPMATCH-25OCT24DEBER-BER,1761290743,0.25,0.26,0.27,3638.0,1761289200.0,0.27,0.28,0.28,2451.0,True
KXATPMATCH-25OCT24FONSHA-FON,1761299703,0.55,0.56,0.56,13780.0,1761296400.0,0.54,0.56,0.56,13222.0,True
KXATPMATCH-25OCT24HUMOPE-HUM,1761305731,0.69,0.7,0.7,11817.0,1761303600.0,0.7,0.71,0.73,11726.0,True
KXATPMATCH-25OCT24MOUMUS-MOU,1761315047,0.36,0.37,0.37,2156.0,1761314400.0,0.36,0.37,0.37,1484.0,True
KXATPMATCH-25OCT24RUUDAV-DAV,1761310659,0.36,0.37,0.37,2092.0,1761307200.0,0.33,0.34,0.34,1364.0,True
KXATPMATCH-25OCT24SINBUB-BUB,1761303652,0.08,0.09,0.09,7634.0,1761303600.0,0.08,0.09,0.09,5959.0,True
KXATPMATCH-25OCT25FONMUN-FON,1761383443,0.56,0.57,0.57,7465.0,1761382800.0,0.56,0.57,0.57,5080.0,True
KXATPMATCH-25OCT25HUMDAV-DAV,1761392175,0.4,0.41,0.41,21430.0,1761390000.0,0.38,0.39,0.39,2891.0,True
KXATPMATCH-25OCT25MUSZVE-MUS,1761388842,0.47,0.48,0.48,6790.0,1761386400.0,0.47,0.48,0.48,6680.0,True
KXATPMATCH-25OCT25SINDE-DE,1761381948,0.1,0.11,0.11,10413.0,1761379200.0,0.1,0.11,0.11,6322.0,True
KXATPMATCH-25OCT27ALTGIR-ALT,1761544257,0.38,0.39,0.39,924.0,1761541200.0,0.38,0.39,0.39,849.0,True
KXATPMATCH-25OCT27CERDZU-CER,1761556242,0.71,0.72,0.72,7213.0,1761555600.0,0.71,0.72,0.72,2861.0,True
KXATPMATCH-25OCT27COBMAC-COB,1761541534,0.53,0.54,0.54,2527.0,1761541200.0,0.53,0.54,0.54,1061.0,True
KXATPMATCH-25OCT27DARCAZ-CAZ,1761546349,0.67,0.69,0.69,2123.0,1761544800.0,0.67,0.69,0.69,920.0,True
KXATPMATCH-25OCT27FEARUB-FEA,1761561067,0.41,0.42,0.42,1768.0,1761559200.0,0.4,0.41,0.42,1653.0,True
KXATPMATCH-25OCT27KHAQUI-KHA,1761578130,0.67,0.68,0.69,10499.0,1761577200.0,0.68,0.69,0.69,1103.0,True
KXATPMATCH-25OCT27KOVKEC-KEC,1761559271,0.61,0.62,0.62,1399.0,1761559200.0,0.61,0.62,0.62,1384.0,True
KXATPMATCH-25OCT27MARRIN-MAR,1761556249,0.45,0.46,0.46,14565.0,1761555600.0,0.43,0.44,0.44,782.0,True
KXATPMATCH-25OCT27MICBER-BER,1761563742,0.52,0.54,0.54,2187.0,1761562800.0,0.52,0.53,0.53,1695.0,True
KXATPMATCH-25OCT27MPEDIM-DIM,1761572748,0.41,0.43,0.43,580.0,1761570000.0,0.42,0.43,0.43,508.0,True
KXATPMATCH-25OCT27MULNAK-MUL,1761568242,0.23,0.24,0.24,1783.0,1761566400.0,0.23,0.24,0.24,786.0,True
KXATPMATCH-25OCT27NORBAE-BAE,1761547991,0.2,0.21,0.21,129.0,1761544800.0,0.21,0.22,0.22,94.0,True
KXATPMATCH-25OCT27POPBUB-BUB,1761561351,0.67,0.68,0.68,3005.0,1761559200.0,0.67,0.68,0.68,2968.0,True
KXATPMATCH-25OCT27SONKOR-KOR,1761565267,0.63,0.64,0.62,970.0,1761562800.0,0.61,0.62,0.62,877.0,True
KXATPMATCH-25OCT27TIEBOR-BOR,1761550257,0.36,0.37,0.37,1538.0,1761548400.0,0.36,0.37,0.37,1016.0,True
KXATPMATCH-25OCT27VUKATM-ATM,1761556240,0.48,0.49,0.49,2192.0,1761555600.0,0.51,0.52,0.53,1986.0,True
KXATPMATCH-25OCT28ALCNOR-ALC,1761662429,0.93,0.94,0.94,7322.0,1761660000.0,0.93,0.94,0.94,3502.0,True
KXATPMATCH-25OCT28ALTRUU-ALT,1761716442,0.28,0.29,0.29,2635.0,1761714000.0,0.28,0.3,0.3,1924.0,True
KXATPMATCH-25OCT28AUGCOM-AUG,1761633093,0.8,0.81,0.81,4814.0,1761631200.0,0.79,0.8,0.8,3457.0,True
KXATPMATCH-25OCT28DAVROY-DAV,1761650442,0.65,0.66,0.66,3069.0,1761649200.0,0.65,0.66,0.66,2798.0,True
KXATPMATCH-25OCT28ETCUGO-ETC,1761631852,0.81,0.82,0.82,485.0,1761631200.0,0.81,0.82,0.82,453.0,True
KXATPMATCH-25OCT28FRIVUK-FRI,1761669053,0.86,0.87,0.88,4445.0,1761667200.0,0.86,0.87,0.87,1965.0,True
KXATPMATCH-25OCT28GRIDIA-DIA,1761629131,0.46,0.47,0.47,3130.0,1761627600.0,0.45,0.46,0.46,2590.0,True
KXATPMATCH-25OCT28MOUOPE-MOU,1761637534,0.65,0.66,0.66,1444.0,1761634800.0,0.67,0.68,0.68,550.0,True
KXATPMATCH-25OCT28MUNMED-MED,1761642939,0.69,0.71,0.71,4470.0,1761642000.0,0.69,0.7,0.7,3291.0,True
KXATPMATCH-25OCT28SHAFON-FON,1761641749,0.59,0.6,0.6,3117.0,1761638400.0,0.58,0.6,0.6,1841.0,True
KXATPMATCH-25OCT28SHECOB-COB,1761657053,0.52,0.53,0.53,7382.0,1761656400.0,0.52,0.53,0.53,6299.0,True
KXATPMATCH-25OCT28TIERUB-RUB,1761663025,0.51,0.52,0.52,9338.0,1761660000.0,0.51,0.52,0.52,7770.0,True
KXATPMATCH-25OCT28VACLEH-LEH,1761628545,0.65,0.66,0.66,1185.0,1761627600.0,0.67,0.68,0.68,860.0,True
KXATPMATCH-25OCT29AUGMUL-AUG,1761728724,0.77,0.78,0.78,4287.0,1761728400.0,0.76,0.77,0.77,3795.0,True
KXATPMATCH-25OCT29BERSIN-BER,1761739276,0.06,0.07,0.07,37792.0,1761739200.0,0.05,0.06,0.06,34466.0,True
KXATPMATCH-25OCT29CERKEC-CER,1761725740,0.67,0.68,0.68,3479.0,1761724800.0,0.67,0.68,0.68,2290.0,True
KXATPMATCH-25OCT29DAVCAZ-CAZ,1761737144,0.35,0.36,0.36,2703.0,1761735600.0,0.35,0.36,0.37,2676.0,True
KXATPMATCH-25OCT29DIADE-DE,1761756025,0.75,0.76,0.76,7737.0,1761753600.0,0.75,0.76,0.76,3209.0,True
KXATPMATCH-25OCT29KHAFON-FON,1761755457,0.42,0.43,0.43,13326.0,1761753600.0,0.42,0.43,0.43,7990.0,True
KXATPMATCH-25OCT29MOUBUB-BUB,1761747643,0.6,0.62,0.62,4930.0,1761746400.0,0.59,0.6,0.6,4426.0,True
KXATPMATCH-25OCT29MUSSON-MUS,1761745250,0.73,0.75,0.75,2612.0,1761742800.0,0.73,0.74,0.74,2194.0,True
KXATPMATCH-25OCT29RINVAC-RIN,1761722124,0.42,0.43,0.43,5600.0,1761721200.0,0.42,0.43,0.43,5102.0,True
KXATPMATCH-25OCT29UGOZVE-UGO,1761732794,0.05,0.07,0.07,20082.0,1761732000.0,0.06,0.07,0.07,18299.0,True
KXATPMATCH-25OCT30AUGALT-ALT,1761812743,0.34,0.37,0.35,5757.0,1761811200.0,0.34,0.35,0.35,5728.0,True
KXATPMATCH-25OCT30CERSIN-CER,1761831659,0.06,0.07,0.07,21445.0,1761829200.0,0.06,0.07,0.07,16010.0,True
KXATPMATCH-25OCT30DAVZVE-DAV,1761838537,0.36,0.37,0.37,3596.0,1761836400.0,0.33,0.34,0.33,2401.0,True
KXATPMATCH-25OCT30FRIBUB-BUB,1761820880,0.43,0.44,0.43,3783.0,1761818400.0,0.42,0.44,0.43,2577.0,True
KXATPMATCH-25OCT30KHADE-DE,1761821451,0.6,0.61,0.61,1936.0,1761818400.0,0.6,0.62,0.61,1572.0,True
KXATPMATCH-25OCT30NORVAC-NOR,1761803738,0.46,0.47,0.46,31129.0,1761800400.0,0.45,0.46,0.46,6413.0,True
KXATPMATCH-25OCT30SHERUB-RUB,1761815735,0.43,0.45,0.44,3066.0,1761814800.0,0.43,0.44,0.44,3066.0,True
KXATPMATCH-25OCT30SONMED-MED,1761832546,0.78,0.79,0.79,2640.0,1761829200.0,0.78,0.79,0.78,1732.0,True
KXATPMATCH-25OCT31BUBDE-BUB,1761909345,0.45,0.46,0.46,22193.0,1761908400.0,0.45,0.46,0.46,21487.0,True
KXATPMATCH-25OCT31MEDZVE-MED,1761927340,0.54,0.55,0.55,28889.0,1761926400.0,0.52,0.54,0.54,10041.0,True
KXATPMATCH-25OCT31SHESIN-SHE,1761916849,0.19,0.2,0.2,24491.0,1761915600.0,0.19,0.2,0.2,21265.0,True
KXATPMATCH-25OCT31VACAUG-AUG,1761899750,0.59,0.6,0.6,25056.0,1761897600.0,0.58,0.59,0.59,21591.0,True
KXATPMATCH-25SEP01AUGRUB-AUG,1756728739,0.44,0.45,0.44,18370.0,1756728000.0,0.43,0.44,0.44,17576.0,True
KXATPMATCH-25SEP01RIEDE-DE,1756723861,0.9,0.92,0.92,13456.0,1756720800.0,0.91,0.92,0.92,12906.0,True
KXATPMATCH-25SEP01SINBUB-BUB,1756752038,0.09,0.1,0.1,158562.0,1756749600.0,0.09,0.1,0.1,115969.0,True
KXATPMATCH-25SEP02AUGDE-AUG,1756908064,0.42,0.43,0.43,453548.0,1756908000.0,0.43,0.44,0.44,344872.0,True
KXATPMATCH-25SEP02DJOFRI-DJO,1756849258,0.64,0.65,0.65,580776.0,1756846800.0,0.63,0.64,0.64,439300.0,True
KXATPMATCH-25SEP02LEHALC-ALC,1756820457,0.92,0.93,0.93,117081.0,1756818000.0,0.92,0.93,0.93,89397.0,True
KXATPMATCH-25SEP02SINMUS-MUS,1756936235,0.05,0.06,0.06,205429.0,1756933200.0,0.05,0.06,0.06,152680.0,True
KXATPMATCH-25SEP05DJOALC-ALC,1757087456,0.76,0.77,0.77,991108.0,1757084400.0,0.76,0.77,0.77,749957.0,True
KXATPMATCH-25SEP05SINAUG-AUG,1757106065,0.05,0.06,0.06,434301.0,1757106000.0,0.05,0.06,0.06,392757.0,True
KXATPMATCH-25SEP17BERSHA-BER,1758091542,0.45,0.46,0.46,1296.0,1758088800.0,0.44,0.46,0.46,583.0,True
KXATPMATCH-25SEP17GIRQUI-GIR,1758071733,0.51,0.52,0.53,662.0,1758070800.0,0.51,0.53,0.53,578.0,True
KXATPMATCH-25SEP17HALOCO-HAL,1758088238,0.51,0.53,0.52,960.0,1758085200.0,0.5,0.52,0.52,826.0,True
KXATPMATCH-25SEP17MANYIB-MAN,1758101446,0.42,0.43,0.44,1452.0,1758099600.0,0.45,0.47,0.48,599.0,True
KXATPMATCH-25SEP17NAVTIE-NAV,1758090045,0.37,0.39,0.39,476.0,1758088800.0,0.37,0.38,0.38,193.0,True
KXATPMATCH-25SEP17NORZHO-NOR,1758082841,0.8,0.82,0.82,4666.0,1758081600.0,0.8,0.82,0.81,3740.0,True
KXATPMATCH-25SEP18ATMPRI-ATM,1758164513,0.45,0.46,0.46,4379.0,1758164400.0,0.44,0.46,0.45,200.0,True
KXATPMATCH-25SEP18BASCIL-BAS,1758174324,0.63,0.64,0.64,674.0,1758171600.0,0.63,0.64,0.64,510.0,True
KXATPMATCH-25SEP18BASHAR-BAS,1758171051,,,,0.0,,,,,0.0,False
KXATPMATCH-25SEP18BERSVR-BER,1758164479,0.72,0.73,0.73,1505.0,1758164400.0,0.72,0.73,0.73,570.0,True
KXATPMATCH-25SEP18CAZARN-ARN,1758258647,0.49,0.52,0.52,25426.0,1758258000.0,0.49,0.5,0.5,24789.0,True
KXATPMATCH-25SEP18DANWON-DAN,1758165060,0.31,0.33,0.33,343.0,1758164400.0,0.32,0.33,0.33,33.0,True
KXATPMATCH-25SEP18DZUETC-DZU,1758157546,0.31,0.33,0.32,1038.0,1758157200.0,0.32,0.33,0.33,309.0,True
KXATPMATCH-25SEP18HIJUGO-HIJ,1758240937,0.64,0.65,0.65,15609.0,1758240000.0,0.64,0.65,0.65,14973.0,True
KXATPMATCH-25SEP18KOVROY-KOV,1758268857,0.42,0.44,0.44,8523.0,1758268800.0,0.43,0.44,0.44,7865.0,True
KXATPMATCH-25SEP18MCDVAN-MCD,1758167449,0.46,0.47,0.47,38.0,1758164400.0,0.46,0.48,,0.0,True
KXATPMATCH-25SEP18MISMPE-MIS,1758157242,0.39,0.4,0.4,5902.0,1758157200.0,0.36,0.37,0.37,38.0,True
KXATPMATCH-25SEP18SHEMON-MON,1758212104,0.0,0.01,0.01,13948.0,1758211200.0,0.0,0.01,0.01,13948.0,True
KXATPMATCH-25SEP18SONCER-CER,1758164756,0.35,0.36,0.35,2460.0,1758164400.0,0.35,0.36,0.36,1417.0,True
KXATPMATCH-25SEP18THOTAB-TAB,1758164504,0.54,0.55,0.55,6061.0,1758164400.0,0.52,0.53,0.52,307.0,True
KXATPMATCH-25SEP18VUKGOF-GOF,1758276056,0.43,0.45,0.45,1876.0,1758276000.0,0.43,0.44,0.44,1247.0,True
KXATPMATCH-25SEP18WALKOR-KOR,1758247050,0.64,0.65,0.66,1793.0,1758243600.0,0.64,0.66,0.66,1793.0,True
KXATPMATCH-25SEP18YUNZHA-YUN,1758191742,0.68,0.7,0.7,1188.0,1758189600.0,0.12,0.7,0.7,885.0,True
KXATPMATCH-25SEP18ZEPSUN-SUN,1758180670,0.2,0.21,0.21,2420.0,1758178800.0,0.2,0.21,0.22,2207.0,True
KXATPMATCH-25SEP19BASMED-BAS,1758322846,0.31,0.33,0.33,6181.0,1758322800.0,0.3,0.31,0.32,2378.0,True
KXATPMATCH-25SEP19SHANAK-NAK,1758257125,0.6,0.62,0.62,822.0,1758254400.0,0.57,0.58,0.58,123.0,True
KXATPMATCH-25SEP19SONGIR-GIR,1758243938,0.48,0.5,0.5,1253.0,1758243600.0,0.49,0.51,0.5,1051.0,True
KXATPMATCH-25SEP19TABDAR-DAR,1758242727,0.43,0.44,0.44,3971.0,1758240000.0,0.43,0.44,0.44,3682.0,True
KXATPMATCH-25SEP19ZEPTIE-TIE,1758322530,0.6,0.61,0.61,2442.0,1758319200.0,0.59,0.61,0.59,1533.0,True
KXATPMATCH-25SEP19ZHOOCO-OCO,1758249650,0.62,0.63,0.63,542.0,1758247200.0,0.64,0.65,0.65,11.0,True
KXATPMATCH-25SEP20ETCHIJ-ETC,1758330936,0.64,0.65,0.65,153.0,1758330000.0,0.64,0.65,0.65,153.0,True
KXATPMATCH-25SEP20GRIDAN-DAN,1758330340,0.35,0.36,0.36,5.0,1758330000.0,0.35,0.36,,0.0,True
KXATPMATCH-25SEP20MCDBAS-BAS,1758329156,0.37,0.38,,0.0,1758326400.0,0.39,0.4,,0.0,True
KXATPMATCH-25SEP20MOUCAZ-CAZ,1758337266,0.47,0.48,0.48,1553.0,1758337200.0,0.47,0.48,0.48,1246.0,True
KXATPMATCH-25SEP20MUSPRI-MUS,1758339649,0.69,0.71,0.71,1995.0,1758337200.0,0.7,0.71,0.71,1658.0,True
KXATPMATCH-25SEP20RUBROY-ROY,1758339961,0.17,0.18,0.18,1069.0,1758337200.0,0.17,0.18,0.18,693.0,True
KXATPMATCH-25SEP20SHEMPE-MPE,1758348937,0.63,0.65,0.65,1445.0,1758348000.0,0.63,0.64,0.64,272.0,True
KXATPMATCH-25SEP20SVRZHA-SVR,1758355856,0.38,0.39,0.39,826.0,1758355200.0,0.37,0.38,0.39,54.0,True
KXATPMATCH-25SEP20VUKBUB-BUB,1758349245,0.7,0.72,0.72,4579.0,1758348000.0,0.72,0.73,0.73,1703.0,True
KXATPMATCH-25SEP20YIBKOR-KOR,1758331854,0.61,0.62,0.62,497.0,1758330000.0,0.63,0.64,0.64,495.0,True
KXATPMATCH-25SEP21DANSHE-DAN,1758444949,0.47,0.48,0.48,3558.0,1758441600.0,0.47,0.48,0.48,1944.0,True
KXATPMATCH-25SEP21GIRNAK-GIR,1758427850,0.33,0.34,0.34,1257.0,1758427200.0,0.32,0.33,0.33,271.0,True
KXATPMATCH-25SEP21MOUETC-ETC,1758447266,0.0,0.01,0.01,70183.0,1758445200.0,0.0,0.01,0.01,69676.0,True
KXATPMATCH-25SEP21MUSBAS-BAS,1758433541,0.25,0.26,0.27,3016.0,1758430800.0,0.25,0.27,0.27,1880.0,True
KXATPMATCH-25SEP21OCOTAB-OCO,1758418525,0.35,0.36,0.36,444.0,1758416400.0,0.35,0.36,0.38,413.0,True
KXATPMATCH-25SEP21ROYTIE-ROY,1758427536,0.37,0.38,0.38,1643.0,1758427200.0,0.38,0.39,0.39,523.0,True
KXATPMATCH-25SEP21SVRBUB-BUB,1758444637,0.72,0.73,0.73,3286.0,1758441600.0,0.72,0.73,0.73,2613.0,True
KXATPMATCH-25SEP21YIBMED-MED,1758440144,0.77,0.79,0.79,26967.0,1758438000.0,0.78,0.79,0.79,21850.0,True
KXATPMATCH-25SEP22BUBYIB-BUB,1758523841,0.71,0.72,0.72,12305.0,1758520800.0,0.69,0.71,0.71,6165.0,True
KXATPMATCH-25SEP22MUSSHE-MUS,1758522049,0.81,0.83,0.83,12666.0,1758520800.0,0.8,0.82,0.82,5891.0,True
KXATPMATCH-25SEP22NAKTAB-NAK,1758516643,0.64,0.65,0.65,16320.0,1758513600.0,0.62,0.64,0.64,1991.0,True
KXATPMATCH-25SEP22ROYMOU-MOU,1758517834,0.59,0.6,0.6,13666.0,1758517200.0,0.57,0.58,0.58,2101.0,True
KXATPMATCH-25SEP23MUNBER-BER,1758664251,,,,0.0,,,,,0.0,False
KXATPMATCH-25SEP23MUSTAB-MUS,1758613855,0.73,0.74,0.74,61634.0,1758610800.0,0.71,0.72,0.72,28318.0,True
KXATPMATCH-25SEP23ROYBUB-BUB,1758613262,0.77,0.78,0.78,25939.0,1758610800.0,0.77,0.78,0.78,13335.0,True
KXATPMATCH-25SEP23WATBOR-BOR,1758672642,,,,0.0,,,,,0.0,False
KXATPMATCH-25SEP24ALTSHA-ALT,1758681659,0.28,0.29,0.29,241.0,1758679200.0,,,,0.0,True
KXATPMATCH-25SEP24DIAFRI-DIA,1758761448,0.22,0.24,0.24,1266.0,1758758400.0,0.22,0.23,0.23,683.0,True
KXATPMATCH-25SEP24DZUVUK-DZU,1758761445,0.36,0.37,0.37,1076.0,1758758400.0,0.38,0.39,0.4,1072.0,True
KXATPMATCH-25SEP24FUCTIA-FUC,1758691875,0.55,0.56,0.55,1354.0,1758690000.0,0.55,0.57,0.57,62.0,True
KXATPMATCH-25SEP24GIRKOR-GIR,1758753950,0.37,0.38,0.38,2371.0,1758751200.0,0.39,0.4,0.39,1475.0,True
KXATPMATCH-25SEP24HUMBRO-BRO,1758751269,0.4,0.41,0.41,222.0,1758751200.0,0.42,0.43,0.44,140.0,True
KXATPMATCH-25SEP24MACSHI-MAC,1758757850,0.74,0.75,0.75,385.0,1758754800.0,0.73,0.75,0.75,289.0,True
KXATPMATCH-25SEP24MULKHA-KHA,1758758742,0.78,0.79,0.79,492.0,1758758400.0,0.78,0.79,0.79,425.0,True
KXATPMATCH-25SEP24NISDAR-DAR,1758752140,0.59,0.6,0.6,22661.0,1758751200.0,0.6,0.61,0.61,19263.0,True
KXATPMATCH-25SEP25ALCBAE-ALC,1758777350,0.96,0.97,0.97,2288.0,1758776400.0,0.95,0.97,0.97,946.0,True
KXATPMATCH-25SEP25ATMZHA-ATM,1758769319,0.57,0.58,0.58,493.0,1758769200.0,0.57,0.58,0.58,485.0,True
KXATPMATCH-25SEP25BERTAB-BER,1758778843,0.56,0.57,0.56,1442.0,1758776400.0,0.55,0.57,0.57,1324.0,True
KXATPMATCH-25SEP25BONMAR-BON,1758761443,0.4,0.41,0.41,2351.0,1758758400.0,0.4,0.41,0.41,1626.0,True
KXATPMATCH-25SEP25DAVUGO-DAV,1758771636,0.83,0.85,0.85,580.0,1758769200.0,0.84,0.85,0.85,521.0,True
KXATPMATCH-25SEP25GOFRIN-GOF,1758843644,0.44,0.46,0.46,693.0,1758841200.0,0.43,0.45,0.45,663.0,True
KXATPMATCH-25SEP25KECMEN-KEC,1758841525,0.35,0.36,0.36,172.0,1758841200.0,0.36,0.37,0.37,25.0,True
KXATPMATCH-25SEP25MEDRUN-MED,1758777345,0.4,0.42,0.42,20.0,1758776400.0,0.42,0.43,,0.0,True
KXATPMATCH-25SEP25MICQUI-MIC,1758769427,0.57,0.58,0.58,1609.0,1758769200.0,0.56,0.58,0.58,891.0,True
KXATPMATCH-25SEP25RUBCOB-COB,1758841845,0.31,0.33,0.33,146.0,1758841200.0,0.3,0.31,0.31,101.0,True
KXATPMATCH-25SEP25RUUMOC-MOC,1758769385,0.3,0.31,0.31,527.0,1758769200.0,0.3,0.31,0.31,64.0,True
KXATPMATCH-25SEP25SHIKOR-KOR,1758842143,0.71,0.72,0.72,3067.0,1758841200.0,0.7,0.71,0.71,863.0,True
KXATPMATCH-25SEP25SINCIL-CIL,1758782150,0.04,0.05,0.05,1843.0,1758780000.0,0.04,0.05,0.05,133.0,True
KXATPMATCH-25SEP25THONAK-NAK,1758769609,0.67,0.69,0.69,1001.0,1758769200.0,0.67,0.68,0.68,871.0,True
KXATPMATCH-25SEP25VUKALT-ALT,1758836440,0.5,0.52,0.52,5007.0,1758834000.0,0.49,0.51,0.51,1107.0,True
KXATPMATCH-25SEP26BORFRI-BOR,1758856246,0.18,0.19,0.19,504.0,1758855600.0,0.18,0.19,0.19,403.0,True
KXATPMATCH-25SEP26BRODAR-BRO,1758923448,0.62,0.63,0.62,1243.0,1758920400.0,0.6,0.61,0.6,195.0,True
KXATPMATCH-25SEP26DEYUN-DE,1758847549,0.8,0.82,0.82,1138.0,1758844800.0,0.81,0.82,0.81,468.0,True
KXATPMATCH-25SEP26MANBUB-BUB,1758857138,0.68,0.69,0.69,1770.0,1758855600.0,0.68,0.69,0.68,1155.0,True
KXATPMATCH-25SEP26MARMUL-MAR,1758927057,0.58,0.61,0.62,168.0,1758924000.0,0.61,0.64,0.64,162.0,True
KXATPMATCH-25SEP26MEDNOR-MED,1758853264,0.74,0.75,0.75,1601.0,1758852000.0,0.73,0.74,0.74,63.0,True
KXATPMATCH-25SEP26MOUGRI-GRI,1758860750,0.43,0.45,0.45,2749.0,1758859200.0,0.44,0.46,0.45,1606.0,True
KXATPMATCH-25SEP26MPEMUS-MPE,1758873343,0.27,0.28,0.28,1232.0,1758870000.0,0.25,0.28,0.28,1195.0,True
KXATPMATCH-25SEP26NAKFUC-FUC,1758931844,0.47,0.48,0.48,336.0,1758931200.0,0.47,0.48,0.48,246.0,True
KXATPMATCH-25SEP26RUUBER-BER,1758863446,0.41,0.42,0.41,755.0,1758862800.0,0.43,0.44,0.44,732.0,True
KXATPMATCH-25SEP26SHACAZ-CAZ,1758852651,0.49,0.5,0.5,1341.0,1758852000.0,0.48,0.49,0.45,20.0,True
KXATPMATCH-25SEP26SONZVE-SON,1758875448,0.22,0.23,0.23,238.0,1758873600.0,0.22,0.23,0.23,212.0,True
KXATPMATCH-25SEP26TIECER-CER,1758852943,0.53,0.54,0.57,132.0,1758852000.0,0.55,0.56,0.56,119.0,True
KXATPMATCH-25SEP27ALCBER-ALC,1758946249,0.93,0.94,0.94,854.0,1758945600.0,0.93,0.94,0.94,380.0,True
KXATPMATCH-25SEP27BRORUN-BRO,1759018857,0.32,0.33,0.33,145.0,1759017600.0,0.32,0.33,0.33,131.0,True
KXATPMATCH-25SEP27CAZMEN-CAZ,1758964532,0.32,0.33,0.33,1053.0,1758963600.0,0.33,0.34,0.34,240.0,True
KXATPMATCH-25SEP27COBTIE-COB,1759012291,0.6,0.62,0.62,1213.0,1759010400.0,0.62,0.63,0.63,1066.0,True
KXATPMATCH-25SEP27DERIN-DE,1758936661,0.87,0.88,0.88,2961.0,1758934800.0,0.88,0.89,0.89,1823.0,True
KXATPMATCH-25SEP27KORFRI-FRI,1759012292,0.71,0.72,0.72,2920.0,1759010400.0,0.7,0.72,0.72,2069.0,True
KXATPMATCH-25SEP27QUIRUN-QUI,1758939939,0.3,0.31,0.31,741.0,1758938400.0,0.31,0.32,0.31,308.0,True
KXATPMATCH-25SEP27SINATM-ATM,1758943857,0.06,0.08,0.05,4341.0,1758942000.0,0.04,0.05,0.05,3054.0,True
KXATPMATCH-25SEP28ALCNAK-ALC,1759032055,0.9,0.91,0.91,9791.0,1759032000.0,0.9,0.91,0.91,861.0,True
KXATPMATCH-25SEP28MANMUS-MAN,1759022141,0.34,0.35,0.35,261.0,1759021200.0,0.34,0.35,0.34,30.0,True
KXATPMATCH-25SEP28MEDDAV-DAV,1759028466,0.43,0.45,0.45,404.0,1759028400.0,0.44,0.46,0.46,122.0,True
KXATPMATCH-25SEP28MOUZVE-MOU,1759046458,0.17,0.19,0.19,1256.0,1759046400.0,0.18,0.19,0.19,666.0,True
KXATPMATCH-25SEP28RUUVUK-RUU,1759025443,0.73,0.74,0.74,839.0,1759024800.0,0.73,0.74,0.74,839.0,True
KXATPMATCH-25SEP29ALCRUU-ALC,1759123546,0.85,0.87,0.87,32545.0,1759122000.0,0.85,0.86,0.85,8843.0,True
KXATPMATCH-25SEP29BROFRI-BRO,1759114246,0.25,0.27,0.27,90.0,1759111200.0,0.23,0.24,0.24,51.0,True
KXATPMATCH-25SEP29DEMEN-DE,1759215090,0.99,1.0,0.99,91908.0,1759212000.0,0.99,1.0,0.99,91893.0,True
KXATPMATCH-25SEP29MEDZVE-MED,1759136140,0.53,0.54,0.54,27713.0,1759132800.0,0.56,0.57,0.57,21409.0,True
KXATPMATCH-25SEP29SINMAR-MAR,1759110663,0.06,0.08,0.08,1680.0,1759107600.0,0.06,0.07,0.08,305.0,True
KXATPMATCH-25SEP29TIEMUS-MUS,1759260927,0.0,0.01,0.01,88922.0,1759258800.0,0.0,0.01,0.01,88623.0,True
KXATPMATCH-25SEP30ALCFRI-ALC,1759208149,0.8,0.81,0.81,19444.0,1759204800.0,0.79,0.8,0.8,4872.0,True
KXATPMATCH-25SEP30SINDE-DE,1759199734,0.1,0.11,0.11,6099.0,1759197600.0,0.11,0.12,0.12,4651.0,True
KXATPMATCH-25SEP30TIEMED-MED,1759223638,0.75,0.76,0.76,21997.0,1759222800.0,0.74,0.75,0.75,10409.0,True
KXATPMATCH-26APR01BENHAN-BEN,1775043364,0.07,0.08,0.08,7906.0,1775041200.0,0.09,0.1,0.1,7383.0,True
KXATPMATCH-26APR01BORDZU-BOR,1775028718,0.65,0.67,0.67,6798.0,1775026800.0,0.65,0.66,0.66,1994.0,True
KXATPMATCH-26APR01DARBEL-BEL,1775034122,0.21,0.22,0.22,4081.0,1775034000.0,0.2,0.22,0.22,3142.0,True
KXATPMATCH-26APR01DIAMOL-DIA,1775036521,0.57,0.58,0.58,3528.0,1775034000.0,0.57,0.59,0.59,2763.0,True
KXATPMATCH-26APR01ETCBOL-BOL,1775057155,0.1,0.11,0.11,10098.0,1775055600.0,0.09,0.1,0.1,5994.0,True
KXATPMATCH-26APR01MOLNAV-MOL,1775021512,0.24,0.25,0.24,2783.0,1775019600.0,0.25,0.26,0.25,430.0,True
KXATPMATCH-26APR01SHEVAN-SHE,1775019715,0.36,0.38,0.38,1366.0,1775019600.0,0.37,0.38,0.37,934.0,True
KXATPMATCH-26APR01SHEZHA-SHE,1775070679,0.71,0.72,0.72,86740.0,1775070000.0,0.71,0.72,0.72,54932.0,True
KXATPMATCH-26APR01TIRMCD-MCD,1775062562,0.3,0.31,0.31,2444.0,1775059200.0,0.32,0.33,0.33,2426.0,True
KXATPMATCH-26APR01TRUMAJ-MAJ,1775023343,0.66,0.68,0.68,2053.0,1775023200.0,0.66,0.67,0.67,1173.0,True
KXATPMATCH-26APR01VALPAU-PAU,1775080282,0.76,0.77,0.77,27973.0,1775077200.0,0.74,0.76,0.76,25925.0,True
KXATPMATCH-26APR02ALTPRI-ALT,1775201481,0.38,0.39,0.4,104380.0,1775199600.0,0.43,0.44,0.44,94265.0,True
KXATPMATCH-26APR02BAEDRO-BAE,1775187087,0.71,0.72,0.72,43170.0,1775185200.0,0.71,0.72,0.71,42476.0,True
KXATPMATCH-26APR02BURNAK-BUR,1775143546,0.41,0.42,0.42,9278.0,1775142000.0,0.39,0.41,0.41,7947.0,True
KXATPMATCH-26APR02BUSUGO-BUS,1775127963,0.55,0.56,0.56,6687.0,1775127600.0,0.55,0.57,0.56,5944.0,True
KXATPMATCH-26APR02HIJTIA-HIJ,1775162528,0.22,0.23,0.23,7933.0,1775160000.0,0.22,0.23,0.23,6617.0,True
KXATPMATCH-26APR02JODMAC-JOD,1775118113,0.47,0.48,0.48,17319.0,1775116800.0,0.47,0.48,0.48,17055.0,True
KXATPMATCH-26APR02KOPMUL-KOP,1775109709,0.48,0.49,0.49,8814.0,1775109600.0,0.5,0.51,0.51,4001.0,True
KXATPMATCH-26APR02MERMAN-MAN,1775188876,0.22,0.23,0.23,22084.0,1775188800.0,0.22,0.23,0.23,20238.0,True
KXATPMATCH-26APR02MICPOP-MIC,1775169691,0.62,0.63,0.63,55460.0,1775167200.0,0.57,0.59,0.59,39731.0,True
KXATPMATCH-26APR02MOUTRU-MOU,1775198736,0.68,0.69,0.69,3658.0,1775196000.0,0.68,0.7,0.7,2214.0,True
KXATPMATCH-26APR02SAKMAR-MAR,1775193937,0.7,0.72,0.73,384589.0,1775192400.0,0.71,0.72,0.72,355956.0,True
KXATPMATCH-26APR02TIEBAS-BAS,1775151951,0.24,0.25,0.24,2762.0,1775149200.0,0.25,0.26,0.26,2022.0,True
KXATPMATCH-26APR02VANGRI-GRI,1775136693,0.59,0.6,0.6,54864.0,1775134800.0,0.59,0.6,0.6,40557.0,True
KXATPMATCH-26APR03ALTMAR-ALT,1775221916,,,,0.0,,,,,0.0,False
KXATPMATCH-26APR03DROMER-DRO,1775218284,0.53,0.56,0.56,211.0,1775217600.0,,,,0.0,True
KXATPMATCH-26APR03DZUVAN-DZU,1775200285,0.37,0.38,0.38,4886.0,1775199600.0,0.35,0.37,0.37,2134.0,True
KXATPMATCH-26APR03ETCPAU-ETC,1775237759,0.35,0.36,0.36,9293.0,1775235600.0,0.33,0.34,0.34,7381.0,True
KXATPMATCH-26APR03MOLNAV-MOL,1775209559,0.29,0.3,0.29,2927.0,1775206800.0,0.29,0.3,0.3,2146.0,True
KXATPMATCH-26APR03MULJOD-JOD,1775202328,0.64,0.65,0.65,10392.0,1775199600.0,0.64,0.65,0.65,7618.0,True
KXATPMATCH-26APR03POPTIA-POP,1775249153,0.39,0.4,0.4,5234.0,1775246400.0,0.39,0.4,0.4,4440.0,True
KXATPMATCH-26APR03SHETIR-SHE,1775230903,0.67,0.69,0.69,34668.0,1775228400.0,0.67,0.69,0.69,28631.0,True
KXATPMATCH-26APR03TIEBUR-BUR,1775220366,0.39,0.4,0.39,4821.0,1775217600.0,0.36,0.37,0.37,2544.0,True
KXATPMATCH-26APR03UGOVAN-UGO,1775212878,0.59,0.6,0.6,17482.0,1775210400.0,0.56,0.57,0.57,13405.0,True
KXATPMATCH-26APR04ARNCOM-ARN,1775283983,0.07,0.08,0.08,11084.0,1775282400.0,0.05,0.06,0.06,8195.0,True
KXATPMATCH-26APR04BONBAU-BAU,1775284944,0.52,0.53,0.53,1203.0,1775282400.0,0.53,0.54,0.54,668.0,True
KXATPMATCH-26APR04BUSGOF-BUS,1775286725,0.8,0.81,0.81,3155.0,1775286000.0,0.79,0.8,0.8,2741.0,True
KXATPMATCH-26APR04CERNYS-CER,1775277402,0.95,0.96,0.95,2926.0,1775275200.0,0.95,0.96,0.96,2368.0,True
KXATPMATCH-26APR04CHOMUL-CHO,1775297516,0.49,0.5,0.5,5764.0,1775296800.0,0.49,0.5,0.48,5759.0,True
KXATPMATCH-26APR04DARTRU-DAR,1775290916,0.8,0.82,0.82,15330.0,1775289600.0,0.8,0.81,0.81,10747.0,True
KXATPMATCH-26APR04DZUBUD-BUD,1775303511,0.45,0.46,0.46,7071.0,1775300400.0,0.44,0.45,0.45,4610.0,True
KXATPMATCH-26APR04GARDEJ-DEJ,1775286725,0.55,0.56,0.57,17746.0,1775286000.0,0.55,0.56,0.56,16987.0,True
KXATPMATCH-26APR04JODUGO-JOD,1775295736,0.65,0.66,0.66,14860.0,1775293200.0,0.65,0.67,0.67,14582.0,True
KXATPMATCH-26APR04KOPARN-ARN,1775295389,0.37,0.39,0.39,999.0,1775293200.0,0.38,0.4,0.4,646.0,True
KXATPMATCH-26APR04MAEBLO-BLO,1775291546,0.63,0.64,0.64,14966.0,1775289600.0,0.63,0.64,0.64,14465.0,True
KXATPMATCH-26APR04MARMER-MAR,1775297515,0.72,0.73,0.73,10515.0,1775296800.0,0.72,0.73,0.72,8871.0,True
KXATPMATCH-26APR04MARVUK-MAR,1775278958,0.71,0.72,0.72,2997.0,1775278800.0,0.71,0.72,0.72,2041.0,True
KXATPMATCH-26APR04NAVHAL-HAL,1775278307,0.48,0.49,0.49,820.0,1775275200.0,0.51,0.52,0.52,556.0,True
KXATPMATCH-26APR04NAVVAN-NAV,1775288519,0.59,0.6,0.6,15897.0,1775286000.0,0.57,0.58,0.58,10087.0,True
KXATPMATCH-26APR04PAUTIA-PAU,1775318552,0.67,0.68,0.68,31926.0,1775318400.0,0.66,0.68,0.68,18347.0,True
KXATPMATCH-26APR04QUIVIR-QUI,1775291535,0.64,0.65,0.64,5576.0,1775289600.0,0.64,0.65,0.65,4592.0,True
KXATPMATCH-26APR04SHEPEL-PEL,1775287287,0.44,0.46,0.46,753.0,1775286000.0,0.41,0.43,0.44,621.0,True
KXATPMATCH-26APR04STRBAS-BAS,1775283977,0.4,0.41,0.4,890.0,1775282400.0,0.39,0.41,0.4,178.0,True
KXATPMATCH-26APR04TIRBUR-BUR,1775301723,0.5,0.52,0.52,14999.0,1775300400.0,0.49,0.51,0.51,14431.0,True
KXATPMATCH-26APR05ALTMAC-ALT,1775469357,0.39,0.4,0.4,6408.0,1775466000.0,0.4,0.41,0.41,5393.0,True
KXATPMATCH-26APR05ARNMUL-ARN,1775378795,0.47,0.48,0.48,1324.0,1775376000.0,0.47,0.48,0.49,276.0,True
KXATPMATCH-26APR05BAEWAW-BAE,1775458925,0.67,0.68,0.68,18270.0,1775458800.0,0.67,0.68,0.68,7453.0,True
KXATPMATCH-26APR05BASGAR-BAS,1775363515,0.42,0.44,0.47,635.0,1775361600.0,0.45,0.46,0.47,635.0,True
KXATPMATCH-26APR05BERMAN-BER,1775456502,0.77,0.78,0.78,52754.0,1775455200.0,0.75,0.77,0.77,2144.0,True
KXATPMATCH-26APR05BURPAU-BUR,1775406109,0.32,0.33,0.32,61512.0,1775404800.0,0.32,0.33,0.33,56005.0,True
KXATPMATCH-26APR05CERMAR-CER,1775366507,0.57,0.59,0.59,8084.0,1775365200.0,0.57,0.58,0.58,2420.0,True
KXATPMATCH-26APR05CERTSI-CER,1775466985,0.53,0.54,0.54,47409.0,1775466000.0,0.5,0.52,0.52,36661.0,True
KXATPMATCH-26APR05DZUBLO-BLO,1775371914,0.55,0.56,0.56,1076.0,1775368800.0,0.54,0.55,0.55,828.0,True
KXATPMATCH-26APR05ETCDIM-DIM,1775538476,0.38,0.4,0.4,28330.0,1775538000.0,0.39,0.4,0.39,8515.0,True
KXATPMATCH-26APR05FONDIA-DIA,1775469353,0.23,0.24,0.24,12273.0,1775466000.0,0.26,0.27,0.26,5469.0,True
KXATPMATCH-26APR05FUCTAB-FUC,1775385114,0.37,0.38,0.38,2070.0,1775383200.0,0.37,0.38,0.38,1960.0,True
KXATPMATCH-26APR05GOFNAV-GOF,1775368931,0.37,0.38,0.38,3744.0,1775368800.0,0.36,0.38,0.39,2695.0,True
KXATPMATCH-26APR05HURDAR-DAR,1775539896,0.67,0.7,0.7,57840.0,1775538000.0,0.66,0.68,0.68,29131.0,True
KXATPMATCH-26APR05KOUHUM-HUM,1775394977,0.81,0.82,0.82,8742.0,1775394000.0,0.81,0.82,0.82,7989.0,True
KXATPMATCH-26APR05MONGRI-GRI,1775387523,0.61,0.62,0.62,24457.0,1775386800.0,0.61,0.62,0.62,23439.0,True
KXATPMATCH-26APR05NAVMER-MER,1775374297,0.3,0.31,0.31,11762.0,1775372400.0,0.3,0.31,0.31,8348.0,True
KXATPMATCH-26APR05NORKEC-KEC,1775377882,0.4,0.43,0.43,7631.0,1775376000.0,0.41,0.43,0.44,6998.0,True
KXATPMATCH-26APR05POPRUU-POP,1775550340,0.23,0.24,0.24,9591.0,1775548800.0,0.23,0.24,0.24,7144.0,True
KXATPMATCH-26APR05QUICOM-COM,1775370712,0.53,0.54,0.54,6107.0,1775368800.0,0.52,0.54,0.54,1961.0,True
KXATPMATCH-26APR05RINKHA-KHA,1775450767,0.67,0.69,0.67,9374.0,1775448000.0,0.67,0.69,0.69,8733.0,True
KXATPMATCH-26APR05RUBBOR-BOR,1775451086,0.22,0.24,0.23,7828.0,1775448000.0,0.23,0.24,0.24,5764.0,True
KXATPMATCH-26APR05SHEBAU-BAU,1775375519,0.43,0.45,0.45,2260.0,1775372400.0,0.44,0.45,0.45,1764.0,True
KXATPMATCH-26APR05TRUJOD-JOD,1775380914,0.73,0.74,0.74,49906.0,1775379600.0,0.74,0.75,0.75,47743.0,True
KXATPMATCH-26APR06BAUBER-BAU,1775533262,0.27,0.29,0.27,2498.0,1775530800.0,0.27,0.29,0.29,2260.0,True
KXATPMATCH-26APR06CILSHE-CIL,1775542309,0.52,0.54,0.54,4202.0,1775541600.0,0.54,0.55,0.55,2665.0,True
KXATPMATCH-26APR06COBCOM-COB,1775479888,0.61,0.62,0.62,18794.0,1775476800.0,0.6,0.61,0.61,15816.0,True
KXATPMATCH-26APR06GARARN-ARN,1775462775,0.41,0.42,0.42,7587.0,1775462400.0,0.41,0.42,0.42,6674.0,True
KXATPMATCH-26APR06LEHNAV-LEH,1775463090,0.77,0.78,0.78,30357.0,1775462400.0,0.77,0.79,0.79,25941.0,True
KXATPMATCH-26APR06MOUMUL-MOU,1775551288,0.64,0.65,0.65,11937.0,1775548800.0,0.64,0.65,0.65,10224.0,True
KXATPMATCH-26APR06NORDE-DE,1775560275,0.68,0.69,0.69,27465.0,1775559600.0,0.69,0.7,0.7,25937.0,True
KXATPMATCH-26APR06SHABLO-BLO,1775470292,0.49,0.5,0.5,5710.0,1775469600.0,0.49,0.5,0.5,5664.0,True
KXATPMATCH-26APR06VACCER-CER,1775476927,0.34,0.35,0.35,4333.0,1775476800.0,0.35,0.36,0.36,3893.0,True
KXATPMATCH-26APR07ALCBAE-ALC,1775545320,0.95,0.96,0.96,31301.0,1775545200.0,0.95,0.96,0.96,15489.0,True
KXATPMATCH-26APR07ATMQUI-ATM,1775544675,0.44,0.45,0.45,18145.0,1775541600.0,0.44,0.45,0.45,4605.0,True
KXATPMATCH-26APR07COBBLO-BLO,1775646666,0.37,0.39,0.39,16389.0,1775646000.0,0.38,0.39,0.39,16164.0,True
KXATPMATCH-26APR07DZUMAR-DZU,1775543512,,,,0.0,,,,,0.0,False
KXATPMATCH-26APR07GARZVE-GAR,1775632879,0.11,0.12,0.12,9367.0,1775631600.0,0.12,0.13,0.13,8519.0,True
KXATPMATCH-26APR07HUMSIN-HUM,1775539896,0.04,0.05,0.05,17969.0,1775538000.0,0.04,0.06,0.05,14636.0,True
KXATPMATCH-26APR07LEHTAB-LEH,1775627467,0.54,0.55,0.55,32100.0,1775624400.0,0.54,0.55,0.55,16783.0,True
KXATPMATCH-26APR07MONBUB-BUB,1775551286,0.66,0.68,0.68,29071.0,1775548800.0,0.66,0.68,0.68,22117.0,True
KXATPMATCH-26APR07MUSVAC-MUS,1775650274,0.66,0.67,0.67,22988.0,1775649600.0,0.66,0.67,0.67,20029.0,True
KXATPMATCH-26APR07RUBBER-BER,1775622675,0.29,0.3,0.31,3918.0,1775620800.0,0.3,0.31,0.31,2955.0,True
KXATPMATCH-26APR08AUGCIL-AUG,1775641270,0.7,0.71,0.71,30160.0,1775638800.0,0.7,0.71,0.71,28121.0,True
KXATPMATCH-26APR08CERMAC-CER,1775635273,0.74,0.75,0.75,29511.0,1775635200.0,0.72,0.74,0.74,20496.0,True
KXATPMATCH-26APR08ETCATM-ATM,1775643667,0.29,0.3,0.3,12891.0,1775642400.0,0.29,0.3,0.3,12521.0,True
KXATPMATCH-26APR08FONRIN-FON,1775633142,0.74,0.76,0.76,24239.0,1775631600.0,0.75,0.76,0.76,16458.0,True
KXATPMATCH-26APR08MARHUR-HUR,1775649055,0.44,0.45,0.45,6675.0,1775646000.0,0.43,0.45,0.45,6487.0,True
KXATPMATCH-26APR08MEDBER-BER,1775621121,0.3,0.31,0.31,7267.0,1775620800.0,0.3,0.32,0.31,5872.0,True
KXATPMATCH-26APR08MOURUU-MOU,1775640330,0.27,0.28,0.28,3400.0,1775638800.0,0.27,0.28,0.29,3066.0,True
KXATPMATCH-26APR09ALCETC-ALC,1775729437,0.96,0.97,0.97,149598.0,1775728800.0,0.95,0.97,0.97,148466.0,True
KXATPMATCH-26APR09AUGRUU-AUG,1775716254,0.39,0.4,0.4,104037.0,1775714400.0,0.42,0.43,0.43,80020.0,True
KXATPMATCH-26APR09BERFON-BER,1775708707,0.39,0.41,0.39,19470.0,1775707200.0,0.4,0.42,0.42,14943.0,True
KXATPMATCH-26APR09BERZVE-BER,1775711442,0.17,0.19,0.19,14264.0,1775710800.0,0.18,0.19,0.19,5842.0,True
KXATPMATCH-26APR09BLODE-BLO,1775730025,0.24,0.26,0.26,16391.0,1775728800.0,0.25,0.27,0.27,15712.0,True
KXATPMATCH-26APR09LEHBUB-BUB,1775722852,0.49,0.5,0.5,115452.0,1775721600.0,0.49,0.5,0.5,102935.0,True
KXATPMATCH-26APR09MACSIN-MAC,1775719858,0.03,0.04,0.04,46869.0,1775718000.0,0.03,0.04,0.04,34291.0,True
KXATPMATCH-26APR09VACHUR-HUR,1775740844,0.41,0.42,0.42,16142.0,1775739600.0,0.41,0.43,0.42,14461.0,True
KXATPMATCH-26APR10ALCBUB-ALC,1775812515,0.92,0.93,0.93,63470.0,1775811600.0,0.91,0.93,0.93,31235.0,True
KXATPMATCH-26APR10AUGSIN-AUG,1775807430,0.09,0.1,0.1,48246.0,1775804400.0,0.1,0.12,0.12,30308.0,True
KXATPMATCH-26APR10FONZVE-FON,1775800864,0.39,0.4,0.4,115158.0,1775800800.0,0.38,0.39,0.39,55534.0,True
KXATPMATCH-26APR10VACDE-DE,1775822462,0.65,0.66,0.66,75056.0,1775822400.0,0.67,0.68,0.68,68400.0,True
KXATPMATCH-26APR11ALCMUL-ALC,1775886730,0.23,0.25,0.25,1810.0,1775883600.0,0.23,0.25,0.25,1065.0,True
KXATPMATCH-26APR11ALCVAC-ALC,1775898454,0.92,0.93,0.92,44620.0,1775898000.0,0.92,0.93,0.93,38255.0,True
KXATPMATCH-26APR11ARNHAL-ARN,1775908339,0.52,0.53,0.53,2201.0,1775905200.0,0.52,0.53,0.53,1628.0,True
KXATPMATCH-26APR11CARMOL-CAR,1775902337,0.35,0.38,0.37,1282.0,1775901600.0,0.37,0.38,0.38,1227.0,True
KXATPMATCH-26APR11CERZEP-CER,1775891824,0.75,0.76,0.76,3258.0,1775890800.0,0.75,0.76,0.76,2630.0,True
KXATPMATCH-26APR11CHOHUE-CHO,1775886697,0.64,0.66,0.66,396.0,1775883600.0,0.63,0.64,0.64,305.0,True
KXATPMATCH-26APR11DEJBON-BON,1775890369,0.36,0.37,0.37,139.0,1775887200.0,0.36,0.38,0.38,115.0,True
KXATPMATCH-26APR11DZUSAC-DZU,1775883745,0.6,0.61,0.61,3294.0,1775883600.0,0.59,0.61,0.61,1954.0,True
KXATPMATCH-26APR11GEAKYP-GEA,1775901395,0.56,0.57,0.57,1231.0,1775898000.0,0.54,0.62,0.67,1026.0,True
KXATPMATCH-26APR11GIUNAG-GIU,1775896624,,,,0.0,,,,,0.0,False
KXATPMATCH-26APR11MAEMER-MAE,1775881288,0.3,0.31,0.31,35.0,1775880000.0,0.3,0.32,0.32,3.0,True
KXATPMATCH-26APR11MARCAR-CAR,1775898779,0.62,0.64,0.64,20536.0,1775898000.0,0.62,0.63,0.63,13861.0,True
KXATPMATCH-26APR11MEDGAU-GAU,1775901134,0.24,0.25,0.25,288.0,1775898000.0,0.21,0.25,0.21,231.0,True
KXATPMATCH-26APR11NAVGOF-GOF,1775898778,0.32,0.33,0.34,1005.0,1775898000.0,0.32,0.34,0.34,506.0,True
KXATPMATCH-26APR11OFNSAN-OFN,1775895421,0.77,0.79,0.79,1616.0,1775894400.0,0.77,0.78,0.78,1129.0,True
KXATPMATCH-26APR11QUIBAS-BAS,1775883720,0.4,0.42,0.42,749.0,1775883600.0,0.4,0.42,0.41,647.0,True
KXATPMATCH-26APR11REHFER-FER,1775891843,0.64,0.66,0.66,2119.0,1775890800.0,0.64,0.66,0.65,1899.0,True
KXATPMATCH-26APR11SHEDED-DED,1775893018,0.3,0.31,0.3,477.0,1775890800.0,0.32,0.34,0.34,172.0,True
KXATPMATCH-26APR11TOPBLA-BLA,1775884000,0.49,0.54,0.54,3559.0,1775883600.0,0.49,0.54,0.54,2400.0,True
KXATPMATCH-26APR11TRUBUD-BUD,1775892762,0.33,0.35,0.35,1106.0,1775890800.0,0.38,0.39,0.39,900.0,True
KXATPMATCH-26APR11VUKVIR-VIR,1775884333,0.65,0.66,0.66,2260.0,1775883600.0,0.64,0.66,0.64,1849.0,True
KXATPMATCH-26APR11ZVESIN-SIN,1775891536,0.84,0.85,0.85,244553.0,1775890800.0,0.84,0.85,0.85,135346.0,True
KXATPMATCH-26APR12ALCSIN-ALC,1775986191,0.49,0.5,0.5,773229.0,1775984400.0,0.49,0.5,0.49,676388.0,True
KXATPMATCH-26APR12BLOHAN-BLO,1776077514,0.52,0.54,0.53,23754.0,1776074400.0,0.52,0.54,0.54,12388.0,True
KXATPMATCH-26APR12BORMAN-BOR,1776080203,0.8,0.81,0.81,21463.0,1776078000.0,0.8,0.81,0.82,20354.0,True
KXATPMATCH-26APR12BUSMOU-BUS,1776056211,0.35,0.36,0.36,3219.0,1776052800.0,0.37,0.38,0.38,2040.0,True
KXATPMATCH-26APR12CERDEJ-CER,1775973985,0.59,0.61,0.61,6722.0,1775973600.0,0.59,0.6,0.6,3793.0,True
KXATPMATCH-26APR12CILALT-ALT,1776155237,0.41,0.42,0.42,10724.0,1776153600.0,0.4,0.41,0.41,5595.0,True
KXATPMATCH-26APR12DEDNAG-DED,1775980980,0.63,0.65,0.65,4905.0,1775980800.0,0.62,0.64,0.64,4553.0,True
KXATPMATCH-26APR12ENGKOP-ENG,1776152492,0.29,0.3,0.3,1507.0,1776150000.0,0.29,0.3,0.3,1349.0,True
KXATPMATCH-26APR12ETCDRA-DRA,1776063814,0.57,0.58,0.57,68914.0,1776063600.0,0.57,0.58,0.58,51538.0,True
KXATPMATCH-26APR12GRISHA-GRI,1776143857,0.5,0.51,0.51,78831.0,1776142800.0,0.49,0.5,0.5,6488.0,True
KXATPMATCH-26APR12HUETOP-HUE,1775967141,0.42,0.43,0.44,1128.0,1775966400.0,0.42,0.44,0.44,1072.0,True
KXATPMATCH-26APR12LANMUS-LAN,1776148917,0.19,0.21,0.2,10459.0,1776146400.0,0.2,0.21,0.21,8238.0,True
KXATPMATCH-26APR12MACBAE-BAE,1776158522,0.4,0.41,0.41,12424.0,1776157200.0,0.4,0.43,0.43,10589.0,True
KXATPMATCH-26APR12MARTSI-MAR,1776230498,0.41,0.42,0.41,2041173.0,1776229200.0,0.41,0.43,0.43,1994744.0,True
KXATPMATCH-26APR12MEDHAL-HAL,1775982123,0.31,0.32,0.33,479.0,1775980800.0,0.31,0.34,0.34,298.0,True
KXATPMATCH-26APR12MUNJOD-JOD,1776082899,0.67,0.68,0.68,11903.0,1776081600.0,0.67,0.68,0.68,10903.0,True
KXATPMATCH-26APR12NAVMOL-MOL,1775972552,0.43,0.45,0.46,509.0,1775970000.0,0.45,0.47,0.47,428.0,True
KXATPMATCH-26APR12NAVRUB-NAV,1776167590,0.4,0.41,0.41,6356.0,1776164400.0,0.38,0.41,0.4,5800.0,True
KXATPMATCH-26APR12NORWAW-NOR,1776077526,0.77,0.78,0.78,10410.0,1776074400.0,0.77,0.78,0.77,10255.0,True
KXATPMATCH-26APR12OFNKYP-KYP,1775978229,0.37,0.38,0.38,2333.0,1775977200.0,0.38,0.39,0.38,772.0,True
KXATPMATCH-26APR12QUIMER-MER,1775971613,0.62,0.63,0.63,14844.0,1775970000.0,0.57,0.61,0.61,9526.0,True
KXATPMATCH-26APR12RINMIC-MIC,1776056209,0.39,0.4,0.4,11385.0,1776052800.0,0.4,0.41,0.41,3595.0,True
KXATPMATCH-26APR12SACREH-REH,1775970741,0.37,0.38,0.39,169.0,1775970000.0,0.37,0.39,0.4,158.0,True
KXATPMATCH-26APR12TABFON-FON,1776142305,0.69,0.7,0.7,78566.0,1776139200.0,0.69,0.7,0.7,70552.0,True
KXATPMATCH-26APR12TRUMAR-MAR,1775984212,0.48,0.49,0.48,1892.0,1775980800.0,0.46,0.48,0.48,1320.0,True
KXATPMATCH-26APR12UGOKHA-KHA,1776151581,0.64,0.65,0.65,10966.0,1776150000.0,0.64,0.65,0.65,8576.0,True
KXATPMATCH-26APR12VIRMUL-MUL,1775972553,0.7,0.72,0.72,4676.0,1775970000.0,0.69,0.71,0.71,4072.0,True
KXATPMATCH-26APR12ZHADAR-DAR,1776143861,0.74,0.75,0.75,13276.0,1776142800.0,0.72,0.74,0.74,8528.0,True
KXATPMATCH-26APR12ZVEKEC-KEC,1776151575,0.15,0.16,0.15,13752.0,1776150000.0,0.15,0.16,0.16,13470.0,True
KXATPMATCH-26APR13ALCVIR-ALC,1776159707,0.97,0.98,0.98,27728.0,1776157200.0,0.97,0.98,0.98,25389.0,True
KXATPMATCH-26APR13DEOFN-DE,1776142577,0.83,0.84,0.84,50434.0,1776139200.0,0.82,0.83,0.83,45550.0,True
KXATPMATCH-26APR13DIASAC-DIA,1776062187,0.61,0.62,0.62,12605.0,1776060000.0,0.59,0.6,0.62,4990.0,True
KXATPMATCH-26APR13FILATM-ATM,1776175897,0.18,0.19,0.19,6619.0,1776175200.0,0.18,0.19,0.19,6273.0,True
KXATPMATCH-26APR13MARSON-MAR,1776145916,0.64,0.65,0.65,15886.0,1776142800.0,0.63,0.65,0.65,6238.0,True
KXATPMATCH-26APR13NAGCER-CER,1776062217,,,,0.0,,,,,0.0,False
KXATPMATCH-26APR13NAKCER-CER,1776166313,0.52,0.53,0.53,28210.0,1776164400.0,0.52,0.53,0.52,25790.0,True
KXATPMATCH-26APR13NAVSHE-NAV,1776071015,0.24,0.25,0.25,6767.0,1776070800.0,0.22,0.25,0.25,6562.0,True
KXATPMATCH-26APR13OPEQUI-OPE,1776067944,0.36,0.37,0.37,14604.0,1776067200.0,0.35,0.36,0.36,11655.0,True
KXATPMATCH-26APR13TRUMED-MED,1776074534,0.73,0.74,0.74,1840.0,1776074400.0,0.73,0.74,0.74,1709.0,True
KXATPMATCH-26APR13VANHUE-HUE,1776056557,0.24,0.26,0.26,2094.0,1776056400.0,0.26,0.27,0.27,135.0,True
KXATPMATCH-26APR14BERTOP-BER,1776158247,0.8,0.81,0.81,29100.0,1776157200.0,0.81,0.82,0.82,28293.0,True
KXATPMATCH-26APR14COBDED-COB,1776149752,0.79,0.81,0.81,15774.0,1776146400.0,0.8,0.81,0.81,5483.0,True
KXATPMATCH-26APR14MOLBUB-BUB,1776156423,0.73,0.74,0.74,72674.0,1776153600.0,0.73,0.74,0.74,71977.0,True
KXATPMATCH-26APR15ALTMOL-ALT,1776320482,0.57,0.58,0.58,57961.0,1776319200.0,0.55,0.57,0.57,15464.0,True
KXATPMATCH-26APR15BLOSHE-BLO,1776237961,0.41,0.42,0.42,35771.0,1776236400.0,0.43,0.44,0.44,24279.0,True
KXATPMATCH-26APR15BORETC-BOR,1776230494,0.25,0.26,0.26,1306.0,1776229200.0,0.26,0.27,0.27,979.0,True
KXATPMATCH-26APR15COBBER-BER,1776243721,0.4,0.41,0.41,4839.0,1776243600.0,0.4,0.41,0.41,4378.0,True
KXATPMATCH-26APR15DEMED-DE,1776237100,0.71,0.73,0.73,56891.0,1776236400.0,0.71,0.72,0.72,27539.0,True
KXATPMATCH-26APR15FILNAK-FIL,1776344121,0.75,0.77,0.77,34089.0,1776340800.0,0.74,0.76,0.76,19250.0,True
KXATPMATCH-26APR15JODUGO-JOD,1776246685,0.81,0.82,0.82,18164.0,1776243600.0,0.8,0.82,0.82,16967.0,True
KXATPMATCH-26APR15KOPDAR-DAR,1776251764,0.72,0.74,0.73,38872.0,1776250800.0,0.71,0.73,0.73,23316.0,True
KXATPMATCH-26APR15MOUMUS-MOU,1776333149,0.24,0.25,0.25,8130.0,1776326400.0,0.24,0.25,0.25,8130.0,True
KXATPMATCH-26APR15NORQUI-NOR,1776256624,0.63,0.64,0.64,13277.0,1776254400.0,0.63,0.65,0.65,9619.0,True
KXATPMATCH-26APR15RINFON-FON,1776228092,0.73,0.74,0.74,16918.0,1776225600.0,0.74,0.75,0.75,12557.0,True
KXATPMATCH-26APR15SONRUB-RUB,1776324344,0.77,0.79,0.79,29563.0,1776322800.0,0.79,0.8,0.8,11693.0,True
KXATPMATCH-26APR15VANCER-CER,1776313272,0.74,0.76,0.76,47360.0,1776312000.0,0.73,0.75,0.75,14225.0,True
KXATPMATCH-26APR15ZVEDIA-DIA,1776326145,0.09,0.1,0.1,51575.0,1776322800.0,0.09,0.1,0.1,34212.0,True
KXATPMATCH-26APR16COBKOP-COB,1776400864,0.69,0.71,0.71,108583.73000000001,1776398400.0,0.71,0.72,0.72,90584.54000000001,True
KXATPMATCH-26APR16FONSHE-FON,1776418265,0.63,0.65,0.65,57056.450000000004,1776416400.0,0.63,0.64,0.64,50845.55,True
KXATPMATCH-26APR16MEDBOR-BOR,1776401506,0.34,0.35,0.36,11380.79,1776398400.0,0.35,0.36,0.37,6299.88,True
KXATPMATCH-26APR16SHAMAR-MAR,1776332557,0.54,0.56,0.56,25709.0,1776326400.0,0.54,0.56,0.56,25709.0,True
KXATPMATCH-26APR17FILMUS-FIL,1776418263,0.48,0.5,0.5,25786.870000000003,1776416400.0,0.48,0.49,0.49,18861.93,True
KXATPMATCH-26APR17MACRUB-MAC,1776407774,0.41,0.42,0.42,14282.77,1776405600.0,0.4,0.41,0.41,8371.27,True
KXATPMATCH-26APR17NORJOD-JOD,1776423909,0.7,0.72,0.72,18275.88,1776423600.0,0.7,0.72,0.72,16688.47,True
KXATPMATCH-26APR17SHAMOL-MOL,1776423674,0.46,0.47,0.47,58779.950000000004,1776423600.0,0.46,0.47,0.47,54407.280000000006,True
KXATPMATCH-26APR17ZVECER-CER,1776410123,0.28,0.29,0.29,22588.27,1776409200.0,0.28,0.29,0.29,15551.080000000002,True
KXATPMATCH-26APR18JODFIL-FIL,1776506719,0.6,0.61,0.61,114678.84000000001,1776506400.0,0.6,0.61,0.61,87725.12000000001,True
KXATPMATCH-26APR18MOLSHE-MOL,1776503443,0.26,0.29,0.29,26237.920000000002,1776502800.0,0.27,0.28,0.28,21835.07,True
KXATPMATCH-26APR18RUBMED-MED,1776498056,0.36,0.37,0.37,33491.42,1776495600.0,0.38,0.39,0.39,25263.2,True
KXATPMATCH-26APR18ZVECOB-COB,1776495673,0.16,0.17,0.17,65305.91,1776495600.0,0.16,0.18,0.18,16919.18,True
KXATPMATCH-26APR19COBSHE-COB,1776582649,0.48,0.49,0.48,144924.84999999998,1776582000.0,0.48,0.49,0.49,108014.4,True
KXATPMATCH-26APR19RUBFIL-FIL,1776592316,0.69,0.71,0.71,63118.68000000001,1776589200.0,0.69,0.71,0.71,57361.64000000001,True
KXATPMATCH-26APR20BLABON-BLA,1776673950,0.42,0.43,0.43,2323.04,1776672000.0,0.41,0.42,0.4,566.8700000000001,True
KXATPMATCH-26APR20BUDMAE-BUD,1776691309,0.59,0.62,0.62,1160.63,1776690000.0,0.59,0.6,0.6,803.23,True
KXATPMATCH-26APR20GARBLA-BLA,1776658018,,,,0.0,,,,,0.0,False
KXATPMATCH-26APR20GEAGAU-GAU,1776656654,0.56,0.57,0.57,4332.68,1776654000.0,0.55,0.57,0.56,3427.12,True
KXATPMATCH-26APR20HALFAR-FAR,1776673943,0.47,0.48,0.48,8692.52,1776672000.0,0.46,0.47,0.47,4873.78,True
KXATPMATCH-26APR20HARMCD-HAR,1776667356,0.61,0.62,0.61,4190.74,1776664800.0,0.62,0.64,0.64,3861.12,True
KXATPMATCH-26APR20HARMER-HAR,1776670449,0.21,0.22,0.22,2644.43,1776668400.0,0.22,0.24,0.24,2220.21,True
KXATPMATCH-26APR20HIJROD-HIJ,1776679385,0.53,0.56,0.56,38920.85,1776679200.0,0.53,0.54,0.54,31114.85,True
KXATPMATCH-26APR20KOVECH-ECH,1776681396,0.35,0.37,0.38,883.86,1776679200.0,0.35,0.37,0.38,871.25,True
KXATPMATCH-26APR20KYPKOU-KOU,1776690138,0.43,0.44,0.44,6964.389999999999,1776690000.0,0.43,0.44,0.44,5115.3099999999995,True
KXATPMATCH-26APR20LAJARN-ARN,1776684969,0.55,0.56,0.57,10849.119999999999,1776682800.0,0.55,0.57,0.57,9963.83,True
KXATPMATCH-26APR20MOLGAS-GAS,1776661625,0.64,0.66,0.66,1589.1000000000001,1776661200.0,0.63,0.64,0.64,1040.94,True
KXATPMATCH-26APR20PELDAM-DAM,1776655965,0.48,0.49,0.49,3790.7000000000003,1776654000.0,0.47,0.48,0.47,1044.52,True
KXATPMATCH-26APR20PIRBAR-BAR,1776694310,0.34,0.35,0.36,1020.24,1776693600.0,0.34,0.35,0.35,886.66,True
KXATPMATCH-26APR20PRIOCO-OCO,1776692511,0.19,0.2,0.2,1077.0,1776690000.0,0.19,0.2,0.2,943.9100000000001,True
KXATPMATCH-26APR20ROCCHO-CHO,1776684726,0.36,0.37,0.37,557.9300000000001,1776682800.0,0.35,0.36,0.36,366.22,True
KXATPMATCH-26APR20SVASAK-SAK,1776656650,0.6,0.61,0.61,22616.45,1776654000.0,0.61,0.62,0.62,14237.489999999998,True
KXATPMATCH-26APR20TRABAS-BAS,1776687715,0.51,0.52,0.52,4495.59,1776686400.0,0.51,0.52,0.52,4197.1900000000005,True
KXATPMATCH-26APR20TRUGOJ-GOJ,1776668576,0.46,0.49,0.49,8978.9,1776668400.0,0.48,0.49,0.49,5433.44,True
KXATPMATCH-26APR20VALMAR-MAR,1776676371,0.38,0.39,0.39,1805.25,1776675600.0,0.38,0.39,0.38,1702.96,True
KXATPMATCH-26APR20VANDED-DED,1776672245,0.28,0.3,0.29,688.98,1776668400.0,0.29,0.3,0.28,111.44,True
KXATPMATCH-26APR20VIRDRO-DRO,1776662563,0.56,0.57,0.57,6455.4800000000005,1776661200.0,0.55,0.57,0.57,3663.3500000000004,True
KXATPMATCH-26APR20VUKLLA-LLA,1776664015,0.8,0.81,0.81,1012.6100000000001,1776661200.0,0.8,0.81,0.81,848.5600000000001,True
KXATPMATCH-26APR20YIBDHA-DHA,1776661950,0.15,0.16,0.16,666.8499999999999,1776661200.0,0.15,0.16,0.16,290.28,True
KXATPMATCH-26APR21DEDBON-BON,1776759144,0.61,0.64,0.64,3250.11,1776758400.0,0.61,0.66,0.66,1960.5,True
KXATPMATCH-26APR21ECHBUD-BUD,1776764875,0.73,0.75,0.76,2520.91,1776762000.0,0.72,0.76,0.76,2284.39,True
KXATPMATCH-26APR21FARHAR-FAR,1776759142,0.62,0.63,0.62,10627.36,1776758400.0,0.61,0.62,0.63,8367.07,True
KXATPMATCH-26APR21GARDAM-DAM,1776748958,0.29,0.31,0.31,2386.06,1776747600.0,0.3,0.31,0.31,1680.97,True
KXATPMATCH-26APR21KYPBAS-BAS,1776770526,0.49,0.5,0.5,4440.78,1776769200.0,0.46,0.48,0.64,3216.3499999999995,True
KXATPMATCH-26APR21LLAMOL-LLA,1776748965,0.72,0.73,0.74,4953.9,1776747600.0,0.72,0.73,0.73,3324.4399999999996,True
KXATPMATCH-26APR21PRIPIR-PIR,1776773220,0.35,0.36,0.34,2751.8199999999997,1776772800.0,0.33,0.34,0.34,1299.82,True
KXATPMATCH-26APR21RODLAJ-LAJ,1776760392,0.54,0.56,0.55,7967.9,1776758400.0,0.53,0.55,0.55,5898.51,True
KXATPMATCH-26APR21SAKGAU-GAU,1776753776,0.52,0.54,0.58,73241.76999999999,1776751200.0,0.49,0.5,0.5,3377.7599999999998,True
KXATPMATCH-26APR21VALROC-ROC,1776768392,0.32,0.33,0.33,3565.96,1776765600.0,0.32,0.33,0.33,2228.51,True
KXATPMATCH-26APR21YIBDRO-DRO,1776755217,0.48,0.49,0.49,16504.27,1776754800.0,0.47,0.48,0.48,6718.5199999999995,True
KXATPMATCH-26APR22ALTCER-ALT,1776940329,0.43,0.44,0.44,7905.67,1776938400.0,0.45,0.46,0.46,6714.94,True
KXATPMATCH-26APR22ATMKEC-ATM,1776918390,0.46,0.47,0.47,25720.170000000002,1776916800.0,0.45,0.47,0.47,8082.6500000000015,True
KXATPMATCH-26APR22BERCIL-BER,1776835418,0.49,0.5,0.5,14292.7,1776834000.0,0.48,0.5,0.49,4598.73,True
KXATPMATCH-26APR22BONDRO-BON,1776859971,0.43,0.44,0.43,1739.07,1776859200.0,0.42,0.44,0.46,1365.07,True
KXATPMATCH-26APR22CARFUC-CAR,1776922937,0.49,0.51,0.51,2306.8,1776920400.0,0.49,0.5,0.5,1602.0600000000002,True
KXATPMATCH-26APR22JODDEJ-DEJ,1776867725,0.15,0.16,0.15,6610.389999999999,1776866400.0,0.16,0.17,0.17,6340.599999999999,True
KXATPMATCH-26APR22KYPTSI-KYP,1776938547,0.28,0.29,0.29,8615.87,1776938400.0,0.27,0.28,0.28,6888.320000000001,True
KXATPMATCH-26APR22LANWAL-LAN,1776946296,0.79,0.8,0.8,4821.209999999999,1776945600.0,0.79,0.8,0.79,4800.049999999999,True
KXATPMATCH-26APR22MULSTR-MUL,1776842814,0.58,0.59,0.59,9884.75,1776841200.0,0.58,0.59,0.59,5047.6,True
KXATPMATCH-26APR22MUNSHE-MUN,1776925328,0.59,0.61,0.61,22273.700000000004,1776924000.0,0.59,0.6,0.6,19241.230000000003,True
KXATPMATCH-26APR22POPDAM-DAM,1776930140,0.33,0.34,0.35,7548.53,1776927600.0,0.34,0.36,0.34,6636.139999999999,True
KXATPMATCH-26APR22ZHAKOP-KOP,1776830812,0.46,0.47,0.47,9440.210000000001,1776830400.0,0.48,0.49,0.49,6659.99,True
KXATPMATCH-26APR24BUBTSI-BUB,1777129875,0.62,0.64,0.64,64346.670000000006,1777129200.0,0.61,0.62,0.62,60843.33000000001,True
KXATPMATCH-26APR24CERHAN-CER,1777092972,0.71,0.72,0.72,24933.66,1777089600.0,0.7,0.72,0.72,19686.97,True
KXATPMATCH-26APR24DAMMEN-DAM,1777098120,0.26,0.27,0.27,14114.37,1777096800.0,0.24,0.26,0.26,11556.25,True
KXATPMATCH-26APR24GAUAUG-AUG,1777106773,0.76,0.77,0.78,53578.59,1777104000.0,0.76,0.77,0.77,48908.31,True
KXATPMATCH-26APR24HUMATM-ATM,1777107975,0.56,0.57,0.57,63350.91999999999,1777107600.0,0.54,0.57,0.57,59407.03999999999,True
KXATPMATCH-26APR24JODDE-DE,1777037522,0.52,0.54,0.54,38348.810000000005,1777035600.0,0.52,0.53,0.53,35078.4,True
KXATPMATCH-26APR24LAJRIN-LAJ,1777009329,0.39,0.41,0.41,58.53,1777006800.0,,,,0.0,True
KXATPMATCH-26APR24LEHTAB-LEH,1777020134,0.55,0.56,0.56,49205.22,1777017600.0,0.54,0.55,0.55,23496.57,True
KXATPMATCH-26APR24MOLDIA-DIA,1777012420,0.56,0.57,0.57,2898.95,1777010400.0,,,,0.0,True
KXATPMATCH-26APR24MUNRUU-MUN,1777098711,0.3,0.32,0.32,23136.11,1777096800.0,0.3,0.31,0.31,6905.039999999999,True
KXATPMATCH-26APR24NAKBLO-BLO,1777105935,0.58,0.59,0.59,48245.1,1777104000.0,0.58,0.59,0.59,40896.04,True
KXATPMATCH-26APR24NAVVAC-NAV,1777011171,0.25,0.26,0.27,9462.04,1777010400.0,,,,0.0,True
KXATPMATCH-26APR24OFNETC-ETC,1777026377,,,,0.0,,,,,0.0,False
KXATPMATCH-26APR24RUBKOP-KOP,1777030945,0.24,0.25,0.25,5844.85,1777028400.0,0.24,0.25,0.25,5544.83,True
KXATPMATCH-26APR24SHEPRI-PRI,1777019526,0.32,0.33,0.33,7859.88,1777017600.0,0.33,0.34,0.34,3621.3100000000004,True
KXATPMATCH-26APR24TIEVAL-TIE,1777113966,0.41,0.42,0.42,52867.95999999999,1777111200.0,0.41,0.42,0.42,46336.119999999995,True
KXATPMATCH-26APR25CERDAR-CER,1777098703,0.37,0.39,0.39,14411.68,1777096800.0,0.37,0.38,0.38,976.11,True
KXATPMATCH-26APR25KHAWAL-KHA,1777091768,0.78,0.8,0.8,7033.169999999998,1777089600.0,0.78,0.8,0.8,6352.709999999999,True
KXATPMATCH-26APR25MERMOU-MER,1777122704,0.35,0.36,0.35,8114.78,1777122000.0,0.35,0.36,0.36,8032.13,True
KXATPMATCH-26APR26CERDAR-CER,1777278689,,,,0.0,,,,,0.0,False
KXATPMATCH-26APR26LEHMIC-LEH,1777178486,0.69,0.7,0.7,33562.72,1777176000.0,0.69,0.7,0.7,18796.999999999996,True
KXATPMATCH-26APR27BLOAUG-AUG,1777291281,0.73,0.74,0.74,98437.44,1777291200.0,0.71,0.72,0.72,82091.45000000001,True
KXATPMATCH-26APR27MEDBUD-BUD,1777279879,0.26,0.27,0.27,62439.420000000006,1777276800.0,0.25,0.27,0.27,61647.4,True
KXATPMATCH-26APR28KOPJOD-JOD,1777368680,0.82,0.83,0.83,11916.96,1777366800.0,0.82,0.83,0.83,11486.359999999999,True
KXATPMATCH-26APR28MEDCOB-COB,1777390522,0.46,0.47,0.47,72413.31,1777388400.0,0.46,0.47,0.47,45068.020000000004,True
KXATPMATCH-26APR28MENZVE-MEN,1777397121,0.33,0.34,0.34,36421.64,1777395600.0,0.33,0.34,0.34,24528.109999999997,True
KXATPMATCH-26APR28SINNOR-NOR,1777351532,0.04,0.05,0.05,145100.9,1777348800.0,0.04,0.05,0.05,119732.69999999998,True
KXATPMATCH-26APR30COBZVE-COB,1777557050,0.29,0.3,0.3,77259.8,1777554000.0,0.29,0.3,0.3,68369.16,True
KXATPMATCH-26APR30RUUBLO-BLO,1777531835,0.27,0.28,0.28,168571.97,1777528800.0,0.27,0.28,0.28,78657.11,True
KXATPMATCH-26FEB01BAUOCO-BAU,1770050788,0.57,0.58,0.58,6715.0,1770048000.0,0.56,0.57,0.57,4372.0,True
KXATPMATCH-26FEB01BERDRO-BER,1769921207,0.23,0.24,0.21,11.0,1769918400.0,0.22,0.23,,0.0,True
KXATPMATCH-26FEB01BLAGRE-BLA,1769950910,0.3,0.31,0.31,595.0,1769950800.0,0.3,0.32,0.31,204.0,True
KXATPMATCH-26FEB01KECCAR-CAR,1770105063,0.43,0.44,0.44,17397.0,1770102000.0,0.44,0.45,0.45,6048.0,True
KXATPMATCH-26FEB01MARMAN-MAN,1770035508,0.6,0.61,0.61,10606.0,1770033600.0,0.6,0.61,0.61,10564.0,True
KXATPMATCH-26FEB01MEDWAW-MED,1770204929,0.59,0.6,0.6,14467.0,1770202800.0,0.59,0.6,0.6,14115.0,True
KXATPMATCH-26FEB02BLADRO-BLA,1770017469,0.4,0.41,0.41,5771.0,1770015600.0,0.39,0.41,0.41,2301.0,True
KXATPMATCH-26FEB02VAVGRE-GRE,1770025909,0.38,0.39,0.39,1053.0,1770022800.0,0.39,0.4,0.4,1040.0,True
KXATPMATCH-26FEB03DROCHO-CHO,1770110738,0.27,0.28,0.29,797.0,1770109200.0,0.27,0.3,0.29,747.0,True
KXATPMATCH-26FEB04GRICAR-CAR,1770281424,0.41,0.42,0.42,24088.0,1770278400.0,0.4,0.41,0.41,8352.0,True
KXATPMATCH-26FEB05NARCOB-COB,1770286844,0.48,0.62,0.58,16905.0,1770285600.0,0.57,0.6,0.58,16905.0,True
KXATPMATCH-26FEB06AROTOM-ARO,1770475025,0.07,0.83,,0.0,1770469200.0,0.07,0.83,,0.0,True
KXATPMATCH-26FEB06GRIDRO-DRO,1770391871,0.37,0.38,0.38,5735.0,1770390000.0,0.37,0.38,0.38,5327.0,True
KXATPMATCH-26FEB06SVAGEO-GEO,1770470569,0.04,0.07,0.07,3932.0,1770469200.0,0.03,0.04,0.03,1434.0,True
KXATPMATCH-26FEB07AGAMON-AGA,1770471202,0.29,0.32,,0.0,1770469200.0,0.06,0.82,,0.0,True
KXATPMATCH-26FEB07COPBOO-BOO,1770452776,,,,0.0,,,,,0.0,False
KXATPMATCH-26FEB07DELOLI-DEL,1770484635,0.66,0.67,0.67,1792.0,1770483600.0,0.65,0.66,0.66,1011.0,True
KXATPMATCH-26FEB07GASDEC-DEC,1770453766,0.17,0.18,0.18,379.0,1770451200.0,0.17,0.18,0.18,163.0,True
KXATPMATCH-26FEB07MANDAM-DAM,1770458254,0.58,0.59,0.59,152814.0,1770454800.0,0.58,0.6,0.6,147451.0,True
KXATPMATCH-26FEB07MEDBAS-BAS,1770463033,0.27,0.28,0.28,7076.0,1770462000.0,0.27,0.28,0.28,7069.0,True
KXATPMATCH-26FEB07MIDMEL-MEL,1770470551,0.39,0.4,,0.0,1770469200.0,0.06,0.83,,0.0,True
KXATPMATCH-26FEB07PASKIC-KIC,1770464588,0.06,0.83,,0.0,1770458400.0,0.06,0.83,,0.0,True
KXATPMATCH-26FEB07PAVHAR-HAR,1770458251,0.72,0.75,0.75,629.0,1770454800.0,0.74,0.77,0.77,500.0,True
KXATPMATCH-26FEB07RODCEC-CEC,1770464585,0.06,0.83,,0.0,1770458400.0,0.06,0.83,,0.0,True
KXATPMATCH-26FEB08BARKOP-BAR,1770667637,0.37,0.38,0.38,3604.0,1770667200.0,0.36,0.38,0.38,1761.0,True
KXATPMATCH-26FEB08BAUNOR-BAU,1770624765,0.25,0.26,0.26,4266.0,1770624000.0,0.25,0.26,0.26,3716.0,True
KXATPMATCH-26FEB08BUDMUN-BUD,1770652654,0.31,0.33,0.33,5317.0,1770649200.0,0.32,0.33,0.32,162.0,True
KXATPMATCH-26FEB08DIATAB-DIA,1770731513,0.46,0.48,0.48,11820.0,1770728400.0,0.44,0.45,0.45,5643.0,True
KXATPMATCH-26FEB08GALMID-GAL,1770554558,0.48,0.51,0.52,27866.0,1770552000.0,0.49,0.68,0.49,14837.0,True
KXATPMATCH-26FEB08GASOCO-GAS,1770528756,0.53,0.54,0.54,664.0,1770526800.0,0.5,0.55,0.56,251.0,True
KXATPMATCH-26FEB08HURBUB-BUB,1770804722,0.58,0.59,0.59,146495.0,1770804000.0,0.59,0.61,0.61,121847.0,True
KXATPMATCH-26FEB08JODCAS-CAS,1770568340,0.18,0.19,0.19,392.0,1770566400.0,0.18,0.19,0.19,338.0,True
KXATPMATCH-26FEB08KHADEJ-DEJ,1770799934,0.16,0.17,0.17,3978.0,1770796800.0,0.15,0.16,0.16,1464.0,True
KXATPMATCH-26FEB08KYPPIN-KYP,1770563225,0.64,0.65,0.65,638.0,1770562800.0,0.65,0.67,0.66,607.0,True
KXATPMATCH-26FEB08MEDPAV-MED,1770543746,0.89,0.9,0.9,339.0,1770541200.0,0.89,0.9,0.9,320.0,True
KXATPMATCH-26FEB08PELSEY-PEL,1770562350,0.47,0.48,0.49,311.0,1770559200.0,0.44,0.47,0.47,290.0,True
KXATPMATCH-26FEB08SVABOY-BOY,1770561154,0.29,0.3,0.3,2268.0,1770559200.0,0.23,0.24,0.23,216.0,True
KXATPMATCH-26FEB08TSIRIN-RIN,1770794521,0.37,0.39,0.39,11961.0,1770793200.0,0.38,0.39,0.39,10040.0,True
KXATPMATCH-26FEB08UGOCOM-COM,1770754913,0.45,0.46,0.45,2651.0,1770753600.0,0.45,0.46,0.46,1547.0,True
KXATPMATCH-26FEB09CILTIE-CIL,1770732383,0.33,0.34,0.34,3086.0,1770721200.0,0.33,0.34,0.34,3086.0,True
KXATPMATCH-26FEB09DIASHE-DIA,1770747977,0.18,0.2,0.2,3349.0,1770746400.0,0.19,0.2,0.19,2055.0,True
KXATPMATCH-26FEB09DUCSPI-DUC,1770824176,0.25,0.26,0.25,431.0,1770818400.0,0.25,0.26,0.26,427.0,True
KXATPMATCH-26FEB09NAKBEL-BEL,1770643303,0.31,0.32,0.32,684.0,1770642000.0,0.31,0.32,0.32,683.0,True
KXATPMATCH-26FEB09PAVVAN-PAV,1770646913,0.2,0.21,0.21,4098.0,1770645600.0,0.2,0.21,0.21,4068.0,True
KXATPMATCH-26FEB10BUSPAS-BUS,1770742303,0.38,0.4,0.4,1712.0,1770739200.0,0.4,0.41,0.41,1112.0,True
KXATPMATCH-26FEB10CERDEL-CER,1770842167,0.85,0.86,0.86,8571.0,1770840000.0,0.85,0.87,0.87,8488.0,True
KXATPMATCH-26FEB10KOVKYP-KOV,1770757569,,,,0.0,,,,,0.0,False
KXATPMATCH-26FEB11FRINAK-FRI,1770841289,0.58,0.59,0.59,23125.0,1770840000.0,0.59,0.6,0.6,13483.0,True
KXATPMATCH-26FEB11GRIHAL-GRI,1770828102,0.63,0.64,0.64,22614.0,1770825600.0,0.64,0.65,0.65,10134.0,True
KXATPMATCH-26FEB11KOPBER-BER,1770825084,0.7,0.71,0.71,557.0,1770822000.0,0.71,0.73,0.73,452.0,True
KXATPMATCH-26FEB12KHAMUN-KHA,1770879067,0.56,0.58,0.58,56795.0,1770876000.0,0.53,0.55,0.55,12025.0,True
KXATPMATCH-26FEB12MANSHE-MAN,1770933072,0.18,0.19,0.19,9111.0,1770930000.0,0.19,0.2,0.2,4992.0,True
KXATPMATCH-26FEB12MEDAUG-AUG,1770905803,0.78,0.79,0.79,37913.0,1770904800.0,0.77,0.79,0.79,33188.0,True
KXATPMATCH-26FEB12QUICIL-CIL,1770904287,0.62,0.63,0.63,5130.0,1770901200.0,0.61,0.63,0.63,5014.0,True
KXATPMATCH-26FEB12STRBUB-BUB,1770914760,0.72,0.73,0.73,41805.0,1770912000.0,0.71,0.72,0.72,32823.0,True
KXATPMATCH-26FEB12VANTSI-TSI,1770886950,0.66,0.69,0.69,107797.0,1770886800.0,0.66,0.67,0.67,97138.0,True
KXATPMATCH-26FEB13CERKOP-CER,1770996955,0.83,0.84,0.84,3782.0,1770994800.0,0.85,0.86,0.85,1768.0,True
KXATPMATCH-26FEB13KECSHE-KEC,1771017710,0.18,0.19,0.19,12068.0,1771016400.0,0.17,0.18,0.18,8802.0,True
KXATPMATCH-26FEB13MUNBUB-BUB,1771004173,0.65,0.67,0.67,74348.0,1771002000.0,0.65,0.66,0.66,29574.0,True
KXATPMATCH-26FEB13TABETC-ETC,1770985271,0.58,0.6,0.6,18559.0,1770984000.0,0.58,0.61,0.61,18486.0,True
KXATPMATCH-26FEB13UGOBAE-BAE,1771004477,0.63,0.64,0.64,10298.0,1771002000.0,0.62,0.64,0.64,8223.0,True
KXATPMATCH-26FEB14BAEDAR-BAE,1771087332,0.42,0.43,0.43,4403.0,1771084800.0,0.41,0.43,0.43,2239.0,True
KXATPMATCH-26FEB14BASYME-BAS,1771044685,,,,0.0,,,,,0.0,False
KXATPMATCH-26FEB14CARMIE-CAR,1771051313,,,,0.0,,,,,0.0,False
KXATPMATCH-26FEB14FARJAR-FAR,1771085260,0.52,0.55,0.55,866.0,1771084800.0,0.52,0.54,0.54,806.0,True
KXATPMATCH-26FEB14FRICIL-CIL,1771086139,0.37,0.39,0.39,26682.0,1771084800.0,0.37,0.38,0.38,24545.0,True
KXATPMATCH-26FEB14GALPRI-GAL,1771087938,0.25,0.28,0.28,6.0,1771084800.0,0.25,0.28,,0.0,True
KXATPMATCH-26FEB14MOLPAS-MOL,1771081380,0.35,0.39,0.39,4.0,1771081200.0,0.34,0.39,,0.0,True
KXATPMATCH-26FEB14NISWON-NIS,1771064538,0.37,0.41,0.16,2.0,1771063200.0,0.15,0.81,,0.0,True
KXATPMATCH-26FEB14PELGAU-GAU,1771082570,0.49,0.52,0.53,10.0,1771081200.0,0.51,0.56,0.54,9.0,True
KXATPMATCH-26FEB14SCHCAS-CAS,1771071194,0.42,0.45,0.47,107.0,1771070400.0,0.43,0.47,0.44,11.0,True
KXATPMATCH-26FEB14TSEMAR-MAR,1771081381,0.26,0.29,,0.0,1771081200.0,0.26,0.29,,0.0,True
KXATPMATCH-26FEB14WALMAN-MAN,1771093347,0.37,0.38,0.38,691.0,1771092000.0,0.36,0.4,0.35,145.0,True
KXATPMATCH-26FEB14WILSHI-SHI,1771086164,0.9,0.92,0.92,901.0,1771084800.0,0.88,0.91,0.91,798.0,True
KXATPMATCH-26FEB14YIBSMI-SMI,1771066029,0.31,0.36,0.55,49.0,1771063200.0,0.55,0.82,0.55,16.0,True
KXATPMATCH-26FEB15CERDAR-CER,1771351297,0.29,0.3,0.29,571261.0,1771351200.0,0.29,0.3,0.3,564219.0,True
KXATPMATCH-26FEB15CERNAV-CER,1771352169,0.68,0.69,0.69,29434.0,1771351200.0,0.69,0.7,0.7,25625.0,True
KXATPMATCH-26FEB15DEAUG-AUG,1771150343,0.6,0.61,0.61,152352.0,1771149600.0,0.6,0.61,0.61,130970.0,True
KXATPMATCH-26FEB15DZUMAR-DZU,1771359079,0.4,0.41,0.41,2770.0,1771358400.0,0.4,0.41,0.42,2622.0,True
KXATPMATCH-26FEB15ETCCOM-COM,1771345285,0.36,0.38,0.39,1629.0,1771344000.0,0.36,0.39,0.39,1138.0,True
KXATPMATCH-26FEB15GARTIR-GAR,1771256538,0.49,0.5,0.5,2112.0,1771254000.0,0.47,0.48,0.49,1988.0,True
KXATPMATCH-26FEB15HANREI-HAN,1771274501,0.75,0.76,0.76,1480.0,1771272000.0,0.74,0.75,0.76,846.0,True
KXATPMATCH-26FEB15HERYME-HER,1771137767,0.48,0.51,0.51,1489.0,1771135200.0,0.47,0.5,0.5,677.0,True
KXATPMATCH-26FEB15KECBEL-BEL,1771353089,0.31,0.32,0.32,583.0,1771351200.0,0.31,0.32,0.32,566.0,True
KXATPMATCH-26FEB15KYPATM-ATM,1771250204,0.47,0.48,0.48,11193.0,1771246800.0,0.46,0.47,0.47,8941.0,True
KXATPMATCH-26FEB15MOCCAR-CAR,1771134779,0.58,0.6,0.6,1616.0,1771131600.0,0.57,0.59,0.59,206.0,True
KXATPMATCH-26FEB15SCHWON-SCH,1771151806,0.37,0.4,0.36,768.0,1771149600.0,0.36,0.48,0.49,668.0,True
KXATPMATCH-26FEB15TABNAV-NAV,1771261352,0.34,0.35,0.34,3858.0,1771261200.0,0.34,0.35,0.35,3825.0,True
KXATPMATCH-26FEB15VACMIC-MIC,1771256804,0.5,0.51,0.51,25593.0,1771254000.0,0.51,0.53,0.53,15613.0,True
KXATPMATCH-26FEB16BERMPE-BER,1771326115,0.57,0.6,0.6,11971.0,1771326000.0,0.56,0.58,0.58,11370.0,True
KXATPMATCH-26FEB16ECHTSI-ECH,1771308670,0.1,0.11,0.11,2741.0,1771308000.0,0.1,0.11,0.11,2100.0,True
KXATPMATCH-26FEB16FILMAJ-FIL,1771237579,0.7,0.71,0.71,47901.0,1771236000.0,0.7,0.71,0.71,47477.0,True
KXATPMATCH-26FEB16FUCHAB-FUC,1771307754,0.84,0.85,0.85,12059.0,1771304400.0,0.84,0.85,0.85,6030.0,True
KXATPMATCH-26FEB16MEDSHA-MED,1771248684,0.77,0.78,0.78,59126.0,1771246800.0,0.79,0.8,0.8,49548.0,True
KXATPMATCH-26FEB16MENCHO-CHO,1771230723,0.13,0.15,0.15,3657.0,1771228800.0,0.14,0.15,0.14,2849.0,True
KXATPMATCH-26FEB16SHIGIR-GIR,1771267283,0.68,0.69,0.69,3729.0,1771264800.0,0.68,0.69,0.69,2678.0,True
KXATPMATCH-26FEB16ZAYPOP-POP,1771221093,0.91,0.97,0.97,3929.0,1771218000.0,0.93,0.96,0.96,2865.0,True
KXATPMATCH-26FEB17BARBER-BAR,1771345892,0.21,0.25,0.25,1399.0,1771344000.0,0.24,0.25,0.25,1371.0,True
KXATPMATCH-26FEB17CARHAL-CAR,1771312272,0.47,0.48,0.48,11312.0,1771311600.0,0.46,0.48,0.48,10294.0,True
KXATPMATCH-26FEB17KOVSVA-KOV,1771332365,0.38,0.39,0.39,1886.0,1771329600.0,0.38,0.39,0.39,1813.0,True
KXATPMATCH-26FEB17WALDIA-DIA,1771350371,0.71,0.73,0.73,3090.0,1771347600.0,0.7,0.72,0.72,1130.0,True
KXATPMATCH-26FEB18HANCER-CER,1771432542,0.51,0.52,0.52,2214.0,1771430400.0,0.5,0.51,0.51,822.0,True
KXATPMATCH-26FEB18LEHBER-BER,1771401333,0.32,0.33,0.33,1604.0,1771398000.0,0.32,0.33,0.33,1386.0,True
KXATPMATCH-26FEB18MARRUB-MAR,1771408253,0.39,0.4,0.4,15985.0,1771405200.0,0.37,0.38,0.39,11140.0,True
KXATPMATCH-26FEB18MENZHA-MEN,1771413350,0.71,0.72,0.72,34462.0,1771412400.0,0.73,0.74,0.74,32591.0,True
KXATPMATCH-26FEB18MICKOR-KOR,1771441281,0.6,0.61,0.61,7923.0,1771441200.0,0.61,0.62,0.62,6815.0,True
KXATPMATCH-26FEB18NAKWON-NAK,1771429540,0.7,0.71,0.71,19365.0,1771426800.0,0.7,0.71,0.71,2078.0,True
KXATPMATCH-26FEB18SVATIA-SVA,1771521029,0.35,0.36,0.36,19196.0,1771520400.0,0.36,0.37,0.36,8043.0,True
KXATPMATCH-26FEB19ALCKHA-ALC,1771506636,0.92,0.93,0.93,21311.0,1771506000.0,0.92,0.93,0.93,16373.0,True
KXATPMATCH-26FEB19DZUFAR-DZU,1771516245,0.41,0.42,0.43,5374.0,1771513200.0,0.42,0.44,0.44,4104.0,True
KXATPMATCH-26FEB19ETCGAU-ETC,1771521024,0.79,0.8,0.79,1557.0,1771520400.0,0.79,0.8,0.8,1042.0,True
KXATPMATCH-26FEB19FRIJOD-FRI,1771536633,0.77,0.78,0.77,74516.0,1771534800.0,0.77,0.78,0.78,66030.0,True
KXATPMATCH-26FEB19WALPAU-PAU,1771528834,0.88,0.89,0.9,4080.0,1771527600.0,0.89,0.9,0.9,4032.0,True
KXATPMATCH-26FEB20FRIPAU-FRI,1771623145,0.56,0.57,0.58,40141.0,1771621200.0,0.57,0.58,0.58,20139.0,True
KXATPMATCH-26FEB20TIRTAB-TAB,1771629760,0.61,0.62,0.62,39553.0,1771628400.0,0.61,0.62,0.62,23549.0,True
KXATPMATCH-26FEB21ALCFIL-ALC,1771679595,0.85,0.86,0.85,176533.0,1771678800.0,0.85,0.87,0.87,171444.0,True
KXATPMATCH-26FEB21FICYIB-FIC,1771702362,0.17,0.18,0.18,123.0,1771700400.0,0.17,0.19,0.16,3.0,True
KXATPMATCH-26FEB21GAUREI-GAU,1771666962,0.69,0.73,0.73,134.0,1771664400.0,0.59,0.72,0.71,72.0,True
KXATPMATCH-26FEB21HERWON-HER,1771709844,0.11,0.12,0.12,2390.0,1771707600.0,0.1,0.13,0.12,1851.0,True
KXATPMATCH-26FEB21NUNBAR-BAR,1771671210,0.84,0.85,0.84,366.0,1771668000.0,0.79,0.84,0.84,346.0,True
KXATPMATCH-26FEB21PAUTIE-PAU,1771709566,0.62,0.63,0.63,68808.0,1771707600.0,0.62,0.63,0.62,55307.0,True
KXATPMATCH-26FEB21PELVIL-PEL,1771673581,0.94,0.95,0.94,941.0,1771671600.0,0.85,0.94,0.89,658.0,True
KXATPMATCH-26FEB21STRAL-AL,1771643509,0.06,0.07,0.07,478.0,1771642800.0,0.07,0.12,0.07,58.0,True
KXATPMATCH-26FEB21SVAMAR-MAR,1771707199,0.16,0.17,0.17,1508.0,1771704000.0,0.15,0.16,0.15,1481.0,True
KXATPMATCH-26FEB21TABBUS-BUS,1771752803,0.42,0.43,0.43,139648.0,1771750800.0,0.42,0.43,0.43,137027.0,True
KXATPMATCH-26FEB21TORDEL-DEL,1771665455,0.84,0.91,0.84,438.0,1771664400.0,0.88,0.89,0.88,402.0,True
KXATPMATCH-26FEB21TRUNAR-NAR,1771649838,0.73,0.76,0.76,284.0,1771646400.0,0.73,0.75,0.75,107.0,True
KXATPMATCH-26FEB22ATMDIM-ATM,1771962121,0.3,0.31,0.31,3211.0,1771959600.0,0.3,0.31,0.3,2830.0,True
KXATPMATCH-26FEB22AUGZHA-AUG,1771844854,0.81,0.82,0.82,51122.0,1771844400.0,0.8,0.81,0.81,47898.0,True
KXATPMATCH-26FEB22BERBRO-BER,1771912334,0.46,0.47,0.47,6591.0,1771909200.0,0.47,0.48,0.48,5345.0,True
KXATPMATCH-26FEB22CERGAR-CER,1771956106,0.58,0.59,0.59,5585.0,1771956000.0,0.58,0.59,0.59,4554.0,True
KXATPMATCH-26FEB22DUCSVR-DUC,1771962388,0.41,0.42,0.43,9695.0,1771959600.0,0.41,0.43,0.41,7128.0,True
KXATPMATCH-26FEB22HIJYIB-HIJ,1771789345,0.23,0.3,0.3,2198.0,1771786800.0,0.18,0.27,0.28,1777.0,True
KXATPMATCH-26FEB22HUMTSI-HUM,1771929724,0.53,0.54,0.54,24050.0,1771927200.0,0.53,0.54,0.54,23003.0,True
KXATPMATCH-26FEB22LAJHAN-HAN,1771846363,0.64,0.65,0.65,3509.0,1771844400.0,0.63,0.64,0.64,1840.0,True
KXATPMATCH-26FEB22MEDSHA-MED,1771910536,0.81,0.82,0.82,11001.0,1771909200.0,0.8,0.81,0.81,5692.0,True
KXATPMATCH-26FEB22MPECHO-CHO,1771729967,0.31,0.34,0.38,11.0,1771729200.0,0.31,0.33,0.38,11.0,True
KXATPMATCH-26FEB22NAVBER-BER,1771940288,0.75,0.76,0.76,2973.0,1771938000.0,0.75,0.76,0.75,2764.0,True
KXATPMATCH-26FEB22NAVKOP-KOP,1771943541,0.39,0.4,0.4,13978.0,1771941600.0,0.39,0.4,0.4,13474.0,True
KXATPMATCH-26FEB22PAUKOR-KOR,1771778564,0.47,0.49,0.49,57686.0,1771776000.0,0.47,0.48,0.48,53956.0,True
KXATPMATCH-26FEB22PELGAL-GAL,1771762394,0.45,0.46,0.45,386.0,1771761600.0,0.45,0.48,0.45,383.0,True
KXATPMATCH-26FEB22POPMAJ-MAJ,1771933945,0.46,0.47,0.47,5126.0,1771930800.0,0.46,0.47,0.47,4189.0,True
KXATPMATCH-26FEB22SCHKEC-KEC,1771874538,0.74,0.75,0.75,2858.0,1771873200.0,0.74,0.75,0.74,2722.0,True
KXATPMATCH-26FEB22TIABOR-BOR,1771970501,0.36,0.37,0.36,24143.0,1771970400.0,0.36,0.38,0.37,24071.0,True
KXATPMATCH-26FEB22ZVEMOU-MOU,1771969299,0.17,0.18,0.19,27387.0,1771966800.0,0.18,0.19,0.18,20974.0,True
KXATPMATCH-26FEB23ECHMPE-ECH,1771829549,0.2,0.21,0.21,4445.0,1771826400.0,0.21,0.22,0.22,3340.0,True
KXATPMATCH-26FEB23NAKYME-NAK,1771879929,0.83,0.84,0.84,1162.0,1771876800.0,0.84,0.85,0.85,776.0,True
KXATPMATCH-26FEB23PELBAR-BAR,1771855931,0.48,0.49,0.49,1378.0,1771855200.0,0.47,0.48,0.48,1332.0,True
KXATPMATCH-26FEB23STRBUB-BUB,1771917695,0.7,0.71,0.71,18327.0,1771916400.0,0.69,0.71,0.71,4929.0,True
KXATPMATCH-26FEB24HIJBEL-BEL,1771970776,0.48,0.49,0.49,1461.0,1771970400.0,0.48,0.49,0.49,1287.0,True
KXATPMATCH-26FEB24MANSHI-MAN,1771977078,0.55,0.56,0.56,12224.0,1771974000.0,0.54,0.55,0.55,8813.0,True
KXATPMATCH-26FEB24NARLEH-LEH,1771929123,,,,0.0,,,,,0.0,False
KXATPMATCH-26FEB24PASVAL-PAS,1771957289,0.41,0.42,0.42,641.0,1771956000.0,0.41,0.43,0.43,379.0,True
KXATPMATCH-26FEB24RUUYIB-RUU,1771978283,0.69,0.7,0.7,64589.0,1771977600.0,0.69,0.7,0.7,57709.0,True
KXATPMATCH-26FEB24SOTGAU-GAU,1771933904,0.77,0.78,0.77,983.0,1771930800.0,0.76,0.77,0.77,610.0,True
KXATPMATCH-26FEB25AUGMPE-AUG,1772005286,0.83,0.84,0.84,29382.0,1772002800.0,0.82,0.83,0.83,13382.0,True
KXATPMATCH-26FEB25BELDAV-BEL,1772061337,0.19,0.2,0.2,1903.0,1772060400.0,0.19,0.2,0.2,1803.0,True
KXATPMATCH-26FEB25BROKHA-BRO,1771999281,0.37,0.38,0.38,2950.0,1771999200.0,0.34,0.36,0.36,1378.0,True
KXATPMATCH-26FEB25NAKKYP-KYP,1772055951,0.33,0.35,0.33,14136.0,1772053200.0,0.33,0.34,0.34,13021.0,True
KXATPMATCH-26FEB25RUBHUM-HUM,1772019691,0.41,0.42,0.42,8987.0,1772017200.0,0.4,0.41,0.41,5418.0,True
KXATPMATCH-26FEB26MEDBRO-BRO,1772082931,0.23,0.24,0.24,11334.0,1772082000.0,0.22,0.23,0.22,4747.0,True
KXATPMATCH-26FEB26MENGRI-GRI,1772109639,0.29,0.31,0.3,4695.0,1772107200.0,0.29,0.3,0.3,2901.0,True
KXATPMATCH-26FEB26TIABEL-BEL,1772143527,0.32,0.33,0.33,9466.0,1772143200.0,0.32,0.33,0.33,6399.0,True
KXATPMATCH-26FEB26VACNAK-NAK,1772151635,0.55,0.56,0.56,43944.0,1772150400.0,0.56,0.57,0.57,37487.0,True
KXATPMATCH-26FEB26VALNAV-NAV,1772106332,0.4,0.42,0.42,3191.0,1772103600.0,0.38,0.43,0.42,2636.0,True
KXATPMATCH-26FEB26YIBCOB-COB,1772135448,0.44,0.47,0.47,28743.0,1772132400.0,0.44,0.46,0.46,14889.0,True
KXATPMATCH-26FEB27CERNAV-CER,1772200297,0.81,0.83,0.83,16701.0,1772197200.0,0.8,0.82,0.81,15002.0,True
KXATPMATCH-26FEB27RUBGRI-GRI,1772190166,0.28,0.29,0.29,19625.0,1772190000.0,0.28,0.29,0.29,19319.0,True
KXATPMATCH-26JAN02ARNGAS-ARN,1767413020,0.61,0.64,0.64,301.0,1767412800.0,0.62,0.63,,0.0,True
KXATPMATCH-26JAN02FEASWE-FEA,1767393974,0.65,0.68,0.68,107.0,1767391200.0,0.67,0.69,0.7,100.0,True
KXATPMATCH-26JAN02HALSPI-HAL,1767405116,0.42,0.43,0.43,113.0,1767402000.0,0.42,0.44,0.43,2.0,True
KXATPMATCH-26JAN02HIJMIS-HIJ,1767404476,0.65,0.66,0.66,258.0,1767402000.0,0.65,0.67,0.67,8.0,True
KXATPMATCH-26JAN02SCHDUC-DUC,1767399087,0.55,0.56,,0.0,1767398400.0,0.55,0.57,,0.0,True
KXATPMATCH-26JAN03ARNGAS-ARN,1767435416,0.1,0.92,0.88,114.0,1767434400.0,0.1,0.94,0.95,1.0,True
KXATPMATCH-26JAN03ATMDUC-ATM,1767491803,0.5,0.52,0.52,254.0,1767488400.0,0.48,0.51,0.49,70.0,True
KXATPMATCH-26JAN03DEJDIA-DEJ,1767670322,0.31,0.32,0.32,76.0,1767668400.0,0.31,0.32,0.35,15.0,True
KXATPMATCH-26JAN03ETCROY-ETC,1767663088,0.5,0.52,0.52,922.0,1767661200.0,0.49,0.52,0.52,550.0,True
KXATPMATCH-26JAN03MAJHEW-HEW,1767435414,0.03,0.25,0.05,1810.0,1767434400.0,0.08,0.25,0.05,1653.0,True
KXATPMATCH-26JAN03MEDFUC-FUC,1767586907,0.22,0.24,0.24,63.0,1767585600.0,0.22,0.24,0.24,52.0,True
KXATPMATCH-26JAN03MPEPAU-MPE,1767655576,0.35,0.36,0.36,246.0,1767654000.0,0.34,0.36,0.38,193.0,True
KXATPMATCH-26JAN03MULKEC-KEC,1767661317,0.56,0.57,0.59,996.0,1767661200.0,0.56,0.59,0.59,996.0,True
KXATPMATCH-26JAN03SWEOCO-OCO,1767476519,0.62,0.65,0.64,1.0,1767474000.0,0.62,0.64,0.64,1.0,True
KXATPMATCH-26JAN03VACKOR-KOR,1767559317,0.63,0.64,0.65,503.0,1767556800.0,0.6,0.61,0.61,319.0,True
KXATPMATCH-26JAN03WONNAV-NAV,1767668524,0.46,0.47,0.47,2265.0,1767668400.0,0.46,0.47,0.47,2265.0,True
KXATPMATCH-26JAN03ZHOMAE-MAE,1767482487,0.43,0.44,,0.0,1767481200.0,0.41,0.43,,0.0,True
KXATPMATCH-26JAN04MAJALT-ALT,1767574565,,,,0.0,,,,,0.0,False
KXATPMATCH-26JAN04NAVDJE-DJE,1767577297,0.41,0.42,,0.0,1767574800.0,0.4,0.42,,0.0,True
KXATPMATCH-26JAN04POPHAL-HAL,1767580549,0.38,0.39,0.4,121.0,1767578400.0,0.37,0.39,,0.0,True
KXATPMATCH-26JAN04TABZHO-TAB,1767567976,0.53,0.56,0.56,133.0,1767567600.0,0.56,0.58,,0.0,True
KXATPMATCH-26JAN05HIJWAL-HIJ,1767669963,0.53,0.54,0.54,877.0,1767668400.0,0.53,0.54,0.54,422.0,True
KXATPMATCH-26JAN05SHACOL-COL,1767645079,0.46,0.47,0.46,10273.0,1767643200.0,0.45,0.46,0.44,846.0,True
KXATPMATCH-26JAN06DJEGIR-DJE,1767675725,0.41,0.44,0.44,1321.0,1767675600.0,0.43,0.44,0.44,990.0,True
KXATPMATCH-26JAN07RUBYIB-RUB,1767770155,0.62,0.63,0.63,4520.0,1767769200.0,0.62,0.63,0.63,2094.0,True
KXATPMATCH-26JAN08MULGIR-GIR,1767835218,0.52,0.54,0.55,1351.0,1767834000.0,0.52,0.53,0.53,287.0,True
KXATPMATCH-26JAN09BELBLA-BEL,1767993937,,,,0.0,,,,,0.0,False
KXATPMATCH-26JAN09KOVNAK-KOV,1767999938,0.28,0.29,0.29,2013.0,1767999600.0,0.28,0.29,0.3,1923.0,True
KXATPMATCH-26JAN09MUSWON-MUS,1767920472,0.76,0.77,0.77,548.0,1767920400.0,0.75,0.77,0.77,529.0,True
KXATPMATCH-26JAN09SHESTR-SHE,1767992479,0.05,0.07,0.06,1381.0,1767992400.0,0.06,0.15,0.16,183.0,True
KXATPMATCH-26JAN10BAUMPE-BAU,1768248375,0.3,0.31,0.31,2751.0,1768248000.0,0.3,0.31,0.31,755.0,True
KXATPMATCH-26JAN10BELMED-BEL,1768073526,0.36,0.38,0.38,1.0,1768071600.0,0.38,0.4,,0.0,True
KXATPMATCH-26JAN10BORETC-BOR,1768278761,0.5,0.51,0.51,961.0,1768276800.0,0.5,0.51,0.51,115.0,True
KXATPMATCH-26JAN10COMROY-COM,1768164403,0.44,0.47,0.5,1215.0,1768161600.0,0.47,0.48,0.5,1215.0,True
KXATPMATCH-26JAN10DEJTIR-DEJ,1768092370,0.63,0.71,,0.0,1768089600.0,0.64,0.68,,0.0,True
KXATPMATCH-26JAN10MARMON-MAR,1768274830,0.59,0.6,0.6,867.0,1768273200.0,0.59,0.6,0.59,855.0,True
KXATPMATCH-26JAN10MISJOV-JOV,1768080134,0.11,0.14,0.12,2.0,1768078800.0,0.09,0.13,,0.0,True
KXATPMATCH-26JAN10MULGIR-GIR,1768252380,0.53,0.55,0.55,2411.0,1768251600.0,0.53,0.54,0.54,1586.0,True
KXATPMATCH-26JAN10MUSRUB-MUS,1768019487,0.51,0.52,0.52,2059.0,1768017600.0,0.51,0.52,0.52,2005.0,True
KXATPMATCH-26JAN10NAVMIC-MIC,1768248366,0.74,0.75,0.75,2331.0,1768248000.0,0.74,0.75,0.75,1743.0,True
KXATPMATCH-26JAN10NAVSTR-NAV,1768073873,0.44,0.45,0.45,46.0,1768071600.0,0.44,0.45,0.45,46.0,True
KXATPMATCH-26JAN10SHETAB-SHE,1768072051,0.69,0.73,0.73,7.0,1768071600.0,0.65,0.78,0.82,1.0,True
KXATPMATCH-26JAN10TABUGO-TAB,1768240214,0.67,0.69,0.69,4082.0,1768237200.0,0.66,0.68,0.68,3482.0,True
KXATPMATCH-26JAN10WALDEL-DEL,1768098733,0.12,0.14,0.14,813.0,1768096800.0,0.12,0.14,0.12,1.0,True
KXATPMATCH-26JAN11ALTMUN-ALT,1768185943,0.29,0.31,0.32,574.0,1768183200.0,0.29,0.31,0.32,574.0,True
KXATPMATCH-26JAN11BOYBAR-BAR,1768176367,0.26,0.27,0.29,2447.0,1768176000.0,0.27,0.28,0.29,2447.0,True
KXATPMATCH-26JAN11CRAMER-CRA,1768187374,0.39,0.4,0.42,113.0,1768186800.0,0.39,0.42,0.43,91.0,True
KXATPMATCH-26JAN11DROJAR-DRO,1768156871,0.46,0.48,,0.0,1768154400.0,0.46,0.48,,0.0,True
KXATPMATCH-26JAN11ENGLOF-ENG,1768160798,0.51,0.52,,0.0,1768158000.0,0.48,0.5,,0.0,True
KXATPMATCH-26JAN11FEAVUK-FEA,1768165846,0.57,0.59,0.55,3421.0,1768165200.0,0.57,0.59,0.55,3421.0,True
KXATPMATCH-26JAN11FERWIN-FER,1768164408,0.73,0.74,0.74,1200.0,1768161600.0,0.73,0.74,0.74,1200.0,True
KXATPMATCH-26JAN11KYMPRA-KYM,1768164993,0.76,0.77,0.76,7.0,1768161600.0,0.74,0.77,,0.0,True
KXATPMATCH-26JAN11MACDUC-DUC,1768248367,0.41,0.42,0.42,3181.0,1768248000.0,0.4,0.41,0.41,1491.0,True
KXATPMATCH-26JAN11NORGAS-GAS,1768178391,0.37,0.38,0.32,1200.0,1768176000.0,0.37,0.38,0.32,1200.0,True
KXATPMATCH-26JAN11OPEPOP-OPE,1768175439,0.48,0.49,0.52,11.0,1768172400.0,0.48,0.49,0.5,5.0,True
KXATPMATCH-26JAN11PINARN-ARN,1768158653,0.39,0.4,,0.0,1768158000.0,0.39,0.4,,0.0,True
KXATPMATCH-26JAN11QUIFUC-FUC,1768274830,0.53,0.54,0.54,775.0,1768273200.0,0.53,0.54,0.54,755.0,True
KXATPMATCH-26JAN11SAKEVA-EVA,1768176906,0.33,0.35,0.39,364.0,1768176000.0,0.36,0.38,0.39,364.0,True
KXATPMATCH-26JAN11SCHHIJ-HIJ,1768254169,0.56,0.57,0.57,1481.0,1768251600.0,0.56,0.57,0.56,1090.0,True
KXATPMATCH-26JAN11TIRVAV-TIR,1768168549,0.55,0.56,0.61,11.0,1768165200.0,0.56,0.57,0.61,11.0,True
KXATPMATCH-26JAN11TOMDEL-DEL,1768182926,0.21,0.23,0.2,4343.0,1768179600.0,0.2,0.23,0.24,4282.0,True
KXATPMATCH-26JAN12BARGUE-BAR,1768262609,0.62,0.63,0.64,2880.0,1768262400.0,0.62,0.63,0.64,2880.0,True
KXATPMATCH-26JAN12BLOCEC-BLO,1768274837,0.94,0.95,0.94,6195.0,1768273200.0,0.93,0.94,0.94,3177.0,True
KXATPMATCH-26JAN12CARARN-ARN,1768338765,0.29,0.32,0.32,511.0,1768338000.0,0.31,0.33,0.33,493.0,True
KXATPMATCH-26JAN12DAMDRO-DAM,1768330392,0.41,0.44,0.44,1091.0,1768327200.0,0.43,0.45,0.45,1081.0,True
KXATPMATCH-26JAN12DZUSHE-DZU,1768266153,0.41,0.42,0.42,1171.0,1768266000.0,0.41,0.42,0.44,5.0,True
KXATPMATCH-26JAN12ELLTRA-ELL,1768245280,0.44,0.45,0.45,120.0,1768244400.0,0.43,0.45,0.44,63.0,True
KXATPMATCH-26JAN12GUISEY-GUI,1768244052,0.32,0.33,0.33,2417.0,1768240800.0,0.32,0.33,0.33,2165.0,True
KXATPMATCH-26JAN12HARCIN-CIN,1768274820,0.38,0.39,0.39,1322.0,1768273200.0,0.38,0.39,0.38,1304.0,True
KXATPMATCH-26JAN12MOLPOL-MOL,1768253606,0.55,0.56,0.57,1897.0,1768251600.0,0.55,0.56,0.57,1897.0,True
KXATPMATCH-26JAN12PRIHEI-HEI,1768337559,0.26,0.27,0.27,2062.0,1768334400.0,0.28,0.3,0.31,2048.0,True
KXATPMATCH-26JAN12SHIMOL-MOL,1768266153,0.44,0.45,0.45,4083.0,1768266000.0,0.44,0.46,0.45,4083.0,True
KXATPMATCH-26JAN13BARZHE-BAR,1768357324,0.31,0.34,0.34,302.0,1768356000.0,0.32,0.34,0.34,302.0,True
KXATPMATCH-26JAN13BORSPI-BOR,1768347116,0.54,0.55,0.55,1975.0,1768345200.0,0.56,0.58,0.58,1300.0,True
KXATPMATCH-26JAN13DARTAB-DAR,1768336377,0.4,0.41,0.41,25.0,1768334400.0,0.39,0.41,0.41,18.0,True
KXATPMATCH-26JAN13GIRMIC-GIR,1768330382,0.47,0.49,0.49,897.0,1768327200.0,0.45,0.48,,0.0,True
KXATPMATCH-26JAN13GLIVAN-GLI,1768350733,0.34,0.35,,0.0,1768348800.0,0.34,0.36,,0.0,True
KXATPMATCH-26JAN13HASFAR-FAR,1768333959,0.68,0.69,0.69,320.0,1768330800.0,0.68,0.69,0.69,310.0,True
KXATPMATCH-26JAN13KUBGAU-GAU,1768361520,0.35,0.38,0.38,509.0,1768359600.0,0.38,0.39,0.38,4.0,True
KXATPMATCH-26JAN13LLAWON-LLA,1768342358,0.25,0.27,,0.0,1768341600.0,0.26,0.28,,0.0,True
KXATPMATCH-26JAN13MCCBUD-BUD,1768347116,0.58,0.6,0.6,386.0,1768345200.0,0.59,0.6,0.61,67.0,True
KXATPMATCH-26JAN13MOLYME-MOL,1768351326,0.42,0.43,0.43,401.0,1768348800.0,0.41,0.42,,0.0,True
KXATPMATCH-26JAN13MUNCER-CER,1768338753,0.43,0.44,0.44,4615.0,1768338000.0,0.43,0.44,0.44,3368.0,True
KXATPMATCH-26JAN13ROCTRU-ROC,1768340549,0.63,0.64,0.64,2700.0,1768338000.0,0.62,0.64,0.64,2700.0,True
KXATPMATCH-26JAN13SACDRA-DRA,1768365705,0.6,0.61,,0.0,1768363200.0,0.6,0.61,,0.0,True
KXATPMATCH-26JAN14DARGIR-DAR,1768435708,0.7,0.72,0.7,198942.0,1768435200.0,0.31,0.32,0.32,16234.0,True
KXATPMATCH-26JAN14GEAVAL-GEA,1768432456,0.6,0.63,0.65,443.0,1768431600.0,0.63,0.65,0.65,436.0,True
KXATPMATCH-26JAN14LAJMAE-LAJ,1768432729,0.54,0.56,0.55,807.0,1768431600.0,0.55,0.56,0.57,713.0,True
KXATPMATCH-26JAN14LOFBAS-BAS,1768425674,0.68,0.7,0.69,129.0,1768424400.0,0.67,0.68,0.69,105.0,True
KXATPMATCH-26JAN14MEDMEN-MED,1768366930,0.43,0.45,0.45,828.0,1768366800.0,0.42,0.45,0.45,426.0,True
KXATPMATCH-26JAN14SHEBAE-BAE,1768500327,0.5,0.52,0.5,508261.0,1768500000.0,0.49,0.51,0.51,476671.0,True
KXATPMATCH-26JAN14SPIMAR-MAR,1768497947,0.58,0.6,0.6,177125.0,1768496400.0,0.56,0.58,0.56,151674.0,True
KXATPMATCH-26JAN14VUKPAU-PAU,1768440812,0.74,0.75,0.75,1847.0,1768438800.0,0.74,0.75,0.75,1802.0,True
KXATPMATCH-26JAN14ZEPSAK-SAK,1768419164,0.46,0.47,0.48,2133.0,1768417200.0,0.47,0.48,0.47,10.0,True
KXATPMATCH-26JAN15DAVVAC-DAV,1768454988,0.62,0.64,0.64,3397.0,1768453200.0,0.62,0.64,0.64,1325.0,True
KXATPMATCH-26JAN16DAVHUM-DAV,1768539007,0.47,0.48,0.48,4262.0,1768536000.0,0.47,0.49,0.48,3681.0,True
KXATPMATCH-26JAN17ATMMAE-ATM,1768793607,0.63,0.64,0.64,13814.0,1768791600.0,0.64,0.65,0.64,13743.0,True
KXATPMATCH-26JAN17BELRUU-BEL,1768803777,0.18,0.19,0.19,1269.0,1768802400.0,0.19,0.2,0.2,832.0,True
KXATPMATCH-26JAN17BONNOR-BON,1768713233,0.25,0.27,0.26,3358.0,1768712400.0,0.26,0.27,0.27,1721.0,True
KXATPMATCH-26JAN17BORAUG-AUG,1768769682,0.74,0.75,0.75,42929.0,1768766400.0,0.74,0.75,0.75,27054.0,True
KXATPMATCH-26JAN17BUDOPE-BUD,1768772297,0.38,0.39,0.36,4776.0,1768770000.0,0.35,0.36,0.36,4172.0,True
KXATPMATCH-26JAN17CERZHA-CER,1768690482,0.67,0.68,0.68,2595.0,1768687200.0,0.67,0.69,0.68,2173.0,True
KXATPMATCH-26JAN17DAMVAC-DAM,1768795659,0.31,0.33,0.33,935.0,1768795200.0,0.32,0.33,0.33,404.0,True
KXATPMATCH-26JAN17DIMMAC-DIM,1768882635,0.42,0.43,0.43,17589.0,1768881600.0,0.42,0.44,0.44,16988.0,True
KXATPMATCH-26JAN17HALTAB-HAL,1768767271,0.52,0.54,0.54,5415.0,1768766400.0,0.52,0.53,0.53,5056.0,True
KXATPMATCH-26JAN17HANSVA-HAN,1768709617,0.4,0.41,0.4,6727.0,1768708800.0,0.4,0.41,0.41,5500.0,True
KXATPMATCH-26JAN17KOPSTR-KOP,1768882387,0.32,0.34,0.32,1182.0,1768881600.0,0.31,0.32,0.32,1130.0,True
KXATPMATCH-26JAN17KYPCOM-COM,1768694934,0.6,0.61,0.61,21145.0,1768694400.0,0.6,0.61,0.62,20758.0,True
KXATPMATCH-26JAN17MANHIJ-HIJ,1768792987,0.57,0.59,0.59,6701.0,1768791600.0,0.58,0.59,0.59,5044.0,True
KXATPMATCH-26JAN17MARDJO-DJO,1768805280,0.95,0.96,0.96,18887.0,1768802400.0,0.94,0.95,0.95,8292.0,True
KXATPMATCH-26JAN17MARRIN-MAR,1768775892,0.52,0.53,0.53,983.0,1768773600.0,0.51,0.52,0.52,659.0,True
KXATPMATCH-26JAN17MOCTSI-MOC,1768892856,0.13,0.14,0.14,4173.0,1768892400.0,0.14,0.15,0.15,3726.0,True
KXATPMATCH-26JAN17MPEBAE-BAE,1768863755,0.44,0.45,0.44,10739.0,1768863600.0,0.43,0.44,0.43,8791.0,True
KXATPMATCH-26JAN17MUSCOL-COL,1768866406,0.21,0.23,0.24,16044.0,1768863600.0,0.21,0.23,0.23,5418.0,True
KXATPMATCH-26JAN17NAVJAC-JAC,1768698212,0.4,0.41,0.41,6604.0,1768698000.0,0.4,0.41,0.41,6581.0,True
KXATPMATCH-26JAN17PAUKOV-KOV,1768771403,0.16,0.18,0.18,2567.0,1768770000.0,0.16,0.17,0.17,2507.0,True
KXATPMATCH-26JAN17ROYFRI-FRI,1768881860,0.86,0.87,0.87,18518.0,1768881600.0,0.86,0.87,0.87,15539.0,True
KXATPMATCH-26JAN17SCHMOU-MOU,1768689221,0.72,0.73,0.73,712.0,1768687200.0,0.72,0.73,0.74,439.0,True
KXATPMATCH-26JAN17SONTAB-SON,1768853001,0.91,0.92,0.91,4383.0,1768852800.0,0.91,0.92,0.91,3857.0,True
KXATPMATCH-26JAN17TIRVUK-TIR,1768780992,0.3,0.31,0.31,2027.0,1768780800.0,0.3,0.31,0.31,1602.0,True
KXATPMATCH-26JAN17UGOFUC-FUC,1768704183,0.78,0.8,0.8,794.0,1768701600.0,0.79,0.8,0.8,650.0,True
KXATPMATCH-26JAN17YMESHE-SHE,1768772617,0.66,0.68,0.68,5064.0,1768770000.0,0.65,0.67,0.65,4815.0,True
KXATPMATCH-26JAN17ZHEKOR-KOR,1768704249,0.74,0.75,0.75,4226.0,1768701600.0,0.74,0.75,0.75,2854.0,True
KXATPMATCH-26JAN17ZVEDIA-DIA,1768691569,0.13,0.14,0.14,4855.0,1768690800.0,0.13,0.14,0.14,3709.0,True
KXATPMATCH-26JAN18MCDDE-DE,1768776159,0.93,0.94,0.94,5470.0,1768773600.0,0.93,0.94,0.94,4834.0,True
KXATPMATCH-26JAN20BUBFUC-BUB,1768965412,0.82,0.83,0.83,24721.0,1768964400.0,0.81,0.82,0.82,13247.0,True
KXATPMATCH-26JAN20CERDZU-CER,1768938750,0.79,0.8,0.8,1468.0,1768935600.0,0.78,0.79,0.79,740.0,True
KXATPMATCH-26JAN20ETCFER-ETC,1768949808,0.59,0.6,0.6,4285.0,1768946400.0,0.59,0.6,0.6,2514.0,True
KXATPMATCH-26JAN20HIJVAC-HIJ,1769028697,0.37,0.38,0.38,5728.0,1769025600.0,0.36,0.38,0.36,5637.0,True
KXATPMATCH-26JAN20MEDDE-DE,1768974397,0.86,0.87,0.87,32632.0,1768971600.0,0.86,0.87,0.87,21510.0,True
KXATPMATCH-26JAN20MEDHAL-HAL,1768950412,0.11,0.13,0.13,7623.0,1768950000.0,0.11,0.12,0.12,6776.0,True
KXATPMATCH-26JAN20MUNRUU-MUN,1769065855,0.31,0.32,0.32,19321.0,1769065200.0,0.31,0.32,0.32,18017.0,True
KXATPMATCH-26JAN20SHACIL-CIL,1769063763,0.41,0.42,0.42,15867.0,1769061600.0,0.42,0.43,0.42,8811.0,True
KXATPMATCH-26JAN20THOBOR-BOR,1768959392,0.62,0.63,0.63,52938.0,1768957200.0,0.63,0.64,0.64,39095.0,True
KXATPMATCH-26JAN20TIACOM-COM,1768979515,0.31,0.33,0.33,5524.0,1768978800.0,0.3,0.31,0.31,2786.0,True
KXATPMATCH-26JAN20ZVEMUL-MUL,1768974684,0.07,0.08,0.08,22972.0,1768971600.0,0.07,0.08,0.08,21328.0,True
KXATPMATCH-26JAN21DUCSIN-DUC,1769055086,0.01,0.02,0.02,47247.0,1769054400.0,0.01,0.02,0.02,46269.0,True
KXATPMATCH-26JAN21HURQUI-HUR,1769034375,0.77,0.78,0.78,12081.0,1769032800.0,0.75,0.76,0.76,9887.0,True
KXATPMATCH-26JAN21KOPFRI-FRI,1769054762,0.9,0.91,0.91,28920.0,1769054400.0,0.9,0.91,0.91,21681.0,True
KXATPMATCH-26JAN21MENJOD-JOD,1769026948,0.37,0.38,0.38,2859.0,1769025600.0,0.37,0.38,0.38,1489.0,True
KXATPMATCH-26JAN22BUBETC-BUB,1769151039,0.78,0.8,0.8,21061.0,1769148000.0,0.78,0.8,0.8,12764.0,True
KXATPMATCH-26JAN22KHADAR-DAR,1769202942,0.21,0.22,0.22,17118.0,1769202000.0,0.21,0.22,0.22,13029.0,True
KXATPMATCH-26JAN22MENQUI-MEN,1769236835,0.68,0.69,0.69,153157.0,1769234400.0,0.68,0.69,0.69,70266.0,True
KXATPMATCH-26JAN22PAUDAV-DAV,1769120408,0.34,0.35,0.35,75311.0,1769119200.0,0.33,0.34,0.34,64445.0,True
KXATPMATCH-26JAN22SHEVAC-SHE,1769213697,0.79,0.8,0.8,120909.0,1769212800.0,0.78,0.8,0.8,109501.0,True
KXATPMATCH-26JAN22TIADE-DE,1769144733,0.82,0.83,0.83,26589.0,1769144400.0,0.82,0.83,0.83,24656.0,True
KXATPMATCH-26JAN22ZVENOR-NOR,1769145663,0.19,0.2,0.2,7504.0,1769144400.0,0.2,0.21,0.21,6476.0,True
KXATPMATCH-26JAN23SPISIN-SIN,1769210120,0.98,0.99,0.99,14496.0,1769209200.0,0.98,0.99,0.99,14489.0,True
KXATPMATCH-26JAN23VANDJO-DJO,1769231129,0.91,0.92,0.92,43470.0,1769230800.0,0.91,0.92,0.92,37151.0,True
KXATPMATCH-26JAN24BUBDE-BUB,1769313018,0.39,0.41,0.41,63069.0,1769310000.0,0.4,0.41,0.41,53188.0,True
KXATPMATCH-26JAN24ZVECER-CER,1769308508,0.28,0.3,0.3,13841.0,1769306400.0,0.28,0.3,0.3,13177.0,True
KXATPMATCH-26JUL01DEJFON-DEJ,1782901836,0.16,0.17,0.17,21664.68,1782900000.0,0.17,0.18,0.18,15001.1,True
KXATPMATCH-26JUL01FUCTIE-FUC,1782892863,0.27,0.28,0.28,13278.48,1782892800.0,0.27,0.28,0.28,11920.499999999998,True
KXATPMATCH-26JUL01HUROFN-HUR,1782886218,0.74,0.75,0.75,13466.41,1782885600.0,0.74,0.75,0.75,6466.42,True
KXATPMATCH-26JUL01MERMED-MED,1782898219,0.94,0.95,0.94,12000.350000000002,1782896400.0,0.94,0.95,0.95,11712.870000000003,True
KXATPMATCH-26JUL01MOCQUI-MOC,1782905107,0.3,0.31,0.31,25737.670000000002,1782903600.0,0.3,0.31,0.3,25681.52,True
KXATPMATCH-26JUL01NAKSTR-NAK,1782978614,0.68,0.7,0.68,2359312.38,1782975600.0,0.68,0.69,0.69,2352783.59,True
KXATPMATCH-26JUL01RINDAM-DAM,1782897905,0.44,0.45,0.45,9605.24,1782896400.0,0.42,0.43,0.43,7132.69,True
KXATPMATCH-26JUL01SAFVAN-SAF,1782903609,0.59,0.6,0.6,62369.560000000005,1782903600.0,0.56,0.57,0.57,49433.200000000004,True
KXATPMATCH-26JUL01SINBOR-BOR,1782897619,0.04,0.05,0.05,116840.55,1782896400.0,0.05,0.06,0.06,104307.0,True
KXATPMATCH-26JUL02BERFAR-BER,1782981615,0.63,0.66,0.65,52033.44,1782979200.0,0.63,0.64,0.64,40731.840000000004,True
KXATPMATCH-26JUL02KHAHAN-HAN,1782990318,0.39,0.4,0.4,12724.37,1782990000.0,0.39,0.41,0.4,12335.6,True
KXATPMATCH-26JUL02ROYZVE-ROY,1782987610,0.04,0.05,0.05,50248.27,1782986400.0,0.04,0.05,0.05,46764.28999999999,True
KXATPMATCH-26JUL03AUGZHE-AUG,1783089004,0.83,0.84,0.84,54711.35,1783087200.0,0.83,0.84,0.84,50200.15,True
KXATPMATCH-26JUL03DAVFUC-DAV,1783078212,0.76,0.77,0.77,15659.88,1783076400.0,0.77,0.78,0.78,14325.949999999999,True
KXATPMATCH-26JUL03RINDJO-DJO,1783072814,0.89,0.9,0.9,271162.61000000004,1783072800.0,0.89,0.9,0.9,257925.17,True
KXATPMATCH-26JUL04KHACOB-COB,1783160399,0.4,0.41,0.41,134085.87,1783159200.0,0.4,0.41,0.41,108964.33,True
KXATPMATCH-26JUL05SINMOC-MOC,1783264199,0.03,0.04,0.04,238173.68000000002,1783263600.0,0.03,0.04,0.04,181991.95,True
KXATPMATCH-26JUL06DECOB-COB,1783327789,0.23,0.24,0.24,126848.29999999999,1783324800.0,0.23,0.24,0.24,104908.65999999999,True
KXATPMATCH-26JUL06LEHZVE-LEH,1783419297,0.07,0.08,0.08,2866196.1300000004,1783418400.0,0.08,0.09,0.09,2860391.5500000003,True
KXATPMATCH-26JUL08COBFER-COB,1783506615,0.71,0.72,0.72,176969.36,1783504800.0,0.71,0.72,0.72,170113.87,True
KXATPMATCH-26JUL08FRIZVE-FRI,1783506694,0.54,0.55,0.55,721860.79,1783504800.0,0.54,0.55,0.55,660805.73,True
KXATPMATCH-26JUL10FERZVE-FER,1783673723,0.14,0.15,0.15,499296.09,1783670400.0,0.14,0.15,0.15,450821.42000000004,True
KXATPMATCH-26JUL11BRAGOM-BRA,1783773031,0.54,0.55,0.55,6427.25,1783771200.0,0.54,0.55,0.54,6419.25,True
KXATPMATCH-26JUL11CECAJD-AJD,1783764625,0.26,0.27,0.26,78.95,1783764000.0,0.21,0.24,0.24,48.95,True
KXATPMATCH-26JUL11CINZAH-CIN,1783758014,0.87,0.88,0.88,1788.77,1783756800.0,0.87,0.88,0.88,909.53,True
KXATPMATCH-26JUL11DHASAC-DHA,1783766116,0.33,0.34,0.34,480.42,1783764000.0,0.34,0.36,0.36,374.42,True
KXATPMATCH-26JUL11MICHEM-HEM,1783751418,0.49,0.5,0.5,5547.19,1783749600.0,0.49,0.5,0.5,4991.15,True
KXATPMATCH-26JUL11NARGUE-GUE,1783768234,0.42,0.43,0.43,2838.91,1783767600.0,0.41,0.42,0.42,1465.39,True
KXATPMATCH-26JUL12ALTGAS-ALT,1784019724,0.61,0.62,0.62,7418.760000000001,1784019600.0,0.61,0.62,0.62,5752.6900000000005,True
KXATPMATCH-26JUL12CINHEM-CIN,1783831234,0.72,0.73,0.73,1184.38,1783828800.0,0.71,0.73,0.73,446.06,True
KXATPMATCH-26JUL12DEJGAU-DEJ,1783937717,0.67,0.68,0.68,34054.060000000005,1783936800.0,0.67,0.68,0.68,30593.530000000002,True
KXATPMATCH-26JUL12DIEMON-DIE,1783841419,0.56,0.57,0.56,10005.380000000001,1783839600.0,0.58,0.59,0.59,6918.02,True
KXATPMATCH-26JUL12KOPPRI-KOP,1783953613,0.25,0.26,0.26,3825.84,1783951200.0,0.26,0.27,0.27,3230.82,True
KXATPMATCH-26JUL12KRUFER-FER,1783829425,0.44,0.45,0.45,143.79999999999998,1783828800.0,0.44,0.46,0.46,95.00999999999999,True
KXATPMATCH-26JUL12LAJVAN-LAJ,1783948209,0.44,0.45,0.45,8477.039999999999,1783947600.0,0.44,0.45,0.45,7489.639999999999,True
KXATPMATCH-26JUL12MOLROY-MOL,1784022902,0.6,0.61,0.61,5010.320000000001,1784019600.0,0.6,0.61,0.61,3951.52,True
KXATPMATCH-26JUL12MULSHE-MUL,1784025365,0.36,0.37,0.37,9284.970000000001,1784023200.0,0.36,0.37,0.36,9193.990000000002,True
KXATPMATCH-26JUL12PRASAI-PRA,1783856114,0.42,0.43,0.45,611.7,1783854000.0,0.42,0.45,0.45,611.7,True
KXATPMATCH-26JUL12REJMID-MID,1783838119,0.92,0.93,0.93,1987.11,1783836000.0,0.93,0.94,0.93,1916.98,True
KXATPMATCH-26JUL12SVRDIM-DIM,1784013300,0.63,0.64,0.64,18801.91,1784012400.0,0.63,0.64,0.64,11527.98,True
KXATPMATCH-26JUL12TSIBUS-BUS,1784022015,0.58,0.59,0.59,79255.81000000001,1784019600.0,0.58,0.59,0.59,76768.62000000001,True
KXATPMATCH-26JUL13COLSKA-COL,1783935617,0.83,0.84,0.84,13806.28,1783933200.0,0.83,0.84,0.84,12636.810000000001,True
KXATPMATCH-26JUL13FAUDAM-DAM,1783932005,0.44,0.45,0.45,2451.12,1783929600.0,0.43,0.44,0.45,1398.2,True
KXATPMATCH-26JUL13TABROD-ROD,1783924815,0.4,0.42,0.42,12551.879999999997,1783922400.0,0.41,0.42,0.42,3692.8999999999996,True
KXATPMATCH-26JUL14CECBUR-BUR,1784028000,0.56,0.57,0.57,8996.929999999998,1784026800.0,0.56,0.57,0.57,7876.599999999999,True
KXATPMATCH-26JUL14KYMDIE-DIE,1784014863,0.35,0.36,0.36,11544.42,1784012400.0,0.36,0.37,0.37,9213.19,True
KXATPMATCH-26JUL14VANDAN-DAN,1784013065,0.39,0.4,0.41,11374.060000000001,1784012400.0,0.4,0.41,0.41,6594.95,True
KXATPMATCH-26JUL15CARUGO-CAR,1784120693,0.6,0.61,0.6,7594.84,1784120400.0,0.61,0.62,0.62,3578.17,True
KXATPMATCH-26JUL15COBBUR-BUR,1784119804,0.3,0.31,0.31,4074.54,1784116800.0,0.3,0.31,0.31,3100.38,True
KXATPMATCH-26JUL15COLSON-COL,1784091009,0.66,0.67,0.67,36242.439999999995,1784088000.0,0.65,0.66,0.66,17103.399999999998,True
KXATPMATCH-26JUL15ETCMER-ETC,1784109003,0.59,0.6,0.61,7362.469999999999,1784106000.0,0.6,0.61,0.61,7178.32,True
KXATPMATCH-26JUL15PRADZU-DZU,1784109294,0.65,0.66,0.66,1452.45,1784106000.0,0.65,0.66,0.66,371.86,True
KXATPMATCH-26JUL15RUBPEL-PEL,1784191802,0.26,0.3,0.27,8679.03,1784188800.0,0.28,0.29,0.29,5652.030000000001,True
KXATPMATCH-26JUL16DEJBAE-BAE,1784208287,0.47,0.48,0.48,28824.800000000003,1784206800.0,0.47,0.48,0.48,24446.370000000003,True
KXATPMATCH-26JUL16FARRUU-FAR,1784187595,0.2,0.21,0.21,15087.510000000002,1784185200.0,0.2,0.21,0.21,11572.400000000001,True
KXATPMATCH-26JUL16MERDRO-DRO,1784193302,0.39,0.4,0.4,12774.779999999999,1784188800.0,0.39,0.4,0.4,12774.779999999999,True
KXATPMATCH-26JUL17BORDAR-BOR,1784272194,0.42,0.43,0.43,40930.700000000004,1784271600.0,0.42,0.43,0.43,29558.270000000004,True
KXATPMATCH-26JUL17CERRUU-CER,1784275208,0.26,0.27,0.27,27736.559999999998,1784275200.0,0.27,0.28,0.28,23659.84,True
KXATPMATCH-26JUL17RINTSI-RIN,1784289300,0.37,0.38,0.38,19283.97,1784286000.0,0.37,0.38,0.38,15777.810000000001,True
KXATPMATCH-26JUL17RUBBAE-BAE,1784276996,0.37,0.38,0.38,7963.6,1784275200.0,0.37,0.38,0.38,5947.02,True
KXATPMATCH-26JUL18BUTTAB-BUT,1784360107,0.31,0.32,0.31,483.3,1784358000.0,0.32,0.33,0.33,203.0,True
KXATPMATCH-26JUL18COLCER-CER,1784353205,0.43,0.44,0.44,73534.89,1784350800.0,0.42,0.44,0.44,20851.59,True
KXATPMATCH-26JUL18CORSAC-COR,1784361900,0.29,0.3,0.3,8495.73,1784361600.0,0.3,0.31,0.31,8378.73,True
KXATPMATCH-26JUL18DANPRA-DAN,1784356805,0.59,0.6,0.6,435.63,1784354400.0,0.59,0.6,0.6,155.62,True
KXATPMATCH-26JUL18HEIFEL-FEL,1784367301,0.42,0.43,0.43,1375.53,1784365200.0,0.42,0.43,0.43,1375.53,True
KXATPMATCH-26JUL18MERDZU-DZU,1784380230,0.33,0.34,0.34,12586.16,1784379600.0,0.33,0.34,0.34,11095.25,True
KXATPMATCH-26JUL18PELSIL-PEL,1784368837,0.91,0.92,0.92,4448.98,1784368800.0,0.91,0.92,0.92,4443.98,True
KXATPMATCH-26JUL18ROCBUE-BUE,1784362805,0.82,0.83,0.83,327.2,1784361600.0,0.82,0.83,0.83,326.01,True
KXATPMATCH-26JUL19ALTCOL-ALT,1784629914,0.38,0.39,0.39,12234.95,1784628000.0,0.38,0.39,0.39,12005.85,True
KXATPMATCH-26JUL19BAEKEC-BAE,1784618094,0.42,0.43,0.44,19047.890000000003,1784617200.0,0.44,0.45,0.45,15024.54,True
KXATPMATCH-26JUL19CINGIU-CIN,1784447419,0.71,0.72,0.72,1704.17,1784444400.0,0.7,0.71,0.71,404.21,True
KXATPMATCH-26JUL19DELDJE-DEL,1784446213,0.34,0.36,0.36,934.74,1784444400.0,0.37,0.38,0.38,359.34000000000003,True
KXATPMATCH-26JUL19DROUGO-DRO,1784537411,0.48,0.49,0.49,31012.879999999997,1784534400.0,0.46,0.48,0.48,17524.23,True
KXATPMATCH-26JUL19FELKOP-FEL,1784453418,0.74,0.75,0.75,331.24,1784451600.0,0.74,0.75,0.75,274.6,True
KXATPMATCH-26JUL19FERVAN-FER,1784550620,0.19,0.2,0.2,6528.68,1784548800.0,0.18,0.19,0.19,4723.81,True
KXATPMATCH-26JUL19GASDZU-DZU,1784622003,0.49,0.5,0.49,31893.389999999992,1784620800.0,0.5,0.51,0.5,29216.029999999995,True
KXATPMATCH-26JUL19KOPBUS-BUS,1784545803,0.63,0.64,0.64,20793.909999999996,1784545200.0,0.63,0.64,0.64,18113.37,True
KXATPMATCH-26JUL19MULNAV-MUL,1784521815,0.16,0.17,0.17,6220.96,1784520000.0,0.17,0.18,0.18,1118.0,True
KXATPMATCH-26JUL19NEUHAN-HAN,1784529621,0.71,0.72,0.72,67429.15,1784527200.0,0.7,0.71,0.71,57824.78999999999,True
KXATPMATCH-26JUL19PELBUE-BUE,1784448022,0.29,0.3,0.31,1139.9,1784448000.0,0.3,0.31,0.3,1059.68,True
KXATPMATCH-26JUL19RODSAC-ROD,1784453711,0.61,0.62,0.62,3052.03,1784451600.0,0.6,0.62,0.61,1791.18,True
KXATPMATCH-26JUL19TORBAS-BAS,1784528696,0.77,0.78,0.78,36154.08,1784527200.0,0.76,0.78,0.78,30721.9,True
KXATPMATCH-26JUL19TSICOL-COL,1784440850,0.43,0.44,0.44,95627.83,1784440800.0,0.44,0.45,0.45,42590.27,True
KXATPMATCH-26JUL20ROCMAR-MAR,1784560205,0.46,0.47,0.47,41965.13,1784559600.0,0.46,0.47,0.46,29070.64,True
KXATPMATCH-26JUL20SCHROD-ROD,1784535012,0.6,0.61,0.61,13980.079999999998,1784534400.0,0.59,0.61,0.61,10312.679999999998,True
KXATPMATCH-26JUL21BUEPER-BUE,1784619011,0.74,0.76,0.75,8822.32,1784617200.0,0.74,0.75,0.75,5405.1,True
KXATPMATCH-26JUL21DJEHAL-DJE,1784619616,0.6,0.61,0.62,34988.75,1784617200.0,0.59,0.6,0.6,11034.67,True
KXATPMATCH-26JUL21VALFEL-FEL,1784621696,0.36,0.37,0.37,3738.0400000000004,1784620800.0,0.36,0.37,0.37,3083.9300000000003,True
KXATPMATCH-26JUL22BORBUR-BOR,1784714082,0.7,0.71,0.7,19846.18,1784710800.0,0.7,0.71,0.71,17730.61,True
KXATPMATCH-26JUL22BUBDIA-BUB,1784713196,0.65,0.66,0.66,120779.39000000001,1784710800.0,0.67,0.68,0.68,84966.6,True
KXATPMATCH-26JUL22ETCROD-ETC,1784707492,0.61,0.62,0.63,12879.839999999998,1784707200.0,0.62,0.63,0.63,9103.099999999999,True
KXATPMATCH-26JUL22FELBUS-BUS,1784706892,0.67,0.68,0.68,62868.399999999994,1784703600.0,0.65,0.67,0.67,43284.46,True
KXATPMATCH-26JUL22HALVAC-HAL,1784694607,0.39,0.4,0.4,11205.359999999999,1784692800.0,0.38,0.39,0.39,2385.92,True
KXATPMATCH-26JUL22JACBLO-BLO,1784731198,0.66,0.67,0.67,32545.7,1784728800.0,0.65,0.66,0.66,25200.890000000003,True
KXATPMATCH-26JUL22MARDAR-DAR,1784811349,0.75,0.76,0.76,59230.99999999999,1784808000.0,0.75,0.76,0.75,57436.70999999999,True
KXATPMATCH-26JUL22MOLALT-ALT,1784716793,0.42,0.43,0.43,11768.7,1784714400.0,0.42,0.43,0.43,11669.89,True
KXATPMATCH-26JUL22TRUHAN-HAN,1784702099,0.66,0.67,0.67,11699.84,1784700000.0,0.66,0.67,0.67,5843.87,True
KXATPMATCH-26JUL22VANCAR-CAR,1784791490,0.68,0.69,0.69,86859.25,1784790000.0,0.67,0.69,0.68,55493.19,True
KXATPMATCH-26JUL23NAVHAL-HAL,1784781614,0.33,0.34,0.34,26331.57,1784779200.0,0.32,0.33,0.33,11552.869999999999,True
KXATPMATCH-26JUN01AUGTAB-AUG,1780313097,0.62,0.63,0.63,247415.62,1780311600.0,0.62,0.64,0.64,180986.7,True
KXATPMATCH-26JUN01TIAARN-ARN,1780333893,0.51,0.52,0.52,1132447.23,1780333200.0,0.5,0.51,0.51,420905.26,True
KXATPMATCH-26JUN02JODZVE-JOD,1780391873,0.21,0.22,0.22,253256.64,1780390800.0,0.24,0.25,0.25,229592.1,True
KXATPMATCH-26JUN02MENFON-FON,1780413630,0.65,0.66,0.66,207134.77999999994,1780412400.0,0.66,0.67,0.67,157467.91999999995,True
KXATPMATCH-26JUN05MENZVE-MEN,1780652553,0.24,0.25,0.25,1044121.1599999999,1780650000.0,0.24,0.25,0.25,1006523.3199999998,True
KXATPMATCH-26JUN06BONPOL-BON,1780744273,0.83,0.85,0.85,703.87,1780743600.0,0.84,0.85,0.85,584.97,True
KXATPMATCH-26JUN06DECTOM-DEC,1780732275,0.22,0.24,0.24,79.55,1780729200.0,0.2,0.24,0.15,49.8,True
KXATPMATCH-26JUN06HERGLI-GLI,1780730441,0.26,0.28,0.29,1081.0,1780729200.0,0.25,0.3,,0.0,True
KXATPMATCH-26JUN06MCDVIS-MCD,1780732274,0.78,0.81,0.81,158.76999999999998,1780729200.0,0.75,0.77,0.77,70.47999999999999,True
KXATPMATCH-26JUN06WONMCC-MCC,1780735855,0.37,0.43,0.48,11.5,1780732800.0,0.4,0.48,0.54,2.5,True
KXATPMATCH-26JUN07ALKHER-ALK,1780814463,0.24,0.25,0.26,1888.0,1780812000.0,0.24,0.25,0.25,1319.8500000000001,True
KXATPMATCH-26JUN07DAMFIC-DAM,1780805454,0.78,0.8,0.8,4830.7,1780804800.0,0.77,0.79,0.79,2417.9800000000005,True
KXATPMATCH-26JUN07KYRMOU-KYR,1781008840,0.3,0.32,0.33,26361.73,1781006400.0,0.32,0.34,0.34,25157.800000000003,True
KXATPMATCH-26JUN07SAFGAL-GAL,1780816865,0.23,0.24,0.24,916.23,1780815600.0,0.23,0.24,0.24,79.12,True
KXATPMATCH-26JUN08ALTTIA-ALT,1781003448,0.24,0.25,0.25,6020.39,1781002800.0,0.24,0.25,0.25,5345.22,True
KXATPMATCH-26JUN08BORATM-ATM,1780892455,0.4,0.41,0.41,3301.4300000000003,1780891200.0,0.4,0.41,0.41,1172.38,True
KXATPMATCH-26JUN08CILSHA-CIL,1780912232,0.58,0.59,0.59,16004.000000000002,1780909200.0,0.6,0.62,0.62,13502.410000000002,True
KXATPMATCH-26JUN08DAVBEL-BEL,1780895436,0.3,0.32,0.32,20434.41,1780894800.0,0.32,0.33,0.32,14187.02,True
KXATPMATCH-26JUN08DEDDUC-DED,1781002575,0.28,0.29,0.29,9418.32,1780999200.0,0.27,0.28,0.3,9233.63,True
KXATPMATCH-26JUN08HERLAN-HER,1780905305,0.4,0.41,0.41,6674.650000000001,1780902000.0,0.4,0.41,0.41,5016.9400000000005,True
KXATPMATCH-26JUN08HUMYME-HUM,1780917037,0.81,0.82,0.81,9846.32,1780916400.0,0.81,0.82,0.82,8826.64,True
KXATPMATCH-26JUN08MUNDAM-DAM,1780981837,0.55,0.56,0.56,9954.46,1780981200.0,0.54,0.55,0.55,3563.86,True
KXATPMATCH-26JUN08ZHABRO-BRO,1780991426,0.58,0.59,0.59,8083.18,1780988400.0,0.58,0.59,0.59,6837.160000000001,True
KXATPMATCH-26JUN09HALSHI-HAL,1780980664,0.57,0.59,0.59,6275.07,1780977600.0,0.57,0.58,0.58,3620.96,True
KXATPMATCH-26JUN10HIJTIA-HIJ,1781158833,0.28,0.29,0.29,11490.98,1781157600.0,0.29,0.3,0.3,6241.87,True
KXATPMATCH-26JUN10MANRIN-MAN,1781163036,0.44,0.46,0.46,11152.75,1781161200.0,0.46,0.47,0.47,7384.969999999999,True
KXATPMATCH-26JUN10MPEONC-MPE,1781066106,0.63,0.64,0.64,36367.259999999995,1781064000.0,0.62,0.63,0.63,11744.23,True
KXATPMATCH-26JUN10SHEGIR-GIR,1781255417,0.57,0.58,0.58,822130.93,1781254800.0,0.53,0.55,0.55,814551.38,True
KXATPMATCH-26JUN10STRBUB-BUB,1781091916,0.7,0.71,0.71,63001.42,1781089200.0,0.69,0.7,0.7,29083.08,True
KXATPMATCH-26JUN11MEDBOO-BOO,1781247021,0.11,0.13,0.11,795567.0899999999,1781244000.0,0.12,0.13,0.13,720641.6499999999,True
KXATPMATCH-26JUN12AUGMAJ-AUG,1781257571,0.73,0.74,0.74,21931.210000000003,1781254800.0,0.73,0.74,0.74,16804.710000000003,True
KXATPMATCH-26JUN12BELFRI-BEL,1781265055,0.24,0.25,0.25,11259.880000000001,1781262000.0,0.24,0.25,0.25,10575.37,True
KXATPMATCH-26JUN12BONDE-BON,1781252423,0.2,0.21,0.21,13274.649999999998,1781251200.0,0.2,0.21,0.21,11592.449999999999,True
KXATPMATCH-26JUN12LEHTIA-LEH,1781263524,0.54,0.55,0.55,24738.500000000004,1781262000.0,0.54,0.55,0.55,24150.54,True
KXATPMATCH-26JUN12MEDCIL-CIL,1781330730,0.34,0.36,0.36,815050.17,1781330400.0,0.36,0.37,0.36,799019.04,True
KXATPMATCH-26JUN12MPEBUB-BUB,1781256219,0.62,0.64,0.64,119092.99,1781254800.0,0.62,0.63,0.63,97515.32,True
KXATPMATCH-26JUN13BUBFRI-BUB,1781333442,0.56,0.57,0.57,101638.31,1781330400.0,0.53,0.55,0.53,33191.619999999995,True
KXATPMATCH-26JUN13DAMMER-DAM,1781331039,0.76,0.78,0.78,778.86,1781330400.0,0.75,0.79,0.79,775.62,True
KXATPMATCH-26JUN13DEDBAS-BAS,1781328057,0.62,0.63,0.63,831.61,1781326800.0,0.61,0.63,0.62,156.0,True
KXATPMATCH-26JUN13EVAGIR-EVA,1781350265,0.23,0.24,0.25,801.25,1781348400.0,0.23,0.24,0.25,801.25,True
KXATPMATCH-26JUN13LANHUE-HUE,1781341858,0.28,0.29,0.28,477.15,1781341200.0,0.28,0.3,0.3,476.15,True
KXATPMATCH-26JUN13MAJMED-MAJ,1781348475,,,,0.0,,,,,0.0,False
KXATPMATCH-26JUN13MANDE-DE,1781341857,0.79,0.81,0.81,13486.75,1781341200.0,0.78,0.79,0.79,12787.48,True
KXATPMATCH-26JUN13MONMPE-MON,1781345121,0.27,0.28,0.28,6529.19,1781344800.0,0.24,0.25,0.25,2959.3199999999997,True
KXATPMATCH-26JUN13PERGEN-GEN,1781335860,0.75,0.76,0.76,1.29,1781334000.0,0.75,0.76,0.76,1.29,True
KXATPMATCH-26JUN13PRIHIJ-HIJ,1781349035,0.51,0.52,0.52,4311.9400000000005,1781348400.0,0.51,0.52,0.52,4068.36,True
KXATPMATCH-26JUN13SANBAU-BAU,1781333444,0.87,0.88,0.88,415.93,1781330400.0,0.87,0.88,0.88,394.55,True
KXATPMATCH-26JUN13SVABRO-BRO,1781333443,0.24,0.26,0.26,235.74999999999997,1781330400.0,0.26,0.27,0.27,97.0,True
KXATPMATCH-26JUN14BERFRI-BER,1781676089,0.21,0.23,0.23,11347.06,1781676000.0,0.21,0.23,0.23,9608.039999999999,True
KXATPMATCH-26JUN14COBTIA-COB,1781519455,0.46,0.47,0.47,114572.43999999997,1781517600.0,0.46,0.47,0.47,106229.77999999998,True
KXATPMATCH-26JUN14FERSAM-FER,1781594134,0.57,0.58,0.58,9484.75,1781593200.0,0.58,0.59,0.59,7184.42,True
KXATPMATCH-26JUN14GRISHI-GRI,1781594136,0.56,0.57,0.57,20885.6,1781593200.0,0.56,0.57,0.57,14549.64,True
KXATPMATCH-26JUN14HIJGIR-GIR,1781428240,0.57,0.59,0.59,4909.13,1781427600.0,0.55,0.57,0.57,2917.27,True
KXATPMATCH-26JUN14HUMCIL-CIL,1781607923,0.44,0.45,0.45,7801.489999999999,1781607600.0,0.44,0.45,0.45,7683.319999999999,True
KXATPMATCH-26JUN14LANGEN-GEN,1781426119,0.22,0.23,0.23,709.93,1781424000.0,0.22,0.23,0.23,374.68,True
KXATPMATCH-26JUN14NAKFUC-FUC,1781589658,0.38,0.39,0.39,3461.3100000000004,1781589600.0,0.38,0.39,0.39,1421.3200000000002,True
KXATPMATCH-26JUN14NORDAV-DAV,1781613626,0.53,0.55,0.55,6902.8200000000015,1781611200.0,0.53,0.54,0.54,6318.8200000000015,True
KXATPMATCH-26JUN14PINSHA-PIN,1781523051,0.42,0.43,0.41,7349.030000000001,1781521200.0,0.4,0.41,0.42,7065.6900000000005,True
KXATPMATCH-26JUN14RINMED-MED,1781608237,0.45,0.46,0.46,9636.73,1781607600.0,0.45,0.46,0.46,9569.33,True
KXATPMATCH-26JUN14VUKWEN-VUK,1781419848,0.6,0.61,0.61,1171.1799999999998,1781416800.0,0.6,0.61,0.61,562.4699999999999,True
KXATPMATCH-26JUN14ZVEKOP-KOP,1781601634,0.06,0.08,0.08,23789.21,1781600400.0,0.07,0.08,0.08,23610.23,True
KXATPMATCH-26JUN15ATMLAN-ATM,1781510463,0.32,0.33,0.33,4584.62,1781510400.0,0.33,0.34,0.34,3566.9900000000002,True
KXATPMATCH-26JUN15PAUSVA-PAU,1781513719,0.73,0.74,0.74,32776.909999999996,1781510400.0,0.73,0.74,0.74,23170.25,True
KXATPMATCH-26JUN16BELBUB-BEL,1781586048,0.28,0.29,0.29,3860.44,1781586000.0,0.28,0.3,0.28,1322.96,True
KXATPMATCH-26JUN16POPCOL-COL,1781585451,0.61,0.63,0.63,11181.92,1781582400.0,0.59,0.6,0.6,2270.48,True
KXATPMATCH-26JUN17HURALT-ALT,1781689842,0.23,0.24,0.24,14168.95,1781686800.0,0.24,0.25,0.25,13557.91,True
KXATPMATCH-26JUN17PAUVAN-PAU,1781771108,0.76,0.78,0.77,93895.52999999998,1781769600.0,0.76,0.77,0.77,81093.21999999999,True
KXATPMATCH-26JUN18DENAK-DE,1781850026,0.71,0.73,0.73,241455.0,1781848800.0,0.71,0.72,0.72,189076.72999999998,True
KXATPMATCH-26JUN18MARFRI-FRI,1781758222,0.79,0.8,0.8,24149.58,1781755200.0,0.79,0.8,0.8,17794.280000000002,True
KXATPMATCH-26JUN18ZVEHAN-HAN,1781774101,0.13,0.14,0.13,10133.03,1781773200.0,0.13,0.14,0.13,10133.03,True
KXATPMATCH-26JUN19ALTMED-ALT,1781870489,0.15,0.16,0.16,14968.880000000001,1781870400.0,0.15,0.16,0.15,14026.17,True
KXATPMATCH-26JUN19FERCER-CER,1781864705,0.61,0.62,0.62,100492.14,1781863200.0,0.61,0.62,0.61,93252.5,True
KXATPMATCH-26JUN19HUMHIJ-HIJ,1781872300,,,,0.0,,,,,0.0,False
KXATPMATCH-26JUN19SHEFRI-FRI,1781850649,0.54,0.55,0.55,166409.44,1781848800.0,0.54,0.56,0.56,93037.53,True
KXATPMATCH-26JUN19TIAAUG-AUG,1781880662,0.61,0.62,0.62,79389.62999999999,1781877600.0,0.61,0.62,0.62,63013.54999999999,True
KXATPMATCH-26JUN20ARNGRA-ARN,1781941253,0.67,0.68,0.68,34032.47,1781938800.0,0.65,0.67,0.67,16304.69,True
KXATPMATCH-26JUN20CHOYIB-CHO,1781962245,0.28,0.29,0.29,648.95,1781960400.0,0.28,0.29,0.29,525.96,True
KXATPMATCH-26JUN20DUCHUS-DUC,1781953233,0.79,0.8,0.8,1077.6100000000001,1781953200.0,0.79,0.8,0.8,525.99,True
KXATPMATCH-26JUN20GHIBAR-BAR,1781929876,0.39,0.4,0.4,447.0,1781928000.0,0.37,0.4,0.4,26.08,True
KXATPMATCH-26JUN20SHESHE2-SHE,1781934649,0.64,0.65,0.65,1042.55,1781931600.0,0.64,0.65,0.65,815.03,True
KXATPMATCH-26JUN20SVAHUE-HUE,1781943648,0.24,0.25,0.24,1690.47,1781942400.0,0.24,0.25,0.25,1560.47,True
KXATPMATCH-26JUN20ZVEFRI-FRI,1781949926,0.43,0.45,0.45,108151.05,1781949600.0,0.43,0.45,0.45,94635.7,True
KXATPMATCH-26JUN21SHEPOL-POL,1782030790,0.44,0.45,0.45,546.7800000000001,1782028800.0,0.45,0.46,0.47,410.69000000000005,True
KXATPMATCH-26JUN21STEVUK-STE,1782024044,0.36,0.37,0.37,6522.52,1782021600.0,0.36,0.37,0.37,631.47,True
KXATPMATCH-26JUN22BOSJAC-BOS,1782112854,0.1,0.11,0.12,533.5,1782111600.0,0.1,0.12,0.12,19.5,True
KXATPMATCH-26JUN22BROHOL-BRO,1782123963,0.45,0.46,0.46,2506.9600000000005,1782122400.0,0.45,0.46,0.44,2222.6600000000003,True
KXATPMATCH-26JUN22BUDREI-BUD,1782120964,0.83,0.86,0.86,204.06,1782118800.0,0.83,0.86,0.86,201.06,True
KXATPMATCH-26JUN22BUTECH-BUT,1782115875,0.69,0.7,0.7,144.76999999999998,1782115200.0,0.68,0.69,0.7,2.8,True
KXATPMATCH-26JUN22CADCIN-CAD,1782105655,0.28,0.29,0.29,535.39,1782104400.0,0.28,0.29,0.29,42.64,True
KXATPMATCH-26JUN22CEBCAR-CAR,1782124895,0.87,0.88,0.88,865.43,1782122400.0,0.87,0.88,0.89,864.43,True
KXATPMATCH-26JUN22CECBAR-BAR,1782125486,0.85,0.87,0.87,24.13,1782122400.0,0.85,0.87,0.87,24.13,True
KXATPMATCH-26JUN22CHIDOU-CHI,1782107169,0.71,0.72,0.72,4674.22,1782104400.0,0.7,0.72,0.72,634.05,True
KXATPMATCH-26JUN22CHOPOP-CHO,1782130344,0.33,0.34,0.34,12623.630000000003,1782129600.0,0.33,0.34,0.34,12507.220000000001,True
KXATPMATCH-26JUN22DIAATM-ATM,1782111955,0.45,0.46,0.46,27866.190000000002,1782111600.0,0.44,0.46,0.46,16796.91,True
KXATPMATCH-26JUN22DODFER-DOD,1782129371,0.42,0.43,0.44,147.69,1782126000.0,0.43,0.44,0.44,115.76,True
KXATPMATCH-26JUN22DRABER-BER,1782129084,0.59,0.6,0.6,2186.54,1782126000.0,0.59,0.6,0.6,2186.54,True
KXATPMATCH-26JUN22GAUMMO-GAU,1782130345,0.37,0.38,0.37,2777.69,1782129600.0,0.37,0.38,0.38,2007.1899999999998,True
KXATPMATCH-26JUN22GIRDRA-DRA,1782118285,,,,0.0,,,,,0.0,False
KXATPMATCH-26JUN22GOMTAB-GOM,1782106864,0.33,0.35,0.35,1996.76,1782104400.0,0.33,0.34,0.32,377.0,True
KXATPMATCH-26JUN22GUEGOF-GOF,1782114933,0.57,0.58,0.57,1582.99,1782111600.0,0.57,0.58,0.58,976.9100000000001,True
KXATPMATCH-26JUN22HSUSAK-HSU,1782111685,0.4,0.41,0.4,279.23,1782111600.0,0.4,0.41,0.41,209.0,True
KXATPMATCH-26JUN22HUMBEL-BEL,1782220257,0.38,0.39,0.39,5805.6,1782219600.0,0.38,0.39,0.39,4157.27,True
KXATPMATCH-26JUN22KYMBUE-BUE,1782120682,0.18,0.19,0.19,575.91,1782118800.0,0.18,0.19,0.19,512.56,True
KXATPMATCH-26JUN22NAPHAR-HAR,1782105965,0.76,0.78,0.78,252.86,1782104400.0,0.76,0.78,0.78,226.86,True
KXATPMATCH-26JUN22NOGNAR-NAR,1782121863,0.61,0.62,0.62,382.39,1782118800.0,0.61,0.62,0.63,369.01,True
KXATPMATCH-26JUN22PINTRU-PIN,1782111683,,,,0.0,,,,,0.0,False
KXATPMATCH-26JUN22SQUZHE-SQU,1782106274,0.31,0.32,0.32,718.02,1782104400.0,0.31,0.32,0.31,711.02,True
KXATPMATCH-26JUN22VIRMAR-MAR,1782120678,0.15,0.16,0.16,2896.33,1782118800.0,0.15,0.16,0.16,2866.33,True
KXATPMATCH-26JUN22WONGOJ-GOJ,1782107460,0.42,0.43,0.43,2017.5700000000002,1782104400.0,0.42,0.43,0.43,1733.4900000000002,True
KXATPMATCH-26JUN22ZHASEA-SEA,1782125771,0.4,0.42,0.42,821.12,1782122400.0,0.4,0.42,0.42,619.0,True
KXATPMATCH-26JUN23ARNHUS-ARN,1782198950,0.78,0.79,0.79,19649.620000000003,1782198000.0,0.77,0.78,0.78,7333.31,True
KXATPMATCH-26JUN23DARHAN-DAR,1782216941,0.42,0.43,0.43,24271.160000000003,1782216000.0,0.42,0.43,0.43,16050.44,True
KXATPMATCH-26JUN23DJEZHE-DJE,1782294623,0.44,0.45,0.45,11482.610000000002,1782291600.0,0.43,0.44,0.44,10371.610000000002,True
KXATPMATCH-26JUN23GASCIN-CIN,1782293129,0.55,0.56,0.56,1942.5700000000002,1782291600.0,0.54,0.55,0.55,1868.69,True
KXATPMATCH-26JUN23GOJSMI-GOJ,1782291032,0.54,0.55,0.55,21240.909999999996,1782288000.0,0.53,0.55,0.55,17578.139999999996,True
KXATPMATCH-26JUN23GUEJAC-GUE,1782302115,0.27,0.28,0.28,705.6600000000001,1782298800.0,0.27,0.28,0.28,705.6600000000001,True
KXATPMATCH-26JUN23MARTAB-MAR,1782192671,0.41,0.42,0.42,6076.84,1782190800.0,0.4,0.41,0.41,1712.4599999999998,True
KXATPMATCH-26JUN23POLDIM-DIM,1782195084,0.83,0.84,0.84,11300.86,1782194400.0,0.83,0.84,0.84,9180.230000000001,True
KXATPMATCH-26JUN24ALTBER-ALT,1782288634,0.39,0.4,0.4,14084.37,1782288000.0,0.39,0.4,0.4,10947.210000000001,True
KXATPMATCH-26JUN24BOYPEL-BOY,1782294913,0.64,0.65,0.65,2949.88,1782291600.0,0.65,0.66,0.66,2940.88,True
KXATPMATCH-26JUN24CORSAK-COR,1782284133,0.14,0.15,0.15,15128.150000000001,1782280800.0,0.14,0.15,0.15,10120.52,True
KXATPMATCH-26JUN24DIAETC-DIA,1782302428,0.61,0.62,0.62,15448.46,1782302400.0,0.61,0.62,0.62,14082.83,True
KXATPMATCH-26JUN24GILCHO-CHO,1782295234,,,,0.0,,,,,0.0,False
KXATPMATCH-26JUN24JUBBAR-BAR,1782293436,0.56,0.57,0.57,4641.2699999999995,1782291600.0,0.55,0.56,0.57,4430.2699999999995,True
KXATPMATCH-26JUN24KECMAR-KEC,1782377409,0.51,0.53,0.53,17120.17,1782374400.0,0.51,0.52,0.52,14901.34,True
KXATPMATCH-26JUN24KOPBUS-BUS,1782281145,0.58,0.59,0.58,27049.05,1782280800.0,0.58,0.6,0.6,13616.48,True
KXATPMATCH-26JUN24MEJHEI-HEI,1782285918,0.62,0.63,0.63,2373.71,1782284400.0,0.61,0.62,0.63,1914.3600000000001,True
KXATPMATCH-26JUN24TOMOCO-OCO,1782289534,0.66,0.67,0.67,3328.0899999999992,1782288000.0,0.66,0.68,0.68,2703.6499999999996,True
KXATPMATCH-26JUN24TRAZHO-TRA,1782284738,0.53,0.54,0.53,12348.11,1782284400.0,0.51,0.52,0.52,2657.4300000000003,True
KXATPMATCH-26JUN25BASBER-BAS,1782374101,0.31,0.32,0.32,799.33,1782370800.0,0.31,0.32,0.32,739.07,True
KXATPMATCH-26JUN25BUDVIR-BUD,1782381287,0.21,0.24,0.24,4040.52,1782374400.0,0.23,0.24,0.24,4040.52,True
KXATPMATCH-26JUN25DIMDAV-DAV,1782385199,0.6,0.61,0.6,13746.08,1782381600.0,0.6,0.64,0.63,13100.98,True
KXATPMATCH-26JUN25HUMHAL-HAL,1782383395,0.27,0.28,0.28,1857.71,1782381600.0,0.27,0.28,0.28,1692.71,True
KXATPMATCH-26JUN25LLABOY-BOY,1782373442,0.43,0.44,0.44,3249.69,1782370800.0,0.44,0.45,0.45,2445.38,True
KXATPMATCH-26JUN25MCDOCO-MCD,1782367808,0.43,0.44,0.43,16018.960000000001,1782367200.0,0.43,0.44,0.44,5108.46,True
KXATPMATCH-26JUN25MEJSCH-MEJ,1782369605,0.25,0.26,0.26,3357.04,1782367200.0,0.26,0.27,0.27,2111.59,True
KXATPMATCH-26JUN25SKAJAC-JAC,1782375904,0.67,0.69,0.68,704.37,1782374400.0,0.67,0.69,0.68,704.37,True
KXATPMATCH-26JUN25TABMOC-MOC,1782371407,0.56,0.57,0.57,9770.29,1782370800.0,0.56,0.57,0.57,4729.610000000001,True
KXATPMATCH-26JUN29BLOZVE-BLO,1782821725,0.11,0.12,0.12,26609.830000000005,1782820800.0,0.11,0.13,0.13,18796.820000000003,True
KXATPMATCH-26JUN29BORBOY-BOR,1782724850,0.74,0.76,0.75,3313.97,1782723600.0,0.75,0.76,0.76,3214.68,True
KXATPMATCH-26JUN29CILMED-CIL,1782730862,0.28,0.29,0.29,19626.87,1782730800.0,0.28,0.29,0.29,19326.5,True
KXATPMATCH-26JUN29DZUFER-DZU,1782808234,0.21,0.22,0.22,25120.09,1782806400.0,0.21,0.22,0.23,24314.96,True
KXATPMATCH-26JUN29HANMPE-HAN,1782802522,0.41,0.42,0.42,19232.899999999998,1782799200.0,0.41,0.43,0.43,8384.0,True
KXATPMATCH-26JUN29JACGAU-GAU,1782811836,0.3,0.31,0.31,1500.7900000000002,1782810000.0,0.3,0.31,0.31,1083.5700000000002,True
KXATPMATCH-26JUN29KOPCHO-CHO,1782824119,0.4,0.41,0.41,1789.5900000000001,1782820800.0,0.4,0.41,0.41,1774.89,True
KXATPMATCH-26JUN29MAJTAB-MAJ,1782799843,0.67,0.69,0.69,7256.329999999999,1782799200.0,0.66,0.68,0.68,3371.0699999999997,True
KXATPMATCH-26JUN29MOCBAS-BAS,1782713154,0.32,0.33,0.33,1987.46,1782712800.0,0.32,0.33,0.33,1866.46,True
KXATPMATCH-26JUN29ROYWEN-ROY,1782803137,0.54,0.55,0.54,22031.799999999996,1782802800.0,0.54,0.55,0.55,14084.369999999999,True
KXATPMATCH-26JUN29SHACAR-CAR,1782714054,0.28,0.29,0.29,31484.7,1782712800.0,0.28,0.29,0.29,29097.63,True
KXATPMATCH-26JUN29SONETC-ETC,1782822026,0.46,0.47,0.47,11962.59,1782820800.0,0.47,0.48,0.48,8712.43,True
KXATPMATCH-26JUN29STRBAE-BAE,1782731458,0.29,0.3,0.3,11575.47,1782730800.0,0.29,0.3,0.3,11425.269999999999,True
KXATPMATCH-26JUN29SVRTIE-SVR,1782717081,0.11,0.12,0.12,11320.42,1782716400.0,0.11,0.12,0.12,5866.33,True
KXATPMATCH-26JUN29SWEDIM-DIM,1782825629,0.77,0.78,0.78,2758.11,1782824400.0,0.76,0.78,0.78,2730.61,True
KXATPMATCH-26JUN29TIAATM-ATM,1782895817,0.14,0.15,0.15,1070460.99,1782892800.0,0.15,0.16,0.15,1065393.76,True
KXATPMATCH-26JUN29TRUDAM-DAM,1782720078,0.77,0.78,0.78,13563.08,1782720000.0,0.76,0.77,0.77,5147.08,True
KXATPMATCH-26JUN29UGOMER-MER,1782720651,0.53,0.54,0.54,18482.63,1782720000.0,0.52,0.54,0.54,14027.700000000003,True
KXATPMATCH-26JUN29VUKBRO-BRO,1782713149,0.66,0.68,0.68,13868.71,1782712800.0,0.67,0.68,0.68,4790.15,True
KXATPMATCH-26JUN29WAWBER-BER,1782832220,0.8,0.81,0.81,3354.829999999999,1782831600.0,0.8,0.81,0.8,2576.7599999999993,True
KXATPMATCH-26JUN29YIBDJO-DJO,1782746558,0.92,0.93,0.93,66711.39,1782745200.0,0.93,0.94,0.94,62178.700000000004,True
KXATPMATCH-26JUN29ZHENOR-NOR,1782727255,0.6,0.61,0.61,36145.740000000005,1782727200.0,0.62,0.63,0.63,32125.180000000004,True
KXATPMATCH-26JUN30FRILAJ-FRI,1782806454,0.93,0.94,0.94,5603.76,1782806400.0,0.93,0.94,0.94,3871.9700000000003,True
KXATPMATCH-26MAR01HANDAR-DAR,1772389866,0.64,0.65,0.65,51065.0,1772388000.0,0.64,0.65,0.65,35392.0,True
KXATPMATCH-26MAR02KRUSVR-KRU,1772489123,0.3,0.31,0.31,1789.0,1772488800.0,0.3,0.31,0.3,752.0,True
KXATPMATCH-26MAR02LEABAR-BAR,1772483727,0.85,0.86,0.86,2103.0,1772481600.0,0.86,0.88,0.88,1675.0,True
KXATPMATCH-26MAR02OCOHAR-HAR,1772458853,0.27,0.31,0.31,3.0,1772456400.0,0.28,0.31,,0.0,True
KXATPMATCH-26MAR02TSEGOF-GOF,1772474126,0.6,0.61,0.61,1089.0,1772470800.0,0.6,0.62,0.62,339.0,True
KXATPMATCH-26MAR03BUSHIJ-BUS,1772571823,0.58,0.59,0.59,16378.0,1772571600.0,0.52,0.54,0.54,9628.0,True
KXATPMATCH-26MAR03GALBAR-BAR,1772566609,0.45,0.49,0.49,4105.0,1772564400.0,0.48,0.52,0.52,3689.0,True
KXATPMATCH-26MAR03LANSHI-LAN,1772555516,0.55,0.57,0.57,3064.0,1772553600.0,0.55,0.56,0.57,2656.0,True
KXATPMATCH-26MAR03SCHYME-SCH,1772563948,0.6,0.61,0.61,3774.0,1772560800.0,0.6,0.62,0.62,2773.0,True
KXATPMATCH-26MAR03VUKPRI-PRI,1772555519,0.58,0.59,0.59,14237.0,1772553600.0,0.57,0.58,0.58,4589.0,True
KXATPMATCH-26MAR04ATMDIM-ATM,1772725346,0.39,0.41,0.41,21290.0,1772722800.0,0.4,0.42,0.42,9435.0,True
KXATPMATCH-26MAR04BERMAN-BER,1772654516,0.66,0.67,0.67,9073.0,1772654400.0,0.65,0.66,0.65,7885.0,True
KXATPMATCH-26MAR04BERSTR-BER,1772640166,0.54,0.55,0.56,7058.0,1772640000.0,0.53,0.55,0.55,3672.0,True
KXATPMATCH-26MAR04FEADZU-DZU,1772728923,0.46,0.48,0.47,7553.0,1772726400.0,0.46,0.47,0.47,6272.0,True
KXATPMATCH-26MAR04FUCOCO-FUC,1772646682,0.53,0.55,0.55,680.0,1772643600.0,0.52,0.54,0.54,482.0,True
KXATPMATCH-26MAR04MAEHIJ-HIJ,1772749944,0.55,0.56,0.56,3639.0,1772748000.0,0.57,0.58,0.58,3055.0,True
KXATPMATCH-26MAR04MAJMPE-MAJ,1772722945,0.56,0.57,0.57,4016.0,1772722800.0,0.56,0.57,0.58,2907.0,True
KXATPMATCH-26MAR04NAVGIR-GIR,1772638299,0.7,0.72,0.72,4565.0,1772636400.0,0.7,0.71,0.71,3060.0,True
KXATPMATCH-26MAR04ROYBON-BON,1772735198,0.52,0.53,0.53,12684.0,1772733600.0,0.52,0.54,0.54,11075.0,True
KXATPMATCH-26MAR04SVRDUC-DUC,1772646672,0.31,0.32,0.32,370.0,1772643600.0,0.3,0.32,0.32,363.0,True
KXATPMATCH-26MAR04TSEBAE-BAE,1772730145,0.73,0.74,0.74,9680.0,1772730000.0,0.73,0.74,0.74,7408.0,True
KXATPMATCH-26MAR04TSISHA-SHA,1772672483,0.46,0.47,0.47,35569.0,1772672400.0,0.47,0.48,0.48,25908.0,True
KXATPMATCH-26MAR04UGODAM-DAM,1772636777,0.63,0.64,0.64,4088.0,1772636400.0,0.62,0.64,0.64,2375.0,True
KXATPMATCH-26MAR05ZHEKOP-KOP,1772757731,0.45,0.46,0.46,6653.0,1772755200.0,0.45,0.46,0.45,5963.0,True
KXATPMATCH-26MAR06ALCDIM-ALC,1772912163,0.95,0.96,0.96,41345.0,1772910000.0,0.95,0.96,0.96,40255.0,True
KXATPMATCH-26MAR06BAELEH-BAE,1772923266,0.32,0.33,0.33,29941.0,1772920800.0,0.32,0.33,0.33,29136.0,True
KXATPMATCH-26MAR06BROTIA-BRO,1772824605,0.48,0.5,0.5,40446.0,1772823600.0,0.48,0.49,0.49,22817.0,True
KXATPMATCH-26MAR06DAVSVA-DAV,1772832725,0.61,0.62,0.61,7738.0,1772830800.0,0.6,0.61,0.61,6778.0,True
KXATPMATCH-26MAR06DJOMAJ-DJO,1772907088,0.89,0.9,0.9,33160.0,1772906400.0,0.9,0.91,0.91,29655.0,True
KXATPMATCH-26MAR06KHAFON-FON,1772904360,0.55,0.56,0.56,18227.0,1772902800.0,0.56,0.58,0.58,12685.0,True
KXATPMATCH-26MAR06NAKUGO-NAK,1772821296,0.81,0.83,0.81,1466.0,1772820000.0,0.81,0.83,0.83,1075.0,True
KXATPMATCH-26MAR06PRIFIL-FIL,1772817698,0.68,0.69,0.69,23701.0,1772816400.0,0.67,0.69,0.69,20121.0,True
KXATPMATCH-26MAR07HUMMIC-HUM,1772929872,0.49,0.5,0.5,21141.0,1772928000.0,0.49,0.5,0.5,13599.0,True
KXATPMATCH-26MAR07NORMCD-MCD,1772913084,0.4,0.41,0.41,4337.0,1772910000.0,0.39,0.41,0.41,4308.0,True
KXATPMATCH-26MAR08CERDRA-CER,1773071449,0.37,0.39,0.38,29554.0,1773068400.0,0.38,0.39,0.4,27333.0,True
KXATPMATCH-26MAR08SHASIN-SHA,1772992564,0.06,0.07,0.07,33012.0,1772989200.0,0.05,0.06,0.06,23522.0,True
KXATPMATCH-26MAR08SHETIE-SHE,1772986882,0.59,0.6,0.6,53978.0,1772985600.0,0.59,0.6,0.6,43467.0,True
KXATPMATCH-26MAR09ALCRIN-ALC,1773094229,0.96,0.97,0.97,38877.0,1773093600.0,0.96,0.97,0.97,27769.0,True
KXATPMATCH-26MAR09MEDBAE-BAE,1773096652,0.15,0.17,0.17,9566.0,1773093600.0,0.15,0.16,0.16,7193.0,True
KXATPMATCH-26MAR09MICFRI-FRI,1773078657,0.71,0.72,0.72,45032.0,1773075600.0,0.7,0.72,0.71,29123.0,True
KXATPMATCH-26MAR10ALCRUU-ALC,1773250840,0.91,0.92,0.92,91929.0,1773248400.0,0.91,0.92,0.92,64028.0,True
KXATPMATCH-26MAR10DJODRA-DJO,1773265829,0.55,0.57,0.57,260498.0,1773262800.0,0.56,0.57,0.57,220021.0,True
KXATPMATCH-26MAR12DRAMED-DRA,1773345659,0.37,0.38,0.38,51739.0,1773345600.0,0.37,0.38,0.38,38905.0,True
KXATPMATCH-26MAR12FILZVE-FIL,1773322515,0.38,0.4,0.4,39619.0,1773320400.0,0.4,0.41,0.41,35125.0,True
KXATPMATCH-26MAR12TIESIN-SIN,1773329457,0.91,0.92,0.93,38643.0,1773327600.0,0.91,0.92,0.92,29102.0,True
KXATPMATCH-26MAR14ALCMED-ALC,1773512115,0.83,0.84,0.84,130534.0,1773511200.0,0.83,0.84,0.84,111016.0,True
KXATPMATCH-26MAR16BASBAR-BAR,1773694015,0.3,0.32,0.32,590.0,1773691200.0,0.3,0.31,0.33,263.0,True
KXATPMATCH-26MAR16BUSECH-BUS,1773670992,0.69,0.7,0.7,4806.0,1773669600.0,0.68,0.69,0.69,3068.0,True
KXATPMATCH-26MAR16GARDRA-DRA,1773679365,0.46,0.48,0.47,5017.0,1773676800.0,0.44,0.45,0.45,1197.0,True
KXATPMATCH-26MAR16JODDHA-DHA,1773688378,0.1,0.11,0.11,22166.0,1773687600.0,0.1,0.11,0.11,7626.0,True
KXATPMATCH-26MAR16MERSVR-MER,1773691935,0.34,0.35,0.34,253.0,1773691200.0,0.34,0.35,0.35,105.0,True
KXATPMATCH-26MAR16MIGBON-BON,1773685985,0.93,0.94,0.94,2179.0,1773684000.0,0.93,0.94,0.93,1733.0,True
KXATPMATCH-26MAR16PINWON-PIN,1773669156,0.37,0.38,0.48,80.0,1773666000.0,0.38,0.4,0.48,80.0,True
KXATPMATCH-26MAR16SVASMI-SMI,1773754933,0.47,0.49,0.49,339310.0,1773752400.0,0.47,0.49,0.47,326626.0,True
KXATPMATCH-26MAR16YUNSCH-SCH,1773655946,0.49,0.5,0.47,3134.0,1773655200.0,0.42,0.45,0.4,1938.0,True
KXATPMATCH-26MAR17ARNSHE-ARN,1774037513,0.43,0.44,0.44,4865.0,1774036800.0,0.43,0.44,0.45,4452.0,True
KXATPMATCH-26MAR17ATMALT-ALT,1774008731,0.31,0.33,0.33,1778.0,1774008000.0,0.31,0.33,0.33,1450.0,True
KXATPMATCH-26MAR17CILPOP-CIL,1773934983,0.59,0.6,0.6,7673.0,1773932400.0,0.59,0.61,0.59,7442.0,True
KXATPMATCH-26MAR17DUCBAU-BAU,1773915744,0.59,0.6,0.6,15769.0,1773914400.0,0.57,0.6,0.59,15701.0,True
KXATPMATCH-26MAR17HANVAN-HAN,1773748599,0.54,0.56,0.57,9405.0,1773745200.0,0.59,0.62,0.63,5850.0,True
KXATPMATCH-26MAR17JODBON-BON,1773761508,0.43,0.44,0.44,969.0,1773759600.0,0.43,0.44,0.45,801.0,True
KXATPMATCH-26MAR17KOVSAK-KOV,1774014414,0.63,0.65,0.65,41401.0,1774011600.0,0.62,0.64,0.64,37124.0,True
KXATPMATCH-26MAR17MAJKEC-KEC,1773943386,0.64,0.65,0.65,9633.0,1773943200.0,0.64,0.65,0.65,9399.0,True
KXATPMATCH-26MAR17MARFON-FON,1773935544,0.71,0.72,0.72,101629.0,1773932400.0,0.71,0.72,0.72,100191.0,True
KXATPMATCH-26MAR17NAVMAC-MAC,1773941588,0.69,0.7,0.7,8180.0,1773939600.0,0.69,0.7,0.7,8001.0,True
KXATPMATCH-26MAR17QUIHUR-HUR,1773921771,0.55,0.57,0.57,32752.0,1773921600.0,0.56,0.57,0.56,32027.0,True
KXATPMATCH-26MAR17SHAVAN-SHA,1773927413,0.62,0.64,0.63,273102.0,1773925200.0,0.62,0.63,0.63,271900.0,True
KXATPMATCH-26MAR17SVAMER-MER,1773769615,,,,0.0,,,,,0.0,False
KXATPMATCH-26MAR17VUKBAR-BAR,1773768412,,,,0.0,,,,,0.0,False
KXATPMATCH-26MAR17ZHAMAN-MAN,1773920820,0.5,0.52,0.52,254663.0,1773918000.0,0.47,0.55,0.52,253750.0,True
KXATPMATCH-26MAR18BASNAV-BAS,1773914595,0.48,0.49,0.49,9645.0,1773914400.0,0.47,0.49,0.49,9501.0,True
KXATPMATCH-26MAR18HALDRA-DRA,1773946973,0.34,0.35,0.35,173.0,1773946800.0,0.34,0.35,0.35,133.0,True
KXATPMATCH-26MAR18OCOFUC-FUC,1774019526,0.63,0.65,0.65,5804.0,1774018800.0,0.63,0.65,0.65,4365.0,True
KXATPMATCH-26MAR18TSIFER-FER,1773931028,0.3,0.31,0.31,2189.0,1773928800.0,0.3,0.31,0.31,2109.0,True
KXATPMATCH-26MAR18WALBAE-BAE,1774024610,0.56,0.58,0.56,8599.0,1774022400.0,0.56,0.57,0.57,7788.0,True
KXATPMATCH-26MAR20ALCFON-ALC,1774037196,0.85,0.86,0.86,73033.0,1774036800.0,0.85,0.86,0.86,66234.0,True
KXATPMATCH-26MAR20BUBBER-BER,1774029408,0.39,0.4,0.4,14169.0,1774026000.0,0.38,0.39,0.39,8751.0,True
KXATPMATCH-26MAR20DAMZVE-DAM,1774125676,0.09,0.11,0.11,13516.0,1774123200.0,0.1,0.11,0.11,12507.0,True
KXATPMATCH-26MAR20DARLAN-DAR,1774044990,0.55,0.56,0.56,13298.0,1774044000.0,0.55,0.56,0.56,10426.0,True
KXATPMATCH-26MAR20KOULEH-KOU,1774040499,0.16,0.17,0.18,4366.0,1774040400.0,0.16,0.17,0.17,4070.0,True
KXATPMATCH-26MAR20MOUMAC-MAC,1774101986,0.61,0.62,0.62,16480.0,1774101600.0,0.61,0.62,0.62,15979.0,True
KXATPMATCH-26MAR20RUBTAB-RUB,1774110696,0.68,0.69,0.69,37479.0,1774108800.0,0.67,0.68,0.68,35121.0,True
KXATPMATCH-26MAR20TSIDE-DE,1774038715,0.66,0.67,0.67,13163.0,1774036800.0,0.66,0.67,0.67,11881.0,True
KXATPMATCH-26MAR20UGOKOR-KOR,1774034776,0.86,0.87,0.87,1638.0,1774033200.0,0.86,0.87,0.87,1581.0,True
KXATPMATCH-26MAR20VANFRI-FRI,1774032103,0.75,0.76,0.76,20009.0,1774029600.0,0.75,0.76,0.76,12009.0,True
KXATPMATCH-26MAR21CERTIR-CER,1774116952,0.77,0.78,0.78,3198.0,1774116000.0,0.77,0.78,0.78,3169.0,True
KXATPMATCH-26MAR21DAVHAL-DAV,1774091146,0.72,0.73,0.72,8171.0,1774090800.0,0.72,0.73,0.74,7555.0,True
KXATPMATCH-26MAR21SAKMED-MED,1774105324,0.91,0.92,0.92,8366.0,1774105200.0,0.92,0.93,0.93,7337.0,True
KXATPMATCH-26MAR21WALMEN-MEN,1774113694,0.74,0.76,0.76,12831.0,1774112400.0,0.74,0.75,0.75,11187.0,True
KXATPMATCH-26MAR22AUGATM-ATM,1774268737,0.24,0.25,0.25,6086.0,1774267200.0,0.24,0.25,0.25,5958.0,True
KXATPMATCH-26MAR22BERVAC-BER,1774207860,0.56,0.57,0.57,62248.0,1774206000.0,0.55,0.56,0.56,35596.0,True
KXATPMATCH-26MAR22HALMAJ-HAL,1774289116,0.45,0.46,0.46,9211.0,1774288800.0,0.44,0.46,0.46,5330.0,True
KXATPMATCH-26MAR22OPEFRI-FRI,1774183854,0.69,0.7,0.7,17642.0,1774180800.0,0.7,0.71,0.71,17365.0,True
KXATPMATCH-26MAR22QUILEH-LEH,1774176710,0.55,0.56,0.57,34627.0,1774173600.0,0.55,0.56,0.56,22208.0,True
KXATPMATCH-26MAR23SHEHUM-HUM,1774262478,0.78,0.79,0.79,9496.0,1774260000.0,0.77,0.79,0.79,8124.0,True
KXATPMATCH-26MAR24ATMTIA-ATM,1774375762,0.35,0.36,0.36,16624.0,1774375200.0,0.35,0.36,0.36,12969.0,True
KXATPMATCH-26MAR24LEHFRI-FRI,1774355711,0.66,0.67,0.66,188385.0,1774353600.0,0.67,0.68,0.68,154023.0,True
KXATPMATCH-26MAR24VACFIL-FIL,1774361716,0.7,0.71,0.71,23935.0,1774360800.0,0.7,0.71,0.71,18281.0,True
KXATPMATCH-26MAR25TIASIN-SIN,1774528278,0.94,0.95,0.95,71486.0,1774526400.0,0.94,0.95,0.95,58598.0,True
KXATPMATCH-26MAR26CERZVE-CER,1774549246,0.28,0.29,0.29,29121.0,1774548000.0,0.29,0.3,0.3,24689.0,True
KXATPMATCH-26MAR27LEHFIL-FIL,1774621861,0.59,0.61,0.61,190358.0,1774620000.0,0.6,0.61,0.61,93003.0,True
KXATPMATCH-26MAR27ZVESIN-SIN,1774638370,0.85,0.86,0.86,67899.0,1774638000.0,0.85,0.86,0.85,65559.0,True
KXATPMATCH-26MAR28GALTAB-GAL,1774699058,0.46,0.47,0.48,515.0,1774695600.0,0.43,0.45,,0.0,True
KXATPMATCH-26MAR29BASMIC-BAS,1774839765,0.66,0.67,0.67,6260.0,1774839600.0,0.64,0.66,0.66,5604.0,True
KXATPMATCH-26MAR29BELBEN-BEL,1774944721,0.8,0.81,0.81,2330.0,1774944000.0,0.8,0.81,0.81,1245.0,True
KXATPMATCH-26MAR29BOLYIB-BOL,1774893118,0.24,0.25,0.25,3529.0,1774890000.0,0.24,0.26,0.25,3373.0,True
KXATPMATCH-26MAR29CERMAJ-CER,1774939594,0.44,0.46,0.46,6435.0,1774936800.0,0.43,0.44,0.44,3137.0,True
KXATPMATCH-26MAR29DAMNAK-DAM,1774976794,0.26,0.28,0.28,4928.0,1774976400.0,0.28,0.29,0.29,4848.0,True
KXATPMATCH-26MAR29DZUJIA-DZU,1774952541,0.63,0.66,0.65,6046.0,1774951200.0,0.64,0.65,0.65,3604.0,True
KXATPMATCH-26MAR29GHECLA-CLA,1774847816,0.81,0.83,0.83,9454.0,1774846800.0,0.82,0.83,0.83,9271.0,True
KXATPMATCH-26MAR29JAMSAK-JAM,1774775834,0.02,0.04,0.04,3370.0,1774774800.0,0.02,0.04,0.04,3370.0,True
KXATPMATCH-26MAR29KOVHIJ-HIJ,1774987572,0.36,0.37,0.37,1541.0,1774987200.0,0.37,0.38,0.38,1280.0,True
KXATPMATCH-26MAR29MAEVAN-MAE,1774939895,0.28,0.29,0.29,337.0,1774936800.0,0.28,0.29,0.29,283.0,True
KXATPMATCH-26MAR29MICWON-MIC,1774983113,0.74,0.76,0.76,27583.0,1774980000.0,0.74,0.76,0.76,26861.0,True
KXATPMATCH-26MAR29OCONAV-NAV,1774930604,0.73,0.75,0.75,3162.0,1774929600.0,0.73,0.75,0.75,575.0,True
KXATPMATCH-26MAR29POPKYP-KYP,1774991780,0.37,0.38,0.38,4329.0,1774990800.0,0.36,0.38,0.36,4172.0,True
KXATPMATCH-26MAR29SMITIR-SMI,1774901194,0.38,0.39,0.38,5065.0,1774900800.0,0.38,0.39,0.39,4800.0,True
KXATPMATCH-26MAR29TSESAK-SAK,1774838543,0.36,0.38,0.39,1913.0,1774836000.0,0.36,0.38,0.36,1770.0,True
KXATPMATCH-26MAR29VALSVA-SVA,1774879975,0.4,0.43,0.43,3761.0,1774879200.0,0.4,0.42,0.42,3208.0,True
KXATPMATCH-26MAR29VANGAS-GAS,1774966593,0.41,0.42,0.42,3528.0,1774965600.0,0.42,0.43,0.43,2935.0,True
KXATPMATCH-26MAR30PINZHA-PIN,1774884973,0.46,0.47,0.47,3458.0,1774882800.0,0.46,0.48,0.48,3198.0,True
KXATPMATCH-26MAR30SAKKUZ-KUZ,1774934775,0.21,0.26,0.26,139952.0,1774933200.0,0.21,0.22,0.22,105495.0,True
KXATPMATCH-26MAR30SKAECH-ECH,1774849590,0.35,0.36,0.36,7038.0,1774846800.0,0.37,0.38,0.38,6558.0,True
KXATPMATCH-26MAR30TRUSAK-SAK,1774858354,0.36,0.38,0.38,3904.0,1774857600.0,0.35,0.36,0.36,699.0,True
KXATPMATCH-26MAR31ETCGOM-ETC,1774969916,0.82,0.83,0.83,8846.0,1774969200.0,0.82,0.83,0.83,7338.0,True
KXATPMATCH-26MAR31SKAUGO-SKA,1774957947,0.24,0.25,0.25,5740.0,1774954800.0,0.27,0.28,0.27,5293.0,True
KXATPMATCH-26MAY01BLOZVE-BLO,1777643449,0.23,0.24,0.24,158305.25000000003,1777640400.0,0.24,0.25,0.25,122427.98000000001,True
KXATPMATCH-26MAY03SINZVE-SIN,1777803183,0.83,0.84,0.84,435155.79,1777802400.0,0.82,0.83,0.83,391263.31,True
KXATPMATCH-26MAY04BONSVR-BON,1777887438,0.55,0.56,0.56,26543.499999999996,1777885200.0,0.55,0.56,0.56,21155.379999999997,True
KXATPMATCH-26MAY04COMHAR-COM,1777866728,0.8,0.81,0.81,4680.65,1777863600.0,0.8,0.81,0.81,926.01,True
KXATPMATCH-26MAY04LLAROC-LLA,1777892649,,,,0.0,,,,,0.0,False
KXATPMATCH-26MAY04MARDEJ-DEJ,1777869981,0.65,0.66,0.66,13310.01,1777867200.0,0.65,0.66,0.66,2540.56,True
KXATPMATCH-26MAY04MARDRO-DRO,1777881171,0.86,0.88,0.88,623.27,1777878000.0,0.86,0.88,0.88,434.51000000000005,True
KXATPMATCH-26MAY04MOCFEA-FEA,1777884394,0.59,0.6,0.6,1047.4099999999999,1777881600.0,0.59,0.61,0.61,844.79,True
KXATPMATCH-26MAY04MOLBAS-BAS,1777894909,0.4,0.41,0.41,1561.75,1777892400.0,0.41,0.43,0.43,942.27,True
KXATPMATCH-26MAY04RIEGAU-GAU,1777872779,0.7,0.72,0.72,18824.88,1777870800.0,0.7,0.71,0.72,13413.29,True
KXATPMATCH-26MAY04VALFAR-FAR,1777893403,0.28,0.29,0.29,1720.96,1777892400.0,0.28,0.29,0.29,1705.96,True
KXATPMATCH-26MAY04VANDEL-DEL,1777873905,0.4,0.41,0.41,7923.98,1777870800.0,0.4,0.41,0.41,2915.29,True
KXATPMATCH-26MAY05FARLLA-FAR,1777973539,0.43,0.44,0.44,4562.4800000000005,1777971600.0,0.43,0.44,0.44,4175.5,True
KXATPMATCH-26MAY05KOVFEA-FEA,1777966374,0.62,0.63,0.63,16881.74,1777964400.0,0.62,0.63,0.62,6541.27,True
KXATPMATCH-26MAY05LANPEL-LAN,1777976774,0.61,0.62,0.62,23566.769999999997,1777975200.0,0.61,0.62,0.62,18016.769999999997,True
KXATPMATCH-26MAY05MERBAR-BAR,1777957406,0.32,0.34,0.32,3430.35,1777957200.0,0.33,0.35,0.36,1198.1,True
KXATPMATCH-26MAY06ARNMUN-ARN,1778063303,0.56,0.57,0.57,8369.64,1778061600.0,0.56,0.57,0.58,5324.6,True
KXATPMATCH-26MAY06BASMER-BAS,1778130781,0.4,0.41,0.41,5711.7699999999995,1778130000.0,0.39,0.4,0.4,735.5899999999999,True
KXATPMATCH-26MAY06BURBEL-BEL,1778142199,0.26,0.31,0.31,970.93,1778140800.0,0.31,0.32,0.32,954.5699999999999,True
KXATPMATCH-26MAY06CARTAB-CAR,1778072591,0.33,0.34,0.34,10848.64,1778072400.0,0.33,0.34,0.34,7845.199999999999,True
KXATPMATCH-26MAY06DEJBOR-BOR,1778062374,0.55,0.56,0.56,15552.51,1778061600.0,0.55,0.56,0.56,13764.29,True
KXATPMATCH-26MAY06FEAMPE-FEA,1778136780,0.81,0.82,0.82,322163.78,1778133600.0,0.83,0.84,0.84,285302.55,True
KXATPMATCH-26MAY06FUCPRI-FUC,1778132846,0.12,0.13,0.13,522429.32999999996,1778130000.0,0.11,0.12,0.11,387077.25,True
KXATPMATCH-26MAY06HURHAN-HAN,1778052774,0.34,0.35,0.35,3363.71,1778050800.0,0.35,0.36,0.36,2684.4700000000003,True
KXATPMATCH-26MAY06MULVAN-MUL,1778051581,0.42,0.43,0.43,2138.25,1778050800.0,0.42,0.44,0.44,1652.1399999999999,True
KXATPMATCH-26MAY06OFNMIC-MIC,1778158697,0.37,0.38,0.38,11858.199999999999,1778155200.0,0.38,0.39,0.39,11110.63,True
KXATPMATCH-26MAY06PELNAR-NAR,1778164380,0.42,0.43,0.43,5202.619999999999,1778162400.0,0.42,0.43,0.42,5126.259999999999,True
KXATPMATCH-26MAY06POPBER-BER,1778129226,0.65,0.66,0.66,38176.92,1778126400.0,0.65,0.66,0.66,20989.46,True
KXATPMATCH-26MAY06SONBUS-BUS,1778158366,0.61,0.62,0.62,6241.169999999999,1778155200.0,0.61,0.62,0.62,5072.919999999999,True
KXATPMATCH-26MAY06STRCOM-COM,1778057597,0.67,0.68,0.68,24073.39,1778054400.0,0.66,0.67,0.67,12042.5,True
KXATPMATCH-26MAY06SVRKEC-KEC,1778128690,0.53,0.54,0.54,9120.92,1778126400.0,0.53,0.54,0.54,4502.09,True
KXATPMATCH-26MAY06TRUSVA-SVA,1778050385,0.28,0.29,0.29,12484.32,1778047200.0,0.29,0.31,0.31,491.67999999999995,True
KXATPMATCH-26MAY06ZHAALT-ALT,1778045816,0.62,0.63,0.63,24541.71,1778043600.0,0.6,0.62,0.62,12193.77,True
KXATPMATCH-26MAY08BORJOD-BOR,1778217168,0.2,0.21,0.21,30171.800000000003,1778216400.0,0.2,0.21,0.21,24159.82,True
KXATPMATCH-26MAY08KHASHE-KHA,1778216553,0.68,0.69,0.69,13832.26,1778216400.0,0.68,0.69,0.69,7324.99,True
KXATPMATCH-26MAY08MOULLA-LLA,1778307662,0.42,0.43,0.43,10361.210000000001,1778306400.0,0.42,0.43,0.43,6273.250000000001,True
KXATPMATCH-26MAY08MUSMPE-MPE,1778256312,0.13,0.14,0.14,2644.3900000000003,1778256000.0,0.13,0.15,0.15,2134.6000000000004,True
KXATPMATCH-26MAY08PAUVUK-PAU,1778238714,0.91,0.92,0.92,3191.1299999999997,1778238000.0,0.91,0.92,0.91,3147.3599999999997,True
KXATPMATCH-26MAY08PRIDJO-DJO,1778242256,0.67,0.68,0.68,208926.37999999998,1778241600.0,0.64,0.65,0.65,146751.15,True
KXATPMATCH-26MAY08RUBKEC-KEC,1778301130,0.29,0.3,0.29,2342.12,1778299200.0,0.31,0.32,0.32,2103.16,True
KXATPMATCH-26MAY08TIEDZU-DZU,1778233922,0.43,0.44,0.44,40698.01,1778230800.0,0.42,0.43,0.43,36655.490000000005,True
KXATPMATCH-26MAY09AUGNAV-AUG,1778316054,0.64,0.65,0.65,48728.60999999999,1778313600.0,0.64,0.65,0.65,42385.03,True
KXATPMATCH-26MAY09MEDFON-FON,1778337375,0.63,0.64,0.64,21538.66,1778335200.0,0.63,0.64,0.63,15904.949999999999,True
KXATPMATCH-26MAY09SINOFN-OFN,1778331304,0.02,0.03,0.03,15907.009999999998,1778328000.0,0.02,0.03,0.03,15897.009999999998,True
KXATPMATCH-26MAY09TIABUS-BUS,1778331824,0.58,0.59,0.59,21777.42,1778331600.0,0.58,0.59,0.58,12468.019999999999,True
KXATPMATCH-26MAY10PAUDAR-DAR,1778416256,0.44,0.45,0.45,18364.260000000002,1778414400.0,0.45,0.46,0.46,17558.45,True
KXATPMATCH-26MAY10TIEBUB-BUB,1778415079,0.65,0.66,0.66,17714.8,1778414400.0,0.65,0.66,0.66,15819.81,True
KXATPMATCH-26MAY11BELLAN-BEL,1778476227,0.51,0.52,0.52,75381.9,1778475600.0,0.52,0.53,0.53,54173.909999999996,True
KXATPMATCH-26MAY12JODTIE-JOD,1778565653,0.77,0.78,0.78,62631.020000000004,1778565600.0,0.76,0.77,0.76,54667.880000000005,True
KXATPMATCH-26MAY12KHAPRI-KHA,1778562901,0.36,0.37,0.37,16526.729999999996,1778562000.0,0.36,0.37,0.37,12354.149999999998,True
KXATPMATCH-26MAY12MEDLAN-LAN,1778588428,0.39,0.4,0.4,31805.680000000004,1778587200.0,0.4,0.41,0.41,31158.790000000005,True
KXATPMATCH-26MAY12MUSRUU-MUS,1778560251,0.36,0.37,0.37,43526.659999999996,1778558400.0,0.36,0.37,0.37,25841.799999999996,True
KXATPMATCH-26MAY12RUBBAS-BAS,1778585439,0.26,0.27,0.27,17842.72,1778583600.0,0.26,0.27,0.27,17103.41,True
KXATPMATCH-26MAY15RUUDAR-DAR,1778842252,0.28,0.29,0.29,350576.59,1778839200.0,0.28,0.29,0.29,330278.74,True
KXATPMATCH-26MAY15SINMED-MED,1778919932,0.08,0.09,0.09,10528546.81,1778918400.0,0.08,0.09,0.09,10491769.85,True
KXATPMATCH-26MAY16BRAZIN-BRA,1778919668,0.6,0.61,0.61,968.38,1778918400.0,0.6,0.61,0.6,342.48,True
KXATPMATCH-26MAY16BUSMCD-BUS,1778912134,0.88,0.9,0.9,1793.51,1778911200.0,0.87,0.89,0.89,428.18,True
KXATPMATCH-26MAY16HIJDAN-DAN,1778913085,0.35,0.37,0.37,1573.19,1778911200.0,0.37,0.38,0.39,656.19,True
KXATPMATCH-26MAY16HUETAB-HUE,1778922089,,,,0.0,,,,,0.0,False
KXATPMATCH-26MAY16OFNFEL-FEL,1778905290,0.29,0.3,0.3,3272.02,1778904000.0,0.29,0.31,0.29,2645.96,True
KXATPMATCH-26MAY16PETGEA-GEA,1778923262,0.67,0.69,0.69,1268.8200000000002,1778922000.0,0.67,0.69,0.69,1183.5500000000002,True
KXATPMATCH-26MAY16SCHVAN-SCH,1778907053,0.28,0.29,0.29,1400.71,1778904000.0,0.28,0.29,0.29,1284.92,True
KXATPMATCH-26MAY16SQUGAR-GAR,1778907310,0.77,0.79,0.79,906.99,1778904000.0,0.76,0.78,0.78,898.9,True
KXATPMATCH-26MAY16TOPGAS-GAS,1778917551,0.66,0.67,0.67,97.44999999999999,1778914800.0,0.66,0.67,0.67,88.38,True
KXATPMATCH-26MAY16TSIMPE-MPE,1779094013,0.29,0.3,0.3,3776.88,1779091200.0,0.29,0.3,0.29,3042.88,True
KXATPMATCH-26MAY17BUSGAS-BUS,1778997078,0.75,0.77,0.77,3317.27,1778994000.0,0.74,0.76,0.76,2088.94,True
KXATPMATCH-26MAY17DARBUR-BUR,1779174413,0.32,0.33,0.34,17408.25,1779174000.0,0.33,0.35,0.35,16339.5,True
KXATPMATCH-26MAY17DEDTIA-DED,1779006837,0.26,0.27,0.27,2945.1400000000003,1779004800.0,0.26,0.27,0.26,2868.1400000000003,True
KXATPMATCH-26MAY17ENGHUM-ENG,1779185523,0.22,0.23,0.26,1929.05,1779184800.0,0.25,0.26,0.24,1928.69,True
KXATPMATCH-26MAY17GIRSCH-GIR,1778999484,0.74,0.75,0.74,5518.900000000001,1778997600.0,0.7,0.71,0.71,4242.59,True
KXATPMATCH-26MAY17MAJUGO-MAJ,1779085037,0.35,0.36,0.36,1850.3000000000002,1779084000.0,0.35,0.36,0.35,977.21,True
KXATPMATCH-26MAY17REHCOM-COM,1778998553,0.7,0.71,0.71,7027.860000000001,1778997600.0,0.7,0.71,0.71,3882.8099999999995,True
KXATPMATCH-26MAY18ALTHIJ-ALT,1779101803,0.7,0.71,0.72,1889.2599999999998,1779098400.0,0.7,0.72,0.72,1889.2599999999998,True
KXATPMATCH-26MAY18BARGAL-BAR,1779103968,0.6,0.61,0.61,2340.4,1779102000.0,0.6,0.61,0.61,2101.04,True
KXATPMATCH-26MAY18BASMUN-BAS,1779175327,0.32,0.33,0.33,6602.75,1779174000.0,0.33,0.34,0.34,2452.36,True
KXATPMATCH-26MAY18BERGLI-BER,1779092561,0.26,0.27,0.28,1.7,1779091200.0,0.26,0.27,0.28,1.7,True
KXATPMATCH-26MAY18BROBLA-BLA,1779107567,0.74,0.75,0.74,1175.3200000000002,1779105600.0,0.74,0.75,0.75,1152.3200000000002,True
KXATPMATCH-26MAY18BUDARN-ARN,1779200173,0.22,0.23,0.23,313.23,1779199200.0,0.22,0.23,0.23,304.23,True
KXATPMATCH-26MAY18COBBUS-BUS,1779169447,0.4,0.41,0.41,6168.860000000001,1779166800.0,0.4,0.41,0.41,1979.71,True
KXATPMATCH-26MAY18DOUGIL-DOU,1779184999,0.25,0.27,0.25,1769.8000000000002,1779184800.0,0.26,0.27,0.27,668.61,True
KXATPMATCH-26MAY18FARDIM-DIM,1779176198,0.45,0.46,0.45,55158.89,1779174000.0,0.45,0.46,0.48,53341.59,True
KXATPMATCH-26MAY18GIUJAC-GIU,1779184325,0.26,0.27,0.27,163.0,1779181200.0,0.26,0.27,0.27,163.0,True
KXATPMATCH-26MAY18GOFTSE-GOF,1779090158,0.35,0.36,0.36,656.93,1779087600.0,0.35,0.36,0.36,243.0,True
KXATPMATCH-26MAY18HERUCH-HER,1779183150,0.86,0.87,0.87,1144.71,1779181200.0,0.85,0.87,0.87,1144.71,True
KXATPMATCH-26MAY18MAYBAR-BAR,1779195193,0.77,0.79,0.79,1495.9199999999998,1779192000.0,0.79,0.8,0.8,1375.9199999999998,True
KXATPMATCH-26MAY18NAVYUN-NAV,1779194518,0.72,0.73,0.73,5516.4400000000005,1779192000.0,0.69,0.7,0.69,3140.7600000000007,True
KXATPMATCH-26MAY18RODLAJ-LAJ,1779166980,0.68,0.69,0.69,4531.13,1779166800.0,0.67,0.68,0.68,897.68,True
KXATPMATCH-26MAY18RODRIE-RIE,1779185524,0.57,0.58,0.58,4843.139999999999,1779184800.0,0.56,0.58,0.57,4759.5199999999995,True
KXATPMATCH-26MAY18SHISAK-SAK,1779088375,0.69,0.7,0.7,985.24,1779087600.0,0.69,0.7,0.7,545.87,True
KXATPMATCH-26MAY18WONHAR-HAR,1779172364,0.41,0.42,0.42,15301.58,1779170400.0,0.42,0.43,0.42,2560.0,True
KXATPMATCH-26MAY19BOSGAL-BOS,1779265903,0.57,0.58,0.58,5121.599999999999,1779264000.0,0.57,0.58,0.58,4812.12,True
KXATPMATCH-26MAY19CINTOM-CIN,1779253340,0.82,0.83,0.83,660.8299999999999,1779253200.0,0.81,0.82,0.82,610.25,True
KXATPMATCH-26MAY19DJEDUC-DJE,1779199351,,,,0.0,,,,,0.0,False
KXATPMATCH-26MAY19FAUCLA-CLA,1779249780,0.7,0.71,0.71,7410.2,1779249600.0,0.7,0.71,0.71,6503.2,True
KXATPMATCH-26MAY19KOVGEA-GEA,1779171450,0.56,0.57,0.57,4149.38,1779170400.0,0.55,0.56,0.56,1490.57,True
KXATPMATCH-26MAY19NORNAV-NAV,1779252704,0.54,0.55,0.54,13313.86,1779249600.0,0.55,0.56,0.56,13154.19,True
KXATPMATCH-26MAY19SAMGOF-GOF,1779261079,0.47,0.48,0.48,13348.119999999999,1779260400.0,0.46,0.47,0.47,12750.63,True
KXATPMATCH-26MAY19UGOTIA-TIA,1779283537,0.53,0.54,0.54,33860.93,1779282000.0,0.54,0.55,0.55,28136.180000000004,True
KXATPMATCH-26MAY19ZHETRA-TRA,1779248506,0.56,0.57,0.57,7731.079999999999,1779246000.0,0.55,0.56,0.56,6070.199999999999,True
KXATPMATCH-26MAY20COLRUU-COL,1779264114,0.26,0.27,0.27,9570.79,1779264000.0,0.28,0.29,0.29,3739.09,True
KXATPMATCH-26MAY20DARHAN-DAR,1779291341,0.64,0.65,0.65,30444.61,1779289200.0,0.64,0.65,0.65,20869.25,True
KXATPMATCH-26MAY20DODDEL-DEL,1779269139,0.71,0.72,0.71,1285.97,1779267600.0,0.7,0.71,0.71,1201.47,True
KXATPMATCH-26MAY20FATJAC-FAT,1779274290,0.38,0.39,0.39,4670.18,1779271200.0,0.38,0.39,0.39,4630.22,True
KXATPMATCH-26MAY20FRIPOP-FRI,1779257770,0.56,0.57,0.57,82985.61000000002,1779256800.0,0.53,0.54,0.54,17145.15,True
KXATPMATCH-26MAY20GLIPRA-GLI,1779258098,0.35,0.36,0.36,4072.11,1779256800.0,0.34,0.35,0.35,2962.53,True
KXATPMATCH-26MAY20MORNEU-MOR,1779258956,0.28,0.29,0.29,643.7100000000002,1779256800.0,0.28,0.29,0.29,643.3900000000001,True
KXATPMATCH-26MAY20NAVSEY-NAV,1779273094,0.66,0.67,0.67,8231.45,1779271200.0,0.66,0.67,0.67,5181.25,True
KXATPMATCH-26MAY20ROCGOJ-GOJ,1779272146,0.41,0.42,0.42,1115.0,1779271200.0,0.41,0.42,0.42,994.0,True
KXATPMATCH-26MAY20SCHBLA-BLA,1779279668,0.68,0.69,0.69,3092.38,1779278400.0,0.64,0.65,0.65,1343.93,True
KXATPMATCH-26MAY20SCHSAF-SAF,1779274529,0.64,0.65,0.62,812.3499999999999,1779271200.0,0.62,0.64,0.64,660.5699999999999,True
KXATPMATCH-26MAY20WONKOL-KOL,1779267075,0.62,0.63,0.63,1494.53,1779264000.0,0.61,0.62,0.61,986.2,True
KXATPMATCH-26MAY21CECPEL-CEC,1779340278,0.39,0.41,0.41,85649.6,1779339600.0,0.33,0.34,0.34,857.6300000000001,True
KXATPMATCH-26MAY21DARDE-DAR,1779372109,0.47,0.48,0.48,20524.559999999998,1779372000.0,0.46,0.47,0.47,10648.96,True
KXATPMATCH-26MAY21HOLDIA-DIA,1779342322,0.72,0.74,0.73,6228.96,1779339600.0,0.72,0.73,0.73,2721.76,True
KXATPMATCH-26MAY21POPRUU-POP,1779351800,0.23,0.25,0.25,8769.84,1779350400.0,0.23,0.25,0.25,7693.61,True
KXATPMATCH-26MAY21SVRFAU-FAU,1779347119,0.19,0.2,0.2,4722.15,1779346800.0,0.19,0.2,0.2,3551.88,True
KXATPMATCH-26MAY22BLAPAV-BLA,1779437534,0.65,0.66,0.66,10269.800000000001,1779436800.0,0.65,0.66,0.66,8970.57,True
KXATPMATCH-26MAY22CARDEL-CAR,1779427357,0.41,0.42,0.42,16748.27,1779426000.0,0.4,0.41,0.41,5305.24,True
KXATPMATCH-26MAY22HERRIE-HER,1779437533,0.28,0.29,0.29,7593.66,1779436800.0,0.27,0.28,0.28,4693.35,True
KXATPMATCH-26MAY22KOVBUS-BUS,1779439596,0.76,0.77,0.77,12765.66,1779436800.0,0.76,0.77,0.77,6429.400000000001,True
KXATPMATCH-26MAY22TIEBUB-BUB,1779443568,0.56,0.57,0.57,45326.4,1779440400.0,0.57,0.58,0.58,40339.94,True
KXATPMATCH-26MAY24BUSRUB-BUS,1779711131,0.35,0.36,0.36,106737.39,1779710400.0,0.35,0.36,0.36,96378.53,True
KXATPMATCH-26MAY24CARLEH-CAR,1779686529,0.19,0.2,0.2,13015.210000000001,1779685200.0,0.21,0.22,0.22,5250.67,True
KXATPMATCH-26MAY24DUCDIA-DIA,1779597412,0.61,0.62,0.62,17138.17,1779595200.0,0.61,0.62,0.62,12281.579999999998,True
KXATPMATCH-26MAY24FARSHA-FAR,1779796919,0.6,0.61,0.6,26449.68,1779796800.0,0.6,0.61,0.61,26232.78,True
KXATPMATCH-26MAY24FAUVAC-FAU,1779782764,0.14,0.15,0.14,8918.13,1779782400.0,0.14,0.15,0.15,8521.199999999999,True
KXATPMATCH-26MAY24KOKATM-ATM,1779703346,0.76,0.77,0.77,47024.92999999999,1779703200.0,0.76,0.77,0.77,45926.46,True
KXATPMATCH-26MAY24LANPRA-LAN,1779790696,0.73,0.74,0.74,67778.16,1779789600.0,0.74,0.75,0.74,63000.600000000006,True
KXATPMATCH-26MAY24MACBER-BER,1779609141,0.41,0.42,0.42,19217.120000000003,1779606000.0,0.4,0.41,0.41,15869.89,True
KXATPMATCH-26MAY24NAVBRO-BRO,1779700045,0.14,0.15,0.14,25601.140000000003,1779699600.0,0.15,0.16,0.16,25489.440000000002,True
KXATPMATCH-26MAY24SHEMIC-MIC,1779684797,0.59,0.6,0.61,88675.48999999999,1779681600.0,0.59,0.6,0.6,21455.390000000003,True
KXATPMATCH-26MAY25AUGALT-ALT,1779808773,0.25,0.26,0.26,52555.15,1779807600.0,0.25,0.26,0.26,33727.03,True
KXATPMATCH-26MAY25BAEBUR-BAE,1779788833,0.53,0.54,0.54,46747.48999999999,1779786000.0,0.52,0.53,0.53,37805.659999999996,True
KXATPMATCH-26MAY25BUBSTR-BUB,1779795716,0.77,0.78,0.78,65995.16,1779793200.0,0.76,0.77,0.77,41720.700000000004,True
KXATPMATCH-26MAY25CERVAN-CER,1779714391,0.84,0.85,0.85,2569.0599999999995,1779714000.0,0.84,0.85,0.85,1062.05,True
KXATPMATCH-26MAY25COLVUK-COL,1779708384,0.9,0.91,0.91,6376.03,1779706800.0,0.9,0.91,0.91,1793.03,True
KXATPMATCH-26MAY25FONPAV-FON,1779623196,0.92,0.93,0.93,3281.4800000000005,1779620400.0,0.92,0.93,0.93,2095.4800000000005,True
KXATPMATCH-26MAY25GARTIE-GAR,1779786697,0.33,0.34,0.33,12852.77,1779786000.0,0.34,0.35,0.36,11275.76,True
KXATPMATCH-26MAY25JACTRU-JAC,1779604927,0.56,0.57,0.57,57265.25,1779602400.0,0.56,0.57,0.57,30302.44,True
KXATPMATCH-26MAY25RUUSAF-RUU,1779714154,0.89,0.9,0.9,98461.05000000002,1779714000.0,0.88,0.9,0.9,74434.67000000001,True
KXATPMATCH-26MAY25WAWDEJ-DEJ,1779697606,0.59,0.61,0.61,26438.760000000002,1779696000.0,0.59,0.61,0.61,17209.29,True
KXATPMATCH-26MAY27BASMIC-BAS,1779882945,0.36,0.38,0.38,43538.799999999996,1779879600.0,0.36,0.37,0.38,42849.38,True
KXATPMATCH-26MAY27BORKEC-BOR,1779875746,0.39,0.4,0.4,41718.76,1779872400.0,0.39,0.4,0.4,31485.22,True
KXATPMATCH-26MAY27CINDEJ-CIN,1779858958,0.41,0.42,0.42,32370.03,1779858000.0,0.41,0.42,0.42,6541.41,True
KXATPMATCH-26MAY27NAVMEN-MEN,1779877537,0.52,0.53,0.53,91761.24000000002,1779876000.0,0.52,0.53,0.53,85288.55000000002,True
KXATPMATCH-26MAY27VANNAK-NAK,1779980844,0.69,0.7,0.7,34600.89,1779980400.0,0.68,0.69,0.69,23330.33,True
KXATPMATCH-26MAY28COMDAR-COM,1779975690,0.25,0.26,0.26,6411.59,1779973200.0,0.25,0.26,0.26,5484.4400000000005,True
KXATPMATCH-26MAY28LANKOP-KOP,1779963029,0.57,0.58,0.58,75078.3,1779962400.0,0.56,0.57,0.57,66824.3,True
KXATPMATCH-26MAY28STRFAR-FAR,1779947588,0.61,0.62,0.62,24507.839999999997,1779944400.0,0.61,0.62,0.62,10521.829999999998,True
KXATPMATCH-26MAY29BORRUB-BOR,1780034120,0.27,0.28,0.28,67542.35,1780030800.0,0.27,0.28,0.28,29475.87,True
KXATPMATCH-26MAY29FONDJO-DJO,1780059422,0.66,0.67,0.67,463038.76,1780056000.0,0.67,0.68,0.68,395939.94000000006,True
KXATPMATCH-26MAY29KHADEJ-DEJ,1780058748,0.26,0.27,0.28,39380.67,1780056000.0,0.28,0.29,0.29,29877.9,True
KXATPMATCH-26MAY29MICJOD-JOD,1780046967,0.81,0.82,0.82,87529.79000000002,1780045200.0,0.81,0.82,0.82,83827.39000000001,True
KXATPMATCH-26MAY29TIRCAR-CAR,1780037505,0.31,0.32,0.31,64482.899999999994,1780034400.0,0.31,0.32,0.32,34916.74,True
KXATPMATCH-26MAY30CERLAN-CER,1780143479,0.6,0.61,0.61,104311.54000000001,1780142400.0,0.58,0.59,0.59,81297.0,True
KXATPMATCH-26MAY30KOUTAB-KOU,1780142375,0.21,0.22,0.22,202489.21999999997,1780138800.0,0.21,0.22,0.22,192298.3,True
KXATPMATCH-26MAY31JODCAR-CAR,1780219220,0.21,0.22,0.22,195870.5,1780218000.0,0.2,0.21,0.21,179784.65,True
KXATPMATCH-26MAY31RUUFON-FON,1780244960,0.37,0.38,0.38,256596.55,1780243200.0,0.38,0.39,0.39,139243.41,True
