Country,League,Season,Date,Time,Home,Away,HG,AG,Res,AvgCH,AvgCD,AvgCA
Colombia,Primera A,2026 - Clausura,24/07/2026,23:10,Llaneros FC,Deportivo Pereira,1,0,H,,,
Colombia,Primera A,2026 - Clausura,25/07/2026,01:15,Deportivo Cali,CD Jaguares,2,0,H,,,
Colombia,Primera A,2026 - Clausura,25/07/2026,21:05,Independiente Medellín,Deportivo Pasto,3,2,H,,,
Colombia,Primera A,2026 - Clausura,25/07/2026,23:10,Millonarios,Bucaramanga,0,1,A,,,
Colombia,Primera A,2026 - Clausura,26/07/2026,01:15,Tolima,Junior FC,2,1,H,,,
Colombia,Primera A,2026 - Clausura,26/07/2026,19:00,Internacional de Bogotá,América de Cali,0,2,A,,,
Colombia,Primera A,2026 - Clausura,26/07/2026,21:05,Águilas Doradas,Santa Fe,2,1,H,,,
Colombia,Primera A,2026 - Clausura,26/07/2026,23:10,Alianza FC,Fortaleza FC,1,1,D,,,
Colombia,Primera A,2026 - Clausura,27/07/2026,01:15,Once Caldas,Cúcuta,5,1,H,,,
Colombia,Primera A,2026 - Clausura,31/07/2026,01:00,Bucaramanga,Llaneros FC,1,1,D,,,
Colombia,Primera A,2026 - Clausura,01/08/2026,01:00,Fortaleza FC,Deportivo Pereira,0,0,D,,,
Colombia,Primera A,2026 - Clausura,01/08/2026,19:00,Deportivo Pasto,Águilas Doradas,1,2,A,,,
Colombia,Primera A,2026 - Clausura,01/08/2026,21:05,Alianza FC,Tolima,1,2,A,,,
Colombia,Primera A,2026 - Clausura,01/08/2026,23:10,Independiente Medellín,Deportivo Cali,1,0,H,,,
Colombia,Primera A,2026 - Clausura,02/08/2026,01:15,Junior FC,Millonarios,0,1,A,,,
Colombia,Primera A,2026 - Clausura,02/08/2026,20:45,CD Jaguares,Atlético Nacional,0,3,A,,,
Colombia,Primera A,2026 - Clausura,02/08/2026,22:45,América de Cali,Chicó FC,7,0,H,,,
Colombia,Primera A,2026 - Clausura,03/08/2026,01:00,Santa Fe,Once Caldas,2,2,D,,,
Colombia,Primera A,2026 - Clausura,04/08/2026,01:00,Bucaramanga,Cúcuta,1,1,D,,,
Colombia,Primera A,2026 - Clausura,04/08/2026,21:10,Llaneros FC,Fortaleza FC,3,1,H,,,
Colombia,Primera A,2026 - Clausura,04/08/2026,23:15,Tolima,Independiente Medellín,2,3,A,,,
Colombia,Primera A,2026 - Clausura,05/08/2026,01:20,Millonarios,Deportivo Pasto,2,0,H,,,
Colombia,Primera A,2026 - Clausura,05/08/2026,23:15,Internacional de Bogotá,CD Jaguares,1,0,H,,,
Colombia,Primera A,2026 - Clausura,06/08/2026,01:30,Once Caldas,América de Cali,0,1,A,,,
Colombia,Primera A,2026 - Clausura,08/08/2026,19:00,Santa Fe,Chicó FC,2,0,H,,,
Colombia,Primera A,2026 - Clausura,08/08/2026,21:20,Fortaleza FC,Cúcuta,2,0,H,,,
Colombia,Primera A,2026 - Clausura,08/08/2026,23:25,Tolima,Internacional de Bogotá,2,1,H,,,
Colombia,Primera A,2026 - Clausura,09/08/2026,01:30,Deportivo Pasto,Deportivo Cali,0,2,A,,,
Colombia,Primera A,2026 - Clausura,09/08/2026,21:05,Alianza FC,Bucaramanga,2,3,A,,,
Colombia,Primera A,2026 - Clausura,09/08/2026,23:10,CD Jaguares,Once Caldas,1,1,D,,,
Colombia,Primera A,2026 - Clausura,10/08/2026,01:15,América de Cali,Atlético Nacional,1,0,H,,,
Colombia,Primera A,2026 - Clausura,19/08/2026,21:00,Águilas Doradas,Llaneros FC,1,1,D,,,
Colombia,Primera A,2026 - Clausura,19/08/2026,23:00,Cúcuta,Internacional de Bogotá,1,1,D,,,
Colombia,Primera A,2026 - Clausura,21/08/2026,21:05,CD Jaguares,Chicó FC,1,0,H,,,
Colombia,Primera A,2026 - Clausura,22/08/2026,00:30,Alianza FC,Deportivo Pereira,0,0,D,,,
Colombia,Primera A,2026 - Clausura,22/08/2026,20:30,Águilas Doradas,Millonarios,1,1,D,,,
Colombia,Primera A,2026 - Clausura,22/08/2026,21:05,Tolima,Bucaramanga,0,0,D,,,
Colombia,Primera A,2026 - Clausura,22/08/2026,23:10,Santa Fe,América de Cali,0,0,D,,,
Colombia,Primera A,2026 - Clausura,23/08/2026,01:15,Independiente Medellín,Cúcuta,0,1,A,,,
Colombia,Primera A,2026 - Clausura,23/08/2026,19:00,Fortaleza FC,Atlético Nacional,1,2,A,,,
Colombia,Primera A,2026 - Clausura,23/08/2026,21:05,Deportivo Pasto,Llaneros FC,0,1,A,,,
Colombia,Primera A,2026 - Clausura,23/08/2026,23:10,Deportivo Cali,Internacional de Bogotá,2,2,D,,,
Colombia,Primera A,2026 - Clausura,24/08/2026,01:15,Junior FC,Once Caldas,1,1,D,,,
Colombia,Primera A,2026 - Clausura,26/08/2026,01:00,Cúcuta,Alianza FC,1,0,H,,,
Colombia,Primera A,2026 - Clausura,26/08/2026,21:00,Chicó FC,Fortaleza FC,0,0,D,,,
Colombia,Primera A,2026 - Clausura,26/08/2026,23:20,América de Cali,Junior FC,4,2,H,,,
Colombia,Primera A,2026 - Clausura,27/08/2026,01:30,Atlético Nacional,Deportivo Cali,2,1,H,,,
Colombia,Primera A,2026 - Clausura,27/08/2026,23:10,Llaneros FC,Millonarios,0,2,A,,,
Colombia,Primera A,2026 - Clausura,28/08/2026,01:15,Internacional de Bogotá,Deportivo Pasto,1,1,D,,,
Colombia,Primera A,2026 - Clausura,29/08/2026,21:25,CD Jaguares,América de Cali,2,2,D,,,
Colombia,Primera A,2026 - Clausura,29/08/2026,23:30,Junior FC,Santa Fe,1,1,D,,,
Colombia,Primera A,2026 - Clausura,30/08/2026,01:30,Alianza FC,Atlético Nacional,1,5,A,,,
Colombia,Primera A,2026 - Clausura,30/08/2026,19:00,Águilas Doradas,Chicó FC,2,2,D,,,
Colombia,Primera A,2026 - Clausura,30/08/2026,21:10,Independiente Medellín,Llaneros FC,2,1,H,,,
Colombia,Primera A,2026 - Clausura,30/08/2026,23:15,Millonarios,Internacional de Bogotá,0,0,D,,,
Colombia,Primera A,2026 - Clausura,31/08/2026,01:20,Deportivo Cali,Bucaramanga,1,1,D,,,
Colombia,Primera A,2026 - Clausura,31/08/2026,23:00,Deportivo Pasto,Deportivo Pereira,1,2,A,,,
Colombia,Primera A,2026 - Clausura,01/09/2026,01:05,Tolima,Cúcuta,2,1,H,,,
Colombia,Primera A,2026 - Clausura,02/09/2026,01:00,Fortaleza FC,Once Caldas,1,2,A,,,
Colombia,Primera A,2026 - Clausura,03/09/2026,01:25,Santa Fe,Millonarios,3,2,H,,,
Colombia,Primera A,2026 - Clausura,03/09/2026,21:00,América de Cali,Alianza FC,3,0,H,,,
Colombia,Primera A,2026 - Clausura,04/09/2026,01:00,Deportivo Pereira,Independiente Medellín,0,3,A,,,
Colombia,Primera A,2026 - Clausura,05/09/2026,21:00,Chicó FC,Once Caldas,2,0,H,,,
Colombia,Primera A,2026 - Clausura,05/09/2026,23:10,Cúcuta,Deportivo Pasto,2,2,D,,,
Colombia,Primera A,2026 - Clausura,05/09/2026,23:25,Santa Fe,Fortaleza FC,2,2,D,,,
Colombia,Primera A,2026 - Clausura,06/09/2026,01:30,Junior FC,CD Jaguares,3,3,D,,,
Colombia,Primera A,2026 - Clausura,06/09/2026,21:00,Internacional de Bogotá,Águilas Doradas,2,2,D,,,
Colombia,Primera A,2026 - Clausura,06/09/2026,23:10,Deportivo Pereira,Millonarios,1,1,D,,,
Colombia,Primera A,2026 - Clausura,07/09/2026,23:00,Llaneros FC,Tolima,1,2,A,,,
Colombia,Primera A,2026 - Clausura,11/09/2026,01:00,Millonarios,Deportivo Cali,1,1,D,,,
Colombia,Primera A,2026 - Clausura,11/09/2026,23:15,CD Jaguares,Fortaleza FC,2,2,D,,,
Colombia,Primera A,2026 - Clausura,12/09/2026,01:30,Santa Fe,Tolima,1,0,H,,,
Colombia,Primera A,2026 - Clausura,12/09/2026,21:05,Internacional de Bogotá,Llaneros FC,3,2,H,,,
Colombia,Primera A,2026 - Clausura,12/09/2026,23:10,Chicó FC,Independiente Medellín,2,1,H,,,
Colombia,Primera A,2026 - Clausura,13/09/2026,01:20,Alianza FC,Junior FC,1,0,H,,,
Colombia,Primera A,2026 - Clausura,13/09/2026,19:00,Deportivo Pereira,Bucaramanga,1,3,A,,,
Colombia,Primera A,2026 - Clausura,13/09/2026,21:05,Atlético Nacional,Águilas Doradas,2,0,H,,,
Colombia,Primera A,2026 - Clausura,13/09/2026,23:10,Once Caldas,Deportivo Cali,1,2,A,,,
Colombia,Primera A,2026 - Clausura,14/09/2026,01:15,Cúcuta,Millonarios,1,2,A,,,
Colombia,Primera A,2026 - Clausura,15/09/2026,01:00,América de Cali,Deportivo Pasto,0,1,A,,,
Colombia,Primera A,2026 - Clausura,16/09/2026,00:30,Chicó FC,Alianza FC,1,2,A,,,
Colombia,Primera A,2026 - Clausura,16/09/2026,23:15,Once Caldas,Tolima,1,0,H,,,
Colombia,Primera A,2026 - Clausura,17/09/2026,01:20,Internacional de Bogotá,Atlético Nacional,2,3,A,,,
Colombia,Primera A,2026 - Clausura,18/09/2026,00:00,Bucaramanga,Independiente Medellín,2,2,D,,,
Colombia,Primera A,2026 - Clausura,18/09/2026,21:00,Águilas Doradas,Deportivo Pereira,2,2,D,,,
Colombia,Primera A,2026 - Clausura,19/09/2026,19:00,Millonarios,Chicó FC,3,0,H,,,
Colombia,Primera A,2026 - Clausura,19/09/2026,21:05,Alianza FC,Santa Fe,1,4,A,,,
Colombia,Primera A,2026 - Clausura,19/09/2026,23:10,Deportivo Cali,Cúcuta,3,0,H,,,
Colombia,Primera A,2026 - Clausura,20/09/2026,01:15,Deportivo Pasto,Once Caldas,1,0,H,,,
Colombia,Primera A,2026 - Clausura,20/09/2026,19:00,Fortaleza FC,Junior FC,1,4,A,,,
Colombia,Primera A,2026 - Clausura,20/09/2026,21:05,Bucaramanga,Internacional de Bogotá,2,0,H,,,
Colombia,Primera A,2026 - Clausura,20/09/2026,23:10,Tolima,América de Cali,1,1,D,,,
Colombia,Primera A,2026 - Clausura,21/09/2026,01:15,Llaneros FC,Atlético Nacional,2,0,H,,,
Colombia,Primera A,2026 - Clausura,22/09/2026,23:00,Independiente Medellín,CD Jaguares,2,1,H,,,
Colombia,Primera A,2026 - Clausura,23/09/2026,01:00,Santa Fe,Deportivo Cali,0,1,A,,,
Colombia,Primera A,2026 - Clausura,24/09/2026,00:30,América de Cali,Águilas Doradas,1,0,H,,,
Colombia,Primera A,2026 - Clausura,25/09/2026,00:30,Atlético Nacional,Millonarios,1,1,D,,,
Colombia,Primera A,2026 - Clausura,25/09/2026,23:10,Chicó FC,Deportivo Pasto,3,0,H,,,
Colombia,Primera A,2026 - Clausura,26/09/2026,01:15,Once Caldas,Bucaramanga,1,3,A,,,
Colombia,Primera A,2026 - Clausura,26/09/2026,21:00,Deportivo Pereira,Internacional de Bogotá,0,0,D,,,
Colombia,Primera A,2026 - Clausura,26/09/2026,23:15,Cúcuta,Llaneros FC,2,1,H,,,
Colombia,Primera A,2026 - Clausura,27/09/2026,01:20,Junior FC,Independiente Medellín,2,0,H,,,
Colombia,Primera A,2026 - Clausura,27/09/2026,21:00,CD Jaguares,Alianza FC,1,2,A,,,
Colombia,Primera A,2026 - Clausura,27/09/2026,23:05,Fortaleza FC,Tolima,2,2,D,,,
Colombia,Primera A,2026 - Clausura,28/09/2026,01:10,Deportivo Cali,Águilas Doradas,2,0,H,,,
Colombia,Primera A,2026 - Clausura,29/09/2026,20:30,Deportivo Pereira,Santa Fe,1,2,A,,,
Colombia,Primera A,2026 - Clausura,30/09/2026,01:05,Independiente Medellín,Millonarios,2,2,D,,,
Colombia,Primera A,2026 - Apertura,16/01/2026,23:20,Deportivo Pereira,Llaneros FC,0,2,A,,,
Colombia,Primera A,2026 - Apertura,17/01/2026,01:30,Fortaleza FC,Alianza FC,1,0,H,,,
Colombia,Primera A,2026 - Apertura,17/01/2026,21:10,América de Cali,Internacional de Bogotá,3,0,H,,,
Colombia,Primera A,2026 - Apertura,17/01/2026,23:20,Atlético Nacional,Chicó FC,4,0,H,,,
Colombia,Primera A,2026 - Apertura,18/01/2026,01:30,Bucaramanga,Millonarios,2,1,H,,,
Colombia,Primera A,2026 - Apertura,18/01/2026,19:00,Deportivo Pasto,Independiente Medellín,1,0,H,,,
Colombia,Primera A,2026 - Apertura,18/01/2026,21:10,CD Jaguares,Deportivo Cali,1,0,H,,,
Colombia,Primera A,2026 - Apertura,18/01/2026,23:20,Junior FC,Tolima,0,2,A,,,
Colombia,Primera A,2026 - Apertura,19/01/2026,01:30,Santa Fe,Águilas Doradas,1,1,D,,,
Colombia,Primera A,2026 - Apertura,19/01/2026,21:00,Cúcuta,Once Caldas,1,2,A,,,
Colombia,Primera A,2026 - Apertura,23/01/2026,23:20,Internacional de Bogotá,Cúcuta,2,1,H,,,
Colombia,Primera A,2026 - Apertura,24/01/2026,01:30,Tolima,Alianza FC,2,0,H,,,
Colombia,Primera A,2026 - Apertura,24/01/2026,19:00,Deportivo Pereira,Fortaleza FC,0,0,D,,,
Colombia,Primera A,2026 - Apertura,24/01/2026,21:10,Llaneros FC,Bucaramanga,1,1,D,,,
Colombia,Primera A,2026 - Apertura,24/01/2026,23:20,Deportivo Cali,Independiente Medellín,3,1,H,,,
Colombia,Primera A,2026 - Apertura,25/01/2026,01:30,Chicó FC,América de Cali,0,1,A,,,
Colombia,Primera A,2026 - Apertura,25/01/2026,21:00,Águilas Doradas,Deportivo Pasto,1,2,A,,,
Colombia,Primera A,2026 - Apertura,25/01/2026,23:10,Millonarios,Junior FC,1,2,A,,,
Colombia,Primera A,2026 - Apertura,26/01/2026,01:20,Once Caldas,Santa Fe,1,1,D,,,
Colombia,Primera A,2026 - Apertura,27/01/2026,21:00,Cúcuta,Bucaramanga,2,2,D,,,
Colombia,Primera A,2026 - Apertura,27/01/2026,23:20,Fortaleza FC,Llaneros FC,1,1,D,,,
Colombia,Primera A,2026 - Apertura,28/01/2026,01:30,Independiente Medellín,Tolima,2,2,D,,,
Colombia,Primera A,2026 - Apertura,28/01/2026,21:10,Alianza FC,Chicó FC,1,1,D,,,
Colombia,Primera A,2026 - Apertura,28/01/2026,23:30,Santa Fe,Deportivo Pereira,2,2,D,,,
Colombia,Primera A,2026 - Apertura,29/01/2026,01:30,Deportivo Pasto,Millonarios,2,1,H,,,
Colombia,Primera A,2026 - Apertura,29/01/2026,21:00,Águilas Doradas,Deportivo Cali,2,1,H,,,
Colombia,Primera A,2026 - Apertura,29/01/2026,23:10,CD Jaguares,Internacional de Bogotá,2,3,A,,,
Colombia,Primera A,2026 - Apertura,30/01/2026,01:20,América de Cali,Once Caldas,1,1,D,,,
Colombia,Primera A,2026 - Apertura,31/01/2026,21:00,Cúcuta,Fortaleza FC,1,1,D,,,
Colombia,Primera A,2026 - Apertura,31/01/2026,23:10,Chicó FC,Santa Fe,0,1,A,,,
Colombia,Primera A,2026 - Apertura,01/02/2026,19:00,Bucaramanga,Alianza FC,5,0,H,,,
Colombia,Primera A,2026 - Apertura,01/02/2026,21:10,Deportivo Cali,Deportivo Pasto,3,0,H,,,
Colombia,Primera A,2026 - Apertura,01/02/2026,23:10,Once Caldas,CD Jaguares,1,1,D,,,
Colombia,Primera A,2026 - Apertura,02/02/2026,01:30,Llaneros FC,Águilas Doradas,1,1,D,,,
Colombia,Primera A,2026 - Apertura,02/02/2026,20:00,Millonarios,Independiente Medellín,0,0,D,,,
Colombia,Primera A,2026 - Apertura,02/02/2026,23:20,Internacional de Bogotá,Tolima,0,0,D,,,
Colombia,Primera A,2026 - Apertura,03/02/2026,01:30,Deportivo Pereira,Junior FC,2,3,A,,,
Colombia,Primera A,2026 - Apertura,05/02/2026,01:00,Atlético Nacional,América de Cali,2,1,H,,,
Colombia,Primera A,2026 - Apertura,06/02/2026,23:20,Deportivo Pasto,Bucaramanga,0,0,D,,,
Colombia,Primera A,2026 - Apertura,07/02/2026,01:30,Independiente Medellín,Internacional de Bogotá,1,2,A,,,
Colombia,Primera A,2026 - Apertura,07/02/2026,19:00,Águilas Doradas,Cúcuta,3,2,H,,,
Colombia,Primera A,2026 - Apertura,07/02/2026,21:10,Tolima,Llaneros FC,0,1,A,,,
Colombia,Primera A,2026 - Apertura,07/02/2026,23:20,Fortaleza FC,Santa Fe,1,1,D,,,
Colombia,Primera A,2026 - Apertura,08/02/2026,01:30,Junior FC,Chicó FC,3,0,H,,,
Colombia,Primera A,2026 - Apertura,08/02/2026,21:10,Alianza FC,Once Caldas,1,1,D,,,
Colombia,Primera A,2026 - Apertura,08/02/2026,23:20,Deportivo Cali,Millonarios,0,0,D,,,
Colombia,Primera A,2026 - Apertura,09/02/2026,01:30,CD Jaguares,Deportivo Pereira,1,0,H,,,
Colombia,Primera A,2026 - Apertura,10/02/2026,21:00,Cúcuta,Independiente Medellín,1,3,A,,,
Colombia,Primera A,2026 - Apertura,10/02/2026,23:20,Llaneros FC,Deportivo Pasto,0,1,A,,,
Colombia,Primera A,2026 - Apertura,11/02/2026,01:30,Bucaramanga,Tolima,0,0,D,,,
Colombia,Primera A,2026 - Apertura,11/02/2026,23:30,Millonarios,Águilas Doradas,1,0,H,,,
Colombia,Primera A,2026 - Apertura,12/02/2026,01:30,Internacional de Bogotá,Deportivo Cali,3,2,H,,,
Colombia,Primera A,2026 - Apertura,12/02/2026,21:10,Chicó FC,CD Jaguares,5,0,H,,,
Colombia,Primera A,2026 - Apertura,12/02/2026,23:20,Once Caldas,Junior FC,2,1,H,,,
Colombia,Primera A,2026 - Apertura,13/02/2026,01:30,Atlético Nacional,Fortaleza FC,4,1,H,,,
Colombia,Primera A,2026 - Apertura,14/02/2026,01:00,América de Cali,Santa Fe,1,0,H,,,
Colombia,Primera A,2026 - Apertura,14/02/2026,21:30,Millonarios,Llaneros FC,2,1,H,,,
Colombia,Primera A,2026 - Apertura,14/02/2026,23:30,Independiente Medellín,Deportivo Pereira,1,1,D,,,
Colombia,Primera A,2026 - Apertura,15/02/2026,01:30,Deportivo Pasto,Internacional de Bogotá,1,1,D,,,
Colombia,Primera A,2026 - Apertura,15/02/2026,21:20,Tolima,Once Caldas,2,1,H,,,
Colombia,Primera A,2026 - Apertura,15/02/2026,23:30,Deportivo Cali,Atlético Nacional,1,0,H,,,
Colombia,Primera A,2026 - Apertura,16/02/2026,01:30,Fortaleza FC,Chicó FC,2,1,H,,,
Colombia,Primera A,2026 - Apertura,17/02/2026,21:00,Alianza FC,Cúcuta,1,1,D,,,
Colombia,Primera A,2026 - Apertura,17/02/2026,23:00,CD Jaguares,Santa Fe,3,1,H,,,
Colombia,Primera A,2026 - Apertura,19/02/2026,00:30,Junior FC,América de Cali,2,1,H,,,
Colombia,Primera A,2026 - Apertura,20/02/2026,23:20,Llaneros FC,Independiente Medellín,2,2,D,,,
Colombia,Primera A,2026 - Apertura,21/02/2026,01:30,Deportivo Pereira,Deportivo Pasto,2,2,D,,,
Colombia,Primera A,2026 - Apertura,21/02/2026,19:00,Once Caldas,Fortaleza FC,4,2,H,,,
Colombia,Primera A,2026 - Apertura,21/02/2026,21:10,Bucaramanga,Deportivo Cali,0,0,D,,,
Colombia,Primera A,2026 - Apertura,21/02/2026,23:20,Atlético Nacional,Alianza FC,3,0,H,,,
Colombia,Primera A,2026 - Apertura,22/02/2026,01:30,Internacional de Bogotá,Millonarios,3,2,H,,,
Colombia,Primera A,2026 - Apertura,22/02/2026,21:00,Santa Fe,Junior FC,2,1,H,,,
Colombia,Primera A,2026 - Apertura,22/02/2026,23:10,Chicó FC,Águilas Doradas,0,1,A,,,
Colombia,Primera A,2026 - Apertura,23/02/2026,01:30,América de Cali,CD Jaguares,3,0,H,,,
Colombia,Primera A,2026 - Apertura,23/02/2026,21:00,Cúcuta,Tolima,3,2,H,,,
Colombia,Primera A,2026 - Apertura,26/02/2026,00:00,Santa Fe,Atlético Nacional,1,2,A,,,
Colombia,Primera A,2026 - Apertura,27/02/2026,00:30,Millonarios,Deportivo Pereira,5,1,H,,,
Colombia,Primera A,2026 - Apertura,28/02/2026,01:30,Once Caldas,Chicó FC,3,0,H,,,
Colombia,Primera A,2026 - Apertura,28/02/2026,21:10,Alianza FC,América de Cali,0,3,A,,,
Colombia,Primera A,2026 - Apertura,28/02/2026,23:20,CD Jaguares,Junior FC,0,2,A,,,
Colombia,Primera A,2026 - Apertura,01/03/2026,01:30,Independiente Medellín,Bucaramanga,1,2,A,,,
Colombia,Primera A,2026 - Apertura,01/03/2026,19:00,Deportivo Pasto,Cúcuta,3,2,H,,,
Colombia,Primera A,2026 - Apertura,01/03/2026,21:00,Águilas Doradas,Internacional de Bogotá,0,0,D,,,
Colombia,Primera A,2026 - Apertura,01/03/2026,23:10,Deportivo Cali,Fortaleza FC,1,1,D,,,
Colombia,Primera A,2026 - Apertura,02/03/2026,01:30,Tolima,Atlético Nacional,1,0,H,,,
Colombia,Primera A,2026 - Apertura,05/03/2026,01:00,Fortaleza FC,CD Jaguares,2,1,H,,,
Colombia,Primera A,2026 - Apertura,05/03/2026,23:10,Llaneros FC,Internacional de Bogotá,1,1,D,,,
Colombia,Primera A,2026 - Apertura,06/03/2026,01:20,Junior FC,Alianza FC,1,1,D,,,
Colombia,Primera A,2026 - Apertura,07/03/2026,01:30,Deportivo Cali,Once Caldas,0,2,A,,,
Colombia,Primera A,2026 - Apertura,07/03/2026,21:00,Águilas Doradas,Atlético Nacional,1,2,A,,,
Colombia,Primera A,2026 - Apertura,09/03/2026,21:00,Llaneros FC,CD Jaguares,2,0,H,,,
Colombia,Primera A,2026 - Apertura,09/03/2026,23:20,Millonarios,Cúcuta,2,0,H,,,
Colombia,Primera A,2026 - Apertura,10/03/2026,01:30,Deportivo Pasto,América de Cali,2,0,H,,,
Colombia,Primera A,2026 - Apertura,10/03/2026,23:20,Bucaramanga,Deportivo Pereira,3,0,H,,,
Colombia,Primera A,2026 - Apertura,11/03/2026,01:30,Junior FC,Atlético Nacional,0,4,A,,,
Colombia,Primera A,2026 - Apertura,13/03/2026,23:20,Once Caldas,Deportivo Pasto,4,2,H,,,
Colombia,Primera A,2026 - Apertura,14/03/2026,01:30,Atlético Nacional,Llaneros FC,2,0,H,,,
Colombia,Primera A,2026 - Apertura,14/03/2026,19:00,Internacional de Bogotá,Bucaramanga,0,0,D,,,
Colombia,Primera A,2026 - Apertura,14/03/2026,21:10,Cúcuta,Deportivo Cali,0,2,A,,,
Colombia,Primera A,2026 - Apertura,14/03/2026,23:20,Chicó FC,Millonarios,2,1,H,,,
Colombia,Primera A,2026 - Apertura,15/03/2026,01:30,Santa Fe,Alianza FC,1,1,D,,,
Colombia,Primera A,2026 - Apertura,15/03/2026,20:30,Deportivo Pereira,Águilas Doradas,0,1,A,,,
Colombia,Primera A,2026 - Apertura,15/03/2026,21:10,América de Cali,Tolima,1,1,D,,,
Colombia,Primera A,2026 - Apertura,15/03/2026,23:20,CD Jaguares,Independiente Medellín,1,2,A,,,
Colombia,Primera A,2026 - Apertura,16/03/2026,01:30,Junior FC,Fortaleza FC,2,1,H,,,
Colombia,Primera A,2026 - Apertura,17/03/2026,21:10,Llaneros FC,Cúcuta,2,2,D,,,
Colombia,Primera A,2026 - Apertura,18/03/2026,01:30,Millonarios,Atlético Nacional,3,0,H,,,
Colombia,Primera A,2026 - Apertura,18/03/2026,21:10,Deportivo Pasto,Chicó FC,2,0,H,,,
Colombia,Primera A,2026 - Apertura,18/03/2026,23:20,Internacional de Bogotá,Deportivo Pereira,2,2,D,,,
Colombia,Primera A,2026 - Apertura,19/03/2026,00:30,Bucaramanga,Once Caldas,1,1,D,,,
Colombia,Primera A,2026 - Apertura,19/03/2026,01:30,Deportivo Cali,Santa Fe,1,1,D,,,
Colombia,Primera A,2026 - Apertura,19/03/2026,21:10,Alianza FC,CD Jaguares,1,0,H,,,
Colombia,Primera A,2026 - Apertura,19/03/2026,23:20,Tolima,Fortaleza FC,2,0,H,,,
Colombia,Primera A,2026 - Apertura,20/03/2026,01:30,Independiente Medellín,Junior FC,2,0,H,,,
Colombia,Primera A,2026 - Apertura,20/03/2026,21:00,Águilas Doradas,América de Cali,0,1,A,,,
Colombia,Primera A,2026 - Apertura,21/03/2026,23:20,Once Caldas,Millonarios,1,4,A,,,
Colombia,Primera A,2026 - Apertura,22/03/2026,01:30,Atlético Nacional,Internacional de Bogotá,3,0,H,,,
Colombia,Primera A,2026 - Apertura,22/03/2026,21:00,Alianza FC,Deportivo Cali,1,0,H,,,
Colombia,Primera A,2026 - Apertura,23/03/2026,19:00,Chicó FC,Tolima,1,1,D,,,
Colombia,Primera A,2026 - Apertura,23/03/2026,21:10,Santa Fe,Independiente Medellín,2,1,H,,,
Colombia,Primera A,2026 - Apertura,23/03/2026,23:20,CD Jaguares,Águilas Doradas,1,1,D,,,
Colombia,Primera A,2026 - Apertura,24/03/2026,20:30,Deportivo Pereira,Cúcuta,2,2,D,,,
Colombia,Primera A,2026 - Apertura,24/03/2026,23:00,Junior FC,Bucaramanga,2,0,H,,,
Colombia,Primera A,2026 - Apertura,25/03/2026,01:00,Fortaleza FC,Deportivo Pasto,1,2,A,,,
Colombia,Primera A,2026 - Apertura,26/03/2026,01:00,América de Cali,Llaneros FC,0,0,D,,,
Colombia,Primera A,2026 - Apertura,27/03/2026,21:00,Águilas Doradas,Alianza FC,1,0,H,,,
Colombia,Primera A,2026 - Apertura,28/03/2026,01:10,Bucaramanga,Santa Fe,1,2,A,,,
Colombia,Primera A,2026 - Apertura,28/03/2026,21:00,Cúcuta,Chicó FC,1,0,H,,,
Colombia,Primera A,2026 - Apertura,28/03/2026,23:10,Tolima,CD Jaguares,3,1,H,,,
Colombia,Primera A,2026 - Apertura,29/03/2026,01:20,Deportivo Cali,Deportivo Pereira,1,0,H,,,
Colombia,Primera A,2026 - Apertura,29/03/2026,21:10,Internacional de Bogotá,Junior FC,0,1,A,,,
Colombia,Primera A,2026 - Apertura,29/03/2026,23:20,Deportivo Pasto,Atlético Nacional,1,2,A,,,
Colombia,Primera A,2026 - Apertura,30/03/2026,15:00,Llaneros FC,Once Caldas,1,1,D,,,
Colombia,Primera A,2026 - Apertura,30/03/2026,23:10,Independiente Medellín,América de Cali,2,1,H,,,
Colombia,Primera A,2026 - Apertura,31/03/2026,01:20,Millonarios,Fortaleza FC,2,2,D,,,
Colombia,Primera A,2026 - Apertura,01/04/2026,01:00,Tolima,Águilas Doradas,4,1,H,,,
Colombia,Primera A,2026 - Apertura,01/04/2026,21:10,Alianza FC,Deportivo Pasto,0,0,D,,,
Colombia,Primera A,2026 - Apertura,01/04/2026,23:30,Santa Fe,Llaneros FC,0,1,A,,,
Colombia,Primera A,2026 - Apertura,02/04/2026,01:30,Atlético Nacional,Cúcuta,0,0,D,,,
Colombia,Primera A,2026 - Apertura,02/04/2026,19:00,Chicó FC,Deportivo Pereira,1,0,H,,,
Colombia,Primera A,2026 - Apertura,02/04/2026,21:10,América de Cali,Bucaramanga,2,0,H,,,
Colombia,Primera A,2026 - Apertura,02/04/2026,23:20,CD Jaguares,Millonarios,1,0,H,,,
Colombia,Primera A,2026 - Apertura,03/04/2026,01:30,Once Caldas,Independiente Medellín,1,1,D,,,
Colombia,Primera A,2026 - Apertura,03/04/2026,23:20,Fortaleza FC,Internacional de Bogotá,1,1,D,,,
Colombia,Primera A,2026 - Apertura,04/04/2026,01:30,Junior FC,Deportivo Cali,1,2,A,,,
Colombia,Primera A,2026 - Apertura,05/04/2026,00:30,Tolima,Santa Fe,2,2,D,,,
Colombia,Primera A,2026 - Apertura,05/04/2026,21:00,Cúcuta,América de Cali,2,0,H,,,
Colombia,Primera A,2026 - Apertura,06/04/2026,20:30,Deportivo Pereira,Alianza FC,2,3,A,,,
Colombia,Primera A,2026 - Apertura,07/04/2026,01:10,Atlético Nacional,CD Jaguares,2,1,H,,,
Colombia,Primera A,2026 - Apertura,07/04/2026,21:00,Águilas Doradas,Bucaramanga,2,1,H,,,
Colombia,Primera A,2026 - Apertura,10/04/2026,20:30,Deportivo Pereira,Once Caldas,0,0,D,,,
Colombia,Primera A,2026 - Apertura,11/04/2026,01:05,Deportivo Pasto,Tolima,1,0,H,,,
Colombia,Primera A,2026 - Apertura,11/04/2026,21:00,Águilas Doradas,Junior FC,0,3,A,,,
Colombia,Primera A,2026 - Apertura,12/04/2026,01:20,Independiente Medellín,Atlético Nacional,2,3,A,,,
Colombia,Primera A,2026 - Apertura,12/04/2026,19:00,Millonarios,Santa Fe,1,1,D,,,
Colombia,Primera A,2026 - Apertura,12/04/2026,21:10,Deportivo Cali,Llaneros FC,1,1,D,,,
Colombia,Primera A,2026 - Apertura,12/04/2026,23:20,Bucaramanga,Chicó FC,5,0,H,,,
Colombia,Primera A,2026 - Apertura,13/04/2026,01:30,Internacional de Bogotá,Alianza FC,2,1,H,,,
Colombia,Primera A,2026 - Apertura,17/04/2026,21:00,CD Jaguares,Deportivo Pasto,2,3,A,,,
Colombia,Primera A,2026 - Apertura,17/04/2026,21:00,Chicó FC,Deportivo Cali,1,0,H,,,
Colombia,Primera A,2026 - Apertura,18/04/2026,23:10,Tolima,Deportivo Pereira,2,0,H,,,
Colombia,Primera A,2026 - Apertura,19/04/2026,01:30,Fortaleza FC,Águilas Doradas,2,0,H,,,
Colombia,Primera A,2026 - Apertura,19/04/2026,19:00,Santa Fe,Cúcuta,5,0,H,,,
Colombia,Primera A,2026 - Apertura,19/04/2026,21:10,Alianza FC,Independiente Medellín,0,1,A,,,
Colombia,Primera A,2026 - Apertura,19/04/2026,23:20,Junior FC,Llaneros FC,2,0,H,,,
Colombia,Primera A,2026 - Apertura,20/04/2026,01:30,América de Cali,Millonarios,3,1,H,,,
Colombia,Primera A,2026 - Apertura,20/04/2026,23:20,Once Caldas,Internacional de Bogotá,2,1,H,,,
Colombia,Primera A,2026 - Apertura,21/04/2026,01:30,Atlético Nacional,Bucaramanga,2,0,H,,,
Colombia,Primera A,2026 - Apertura,22/04/2026,23:20,Independiente Medellín,Chicó FC,2,0,H,,,
Colombia,Primera A,2026 - Apertura,23/04/2026,01:30,Fortaleza FC,América de Cali,1,2,A,,,
Colombia,Primera A,2026 - Apertura,23/04/2026,23:00,Deportivo Pasto,Santa Fe,1,2,A,,,
Colombia,Primera A,2026 - Apertura,24/04/2026,01:00,Millonarios,Tolima,2,0,H,,,
Colombia,Primera A,2026 - Apertura,24/04/2026,21:00,Cúcuta,Junior FC,1,1,D,,,
Colombia,Primera A,2026 - Apertura,25/04/2026,19:00,Bucaramanga,CD Jaguares,2,2,D,,,
Colombia,Primera A,2026 - Apertura,25/04/2026,21:00,Deportivo Pereira,Atlético Nacional,1,0,H,,,
Colombia,Primera A,2026 - Apertura,25/04/2026,23:10,Deportivo Cali,América de Cali,1,0,H,,,
Colombia,Primera A,2026 - Apertura,26/04/2026,01:30,Independiente Medellín,Fortaleza FC,1,0,H,,,
Colombia,Primera A,2026 - Apertura,26/04/2026,21:00,Águilas Doradas,Once Caldas,2,2,D,,,
Colombia,Primera A,2026 - Apertura,26/04/2026,23:10,Llaneros FC,Alianza FC,0,0,D,,,
Colombia,Primera A,2026 - Apertura,27/04/2026,01:20,Internacional de Bogotá,Chicó FC,4,0,H,,,
Colombia,Primera A,2026 - Apertura,01/05/2026,23:00,Once Caldas,Atlético Nacional,1,0,H,,,
Colombia,Primera A,2026 - Apertura,02/05/2026,19:00,Chicó FC,Llaneros FC,3,0,H,,,
Colombia,Primera A,2026 - Apertura,02/05/2026,21:00,CD Jaguares,Cúcuta,2,0,H,,,
Colombia,Primera A,2026 - Apertura,03/05/2026,20:30,Alianza FC,Millonarios,2,2,D,,,
Colombia,Primera A,2026 - Apertura,03/05/2026,20:30,Fortaleza FC,Bucaramanga,2,1,H,,,
Colombia,Primera A,2026 - Apertura,03/05/2026,20:30,Independiente Medellín,Águilas Doradas,1,2,A,,,
Colombia,Primera A,2026 - Apertura,03/05/2026,20:30,Santa Fe,Internacional de Bogotá,3,1,H,,,
Colombia,Primera A,2026 - Apertura,03/05/2026,20:30,Tolima,Deportivo Cali,1,1,D,,,
Colombia,Primera A,2026 - Apertura,03/05/2026,22:45,América de Cali,Deportivo Pereira,1,0,H,,,
Colombia,Primera A,2026 - Apertura,03/05/2026,22:45,Junior FC,Deportivo Pasto,4,3,H,,,
Colombia,Primera A,2026 - Apertura,09/05/2026,21:00,Internacional de Bogotá,Atlético Nacional,1,2,A,,,
Colombia,Primera A,2026 - Apertura,09/05/2026,23:10,Tolima,Deportivo Pasto,1,0,H,,,
Colombia,Primera A,2026 - Apertura,10/05/2026,01:20,América de Cali,Santa Fe,1,1,D,,,
Colombia,Primera A,2026 - Apertura,10/05/2026,23:10,Once Caldas,Junior FC,0,1,A,,,
Colombia,Primera A,2026 - Apertura,12/05/2026,23:20,Atlético Nacional,Internacional de Bogotá,7,1,H,,,
Colombia,Primera A,2026 - Apertura,13/05/2026,01:30,Santa Fe,América de Cali,4,0,H,,,
Colombia,Primera A,2026 - Apertura,13/05/2026,23:00,Deportivo Pasto,Tolima,0,2,A,,,
Colombia,Primera A,2026 - Apertura,14/05/2026,01:15,Junior FC,Once Caldas,2,2,D,,,
Colombia,Primera A,2026 - Apertura,16/05/2026,23:00,Tolima,Atlético Nacional,0,1,A,,,
Colombia,Primera A,2026 - Apertura,17/05/2026,01:30,Santa Fe,Junior FC,1,1,D,,,
Colombia,Primera A,2026 - Apertura,23/05/2026,23:00,Atlético Nacional,Tolima,3,1,H,,,
Colombia,Primera A,2026 - Apertura,24/05/2026,01:30,Junior FC,Santa Fe,0,0,D,,,
Colombia,Primera A,2026 - Apertura,03/06/2026,00:30,Junior FC,Atlético Nacional,3,0,H,,,
Colombia,Primera A,2026 - Apertura,08/06/2026,22:00,Atlético Nacional,Junior FC,1,0,H,,,
Colombia,Primera A,2025 - Clausura,11/07/2025,23:00,Llaneros FC,América de Cali,0,0,D,,,
Colombia,Primera A,2025 - Clausura,12/07/2025,01:10,Once Caldas,Atlético Nacional,1,3,A,,,
Colombia,Primera A,2025 - Clausura,12/07/2025,19:00,Deportivo Pasto,Tolima,3,2,H,,,
Colombia,Primera A,2025 - Clausura,12/07/2025,21:10,Envigado,Fortaleza FC,0,1,A,,,
Colombia,Primera A,2025 - Clausura,13/07/2025,01:00,Bucaramanga,Chicó FC,1,1,D,,,
Colombia,Primera A,2025 - Clausura,13/07/2025,01:30,Deportivo Cali,Junior FC,0,2,A,,,
Colombia,Primera A,2025 - Clausura,13/07/2025,20:00,Independiente Medellín,Alianza FC,1,1,D,,,
Colombia,Primera A,2025 - Clausura,13/07/2025,22:15,Deportivo Pereira,Santa Fe,2,2,D,,,
Colombia,Primera A,2025 - Clausura,14/07/2025,00:30,Internacional de Bogotá,Águilas Doradas,0,0,D,,,
Colombia,Primera A,2025 - Clausura,18/07/2025,23:00,Unión Magdalena,Llaneros FC,0,0,D,,,
Colombia,Primera A,2025 - Clausura,19/07/2025,01:10,Tolima,Santa Fe,0,1,A,,,
Colombia,Primera A,2025 - Clausura,19/07/2025,19:00,Águilas Doradas,Junior FC,2,3,A,,,
Colombia,Primera A,2025 - Clausura,19/07/2025,21:10,Alianza FC,Deportivo Pereira,1,0,H,,,
Colombia,Primera A,2025 - Clausura,19/07/2025,23:20,Atlético Nacional,Internacional de Bogotá,3,1,H,,,
Colombia,Primera A,2025 - Clausura,20/07/2025,01:30,Chicó FC,Independiente Medellín,2,0,H,,,
Colombia,Primera A,2025 - Clausura,20/07/2025,20:00,Envigado,Deportivo Cali,0,0,D,,,
Colombia,Primera A,2025 - Clausura,20/07/2025,22:15,Fortaleza FC,Once Caldas,2,1,H,,,
Colombia,Primera A,2025 - Clausura,22/07/2025,21:00,Alianza FC,Tolima,0,1,A,,,
Colombia,Primera A,2025 - Clausura,22/07/2025,23:10,Santa Fe,Águilas Doradas,0,0,D,,,
Colombia,Primera A,2025 - Clausura,23/07/2025,01:20,Deportivo Pereira,Atlético Nacional,2,1,H,,,
Colombia,Primera A,2025 - Clausura,23/07/2025,21:00,Llaneros FC,Chicó FC,2,1,H,,,
Colombia,Primera A,2025 - Clausura,23/07/2025,23:10,Junior FC,Unión Magdalena,4,1,H,,,
Colombia,Primera A,2025 - Clausura,24/07/2025,01:20,Internacional de Bogotá,Millonarios,1,0,H,,,
Colombia,Primera A,2025 - Clausura,24/07/2025,23:00,Independiente Medellín,Envigado,3,4,A,,,
Colombia,Primera A,2025 - Clausura,25/07/2025,01:10,Deportivo Cali,Fortaleza FC,1,1,D,,,
Colombia,Primera A,2025 - Clausura,25/07/2025,23:20,Tolima,Deportivo Pereira,1,0,H,,,
Colombia,Primera A,2025 - Clausura,26/07/2025,01:30,Atlético Nacional,Santa Fe,1,1,D,,,
Colombia,Primera A,2025 - Clausura,26/07/2025,21:00,Chicó FC,Deportivo Pasto,2,2,D,,,
Colombia,Primera A,2025 - Clausura,26/07/2025,23:10,Once Caldas,Junior FC,2,2,D,,,
Colombia,Primera A,2025 - Clausura,27/07/2025,01:20,América de Cali,Águilas Doradas,2,1,H,,,
Colombia,Primera A,2025 - Clausura,27/07/2025,21:00,Envigado,Internacional de Bogotá,1,1,D,,,
Colombia,Primera A,2025 - Clausura,27/07/2025,23:20,Unión Magdalena,Independiente Medellín,0,2,A,,,
Colombia,Primera A,2025 - Clausura,28/07/2025,01:20,Fortaleza FC,Alianza FC,2,2,D,,,
Colombia,Primera A,2025 - Clausura,28/07/2025,23:00,Bucaramanga,Deportivo Cali,2,3,A,,,
Colombia,Primera A,2025 - Clausura,29/07/2025,01:10,Millonarios,Llaneros FC,0,1,A,,,
Colombia,Primera A,2025 - Clausura,01/08/2025,23:00,Internacional de Bogotá,Unión Magdalena,0,1,A,,,
Colombia,Primera A,2025 - Clausura,02/08/2025,19:00,Deportivo Cali,Llaneros FC,0,3,A,,,
Colombia,Primera A,2025 - Clausura,02/08/2025,21:10,Junior FC,Chicó FC,2,0,H,,,
Colombia,Primera A,2025 - Clausura,02/08/2025,23:20,Tolima,Atlético Nacional,0,0,D,,,
Colombia,Primera A,2025 - Clausura,03/08/2025,01:30,Santa Fe,América de Cali,2,1,H,,,
Colombia,Primera A,2025 - Clausura,03/08/2025,19:00,Deportivo Pereira,Once Caldas,2,1,H,,,
Colombia,Primera A,2025 - Clausura,03/08/2025,21:10,Alianza FC,Bucaramanga,1,3,A,,,
Colombia,Primera A,2025 - Clausura,03/08/2025,23:20,Independiente Medellín,Millonarios,1,0,H,,,
Colombia,Primera A,2025 - Clausura,04/08/2025,01:30,Águilas Doradas,Fortaleza FC,2,2,D,,,
Colombia,Primera A,2025 - Clausura,07/08/2025,23:00,Unión Magdalena,Deportivo Pasto,1,1,D,,,
Colombia,Primera A,2025 - Clausura,08/08/2025,20:30,Atlético Nacional,Alianza FC,3,0,H,,,
Colombia,Primera A,2025 - Clausura,09/08/2025,00:30,Millonarios,Deportivo Cali,3,3,D,,,
Colombia,Primera A,2025 - Clausura,09/08/2025,20:00,Once Caldas,Águilas Doradas,1,1,D,,,
Colombia,Primera A,2025 - Clausura,09/08/2025,22:15,América de Cali,Tolima,0,1,A,,,
Colombia,Primera A,2025 - Clausura,10/08/2025,00:30,Bucaramanga,Santa Fe,2,1,H,,,
Colombia,Primera A,2025 - Clausura,10/08/2025,20:00,Envigado,Junior FC,1,1,D,,,
Colombia,Primera A,2025 - Clausura,10/08/2025,22:15,Fortaleza FC,Deportivo Pereira,0,0,D,,,
Colombia,Primera A,2025 - Clausura,11/08/2025,00:30,Llaneros FC,Independiente Medellín,0,1,A,,,
Colombia,Primera A,2025 - Clausura,12/08/2025,01:00,Chicó FC,Internacional de Bogotá,0,0,D,,,
Colombia,Primera A,2025 - Clausura,14/08/2025,00:30,Deportivo Cali,Unión Magdalena,3,1,H,,,
Colombia,Primera A,2025 - Clausura,14/08/2025,23:00,Deportivo Pereira,América de Cali,2,1,H,,,
Colombia,Primera A,2025 - Clausura,15/08/2025,01:10,Deportivo Pasto,Envigado,0,1,A,,,
Colombia,Primera A,2025 - Clausura,15/08/2025,21:00,Alianza FC,Once Caldas,0,0,D,,,
Colombia,Primera A,2025 - Clausura,16/08/2025,20:00,Internacional de Bogotá,Llaneros FC,2,1,H,,,
Colombia,Primera A,2025 - Clausura,16/08/2025,22:15,Águilas Doradas,Chicó FC,2,0,H,,,
Colombia,Primera A,2025 - Clausura,17/08/2025,00:30,Atlético Nacional,Fortaleza FC,2,2,D,,,
Colombia,Primera A,2025 - Clausura,17/08/2025,23:10,Tolima,Millonarios,3,1,H,,,
Colombia,Primera A,2025 - Clausura,18/08/2025,22:15,Junior FC,Bucaramanga,2,1,H,,,
Colombia,Primera A,2025 - Clausura,19/08/2025,00:30,Deportivo Pasto,Independiente Medellín,1,2,A,,,
Colombia,Primera A,2025 - Clausura,20/08/2025,00:30,Santa Fe,Envigado,1,0,H,,,
Colombia,Primera A,2025 - Clausura,21/08/2025,00:30,Millonarios,Unión Magdalena,1,2,A,,,
Colombia,Primera A,2025 - Clausura,23/08/2025,01:10,Llaneros FC,Deportivo Pasto,2,1,H,,,
Colombia,Primera A,2025 - Clausura,23/08/2025,19:00,Independiente Medellín,Internacional de Bogotá,3,1,H,,,
Colombia,Primera A,2025 - Clausura,23/08/2025,21:10,Envigado,Deportivo Pereira,1,1,D,,,
Colombia,Primera A,2025 - Clausura,23/08/2025,23:20,Fortaleza FC,Santa Fe,2,0,H,,,
Colombia,Primera A,2025 - Clausura,24/08/2025,01:30,Millonarios,Junior FC,3,0,H,,,
Colombia,Primera A,2025 - Clausura,24/08/2025,19:00,Once Caldas,Tolima,0,1,A,,,
Colombia,Primera A,2025 - Clausura,24/08/2025,21:10,Unión Magdalena,Alianza FC,2,3,A,,,
Colombia,Primera A,2025 - Clausura,24/08/2025,23:20,América de Cali,Atlético Nacional,1,1,D,,,
Colombia,Primera A,2025 - Clausura,25/08/2025,01:30,Bucaramanga,Águilas Doradas,4,0,H,,,
Colombia,Primera A,2025 - Clausura,25/08/2025,23:00,Chicó FC,Deportivo Cali,0,0,D,,,
Colombia,Primera A,2025 - Clausura,29/08/2025,23:00,Junior FC,Llaneros FC,4,0,H,,,
Colombia,Primera A,2025 - Clausura,30/08/2025,01:10,Águilas Doradas,Millonarios,1,2,A,,,
Colombia,Primera A,2025 - Clausura,30/08/2025,19:00,Chicó FC,Unión Magdalena,1,0,H,,,
Colombia,Primera A,2025 - Clausura,30/08/2025,23:20,Deportivo Pereira,Bucaramanga,0,1,A,,,
Colombia,Primera A,2025 - Clausura,31/08/2025,01:30,Deportivo Cali,Independiente Medellín,1,3,A,,,
Colombia,Primera A,2025 - Clausura,31/08/2025,19:00,Atlético Nacional,Envigado,1,0,H,,,
Colombia,Primera A,2025 - Clausura,31/08/2025,21:10,Alianza FC,América de Cali,1,0,H,,,
Colombia,Primera A,2025 - Clausura,31/08/2025,23:20,Internacional de Bogotá,Deportivo Pasto,0,0,D,,,
Colombia,Primera A,2025 - Clausura,31/08/2025,23:20,Tolima,Fortaleza FC,1,1,D,,,
Colombia,Primera A,2025 - Clausura,02/09/2025,00:30,Santa Fe,Once Caldas,1,2,A,,,
Colombia,Primera A,2025 - Clausura,05/09/2025,23:00,Deportivo Pasto,Chicó FC,2,0,H,,,
Colombia,Primera A,2025 - Clausura,06/09/2025,01:10,Once Caldas,Deportivo Pereira,1,0,H,,,
Colombia,Primera A,2025 - Clausura,06/09/2025,20:30,Bucaramanga,Alianza FC,3,1,H,,,
Colombia,Primera A,2025 - Clausura,06/09/2025,21:10,Llaneros FC,Tolima,1,0,H,,,
Colombia,Primera A,2025 - Clausura,06/09/2025,23:20,Unión Magdalena,Junior FC,3,1,H,,,
Colombia,Primera A,2025 - Clausura,07/09/2025,01:30,Millonarios,Santa Fe,0,0,D,,,
Colombia,Primera A,2025 - Clausura,07/09/2025,19:00,Envigado,Águilas Doradas,1,1,D,,,
Colombia,Primera A,2025 - Clausura,07/09/2025,21:10,América de Cali,Deportivo Cali,0,0,D,,,
Colombia,Primera A,2025 - Clausura,08/09/2025,00:00,Independiente Medellín,Atlético Nacional,3,3,D,,,
Colombia,Primera A,2025 - Clausura,08/09/2025,01:30,Fortaleza FC,Internacional de Bogotá,1,0,H,,,
Colombia,Primera A,2025 - Clausura,10/09/2025,01:30,Bucaramanga,Once Caldas,0,0,D,,,
Colombia,Primera A,2025 - Clausura,11/09/2025,00:30,Millonarios,Deportivo Pasto,1,0,H,,,
Colombia,Primera A,2025 - Clausura,13/09/2025,00:30,Junior FC,Internacional de Bogotá,1,1,D,,,
Colombia,Primera A,2025 - Clausura,13/09/2025,19:00,Fortaleza FC,América de Cali,1,0,H,,,
Colombia,Primera A,2025 - Clausura,13/09/2025,21:10,Alianza FC,Millonarios,3,0,H,,,
Colombia,Primera A,2025 - Clausura,13/09/2025,23:20,Once Caldas,Envigado,1,0,H,,,
Colombia,Primera A,2025 - Clausura,14/09/2025,01:30,Atlético Nacional,Bucaramanga,0,3,A,,,
Colombia,Primera A,2025 - Clausura,14/09/2025,19:00,Santa Fe,Unión Magdalena,2,0,H,,,
Colombia,Primera A,2025 - Clausura,14/09/2025,21:10,Deportivo Cali,Deportivo Pasto,2,1,H,,,
Colombia,Primera A,2025 - Clausura,14/09/2025,23:20,Deportivo Pereira,Llaneros FC,0,0,D,,,
Colombia,Primera A,2025 - Clausura,15/09/2025,01:30,Tolima,Chicó FC,4,0,H,,,
Colombia,Primera A,2025 - Clausura,16/09/2025,23:00,América de Cali,Bucaramanga,0,0,D,,,
Colombia,Primera A,2025 - Clausura,19/09/2025,23:00,Bucaramanga,Tolima,2,0,H,,,
Colombia,Primera A,2025 - Clausura,20/09/2025,01:10,América de Cali,Once Caldas,2,1,H,,,
Colombia,Primera A,2025 - Clausura,20/09/2025,19:00,Envigado,Alianza FC,0,0,D,,,
Colombia,Primera A,2025 - Clausura,20/09/2025,21:10,Llaneros FC,Águilas Doradas,0,1,A,,,
Colombia,Primera A,2025 - Clausura,20/09/2025,23:20,Deportivo Pasto,Santa Fe,1,1,D,,,
Colombia,Primera A,2025 - Clausura,21/09/2025,01:30,Internacional de Bogotá,Deportivo Cali,0,4,A,,,
Colombia,Primera A,2025 - Clausura,21/09/2025,19:00,Millonarios,Fortaleza FC,3,2,H,,,
Colombia,Primera A,2025 - Clausura,21/09/2025,21:10,Unión Magdalena,Atlético Nacional,1,2,A,,,
Colombia,Primera A,2025 - Clausura,21/09/2025,23:20,Independiente Medellín,Junior FC,2,2,D,,,
Colombia,Primera A,2025 - Clausura,22/09/2025,01:30,Chicó FC,Deportivo Pereira,1,1,D,,,
Colombia,Primera A,2025 - Clausura,25/09/2025,01:00,Deportivo Pasto,América de Cali,0,2,A,,,
Colombia,Primera A,2025 - Clausura,26/09/2025,23:00,Once Caldas,Chicó FC,5,2,H,,,
Colombia,Primera A,2025 - Clausura,27/09/2025,01:10,Fortaleza FC,Bucaramanga,2,1,H,,,
Colombia,Primera A,2025 - Clausura,27/09/2025,19:00,Deportivo Pereira,Unión Magdalena,2,2,D,,,
Colombia,Primera A,2025 - Clausura,27/09/2025,21:10,Alianza FC,Llaneros FC,3,1,H,,,
Colombia,Primera A,2025 - Clausura,27/09/2025,23:20,Tolima,Independiente Medellín,2,3,A,,,
Colombia,Primera A,2025 - Clausura,28/09/2025,01:30,Atlético Nacional,Millonarios,2,0,H,,,
Colombia,Primera A,2025 - Clausura,28/09/2025,19:00,América de Cali,Envigado,1,1,D,,,
Colombia,Primera A,2025 - Clausura,28/09/2025,21:10,Águilas Doradas,Deportivo Cali,3,1,H,,,
Colombia,Primera A,2025 - Clausura,28/09/2025,23:20,Santa Fe,Internacional de Bogotá,3,0,H,,,
Colombia,Primera A,2025 - Clausura,29/09/2025,01:30,Junior FC,Deportivo Pasto,2,0,H,,,
Colombia,Primera A,2025 - Clausura,04/10/2025,00:30,Deportivo Cali,Deportivo Pereira,1,0,H,,,
Colombia,Primera A,2025 - Clausura,04/10/2025,19:00,Envigado,Bucaramanga,1,2,A,,,
Colombia,Primera A,2025 - Clausura,04/10/2025,21:10,Unión Magdalena,Águilas Doradas,3,2,H,,,
Colombia,Primera A,2025 - Clausura,04/10/2025,23:20,Llaneros FC,Fortaleza FC,0,0,D,,,
Colombia,Primera A,2025 - Clausura,05/10/2025,20:00,Deportivo Pasto,Alianza FC,3,3,D,,,
Colombia,Primera A,2025 - Clausura,05/10/2025,22:15,Junior FC,Tolima,0,1,A,,,
Colombia,Primera A,2025 - Clausura,06/10/2025,00:30,Chicó FC,Atlético Nacional,1,1,D,,,
Colombia,Primera A,2025 - Clausura,07/10/2025,00:30,Internacional de Bogotá,Once Caldas,0,1,A,,,
Colombia,Primera A,2025 - Clausura,08/10/2025,00:30,Millonarios,América de Cali,2,1,H,,,
Colombia,Primera A,2025 - Clausura,08/10/2025,20:30,Águilas Doradas,Independiente Medellín,2,1,H,,,
Colombia,Primera A,2025 - Clausura,11/10/2025,20:00,Tolima,Envigado,1,2,A,,,
Colombia,Primera A,2025 - Clausura,12/10/2025,00:30,América de Cali,Internacional de Bogotá,3,2,H,,,
Colombia,Primera A,2025 - Clausura,12/10/2025,19:00,Santa Fe,Llaneros FC,1,3,A,,,
Colombia,Primera A,2025 - Clausura,12/10/2025,21:10,Alianza FC,Junior FC,0,1,A,,,
Colombia,Primera A,2025 - Clausura,12/10/2025,23:20,Bucaramanga,Unión Magdalena,1,0,H,,,
Colombia,Primera A,2025 - Clausura,13/10/2025,01:30,Águilas Doradas,Deportivo Pasto,2,2,D,,,
Colombia,Primera A,2025 - Clausura,13/10/2025,22:15,Once Caldas,Independiente Medellín,1,5,A,,,
Colombia,Primera A,2025 - Clausura,14/10/2025,00:30,Fortaleza FC,Chicó FC,1,0,H,,,
Colombia,Primera A,2025 - Clausura,15/10/2025,00:30,Atlético Nacional,Deportivo Cali,2,1,H,,,
Colombia,Primera A,2025 - Clausura,15/10/2025,23:20,Deportivo Pereira,Millonarios,3,2,H,,,
Colombia,Primera A,2025 - Clausura,17/10/2025,23:30,Independiente Medellín,Fortaleza FC,3,1,H,,,
Colombia,Primera A,2025 - Clausura,17/10/2025,23:30,Unión Magdalena,Envigado,3,1,H,,,
Colombia,Primera A,2025 - Clausura,18/10/2025,01:30,Chicó FC,Santa Fe,0,0,D,,,
Colombia,Primera A,2025 - Clausura,18/10/2025,19:00,Deportivo Pasto,Atlético Nacional,2,2,D,,,
Colombia,Primera A,2025 - Clausura,18/10/2025,21:10,Águilas Doradas,Alianza FC,1,0,H,,,
Colombia,Primera A,2025 - Clausura,18/10/2025,23:20,Junior FC,Deportivo Pereira,3,2,H,,,
Colombia,Primera A,2025 - Clausura,19/10/2025,01:30,Deportivo Cali,América de Cali,0,2,A,,,
Colombia,Primera A,2025 - Clausura,19/10/2025,21:10,Llaneros FC,Once Caldas,2,0,H,,,
Colombia,Primera A,2025 - Clausura,20/10/2025,23:00,Internacional de Bogotá,Tolima,0,2,A,,,
Colombia,Primera A,2025 - Clausura,21/10/2025,01:10,Independiente Medellín,Santa Fe,1,1,D,,,
Colombia,Primera A,2025 - Clausura,21/10/2025,23:00,Millonarios,Bucaramanga,1,1,D,,,
Colombia,Primera A,2025 - Clausura,24/10/2025,21:00,Alianza FC,Internacional de Bogotá,2,0,H,,,
Colombia,Primera A,2025 - Clausura,24/10/2025,23:00,Fortaleza FC,Deportivo Pasto,2,0,H,,,
Colombia,Primera A,2025 - Clausura,25/10/2025,01:10,América de Cali,Junior FC,2,1,H,,,
Colombia,Primera A,2025 - Clausura,25/10/2025,01:10,Deportivo Pereira,Águilas Doradas,1,5,A,,,
Colombia,Primera A,2025 - Clausura,25/10/2025,19:00,Envigado,Chicó FC,0,2,A,,,
Colombia,Primera A,2025 - Clausura,25/10/2025,20:00,Tolima,Deportivo Cali,2,1,H,,,
Colombia,Primera A,2025 - Clausura,25/10/2025,21:10,Bucaramanga,Llaneros FC,2,0,H,,,
Colombia,Primera A,2025 - Clausura,25/10/2025,23:20,Santa Fe,Millonarios,0,1,A,,,
Colombia,Primera A,2025 - Clausura,26/10/2025,01:30,Once Caldas,Unión Magdalena,1,0,H,,,
Colombia,Primera A,2025 - Clausura,26/10/2025,23:30,Atlético Nacional,Independiente Medellín,5,2,H,,,
Colombia,Primera A,2025 - Clausura,28/10/2025,00:45,Deportivo Pasto,Deportivo Pereira,4,0,H,,,
Colombia,Primera A,2025 - Clausura,28/10/2025,21:00,Águilas Doradas,Envigado,1,0,H,,,
Colombia,Primera A,2025 - Clausura,28/10/2025,23:10,Deportivo Cali,Alianza FC,0,1,A,,,
Colombia,Primera A,2025 - Clausura,29/10/2025,21:00,Internacional de Bogotá,Fortaleza FC,0,1,A,,,
Colombia,Primera A,2025 - Clausura,29/10/2025,23:10,Independiente Medellín,Bucaramanga,3,0,H,,,
Colombia,Primera A,2025 - Clausura,29/10/2025,23:10,Junior FC,Santa Fe,1,2,A,,,
Colombia,Primera A,2025 - Clausura,30/10/2025,01:20,Millonarios,Once Caldas,0,0,D,,,
Colombia,Primera A,2025 - Clausura,30/10/2025,21:00,Unión Magdalena,Tolima,0,2,A,,,
Colombia,Primera A,2025 - Clausura,31/10/2025,01:20,Llaneros FC,Atlético Nacional,0,3,A,,,
Colombia,Primera A,2025 - Clausura,06/11/2025,23:10,Chicó FC,América de Cali,0,2,A,,,
Colombia,Primera A,2025 - Clausura,07/11/2025,20:30,Envigado,Millonarios,1,1,D,,,
Colombia,Primera A,2025 - Clausura,07/11/2025,23:10,Deportivo Pereira,Independiente Medellín,1,4,A,,,
Colombia,Primera A,2025 - Clausura,08/11/2025,01:20,Tolima,Llaneros FC,3,1,H,,,
Colombia,Primera A,2025 - Clausura,08/11/2025,21:10,Fortaleza FC,Junior FC,1,1,D,,,
Colombia,Primera A,2025 - Clausura,08/11/2025,23:20,Atlético Nacional,Águilas Doradas,2,1,H,,,
Colombia,Primera A,2025 - Clausura,09/11/2025,01:30,Bucaramanga,Internacional de Bogotá,2,1,H,,,
Colombia,Primera A,2025 - Clausura,09/11/2025,19:00,Once Caldas,Deportivo Pasto,1,0,H,,,
Colombia,Primera A,2025 - Clausura,09/11/2025,21:10,Alianza FC,Chicó FC,2,0,H,,,
Colombia,Primera A,2025 - Clausura,09/11/2025,23:20,América de Cali,Unión Magdalena,3,0,H,,,
Colombia,Primera A,2025 - Clausura,10/11/2025,01:30,Santa Fe,Deportivo Cali,1,0,H,,,
Colombia,Primera A,2025 - Clausura,12/11/2025,21:00,Internacional de Bogotá,Deportivo Pereira,4,0,H,,,
Colombia,Primera A,2025 - Clausura,13/11/2025,01:20,Chicó FC,Millonarios,1,2,A,,,
Colombia,Primera A,2025 - Clausura,14/11/2025,00:00,Águilas Doradas,Tolima,1,2,A,,,
Colombia,Primera A,2025 - Clausura,14/11/2025,00:00,Deportivo Cali,Once Caldas,1,1,D,,,
Colombia,Primera A,2025 - Clausura,14/11/2025,00:00,Deportivo Pasto,Bucaramanga,3,0,H,,,
Colombia,Primera A,2025 - Clausura,14/11/2025,00:00,Independiente Medellín,América de Cali,3,0,H,,,
Colombia,Primera A,2025 - Clausura,14/11/2025,00:00,Junior FC,Atlético Nacional,2,1,H,,,
Colombia,Primera A,2025 - Clausura,14/11/2025,00:00,Llaneros FC,Envigado,0,3,A,,,
Colombia,Primera A,2025 - Clausura,14/11/2025,00:00,Santa Fe,Alianza FC,1,0,H,,,
Colombia,Primera A,2025 - Clausura,14/11/2025,00:00,Unión Magdalena,Fortaleza FC,2,0,H,,,
Colombia,Primera A,2025 - Clausura,18/11/2025,23:30,Fortaleza FC,Tolima,0,1,A,,,
Colombia,Primera A,2025 - Clausura,19/11/2025,23:30,Bucaramanga,Santa Fe,1,0,H,,,
Colombia,Primera A,2025 - Clausura,20/11/2025,01:30,Junior FC,Independiente Medellín,1,0,H,,,
Colombia,Primera A,2025 - Clausura,21/11/2025,00:30,Atlético Nacional,América de Cali,1,0,H,,,
Colombia,Primera A,2025 - Clausura,22/11/2025,22:00,Santa Fe,Fortaleza FC,3,0,H,,,
Colombia,Primera A,2025 - Clausura,23/11/2025,00:30,Tolima,Bucaramanga,0,0,D,,,
Colombia,Primera A,2025 - Clausura,23/11/2025,22:45,Independiente Medellín,Atlético Nacional,0,0,D,,,
Colombia,Primera A,2025 - Clausura,24/11/2025,01:00,América de Cali,Junior FC,1,1,D,,,
Colombia,Primera A,2025 - Clausura,26/11/2025,00:30,Santa Fe,Tolima,1,2,A,,,
Colombia,Primera A,2025 - Clausura,26/11/2025,23:30,Bucaramanga,Fortaleza FC,1,2,A,,,
Colombia,Primera A,2025 - Clausura,27/11/2025,01:30,Atlético Nacional,Junior FC,1,1,D,,,
Colombia,Primera A,2025 - Clausura,27/11/2025,23:30,América de Cali,Independiente Medellín,2,1,H,,,
Colombia,Primera A,2025 - Clausura,29/11/2025,22:30,Tolima,Santa Fe,1,0,H,,,
Colombia,Primera A,2025 - Clausura,30/11/2025,01:00,Fortaleza FC,Bucaramanga,0,2,A,,,
Colombia,Primera A,2025 - Clausura,30/11/2025,23:30,Junior FC,Atlético Nacional,2,1,H,,,
Colombia,Primera A,2025 - Clausura,02/12/2025,01:00,Independiente Medellín,América de Cali,1,1,D,,,
Colombia,Primera A,2025 - Clausura,03/12/2025,23:20,Fortaleza FC,Santa Fe,1,2,A,,,
Colombia,Primera A,2025 - Clausura,04/12/2025,01:30,Bucaramanga,Tolima,0,0,D,,,
Colombia,Primera A,2025 - Clausura,04/12/2025,23:30,Atlético Nacional,Independiente Medellín,2,1,H,,,
Colombia,Primera A,2025 - Clausura,05/12/2025,01:35,Junior FC,América de Cali,2,1,H,,,
Colombia,Primera A,2025 - Clausura,08/12/2025,20:00,Tolima,Fortaleza FC,1,0,H,,,
Colombia,Primera A,2025 - Clausura,08/12/2025,22:15,América de Cali,Atlético Nacional,3,2,H,,,
Colombia,Primera A,2025 - Clausura,08/12/2025,22:15,Independiente Medellín,Junior FC,2,1,H,,,
Colombia,Primera A,2025 - Clausura,09/12/2025,00:20,Santa Fe,Bucaramanga,0,0,D,,,
Colombia,Primera A,2025 - Clausura,13/12/2025,01:00,Junior FC,Tolima,3,0,H,,,
Colombia,Primera A,2025 - Clausura,17/12/2025,00:30,Tolima,Junior FC,0,1,A,,,
Colombia,Primera A,2025 - Apertura,24/01/2025,23:15,Chicó FC,Bucaramanga,1,0,H,,,
Colombia,Primera A,2025 - Apertura,25/01/2025,22:00,América de Cali,Llaneros FC,4,3,H,,,
Colombia,Primera A,2025 - Apertura,26/01/2025,00:30,Atlético Nacional,Once Caldas,4,0,H,,,
Colombia,Primera A,2025 - Apertura,26/01/2025,20:00,Santa Fe,Deportivo Pereira,2,1,H,,,
Colombia,Primera A,2025 - Apertura,26/01/2025,22:10,Junior FC,Deportivo Cali,0,0,D,,,
Colombia,Primera A,2025 - Apertura,27/01/2025,00:20,Alianza FC,Independiente Medellín,1,1,D,,,
Colombia,Primera A,2025 - Apertura,27/01/2025,23:00,Águilas Doradas,Internacional de Bogotá,1,1,D,,,
Colombia,Primera A,2025 - Apertura,28/01/2025,01:10,Tolima,Deportivo Pasto,2,0,H,,,
Colombia,Primera A,2025 - Apertura,29/01/2025,01:00,Fortaleza FC,Envigado,0,0,D,,,
Colombia,Primera A,2025 - Apertura,01/02/2025,00:30,Santa Fe,Tolima,0,0,D,,,
Colombia,Primera A,2025 - Apertura,01/02/2025,20:00,Once Caldas,Fortaleza FC,2,1,H,,,
Colombia,Primera A,2025 - Apertura,01/02/2025,22:10,Deportivo Pasto,Millonarios,0,1,A,,,
Colombia,Primera A,2025 - Apertura,02/02/2025,00:20,Junior FC,Águilas Doradas,2,2,D,,,
Colombia,Primera A,2025 - Apertura,02/02/2025,19:00,Internacional de Bogotá,Atlético Nacional,0,1,A,,,
Colombia,Primera A,2025 - Apertura,02/02/2025,21:10,Deportivo Cali,Envigado,1,0,H,,,
Colombia,Primera A,2025 - Apertura,02/02/2025,23:20,Independiente Medellín,Chicó FC,3,0,H,,,
Colombia,Primera A,2025 - Apertura,03/02/2025,01:30,Bucaramanga,América de Cali,0,4,A,,,
Colombia,Primera A,2025 - Apertura,03/02/2025,23:30,Deportivo Pereira,Alianza FC,0,0,D,,,
Colombia,Primera A,2025 - Apertura,04/02/2025,01:30,Llaneros FC,Unión Magdalena,2,0,H,,,
Colombia,Primera A,2025 - Apertura,07/02/2025,23:00,Águilas Doradas,Santa Fe,0,0,D,,,
Colombia,Primera A,2025 - Apertura,08/02/2025,01:10,Tolima,Alianza FC,3,1,H,,,
Colombia,Primera A,2025 - Apertura,08/02/2025,19:00,Chicó FC,Llaneros FC,2,2,D,,,
Colombia,Primera A,2025 - Apertura,08/02/2025,21:10,América de Cali,Deportivo Pasto,1,1,D,,,
Colombia,Primera A,2025 - Apertura,08/02/2025,23:20,Unión Magdalena,Junior FC,0,0,D,,,
Colombia,Primera A,2025 - Apertura,09/02/2025,01:30,Millonarios,Internacional de Bogotá,2,1,H,,,
Colombia,Primera A,2025 - Apertura,09/02/2025,19:00,Envigado,Independiente Medellín,0,1,A,,,
Colombia,Primera A,2025 - Apertura,09/02/2025,21:10,Once Caldas,Bucaramanga,2,1,H,,,
Colombia,Primera A,2025 - Apertura,09/02/2025,23:20,Fortaleza FC,Deportivo Cali,1,0,H,,,
Colombia,Primera A,2025 - Apertura,10/02/2025,01:30,Atlético Nacional,Deportivo Pereira,3,0,H,,,
Colombia,Primera A,2025 - Apertura,12/02/2025,00:30,Llaneros FC,Millonarios,2,2,D,,,
Colombia,Primera A,2025 - Apertura,12/02/2025,21:30,Deportivo Pasto,Chicó FC,3,0,H,,,
Colombia,Primera A,2025 - Apertura,12/02/2025,23:30,Independiente Medellín,Unión Magdalena,1,1,D,,,
Colombia,Primera A,2025 - Apertura,13/02/2025,01:30,Santa Fe,Atlético Nacional,2,2,D,,,
Colombia,Primera A,2025 - Apertura,13/02/2025,21:30,Internacional de Bogotá,Envigado,2,3,A,,,
Colombia,Primera A,2025 - Apertura,13/02/2025,23:30,Junior FC,Once Caldas,2,0,H,,,
Colombia,Primera A,2025 - Apertura,14/02/2025,01:30,Deportivo Pereira,Tolima,0,0,D,,,
Colombia,Primera A,2025 - Apertura,15/02/2025,00:30,Deportivo Cali,Bucaramanga,0,0,D,,,
Colombia,Primera A,2025 - Apertura,15/02/2025,21:00,América de Cali,Santa Fe,2,0,H,,,
Colombia,Primera A,2025 - Apertura,16/02/2025,01:10,Millonarios,Independiente Medellín,0,1,A,,,
Colombia,Primera A,2025 - Apertura,16/02/2025,22:10,Unión Magdalena,Internacional de Bogotá,0,0,D,,,
Colombia,Primera A,2025 - Apertura,17/02/2025,21:00,Envigado,Deportivo Pasto,0,1,A,,,
Colombia,Primera A,2025 - Apertura,18/02/2025,01:10,Fortaleza FC,Águilas Doradas,2,1,H,,,
Colombia,Primera A,2025 - Apertura,18/02/2025,21:00,Bucaramanga,Alianza FC,0,0,D,,,
Colombia,Primera A,2025 - Apertura,18/02/2025,23:10,Llaneros FC,Deportivo Cali,0,1,A,,,
Colombia,Primera A,2025 - Apertura,19/02/2025,01:20,Chicó FC,Junior FC,0,2,A,,,
Colombia,Primera A,2025 - Apertura,20/02/2025,01:10,Once Caldas,Deportivo Pereira,3,1,H,,,
Colombia,Primera A,2025 - Apertura,20/02/2025,23:30,Unión Magdalena,Millonarios,1,3,A,,,
Colombia,Primera A,2025 - Apertura,22/02/2025,00:30,Internacional de Bogotá,Chicó FC,0,1,A,,,
Colombia,Primera A,2025 - Apertura,22/02/2025,23:20,Águilas Doradas,Once Caldas,0,1,A,,,
Colombia,Primera A,2025 - Apertura,23/02/2025,01:30,Deportivo Pereira,Fortaleza FC,2,0,H,,,
Colombia,Primera A,2025 - Apertura,23/02/2025,21:00,Alianza FC,Atlético Nacional,3,2,H,,,
Colombia,Primera A,2025 - Apertura,23/02/2025,23:10,Deportivo Cali,Millonarios,3,1,H,,,
Colombia,Primera A,2025 - Apertura,24/02/2025,01:20,Tolima,América de Cali,0,0,D,,,
Colombia,Primera A,2025 - Apertura,25/02/2025,00:30,Junior FC,Envigado,1,2,A,,,
Colombia,Primera A,2025 - Apertura,26/02/2025,00:30,Deportivo Pasto,Unión Magdalena,2,1,H,,,
Colombia,Primera A,2025 - Apertura,28/02/2025,01:00,Independiente Medellín,Llaneros FC,3,0,H,,,
Colombia,Primera A,2025 - Apertura,28/02/2025,21:10,Envigado,Santa Fe,1,7,A,,,
Colombia,Primera A,2025 - Apertura,01/03/2025,01:10,Chicó FC,Águilas Doradas,1,1,D,,,
Colombia,Primera A,2025 - Apertura,01/03/2025,20:00,Bucaramanga,Junior FC,1,1,D,,,
Colombia,Primera A,2025 - Apertura,02/03/2025,01:00,América de Cali,Deportivo Pereira,2,0,H,,,
Colombia,Primera A,2025 - Apertura,02/03/2025,20:00,Once Caldas,Alianza FC,1,2,A,,,
Colombia,Primera A,2025 - Apertura,02/03/2025,22:30,Millonarios,Tolima,2,0,H,,,
Colombia,Primera A,2025 - Apertura,03/03/2025,22:00,Unión Magdalena,Deportivo Cali,2,2,D,,,
Colombia,Primera A,2025 - Apertura,04/03/2025,00:30,Independiente Medellín,Deportivo Pasto,1,0,H,,,
Colombia,Primera A,2025 - Apertura,04/03/2025,23:30,Llaneros FC,Internacional de Bogotá,1,0,H,,,
Colombia,Primera A,2025 - Apertura,05/03/2025,01:30,Fortaleza FC,Atlético Nacional,1,5,A,,,
Colombia,Primera A,2025 - Apertura,08/03/2025,00:30,Águilas Doradas,Bucaramanga,0,1,A,,,
Colombia,Primera A,2025 - Apertura,08/03/2025,19:00,Deportivo Pereira,Envigado,2,0,H,,,
Colombia,Primera A,2025 - Apertura,08/03/2025,21:10,Alianza FC,Unión Magdalena,1,0,H,,,
Colombia,Primera A,2025 - Apertura,08/03/2025,23:20,Deportivo Pasto,Llaneros FC,1,0,H,,,
Colombia,Primera A,2025 - Apertura,09/03/2025,01:30,Internacional de Bogotá,Independiente Medellín,0,0,D,,,
Colombia,Primera A,2025 - Apertura,09/03/2025,20:00,Santa Fe,Fortaleza FC,2,0,H,,,
Colombia,Primera A,2025 - Apertura,09/03/2025,22:30,Junior FC,Millonarios,2,1,H,,,
Colombia,Primera A,2025 - Apertura,10/03/2025,00:45,Atlético Nacional,América de Cali,1,0,H,,,
Colombia,Primera A,2025 - Apertura,10/03/2025,23:20,Deportivo Cali,Chicó FC,0,0,D,,,
Colombia,Primera A,2025 - Apertura,11/03/2025,01:30,Tolima,Once Caldas,2,0,H,,,
Colombia,Primera A,2025 - Apertura,14/03/2025,23:30,Bucaramanga,Deportivo Pereira,0,1,A,,,
Colombia,Primera A,2025 - Apertura,15/03/2025,01:30,Deportivo Pasto,Internacional de Bogotá,2,1,H,,,
Colombia,Primera A,2025 - Apertura,15/03/2025,19:00,Envigado,Atlético Nacional,0,0,D,,,
Colombia,Primera A,2025 - Apertura,15/03/2025,21:10,Fortaleza FC,Tolima,1,1,D,,,
Colombia,Primera A,2025 - Apertura,15/03/2025,23:20,América de Cali,Alianza FC,3,0,H,,,
Colombia,Primera A,2025 - Apertura,16/03/2025,01:30,Once Caldas,Santa Fe,0,1,A,,,
Colombia,Primera A,2025 - Apertura,16/03/2025,19:00,Millonarios,Águilas Doradas,1,0,H,,,
Colombia,Primera A,2025 - Apertura,16/03/2025,21:10,Unión Magdalena,Chicó FC,1,1,D,,,
Colombia,Primera A,2025 - Apertura,16/03/2025,23:20,Independiente Medellín,Deportivo Cali,0,0,D,,,
Colombia,Primera A,2025 - Apertura,17/03/2025,01:30,Llaneros FC,Junior FC,0,1,A,,,
Colombia,Primera A,2025 - Apertura,19/03/2025,23:30,Santa Fe,Bucaramanga,1,1,D,,,
Colombia,Primera A,2025 - Apertura,20/03/2025,01:30,Atlético Nacional,Tolima,4,3,H,,,
Colombia,Primera A,2025 - Apertura,22/03/2025,19:00,Chicó FC,Deportivo Pasto,0,0,D,,,
Colombia,Primera A,2025 - Apertura,22/03/2025,21:10,Internacional de Bogotá,Fortaleza FC,1,1,D,,,
Colombia,Primera A,2025 - Apertura,22/03/2025,23:20,Deportivo Pereira,Once Caldas,1,1,D,,,
Colombia,Primera A,2025 - Apertura,23/03/2025,01:30,Santa Fe,Millonarios,3,2,H,,,
Colombia,Primera A,2025 - Apertura,23/03/2025,20:30,Alianza FC,Bucaramanga,1,2,A,,,
Colombia,Primera A,2025 - Apertura,23/03/2025,22:45,Atlético Nacional,Independiente Medellín,1,1,D,,,
Colombia,Primera A,2025 - Apertura,24/03/2025,01:00,Águilas Doradas,Envigado,1,0,H,,,
Colombia,Primera A,2025 - Apertura,24/03/2025,21:00,Tolima,Llaneros FC,1,0,H,,,
Colombia,Primera A,2025 - Apertura,24/03/2025,23:10,Deportivo Cali,América de Cali,1,1,D,,,
Colombia,Primera A,2025 - Apertura,26/03/2025,21:00,Alianza FC,Fortaleza FC,0,0,D,,,
Colombia,Primera A,2025 - Apertura,26/03/2025,23:30,Junior FC,Unión Magdalena,2,1,H,,,
Colombia,Primera A,2025 - Apertura,27/03/2025,01:30,Millonarios,Santa Fe,2,0,H,,,
Colombia,Primera A,2025 - Apertura,27/03/2025,23:00,Once Caldas,Llaneros FC,1,0,H,,,
Colombia,Primera A,2025 - Apertura,28/03/2025,01:10,América de Cali,Chicó FC,3,0,H,,,
Colombia,Primera A,2025 - Apertura,29/03/2025,00:30,Bucaramanga,Atlético Nacional,2,0,H,,,
Colombia,Primera A,2025 - Apertura,29/03/2025,23:05,Deportivo Pasto,Deportivo Cali,1,1,D,,,
Colombia,Primera A,2025 - Apertura,30/03/2025,01:10,Independiente Medellín,Águilas Doradas,0,0,D,,,
Colombia,Primera A,2025 - Apertura,30/03/2025,20:30,Millonarios,Alianza FC,2,0,H,,,
Colombia,Primera A,2025 - Apertura,30/03/2025,22:45,Unión Magdalena,Santa Fe,0,1,A,,,
Colombia,Primera A,2025 - Apertura,31/03/2025,01:00,América de Cali,Fortaleza FC,1,0,H,,,
Colombia,Primera A,2025 - Apertura,01/04/2025,00:30,Internacional de Bogotá,Junior FC,0,1,A,,,
Colombia,Primera A,2025 - Apertura,01/04/2025,23:00,Llaneros FC,Deportivo Pereira,2,1,H,,,
Colombia,Primera A,2025 - Apertura,02/04/2025,01:10,Chicó FC,Tolima,1,4,A,,,
Colombia,Primera A,2025 - Apertura,04/04/2025,21:00,Alianza FC,Envigado,1,2,A,,,
Colombia,Primera A,2025 - Apertura,05/04/2025,00:00,Santa Fe,Deportivo Pasto,1,1,D,,,
Colombia,Primera A,2025 - Apertura,05/04/2025,19:00,Atlético Nacional,Unión Magdalena,1,0,H,,,
Colombia,Primera A,2025 - Apertura,05/04/2025,21:10,Deportivo Cali,Internacional de Bogotá,3,1,H,,,
Colombia,Primera A,2025 - Apertura,05/04/2025,23:20,Once Caldas,América de Cali,3,0,H,,,
Colombia,Primera A,2025 - Apertura,06/04/2025,01:30,Tolima,Bucaramanga,2,1,H,,,
Colombia,Primera A,2025 - Apertura,06/04/2025,19:00,Deportivo Pereira,Chicó FC,1,1,D,,,
Colombia,Primera A,2025 - Apertura,06/04/2025,21:10,Fortaleza FC,Millonarios,0,2,A,,,
Colombia,Primera A,2025 - Apertura,06/04/2025,23:20,Junior FC,Independiente Medellín,1,0,H,,,
Colombia,Primera A,2025 - Apertura,07/04/2025,01:30,Águilas Doradas,Llaneros FC,1,2,A,,,
Colombia,Primera A,2025 - Apertura,11/04/2025,00:00,Internacional de Bogotá,Santa Fe,2,1,H,,,
Colombia,Primera A,2025 - Apertura,11/04/2025,23:00,Llaneros FC,Alianza FC,0,1,A,,,
Colombia,Primera A,2025 - Apertura,12/04/2025,01:10,Deportivo Cali,Águilas Doradas,0,0,D,,,
Colombia,Primera A,2025 - Apertura,12/04/2025,19:00,Envigado,América de Cali,1,1,D,,,
Colombia,Primera A,2025 - Apertura,12/04/2025,21:10,Unión Magdalena,Deportivo Pereira,2,2,D,,,
Colombia,Primera A,2025 - Apertura,12/04/2025,23:20,Deportivo Pasto,Junior FC,3,3,D,,,
Colombia,Primera A,2025 - Apertura,13/04/2025,01:30,Chicó FC,Once Caldas,0,0,D,,,
Colombia,Primera A,2025 - Apertura,13/04/2025,23:00,Millonarios,Atlético Nacional,0,0,D,,,
Colombia,Primera A,2025 - Apertura,14/04/2025,01:10,Bucaramanga,Fortaleza FC,4,0,H,,,
Colombia,Primera A,2025 - Apertura,15/04/2025,00:00,Santa Fe,Independiente Medellín,1,2,A,,,
Colombia,Primera A,2025 - Apertura,15/04/2025,21:00,Alianza FC,Deportivo Pasto,1,0,H,,,
Colombia,Primera A,2025 - Apertura,15/04/2025,23:15,Deportivo Pereira,Deportivo Cali,2,0,H,,,
Colombia,Primera A,2025 - Apertura,16/04/2025,01:30,Tolima,Junior FC,0,0,D,,,
Colombia,Primera A,2025 - Apertura,16/04/2025,19:00,Águilas Doradas,Unión Magdalena,1,1,D,,,
Colombia,Primera A,2025 - Apertura,16/04/2025,21:10,Once Caldas,Internacional de Bogotá,3,0,H,,,
Colombia,Primera A,2025 - Apertura,16/04/2025,23:20,Atlético Nacional,Chicó FC,4,1,H,,,
Colombia,Primera A,2025 - Apertura,17/04/2025,01:30,América de Cali,Millonarios,0,0,D,,,
Colombia,Primera A,2025 - Apertura,17/04/2025,21:00,Bucaramanga,Envigado,1,0,H,,,
Colombia,Primera A,2025 - Apertura,18/04/2025,00:00,Fortaleza FC,Llaneros FC,1,0,H,,,
Colombia,Primera A,2025 - Apertura,19/04/2025,21:00,Internacional de Bogotá,América de Cali,2,0,H,,,
Colombia,Primera A,2025 - Apertura,19/04/2025,23:10,Junior FC,Alianza FC,2,0,H,,,
Colombia,Primera A,2025 - Apertura,20/04/2025,01:20,Independiente Medellín,Once Caldas,2,0,H,,,
Colombia,Primera A,2025 - Apertura,20/04/2025,19:00,Envigado,Tolima,3,1,H,,,
Colombia,Primera A,2025 - Apertura,20/04/2025,21:10,Unión Magdalena,Bucaramanga,1,1,D,,,
Colombia,Primera A,2025 - Apertura,20/04/2025,23:20,Deportivo Cali,Atlético Nacional,1,0,H,,,
Colombia,Primera A,2025 - Apertura,21/04/2025,23:00,Chicó FC,Fortaleza FC,0,2,A,,,
Colombia,Primera A,2025 - Apertura,22/04/2025,01:10,Deportivo Pasto,Águilas Doradas,1,0,H,,,
Colombia,Primera A,2025 - Apertura,26/04/2025,19:00,Envigado,Unión Magdalena,2,1,H,,,
Colombia,Primera A,2025 - Apertura,26/04/2025,21:10,Alianza FC,Águilas Doradas,0,0,D,,,
Colombia,Primera A,2025 - Apertura,26/04/2025,23:20,Tolima,Internacional de Bogotá,2,1,H,,,
Colombia,Primera A,2025 - Apertura,27/04/2025,01:30,Deportivo Pereira,Junior FC,1,0,H,,,
Colombia,Primera A,2025 - Apertura,27/04/2025,19:00,Santa Fe,Chicó FC,0,0,D,,,
Colombia,Primera A,2025 - Apertura,27/04/2025,21:10,Fortaleza FC,Independiente Medellín,0,0,D,,,
Colombia,Primera A,2025 - Apertura,27/04/2025,23:20,América de Cali,Deportivo Cali,2,0,H,,,
Colombia,Primera A,2025 - Apertura,28/04/2025,01:30,Bucaramanga,Millonarios,0,2,A,,,
Colombia,Primera A,2025 - Apertura,30/04/2025,00:30,Atlético Nacional,Deportivo Pasto,3,0,H,,,
Colombia,Primera A,2025 - Apertura,30/04/2025,23:00,Águilas Doradas,América de Cali,0,1,A,,,
Colombia,Primera A,2025 - Apertura,01/05/2025,01:10,Llaneros FC,Santa Fe,0,1,A,,,
Colombia,Primera A,2025 - Apertura,01/05/2025,19:00,Envigado,Once Caldas,1,2,A,,,
Colombia,Primera A,2025 - Apertura,03/05/2025,00:00,Internacional de Bogotá,Alianza FC,0,2,A,,,
Colombia,Primera A,2025 - Apertura,03/05/2025,21:00,Llaneros FC,Bucaramanga,2,1,H,,,
Colombia,Primera A,2025 - Apertura,03/05/2025,23:10,Deportivo Cali,Tolima,1,1,D,,,
Colombia,Primera A,2025 - Apertura,04/05/2025,01:20,Junior FC,América de Cali,0,0,D,,,
Colombia,Primera A,2025 - Apertura,04/05/2025,19:00,Deportivo Pasto,Fortaleza FC,1,0,H,,,
Colombia,Primera A,2025 - Apertura,04/05/2025,21:10,Independiente Medellín,Atlético Nacional,1,1,D,,,
Colombia,Primera A,2025 - Apertura,04/05/2025,23:20,Unión Magdalena,Once Caldas,0,1,A,,,
Colombia,Primera A,2025 - Apertura,05/05/2025,01:30,Águilas Doradas,Deportivo Pereira,3,3,D,,,
Colombia,Primera A,2025 - Apertura,06/05/2025,01:00,Chicó FC,Envigado,1,0,H,,,
Colombia,Primera A,2025 - Apertura,09/05/2025,00:30,Millonarios,Deportivo Pereira,0,0,D,,,
Colombia,Primera A,2025 - Apertura,09/05/2025,23:20,Tolima,Unión Magdalena,3,1,H,,,
Colombia,Primera A,2025 - Apertura,10/05/2025,01:30,Bucaramanga,Independiente Medellín,2,0,H,,,
Colombia,Primera A,2025 - Apertura,10/05/2025,20:00,Envigado,Águilas Doradas,0,2,A,,,
Colombia,Primera A,2025 - Apertura,10/05/2025,22:10,Fortaleza FC,Internacional de Bogotá,4,0,H,,,
Colombia,Primera A,2025 - Apertura,11/05/2025,00:20,Santa Fe,Junior FC,2,1,H,,,
Colombia,Primera A,2025 - Apertura,11/05/2025,21:00,Alianza FC,Deportivo Cali,2,0,H,,,
Colombia,Primera A,2025 - Apertura,11/05/2025,23:10,Atlético Nacional,Llaneros FC,2,1,H,,,
Colombia,Primera A,2025 - Apertura,12/05/2025,01:20,Once Caldas,Millonarios,2,2,D,,,
Colombia,Primera A,2025 - Apertura,14/05/2025,00:30,Deportivo Pereira,Deportivo Pasto,1,0,H,,,
Colombia,Primera A,2025 - Apertura,16/05/2025,00:30,Independiente Medellín,Tolima,0,1,A,,,
Colombia,Primera A,2025 - Apertura,16/05/2025,23:10,Junior FC,Fortaleza FC,2,1,H,,,
Colombia,Primera A,2025 - Apertura,17/05/2025,01:15,Millonarios,Envigado,1,0,H,,,
Colombia,Primera A,2025 - Apertura,17/05/2025,20:45,Internacional de Bogotá,Bucaramanga,1,4,A,,,
Colombia,Primera A,2025 - Apertura,17/05/2025,23:00,Deportivo Cali,Santa Fe,0,2,A,,,
Colombia,Primera A,2025 - Apertura,18/05/2025,01:10,Chicó FC,Alianza FC,2,1,H,,,
Colombia,Primera A,2025 - Apertura,18/05/2025,19:00,Águilas Doradas,Atlético Nacional,2,1,H,,,
Colombia,Primera A,2025 - Apertura,18/05/2025,23:10,Deportivo Pasto,Once Caldas,2,1,H,,,
Colombia,Primera A,2025 - Apertura,19/05/2025,01:15,Unión Magdalena,América de Cali,0,2,A,,,
Colombia,Primera A,2025 - Apertura,19/05/2025,23:00,Llaneros FC,Tolima,1,3,A,,,
Colombia,Primera A,2025 - Apertura,20/05/2025,01:05,Independiente Medellín,Deportivo Pereira,2,0,H,,,
Colombia,Primera A,2025 - Apertura,23/05/2025,23:30,Deportivo Pereira,Internacional de Bogotá,3,0,H,,,
Colombia,Primera A,2025 - Apertura,24/05/2025,19:00,Envigado,Llaneros FC,1,2,A,,,
Colombia,Primera A,2025 - Apertura,24/05/2025,21:00,Fortaleza FC,Unión Magdalena,0,1,A,,,
Colombia,Primera A,2025 - Apertura,25/05/2025,21:00,Alianza FC,Santa Fe,6,1,H,,,
Colombia,Primera A,2025 - Apertura,25/05/2025,21:00,América de Cali,Independiente Medellín,2,0,H,,,
Colombia,Primera A,2025 - Apertura,25/05/2025,21:00,Atlético Nacional,Junior FC,2,3,A,,,
Colombia,Primera A,2025 - Apertura,25/05/2025,21:00,Bucaramanga,Deportivo Pasto,2,1,H,,,
Colombia,Primera A,2025 - Apertura,25/05/2025,21:00,Millonarios,Chicó FC,4,2,H,,,
Colombia,Primera A,2025 - Apertura,25/05/2025,21:00,Once Caldas,Deportivo Cali,1,0,H,,,
Colombia,Primera A,2025 - Apertura,25/05/2025,21:00,Tolima,Águilas Doradas,1,2,A,,,
Colombia,Primera A,2025 - Apertura,31/05/2025,22:30,Junior FC,Tolima,1,1,D,,,
Colombia,Primera A,2025 - Apertura,01/06/2025,00:45,Independiente Medellín,América de Cali,1,1,D,,,
Colombia,Primera A,2025 - Apertura,01/06/2025,21:05,Santa Fe,Millonarios,0,1,A,,,
Colombia,Primera A,2025 - Apertura,02/06/2025,01:15,Atlético Nacional,Once Caldas,0,0,D,,,
Colombia,Primera A,2025 - Apertura,04/06/2025,23:10,Tolima,Independiente Medellín,1,3,A,,,
Colombia,Primera A,2025 - Apertura,05/06/2025,01:15,América de Cali,Junior FC,2,1,H,,,
Colombia,Primera A,2025 - Apertura,05/06/2025,23:10,Once Caldas,Santa Fe,1,2,A,,,
Colombia,Primera A,2025 - Apertura,06/06/2025,01:15,Millonarios,Atlético Nacional,0,0,D,,,
Colombia,Primera A,2025 - Apertura,07/06/2025,23:15,Tolima,América de Cali,1,1,D,,,
Colombia,Primera A,2025 - Apertura,08/06/2025,21:05,Atlético Nacional,Santa Fe,1,2,A,,,
Colombia,Primera A,2025 - Apertura,08/06/2025,23:15,Junior FC,Independiente Medellín,0,1,A,,,
Colombia,Primera A,2025 - Apertura,09/06/2025,01:20,Once Caldas,Millonarios,0,0,D,,,
Colombia,Primera A,2025 - Apertura,11/06/2025,23:15,Independiente Medellín,Junior FC,1,0,H,,,
Colombia,Primera A,2025 - Apertura,12/06/2025,01:20,Millonarios,Once Caldas,2,2,D,,,
Colombia,Primera A,2025 - Apertura,12/06/2025,23:20,América de Cali,Tolima,1,3,A,,,
Colombia,Primera A,2025 - Apertura,13/06/2025,01:20,Santa Fe,Atlético Nacional,1,2,A,,,
Colombia,Primera A,2025 - Apertura,15/06/2025,23:15,Independiente Medellín,Tolima,2,1,H,,,
Colombia,Primera A,2025 - Apertura,16/06/2025,01:20,Junior FC,América de Cali,0,1,A,,,
Colombia,Primera A,2025 - Apertura,16/06/2025,23:15,Santa Fe,Once Caldas,1,0,H,,,
Colombia,Primera A,2025 - Apertura,17/06/2025,01:20,Atlético Nacional,Millonarios,0,1,A,,,
Colombia,Primera A,2025 - Apertura,19/06/2025,21:00,Tolima,Junior FC,2,0,H,,,
Colombia,Primera A,2025 - Apertura,19/06/2025,23:05,Once Caldas,Atlético Nacional,1,2,A,,,
Colombia,Primera A,2025 - Apertura,20/06/2025,01:15,América de Cali,Independiente Medellín,1,1,D,,,
Colombia,Primera A,2025 - Apertura,20/06/2025,01:15,Millonarios,Santa Fe,1,2,A,,,
Colombia,Primera A,2025 - Apertura,25/06/2025,00:30,Santa Fe,Independiente Medellín,0,0,D,,,
Colombia,Primera A,2025 - Apertura,29/06/2025,23:00,Independiente Medellín,Santa Fe,1,2,A,,,
Colombia,Primera A,2024 - Clausura,16/07/2024,01:15,Chicó FC,Once Caldas,0,1,A,,,
Colombia,Primera A,2024 - Clausura,16/07/2024,21:00,Envigado,Internacional de Bogotá,2,1,H,,,
Colombia,Primera A,2024 - Clausura,16/07/2024,23:10,Águilas Doradas,América de Cali,1,2,A,,,
Colombia,Primera A,2024 - Clausura,17/07/2024,01:20,Deportivo Cali,Deportivo Pereira,0,2,A,,,
Colombia,Primera A,2024 - Clausura,17/07/2024,23:00,Santa Fe,Deportivo Pasto,2,1,H,,,
Colombia,Primera A,2024 - Clausura,18/07/2024,01:10,Alianza FC,Atlético Nacional,0,2,A,,,
Colombia,Primera A,2024 - Clausura,18/07/2024,23:00,Bucaramanga,Junior FC,1,0,H,,,
Colombia,Primera A,2024 - Clausura,19/07/2024,01:10,Independiente Medellín,Millonarios,1,1,D,,,
Colombia,Primera A,2024 - Clausura,19/07/2024,22:00,CD Jaguares,Patriotas,0,0,D,,,
Colombia,Primera A,2024 - Clausura,20/07/2024,00:30,Fortaleza FC,Tolima,1,1,D,,,
Colombia,Primera A,2024 - Clausura,20/07/2024,21:00,Envigado,Santa Fe,0,1,A,,,
Colombia,Primera A,2024 - Clausura,20/07/2024,23:30,Once Caldas,Águilas Doradas,1,0,H,,,
Colombia,Primera A,2024 - Clausura,21/07/2024,20:30,Millonarios,Bucaramanga,1,0,H,,,
Colombia,Primera A,2024 - Clausura,21/07/2024,22:45,Atlético Nacional,América de Cali,2,1,H,,,
Colombia,Primera A,2024 - Clausura,22/07/2024,01:00,Junior FC,Chicó FC,2,1,H,,,
Colombia,Primera A,2024 - Clausura,22/07/2024,23:00,Deportivo Cali,Alianza FC,1,0,H,,,
Colombia,Primera A,2024 - Clausura,23/07/2024,01:00,Deportivo Pereira,Independiente Medellín,1,1,D,,,
Colombia,Primera A,2024 - Clausura,23/07/2024,21:00,Patriotas,Fortaleza FC,0,2,A,,,
Colombia,Primera A,2024 - Clausura,23/07/2024,23:10,Internacional de Bogotá,CD Jaguares,1,0,H,,,
Colombia,Primera A,2024 - Clausura,24/07/2024,01:20,Tolima,Deportivo Pasto,2,1,H,,,
Colombia,Primera A,2024 - Clausura,25/07/2024,01:00,Millonarios,Atlético Nacional,1,2,A,,,
Colombia,Primera A,2024 - Clausura,25/07/2024,21:00,América de Cali,Envigado,4,0,H,,,
Colombia,Primera A,2024 - Clausura,27/07/2024,21:00,Once Caldas,Atlético Nacional,2,0,H,,,
Colombia,Primera A,2024 - Clausura,27/07/2024,23:10,Santa Fe,Internacional de Bogotá,0,1,A,,,
Colombia,Primera A,2024 - Clausura,28/07/2024,01:20,Independiente Medellín,Junior FC,0,0,D,,,
Colombia,Primera A,2024 - Clausura,28/07/2024,20:00,Bucaramanga,CD Jaguares,0,0,D,,,
Colombia,Primera A,2024 - Clausura,28/07/2024,22:30,Alianza FC,Millonarios,2,1,H,,,
Colombia,Primera A,2024 - Clausura,29/07/2024,23:00,Deportivo Pasto,Deportivo Pereira,2,0,H,,,
Colombia,Primera A,2024 - Clausura,30/07/2024,01:10,Fortaleza FC,Deportivo Cali,2,1,H,,,
Colombia,Primera A,2024 - Clausura,30/07/2024,23:00,Águilas Doradas,Patriotas,3,2,H,,,
Colombia,Primera A,2024 - Clausura,31/07/2024,01:10,Atlético Nacional,Internacional de Bogotá,0,1,A,,,
Colombia,Primera A,2024 - Clausura,01/08/2024,01:10,Independiente Medellín,Chicó FC,1,0,H,,,
Colombia,Primera A,2024 - Clausura,03/08/2024,01:00,Millonarios,Tolima,1,0,H,,,
Colombia,Primera A,2024 - Clausura,03/08/2024,20:00,Envigado,Fortaleza FC,0,1,A,,,
Colombia,Primera A,2024 - Clausura,03/08/2024,22:00,CD Jaguares,Deportivo Pasto,0,0,D,,,
Colombia,Primera A,2024 - Clausura,04/08/2024,00:20,Internacional de Bogotá,Once Caldas,1,1,D,,,
Colombia,Primera A,2024 - Clausura,04/08/2024,20:30,Patriotas,América de Cali,1,1,D,,,
Colombia,Primera A,2024 - Clausura,04/08/2024,22:45,Junior FC,Alianza FC,2,2,D,,,
Colombia,Primera A,2024 - Clausura,05/08/2024,00:50,Deportivo Cali,Independiente Medellín,2,0,H,,,
Colombia,Primera A,2024 - Clausura,06/08/2024,01:00,Atlético Nacional,Águilas Doradas,1,1,D,,,
Colombia,Primera A,2024 - Clausura,07/08/2024,01:00,Deportivo Pereira,Chicó FC,1,0,H,,,
Colombia,Primera A,2024 - Clausura,08/08/2024,00:00,Bucaramanga,Santa Fe,0,1,A,,,
Colombia,Primera A,2024 - Clausura,10/08/2024,20:30,Atlético Nacional,Patriotas,3,1,H,,,
Colombia,Primera A,2024 - Clausura,10/08/2024,22:45,Tolima,Internacional de Bogotá,5,1,H,,,
Colombia,Primera A,2024 - Clausura,11/08/2024,01:00,Chicó FC,Deportivo Cali,1,0,H,,,
Colombia,Primera A,2024 - Clausura,11/08/2024,22:45,Once Caldas,Bucaramanga,2,1,H,,,
Colombia,Primera A,2024 - Clausura,12/08/2024,01:00,Alianza FC,Envigado,1,1,D,,,
Colombia,Primera A,2024 - Clausura,13/08/2024,01:00,Fortaleza FC,Deportivo Pereira,1,0,H,,,
Colombia,Primera A,2024 - Clausura,14/08/2024,00:30,Águilas Doradas,CD Jaguares,1,0,H,,,
Colombia,Primera A,2024 - Clausura,17/08/2024,23:05,Junior FC,Fortaleza FC,2,1,H,,,
Colombia,Primera A,2024 - Clausura,18/08/2024,01:10,Internacional de Bogotá,Águilas Doradas,0,0,D,,,
Colombia,Primera A,2024 - Clausura,18/08/2024,22:45,Bucaramanga,América de Cali,1,2,A,,,
Colombia,Primera A,2024 - Clausura,19/08/2024,01:00,Chicó FC,Envigado,0,0,D,,,
Colombia,Primera A,2024 - Clausura,19/08/2024,21:00,Patriotas,Once Caldas,3,1,H,,,
Colombia,Primera A,2024 - Clausura,19/08/2024,23:15,CD Jaguares,Tolima,0,2,A,,,
Colombia,Primera A,2024 - Clausura,21/08/2024,00:00,Deportivo Cali,Santa Fe,1,3,A,,,
Colombia,Primera A,2024 - Clausura,24/08/2024,00:30,Deportivo Pasto,Bucaramanga,1,2,A,,,
Colombia,Primera A,2024 - Clausura,24/08/2024,20:00,Patriotas,Internacional de Bogotá,0,0,D,,,
Colombia,Primera A,2024 - Clausura,24/08/2024,22:15,Alianza FC,Chicó FC,4,0,H,,,
Colombia,Primera A,2024 - Clausura,25/08/2024,00:30,Tolima,Junior FC,0,1,A,,,
Colombia,Primera A,2024 - Clausura,25/08/2024,22:30,Águilas Doradas,Millonarios,2,1,H,,,
Colombia,Primera A,2024 - Clausura,26/08/2024,00:40,Once Caldas,CD Jaguares,2,0,H,,,
Colombia,Primera A,2024 - Clausura,27/08/2024,01:00,Fortaleza FC,Independiente Medellín,2,2,D,,,
Colombia,Primera A,2024 - Clausura,29/08/2024,01:30,Deportivo Pasto,Junior FC,1,0,H,,,
Colombia,Primera A,2024 - Clausura,31/08/2024,21:15,CD Jaguares,Atlético Nacional,0,2,A,,,
Colombia,Primera A,2024 - Clausura,01/09/2024,01:00,Chicó FC,Fortaleza FC,2,2,D,,,
Colombia,Primera A,2024 - Clausura,01/09/2024,20:00,Bucaramanga,Tolima,0,2,A,,,
Colombia,Primera A,2024 - Clausura,01/09/2024,22:10,Millonarios,Patriotas,3,0,H,,,
Colombia,Primera A,2024 - Clausura,02/09/2024,00:20,Junior FC,Santa Fe,1,1,D,,,
Colombia,Primera A,2024 - Clausura,03/09/2024,00:30,Deportivo Cali,Deportivo Pasto,0,2,A,,,
Colombia,Primera A,2024 - Clausura,03/09/2024,23:00,Deportivo Pereira,Once Caldas,0,1,A,,,
Colombia,Primera A,2024 - Clausura,07/09/2024,19:00,Patriotas,Envigado,2,0,H,,,
Colombia,Primera A,2024 - Clausura,07/09/2024,21:10,América de Cali,CD Jaguares,1,0,H,,,
Colombia,Primera A,2024 - Clausura,07/09/2024,23:20,Tolima,Deportivo Cali,1,1,D,,,
Colombia,Primera A,2024 - Clausura,08/09/2024,20:00,Once Caldas,Millonarios,1,1,D,,,
Colombia,Primera A,2024 - Clausura,08/09/2024,22:10,Alianza FC,Fortaleza FC,1,1,D,,,
Colombia,Primera A,2024 - Clausura,09/09/2024,00:20,Deportivo Pasto,Independiente Medellín,1,0,H,,,
Colombia,Primera A,2024 - Clausura,11/09/2024,23:00,América de Cali,Tolima,1,0,H,,,
Colombia,Primera A,2024 - Clausura,13/09/2024,00:30,Deportivo Pereira,Alianza FC,1,0,H,,,
Colombia,Primera A,2024 - Clausura,13/09/2024,21:00,Patriotas,Bucaramanga,1,2,A,,,
Colombia,Primera A,2024 - Clausura,13/09/2024,23:30,CD Jaguares,Envigado,2,1,H,,,
Colombia,Primera A,2024 - Clausura,14/09/2024,21:10,Once Caldas,Deportivo Cali,4,1,H,,,
Colombia,Primera A,2024 - Clausura,14/09/2024,23:20,Tolima,Chicó FC,2,1,H,,,
Colombia,Primera A,2024 - Clausura,15/09/2024,01:30,Águilas Doradas,Independiente Medellín,1,1,D,,,
Colombia,Primera A,2024 - Clausura,15/09/2024,01:30,Fortaleza FC,Deportivo Pasto,0,0,D,,,
Colombia,Primera A,2024 - Clausura,15/09/2024,23:30,América de Cali,Deportivo Pereira,1,0,H,,,
Colombia,Primera A,2024 - Clausura,16/09/2024,01:30,Internacional de Bogotá,Millonarios,1,3,A,,,
Colombia,Primera A,2024 - Clausura,21/09/2024,01:00,Deportivo Pereira,Patriotas,0,1,A,,,
Colombia,Primera A,2024 - Clausura,21/09/2024,20:15,Envigado,Once Caldas,0,1,A,,,
Colombia,Primera A,2024 - Clausura,21/09/2024,22:45,Deportivo Cali,Internacional de Bogotá,1,1,D,,,
Colombia,Primera A,2024 - Clausura,22/09/2024,01:00,Fortaleza FC,Santa Fe,1,3,A,,,
Colombia,Primera A,2024 - Clausura,22/09/2024,19:00,Independiente Medellín,Tolima,0,1,A,,,
Colombia,Primera A,2024 - Clausura,22/09/2024,21:10,Chicó FC,Deportivo Pasto,1,0,H,,,
Colombia,Primera A,2024 - Clausura,22/09/2024,23:20,Alianza FC,América de Cali,0,1,A,,,
Colombia,Primera A,2024 - Clausura,23/09/2024,01:30,Junior FC,Águilas Doradas,3,4,A,,,
Colombia,Primera A,2024 - Clausura,24/09/2024,01:10,Bucaramanga,Atlético Nacional,1,0,H,,,
Colombia,Primera A,2024 - Clausura,26/09/2024,01:30,Millonarios,CD Jaguares,0,0,D,,,
Colombia,Primera A,2024 - Clausura,26/09/2024,23:30,Santa Fe,Alianza FC,2,0,H,,,
Colombia,Primera A,2024 - Clausura,27/09/2024,01:30,Atlético Nacional,Junior FC,0,3,A,,,
Colombia,Primera A,2024 - Clausura,27/09/2024,22:15,Águilas Doradas,Deportivo Pereira,1,1,D,,,
Colombia,Primera A,2024 - Clausura,28/09/2024,19:00,Internacional de Bogotá,Bucaramanga,0,1,A,,,
Colombia,Primera A,2024 - Clausura,28/09/2024,21:10,Once Caldas,Independiente Medellín,0,2,A,,,
Colombia,Primera A,2024 - Clausura,28/09/2024,23:20,América de Cali,Fortaleza FC,1,1,D,,,
Colombia,Primera A,2024 - Clausura,29/09/2024,01:30,Millonarios,Envigado,3,0,H,,,
Colombia,Primera A,2024 - Clausura,29/09/2024,19:00,Atlético Nacional,Chicó FC,6,2,H,,,
Colombia,Primera A,2024 - Clausura,29/09/2024,21:10,CD Jaguares,Junior FC,1,1,D,,,
Colombia,Primera A,2024 - Clausura,29/09/2024,23:20,Tolima,Santa Fe,0,0,D,,,
Colombia,Primera A,2024 - Clausura,30/09/2024,01:30,Deportivo Pasto,Alianza FC,1,0,H,,,
Colombia,Primera A,2024 - Clausura,30/09/2024,21:00,Patriotas,Deportivo Cali,2,2,D,,,
Colombia,Primera A,2024 - Clausura,04/10/2024,01:10,Santa Fe,Deportivo Pereira,1,1,D,,,
Colombia,Primera A,2024 - Clausura,05/10/2024,00:40,Deportivo Cali,Millonarios,0,1,A,,,
Colombia,Primera A,2024 - Clausura,05/10/2024,19:00,Envigado,Bucaramanga,0,0,D,,,
Colombia,Primera A,2024 - Clausura,05/10/2024,21:10,Chicó FC,América de Cali,0,2,A,,,
Colombia,Primera A,2024 - Clausura,05/10/2024,23:20,Deportivo Pasto,Atlético Nacional,1,2,A,,,
Colombia,Primera A,2024 - Clausura,06/10/2024,01:30,Alianza FC,Once Caldas,1,0,H,,,
Colombia,Primera A,2024 - Clausura,06/10/2024,20:00,Independiente Medellín,Internacional de Bogotá,0,0,D,,,
Colombia,Primera A,2024 - Clausura,06/10/2024,22:10,Santa Fe,Águilas Doradas,0,0,D,,,
Colombia,Primera A,2024 - Clausura,07/10/2024,00:20,Junior FC,Patriotas,2,1,H,,,
Colombia,Primera A,2024 - Clausura,07/10/2024,23:00,Fortaleza FC,CD Jaguares,3,1,H,,,
Colombia,Primera A,2024 - Clausura,08/10/2024,01:00,Deportivo Pereira,Tolima,1,0,H,,,
Colombia,Primera A,2024 - Clausura,09/10/2024,21:00,Envigado,Deportivo Pasto,0,1,A,,,
Colombia,Primera A,2024 - Clausura,10/10/2024,00:30,Atlético Nacional,Deportivo Cali,1,1,D,,,
Colombia,Primera A,2024 - Clausura,10/10/2024,23:30,Independiente Medellín,Alianza FC,2,0,H,,,
Colombia,Primera A,2024 - Clausura,11/10/2024,01:30,Santa Fe,Chicó FC,3,1,H,,,
Colombia,Primera A,2024 - Clausura,12/10/2024,00:30,América de Cali,Millonarios,2,1,H,,,
Colombia,Primera A,2024 - Clausura,12/10/2024,22:45,Internacional de Bogotá,Junior FC,1,0,H,,,
Colombia,Primera A,2024 - Clausura,13/10/2024,01:00,Bucaramanga,Deportivo Pereira,1,1,D,,,
Colombia,Primera A,2024 - Clausura,14/10/2024,00:30,Águilas Doradas,Deportivo Cali,1,1,D,,,
Colombia,Primera A,2024 - Clausura,14/10/2024,19:00,Patriotas,Santa Fe,1,2,A,,,
Colombia,Primera A,2024 - Clausura,14/10/2024,21:10,Once Caldas,Deportivo Pasto,2,1,H,,,
Colombia,Primera A,2024 - Clausura,14/10/2024,23:20,América de Cali,Independiente Medellín,1,0,H,,,
Colombia,Primera A,2024 - Clausura,15/10/2024,01:30,Atlético Nacional,Envigado,2,1,H,,,
Colombia,Primera A,2024 - Clausura,15/10/2024,22:30,CD Jaguares,Chicó FC,1,0,H,,,
Colombia,Primera A,2024 - Clausura,17/10/2024,01:05,Millonarios,Fortaleza FC,2,1,H,,,
Colombia,Primera A,2024 - Clausura,19/10/2024,00:00,Santa Fe,Independiente Medellín,1,1,D,,,
Colombia,Primera A,2024 - Clausura,20/10/2024,00:10,Tolima,Alianza FC,2,0,H,,,
Colombia,Primera A,2024 - Clausura,20/10/2024,20:45,Internacional de Bogotá,América de Cali,2,2,D,,,
Colombia,Primera A,2024 - Clausura,20/10/2024,22:45,Junior FC,Deportivo Pereira,3,1,H,,,
Colombia,Primera A,2024 - Clausura,21/10/2024,01:00,Águilas Doradas,Bucaramanga,1,3,A,,,
Colombia,Primera A,2024 - Clausura,24/10/2024,21:00,Envigado,Águilas Doradas,3,0,H,,,
Colombia,Primera A,2024 - Clausura,25/10/2024,23:30,Tolima,Once Caldas,1,1,D,,,
Colombia,Primera A,2024 - Clausura,26/10/2024,22:15,Alianza FC,Patriotas,1,1,D,,,
Colombia,Primera A,2024 - Clausura,27/10/2024,01:30,Santa Fe,Millonarios,0,1,A,,,
Colombia,Primera A,2024 - Clausura,27/10/2024,19:00,Fortaleza FC,Atlético Nacional,0,1,A,,,
Colombia,Primera A,2024 - Clausura,27/10/2024,21:10,Deportivo Cali,Bucaramanga,1,0,H,,,
Colombia,Primera A,2024 - Clausura,27/10/2024,23:20,Junior FC,América de Cali,3,1,H,,,
Colombia,Primera A,2024 - Clausura,29/10/2024,01:15,Independiente Medellín,CD Jaguares,4,1,H,,,
Colombia,Primera A,2024 - Clausura,29/10/2024,21:00,Chicó FC,Internacional de Bogotá,1,0,H,,,
Colombia,Primera A,2024 - Clausura,29/10/2024,23:05,Deportivo Pasto,Águilas Doradas,3,1,H,,,
Colombia,Primera A,2024 - Clausura,30/10/2024,01:10,Deportivo Pereira,Envigado,2,0,H,,,
Colombia,Primera A,2024 - Clausura,01/11/2024,22:00,CD Jaguares,Deportivo Pereira,1,2,A,,,
Colombia,Primera A,2024 - Clausura,02/11/2024,01:00,Once Caldas,Fortaleza FC,0,2,A,,,
Colombia,Primera A,2024 - Clausura,02/11/2024,19:00,Internacional de Bogotá,Alianza FC,3,2,H,,,
Colombia,Primera A,2024 - Clausura,02/11/2024,21:00,Envigado,Junior FC,0,0,D,,,
Colombia,Primera A,2024 - Clausura,02/11/2024,23:30,Águilas Doradas,Tolima,0,1,A,,,
Colombia,Primera A,2024 - Clausura,03/11/2024,19:00,Patriotas,Chicó FC,3,0,H,,,
Colombia,Primera A,2024 - Clausura,03/11/2024,21:10,América de Cali,Deportivo Cali,0,1,A,,,
Colombia,Primera A,2024 - Clausura,03/11/2024,23:20,Millonarios,Deportivo Pasto,1,0,H,,,
Colombia,Primera A,2024 - Clausura,04/11/2024,01:30,Bucaramanga,Independiente Medellín,2,3,A,,,
Colombia,Primera A,2024 - Clausura,05/11/2024,01:15,Atlético Nacional,Santa Fe,1,1,D,,,
Colombia,Primera A,2024 - Clausura,06/11/2024,00:30,Fortaleza FC,Internacional de Bogotá,2,1,H,,,
Colombia,Primera A,2024 - Clausura,06/11/2024,19:30,Chicó FC,Bucaramanga,1,1,D,,,
Colombia,Primera A,2024 - Clausura,06/11/2024,21:30,Alianza FC,Águilas Doradas,3,0,H,,,
Colombia,Primera A,2024 - Clausura,06/11/2024,23:30,Tolima,Envigado,3,0,H,,,
Colombia,Primera A,2024 - Clausura,07/11/2024,01:30,Deportivo Cali,CD Jaguares,1,2,A,,,
Colombia,Primera A,2024 - Clausura,07/11/2024,01:30,Independiente Medellín,Patriotas,3,0,H,,,
Colombia,Primera A,2024 - Clausura,07/11/2024,21:50,Junior FC,Millonarios,0,0,D,,,
Colombia,Primera A,2024 - Clausura,07/11/2024,23:45,Deportivo Pasto,América de Cali,3,1,H,,,
Colombia,Primera A,2024 - Clausura,08/11/2024,01:45,Deportivo Pereira,Atlético Nacional,1,1,D,,,
Colombia,Primera A,2024 - Clausura,09/11/2024,01:20,Santa Fe,Once Caldas,2,1,H,,,
Colombia,Primera A,2024 - Clausura,10/11/2024,01:20,Bucaramanga,Fortaleza FC,1,0,H,,,
Colombia,Primera A,2024 - Clausura,10/11/2024,19:00,Patriotas,Tolima,2,1,H,,,
Colombia,Primera A,2024 - Clausura,10/11/2024,21:10,CD Jaguares,Alianza FC,0,0,D,,,
Colombia,Primera A,2024 - Clausura,10/11/2024,21:10,Envigado,Deportivo Cali,1,0,H,,,
Colombia,Primera A,2024 - Clausura,10/11/2024,23:20,Águilas Doradas,Chicó FC,0,1,A,,,
Colombia,Primera A,2024 - Clausura,11/11/2024,01:30,Millonarios,Deportivo Pereira,0,0,D,,,
Colombia,Primera A,2024 - Clausura,11/11/2024,19:00,Internacional de Bogotá,Deportivo Pasto,2,2,D,,,
Colombia,Primera A,2024 - Clausura,11/11/2024,21:10,Atlético Nacional,Independiente Medellín,1,1,D,,,
Colombia,Primera A,2024 - Clausura,11/11/2024,23:20,Once Caldas,Junior FC,0,0,D,,,
Colombia,Primera A,2024 - Clausura,12/11/2024,01:30,América de Cali,Santa Fe,0,0,D,,,
Colombia,Primera A,2024 - Clausura,15/11/2024,00:00,Alianza FC,Bucaramanga,0,4,A,,,
Colombia,Primera A,2024 - Clausura,15/11/2024,00:00,América de Cali,Once Caldas,3,0,H,,,
Colombia,Primera A,2024 - Clausura,15/11/2024,00:00,Chicó FC,Millonarios,1,5,A,,,
Colombia,Primera A,2024 - Clausura,15/11/2024,00:00,Deportivo Pasto,Patriotas,3,2,H,,,
Colombia,Primera A,2024 - Clausura,15/11/2024,00:00,Deportivo Pereira,Internacional de Bogotá,4,3,H,,,
Colombia,Primera A,2024 - Clausura,15/11/2024,00:00,Fortaleza FC,Águilas Doradas,0,1,A,,,
Colombia,Primera A,2024 - Clausura,15/11/2024,00:00,Independiente Medellín,Envigado,1,0,H,,,
Colombia,Primera A,2024 - Clausura,15/11/2024,00:00,Junior FC,Deportivo Cali,3,0,H,,,
Colombia,Primera A,2024 - Clausura,15/11/2024,00:00,Santa Fe,CD Jaguares,3,0,H,,,
Colombia,Primera A,2024 - Clausura,15/11/2024,00:00,Tolima,Atlético Nacional,1,0,H,,,
Colombia,Primera A,2024 - Clausura,20/11/2024,23:30,Millonarios,Deportivo Pasto,2,1,H,,,
Colombia,Primera A,2024 - Clausura,21/11/2024,01:30,Atlético Nacional,Santa Fe,5,0,H,,,
Colombia,Primera A,2024 - Clausura,21/11/2024,23:30,Once Caldas,Tolima,0,0,D,,,
Colombia,Primera A,2024 - Clausura,22/11/2024,01:30,Junior FC,América de Cali,1,0,H,,,
Colombia,Primera A,2024 - Clausura,24/11/2024,20:00,Deportivo Pasto,Atlético Nacional,0,1,A,,,
Colombia,Primera A,2024 - Clausura,24/11/2024,22:10,América de Cali,Once Caldas,1,1,D,,,
Colombia,Primera A,2024 - Clausura,25/11/2024,00:20,Tolima,Junior FC,1,0,H,,,
Colombia,Primera A,2024 - Clausura,27/11/2024,01:00,Santa Fe,Millonarios,0,1,A,,,
Colombia,Primera A,2024 - Clausura,27/11/2024,23:30,Tolima,América de Cali,1,0,H,,,
Colombia,Primera A,2024 - Clausura,28/11/2024,01:30,Once Caldas,Junior FC,2,2,D,,,
Colombia,Primera A,2024 - Clausura,29/11/2024,23:30,Deportivo Pasto,Santa Fe,1,0,H,,,
Colombia,Primera A,2024 - Clausura,30/11/2024,01:30,Millonarios,Atlético Nacional,2,1,H,,,
Colombia,Primera A,2024 - Clausura,01/12/2024,21:00,América de Cali,Tolima,4,2,H,,,
Colombia,Primera A,2024 - Clausura,01/12/2024,23:30,Junior FC,Once Caldas,1,2,A,,,
Colombia,Primera A,2024 - Clausura,02/12/2024,23:30,Santa Fe,Deportivo Pasto,1,2,A,,,
Colombia,Primera A,2024 - Clausura,03/12/2024,01:30,Atlético Nacional,Millonarios,1,1,D,,,
Colombia,Primera A,2024 - Clausura,04/12/2024,23:30,Once Caldas,América de Cali,3,0,H,,,
Colombia,Primera A,2024 - Clausura,05/12/2024,01:30,Junior FC,Tolima,3,2,H,,,
Colombia,Primera A,2024 - Clausura,05/12/2024,23:30,Atlético Nacional,Deportivo Pasto,2,1,H,,,
Colombia,Primera A,2024 - Clausura,06/12/2024,01:30,Millonarios,Santa Fe,1,1,D,,,
Colombia,Primera A,2024 - Clausura,08/12/2024,21:30,América de Cali,Junior FC,1,0,H,,,
Colombia,Primera A,2024 - Clausura,08/12/2024,21:30,Tolima,Once Caldas,1,0,H,,,
Colombia,Primera A,2024 - Clausura,09/12/2024,00:00,Deportivo Pasto,Millonarios,0,0,D,,,
Colombia,Primera A,2024 - Clausura,09/12/2024,00:00,Santa Fe,Atlético Nacional,0,3,A,,,
Colombia,Primera A,2024 - Clausura,19/12/2024,00:30,Tolima,Atlético Nacional,1,1,D,,,
Colombia,Primera A,2024 - Clausura,22/12/2024,23:00,Atlético Nacional,Tolima,2,0,H,,,
Colombia,Primera A,2024 - Apertura,19/01/2024,23:00,Patriotas,CD Jaguares,0,1,A,,,
Colombia,Primera A,2024 - Apertura,20/01/2024,01:15,Deportivo Pereira,Deportivo Cali,2,2,D,,,
Colombia,Primera A,2024 - Apertura,20/01/2024,21:00,Once Caldas,Chicó FC,2,1,H,,,
Colombia,Primera A,2024 - Apertura,20/01/2024,23:10,Tolima,Fortaleza FC,1,2,A,,,
Colombia,Primera A,2024 - Apertura,21/01/2024,01:20,América de Cali,Águilas Doradas,0,1,A,,,
Colombia,Primera A,2024 - Apertura,21/01/2024,21:00,Millonarios,Independiente Medellín,5,0,H,,,
Colombia,Primera A,2024 - Apertura,21/01/2024,23:10,Junior FC,Bucaramanga,2,0,H,,,
Colombia,Primera A,2024 - Apertura,22/01/2024,01:20,Atlético Nacional,Alianza FC,3,1,H,,,
Colombia,Primera A,2024 - Apertura,22/01/2024,23:10,Internacional de Bogotá,Envigado,0,0,D,,,
Colombia,Primera A,2024 - Apertura,23/01/2024,01:20,Deportivo Pasto,Santa Fe,0,1,A,,,
Colombia,Primera A,2024 - Apertura,25/01/2024,23:10,Fortaleza FC,Patriotas,2,0,H,,,
Colombia,Primera A,2024 - Apertura,26/01/2024,01:20,Águilas Doradas,Once Caldas,1,0,H,,,
Colombia,Primera A,2024 - Apertura,26/01/2024,23:10,Deportivo Pasto,Tolima,1,4,A,,,
Colombia,Primera A,2024 - Apertura,27/01/2024,01:20,Alianza FC,Deportivo Cali,3,3,D,,,
Colombia,Primera A,2024 - Apertura,27/01/2024,21:00,Santa Fe,Envigado,3,1,H,,,
Colombia,Primera A,2024 - Apertura,27/01/2024,23:10,CD Jaguares,Internacional de Bogotá,0,0,D,,,
Colombia,Primera A,2024 - Apertura,28/01/2024,01:20,Independiente Medellín,Deportivo Pereira,1,0,H,,,
Colombia,Primera A,2024 - Apertura,28/01/2024,21:00,Chicó FC,Junior FC,2,2,D,,,
Colombia,Primera A,2024 - Apertura,28/01/2024,23:10,América de Cali,Atlético Nacional,4,1,H,,,
Colombia,Primera A,2024 - Apertura,29/01/2024,01:20,Bucaramanga,Millonarios,0,0,D,,,
Colombia,Primera A,2024 - Apertura,30/01/2024,21:00,Patriotas,Águilas Doradas,0,0,D,,,
Colombia,Primera A,2024 - Apertura,30/01/2024,23:15,Deportivo Cali,Fortaleza FC,2,0,H,,,
Colombia,Primera A,2024 - Apertura,31/01/2024,01:30,Internacional de Bogotá,Santa Fe,1,0,H,,,
Colombia,Primera A,2024 - Apertura,31/01/2024,21:00,Deportivo Pereira,Deportivo Pasto,0,1,A,,,
Colombia,Primera A,2024 - Apertura,31/01/2024,23:10,Millonarios,Alianza FC,1,1,D,,,
Colombia,Primera A,2024 - Apertura,01/02/2024,01:20,Tolima,América de Cali,2,1,H,,,
Colombia,Primera A,2024 - Apertura,01/02/2024,21:00,Envigado,Chicó FC,2,0,H,,,
Colombia,Primera A,2024 - Apertura,01/02/2024,23:10,Atlético Nacional,Once Caldas,1,1,D,,,
Colombia,Primera A,2024 - Apertura,02/02/2024,01:20,Junior FC,Independiente Medellín,3,0,H,,,
Colombia,Primera A,2024 - Apertura,02/02/2024,23:10,CD Jaguares,Bucaramanga,0,1,A,,,
Colombia,Primera A,2024 - Apertura,03/02/2024,23:00,Tolima,Millonarios,2,0,H,,,
Colombia,Primera A,2024 - Apertura,04/02/2024,01:10,América de Cali,Patriotas,1,0,H,,,
Colombia,Primera A,2024 - Apertura,04/02/2024,21:00,Fortaleza FC,Envigado,1,1,D,,,
Colombia,Primera A,2024 - Apertura,04/02/2024,23:10,Águilas Doradas,Atlético Nacional,0,3,A,,,
Colombia,Primera A,2024 - Apertura,05/02/2024,01:20,Alianza FC,Junior FC,0,1,A,,,
Colombia,Primera A,2024 - Apertura,05/02/2024,21:00,Chicó FC,Deportivo Pereira,1,2,A,,,
Colombia,Primera A,2024 - Apertura,05/02/2024,23:10,Deportivo Pasto,CD Jaguares,1,1,D,,,
Colombia,Primera A,2024 - Apertura,06/02/2024,01:20,Independiente Medellín,Deportivo Cali,1,0,H,,,
Colombia,Primera A,2024 - Apertura,06/02/2024,23:10,Once Caldas,Internacional de Bogotá,0,0,D,,,
Colombia,Primera A,2024 - Apertura,07/02/2024,01:20,Santa Fe,Bucaramanga,0,1,A,,,
Colombia,Primera A,2024 - Apertura,07/02/2024,21:00,Envigado,Alianza FC,1,2,A,,,
Colombia,Primera A,2024 - Apertura,08/02/2024,01:00,Millonarios,América de Cali,1,0,H,,,
Colombia,Primera A,2024 - Apertura,08/02/2024,21:00,Deportivo Pereira,Fortaleza FC,2,0,H,,,
Colombia,Primera A,2024 - Apertura,08/02/2024,23:10,Junior FC,Deportivo Pasto,2,0,H,,,
Colombia,Primera A,2024 - Apertura,09/02/2024,01:20,Patriotas,Atlético Nacional,0,0,D,,,
Colombia,Primera A,2024 - Apertura,09/02/2024,23:10,CD Jaguares,Águilas Doradas,1,0,H,,,
Colombia,Primera A,2024 - Apertura,10/02/2024,01:20,Deportivo Cali,Chicó FC,4,0,H,,,
Colombia,Primera A,2024 - Apertura,10/02/2024,21:00,Internacional de Bogotá,Tolima,1,1,D,,,
Colombia,Primera A,2024 - Apertura,10/02/2024,23:10,Bucaramanga,Once Caldas,1,1,D,,,
Colombia,Primera A,2024 - Apertura,11/02/2024,01:20,Independiente Medellín,Santa Fe,1,1,D,,,
Colombia,Primera A,2024 - Apertura,11/02/2024,21:00,Fortaleza FC,Junior FC,2,0,H,,,
Colombia,Primera A,2024 - Apertura,11/02/2024,23:10,Atlético Nacional,Millonarios,0,1,A,,,
Colombia,Primera A,2024 - Apertura,12/02/2024,01:20,Alianza FC,Deportivo Pereira,1,2,A,,,
Colombia,Primera A,2024 - Apertura,13/02/2024,01:10,Deportivo Pasto,Envigado,0,1,A,,,
Colombia,Primera A,2024 - Apertura,13/02/2024,23:10,Águilas Doradas,Internacional de Bogotá,1,1,D,,,
Colombia,Primera A,2024 - Apertura,14/02/2024,01:20,Santa Fe,Deportivo Cali,1,0,H,,,
Colombia,Primera A,2024 - Apertura,14/02/2024,23:10,Once Caldas,Patriotas,1,0,H,,,
Colombia,Primera A,2024 - Apertura,15/02/2024,01:20,Chicó FC,Independiente Medellín,3,0,H,,,
Colombia,Primera A,2024 - Apertura,15/02/2024,23:10,Tolima,CD Jaguares,2,0,H,,,
Colombia,Primera A,2024 - Apertura,16/02/2024,01:20,América de Cali,Bucaramanga,0,0,D,,,
Colombia,Primera A,2024 - Apertura,16/02/2024,23:10,Millonarios,Águilas Doradas,0,1,A,,,
Colombia,Primera A,2024 - Apertura,17/02/2024,01:20,Deportivo Cali,Atlético Nacional,3,2,H,,,
Colombia,Primera A,2024 - Apertura,17/02/2024,23:05,Independiente Medellín,Fortaleza FC,2,2,D,,,
Colombia,Primera A,2024 - Apertura,18/02/2024,01:15,Deportivo Pereira,Santa Fe,1,0,H,,,
Colombia,Primera A,2024 - Apertura,18/02/2024,19:00,Internacional de Bogotá,Patriotas,1,0,H,,,
Colombia,Primera A,2024 - Apertura,18/02/2024,21:00,Envigado,América de Cali,1,1,D,,,
Colombia,Primera A,2024 - Apertura,18/02/2024,23:10,CD Jaguares,Once Caldas,3,0,H,,,
Colombia,Primera A,2024 - Apertura,19/02/2024,01:20,Junior FC,Tolima,0,1,A,,,
Colombia,Primera A,2024 - Apertura,19/02/2024,21:00,Chicó FC,Alianza FC,1,0,H,,,
Colombia,Primera A,2024 - Apertura,20/02/2024,01:20,Bucaramanga,Deportivo Pasto,1,0,H,,,
Colombia,Primera A,2024 - Apertura,22/02/2024,00:45,Santa Fe,Junior FC,3,0,H,,,
Colombia,Primera A,2024 - Apertura,22/02/2024,21:00,Tolima,Bucaramanga,0,0,D,,,
Colombia,Primera A,2024 - Apertura,22/02/2024,23:10,América de Cali,Internacional de Bogotá,0,1,A,,,
Colombia,Primera A,2024 - Apertura,23/02/2024,01:20,Once Caldas,Deportivo Pereira,1,2,A,,,
Colombia,Primera A,2024 - Apertura,23/02/2024,21:00,Fortaleza FC,Chicó FC,1,1,D,,,
Colombia,Primera A,2024 - Apertura,23/02/2024,23:10,Águilas Doradas,Envigado,2,0,H,,,
Colombia,Primera A,2024 - Apertura,24/02/2024,01:20,Deportivo Pasto,Deportivo Cali,0,1,A,,,
Colombia,Primera A,2024 - Apertura,24/02/2024,23:10,Alianza FC,Independiente Medellín,2,0,H,,,
Colombia,Primera A,2024 - Apertura,25/02/2024,01:20,Patriotas,Millonarios,1,0,H,,,
Colombia,Primera A,2024 - Apertura,25/02/2024,21:30,CD Jaguares,América de Cali,1,1,D,,,
Colombia,Primera A,2024 - Apertura,25/02/2024,23:30,Internacional de Bogotá,Atlético Nacional,2,0,H,,,
Colombia,Primera A,2024 - Apertura,26/02/2024,01:30,Deportivo Pereira,Junior FC,3,3,D,,,
Colombia,Primera A,2024 - Apertura,26/02/2024,23:10,Chicó FC,Santa Fe,1,2,A,,,
Colombia,Primera A,2024 - Apertura,27/02/2024,01:20,Deportivo Cali,Tolima,1,2,A,,,
Colombia,Primera A,2024 - Apertura,27/02/2024,21:00,Envigado,Patriotas,1,0,H,,,
Colombia,Primera A,2024 - Apertura,28/02/2024,01:15,Millonarios,Once Caldas,0,2,A,,,
Colombia,Primera A,2024 - Apertura,28/02/2024,20:15,Fortaleza FC,Alianza FC,1,2,A,,,
Colombia,Primera A,2024 - Apertura,01/03/2024,00:45,Independiente Medellín,Deportivo Pasto,1,0,H,,,
Colombia,Primera A,2024 - Apertura,01/03/2024,21:00,Envigado,CD Jaguares,2,2,D,,,
Colombia,Primera A,2024 - Apertura,01/03/2024,23:10,Chicó FC,Tolima,1,1,D,,,
Colombia,Primera A,2024 - Apertura,02/03/2024,01:20,Deportivo Cali,Once Caldas,0,1,A,,,
Colombia,Primera A,2024 - Apertura,02/03/2024,21:00,Millonarios,Internacional de Bogotá,1,2,A,,,
Colombia,Primera A,2024 - Apertura,02/03/2024,23:10,Deportivo Pereira,América de Cali,2,0,H,,,
Colombia,Primera A,2024 - Apertura,03/03/2024,01:20,Junior FC,Atlético Nacional,0,0,D,,,
Colombia,Primera A,2024 - Apertura,03/03/2024,21:00,Bucaramanga,Patriotas,3,0,H,,,
Colombia,Primera A,2024 - Apertura,03/03/2024,23:10,Independiente Medellín,Águilas Doradas,1,0,H,,,
Colombia,Primera A,2024 - Apertura,04/03/2024,01:20,Alianza FC,Santa Fe,0,1,A,,,
Colombia,Primera A,2024 - Apertura,05/03/2024,01:10,Deportivo Pasto,Fortaleza FC,1,0,H,,,
Colombia,Primera A,2024 - Apertura,08/03/2024,23:10,Águilas Doradas,Junior FC,0,2,A,,,
Colombia,Primera A,2024 - Apertura,09/03/2024,01:20,Internacional de Bogotá,Deportivo Cali,2,0,H,,,
Colombia,Primera A,2024 - Apertura,09/03/2024,19:00,Deportivo Pasto,Chicó FC,2,1,H,,,
Colombia,Primera A,2024 - Apertura,09/03/2024,21:10,Santa Fe,Fortaleza FC,2,0,H,,,
Colombia,Primera A,2024 - Apertura,09/03/2024,23:20,América de Cali,Alianza FC,2,0,H,,,
Colombia,Primera A,2024 - Apertura,10/03/2024,01:30,Tolima,Independiente Medellín,2,2,D,,,
Colombia,Primera A,2024 - Apertura,10/03/2024,19:00,Once Caldas,Envigado,2,1,H,,,
Colombia,Primera A,2024 - Apertura,10/03/2024,21:10,Atlético Nacional,Bucaramanga,0,0,D,,,
Colombia,Primera A,2024 - Apertura,10/03/2024,23:20,CD Jaguares,Millonarios,2,1,H,,,
Colombia,Primera A,2024 - Apertura,11/03/2024,01:30,Patriotas,Deportivo Pereira,0,3,A,,,
Colombia,Primera A,2024 - Apertura,15/03/2024,23:00,Alianza FC,Deportivo Pasto,1,1,D,,,
Colombia,Primera A,2024 - Apertura,16/03/2024,01:10,Junior FC,CD Jaguares,3,1,H,,,
Colombia,Primera A,2024 - Apertura,16/03/2024,19:00,Santa Fe,Tolima,1,1,D,,,
Colombia,Primera A,2024 - Apertura,16/03/2024,21:10,Bucaramanga,Internacional de Bogotá,4,0,H,,,
Colombia,Primera A,2024 - Apertura,16/03/2024,23:20,Chicó FC,Atlético Nacional,2,1,H,,,
Colombia,Primera A,2024 - Apertura,17/03/2024,01:30,Independiente Medellín,Once Caldas,1,2,A,,,
Colombia,Primera A,2024 - Apertura,17/03/2024,19:00,Envigado,Millonarios,1,1,D,,,
Colombia,Primera A,2024 - Apertura,17/03/2024,21:10,Deportivo Cali,Patriotas,0,1,A,,,
Colombia,Primera A,2024 - Apertura,17/03/2024,23:20,Fortaleza FC,América de Cali,0,0,D,,,
Colombia,Primera A,2024 - Apertura,18/03/2024,01:30,Deportivo Pereira,Águilas Doradas,2,1,H,,,
Colombia,Primera A,2024 - Apertura,22/03/2024,23:10,Patriotas,Junior FC,1,0,H,,,
Colombia,Primera A,2024 - Apertura,23/03/2024,01:20,Internacional de Bogotá,Independiente Medellín,1,2,A,,,
Colombia,Primera A,2024 - Apertura,23/03/2024,19:00,Millonarios,Deportivo Cali,1,1,D,,,
Colombia,Primera A,2024 - Apertura,23/03/2024,21:10,Tolima,Deportivo Pereira,2,1,H,,,
Colombia,Primera A,2024 - Apertura,23/03/2024,23:20,CD Jaguares,Fortaleza FC,0,1,A,,,
Colombia,Primera A,2024 - Apertura,24/03/2024,01:30,América de Cali,Chicó FC,3,2,H,,,
Colombia,Primera A,2024 - Apertura,24/03/2024,21:00,Bucaramanga,Envigado,3,1,H,,,
Colombia,Primera A,2024 - Apertura,24/03/2024,23:10,Atlético Nacional,Deportivo Pasto,1,0,H,,,
Colombia,Primera A,2024 - Apertura,25/03/2024,01:20,Águilas Doradas,Santa Fe,1,1,D,,,
Colombia,Primera A,2024 - Apertura,25/03/2024,21:00,Once Caldas,Alianza FC,1,0,H,,,
Colombia,Primera A,2024 - Apertura,27/03/2024,21:00,Bucaramanga,Águilas Doradas,1,0,H,,,
Colombia,Primera A,2024 - Apertura,27/03/2024,23:10,Atlético Nacional,CD Jaguares,2,0,H,,,
Colombia,Primera A,2024 - Apertura,28/03/2024,01:20,Millonarios,Santa Fe,3,1,H,,,
Colombia,Primera A,2024 - Apertura,29/03/2024,22:00,Alianza FC,Tolima,0,2,A,,,
Colombia,Primera A,2024 - Apertura,30/03/2024,00:30,Junior FC,Internacional de Bogotá,1,0,H,,,
Colombia,Primera A,2024 - Apertura,30/03/2024,19:00,Envigado,Atlético Nacional,0,1,A,,,
Colombia,Primera A,2024 - Apertura,30/03/2024,21:10,Deportivo Pasto,Once Caldas,0,0,D,,,
Colombia,Primera A,2024 - Apertura,30/03/2024,23:20,Chicó FC,CD Jaguares,1,0,H,,,
Colombia,Primera A,2024 - Apertura,31/03/2024,01:30,Fortaleza FC,Millonarios,1,2,A,,,
Colombia,Primera A,2024 - Apertura,31/03/2024,19:00,Santa Fe,Patriotas,3,0,H,,,
Colombia,Primera A,2024 - Apertura,31/03/2024,21:10,Deportivo Pereira,Bucaramanga,1,2,A,,,
Colombia,Primera A,2024 - Apertura,31/03/2024,23:20,Independiente Medellín,América de Cali,1,4,A,,,
Colombia,Primera A,2024 - Apertura,01/04/2024,01:30,Deportivo Cali,Águilas Doradas,2,4,A,,,
Colombia,Primera A,2024 - Apertura,05/04/2024,21:00,Envigado,Deportivo Pereira,1,1,D,,,
Colombia,Primera A,2024 - Apertura,05/04/2024,23:10,Atlético Nacional,Fortaleza FC,1,2,A,,,
Colombia,Primera A,2024 - Apertura,06/04/2024,01:20,Once Caldas,Tolima,2,1,H,,,
Colombia,Primera A,2024 - Apertura,06/04/2024,21:00,Águilas Doradas,Deportivo Pasto,0,1,A,,,
Colombia,Primera A,2024 - Apertura,06/04/2024,23:10,Bucaramanga,Deportivo Cali,2,1,H,,,
Colombia,Primera A,2024 - Apertura,07/04/2024,01:20,América de Cali,Junior FC,4,1,H,,,
Colombia,Primera A,2024 - Apertura,07/04/2024,21:00,Patriotas,Alianza FC,0,0,D,,,
Colombia,Primera A,2024 - Apertura,07/04/2024,23:10,CD Jaguares,Independiente Medellín,2,2,D,,,
Colombia,Primera A,2024 - Apertura,08/04/2024,01:20,Internacional de Bogotá,Chicó FC,4,0,H,,,
Colombia,Primera A,2024 - Apertura,12/04/2024,23:05,Tolima,Águilas Doradas,2,1,H,,,
Colombia,Primera A,2024 - Apertura,13/04/2024,01:15,Deportivo Cali,América de Cali,1,1,D,,,
Colombia,Primera A,2024 - Apertura,13/04/2024,19:00,Fortaleza FC,Once Caldas,2,0,H,,,
Colombia,Primera A,2024 - Apertura,13/04/2024,21:10,Santa Fe,Atlético Nacional,0,0,D,,,
Colombia,Primera A,2024 - Apertura,13/04/2024,23:20,Junior FC,Envigado,1,1,D,,,
Colombia,Primera A,2024 - Apertura,14/04/2024,01:30,Deportivo Pereira,CD Jaguares,0,0,D,,,
Colombia,Primera A,2024 - Apertura,14/04/2024,19:00,Chicó FC,Patriotas,1,2,A,,,
Colombia,Primera A,2024 - Apertura,14/04/2024,21:10,Independiente Medellín,Bucaramanga,1,0,H,,,
Colombia,Primera A,2024 - Apertura,14/04/2024,23:20,Deportivo Pasto,Millonarios,2,3,A,,,
Colombia,Primera A,2024 - Apertura,15/04/2024,01:30,Alianza FC,Internacional de Bogotá,0,3,A,,,
Colombia,Primera A,2024 - Apertura,16/04/2024,21:00,Envigado,Tolima,0,2,A,,,
Colombia,Primera A,2024 - Apertura,16/04/2024,23:10,CD Jaguares,Deportivo Cali,1,1,D,,,
Colombia,Primera A,2024 - Apertura,17/04/2024,01:20,Once Caldas,Santa Fe,0,1,A,,,
Colombia,Primera A,2024 - Apertura,17/04/2024,21:00,Águilas Doradas,Alianza FC,4,0,H,,,
Colombia,Primera A,2024 - Apertura,17/04/2024,23:10,Millonarios,Junior FC,3,2,H,,,
Colombia,Primera A,2024 - Apertura,18/04/2024,01:20,Atlético Nacional,Deportivo Pereira,0,1,A,,,
Colombia,Primera A,2024 - Apertura,18/04/2024,21:00,Internacional de Bogotá,Fortaleza FC,0,0,D,,,
Colombia,Primera A,2024 - Apertura,18/04/2024,23:10,Patriotas,Independiente Medellín,2,3,A,,,
Colombia,Primera A,2024 - Apertura,19/04/2024,01:20,América de Cali,Deportivo Pasto,0,0,D,,,
Colombia,Primera A,2024 - Apertura,20/04/2024,01:10,Bucaramanga,Chicó FC,2,3,A,,,
Colombia,Primera A,2024 - Apertura,20/04/2024,21:00,Deportivo Pereira,Millonarios,1,2,A,,,
Colombia,Primera A,2024 - Apertura,20/04/2024,23:10,Junior FC,Once Caldas,1,0,H,,,
Colombia,Primera A,2024 - Apertura,21/04/2024,01:30,Alianza FC,CD Jaguares,2,1,H,,,
Colombia,Primera A,2024 - Apertura,21/04/2024,19:00,Santa Fe,América de Cali,1,0,H,,,
Colombia,Primera A,2024 - Apertura,21/04/2024,21:10,Deportivo Cali,Envigado,2,0,H,,,
Colombia,Primera A,2024 - Apertura,21/04/2024,23:20,Independiente Medellín,Atlético Nacional,2,2,D,,,
Colombia,Primera A,2024 - Apertura,22/04/2024,01:30,Tolima,Patriotas,2,1,H,,,
Colombia,Primera A,2024 - Apertura,22/04/2024,21:00,Fortaleza FC,Bucaramanga,0,2,A,,,
Colombia,Primera A,2024 - Apertura,22/04/2024,23:10,Chicó FC,Águilas Doradas,1,2,A,,,
Colombia,Primera A,2024 - Apertura,23/04/2024,01:20,Deportivo Pasto,Internacional de Bogotá,2,3,A,,,
Colombia,Primera A,2024 - Apertura,28/04/2024,00:00,Atlético Nacional,Tolima,3,1,H,,,
Colombia,Primera A,2024 - Apertura,28/04/2024,20:00,Patriotas,Deportivo Pasto,0,3,A,,,
Colombia,Primera A,2024 - Apertura,28/04/2024,22:00,Águilas Doradas,Fortaleza FC,1,1,D,,,
Colombia,Primera A,2024 - Apertura,28/04/2024,22:00,Bucaramanga,Alianza FC,1,0,H,,,
Colombia,Primera A,2024 - Apertura,28/04/2024,22:00,CD Jaguares,Santa Fe,1,0,H,,,
Colombia,Primera A,2024 - Apertura,28/04/2024,22:00,Deportivo Cali,Junior FC,0,0,D,,,
Colombia,Primera A,2024 - Apertura,28/04/2024,22:00,Envigado,Independiente Medellín,0,1,A,,,
Colombia,Primera A,2024 - Apertura,28/04/2024,22:00,Internacional de Bogotá,Deportivo Pereira,0,2,A,,,
Colombia,Primera A,2024 - Apertura,28/04/2024,22:00,Millonarios,Chicó FC,3,0,H,,,
Colombia,Primera A,2024 - Apertura,28/04/2024,22:00,Once Caldas,América de Cali,0,0,D,,,
Colombia,Primera A,2024 - Apertura,04/05/2024,22:00,Deportivo Pereira,Bucaramanga,1,0,H,,,
Colombia,Primera A,2024 - Apertura,05/05/2024,00:15,Junior FC,Millonarios,2,1,H,,,
Colombia,Primera A,2024 - Apertura,05/05/2024,22:15,Santa Fe,Tolima,1,0,H,,,
Colombia,Primera A,2024 - Apertura,06/05/2024,00:30,Once Caldas,Internacional de Bogotá,2,0,H,,,
Colombia,Primera A,2024 - Apertura,11/05/2024,22:15,Bucaramanga,Junior FC,0,0,D,,,
Colombia,Primera A,2024 - Apertura,12/05/2024,00:30,Millonarios,Deportivo Pereira,1,0,H,,,
Colombia,Primera A,2024 - Apertura,12/05/2024,22:15,Internacional de Bogotá,Santa Fe,0,2,A,,,
Colombia,Primera A,2024 - Apertura,13/05/2024,00:30,Tolima,Once Caldas,1,1,D,,,
Colombia,Primera A,2024 - Apertura,18/05/2024,22:15,Internacional de Bogotá,Tolima,2,3,A,,,
Colombia,Primera A,2024 - Apertura,19/05/2024,00:30,Once Caldas,Santa Fe,0,0,D,,,
Colombia,Primera A,2024 - Apertura,19/05/2024,22:30,Junior FC,Deportivo Pereira,2,3,A,,,
Colombia,Primera A,2024 - Apertura,20/05/2024,01:00,Millonarios,Bucaramanga,0,1,A,,,
Colombia,Primera A,2024 - Apertura,22/05/2024,23:15,Bucaramanga,Millonarios,0,0,D,,,
Colombia,Primera A,2024 - Apertura,23/05/2024,01:30,Deportivo Pereira,Junior FC,0,0,D,,,
Colombia,Primera A,2024 - Apertura,23/05/2024,23:15,Tolima,Internacional de Bogotá,3,0,H,,,
Colombia,Primera A,2024 - Apertura,24/05/2024,01:30,Santa Fe,Once Caldas,1,0,H,,,
Colombia,Primera A,2024 - Apertura,25/05/2024,22:00,Deportivo Pereira,Millonarios,2,2,D,,,
Colombia,Primera A,2024 - Apertura,26/05/2024,00:30,Junior FC,Bucaramanga,1,0,H,,,
Colombia,Primera A,2024 - Apertura,26/05/2024,23:00,Once Caldas,Tolima,0,1,A,,,
Colombia,Primera A,2024 - Apertura,26/05/2024,23:00,Santa Fe,Internacional de Bogotá,2,0,H,,,
Colombia,Primera A,2024 - Apertura,31/05/2024,22:00,Internacional de Bogotá,Once Caldas,1,2,A,,,
Colombia,Primera A,2024 - Apertura,02/06/2024,22:00,Bucaramanga,Deportivo Pereira,3,1,H,,,
Colombia,Primera A,2024 - Apertura,02/06/2024,22:00,Millonarios,Junior FC,2,0,H,,,
Colombia,Primera A,2024 - Apertura,03/06/2024,00:30,Tolima,Santa Fe,1,2,A,,,
Colombia,Primera A,2024 - Apertura,09/06/2024,00:30,Bucaramanga,Santa Fe,1,0,H,,,
Colombia,Primera A,2024 - Apertura,16/06/2024,00:30,Santa Fe,Bucaramanga,3,2,H,,,
Colombia,Primera A,2023 - Clausura,14/07/2023,21:00,Envigado,Bucaramanga,1,3,A,,,
Colombia,Primera A,2023 - Clausura,15/07/2023,00:40,Independiente Valle del Cauca,Unión Magdalena,2,1,H,,,
Colombia,Primera A,2023 - Clausura,15/07/2023,21:00,Independiente Medellín,Internacional de Bogotá,2,2,D,,,
Colombia,Primera A,2023 - Clausura,15/07/2023,23:10,Junior FC,Águilas Doradas,0,1,A,,,
Colombia,Primera A,2023 - Clausura,16/07/2023,01:20,Deportivo Pasto,Millonarios,0,0,D,,,
Colombia,Primera A,2023 - Clausura,16/07/2023,22:15,América de Cali,Tolima,1,0,H,,,
Colombia,Primera A,2023 - Clausura,17/07/2023,00:30,Once Caldas,Atlético Nacional,1,1,D,,,
Colombia,Primera A,2023 - Clausura,18/07/2023,01:00,Deportivo Pereira,Deportivo Cali,0,2,A,,,
Colombia,Primera A,2023 - Clausura,20/07/2023,01:00,Santa Fe,CD Jaguares,1,0,H,,,
Colombia,Primera A,2023 - Clausura,21/07/2023,21:00,Tolima,Once Caldas,3,1,H,,,
Colombia,Primera A,2023 - Clausura,21/07/2023,23:15,Internacional de Bogotá,Envigado,1,1,D,,,
Colombia,Primera A,2023 - Clausura,22/07/2023,01:30,Deportivo Pasto,Alianza FC,1,1,D,,,
Colombia,Primera A,2023 - Clausura,23/07/2023,01:30,Millonarios,Deportivo Pereira,0,0,D,,,
Colombia,Primera A,2023 - Clausura,23/07/2023,20:45,Bucaramanga,Independiente Valle del Cauca,1,0,H,,,
Colombia,Primera A,2023 - Clausura,24/07/2023,01:10,Independiente Medellín,Junior FC,1,0,H,,,
Colombia,Primera A,2023 - Clausura,25/07/2023,00:00,CD Jaguares,Chicó FC,2,1,H,,,
Colombia,Primera A,2023 - Clausura,29/07/2023,21:00,Tolima,Águilas Doradas,1,1,D,,,
Colombia,Primera A,2023 - Clausura,29/07/2023,23:10,Alianza FC,Millonarios,1,0,H,,,
Colombia,Primera A,2023 - Clausura,30/07/2023,01:20,Atlético Nacional,CD Jaguares,2,1,H,,,
Colombia,Primera A,2023 - Clausura,30/07/2023,20:30,Once Caldas,Deportivo Cali,4,0,H,,,
Colombia,Primera A,2023 - Clausura,30/07/2023,22:45,América de Cali,Deportivo Pasto,1,1,D,,,
Colombia,Primera A,2023 - Clausura,31/07/2023,01:00,Independiente Valle del Cauca,Deportivo Pereira,2,0,H,,,
Colombia,Primera A,2023 - Clausura,31/07/2023,21:00,Envigado,Unión Magdalena,0,0,D,,,
Colombia,Primera A,2023 - Clausura,31/07/2023,23:10,Chicó FC,Internacional de Bogotá,0,2,A,,,
Colombia,Primera A,2023 - Clausura,01/08/2023,01:20,Junior FC,Bucaramanga,1,1,D,,,
Colombia,Primera A,2023 - Clausura,03/08/2023,00:30,Santa Fe,Independiente Medellín,1,0,H,,,
Colombia,Primera A,2023 - Clausura,04/08/2023,23:15,Independiente Valle del Cauca,Alianza FC,0,0,D,,,
Colombia,Primera A,2023 - Clausura,05/08/2023,01:30,Águilas Doradas,Once Caldas,2,1,H,,,
Colombia,Primera A,2023 - Clausura,05/08/2023,21:00,Unión Magdalena,Junior FC,0,0,D,,,
Colombia,Primera A,2023 - Clausura,05/08/2023,23:10,Deportivo Pereira,Chicó FC,1,1,D,,,
Colombia,Primera A,2023 - Clausura,06/08/2023,01:20,Independiente Medellín,Envigado,1,0,H,,,
Colombia,Primera A,2023 - Clausura,06/08/2023,21:00,Internacional de Bogotá,América de Cali,1,1,D,,,
Colombia,Primera A,2023 - Clausura,06/08/2023,23:10,Deportivo Cali,Atlético Nacional,1,1,D,,,
Colombia,Primera A,2023 - Clausura,07/08/2023,01:20,Deportivo Pasto,Santa Fe,2,0,H,,,
Colombia,Primera A,2023 - Clausura,07/08/2023,22:15,Bucaramanga,CD Jaguares,3,0,H,,,
Colombia,Primera A,2023 - Clausura,08/08/2023,00:30,Millonarios,Tolima,1,0,H,,,
Colombia,Primera A,2023 - Clausura,10/08/2023,23:00,Alianza FC,Envigado,3,1,H,,,
Colombia,Primera A,2023 - Clausura,11/08/2023,23:20,Águilas Doradas,Deportivo Cali,1,0,H,,,
Colombia,Primera A,2023 - Clausura,12/08/2023,01:30,Tolima,Independiente Valle del Cauca,1,0,H,,,
Colombia,Primera A,2023 - Clausura,12/08/2023,21:10,Santa Fe,Internacional de Bogotá,1,1,D,,,
Colombia,Primera A,2023 - Clausura,12/08/2023,23:20,Junior FC,Deportivo Pasto,0,0,D,,,
Colombia,Primera A,2023 - Clausura,13/08/2023,01:30,Once Caldas,Deportivo Pereira,1,0,H,,,
Colombia,Primera A,2023 - Clausura,13/08/2023,21:00,América de Cali,Independiente Medellín,1,3,A,,,
Colombia,Primera A,2023 - Clausura,13/08/2023,23:10,CD Jaguares,Millonarios,2,0,H,,,
Colombia,Primera A,2023 - Clausura,14/08/2023,01:20,Atlético Nacional,Bucaramanga,2,1,H,,,
Colombia,Primera A,2023 - Clausura,15/08/2023,00:40,Chicó FC,Unión Magdalena,0,0,D,,,
Colombia,Primera A,2023 - Clausura,19/08/2023,21:00,Deportivo Pereira,CD Jaguares,3,0,H,,,
Colombia,Primera A,2023 - Clausura,19/08/2023,23:10,Unión Magdalena,Santa Fe,2,2,D,,,
Colombia,Primera A,2023 - Clausura,20/08/2023,01:20,Internacional de Bogotá,Junior FC,0,0,D,,,
Colombia,Primera A,2023 - Clausura,20/08/2023,21:00,Deportivo Pasto,Chicó FC,1,1,D,,,
Colombia,Primera A,2023 - Clausura,20/08/2023,23:10,Independiente Medellín,Alianza FC,2,1,H,,,
Colombia,Primera A,2023 - Clausura,21/08/2023,01:20,Independiente Valle del Cauca,Atlético Nacional,0,1,A,,,
Colombia,Primera A,2023 - Clausura,21/08/2023,21:00,Bucaramanga,Águilas Doradas,1,1,D,,,
Colombia,Primera A,2023 - Clausura,22/08/2023,00:00,Millonarios,Once Caldas,2,1,H,,,
Colombia,Primera A,2023 - Clausura,22/08/2023,23:15,CD Jaguares,Unión Magdalena,0,1,A,,,
Colombia,Primera A,2023 - Clausura,23/08/2023,21:45,Alianza FC,Internacional de Bogotá,1,0,H,,,
Colombia,Primera A,2023 - Clausura,23/08/2023,23:15,Santa Fe,Envigado,2,0,H,,,
Colombia,Primera A,2023 - Clausura,24/08/2023,01:30,Junior FC,América de Cali,4,3,H,,,
Colombia,Primera A,2023 - Clausura,24/08/2023,21:00,Chicó FC,Independiente Valle del Cauca,1,1,D,,,
Colombia,Primera A,2023 - Clausura,24/08/2023,23:20,Atlético Nacional,Deportivo Pasto,2,0,H,,,
Colombia,Primera A,2023 - Clausura,25/08/2023,01:30,Deportivo Cali,Millonarios,0,0,D,,,
Colombia,Primera A,2023 - Clausura,25/08/2023,23:15,Once Caldas,Bucaramanga,1,0,H,,,
Colombia,Primera A,2023 - Clausura,26/08/2023,01:30,Águilas Doradas,Independiente Medellín,1,1,D,,,
Colombia,Primera A,2023 - Clausura,26/08/2023,21:00,Envigado,Junior FC,1,2,A,,,
Colombia,Primera A,2023 - Clausura,26/08/2023,23:10,Unión Magdalena,Alianza FC,2,0,H,,,
Colombia,Primera A,2023 - Clausura,27/08/2023,01:20,Internacional de Bogotá,Tolima,0,0,D,,,
Colombia,Primera A,2023 - Clausura,27/08/2023,21:00,Millonarios,Atlético Nacional,1,0,H,,,
Colombia,Primera A,2023 - Clausura,27/08/2023,23:10,América de Cali,Santa Fe,2,0,H,,,
Colombia,Primera A,2023 - Clausura,28/08/2023,01:20,Independiente Valle del Cauca,CD Jaguares,0,0,D,,,
Colombia,Primera A,2023 - Clausura,28/08/2023,23:15,Independiente Medellín,Chicó FC,1,1,D,,,
Colombia,Primera A,2023 - Clausura,29/08/2023,01:30,Bucaramanga,Deportivo Cali,1,0,H,,,
Colombia,Primera A,2023 - Clausura,30/08/2023,01:10,Deportivo Pasto,Once Caldas,1,0,H,,,
Colombia,Primera A,2023 - Clausura,30/08/2023,23:15,Unión Magdalena,América de Cali,0,0,D,,,
Colombia,Primera A,2023 - Clausura,31/08/2023,01:30,Águilas Doradas,Atlético Nacional,2,0,H,,,
Colombia,Primera A,2023 - Clausura,01/09/2023,23:05,Chicó FC,Envigado,1,0,H,,,
Colombia,Primera A,2023 - Clausura,02/09/2023,01:10,Tolima,Bucaramanga,0,0,D,,,
Colombia,Primera A,2023 - Clausura,02/09/2023,21:45,CD Jaguares,Independiente Medellín,1,1,D,,,
Colombia,Primera A,2023 - Clausura,02/09/2023,23:10,Santa Fe,Junior FC,1,0,H,,,
Colombia,Primera A,2023 - Clausura,03/09/2023,01:20,Alianza FC,América de Cali,2,3,A,,,
Colombia,Primera A,2023 - Clausura,03/09/2023,21:00,Atlético Nacional,Deportivo Pereira,2,0,H,,,
Colombia,Primera A,2023 - Clausura,03/09/2023,23:10,Águilas Doradas,Millonarios,2,0,H,,,
Colombia,Primera A,2023 - Clausura,04/09/2023,01:20,Deportivo Cali,Deportivo Pasto,4,0,H,,,
Colombia,Primera A,2023 - Clausura,04/09/2023,23:10,Unión Magdalena,Internacional de Bogotá,1,0,H,,,
Colombia,Primera A,2023 - Clausura,05/09/2023,01:20,Once Caldas,Independiente Valle del Cauca,1,2,A,,,
Colombia,Primera A,2023 - Clausura,06/09/2023,01:10,Alianza FC,Chicó FC,1,1,D,,,
Colombia,Primera A,2023 - Clausura,06/09/2023,21:05,Envigado,América de Cali,0,0,D,,,
Colombia,Primera A,2023 - Clausura,06/09/2023,23:10,Tolima,Deportivo Pereira,2,3,A,,,
Colombia,Primera A,2023 - Clausura,07/09/2023,01:20,Deportivo Cali,Santa Fe,2,2,D,,,
Colombia,Primera A,2023 - Clausura,09/09/2023,00:40,Deportivo Pasto,CD Jaguares,1,0,H,,,
Colombia,Primera A,2023 - Clausura,09/09/2023,21:00,Internacional de Bogotá,Chicó FC,0,0,D,,,
Colombia,Primera A,2023 - Clausura,09/09/2023,23:10,Junior FC,Unión Magdalena,7,1,H,,,
Colombia,Primera A,2023 - Clausura,10/09/2023,01:20,Independiente Medellín,Atlético Nacional,1,0,H,,,
Colombia,Primera A,2023 - Clausura,10/09/2023,21:00,Deportivo Pereira,Once Caldas,1,2,A,,,
Colombia,Primera A,2023 - Clausura,10/09/2023,23:10,América de Cali,Deportivo Cali,3,0,H,,,
Colombia,Primera A,2023 - Clausura,11/09/2023,01:20,Millonarios,Santa Fe,2,4,A,,,
Colombia,Primera A,2023 - Clausura,11/09/2023,21:00,Envigado,Águilas Doradas,2,2,D,,,
Colombia,Primera A,2023 - Clausura,11/09/2023,23:15,Independiente Valle del Cauca,Tolima,3,0,H,,,
Colombia,Primera A,2023 - Clausura,12/09/2023,01:30,Bucaramanga,Alianza FC,0,1,A,,,
Colombia,Primera A,2023 - Clausura,13/09/2023,21:00,Deportivo Pereira,Deportivo Pasto,2,1,H,,,
Colombia,Primera A,2023 - Clausura,13/09/2023,22:45,Chicó FC,Santa Fe,1,1,D,,,
Colombia,Primera A,2023 - Clausura,13/09/2023,23:10,CD Jaguares,América de Cali,0,1,A,,,
Colombia,Primera A,2023 - Clausura,14/09/2023,01:20,Atlético Nacional,Internacional de Bogotá,5,0,H,,,
Colombia,Primera A,2023 - Clausura,14/09/2023,21:30,Tolima,Independiente Medellín,1,1,D,,,
Colombia,Primera A,2023 - Clausura,14/09/2023,22:45,Águilas Doradas,Unión Magdalena,2,1,H,,,
Colombia,Primera A,2023 - Clausura,14/09/2023,23:40,Deportivo Cali,Independiente Valle del Cauca,1,0,H,,,
Colombia,Primera A,2023 - Clausura,15/09/2023,01:50,Alianza FC,Junior FC,1,5,A,,,
Colombia,Primera A,2023 - Clausura,15/09/2023,23:15,Once Caldas,Envigado,0,0,D,,,
Colombia,Primera A,2023 - Clausura,16/09/2023,01:30,Millonarios,Bucaramanga,3,0,H,,,
Colombia,Primera A,2023 - Clausura,17/09/2023,01:15,América de Cali,Chicó FC,5,0,H,,,
Colombia,Primera A,2023 - Clausura,17/09/2023,21:00,Santa Fe,Alianza FC,0,1,A,,,
Colombia,Primera A,2023 - Clausura,17/09/2023,23:10,Junior FC,Atlético Nacional,1,1,D,,,
Colombia,Primera A,2023 - Clausura,18/09/2023,00:00,Independiente Valle del Cauca,Águilas Doradas,1,1,D,,,
Colombia,Primera A,2023 - Clausura,18/09/2023,01:20,Deportivo Pasto,Tolima,1,2,A,,,
Colombia,Primera A,2023 - Clausura,18/09/2023,21:00,Envigado,CD Jaguares,1,0,H,,,
Colombia,Primera A,2023 - Clausura,18/09/2023,21:30,Unión Magdalena,Once Caldas,1,1,D,,,
Colombia,Primera A,2023 - Clausura,18/09/2023,23:40,Bucaramanga,Deportivo Pereira,1,1,D,,,
Colombia,Primera A,2023 - Clausura,19/09/2023,01:50,Independiente Medellín,Millonarios,1,1,D,,,
Colombia,Primera A,2023 - Clausura,20/09/2023,01:20,Internacional de Bogotá,Deportivo Cali,1,1,D,,,
Colombia,Primera A,2023 - Clausura,20/09/2023,21:00,Chicó FC,Junior FC,2,1,H,,,
Colombia,Primera A,2023 - Clausura,20/09/2023,23:10,Águilas Doradas,América de Cali,2,2,D,,,
Colombia,Primera A,2023 - Clausura,21/09/2023,01:20,Atlético Nacional,Santa Fe,3,0,H,,,
Colombia,Primera A,2023 - Clausura,21/09/2023,21:00,Deportivo Pereira,Unión Magdalena,1,2,A,,,
Colombia,Primera A,2023 - Clausura,21/09/2023,22:45,Tolima,Envigado,2,0,H,,,
Colombia,Primera A,2023 - Clausura,21/09/2023,23:10,Bucaramanga,Deportivo Pasto,0,2,A,,,
Colombia,Primera A,2023 - Clausura,22/09/2023,01:20,Millonarios,Independiente Valle del Cauca,2,1,H,,,
Colombia,Primera A,2023 - Clausura,22/09/2023,21:30,CD Jaguares,Alianza FC,0,0,D,,,
Colombia,Primera A,2023 - Clausura,22/09/2023,23:40,Once Caldas,Internacional de Bogotá,1,1,D,,,
Colombia,Primera A,2023 - Clausura,23/09/2023,01:50,Deportivo Cali,Independiente Medellín,2,2,D,,,
Colombia,Primera A,2023 - Clausura,23/09/2023,21:00,Chicó FC,Águilas Doradas,0,1,A,,,
Colombia,Primera A,2023 - Clausura,24/09/2023,01:20,América de Cali,Atlético Nacional,4,1,H,,,
Colombia,Primera A,2023 - Clausura,24/09/2023,23:10,Santa Fe,Deportivo Pereira,1,0,H,,,
Colombia,Primera A,2023 - Clausura,25/09/2023,01:20,Junior FC,Tolima,0,1,A,,,
Colombia,Primera A,2023 - Clausura,25/09/2023,15:00,Envigado,Millonarios,1,2,A,,,
Colombia,Primera A,2023 - Clausura,25/09/2023,21:15,Internacional de Bogotá,CD Jaguares,2,0,H,,,
Colombia,Primera A,2023 - Clausura,25/09/2023,23:25,Alianza FC,Once Caldas,2,1,H,,,
Colombia,Primera A,2023 - Clausura,26/09/2023,01:35,Independiente Medellín,Bucaramanga,2,0,H,,,
Colombia,Primera A,2023 - Clausura,26/09/2023,23:15,Unión Magdalena,Deportivo Cali,3,4,A,,,
Colombia,Primera A,2023 - Clausura,27/09/2023,01:30,Deportivo Pasto,Independiente Valle del Cauca,1,0,H,,,
Colombia,Primera A,2023 - Clausura,29/09/2023,23:00,CD Jaguares,Junior FC,0,0,D,,,
Colombia,Primera A,2023 - Clausura,30/09/2023,01:10,Tolima,Chicó FC,2,0,H,,,
Colombia,Primera A,2023 - Clausura,30/09/2023,21:00,Bucaramanga,Santa Fe,1,1,D,,,
Colombia,Primera A,2023 - Clausura,30/09/2023,23:10,Atlético Nacional,Envigado,3,0,H,,,
Colombia,Primera A,2023 - Clausura,01/10/2023,00:00,Águilas Doradas,Deportivo Pasto,3,0,H,,,
Colombia,Primera A,2023 - Clausura,01/10/2023,01:20,Deportivo Pereira,América de Cali,2,4,A,,,
Colombia,Primera A,2023 - Clausura,01/10/2023,21:00,Once Caldas,Independiente Medellín,2,2,D,,,
Colombia,Primera A,2023 - Clausura,02/10/2023,00:30,Deportivo Cali,Alianza FC,1,0,H,,,
Colombia,Primera A,2023 - Clausura,03/10/2023,01:10,Independiente Valle del Cauca,Internacional de Bogotá,1,1,D,,,
Colombia,Primera A,2023 - Clausura,06/10/2023,23:00,CD Jaguares,Tolima,0,1,A,,,
Colombia,Primera A,2023 - Clausura,07/10/2023,01:10,Junior FC,Deportivo Cali,3,2,H,,,
Colombia,Primera A,2023 - Clausura,07/10/2023,21:00,Envigado,Deportivo Pereira,2,3,A,,,
Colombia,Primera A,2023 - Clausura,07/10/2023,23:10,Unión Magdalena,Atlético Nacional,2,1,H,,,
Colombia,Primera A,2023 - Clausura,08/10/2023,01:20,Santa Fe,Águilas Doradas,0,5,A,,,
Colombia,Primera A,2023 - Clausura,08/10/2023,21:00,Internacional de Bogotá,Deportivo Pasto,1,0,H,,,
Colombia,Primera A,2023 - Clausura,08/10/2023,23:10,Independiente Medellín,Independiente Valle del Cauca,2,0,H,,,
Colombia,Primera A,2023 - Clausura,09/10/2023,01:20,Chicó FC,Once Caldas,2,1,H,,,
Colombia,Primera A,2023 - Clausura,11/10/2023,01:00,Alianza FC,Bucaramanga,1,0,H,,,
Colombia,Primera A,2023 - Clausura,11/10/2023,23:15,Deportivo Cali,Tolima,2,0,H,,,
Colombia,Primera A,2023 - Clausura,12/10/2023,01:30,Deportivo Pereira,Águilas Doradas,0,0,D,,,
Colombia,Primera A,2023 - Clausura,13/10/2023,23:00,Deportivo Pasto,Unión Magdalena,3,1,H,,,
Colombia,Primera A,2023 - Clausura,14/10/2023,01:10,Once Caldas,CD Jaguares,0,0,D,,,
Colombia,Primera A,2023 - Clausura,14/10/2023,21:00,Deportivo Pereira,Internacional de Bogotá,1,0,H,,,
Colombia,Primera A,2023 - Clausura,14/10/2023,23:10,Atlético Nacional,Independiente Medellín,1,2,A,,,
Colombia,Primera A,2023 - Clausura,15/10/2023,01:20,Millonarios,Junior FC,1,0,H,,,
Colombia,Primera A,2023 - Clausura,15/10/2023,21:00,Águilas Doradas,Alianza FC,3,0,H,,,
Colombia,Primera A,2023 - Clausura,15/10/2023,23:10,Deportivo Cali,América de Cali,0,0,D,,,
Colombia,Primera A,2023 - Clausura,16/10/2023,01:20,Tolima,Santa Fe,1,0,H,,,
Colombia,Primera A,2023 - Clausura,16/10/2023,23:05,Independiente Valle del Cauca,Envigado,3,3,D,,,
Colombia,Primera A,2023 - Clausura,17/10/2023,01:15,Bucaramanga,Chicó FC,1,0,H,,,
Colombia,Primera A,2023 - Clausura,19/10/2023,01:00,Millonarios,Unión Magdalena,1,1,D,,,
Colombia,Primera A,2023 - Clausura,20/10/2023,21:00,Envigado,Deportivo Cali,3,0,H,,,
Colombia,Primera A,2023 - Clausura,20/10/2023,23:10,CD Jaguares,Deportivo Pasto,1,0,H,,,
Colombia,Primera A,2023 - Clausura,21/10/2023,01:20,Internacional de Bogotá,Águilas Doradas,1,1,D,,,
Colombia,Primera A,2023 - Clausura,21/10/2023,21:00,Santa Fe,Millonarios,2,3,A,,,
Colombia,Primera A,2023 - Clausura,21/10/2023,23:10,Unión Magdalena,Bucaramanga,1,2,A,,,
Colombia,Primera A,2023 - Clausura,22/10/2023,01:20,Junior FC,Once Caldas,1,0,H,,,
Colombia,Primera A,2023 - Clausura,22/10/2023,21:00,Chicó FC,Atlético Nacional,1,3,A,,,
Colombia,Primera A,2023 - Clausura,22/10/2023,23:10,Independiente Medellín,Deportivo Pereira,1,0,H,,,
Colombia,Primera A,2023 - Clausura,23/10/2023,01:20,Alianza FC,Tolima,0,1,A,,,
Colombia,Primera A,2023 - Clausura,24/10/2023,01:00,América de Cali,Independiente Valle del Cauca,1,0,H,,,
Colombia,Primera A,2023 - Clausura,24/10/2023,23:00,Águilas Doradas,Envigado,3,1,H,,,
Colombia,Primera A,2023 - Clausura,25/10/2023,01:10,Deportivo Cali,CD Jaguares,2,0,H,,,
Colombia,Primera A,2023 - Clausura,25/10/2023,21:00,Bucaramanga,Internacional de Bogotá,2,3,A,,,
Colombia,Primera A,2023 - Clausura,25/10/2023,23:10,Deportivo Pereira,Junior FC,0,2,A,,,
Colombia,Primera A,2023 - Clausura,26/10/2023,01:20,Millonarios,Chicó FC,1,1,D,,,
Colombia,Primera A,2023 - Clausura,26/10/2023,21:00,Deportivo Pasto,Independiente Medellín,0,0,D,,,
Colombia,Primera A,2023 - Clausura,26/10/2023,23:10,Once Caldas,América de Cali,1,1,D,,,
Colombia,Primera A,2023 - Clausura,27/10/2023,01:20,Atlético Nacional,Alianza FC,2,0,H,,,
Colombia,Primera A,2023 - Clausura,27/10/2023,23:00,Independiente Valle del Cauca,Santa Fe,2,2,D,,,
Colombia,Primera A,2023 - Clausura,28/10/2023,01:10,Tolima,Unión Magdalena,2,1,H,,,
Colombia,Primera A,2023 - Clausura,31/10/2023,01:00,América de Cali,Millonarios,1,0,H,,,
Colombia,Primera A,2023 - Clausura,08/11/2023,00:30,Alianza FC,Deportivo Pereira,2,1,H,,,
Colombia,Primera A,2023 - Clausura,08/11/2023,00:30,Chicó FC,Deportivo Cali,1,1,D,,,
Colombia,Primera A,2023 - Clausura,08/11/2023,00:30,Envigado,Deportivo Pasto,1,1,D,,,
Colombia,Primera A,2023 - Clausura,08/11/2023,00:30,Junior FC,Independiente Valle del Cauca,2,0,H,,,
Colombia,Primera A,2023 - Clausura,08/11/2023,00:30,Santa Fe,Once Caldas,0,1,A,,,
Colombia,Primera A,2023 - Clausura,09/11/2023,00:30,América de Cali,Bucaramanga,1,2,A,,,
Colombia,Primera A,2023 - Clausura,09/11/2023,00:30,Atlético Nacional,Tolima,2,3,A,,,
Colombia,Primera A,2023 - Clausura,09/11/2023,00:30,CD Jaguares,Águilas Doradas,0,1,A,,,
Colombia,Primera A,2023 - Clausura,09/11/2023,00:30,Internacional de Bogotá,Millonarios,2,1,H,,,
Colombia,Primera A,2023 - Clausura,09/11/2023,00:30,Unión Magdalena,Independiente Medellín,0,4,A,,,
Colombia,Primera A,2023 - Clausura,12/11/2023,22:00,Atlético Nacional,Millonarios,0,1,A,,,
Colombia,Primera A,2023 - Clausura,13/11/2023,00:30,América de Cali,Independiente Medellín,1,2,A,,,
Colombia,Primera A,2023 - Clausura,13/11/2023,22:00,Deportivo Cali,Águilas Doradas,1,1,D,,,
Colombia,Primera A,2023 - Clausura,14/11/2023,01:00,Tolima,Junior FC,3,1,H,,,
Colombia,Primera A,2023 - Clausura,18/11/2023,22:00,Águilas Doradas,Tolima,0,4,A,,,
Colombia,Primera A,2023 - Clausura,19/11/2023,00:30,Junior FC,Deportivo Cali,3,0,H,,,
Colombia,Primera A,2023 - Clausura,19/11/2023,21:00,Millonarios,América de Cali,2,1,H,,,
Colombia,Primera A,2023 - Clausura,19/11/2023,23:30,Independiente Medellín,Atlético Nacional,2,1,H,,,
Colombia,Primera A,2023 - Clausura,25/11/2023,22:00,Tolima,Deportivo Cali,4,2,H,,,
Colombia,Primera A,2023 - Clausura,26/11/2023,00:30,Junior FC,Águilas Doradas,3,1,H,,,
Colombia,Primera A,2023 - Clausura,26/11/2023,21:00,Millonarios,Independiente Medellín,1,0,H,,,
Colombia,Primera A,2023 - Clausura,26/11/2023,23:30,Atlético Nacional,América de Cali,1,0,H,,,
Colombia,Primera A,2023 - Clausura,29/11/2023,23:15,Águilas Doradas,Junior FC,1,1,D,,,
Colombia,Primera A,2023 - Clausura,30/11/2023,01:30,Deportivo Cali,Tolima,0,2,A,,,
Colombia,Primera A,2023 - Clausura,30/11/2023,23:15,América de Cali,Atlético Nacional,0,1,A,,,
Colombia,Primera A,2023 - Clausura,01/12/2023,01:30,Independiente Medellín,Millonarios,2,1,H,,,
Colombia,Primera A,2023 - Clausura,02/12/2023,23:00,Tolima,Águilas Doradas,0,1,A,,,
Colombia,Primera A,2023 - Clausura,03/12/2023,01:15,Deportivo Cali,Junior FC,0,2,A,,,
Colombia,Primera A,2023 - Clausura,03/12/2023,20:30,Atlético Nacional,Independiente Medellín,0,5,A,,,
Colombia,Primera A,2023 - Clausura,04/12/2023,00:00,América de Cali,Millonarios,1,0,H,,,
Colombia,Primera A,2023 - Clausura,06/12/2023,23:00,Águilas Doradas,Deportivo Cali,3,1,H,,,
Colombia,Primera A,2023 - Clausura,06/12/2023,23:00,Millonarios,Atlético Nacional,0,1,A,,,
Colombia,Primera A,2023 - Clausura,07/12/2023,01:15,Independiente Medellín,América de Cali,2,1,H,,,
Colombia,Primera A,2023 - Clausura,07/12/2023,01:15,Junior FC,Tolima,4,2,H,,,
Colombia,Primera A,2023 - Clausura,10/12/2023,21:00,Junior FC,Independiente Medellín,3,2,H,,,
Colombia,Primera A,2023 - Clausura,14/12/2023,01:00,Independiente Medellín,Junior FC,2,1,H,,,
Colombia,Primera A,2023 - Apertura,25/01/2023,01:00,Bucaramanga,Envigado,0,0,D,,,
Colombia,Primera A,2023 - Apertura,25/01/2023,20:10,Unión Magdalena,Independiente Valle del Cauca,2,1,H,,,
Colombia,Primera A,2023 - Apertura,25/01/2023,22:20,Águilas Doradas,Junior FC,1,1,D,,,
Colombia,Primera A,2023 - Apertura,26/01/2023,21:00,Chicó FC,Alianza FC,2,0,H,,,
Colombia,Primera A,2023 - Apertura,26/01/2023,23:10,Tolima,América de Cali,2,1,H,,,
Colombia,Primera A,2023 - Apertura,27/01/2023,01:35,Atlético Nacional,Once Caldas,1,0,H,,,
Colombia,Primera A,2023 - Apertura,27/01/2023,22:20,CD Jaguares,Santa Fe,2,2,D,,,
Colombia,Primera A,2023 - Apertura,28/01/2023,20:10,Envigado,Internacional de Bogotá,1,1,D,,,
Colombia,Primera A,2023 - Apertura,28/01/2023,22:20,Independiente Valle del Cauca,Bucaramanga,1,2,A,,,
Colombia,Primera A,2023 - Apertura,29/01/2023,20:10,Atlético Nacional,Águilas Doradas,0,0,D,,,
Colombia,Primera A,2023 - Apertura,29/01/2023,22:20,Deportivo Pereira,Millonarios,2,3,A,,,
Colombia,Primera A,2023 - Apertura,30/01/2023,00:30,Junior FC,Independiente Medellín,1,1,D,,,
Colombia,Primera A,2023 - Apertura,31/01/2023,01:10,Once Caldas,Tolima,1,1,D,,,
Colombia,Primera A,2023 - Apertura,31/01/2023,21:00,Chicó FC,CD Jaguares,1,0,H,,,
Colombia,Primera A,2023 - Apertura,31/01/2023,23:10,América de Cali,Unión Magdalena,4,0,H,,,
Colombia,Primera A,2023 - Apertura,03/02/2023,23:00,Deportivo Pereira,Independiente Valle del Cauca,2,1,H,,,
Colombia,Primera A,2023 - Apertura,04/02/2023,20:30,Independiente Medellín,Santa Fe,1,1,D,,,
Colombia,Primera A,2023 - Apertura,04/02/2023,22:45,CD Jaguares,Atlético Nacional,2,1,H,,,
Colombia,Primera A,2023 - Apertura,05/02/2023,01:00,Deportivo Pasto,América de Cali,2,4,A,,,
Colombia,Primera A,2023 - Apertura,05/02/2023,20:15,Deportivo Cali,Once Caldas,0,0,D,,,
Colombia,Primera A,2023 - Apertura,05/02/2023,22:30,Bucaramanga,Junior FC,1,0,H,,,
Colombia,Primera A,2023 - Apertura,06/02/2023,00:45,Unión Magdalena,Envigado,1,1,D,,,
Colombia,Primera A,2023 - Apertura,06/02/2023,23:00,Águilas Doradas,Tolima,4,2,H,,,
Colombia,Primera A,2023 - Apertura,09/02/2023,23:05,Junior FC,Unión Magdalena,0,0,D,,,
Colombia,Primera A,2023 - Apertura,10/02/2023,23:00,Alianza FC,Independiente Valle del Cauca,2,0,H,,,
Colombia,Primera A,2023 - Apertura,11/02/2023,01:10,CD Jaguares,Bucaramanga,1,1,D,,,
Colombia,Primera A,2023 - Apertura,11/02/2023,19:00,Envigado,Independiente Medellín,2,1,H,,,
Colombia,Primera A,2023 - Apertura,11/02/2023,23:20,Once Caldas,Águilas Doradas,1,2,A,,,
Colombia,Primera A,2023 - Apertura,12/02/2023,01:30,América de Cali,Internacional de Bogotá,1,1,D,,,
Colombia,Primera A,2023 - Apertura,12/02/2023,19:00,Chicó FC,Deportivo Pereira,3,1,H,,,
Colombia,Primera A,2023 - Apertura,13/02/2023,01:10,Atlético Nacional,Deportivo Cali,1,1,D,,,
Colombia,Primera A,2023 - Apertura,15/02/2023,01:00,Santa Fe,Deportivo Pasto,0,2,A,,,
Colombia,Primera A,2023 - Apertura,16/02/2023,01:00,Internacional de Bogotá,Independiente Medellín,2,1,H,,,
Colombia,Primera A,2023 - Apertura,18/02/2023,01:00,Independiente Valle del Cauca,Tolima,0,0,D,,,
Colombia,Primera A,2023 - Apertura,18/02/2023,19:00,Envigado,Alianza FC,0,0,D,,,
Colombia,Primera A,2023 - Apertura,18/02/2023,21:10,Independiente Medellín,América de Cali,0,1,A,,,
Colombia,Primera A,2023 - Apertura,18/02/2023,23:20,Millonarios,CD Jaguares,2,1,H,,,
Colombia,Primera A,2023 - Apertura,19/02/2023,01:30,Deportivo Pasto,Junior FC,1,0,H,,,
Colombia,Primera A,2023 - Apertura,19/02/2023,19:00,Deportivo Pereira,Once Caldas,3,1,H,,,
Colombia,Primera A,2023 - Apertura,19/02/2023,21:10,Internacional de Bogotá,Santa Fe,0,1,A,,,
Colombia,Primera A,2023 - Apertura,20/02/2023,00:30,Bucaramanga,Atlético Nacional,1,1,D,,,
Colombia,Primera A,2023 - Apertura,21/02/2023,01:05,Deportivo Cali,Águilas Doradas,1,1,D,,,
Colombia,Primera A,2023 - Apertura,25/02/2023,01:00,Águilas Doradas,Bucaramanga,1,0,H,,,
Colombia,Primera A,2023 - Apertura,25/02/2023,21:00,Junior FC,Internacional de Bogotá,1,0,H,,,
Colombia,Primera A,2023 - Apertura,25/02/2023,23:10,CD Jaguares,Deportivo Pereira,2,0,H,,,
Colombia,Primera A,2023 - Apertura,26/02/2023,01:20,América de Cali,Envigado,1,0,H,,,
Colombia,Primera A,2023 - Apertura,26/02/2023,19:00,Santa Fe,Unión Magdalena,0,0,D,,,
Colombia,Primera A,2023 - Apertura,26/02/2023,21:10,Once Caldas,Millonarios,1,0,H,,,
Colombia,Primera A,2023 - Apertura,26/02/2023,23:20,Tolima,Deportivo Cali,1,2,A,,,
Colombia,Primera A,2023 - Apertura,27/02/2023,01:30,Alianza FC,Independiente Medellín,0,1,A,,,
Colombia,Primera A,2023 - Apertura,27/02/2023,22:00,Atlético Nacional,Independiente Valle del Cauca,3,1,H,,,
Colombia,Primera A,2023 - Apertura,27/02/2023,23:00,Chicó FC,Deportivo Pasto,1,1,D,,,
Colombia,Primera A,2023 - Apertura,01/03/2023,23:00,Deportivo Cali,Deportivo Pereira,0,1,A,,,
Colombia,Primera A,2023 - Apertura,04/03/2023,01:10,Bucaramanga,Once Caldas,0,1,A,,,
Colombia,Primera A,2023 - Apertura,04/03/2023,19:00,Internacional de Bogotá,Alianza FC,1,1,D,,,
Colombia,Primera A,2023 - Apertura,04/03/2023,21:10,Envigado,Santa Fe,3,2,H,,,
Colombia,Primera A,2023 - Apertura,04/03/2023,23:20,Unión Magdalena,CD Jaguares,1,1,D,,,
Colombia,Primera A,2023 - Apertura,05/03/2023,01:30,Independiente Medellín,Águilas Doradas,3,0,H,,,
Colombia,Primera A,2023 - Apertura,05/03/2023,20:30,Millonarios,Deportivo Cali,2,0,H,,,
Colombia,Primera A,2023 - Apertura,05/03/2023,22:40,Deportivo Pasto,Atlético Nacional,0,1,A,,,
Colombia,Primera A,2023 - Apertura,06/03/2023,00:50,Deportivo Pereira,Tolima,1,1,D,,,
Colombia,Primera A,2023 - Apertura,07/03/2023,01:00,Independiente Valle del Cauca,Chicó FC,3,2,H,,,
Colombia,Primera A,2023 - Apertura,10/03/2023,01:00,Alianza FC,Deportivo Pasto,3,1,H,,,
Colombia,Primera A,2023 - Apertura,11/03/2023,00:40,CD Jaguares,Independiente Valle del Cauca,1,2,A,,,
Colombia,Primera A,2023 - Apertura,11/03/2023,21:00,Deportivo Cali,Bucaramanga,1,1,D,,,
Colombia,Primera A,2023 - Apertura,11/03/2023,23:10,Atlético Nacional,Millonarios,0,0,D,,,
Colombia,Primera A,2023 - Apertura,12/03/2023,01:20,Chicó FC,Independiente Medellín,2,0,H,,,
Colombia,Primera A,2023 - Apertura,12/03/2023,21:00,Águilas Doradas,Deportivo Pereira,2,1,H,,,
Colombia,Primera A,2023 - Apertura,12/03/2023,23:10,Junior FC,Envigado,1,2,A,,,
Colombia,Primera A,2023 - Apertura,13/03/2023,01:20,Alianza FC,Unión Magdalena,2,1,H,,,
Colombia,Primera A,2023 - Apertura,14/03/2023,01:10,Once Caldas,Deportivo Pasto,0,1,A,,,
Colombia,Primera A,2023 - Apertura,14/03/2023,23:00,Tolima,Internacional de Bogotá,1,0,H,,,
Colombia,Primera A,2023 - Apertura,15/03/2023,01:10,Santa Fe,América de Cali,2,0,H,,,
Colombia,Primera A,2023 - Apertura,18/03/2023,01:00,Deportivo Pereira,Atlético Nacional,0,2,A,,,
Colombia,Primera A,2023 - Apertura,18/03/2023,19:00,Envigado,Chicó FC,0,1,A,,,
Colombia,Primera A,2023 - Apertura,18/03/2023,21:10,Internacional de Bogotá,Unión Magdalena,0,0,D,,,
Colombia,Primera A,2023 - Apertura,18/03/2023,23:20,Deportivo Pasto,Deportivo Cali,2,1,H,,,
Colombia,Primera A,2023 - Apertura,19/03/2023,01:30,Junior FC,Santa Fe,1,1,D,,,
Colombia,Primera A,2023 - Apertura,19/03/2023,20:30,América de Cali,Alianza FC,1,0,H,,,
Colombia,Primera A,2023 - Apertura,19/03/2023,22:45,Millonarios,Águilas Doradas,2,2,D,,,
Colombia,Primera A,2023 - Apertura,20/03/2023,01:00,Independiente Medellín,CD Jaguares,1,0,H,,,
Colombia,Primera A,2023 - Apertura,20/03/2023,23:10,Bucaramanga,Tolima,1,1,D,,,
Colombia,Primera A,2023 - Apertura,21/03/2023,01:20,Independiente Valle del Cauca,Once Caldas,2,1,H,,,
Colombia,Primera A,2023 - Apertura,22/03/2023,15:15,Santa Fe,Deportivo Cali,3,0,H,,,
Colombia,Primera A,2023 - Apertura,23/03/2023,01:00,Millonarios,Deportivo Pasto,2,0,H,,,
Colombia,Primera A,2023 - Apertura,23/03/2023,23:00,Internacional de Bogotá,Chicó FC,2,2,D,,,
Colombia,Primera A,2023 - Apertura,24/03/2023,01:10,América de Cali,Junior FC,2,0,H,,,
Colombia,Primera A,2023 - Apertura,25/03/2023,01:10,Águilas Doradas,Envigado,1,0,H,,,
Colombia,Primera A,2023 - Apertura,25/03/2023,19:00,Once Caldas,Deportivo Pereira,1,1,D,,,
Colombia,Primera A,2023 - Apertura,25/03/2023,21:10,Alianza FC,Bucaramanga,2,0,H,,,
Colombia,Primera A,2023 - Apertura,25/03/2023,23:20,Atlético Nacional,Independiente Medellín,1,1,D,,,
Colombia,Primera A,2023 - Apertura,26/03/2023,01:30,Tolima,Independiente Valle del Cauca,2,1,H,,,
Colombia,Primera A,2023 - Apertura,26/03/2023,20:15,Unión Magdalena,Junior FC,2,2,D,,,
Colombia,Primera A,2023 - Apertura,26/03/2023,22:30,Deportivo Cali,América de Cali,1,1,D,,,
Colombia,Primera A,2023 - Apertura,27/03/2023,00:45,Santa Fe,Millonarios,1,2,A,,,
Colombia,Primera A,2023 - Apertura,28/03/2023,01:05,CD Jaguares,Deportivo Pasto,0,1,A,,,
Colombia,Primera A,2023 - Apertura,29/03/2023,00:15,Chicó FC,Internacional de Bogotá,3,1,H,,,
Colombia,Primera A,2023 - Apertura,30/03/2023,01:00,Tolima,Millonarios,1,1,D,,,
Colombia,Primera A,2023 - Apertura,31/03/2023,23:00,Deportivo Pasto,Deportivo Pereira,0,0,D,,,
Colombia,Primera A,2023 - Apertura,01/04/2023,01:10,Santa Fe,Chicó FC,1,0,H,,,
Colombia,Primera A,2023 - Apertura,01/04/2023,19:00,Envigado,Once Caldas,0,0,D,,,
Colombia,Primera A,2023 - Apertura,01/04/2023,21:10,Independiente Medellín,Tolima,1,1,D,,,
Colombia,Primera A,2023 - Apertura,01/04/2023,23:20,Internacional de Bogotá,Atlético Nacional,0,0,D,,,
Colombia,Primera A,2023 - Apertura,02/04/2023,01:30,Bucaramanga,Millonarios,0,2,A,,,
Colombia,Primera A,2023 - Apertura,02/04/2023,21:00,América de Cali,CD Jaguares,0,0,D,,,
Colombia,Primera A,2023 - Apertura,02/04/2023,23:10,Unión Magdalena,Águilas Doradas,3,1,H,,,
Colombia,Primera A,2023 - Apertura,03/04/2023,01:20,Independiente Valle del Cauca,Deportivo Cali,1,0,H,,,
Colombia,Primera A,2023 - Apertura,04/04/2023,01:10,Junior FC,Alianza FC,1,0,H,,,
Colombia,Primera A,2023 - Apertura,07/04/2023,22:00,Águilas Doradas,Independiente Valle del Cauca,2,1,H,,,
Colombia,Primera A,2023 - Apertura,08/04/2023,19:00,Once Caldas,Unión Magdalena,1,1,D,,,
Colombia,Primera A,2023 - Apertura,08/04/2023,21:10,CD Jaguares,Envigado,2,0,H,,,
Colombia,Primera A,2023 - Apertura,08/04/2023,23:20,Deportivo Cali,Internacional de Bogotá,0,0,D,,,
Colombia,Primera A,2023 - Apertura,09/04/2023,01:30,Millonarios,Independiente Medellín,2,1,H,,,
Colombia,Primera A,2023 - Apertura,09/04/2023,19:00,Deportivo Pereira,Bucaramanga,1,1,D,,,
Colombia,Primera A,2023 - Apertura,09/04/2023,23:20,Alianza FC,Santa Fe,3,1,H,,,
Colombia,Primera A,2023 - Apertura,10/04/2023,23:00,Atlético Nacional,Junior FC,0,1,A,,,
Colombia,Primera A,2023 - Apertura,11/04/2023,01:05,Tolima,Deportivo Pasto,3,1,H,,,
Colombia,Primera A,2023 - Apertura,11/04/2023,21:00,Internacional de Bogotá,Once Caldas,4,1,H,,,
Colombia,Primera A,2023 - Apertura,11/04/2023,23:10,Independiente Valle del Cauca,Millonarios,1,1,D,,,
Colombia,Primera A,2023 - Apertura,12/04/2023,01:20,América de Cali,Águilas Doradas,1,3,A,,,
Colombia,Primera A,2023 - Apertura,12/04/2023,20:30,Unión Magdalena,Deportivo Pereira,0,3,A,,,
Colombia,Primera A,2023 - Apertura,13/04/2023,01:00,Independiente Medellín,Deportivo Cali,3,0,H,,,
Colombia,Primera A,2023 - Apertura,13/04/2023,20:30,Envigado,Tolima,2,1,H,,,
Colombia,Primera A,2023 - Apertura,13/04/2023,23:00,Deportivo Pasto,Bucaramanga,1,0,H,,,
Colombia,Primera A,2023 - Apertura,14/04/2023,01:10,Junior FC,Chicó FC,1,1,D,,,
Colombia,Primera A,2023 - Apertura,15/04/2023,01:05,Alianza FC,CD Jaguares,3,0,H,,,
Colombia,Primera A,2023 - Apertura,15/04/2023,23:00,Deportivo Cali,Unión Magdalena,2,1,H,,,
Colombia,Primera A,2023 - Apertura,16/04/2023,01:10,Deportivo Pereira,Santa Fe,2,2,D,,,
Colombia,Primera A,2023 - Apertura,16/04/2023,19:00,Bucaramanga,Independiente Medellín,1,2,A,,,
Colombia,Primera A,2023 - Apertura,16/04/2023,21:10,Tolima,Junior FC,0,1,A,,,
Colombia,Primera A,2023 - Apertura,17/04/2023,01:30,Águilas Doradas,Chicó FC,2,0,H,,,
Colombia,Primera A,2023 - Apertura,18/04/2023,00:40,Independiente Valle del Cauca,Deportivo Pasto,1,1,D,,,
Colombia,Primera A,2023 - Apertura,18/04/2023,23:00,Once Caldas,Alianza FC,1,2,A,,,
Colombia,Primera A,2023 - Apertura,19/04/2023,01:10,CD Jaguares,Internacional de Bogotá,1,1,D,,,
Colombia,Primera A,2023 - Apertura,20/04/2023,01:00,Chicó FC,América de Cali,1,1,D,,,
Colombia,Primera A,2023 - Apertura,22/04/2023,00:40,Deportivo Pasto,Águilas Doradas,0,0,D,,,
Colombia,Primera A,2023 - Apertura,22/04/2023,19:00,Internacional de Bogotá,Independiente Valle del Cauca,2,1,H,,,
Colombia,Primera A,2023 - Apertura,22/04/2023,21:10,Alianza FC,Deportivo Cali,0,3,A,,,
Colombia,Primera A,2023 - Apertura,22/04/2023,23:20,Junior FC,CD Jaguares,1,0,H,,,
Colombia,Primera A,2023 - Apertura,23/04/2023,01:30,Santa Fe,Bucaramanga,3,0,H,,,
Colombia,Primera A,2023 - Apertura,23/04/2023,21:00,Envigado,Atlético Nacional,0,0,D,,,
Colombia,Primera A,2023 - Apertura,23/04/2023,23:10,Unión Magdalena,Millonarios,1,1,D,,,
Colombia,Primera A,2023 - Apertura,24/04/2023,01:20,Chicó FC,Tolima,2,0,H,,,
Colombia,Primera A,2023 - Apertura,25/04/2023,01:10,América de Cali,Deportivo Pereira,2,1,H,,,
Colombia,Primera A,2023 - Apertura,25/04/2023,21:00,Bucaramanga,Alianza FC,1,1,D,,,
Colombia,Primera A,2023 - Apertura,25/04/2023,23:10,Deportivo Pasto,Internacional de Bogotá,1,1,D,,,
Colombia,Primera A,2023 - Apertura,26/04/2023,01:20,Independiente Valle del Cauca,Independiente Medellín,2,3,A,,,
Colombia,Primera A,2023 - Apertura,26/04/2023,19:00,Once Caldas,Chicó FC,1,1,D,,,
Colombia,Primera A,2023 - Apertura,26/04/2023,21:10,Tolima,CD Jaguares,1,1,D,,,
Colombia,Primera A,2023 - Apertura,26/04/2023,23:20,Águilas Doradas,Santa Fe,3,1,H,,,
Colombia,Primera A,2023 - Apertura,27/04/2023,01:30,Atlético Nacional,Unión Magdalena,2,0,H,,,
Colombia,Primera A,2023 - Apertura,27/04/2023,21:00,Deportivo Pereira,Envigado,0,0,D,,,
Colombia,Primera A,2023 - Apertura,27/04/2023,23:10,Deportivo Cali,Junior FC,3,2,H,,,
Colombia,Primera A,2023 - Apertura,28/04/2023,01:20,Millonarios,América de Cali,4,3,H,,,
Colombia,Primera A,2023 - Apertura,29/04/2023,19:00,Santa Fe,Tolima,2,0,H,,,
Colombia,Primera A,2023 - Apertura,29/04/2023,21:10,Unión Magdalena,Deportivo Pasto,2,1,H,,,
Colombia,Primera A,2023 - Apertura,29/04/2023,23:20,Alianza FC,Águilas Doradas,2,1,H,,,
Colombia,Primera A,2023 - Apertura,30/04/2023,01:30,Independiente Medellín,Atlético Nacional,1,3,A,,,
Colombia,Primera A,2023 - Apertura,30/04/2023,19:00,Internacional de Bogotá,Deportivo Pereira,2,0,H,,,
Colombia,Primera A,2023 - Apertura,30/04/2023,21:10,Junior FC,Millonarios,1,0,H,,,
Colombia,Primera A,2023 - Apertura,30/04/2023,23:20,América de Cali,Deportivo Cali,5,2,H,,,
Colombia,Primera A,2023 - Apertura,01/05/2023,01:30,Chicó FC,Bucaramanga,0,0,D,,,
Colombia,Primera A,2023 - Apertura,01/05/2023,20:00,Envigado,Independiente Valle del Cauca,0,1,A,,,
Colombia,Primera A,2023 - Apertura,01/05/2023,22:15,CD Jaguares,Once Caldas,1,0,H,,,
Colombia,Primera A,2023 - Apertura,04/05/2023,23:05,Millonarios,Envigado,1,1,D,,,
Colombia,Primera A,2023 - Apertura,05/05/2023,01:15,Atlético Nacional,América de Cali,2,1,H,,,
Colombia,Primera A,2023 - Apertura,05/05/2023,23:30,Águilas Doradas,Internacional de Bogotá,1,1,D,,,
Colombia,Primera A,2023 - Apertura,06/05/2023,21:05,Bucaramanga,Unión Magdalena,3,0,H,,,
Colombia,Primera A,2023 - Apertura,06/05/2023,23:15,Tolima,Alianza FC,2,1,H,,,
Colombia,Primera A,2023 - Apertura,07/05/2023,01:25,Once Caldas,Junior FC,2,0,H,,,
Colombia,Primera A,2023 - Apertura,07/05/2023,19:00,Deportivo Pereira,Independiente Medellín,3,1,H,,,
Colombia,Primera A,2023 - Apertura,07/05/2023,21:10,Atlético Nacional,Chicó FC,3,1,H,,,
Colombia,Primera A,2023 - Apertura,07/05/2023,23:20,Millonarios,Santa Fe,1,0,H,,,
Colombia,Primera A,2023 - Apertura,08/05/2023,01:30,Deportivo Pasto,CD Jaguares,4,0,H,,,
Colombia,Primera A,2023 - Apertura,08/05/2023,23:15,Deportivo Cali,Envigado,2,0,H,,,
Colombia,Primera A,2023 - Apertura,09/05/2023,01:30,Independiente Valle del Cauca,América de Cali,0,2,A,,,
Colombia,Primera A,2023 - Apertura,10/05/2023,23:00,Unión Magdalena,Chicó FC,0,0,D,,,
Colombia,Primera A,2023 - Apertura,11/05/2023,01:10,Millonarios,Alianza FC,3,1,H,,,
Colombia,Primera A,2023 - Apertura,11/05/2023,23:00,Independiente Medellín,Once Caldas,2,2,D,,,
Colombia,Primera A,2023 - Apertura,12/05/2023,01:00,Santa Fe,Atlético Nacional,0,2,A,,,
Colombia,Primera A,2023 - Apertura,12/05/2023,21:00,Envigado,Águilas Doradas,1,2,A,,,
Colombia,Primera A,2023 - Apertura,12/05/2023,23:05,CD Jaguares,Deportivo Cali,1,1,D,,,
Colombia,Primera A,2023 - Apertura,13/05/2023,01:15,Internacional de Bogotá,Bucaramanga,1,0,H,,,
Colombia,Primera A,2023 - Apertura,13/05/2023,21:10,Unión Magdalena,Tolima,1,1,D,,,
Colombia,Primera A,2023 - Apertura,13/05/2023,23:20,Chicó FC,Millonarios,1,1,D,,,
Colombia,Primera A,2023 - Apertura,14/05/2023,01:30,Junior FC,Deportivo Pereira,0,0,D,,,
Colombia,Primera A,2023 - Apertura,14/05/2023,19:00,Independiente Medellín,Deportivo Pasto,1,0,H,,,
Colombia,Primera A,2023 - Apertura,14/05/2023,21:10,América de Cali,Once Caldas,0,0,D,,,
Colombia,Primera A,2023 - Apertura,14/05/2023,23:20,Alianza FC,Atlético Nacional,2,1,H,,,
Colombia,Primera A,2023 - Apertura,15/05/2023,01:30,Santa Fe,Independiente Valle del Cauca,5,0,H,,,
Colombia,Primera A,2023 - Apertura,18/05/2023,00:00,Águilas Doradas,CD Jaguares,3,0,H,,,
Colombia,Primera A,2023 - Apertura,18/05/2023,00:00,Bucaramanga,América de Cali,2,1,H,,,
Colombia,Primera A,2023 - Apertura,18/05/2023,00:00,Deportivo Cali,Chicó FC,0,0,D,,,
Colombia,Primera A,2023 - Apertura,18/05/2023,00:00,Deportivo Pasto,Envigado,2,1,H,,,
Colombia,Primera A,2023 - Apertura,18/05/2023,00:00,Deportivo Pereira,Alianza FC,2,1,H,,,
Colombia,Primera A,2023 - Apertura,18/05/2023,00:00,Independiente Medellín,Unión Magdalena,4,0,H,,,
Colombia,Primera A,2023 - Apertura,18/05/2023,00:00,Independiente Valle del Cauca,Junior FC,0,2,A,,,
Colombia,Primera A,2023 - Apertura,18/05/2023,00:00,Millonarios,Internacional de Bogotá,0,0,D,,,
Colombia,Primera A,2023 - Apertura,18/05/2023,00:00,Once Caldas,Santa Fe,3,1,H,,,
Colombia,Primera A,2023 - Apertura,18/05/2023,00:00,Tolima,Atlético Nacional,2,2,D,,,
Colombia,Primera A,2023 - Apertura,20/05/2023,22:00,Deportivo Pasto,Atlético Nacional,1,1,D,,,
Colombia,Primera A,2023 - Apertura,21/05/2023,01:00,Independiente Medellín,Millonarios,2,2,D,,,
Colombia,Primera A,2023 - Apertura,21/05/2023,23:00,Chicó FC,América de Cali,1,1,D,,,
Colombia,Primera A,2023 - Apertura,22/05/2023,23:00,Alianza FC,Águilas Doradas,5,3,H,,,
Colombia,Primera A,2023 - Apertura,28/05/2023,01:15,Millonarios,Chicó FC,1,0,H,,,
Colombia,Primera A,2023 - Apertura,28/05/2023,15:00,Águilas Doradas,Deportivo Pasto,0,0,D,,,
Colombia,Primera A,2023 - Apertura,28/05/2023,23:05,Atlético Nacional,Alianza FC,1,1,D,,,
Colombia,Primera A,2023 - Apertura,29/05/2023,01:15,América de Cali,Independiente Medellín,2,0,H,,,
Colombia,Primera A,2023 - Apertura,31/05/2023,23:15,Chicó FC,Independiente Medellín,1,0,H,,,
Colombia,Primera A,2023 - Apertura,01/06/2023,01:30,América de Cali,Millonarios,0,1,A,,,
Colombia,Primera A,2023 - Apertura,01/06/2023,23:15,Deportivo Pasto,Alianza FC,0,0,D,,,
Colombia,Primera A,2023 - Apertura,02/06/2023,01:30,Atlético Nacional,Águilas Doradas,1,0,H,,,
Colombia,Primera A,2023 - Apertura,03/06/2023,23:20,Independiente Medellín,Chicó FC,0,0,D,,,
Colombia,Primera A,2023 - Apertura,04/06/2023,01:30,Millonarios,América de Cali,2,1,H,,,
Colombia,Primera A,2023 - Apertura,04/06/2023,23:05,Águilas Doradas,Atlético Nacional,0,1,A,,,
Colombia,Primera A,2023 - Apertura,05/06/2023,01:15,Alianza FC,Deportivo Pasto,1,0,H,,,
Colombia,Primera A,2023 - Apertura,11/06/2023,00:30,Deportivo Pasto,Águilas Doradas,3,0,H,,,
Colombia,Primera A,2023 - Apertura,11/06/2023,23:30,Chicó FC,Millonarios,2,1,H,,,
Colombia,Primera A,2023 - Apertura,12/06/2023,22:00,Independiente Medellín,América de Cali,0,1,A,,,
Colombia,Primera A,2023 - Apertura,13/06/2023,00:30,Alianza FC,Atlético Nacional,0,0,D,,,
Colombia,Primera A,2023 - Apertura,17/06/2023,22:15,América de Cali,Chicó FC,3,2,H,,,
Colombia,Primera A,2023 - Apertura,17/06/2023,22:15,Millonarios,Independiente Medellín,2,1,H,,,
Colombia,Primera A,2023 - Apertura,18/06/2023,01:00,Águilas Doradas,Alianza FC,1,1,D,,,
Colombia,Primera A,2023 - Apertura,18/06/2023,01:00,Atlético Nacional,Deportivo Pasto,3,2,H,,,
Colombia,Primera A,2023 - Apertura,22/06/2023,01:00,Atlético Nacional,Millonarios,0,0,D,,,
Colombia,Primera A,2023 - Apertura,25/06/2023,00:00,Millonarios,Atlético Nacional,1,1,D,,,
Colombia,Primera A,2022 - Clausura,07/07/2022,21:00,Unión Magdalena,Once Caldas,2,2,D,,,
Colombia,Primera A,2022 - Clausura,07/07/2022,23:05,Deportivo Pereira,Alianza FC,1,2,A,,,
Colombia,Primera A,2022 - Clausura,08/07/2022,01:10,Patriotas,Junior FC,1,0,H,,,
Colombia,Primera A,2022 - Clausura,09/07/2022,20:15,Envigado,América de Cali,0,0,D,,,
Colombia,Primera A,2022 - Clausura,09/07/2022,23:00,Millonarios,Deportivo Pasto,1,1,D,,,
Colombia,Primera A,2022 - Clausura,10/07/2022,19:00,Internacional de Bogotá,Santa Fe,2,2,D,,,
Colombia,Primera A,2022 - Clausura,10/07/2022,23:10,Atlético Nacional,Internacional FC de Palmira,1,1,D,,,
Colombia,Primera A,2022 - Clausura,11/07/2022,01:15,Tolima,Independiente Medellín,1,1,D,,,
Colombia,Primera A,2022 - Clausura,12/07/2022,23:00,Alianza FC,Unión Magdalena,0,1,A,,,
Colombia,Primera A,2022 - Clausura,13/07/2022,01:05,Millonarios,Bucaramanga,0,0,D,,,
Colombia,Primera A,2022 - Clausura,13/07/2022,19:00,Internacional FC de Palmira,CD Jaguares,0,1,A,,,
Colombia,Primera A,2022 - Clausura,13/07/2022,21:05,Deportivo Pasto,Envigado,4,0,H,,,
Colombia,Primera A,2022 - Clausura,13/07/2022,23:10,Once Caldas,Internacional de Bogotá,1,1,D,,,
Colombia,Primera A,2022 - Clausura,14/07/2022,01:15,Junior FC,Atlético Nacional,3,1,H,,,
Colombia,Primera A,2022 - Clausura,14/07/2022,21:00,Águilas Doradas,Santa Fe,2,2,D,,,
Colombia,Primera A,2022 - Clausura,14/07/2022,23:05,Independiente Medellín,Patriotas,1,0,H,,,
Colombia,Primera A,2022 - Clausura,15/07/2022,01:10,Tolima,Deportivo Cali,2,0,H,,,
Colombia,Primera A,2022 - Clausura,16/07/2022,21:00,CD Jaguares,Deportivo Pasto,0,1,A,,,
Colombia,Primera A,2022 - Clausura,16/07/2022,23:05,Atlético Nacional,Millonarios,1,2,A,,,
Colombia,Primera A,2022 - Clausura,17/07/2022,01:10,Internacional de Bogotá,Junior FC,0,0,D,,,
Colombia,Primera A,2022 - Clausura,17/07/2022,19:00,Envigado,Alianza FC,2,2,D,,,
Colombia,Primera A,2022 - Clausura,17/07/2022,21:05,Santa Fe,Internacional FC de Palmira,1,0,H,,,
Colombia,Primera A,2022 - Clausura,18/07/2022,23:00,Unión Magdalena,Tolima,2,1,H,,,
Colombia,Primera A,2022 - Clausura,19/07/2022,01:05,Once Caldas,Águilas Doradas,2,0,H,,,
Colombia,Primera A,2022 - Clausura,20/07/2022,01:00,Deportivo Pereira,Patriotas,2,0,H,,,
Colombia,Primera A,2022 - Clausura,22/07/2022,01:00,Deportivo Cali,Independiente Medellín,2,2,D,,,
Colombia,Primera A,2022 - Clausura,22/07/2022,23:00,Alianza FC,Bucaramanga,3,1,H,,,
Colombia,Primera A,2022 - Clausura,23/07/2022,01:05,Millonarios,Envigado,1,0,H,,,
Colombia,Primera A,2022 - Clausura,23/07/2022,19:00,Águilas Doradas,Internacional de Bogotá,3,0,H,,,
Colombia,Primera A,2022 - Clausura,23/07/2022,21:05,Deportivo Pasto,Unión Magdalena,1,2,A,,,
Colombia,Primera A,2022 - Clausura,23/07/2022,23:10,Junior FC,Santa Fe,2,0,H,,,
Colombia,Primera A,2022 - Clausura,24/07/2022,01:15,Tolima,Atlético Nacional,2,2,D,,,
Colombia,Primera A,2022 - Clausura,24/07/2022,19:45,América de Cali,Internacional FC de Palmira,1,1,D,,,
Colombia,Primera A,2022 - Clausura,24/07/2022,21:50,Independiente Medellín,Once Caldas,1,1,D,,,
Colombia,Primera A,2022 - Clausura,25/07/2022,21:40,Deportivo Pereira,Deportivo Cali,2,1,H,,,
Colombia,Primera A,2022 - Clausura,26/07/2022,21:40,Patriotas,CD Jaguares,0,0,D,,,
Colombia,Primera A,2022 - Clausura,30/07/2022,19:00,Internacional FC de Palmira,Independiente Medellín,1,0,H,,,
Colombia,Primera A,2022 - Clausura,30/07/2022,21:05,CD Jaguares,Alianza FC,2,1,H,,,
Colombia,Primera A,2022 - Clausura,31/07/2022,19:00,Once Caldas,Deportivo Pereira,2,1,H,,,
Colombia,Primera A,2022 - Clausura,31/07/2022,21:05,Águilas Doradas,Junior FC,1,1,D,,,
Colombia,Primera A,2022 - Clausura,31/07/2022,23:10,Unión Magdalena,Millonarios,0,2,A,,,
Colombia,Primera A,2022 - Clausura,01/08/2022,01:15,Internacional de Bogotá,Patriotas,4,3,H,,,
Colombia,Primera A,2022 - Clausura,01/08/2022,23:00,Bucaramanga,Tolima,2,1,H,,,
Colombia,Primera A,2022 - Clausura,02/08/2022,01:05,Atlético Nacional,Deportivo Pasto,3,1,H,,,
Colombia,Primera A,2022 - Clausura,02/08/2022,23:00,Deportivo Cali,Envigado,0,3,A,,,
Colombia,Primera A,2022 - Clausura,03/08/2022,01:05,Santa Fe,América de Cali,1,1,D,,,
Colombia,Primera A,2022 - Clausura,05/08/2022,22:45,Independiente Medellín,Internacional de Bogotá,1,1,D,,,
Colombia,Primera A,2022 - Clausura,06/08/2022,00:50,Patriotas,Internacional FC de Palmira,3,0,H,,,
Colombia,Primera A,2022 - Clausura,06/08/2022,19:00,Envigado,Unión Magdalena,1,2,A,,,
Colombia,Primera A,2022 - Clausura,06/08/2022,21:05,Tolima,CD Jaguares,2,2,D,,,
Colombia,Primera A,2022 - Clausura,06/08/2022,23:10,Alianza FC,Atlético Nacional,0,2,A,,,
Colombia,Primera A,2022 - Clausura,07/08/2022,01:15,Millonarios,Deportivo Cali,4,2,H,,,
Colombia,Primera A,2022 - Clausura,07/08/2022,19:00,Deportivo Pasto,Bucaramanga,1,0,H,,,
Colombia,Primera A,2022 - Clausura,07/08/2022,23:10,Junior FC,Once Caldas,1,2,A,,,
Colombia,Primera A,2022 - Clausura,08/08/2022,01:15,Deportivo Pereira,Santa Fe,0,1,A,,,
Colombia,Primera A,2022 - Clausura,10/08/2022,00:30,América de Cali,Águilas Doradas,2,0,H,,,
Colombia,Primera A,2022 - Clausura,13/08/2022,00:40,Bucaramanga,Unión Magdalena,1,0,H,,,
Colombia,Primera A,2022 - Clausura,13/08/2022,20:15,Internacional FC de Palmira,Alianza FC,0,2,A,,,
Colombia,Primera A,2022 - Clausura,13/08/2022,22:30,Santa Fe,Tolima,2,1,H,,,
Colombia,Primera A,2022 - Clausura,14/08/2022,00:45,Junior FC,Independiente Medellín,4,2,H,,,
Colombia,Primera A,2022 - Clausura,14/08/2022,21:00,CD Jaguares,Deportivo Pereira,1,2,A,,,
Colombia,Primera A,2022 - Clausura,14/08/2022,23:05,Águilas Doradas,Millonarios,0,0,D,,,
Colombia,Primera A,2022 - Clausura,15/08/2022,20:15,Once Caldas,Patriotas,1,1,D,,,
Colombia,Primera A,2022 - Clausura,15/08/2022,22:20,Internacional de Bogotá,América de Cali,0,0,D,,,
Colombia,Primera A,2022 - Clausura,19/08/2022,21:00,Envigado,Bucaramanga,2,1,H,,,
Colombia,Primera A,2022 - Clausura,20/08/2022,00:30,Alianza FC,Deportivo Cali,4,4,D,,,
Colombia,Primera A,2022 - Clausura,20/08/2022,19:00,Deportivo Pereira,Internacional FC de Palmira,2,1,H,,,
Colombia,Primera A,2022 - Clausura,20/08/2022,21:05,Patriotas,Águilas Doradas,0,1,A,,,
Colombia,Primera A,2022 - Clausura,20/08/2022,23:10,Millonarios,CD Jaguares,2,0,H,,,
Colombia,Primera A,2022 - Clausura,21/08/2022,01:15,Independiente Medellín,Santa Fe,2,0,H,,,
Colombia,Primera A,2022 - Clausura,21/08/2022,20:30,América de Cali,Junior FC,2,1,H,,,
Colombia,Primera A,2022 - Clausura,21/08/2022,22:35,Unión Magdalena,Atlético Nacional,2,2,D,,,
Colombia,Primera A,2022 - Clausura,22/08/2022,00:40,Tolima,Internacional de Bogotá,1,1,D,,,
Colombia,Primera A,2022 - Clausura,23/08/2022,01:00,Deportivo Pasto,Once Caldas,2,0,H,,,
Colombia,Primera A,2022 - Clausura,26/08/2022,01:00,Deportivo Cali,CD Jaguares,2,2,D,,,
Colombia,Primera A,2022 - Clausura,27/08/2022,00:30,Once Caldas,América de Cali,1,1,D,,,
Colombia,Primera A,2022 - Clausura,27/08/2022,20:30,Santa Fe,Patriotas,2,1,H,,,
Colombia,Primera A,2022 - Clausura,27/08/2022,22:45,Alianza FC,Deportivo Pasto,0,0,D,,,
Colombia,Primera A,2022 - Clausura,28/08/2022,01:00,Atlético Nacional,Bucaramanga,3,2,H,,,
Colombia,Primera A,2022 - Clausura,28/08/2022,19:00,Internacional de Bogotá,Deportivo Pereira,1,1,D,,,
Colombia,Primera A,2022 - Clausura,28/08/2022,21:05,Internacional FC de Palmira,Millonarios,1,4,A,,,
Colombia,Primera A,2022 - Clausura,28/08/2022,23:10,Junior FC,Tolima,2,1,H,,,
Colombia,Primera A,2022 - Clausura,29/08/2022,01:15,Águilas Doradas,Independiente Medellín,3,0,H,,,
Colombia,Primera A,2022 - Clausura,29/08/2022,23:00,CD Jaguares,Envigado,0,0,D,,,
Colombia,Primera A,2022 - Clausura,30/08/2022,01:05,Deportivo Cali,Unión Magdalena,2,2,D,,,
Colombia,Primera A,2022 - Clausura,01/09/2022,01:05,Bucaramanga,América de Cali,0,2,A,,,
Colombia,Primera A,2022 - Clausura,02/09/2022,00:30,Atlético Nacional,Envigado,1,1,D,,,
Colombia,Primera A,2022 - Clausura,03/09/2022,21:05,Bucaramanga,Alianza FC,3,1,H,,,
Colombia,Primera A,2022 - Clausura,03/09/2022,23:10,Tolima,Internacional FC de Palmira,0,0,D,,,
Colombia,Primera A,2022 - Clausura,04/09/2022,01:15,Millonarios,Santa Fe,2,0,H,,,
Colombia,Primera A,2022 - Clausura,04/09/2022,19:00,Deportivo Pereira,Once Caldas,1,1,D,,,
Colombia,Primera A,2022 - Clausura,04/09/2022,21:05,Unión Magdalena,Junior FC,2,1,H,,,
Colombia,Primera A,2022 - Clausura,04/09/2022,23:10,Independiente Medellín,Atlético Nacional,4,3,H,,,
Colombia,Primera A,2022 - Clausura,05/09/2022,01:15,América de Cali,Deportivo Cali,1,0,H,,,
Colombia,Primera A,2022 - Clausura,05/09/2022,23:00,Deportivo Pasto,CD Jaguares,2,1,H,,,
Colombia,Primera A,2022 - Clausura,06/09/2022,01:05,Patriotas,Internacional de Bogotá,2,3,A,,,
Colombia,Primera A,2022 - Clausura,06/09/2022,21:00,Envigado,Águilas Doradas,0,1,A,,,
Colombia,Primera A,2022 - Clausura,10/09/2022,00:40,Patriotas,Tolima,1,1,D,,,
Colombia,Primera A,2022 - Clausura,10/09/2022,19:00,Internacional FC de Palmira,Unión Magdalena,1,2,A,,,
Colombia,Primera A,2022 - Clausura,10/09/2022,21:05,Junior FC,Deportivo Pereira,0,0,D,,,
Colombia,Primera A,2022 - Clausura,10/09/2022,23:10,Independiente Medellín,América de Cali,2,0,H,,,
Colombia,Primera A,2022 - Clausura,11/09/2022,01:15,Santa Fe,Deportivo Pasto,2,1,H,,,
Colombia,Primera A,2022 - Clausura,11/09/2022,19:00,Once Caldas,Millonarios,2,1,H,,,
Colombia,Primera A,2022 - Clausura,11/09/2022,21:05,CD Jaguares,Atlético Nacional,0,1,A,,,
Colombia,Primera A,2022 - Clausura,11/09/2022,23:10,Internacional de Bogotá,Envigado,0,1,A,,,
Colombia,Primera A,2022 - Clausura,12/09/2022,01:15,Deportivo Cali,Bucaramanga,1,1,D,,,
Colombia,Primera A,2022 - Clausura,13/09/2022,01:00,Águilas Doradas,Alianza FC,1,0,H,,,
Colombia,Primera A,2022 - Clausura,15/09/2022,01:15,Deportivo Cali,Deportivo Pasto,2,0,H,,,
Colombia,Primera A,2022 - Clausura,16/09/2022,01:05,América de Cali,Deportivo Pereira,0,1,A,,,
Colombia,Primera A,2022 - Clausura,16/09/2022,23:00,Alianza FC,Internacional de Bogotá,1,2,A,,,
Colombia,Primera A,2022 - Clausura,17/09/2022,01:05,Bucaramanga,Santa Fe,2,1,H,,,
Colombia,Primera A,2022 - Clausura,17/09/2022,19:00,Envigado,Internacional FC de Palmira,3,2,H,,,
Colombia,Primera A,2022 - Clausura,17/09/2022,21:05,Tolima,Once Caldas,1,0,H,,,
Colombia,Primera A,2022 - Clausura,17/09/2022,23:10,Unión Magdalena,CD Jaguares,1,0,H,,,
Colombia,Primera A,2022 - Clausura,18/09/2022,20:30,Deportivo Pasto,Junior FC,2,1,H,,,
Colombia,Primera A,2022 - Clausura,18/09/2022,22:35,Atlético Nacional,Deportivo Cali,3,0,H,,,
Colombia,Primera A,2022 - Clausura,19/09/2022,00:40,América de Cali,Patriotas,2,0,H,,,
Colombia,Primera A,2022 - Clausura,20/09/2022,01:00,Deportivo Pereira,Águilas Doradas,2,2,D,,,
Colombia,Primera A,2022 - Clausura,20/09/2022,23:00,CD Jaguares,Bucaramanga,0,1,A,,,
Colombia,Primera A,2022 - Clausura,21/09/2022,01:05,Once Caldas,Envigado,1,0,H,,,
Colombia,Primera A,2022 - Clausura,21/09/2022,19:00,Internacional FC de Palmira,Deportivo Cali,2,0,H,,,
Colombia,Primera A,2022 - Clausura,21/09/2022,21:05,Internacional de Bogotá,Deportivo Pasto,2,3,A,,,
Colombia,Primera A,2022 - Clausura,21/09/2022,23:10,América de Cali,Tolima,0,0,D,,,
Colombia,Primera A,2022 - Clausura,22/09/2022,01:15,Junior FC,Millonarios,0,1,A,,,
Colombia,Primera A,2022 - Clausura,22/09/2022,19:00,Patriotas,Alianza FC,0,0,D,,,
Colombia,Primera A,2022 - Clausura,22/09/2022,21:05,Águilas Doradas,Unión Magdalena,2,0,H,,,
Colombia,Primera A,2022 - Clausura,22/09/2022,23:10,Independiente Medellín,Deportivo Pereira,2,1,H,,,
Colombia,Primera A,2022 - Clausura,24/09/2022,19:00,Bucaramanga,Once Caldas,0,0,D,,,
Colombia,Primera A,2022 - Clausura,24/09/2022,21:30,Millonarios,América de Cali,2,2,D,,,
Colombia,Primera A,2022 - Clausura,25/09/2022,19:00,Envigado,Independiente Medellín,1,2,A,,,
Colombia,Primera A,2022 - Clausura,25/09/2022,21:05,Unión Magdalena,Santa Fe,0,2,A,,,
Colombia,Primera A,2022 - Clausura,25/09/2022,23:10,Alianza FC,Junior FC,0,1,A,,,
Colombia,Primera A,2022 - Clausura,26/09/2022,01:15,Tolima,Deportivo Pereira,1,3,A,,,
Colombia,Primera A,2022 - Clausura,26/09/2022,21:00,Deportivo Cali,Internacional de Bogotá,1,2,A,,,
Colombia,Primera A,2022 - Clausura,26/09/2022,23:00,CD Jaguares,Águilas Doradas,0,0,D,,,
Colombia,Primera A,2022 - Clausura,27/09/2022,01:05,Atlético Nacional,Patriotas,1,0,H,,,
Colombia,Primera A,2022 - Clausura,28/09/2022,00:00,Deportivo Pasto,Internacional FC de Palmira,1,0,H,,,
Colombia,Primera A,2022 - Clausura,30/09/2022,01:00,Santa Fe,Atlético Nacional,1,1,D,,,
Colombia,Primera A,2022 - Clausura,01/10/2022,01:00,Independiente Medellín,Alianza FC,3,1,H,,,
Colombia,Primera A,2022 - Clausura,01/10/2022,19:00,Internacional FC de Palmira,Bucaramanga,0,2,A,,,
Colombia,Primera A,2022 - Clausura,01/10/2022,21:05,Once Caldas,CD Jaguares,0,1,A,,,
Colombia,Primera A,2022 - Clausura,01/10/2022,23:10,Internacional de Bogotá,Millonarios,1,0,H,,,
Colombia,Primera A,2022 - Clausura,02/10/2022,01:15,Águilas Doradas,Tolima,1,2,A,,,
Colombia,Primera A,2022 - Clausura,02/10/2022,19:00,Deportivo Pereira,Deportivo Pasto,2,0,H,,,
Colombia,Primera A,2022 - Clausura,02/10/2022,21:05,Junior FC,Deportivo Cali,1,0,H,,,
Colombia,Primera A,2022 - Clausura,02/10/2022,23:10,América de Cali,Atlético Nacional,0,0,D,,,
Colombia,Primera A,2022 - Clausura,03/10/2022,01:15,Santa Fe,Envigado,1,0,H,,,
Colombia,Primera A,2022 - Clausura,04/10/2022,01:00,Patriotas,Unión Magdalena,3,1,H,,,
Colombia,Primera A,2022 - Clausura,06/10/2022,00:30,Santa Fe,Millonarios,3,2,H,,,
Colombia,Primera A,2022 - Clausura,06/10/2022,22:30,Bucaramanga,Águilas Doradas,0,1,A,,,
Colombia,Primera A,2022 - Clausura,07/10/2022,01:00,Atlético Nacional,Independiente Medellín,3,2,H,,,
Colombia,Primera A,2022 - Clausura,07/10/2022,21:00,Envigado,Patriotas,3,2,H,,,
Colombia,Primera A,2022 - Clausura,08/10/2022,00:45,CD Jaguares,Internacional de Bogotá,1,1,D,,,
Colombia,Primera A,2022 - Clausura,08/10/2022,19:00,Internacional FC de Palmira,Once Caldas,0,1,A,,,
Colombia,Primera A,2022 - Clausura,09/10/2022,01:00,Deportivo Pasto,Tolima,2,1,H,,,
Colombia,Primera A,2022 - Clausura,09/10/2022,20:30,Atlético Nacional,Águilas Doradas,1,1,D,,,
Colombia,Primera A,2022 - Clausura,09/10/2022,22:35,Deportivo Cali,América de Cali,1,0,H,,,
Colombia,Primera A,2022 - Clausura,10/10/2022,00:40,Bucaramanga,Junior FC,0,1,A,,,
Colombia,Primera A,2022 - Clausura,10/10/2022,21:00,Unión Magdalena,Independiente Medellín,0,2,A,,,
Colombia,Primera A,2022 - Clausura,11/10/2022,00:45,Alianza FC,Santa Fe,4,0,H,,,
Colombia,Primera A,2022 - Clausura,11/10/2022,21:00,Patriotas,Deportivo Pasto,1,1,D,,,
Colombia,Primera A,2022 - Clausura,11/10/2022,23:05,Internacional de Bogotá,Internacional FC de Palmira,1,1,D,,,
Colombia,Primera A,2022 - Clausura,12/10/2022,01:10,Deportivo Pereira,Envigado,0,2,A,,,
Colombia,Primera A,2022 - Clausura,12/10/2022,23:00,Águilas Doradas,Deportivo Cali,2,2,D,,,
Colombia,Primera A,2022 - Clausura,13/10/2022,01:05,América de Cali,CD Jaguares,1,1,D,,,
Colombia,Primera A,2022 - Clausura,13/10/2022,20:10,Tolima,Alianza FC,2,0,H,,,
Colombia,Primera A,2022 - Clausura,13/10/2022,23:00,Junior FC,Unión Magdalena,1,1,D,,,
Colombia,Primera A,2022 - Clausura,14/10/2022,01:05,Once Caldas,Atlético Nacional,1,0,H,,,
Colombia,Primera A,2022 - Clausura,15/10/2022,23:05,Deportivo Pasto,Águilas Doradas,1,1,D,,,
Colombia,Primera A,2022 - Clausura,16/10/2022,01:10,Bucaramanga,Internacional de Bogotá,3,1,H,,,
Colombia,Primera A,2022 - Clausura,16/10/2022,19:00,Internacional FC de Palmira,Tolima,0,1,A,,,
Colombia,Primera A,2022 - Clausura,16/10/2022,21:05,Unión Magdalena,Deportivo Pereira,2,0,H,,,
Colombia,Primera A,2022 - Clausura,16/10/2022,23:10,Millonarios,Patriotas,0,0,D,,,
Colombia,Primera A,2022 - Clausura,17/10/2022,01:15,CD Jaguares,Santa Fe,2,1,H,,,
Colombia,Primera A,2022 - Clausura,17/10/2022,20:30,Envigado,Junior FC,2,0,H,,,
Colombia,Primera A,2022 - Clausura,17/10/2022,22:35,Deportivo Cali,Once Caldas,1,1,D,,,
Colombia,Primera A,2022 - Clausura,18/10/2022,00:40,Alianza FC,América de Cali,0,2,A,,,
Colombia,Primera A,2022 - Clausura,19/10/2022,23:00,Millonarios,Deportivo Pereira,0,1,A,,,
Colombia,Primera A,2022 - Clausura,20/10/2022,01:05,Independiente Medellín,Bucaramanga,1,2,A,,,
Colombia,Primera A,2022 - Clausura,21/10/2022,23:05,Internacional de Bogotá,Unión Magdalena,4,1,H,,,
Colombia,Primera A,2022 - Clausura,22/10/2022,01:10,Águilas Doradas,Envigado,1,0,H,,,
Colombia,Primera A,2022 - Clausura,22/10/2022,19:00,Santa Fe,Deportivo Cali,1,0,H,,,
Colombia,Primera A,2022 - Clausura,22/10/2022,21:05,América de Cali,Deportivo Pasto,4,0,H,,,
Colombia,Primera A,2022 - Clausura,22/10/2022,23:10,Tolima,Millonarios,1,0,H,,,
Colombia,Primera A,2022 - Clausura,23/10/2022,01:15,Independiente Medellín,CD Jaguares,0,0,D,,,
Colombia,Primera A,2022 - Clausura,23/10/2022,19:00,Patriotas,Bucaramanga,3,4,A,,,
Colombia,Primera A,2022 - Clausura,23/10/2022,21:05,Deportivo Pereira,Atlético Nacional,1,1,D,,,
Colombia,Primera A,2022 - Clausura,23/10/2022,23:10,Junior FC,Internacional FC de Palmira,2,1,H,,,
Colombia,Primera A,2022 - Clausura,24/10/2022,01:15,Once Caldas,Alianza FC,1,1,D,,,
Colombia,Primera A,2022 - Clausura,27/10/2022,01:00,Millonarios,Independiente Medellín,1,2,A,,,
Colombia,Primera A,2022 - Clausura,29/10/2022,21:00,Envigado,Tolima,1,1,D,,,
Colombia,Primera A,2022 - Clausura,29/10/2022,23:05,Deportivo Cali,Patriotas,1,0,H,,,
Colombia,Primera A,2022 - Clausura,30/10/2022,21:00,Alianza FC,Millonarios,2,4,A,,,
Colombia,Primera A,2022 - Clausura,30/10/2022,21:00,Atlético Nacional,Internacional de Bogotá,1,1,D,,,
Colombia,Primera A,2022 - Clausura,30/10/2022,21:00,Bucaramanga,Deportivo Pereira,1,3,A,,,
Colombia,Primera A,2022 - Clausura,30/10/2022,21:00,CD Jaguares,Junior FC,0,2,A,,,
Colombia,Primera A,2022 - Clausura,30/10/2022,21:00,Deportivo Pasto,Independiente Medellín,0,0,D,,,
Colombia,Primera A,2022 - Clausura,30/10/2022,21:00,Internacional FC de Palmira,Águilas Doradas,0,0,D,,,
Colombia,Primera A,2022 - Clausura,30/10/2022,21:00,Santa Fe,Once Caldas,2,1,H,,,
Colombia,Primera A,2022 - Clausura,30/10/2022,21:00,Unión Magdalena,América de Cali,0,0,D,,,
Colombia,Primera A,2022 - Clausura,05/11/2022,21:30,Águilas Doradas,América de Cali,2,0,H,,,
Colombia,Primera A,2022 - Clausura,06/11/2022,00:30,Independiente Medellín,Deportivo Pasto,0,0,D,,,
Colombia,Primera A,2022 - Clausura,06/11/2022,21:00,Millonarios,Santa Fe,1,1,D,,,
Colombia,Primera A,2022 - Clausura,07/11/2022,00:00,Deportivo Pereira,Junior FC,4,3,H,,,
Colombia,Primera A,2022 - Clausura,08/11/2022,23:15,Deportivo Pasto,Águilas Doradas,0,1,A,,,
Colombia,Primera A,2022 - Clausura,09/11/2022,01:20,América de Cali,Independiente Medellín,0,2,A,,,
Colombia,Primera A,2022 - Clausura,09/11/2022,23:15,Santa Fe,Deportivo Pereira,2,0,H,,,
Colombia,Primera A,2022 - Clausura,10/11/2022,01:20,Junior FC,Millonarios,0,1,A,,,
Colombia,Primera A,2022 - Clausura,13/11/2022,00:00,Águilas Doradas,Independiente Medellín,1,0,H,,,
Colombia,Primera A,2022 - Clausura,13/11/2022,21:00,Santa Fe,Junior FC,0,0,D,,,
Colombia,Primera A,2022 - Clausura,14/11/2022,00:00,América de Cali,Deportivo Pasto,2,1,H,,,
Colombia,Primera A,2022 - Clausura,14/11/2022,21:00,Millonarios,Deportivo Pereira,2,0,H,,,
Colombia,Primera A,2022 - Clausura,23/11/2022,01:35,Independiente Medellín,Águilas Doradas,2,1,H,,,
Colombia,Primera A,2022 - Clausura,23/11/2022,23:30,Deportivo Pasto,América de Cali,1,0,H,,,
Colombia,Primera A,2022 - Clausura,23/11/2022,23:30,Junior FC,Santa Fe,2,3,A,,,
Colombia,Primera A,2022 - Clausura,24/11/2022,01:35,Deportivo Pereira,Millonarios,2,1,H,,,
Colombia,Primera A,2022 - Clausura,26/11/2022,23:00,Águilas Doradas,Deportivo Pasto,3,4,A,,,
Colombia,Primera A,2022 - Clausura,27/11/2022,01:05,Independiente Medellín,América de Cali,2,1,H,,,
Colombia,Primera A,2022 - Clausura,27/11/2022,23:00,Millonarios,Junior FC,1,0,H,,,
Colombia,Primera A,2022 - Clausura,28/11/2022,01:05,Deportivo Pereira,Santa Fe,5,1,H,,,
Colombia,Primera A,2022 - Clausura,30/11/2022,23:30,América de Cali,Águilas Doradas,1,1,D,,,
Colombia,Primera A,2022 - Clausura,30/11/2022,23:30,Deportivo Pasto,Independiente Medellín,0,0,D,,,
Colombia,Primera A,2022 - Clausura,01/12/2022,01:35,Junior FC,Deportivo Pereira,0,2,A,,,
Colombia,Primera A,2022 - Clausura,01/12/2022,01:35,Santa Fe,Millonarios,1,1,D,,,
Colombia,Primera A,2022 - Clausura,04/12/2022,23:00,Independiente Medellín,Deportivo Pereira,1,1,D,,,
Colombia,Primera A,2022 - Clausura,08/12/2022,00:00,Deportivo Pereira,Independiente Medellín,0,0,D,,,
Colombia,Primera A,2022 - Apertura,20/01/2022,23:00,Águilas Doradas,Bucaramanga,1,1,D,,,
Colombia,Primera A,2022 - Apertura,21/01/2022,01:05,América de Cali,Envigado,1,0,H,,,
Colombia,Primera A,2022 - Apertura,21/01/2022,23:00,Santa Fe,Internacional de Bogotá,1,1,D,,,
Colombia,Primera A,2022 - Apertura,22/01/2022,01:05,Deportivo Pasto,Millonarios,0,1,A,,,
Colombia,Primera A,2022 - Apertura,22/01/2022,21:05,Internacional FC de Palmira,Atlético Nacional,1,1,D,,,
Colombia,Primera A,2022 - Apertura,22/01/2022,23:10,Once Caldas,Unión Magdalena,1,1,D,,,
Colombia,Primera A,2022 - Apertura,23/01/2022,01:15,Junior FC,Patriotas,3,1,H,,,
Colombia,Primera A,2022 - Apertura,23/01/2022,21:05,Independiente Medellín,Tolima,1,0,H,,,
Colombia,Primera A,2022 - Apertura,23/01/2022,23:10,CD Jaguares,Deportivo Cali,2,1,H,,,
Colombia,Primera A,2022 - Apertura,24/01/2022,01:15,Alianza FC,Deportivo Pereira,2,1,H,,,
Colombia,Primera A,2022 - Apertura,25/01/2022,21:00,Envigado,Deportivo Pasto,1,0,H,,,
Colombia,Primera A,2022 - Apertura,25/01/2022,23:05,Santa Fe,Águilas Doradas,3,0,H,,,
Colombia,Primera A,2022 - Apertura,26/01/2022,01:10,Bucaramanga,Millonarios,0,0,D,,,
Colombia,Primera A,2022 - Apertura,26/01/2022,19:00,Internacional de Bogotá,Once Caldas,1,2,A,,,
Colombia,Primera A,2022 - Apertura,26/01/2022,21:05,CD Jaguares,Internacional FC de Palmira,2,1,H,,,
Colombia,Primera A,2022 - Apertura,26/01/2022,23:10,Deportivo Cali,Tolima,0,1,A,,,
Colombia,Primera A,2022 - Apertura,27/01/2022,01:25,Atlético Nacional,Junior FC,3,1,H,,,
Colombia,Primera A,2022 - Apertura,27/01/2022,21:00,Unión Magdalena,Alianza FC,0,0,D,,,
Colombia,Primera A,2022 - Apertura,27/01/2022,23:05,Patriotas,Independiente Medellín,2,0,H,,,
Colombia,Primera A,2022 - Apertura,28/01/2022,01:10,Deportivo Pereira,América de Cali,1,1,D,,,
Colombia,Primera A,2022 - Apertura,29/01/2022,19:00,Internacional FC de Palmira,Santa Fe,1,1,D,,,
Colombia,Primera A,2022 - Apertura,29/01/2022,21:05,Águilas Doradas,Once Caldas,1,1,D,,,
Colombia,Primera A,2022 - Apertura,29/01/2022,23:10,Junior FC,Internacional de Bogotá,1,0,H,,,
Colombia,Primera A,2022 - Apertura,30/01/2022,01:15,Millonarios,Atlético Nacional,0,2,A,,,
Colombia,Primera A,2022 - Apertura,30/01/2022,19:00,Patriotas,Deportivo Pereira,2,3,A,,,
Colombia,Primera A,2022 - Apertura,30/01/2022,21:05,Independiente Medellín,Deportivo Cali,2,0,H,,,
Colombia,Primera A,2022 - Apertura,30/01/2022,23:10,América de Cali,Bucaramanga,3,0,H,,,
Colombia,Primera A,2022 - Apertura,31/01/2022,01:15,Alianza FC,Envigado,2,2,D,,,
Colombia,Primera A,2022 - Apertura,31/01/2022,23:00,Deportivo Pasto,CD Jaguares,1,1,D,,,
Colombia,Primera A,2022 - Apertura,01/02/2022,01:05,Tolima,Unión Magdalena,2,1,H,,,
Colombia,Primera A,2022 - Apertura,02/02/2022,19:00,Bucaramanga,Alianza FC,2,1,H,,,
Colombia,Primera A,2022 - Apertura,02/02/2022,21:05,Envigado,Millonarios,0,0,D,,,
Colombia,Primera A,2022 - Apertura,02/02/2022,23:10,Deportivo Cali,Deportivo Pereira,1,0,H,,,
Colombia,Primera A,2022 - Apertura,03/02/2022,01:15,Santa Fe,Junior FC,2,1,H,,,
Colombia,Primera A,2022 - Apertura,03/02/2022,19:00,Internacional de Bogotá,Águilas Doradas,0,1,A,,,
Colombia,Primera A,2022 - Apertura,03/02/2022,21:05,Unión Magdalena,Deportivo Pasto,0,0,D,,,
Colombia,Primera A,2022 - Apertura,03/02/2022,23:10,CD Jaguares,Patriotas,3,1,H,,,
Colombia,Primera A,2022 - Apertura,04/02/2022,01:15,Atlético Nacional,Tolima,0,1,A,,,
Colombia,Primera A,2022 - Apertura,04/02/2022,21:00,Internacional FC de Palmira,América de Cali,2,0,H,,,
Colombia,Primera A,2022 - Apertura,05/02/2022,01:00,Once Caldas,Independiente Medellín,2,1,H,,,
Colombia,Primera A,2022 - Apertura,05/02/2022,21:05,Envigado,Deportivo Cali,1,0,H,,,
Colombia,Primera A,2022 - Apertura,06/02/2022,19:00,Patriotas,Internacional de Bogotá,0,1,A,,,
Colombia,Primera A,2022 - Apertura,06/02/2022,21:05,Tolima,Bucaramanga,2,1,H,,,
Colombia,Primera A,2022 - Apertura,06/02/2022,23:10,Millonarios,Unión Magdalena,1,0,H,,,
Colombia,Primera A,2022 - Apertura,07/02/2022,01:15,Deportivo Pasto,Atlético Nacional,0,1,A,,,
Colombia,Primera A,2022 - Apertura,07/02/2022,21:05,Alianza FC,CD Jaguares,2,0,H,,,
Colombia,Primera A,2022 - Apertura,07/02/2022,23:10,Junior FC,Águilas Doradas,2,1,H,,,
Colombia,Primera A,2022 - Apertura,08/02/2022,01:15,América de Cali,Santa Fe,2,2,D,,,
Colombia,Primera A,2022 - Apertura,08/02/2022,23:00,Independiente Medellín,Internacional FC de Palmira,3,1,H,,,
Colombia,Primera A,2022 - Apertura,11/02/2022,21:00,Unión Magdalena,Envigado,2,1,H,,,
Colombia,Primera A,2022 - Apertura,11/02/2022,23:05,Bucaramanga,Deportivo Pasto,0,1,A,,,
Colombia,Primera A,2022 - Apertura,12/02/2022,01:10,Atlético Nacional,Alianza FC,0,0,D,,,
Colombia,Primera A,2022 - Apertura,12/02/2022,19:00,Internacional FC de Palmira,Patriotas,1,0,H,,,
Colombia,Primera A,2022 - Apertura,12/02/2022,21:05,Internacional de Bogotá,Independiente Medellín,2,0,H,,,
Colombia,Primera A,2022 - Apertura,12/02/2022,23:10,Once Caldas,Junior FC,1,0,H,,,
Colombia,Primera A,2022 - Apertura,13/02/2022,01:15,Águilas Doradas,América de Cali,2,0,H,,,
Colombia,Primera A,2022 - Apertura,13/02/2022,21:00,Santa Fe,Deportivo Pereira,1,2,A,,,
Colombia,Primera A,2022 - Apertura,13/02/2022,23:05,Deportivo Cali,Millonarios,0,2,A,,,
Colombia,Primera A,2022 - Apertura,14/02/2022,01:10,CD Jaguares,Tolima,0,2,A,,,
Colombia,Primera A,2022 - Apertura,15/02/2022,23:00,Unión Magdalena,Bucaramanga,0,3,A,,,
Colombia,Primera A,2022 - Apertura,16/02/2022,01:05,Envigado,Atlético Nacional,1,2,A,,,
Colombia,Primera A,2022 - Apertura,16/02/2022,19:00,Deportivo Pereira,CD Jaguares,2,1,H,,,
Colombia,Primera A,2022 - Apertura,16/02/2022,21:05,Tolima,Santa Fe,3,0,H,,,
Colombia,Primera A,2022 - Apertura,16/02/2022,23:10,Millonarios,Águilas Doradas,2,0,H,,,
Colombia,Primera A,2022 - Apertura,17/02/2022,01:15,Independiente Medellín,Junior FC,2,0,H,,,
Colombia,Primera A,2022 - Apertura,17/02/2022,19:00,Patriotas,Once Caldas,0,0,D,,,
Colombia,Primera A,2022 - Apertura,17/02/2022,21:05,Alianza FC,Internacional FC de Palmira,0,0,D,,,
Colombia,Primera A,2022 - Apertura,17/02/2022,23:10,Deportivo Pasto,Deportivo Cali,2,0,H,,,
Colombia,Primera A,2022 - Apertura,18/02/2022,01:15,América de Cali,Internacional de Bogotá,1,1,D,,,
Colombia,Primera A,2022 - Apertura,19/02/2022,21:05,Santa Fe,Independiente Medellín,1,0,H,,,
Colombia,Primera A,2022 - Apertura,19/02/2022,23:10,CD Jaguares,Millonarios,1,2,A,,,
Colombia,Primera A,2022 - Apertura,20/02/2022,01:15,Atlético Nacional,Unión Magdalena,1,0,H,,,
Colombia,Primera A,2022 - Apertura,20/02/2022,19:00,Internacional FC de Palmira,Deportivo Pereira,2,1,H,,,
Colombia,Primera A,2022 - Apertura,20/02/2022,21:05,Deportivo Cali,Alianza FC,1,1,D,,,
Colombia,Primera A,2022 - Apertura,20/02/2022,23:10,Junior FC,América de Cali,1,0,H,,,
Colombia,Primera A,2022 - Apertura,21/02/2022,01:15,Internacional de Bogotá,Tolima,0,0,D,,,
Colombia,Primera A,2022 - Apertura,22/02/2022,00:40,Bucaramanga,Envigado,1,2,A,,,
Colombia,Primera A,2022 - Apertura,22/02/2022,22:30,Águilas Doradas,Patriotas,1,0,H,,,
Colombia,Primera A,2022 - Apertura,23/02/2022,01:05,Once Caldas,Deportivo Pasto,3,0,H,,,
Colombia,Primera A,2022 - Apertura,26/02/2022,19:00,Envigado,CD Jaguares,3,1,H,,,
Colombia,Primera A,2022 - Apertura,26/02/2022,21:05,Deportivo Pereira,Internacional de Bogotá,2,3,A,,,
Colombia,Primera A,2022 - Apertura,26/02/2022,23:10,Tolima,Junior FC,0,2,A,,,
Colombia,Primera A,2022 - Apertura,27/02/2022,01:15,Millonarios,Internacional FC de Palmira,1,0,H,,,
Colombia,Primera A,2022 - Apertura,27/02/2022,21:05,Unión Magdalena,Deportivo Cali,0,2,A,,,
Colombia,Primera A,2022 - Apertura,27/02/2022,23:10,Bucaramanga,Atlético Nacional,3,1,H,,,
Colombia,Primera A,2022 - Apertura,28/02/2022,01:15,América de Cali,Once Caldas,2,0,H,,,
Colombia,Primera A,2022 - Apertura,01/03/2022,00:40,Patriotas,Santa Fe,1,1,D,,,
Colombia,Primera A,2022 - Apertura,01/03/2022,22:30,Deportivo Pasto,Alianza FC,1,1,D,,,
Colombia,Primera A,2022 - Apertura,02/03/2022,00:35,Independiente Medellín,Águilas Doradas,4,0,H,,,
Colombia,Primera A,2022 - Apertura,05/03/2022,00:40,Once Caldas,Deportivo Pereira,0,0,D,,,
Colombia,Primera A,2022 - Apertura,05/03/2022,21:05,Junior FC,Unión Magdalena,3,1,H,,,
Colombia,Primera A,2022 - Apertura,05/03/2022,23:10,Deportivo Cali,América de Cali,0,1,A,,,
Colombia,Primera A,2022 - Apertura,06/03/2022,01:15,Internacional de Bogotá,Patriotas,1,1,D,,,
Colombia,Primera A,2022 - Apertura,06/03/2022,21:05,Alianza FC,Bucaramanga,2,2,D,,,
Colombia,Primera A,2022 - Apertura,06/03/2022,23:10,Santa Fe,Millonarios,0,3,A,,,
Colombia,Primera A,2022 - Apertura,07/03/2022,01:15,Atlético Nacional,Independiente Medellín,2,0,H,,,
Colombia,Primera A,2022 - Apertura,08/03/2022,00:40,Internacional FC de Palmira,Tolima,1,3,A,,,
Colombia,Primera A,2022 - Apertura,08/03/2022,22:30,Águilas Doradas,Envigado,1,2,A,,,
Colombia,Primera A,2022 - Apertura,09/03/2022,00:35,CD Jaguares,Deportivo Pasto,1,0,H,,,
Colombia,Primera A,2022 - Apertura,10/03/2022,01:00,Deportivo Pereira,Once Caldas,0,1,A,,,
Colombia,Primera A,2022 - Apertura,16/03/2022,21:00,Tolima,Patriotas,1,2,A,,,
Colombia,Primera A,2022 - Apertura,16/03/2022,23:05,Bucaramanga,Deportivo Cali,1,0,H,,,
Colombia,Primera A,2022 - Apertura,17/03/2022,01:10,Deportivo Pasto,Santa Fe,2,4,A,,,
Colombia,Primera A,2022 - Apertura,18/03/2022,00:45,Atlético Nacional,CD Jaguares,3,1,H,,,
Colombia,Primera A,2022 - Apertura,18/03/2022,22:30,Unión Magdalena,Internacional FC de Palmira,0,2,A,,,
Colombia,Primera A,2022 - Apertura,19/03/2022,01:00,Millonarios,Once Caldas,1,0,H,,,
Colombia,Primera A,2022 - Apertura,19/03/2022,22:30,Alianza FC,Águilas Doradas,2,1,H,,,
Colombia,Primera A,2022 - Apertura,20/03/2022,01:00,América de Cali,Independiente Medellín,1,3,A,,,
Colombia,Primera A,2022 - Apertura,20/03/2022,21:05,Envigado,Internacional de Bogotá,1,1,D,,,
Colombia,Primera A,2022 - Apertura,20/03/2022,23:10,Deportivo Pereira,Junior FC,1,0,H,,,
Colombia,Primera A,2022 - Apertura,21/03/2022,20:45,CD Jaguares,Unión Magdalena,2,0,H,,,
Colombia,Primera A,2022 - Apertura,21/03/2022,23:10,Deportivo Cali,Atlético Nacional,3,3,D,,,
Colombia,Primera A,2022 - Apertura,22/03/2022,01:15,Santa Fe,Bucaramanga,3,1,H,,,
Colombia,Primera A,2022 - Apertura,22/03/2022,23:00,Once Caldas,Tolima,2,2,D,,,
Colombia,Primera A,2022 - Apertura,23/03/2022,01:05,Patriotas,América de Cali,2,1,H,,,
Colombia,Primera A,2022 - Apertura,23/03/2022,19:00,Internacional FC de Palmira,Envigado,1,1,D,,,
Colombia,Primera A,2022 - Apertura,23/03/2022,21:05,Internacional de Bogotá,Alianza FC,2,1,H,,,
Colombia,Primera A,2022 - Apertura,23/03/2022,23:10,Águilas Doradas,Deportivo Pereira,1,0,H,,,
Colombia,Primera A,2022 - Apertura,24/03/2022,01:15,Independiente Medellín,Millonarios,1,0,H,,,
Colombia,Primera A,2022 - Apertura,25/03/2022,21:00,Junior FC,Deportivo Pasto,1,1,D,,,
Colombia,Primera A,2022 - Apertura,26/03/2022,19:00,Bucaramanga,CD Jaguares,1,0,H,,,
Colombia,Primera A,2022 - Apertura,26/03/2022,21:05,Envigado,Once Caldas,1,1,D,,,
Colombia,Primera A,2022 - Apertura,26/03/2022,23:10,Unión Magdalena,Águilas Doradas,2,1,H,,,
Colombia,Primera A,2022 - Apertura,27/03/2022,01:15,Deportivo Pereira,Independiente Medellín,1,1,D,,,
Colombia,Primera A,2022 - Apertura,27/03/2022,20:10,Deportivo Cali,Internacional FC de Palmira,2,1,H,,,
Colombia,Primera A,2022 - Apertura,27/03/2022,22:15,Alianza FC,Patriotas,2,1,H,,,
Colombia,Primera A,2022 - Apertura,28/03/2022,00:30,Tolima,América de Cali,1,0,H,,,
Colombia,Primera A,2022 - Apertura,28/03/2022,22:30,Deportivo Pasto,Internacional de Bogotá,1,1,D,,,
Colombia,Primera A,2022 - Apertura,29/03/2022,00:35,Atlético Nacional,Santa Fe,2,1,H,,,
Colombia,Primera A,2022 - Apertura,31/03/2022,01:00,Millonarios,Junior FC,1,0,H,,,
Colombia,Primera A,2022 - Apertura,02/04/2022,00:40,Internacional de Bogotá,Deportivo Cali,0,0,D,,,
Colombia,Primera A,2022 - Apertura,02/04/2022,19:00,Independiente Medellín,Envigado,2,1,H,,,
Colombia,Primera A,2022 - Apertura,02/04/2022,21:05,Deportivo Pereira,Tolima,0,2,A,,,
Colombia,Primera A,2022 - Apertura,02/04/2022,23:10,Patriotas,Atlético Nacional,0,2,A,,,
Colombia,Primera A,2022 - Apertura,03/04/2022,01:15,Junior FC,Alianza FC,3,1,H,,,
Colombia,Primera A,2022 - Apertura,03/04/2022,20:00,Águilas Doradas,CD Jaguares,1,1,D,,,
Colombia,Primera A,2022 - Apertura,03/04/2022,22:30,América de Cali,Millonarios,3,2,H,,,
Colombia,Primera A,2022 - Apertura,04/04/2022,00:35,Santa Fe,Unión Magdalena,1,0,H,,,
Colombia,Primera A,2022 - Apertura,04/04/2022,21:00,Internacional FC de Palmira,Deportivo Pasto,0,1,A,,,
Colombia,Primera A,2022 - Apertura,05/04/2022,01:00,Once Caldas,Bucaramanga,0,1,A,,,
Colombia,Primera A,2022 - Apertura,09/04/2022,01:00,Millonarios,Internacional de Bogotá,2,1,H,,,
Colombia,Primera A,2022 - Apertura,09/04/2022,21:05,Tolima,Águilas Doradas,3,0,H,,,
Colombia,Primera A,2022 - Apertura,09/04/2022,23:10,Unión Magdalena,Patriotas,0,1,A,,,
Colombia,Primera A,2022 - Apertura,10/04/2022,01:15,Deportivo Cali,Junior FC,1,1,D,,,
Colombia,Primera A,2022 - Apertura,10/04/2022,20:00,Envigado,Santa Fe,1,0,H,,,
Colombia,Primera A,2022 - Apertura,10/04/2022,22:30,Atlético Nacional,América de Cali,2,0,H,,,
Colombia,Primera A,2022 - Apertura,11/04/2022,00:35,Alianza FC,Independiente Medellín,1,1,D,,,
Colombia,Primera A,2022 - Apertura,11/04/2022,22:30,CD Jaguares,Once Caldas,2,1,H,,,
Colombia,Primera A,2022 - Apertura,12/04/2022,00:40,Deportivo Pasto,Deportivo Pereira,2,2,D,,,
Colombia,Primera A,2022 - Apertura,13/04/2022,00:40,Bucaramanga,Internacional FC de Palmira,3,2,H,,,
Colombia,Primera A,2022 - Apertura,16/04/2022,00:30,Santa Fe,Alianza FC,0,1,A,,,
Colombia,Primera A,2022 - Apertura,16/04/2022,19:00,Once Caldas,Internacional FC de Palmira,1,0,H,,,
Colombia,Primera A,2022 - Apertura,16/04/2022,21:05,Tolima,Deportivo Pasto,0,1,A,,,
Colombia,Primera A,2022 - Apertura,16/04/2022,23:10,Internacional de Bogotá,CD Jaguares,1,0,H,,,
Colombia,Primera A,2022 - Apertura,17/04/2022,01:15,Junior FC,Bucaramanga,2,0,H,,,
Colombia,Primera A,2022 - Apertura,17/04/2022,19:00,Águilas Doradas,Atlético Nacional,1,0,H,,,
Colombia,Primera A,2022 - Apertura,17/04/2022,21:05,Deportivo Pereira,Millonarios,1,0,H,,,
Colombia,Primera A,2022 - Apertura,17/04/2022,23:10,América de Cali,Deportivo Cali,1,1,D,,,
Colombia,Primera A,2022 - Apertura,18/04/2022,01:15,Independiente Medellín,Unión Magdalena,0,0,D,,,
Colombia,Primera A,2022 - Apertura,19/04/2022,00:40,Patriotas,Envigado,0,0,D,,,
Colombia,Primera A,2022 - Apertura,23/04/2022,21:00,Bucaramanga,Independiente Medellín,2,3,A,,,
Colombia,Primera A,2022 - Apertura,23/04/2022,23:05,Atlético Nacional,Once Caldas,0,0,D,,,
Colombia,Primera A,2022 - Apertura,24/04/2022,01:10,Unión Magdalena,Junior FC,0,3,A,,,
Colombia,Primera A,2022 - Apertura,24/04/2022,16:00,Envigado,Deportivo Pereira,2,1,H,,,
Colombia,Primera A,2022 - Apertura,24/04/2022,19:00,Deportivo Cali,Águilas Doradas,0,1,A,,,
Colombia,Primera A,2022 - Apertura,24/04/2022,21:05,CD Jaguares,América de Cali,1,1,D,,,
Colombia,Primera A,2022 - Apertura,24/04/2022,23:10,Millonarios,Santa Fe,2,1,H,,,
Colombia,Primera A,2022 - Apertura,25/04/2022,01:15,Alianza FC,Tolima,0,2,A,,,
Colombia,Primera A,2022 - Apertura,25/04/2022,21:00,Internacional FC de Palmira,Internacional de Bogotá,0,2,A,,,
Colombia,Primera A,2022 - Apertura,27/04/2022,00:40,Deportivo Pasto,Patriotas,0,0,D,,,
Colombia,Primera A,2022 - Apertura,30/04/2022,01:00,Deportivo Pereira,Unión Magdalena,2,0,H,,,
Colombia,Primera A,2022 - Apertura,30/04/2022,19:00,Internacional de Bogotá,Bucaramanga,1,1,D,,,
Colombia,Primera A,2022 - Apertura,30/04/2022,21:05,Independiente Medellín,Atlético Nacional,0,0,D,,,
Colombia,Primera A,2022 - Apertura,30/04/2022,23:10,Santa Fe,CD Jaguares,4,0,H,,,
Colombia,Primera A,2022 - Apertura,01/05/2022,01:15,Tolima,Internacional FC de Palmira,3,2,H,,,
Colombia,Primera A,2022 - Apertura,01/05/2022,19:00,Once Caldas,Deportivo Cali,0,1,A,,,
Colombia,Primera A,2022 - Apertura,01/05/2022,21:05,Patriotas,Millonarios,1,2,A,,,
Colombia,Primera A,2022 - Apertura,02/05/2022,01:15,Junior FC,Envigado,4,0,H,,,
Colombia,Primera A,2022 - Apertura,02/05/2022,22:00,Águilas Doradas,Deportivo Pasto,1,0,H,,,
Colombia,Primera A,2022 - Apertura,03/05/2022,00:30,América de Cali,Alianza FC,0,1,A,,,
Colombia,Primera A,2022 - Apertura,05/05/2022,22:00,Unión Magdalena,Internacional de Bogotá,1,1,D,,,
Colombia,Primera A,2022 - Apertura,07/05/2022,01:00,Atlético Nacional,Deportivo Pereira,1,1,D,,,
Colombia,Primera A,2022 - Apertura,07/05/2022,19:00,Bucaramanga,Patriotas,1,1,D,,,
Colombia,Primera A,2022 - Apertura,07/05/2022,21:05,Deportivo Cali,Santa Fe,1,1,D,,,
Colombia,Primera A,2022 - Apertura,07/05/2022,23:10,Deportivo Pasto,América de Cali,3,1,H,,,
Colombia,Primera A,2022 - Apertura,08/05/2022,01:15,CD Jaguares,Independiente Medellín,3,0,H,,,
Colombia,Primera A,2022 - Apertura,08/05/2022,19:00,Internacional FC de Palmira,Junior FC,1,0,H,,,
Colombia,Primera A,2022 - Apertura,08/05/2022,21:05,Envigado,Águilas Doradas,1,0,H,,,
Colombia,Primera A,2022 - Apertura,08/05/2022,23:10,Millonarios,Tolima,0,0,D,,,
Colombia,Primera A,2022 - Apertura,09/05/2022,01:15,Alianza FC,Once Caldas,2,0,H,,,
Colombia,Primera A,2022 - Apertura,14/05/2022,23:00,Águilas Doradas,Internacional FC de Palmira,2,2,D,,,
Colombia,Primera A,2022 - Apertura,14/05/2022,23:00,Deportivo Pereira,Bucaramanga,0,3,A,,,
Colombia,Primera A,2022 - Apertura,14/05/2022,23:00,Independiente Medellín,Deportivo Pasto,1,0,H,,,
Colombia,Primera A,2022 - Apertura,14/05/2022,23:00,Internacional de Bogotá,Atlético Nacional,1,0,H,,,
Colombia,Primera A,2022 - Apertura,14/05/2022,23:00,Junior FC,CD Jaguares,2,4,A,,,
Colombia,Primera A,2022 - Apertura,14/05/2022,23:00,Millonarios,Alianza FC,1,0,H,,,
Colombia,Primera A,2022 - Apertura,14/05/2022,23:00,Once Caldas,Santa Fe,2,2,D,,,
Colombia,Primera A,2022 - Apertura,14/05/2022,23:00,Tolima,Envigado,1,1,D,,,
Colombia,Primera A,2022 - Apertura,15/05/2022,19:00,Patriotas,Deportivo Cali,3,0,H,,,
Colombia,Primera A,2022 - Apertura,16/05/2022,00:00,América de Cali,Unión Magdalena,1,0,H,,,
Colombia,Primera A,2022 - Apertura,21/05/2022,20:00,Envigado,Tolima,1,4,A,,,
Colombia,Primera A,2022 - Apertura,21/05/2022,22:15,Independiente Medellín,Internacional de Bogotá,2,0,H,,,
Colombia,Primera A,2022 - Apertura,22/05/2022,00:30,Junior FC,Atlético Nacional,1,1,D,,,
Colombia,Primera A,2022 - Apertura,22/05/2022,22:30,Millonarios,Bucaramanga,1,0,H,,,
Colombia,Primera A,2022 - Apertura,31/05/2022,23:00,Bucaramanga,Junior FC,2,0,H,,,
Colombia,Primera A,2022 - Apertura,01/06/2022,01:05,Atlético Nacional,Millonarios,2,2,D,,,
Colombia,Primera A,2022 - Apertura,01/06/2022,23:00,Internacional de Bogotá,Envigado,2,0,H,,,
Colombia,Primera A,2022 - Apertura,02/06/2022,01:05,Tolima,Independiente Medellín,0,0,D,,,
Colombia,Primera A,2022 - Apertura,04/06/2022,22:15,Atlético Nacional,Bucaramanga,4,1,H,,,
Colombia,Primera A,2022 - Apertura,05/06/2022,00:30,Junior FC,Millonarios,2,1,H,,,
Colombia,Primera A,2022 - Apertura,05/06/2022,20:00,Envigado,Independiente Medellín,0,0,D,,,
Colombia,Primera A,2022 - Apertura,06/06/2022,00:35,Tolima,Internacional de Bogotá,1,0,H,,,
Colombia,Primera A,2022 - Apertura,08/06/2022,23:15,Millonarios,Junior FC,0,0,D,,,
Colombia,Primera A,2022 - Apertura,09/06/2022,01:15,Bucaramanga,Atlético Nacional,0,1,A,,,
Colombia,Primera A,2022 - Apertura,09/06/2022,23:15,Internacional de Bogotá,Tolima,1,0,H,,,
Colombia,Primera A,2022 - Apertura,10/06/2022,01:15,Independiente Medellín,Envigado,2,1,H,,,
Colombia,Primera A,2022 - Apertura,11/06/2022,22:00,Junior FC,Bucaramanga,1,0,H,,,
Colombia,Primera A,2022 - Apertura,12/06/2022,00:45,Millonarios,Atlético Nacional,0,0,D,,,
Colombia,Primera A,2022 - Apertura,12/06/2022,20:00,Envigado,Internacional de Bogotá,0,3,A,,,
Colombia,Primera A,2022 - Apertura,12/06/2022,22:30,Independiente Medellín,Tolima,0,1,A,,,
Colombia,Primera A,2022 - Apertura,15/06/2022,23:00,Bucaramanga,Millonarios,2,1,H,,,
Colombia,Primera A,2022 - Apertura,16/06/2022,01:15,Atlético Nacional,Junior FC,2,1,H,,,
Colombia,Primera A,2022 - Apertura,17/06/2022,00:30,Internacional de Bogotá,Independiente Medellín,1,5,A,,,
Colombia,Primera A,2022 - Apertura,17/06/2022,00:30,Tolima,Envigado,1,0,H,,,
Colombia,Primera A,2022 - Apertura,23/06/2022,01:00,Atlético Nacional,Tolima,3,1,H,,,
Colombia,Primera A,2022 - Apertura,27/06/2022,00:00,Tolima,Atlético Nacional,2,1,H,,,
Colombia,Primera A,2021 - Clausura,17/07/2021,01:00,Independiente Medellín,Águilas Doradas,1,1,D,,,
Colombia,Primera A,2021 - Clausura,17/07/2021,20:30,América de Cali,Junior FC,3,1,H,,,
Colombia,Primera A,2021 - Clausura,17/07/2021,22:40,Deportes Quindío,CD Jaguares,2,0,H,,,
Colombia,Primera A,2021 - Clausura,18/07/2021,01:00,Santa Fe,Deportivo Cali,1,2,A,,,
Colombia,Primera A,2021 - Clausura,18/07/2021,20:30,Envigado,Atlético Nacional,2,2,D,,,
Colombia,Primera A,2021 - Clausura,18/07/2021,22:40,Patriotas,Bucaramanga,0,2,A,,,
Colombia,Primera A,2021 - Clausura,19/07/2021,01:00,Deportivo Pasto,Millonarios,1,3,A,,,
Colombia,Primera A,2021 - Clausura,19/07/2021,21:00,Tolima,Deportivo Pereira,1,0,H,,,
Colombia,Primera A,2021 - Clausura,19/07/2021,23:00,Once Caldas,Independiente Valle del Cauca,1,0,H,,,
Colombia,Primera A,2021 - Clausura,20/07/2021,01:05,Alianza FC,Internacional de Bogotá,1,0,H,,,
Colombia,Primera A,2021 - Clausura,22/07/2021,01:05,Millonarios,Deportes Quindío,2,1,H,,,
Colombia,Primera A,2021 - Clausura,24/07/2021,00:40,Independiente Valle del Cauca,Patriotas,2,2,D,,,
Colombia,Primera A,2021 - Clausura,24/07/2021,20:30,Águilas Doradas,América de Cali,1,3,A,,,
Colombia,Primera A,2021 - Clausura,24/07/2021,22:40,CD Jaguares,Once Caldas,1,1,D,,,
Colombia,Primera A,2021 - Clausura,25/07/2021,01:00,Atlético Nacional,Tolima,1,0,H,,,
Colombia,Primera A,2021 - Clausura,25/07/2021,20:30,Bucaramanga,Santa Fe,4,3,H,,,
Colombia,Primera A,2021 - Clausura,25/07/2021,22:40,Junior FC,Envigado,1,0,H,,,
Colombia,Primera A,2021 - Clausura,26/07/2021,01:00,Deportivo Cali,Independiente Medellín,0,0,D,,,
Colombia,Primera A,2021 - Clausura,27/07/2021,01:05,Deportivo Pereira,Alianza FC,0,2,A,,,
Colombia,Primera A,2021 - Clausura,28/07/2021,01:05,Internacional de Bogotá,Deportivo Pasto,0,0,D,,,
Colombia,Primera A,2021 - Clausura,31/07/2021,01:00,Deportes Quindío,Águilas Doradas,2,1,H,,,
Colombia,Primera A,2021 - Clausura,31/07/2021,21:00,Tolima,Alianza FC,1,1,D,,,
Colombia,Primera A,2021 - Clausura,31/07/2021,23:05,Deportivo Cali,Bucaramanga,1,2,A,,,
Colombia,Primera A,2021 - Clausura,01/08/2021,01:10,Independiente Medellín,Junior FC,0,0,D,,,
Colombia,Primera A,2021 - Clausura,01/08/2021,19:00,Patriotas,Internacional de Bogotá,1,0,H,,,
Colombia,Primera A,2021 - Clausura,01/08/2021,21:00,Envigado,América de Cali,1,0,H,,,
Colombia,Primera A,2021 - Clausura,01/08/2021,23:05,Once Caldas,Millonarios,0,2,A,,,
Colombia,Primera A,2021 - Clausura,02/08/2021,01:10,CD Jaguares,Independiente Valle del Cauca,2,0,H,,,
Colombia,Primera A,2021 - Clausura,03/08/2021,01:00,Deportivo Pasto,Deportivo Pereira,1,2,A,,,
Colombia,Primera A,2021 - Clausura,04/08/2021,01:00,Santa Fe,Atlético Nacional,0,1,A,,,
Colombia,Primera A,2021 - Clausura,07/08/2021,01:05,Independiente Valle del Cauca,Deportes Quindío,0,0,D,,,
Colombia,Primera A,2021 - Clausura,07/08/2021,20:00,América de Cali,Once Caldas,1,0,H,,,
Colombia,Primera A,2021 - Clausura,07/08/2021,22:30,Atlético Nacional,Deportivo Cali,2,0,H,,,
Colombia,Primera A,2021 - Clausura,08/08/2021,01:00,Millonarios,Santa Fe,0,1,A,,,
Colombia,Primera A,2021 - Clausura,08/08/2021,21:00,Internacional de Bogotá,Independiente Medellín,0,0,D,,,
Colombia,Primera A,2021 - Clausura,08/08/2021,23:05,Junior FC,Tolima,0,0,D,,,
Colombia,Primera A,2021 - Clausura,09/08/2021,01:10,Alianza FC,Deportivo Pasto,2,0,H,,,
Colombia,Primera A,2021 - Clausura,10/08/2021,00:40,Bucaramanga,CD Jaguares,0,1,A,,,
Colombia,Primera A,2021 - Clausura,10/08/2021,23:00,Águilas Doradas,Patriotas,1,0,H,,,
Colombia,Primera A,2021 - Clausura,11/08/2021,01:00,Deportivo Pereira,Envigado,0,1,A,,,
Colombia,Primera A,2021 - Clausura,14/08/2021,00:40,Tolima,Deportivo Pasto,1,0,H,,,
Colombia,Primera A,2021 - Clausura,14/08/2021,20:00,Envigado,Alianza FC,2,1,H,,,
Colombia,Primera A,2021 - Clausura,14/08/2021,22:40,Independiente Medellín,América de Cali,2,0,H,,,
Colombia,Primera A,2021 - Clausura,15/08/2021,01:00,Deportivo Cali,Millonarios,2,2,D,,,
Colombia,Primera A,2021 - Clausura,15/08/2021,21:00,CD Jaguares,Junior FC,1,1,D,,,
Colombia,Primera A,2021 - Clausura,15/08/2021,23:05,Patriotas,Atlético Nacional,0,3,A,,,
Colombia,Primera A,2021 - Clausura,16/08/2021,01:10,Once Caldas,Deportivo Pereira,0,1,A,,,
Colombia,Primera A,2021 - Clausura,16/08/2021,22:10,Independiente Valle del Cauca,Águilas Doradas,0,2,A,,,
Colombia,Primera A,2021 - Clausura,17/08/2021,00:30,Santa Fe,Internacional de Bogotá,0,2,A,,,
Colombia,Primera A,2021 - Clausura,18/08/2021,01:00,Deportes Quindío,Bucaramanga,2,3,A,,,
Colombia,Primera A,2021 - Clausura,21/08/2021,00:30,América de Cali,Patriotas,0,0,D,,,
Colombia,Primera A,2021 - Clausura,21/08/2021,19:00,Deportivo Pereira,Santa Fe,1,1,D,,,
Colombia,Primera A,2021 - Clausura,21/08/2021,21:00,Atlético Nacional,Deportes Quindío,1,0,H,,,
Colombia,Primera A,2021 - Clausura,21/08/2021,23:05,Junior FC,Once Caldas,4,2,H,,,
Colombia,Primera A,2021 - Clausura,22/08/2021,01:10,Millonarios,Independiente Medellín,2,0,H,,,
Colombia,Primera A,2021 - Clausura,22/08/2021,19:00,Internacional de Bogotá,Tolima,1,1,D,,,
Colombia,Primera A,2021 - Clausura,22/08/2021,21:00,Águilas Doradas,CD Jaguares,1,2,A,,,
Colombia,Primera A,2021 - Clausura,22/08/2021,23:05,Alianza FC,Deportivo Cali,2,3,A,,,
Colombia,Primera A,2021 - Clausura,23/08/2021,01:10,Deportivo Pasto,Envigado,0,2,A,,,
Colombia,Primera A,2021 - Clausura,24/08/2021,01:00,Bucaramanga,Independiente Valle del Cauca,1,1,D,,,
Colombia,Primera A,2021 - Clausura,28/08/2021,00:40,Deportes Quindío,Once Caldas,2,1,H,,,
Colombia,Primera A,2021 - Clausura,28/08/2021,21:00,Envigado,Internacional de Bogotá,3,2,H,,,
Colombia,Primera A,2021 - Clausura,28/08/2021,23:05,Deportivo Pereira,Millonarios,1,0,H,,,
Colombia,Primera A,2021 - Clausura,29/08/2021,01:10,Independiente Valle del Cauca,Independiente Medellín,3,1,H,,,
Colombia,Primera A,2021 - Clausura,29/08/2021,19:00,Patriotas,Deportivo Pasto,0,0,D,,,
Colombia,Primera A,2021 - Clausura,29/08/2021,21:00,Deportivo Cali,Junior FC,1,1,D,,,
Colombia,Primera A,2021 - Clausura,29/08/2021,23:05,Santa Fe,América de Cali,1,1,D,,,
Colombia,Primera A,2021 - Clausura,30/08/2021,01:10,CD Jaguares,Tolima,0,3,A,,,
Colombia,Primera A,2021 - Clausura,30/08/2021,23:00,Atlético Nacional,Águilas Doradas,1,0,H,,,
Colombia,Primera A,2021 - Clausura,31/08/2021,01:05,Bucaramanga,Alianza FC,1,2,A,,,
Colombia,Primera A,2021 - Clausura,04/09/2021,21:00,América de Cali,Deportes Quindío,0,1,A,,,
Colombia,Primera A,2021 - Clausura,04/09/2021,23:05,Internacional de Bogotá,CD Jaguares,1,0,H,,,
Colombia,Primera A,2021 - Clausura,05/09/2021,16:00,Once Caldas,Bucaramanga,1,1,D,,,
Colombia,Primera A,2021 - Clausura,05/09/2021,18:00,Deportivo Pasto,Deportivo Cali,2,0,H,,,
Colombia,Primera A,2021 - Clausura,05/09/2021,20:00,Independiente Medellín,Santa Fe,0,0,D,,,
Colombia,Primera A,2021 - Clausura,06/09/2021,01:10,Alianza FC,Atlético Nacional,1,3,A,,,
Colombia,Primera A,2021 - Clausura,06/09/2021,21:00,Águilas Doradas,Deportivo Pereira,0,1,A,,,
Colombia,Primera A,2021 - Clausura,06/09/2021,23:00,Tolima,Envigado,2,0,H,,,
Colombia,Primera A,2021 - Clausura,07/09/2021,01:05,Millonarios,Patriotas,1,0,H,,,
Colombia,Primera A,2021 - Clausura,11/09/2021,00:40,CD Jaguares,Independiente Medellín,0,1,A,,,
Colombia,Primera A,2021 - Clausura,11/09/2021,19:00,Patriotas,Envigado,0,0,D,,,
Colombia,Primera A,2021 - Clausura,11/09/2021,21:00,Once Caldas,Águilas Doradas,2,3,A,,,
Colombia,Primera A,2021 - Clausura,11/09/2021,23:05,Deportivo Cali,América de Cali,0,1,A,,,
Colombia,Primera A,2021 - Clausura,12/09/2021,01:10,Santa Fe,Alianza FC,1,1,D,,,
Colombia,Primera A,2021 - Clausura,12/09/2021,19:00,Bucaramanga,Millonarios,3,4,A,,,
Colombia,Primera A,2021 - Clausura,12/09/2021,21:00,Deportivo Pereira,Junior FC,1,1,D,,,
Colombia,Primera A,2021 - Clausura,12/09/2021,23:05,Atlético Nacional,Internacional de Bogotá,2,0,H,,,
Colombia,Primera A,2021 - Clausura,13/09/2021,23:00,Deportes Quindío,Deportivo Pasto,1,2,A,,,
Colombia,Primera A,2021 - Clausura,14/09/2021,01:00,Independiente Valle del Cauca,Tolima,1,2,A,,,
Colombia,Primera A,2021 - Clausura,18/09/2021,01:00,Independiente Medellín,Once Caldas,3,1,H,,,
Colombia,Primera A,2021 - Clausura,18/09/2021,19:00,Envigado,Deportes Quindío,1,1,D,,,
Colombia,Primera A,2021 - Clausura,18/09/2021,21:00,América de Cali,CD Jaguares,2,3,A,,,
Colombia,Primera A,2021 - Clausura,18/09/2021,23:05,Junior FC,Atlético Nacional,1,3,A,,,
Colombia,Primera A,2021 - Clausura,19/09/2021,01:10,Millonarios,Independiente Valle del Cauca,3,1,H,,,
Colombia,Primera A,2021 - Clausura,19/09/2021,21:00,Tolima,Deportivo Cali,1,1,D,,,
Colombia,Primera A,2021 - Clausura,19/09/2021,23:05,Deportivo Pasto,Santa Fe,0,1,A,,,
Colombia,Primera A,2021 - Clausura,20/09/2021,01:10,Águilas Doradas,Bucaramanga,3,0,H,,,
Colombia,Primera A,2021 - Clausura,20/09/2021,23:00,Internacional de Bogotá,Deportivo Pereira,1,1,D,,,
Colombia,Primera A,2021 - Clausura,21/09/2021,01:00,Alianza FC,Patriotas,3,0,H,,,
Colombia,Primera A,2021 - Clausura,23/09/2021,01:00,Junior FC,Independiente Valle del Cauca,3,0,H,,,
Colombia,Primera A,2021 - Clausura,24/09/2021,23:00,Deportivo Cali,Deportivo Pereira,2,1,H,,,
Colombia,Primera A,2021 - Clausura,25/09/2021,01:00,Once Caldas,Alianza FC,1,1,D,,,
Colombia,Primera A,2021 - Clausura,25/09/2021,19:00,Santa Fe,Envigado,3,1,H,,,
Colombia,Primera A,2021 - Clausura,25/09/2021,21:00,Águilas Doradas,Junior FC,1,2,A,,,
Colombia,Primera A,2021 - Clausura,25/09/2021,23:05,Atlético Nacional,Deportivo Pasto,1,1,D,,,
Colombia,Primera A,2021 - Clausura,26/09/2021,01:10,Bucaramanga,América de Cali,2,1,H,,,
Colombia,Primera A,2021 - Clausura,26/09/2021,19:00,Patriotas,Tolima,0,0,D,,,
Colombia,Primera A,2021 - Clausura,26/09/2021,21:00,CD Jaguares,Millonarios,4,3,H,,,
Colombia,Primera A,2021 - Clausura,27/09/2021,01:10,Deportes Quindío,Independiente Medellín,1,0,H,,,
Colombia,Primera A,2021 - Clausura,28/09/2021,01:00,Independiente Valle del Cauca,Internacional de Bogotá,1,1,D,,,
Colombia,Primera A,2021 - Clausura,01/10/2021,00:40,Deportivo Pasto,Once Caldas,0,1,A,,,
Colombia,Primera A,2021 - Clausura,01/10/2021,23:00,Tolima,Santa Fe,0,0,D,,,
Colombia,Primera A,2021 - Clausura,02/10/2021,01:05,Junior FC,Patriotas,1,0,H,,,
Colombia,Primera A,2021 - Clausura,02/10/2021,19:00,Internacional de Bogotá,Deportes Quindío,1,0,H,,,
Colombia,Primera A,2021 - Clausura,02/10/2021,21:00,Envigado,Deportivo Cali,1,2,A,,,
Colombia,Primera A,2021 - Clausura,02/10/2021,23:05,Deportivo Pereira,Atlético Nacional,3,2,H,,,
Colombia,Primera A,2021 - Clausura,03/10/2021,01:10,América de Cali,Independiente Valle del Cauca,1,0,H,,,
Colombia,Primera A,2021 - Clausura,03/10/2021,21:00,Millonarios,Águilas Doradas,1,0,H,,,
Colombia,Primera A,2021 - Clausura,03/10/2021,23:05,Independiente Medellín,Bucaramanga,1,0,H,,,
Colombia,Primera A,2021 - Clausura,04/10/2021,01:10,Alianza FC,CD Jaguares,1,1,D,,,
Colombia,Primera A,2021 - Clausura,08/10/2021,21:00,CD Jaguares,Deportivo Pasto,4,1,H,,,
Colombia,Primera A,2021 - Clausura,08/10/2021,23:00,Águilas Doradas,Alianza FC,1,0,H,,,
Colombia,Primera A,2021 - Clausura,09/10/2021,01:05,Independiente Medellín,Envigado,0,0,D,,,
Colombia,Primera A,2021 - Clausura,09/10/2021,19:00,Once Caldas,Tolima,0,2,A,,,
Colombia,Primera A,2021 - Clausura,09/10/2021,21:00,Deportivo Cali,Internacional de Bogotá,2,2,D,,,
Colombia,Primera A,2021 - Clausura,09/10/2021,23:05,Millonarios,América de Cali,0,0,D,,,
Colombia,Primera A,2021 - Clausura,10/10/2021,01:10,Independiente Valle del Cauca,Atlético Nacional,1,4,A,,,
Colombia,Primera A,2021 - Clausura,11/10/2021,23:00,Patriotas,Santa Fe,0,1,A,,,
Colombia,Primera A,2021 - Clausura,12/10/2021,01:05,Bucaramanga,Junior FC,1,1,D,,,
Colombia,Primera A,2021 - Clausura,13/10/2021,01:05,Deportes Quindío,Deportivo Pereira,2,3,A,,,
Colombia,Primera A,2021 - Clausura,16/10/2021,00:40,Tolima,Independiente Valle del Cauca,1,0,H,,,
Colombia,Primera A,2021 - Clausura,16/10/2021,19:00,Internacional de Bogotá,Patriotas,1,3,A,,,
Colombia,Primera A,2021 - Clausura,16/10/2021,21:00,América de Cali,Deportivo Cali,1,1,D,,,
Colombia,Primera A,2021 - Clausura,16/10/2021,23:05,Deportivo Pereira,Once Caldas,3,0,H,,,
Colombia,Primera A,2021 - Clausura,17/10/2021,01:10,Atlético Nacional,Independiente Medellín,1,1,D,,,
Colombia,Primera A,2021 - Clausura,17/10/2021,19:00,Deportivo Pasto,Deportes Quindío,1,0,H,,,
Colombia,Primera A,2021 - Clausura,17/10/2021,21:00,Alianza FC,Bucaramanga,2,0,H,,,
Colombia,Primera A,2021 - Clausura,17/10/2021,23:05,Santa Fe,Millonarios,0,2,A,,,
Colombia,Primera A,2021 - Clausura,18/10/2021,01:10,Junior FC,CD Jaguares,2,1,H,,,
Colombia,Primera A,2021 - Clausura,18/10/2021,21:00,Envigado,Águilas Doradas,4,1,H,,,
Colombia,Primera A,2021 - Clausura,21/10/2021,23:00,Once Caldas,Internacional de Bogotá,2,1,H,,,
Colombia,Primera A,2021 - Clausura,22/10/2021,22:00,CD Jaguares,Envigado,1,1,D,,,
Colombia,Primera A,2021 - Clausura,23/10/2021,00:00,Deportes Quindío,Alianza FC,1,0,H,,,
Colombia,Primera A,2021 - Clausura,23/10/2021,19:00,Patriotas,Deportivo Pereira,1,2,A,,,
Colombia,Primera A,2021 - Clausura,23/10/2021,21:00,Bucaramanga,Deportivo Pasto,2,1,H,,,
Colombia,Primera A,2021 - Clausura,23/10/2021,23:05,Independiente Medellín,Tolima,2,2,D,,,
Colombia,Primera A,2021 - Clausura,24/10/2021,01:10,Millonarios,Junior FC,4,1,H,,,
Colombia,Primera A,2021 - Clausura,24/10/2021,21:00,Águilas Doradas,Deportivo Cali,1,2,A,,,
Colombia,Primera A,2021 - Clausura,24/10/2021,23:05,América de Cali,Atlético Nacional,0,2,A,,,
Colombia,Primera A,2021 - Clausura,25/10/2021,01:10,Independiente Valle del Cauca,Santa Fe,1,2,A,,,
Colombia,Primera A,2021 - Clausura,26/10/2021,21:00,Envigado,Millonarios,2,1,H,,,
Colombia,Primera A,2021 - Clausura,26/10/2021,23:00,Alianza FC,Independiente Medellín,3,0,H,,,
Colombia,Primera A,2021 - Clausura,27/10/2021,01:05,Deportivo Pereira,Bucaramanga,1,1,D,,,
Colombia,Primera A,2021 - Clausura,27/10/2021,21:00,Internacional de Bogotá,Águilas Doradas,2,2,D,,,
Colombia,Primera A,2021 - Clausura,27/10/2021,23:00,Deportivo Cali,Patriotas,2,0,H,,,
Colombia,Primera A,2021 - Clausura,28/10/2021,01:05,Atlético Nacional,Once Caldas,2,0,H,,,
Colombia,Primera A,2021 - Clausura,28/10/2021,19:00,Deportivo Pasto,Independiente Valle del Cauca,1,0,H,,,
Colombia,Primera A,2021 - Clausura,28/10/2021,21:00,Santa Fe,CD Jaguares,3,1,H,,,
Colombia,Primera A,2021 - Clausura,28/10/2021,23:05,Junior FC,Deportes Quindío,0,0,D,,,
Colombia,Primera A,2021 - Clausura,29/10/2021,01:10,Tolima,América de Cali,0,1,A,,,
Colombia,Primera A,2021 - Clausura,30/10/2021,23:05,Bucaramanga,Envigado,2,1,H,,,
Colombia,Primera A,2021 - Clausura,31/10/2021,01:10,Millonarios,Internacional de Bogotá,0,1,A,,,
Colombia,Primera A,2021 - Clausura,31/10/2021,19:00,Once Caldas,Patriotas,1,1,D,,,
Colombia,Primera A,2021 - Clausura,31/10/2021,21:00,CD Jaguares,Atlético Nacional,0,0,D,,,
Colombia,Primera A,2021 - Clausura,31/10/2021,23:05,Independiente Medellín,Deportivo Pereira,0,0,D,,,
Colombia,Primera A,2021 - Clausura,01/11/2021,01:10,América de Cali,Alianza FC,1,1,D,,,
Colombia,Primera A,2021 - Clausura,01/11/2021,21:00,Junior FC,Deportivo Pasto,2,1,H,,,
Colombia,Primera A,2021 - Clausura,01/11/2021,23:05,Independiente Valle del Cauca,Deportivo Cali,0,5,A,,,
Colombia,Primera A,2021 - Clausura,02/11/2021,01:10,Deportes Quindío,Santa Fe,1,1,D,,,
Colombia,Primera A,2021 - Clausura,03/11/2021,01:00,Águilas Doradas,Tolima,1,1,D,,,
Colombia,Primera A,2021 - Clausura,06/11/2021,01:00,Deportivo Pereira,CD Jaguares,0,0,D,,,
Colombia,Primera A,2021 - Clausura,06/11/2021,18:45,Envigado,Once Caldas,1,2,A,,,
Colombia,Primera A,2021 - Clausura,06/11/2021,20:45,Alianza FC,Independiente Valle del Cauca,1,0,H,,,
Colombia,Primera A,2021 - Clausura,06/11/2021,23:00,Internacional de Bogotá,América de Cali,2,1,H,,,
Colombia,Primera A,2021 - Clausura,07/11/2021,01:05,Atlético Nacional,Bucaramanga,0,0,D,,,
Colombia,Primera A,2021 - Clausura,07/11/2021,19:00,Patriotas,Independiente Medellín,0,1,A,,,
Colombia,Primera A,2021 - Clausura,07/11/2021,21:00,Santa Fe,Junior FC,1,1,D,,,
Colombia,Primera A,2021 - Clausura,07/11/2021,23:05,Tolima,Millonarios,3,2,H,,,
Colombia,Primera A,2021 - Clausura,08/11/2021,01:10,Deportivo Cali,Deportes Quindío,1,0,H,,,
Colombia,Primera A,2021 - Clausura,09/11/2021,01:00,Deportivo Pasto,Águilas Doradas,0,2,A,,,
Colombia,Primera A,2021 - Clausura,13/11/2021,01:00,CD Jaguares,Deportivo Cali,1,0,H,,,
Colombia,Primera A,2021 - Clausura,13/11/2021,23:05,América de Cali,Deportivo Pasto,3,0,H,,,
Colombia,Primera A,2021 - Clausura,14/11/2021,01:10,Águilas Doradas,Envigado,1,1,D,,,
Colombia,Primera A,2021 - Clausura,14/11/2021,19:00,Deportes Quindío,Patriotas,0,3,A,,,
Colombia,Primera A,2021 - Clausura,14/11/2021,21:00,Independiente Medellín,Atlético Nacional,0,0,D,,,
Colombia,Primera A,2021 - Clausura,14/11/2021,23:05,Millonarios,Alianza FC,1,1,D,,,
Colombia,Primera A,2021 - Clausura,15/11/2021,01:10,Independiente Valle del Cauca,Deportivo Pereira,0,2,A,,,
Colombia,Primera A,2021 - Clausura,15/11/2021,20:30,Bucaramanga,Tolima,1,1,D,,,
Colombia,Primera A,2021 - Clausura,16/11/2021,01:05,Once Caldas,Santa Fe,2,1,H,,,
Colombia,Primera A,2021 - Clausura,18/11/2021,01:05,Junior FC,Internacional de Bogotá,1,0,H,,,
Colombia,Primera A,2021 - Clausura,21/11/2021,20:30,Alianza FC,Junior FC,1,1,D,,,
Colombia,Primera A,2021 - Clausura,21/11/2021,20:30,Atlético Nacional,Millonarios,1,3,A,,,
Colombia,Primera A,2021 - Clausura,21/11/2021,20:30,Deportivo Cali,Once Caldas,0,0,D,,,
Colombia,Primera A,2021 - Clausura,21/11/2021,20:30,Deportivo Pasto,Independiente Medellín,1,1,D,,,
Colombia,Primera A,2021 - Clausura,21/11/2021,20:30,Deportivo Pereira,América de Cali,1,5,A,,,
Colombia,Primera A,2021 - Clausura,21/11/2021,20:30,Envigado,Independiente Valle del Cauca,0,1,A,,,
Colombia,Primera A,2021 - Clausura,21/11/2021,20:30,Internacional de Bogotá,Bucaramanga,2,0,H,,,
Colombia,Primera A,2021 - Clausura,21/11/2021,20:30,Patriotas,CD Jaguares,3,0,H,,,
Colombia,Primera A,2021 - Clausura,21/11/2021,20:30,Santa Fe,Águilas Doradas,0,1,A,,,
Colombia,Primera A,2021 - Clausura,21/11/2021,20:30,Tolima,Deportes Quindío,3,1,H,,,
Colombia,Primera A,2021 - Clausura,27/11/2021,23:00,Deportivo Cali,Deportivo Pereira,2,1,H,,,
Colombia,Primera A,2021 - Clausura,28/11/2021,01:05,Atlético Nacional,Junior FC,1,1,D,,,
Colombia,Primera A,2021 - Clausura,28/11/2021,23:00,América de Cali,Millonarios,2,1,H,,,
Colombia,Primera A,2021 - Clausura,29/11/2021,01:05,Alianza FC,Tolima,1,4,A,,,
Colombia,Primera A,2021 - Clausura,01/12/2021,23:00,Deportivo Pereira,Atlético Nacional,1,1,D,,,
Colombia,Primera A,2021 - Clausura,02/12/2021,01:05,Junior FC,Deportivo Cali,2,2,D,,,
Colombia,Primera A,2021 - Clausura,02/12/2021,23:00,Tolima,América de Cali,2,0,H,,,
Colombia,Primera A,2021 - Clausura,03/12/2021,01:05,Millonarios,Alianza FC,3,0,H,,,
Colombia,Primera A,2021 - Clausura,04/12/2021,22:30,Deportivo Pereira,Junior FC,2,2,D,,,
Colombia,Primera A,2021 - Clausura,05/12/2021,01:00,Deportivo Cali,Atlético Nacional,3,1,H,,,
Colombia,Primera A,2021 - Clausura,05/12/2021,21:00,Alianza FC,América de Cali,2,1,H,,,
Colombia,Primera A,2021 - Clausura,05/12/2021,23:05,Tolima,Millonarios,1,1,D,,,
Colombia,Primera A,2021 - Clausura,08/12/2021,22:00,Junior FC,Deportivo Pereira,3,0,H,,,
Colombia,Primera A,2021 - Clausura,09/12/2021,00:30,Atlético Nacional,Deportivo Cali,1,2,A,,,
Colombia,Primera A,2021 - Clausura,09/12/2021,23:00,América de Cali,Alianza FC,2,1,H,,,
Colombia,Primera A,2021 - Clausura,10/12/2021,01:05,Millonarios,Tolima,1,1,D,,,
Colombia,Primera A,2021 - Clausura,11/12/2021,23:30,Deportivo Cali,Junior FC,2,0,H,,,
Colombia,Primera A,2021 - Clausura,12/12/2021,01:30,Atlético Nacional,Deportivo Pereira,5,1,H,,,
Colombia,Primera A,2021 - Clausura,12/12/2021,22:00,Alianza FC,Millonarios,0,1,A,,,
Colombia,Primera A,2021 - Clausura,13/12/2021,16:00,América de Cali,Tolima,0,1,A,,,
Colombia,Primera A,2021 - Clausura,15/12/2021,23:00,Junior FC,Atlético Nacional,1,1,D,,,
Colombia,Primera A,2021 - Clausura,16/12/2021,01:05,Deportivo Pereira,Deportivo Cali,1,0,H,,,
Colombia,Primera A,2021 - Clausura,17/12/2021,00:45,Millonarios,América de Cali,2,1,H,,,
Colombia,Primera A,2021 - Clausura,17/12/2021,00:45,Tolima,Alianza FC,2,2,D,,,
Colombia,Primera A,2021 - Clausura,19/12/2021,23:00,Deportivo Cali,Tolima,1,1,D,,,
Colombia,Primera A,2021 - Clausura,23/12/2021,00:30,Tolima,Deportivo Cali,1,2,A,,,
Colombia,Primera A,2021 - Apertura,16/01/2021,22:00,Millonarios,Envigado,1,0,H,,,
Colombia,Primera A,2021 - Apertura,17/01/2021,00:30,Junior FC,Independiente Medellín,1,0,H,,,
Colombia,Primera A,2021 - Apertura,17/01/2021,19:00,Deportivo Pasto,Internacional de Bogotá,2,2,D,,,
Colombia,Primera A,2021 - Apertura,17/01/2021,23:05,Atlético Nacional,Santa Fe,2,0,H,,,
Colombia,Primera A,2021 - Apertura,18/01/2021,01:10,Deportivo Cali,CD Jaguares,1,0,H,,,
Colombia,Primera A,2021 - Apertura,18/01/2021,20:30,Tolima,Once Caldas,1,1,D,,,
Colombia,Primera A,2021 - Apertura,20/01/2021,00:40,Bucaramanga,Chicó FC,2,0,H,,,
Colombia,Primera A,2021 - Apertura,21/01/2021,00:40,Alianza FC,Deportivo Pereira,2,2,D,,,
Colombia,Primera A,2021 - Apertura,23/01/2021,01:00,Independiente Medellín,Patriotas,2,1,H,,,
Colombia,Primera A,2021 - Apertura,23/01/2021,22:35,Envigado,Deportivo Pasto,0,1,A,,,
Colombia,Primera A,2021 - Apertura,24/01/2021,21:00,América de Cali,Águilas Doradas,1,1,D,,,
Colombia,Primera A,2021 - Apertura,24/01/2021,23:05,CD Jaguares,Bucaramanga,2,1,H,,,
Colombia,Primera A,2021 - Apertura,25/01/2021,01:10,Deportivo Pereira,Deportivo Cali,0,1,A,,,
Colombia,Primera A,2021 - Apertura,25/01/2021,19:00,Internacional de Bogotá,Atlético Nacional,1,0,H,,,
Colombia,Primera A,2021 - Apertura,25/01/2021,22:30,Once Caldas,Junior FC,1,2,A,,,
Colombia,Primera A,2021 - Apertura,29/01/2021,23:00,CD Jaguares,Alianza FC,2,0,H,,,
Colombia,Primera A,2021 - Apertura,30/01/2021,01:00,Deportivo Cali,Envigado,1,1,D,,,
Colombia,Primera A,2021 - Apertura,30/01/2021,19:00,Patriotas,Chicó FC,1,1,D,,,
Colombia,Primera A,2021 - Apertura,30/01/2021,21:00,Águilas Doradas,Santa Fe,0,2,A,,,
Colombia,Primera A,2021 - Apertura,30/01/2021,23:05,Atlético Nacional,Deportivo Pereira,5,2,H,,,
Colombia,Primera A,2021 - Apertura,31/01/2021,01:10,Junior FC,América de Cali,2,1,H,,,
Colombia,Primera A,2021 - Apertura,31/01/2021,20:30,Tolima,Internacional de Bogotá,1,0,H,,,
Colombia,Primera A,2021 - Apertura,01/02/2021,00:40,Bucaramanga,Independiente Medellín,0,1,A,,,
Colombia,Primera A,2021 - Apertura,01/02/2021,19:00,Millonarios,Once Caldas,4,3,H,,,
Colombia,Primera A,2021 - Apertura,02/02/2021,21:00,Envigado,CD Jaguares,1,1,D,,,
Colombia,Primera A,2021 - Apertura,02/02/2021,23:00,Chicó FC,Deportivo Cali,0,1,A,,,
Colombia,Primera A,2021 - Apertura,03/02/2021,01:05,Deportivo Pasto,Atlético Nacional,0,0,D,,,
Colombia,Primera A,2021 - Apertura,03/02/2021,19:00,Internacional de Bogotá,Junior FC,1,0,H,,,
Colombia,Primera A,2021 - Apertura,03/02/2021,21:00,Deportivo Pereira,Tolima,0,0,D,,,
Colombia,Primera A,2021 - Apertura,03/02/2021,23:05,Alianza FC,Águilas Doradas,1,2,A,,,
Colombia,Primera A,2021 - Apertura,04/02/2021,01:10,América de Cali,Bucaramanga,0,0,D,,,
Colombia,Primera A,2021 - Apertura,04/02/2021,19:00,Santa Fe,Patriotas,1,0,H,,,
Colombia,Primera A,2021 - Apertura,05/02/2021,01:00,Independiente Medellín,Millonarios,0,0,D,,,
Colombia,Primera A,2021 - Apertura,06/02/2021,20:15,Once Caldas,Envigado,3,1,H,,,
Colombia,Primera A,2021 - Apertura,06/02/2021,22:30,Junior FC,Alianza FC,2,0,H,,,
Colombia,Primera A,2021 - Apertura,07/02/2021,01:00,Atlético Nacional,Chicó FC,2,0,H,,,
Colombia,Primera A,2021 - Apertura,07/02/2021,19:00,Millonarios,Deportivo Pereira,3,2,H,,,
Colombia,Primera A,2021 - Apertura,07/02/2021,21:00,Tolima,Independiente Medellín,2,1,H,,,
Colombia,Primera A,2021 - Apertura,07/02/2021,23:05,Patriotas,Deportivo Cali,0,1,A,,,
Colombia,Primera A,2021 - Apertura,08/02/2021,01:10,CD Jaguares,Santa Fe,0,1,A,,,
Colombia,Primera A,2021 - Apertura,09/02/2021,01:00,Bucaramanga,Internacional de Bogotá,0,0,D,,,
Colombia,Primera A,2021 - Apertura,10/02/2021,00:40,Águilas Doradas,Deportivo Pasto,1,1,D,,,
Colombia,Primera A,2021 - Apertura,12/02/2021,21:00,Deportivo Pereira,Patriotas,1,2,A,,,
Colombia,Primera A,2021 - Apertura,12/02/2021,23:00,Alianza FC,Once Caldas,0,0,D,,,
Colombia,Primera A,2021 - Apertura,13/02/2021,01:05,Chicó FC,América de Cali,1,2,A,,,
Colombia,Primera A,2021 - Apertura,13/02/2021,20:15,Internacional de Bogotá,Millonarios,1,0,H,,,
Colombia,Primera A,2021 - Apertura,13/02/2021,22:30,Deportivo Cali,Águilas Doradas,1,0,H,,,
Colombia,Primera A,2021 - Apertura,14/02/2021,01:00,Envigado,Junior FC,2,2,D,,,
Colombia,Primera A,2021 - Apertura,14/02/2021,19:00,Santa Fe,Bucaramanga,2,0,H,,,
Colombia,Primera A,2021 - Apertura,14/02/2021,23:05,Independiente Medellín,CD Jaguares,1,0,H,,,
Colombia,Primera A,2021 - Apertura,15/02/2021,01:10,Deportivo Pasto,Tolima,0,1,A,,,
Colombia,Primera A,2021 - Apertura,16/02/2021,23:00,Patriotas,Alianza FC,3,1,H,,,
Colombia,Primera A,2021 - Apertura,17/02/2021,01:00,Once Caldas,Atlético Nacional,0,1,A,,,
Colombia,Primera A,2021 - Apertura,17/02/2021,19:00,Bucaramanga,Deportivo Pereira,2,0,H,,,
Colombia,Primera A,2021 - Apertura,17/02/2021,21:00,Águilas Doradas,Envigado,1,1,D,,,
Colombia,Primera A,2021 - Apertura,17/02/2021,23:05,Independiente Medellín,Chicó FC,1,0,H,,,
Colombia,Primera A,2021 - Apertura,18/02/2021,01:10,Junior FC,Deportivo Cali,1,2,A,,,
Colombia,Primera A,2021 - Apertura,18/02/2021,21:00,CD Jaguares,Internacional de Bogotá,2,1,H,,,
Colombia,Primera A,2021 - Apertura,18/02/2021,23:00,Millonarios,Deportivo Pasto,3,1,H,,,
Colombia,Primera A,2021 - Apertura,19/02/2021,01:05,América de Cali,Santa Fe,0,0,D,,,
Colombia,Primera A,2021 - Apertura,20/02/2021,01:00,Tolima,Patriotas,3,1,H,,,
Colombia,Primera A,2021 - Apertura,20/02/2021,20:15,Envigado,Bucaramanga,1,0,H,,,
Colombia,Primera A,2021 - Apertura,20/02/2021,22:30,Deportivo Pereira,Águilas Doradas,0,0,D,,,
Colombia,Primera A,2021 - Apertura,21/02/2021,01:00,Chicó FC,Junior FC,2,1,H,,,
Colombia,Primera A,2021 - Apertura,21/02/2021,19:00,Internacional de Bogotá,Once Caldas,0,0,D,,,
Colombia,Primera A,2021 - Apertura,21/02/2021,21:00,Deportivo Pasto,CD Jaguares,2,2,D,,,
Colombia,Primera A,2021 - Apertura,21/02/2021,23:05,Santa Fe,Independiente Medellín,0,0,D,,,
Colombia,Primera A,2021 - Apertura,22/02/2021,01:10,Atlético Nacional,América de Cali,2,2,D,,,
Colombia,Primera A,2021 - Apertura,23/02/2021,01:00,Deportivo Cali,Alianza FC,1,1,D,,,
Colombia,Primera A,2021 - Apertura,24/02/2021,01:00,Junior FC,Millonarios,2,0,H,,,
Colombia,Primera A,2021 - Apertura,24/02/2021,19:00,América de Cali,Envigado,0,0,D,,,
Colombia,Primera A,2021 - Apertura,24/02/2021,21:00,Águilas Doradas,Internacional de Bogotá,1,2,A,,,
Colombia,Primera A,2021 - Apertura,24/02/2021,23:05,Bucaramanga,Atlético Nacional,3,2,H,,,
Colombia,Primera A,2021 - Apertura,25/02/2021,01:10,Santa Fe,Chicó FC,2,0,H,,,
Colombia,Primera A,2021 - Apertura,25/02/2021,19:00,Once Caldas,Deportivo Pasto,0,1,A,,,
Colombia,Primera A,2021 - Apertura,25/02/2021,21:00,CD Jaguares,Deportivo Pereira,2,0,H,,,
Colombia,Primera A,2021 - Apertura,25/02/2021,23:05,Alianza FC,Tolima,0,5,A,,,
Colombia,Primera A,2021 - Apertura,26/02/2021,01:10,Independiente Medellín,Deportivo Cali,1,1,D,,,
Colombia,Primera A,2021 - Apertura,27/02/2021,22:30,Internacional de Bogotá,Chicó FC,2,1,H,,,
Colombia,Primera A,2021 - Apertura,28/02/2021,01:00,Patriotas,Junior FC,1,0,H,,,
Colombia,Primera A,2021 - Apertura,28/02/2021,19:00,Envigado,Independiente Medellín,1,1,D,,,
Colombia,Primera A,2021 - Apertura,28/02/2021,21:00,Tolima,Águilas Doradas,1,0,H,,,
Colombia,Primera A,2021 - Apertura,28/02/2021,23:05,Deportivo Pasto,América de Cali,1,1,D,,,
Colombia,Primera A,2021 - Apertura,01/03/2021,01:10,Deportivo Cali,Santa Fe,1,1,D,,,
Colombia,Primera A,2021 - Apertura,01/03/2021,23:00,Deportivo Pereira,Once Caldas,2,0,H,,,
Colombia,Primera A,2021 - Apertura,02/03/2021,01:00,Millonarios,CD Jaguares,0,2,A,,,
Colombia,Primera A,2021 - Apertura,03/03/2021,01:00,Atlético Nacional,Alianza FC,5,0,H,,,
Colombia,Primera A,2021 - Apertura,04/03/2021,01:05,Patriotas,América de Cali,0,1,A,,,
Colombia,Primera A,2021 - Apertura,04/03/2021,23:00,Chicó FC,Millonarios,0,1,A,,,
Colombia,Primera A,2021 - Apertura,05/03/2021,01:05,Santa Fe,Tolima,3,2,H,,,
Colombia,Primera A,2021 - Apertura,05/03/2021,23:00,Independiente Medellín,Internacional de Bogotá,1,1,D,,,
Colombia,Primera A,2021 - Apertura,06/03/2021,01:00,Junior FC,Bucaramanga,1,1,D,,,
Colombia,Primera A,2021 - Apertura,06/03/2021,22:30,Once Caldas,Deportivo Cali,0,0,D,,,
Colombia,Primera A,2021 - Apertura,07/03/2021,01:00,Águilas Doradas,Atlético Nacional,1,1,D,,,
Colombia,Primera A,2021 - Apertura,07/03/2021,20:30,América de Cali,Deportivo Pereira,1,0,H,,,
Colombia,Primera A,2021 - Apertura,07/03/2021,22:40,CD Jaguares,Patriotas,3,2,H,,,
Colombia,Primera A,2021 - Apertura,08/03/2021,01:00,Chicó FC,Tolima,2,1,H,,,
Colombia,Primera A,2021 - Apertura,09/03/2021,01:00,Santa Fe,Deportivo Pasto,2,2,D,,,
Colombia,Primera A,2021 - Apertura,10/03/2021,01:00,Alianza FC,Millonarios,0,2,A,,,
Colombia,Primera A,2021 - Apertura,12/03/2021,01:00,Deportivo Cali,América de Cali,0,2,A,,,
Colombia,Primera A,2021 - Apertura,12/03/2021,20:15,Internacional de Bogotá,Envigado,3,1,H,,,
Colombia,Primera A,2021 - Apertura,13/03/2021,01:00,Tolima,CD Jaguares,3,2,H,,,
Colombia,Primera A,2021 - Apertura,13/03/2021,22:30,Deportivo Pasto,Alianza FC,1,0,H,,,
Colombia,Primera A,2021 - Apertura,14/03/2021,01:00,Patriotas,Millonarios,0,2,A,,,
Colombia,Primera A,2021 - Apertura,14/03/2021,22:35,Águilas Doradas,Independiente Medellín,0,2,A,,,
Colombia,Primera A,2021 - Apertura,15/03/2021,01:00,Atlético Nacional,Junior FC,1,0,H,,,
Colombia,Primera A,2021 - Apertura,16/03/2021,01:00,Bucaramanga,Once Caldas,1,1,D,,,
Colombia,Primera A,2021 - Apertura,17/03/2021,01:00,Deportivo Pereira,Chicó FC,0,0,D,,,
Colombia,Primera A,2021 - Apertura,20/03/2021,00:40,CD Jaguares,Águilas Doradas,0,2,A,,,
Colombia,Primera A,2021 - Apertura,20/03/2021,20:30,Envigado,Santa Fe,2,1,H,,,
Colombia,Primera A,2021 - Apertura,20/03/2021,22:40,Junior FC,Deportivo Pereira,3,0,H,,,
Colombia,Primera A,2021 - Apertura,21/03/2021,01:00,Once Caldas,América de Cali,1,1,D,,,
Colombia,Primera A,2021 - Apertura,21/03/2021,20:30,Independiente Medellín,Deportivo Pasto,2,2,D,,,
Colombia,Primera A,2021 - Apertura,21/03/2021,22:40,Deportivo Cali,Tolima,0,0,D,,,
Colombia,Primera A,2021 - Apertura,22/03/2021,01:00,Millonarios,Atlético Nacional,1,2,A,,,
Colombia,Primera A,2021 - Apertura,22/03/2021,23:05,Patriotas,Internacional de Bogotá,1,2,A,,,
Colombia,Primera A,2021 - Apertura,23/03/2021,01:10,Alianza FC,Bucaramanga,1,3,A,,,
Colombia,Primera A,2021 - Apertura,23/03/2021,23:00,Chicó FC,Envigado,3,0,H,,,
Colombia,Primera A,2021 - Apertura,24/03/2021,01:00,Santa Fe,Once Caldas,2,0,H,,,
Colombia,Primera A,2021 - Apertura,24/03/2021,20:15,América de Cali,Independiente Medellín,1,2,A,,,
Colombia,Primera A,2021 - Apertura,24/03/2021,22:30,Tolima,Junior FC,0,1,A,,,
Colombia,Primera A,2021 - Apertura,25/03/2021,01:00,Atlético Nacional,CD Jaguares,3,1,H,,,
Colombia,Primera A,2021 - Apertura,25/03/2021,19:00,Deportivo Pasto,Patriotas,1,0,H,,,
Colombia,Primera A,2021 - Apertura,25/03/2021,21:00,Internacional de Bogotá,Alianza FC,1,1,D,,,
Colombia,Primera A,2021 - Apertura,25/03/2021,23:05,Bucaramanga,Deportivo Cali,1,0,H,,,
Colombia,Primera A,2021 - Apertura,26/03/2021,01:10,Águilas Doradas,Millonarios,0,0,D,,,
Colombia,Primera A,2021 - Apertura,27/03/2021,19:00,Envigado,Tolima,0,0,D,,,
Colombia,Primera A,2021 - Apertura,27/03/2021,21:00,Once Caldas,Chicó FC,4,2,H,,,
Colombia,Primera A,2021 - Apertura,27/03/2021,23:05,Junior FC,Santa Fe,1,1,D,,,
Colombia,Primera A,2021 - Apertura,28/03/2021,01:10,Independiente Medellín,Atlético Nacional,0,0,D,,,
Colombia,Primera A,2021 - Apertura,28/03/2021,19:00,Deportivo Pereira,Internacional de Bogotá,0,0,D,,,
Colombia,Primera A,2021 - Apertura,28/03/2021,21:00,Alianza FC,América de Cali,0,2,A,,,
Colombia,Primera A,2021 - Apertura,28/03/2021,23:05,Patriotas,Águilas Doradas,2,1,H,,,
Colombia,Primera A,2021 - Apertura,29/03/2021,01:10,Millonarios,Bucaramanga,2,1,H,,,
Colombia,Primera A,2021 - Apertura,30/03/2021,01:00,Deportivo Cali,Deportivo Pasto,1,1,D,,,
Colombia,Primera A,2021 - Apertura,30/03/2021,23:00,Tolima,Atlético Nacional,2,1,H,,,
Colombia,Primera A,2021 - Apertura,31/03/2021,01:05,CD Jaguares,Junior FC,0,2,A,,,
Colombia,Primera A,2021 - Apertura,31/03/2021,20:30,América de Cali,Millonarios,2,1,H,,,
Colombia,Primera A,2021 - Apertura,31/03/2021,22:40,Envigado,Patriotas,3,0,H,,,
Colombia,Primera A,2021 - Apertura,01/04/2021,01:00,Águilas Doradas,Once Caldas,2,2,D,,,
Colombia,Primera A,2021 - Apertura,01/04/2021,23:00,Chicó FC,Alianza FC,2,0,H,,,
Colombia,Primera A,2021 - Apertura,02/04/2021,01:05,Internacional de Bogotá,Deportivo Cali,2,5,A,,,
Colombia,Primera A,2021 - Apertura,03/04/2021,00:40,Santa Fe,Deportivo Pereira,1,1,D,,,
Colombia,Primera A,2021 - Apertura,03/04/2021,23:05,Atlético Nacional,Envigado,3,0,H,,,
Colombia,Primera A,2021 - Apertura,04/04/2021,01:10,Millonarios,Tolima,0,0,D,,,
Colombia,Primera A,2021 - Apertura,04/04/2021,20:30,América de Cali,Internacional de Bogotá,0,1,A,,,
Colombia,Primera A,2021 - Apertura,04/04/2021,22:40,Chicó FC,Deportivo Pasto,0,0,D,,,
Colombia,Primera A,2021 - Apertura,05/04/2021,01:00,Junior FC,Águilas Doradas,0,0,D,,,
Colombia,Primera A,2021 - Apertura,05/04/2021,23:00,Bucaramanga,Patriotas,0,1,A,,,
Colombia,Primera A,2021 - Apertura,06/04/2021,01:00,Once Caldas,CD Jaguares,1,2,A,,,
Colombia,Primera A,2021 - Apertura,06/04/2021,23:00,Deportivo Pereira,Independiente Medellín,1,0,H,,,
Colombia,Primera A,2021 - Apertura,07/04/2021,01:00,Alianza FC,Santa Fe,0,3,A,,,
Colombia,Primera A,2021 - Apertura,10/04/2021,20:30,Independiente Medellín,Alianza FC,2,2,D,,,
Colombia,Primera A,2021 - Apertura,10/04/2021,22:40,CD Jaguares,América de Cali,0,0,D,,,
Colombia,Primera A,2021 - Apertura,11/04/2021,01:00,Deportivo Cali,Atlético Nacional,1,0,H,,,
Colombia,Primera A,2021 - Apertura,11/04/2021,20:30,Águilas Doradas,Chicó FC,0,3,A,,,
Colombia,Primera A,2021 - Apertura,11/04/2021,20:30,Envigado,Deportivo Pereira,0,1,A,,,
Colombia,Primera A,2021 - Apertura,11/04/2021,22:40,Deportivo Pasto,Junior FC,0,0,D,,,
Colombia,Primera A,2021 - Apertura,12/04/2021,01:00,Santa Fe,Millonarios,1,2,A,,,
Colombia,Primera A,2021 - Apertura,13/04/2021,01:00,Tolima,Bucaramanga,0,0,D,,,
Colombia,Primera A,2021 - Apertura,14/04/2021,01:00,Patriotas,Once Caldas,1,1,D,,,
Colombia,Primera A,2021 - Apertura,16/04/2021,00:40,Deportivo Pasto,Bucaramanga,1,1,D,,,
Colombia,Primera A,2021 - Apertura,17/04/2021,00:40,Alianza FC,Envigado,1,1,D,,,
Colombia,Primera A,2021 - Apertura,18/04/2021,20:30,América de Cali,Tolima,2,0,H,,,
Colombia,Primera A,2021 - Apertura,18/04/2021,20:30,Atlético Nacional,Patriotas,7,1,H,,,
Colombia,Primera A,2021 - Apertura,18/04/2021,20:30,Bucaramanga,Águilas Doradas,4,1,H,,,
Colombia,Primera A,2021 - Apertura,18/04/2021,20:30,Chicó FC,CD Jaguares,0,0,D,,,
Colombia,Primera A,2021 - Apertura,18/04/2021,20:30,Deportivo Pereira,Deportivo Pasto,4,2,H,,,
Colombia,Primera A,2021 - Apertura,18/04/2021,20:30,Internacional de Bogotá,Santa Fe,1,2,A,,,
Colombia,Primera A,2021 - Apertura,18/04/2021,20:30,Millonarios,Deportivo Cali,3,1,H,,,
Colombia,Primera A,2021 - Apertura,18/04/2021,20:30,Once Caldas,Independiente Medellín,2,0,H,,,
Colombia,Primera A,2021 - Apertura,24/04/2021,20:30,América de Cali,Millonarios,1,2,A,,,
Colombia,Primera A,2021 - Apertura,25/04/2021,20:30,Junior FC,Santa Fe,3,1,H,,,
Colombia,Primera A,2021 - Apertura,25/04/2021,22:40,Tolima,Deportivo Cali,3,0,H,,,
Colombia,Primera A,2021 - Apertura,26/04/2021,01:00,Internacional de Bogotá,Atlético Nacional,1,0,H,,,
Colombia,Primera A,2021 - Apertura,01/05/2021,23:00,Millonarios,América de Cali,0,0,D,,,
Colombia,Primera A,2021 - Apertura,02/05/2021,18:00,Santa Fe,Junior FC,0,0,D,,,
Colombia,Primera A,2021 - Apertura,02/05/2021,20:30,Atlético Nacional,Internacional de Bogotá,2,2,D,,,
Colombia,Primera A,2021 - Apertura,04/06/2021,20:30,Deportivo Cali,Tolima,2,0,H,,,
Colombia,Primera A,2021 - Apertura,10/06/2021,21:00,Junior FC,Millonarios,3,2,H,,,
Colombia,Primera A,2021 - Apertura,10/06/2021,23:05,Tolima,Internacional de Bogotá,1,1,D,,,
Colombia,Primera A,2021 - Apertura,13/06/2021,18:30,Millonarios,Junior FC,2,0,H,,,
Colombia,Primera A,2021 - Apertura,15/06/2021,00:00,Internacional de Bogotá,Tolima,1,2,A,,,
Colombia,Primera A,2021 - Apertura,18/06/2021,01:00,Tolima,Millonarios,1,1,D,,,
Colombia,Primera A,2021 - Apertura,20/06/2021,20:00,Millonarios,Tolima,1,2,A,,,
Colombia,Primera A,2020 - Apertura,24/01/2020,00:45,Tolima,Independiente Medellín,2,2,D,,,
Colombia,Primera A,2020 - Apertura,24/01/2020,23:00,Águilas Doradas,CD Jaguares,2,0,H,,,
Colombia,Primera A,2020 - Apertura,25/01/2020,01:05,Once Caldas,Santa Fe,0,0,D,,,
Colombia,Primera A,2020 - Apertura,25/01/2020,19:00,Envigado,Chicó FC,1,0,H,,,
Colombia,Primera A,2020 - Apertura,25/01/2020,21:05,Bucaramanga,Deportivo Cali,0,2,A,,,
Colombia,Primera A,2020 - Apertura,25/01/2020,23:10,Junior FC,Internacional de Bogotá,2,0,H,,,
Colombia,Primera A,2020 - Apertura,26/01/2020,01:15,América de Cali,Alianza FC,3,1,H,,,
Colombia,Primera A,2020 - Apertura,26/01/2020,20:15,Patriotas,Cúcuta,1,1,D,,,
Colombia,Primera A,2020 - Apertura,26/01/2020,22:20,Atlético Nacional,Deportivo Pereira,2,0,H,,,
Colombia,Primera A,2020 - Apertura,27/01/2020,00:30,Millonarios,Deportivo Pasto,1,2,A,,,
Colombia,Primera A,2020 - Apertura,28/01/2020,21:00,Once Caldas,Bucaramanga,1,1,D,,,
Colombia,Primera A,2020 - Apertura,28/01/2020,23:05,Independiente Medellín,Águilas Doradas,2,1,H,,,
Colombia,Primera A,2020 - Apertura,29/01/2020,01:10,Deportivo Cali,Junior FC,0,0,D,,,
Colombia,Primera A,2020 - Apertura,29/01/2020,21:05,CD Jaguares,América de Cali,2,2,D,,,
Colombia,Primera A,2020 - Apertura,29/01/2020,23:10,Chicó FC,Patriotas,1,0,H,,,
Colombia,Primera A,2020 - Apertura,30/01/2020,01:15,Internacional de Bogotá,Atlético Nacional,3,4,A,,,
Colombia,Primera A,2020 - Apertura,30/01/2020,21:00,Alianza FC,Deportivo Pereira,1,0,H,,,
Colombia,Primera A,2020 - Apertura,30/01/2020,23:05,Cúcuta,Millonarios,1,1,D,,,
Colombia,Primera A,2020 - Apertura,30/01/2020,23:05,Santa Fe,Envigado,1,1,D,,,
Colombia,Primera A,2020 - Apertura,01/02/2020,21:05,Bucaramanga,Tolima,0,0,D,,,
Colombia,Primera A,2020 - Apertura,01/02/2020,23:10,Junior FC,Independiente Medellín,1,0,H,,,
Colombia,Primera A,2020 - Apertura,02/02/2020,01:15,Atlético Nacional,CD Jaguares,1,2,A,,,
Colombia,Primera A,2020 - Apertura,02/02/2020,20:15,Deportivo Pereira,Cúcuta,2,0,H,,,
Colombia,Primera A,2020 - Apertura,02/02/2020,22:20,Millonarios,Internacional de Bogotá,2,2,D,,,
Colombia,Primera A,2020 - Apertura,03/02/2020,00:30,América de Cali,Chicó FC,1,0,H,,,
Colombia,Primera A,2020 - Apertura,03/02/2020,21:00,Alianza FC,Deportivo Pasto,0,1,A,,,
Colombia,Primera A,2020 - Apertura,03/02/2020,23:00,Águilas Doradas,Santa Fe,1,0,H,,,
Colombia,Primera A,2020 - Apertura,04/02/2020,23:00,Envigado,Once Caldas,0,1,A,,,
Colombia,Primera A,2020 - Apertura,05/02/2020,01:05,Patriotas,Deportivo Cali,0,0,D,,,
Colombia,Primera A,2020 - Apertura,07/02/2020,21:00,Independiente Medellín,Patriotas,3,1,H,,,
Colombia,Primera A,2020 - Apertura,07/02/2020,23:05,Deportivo Pasto,Bucaramanga,4,0,H,,,
Colombia,Primera A,2020 - Apertura,08/02/2020,01:10,Tolima,Envigado,3,0,H,,,
Colombia,Primera A,2020 - Apertura,08/02/2020,21:05,Cúcuta,Alianza FC,0,2,A,,,
Colombia,Primera A,2020 - Apertura,08/02/2020,23:10,Deportivo Cali,América de Cali,2,1,H,,,
Colombia,Primera A,2020 - Apertura,09/02/2020,01:15,Santa Fe,Junior FC,3,1,H,,,
Colombia,Primera A,2020 - Apertura,09/02/2020,19:00,Internacional de Bogotá,Deportivo Pereira,3,3,D,,,
Colombia,Primera A,2020 - Apertura,09/02/2020,21:00,CD Jaguares,Millonarios,4,1,H,,,
Colombia,Primera A,2020 - Apertura,11/02/2020,00:40,Once Caldas,Águilas Doradas,1,1,D,,,
Colombia,Primera A,2020 - Apertura,12/02/2020,01:05,Chicó FC,Atlético Nacional,0,3,A,,,
Colombia,Primera A,2020 - Apertura,14/02/2020,23:00,Águilas Doradas,Tolima,1,1,D,,,
Colombia,Primera A,2020 - Apertura,15/02/2020,01:05,Alianza FC,Internacional de Bogotá,1,0,H,,,
Colombia,Primera A,2020 - Apertura,15/02/2020,21:05,América de Cali,Independiente Medellín,2,0,H,,,
Colombia,Primera A,2020 - Apertura,15/02/2020,23:10,Millonarios,Chicó FC,2,1,H,,,
Colombia,Primera A,2020 - Apertura,16/02/2020,01:15,Atlético Nacional,Deportivo Cali,2,2,D,,,
Colombia,Primera A,2020 - Apertura,16/02/2020,19:00,Patriotas,Santa Fe,0,2,A,,,
Colombia,Primera A,2020 - Apertura,16/02/2020,21:05,Envigado,Bucaramanga,4,0,H,,,
Colombia,Primera A,2020 - Apertura,16/02/2020,23:10,Junior FC,Once Caldas,0,0,D,,,
Colombia,Primera A,2020 - Apertura,17/02/2020,01:15,Cúcuta,Deportivo Pasto,0,0,D,,,
Colombia,Primera A,2020 - Apertura,19/02/2020,00:40,Deportivo Pereira,CD Jaguares,1,0,H,,,
Colombia,Primera A,2020 - Apertura,21/02/2020,23:05,Deportivo Pasto,Envigado,1,0,H,,,
Colombia,Primera A,2020 - Apertura,22/02/2020,01:10,Santa Fe,América de Cali,2,0,H,,,
Colombia,Primera A,2020 - Apertura,22/02/2020,20:15,Chicó FC,Deportivo Pereira,0,1,A,,,
Colombia,Primera A,2020 - Apertura,22/02/2020,22:20,Independiente Medellín,Atlético Nacional,1,3,A,,,
Colombia,Primera A,2020 - Apertura,23/02/2020,14:30,Tolima,Junior FC,0,0,D,,,
Colombia,Primera A,2020 - Apertura,23/02/2020,20:15,Internacional de Bogotá,Cúcuta,4,1,H,,,
Colombia,Primera A,2020 - Apertura,23/02/2020,22:20,Bucaramanga,Águilas Doradas,2,0,H,,,
Colombia,Primera A,2020 - Apertura,24/02/2020,00:30,Once Caldas,Patriotas,0,0,D,,,
Colombia,Primera A,2020 - Apertura,25/02/2020,01:05,CD Jaguares,Alianza FC,1,3,A,,,
Colombia,Primera A,2020 - Apertura,29/02/2020,00:40,Junior FC,CD Jaguares,3,2,H,,,
Colombia,Primera A,2020 - Apertura,29/02/2020,19:30,Patriotas,Chicó FC,1,1,D,,,
Colombia,Primera A,2020 - Apertura,29/02/2020,21:05,Atlético Nacional,Independiente Medellín,1,1,D,,,
Colombia,Primera A,2020 - Apertura,29/02/2020,23:10,América de Cali,Deportivo Cali,1,1,D,,,
Colombia,Primera A,2020 - Apertura,01/03/2020,01:15,Alianza FC,Tolima,0,1,A,,,
Colombia,Primera A,2020 - Apertura,01/03/2020,19:00,Deportivo Pasto,Internacional de Bogotá,1,2,A,,,
Colombia,Primera A,2020 - Apertura,01/03/2020,21:05,Águilas Doradas,Envigado,1,1,D,,,
Colombia,Primera A,2020 - Apertura,01/03/2020,23:10,Cúcuta,Bucaramanga,0,1,A,,,
Colombia,Primera A,2020 - Apertura,02/03/2020,01:15,Deportivo Pereira,Once Caldas,1,3,A,,,
Colombia,Primera A,2020 - Apertura,04/03/2020,00:40,Millonarios,Santa Fe,0,0,D,,,
Colombia,Primera A,2020 - Apertura,07/03/2020,00:40,Deportivo Cali,Deportivo Pereira,2,2,D,,,
Colombia,Primera A,2020 - Apertura,07/03/2020,21:05,Once Caldas,América de Cali,1,1,D,,,
Colombia,Primera A,2020 - Apertura,07/03/2020,23:30,Independiente Medellín,Millonarios,1,0,H,,,
Colombia,Primera A,2020 - Apertura,08/03/2020,01:30,Bucaramanga,Junior FC,1,1,D,,,
Colombia,Primera A,2020 - Apertura,08/03/2020,19:00,Chicó FC,Alianza FC,2,2,D,,,
Colombia,Primera A,2020 - Apertura,08/03/2020,21:05,Envigado,Águilas Doradas,2,2,D,,,
Colombia,Primera A,2020 - Apertura,08/03/2020,23:10,Santa Fe,Atlético Nacional,2,2,D,,,
Colombia,Primera A,2020 - Apertura,09/03/2020,01:15,Tolima,Patriotas,1,0,H,,,
Colombia,Primera A,2020 - Apertura,10/03/2020,23:00,CD Jaguares,Cúcuta,0,3,A,,,
Colombia,Primera A,2020 - Apertura,11/03/2020,01:05,Internacional de Bogotá,Deportivo Pasto,1,1,D,,,
Colombia,Primera A,2020 - Apertura,12/09/2020,23:00,Deportivo Cali,Millonarios,1,1,D,,,
Colombia,Primera A,2020 - Apertura,14/09/2020,00:30,Deportivo Pasto,Tolima,1,3,A,,,
Colombia,Primera A,2020 - Apertura,18/09/2020,23:00,Internacional de Bogotá,Chicó FC,4,0,H,,,
Colombia,Primera A,2020 - Apertura,19/09/2020,19:00,Patriotas,Envigado,0,1,A,,,
Colombia,Primera A,2020 - Apertura,19/09/2020,21:00,Deportivo Pereira,Santa Fe,1,2,A,,,
Colombia,Primera A,2020 - Apertura,19/09/2020,23:05,Alianza FC,Independiente Medellín,1,0,H,,,
Colombia,Primera A,2020 - Apertura,20/09/2020,01:10,Millonarios,Once Caldas,1,3,A,,,
Colombia,Primera A,2020 - Apertura,20/09/2020,20:15,Deportivo Pasto,CD Jaguares,2,0,H,,,
Colombia,Primera A,2020 - Apertura,20/09/2020,22:30,América de Cali,Bucaramanga,2,1,H,,,
Colombia,Primera A,2020 - Apertura,21/09/2020,00:45,Junior FC,Águilas Doradas,2,1,H,,,
Colombia,Primera A,2020 - Apertura,23/09/2020,00:30,Cúcuta,Deportivo Cali,3,3,D,,,
Colombia,Primera A,2020 - Apertura,25/09/2020,23:00,CD Jaguares,Internacional de Bogotá,2,0,H,,,
Colombia,Primera A,2020 - Apertura,26/09/2020,01:05,Once Caldas,Atlético Nacional,2,0,H,,,
Colombia,Primera A,2020 - Apertura,26/09/2020,21:00,Bucaramanga,Patriotas,1,1,D,,,
Colombia,Primera A,2020 - Apertura,26/09/2020,23:05,Envigado,Junior FC,1,0,H,,,
Colombia,Primera A,2020 - Apertura,27/09/2020,01:10,Tolima,América de Cali,1,0,H,,,
Colombia,Primera A,2020 - Apertura,27/09/2020,19:00,Chicó FC,Cúcuta,0,2,A,,,
Colombia,Primera A,2020 - Apertura,27/09/2020,21:00,Deportivo Cali,Alianza FC,2,0,H,,,
Colombia,Primera A,2020 - Apertura,27/09/2020,23:05,Independiente Medellín,Deportivo Pereira,1,1,D,,,
Colombia,Primera A,2020 - Apertura,28/09/2020,01:10,Santa Fe,Millonarios,1,1,D,,,
Colombia,Primera A,2020 - Apertura,30/09/2020,00:40,Águilas Doradas,Deportivo Pasto,1,1,D,,,
Colombia,Primera A,2020 - Apertura,01/10/2020,01:10,Atlético Nacional,Tolima,1,2,A,,,
Colombia,Primera A,2020 - Apertura,02/10/2020,21:00,Alianza FC,Once Caldas,1,1,D,,,
Colombia,Primera A,2020 - Apertura,02/10/2020,23:05,Cúcuta,Santa Fe,2,3,A,,,
Colombia,Primera A,2020 - Apertura,03/10/2020,01:10,Millonarios,Bucaramanga,0,0,D,,,
Colombia,Primera A,2020 - Apertura,03/10/2020,19:00,Deportivo Pasto,Chicó FC,2,1,H,,,
Colombia,Primera A,2020 - Apertura,03/10/2020,21:00,CD Jaguares,Deportivo Cali,0,0,D,,,
Colombia,Primera A,2020 - Apertura,03/10/2020,23:05,Deportivo Pereira,Tolima,0,0,D,,,
Colombia,Primera A,2020 - Apertura,04/10/2020,01:10,Atlético Nacional,Envigado,3,2,H,,,
Colombia,Primera A,2020 - Apertura,04/10/2020,21:00,Patriotas,Junior FC,0,0,D,,,
Colombia,Primera A,2020 - Apertura,04/10/2020,23:05,América de Cali,Águilas Doradas,3,1,H,,,
Colombia,Primera A,2020 - Apertura,05/10/2020,01:10,Internacional de Bogotá,Independiente Medellín,1,0,H,,,
Colombia,Primera A,2020 - Apertura,06/10/2020,19:00,Santa Fe,Alianza FC,4,1,H,,,
Colombia,Primera A,2020 - Apertura,06/10/2020,21:00,Once Caldas,Deportivo Pereira,0,3,A,,,
Colombia,Primera A,2020 - Apertura,06/10/2020,23:05,Tolima,Millonarios,2,2,D,,,
Colombia,Primera A,2020 - Apertura,07/10/2020,01:10,Bucaramanga,Atlético Nacional,1,2,A,,,
Colombia,Primera A,2020 - Apertura,07/10/2020,21:00,Deportivo Cali,Internacional de Bogotá,1,0,H,,,
Colombia,Primera A,2020 - Apertura,07/10/2020,23:05,Envigado,América de Cali,1,1,D,,,
Colombia,Primera A,2020 - Apertura,08/10/2020,01:10,Junior FC,Deportivo Pasto,0,1,A,,,
Colombia,Primera A,2020 - Apertura,08/10/2020,19:00,Águilas Doradas,Patriotas,3,0,H,,,
Colombia,Primera A,2020 - Apertura,08/10/2020,23:05,Chicó FC,CD Jaguares,1,0,H,,,
Colombia,Primera A,2020 - Apertura,09/10/2020,01:10,Independiente Medellín,Cúcuta,4,1,H,,,
Colombia,Primera A,2020 - Apertura,10/10/2020,19:00,Internacional de Bogotá,Once Caldas,2,0,H,,,
Colombia,Primera A,2020 - Apertura,10/10/2020,21:00,Deportivo Pereira,Envigado,1,1,D,,,
Colombia,Primera A,2020 - Apertura,10/10/2020,23:05,Deportivo Pasto,Deportivo Cali,1,1,D,,,
Colombia,Primera A,2020 - Apertura,11/10/2020,01:10,Atlético Nacional,Junior FC,2,2,D,,,
Colombia,Primera A,2020 - Apertura,11/10/2020,19:00,Cúcuta,Tolima,0,3,A,,,
Colombia,Primera A,2020 - Apertura,11/10/2020,21:00,Chicó FC,Independiente Medellín,1,0,H,,,
Colombia,Primera A,2020 - Apertura,11/10/2020,23:05,América de Cali,Patriotas,3,0,H,,,
Colombia,Primera A,2020 - Apertura,12/10/2020,01:10,Millonarios,Águilas Doradas,0,0,D,,,
Colombia,Primera A,2020 - Apertura,12/10/2020,23:05,Alianza FC,Bucaramanga,1,2,A,,,
Colombia,Primera A,2020 - Apertura,13/10/2020,01:10,CD Jaguares,Santa Fe,1,1,D,,,
Colombia,Primera A,2020 - Apertura,14/10/2020,16:00,Patriotas,Deportivo Pasto,1,1,D,,,
Colombia,Primera A,2020 - Apertura,14/10/2020,19:00,Deportivo Cali,Chicó FC,3,1,H,,,
Colombia,Primera A,2020 - Apertura,14/10/2020,21:00,Once Caldas,Cúcuta,1,1,D,,,
Colombia,Primera A,2020 - Apertura,14/10/2020,23:05,Envigado,Millonarios,1,2,A,,,
Colombia,Primera A,2020 - Apertura,15/10/2020,01:10,Junior FC,América de Cali,1,1,D,,,
Colombia,Primera A,2020 - Apertura,15/10/2020,16:00,Santa Fe,Internacional de Bogotá,1,0,H,,,
Colombia,Primera A,2020 - Apertura,15/10/2020,19:00,Independiente Medellín,CD Jaguares,1,1,D,,,
Colombia,Primera A,2020 - Apertura,15/10/2020,21:00,Tolima,Alianza FC,3,1,H,,,
Colombia,Primera A,2020 - Apertura,15/10/2020,23:05,Águilas Doradas,Atlético Nacional,2,3,A,,,
Colombia,Primera A,2020 - Apertura,16/10/2020,01:10,Bucaramanga,Deportivo Pereira,1,0,H,,,
Colombia,Primera A,2020 - Apertura,17/10/2020,21:00,Chicó FC,Once Caldas,1,1,D,,,
Colombia,Primera A,2020 - Apertura,17/10/2020,23:05,Cúcuta,Envigado,1,0,H,,,
Colombia,Primera A,2020 - Apertura,18/10/2020,01:10,Millonarios,Patriotas,1,0,H,,,
Colombia,Primera A,2020 - Apertura,18/10/2020,16:00,Internacional de Bogotá,Bucaramanga,2,1,H,,,
Colombia,Primera A,2020 - Apertura,18/10/2020,19:00,Deportivo Pereira,Junior FC,0,2,A,,,
Colombia,Primera A,2020 - Apertura,18/10/2020,21:00,CD Jaguares,Tolima,1,1,D,,,
Colombia,Primera A,2020 - Apertura,18/10/2020,23:05,Atlético Nacional,América de Cali,2,2,D,,,
Colombia,Primera A,2020 - Apertura,19/10/2020,01:10,Deportivo Pasto,Independiente Medellín,2,1,H,,,
Colombia,Primera A,2020 - Apertura,19/10/2020,23:00,Alianza FC,Águilas Doradas,0,1,A,,,
Colombia,Primera A,2020 - Apertura,20/10/2020,01:00,Deportivo Cali,Santa Fe,3,2,H,,,
Colombia,Primera A,2020 - Apertura,24/10/2020,21:00,Once Caldas,CD Jaguares,2,1,H,,,
Colombia,Primera A,2020 - Apertura,24/10/2020,23:05,Tolima,Internacional de Bogotá,1,2,A,,,
Colombia,Primera A,2020 - Apertura,25/10/2020,01:10,Junior FC,Millonarios,1,1,D,,,
Colombia,Primera A,2020 - Apertura,25/10/2020,16:30,Envigado,Alianza FC,3,3,D,,,
Colombia,Primera A,2020 - Apertura,25/10/2020,19:00,Patriotas,Atlético Nacional,2,1,H,,,
Colombia,Primera A,2020 - Apertura,25/10/2020,21:00,Santa Fe,Chicó FC,3,1,H,,,
Colombia,Primera A,2020 - Apertura,25/10/2020,23:05,América de Cali,Deportivo Pasto,3,2,H,,,
Colombia,Primera A,2020 - Apertura,26/10/2020,01:10,Independiente Medellín,Deportivo Cali,2,3,A,,,
Colombia,Primera A,2020 - Apertura,26/10/2020,23:00,Águilas Doradas,Deportivo Pereira,1,0,H,,,
Colombia,Primera A,2020 - Apertura,27/10/2020,01:00,Bucaramanga,Cúcuta,1,0,H,,,
Colombia,Primera A,2020 - Apertura,31/10/2020,20:30,CD Jaguares,Envigado,0,0,D,,,
Colombia,Primera A,2020 - Apertura,31/10/2020,23:00,Millonarios,Atlético Nacional,3,0,H,,,
Colombia,Primera A,2020 - Apertura,01/11/2020,01:10,Deportivo Cali,Tolima,1,2,A,,,
Colombia,Primera A,2020 - Apertura,01/11/2020,19:00,Internacional de Bogotá,Águilas Doradas,0,0,D,,,
Colombia,Primera A,2020 - Apertura,01/11/2020,21:00,Cúcuta,Junior FC,1,4,A,,,
Colombia,Primera A,2020 - Apertura,01/11/2020,23:05,Deportivo Pasto,Santa Fe,1,1,D,,,
Colombia,Primera A,2020 - Apertura,02/11/2020,01:10,Independiente Medellín,Once Caldas,1,1,D,,,
Colombia,Primera A,2020 - Apertura,02/11/2020,23:10,Chicó FC,Bucaramanga,1,0,H,,,
Colombia,Primera A,2020 - Apertura,03/11/2020,01:15,Deportivo Pereira,América de Cali,0,1,A,,,
Colombia,Primera A,2020 - Apertura,04/11/2020,00:40,Alianza FC,Patriotas,0,0,D,,,
Colombia,Primera A,2020 - Apertura,06/11/2020,00:40,Santa Fe,Independiente Medellín,3,0,H,,,
Colombia,Primera A,2020 - Apertura,06/11/2020,23:00,Envigado,Internacional de Bogotá,1,1,D,,,
Colombia,Primera A,2020 - Apertura,07/11/2020,01:00,Águilas Doradas,Cúcuta,2,1,H,,,
Colombia,Primera A,2020 - Apertura,07/11/2020,19:30,Patriotas,Deportivo Pereira,1,0,H,,,
Colombia,Primera A,2020 - Apertura,07/11/2020,21:30,Bucaramanga,CD Jaguares,2,2,D,,,
Colombia,Primera A,2020 - Apertura,07/11/2020,23:30,Tolima,Chicó FC,2,0,H,,,
Colombia,Primera A,2020 - Apertura,08/11/2020,01:30,América de Cali,Millonarios,0,2,A,,,
Colombia,Primera A,2020 - Apertura,08/11/2020,21:00,Once Caldas,Deportivo Cali,1,1,D,,,
Colombia,Primera A,2020 - Apertura,08/11/2020,23:05,Junior FC,Alianza FC,2,1,H,,,
Colombia,Primera A,2020 - Apertura,09/11/2020,01:10,Atlético Nacional,Deportivo Pasto,1,0,H,,,
Colombia,Primera A,2020 - Apertura,10/11/2020,19:00,Internacional de Bogotá,Patriotas,1,0,H,,,
Colombia,Primera A,2020 - Apertura,10/11/2020,21:00,Independiente Medellín,Bucaramanga,1,0,H,,,
Colombia,Primera A,2020 - Apertura,10/11/2020,23:05,Deportivo Pereira,Millonarios,0,2,A,,,
Colombia,Primera A,2020 - Apertura,11/11/2020,01:10,Santa Fe,Tolima,1,0,H,,,
Colombia,Primera A,2020 - Apertura,11/11/2020,19:00,Deportivo Cali,Envigado,3,0,H,,,
Colombia,Primera A,2020 - Apertura,11/11/2020,21:00,CD Jaguares,Junior FC,2,2,D,,,
Colombia,Primera A,2020 - Apertura,11/11/2020,23:05,Chicó FC,Águilas Doradas,1,2,A,,,
Colombia,Primera A,2020 - Apertura,12/11/2020,01:10,Alianza FC,Atlético Nacional,2,3,A,,,
Colombia,Primera A,2020 - Apertura,12/11/2020,23:00,Deportivo Pasto,Once Caldas,2,1,H,,,
Colombia,Primera A,2020 - Apertura,13/11/2020,01:00,Cúcuta,América de Cali,0,3,A,,,
Colombia,Primera A,2020 - Apertura,14/11/2020,18:30,Patriotas,CD Jaguares,2,0,H,,,
Colombia,Primera A,2020 - Apertura,14/11/2020,23:00,Envigado,Independiente Medellín,2,1,H,,,
Colombia,Primera A,2020 - Apertura,15/11/2020,01:00,Bucaramanga,Santa Fe,1,2,A,,,
Colombia,Primera A,2020 - Apertura,15/11/2020,21:00,Atlético Nacional,Cúcuta,3,0,H,,,
Colombia,Primera A,2020 - Apertura,15/11/2020,23:00,Águilas Doradas,Deportivo Cali,4,1,H,,,
Colombia,Primera A,2020 - Apertura,15/11/2020,23:00,América de Cali,Internacional de Bogotá,1,2,A,,,
Colombia,Primera A,2020 - Apertura,15/11/2020,23:00,Deportivo Pereira,Deportivo Pasto,1,1,D,,,
Colombia,Primera A,2020 - Apertura,15/11/2020,23:00,Junior FC,Chicó FC,3,0,H,,,
Colombia,Primera A,2020 - Apertura,15/11/2020,23:00,Millonarios,Alianza FC,6,1,H,,,
Colombia,Primera A,2020 - Apertura,15/11/2020,23:00,Tolima,Once Caldas,2,3,A,,,
Colombia,Primera A,2020 - Apertura,21/11/2020,22:30,Internacional de Bogotá,Deportivo Cali,1,1,D,,,
Colombia,Primera A,2020 - Apertura,22/11/2020,01:00,América de Cali,Atlético Nacional,1,2,A,,,
Colombia,Primera A,2020 - Apertura,22/11/2020,23:05,Junior FC,Tolima,1,0,H,,,
Colombia,Primera A,2020 - Apertura,23/11/2020,01:10,Deportivo Pasto,Santa Fe,1,0,H,,,
Colombia,Primera A,2020 - Apertura,28/11/2020,22:30,Deportivo Cali,Internacional de Bogotá,0,1,A,,,
Colombia,Primera A,2020 - Apertura,29/11/2020,01:00,Atlético Nacional,América de Cali,0,3,A,,,
Colombia,Primera A,2020 - Apertura,29/11/2020,22:30,Santa Fe,Deportivo Pasto,2,0,H,,,
Colombia,Primera A,2020 - Apertura,30/11/2020,01:00,Tolima,Junior FC,0,1,A,,,
Colombia,Primera A,2020 - Apertura,06/12/2020,01:00,Internacional de Bogotá,Santa Fe,1,1,D,,,
Colombia,Primera A,2020 - Apertura,07/12/2020,01:00,América de Cali,Junior FC,0,0,D,,,
Colombia,Primera A,2020 - Apertura,13/12/2020,00:30,Santa Fe,Internacional de Bogotá,2,1,H,,,
Colombia,Primera A,2020 - Apertura,14/12/2020,01:00,Junior FC,América de Cali,1,2,A,,,
Colombia,Primera A,2020 - Apertura,20/12/2020,23:00,América de Cali,Santa Fe,3,0,H,,,
Colombia,Primera A,2020 - Apertura,27/12/2020,23:00,Santa Fe,América de Cali,2,0,H,,,
Colombia,Primera A,2019 - Clausura,13/07/2019,20:15,Independiente Valle del Cauca,Internacional de Bogotá,3,2,H,,,
Colombia,Primera A,2019 - Clausura,13/07/2019,22:00,Junior FC,Tolima,1,0,H,,,
Colombia,Primera A,2019 - Clausura,13/07/2019,22:15,CD Jaguares,Unión Magdalena,1,0,H,,,
Colombia,Primera A,2019 - Clausura,14/07/2019,00:45,Once Caldas,Atlético Nacional,1,2,A,,,
Colombia,Primera A,2019 - Clausura,14/07/2019,20:15,Deportivo Pasto,Santa Fe,0,0,D,,,
Colombia,Primera A,2019 - Clausura,14/07/2019,22:00,Millonarios,Envigado,1,2,A,,,
Colombia,Primera A,2019 - Clausura,14/07/2019,22:30,América de Cali,Alianza FC,2,1,H,,,
Colombia,Primera A,2019 - Clausura,15/07/2019,00:30,Independiente Medellín,Patriotas,3,0,H,,,
Colombia,Primera A,2019 - Clausura,16/07/2019,00:30,Águilas Doradas,Cúcuta,1,3,A,,,
Colombia,Primera A,2019 - Clausura,17/07/2019,00:45,Bucaramanga,Deportivo Cali,0,1,A,,,
Colombia,Primera A,2019 - Clausura,20/07/2019,00:30,Envigado,Deportivo Pasto,1,1,D,,,
Colombia,Primera A,2019 - Clausura,20/07/2019,20:15,Unión Magdalena,Independiente Valle del Cauca,0,0,D,,,
Colombia,Primera A,2019 - Clausura,20/07/2019,22:30,Cúcuta,Santa Fe,1,0,H,,,
Colombia,Primera A,2019 - Clausura,20/07/2019,22:30,Deportivo Cali,CD Jaguares,4,0,H,,,
Colombia,Primera A,2019 - Clausura,21/07/2019,00:45,Tolima,América de Cali,0,1,A,,,
Colombia,Primera A,2019 - Clausura,21/07/2019,20:45,Alianza FC,Águilas Doradas,2,2,D,,,
Colombia,Primera A,2019 - Clausura,21/07/2019,22:00,Millonarios,Once Caldas,1,0,H,,,
Colombia,Primera A,2019 - Clausura,21/07/2019,22:45,Patriotas,Junior FC,2,0,H,,,
Colombia,Primera A,2019 - Clausura,22/07/2019,00:45,Atlético Nacional,Bucaramanga,0,0,D,,,
Colombia,Primera A,2019 - Clausura,23/07/2019,01:00,Internacional de Bogotá,Independiente Medellín,0,1,A,,,
Colombia,Primera A,2019 - Clausura,26/07/2019,00:30,América de Cali,Patriotas,1,1,D,,,
Colombia,Primera A,2019 - Clausura,27/07/2019,00:30,Águilas Doradas,Tolima,3,0,H,,,
Colombia,Primera A,2019 - Clausura,27/07/2019,20:15,Envigado,Cúcuta,4,1,H,,,
Colombia,Primera A,2019 - Clausura,27/07/2019,22:00,Bucaramanga,Millonarios,1,2,A,,,
Colombia,Primera A,2019 - Clausura,27/07/2019,22:30,Internacional de Bogotá,Unión Magdalena,2,0,H,,,
Colombia,Primera A,2019 - Clausura,28/07/2019,00:45,Once Caldas,Deportivo Pasto,3,1,H,,,
Colombia,Primera A,2019 - Clausura,28/07/2019,20:15,Independiente Valle del Cauca,Deportivo Cali,2,2,D,,,
Colombia,Primera A,2019 - Clausura,28/07/2019,22:00,CD Jaguares,Atlético Nacional,1,1,D,,,
Colombia,Primera A,2019 - Clausura,28/07/2019,22:30,Santa Fe,Alianza FC,0,1,A,,,
Colombia,Primera A,2019 - Clausura,29/07/2019,00:30,Independiente Medellín,Junior FC,0,1,A,,,
Colombia,Primera A,2019 - Clausura,03/08/2019,21:00,Unión Magdalena,Independiente Medellín,1,1,D,,,
Colombia,Primera A,2019 - Clausura,03/08/2019,22:00,Deportivo Cali,Internacional de Bogotá,2,0,H,,,
Colombia,Primera A,2019 - Clausura,03/08/2019,23:00,Cúcuta,Once Caldas,1,1,D,,,
Colombia,Primera A,2019 - Clausura,04/08/2019,01:00,Millonarios,CD Jaguares,2,1,H,,,
Colombia,Primera A,2019 - Clausura,04/08/2019,20:45,Alianza FC,Envigado,1,0,H,,,
Colombia,Primera A,2019 - Clausura,04/08/2019,22:00,Junior FC,América de Cali,0,1,A,,,
Colombia,Primera A,2019 - Clausura,04/08/2019,22:45,Patriotas,Águilas Doradas,2,0,H,,,
Colombia,Primera A,2019 - Clausura,05/08/2019,00:45,Tolima,Santa Fe,4,0,H,,,
Colombia,Primera A,2019 - Clausura,05/08/2019,20:00,Deportivo Pasto,Bucaramanga,1,1,D,,,
Colombia,Primera A,2019 - Clausura,07/08/2019,00:45,Atlético Nacional,Independiente Valle del Cauca,4,1,H,,,
Colombia,Primera A,2019 - Clausura,10/08/2019,00:30,Once Caldas,Alianza FC,0,0,D,,,
Colombia,Primera A,2019 - Clausura,10/08/2019,21:00,Unión Magdalena,Deportivo Cali,2,0,H,,,
Colombia,Primera A,2019 - Clausura,10/08/2019,22:00,Internacional de Bogotá,Atlético Nacional,0,0,D,,,
Colombia,Primera A,2019 - Clausura,10/08/2019,23:00,Envigado,Tolima,2,1,H,,,
Colombia,Primera A,2019 - Clausura,11/08/2019,01:00,Independiente Medellín,América de Cali,4,1,H,,,
Colombia,Primera A,2019 - Clausura,11/08/2019,19:00,Santa Fe,Patriotas,0,0,D,,,
Colombia,Primera A,2019 - Clausura,11/08/2019,21:00,CD Jaguares,Deportivo Pasto,1,1,D,,,
Colombia,Primera A,2019 - Clausura,11/08/2019,22:00,Independiente Valle del Cauca,Millonarios,1,1,D,,,
Colombia,Primera A,2019 - Clausura,11/08/2019,23:00,Águilas Doradas,Junior FC,1,0,H,,,
Colombia,Primera A,2019 - Clausura,12/08/2019,01:00,Bucaramanga,Cúcuta,2,0,H,,,
Colombia,Primera A,2019 - Clausura,17/08/2019,00:30,Patriotas,Envigado,3,0,H,,,
Colombia,Primera A,2019 - Clausura,17/08/2019,20:15,Millonarios,Internacional de Bogotá,3,2,H,,,
Colombia,Primera A,2019 - Clausura,17/08/2019,22:00,América de Cali,Águilas Doradas,1,1,D,,,
Colombia,Primera A,2019 - Clausura,17/08/2019,22:30,Cúcuta,CD Jaguares,1,1,D,,,
Colombia,Primera A,2019 - Clausura,18/08/2019,00:45,Tolima,Once Caldas,0,0,D,,,
Colombia,Primera A,2019 - Clausura,18/08/2019,21:00,Alianza FC,Bucaramanga,1,0,H,,,
Colombia,Primera A,2019 - Clausura,18/08/2019,22:00,Junior FC,Santa Fe,1,0,H,,,
Colombia,Primera A,2019 - Clausura,18/08/2019,23:00,Atlético Nacional,Unión Magdalena,3,1,H,,,
Colombia,Primera A,2019 - Clausura,19/08/2019,01:00,Deportivo Cali,Independiente Medellín,1,0,H,,,
Colombia,Primera A,2019 - Clausura,20/08/2019,19:00,Deportivo Pasto,Independiente Valle del Cauca,4,0,H,,,
Colombia,Primera A,2019 - Clausura,21/08/2019,21:00,Bucaramanga,Tolima,1,1,D,,,
Colombia,Primera A,2019 - Clausura,21/08/2019,23:00,Envigado,Junior FC,0,0,D,,,
Colombia,Primera A,2019 - Clausura,21/08/2019,23:00,Once Caldas,Patriotas,2,2,D,,,
Colombia,Primera A,2019 - Clausura,22/08/2019,01:00,Deportivo Cali,Atlético Nacional,0,0,D,,,
Colombia,Primera A,2019 - Clausura,22/08/2019,21:00,CD Jaguares,Alianza FC,0,0,D,,,
Colombia,Primera A,2019 - Clausura,22/08/2019,23:00,Independiente Medellín,Águilas Doradas,1,2,A,,,
Colombia,Primera A,2019 - Clausura,23/08/2019,01:00,Santa Fe,América de Cali,1,2,A,,,
Colombia,Primera A,2019 - Clausura,24/08/2019,20:15,Deportivo Pasto,Unión Magdalena,2,0,H,,,
Colombia,Primera A,2019 - Clausura,24/08/2019,22:00,Junior FC,Once Caldas,0,1,A,,,
Colombia,Primera A,2019 - Clausura,24/08/2019,22:30,Cúcuta,Internacional de Bogotá,2,1,H,,,
Colombia,Primera A,2019 - Clausura,25/08/2019,00:45,Millonarios,Deportivo Cali,2,1,H,,,
Colombia,Primera A,2019 - Clausura,25/08/2019,18:45,Patriotas,Bucaramanga,0,1,A,,,
Colombia,Primera A,2019 - Clausura,25/08/2019,20:45,Alianza FC,Independiente Valle del Cauca,1,0,H,,,
Colombia,Primera A,2019 - Clausura,25/08/2019,22:00,Atlético Nacional,Independiente Medellín,5,2,H,,,
Colombia,Primera A,2019 - Clausura,25/08/2019,22:45,Águilas Doradas,Santa Fe,1,0,H,,,
Colombia,Primera A,2019 - Clausura,26/08/2019,00:45,América de Cali,Envigado,1,0,H,,,
Colombia,Primera A,2019 - Clausura,27/08/2019,01:00,Tolima,CD Jaguares,2,0,H,,,
Colombia,Primera A,2019 - Clausura,31/08/2019,19:00,Internacional de Bogotá,Alianza FC,1,2,A,,,
Colombia,Primera A,2019 - Clausura,31/08/2019,21:00,Unión Magdalena,Cúcuta,1,2,A,,,
Colombia,Primera A,2019 - Clausura,31/08/2019,22:00,Once Caldas,América de Cali,2,1,H,,,
Colombia,Primera A,2019 - Clausura,31/08/2019,23:00,CD Jaguares,Patriotas,1,1,D,,,
Colombia,Primera A,2019 - Clausura,01/09/2019,01:00,Envigado,Águilas Doradas,3,3,D,,,
Colombia,Primera A,2019 - Clausura,01/09/2019,21:00,Deportivo Cali,Deportivo Pasto,3,1,H,,,
Colombia,Primera A,2019 - Clausura,01/09/2019,22:00,Santa Fe,Independiente Medellín,2,0,H,,,
Colombia,Primera A,2019 - Clausura,01/09/2019,23:00,Bucaramanga,Junior FC,0,0,D,,,
Colombia,Primera A,2019 - Clausura,01/09/2019,23:00,Independiente Valle del Cauca,Tolima,0,1,A,,,
Colombia,Primera A,2019 - Clausura,02/09/2019,01:00,Atlético Nacional,Millonarios,1,1,D,,,
Colombia,Primera A,2019 - Clausura,04/09/2019,21:00,Unión Magdalena,Millonarios,2,1,H,,,
Colombia,Primera A,2019 - Clausura,04/09/2019,23:00,Independiente Valle del Cauca,Cúcuta,1,1,D,,,
Colombia,Primera A,2019 - Clausura,05/09/2019,01:00,Internacional de Bogotá,Deportivo Pasto,0,0,D,,,
Colombia,Primera A,2019 - Clausura,07/09/2019,20:00,Cúcuta,Bucaramanga,2,0,H,,,
Colombia,Primera A,2019 - Clausura,07/09/2019,22:00,Águilas Doradas,Envigado,1,1,D,,,
Colombia,Primera A,2019 - Clausura,07/09/2019,22:00,Junior FC,Unión Magdalena,1,0,H,,,
Colombia,Primera A,2019 - Clausura,08/09/2019,00:00,Santa Fe,Millonarios,1,0,H,,,
Colombia,Primera A,2019 - Clausura,08/09/2019,18:45,Deportivo Pasto,Once Caldas,1,0,H,,,
Colombia,Primera A,2019 - Clausura,08/09/2019,20:45,Alianza FC,CD Jaguares,1,0,H,,,
Colombia,Primera A,2019 - Clausura,08/09/2019,22:00,Independiente Medellín,Atlético Nacional,1,4,A,,,
Colombia,Primera A,2019 - Clausura,08/09/2019,22:45,Tolima,Independiente Valle del Cauca,0,0,D,,,
Colombia,Primera A,2019 - Clausura,09/09/2019,00:45,América de Cali,Deportivo Cali,2,1,H,,,
Colombia,Primera A,2019 - Clausura,10/09/2019,00:00,Patriotas,Internacional de Bogotá,1,1,D,,,
Colombia,Primera A,2019 - Clausura,14/09/2019,00:30,Bucaramanga,Águilas Doradas,2,0,H,,,
Colombia,Primera A,2019 - Clausura,14/09/2019,20:15,Unión Magdalena,Tolima,1,2,A,,,
Colombia,Primera A,2019 - Clausura,14/09/2019,22:00,Once Caldas,Santa Fe,0,1,A,,,
Colombia,Primera A,2019 - Clausura,14/09/2019,22:30,Internacional de Bogotá,Patriotas,1,0,H,,,
Colombia,Primera A,2019 - Clausura,15/09/2019,00:45,Atlético Nacional,Cúcuta,2,3,A,,,
Colombia,Primera A,2019 - Clausura,15/09/2019,20:30,CD Jaguares,América de Cali,2,2,D,,,
Colombia,Primera A,2019 - Clausura,15/09/2019,22:00,Millonarios,Deportivo Pasto,2,1,H,,,
Colombia,Primera A,2019 - Clausura,15/09/2019,22:45,Envigado,Independiente Medellín,2,4,A,,,
Colombia,Primera A,2019 - Clausura,16/09/2019,01:00,Independiente Valle del Cauca,Junior FC,1,1,D,,,
Colombia,Primera A,2019 - Clausura,18/09/2019,00:30,Deportivo Cali,Alianza FC,0,1,A,,,
Colombia,Primera A,2019 - Clausura,20/09/2019,23:30,Tolima,Internacional de Bogotá,0,1,A,,,
Colombia,Primera A,2019 - Clausura,21/09/2019,19:00,Deportivo Pasto,Atlético Nacional,1,2,A,,,
Colombia,Primera A,2019 - Clausura,21/09/2019,21:00,Patriotas,Independiente Valle del Cauca,1,0,H,,,
Colombia,Primera A,2019 - Clausura,21/09/2019,22:00,Independiente Medellín,Millonarios,1,2,A,,,
Colombia,Primera A,2019 - Clausura,21/09/2019,23:00,Águilas Doradas,Once Caldas,1,2,A,,,
Colombia,Primera A,2019 - Clausura,22/09/2019,01:00,América de Cali,Bucaramanga,1,1,D,,,
Colombia,Primera A,2019 - Clausura,22/09/2019,20:15,Santa Fe,Envigado,3,0,H,,,
Colombia,Primera A,2019 - Clausura,22/09/2019,22:00,Cúcuta,Deportivo Cali,1,4,A,,,
Colombia,Primera A,2019 - Clausura,22/09/2019,22:20,Alianza FC,Unión Magdalena,1,0,H,,,
Colombia,Primera A,2019 - Clausura,23/09/2019,00:30,Junior FC,CD Jaguares,3,0,H,,,
Colombia,Primera A,2019 - Clausura,27/09/2019,00:45,Millonarios,Alianza FC,2,1,H,,,
Colombia,Primera A,2019 - Clausura,28/09/2019,01:00,Independiente Valle del Cauca,Águilas Doradas,1,1,D,,,
Colombia,Primera A,2019 - Clausura,28/09/2019,19:00,Deportivo Pasto,Cúcuta,2,1,H,,,
Colombia,Primera A,2019 - Clausura,28/09/2019,21:00,CD Jaguares,Santa Fe,0,3,A,,,
Colombia,Primera A,2019 - Clausura,28/09/2019,22:00,Once Caldas,Independiente Medellín,1,1,D,,,
Colombia,Primera A,2019 - Clausura,28/09/2019,23:00,Bucaramanga,Envigado,2,3,A,,,
Colombia,Primera A,2019 - Clausura,29/09/2019,01:00,Deportivo Cali,Patriotas,3,1,H,,,
Colombia,Primera A,2019 - Clausura,29/09/2019,22:00,Internacional de Bogotá,América de Cali,3,3,D,,,
Colombia,Primera A,2019 - Clausura,30/09/2019,00:30,Atlético Nacional,Tolima,1,0,H,,,
Colombia,Primera A,2019 - Clausura,30/09/2019,14:00,Unión Magdalena,Junior FC,1,1,D,,,
Colombia,Primera A,2019 - Clausura,01/10/2019,20:30,Envigado,Once Caldas,1,3,A,,,
Colombia,Primera A,2019 - Clausura,01/10/2019,23:00,Águilas Doradas,CD Jaguares,3,0,H,,,
Colombia,Primera A,2019 - Clausura,02/10/2019,01:00,Independiente Medellín,Deportivo Pasto,3,1,H,,,
Colombia,Primera A,2019 - Clausura,02/10/2019,22:00,Alianza FC,Atlético Nacional,0,0,D,,,
Colombia,Primera A,2019 - Clausura,02/10/2019,23:00,América de Cali,Independiente Valle del Cauca,0,1,A,,,
Colombia,Primera A,2019 - Clausura,03/10/2019,01:00,Cúcuta,Millonarios,3,1,H,,,
Colombia,Primera A,2019 - Clausura,03/10/2019,19:00,Patriotas,Unión Magdalena,1,1,D,,,
Colombia,Primera A,2019 - Clausura,03/10/2019,21:00,Junior FC,Internacional de Bogotá,1,0,H,,,
Colombia,Primera A,2019 - Clausura,03/10/2019,23:00,Tolima,Deportivo Cali,5,2,H,,,
Colombia,Primera A,2019 - Clausura,04/10/2019,01:00,Santa Fe,Bucaramanga,2,0,H,,,
Colombia,Primera A,2019 - Clausura,05/10/2019,22:30,CD Jaguares,Once Caldas,2,1,H,,,
Colombia,Primera A,2019 - Clausura,05/10/2019,22:30,Independiente Valle del Cauca,Envigado,0,0,D,,,
Colombia,Primera A,2019 - Clausura,06/10/2019,01:00,Cúcuta,Alianza FC,1,1,D,,,
Colombia,Primera A,2019 - Clausura,06/10/2019,19:00,Deportivo Pasto,Tolima,0,0,D,,,
Colombia,Primera A,2019 - Clausura,06/10/2019,20:00,Millonarios,Patriotas,0,0,D,,,
Colombia,Primera A,2019 - Clausura,06/10/2019,21:00,Atlético Nacional,Junior FC,0,1,A,,,
Colombia,Primera A,2019 - Clausura,06/10/2019,21:00,Unión Magdalena,Águilas Doradas,1,1,D,,,
Colombia,Primera A,2019 - Clausura,06/10/2019,22:00,Deportivo Cali,América de Cali,3,2,H,,,
Colombia,Primera A,2019 - Clausura,06/10/2019,23:00,Internacional de Bogotá,Santa Fe,0,3,A,,,
Colombia,Primera A,2019 - Clausura,07/10/2019,01:00,Bucaramanga,Independiente Medellín,2,2,D,,,
Colombia,Primera A,2019 - Clausura,09/10/2019,00:30,Envigado,CD Jaguares,2,0,H,,,
Colombia,Primera A,2019 - Clausura,09/10/2019,21:00,Alianza FC,Deportivo Pasto,2,2,D,,,
Colombia,Primera A,2019 - Clausura,09/10/2019,22:00,Tolima,Millonarios,2,0,H,,,
Colombia,Primera A,2019 - Clausura,09/10/2019,23:00,América de Cali,Unión Magdalena,2,0,H,,,
Colombia,Primera A,2019 - Clausura,10/10/2019,01:00,Junior FC,Deportivo Cali,3,0,H,,,
Colombia,Primera A,2019 - Clausura,10/10/2019,01:00,Santa Fe,Independiente Valle del Cauca,0,0,D,,,
Colombia,Primera A,2019 - Clausura,10/10/2019,21:00,Águilas Doradas,Internacional de Bogotá,0,0,D,,,
Colombia,Primera A,2019 - Clausura,10/10/2019,21:00,Once Caldas,Bucaramanga,3,0,H,,,
Colombia,Primera A,2019 - Clausura,10/10/2019,23:00,Patriotas,Atlético Nacional,1,2,A,,,
Colombia,Primera A,2019 - Clausura,11/10/2019,01:00,Independiente Medellín,Cúcuta,3,0,H,,,
Colombia,Primera A,2019 - Clausura,12/10/2019,20:00,Deportivo Pasto,Junior FC,2,1,H,,,
Colombia,Primera A,2019 - Clausura,12/10/2019,22:00,Deportivo Cali,Santa Fe,0,0,D,,,
Colombia,Primera A,2019 - Clausura,12/10/2019,22:20,Alianza FC,Tolima,0,1,A,,,
Colombia,Primera A,2019 - Clausura,13/10/2019,00:45,Millonarios,América de Cali,1,2,A,,,
Colombia,Primera A,2019 - Clausura,13/10/2019,19:00,Internacional de Bogotá,Once Caldas,1,1,D,,,
Colombia,Primera A,2019 - Clausura,13/10/2019,21:00,Unión Magdalena,Envigado,1,0,H,,,
Colombia,Primera A,2019 - Clausura,13/10/2019,22:00,Atlético Nacional,Águilas Doradas,1,0,H,,,
Colombia,Primera A,2019 - Clausura,13/10/2019,23:00,CD Jaguares,Independiente Medellín,0,1,A,,,
Colombia,Primera A,2019 - Clausura,14/10/2019,01:00,Cúcuta,Patriotas,1,0,H,,,
Colombia,Primera A,2019 - Clausura,15/10/2019,00:00,Independiente Valle del Cauca,Bucaramanga,1,2,A,,,
Colombia,Primera A,2019 - Clausura,18/10/2019,23:00,Envigado,Internacional de Bogotá,0,0,D,,,
Colombia,Primera A,2019 - Clausura,19/10/2019,01:00,Bucaramanga,CD Jaguares,4,0,H,,,
Colombia,Primera A,2019 - Clausura,19/10/2019,19:00,Patriotas,Deportivo Pasto,1,0,H,,,
Colombia,Primera A,2019 - Clausura,19/10/2019,21:00,Once Caldas,Independiente Valle del Cauca,1,1,D,,,
Colombia,Primera A,2019 - Clausura,19/10/2019,22:00,América de Cali,Atlético Nacional,2,1,H,,,
Colombia,Primera A,2019 - Clausura,19/10/2019,23:00,Tolima,Cúcuta,2,1,H,,,
Colombia,Primera A,2019 - Clausura,20/10/2019,01:00,Junior FC,Millonarios,1,0,H,,,
Colombia,Primera A,2019 - Clausura,20/10/2019,20:15,Águilas Doradas,Deportivo Cali,1,4,A,,,
Colombia,Primera A,2019 - Clausura,20/10/2019,22:00,Santa Fe,Unión Magdalena,2,0,H,,,
Colombia,Primera A,2019 - Clausura,21/10/2019,00:45,Independiente Medellín,Alianza FC,2,0,H,,,
Colombia,Primera A,2019 - Clausura,23/10/2019,23:15,Atlético Nacional,Envigado,1,1,D,,,
Colombia,Primera A,2019 - Clausura,24/10/2019,01:15,Millonarios,Santa Fe,2,4,A,,,
Colombia,Primera A,2019 - Clausura,24/10/2019,20:30,Deportivo Pasto,Águilas Doradas,3,3,D,,,
Colombia,Primera A,2019 - Clausura,24/10/2019,20:30,Independiente Valle del Cauca,Independiente Medellín,0,1,A,,,
Colombia,Primera A,2019 - Clausura,24/10/2019,20:30,Internacional de Bogotá,CD Jaguares,2,0,H,,,
Colombia,Primera A,2019 - Clausura,24/10/2019,20:30,Unión Magdalena,Bucaramanga,1,2,A,,,
Colombia,Primera A,2019 - Clausura,24/10/2019,22:30,Alianza FC,Junior FC,0,0,D,,,
Colombia,Primera A,2019 - Clausura,24/10/2019,23:30,Deportivo Cali,Once Caldas,2,1,H,,,
Colombia,Primera A,2019 - Clausura,25/10/2019,01:30,Tolima,Patriotas,2,1,H,,,
Colombia,Primera A,2019 - Clausura,26/10/2019,00:30,Cúcuta,América de Cali,3,1,H,,,
Colombia,Primera A,2019 - Clausura,29/10/2019,22:00,Bucaramanga,Internacional de Bogotá,2,2,D,,,
Colombia,Primera A,2019 - Clausura,29/10/2019,22:20,Águilas Doradas,Millonarios,0,0,D,,,
Colombia,Primera A,2019 - Clausura,29/10/2019,22:20,CD Jaguares,Independiente Valle del Cauca,1,0,H,,,
Colombia,Primera A,2019 - Clausura,29/10/2019,22:20,Once Caldas,Unión Magdalena,3,1,H,,,
Colombia,Primera A,2019 - Clausura,30/10/2019,00:30,América de Cali,Deportivo Pasto,1,0,H,,,
Colombia,Primera A,2019 - Clausura,30/10/2019,00:30,Envigado,Deportivo Cali,1,1,D,,,
Colombia,Primera A,2019 - Clausura,30/10/2019,00:30,Independiente Medellín,Tolima,1,1,D,,,
Colombia,Primera A,2019 - Clausura,30/10/2019,00:30,Junior FC,Cúcuta,0,0,D,,,
Colombia,Primera A,2019 - Clausura,30/10/2019,00:30,Patriotas,Alianza FC,1,1,D,,,
Colombia,Primera A,2019 - Clausura,30/10/2019,00:30,Santa Fe,Atlético Nacional,0,0,D,,,
Colombia,Primera A,2019 - Clausura,09/11/2019,22:00,Santa Fe,América de Cali,2,1,H,,,
Colombia,Primera A,2019 - Clausura,10/11/2019,00:30,Atlético Nacional,Cúcuta,3,1,H,,,
Colombia,Primera A,2019 - Clausura,10/11/2019,22:00,Junior FC,Tolima,1,3,A,,,
Colombia,Primera A,2019 - Clausura,11/11/2019,00:30,Alianza FC,Deportivo Cali,3,2,H,,,
Colombia,Primera A,2019 - Clausura,14/11/2019,00:00,Tolima,Atlético Nacional,1,0,H,,,
Colombia,Primera A,2019 - Clausura,14/11/2019,01:30,Deportivo Cali,Santa Fe,1,0,H,,,
Colombia,Primera A,2019 - Clausura,15/11/2019,00:00,Cúcuta,Junior FC,1,3,A,,,
Colombia,Primera A,2019 - Clausura,15/11/2019,01:30,América de Cali,Alianza FC,3,1,H,,,
Colombia,Primera A,2019 - Clausura,17/11/2019,19:30,Santa Fe,Alianza FC,1,0,H,,,
Colombia,Primera A,2019 - Clausura,17/11/2019,21:30,América de Cali,Deportivo Cali,1,0,H,,,
Colombia,Primera A,2019 - Clausura,17/11/2019,23:30,Atlético Nacional,Junior FC,2,2,D,,,
Colombia,Primera A,2019 - Clausura,18/11/2019,01:30,Cúcuta,Tolima,0,0,D,,,
Colombia,Primera A,2019 - Clausura,20/11/2019,22:00,Tolima,Cúcuta,0,1,A,,,
Colombia,Primera A,2019 - Clausura,20/11/2019,23:20,Alianza FC,Santa Fe,1,1,D,,,
Colombia,Primera A,2019 - Clausura,21/11/2019,00:00,Junior FC,Atlético Nacional,2,0,H,,,
Colombia,Primera A,2019 - Clausura,21/11/2019,01:30,Deportivo Cali,América de Cali,2,1,H,,,
Colombia,Primera A,2019 - Clausura,23/11/2019,23:00,Alianza FC,América de Cali,0,1,A,,,
Colombia,Primera A,2019 - Clausura,24/11/2019,20:00,Santa Fe,Deportivo Cali,1,1,D,,,
Colombia,Primera A,2019 - Clausura,24/11/2019,22:00,Atlético Nacional,Tolima,1,1,D,,,
Colombia,Primera A,2019 - Clausura,24/11/2019,22:00,Junior FC,Cúcuta,1,0,H,,,
Colombia,Primera A,2019 - Clausura,27/11/2019,22:00,Cúcuta,Atlético Nacional,0,1,A,,,
Colombia,Primera A,2019 - Clausura,28/11/2019,00:30,Tolima,Junior FC,2,2,D,,,
Colombia,Primera A,2019 - Clausura,29/11/2019,00:30,América de Cali,Santa Fe,2,0,H,,,
Colombia,Primera A,2019 - Clausura,29/11/2019,00:30,Deportivo Cali,Alianza FC,0,0,D,,,
Colombia,Primera A,2019 - Clausura,02/12/2019,00:00,Junior FC,América de Cali,0,0,D,,,
Colombia,Primera A,2019 - Clausura,07/12/2019,21:00,América de Cali,Junior FC,2,0,H,,,
Colombia,Primera A,2019 - Apertura,26/01/2019,00:45,Patriotas,Independiente Medellín,2,1,H,,,
Colombia,Primera A,2019 - Apertura,26/01/2019,19:00,Internacional de Bogotá,Independiente Valle del Cauca,2,0,H,,,
Colombia,Primera A,2019 - Apertura,26/01/2019,21:00,Unión Magdalena,CD Jaguares,3,4,A,,,
Colombia,Primera A,2019 - Apertura,26/01/2019,23:00,Atlético Nacional,Once Caldas,0,0,D,,,
Colombia,Primera A,2019 - Apertura,26/01/2019,23:00,Cúcuta,Águilas Doradas,3,0,H,,,
Colombia,Primera A,2019 - Apertura,27/01/2019,01:00,Deportivo Cali,Bucaramanga,2,0,H,,,
Colombia,Primera A,2019 - Apertura,27/01/2019,23:00,Alianza FC,América de Cali,1,2,A,,,
Colombia,Primera A,2019 - Apertura,27/01/2019,23:00,Santa Fe,Deportivo Pasto,1,1,D,,,
Colombia,Primera A,2019 - Apertura,28/01/2019,01:00,Envigado,Millonarios,0,1,A,,,
Colombia,Primera A,2019 - Apertura,29/01/2019,23:00,Independiente Valle del Cauca,Unión Magdalena,1,1,D,,,
Colombia,Primera A,2019 - Apertura,30/01/2019,01:00,Independiente Medellín,Internacional de Bogotá,1,1,D,,,
Colombia,Primera A,2019 - Apertura,30/01/2019,20:15,Deportivo Pasto,Envigado,1,1,D,,,
Colombia,Primera A,2019 - Apertura,30/01/2019,23:00,CD Jaguares,Deportivo Cali,1,0,H,,,
Colombia,Primera A,2019 - Apertura,30/01/2019,23:00,Santa Fe,Cúcuta,1,2,A,,,
Colombia,Primera A,2019 - Apertura,31/01/2019,00:00,Águilas Doradas,Alianza FC,0,1,A,,,
Colombia,Primera A,2019 - Apertura,31/01/2019,01:00,Bucaramanga,Atlético Nacional,0,1,A,,,
Colombia,Primera A,2019 - Apertura,31/01/2019,01:00,Junior FC,Patriotas,3,1,H,,,
Colombia,Primera A,2019 - Apertura,31/01/2019,23:00,Once Caldas,Millonarios,1,0,H,,,
Colombia,Primera A,2019 - Apertura,01/02/2019,01:00,América de Cali,Tolima,3,1,H,,,
Colombia,Primera A,2019 - Apertura,02/02/2019,20:15,Unión Magdalena,Internacional de Bogotá,1,0,H,,,
Colombia,Primera A,2019 - Apertura,02/02/2019,22:30,Deportivo Cali,Independiente Valle del Cauca,1,1,D,,,
Colombia,Primera A,2019 - Apertura,02/02/2019,23:00,Junior FC,Independiente Medellín,3,2,H,,,
Colombia,Primera A,2019 - Apertura,03/02/2019,00:45,Atlético Nacional,CD Jaguares,1,0,H,,,
Colombia,Primera A,2019 - Apertura,03/02/2019,19:00,Deportivo Pasto,Once Caldas,1,2,A,,,
Colombia,Primera A,2019 - Apertura,03/02/2019,22:30,Cúcuta,Envigado,1,1,D,,,
Colombia,Primera A,2019 - Apertura,03/02/2019,23:00,Patriotas,América de Cali,1,1,D,,,
Colombia,Primera A,2019 - Apertura,04/02/2019,00:30,Millonarios,Bucaramanga,2,0,H,,,
Colombia,Primera A,2019 - Apertura,05/02/2019,01:00,Tolima,Águilas Doradas,2,0,H,,,
Colombia,Primera A,2019 - Apertura,06/02/2019,01:00,Alianza FC,Santa Fe,0,0,D,,,
Colombia,Primera A,2019 - Apertura,09/02/2019,00:45,Bucaramanga,Deportivo Pasto,1,0,H,,,
Colombia,Primera A,2019 - Apertura,09/02/2019,21:00,CD Jaguares,Millonarios,1,2,A,,,
Colombia,Primera A,2019 - Apertura,09/02/2019,23:00,Envigado,Alianza FC,1,0,H,,,
Colombia,Primera A,2019 - Apertura,09/02/2019,23:00,Santa Fe,Tolima,0,1,A,,,
Colombia,Primera A,2019 - Apertura,10/02/2019,01:00,Independiente Medellín,Unión Magdalena,1,1,D,,,
Colombia,Primera A,2019 - Apertura,10/02/2019,21:00,Internacional de Bogotá,Deportivo Cali,0,0,D,,,
Colombia,Primera A,2019 - Apertura,10/02/2019,23:00,Águilas Doradas,Patriotas,2,1,H,,,
Colombia,Primera A,2019 - Apertura,10/02/2019,23:00,Independiente Valle del Cauca,Atlético Nacional,1,1,D,,,
Colombia,Primera A,2019 - Apertura,11/02/2019,01:00,América de Cali,Junior FC,0,1,A,,,
Colombia,Primera A,2019 - Apertura,12/02/2019,01:00,Once Caldas,Cúcuta,1,2,A,,,
Colombia,Primera A,2019 - Apertura,15/02/2019,00:30,Deportivo Cali,Tolima,2,1,H,,,
Colombia,Primera A,2019 - Apertura,16/02/2019,20:15,Millonarios,Independiente Valle del Cauca,3,2,H,,,
Colombia,Primera A,2019 - Apertura,16/02/2019,22:00,América de Cali,Independiente Medellín,3,0,H,,,
Colombia,Primera A,2019 - Apertura,16/02/2019,22:30,Alianza FC,Once Caldas,1,1,D,,,
Colombia,Primera A,2019 - Apertura,17/02/2019,00:45,Junior FC,Águilas Doradas,1,1,D,,,
Colombia,Primera A,2019 - Apertura,17/02/2019,19:00,Deportivo Pasto,CD Jaguares,4,1,H,,,
Colombia,Primera A,2019 - Apertura,17/02/2019,21:00,Tolima,Envigado,2,0,H,,,
Colombia,Primera A,2019 - Apertura,17/02/2019,22:00,Cúcuta,Bucaramanga,3,2,H,,,
Colombia,Primera A,2019 - Apertura,17/02/2019,23:00,Patriotas,Santa Fe,1,1,D,,,
Colombia,Primera A,2019 - Apertura,18/02/2019,01:00,Atlético Nacional,Internacional de Bogotá,1,1,D,,,
Colombia,Primera A,2019 - Apertura,20/02/2019,00:30,Deportivo Cali,Unión Magdalena,2,1,H,,,
Colombia,Primera A,2019 - Apertura,21/02/2019,01:00,Tolima,Junior FC,1,2,A,,,
Colombia,Primera A,2019 - Apertura,23/02/2019,00:45,Independiente Valle del Cauca,Deportivo Pasto,2,0,H,,,
Colombia,Primera A,2019 - Apertura,23/02/2019,19:00,Envigado,Patriotas,0,0,D,,,
Colombia,Primera A,2019 - Apertura,23/02/2019,21:00,CD Jaguares,Cúcuta,1,1,D,,,
Colombia,Primera A,2019 - Apertura,23/02/2019,22:00,Internacional de Bogotá,Millonarios,0,1,A,,,
Colombia,Primera A,2019 - Apertura,23/02/2019,23:00,Bucaramanga,Alianza FC,3,0,H,,,
Colombia,Primera A,2019 - Apertura,24/02/2019,01:00,Águilas Doradas,América de Cali,1,2,A,,,
Colombia,Primera A,2019 - Apertura,24/02/2019,20:30,Unión Magdalena,Atlético Nacional,1,0,H,,,
Colombia,Primera A,2019 - Apertura,24/02/2019,22:00,Independiente Medellín,Deportivo Cali,1,1,D,,,
Colombia,Primera A,2019 - Apertura,24/02/2019,22:30,Once Caldas,Tolima,2,1,H,,,
Colombia,Primera A,2019 - Apertura,25/02/2019,00:30,Santa Fe,Junior FC,3,3,D,,,
Colombia,Primera A,2019 - Apertura,26/02/2019,23:00,Alianza FC,CD Jaguares,1,1,D,,,
Colombia,Primera A,2019 - Apertura,27/02/2019,01:00,Cúcuta,Independiente Valle del Cauca,2,0,H,,,
Colombia,Primera A,2019 - Apertura,27/02/2019,19:00,Deportivo Pasto,Internacional de Bogotá,0,0,D,,,
Colombia,Primera A,2019 - Apertura,27/02/2019,21:00,Patriotas,Once Caldas,1,0,H,,,
Colombia,Primera A,2019 - Apertura,27/02/2019,23:00,Tolima,Bucaramanga,0,0,D,,,
Colombia,Primera A,2019 - Apertura,28/02/2019,01:00,Junior FC,Envigado,0,0,D,,,
Colombia,Primera A,2019 - Apertura,28/02/2019,21:30,Águilas Doradas,Independiente Medellín,0,1,A,,,
Colombia,Primera A,2019 - Apertura,28/02/2019,23:30,América de Cali,Santa Fe,0,0,D,,,
Colombia,Primera A,2019 - Apertura,01/03/2019,01:30,Millonarios,Unión Magdalena,4,0,H,,,
Colombia,Primera A,2019 - Apertura,02/03/2019,20:15,Bucaramanga,Patriotas,0,1,A,,,
Colombia,Primera A,2019 - Apertura,02/03/2019,22:00,Once Caldas,Junior FC,0,1,A,,,
Colombia,Primera A,2019 - Apertura,02/03/2019,22:30,CD Jaguares,Tolima,0,4,A,,,
Colombia,Primera A,2019 - Apertura,03/03/2019,00:45,Internacional de Bogotá,Cúcuta,2,1,H,,,
Colombia,Primera A,2019 - Apertura,03/03/2019,19:00,Santa Fe,Águilas Doradas,2,2,D,,,
Colombia,Primera A,2019 - Apertura,03/03/2019,21:00,Unión Magdalena,Deportivo Pasto,1,0,H,,,
Colombia,Primera A,2019 - Apertura,03/03/2019,22:00,Deportivo Cali,Millonarios,1,1,D,,,
Colombia,Primera A,2019 - Apertura,03/03/2019,23:30,Envigado,América de Cali,4,1,H,,,
Colombia,Primera A,2019 - Apertura,05/03/2019,01:00,Independiente Valle del Cauca,Alianza FC,1,2,A,,,
Colombia,Primera A,2019 - Apertura,08/03/2019,00:30,Patriotas,Deportivo Cali,0,3,A,,,
Colombia,Primera A,2019 - Apertura,09/03/2019,00:45,Tolima,Independiente Valle del Cauca,0,0,D,,,
Colombia,Primera A,2019 - Apertura,09/03/2019,22:00,Millonarios,Atlético Nacional,1,1,D,,,
Colombia,Primera A,2019 - Apertura,09/03/2019,22:30,Alianza FC,Internacional de Bogotá,2,0,H,,,
Colombia,Primera A,2019 - Apertura,10/03/2019,00:45,Junior FC,Bucaramanga,0,0,D,,,
Colombia,Primera A,2019 - Apertura,10/03/2019,19:00,Deportivo Pasto,Deportivo Cali,1,0,H,,,
Colombia,Primera A,2019 - Apertura,10/03/2019,21:00,Patriotas,CD Jaguares,2,1,H,,,
Colombia,Primera A,2019 - Apertura,10/03/2019,22:00,Águilas Doradas,Envigado,1,3,A,,,
Colombia,Primera A,2019 - Apertura,10/03/2019,22:00,Independiente Medellín,Santa Fe,1,0,H,,,
Colombia,Primera A,2019 - Apertura,10/03/2019,23:00,Cúcuta,Unión Magdalena,3,1,H,,,
Colombia,Primera A,2019 - Apertura,11/03/2019,01:00,América de Cali,Once Caldas,3,1,H,,,
Colombia,Primera A,2019 - Apertura,16/03/2019,20:15,Independiente Medellín,Atlético Nacional,2,2,D,,,
Colombia,Primera A,2019 - Apertura,16/03/2019,22:00,Deportivo Cali,América de Cali,0,1,A,,,
Colombia,Primera A,2019 - Apertura,16/03/2019,22:30,Internacional de Bogotá,Patriotas,2,2,D,,,
Colombia,Primera A,2019 - Apertura,17/03/2019,00:45,Envigado,Águilas Doradas,1,1,D,,,
Colombia,Primera A,2019 - Apertura,17/03/2019,19:00,Once Caldas,Deportivo Pasto,0,1,A,,,
Colombia,Primera A,2019 - Apertura,17/03/2019,20:30,Unión Magdalena,Junior FC,1,1,D,,,
Colombia,Primera A,2019 - Apertura,17/03/2019,21:00,Independiente Valle del Cauca,Tolima,1,5,A,,,
Colombia,Primera A,2019 - Apertura,17/03/2019,23:00,CD Jaguares,Alianza FC,0,0,D,,,
Colombia,Primera A,2019 - Apertura,18/03/2019,01:00,Bucaramanga,Cúcuta,1,0,H,,,
Colombia,Primera A,2019 - Apertura,21/03/2019,00:30,Atlético Nacional,Deportivo Cali,2,2,D,,,
Colombia,Primera A,2019 - Apertura,23/03/2019,20:15,Deportivo Pasto,Millonarios,1,0,H,,,
Colombia,Primera A,2019 - Apertura,23/03/2019,22:00,Cúcuta,Atlético Nacional,1,3,A,,,
Colombia,Primera A,2019 - Apertura,23/03/2019,22:30,Alianza FC,Deportivo Cali,1,0,H,,,
Colombia,Primera A,2019 - Apertura,24/03/2019,00:45,Tolima,Unión Magdalena,1,0,H,,,
Colombia,Primera A,2019 - Apertura,24/03/2019,21:00,Independiente Medellín,Envigado,4,1,H,,,
Colombia,Primera A,2019 - Apertura,24/03/2019,22:00,Junior FC,Independiente Valle del Cauca,3,0,H,,,
Colombia,Primera A,2019 - Apertura,24/03/2019,23:00,América de Cali,CD Jaguares,1,0,H,,,
Colombia,Primera A,2019 - Apertura,25/03/2019,01:00,Santa Fe,Once Caldas,0,2,A,,,
Colombia,Primera A,2019 - Apertura,25/03/2019,22:30,Patriotas,Internacional de Bogotá,3,1,H,,,
Colombia,Primera A,2019 - Apertura,26/03/2019,00:30,Águilas Doradas,Bucaramanga,1,1,D,,,
Colombia,Primera A,2019 - Apertura,27/03/2019,23:15,Junior FC,Unión Magdalena,1,1,D,,,
Colombia,Primera A,2019 - Apertura,28/03/2019,01:15,Tolima,Atlético Nacional,2,1,H,,,
Colombia,Primera A,2019 - Apertura,28/03/2019,23:00,Cúcuta,Independiente Medellín,2,2,D,,,
Colombia,Primera A,2019 - Apertura,29/03/2019,01:00,Millonarios,Santa Fe,1,1,D,,,
Colombia,Primera A,2019 - Apertura,30/03/2019,00:45,Independiente Valle del Cauca,Patriotas,1,1,D,,,
Colombia,Primera A,2019 - Apertura,30/03/2019,19:00,Internacional de Bogotá,Tolima,0,0,D,,,
Colombia,Primera A,2019 - Apertura,30/03/2019,21:00,CD Jaguares,Junior FC,1,1,D,,,
Colombia,Primera A,2019 - Apertura,30/03/2019,22:00,Bucaramanga,América de Cali,0,0,D,,,
Colombia,Primera A,2019 - Apertura,30/03/2019,23:00,Once Caldas,Águilas Doradas,2,0,H,,,
Colombia,Primera A,2019 - Apertura,31/03/2019,01:00,Atlético Nacional,Deportivo Pasto,0,1,A,,,
Colombia,Primera A,2019 - Apertura,31/03/2019,20:15,Unión Magdalena,Alianza FC,1,1,D,,,
Colombia,Primera A,2019 - Apertura,31/03/2019,22:00,Deportivo Cali,Cúcuta,2,0,H,,,
Colombia,Primera A,2019 - Apertura,31/03/2019,22:30,Millonarios,Independiente Medellín,3,2,H,,,
Colombia,Primera A,2019 - Apertura,01/04/2019,00:30,Envigado,Santa Fe,0,0,D,,,
Colombia,Primera A,2019 - Apertura,02/04/2019,23:00,Águilas Doradas,Independiente Valle del Cauca,0,0,D,,,
Colombia,Primera A,2019 - Apertura,03/04/2019,01:00,América de Cali,Internacional de Bogotá,1,3,A,,,
Colombia,Primera A,2019 - Apertura,03/04/2019,21:00,Envigado,Bucaramanga,1,2,A,,,
Colombia,Primera A,2019 - Apertura,03/04/2019,23:00,Cúcuta,Deportivo Pasto,1,3,A,,,
Colombia,Primera A,2019 - Apertura,04/04/2019,01:00,Alianza FC,Millonarios,0,2,A,,,
Colombia,Primera A,2019 - Apertura,04/04/2019,23:00,Santa Fe,CD Jaguares,0,0,D,,,
Colombia,Primera A,2019 - Apertura,05/04/2019,01:00,Independiente Medellín,Once Caldas,1,1,D,,,
Colombia,Primera A,2019 - Apertura,06/04/2019,20:15,Unión Magdalena,Patriotas,4,0,H,,,
Colombia,Primera A,2019 - Apertura,06/04/2019,22:00,Independiente Valle del Cauca,América de Cali,2,1,H,,,
Colombia,Primera A,2019 - Apertura,07/04/2019,00:45,Internacional de Bogotá,Junior FC,2,2,D,,,
Colombia,Primera A,2019 - Apertura,07/04/2019,19:00,Deportivo Pasto,Independiente Medellín,1,0,H,,,
Colombia,Primera A,2019 - Apertura,07/04/2019,21:00,CD Jaguares,Águilas Doradas,2,0,H,,,
Colombia,Primera A,2019 - Apertura,07/04/2019,22:00,Atlético Nacional,Alianza FC,1,0,H,,,
Colombia,Primera A,2019 - Apertura,07/04/2019,23:00,Bucaramanga,Santa Fe,2,1,H,,,
Colombia,Primera A,2019 - Apertura,08/04/2019,01:00,Millonarios,Cúcuta,1,0,H,,,
Colombia,Primera A,2019 - Apertura,09/04/2019,01:00,Once Caldas,Envigado,1,0,H,,,
Colombia,Primera A,2019 - Apertura,13/04/2019,19:00,Águilas Doradas,Unión Magdalena,0,1,A,,,
Colombia,Primera A,2019 - Apertura,13/04/2019,21:00,Once Caldas,CD Jaguares,0,1,A,,,
Colombia,Primera A,2019 - Apertura,13/04/2019,23:00,Santa Fe,Internacional de Bogotá,1,1,D,,,
Colombia,Primera A,2019 - Apertura,14/04/2019,01:00,Independiente Medellín,Bucaramanga,4,0,H,,,
Colombia,Primera A,2019 - Apertura,14/04/2019,20:00,Alianza FC,Cúcuta,0,1,A,,,
Colombia,Primera A,2019 - Apertura,14/04/2019,20:00,Patriotas,Millonarios,1,3,A,,,
Colombia,Primera A,2019 - Apertura,14/04/2019,22:00,Envigado,Independiente Valle del Cauca,1,1,D,,,
Colombia,Primera A,2019 - Apertura,14/04/2019,22:00,Junior FC,Atlético Nacional,0,0,D,,,
Colombia,Primera A,2019 - Apertura,14/04/2019,22:00,Tolima,Deportivo Pasto,0,0,D,,,
Colombia,Primera A,2019 - Apertura,15/04/2019,00:30,América de Cali,Deportivo Cali,0,1,A,,,
Colombia,Primera A,2019 - Apertura,17/04/2019,00:45,Bucaramanga,Once Caldas,1,1,D,,,
Colombia,Primera A,2019 - Apertura,17/04/2019,19:00,Deportivo Pasto,Alianza FC,1,0,H,,,
Colombia,Primera A,2019 - Apertura,17/04/2019,21:00,CD Jaguares,Envigado,2,2,D,,,
Colombia,Primera A,2019 - Apertura,17/04/2019,23:00,Independiente Valle del Cauca,Santa Fe,0,3,A,,,
Colombia,Primera A,2019 - Apertura,18/04/2019,00:00,Millonarios,Tolima,1,2,A,,,
Colombia,Primera A,2019 - Apertura,18/04/2019,01:00,Deportivo Cali,Junior FC,0,0,D,,,
Colombia,Primera A,2019 - Apertura,18/04/2019,20:15,Unión Magdalena,América de Cali,0,3,A,,,
Colombia,Primera A,2019 - Apertura,19/04/2019,00:30,Atlético Nacional,Patriotas,4,0,H,,,
Colombia,Primera A,2019 - Apertura,20/04/2019,19:00,Once Caldas,Internacional de Bogotá,1,0,H,,,
Colombia,Primera A,2019 - Apertura,20/04/2019,19:00,Tolima,Alianza FC,2,2,D,,,
Colombia,Primera A,2019 - Apertura,20/04/2019,22:00,Independiente Medellín,CD Jaguares,3,0,H,,,
Colombia,Primera A,2019 - Apertura,21/04/2019,01:00,Santa Fe,Deportivo Cali,1,2,A,,,
Colombia,Primera A,2019 - Apertura,21/04/2019,19:00,Patriotas,Cúcuta,1,0,H,,,
Colombia,Primera A,2019 - Apertura,21/04/2019,21:00,Envigado,Unión Magdalena,1,1,D,,,
Colombia,Primera A,2019 - Apertura,21/04/2019,22:30,América de Cali,Millonarios,1,1,D,,,
Colombia,Primera A,2019 - Apertura,21/04/2019,23:00,Junior FC,Deportivo Pasto,0,0,D,,,
Colombia,Primera A,2019 - Apertura,22/04/2019,01:00,Águilas Doradas,Atlético Nacional,2,1,H,,,
Colombia,Primera A,2019 - Apertura,23/04/2019,01:00,Bucaramanga,Independiente Valle del Cauca,2,4,A,,,
Colombia,Primera A,2019 - Apertura,24/04/2019,21:30,Internacional de Bogotá,Águilas Doradas,2,2,D,,,
Colombia,Primera A,2019 - Apertura,24/04/2019,23:30,Once Caldas,Deportivo Cali,4,0,H,,,
Colombia,Primera A,2019 - Apertura,25/04/2019,01:30,Atlético Nacional,Independiente Medellín,1,0,H,,,
Colombia,Primera A,2019 - Apertura,27/04/2019,19:00,Internacional de Bogotá,Envigado,0,1,A,,,
Colombia,Primera A,2019 - Apertura,27/04/2019,21:00,Unión Magdalena,Santa Fe,3,1,H,,,
Colombia,Primera A,2019 - Apertura,27/04/2019,22:00,Deportivo Cali,Águilas Doradas,2,1,H,,,
Colombia,Primera A,2019 - Apertura,27/04/2019,23:00,Atlético Nacional,América de Cali,2,0,H,,,
Colombia,Primera A,2019 - Apertura,28/04/2019,01:00,Alianza FC,Independiente Medellín,1,1,D,,,
Colombia,Primera A,2019 - Apertura,28/04/2019,19:00,Deportivo Pasto,Patriotas,1,1,D,,,
Colombia,Primera A,2019 - Apertura,28/04/2019,21:00,CD Jaguares,Bucaramanga,1,1,D,,,
Colombia,Primera A,2019 - Apertura,28/04/2019,22:00,Millonarios,Junior FC,2,0,H,,,
Colombia,Primera A,2019 - Apertura,28/04/2019,23:00,Independiente Valle del Cauca,Once Caldas,1,0,H,,,
Colombia,Primera A,2019 - Apertura,29/04/2019,01:00,Cúcuta,Tolima,0,2,A,,,
Colombia,Primera A,2019 - Apertura,01/05/2019,00:00,Envigado,Atlético Nacional,4,0,H,,,
Colombia,Primera A,2019 - Apertura,01/05/2019,19:00,Patriotas,Tolima,1,0,H,,,
Colombia,Primera A,2019 - Apertura,01/05/2019,21:00,Águilas Doradas,Deportivo Pasto,2,1,H,,,
Colombia,Primera A,2019 - Apertura,01/05/2019,23:00,CD Jaguares,Internacional de Bogotá,1,1,D,,,
Colombia,Primera A,2019 - Apertura,01/05/2019,23:00,Santa Fe,Millonarios,0,0,D,,,
Colombia,Primera A,2019 - Apertura,02/05/2019,01:00,Independiente Medellín,Independiente Valle del Cauca,2,1,H,,,
Colombia,Primera A,2019 - Apertura,02/05/2019,21:15,Bucaramanga,Unión Magdalena,0,1,A,,,
Colombia,Primera A,2019 - Apertura,02/05/2019,23:15,Junior FC,Alianza FC,1,1,D,,,
Colombia,Primera A,2019 - Apertura,03/05/2019,01:15,América de Cali,Cúcuta,2,0,H,,,
Colombia,Primera A,2019 - Apertura,05/05/2019,00:45,Independiente Valle del Cauca,CD Jaguares,0,2,A,,,
Colombia,Primera A,2019 - Apertura,05/05/2019,20:30,Alianza FC,Patriotas,3,0,H,,,
Colombia,Primera A,2019 - Apertura,05/05/2019,20:30,Atlético Nacional,Santa Fe,2,1,H,,,
Colombia,Primera A,2019 - Apertura,05/05/2019,20:30,Cúcuta,Junior FC,2,1,H,,,
Colombia,Primera A,2019 - Apertura,05/05/2019,20:30,Deportivo Cali,Envigado,1,0,H,,,
Colombia,Primera A,2019 - Apertura,05/05/2019,20:30,Deportivo Pasto,América de Cali,1,1,D,,,
Colombia,Primera A,2019 - Apertura,05/05/2019,20:30,Tolima,Independiente Medellín,0,1,A,,,
Colombia,Primera A,2019 - Apertura,05/05/2019,20:30,Unión Magdalena,Once Caldas,1,0,H,,,
Colombia,Primera A,2019 - Apertura,05/05/2019,22:30,Internacional de Bogotá,Bucaramanga,3,1,H,,,
Colombia,Primera A,2019 - Apertura,05/05/2019,22:30,Millonarios,Águilas Doradas,1,1,D,,,
Colombia,Primera A,2019 - Apertura,11/05/2019,20:45,Unión Magdalena,Deportivo Pasto,1,3,A,,,
Colombia,Primera A,2019 - Apertura,12/05/2019,22:00,América de Cali,Millonarios,1,2,A,,,
Colombia,Primera A,2019 - Apertura,13/05/2019,00:00,Junior FC,Atlético Nacional,0,0,D,,,
Colombia,Primera A,2019 - Apertura,14/05/2019,00:45,Tolima,Deportivo Cali,1,1,D,,,
Colombia,Primera A,2019 - Apertura,15/05/2019,19:30,Deportivo Pasto,América de Cali,1,0,H,,,
Colombia,Primera A,2019 - Apertura,16/05/2019,01:00,Millonarios,Unión Magdalena,1,0,H,,,
Colombia,Primera A,2019 - Apertura,17/05/2019,00:00,Deportivo Cali,Junior FC,1,2,A,,,
Colombia,Primera A,2019 - Apertura,17/05/2019,01:00,Atlético Nacional,Tolima,1,2,A,,,
Colombia,Primera A,2019 - Apertura,18/05/2019,19:00,Deportivo Pasto,Millonarios,1,1,D,,,
Colombia,Primera A,2019 - Apertura,18/05/2019,20:30,Unión Magdalena,América de Cali,0,2,A,,,
Colombia,Primera A,2019 - Apertura,19/05/2019,22:00,Atlético Nacional,Deportivo Cali,1,3,A,,,
Colombia,Primera A,2019 - Apertura,20/05/2019,00:00,Junior FC,Tolima,1,1,D,,,
Colombia,Primera A,2019 - Apertura,23/05/2019,01:00,América de Cali,Unión Magdalena,4,0,H,,,
Colombia,Primera A,2019 - Apertura,25/05/2019,22:00,Millonarios,Deportivo Pasto,1,0,H,,,
Colombia,Primera A,2019 - Apertura,26/05/2019,22:15,Tolima,Junior FC,1,1,D,,,
Colombia,Primera A,2019 - Apertura,27/05/2019,00:30,Deportivo Cali,Atlético Nacional,0,1,A,,,
Colombia,Primera A,2019 - Apertura,01/06/2019,21:00,Unión Magdalena,Millonarios,1,1,D,,,
Colombia,Primera A,2019 - Apertura,01/06/2019,23:00,América de Cali,Deportivo Pasto,0,3,A,,,
Colombia,Primera A,2019 - Apertura,02/06/2019,22:30,Tolima,Atlético Nacional,2,1,H,,,
Colombia,Primera A,2019 - Apertura,03/06/2019,00:15,Junior FC,Deportivo Cali,2,0,H,,,
Colombia,Primera A,2019 - Apertura,05/06/2019,20:30,Deportivo Pasto,Unión Magdalena,3,0,H,,,
Colombia,Primera A,2019 - Apertura,05/06/2019,20:30,Millonarios,América de Cali,1,2,A,,,
Colombia,Primera A,2019 - Apertura,05/06/2019,23:00,Atlético Nacional,Junior FC,2,3,A,,,
Colombia,Primera A,2019 - Apertura,05/06/2019,23:00,Deportivo Cali,Tolima,1,2,A,,,
Colombia,Primera A,2019 - Apertura,09/06/2019,00:30,Junior FC,Deportivo Pasto,1,0,H,,,
Colombia,Primera A,2019 - Apertura,13/06/2019,00:45,Deportivo Pasto,Junior FC,1,0,H,,,
