mes,y,pm,o,u,p_28,p_oficial
2024-08,0,0.4271099744245524,2.24,1.67,0.46135807,0.46135807037353516
2024-08,1,0.4476439790575916,2.11,1.71,0.35049275,0.3504927456378937
2024-08,0,0.4960835509138382,1.93,1.9,0.43333426,0.43333426117897034
2024-08,1,0.42602040816326525,2.25,1.67,0.5736637,0.5736637115478516
2024-08,0,0.38539042821158687,2.44,1.53,0.28554726,0.28554725646972656
2024-08,1,0.5883838383838383,1.63,2.33,0.58176774,0.581767737865448
2024-08,0,0.6222222222222222,1.53,2.52,0.6729058,0.6729058027267456
2024-08,1,0.43958868894601544,2.18,1.71,0.3389347,0.33893468976020813
2024-08,1,0.31639722863741343,2.96,1.37,0.3268757,0.3268756866455078
2024-08,0,0.6758620689655173,1.41,2.94,0.7690462,0.7690461874008179
2024-08,0,0.6490384615384616,1.46,2.7,0.7985044,0.7985044121742249
2024-08,0,0.5402597402597403,1.77,2.08,0.5416881,0.541688084602356
2024-08,0,0.6825396825396824,1.4,3.01,0.6916958,0.6916958093643188
2024-08,1,0.5298701298701299,1.81,2.04,0.5756811,0.5756810903549194
2024-08,1,0.5130208333333333,1.87,1.97,0.48701796,0.487017959356308
2024-08,1,0.37064676616915426,2.53,1.49,0.308883,0.30888301134109497
2024-08,0,0.4591029023746703,2.05,1.74,0.63981766,0.6398176550865173
2024-08,1,0.6074999999999999,1.57,2.43,0.7030698,0.703069806098938
2024-08,1,0.5104166666666667,1.88,1.96,0.5315561,0.5315561294555664
2024-08,0,0.5091383812010444,1.88,1.95,0.6572543,0.6572542786598206
2024-08,0,0.40909090909090917,2.34,1.62,0.31314725,0.31314724683761597
2024-08,0,0.4908616187989557,1.95,1.88,0.5573052,0.5573052167892456
2024-08,0,0.4005102040816326,2.35,1.57,0.48592252,0.48592251539230347
2024-08,1,0.49869451697127937,1.92,1.91,0.60966825,0.6096682548522949
2024-08,0,0.4533678756476684,2.11,1.75,0.32040665,0.32040664553642273
2024-08,0,0.605,1.58,2.42,0.7276523,0.7276523113250732
2024-08,1,0.5260416666666667,1.82,2.02,0.54963297,0.5496329665184021
2024-08,1,0.43556701030927836,2.19,1.69,0.6406988,0.6406987905502319
2024-08,1,0.5286458333333333,1.81,2.03,0.5521603,0.5521603226661682
2024-08,0,0.48825065274151447,1.96,1.87,0.5697627,0.5697627067565918
2024-08,0,0.42820512820512824,2.23,1.67,0.4506657,0.4506657123565674
2024-08,1,0.43717277486910994,2.15,1.67,0.4894607,0.48946070671081543
2024-08,1,0.3611793611793612,2.6,1.47,0.41305766,0.4130576550960541
2024-08,0,0.5104166666666667,1.88,1.96,0.48720592,0.4872059226036072
2024-08,0,0.6332518337408313,1.5,2.59,0.7269336,0.7269335985183716
2024-08,1,0.5039164490861618,1.9,1.93,0.46561775,0.46561774611473083
2024-08,0,0.40759493670886077,2.34,1.61,0.4237717,0.4237717092037201
2024-08,1,0.40759493670886077,2.34,1.61,0.38599768,0.3859976828098297
2024-08,1,0.37688442211055284,2.48,1.5,0.42194143,0.4219414293766022
2024-08,0,0.34216867469879514,2.73,1.42,0.37748194,0.37748193740844727
2024-08,1,0.5169712793733681,1.85,1.98,0.4437557,0.4437556862831116
2024-08,1,0.5300261096605744,1.8,2.03,0.5316018,0.5316017866134644
2024-08,0,0.4894736842105264,1.94,1.86,0.34270173,0.3427017331123352
2024-08,0,0.49869451697127937,1.92,1.91,0.48865008,0.4886500835418701
2024-08,1,0.4960835509138382,1.93,1.9,0.58207494,0.5820749402046204
2024-08,0,0.4086294416243655,2.33,1.61,0.36809102,0.36809101700782776
2024-08,1,0.3620689655172414,2.59,1.47,0.23204789,0.2320478856563568
2024-08,1,0.5221932114882506,1.83,2.0,0.5190965,0.5190964937210083
2024-08,0,0.625615763546798,1.52,2.54,0.72363603,0.7236360311508179
2024-08,1,0.5629820051413882,1.7,2.19,0.55241,0.5524100065231323
2024-08,1,0.4735449735449735,1.99,1.79,0.5191923,0.5191922783851624
2024-08,1,0.4470284237726098,2.14,1.73,0.47052875,0.4705287516117096
2024-08,1,0.6457831325301205,1.47,2.68,0.70387197,0.7038719654083252
2024-08,1,0.7173447537473233,1.32,3.35,0.7025357,0.7025356888771057
2024-08,1,0.3149425287356322,2.98,1.37,0.34380463,0.34380462765693665
2024-08,1,0.5492227979274612,1.74,2.12,0.52960384,0.5296038389205933
2024-08,1,0.605,1.58,2.42,0.4986453,0.4986453056335449
2024-08,1,0.5555555555555556,1.72,2.15,0.59476465,0.5947646498680115
2024-08,0,0.6977777777777777,1.36,3.14,0.7733127,0.7733126878738403
2024-08,1,0.5618556701030928,1.7,2.18,0.6405208,0.6405208110809326
2024-08,1,0.6194029850746269,1.53,2.49,0.7004352,0.700435221195221
2024-08,0,0.4296675191815857,2.23,1.68,0.5453707,0.5453706979751587
2024-08,0,0.5440414507772021,1.76,2.1,0.81690073,0.8169007301330566
2024-08,1,0.6280788177339901,1.51,2.55,0.57965714,0.5796571373939514
2024-08,0,0.4869791666666667,1.97,1.87,0.6021782,0.6021782159805298
2024-08,1,0.5130208333333333,1.87,1.97,0.5776621,0.5776621103286743
2024-08,1,0.7329192546583851,1.29,3.54,0.74767554,0.7476755380630493
2024-08,0,0.3542168674698795,2.68,1.47,0.4169046,0.41690459847450256
2024-08,0,0.39795918367346944,2.36,1.56,0.33015537,0.3301553726196289
2024-08,0,0.6305418719211823,1.5,2.56,0.61351246,0.6135124564170837
2024-08,0,0.3924050632911393,2.4,1.55,0.3135728,0.31357279419898987
2024-08,1,0.5592783505154639,1.71,2.17,0.7467302,0.7467302083969116
2024-08,1,0.399497487437186,2.39,1.59,0.41287,0.41286998987197876
2024-08,0,0.5518134715025906,1.73,2.13,0.6819704,0.6819704174995422
2024-08,0,0.6457831325301205,1.47,2.68,0.5653913,0.5653913021087646
2024-08,1,0.5581395348837209,1.71,2.16,0.5838073,0.5838072896003723
2024-08,0,0.41494845360824745,2.27,1.61,0.4022839,0.4022839069366455
2024-08,0,0.48825065274151447,1.96,1.87,0.5703038,0.5703037977218628
2024-08,0,0.602015113350126,1.58,2.39,0.54515946,0.5451594591140747
2024-08,0,0.4137055837563452,2.31,1.63,0.47713852,0.4771385192871094
2024-08,0,0.4545454545454546,2.1,1.75,0.64302135,0.6430213451385498
2024-08,0,0.4005102040816326,2.35,1.57,0.4041934,0.4041934013366699
2024-08,0,0.34360189573459715,2.77,1.45,0.33665296,0.3366529643535614
2024-08,0,0.37437185929648237,2.49,1.49,0.56132877,0.5613287687301636
2024-08,0,0.35922330097087385,2.64,1.48,0.5107684,0.5107684135437012
2024-08,0,0.61,1.56,2.44,0.6549777,0.6549776792526245
2024-08,1,0.5826972010178116,1.64,2.29,0.6727276,0.6727275848388672
2024-08,0,0.4830287206266319,1.98,1.85,0.54192483,0.5419248342514038
2024-08,1,0.6571428571428571,1.44,2.76,0.5431427,0.5431426763534546
2024-08,1,0.6804597701149425,1.39,2.96,0.6396627,0.6396626830101013
2024-08,0,0.47519582245430814,2.01,1.82,0.5167988,0.5167987942695618
2024-08,1,0.5234374999999999,1.83,2.01,0.5158354,0.5158354043960571
2024-08,0,0.4647519582245431,2.05,1.78,0.41739312,0.41739311814308167
2024-08,0,0.7032967032967032,1.35,3.2,0.62507045,0.6250704526901245
2024-08,0,0.5169712793733681,1.85,1.98,0.71509016,0.7150901556015015
2024-08,1,0.4597402597402597,2.08,1.77,0.6325498,0.6325498223304749
2024-08,0,0.5169712793733681,1.85,1.98,0.5686376,0.5686376094818115
2024-08,0,0.3924050632911393,2.4,1.55,0.4442646,0.44426459074020386
2024-08,1,0.3518072289156627,2.69,1.46,0.40178174,0.40178173780441284
2024-08,0,0.399497487437186,2.39,1.59,0.3426529,0.3426528871059418
2024-08,1,0.5852417302798981,1.63,2.3,0.57859766,0.5785976648330688
2024-08,1,0.518324607329843,1.84,1.98,0.5133468,0.513346791267395
2024-08,1,0.4804177545691906,1.99,1.84,0.43692708,0.43692708015441895
2024-08,1,0.5862944162436549,1.63,2.31,0.5026832,0.5026832222938538
2024-08,0,0.4196891191709845,2.24,1.62,0.52976954,0.5297695398330688
2024-08,0,0.48167539267015713,1.98,1.84,0.32653672,0.32653671503067017
2024-08,1,0.35452322738386305,2.64,1.45,0.30810907,0.3081090748310089
2024-08,1,0.46354166666666663,2.06,1.78,0.43080354,0.4308035373687744
2024-08,1,0.4934383202099738,1.93,1.88,0.521403,0.5214030146598816
2024-08,1,0.39795918367346944,2.36,1.56,0.55279,0.5527899861335754
2024-08,0,0.37777777777777777,2.52,1.53,0.38648942,0.3864894211292267
2024-08,1,0.5091383812010444,1.88,1.95,0.46486598,0.4648659825325012
2024-08,0,0.4458762886597938,2.15,1.73,0.46580333,0.465803325176239
2024-08,0,0.35990338164251207,2.65,1.49,0.33498174,0.3349817395210266
2024-08,1,0.38461538461538464,2.48,1.55,0.32133046,0.3213304579257965
2024-08,0,0.5287958115183247,1.8,2.02,0.3935364,0.39353638887405396
2024-08,1,0.5378590078328982,1.77,2.06,0.4847547,0.4847547113895416
2024-08,0,0.6080402010050251,1.56,2.42,0.53439933,0.5343993306159973
2024-08,0,0.43556701030927836,2.19,1.69,0.72377187,0.723771870136261
2024-08,1,0.41025641025641024,2.3,1.6,0.39613026,0.3961302638053894
2024-08,0,0.4831168831168831,1.99,1.86,0.5985824,0.59858238697052
2024-08,1,0.5555555555555556,1.72,2.15,0.61589634,0.6158963441848755
2024-08,1,0.5909090909090909,1.62,2.34,0.5764306,0.57643061876297
2024-08,1,0.4735449735449735,1.99,1.79,0.4768908,0.47689080238342285
2024-08,0,0.6222222222222222,1.53,2.52,0.6837388,0.6837388277053833
2024-08,0,0.5979899497487436,1.6,2.38,0.6840259,0.6840258836746216
2024-08,0,0.6579572446555819,1.44,2.77,0.7595373,0.7595372796058655
2024-08,1,0.6498800959232613,1.46,2.71,0.6781455,0.6781455278396606
2024-08,0,0.5618556701030928,1.7,2.18,0.7156511,0.7156510949134827
2024-08,1,0.5888324873096447,1.62,2.32,0.6486886,0.6486886143684387
2024-08,1,0.5666666666666667,1.69,2.21,0.6909177,0.6909176707267761
2024-08,1,0.5104712041884817,1.87,1.95,0.46520916,0.46520915627479553
2024-08,1,0.5541237113402062,1.73,2.15,0.58447945,0.5844794511795044
2024-08,0,0.5246753246753246,1.83,2.02,0.7214197,0.7214196920394897
2024-08,0,0.5272727272727271,1.82,2.03,0.71519375,0.7151937484741211
2024-08,1,0.46874999999999994,2.04,1.8,0.5809134,0.5809134244918823
2024-08,1,0.6507177033492824,1.46,2.72,0.5068019,0.5068019032478333
2024-08,0,0.4065656565656566,2.35,1.61,0.34821922,0.34821921586990356
2024-08,1,0.6416464891041161,1.48,2.65,0.62701243,0.6270124316215515
2024-08,1,0.6515513126491647,1.46,2.73,0.6713599,0.6713598966598511
2024-08,0,0.4444444444444444,2.15,1.72,0.3074913,0.3074913024902344
2024-08,0,0.46354166666666663,2.06,1.78,0.5309872,0.5309872031211853
2024-08,1,0.37593984962406013,2.49,1.5,0.4008709,0.4008708894252777
2024-08,1,0.4765625,2.01,1.83,0.50065476,0.5006547570228577
2024-08,1,0.35903614457831323,2.66,1.49,0.45403212,0.45403212308883667
2024-08,1,0.5091383812010444,1.88,1.95,0.58818024,0.5881802439689636
2024-08,1,0.5607235142118864,1.7,2.17,0.50883114,0.5088311433792114
2024-08,1,0.53125,1.8,2.04,0.52559555,0.5255955457687378
2024-08,0,0.3404255319148936,2.79,1.44,0.4210403,0.42104029655456543
2024-08,0,0.4591029023746703,2.05,1.74,0.533519,0.5335190296173096
2024-08,1,0.3944020356234097,2.38,1.55,0.4764735,0.47647351026535034
2024-08,0,0.5195822454308094,1.84,1.99,0.42961273,0.4296127259731293
2024-09,0,0.6274509803921569,1.52,2.56,0.6718432,0.6718431711196899
2024-09,1,0.6898876404494382,1.38,3.07,0.6896153,0.6896153092384338
2024-09,0,0.602015113350126,1.58,2.39,0.70329666,0.7032966613769531
2024-09,1,0.5414507772020726,1.77,2.09,0.5418331,0.5418331027030945
2024-09,1,0.4173027989821883,2.29,1.64,0.44932613,0.44932612776756287
2024-09,0,0.39795918367346944,2.36,1.56,0.4558112,0.45581120252609253
2024-09,0,0.4409448818897638,2.13,1.68,0.48750868,0.4875086843967438
2024-09,1,0.4444444444444444,2.15,1.72,0.5225795,0.5225794911384583
2024-09,1,0.6651053864168619,1.43,2.84,0.6757363,0.6757363080978394
2024-09,1,0.53125,1.8,2.04,0.52008164,0.520081639289856
2024-09,0,0.40909090909090917,2.34,1.62,0.34083718,0.34083718061447144
2024-09,1,0.4559585492227979,2.1,1.76,0.5181896,0.5181896090507507
2024-09,0,0.7615384615384616,1.24,3.96,0.6234098,0.6234098076820374
2024-09,1,0.4791666666666667,2.0,1.84,0.5553715,0.5553715229034424
2024-09,0,0.4065656565656566,2.35,1.61,0.46742243,0.4674224257469177
2024-09,0,0.5692307692307692,1.68,2.22,0.62618273,0.6261827349662781
2024-09,0,0.3697270471464019,2.54,1.49,0.289852,0.28985199332237244
2024-09,1,0.3838383838383838,2.44,1.52,0.30404845,0.30404844880104065
2024-09,0,0.319634703196347,2.98,1.4,0.38047886,0.3804788589477539
2024-09,0,0.44961240310077516,2.13,1.74,0.348131,0.348131000995636
2024-09,0,0.46354166666666663,2.06,1.78,0.66687196,0.666871964931488
2024-09,1,0.5466321243523315,1.75,2.11,0.5893327,0.5893326997756958
2024-09,0,0.6194029850746269,1.53,2.49,0.6697801,0.6697800755500793
2024-09,1,0.4788359788359788,1.97,1.81,0.543905,0.5439050197601318
2024-09,1,0.4005102040816326,2.35,1.57,0.43270093,0.4327009320259094
2024-09,0,0.4473684210526316,2.1,1.7,0.5469047,0.5469046831130981
2024-09,0,0.427461139896373,2.21,1.65,0.40616655,0.40616655349731445
2024-09,1,0.36790123456790125,2.56,1.49,0.38610056,0.38610056042671204
2024-09,0,0.3934010152284264,2.39,1.55,0.29799247,0.297992467880249
2024-09,0,0.40769230769230774,2.31,1.59,0.5293468,0.5293468236923218
2024-09,0,0.3924050632911393,2.4,1.55,0.32498813,0.32498812675476074
2024-09,0,0.4397905759162304,2.14,1.68,0.5238161,0.5238161087036133
2024-09,1,0.36633663366336633,2.56,1.48,0.3801511,0.38015109300613403
2024-09,0,0.4424083769633508,2.13,1.69,0.3397971,0.33979710936546326
2024-09,0,0.4526315789473684,2.08,1.72,0.45453662,0.4545366168022156
2024-09,1,0.48010610079575594,1.96,1.81,0.4293744,0.4293743968009949
2024-09,0,0.4005102040816326,2.35,1.57,0.38856602,0.3885660171508789
2024-09,1,0.6359223300970874,1.5,2.62,0.7001213,0.700121283531189
2024-09,0,0.5039164490861618,1.9,1.93,0.63286024,0.6328602433204651
2024-09,0,0.4101265822784811,2.33,1.62,0.3654557,0.365455687046051
2024-09,1,0.5944584382871536,1.61,2.36,0.6132432,0.6132432222366333
2024-09,1,0.4533678756476684,2.11,1.75,0.383,0.382999986410141
2024-09,1,0.4271099744245524,2.24,1.67,0.5714488,0.571448802947998
2024-09,1,0.722457627118644,1.31,3.41,0.67279685,0.6727968454360962
2024-09,1,0.5471204188481674,1.73,2.09,0.47414535,0.4741453528404236
2024-09,1,0.6587677725118484,1.44,2.78,0.7204486,0.7204486131668091
2024-09,1,0.5776081424936387,1.66,2.27,0.6434793,0.6434792876243591
2024-09,0,0.5692307692307692,1.68,2.22,0.66015565,0.6601556539535522
2024-09,0,0.5567010309278351,1.72,2.16,0.6353015,0.6353014707565308
2024-09,0,0.6736111111111112,1.41,2.91,0.62831604,0.6283160448074341
2024-09,0,0.6119402985074627,1.56,2.46,0.5559215,0.5559214949607849
2024-09,1,0.7045951859956237,1.35,3.22,0.7803142,0.7803142070770264
2024-09,1,0.5440414507772021,1.76,2.1,0.5718651,0.5718650817871094
2024-09,0,0.43229166666666663,2.18,1.66,0.39382154,0.3938215374946594
2024-09,1,0.4526315789473684,2.08,1.72,0.39076883,0.390768826007843
2024-09,1,0.3682926829268293,2.59,1.51,0.48161834,0.48161834478378296
2024-09,0,0.5529715762273902,1.73,2.14,0.619676,0.6196759939193726
2024-09,0,0.4370179948586118,2.19,1.7,0.42305627,0.4230562746524811
2024-09,0,0.3640776699029127,2.62,1.5,0.4872857,0.48728570342063904
2024-09,0,0.3636363636363637,2.59,1.48,0.28490517,0.28490516543388367
2024-09,1,0.5717948717948719,1.67,2.23,0.47181684,0.4718168377876282
2024-09,1,0.75,1.27,3.81,0.6971714,0.6971713900566101
2024-09,0,0.48412698412698413,1.95,1.83,0.48267287,0.48267287015914917
2024-09,1,0.637469586374696,1.49,2.62,0.64133835,0.6413383483886719
2024-09,1,0.6203473945409429,1.53,2.5,0.6425331,0.6425331234931946
2024-09,0,0.6555819477434679,1.45,2.76,0.7042521,0.7042521238327026
2024-09,1,0.6595238095238095,1.43,2.77,0.6694289,0.6694288849830627
2024-09,0,0.48825065274151447,1.96,1.87,0.49676743,0.49676743149757385
2024-09,0,0.43556701030927836,2.19,1.69,0.49528617,0.49528616666793823
2024-09,1,0.5248041775456919,1.82,2.01,0.38615394,0.3861539363861084
2024-09,0,0.3765586034912718,2.5,1.51,0.33340687,0.33340686559677124
2024-09,1,0.583756345177665,1.64,2.3,0.742871,0.7428709864616394
2024-09,0,0.4030226700251889,2.37,1.6,0.54497063,0.5449706315994263
2024-09,1,0.5492227979274612,1.74,2.12,0.48011947,0.4801194667816162
2024-09,0,0.6040100250626567,1.58,2.41,0.60517204,0.6051720380783081
2024-09,1,0.545219638242894,1.76,2.11,0.53596824,0.5359682440757751
2024-09,0,0.4005102040816326,2.35,1.57,0.35444075,0.35444074869155884
2024-09,1,0.6246913580246914,1.52,2.53,0.5616611,0.5616611242294312
2024-09,1,0.4908616187989557,1.95,1.88,0.34026474,0.3402647376060486
2024-09,0,0.4791666666666667,2.0,1.84,0.38705328,0.3870532810688019
2024-09,0,0.4960835509138382,1.93,1.9,0.50224686,0.5022468566894531
2024-09,1,0.5442708333333333,1.75,2.09,0.5582553,0.5582553148269653
2024-09,1,0.6129032258064515,1.56,2.47,0.6139483,0.6139482855796814
2024-09,1,0.5143603133159269,1.86,1.97,0.46550733,0.4655073285102844
2024-09,0,0.4308093994778067,2.18,1.65,0.41555658,0.41555657982826233
2024-09,1,0.4559585492227979,2.1,1.76,0.5541164,0.554116427898407
2024-09,0,0.4061696658097687,2.31,1.58,0.37638092,0.37638092041015625
2024-09,0,0.5618556701030928,1.7,2.18,0.54378015,0.5437801480293274
2024-09,0,0.5692307692307692,1.68,2.22,0.51764,0.5176399946212769
2024-09,1,0.44356955380577423,2.12,1.69,0.2849205,0.28492051362991333
2024-09,1,0.5065274151436031,1.89,1.94,0.5507456,0.5507456064224243
2024-09,1,0.47780678851174935,2.0,1.83,0.528774,0.5287740230560303
2024-09,1,0.4721485411140583,1.99,1.78,0.5045303,0.5045303106307983
2024-09,1,0.47519582245430814,2.01,1.82,0.39005938,0.39005938172340393
2024-09,1,0.3700980392156863,2.57,1.51,0.3150825,0.31508249044418335
2024-09,0,0.31221719457013575,3.04,1.38,0.45518732,0.4551873207092285
2024-09,1,0.3294663573085847,2.89,1.42,0.33811563,0.3381156325340271
2024-09,0,0.38118811881188125,2.5,1.54,0.3581344,0.358134388923645
2024-09,0,0.43444730077120824,2.2,1.69,0.31502068,0.31502068042755127
2024-09,1,0.41752577319587636,2.26,1.62,0.40536872,0.40536871552467346
2024-09,1,0.5692307692307692,1.68,2.22,0.57013613,0.5701361298561096
2024-09,1,0.5052083333333333,1.9,1.94,0.5322534,0.5322533845901489
2024-09,1,0.37163814180929094,2.57,1.52,0.44855022,0.4485502243041992
2024-09,1,0.4296675191815857,2.23,1.68,0.3588577,0.3588576912879944
2024-09,1,0.625615763546798,1.52,2.54,0.7357757,0.7357757091522217
2024-09,0,0.37163814180929094,2.57,1.52,0.40865022,0.4086502194404602
2024-09,0,0.4318766066838046,2.21,1.68,0.45612612,0.4561261236667633
2024-09,1,0.5555555555555556,1.72,2.15,0.549332,0.5493320226669312
2024-09,1,0.5503875968992248,1.74,2.13,0.6396631,0.6396631002426147
2024-09,1,0.6957494407158836,1.36,3.11,0.710961,0.7109609842300415
2024-09,1,0.5944584382871536,1.61,2.36,0.61890036,0.6189003586769104
2024-09,0,0.5156249999999999,1.86,1.98,0.546629,0.546629011631012
2024-09,1,0.6964285714285715,1.36,3.12,0.65403926,0.6540392637252808
2024-09,1,0.6040100250626567,1.58,2.41,0.587996,0.5879960060119629
2024-09,0,0.5378590078328982,1.77,2.06,0.4621853,0.4621852934360504
2024-09,1,0.5692307692307692,1.68,2.22,0.57117057,0.5711705684661865
2024-09,1,0.6643026004728132,1.42,2.81,0.68005,0.6800500154495239
2024-09,1,0.4333333333333333,2.21,1.69,0.5147485,0.5147485136985779
2024-09,1,0.38734177215189874,2.42,1.53,0.3719575,0.3719575107097626
2024-09,1,0.5208333333333334,1.84,2.0,0.61320025,0.6132002472877502
2024-09,0,0.43444730077120824,2.2,1.69,0.54536486,0.5453648567199707
2024-09,0,0.47135416666666663,2.03,1.81,0.47345656,0.47345656156539917
2024-09,0,0.5989974937343359,1.6,2.39,0.6141553,0.6141552925109863
2024-09,0,0.3578431372549019,2.62,1.46,0.25026453,0.2502645254135132
2024-09,0,0.6356968215158926,1.49,2.6,0.6732113,0.6732112765312195
2024-09,0,0.4233766233766234,2.22,1.63,0.38223422,0.38223421573638916
2024-09,0,0.46614583333333337,2.05,1.79,0.6069725,0.6069725155830383
2024-09,1,0.5065274151436031,1.89,1.94,0.51333463,0.5133346319198608
2024-09,1,0.6774193548387096,1.4,2.94,0.5437568,0.5437567830085754
2024-09,1,0.4248704663212435,2.22,1.64,0.3784836,0.3784835934638977
2024-09,0,0.6237623762376239,1.52,2.52,0.6191286,0.6191285848617554
2024-09,1,0.4701298701298701,2.04,1.81,0.55392534,0.5539253354072571
2024-09,0,0.3594132029339854,2.62,1.47,0.40978202,0.4097820222377777
2024-09,0,0.2925764192139738,3.24,1.34,0.26413077,0.26413077116012573
2024-09,1,0.5994962216624685,1.59,2.38,0.6804707,0.6804707050323486
2024-09,1,0.4183673469387755,2.28,1.64,0.39682975,0.396829754114151
2024-09,1,0.5246753246753246,1.83,2.02,0.4769186,0.47691860795021057
2024-09,1,0.6481927710843374,1.46,2.69,0.6136017,0.6136016845703125
2024-09,0,0.5394736842105263,1.75,2.05,0.5010066,0.5010066032409668
2024-09,1,0.5428571428571429,1.76,2.09,0.49604145,0.4960414469242096
2024-09,1,0.39086294416243655,2.4,1.54,0.3839281,0.3839280903339386
2024-09,0,0.48825065274151447,1.96,1.87,0.56389034,0.5638903379440308
2024-09,0,0.42091836734693877,2.27,1.65,0.42165342,0.4216534197330475
2024-09,1,0.5418848167539266,1.75,2.07,0.58491266,0.5849126577377319
2024-09,1,0.4739583333333334,2.02,1.82,0.79519063,0.7951906323432922
2024-09,1,0.6611374407582938,1.43,2.79,0.68373996,0.683739960193634
2024-09,1,0.4765625,2.01,1.83,0.5524782,0.5524781942367554
2024-09,0,0.375,2.5,1.5,0.3439421,0.3439421057701111
2024-09,1,0.6774193548387096,1.4,2.94,0.65233594,0.6523359417915344
2024-09,0,0.5732647814910026,1.66,2.23,0.6419488,0.6419488191604614
2024-09,1,0.6070528967254408,1.56,2.41,0.6068326,0.6068326234817505
2024-09,1,0.578005115089514,1.65,2.26,0.56585026,0.5658502578735352
2024-09,1,0.49071618037135284,1.92,1.85,0.5159661,0.5159661173820496
2024-09,0,0.43076923076923074,2.22,1.68,0.42197886,0.4219788610935211
2024-09,1,0.32860520094562645,2.84,1.39,0.3691915,0.3691914975643158
2024-09,1,0.37871287128712877,2.51,1.53,0.38762736,0.38762736320495605
2024-09,0,0.36319612590799033,2.63,1.5,0.31668067,0.3166806697845459
2024-09,1,0.4791666666666667,2.0,1.84,0.49561778,0.4956177771091461
2024-09,1,0.5805626598465473,1.64,2.27,0.6612583,0.6612582802772522
2024-09,1,0.6399026763990268,1.48,2.63,0.6140655,0.6140655279159546
2024-09,0,0.4908616187989557,1.95,1.88,0.37557176,0.37557175755500793
2024-09,0,0.6025,1.59,2.41,0.5489602,0.5489602088928223
2024-09,1,0.5208333333333334,1.84,2.0,0.55535805,0.5553580522537231
2024-09,0,0.4366925064599483,2.18,1.69,0.45972985,0.4597298502922058
2024-09,0,0.5529715762273902,1.73,2.14,0.49992514,0.4999251365661621
2024-09,1,0.5065274151436031,1.89,1.94,0.5765538,0.5765538215637207
2024-09,1,0.49206349206349204,1.92,1.86,0.42081267,0.4208126664161682
2024-09,1,0.7345679012345678,1.29,3.57,0.75477105,0.7547710537910461
2024-09,1,0.6237623762376239,1.52,2.52,0.67273337,0.6727333664894104
2024-09,1,0.6015037593984962,1.59,2.4,0.6521757,0.6521757245063782
2024-09,1,0.32714617169373555,2.9,1.41,0.4862597,0.48625969886779785
2024-09,0,0.639225181598063,1.49,2.64,0.71745163,0.7174516320228577
2024-09,0,0.30561797752808995,3.09,1.36,0.2795908,0.27959078550338745
2024-09,1,0.5440414507772021,1.76,2.1,0.5216479,0.5216478705406189
2024-09,1,0.6323529411764707,1.5,2.58,0.71758634,0.71758633852005
2024-09,0,0.5324675324675325,1.8,2.05,0.6831497,0.6831496953964233
2024-09,1,0.6619385342789598,1.43,2.8,0.6916152,0.6916152238845825
2024-09,1,0.5272727272727271,1.82,2.03,0.5183506,0.5183506011962891
2024-09,0,0.5503875968992248,1.74,2.13,0.5804976,0.5804976224899292
2024-09,0,0.5776081424936387,1.66,2.27,0.56857705,0.5685770511627197
2024-09,1,0.6323529411764707,1.5,2.58,0.54862785,0.5486278533935547
2024-09,1,0.6311881188118812,1.49,2.55,0.5004814,0.5004814267158508
2024-09,1,0.5130208333333333,1.87,1.97,0.6194735,0.6194735169410706
2024-09,0,0.4805194805194806,2.0,1.85,0.6037401,0.6037400960922241
2024-09,0,0.3333333333333333,2.84,1.42,0.39290276,0.39290276169776917
2024-09,0,0.31639722863741343,2.96,1.37,0.15372357,0.1537235677242279
2024-09,0,0.4571428571428572,2.09,1.76,0.5382612,0.5382611751556396
2024-09,1,0.4065656565656566,2.35,1.61,0.4523705,0.4523704946041107
2024-09,0,0.3688118811881188,2.55,1.49,0.43342233,0.433422327041626
2024-09,0,0.7230443974630022,1.31,3.42,0.6928468,0.6928467750549316
2024-09,1,0.3557692307692308,2.68,1.48,0.44769678,0.4476967751979828
2024-09,1,0.6563981042654028,1.45,2.77,0.6818107,0.6818106770515442
2024-09,1,0.4701298701298701,2.04,1.81,0.5629732,0.5629732012748718
2024-09,0,0.4817708333333334,1.99,1.85,0.43467388,0.43467387557029724
2024-09,1,0.6203473945409429,1.53,2.5,0.47470593,0.47470593452453613
2024-09,1,0.6595744680851063,1.44,2.79,0.79920334,0.7992033362388611
2024-09,1,0.3879093198992443,2.43,1.54,0.28799433,0.2879943251609802
2024-09,1,0.43076923076923074,2.22,1.68,0.553644,0.5536440014839172
2024-09,1,0.5526315789473685,1.7,2.1,0.5616123,0.5616123080253601
2024-09,0,0.5739795918367347,1.67,2.25,0.42843372,0.42843371629714966
2024-09,1,0.5236842105263159,1.81,1.99,0.47893935,0.47893935441970825
2024-09,1,0.5529715762273902,1.73,2.14,0.47389135,0.47389134764671326
2024-09,1,0.4470284237726098,2.14,1.73,0.39937004,0.3993700444698334
2024-09,1,0.5541237113402062,1.73,2.15,0.54431874,0.5443187355995178
2024-09,1,0.6314496314496314,1.5,2.57,0.5890775,0.5890774726867676
2024-09,1,0.4761904761904762,1.98,1.8,0.3622623,0.3622623085975647
2024-09,1,0.5079365079365078,1.86,1.92,0.3936199,0.3936198949813843
2024-09,0,0.4791666666666667,2.0,1.84,0.4579873,0.45798730850219727
2024-09,1,0.4856396866840731,1.97,1.86,0.5111788,0.5111787915229797
2024-09,1,0.4545454545454546,2.1,1.75,0.5235029,0.5235028862953186
2024-09,1,0.6539379474940334,1.45,2.74,0.5937892,0.5937892198562622
2024-09,1,0.6689976689976691,1.42,2.87,0.6440288,0.6440287828445435
2024-09,0,0.43444730077120824,2.2,1.69,0.41273707,0.41273707151412964
2024-09,0,0.4623376623376624,2.07,1.78,0.44358414,0.443584144115448
2024-09,0,0.38,2.48,1.52,0.33278686,0.3327868580818176
2024-09,1,0.39593908629441626,2.38,1.56,0.34614816,0.34614816308021545
2024-09,0,0.5454545454545455,1.75,2.1,0.50307065,0.5030706524848938
2024-09,0,0.5979643765903307,1.58,2.35,0.5859443,0.5859442949295044
2024-09,0,0.5350649350649351,1.79,2.06,0.62312907,0.6231290698051453
2024-09,1,0.5079787234042553,1.85,1.91,0.47027475,0.47027474641799927
2024-09,1,0.5428571428571429,1.76,2.09,0.49316087,0.4931608736515045
2024-09,1,0.6356968215158926,1.49,2.6,0.6728983,0.6728982925415039
2024-09,1,0.615,1.54,2.46,0.62490785,0.6249078512191772
2024-10,1,0.5414507772020726,1.77,2.09,0.59708774,0.5970877408981323
2024-10,1,0.3186046511627907,2.93,1.37,0.25282925,0.25282925367355347
2024-10,1,0.6332518337408313,1.5,2.59,0.60341704,0.6034170389175415
2024-10,1,0.44329896907216493,2.16,1.72,0.34516674,0.34516674280166626
2024-10,0,0.6228287841191067,1.52,2.51,0.70209694,0.7020969390869141
2024-10,0,0.31590909090909086,3.01,1.39,0.5005101,0.5005100965499878
2024-10,0,0.6015037593984962,1.59,2.4,0.6707806,0.670780599117279
2024-10,1,0.3501199040767386,2.71,1.46,0.62156695,0.6215669512748718
2024-10,0,0.362962962962963,2.58,1.47,0.35154232,0.35154232382774353
2024-10,0,0.4444444444444444,2.15,1.72,0.34995466,0.34995466470718384
2024-10,0,0.5728900255754477,1.67,2.24,0.6592699,0.6592699289321899
2024-10,1,0.5390625,1.77,2.07,0.6254634,0.6254634261131287
2024-10,1,0.5934343434343434,1.61,2.35,0.5684789,0.5684788823127747
2024-10,1,0.7811934900542495,1.21,4.32,0.78851384,0.7885138392448425
2024-10,1,0.6971046770601336,1.36,3.13,0.73660433,0.7366043329238892
2024-10,0,0.5666666666666667,1.69,2.21,0.65234244,0.6523424386978149
2024-10,1,0.538860103626943,1.78,2.08,0.6881456,0.6881455779075623
2024-10,1,0.6539379474940334,1.45,2.74,0.76441526,0.7644152641296387
2024-10,1,0.5666666666666667,1.69,2.21,0.51507425,0.5150742530822754
2024-10,0,0.3731343283582089,2.52,1.5,0.2498384,0.24983839690685272
2024-10,1,0.3994910941475827,2.36,1.57,0.36957157,0.3695715665817261
2024-10,0,0.31292517006802717,3.03,1.38,0.20403011,0.2040301114320755
2024-10,1,0.5065274151436031,1.89,1.94,0.5716832,0.5716832280158997
2024-10,1,0.53125,1.8,2.04,0.42493653,0.42493653297424316
2024-10,0,0.5666666666666667,1.69,2.21,0.6121336,0.6121336221694946
2024-10,0,0.5459317585301837,1.73,2.08,0.4508385,0.45083850622177124
2024-10,1,0.5130208333333333,1.87,1.97,0.542103,0.5421029925346375
2024-10,1,0.4708994708994709,2.0,1.78,0.49179482,0.4917948246002197
2024-10,0,0.5440414507772021,1.76,2.1,0.5374821,0.5374820828437805
2024-10,1,0.36919315403422975,2.58,1.51,0.42538977,0.42538976669311523
2024-10,1,0.5246753246753246,1.83,2.02,0.6256396,0.6256396174430847
2024-10,1,0.5666666666666667,1.69,2.21,0.64933187,0.6493318676948547
2024-10,0,0.7230443974630022,1.31,3.42,0.6510992,0.6510992050170898
2024-10,1,0.5862944162436549,1.63,2.31,0.5114936,0.5114936232566833
2024-10,0,0.3731343283582089,2.52,1.5,0.45477852,0.4547785222530365
2024-10,0,0.4908616187989557,1.95,1.88,0.56107044,0.561070442199707
2024-10,0,0.4170984455958549,2.25,1.61,0.44675994,0.4467599391937256
2024-10,1,0.4765625,2.01,1.83,0.3572902,0.35729020833969116
2024-10,0,0.6134663341645885,1.55,2.46,0.5362155,0.5362154841423035
2024-10,1,0.4791666666666667,2.0,1.84,0.40725842,0.40725842118263245
2024-10,0,0.5208333333333334,1.84,2.0,0.5108463,0.5108463168144226
2024-10,0,0.5440414507772021,1.76,2.1,0.5088795,0.5088794827461243
2024-10,0,0.6222222222222222,1.53,2.52,0.5438727,0.5438727140426636
2024-10,0,0.606516290726817,1.57,2.42,0.6179913,0.6179913282394409
2024-10,1,0.5826972010178116,1.64,2.29,0.47236365,0.4723636507987976
2024-10,1,0.49336870026525204,1.91,1.86,0.41617316,0.41617316007614136
2024-10,1,0.5078534031413613,1.88,1.94,0.5303309,0.5303308963775635
2024-10,1,0.5826972010178116,1.64,2.29,0.6478992,0.6478992104530334
2024-10,0,0.4444444444444444,2.15,1.72,0.5016454,0.5016453862190247
2024-10,1,0.6986607142857143,1.35,3.13,0.57673866,0.5767386555671692
2024-10,1,0.683371298405467,1.39,3.0,0.57080823,0.5708082318305969
2024-10,0,0.441860465116279,2.16,1.71,0.5737061,0.5737060904502869
2024-10,0,0.441860465116279,2.16,1.71,0.54583776,0.5458377599716187
2024-10,0,0.44619422572178474,2.11,1.7,0.555,0.5550000071525574
2024-10,0,0.7670454545454546,1.23,4.05,0.7266973,0.7266973257064819
2024-10,0,0.5621761658031088,1.69,2.17,0.607725,0.6077250242233276
2024-10,1,0.5518134715025906,1.73,2.13,0.5120138,0.5120137929916382
2024-10,0,0.4708994708994709,2.0,1.78,0.45386657,0.453866571187973
2024-10,0,0.39348370927318294,2.42,1.57,0.45168218,0.4516821801662445
2024-10,1,0.3405275779376499,2.75,1.42,0.40075952,0.4007595181465149
2024-10,0,0.36453201970443344,2.58,1.48,0.28030282,0.28030282258987427
2024-10,0,0.4591029023746703,2.05,1.74,0.40930262,0.40930262207984924
2024-10,1,0.4005102040816326,2.35,1.57,0.3670841,0.3670840859413147
2024-10,1,0.3893129770992367,2.4,1.53,0.22473256,0.22473256289958954
2024-10,1,0.4617414248021108,2.04,1.75,0.33528596,0.3352859616279602
2024-10,0,0.5803108808290156,1.62,2.24,0.55658853,0.5565885305404663
2024-10,0,0.4814814814814815,1.96,1.82,0.3687687,0.36876869201660156
2024-10,0,0.38539042821158687,2.44,1.53,0.2989028,0.29890280961990356
2024-10,0,0.4281984334203655,2.19,1.64,0.39352757,0.3935275673866272
2024-10,1,0.5526315789473685,1.7,2.1,0.49127454,0.49127453565597534
2024-10,1,0.48806366047745364,1.93,1.84,0.36163443,0.36163443326950073
2024-10,1,0.6365853658536585,1.49,2.61,0.5978952,0.5978952050209045
2024-10,0,0.5618556701030928,1.7,2.18,0.5721355,0.5721355080604553
2024-10,1,0.4444444444444444,2.15,1.72,0.2755924,0.2755923867225647
2024-10,1,0.6921348314606741,1.37,3.08,0.78627336,0.7862733602523804
2024-10,1,0.4960835509138382,1.93,1.9,0.49844295,0.49844294786453247
2024-10,0,0.5790816326530612,1.65,2.27,0.5885444,0.5885444283485413
2024-10,1,0.4101265822784811,2.33,1.62,0.47157755,0.47157755494117737
2024-10,1,0.5826972010178116,1.64,2.29,0.66980624,0.6698062419891357
2024-10,1,0.5618556701030928,1.7,2.18,0.5652604,0.5652604103088379
2024-10,1,0.6891891891891893,1.38,3.06,0.65608996,0.6560899615287781
2024-10,1,0.6788990825688074,1.4,2.96,0.6919069,0.6919069290161133
2024-10,0,0.5765306122448979,1.66,2.26,0.6302084,0.6302083730697632
2024-10,1,0.5529715762273902,1.73,2.14,0.5750582,0.5750582218170166
2024-10,1,0.5416666666666667,1.76,2.08,0.52308846,0.5230884552001953
2024-10,0,0.5234374999999999,1.83,2.01,0.43061227,0.4306122660636902
2024-10,1,0.6339066339066339,1.49,2.58,0.63952684,0.6395268440246582
2024-10,0,0.628992628992629,1.51,2.56,0.59773505,0.5977350473403931
2024-10,0,0.4514435695538058,2.09,1.72,0.33435622,0.3343562185764313
2024-10,0,0.3697270471464019,2.54,1.49,0.3843254,0.38432541489601135
2024-10,1,0.4470284237726098,2.14,1.73,0.40102467,0.4010246694087982
2024-10,0,0.47631578947368425,1.99,1.81,0.5926572,0.592657208442688
2024-10,0,0.6005025125628142,1.59,2.39,0.6312688,0.6312687993049622
2024-10,0,0.5473684210526316,1.72,2.08,0.46580237,0.4658023715019226
2024-10,1,0.7230443974630022,1.31,3.42,0.7117578,0.7117577791213989
2024-10,0,0.42820512820512824,2.23,1.67,0.40524787,0.40524786710739136
2024-10,1,0.4233766233766234,2.22,1.63,0.26666155,0.26666155457496643
2024-10,0,0.5555555555555556,1.72,2.15,0.6042656,0.604265570640564
2024-10,0,0.5013054830287206,1.91,1.92,0.6202963,0.62029629945755
2024-10,0,0.43076923076923074,2.22,1.68,0.59701014,0.5970101356506348
2024-10,1,0.7026431718061673,1.35,3.19,0.7833923,0.7833923101425171
2024-10,1,0.589873417721519,1.62,2.33,0.5057283,0.5057283043861389
2024-10,0,0.3479318734793187,2.68,1.43,0.28043753,0.28043752908706665
2024-10,0,0.4609375,2.07,1.77,0.32636648,0.32636648416519165
2024-10,0,0.5211640211640212,1.81,1.97,0.42640057,0.4264005720615387
2024-10,0,0.3404255319148936,2.79,1.44,0.43080202,0.43080201745033264
2024-10,0,0.5492227979274612,1.74,2.12,0.64205307,0.6420530676841736
2024-10,1,0.6547619047619047,1.45,2.75,0.6961247,0.6961246728897095
2024-10,1,0.5402597402597403,1.77,2.08,0.5591218,0.5591217875480652
2024-10,1,0.4739583333333334,2.02,1.82,0.54362404,0.5436240434646606
2024-10,0,0.48825065274151447,1.96,1.87,0.5957204,0.5957204103469849
2024-10,0,0.33333333333333337,2.8,1.4,0.25613144,0.25613144040107727
2024-10,1,0.4804177545691906,1.99,1.84,0.55003273,0.5500327348709106
2024-10,0,0.46354166666666663,2.06,1.78,0.48154274,0.4815427362918854
2024-10,1,0.5492227979274612,1.74,2.12,0.539029,0.5390290021896362
2024-10,0,0.4271099744245524,2.24,1.67,0.53598523,0.5359852313995361
2024-10,1,0.5618556701030928,1.7,2.18,0.63344324,0.6334432363510132
2024-10,1,0.676674364896074,1.4,2.93,0.6351043,0.6351042985916138
2024-10,1,0.45077720207253885,2.12,1.74,0.5468142,0.5468142032623291
2024-10,1,0.5039787798408488,1.87,1.9,0.45731777,0.4573177695274353
2024-10,1,0.4040920716112532,2.33,1.58,0.4227174,0.4227173924446106
2024-10,0,0.46736292428198434,2.04,1.79,0.42650834,0.4265083372592926
2024-10,1,0.615,1.54,2.46,0.68669,0.6866899728775024
2024-10,0,0.5468749999999999,1.74,2.1,0.6202259,0.6202259063720703
2024-10,1,0.655421686746988,1.43,2.72,0.6122639,0.6122639179229736
2024-10,0,0.4814814814814815,1.96,1.82,0.36374664,0.36374664306640625
2024-10,1,0.41475826972010177,2.3,1.63,0.43379283,0.4337928295135498
2024-10,0,0.4470284237726098,2.14,1.73,0.52383375,0.5238337516784668
2024-10,1,0.4183673469387755,2.28,1.64,0.44749236,0.4474923610687256
2024-10,1,0.29490022172949004,3.18,1.33,0.2721451,0.2721450924873352
2024-10,1,0.5511811023622047,1.71,2.1,0.43263912,0.43263912200927734
2024-10,1,0.4040920716112532,2.33,1.58,0.38021785,0.38021785020828247
2024-10,0,0.4,2.34,1.56,0.45883957,0.4588395655155182
2024-10,0,0.5421052631578948,1.74,2.06,0.4070983,0.40709829330444336
2024-10,0,0.3828715365239294,2.45,1.52,0.31160918,0.3116091787815094
2024-10,1,0.5105820105820106,1.85,1.93,0.44709963,0.44709962606430054
2024-10,1,0.5665796344647519,1.66,2.17,0.37882572,0.37882572412490845
2024-10,0,0.35036496350364965,2.67,1.44,0.42015547,0.42015546560287476
2024-10,1,0.36790123456790125,2.56,1.49,0.36406738,0.3640673756599426
2024-10,0,0.39795918367346944,2.36,1.56,0.34869924,0.3486992418766022
2024-10,0,0.4559585492227979,2.1,1.76,0.47284514,0.4728451371192932
2024-10,0,0.6090225563909775,1.56,2.43,0.73174393,0.7317439317703247
2024-10,0,0.49869451697127937,1.92,1.91,0.5449199,0.5449199080467224
2024-10,0,0.42602040816326525,2.25,1.67,0.54711324,0.5471132397651672
2024-10,0,0.423469387755102,2.26,1.66,0.5688686,0.5688685774803162
2024-10,1,0.464935064935065,2.06,1.79,0.6480281,0.6480280756950378
2024-10,1,0.5567010309278351,1.72,2.16,0.44658908,0.44658908247947693
2024-10,0,0.5492227979274612,1.74,2.12,0.4788506,0.4788506031036377
2024-10,1,0.7280334728033473,1.3,3.48,0.7281189,0.728118896484375
2024-10,0,0.5234374999999999,1.83,2.01,0.49682313,0.49682313203811646
2024-10,1,0.5728900255754477,1.67,2.24,0.63760537,0.6376053690910339
2024-10,1,0.6265356265356266,1.52,2.55,0.5923861,0.5923861265182495
2024-10,0,0.5989974937343359,1.6,2.39,0.4943765,0.4943765103816986
2024-10,0,0.746,1.27,3.73,0.84941036,0.849410355091095
2024-10,1,0.5801526717557253,1.65,2.28,0.6283456,0.6283456087112427
2024-10,1,0.6090225563909775,1.56,2.43,0.6458893,0.6458892822265625
2024-10,0,0.3836633663366336,2.49,1.55,0.37187627,0.3718762695789337
2024-10,1,0.33732057416267947,2.77,1.41,0.40479198,0.4047919809818268
2024-10,0,0.3944020356234097,2.38,1.55,0.3813244,0.3813244104385376
2024-10,1,0.4559585492227979,2.1,1.76,0.5100466,0.5100466012954712
2024-10,1,0.6759259259259259,1.4,2.92,0.7291591,0.7291591167449951
2024-10,0,0.48825065274151447,1.96,1.87,0.5227566,0.5227565765380859
2024-10,1,0.5343915343915343,1.76,2.02,0.49232835,0.49232834577560425
2024-10,0,0.4564643799472295,2.06,1.73,0.4595953,0.45959529280662537
2024-10,0,0.5078125,1.89,1.95,0.51805264,0.5180526375770569
2024-10,1,0.5208333333333334,1.84,2.0,0.5782578,0.5782577991485596
2024-10,1,0.6237623762376239,1.52,2.52,0.49489507,0.4948950707912445
2024-10,0,0.4817708333333334,1.99,1.85,0.51370835,0.5137083530426025
2024-10,1,0.674364896073903,1.41,2.92,0.6990636,0.6990635991096497
2024-10,0,0.48825065274151447,1.96,1.87,0.4723927,0.4723927080631256
2024-10,1,0.40759493670886077,2.34,1.61,0.55401754,0.5540175437927246
2024-10,1,0.5208333333333334,1.84,2.0,0.40342656,0.40342655777931213
2024-10,0,0.6015037593984962,1.59,2.4,0.70828956,0.7082895636558533
2024-10,1,0.6587677725118484,1.44,2.78,0.5621405,0.5621405243873596
2024-10,0,0.36633663366336633,2.56,1.48,0.40955645,0.40955644845962524
2024-10,1,0.6262376237623761,1.51,2.53,0.6445033,0.6445032954216003
2024-10,1,0.42199488491048587,2.26,1.65,0.43922943,0.43922942876815796
2024-10,1,0.6506024096385543,1.45,2.7,0.5789525,0.5789524912834167
2024-10,1,0.768361581920904,1.23,4.08,0.6702256,0.6702256202697754
2024-10,0,0.30855855855855857,3.07,1.37,0.2772114,0.27721139788627625
2024-10,1,0.5078534031413613,1.88,1.94,0.5347758,0.5347757935523987
2024-10,1,0.5492227979274612,1.74,2.12,0.52480495,0.524804949760437
2024-10,1,0.5286458333333333,1.81,2.03,0.63985634,0.6398563385009766
2024-10,1,0.49468085106382986,1.9,1.86,0.57272804,0.5727280378341675
2024-10,0,0.4015345268542199,2.34,1.57,0.34680882,0.3468088209629059
2024-10,0,0.5,1.9,1.9,0.6327076,0.6327075958251953
2024-10,1,0.5065274151436031,1.89,1.94,0.6429181,0.6429181098937988
2024-10,1,0.43444730077120824,2.2,1.69,0.53140223,0.5314022302627563
2024-10,0,0.4205128205128206,2.26,1.64,0.42790952,0.4279095232486725
2024-10,1,0.44356955380577423,2.12,1.69,0.43209705,0.43209704756736755
2024-10,1,0.4397905759162304,2.14,1.68,0.36823702,0.3682370185852051
2024-10,0,0.6222222222222222,1.53,2.52,0.6561705,0.6561704874038696
2024-10,1,0.46874999999999994,2.04,1.8,0.4580512,0.4580512046813965
2024-10,1,0.6271604938271605,1.51,2.54,0.6344569,0.6344568729400635
2024-10,1,0.4947089947089948,1.91,1.87,0.4927613,0.4927613139152527
2024-10,0,0.4245524296675191,2.25,1.66,0.46534628,0.4653462767601013
2024-10,0,0.33890214797136037,2.77,1.42,0.38771787,0.3877178728580475
2024-10,0,0.37163814180929094,2.57,1.52,0.49299496,0.4929949641227722
2024-10,0,0.44329896907216493,2.16,1.72,0.5880582,0.5880581736564636
2024-10,0,0.4271099744245524,2.24,1.67,0.29718107,0.29718106985092163
2024-10,0,0.5026041666666667,1.91,1.93,0.5071604,0.5071604251861572
2024-10,1,0.44072164948453607,2.17,1.71,0.54723656,0.5472365617752075
2024-10,1,0.5326370757180157,1.79,2.04,0.46038896,0.4603889584541321
2024-10,0,0.5934343434343434,1.61,2.35,0.55201787,0.552017867565155
2024-10,1,0.5529715762273902,1.73,2.14,0.5462097,0.5462096929550171
2024-10,0,0.4830287206266319,1.98,1.85,0.518474,0.5184739828109741
2024-10,1,0.484375,1.98,1.86,0.5230066,0.5230066180229187
2024-10,0,0.4908616187989557,1.95,1.88,0.6252559,0.6252558827400208
2024-11,0,0.6682242990654206,1.42,2.86,0.63377225,0.6337722539901733
2024-11,0,0.6984478935698448,1.36,3.15,0.701178,0.7011780142784119
2024-11,0,0.589873417721519,1.62,2.33,0.5411033,0.5411033034324646
2024-11,0,0.3567961165048544,2.65,1.47,0.38060632,0.3806063234806061
2024-11,0,0.5260416666666667,1.82,2.02,0.7023113,0.7023112773895264
2024-11,0,0.38190954773869346,2.46,1.52,0.41719356,0.41719356179237366
2024-11,0,0.4458762886597938,2.15,1.73,0.32386947,0.3238694667816162
2024-11,0,0.43076923076923074,2.22,1.68,0.39649528,0.3964952826499939
2024-11,0,0.5909090909090909,1.62,2.34,0.63916314,0.6391631364822388
2024-11,1,0.688487584650113,1.38,3.05,0.7067153,0.7067152857780457
2024-11,0,0.5848101265822784,1.64,2.31,0.5117503,0.5117502808570862
2024-11,1,0.6666666666666666,1.42,2.84,0.71353185,0.7135318517684937
2024-11,0,0.545219638242894,1.76,2.11,0.6150641,0.6150640845298767
2024-11,1,0.606516290726817,1.57,2.42,0.7166691,0.7166690826416016
2024-11,1,0.5156249999999999,1.86,1.98,0.5217027,0.5217027068138123
2024-11,1,0.682648401826484,1.39,2.99,0.64012414,0.6401241421699524
2024-11,0,0.5246753246753246,1.83,2.02,0.5205376,0.5205376148223877
2024-11,0,0.5604113110539846,1.71,2.18,0.62076074,0.6207607388496399
2024-11,1,0.4360313315926892,2.16,1.67,0.4065132,0.4065132141113281
2024-11,0,0.4051282051282052,2.32,1.58,0.34491634,0.34491634368896484
2024-11,1,0.42820512820512824,2.23,1.67,0.43542117,0.4354211688041687
2024-11,0,0.6169154228855721,1.54,2.48,0.7077068,0.7077068090438843
2024-11,0,0.4065656565656566,2.35,1.61,0.48140517,0.4814051687717438
2024-11,0,0.5613577023498694,1.68,2.15,0.51621383,0.5162138342857361
2024-11,1,0.4591029023746703,2.05,1.74,0.42262706,0.4226270616054535
2024-11,1,0.6457831325301205,1.47,2.68,0.63751644,0.637516438961029
2024-11,1,0.5078125,1.89,1.95,0.5430771,0.5430771112442017
2024-11,0,0.43814432989690716,2.18,1.7,0.6218492,0.6218491792678833
2024-11,0,0.5104166666666667,1.88,1.96,0.5896767,0.5896766781806946
2024-11,0,0.5790816326530612,1.65,2.27,0.6974989,0.6974989175796509
2024-11,1,0.5065274151436031,1.89,1.94,0.5496708,0.5496708154678345
2024-11,1,0.42708333333333337,2.2,1.64,0.41113257,0.4111325740814209
2024-11,0,0.5820512820512821,1.63,2.27,0.5111524,0.5111523866653442
2024-11,1,0.6587677725118484,1.44,2.78,0.5817731,0.5817731022834778
2024-11,0,0.5065274151436031,1.89,1.94,0.6519629,0.6519628763198853
2024-11,0,0.4545454545454546,2.1,1.75,0.48307714,0.48307713866233826
2024-11,0,0.5544041450777203,1.72,2.14,0.6513454,0.6513453722000122
2024-11,1,0.7886323268206039,1.19,4.44,0.7060731,0.7060731053352356
2024-11,0,0.5143603133159269,1.86,1.97,0.58750415,0.5875041484832764
2024-11,1,0.5350649350649351,1.79,2.06,0.5830143,0.5830143094062805
2024-11,1,0.6416464891041161,1.48,2.65,0.67461264,0.6746126413345337
2024-11,0,0.6595744680851063,1.44,2.79,0.6791738,0.6791738271713257
2024-11,1,0.4830287206266319,1.98,1.85,0.6378547,0.6378546953201294
2024-11,0,0.3815461346633417,2.48,1.53,0.5548048,0.554804801940918
2024-11,0,0.3119266055045871,3.0,1.36,0.33399954,0.33399954438209534
2024-11,1,0.4960835509138382,1.93,1.9,0.54821146,0.5482114553451538
2024-11,0,0.6736596736596736,1.4,2.89,0.66724443,0.6672444343566895
2024-11,0,0.4533678756476684,2.11,1.75,0.49805576,0.49805575609207153
2024-11,0,0.42199488491048587,2.26,1.65,0.41509667,0.4150966703891754
2024-11,0,0.5248041775456919,1.82,2.01,0.5143484,0.5143483877182007
2024-11,1,0.5261780104712042,1.81,2.01,0.4552247,0.4552246928215027
2024-11,0,0.38653366583541143,2.46,1.55,0.30486342,0.30486342310905457
2024-11,1,0.5717948717948719,1.67,2.23,0.64435184,0.6443518400192261
2024-11,0,0.4271099744245524,2.24,1.67,0.47716075,0.4771607518196106
2024-11,1,0.4973544973544974,1.9,1.88,0.46531725,0.4653172492980957
2024-11,0,0.3975,2.41,1.59,0.47287697,0.47287696599960327
2024-11,1,0.6332518337408313,1.5,2.59,0.5772667,0.5772666931152344
2024-11,0,0.34761904761904766,2.74,1.46,0.36372983,0.3637298345565796
2024-11,1,0.423469387755102,2.26,1.66,0.3794114,0.37941139936447144
2024-11,1,0.6473429951690821,1.46,2.68,0.55832094,0.558320939540863
2024-11,1,0.5655526992287918,1.69,2.2,0.5805341,0.5805341005325317
2024-11,0,0.6870748299319728,1.38,3.03,0.69046,0.6904600262641907
2024-11,1,0.6015037593984962,1.59,2.4,0.68553966,0.6855396628379822
2024-11,0,0.7329192546583851,1.29,3.54,0.77026635,0.7702663540840149
2024-11,1,0.6265356265356266,1.52,2.55,0.64183104,0.6418310403823853
2024-11,0,0.5286458333333333,1.81,2.03,0.56629384,0.5662938356399536
2024-11,1,0.5989974937343359,1.6,2.39,0.62447685,0.6244768500328064
2024-11,0,0.5765306122448979,1.66,2.26,0.6547619,0.6547619104385376
2024-11,0,0.4973958333333334,1.93,1.91,0.58947265,0.5894726514816284
2024-11,1,0.5506493506493506,1.73,2.12,0.46518737,0.4651873707771301
2024-11,1,0.32860520094562645,2.84,1.39,0.2892653,0.28926530480384827
2024-11,1,0.6070528967254408,1.56,2.41,0.6135958,0.6135957837104797
2024-11,1,0.5670103092783505,1.68,2.2,0.64342463,0.6434246301651001
2024-11,0,0.36386138613861385,2.57,1.47,0.48529357,0.48529356718063354
2024-11,1,0.6203473945409429,1.53,2.5,0.65843284,0.6584328413009644
2024-11,1,0.48677248677248675,1.94,1.84,0.38339037,0.3833903670310974
2024-11,0,0.674364896073903,1.41,2.92,0.66294104,0.662941038608551
2024-11,1,0.4739583333333334,2.02,1.82,0.43693948,0.4369394779205322
2024-11,0,0.4271099744245524,2.24,1.67,0.60989594,0.6098959445953369
2024-11,0,0.3802469135802469,2.51,1.54,0.45221972,0.45221972465515137
2024-11,1,0.6736596736596736,1.4,2.89,0.6810278,0.6810278296470642
2024-11,0,0.4015345268542199,2.34,1.57,0.3918119,0.39181190729141235
2024-11,0,0.664319248826291,1.43,2.83,0.69072133,0.690721333026886
2024-11,1,0.5805626598465473,1.64,2.27,0.5011326,0.501132607460022
2024-11,1,0.5766233766233767,1.63,2.22,0.57347405,0.5734740495681763
2024-11,1,0.5195822454308094,1.84,1.99,0.47116056,0.47116056084632874
2024-11,1,0.4947916666666667,1.94,1.9,0.5656913,0.5656912922859192
2024-11,1,0.6507177033492824,1.46,2.72,0.653751,0.653751015663147
2024-11,1,0.4571428571428572,2.09,1.76,0.6339051,0.6339051127433777
2024-11,1,0.7286012526096034,1.3,3.49,0.7095933,0.7095932960510254
2024-11,1,0.5352480417754569,1.78,2.05,0.40816984,0.40816983580589294
2024-11,1,0.43814432989690716,2.18,1.7,0.5334449,0.533444881439209
2024-11,0,0.6125,1.55,2.45,0.5390782,0.5390781760215759
2024-11,0,0.4005102040816326,2.35,1.57,0.38353392,0.38353392481803894
2024-11,0,0.35766423357664234,2.64,1.47,0.48133755,0.4813375473022461
2024-11,1,0.4552631578947368,2.07,1.73,0.41997308,0.41997307538986206
2024-11,1,0.4609375,2.07,1.77,0.48872238,0.48872238397598267
2024-11,1,0.5338541666666666,1.79,2.05,0.6157004,0.6157004237174988
2024-11,0,0.46614583333333337,2.05,1.79,0.5086282,0.5086281895637512
2024-11,0,0.5592783505154639,1.71,2.17,0.5834113,0.5834112763404846
2024-11,1,0.6522781774580336,1.45,2.72,0.6534698,0.6534698009490967
2024-11,0,0.4455958549222798,2.14,1.72,0.4870212,0.48702120780944824
2024-11,1,0.433420365535248,2.17,1.66,0.5049412,0.5049412250518799
2024-11,0,0.43076923076923074,2.22,1.68,0.5099502,0.5099502205848694
2024-11,0,0.3640776699029127,2.62,1.5,0.2988754,0.2988753914833069
2024-11,1,0.49869451697127937,1.92,1.91,0.56280625,0.562806248664856
2024-11,0,0.6744186046511629,1.4,2.9,0.49523717,0.49523717164993286
2024-11,0,0.5117493472584856,1.87,1.96,0.7034303,0.7034302949905396
2024-11,0,0.5877862595419847,1.62,2.31,0.53638774,0.5363877415657043
2024-11,0,0.4383202099737532,2.14,1.67,0.5020231,0.5020231008529663
2024-11,0,0.4015345268542199,2.34,1.57,0.37958255,0.37958255410194397
2024-11,0,0.48275862068965525,1.95,1.82,0.4227554,0.4227553904056549
2024-11,1,0.49071618037135284,1.92,1.85,0.49249092,0.4924909174442291
2024-11,0,0.5511811023622047,1.71,2.1,0.519448,0.5194479823112488
2024-11,0,0.4409448818897638,2.13,1.68,0.3662266,0.3662266135215759
2024-11,1,0.4656084656084655,2.02,1.76,0.4199306,0.4199306070804596
2024-11,0,0.4564643799472295,2.06,1.73,0.3831817,0.38318169116973877
2024-11,1,0.3690773067331671,2.53,1.48,0.35039863,0.35039862990379333
2024-11,1,0.5587467362924282,1.69,2.14,0.49695557,0.4969555735588074
2024-11,0,0.33571428571428574,2.79,1.41,0.29506463,0.29506462812423706
2024-11,0,0.39795918367346944,2.36,1.56,0.36268067,0.36268067359924316
2024-11,1,0.34216867469879514,2.73,1.42,0.40295276,0.40295276045799255
2024-11,1,0.5478036175710594,1.75,2.12,0.51134557,0.5113455653190613
2024-11,1,0.7414141414141414,1.28,3.67,0.72010696,0.7201069593429565
2024-11,0,0.41085271317829464,2.28,1.59,0.38901755,0.3890175521373749
2024-11,1,0.6399026763990268,1.48,2.63,0.65130496,0.6513049602508545
2024-11,0,0.3452380952380952,2.75,1.45,0.29836074,0.2983607351779938
2024-11,1,0.6407766990291263,1.48,2.64,0.6494888,0.6494888067245483
2024-11,1,0.4986737400530504,1.89,1.88,0.43351325,0.43351325392723083
2024-11,1,0.38461538461538464,2.48,1.55,0.45152673,0.4515267312526703
2024-11,1,0.6005025125628142,1.59,2.39,0.62149495,0.6214949488639832
2024-11,0,0.7093275488069414,1.34,3.27,0.6327481,0.6327481269836426
2024-11,1,0.6015037593984962,1.59,2.4,0.5749775,0.5749775171279907
2024-11,1,0.6125,1.55,2.45,0.60212237,0.6021223664283752
2024-11,1,0.674364896073903,1.41,2.92,0.6790172,0.679017186164856
2024-11,0,0.4444444444444444,2.15,1.72,0.4873158,0.4873158037662506
2024-11,1,0.5681233933161953,1.68,2.21,0.6621073,0.6621072888374329
2024-11,0,0.522077922077922,1.84,2.01,0.65041095,0.6504109501838684
2024-11,1,0.5286458333333333,1.81,2.03,0.50926554,0.5092655420303345
2024-11,1,0.6055276381909548,1.57,2.41,0.58946884,0.5894688367843628
2024-11,1,0.5466321243523315,1.75,2.11,0.57315683,0.5731568336486816
2024-11,1,0.4791666666666667,2.0,1.84,0.5194822,0.5194821953773499
2024-11,0,0.4564643799472295,2.06,1.73,0.47402686,0.4740268588066101
2024-11,1,0.5454545454545455,1.75,2.1,0.5163581,0.5163580775260925
2024-11,0,0.44072164948453607,2.17,1.71,0.57883024,0.5788302421569824
2024-11,1,0.4960835509138382,1.93,1.9,0.4126367,0.4126366972923279
2024-11,1,0.3707317073170731,2.58,1.52,0.39668962,0.39668962359428406
2024-11,0,0.3844221105527638,2.45,1.53,0.3745678,0.37456780672073364
2024-11,1,0.433420365535248,2.17,1.66,0.49481583,0.4948158264160156
2024-11,1,0.7253668763102725,1.31,3.46,0.70703864,0.7070386409759521
2024-11,0,0.6332518337408313,1.5,2.59,0.6892869,0.6892868876457214
2024-11,0,0.5581395348837209,1.71,2.16,0.66124195,0.6612419486045837
2024-11,1,0.615,1.54,2.46,0.6118655,0.6118655204772949
2024-11,0,0.5994962216624685,1.59,2.38,0.5314161,0.531416118144989
2024-11,1,0.6498800959232613,1.46,2.71,0.60421467,0.6042146682739258
2024-11,0,0.42931937172774864,2.18,1.64,0.4479786,0.44797858595848083
2024-11,1,0.43444730077120824,2.2,1.69,0.3599795,0.359979510307312
2024-11,1,0.42708333333333337,2.2,1.64,0.35361233,0.35361233353614807
2024-11,1,0.5274151436031332,1.81,2.02,0.32631943,0.3263194262981415
2024-11,0,0.5078534031413613,1.88,1.94,0.511048,0.5110480189323425
2024-11,0,0.3501199040767386,2.71,1.46,0.44654736,0.44654735922813416
2024-11,1,0.660377358490566,1.44,2.8,0.75039995,0.7503999471664429
2024-11,0,0.4470284237726098,2.14,1.73,0.481147,0.48114699125289917
2024-11,1,0.5364583333333334,1.78,2.06,0.6194025,0.6194025278091431
2024-11,0,0.44356955380577423,2.12,1.69,0.52071166,0.5207116603851318
2024-11,0,0.399497487437186,2.39,1.59,0.44326806,0.4432680606842041
2024-11,0,0.3536585365853659,2.65,1.45,0.34956002,0.349560022354126
2024-11,0,0.5364583333333334,1.78,2.06,0.5105974,0.5105974078178406
2024-11,0,0.40506329113924056,2.35,1.6,0.4685927,0.46859270334243774
2024-11,0,0.5338541666666666,1.79,2.05,0.56909883,0.5690988302230835
2024-11,0,0.61,1.56,2.44,0.66961503,0.6696150302886963
2024-11,0,0.46354166666666663,2.06,1.78,0.4984727,0.4984726905822754
2024-11,1,0.5221932114882506,1.83,2.0,0.5374621,0.5374621152877808
2024-11,0,0.4488188976377953,2.1,1.71,0.4897007,0.48970070481300354
2024-11,1,0.45077720207253885,2.12,1.74,0.49676356,0.49676355719566345
2024-11,1,0.5326370757180157,1.79,2.04,0.62472934,0.624729335308075
2024-11,1,0.3602941176470588,2.61,1.47,0.37501234,0.3750123381614685
2024-11,0,0.3734643734643735,2.55,1.52,0.4064285,0.4064284861087799
2024-11,0,0.34606205250596656,2.74,1.45,0.3451044,0.3451043963432312
2024-11,0,0.4571428571428572,2.09,1.76,0.5110143,0.5110142827033997
2024-11,0,0.6125,1.55,2.45,0.65737,0.6573699712753296
2024-11,1,0.5865633074935401,1.6,2.27,0.53970814,0.539708137512207
2024-11,0,0.5384615384615384,1.74,2.03,0.4105359,0.41053590178489685
2024-11,1,0.4526315789473684,2.08,1.72,0.39228854,0.39228853583335876
2024-11,1,0.35436893203883496,2.66,1.46,0.41947573,0.4194757342338562
2024-11,1,0.49869451697127937,1.92,1.91,0.54204845,0.542048454284668
2024-11,0,0.48825065274151447,1.96,1.87,0.51164657,0.511646568775177
2024-11,0,0.5052356020942408,1.89,1.93,0.44837523,0.44837522506713867
2024-11,1,0.31292517006802717,3.03,1.38,0.41476503,0.41476503014564514
2024-11,0,0.6651053864168619,1.43,2.84,0.69634736,0.6963473558425903
2024-11,1,0.768796992481203,1.23,4.09,0.71678674,0.7167867422103882
2024-11,0,0.43814432989690716,2.18,1.7,0.5686718,0.5686718225479126
2024-11,1,0.5703324808184143,1.68,2.23,0.6198991,0.6198990941047668
2024-11,1,0.5156249999999999,1.86,1.98,0.531147,0.5311470031738281
2024-11,1,0.5934343434343434,1.61,2.35,0.615232,0.615231990814209
2024-11,1,0.6203473945409429,1.53,2.5,0.6606482,0.6606482267379761
2024-11,0,0.5555555555555556,1.72,2.15,0.5431439,0.5431439280509949
2024-11,0,0.5065274151436031,1.89,1.94,0.6732255,0.6732255220413208
2024-11,1,0.6040100250626567,1.58,2.41,0.6168841,0.6168841123580933
2024-11,1,0.5790816326530612,1.65,2.27,0.55774987,0.55774986743927
2024-11,0,0.537467700258398,1.79,2.08,0.6442463,0.6442462801933289
2024-11,1,0.5499999999999999,1.71,2.09,0.41910085,0.4191008508205414
2024-11,0,0.34844868735083534,2.73,1.46,0.30401075,0.3040107488632202
2024-11,0,0.48412698412698413,1.95,1.83,0.37573045,0.3757304549217224
2024-11,1,0.5428571428571429,1.76,2.09,0.46933395,0.4693339467048645
2024-11,1,0.5466321243523315,1.75,2.11,0.53662795,0.5366279482841492
2024-11,0,0.45000000000000007,2.09,1.71,0.31775373,0.31775373220443726
2024-11,1,0.4739583333333334,2.02,1.82,0.47564307,0.4756430685520172
2024-11,0,0.682648401826484,1.39,2.99,0.69004864,0.6900486350059509
2024-11,1,0.462962962962963,2.03,1.75,0.41859207,0.41859206557273865
2024-11,1,0.5629820051413882,1.7,2.19,0.5984508,0.598450779914856
2024-11,1,0.5078534031413613,1.88,1.94,0.59386796,0.5938679575920105
2024-11,1,0.4960835509138382,1.93,1.9,0.61511296,0.6151129603385925
2024-11,0,0.6720930232558139,1.41,2.89,0.6582384,0.658238410949707
2024-11,0,0.32783018867924524,2.85,1.39,0.28039312,0.280393123626709
2024-11,1,0.47135416666666663,2.03,1.81,0.41320023,0.4132002294063568
2024-12,0,0.42930591259640094,2.22,1.67,0.44892114,0.4489211440086365
2024-12,1,0.5710594315245477,1.66,2.21,0.39878786,0.39878785610198975
2024-12,0,0.49071618037135284,1.92,1.85,0.55619013,0.5561901330947876
2024-12,0,0.6666666666666666,1.42,2.84,0.6354419,0.6354418992996216
2024-12,1,0.5466321243523315,1.75,2.11,0.53033006,0.5303300619125366
2024-12,1,0.6212871287128713,1.53,2.51,0.5833913,0.5833913087844849
2024-12,1,0.578005115089514,1.65,2.26,0.51332915,0.5133291482925415
2024-12,1,0.5544041450777203,1.72,2.14,0.58542025,0.5854202508926392
2024-12,0,0.40759493670886077,2.34,1.61,0.43299645,0.4329964518547058
2024-12,0,0.5765306122448979,1.66,2.26,0.59574074,0.5957407355308533
2024-12,0,0.4804177545691906,1.99,1.84,0.5450004,0.5450003743171692
2024-12,0,0.4318766066838046,2.21,1.68,0.46468797,0.4646879732608795
2024-12,0,0.6111111111111112,1.54,2.42,0.7282151,0.7282150983810425
2024-12,0,0.5454545454545455,1.75,2.1,0.5970076,0.5970075726509094
2024-12,1,0.5725388601036269,1.65,2.21,0.57144535,0.5714453458786011
2024-12,1,0.5428571428571429,1.76,2.09,0.621474,0.621474027633667
2024-12,1,0.39348370927318294,2.42,1.57,0.47965866,0.47965866327285767
2024-12,1,0.4721485411140583,1.99,1.78,0.32957,0.3295699954032898
2024-12,0,0.37,2.52,1.48,0.3943201,0.3943201005458832
2024-12,0,0.41475826972010177,2.3,1.63,0.4647335,0.4647335112094879
2024-12,1,0.6005025125628142,1.59,2.39,0.68034494,0.6803449392318726
2024-12,0,0.462962962962963,2.03,1.75,0.42504925,0.4250492453575134
2024-12,0,0.42820512820512824,2.23,1.67,0.45749182,0.45749181509017944
2024-12,0,0.40979381443298973,2.29,1.59,0.41259846,0.41259846091270447
2024-12,0,0.5195822454308094,1.84,1.99,0.48620376,0.48620375990867615
2024-12,0,0.441860465116279,2.16,1.71,0.45221454,0.4522145390510559
2024-12,1,0.5544041450777203,1.72,2.14,0.6089083,0.6089082956314087
2024-12,0,0.484375,1.98,1.86,0.5844439,0.5844439268112183
2024-12,1,0.5350649350649351,1.79,2.06,0.63677245,0.6367724537849426
2024-12,1,0.664319248826291,1.43,2.83,0.64861107,0.6486110687255859
2024-12,1,0.5994962216624685,1.59,2.38,0.62865424,0.6286542415618896
2024-12,1,0.6015037593984962,1.59,2.4,0.6152197,0.6152197122573853
2024-12,1,0.484375,1.98,1.86,0.61631846,0.6163184642791748
2024-12,1,0.5208333333333334,1.84,2.0,0.4815529,0.4815528988838196
2024-12,0,0.5862944162436549,1.63,2.31,0.61112136,0.6111213564872742
2024-12,1,0.606516290726817,1.57,2.42,0.65560734,0.6556073427200317
2024-12,1,0.589873417721519,1.62,2.33,0.560716,0.5607159733772278
2024-12,0,0.6728538283062646,1.41,2.9,0.55199593,0.5519959330558777
2024-12,1,0.7145922746781115,1.33,3.33,0.7014896,0.7014896273612976
2024-12,1,0.4623376623376624,2.07,1.78,0.46514767,0.4651476740837097
2024-12,1,0.4597402597402597,2.08,1.77,0.5256918,0.52569180727005
2024-12,1,0.37844611528822053,2.48,1.51,0.36513394,0.36513394117355347
2024-12,1,0.5478036175710594,1.75,2.12,0.68730295,0.6873029470443726
2024-12,0,0.3975,2.41,1.59,0.40026078,0.4002607762813568
2024-12,0,0.6941964285714286,1.37,3.11,0.58699816,0.5869981646537781
2024-12,1,0.4739583333333334,2.02,1.82,0.45326978,0.4532697796821594
2024-12,1,0.4160206718346253,2.26,1.61,0.38295197,0.3829519748687744
2024-12,0,0.38902743142144636,2.45,1.56,0.42697534,0.4269753396511078
2024-12,1,0.6317073170731708,1.51,2.59,0.6035334,0.6035333871841431
2024-12,1,0.7445109780439122,1.28,3.73,0.8357708,0.8357707858085632
2024-12,1,0.595959595959596,1.6,2.36,0.51537895,0.5153789520263672
2024-12,0,0.6323529411764707,1.5,2.58,0.68082035,0.6808203458786011
2024-12,0,0.5909090909090909,1.62,2.34,0.6605879,0.6605879068374634
2024-12,1,0.609452736318408,1.57,2.45,0.66815054,0.6681505441665649
2024-12,0,0.6611764705882353,1.44,2.81,0.64590895,0.6459089517593384
2024-12,1,0.5848101265822784,1.64,2.31,0.67911804,0.6791180372238159
2024-12,1,0.6341463414634148,1.5,2.6,0.563755,0.5637549757957458
2024-12,1,0.5172413793103448,1.82,1.95,0.4496494,0.4496493935585022
2024-12,0,0.5607235142118864,1.7,2.17,0.4697733,0.4697732925415039
2024-12,1,0.4111675126903554,2.32,1.62,0.4949789,0.4949789047241211
2024-12,0,0.3467933491686461,2.75,1.46,0.41352183,0.41352182626724243
2024-12,0,0.4552631578947368,2.07,1.73,0.480982,0.4809820055961609
2024-12,0,0.6523809523809524,1.46,2.74,0.6559115,0.6559115052223206
2024-12,1,0.5338541666666666,1.79,2.05,0.48799366,0.48799365758895874
2024-12,1,0.4908616187989557,1.95,1.88,0.5121956,0.5121955871582031
2024-12,1,0.47135416666666663,2.03,1.81,0.355239,0.35523900389671326
2024-12,1,0.5877862595419847,1.62,2.31,0.542099,0.5420989990234375
2024-12,1,0.5984848484848484,1.59,2.37,0.65759474,0.6575947403907776
2024-12,1,0.33890214797136037,2.77,1.42,0.3577522,0.3577522039413452
2024-12,0,0.5743589743589743,1.66,2.24,0.4501051,0.45010510087013245
2024-12,1,0.3454106280193236,2.71,1.43,0.40867358,0.40867358446121216
2024-12,1,0.3427895981087471,2.78,1.45,0.54402053,0.5440205335617065
2024-12,1,0.39348370927318294,2.42,1.57,0.38924766,0.3892476558685303
2024-12,1,0.6005025125628142,1.59,2.39,0.619508,0.6195080280303955
2024-12,0,0.6030150753768844,1.58,2.4,0.5817219,0.5817219018936157
2024-12,0,0.5364583333333334,1.78,2.06,0.49199933,0.4919993281364441
2024-12,1,0.5567010309278351,1.72,2.16,0.6184551,0.6184551119804382
2024-12,1,0.5260416666666667,1.82,2.02,0.56891936,0.5689193606376648
2024-12,0,0.5248041775456919,1.82,2.01,0.47040486,0.47040486335754395
2024-12,0,0.4814814814814815,1.96,1.82,0.5147876,0.5147876143455505
2024-12,0,0.548051948051948,1.74,2.11,0.5877058,0.5877057909965515
2024-12,0,0.43410852713178294,2.19,1.68,0.4779347,0.47793468832969666
2024-12,0,0.5618556701030928,1.7,2.18,0.6052506,0.6052505970001221
2024-12,1,0.7071583514099783,1.35,3.26,0.5991751,0.5991750955581665
2024-12,1,0.486910994764398,1.96,1.86,0.50499666,0.504996657371521
2024-12,1,0.4111675126903554,2.32,1.62,0.31676412,0.31676411628723145
2024-12,0,0.5902061855670103,1.59,2.29,0.54452896,0.5445289611816406
2024-12,0,0.42708333333333337,2.2,1.64,0.29558146,0.2955814599990845
2024-12,0,0.5506493506493506,1.73,2.12,0.5832461,0.583246111869812
2024-12,0,0.4455958549222798,2.14,1.72,0.43013948,0.4301394820213318
2024-12,1,0.5248041775456919,1.82,2.01,0.5203229,0.5203229188919067
2024-12,1,0.40979381443298973,2.29,1.59,0.47737503,0.4773750305175781
2024-12,0,0.41343669250646,2.27,1.6,0.3000249,0.3000248968601227
2024-12,1,0.39348370927318294,2.42,1.57,0.45296907,0.4529690742492676
2024-12,1,0.595959595959596,1.6,2.36,0.6389622,0.6389622092247009
2024-12,0,0.3248847926267281,2.93,1.41,0.19257922,0.1925792247056961
2024-12,0,0.4488188976377953,2.1,1.71,0.40426326,0.4042632579803467
2024-12,1,0.5026178010471204,1.9,1.92,0.50661314,0.5066131353378296
2024-12,0,0.3302107728337237,2.86,1.41,0.2619516,0.26195159554481506
2024-12,1,0.5592783505154639,1.71,2.17,0.46201095,0.4620109498500824
2024-12,0,0.37438423645320196,2.54,1.52,0.4348642,0.43486419320106506
2024-12,1,0.5382585751978891,1.75,2.04,0.5163573,0.5163573026657104
2024-12,0,0.41581632653061223,2.29,1.63,0.32706589,0.3270658850669861
2024-12,0,0.5888324873096447,1.62,2.32,0.53060865,0.5306086540222168
2024-12,1,0.6237623762376239,1.52,2.52,0.5935804,0.593580424785614
2024-12,1,0.6407766990291263,1.48,2.64,0.56844294,0.5684429407119751
2024-12,0,0.5754475703324808,1.66,2.25,0.6373035,0.6373034715652466
2024-12,1,0.5555555555555556,1.72,2.15,0.55474484,0.5547448396682739
2024-12,0,0.5732647814910026,1.66,2.23,0.44379187,0.44379186630249023
2024-12,1,0.6440677966101696,1.47,2.66,0.6270687,0.6270686984062195
2024-12,1,0.6547619047619047,1.45,2.75,0.54963636,0.5496363639831543
2024-12,1,0.5408970976253298,1.74,2.05,0.48891345,0.4889134466648102
2024-12,0,0.4631578947368421,2.04,1.76,0.29661697,0.29661697149276733
2024-12,1,0.39348370927318294,2.42,1.57,0.37806043,0.3780604302883148
2024-12,0,0.5130890052356021,1.86,1.96,0.5625788,0.5625787973403931
2024-12,1,0.4318766066838046,2.21,1.68,0.382221,0.3822210133075714
2024-12,0,0.3731343283582089,2.52,1.5,0.38859656,0.3885965645313263
2024-12,0,0.4973821989528796,1.92,1.9,0.5278571,0.5278571248054504
2024-12,1,0.37844611528822053,2.48,1.51,0.38376594,0.38376593589782715
2024-12,1,0.5117493472584856,1.87,1.96,0.61438143,0.6143814325332642
2024-12,0,0.4765625,2.01,1.83,0.44736832,0.447368323802948
2024-12,1,0.5117493472584856,1.87,1.96,0.52382743,0.5238274335861206
2024-12,1,0.5195822454308094,1.84,1.99,0.54531926,0.5453192591667175
2024-12,0,0.43717277486910994,2.15,1.67,0.43529892,0.4352989196777344
2024-12,0,0.5569948186528497,1.71,2.15,0.49440032,0.4944003224372864
2024-12,1,0.5195822454308094,1.84,1.99,0.5872249,0.5872249007225037
2024-12,1,0.3909774436090226,2.43,1.56,0.40263635,0.4026363492012024
2024-12,0,0.4143222506393862,2.29,1.62,0.47633177,0.47633177042007446
2024-12,1,0.4061696658097687,2.31,1.58,0.42364082,0.42364081740379333
2024-12,1,0.5584415584415584,1.7,2.15,0.36316404,0.3631640374660492
2024-12,1,0.5442708333333333,1.75,2.09,0.53476024,0.5347602367401123
2024-12,1,0.5532467532467532,1.72,2.13,0.4491188,0.44911879301071167
2024-12,0,0.44415584415584414,2.14,1.71,0.41068488,0.41068488359451294
2024-12,1,0.5581395348837209,1.71,2.16,0.60953915,0.6095391511917114
2024-12,0,0.4,2.34,1.56,0.43694058,0.43694058060646057
2024-12,0,0.3840399002493765,2.47,1.54,0.3374498,0.3374497890472412
2024-12,1,0.42416452442159375,2.24,1.65,0.5188445,0.518844485282898
2024-12,1,0.4790575916230366,1.99,1.83,0.56062376,0.5606237649917603
2024-12,0,0.4934383202099738,1.93,1.88,0.48505592,0.48505592346191406
2024-12,1,0.660332541567696,1.43,2.78,0.618022,0.6180220246315002
2024-12,0,0.676674364896074,1.4,2.93,0.64660347,0.6466034650802612
2024-12,0,0.48167539267015713,1.98,1.84,0.4478217,0.447821706533432
2024-12,0,0.4430051813471503,2.15,1.71,0.4763163,0.47631630301475525
2024-12,1,0.5732647814910026,1.66,2.23,0.39126697,0.39126697182655334
2024-12,0,0.4708994708994709,2.0,1.78,0.47965127,0.4796512722969055
2024-12,1,0.6184538653366584,1.53,2.48,0.65235305,0.652353048324585
2024-12,1,0.726890756302521,1.3,3.46,0.73450357,0.7345035672187805
2024-12,1,0.7155172413793104,1.32,3.32,0.7420629,0.7420629262924194
2024-12,1,0.729559748427673,1.29,3.48,0.70237267,0.702372670173645
2024-12,0,0.5658914728682171,1.68,2.19,0.40652758,0.406527578830719
2024-12,0,0.7176724137931035,1.31,3.33,0.65981007,0.6598100662231445
2024-12,1,0.49081364829396334,1.94,1.87,0.56293404,0.5629340410232544
2024-12,0,0.6271604938271605,1.51,2.54,0.6713467,0.6713467240333557
2024-12,1,0.5382585751978891,1.75,2.04,0.5047845,0.5047845244407654
2024-12,0,0.4854111405835544,1.94,1.83,0.36344743,0.3634474277496338
2024-12,1,0.3469879518072289,2.71,1.44,0.41817626,0.4181762635707855
2024-12,1,0.422279792746114,2.23,1.63,0.49865922,0.4986592233181
2024-12,1,0.4735449735449735,1.99,1.79,0.440315,0.44031500816345215
2024-12,1,0.6184538653366584,1.53,2.48,0.553274,0.5532739758491516
2024-12,1,0.35872235872235875,2.61,1.46,0.34090668,0.34090667963027954
2024-12,0,0.33812949640287776,2.76,1.41,0.4005328,0.4005328118801117
2024-12,0,0.36855036855036855,2.57,1.5,0.2586547,0.25865471363067627
2024-12,0,0.5143603133159269,1.86,1.97,0.40977883,0.4097788333892822
2024-12,0,0.42077922077922075,2.23,1.62,0.3554415,0.35544151067733765
2024-12,1,0.49071618037135284,1.92,1.85,0.518287,0.5182870030403137
2024-12,1,0.5590551181102362,1.68,2.13,0.58906054,0.5890605449676514
2024-12,0,0.3200934579439252,2.91,1.37,0.28189072,0.28189072012901306
2024-12,0,0.4113110539845758,2.29,1.6,0.34351835,0.34351834654808044
2024-12,1,0.7371663244353183,1.28,3.59,0.8284234,0.8284233808517456
2024-12,0,0.5544041450777203,1.72,2.14,0.52013975,0.520139753818512
2024-12,1,0.5378590078328982,1.77,2.06,0.2945544,0.2945544123649597
2024-12,1,0.6005025125628142,1.59,2.39,0.64794093,0.6479409337043762
2024-12,0,0.4087403598971723,2.3,1.59,0.34127575,0.34127575159072876
2024-12,0,0.273109243697479,3.46,1.3,0.3327756,0.3327755928039551
2024-12,0,0.36341463414634145,2.61,1.49,0.4528388,0.45283880829811096
2024-12,1,0.4960629921259842,1.92,1.89,0.4644106,0.46441060304641724
2024-12,1,0.5743589743589743,1.66,2.24,0.6617579,0.6617578864097595
2024-12,1,0.602015113350126,1.58,2.39,0.5681232,0.5681232213973999
2024-12,1,0.4699738903394256,2.03,1.8,0.5683748,0.5683748126029968
2024-12,0,0.5743589743589743,1.66,2.24,0.58008987,0.5800898671150208
2024-12,0,0.5532467532467532,1.72,2.13,0.5231651,0.5231651067733765
2024-12,1,0.5852417302798981,1.63,2.3,0.5842413,0.5842412710189819
2024-12,0,0.628992628992629,1.51,2.56,0.6462905,0.6462904810905457
2024-12,1,0.4708994708994709,2.0,1.78,0.4655648,0.4655647873878479
2024-12,0,0.40151515151515144,2.37,1.59,0.3701952,0.370195209980011
2024-12,1,0.43927648578811374,2.17,1.7,0.46234435,0.46234434843063354
2024-12,1,0.4051282051282052,2.32,1.58,0.45079502,0.4507950246334076
2024-12,1,0.40712468193384227,2.33,1.6,0.44073987,0.44073987007141113
2024-12,1,0.5234374999999999,1.83,2.01,0.5125346,0.5125346183776855
2024-12,1,0.5949367088607596,1.6,2.35,0.60037196,0.6003719568252563
2024-12,0,0.41494845360824745,2.27,1.61,0.48308945,0.4830894470214844
2024-12,1,0.4659685863874345,2.04,1.78,0.47781855,0.4778185486793518
2024-12,1,0.601010101010101,1.58,2.38,0.52353686,0.5235368609428406
2024-12,1,0.5903307888040712,1.61,2.32,0.5506786,0.5506786108016968
2024-12,0,0.37593984962406013,2.49,1.5,0.31995928,0.31995928287506104
2024-12,1,0.3600973236009733,2.63,1.48,0.35384345,0.35384345054626465
2024-12,1,0.595959595959596,1.6,2.36,0.52172863,0.5217286348342896
2024-12,1,0.5065616797900262,1.88,1.93,0.50067437,0.5006743669509888
2024-12,0,0.5754475703324808,1.66,2.25,0.5635903,0.5635902881622314
2024-12,0,0.615,1.54,2.46,0.5944377,0.5944377183914185
2024-12,1,0.5743589743589743,1.66,2.24,0.64048785,0.6404878497123718
2024-12,0,0.548051948051948,1.74,2.11,0.5498006,0.5498005747795105
2024-12,1,0.6253101736972705,1.51,2.52,0.56266916,0.5626691579818726
2024-12,0,0.5251989389920424,1.79,1.98,0.5042509,0.5042508840560913
2024-12,1,0.7318087318087318,1.29,3.52,0.66271746,0.6627174615859985
2024-12,1,0.5974683544303797,1.59,2.36,0.5714559,0.5714558959007263
2024-12,1,0.5684754521963824,1.67,2.2,0.57708037,0.5770803689956665
2024-12,1,0.4790575916230366,1.99,1.83,0.5064687,0.5064687132835388
2024-12,0,0.4543080939947781,2.09,1.74,0.38251847,0.382518470287323
2024-12,1,0.48806366047745364,1.93,1.84,0.3083891,0.3083890974521637
2024-12,0,0.5013262599469495,1.88,1.89,0.53226936,0.5322693586349487
2024-12,1,0.41475826972010177,2.3,1.63,0.4895615,0.4895614981651306
2024-12,0,0.4308093994778067,2.18,1.65,0.48403734,0.4840373396873474
2024-12,1,0.41085271317829464,2.28,1.59,0.48531622,0.4853162169456482
2024-12,0,0.42930591259640094,2.22,1.67,0.47203398,0.4720339775085449
2024-12,1,0.5091863517060368,1.87,1.94,0.42665514,0.4266551434993744
2024-12,0,0.62,1.52,2.48,0.64778847,0.6477884650230408
2024-12,0,0.6115288220551378,1.55,2.44,0.51528966,0.5152896642684937
2024-12,0,0.6407766990291263,1.48,2.64,0.65907645,0.659076452255249
2024-12,1,0.5924050632911392,1.61,2.34,0.53491485,0.5349148511886597
2024-12,0,0.5732647814910026,1.66,2.23,0.7188137,0.7188137173652649
2024-12,1,0.6522781774580336,1.45,2.72,0.7039803,0.7039803266525269
2024-12,0,0.5532467532467532,1.72,2.13,0.6239245,0.6239244937896729
2024-12,0,0.570694087403599,1.67,2.22,0.49091172,0.49091172218322754
2024-12,1,0.7875,1.19,4.41,0.70175433,0.7017543315887451
2024-12,0,0.6587677725118484,1.44,2.78,0.58832103,0.5883210301399231
2024-12,0,0.682648401826484,1.39,2.99,0.71465796,0.7146579623222351
2024-12,1,0.5468749999999999,1.74,2.1,0.52334064,0.52334064245224
2024-12,1,0.3567961165048544,2.65,1.47,0.4233486,0.423348605632782
2024-12,1,0.5794871794871795,1.64,2.26,0.49960098,0.49960097670555115
2024-12,0,0.5209424083769634,1.83,1.99,0.4804247,0.480424702167511
2024-12,1,0.3840399002493765,2.47,1.54,0.4762823,0.4762822985649109
2024-12,0,0.586734693877551,1.62,2.3,0.47384423,0.4738442301750183
2024-12,0,0.6930022573363431,1.36,3.07,0.69830245,0.6983024477958679
2024-12,1,0.7176724137931035,1.31,3.33,0.5958964,0.5958964228630066
2024-12,1,0.5442708333333333,1.75,2.09,0.67001516,0.6700151562690735
2024-12,0,0.42673521850899737,2.23,1.66,0.35421288,0.3542128801345825
2024-12,1,0.5695876288659795,1.67,2.21,0.52737373,0.527373731136322
2024-12,1,0.44791666666666663,2.12,1.72,0.40540427,0.405404269695282
2024-12,1,0.6774941995359629,1.39,2.92,0.69559914,0.6955991387367249
2024-12,0,0.5052631578947367,1.88,1.92,0.51844865,0.5184486508369446
2024-12,0,0.4671916010498688,2.03,1.78,0.37452853,0.37452852725982666
2024-12,1,0.48293963254593175,1.97,1.84,0.47038966,0.4703896641731262
2024-12,1,0.5974683544303797,1.59,2.36,0.5993384,0.5993384122848511
2024-12,0,0.6578947368421053,1.43,2.75,0.6354561,0.6354560852050781
2024-12,0,0.5831202046035805,1.63,2.28,0.56980014,0.5698001384735107
2025-01,1,0.615,1.54,2.46,0.6616473,0.6616473197937012
2025-01,1,0.49081364829396334,1.94,1.87,0.5310831,0.5310831069946289
2025-01,1,0.5747422680412371,1.65,2.23,0.4949542,0.4949541985988617
2025-01,1,0.7149028077753781,1.32,3.31,0.6680199,0.6680198907852173
2025-01,0,0.42783505154639173,2.22,1.66,0.51383203,0.5138320326805115
2025-01,0,0.5130890052356021,1.86,1.96,0.5942399,0.5942398905754089
2025-01,1,0.5743589743589743,1.66,2.24,0.66986585,0.6698658466339111
2025-01,1,0.7067833698030634,1.34,3.23,0.67642856,0.6764285564422607
2025-01,0,0.602015113350126,1.58,2.39,0.6132966,0.613296627998352
2025-01,1,0.6323529411764707,1.5,2.58,0.5744689,0.5744689106941223
2025-01,1,0.4790575916230366,1.99,1.83,0.5001699,0.5001698732376099
2025-01,1,0.44791666666666663,2.12,1.72,0.3903478,0.39034780859947205
2025-01,0,0.5506493506493506,1.73,2.12,0.49518257,0.4951825737953186
2025-01,0,0.4921052631578948,1.93,1.87,0.44008726,0.4400872588157654
2025-01,0,0.45312499999999994,2.1,1.74,0.39029175,0.3902917504310608
2025-01,0,0.6782407407407407,1.39,2.93,0.6692351,0.669235110282898
2025-01,1,0.4764397905759163,2.0,1.82,0.4982509,0.49825090169906616
2025-01,0,0.4363636363636364,2.17,1.68,0.5143926,0.514392614364624
2025-01,1,0.5636363636363637,1.68,2.17,0.4825903,0.48259028792381287
2025-01,0,0.3954659949622167,2.4,1.57,0.39726433,0.3972643315792084
2025-01,0,0.47244094488188976,2.01,1.8,0.5057541,0.5057541131973267
2025-01,1,0.5584415584415584,1.7,2.15,0.4619751,0.46197509765625
2025-01,1,0.6697892271662763,1.41,2.86,0.643171,0.6431710124015808
2025-01,0,0.4842105263157894,1.96,1.84,0.54357105,0.5435710549354553
2025-01,0,0.47769028871391084,1.99,1.82,0.5419611,0.5419610738754272
2025-01,1,0.5846153846153845,1.62,2.28,0.59007895,0.5900789499282837
2025-01,1,0.4659685863874345,2.04,1.78,0.40628123,0.4062812328338623
2025-01,1,0.4160206718346253,2.26,1.61,0.39028418,0.3902841806411743
2025-01,1,0.5104712041884817,1.87,1.95,0.5005576,0.5005576014518738
2025-01,0,0.4160206718346253,2.26,1.61,0.29495126,0.29495126008987427
2025-01,1,0.5984848484848484,1.59,2.37,0.5702266,0.5702266097068787
2025-01,0,0.4569190600522194,2.08,1.75,0.50143784,0.5014378428459167
2025-01,1,0.42783505154639173,2.22,1.66,0.48072585,0.48072585463523865
2025-01,0,0.5340314136125655,1.78,2.04,0.52647066,0.5264706611633301
2025-01,0,0.4352331606217616,2.18,1.68,0.3261763,0.3261762857437134
2025-01,0,0.36750000000000005,2.53,1.47,0.31232882,0.3123288154602051
2025-01,1,0.3875,2.45,1.55,0.40678698,0.4067869782447815
2025-01,0,0.5314136125654451,1.79,2.03,0.559286,0.5592859983444214
2025-01,0,0.5913705583756345,1.61,2.33,0.58049405,0.5804940462112427
2025-01,0,0.5520833333333334,1.72,2.12,0.49945396,0.49945396184921265
2025-01,0,0.5261780104712042,1.81,2.01,0.5282918,0.5282918214797974
2025-01,0,0.46736292428198434,2.04,1.79,0.53920424,0.5392042398452759
2025-01,1,0.6045340050377834,1.57,2.4,0.54408145,0.544081449508667
2025-01,0,0.3193473193473193,2.92,1.37,0.245733,0.24573299288749695
2025-01,0,0.44791666666666663,2.12,1.72,0.53144485,0.5314448475837708
2025-01,1,0.49202127659574474,1.91,1.85,0.49963102,0.49963101744651794
2025-01,1,0.5584415584415584,1.7,2.15,0.5809086,0.5809085965156555
2025-01,0,0.37376237623762376,2.53,1.51,0.43933812,0.4393381178379059
2025-01,0,0.45382585751978893,2.07,1.72,0.54899824,0.548998236656189
2025-01,0,0.3428571428571429,2.76,1.44,0.26755482,0.2675548195838928
2025-01,0,0.4409448818897638,2.13,1.68,0.46759242,0.46759241819381714
2025-01,0,0.7061403508771931,1.34,3.22,0.6714841,0.671484112739563
2025-01,1,0.5314136125654451,1.79,2.03,0.52987564,0.529875636100769
2025-01,0,0.5939086294416244,1.6,2.34,0.49351126,0.49351125955581665
2025-01,0,0.41687979539641945,2.28,1.63,0.43533474,0.4353347420692444
2025-01,0,0.37844611528822053,2.48,1.51,0.43518525,0.4351852536201477
2025-01,1,0.49473684210526314,1.92,1.88,0.5183436,0.5183436274528503
2025-01,0,0.5065616797900262,1.88,1.93,0.48033422,0.48033422231674194
2025-01,1,0.3535108958837772,2.67,1.46,0.27809796,0.2780979573726654
2025-01,1,0.5343915343915343,1.76,2.02,0.41557065,0.4155706465244293
2025-01,1,0.47382198952879584,2.01,1.81,0.5538009,0.5538008809089661
2025-01,0,0.6080402010050251,1.56,2.42,0.6296245,0.6296244859695435
2025-01,1,0.6243781094527363,1.51,2.51,0.6980176,0.6980175971984863
2025-01,0,0.5340314136125655,1.78,2.04,0.56581366,0.5658136606216431
2025-01,0,0.43193717277486904,2.17,1.65,0.30981466,0.3098146617412567
2025-01,0,0.39641943734015345,2.36,1.55,0.42857423,0.42857423424720764
2025-01,1,0.5026315789473684,1.89,1.91,0.531302,0.5313019752502441
2025-01,1,0.5352480417754569,1.78,2.05,0.5217992,0.5217992067337036
2025-01,0,0.5558441558441558,1.71,2.14,0.5836469,0.5836468935012817
2025-01,1,0.4430051813471503,2.15,1.71,0.587742,0.5877419710159302
2025-01,0,0.5784061696658098,1.64,2.25,0.5082151,0.5082151293754578
2025-01,1,0.7715355805243447,1.22,4.12,0.7117501,0.7117500901222229
2025-01,1,0.34963325183374083,2.66,1.43,0.43318576,0.43318575620651245
2025-01,1,0.47769028871391084,1.99,1.82,0.45599318,0.4559931755065918
2025-01,0,0.4712041884816754,2.02,1.8,0.42686233,0.42686232924461365
2025-01,1,0.6579572446555819,1.44,2.77,0.6318809,0.6318808794021606
2025-01,1,0.5261780104712042,1.81,2.01,0.55463564,0.5546356439590454
2025-01,1,0.6689976689976691,1.42,2.87,0.7405334,0.7405334115028381
2025-01,1,0.606516290726817,1.57,2.42,0.65324813,0.653248131275177
2025-01,1,0.5234374999999999,1.83,2.01,0.58632505,0.5863250494003296
2025-01,1,0.6877828054298643,1.38,3.04,0.6711495,0.671149492263794
2025-01,1,0.5974683544303797,1.59,2.36,0.5707684,0.570768415927887
2025-01,0,0.5877862595419847,1.62,2.31,0.5984948,0.598494827747345
2025-01,0,0.41581632653061223,2.29,1.63,0.48241663,0.48241662979125977
2025-01,0,0.5852417302798981,1.63,2.3,0.5475904,0.5475903749465942
2025-01,0,0.4659685863874345,2.04,1.78,0.48858032,0.4885803163051605
2025-01,1,0.6650943396226415,1.42,2.82,0.58434534,0.5843453407287598
2025-01,1,0.653012048192771,1.44,2.71,0.72795355,0.7279535531997681
2025-01,0,0.451948051948052,2.11,1.74,0.4157951,0.41579508781433105
2025-01,0,0.46354166666666663,2.06,1.78,0.56093526,0.5609352588653564
2025-01,1,0.7652671755725191,1.23,4.01,0.7966043,0.7966042757034302
2025-01,1,0.5984848484848484,1.59,2.37,0.61808884,0.6180888414382935
2025-01,0,0.548051948051948,1.74,2.11,0.66277325,0.6627732515335083
2025-01,1,0.5378590078328982,1.77,2.06,0.6035207,0.6035206913948059
2025-01,1,0.6619385342789598,1.43,2.8,0.74738014,0.7473801374435425
2025-01,0,0.5569948186528497,1.71,2.15,0.6165657,0.6165657043457031
2025-01,1,0.6237623762376239,1.52,2.52,0.62112445,0.6211244463920593
2025-01,1,0.6456310679611651,1.46,2.66,0.5978488,0.5978487730026245
2025-01,0,0.39185750636132316,2.39,1.54,0.4390838,0.4390838146209717
2025-01,0,0.6070528967254408,1.56,2.41,0.57981527,0.5798152685165405
2025-01,1,0.48167539267015713,1.98,1.84,0.5004518,0.5004518032073975
2025-01,1,0.4111675126903554,2.32,1.62,0.32495362,0.3249536156654358
2025-01,1,0.4934383202099738,1.93,1.88,0.5162116,0.5162116289138794
2025-01,1,0.6159600997506234,1.54,2.47,0.6493696,0.6493695974349976
2025-01,1,0.4855643044619423,1.96,1.85,0.38049015,0.38049015402793884
2025-01,1,0.47382198952879584,2.01,1.81,0.52791107,0.5279110670089722
2025-01,1,0.5794871794871795,1.64,2.26,0.5694245,0.5694245100021362
2025-01,1,0.7402862985685071,1.27,3.62,0.8170705,0.817070484161377
2025-01,1,0.5506493506493506,1.73,2.12,0.64145005,0.641450047492981
2025-01,0,0.4947643979057591,1.93,1.89,0.5461396,0.5461395978927612
2025-01,1,0.6218905472636816,1.52,2.5,0.7649182,0.7649182081222534
2025-01,0,0.5326370757180157,1.79,2.04,0.61556166,0.6155616641044617
2025-01,0,0.5558441558441558,1.71,2.14,0.57500845,0.5750084519386292
2025-01,0,0.7006651884700665,1.35,3.16,0.7181327,0.7181326746940613
2025-01,0,0.4543080939947781,2.09,1.74,0.5890476,0.5890476107597351
2025-01,1,0.36228287841191065,2.57,1.46,0.3142143,0.314214289188385
2025-01,1,0.6209476309226933,1.52,2.49,0.59580505,0.5958050489425659
2025-01,0,0.44270833333333337,2.14,1.7,0.46173888,0.4617388844490051
2025-01,0,0.421875,2.22,1.62,0.2950904,0.2950904071331024
2025-01,1,0.6774941995359629,1.39,2.92,0.6149953,0.6149953007698059
2025-01,0,0.36633663366336633,2.56,1.48,0.44468957,0.4446895718574524
2025-01,1,0.5248041775456919,1.82,2.01,0.5781228,0.5781227946281433
2025-01,1,0.44675324675324674,2.13,1.72,0.39964202,0.3996420204639435
2025-01,1,0.44270833333333337,2.14,1.7,0.49749058,0.4974905848503113
2025-01,1,0.4516971279373368,2.1,1.73,0.47916946,0.47916945815086365
2025-01,1,0.462962962962963,2.03,1.75,0.36411595,0.36411595344543457
2025-01,0,0.5392670157068064,1.76,2.06,0.571616,0.571615993976593
2025-01,0,0.5598958333333334,1.69,2.15,0.48556644,0.4855664372444153
2025-01,0,0.43152454780361754,2.2,1.67,0.41970533,0.419705331325531
2025-01,1,0.41071428571428575,2.31,1.61,0.4277714,0.4277713894844055
2025-01,0,0.4,2.34,1.56,0.49386564,0.49386563897132874
2025-01,0,0.4569190600522194,2.08,1.75,0.46385327,0.46385326981544495
2025-01,1,0.5644329896907216,1.69,2.19,0.5973661,0.5973660945892334
2025-01,1,0.5442708333333333,1.75,2.09,0.5718695,0.5718694925308228
2025-01,0,0.5520833333333334,1.72,2.12,0.5168532,0.5168532133102417
2025-01,1,0.4764397905759163,2.0,1.82,0.4411946,0.4411945939064026
2025-01,1,0.5732647814910026,1.66,2.23,0.50100917,0.5010091662406921
2025-01,1,0.45052083333333337,2.11,1.73,0.5952003,0.5952003002166748
2025-01,1,0.7228144989339019,1.3,3.39,0.6834335,0.683433473110199
2025-01,1,0.5066312997347481,1.86,1.91,0.3755247,0.37552469968795776
2025-01,0,0.4895287958115184,1.95,1.87,0.44787854,0.44787853956222534
2025-01,0,0.47382198952879584,2.01,1.81,0.4636856,0.4636856019496918
2025-01,1,0.6555023923444976,1.44,2.74,0.5856263,0.5856263041496277
2025-01,0,0.5157068062827225,1.85,1.97,0.48783177,0.4878317713737488
2025-01,1,0.47769028871391084,1.99,1.82,0.5809942,0.580994188785553
2025-01,0,0.3796526054590571,2.5,1.53,0.34995323,0.34995323419570923
2025-01,1,0.5854922279792746,1.6,2.26,0.38133803,0.3813380300998688
2025-01,1,0.38131313131313127,2.45,1.51,0.3129478,0.3129478096961975
2025-01,0,0.5928753180661578,1.6,2.33,0.71855104,0.7185510396957397
2025-01,1,0.6035353535353536,1.57,2.39,0.6309968,0.630996823310852
2025-01,0,0.4564643799472295,2.06,1.73,0.42841816,0.4284181594848633
2025-01,0,0.33333333333333337,2.82,1.41,0.42625004,0.42625004053115845
2025-01,1,0.33812949640287776,2.76,1.41,0.30731156,0.3073115646839142
2025-01,1,0.4671916010498688,2.03,1.78,0.49006146,0.4900614619255066
2025-01,1,0.4645669291338583,2.04,1.77,0.46507722,0.4650772213935852
2025-01,1,0.690744920993228,1.37,3.06,0.74601966,0.7460196614265442
2025-01,1,0.6184538653366584,1.53,2.48,0.62970835,0.6297083497047424
2025-01,0,0.37749999999999995,2.49,1.51,0.37391242,0.37391242384910583
2025-01,0,0.41581632653061223,2.29,1.63,0.40124384,0.40124383568763733
2025-01,0,0.5300261096605744,1.8,2.03,0.51601017,0.5160101652145386
2025-01,0,0.43410852713178294,2.19,1.68,0.45246252,0.4524625241756439
2025-01,0,0.3753086419753087,2.53,1.52,0.43715048,0.4371504783630371
2025-01,1,0.5340314136125655,1.78,2.04,0.4518705,0.45187050104141235
2025-01,0,0.5454545454545455,1.75,2.1,0.57685125,0.5768512487411499
2025-01,1,0.6650943396226415,1.42,2.82,0.70369595,0.7036959528923035
2025-01,1,0.6184538653366584,1.53,2.48,0.66650593,0.6665059328079224
2025-01,1,0.5026178010471204,1.9,1.92,0.5597244,0.5597243905067444
2025-01,1,0.6314496314496314,1.5,2.57,0.5251565,0.5251564979553223
2025-01,1,0.6563245823389022,1.44,2.75,0.6881612,0.6881611943244934
2025-01,1,0.5260416666666667,1.82,2.02,0.57864285,0.5786428451538086
2025-01,0,0.5544041450777203,1.72,2.14,0.5349078,0.5349078178405762
2025-01,0,0.5039164490861618,1.9,1.93,0.45127496,0.45127496123313904
2025-01,1,0.7534516765285997,1.25,3.82,0.59796625,0.5979662537574768
2025-01,0,0.5831202046035805,1.63,2.28,0.5732521,0.5732520818710327
2025-01,1,0.5408970976253298,1.74,2.05,0.48470455,0.48470455408096313
2025-01,1,0.5535248041775457,1.71,2.12,0.5942327,0.5942326784133911
2025-01,1,0.38059701492537307,2.49,1.53,0.5792514,0.5792514085769653
2025-01,0,0.4404145077720207,2.16,1.7,0.34525847,0.3452584743499756
2025-01,1,0.5924050632911392,1.61,2.34,0.5659989,0.565998911857605
2025-01,1,0.6713286713286714,1.41,2.88,0.66603184,0.6660318374633789
2025-01,1,0.48677248677248675,1.94,1.84,0.4516402,0.45164018869400024
2025-01,1,0.3690773067331671,2.53,1.48,0.4199031,0.41990309953689575
2025-01,1,0.5065616797900262,1.88,1.93,0.5281888,0.5281888246536255
2025-01,0,0.41071428571428575,2.31,1.61,0.55890703,0.5589070320129395
2025-01,0,0.35539215686274506,2.63,1.45,0.3051342,0.30513420701026917
2025-01,1,0.6595238095238095,1.43,2.77,0.6165389,0.6165388822555542
2025-01,0,0.6650943396226415,1.42,2.82,0.7344676,0.734467625617981
2025-01,1,0.6643026004728132,1.42,2.81,0.5122508,0.5122507810592651
2025-01,1,0.4025641025641025,2.33,1.57,0.36801568,0.36801567673683167
2025-01,1,0.4329896907216495,2.2,1.68,0.40264064,0.4026406407356262
2025-01,1,0.7108695652173914,1.33,3.27,0.52955455,0.529554545879364
2025-01,1,0.4569190600522194,2.08,1.75,0.56151897,0.5615189671516418
2025-01,1,0.5492227979274612,1.74,2.12,0.68906415,0.6890641450881958
2025-01,0,0.40712468193384227,2.33,1.6,0.5771122,0.5771121978759766
2025-01,1,0.5732647814910026,1.66,2.23,0.5892811,0.5892810821533203
2025-01,0,0.48806366047745364,1.93,1.84,0.5552312,0.5552312135696411
2025-01,1,0.5132275132275131,1.84,1.94,0.51172316,0.5117231607437134
2025-01,1,0.309255079006772,3.06,1.37,0.24045157,0.24045157432556152
2025-01,0,0.5261780104712042,1.81,2.01,0.49057865,0.49057865142822266
2025-01,0,0.5314136125654451,1.79,2.03,0.4771064,0.47710639238357544
2025-01,1,0.5532467532467532,1.72,2.13,0.65152526,0.6515252590179443
2025-01,1,0.4194373401534527,2.27,1.64,0.50214803,0.5021480321884155
2025-01,0,0.5695876288659795,1.67,2.21,0.6127768,0.6127768158912659
2025-01,1,0.5758354755784061,1.65,2.24,0.52677757,0.5267775654792786
2025-01,0,0.46335078534031415,2.05,1.77,0.5428454,0.5428454279899597
2025-01,1,0.3828715365239294,2.45,1.52,0.35890764,0.35890763998031616
2025-01,0,0.5169712793733681,1.85,1.98,0.471016,0.471015989780426
2025-01,1,0.4790575916230366,1.99,1.83,0.47847039,0.4784703850746155
2025-01,0,0.5558441558441558,1.71,2.14,0.6049744,0.6049743890762329
2025-01,1,0.6767441860465117,1.39,2.91,0.5351892,0.5351892113685608
2025-01,0,0.4659685863874345,2.04,1.78,0.3626552,0.3626551926136017
2025-01,1,0.3690773067331671,2.53,1.48,0.25296807,0.25296807289123535
2025-01,0,0.3909774436090226,2.43,1.56,0.4108304,0.41083040833473206
2025-01,0,0.43152454780361754,2.2,1.67,0.3833893,0.38338929414749146
2025-01,0,0.38095238095238093,2.47,1.52,0.3976619,0.39766189455986023
2025-01,0,0.5156249999999999,1.86,1.98,0.47407627,0.4740762710571289
2025-01,1,0.37220843672456577,2.53,1.5,0.27075893,0.2707589268684387
2025-01,0,0.5338541666666666,1.79,2.05,0.57924473,0.5792447328567505
2025-01,1,0.5195822454308094,1.84,1.99,0.4748559,0.474855899810791
2025-01,0,0.37871287128712877,2.51,1.53,0.376565,0.37656500935554504
2025-02,1,0.49869451697127937,1.92,1.91,0.4967404,0.4967404007911682
2025-02,0,0.33569739952718675,2.81,1.42,0.34853944,0.34853944182395935
2025-02,1,0.33333333333333337,2.8,1.4,0.25248873,0.25248873233795166
2025-02,1,0.4699738903394256,2.03,1.8,0.46918827,0.46918827295303345
2025-02,0,0.43041237113402064,2.21,1.67,0.29687172,0.29687172174453735
2025-02,0,0.5314136125654451,1.79,2.03,0.5887416,0.5887416005134583
2025-02,1,0.606060606060606,1.56,2.4,0.5613848,0.5613847970962524
2025-02,1,0.668235294117647,1.41,2.84,0.6844604,0.6844604015350342
2025-02,0,0.42783505154639173,2.22,1.66,0.47920018,0.47920018434524536
2025-02,1,0.8245341614906833,1.13,5.31,0.8556396,0.8556395769119263
2025-02,1,0.4765625,2.01,1.83,0.4374937,0.4374937117099762
2025-02,0,0.6481927710843374,1.46,2.69,0.63863134,0.6386313438415527
2025-02,1,0.5816326530612244,1.64,2.28,0.56486773,0.5648677349090576
2025-02,1,0.5428571428571429,1.76,2.09,0.5359294,0.5359293818473816
2025-02,0,0.3578431372549019,2.62,1.46,0.35751927,0.357519268989563
2025-02,1,0.6497584541062802,1.45,2.69,0.46281195,0.4628119468688965
2025-02,1,0.6111111111111112,1.54,2.42,0.56050974,0.5605097413063049
2025-02,0,0.5026178010471204,1.9,1.92,0.46763554,0.46763554215431213
2025-02,0,0.5607235142118864,1.7,2.17,0.53544337,0.5354433655738831
2025-02,0,0.48548812664907653,1.95,1.84,0.4939962,0.49399620294570923
2025-02,0,0.42783505154639173,2.22,1.66,0.57443863,0.5744386315345764
2025-02,0,0.5416666666666667,1.76,2.08,0.5544215,0.5544214844703674
2025-02,1,0.648910411622276,1.45,2.68,0.5673577,0.5673577189445496
2025-02,0,0.47780678851174935,2.0,1.83,0.60418785,0.6041878461837769
2025-02,0,0.5974683544303797,1.59,2.36,0.6376646,0.6376646161079407
2025-02,1,0.48677248677248675,1.94,1.84,0.46978006,0.4697800576686859
2025-02,1,0.5274151436031332,1.81,2.02,0.58287793,0.5828779339790344
2025-02,1,0.4895287958115184,1.95,1.87,0.55558217,0.5555821657180786
2025-02,0,0.4281984334203655,2.19,1.64,0.3955149,0.39551490545272827
2025-02,0,0.6966292134831461,1.35,3.1,0.62834346,0.6283434629440308
2025-02,0,0.7096069868995633,1.33,3.25,0.7004164,0.7004163861274719
2025-02,1,0.4647519582245431,2.05,1.78,0.4062718,0.4062717854976654
2025-02,0,0.5209424083769634,1.83,1.99,0.51270777,0.5127077698707581
2025-02,0,0.49868766404199477,1.91,1.9,0.5402513,0.5402513146400452
2025-02,0,0.6218905472636816,1.52,2.5,0.6727265,0.6727265119552612
2025-02,1,0.41687979539641945,2.28,1.63,0.39696237,0.39696237444877625
2025-02,0,0.4196891191709845,2.24,1.62,0.41986603,0.41986602544784546
2025-02,1,0.46335078534031415,2.05,1.77,0.35436225,0.35436224937438965
2025-02,0,0.42416452442159375,2.24,1.65,0.47497925,0.4749792516231537
2025-02,0,0.4973821989528796,1.92,1.9,0.57087314,0.5708731412887573
2025-02,1,0.6930022573363431,1.36,3.07,0.5921298,0.5921298265457153
2025-02,1,0.5454545454545455,1.75,2.1,0.6020713,0.6020712852478027
2025-02,0,0.5249343832020998,1.81,2.0,0.595847,0.5958470106124878
2025-02,1,0.35523114355231145,2.65,1.46,0.37445697,0.3744569718837738
2025-02,0,0.3934010152284264,2.39,1.55,0.37785345,0.3778534531593323
2025-02,0,0.45382585751978893,2.07,1.72,0.45104352,0.4510435163974762
2025-02,0,0.46335078534031415,2.05,1.77,0.49759302,0.4975930154323578
2025-02,1,0.6,1.58,2.37,0.6154467,0.6154466867446899
2025-02,1,0.37749999999999995,2.49,1.51,0.29887882,0.29887881875038147
2025-02,1,0.42783505154639173,2.22,1.66,0.40539247,0.40539246797561646
2025-02,0,0.48941798941798953,1.93,1.85,0.43448657,0.4344865679740906
2025-02,1,0.5039370078740157,1.89,1.92,0.4626082,0.4626081883907318
2025-02,1,0.6842105263157895,1.38,2.99,0.7669978,0.7669978141784668
2025-02,1,0.5261780104712042,1.81,2.01,0.41757554,0.41757553815841675
2025-02,1,0.5301837270341206,1.79,2.02,0.61045873,0.6104587316513062
2025-02,0,0.43076923076923074,2.22,1.68,0.4637924,0.4637924134731293
2025-02,1,0.4066496163682865,2.32,1.59,0.34785134,0.34785133600234985
2025-02,1,0.7904929577464789,1.19,4.49,0.78181154,0.781811535358429
2025-02,1,0.4623376623376624,2.07,1.78,0.61509734,0.6150973439216614
2025-02,0,0.46614583333333337,2.05,1.79,0.4063231,0.406323105096817
2025-02,1,0.7167381974248926,1.32,3.34,0.7175215,0.7175214886665344
2025-02,1,0.4383202099737532,2.14,1.67,0.5468655,0.5468655228614807
2025-02,1,0.4545454545454546,2.1,1.75,0.39536482,0.39536482095718384
2025-02,1,0.5454545454545455,1.75,2.1,0.47507963,0.47507962584495544
2025-02,0,0.47135416666666663,2.03,1.81,0.48233157,0.4823315739631653
2025-02,1,0.6341463414634148,1.5,2.6,0.6193473,0.6193472743034363
2025-02,0,0.5454545454545455,1.75,2.1,0.5581063,0.5581063032150269
2025-02,1,0.5272727272727271,1.82,2.03,0.61454713,0.6145471334457397
2025-02,0,0.5754475703324808,1.66,2.25,0.60189235,0.601892352104187
2025-02,1,0.4571428571428572,2.09,1.76,0.50302947,0.503029465675354
2025-02,0,0.4005102040816326,2.35,1.57,0.36705428,0.367054283618927
2025-02,0,0.5104712041884817,1.87,1.95,0.5523878,0.5523877739906311
2025-02,0,0.49869451697127937,1.92,1.91,0.4875937,0.48759371042251587
2025-02,0,0.380352644836272,2.46,1.51,0.4702657,0.4702656865119934
2025-02,0,0.4345549738219895,2.16,1.66,0.4926606,0.49266061186790466
2025-02,0,0.6169154228855721,1.54,2.48,0.6246998,0.6246997714042664
2025-02,1,0.5816326530612244,1.64,2.28,0.49943027,0.49943026900291443
2025-02,1,0.5234374999999999,1.83,2.01,0.6773272,0.6773272156715393
2025-02,0,0.3618581907090465,2.61,1.48,0.42721924,0.4272192418575287
2025-02,0,0.5326370757180157,1.79,2.04,0.5769267,0.5769267082214355
2025-02,0,0.47135416666666663,2.03,1.81,0.6698409,0.6698408722877502
2025-02,0,0.5326370757180157,1.79,2.04,0.63869506,0.6386950612068176
2025-02,0,0.3106575963718821,3.04,1.37,0.35813683,0.3581368327140808
2025-02,0,0.38578680203045684,2.42,1.52,0.38525867,0.38525867462158203
2025-02,1,0.6159600997506234,1.54,2.47,0.53610814,0.536108136177063
2025-02,1,0.548051948051948,1.74,2.11,0.5200118,0.5200117826461792
2025-02,1,0.5492227979274612,1.74,2.12,0.5121633,0.5121632814407349
2025-02,1,0.5681233933161953,1.68,2.21,0.59783274,0.5978327393531799
2025-02,0,0.3753086419753087,2.53,1.52,0.36327174,0.3632717430591583
2025-02,1,0.46825396825396826,2.01,1.77,0.4678986,0.4678986072540283
2025-02,1,0.38734177215189874,2.42,1.53,0.37459755,0.37459754943847656
2025-02,1,0.48429319371727747,1.97,1.85,0.49436513,0.4943651258945465
2025-02,0,0.5555555555555556,1.72,2.15,0.5241164,0.5241163969039917
2025-02,0,0.5581395348837209,1.71,2.16,0.5399493,0.5399492979049683
2025-02,0,0.42564102564102557,2.24,1.66,0.48788595,0.4878859519958496
2025-02,1,0.5251989389920424,1.79,1.98,0.4573289,0.4573288857936859
2025-02,1,0.44356955380577423,2.12,1.69,0.26771885,0.2677188515663147
2025-02,1,0.423076923076923,2.25,1.65,0.39379153,0.393791526556015
2025-02,0,0.4908616187989557,1.95,1.88,0.4657661,0.4657661020755768
2025-02,0,0.5234374999999999,1.83,2.01,0.52478826,0.5247882604598999
2025-02,1,0.6497584541062802,1.45,2.69,0.67297524,0.6729752421379089
2025-02,0,0.4,2.34,1.56,0.44209003,0.4420900344848633
2025-02,1,0.5633074935400517,1.69,2.18,0.59986246,0.5998624563217163
2025-02,0,0.3428571428571429,2.76,1.44,0.48238936,0.482389360666275
2025-02,1,0.5604113110539846,1.71,2.18,0.6338542,0.6338542103767395
2025-02,1,0.35523114355231145,2.65,1.46,0.32546654,0.3254665434360504
2025-02,0,0.5090909090909091,1.89,1.96,0.50104916,0.5010491609573364
2025-02,1,0.3836633663366336,2.49,1.55,0.6262385,0.6262385249137878
2025-02,1,0.4701298701298701,2.04,1.81,0.5027111,0.5027111172676086
2025-02,1,0.605,1.58,2.42,0.5149639,0.5149639248847961
2025-02,1,0.36650485436893204,2.61,1.51,0.3151262,0.3151262104511261
2025-02,0,0.5592783505154639,1.71,2.17,0.63939977,0.6393997669219971
2025-02,1,0.3412322274881517,2.78,1.44,0.36250734,0.36250734329223633
2025-02,0,0.4735449735449735,1.99,1.79,0.50066936,0.5006693601608276
2025-02,0,0.589873417721519,1.62,2.33,0.5056673,0.5056673288345337
2025-02,1,0.5414507772020726,1.77,2.09,0.5721594,0.5721594095230103
2025-02,1,0.6246913580246914,1.52,2.53,0.59707963,0.5970796346664429
2025-02,0,0.6015037593984962,1.59,2.4,0.62863004,0.6286300420761108
2025-02,0,0.4318766066838046,2.21,1.68,0.5616418,0.5616418123245239
2025-02,0,0.5969773299748111,1.6,2.37,0.64287114,0.6428711414337158
2025-02,1,0.6563981042654028,1.45,2.77,0.7215351,0.7215350866317749
2025-02,1,0.637469586374696,1.49,2.62,0.5970474,0.5970473885536194
2025-02,0,0.6040100250626567,1.58,2.41,0.4730583,0.4730583131313324
2025-02,1,0.4559585492227979,2.1,1.76,0.5130781,0.5130780935287476
2025-02,0,0.5877862595419847,1.62,2.31,0.5498174,0.5498173832893372
2025-02,0,0.375,2.5,1.5,0.4117207,0.4117206931114197
2025-02,1,0.6522781774580336,1.45,2.72,0.76611334,0.7661133408546448
2025-02,1,0.44961240310077516,2.13,1.74,0.49151382,0.49151381850242615
2025-02,1,0.4591029023746703,2.05,1.74,0.3940458,0.39404579997062683
2025-02,0,0.578005115089514,1.65,2.26,0.5960034,0.5960034132003784
2025-02,1,0.42820512820512824,2.23,1.67,0.60314995,0.603149950504303
2025-02,0,0.5260416666666667,1.82,2.02,0.56008977,0.5600897669792175
2025-02,1,0.5790816326530612,1.65,2.27,0.6036079,0.6036078929901123
2025-02,0,0.601010101010101,1.58,2.38,0.44859046,0.4485904574394226
2025-02,1,0.4040920716112532,2.33,1.58,0.3481121,0.3481121063232422
2025-02,0,0.5618556701030928,1.7,2.18,0.4814803,0.48148030042648315
2025-02,0,0.6228287841191067,1.52,2.51,0.6210228,0.6210228204727173
2025-02,0,0.49869451697127937,1.92,1.91,0.4428106,0.442810595035553
2025-02,0,0.4065656565656566,2.35,1.61,0.43061155,0.4306115508079529
2025-02,0,0.4186046511627907,2.25,1.62,0.395327,0.39532700181007385
2025-02,1,0.6948775055679287,1.37,3.12,0.72482514,0.7248251438140869
2025-02,1,0.6348039215686274,1.49,2.59,0.66596496,0.6659649610519409
2025-02,0,0.4137055837563452,2.31,1.63,0.49030608,0.4903060793876648
2025-02,1,0.44329896907216493,2.16,1.72,0.3775491,0.37754911184310913
2025-02,1,0.6280788177339901,1.51,2.55,0.538036,0.5380359888076782
2025-02,0,0.36790123456790125,2.56,1.49,0.35474855,0.35474854707717896
2025-02,1,0.43556701030927836,2.19,1.69,0.43710405,0.4371040463447571
2025-02,0,0.4005102040816326,2.35,1.57,0.32538596,0.3253859579563141
2025-02,1,0.5195822454308094,1.84,1.99,0.60843086,0.6084308624267578
2025-02,0,0.5503875968992248,1.74,2.13,0.5726019,0.5726019144058228
2025-02,0,0.4765625,2.01,1.83,0.39594752,0.39594751596450806
2025-02,0,0.6433734939759036,1.48,2.67,0.5694123,0.5694122910499573
2025-02,1,0.6840909090909091,1.39,3.01,0.67186254,0.6718625426292419
2025-02,0,0.5466321243523315,1.75,2.11,0.48935375,0.489353746175766
2025-02,1,0.39249999999999996,2.43,1.57,0.4933463,0.49334630370140076
2025-02,0,0.35696821515892424,2.63,1.46,0.30550766,0.3055076599121094
2025-02,0,0.5039164490861618,1.9,1.93,0.53113663,0.5311366319656372
2025-02,0,0.4791666666666667,2.0,1.84,0.5546571,0.5546571016311646
2025-02,0,0.4545454545454546,2.1,1.75,0.65443885,0.654438853263855
2025-02,1,0.3959899749373434,2.41,1.58,0.45038342,0.45038342475891113
2025-02,0,0.4488188976377953,2.1,1.71,0.33301073,0.333010733127594
2025-02,0,0.46825396825396826,2.01,1.77,0.4193646,0.4193646013736725
2025-02,0,0.4557291666666667,2.09,1.75,0.4733414,0.4733414053916931
2025-02,0,0.7236286919831223,1.31,3.43,0.64312756,0.6431275606155396
2025-02,1,0.6109725685785536,1.56,2.45,0.58323663,0.5832366347312927
2025-02,0,0.3527980535279805,2.66,1.45,0.34618556,0.346185564994812
2025-02,1,0.4973958333333334,1.93,1.91,0.481429,0.48142901062965393
2025-02,0,0.4844559585492228,1.99,1.87,0.5248064,0.5248063802719116
2025-02,0,0.41624365482233505,2.3,1.64,0.3728401,0.37284010648727417
2025-02,0,0.49090909090909085,1.96,1.89,0.4220496,0.4220496118068695
2025-02,1,0.605,1.58,2.42,0.5826785,0.582678496837616
2025-02,1,0.4370179948586118,2.19,1.7,0.51746786,0.5174678564071655
2025-02,0,0.42708333333333337,2.2,1.64,0.4049264,0.4049263894557953
2025-02,0,0.3640776699029127,2.62,1.5,0.45212036,0.4521203637123108
2025-02,0,0.5350649350649351,1.79,2.06,0.607142,0.6071419715881348
2025-02,0,0.5104166666666667,1.88,1.96,0.4241952,0.42419520020484924
2025-02,0,0.5888324873096447,1.62,2.32,0.50818956,0.5081895589828491
2025-02,0,0.6781609195402298,1.4,2.95,0.6843126,0.6843125820159912
2025-02,1,0.5555555555555556,1.72,2.15,0.60550535,0.6055053472518921
2025-02,0,0.4444444444444444,2.15,1.72,0.52717274,0.5271727442741394
2025-02,0,0.4857142857142857,1.98,1.87,0.62094593,0.620945930480957
2025-02,0,0.6005025125628142,1.59,2.39,0.60558045,0.6055804491043091
2025-02,1,0.6274509803921569,1.52,2.56,0.45824617,0.4582461714744568
2025-02,1,0.605,1.58,2.42,0.55021596,0.5502159595489502
2025-02,0,0.5692307692307692,1.68,2.22,0.67732716,0.6773271560668945
2025-02,1,0.467018469656992,2.02,1.77,0.6258659,0.6258658766746521
2025-02,1,0.32783018867924524,2.85,1.39,0.37760958,0.37760958075523376
2025-02,0,0.5326370757180157,1.79,2.04,0.42402983,0.4240298271179199
2025-02,1,0.5873417721518986,1.63,2.32,0.6975492,0.6975492238998413
2025-02,1,0.4533678756476684,2.11,1.75,0.54746807,0.5474680662155151
2025-02,1,0.4186046511627907,2.25,1.62,0.39347368,0.39347368478775024
2025-02,1,0.5934343434343434,1.61,2.35,0.62118495,0.6211849451065063
2025-02,1,0.43076923076923074,2.22,1.68,0.44350657,0.4435065686702728
2025-02,1,0.6109725685785536,1.56,2.45,0.6444667,0.6444666981697083
2025-02,1,0.464935064935065,2.06,1.79,0.60606843,0.6060684323310852
2025-02,0,0.5717948717948719,1.67,2.23,0.5846182,0.5846182107925415
2025-02,0,0.7291666666666667,1.3,3.5,0.60784024,0.6078402400016785
2025-02,0,0.4424083769633508,2.13,1.69,0.34712297,0.3471229672431946
2025-02,1,0.589873417721519,1.62,2.33,0.5287614,0.5287613868713379
2025-02,1,0.43444730077120824,2.2,1.69,0.41910458,0.41910457611083984
2025-02,1,0.5852417302798981,1.63,2.3,0.48204574,0.4820457398891449
2025-02,0,0.3969465648854962,2.37,1.56,0.39379945,0.39379945397377014
2025-02,1,0.47258485639686687,2.02,1.81,0.53521013,0.535210132598877
2025-02,0,0.4817708333333334,1.99,1.85,0.2921481,0.2921481132507324
2025-02,1,0.5754475703324808,1.66,2.25,0.5787672,0.5787671804428101
2025-02,1,0.6407766990291263,1.48,2.64,0.5160225,0.5160225033760071
2025-02,1,0.4761904761904762,1.98,1.8,0.53276145,0.5327614545822144
2025-02,0,0.6827586206896552,1.38,2.97,0.59637225,0.5963722467422485
2025-02,0,0.5286458333333333,1.81,2.03,0.6554357,0.6554356813430786
2025-02,0,0.6399026763990268,1.48,2.63,0.55992126,0.5599212646484375
2025-02,1,0.4597402597402597,2.08,1.77,0.55487245,0.554872453212738
2025-02,1,0.712742980561555,1.33,3.3,0.776023,0.7760229706764221
2025-02,0,0.6720930232558139,1.41,2.89,0.65807915,0.6580791473388672
2025-02,1,0.5338541666666666,1.79,2.05,0.53436613,0.5343661308288574
2025-02,0,0.4514435695538058,2.09,1.72,0.35096174,0.35096174478530884
2025-02,1,0.3616504854368932,2.63,1.49,0.36630088,0.36630088090896606
2025-02,0,0.42708333333333337,2.2,1.64,0.31794602,0.31794601678848267
2025-02,0,0.6399026763990268,1.48,2.63,0.6710819,0.6710819005966187
2025-02,1,0.6751740139211136,1.4,2.91,0.5790788,0.5790787935256958
2025-02,0,0.4765625,2.01,1.83,0.56894475,0.5689447522163391
2025-02,1,0.38902743142144636,2.45,1.56,0.4351616,0.4351615905761719
2025-02,0,0.4761904761904762,1.98,1.8,0.39753214,0.3975321352481842
2025-02,1,0.5544041450777203,1.72,2.14,0.53039277,0.5303927659988403
2025-02,0,0.3700980392156863,2.57,1.51,0.45907444,0.4590744376182556
2025-02,1,0.5064935064935064,1.9,1.95,0.68039775,0.6803977489471436
2025-02,1,0.5919395465994962,1.62,2.35,0.6070143,0.6070142984390259
2025-02,1,0.4779220779220779,2.01,1.84,0.49341863,0.4934186339378357
2025-02,1,0.744,1.28,3.72,0.73324704,0.7332470417022705
2025-02,0,0.5182291666666667,1.85,1.99,0.5496085,0.5496085286140442
2025-02,1,0.5826972010178116,1.64,2.29,0.43861365,0.4386136531829834
2025-02,0,0.44072164948453607,2.17,1.71,0.6350916,0.6350916028022766
2025-02,0,0.7105831533477323,1.34,3.29,0.6268482,0.6268482208251953
2025-02,0,0.6595744680851063,1.44,2.79,0.6534691,0.6534690856933594
2025-02,1,0.4804177545691906,1.99,1.84,0.6150069,0.6150069236755371
2025-02,0,0.5592783505154639,1.71,2.17,0.6366855,0.6366854906082153
2025-02,1,0.6178660049627792,1.54,2.49,0.55495334,0.5549533367156982
2025-02,0,0.3594132029339854,2.62,1.47,0.475959,0.47595900297164917
2025-02,0,0.42091836734693877,2.27,1.65,0.44581136,0.44581136107444763
2025-02,1,0.6498800959232613,1.46,2.71,0.65236104,0.6523610353469849
2025-02,0,0.43076923076923074,2.22,1.68,0.5987827,0.5987827181816101
2025-03,1,0.5182291666666667,1.85,1.99,0.5122937,0.5122936964035034
2025-03,0,0.6228287841191067,1.52,2.51,0.533051,0.5330510139465332
2025-03,0,0.53125,1.8,2.04,0.55376637,0.5537663698196411
2025-03,1,0.5816326530612244,1.64,2.28,0.583351,0.5833510160446167
2025-03,1,0.5670103092783505,1.68,2.2,0.5409536,0.5409535765647888
2025-03,1,0.5300261096605744,1.8,2.03,0.50502664,0.505026638507843
2025-03,0,0.5852417302798981,1.63,2.3,0.5770899,0.5770899057388306
2025-03,1,0.3596059113300492,2.6,1.46,0.33556563,0.33556562662124634
2025-03,1,0.4308093994778067,2.18,1.65,0.30339634,0.3033963441848755
2025-03,0,0.42820512820512824,2.23,1.67,0.37961417,0.3796141743659973
2025-03,1,0.5862944162436549,1.63,2.31,0.65122473,0.6512247323989868
2025-03,0,0.441860465116279,2.16,1.71,0.46826035,0.46826034784317017
2025-03,1,0.6237623762376239,1.52,2.52,0.5742649,0.5742648839950562
2025-03,1,0.5681233933161953,1.68,2.21,0.5928838,0.592883825302124
2025-03,0,0.36633663366336633,2.56,1.48,0.36374378,0.36374378204345703
2025-03,1,0.5644329896907216,1.69,2.19,0.39031392,0.39031392335891724
2025-03,0,0.5104712041884817,1.87,1.95,0.36886373,0.3688637316226959
2025-03,0,0.43927648578811374,2.17,1.7,0.5485399,0.5485398769378662
2025-03,1,0.5602094240837696,1.68,2.14,0.5029594,0.5029593706130981
2025-03,1,0.6440677966101696,1.47,2.66,0.62562454,0.6256245374679565
2025-03,0,0.4101265822784811,2.33,1.62,0.51265657,0.512656569480896
2025-03,1,0.467018469656992,2.02,1.77,0.38675612,0.38675612211227417
2025-03,0,0.2945054945054945,3.21,1.34,0.343036,0.3430359959602356
2025-03,1,0.5692307692307692,1.68,2.22,0.5288783,0.5288782715797424
2025-03,1,0.46874999999999994,2.04,1.8,0.5368825,0.5368825197219849
2025-03,0,0.4111675126903554,2.32,1.62,0.49084058,0.4908405840396881
2025-03,0,0.5618556701030928,1.7,2.18,0.521492,0.5214920043945312
2025-03,1,0.6080402010050251,1.56,2.42,0.6333682,0.633368194103241
2025-03,1,0.39795918367346944,2.36,1.56,0.4502117,0.45021170377731323
2025-03,0,0.5234374999999999,1.83,2.01,0.52757317,0.5275731682777405
2025-03,1,0.5248041775456919,1.82,2.01,0.59068835,0.5906883478164673
2025-03,1,0.41475826972010177,2.3,1.63,0.5579253,0.557925283908844
2025-03,0,0.4245524296675191,2.25,1.66,0.47603148,0.47603148221969604
2025-03,1,0.4817708333333334,1.99,1.85,0.42141223,0.42141222953796387
2025-03,1,0.4285714285714286,2.2,1.65,0.37459356,0.3745935559272766
2025-03,0,0.3294392523364486,2.87,1.41,0.38663977,0.3866397738456726
2025-03,1,0.4113110539845758,2.29,1.6,0.31943256,0.3194325566291809
2025-03,1,0.5234374999999999,1.83,2.01,0.47991306,0.47991305589675903
2025-03,0,0.595959595959596,1.6,2.36,0.6459435,0.6459435224533081
2025-03,1,0.4030226700251889,2.37,1.6,0.38066226,0.3806622624397278
2025-03,0,0.4708994708994709,2.0,1.78,0.44914746,0.44914746284484863
2025-03,0,0.34951456310679613,2.68,1.44,0.29997292,0.29997292160987854
2025-03,0,0.5300261096605744,1.8,2.03,0.5259928,0.5259928107261658
2025-03,0,0.3082191780821918,3.03,1.35,0.31124735,0.3112473487854004
2025-03,0,0.46684350132625996,2.01,1.76,0.47251138,0.4725113809108734
2025-03,1,0.5338541666666666,1.79,2.05,0.5483445,0.5483444929122925
2025-03,0,0.5544041450777203,1.72,2.14,0.6234406,0.6234406232833862
2025-03,0,0.39,2.44,1.56,0.50973356,0.5097335577011108
2025-03,0,0.4748010610079576,1.98,1.79,0.51143664,0.5114366412162781
2025-03,0,0.606516290726817,1.57,2.42,0.6289612,0.6289612054824829
2025-03,1,0.46874999999999994,2.04,1.8,0.4512453,0.4512453079223633
2025-03,1,0.45077720207253885,2.12,1.74,0.4425785,0.4425784945487976
2025-03,0,0.4817708333333334,1.99,1.85,0.4415844,0.44158440828323364
2025-03,1,0.635036496350365,1.5,2.61,0.63171256,0.6317125558853149
2025-03,1,0.7414141414141414,1.28,3.67,0.69375765,0.6937576532363892
2025-03,0,0.5546875,1.71,2.13,0.6107063,0.6107063293457031
2025-03,0,0.6246913580246914,1.52,2.53,0.5766858,0.5766857862472534
2025-03,0,0.5117493472584856,1.87,1.96,0.5658572,0.5658571720123291
2025-03,0,0.5418848167539266,1.75,2.07,0.62952656,0.6295265555381775
2025-03,1,0.5466321243523315,1.75,2.11,0.46905476,0.4690547585487366
2025-03,1,0.748015873015873,1.27,3.77,0.644214,0.6442139744758606
2025-03,0,0.32786885245901637,2.87,1.4,0.35926872,0.3592687249183655
2025-03,0,0.46614583333333337,2.05,1.79,0.48954177,0.48954176902770996
2025-03,1,0.570694087403599,1.67,2.22,0.5624798,0.5624797940254211
2025-03,1,0.5195822454308094,1.84,1.99,0.44461364,0.44461363554000854
2025-03,1,0.46825396825396826,2.01,1.77,0.47366506,0.4736650586128235
2025-03,0,0.625615763546798,1.52,2.54,0.6694857,0.6694856882095337
2025-03,0,0.5300261096605744,1.8,2.03,0.5363742,0.5363742113113403
2025-03,0,0.4656084656084655,2.02,1.76,0.53504956,0.535049557685852
2025-03,1,0.4493506493506493,2.12,1.73,0.4571806,0.45718058943748474
2025-03,0,0.5877862595419847,1.62,2.31,0.6706172,0.6706172227859497
2025-03,1,0.6314496314496314,1.5,2.57,0.577773,0.5777729749679565
2025-03,1,0.4025641025641025,2.33,1.57,0.30616778,0.3061677813529968
2025-03,0,0.4194373401534527,2.27,1.64,0.39609343,0.3960934281349182
2025-03,0,0.5924050632911392,1.61,2.34,0.6860054,0.6860054135322571
2025-03,1,0.41581632653061223,2.29,1.63,0.41615024,0.4161502420902252
2025-03,1,0.3477218225419664,2.72,1.45,0.3333635,0.33336350321769714
2025-03,0,0.3148148148148148,2.96,1.36,0.2807098,0.28070980310440063
2025-03,1,0.4583333333333333,2.08,1.76,0.36466178,0.3646617829799652
2025-03,1,0.6848072562358277,1.39,3.02,0.54369724,0.5436972379684448
2025-03,0,0.7045951859956237,1.35,3.22,0.6333469,0.6333469152450562
2025-03,0,0.48684210526315796,1.95,1.85,0.47263354,0.4726335406303406
2025-03,1,0.570694087403599,1.67,2.22,0.56777763,0.5677776336669922
2025-03,1,0.6159600997506234,1.54,2.47,0.56784666,0.5678466558456421
2025-03,0,0.3697270471464019,2.54,1.49,0.32416523,0.3241652250289917
2025-03,0,0.5221932114882506,1.83,2.0,0.7260538,0.726053774356842
2025-03,0,0.47519582245430814,2.01,1.82,0.4471435,0.4471434950828552
2025-03,0,0.4712041884816754,2.02,1.8,0.4873952,0.48739519715309143
2025-03,0,0.43814432989690716,2.18,1.7,0.54397595,0.5439759492874146
2025-03,0,0.5758354755784061,1.65,2.24,0.6279241,0.6279240846633911
2025-03,0,0.46874999999999994,2.04,1.8,0.4716939,0.47169390320777893
2025-03,1,0.5473684210526316,1.72,2.08,0.5053475,0.505347490310669
2025-03,0,0.4366925064599483,2.18,1.69,0.62742233,0.6274223327636719
2025-03,0,0.5518134715025906,1.73,2.13,0.4725891,0.4725891053676605
2025-03,1,0.4804177545691906,1.99,1.84,0.6037788,0.6037787795066833
2025-03,0,0.5888324873096447,1.62,2.32,0.5995442,0.5995442271232605
2025-03,0,0.39698492462311563,2.4,1.58,0.47534776,0.47534775733947754
2025-03,1,0.44356955380577423,2.12,1.69,0.3963626,0.3963626027107239
2025-03,0,0.375,2.5,1.5,0.28881222,0.28881222009658813
2025-03,0,0.5026178010471204,1.9,1.92,0.5286844,0.5286843776702881
2025-03,0,0.43041237113402064,2.21,1.67,0.42331067,0.42331066727638245
2025-03,0,0.5633074935400517,1.69,2.18,0.6098691,0.609869122505188
2025-03,0,0.34457831325301197,2.72,1.43,0.30466762,0.3046676218509674
2025-03,0,0.4559585492227979,2.1,1.76,0.5579491,0.5579491257667542
2025-03,1,0.35835351089588374,2.65,1.48,0.37625852,0.37625852227211
2025-03,0,0.5518134715025906,1.73,2.13,0.46009073,0.4600907266139984
2025-03,1,0.38596491228070173,2.45,1.54,0.50372523,0.5037252306938171
2025-03,0,0.33016627078384797,2.82,1.39,0.45714188,0.4571418762207031
2025-03,0,0.4947643979057591,1.93,1.89,0.466177,0.46617698669433594
2025-03,0,0.4545454545454546,2.1,1.75,0.50676537,0.5067653656005859
2025-03,0,0.451948051948052,2.11,1.74,0.3059098,0.30590981245040894
2025-03,1,0.5984848484848484,1.59,2.37,0.528451,0.5284510254859924
2025-03,0,0.4647519582245431,2.05,1.78,0.45008436,0.4500843584537506
2025-03,0,0.5994962216624685,1.59,2.38,0.66449213,0.664492130279541
2025-03,1,0.4545454545454546,2.1,1.75,0.5424105,0.5424104928970337
2025-03,1,0.6457831325301205,1.47,2.68,0.6225973,0.6225972771644592
2025-03,1,0.5286458333333333,1.81,2.03,0.56175166,0.561751663684845
2025-03,0,0.41624365482233505,2.3,1.64,0.512756,0.5127559900283813
2025-03,1,0.5182291666666667,1.85,1.99,0.4758536,0.4758535921573639
2025-03,1,0.37592137592137587,2.54,1.53,0.34682527,0.3468252718448639
2025-03,0,0.3429951690821256,2.72,1.42,0.39907473,0.3990747332572937
2025-03,0,0.433420365535248,2.17,1.66,0.31531727,0.3153172731399536
2025-03,0,0.4583333333333333,2.08,1.76,0.58710384,0.5871038436889648
2025-03,1,0.5454545454545455,1.75,2.1,0.59620583,0.5962058305740356
2025-03,1,0.537037037037037,1.75,2.03,0.43839592,0.4383959174156189
2025-03,1,0.6425120772946861,1.48,2.66,0.6513703,0.6513702869415283
2025-03,1,0.6440677966101696,1.47,2.66,0.64968956,0.6496895551681519
2025-03,0,0.6015037593984962,1.59,2.4,0.585415,0.5854150056838989
2025-03,0,0.6218905472636816,1.52,2.5,0.724738,0.7247380018234253
2025-03,0,0.4143222506393862,2.29,1.62,0.5342276,0.5342276096343994
2025-03,0,0.433420365535248,2.17,1.66,0.48978677,0.4897867739200592
2025-03,0,0.4647519582245431,2.05,1.78,0.44833642,0.4483364224433899
2025-03,0,0.4973821989528796,1.92,1.9,0.53352505,0.5335250496864319
2025-03,0,0.47135416666666663,2.03,1.81,0.47327176,0.47327175736427307
2025-03,1,0.42930591259640094,2.22,1.67,0.50221723,0.5022172331809998
2025-03,1,0.3974358974358974,2.35,1.55,0.23639555,0.23639555275440216
2025-03,0,0.606516290726817,1.57,2.42,0.5197431,0.5197430849075317
2025-03,0,0.5078534031413613,1.88,1.94,0.51210225,0.5121022462844849
2025-03,1,0.6184538653366584,1.53,2.48,0.5290178,0.5290178060531616
2025-03,1,0.43556701030927836,2.19,1.69,0.53025067,0.5302506685256958
2025-03,1,0.5621761658031088,1.69,2.17,0.54211044,0.5421104431152344
2025-03,0,0.4921465968586388,1.94,1.88,0.56061137,0.560611367225647
2025-03,1,0.4015345268542199,2.34,1.57,0.38652232,0.3865223228931427
2025-03,0,0.40506329113924056,2.35,1.6,0.6097766,0.6097766160964966
2025-03,1,0.4564643799472295,2.06,1.73,0.40105692,0.4010569155216217
2025-03,1,0.4583333333333333,2.08,1.76,0.5452878,0.5452877879142761
2025-03,0,0.5130208333333333,1.87,1.97,0.62731546,0.6273154616355896
2025-03,0,0.5699481865284974,1.66,2.2,0.6221624,0.622162401676178
2025-03,1,0.5300261096605744,1.8,2.03,0.49044728,0.4904472827911377
2025-03,1,0.4183673469387755,2.28,1.64,0.580438,0.5804380178451538
2025-03,1,0.31363636363636366,3.02,1.38,0.35320944,0.3532094359397888
2025-03,1,0.355072463768116,2.67,1.47,0.46460238,0.46460238099098206
2025-03,0,0.3828715365239294,2.45,1.52,0.26038232,0.2603823244571686
2025-03,1,0.5717948717948719,1.67,2.23,0.5214715,0.5214715003967285
2025-03,1,0.5326370757180157,1.79,2.04,0.52109706,0.5210970640182495
2025-03,0,0.5013054830287206,1.91,1.92,0.5855918,0.5855917930603027
2025-03,1,0.6797235023041476,1.39,2.95,0.5948092,0.5948091745376587
2025-03,1,0.6045340050377834,1.57,2.4,0.6452163,0.6452162861824036
2025-03,1,0.5317460317460317,1.77,2.01,0.519621,0.5196210145950317
2025-03,1,0.38,2.48,1.52,0.36211723,0.3621172308921814
2025-03,0,0.44210526315789467,2.12,1.68,0.37652716,0.37652716040611267
2025-03,0,0.36633663366336633,2.56,1.48,0.381303,0.38130301237106323
2025-03,1,0.43193717277486904,2.17,1.65,0.42196345,0.4219634532928467
2025-03,0,0.3611793611793612,2.6,1.47,0.3268982,0.3268981873989105
2025-03,1,0.5461741424802111,1.72,2.07,0.4757986,0.4757986068725586
2025-03,1,0.34216867469879514,2.73,1.42,0.3977427,0.39774268865585327
2025-03,0,0.42077922077922075,2.23,1.62,0.3022011,0.3022010922431946
2025-03,1,0.5343915343915343,1.76,2.02,0.5082539,0.5082538723945618
2025-03,1,0.35036496350364965,2.67,1.44,0.32870507,0.3287050724029541
2025-03,0,0.46153846153846156,2.03,1.74,0.37516674,0.37516674399375916
2025-03,1,0.7096069868995633,1.33,3.25,0.63694036,0.6369403600692749
2025-03,1,0.37749999999999995,2.49,1.51,0.43179756,0.4317975640296936
2025-03,1,0.653012048192771,1.44,2.71,0.5790729,0.579072892665863
2025-03,1,0.5732647814910026,1.66,2.23,0.62035096,0.6203509569168091
2025-03,0,0.34292565947242204,2.74,1.43,0.30422413,0.3042241334915161
2025-03,1,0.4647519582245431,2.05,1.78,0.45796496,0.4579649567604065
2025-03,0,0.43410852713178294,2.19,1.68,0.48399487,0.48399487137794495
2025-03,0,0.4493506493506493,2.12,1.73,0.45813394,0.4581339359283447
2025-03,0,0.4583333333333333,2.08,1.76,0.55990314,0.5599031448364258
2025-03,0,0.6218905472636816,1.52,2.5,0.6518761,0.6518760919570923
2025-03,0,0.5494791666666667,1.73,2.11,0.5014536,0.5014535784721375
2025-03,1,0.6578947368421053,1.43,2.75,0.6840581,0.6840581297874451
2025-03,1,0.5913705583756345,1.61,2.33,0.60266393,0.6026639342308044
2025-03,0,0.43410852713178294,2.19,1.68,0.4247881,0.42478808760643005
2025-03,0,0.39285714285714285,2.38,1.54,0.4787373,0.4787372946739197
2025-03,1,0.5456919060052219,1.74,2.09,0.6033552,0.6033552289009094
2025-03,0,0.44415584415584414,2.14,1.71,0.45775586,0.4577558636665344
2025-03,0,0.34688995215311,2.73,1.45,0.4695831,0.46958309412002563
2025-03,0,0.6253101736972705,1.51,2.52,0.6699511,0.6699510812759399
2025-03,1,0.48010610079575594,1.96,1.81,0.55191255,0.5519125461578369
2025-03,0,0.49202127659574474,1.91,1.85,0.41565055,0.41565054655075073
2025-03,1,0.7773654916512059,1.2,4.19,0.69098693,0.6909869313240051
2025-03,0,0.44155844155844154,2.15,1.7,0.42127776,0.4212777614593506
2025-03,0,0.5251989389920424,1.79,1.98,0.4410488,0.441048800945282
2025-03,1,0.6966292134831461,1.35,3.1,0.65608704,0.6560870409011841
2025-03,1,0.5892857142857143,1.61,2.31,0.569625,0.5696250200271606
2025-03,1,0.45052083333333337,2.11,1.73,0.5993308,0.5993307828903198
2025-03,1,0.4025316455696203,2.36,1.59,0.36037242,0.3603724241256714
2025-03,1,0.4119170984455959,2.27,1.59,0.44138187,0.44138187170028687
2025-03,0,0.5026178010471204,1.9,1.92,0.5020226,0.5020226240158081
2025-03,1,0.45052083333333337,2.11,1.73,0.56570786,0.5657078623771667
2025-03,1,0.45312499999999994,2.1,1.74,0.47843638,0.4784363806247711
2025-03,1,0.7182795698924732,1.31,3.34,0.73724604,0.737246036529541
2025-03,1,0.39795918367346944,2.36,1.56,0.34387648,0.3438764810562134
2025-03,1,0.48818897637795283,1.95,1.86,0.6280967,0.6280966997146606
2025-03,1,0.4516971279373368,2.1,1.73,0.3746486,0.3746486008167267
2025-03,0,0.5366492146596858,1.77,2.05,0.59076023,0.5907602310180664
2025-03,1,0.5684754521963824,1.67,2.2,0.6334346,0.6334345936775208
2025-03,1,0.5287958115183247,1.8,2.02,0.5071925,0.5071924924850464
2025-03,0,0.48818897637795283,1.95,1.86,0.5220264,0.5220264196395874
2025-03,1,0.39086294416243655,2.4,1.54,0.37220186,0.3722018599510193
2025-03,1,0.34963325183374083,2.66,1.43,0.3246296,0.32462960481643677
2025-03,0,0.36764705882352944,2.58,1.5,0.39746118,0.3974611759185791
2025-03,1,0.4830287206266319,1.98,1.85,0.49581093,0.49581092596054077
2025-03,0,0.47382198952879584,2.01,1.81,0.5894591,0.5894591212272644
2025-03,1,0.47135416666666663,2.03,1.81,0.43916076,0.4391607642173767
2025-03,0,0.45052083333333337,2.11,1.73,0.35393858,0.35393857955932617
2025-03,0,0.34457831325301197,2.72,1.43,0.35822088,0.3582208752632141
2025-03,0,0.4712041884816754,2.02,1.8,0.41519818,0.4151981770992279
2025-03,0,0.5340314136125655,1.78,2.04,0.41429037,0.4142903685569763
2025-04,0,0.43814432989690716,2.18,1.7,0.48282227,0.4828222692012787
2025-04,1,0.45077720207253885,2.12,1.74,0.4815907,0.4815906882286072
2025-04,0,0.49347258485639683,1.94,1.89,0.45456076,0.4545607566833496
2025-04,1,0.6473429951690821,1.46,2.68,0.5823423,0.5823423266410828
2025-04,1,0.6253101736972705,1.51,2.52,0.62619007,0.6261900663375854
2025-04,1,0.6,1.58,2.37,0.5963627,0.5963627099990845
2025-04,0,0.5328083989501312,1.78,2.03,0.6352974,0.635297417640686
2025-04,0,0.6842105263157895,1.38,2.99,0.6094739,0.6094738841056824
2025-04,0,0.5392670157068064,1.76,2.06,0.51157,0.5115699768066406
2025-04,0,0.6774941995359629,1.39,2.92,0.6625141,0.6625140905380249
2025-04,1,0.5903307888040712,1.61,2.32,0.5329679,0.5329679250717163
2025-04,1,0.5839793281653746,1.61,2.26,0.37995422,0.3799542188644409
2025-04,0,0.3559322033898305,2.66,1.47,0.3979848,0.3979848027229309
2025-04,1,0.5416666666666667,1.76,2.08,0.41071215,0.4107121527194977
2025-04,1,0.3875,2.45,1.55,0.4798738,0.47987380623817444
2025-04,0,0.4025316455696203,2.36,1.59,0.46148244,0.461482435464859
2025-04,0,0.44531250000000006,2.13,1.71,0.4763359,0.47633591294288635
2025-04,1,0.48429319371727747,1.97,1.85,0.49732083,0.49732083082199097
2025-04,1,0.62,1.52,2.48,0.63809526,0.6380952596664429
2025-04,0,0.5846153846153845,1.62,2.28,0.58390105,0.583901047706604
2025-04,1,0.5366492146596858,1.77,2.05,0.6013237,0.6013237237930298
2025-04,1,0.6030534351145038,1.56,2.37,0.52262354,0.5226235389709473
2025-04,0,0.5846153846153845,1.62,2.28,0.63981915,0.6398191452026367
2025-04,1,0.5340314136125655,1.78,2.04,0.5758469,0.5758469104766846
2025-04,1,0.5287958115183247,1.8,2.02,0.552453,0.5524529814720154
2025-04,1,0.4581151832460733,2.07,1.75,0.5266122,0.5266122221946716
2025-04,1,0.6253101736972705,1.51,2.52,0.59561867,0.5956186652183533
2025-04,0,0.32783018867924524,2.85,1.39,0.3796403,0.3796403110027313
2025-04,0,0.7597656250000001,1.23,3.89,0.73888665,0.7388866543769836
2025-04,1,0.5572916666666667,1.7,2.14,0.53736335,0.5373633503913879
2025-04,1,0.5092838196286471,1.85,1.92,0.38814884,0.38814884424209595
2025-04,1,0.40458015267175573,2.34,1.59,0.47577515,0.4757751524448395
2025-04,1,0.5352480417754569,1.78,2.05,0.564333,0.5643330216407776
2025-04,0,0.3883248730964467,2.41,1.53,0.33731556,0.33731555938720703
2025-04,0,0.614609571788413,1.53,2.44,0.54628813,0.5462881326675415
2025-04,1,0.5794871794871795,1.64,2.26,0.54413736,0.5441373586654663
2025-04,1,0.5430809399477807,1.75,2.08,0.55086,0.5508599877357483
2025-04,1,0.3944020356234097,2.38,1.55,0.3730866,0.3730866014957428
2025-04,0,0.6952595936794582,1.35,3.08,0.5771681,0.5771681070327759
2025-04,1,0.5520833333333334,1.72,2.12,0.6547514,0.6547514200210571
2025-04,0,0.4086294416243655,2.33,1.61,0.35481364,0.3548136353492737
2025-04,0,0.3462469733656174,2.7,1.43,0.29741278,0.29741278290748596
2025-04,1,0.3964646464646465,2.39,1.57,0.44606122,0.44606122374534607
2025-04,0,0.6165413533834586,1.53,2.46,0.6042654,0.6042653918266296
2025-04,0,0.5954198473282442,1.59,2.34,0.62477463,0.6247746348381042
2025-04,0,0.4035532994923858,2.35,1.59,0.36080968,0.36080968379974365
2025-04,1,0.5287958115183247,1.8,2.02,0.49106392,0.4910639226436615
2025-04,0,0.43896103896103894,2.16,1.69,0.27418816,0.27418816089630127
2025-04,1,0.6827586206896552,1.38,2.97,0.61785656,0.6178565621376038
2025-04,0,0.5170603674540682,1.84,1.97,0.5576456,0.5576456189155579
2025-04,1,0.42416452442159375,2.24,1.65,0.41255426,0.4125542640686035
2025-04,1,0.5343915343915343,1.76,2.02,0.46569347,0.46569347381591797
2025-04,0,0.5091863517060368,1.87,1.94,0.57798225,0.5779822468757629
2025-04,0,0.48818897637795283,1.95,1.86,0.63294935,0.6329493522644043
2025-04,0,0.5078947368421052,1.87,1.93,0.52366054,0.5236605405807495
2025-04,0,0.5732647814910026,1.66,2.23,0.55956846,0.559568464756012
2025-04,0,0.47382198952879584,2.01,1.81,0.36308613,0.36308613419532776
2025-04,0,0.5314136125654451,1.79,2.03,0.5269821,0.5269821286201477
2025-04,1,0.28602620087336245,3.27,1.31,0.34672543,0.3467254340648651
2025-04,1,0.34128878281622915,2.76,1.43,0.4139607,0.41396069526672363
2025-04,0,0.4281984334203655,2.19,1.64,0.38183707,0.38183706998825073
2025-04,0,0.43152454780361754,2.2,1.67,0.5496362,0.54963618516922
2025-04,1,0.5248041775456919,1.82,2.01,0.7232968,0.7232968211174011
2025-04,0,0.5104712041884817,1.87,1.95,0.6042659,0.6042659282684326
2025-04,0,0.39795918367346944,2.36,1.56,0.38638157,0.3863815665245056
2025-04,0,0.44210526315789467,2.12,1.68,0.5110709,0.5110709071159363
2025-04,0,0.38596491228070173,2.45,1.54,0.55718595,0.55718594789505
2025-04,0,0.411764705882353,2.3,1.61,0.43104482,0.4310448169708252
2025-04,1,0.5928753180661578,1.6,2.33,0.5572233,0.5572233200073242
2025-04,1,0.6055276381909548,1.57,2.41,0.5870138,0.5870137810707092
2025-04,1,0.4907651715039578,1.93,1.86,0.39398333,0.3939833343029022
2025-04,1,0.5156249999999999,1.86,1.98,0.429357,0.42935699224472046
2025-04,0,0.5287958115183247,1.8,2.02,0.45508975,0.4550897479057312
2025-04,0,0.4137055837563452,2.31,1.63,0.5026107,0.5026106834411621
2025-04,1,0.6184538653366584,1.53,2.48,0.5894251,0.5894250869750977
2025-04,0,0.37192118226600984,2.55,1.51,0.4076342,0.4076341986656189
2025-04,0,0.4595300261096606,2.07,1.76,0.57451576,0.5745157599449158
2025-04,1,0.4895287958115184,1.95,1.87,0.5148907,0.5148906707763672
2025-04,0,0.5468749999999999,1.74,2.1,0.52940756,0.5294075608253479
2025-04,1,0.4804177545691906,1.99,1.84,0.42058077,0.42058077454566956
2025-04,0,0.5892857142857143,1.61,2.31,0.6037757,0.603775680065155
2025-04,1,0.5732647814910026,1.66,2.23,0.5664484,0.5664483904838562
2025-04,1,0.5984848484848484,1.59,2.37,0.62838626,0.6283862590789795
2025-04,0,0.42930591259640094,2.22,1.67,0.45936903,0.459369033575058
2025-04,1,0.5913705583756345,1.61,2.33,0.55284613,0.5528461337089539
2025-04,1,0.3875,2.45,1.55,0.32234484,0.3223448395729065
2025-04,1,0.36543209876543215,2.57,1.48,0.34708738,0.34708738327026367
2025-04,1,0.6234413965087281,1.51,2.5,0.590122,0.5901219844818115
2025-04,1,0.5532467532467532,1.72,2.13,0.5748469,0.5748469233512878
2025-04,0,0.32318501170960184,2.89,1.38,0.42275134,0.4227513372898102
2025-04,0,0.5378590078328982,1.77,2.06,0.57111126,0.571111261844635
2025-04,0,0.3536585365853659,2.65,1.45,0.40264225,0.40264225006103516
2025-04,1,0.6842105263157895,1.38,2.99,0.6883887,0.6883887052536011
2025-04,0,0.47519582245430814,2.01,1.82,0.50933045,0.5093304514884949
2025-04,1,0.44415584415584414,2.14,1.71,0.54815066,0.5481506586074829
2025-04,1,0.5,1.91,1.91,0.4693454,0.4693453907966614
2025-04,1,0.4160206718346253,2.26,1.61,0.40190643,0.40190643072128296
2025-04,0,0.657074340527578,1.43,2.74,0.6184441,0.6184440851211548
2025-04,1,0.5274151436031332,1.81,2.02,0.5372735,0.5372735261917114
2025-04,0,0.4764397905759163,2.0,1.82,0.48060387,0.4806038737297058
2025-04,1,0.45312499999999994,2.1,1.74,0.44895846,0.44895845651626587
2025-04,0,0.47493403693931396,1.99,1.8,0.2624383,0.2624382972717285
2025-04,1,0.6595238095238095,1.43,2.77,0.6480414,0.6480414271354675
2025-04,1,0.6228287841191067,1.52,2.51,0.5505971,0.550597071647644
2025-04,1,0.5732647814910026,1.66,2.23,0.5371182,0.5371181964874268
2025-04,1,0.5558441558441558,1.71,2.14,0.57640404,0.5764040350914001
2025-04,0,0.3493975903614458,2.7,1.45,0.31512278,0.3151227831840515
2025-04,0,0.5026178010471204,1.9,1.92,0.41205364,0.412053644657135
2025-04,1,0.6521739130434782,1.44,2.7,0.5289239,0.5289239287376404
2025-04,0,0.5558441558441558,1.71,2.14,0.5798143,0.5798143148422241
2025-04,0,0.5755208333333334,1.63,2.21,0.4933811,0.4933811128139496
2025-04,1,0.486910994764398,1.96,1.86,0.52452767,0.5245276689529419
2025-04,0,0.5078534031413613,1.88,1.94,0.5126558,0.5126557946205139
2025-04,1,0.5805626598465473,1.64,2.27,0.5318955,0.5318955183029175
2025-04,1,0.5747422680412371,1.65,2.23,0.5632197,0.5632197260856628
2025-04,0,0.44791666666666663,2.12,1.72,0.46200943,0.4620094299316406
2025-04,1,0.3838383838383838,2.44,1.52,0.45091859,0.450918585062027
2025-04,1,0.5520833333333334,1.72,2.12,0.44200626,0.44200626015663147
2025-04,1,0.4061696658097687,2.31,1.58,0.46273905,0.4627390503883362
2025-04,1,0.5928753180661578,1.6,2.33,0.62057036,0.6205703616142273
2025-04,0,0.4493506493506493,2.12,1.73,0.47089607,0.47089606523513794
2025-04,1,0.4096692111959288,2.32,1.61,0.46563125,0.46563124656677246
2025-04,1,0.6202531645569621,1.5,2.45,0.49393344,0.49393343925476074
2025-04,0,0.35872235872235875,2.61,1.46,0.33038405,0.3303840458393097
2025-04,1,0.5039370078740157,1.89,1.92,0.40202695,0.4020269513130188
2025-04,1,0.6447688564476886,1.46,2.65,0.5956198,0.595619797706604
2025-04,0,0.5468749999999999,1.74,2.1,0.5391649,0.5391649007797241
2025-04,1,0.5633074935400517,1.69,2.18,0.49474517,0.4947451651096344
2025-04,1,0.3778337531486146,2.47,1.5,0.30549002,0.30549001693725586
2025-04,1,0.486910994764398,1.96,1.86,0.41487533,0.414875328540802
2025-04,1,0.5912596401028277,1.59,2.3,0.49839085,0.4983908534049988
2025-04,0,0.32101616628175517,2.94,1.39,0.32140934,0.32140934467315674
2025-04,0,0.39999999999999997,2.37,1.58,0.40839013,0.4083901345729828
2025-04,0,0.3293838862559242,2.83,1.39,0.37046865,0.3704686462879181
2025-04,1,0.4557291666666667,2.09,1.75,0.5514177,0.5514177083969116
2025-04,0,0.6090225563909775,1.56,2.43,0.5187582,0.5187581777572632
2025-04,0,0.675990675990676,1.39,2.9,0.6086304,0.6086304187774658
2025-04,1,0.6834862385321101,1.38,2.98,0.6665604,0.6665604114532471
2025-04,1,0.5468749999999999,1.74,2.1,0.5311316,0.5311316251754761
2025-04,1,0.5301837270341206,1.79,2.02,0.5450784,0.5450783967971802
2025-04,0,0.5340314136125655,1.78,2.04,0.5792192,0.5792192220687866
2025-04,0,0.5658914728682171,1.68,2.19,0.6165222,0.6165221929550171
2025-04,0,0.5221932114882506,1.83,2.0,0.5330346,0.53303462266922
2025-04,1,0.5984848484848484,1.59,2.37,0.5791481,0.5791481137275696
2025-04,1,0.4233766233766234,2.22,1.63,0.41075087,0.4107508659362793
2025-04,1,0.7070484581497797,1.33,3.21,0.61564314,0.6156431436538696
2025-04,1,0.763915547024952,1.23,3.98,0.7300149,0.7300149202346802
2025-04,0,0.5248041775456919,1.82,2.01,0.50585955,0.5058595538139343
2025-04,1,0.5831202046035805,1.63,2.28,0.56849253,0.5684925317764282
2025-04,0,0.37283950617283945,2.54,1.51,0.35531038,0.3553103804588318
2025-04,1,0.47493403693931396,1.99,1.8,0.44472295,0.4447229504585266
2025-04,1,0.5352480417754569,1.78,2.05,0.44339615,0.4433961510658264
2025-04,0,0.6610978520286396,1.42,2.77,0.5937013,0.5937013030052185
2025-04,0,0.4712041884816754,2.02,1.8,0.35325176,0.35325175523757935
2025-04,1,0.31554524361948955,2.95,1.36,0.29875666,0.2987566590309143
2025-04,0,0.5287958115183247,1.8,2.02,0.47282267,0.4728226661682129
2025-04,1,0.6737089201877935,1.39,2.87,0.67350906,0.6735090613365173
2025-04,1,0.4345549738219895,2.16,1.66,0.39479214,0.3947921395301819
2025-04,1,0.46335078534031415,2.05,1.77,0.46961212,0.46961212158203125
2025-04,1,0.5261780104712042,1.81,2.01,0.54917514,0.5491751432418823
2025-04,1,0.5532467532467532,1.72,2.13,0.56790435,0.5679043531417847
2025-04,0,0.4947643979057591,1.93,1.89,0.46815786,0.4681578576564789
2025-04,1,0.40816326530612246,2.32,1.6,0.29140735,0.29140734672546387
2025-04,1,0.5104712041884817,1.87,1.95,0.5775517,0.5775517225265503
2025-04,0,0.5065616797900262,1.88,1.93,0.5272751,0.5272750854492188
2025-04,0,0.4308093994778067,2.18,1.65,0.44423985,0.44423985481262207
2025-04,1,0.4934383202099738,1.93,1.88,0.4446929,0.4446929097175598
2025-04,0,0.47258485639686687,2.02,1.81,0.60183877,0.6018387675285339
2025-04,1,0.5065616797900262,1.88,1.93,0.5309326,0.530932605266571
2025-04,1,0.5546875,1.71,2.13,0.50291574,0.5029157400131226
2025-04,1,0.6930022573363431,1.36,3.07,0.6717758,0.6717758178710938
2025-04,0,0.6555023923444976,1.44,2.74,0.5762871,0.5762870907783508
2025-04,0,0.43782383419689114,2.17,1.69,0.44294682,0.44294682145118713
2025-04,0,0.3535108958837772,2.67,1.46,0.54900575,0.5490057468414307
2025-04,1,0.48670212765957455,1.93,1.83,0.43613815,0.4361381530761719
2025-04,0,0.48293963254593175,1.97,1.84,0.5270093,0.5270093083381653
2025-04,0,0.5684754521963824,1.67,2.2,0.51675904,0.5167590379714966
2025-04,1,0.6610978520286396,1.42,2.77,0.7479782,0.7479782104492188
2025-04,0,0.5546875,1.71,2.13,0.6763676,0.6763675808906555
2025-04,0,0.4244791666666667,2.21,1.63,0.41944104,0.4194410443305969
2025-04,1,0.3793969849246231,2.47,1.51,0.42576712,0.42576712369918823
2025-04,1,0.601010101010101,1.58,2.38,0.5100629,0.5100628733634949
2025-04,1,0.47769028871391084,1.99,1.82,0.4710072,0.47100719809532166
2025-04,0,0.4366925064599483,2.18,1.69,0.3678054,0.3678053915500641
2025-04,0,0.6447688564476886,1.46,2.65,0.60480356,0.6048035621643066
2025-04,1,0.628992628992629,1.51,2.56,0.72679436,0.7267943620681763
2025-04,0,0.6399026763990268,1.48,2.63,0.6647259,0.6647258996963501
2025-04,0,0.3840399002493765,2.47,1.54,0.4777158,0.47771579027175903
2025-04,1,0.44155844155844154,2.15,1.7,0.44487816,0.44487816095352173
2025-04,0,0.4035532994923858,2.35,1.59,0.38351557,0.3835155665874481
2025-04,0,0.4895287958115184,1.95,1.87,0.61703295,0.6170329451560974
2025-04,0,0.5442708333333333,1.75,2.09,0.4152507,0.415250688791275
2025-04,1,0.5647668393782384,1.68,2.18,0.43066177,0.43066176772117615
2025-04,1,0.5104712041884817,1.87,1.95,0.5638658,0.5638657808303833
2025-04,0,0.4764397905759163,2.0,1.82,0.49658093,0.49658092856407166
2025-04,0,0.36097560975609755,2.62,1.48,0.5079442,0.5079442262649536
2025-04,0,0.4215938303341903,2.25,1.64,0.46858802,0.4685880243778229
2025-04,0,0.41071428571428575,2.31,1.61,0.42968792,0.4296879172325134
2025-04,1,0.6439024390243903,1.46,2.64,0.5890094,0.5890094041824341
2025-04,1,0.47258485639686687,2.02,1.81,0.46488866,0.46488866209983826
2025-04,0,0.4186046511627907,2.25,1.62,0.42787534,0.4278753399848938
2025-04,0,0.6506024096385543,1.45,2.7,0.5270814,0.5270813703536987
2025-04,1,0.6587112171837709,1.43,2.76,0.66346836,0.6634683609008789
2025-04,0,0.5157068062827225,1.85,1.97,0.61183995,0.6118399500846863
2025-04,1,0.5876288659793815,1.6,2.28,0.2930061,0.2930060923099518
2025-04,1,0.6405867970660147,1.47,2.62,0.52537274,0.5253727436065674
2025-04,1,0.6619047619047619,1.42,2.78,0.60915005,0.6091500520706177
2025-04,0,0.5494791666666667,1.73,2.11,0.6115127,0.6115127205848694
2025-04,1,0.7136659436008678,1.32,3.29,0.73492634,0.7349263429641724
2025-04,0,0.5416666666666667,1.76,2.08,0.63246244,0.6324624419212341
2025-04,1,0.5695876288659795,1.67,2.21,0.5241994,0.5241994261741638
2025-04,1,0.5546875,1.71,2.13,0.6047909,0.6047909259796143
2025-04,1,0.5442708333333333,1.75,2.09,0.5887861,0.5887861251831055
2025-04,1,0.7035398230088495,1.34,3.18,0.6633439,0.6633439064025879
2025-04,0,0.46825396825396826,2.01,1.77,0.45125467,0.451254665851593
2025-04,0,0.4409448818897638,2.13,1.68,0.4148388,0.4148387908935547
2025-04,1,0.6190476190476191,1.52,2.47,0.5844014,0.5844014286994934
2025-04,1,0.6363636363636365,1.48,2.59,0.591519,0.5915189981460571
2025-04,1,0.3341288782816229,2.79,1.4,0.41555852,0.41555851697921753
2025-04,0,0.4040920716112532,2.33,1.58,0.41027555,0.41027554869651794
2025-04,0,0.655421686746988,1.43,2.72,0.60694903,0.6069490313529968
2025-04,1,0.6065989847715737,1.55,2.39,0.6445738,0.6445738077163696
2025-04,0,0.5442708333333333,1.75,2.09,0.52515805,0.5251580476760864
2025-04,0,0.43152454780361754,2.2,1.67,0.47232455,0.47232455015182495
2025-04,0,0.5670103092783505,1.68,2.2,0.51846504,0.5184650421142578
2025-04,1,0.43410852713178294,2.19,1.68,0.37977737,0.37977737188339233
2025-04,0,0.48429319371727747,1.97,1.85,0.6497852,0.6497852206230164
2025-04,0,0.48429319371727747,1.97,1.85,0.50404066,0.5040406584739685
2025-04,0,0.5248041775456919,1.82,2.01,0.41445956,0.41445955634117126
2025-04,1,0.5602094240837696,1.68,2.14,0.42252517,0.42252516746520996
2025-04,0,0.5509138381201044,1.72,2.11,0.39773044,0.39773043990135193
2025-04,1,0.5721649484536083,1.66,2.22,0.55365264,0.5536526441574097
2025-04,0,0.5314136125654451,1.79,2.03,0.5469674,0.5469673871994019
2025-04,0,0.4764397905759163,2.0,1.82,0.4822629,0.48226290941238403
2025-04,1,0.7206823027718551,1.31,3.38,0.65591276,0.6559127569198608
2025-04,0,0.5209424083769634,1.83,1.99,0.5305557,0.5305557250976562
2025-04,0,0.6105527638190955,1.55,2.43,0.6869987,0.686998724937439
2025-04,0,0.3349282296650718,2.78,1.4,0.4235723,0.423572301864624
2025-04,0,0.4814814814814815,1.96,1.82,0.56120694,0.5612069368362427
2025-04,0,0.6070528967254408,1.56,2.41,0.4312087,0.43120869994163513
2025-04,0,0.47382198952879584,2.01,1.81,0.4481902,0.44819021224975586
2025-04,1,0.6155778894472362,1.53,2.45,0.5285788,0.5285788178443909
2025-04,0,0.40979381443298973,2.29,1.59,0.38266444,0.38266444206237793
2025-04,0,0.4205128205128206,2.26,1.64,0.4097167,0.4097166955471039
2025-04,0,0.3746898263027295,2.52,1.51,0.23792395,0.23792394995689392
2025-04,1,0.5456919060052219,1.74,2.09,0.4654068,0.4654068052768707
2025-04,1,0.5291005291005291,1.78,2.0,0.44324845,0.443248450756073
2025-05,0,0.5326370757180157,1.79,2.04,0.44832772,0.4578694575392375
2025-05,1,0.4643799472295515,2.03,1.76,0.40187478,0.40470364764098254
2025-05,0,0.5670103092783505,1.68,2.2,0.5525363,0.5365932937052496
2025-05,0,0.6095717884130982,1.55,2.42,0.59007776,0.6423764399375498
2025-05,0,0.39348370927318294,2.42,1.57,0.42525965,0.4164693680497752
2025-05,0,0.6228287841191067,1.52,2.51,0.6233696,0.5477833972535637
2025-05,0,0.3559322033898305,2.66,1.47,0.36478528,0.4410465392905769
2025-05,0,0.5520833333333334,1.72,2.12,0.60505897,0.6177196580860631
2025-05,0,0.37623762376237624,2.52,1.52,0.5335937,0.5037950530903956
2025-05,0,0.5065616797900262,1.88,1.93,0.53625154,0.514924901397012
2025-05,1,0.40609137055837563,2.34,1.6,0.35579658,0.3655516478253601
2025-05,1,0.653012048192771,1.44,2.71,0.61018026,0.5821244042289428
2025-05,1,0.5130890052356021,1.86,1.96,0.38782912,0.41016512104901576
2025-05,0,0.5221932114882506,1.83,2.0,0.46724582,0.5284102234994681
2025-05,1,0.7028824833702882,1.34,3.17,0.7224814,0.6642310108395783
2025-05,1,0.5052356020942408,1.89,1.93,0.5236,0.5140979395118453
2025-05,0,0.5456919060052219,1.74,2.09,0.6132823,0.5119839684065517
2025-05,1,0.5820512820512821,1.63,2.27,0.4346179,0.5052360917236921
2025-05,1,0.30316742081447967,3.08,1.34,0.44204825,0.39358976304244675
2025-05,1,0.6521739130434782,1.44,2.7,0.6360611,0.6551853078815368
2025-05,0,0.47382198952879584,2.01,1.81,0.47707614,0.48251051449925453
2025-05,0,0.4248704663212435,2.22,1.64,0.3627013,0.3915878502287936
2025-05,1,0.5195822454308094,1.84,1.99,0.5662218,0.549739556820974
2025-05,0,0.36049382716049383,2.59,1.46,0.29770413,0.34392354361206423
2025-05,1,0.4712041884816754,2.02,1.8,0.4484542,0.4848738034278891
2025-05,1,0.7188841201716738,1.31,3.35,0.67253745,0.6370043460071313
2025-05,1,0.4895287958115184,1.95,1.87,0.52696526,0.548958256782172
2025-05,0,0.518324607329843,1.84,1.98,0.37166256,0.3777989156252626
2025-05,1,0.7657142857142857,1.23,4.02,0.5470502,0.5356916548968964
2025-05,0,0.3254716981132076,2.86,1.38,0.40637922,0.40159890519179
2025-05,1,0.7176724137931035,1.31,3.33,0.64394075,0.6605673142987314
2025-05,0,0.47382198952879584,2.01,1.81,0.34568387,0.4047919769012215
2025-05,0,0.48275862068965525,1.95,1.82,0.39171037,0.37326319589437634
2025-05,1,0.7022222222222223,1.34,3.16,0.574438,0.6355681787233385
2025-05,0,0.6144278606965174,1.55,2.47,0.5749758,0.6004796874479896
2025-05,0,0.606060606060606,1.56,2.4,0.5173534,0.5440660628044277
2025-05,1,0.5695876288659795,1.67,2.21,0.5456639,0.5120941573776581
2025-05,0,0.45052083333333337,2.11,1.73,0.43120226,0.4203018548248295
2025-05,1,0.6379310344827586,1.47,2.59,0.50083333,0.4921464589064981
2025-05,1,0.5261780104712042,1.81,2.01,0.52420247,0.5131120262902346
2025-05,1,0.4051282051282052,2.32,1.58,0.3480729,0.3602762940413262
2025-05,1,0.3753086419753087,2.53,1.52,0.49673018,0.47283146441516655
2025-05,1,0.5261780104712042,1.81,2.01,0.51941127,0.5281055177501099
2025-05,1,0.6296296296296295,1.5,2.55,0.6515035,0.6479558147151694
2025-05,0,0.6080402010050251,1.56,2.42,0.57518333,0.5292169660257332
2025-05,1,0.5442708333333333,1.75,2.09,0.5942648,0.5612225720725472
2025-05,1,0.6140350877192983,1.54,2.45,0.62026024,0.6256461333353094
2025-05,0,0.48167539267015713,1.98,1.84,0.41291922,0.46321207378194545
2025-05,1,0.5461741424802111,1.72,2.07,0.41443306,0.43177020219276374
2025-05,0,0.5499999999999999,1.71,2.09,0.5147627,0.5026848080641829
2025-05,1,0.42416452442159375,2.24,1.65,0.4342906,0.47555112668042016
2025-05,0,0.5877862595419847,1.62,2.31,0.615974,0.6246394628730453
2025-05,0,0.40609137055837563,2.34,1.6,0.4845404,0.4581357500289616
2025-05,0,0.5104712041884817,1.87,1.95,0.59462893,0.5885796879352232
2025-05,1,0.4473684210526316,2.1,1.7,0.41646442,0.47075091862419316
2025-05,0,0.37192118226600984,2.55,1.51,0.46680528,0.4595086341578565
2025-05,1,0.5186170212765957,1.81,1.95,0.5825399,0.5106357811012705
2025-05,1,0.4934383202099738,1.93,1.88,0.48456532,0.45661885428047266
2025-05,0,0.486910994764398,1.96,1.86,0.53538656,0.5199847624018844
2025-05,0,0.39294710327455923,2.41,1.56,0.45008078,0.4530752772328236
2025-05,1,0.5406824146981627,1.75,2.06,0.49153876,0.4797206152407445
2025-05,1,0.6314496314496314,1.5,2.57,0.58682567,0.5408871164330405
2025-05,1,0.48825065274151447,1.96,1.87,0.48355836,0.46342659075139764
2025-05,0,0.4647519582245431,2.05,1.78,0.3887808,0.44103652392624204
2025-05,1,0.36519607843137253,2.59,1.49,0.4520998,0.48688259587344895
2025-05,1,0.5026178010471204,1.9,1.92,0.48788482,0.4520785380179273
2025-05,1,0.62,1.52,2.48,0.5850903,0.6003493178296011
2025-05,1,0.5794871794871795,1.64,2.26,0.54657966,0.5534397831134406
2025-05,0,0.62,1.52,2.48,0.5735849,0.5429092954838375
2025-05,1,0.49868766404199477,1.91,1.9,0.3480459,0.4030287835060656
2025-05,0,0.7076923076923077,1.33,3.22,0.6244323,0.5087629523401472
2025-05,1,0.46736292428198434,2.04,1.79,0.42945853,0.45229183175468457
2025-05,0,0.5506493506493506,1.73,2.12,0.58094513,0.506050450685652
2025-05,0,0.6253101736972705,1.51,2.52,0.46934152,0.4912207895867965
2025-05,1,0.4960212201591513,1.9,1.87,0.467628,0.45924135709872593
2025-05,1,0.43307086614173224,2.16,1.65,0.5066253,0.48772363335540225
2025-05,1,0.47382198952879584,2.01,1.81,0.52424717,0.5365025800728006
2025-05,0,0.43264248704663216,2.19,1.67,0.45490462,0.46089429819449823
2025-05,0,0.8053691275167785,1.16,4.8,0.84482354,0.7818064761893944
2025-05,0,0.5913705583756345,1.61,2.33,0.59132254,0.5617331077777663
2025-05,0,0.5964467005076142,1.59,2.35,0.566982,0.5804156545348622
2025-05,1,0.40979381443298973,2.29,1.59,0.37290564,0.37243446333496977
2025-05,1,0.4447368421052632,2.11,1.69,0.35996374,0.3544235332096606
2025-05,1,0.4855643044619423,1.96,1.85,0.3735392,0.39569387725451693
2025-05,1,0.4764397905759163,2.0,1.82,0.2978744,0.3351680916330809
2025-05,1,0.5275590551181102,1.8,2.01,0.58520603,0.551184556147137
2025-05,1,0.73109243697479,1.28,3.48,0.6258573,0.5530921373114914
2025-05,0,0.5065616797900262,1.88,1.93,0.45676285,0.4369235818098077
2025-05,1,0.6015228426395939,1.57,2.37,0.5345799,0.564630326052465
2025-05,0,0.6705882352941177,1.4,2.85,0.5976327,0.6161162676856939
2025-05,0,0.5301837270341206,1.79,2.02,0.50290763,0.4922538832047184
2025-05,1,0.5680628272251308,1.65,2.17,0.4466111,0.43010108254877544
2025-05,0,0.5275590551181102,1.8,2.01,0.48942384,0.5222030550918271
2025-05,0,0.5572916666666667,1.7,2.14,0.47281995,0.5654443347969991
2025-05,0,0.5636363636363637,1.68,2.17,0.57125175,0.5770222818613023
2025-05,1,0.46736292428198434,2.04,1.79,0.41473112,0.43071827757910575
2025-05,1,0.5157068062827225,1.85,1.97,0.40944672,0.43247848232700636
2025-05,0,0.6105527638190955,1.55,2.43,0.6213302,0.6351408626071
2025-05,1,0.37283950617283945,2.54,1.51,0.34950233,0.4406230392622369
2025-05,0,0.4564643799472295,2.06,1.73,0.45502132,0.40367247350072155
2025-05,0,0.4215938303341903,2.25,1.64,0.35707876,0.35449344014476436
2025-05,1,0.5721649484536083,1.66,2.22,0.50982976,0.47902857037386515
2025-05,0,0.6165413533834586,1.53,2.46,0.3560825,0.4494203518393846
2025-05,0,0.5404699738903395,1.76,2.07,0.5275222,0.506828353463038
2025-05,1,0.6423357664233577,1.47,2.64,0.6212797,0.5919818042801925
2025-05,1,0.7130434782608696,1.32,3.28,0.73992753,0.7561891653462406
2025-05,1,0.5558441558441558,1.71,2.14,0.66856223,0.6265037371280356
2025-05,1,0.5572916666666667,1.7,2.14,0.5698788,0.5537950804467298
2025-05,0,0.4895287958115184,1.95,1.87,0.5358559,0.4720955407944767
2025-05,0,0.36855036855036855,2.57,1.5,0.43487835,0.38844601871709006
2025-05,1,0.47745358090185674,1.97,1.8,0.29893062,0.38822885846539024
2025-05,0,0.4591029023746703,2.05,1.74,0.32092535,0.36306580897663576
2025-05,1,0.6190476190476191,1.52,2.47,0.5247898,0.567783536837798
2025-05,1,0.47382198952879584,2.01,1.81,0.4796114,0.43453473300962386
2025-05,0,0.4025641025641025,2.33,1.57,0.3566187,0.335650505180471
2025-05,0,0.5221932114882506,1.83,2.0,0.48892823,0.5479466499914418
2025-05,1,0.4252577319587629,2.23,1.65,0.39093477,0.42834198215935154
2025-05,0,0.4244791666666667,2.21,1.63,0.3474273,0.3672379740477969
2025-05,1,0.5261780104712042,1.81,2.01,0.44013137,0.4787893024660927
2025-05,0,0.5274151436031332,1.81,2.02,0.5569917,0.5437571128230658
2025-05,0,0.47135416666666663,2.03,1.81,0.41411883,0.4868462702262549
2025-05,0,0.4765625,2.01,1.83,0.4406435,0.47329957348522406
2025-05,1,0.6035353535353536,1.57,2.39,0.46535045,0.49506757819720454
2025-05,0,0.39898989898989906,2.38,1.58,0.4022757,0.41404097054178474
2025-05,1,0.5974683544303797,1.59,2.36,0.6332128,0.6288749463558921
2025-05,1,0.46736292428198434,2.04,1.79,0.4930059,0.5580586995800301
2025-05,0,0.4493506493506493,2.12,1.73,0.44535923,0.5025065256127803
2025-05,0,0.6643026004728132,1.42,2.81,0.59300566,0.6492228984107437
2025-05,0,0.3263403263403263,2.89,1.4,0.2762181,0.3819508243202084
2025-05,0,0.690744920993228,1.37,3.06,0.67168367,0.6231664268572483
2025-05,0,0.6395061728395062,1.46,2.59,0.39531097,0.41279322468969915
2025-05,0,0.6356968215158926,1.49,2.6,0.66232693,0.6374814824150945
2025-05,1,0.6546762589928057,1.44,2.73,0.62599105,0.5932615493341913
2025-05,0,0.7272727272727273,1.29,3.44,0.67274845,0.6280337477265275
2025-05,1,0.5809768637532133,1.63,2.26,0.42034426,0.481320824477745
2025-05,1,0.7149028077753781,1.32,3.31,0.5618342,0.6124404061113397
2025-05,0,0.598984771573604,1.58,2.36,0.50183594,0.5064203767557607
2025-05,1,0.49081364829396334,1.94,1.87,0.5158669,0.49835292676604986
2025-05,1,0.6180904522613065,1.52,2.46,0.55063426,0.5821342970228864
2025-05,1,0.750499001996008,1.25,3.76,0.6456956,0.6701319560082254
2025-05,1,0.8269525267993875,1.13,5.4,0.7463268,0.7368195748035316
2025-05,0,0.3571428571428571,2.61,1.45,0.39412197,0.3795989084708485
2025-05,1,0.5119363395225464,1.84,1.93,0.40370184,0.4246393013776395
2025-05,0,0.44210526315789467,2.12,1.68,0.38667786,0.3980143396666087
2025-05,1,0.38578680203045684,2.42,1.52,0.40485176,0.41335567360954906
2025-05,1,0.518324607329843,1.84,1.98,0.40407285,0.41829632282997614
2025-05,1,0.6336633663366337,1.48,2.56,0.56903666,0.5844615120907372
2025-05,0,0.6783216783216783,1.38,2.91,0.57495886,0.5189741925980775
2025-05,1,0.6320987654320989,1.49,2.56,0.52565575,0.5686216389357202
2025-05,1,0.5558441558441558,1.71,2.14,0.47922772,0.4494225545011513
2025-05,1,0.6336633663366337,1.48,2.56,0.5214296,0.5552664094759461
2025-05,1,0.5520833333333334,1.72,2.12,0.52474785,0.4415223507987257
2025-05,1,0.6259351620947631,1.5,2.51,0.50271434,0.5241811516619699
2025-05,1,0.7381443298969071,1.27,3.58,0.74437845,0.6280993911989666
2025-05,1,0.4145077720207254,2.26,1.6,0.47097817,0.430559121033143
2025-05,1,0.634567901234568,1.48,2.57,0.5637891,0.5605832852483181
2025-05,0,0.5326370757180157,1.79,2.04,0.50435305,0.4686110387888541
2025-05,0,0.3684210526315789,2.52,1.47,0.37084484,0.3658677645623213
2025-05,1,0.49347258485639683,1.94,1.89,0.56475997,0.5160280298558957
2025-05,1,0.5903307888040712,1.61,2.32,0.5296501,0.5399759751905653
2025-05,0,0.548051948051948,1.74,2.11,0.64498013,0.536197212131464
2025-05,0,0.5766233766233767,1.63,2.22,0.5037595,0.4866395483599477
2025-05,0,0.39285714285714285,2.38,1.54,0.3836332,0.36251130055827085
2025-05,0,0.5378590078328982,1.77,2.06,0.625178,0.6261749699324893
2025-05,1,0.7,1.35,3.15,0.68892294,0.6909507688680787
2025-05,0,0.4557291666666667,2.09,1.75,0.36825722,0.49443805330568064
2025-05,1,0.5468749999999999,1.74,2.1,0.42902485,0.49475458024656876
2025-05,0,0.4764397905759163,2.0,1.82,0.4440059,0.4320984754845736
2025-05,0,0.40609137055837563,2.34,1.6,0.387606,0.4118787411753241
2025-05,0,0.5196850393700787,1.83,1.98,0.47180933,0.4740093446378377
2025-05,0,0.62,1.52,2.48,0.5639235,0.6394615465984873
2025-05,1,0.45052083333333337,2.11,1.73,0.46481594,0.46277594214702467
2025-05,1,0.3535108958837772,2.67,1.46,0.4195873,0.42663891106806484
2025-05,1,0.5416666666666667,1.76,2.08,0.5453116,0.5521841050310607
2025-05,1,0.5506493506493506,1.73,2.12,0.5180569,0.5276170520967834
2025-05,0,0.5026178010471204,1.9,1.92,0.42828447,0.43368355288725796
2025-05,0,0.46214099216710186,2.06,1.77,0.40287954,0.3830005099645195
2025-05,1,0.4404145077720207,2.16,1.7,0.45525652,0.4185699081280505
2025-05,1,0.43896103896103894,2.16,1.69,0.38259205,0.39414700643146594
2025-05,1,0.5404699738903395,1.76,2.07,0.50296104,0.5274817629980936
2025-05,0,0.4947643979057591,1.93,1.89,0.4703351,0.4418438831696381
2025-05,1,0.41581632653061223,2.29,1.63,0.35789308,0.4028673642522333
2025-05,0,0.4143222506393862,2.29,1.62,0.40193313,0.418759987614036
2025-05,0,0.6368159203980098,1.46,2.56,0.510635,0.49760610815716827
2025-05,1,0.47745358090185674,1.97,1.8,0.34317797,0.4198340283219556
2025-05,1,0.6506024096385543,1.45,2.7,0.6146096,0.629918819202866
2025-05,1,0.4790575916230366,1.99,1.83,0.48189744,0.49133972678383614
2025-05,1,0.6253101736972705,1.51,2.52,0.69265264,0.5680546932932291
2025-05,0,0.5994962216624685,1.59,2.38,0.5579481,0.5261426138174226
2025-05,0,0.6218905472636816,1.52,2.5,0.33428282,0.35044736070758986
2025-05,0,0.5877862595419847,1.62,2.31,0.50743556,0.580353781761092
2025-05,0,0.6555023923444976,1.44,2.74,0.63654226,0.6277053704558776
2025-05,1,0.5532467532467532,1.72,2.13,0.52815235,0.48062436204639336
2025-05,0,0.5211640211640212,1.81,1.97,0.33251092,0.3961495924902967
2025-05,1,0.5670103092783505,1.68,2.2,0.51555264,0.5060623756854795
2025-05,0,0.5248041775456919,1.82,2.01,0.35752255,0.4417506873534372
2025-05,0,0.7164502164502164,1.31,3.31,0.46262065,0.49315051700112067
2025-05,0,0.40506329113924056,2.35,1.6,0.4459858,0.4682502355566346
2025-05,0,0.44415584415584414,2.14,1.71,0.53295594,0.5240417770451496
2025-05,1,0.4595300261096606,2.07,1.76,0.3819571,0.4911356017184468
2025-05,1,0.5903307888040712,1.61,2.32,0.5456106,0.58084959574161
2025-05,1,0.6296296296296295,1.5,2.55,0.51482576,0.5094392584373248
2025-05,0,0.5949367088607596,1.6,2.35,0.53267115,0.5712206050842507
2025-05,0,0.6464891041162226,1.46,2.67,0.5546721,0.46760981102667765
2025-05,1,0.6423357664233577,1.47,2.64,0.6419566,0.5549402522465451
2025-05,0,0.6296296296296295,1.5,2.55,0.5193883,0.49009451681294425
2025-05,0,0.5695876288659795,1.67,2.21,0.6165764,0.5881992908244758
2025-05,0,0.6296296296296295,1.5,2.55,0.53908855,0.5767706250942575
2025-05,0,0.6253101736972705,1.51,2.52,0.51203656,0.542372583649902
2025-05,0,0.7251585623678646,1.3,3.43,0.5779135,0.6298991577502957
2025-05,1,0.7167381974248926,1.32,3.34,0.57429695,0.5855353217501846
2025-05,1,0.6314496314496314,1.5,2.57,0.5204914,0.47802656657473386
2025-05,0,0.502659574468085,1.87,1.89,0.49532437,0.4884515345562188
2025-05,1,0.5938303341902313,1.58,2.31,0.44670534,0.4640734460772352
2025-05,1,0.5680628272251308,1.65,2.17,0.54618204,0.49792125534552256
2025-05,1,0.48936170212765967,1.92,1.84,0.44132596,0.4088666439773232
2025-05,0,0.380352644836272,2.46,1.51,0.3382442,0.2794350223764823
2025-05,0,0.53315649867374,1.76,2.01,0.48819646,0.44160875028033
2025-05,1,0.39086294416243655,2.4,1.54,0.38243216,0.3968758053129808
2025-05,1,0.6334164588528678,1.47,2.54,0.42139715,0.512564705204491
2025-05,0,0.5145888594164455,1.83,1.94,0.3085055,0.3769736575362171
2025-05,1,0.42036553524804177,2.22,1.61,0.44806156,0.45768009611454963
2025-05,1,0.5621761658031088,1.69,2.17,0.39810488,0.4298499157346521
2025-05,0,0.5013123359580053,1.9,1.91,0.4948032,0.48654265086852294
2025-05,1,0.3964646464646465,2.39,1.57,0.19865316,0.23631567776649154
2025-05,1,0.5157068062827225,1.85,1.97,0.51986635,0.47814334877418085
2025-05,0,0.5248041775456919,1.82,2.01,0.43214804,0.4665975532080581
2025-05,1,0.4895287958115184,1.95,1.87,0.4476583,0.483134505740899
2025-05,1,0.6209476309226933,1.52,2.49,0.6042005,0.5863299113587385
2025-05,1,0.6186868686868687,1.51,2.45,0.5020709,0.4801920850789102
2025-05,0,0.4281984334203655,2.19,1.64,0.41168275,0.41931099738392075
2025-05,1,0.3903061224489796,2.39,1.53,0.2970534,0.3370839924186304
2025-06,1,0.36750000000000005,2.53,1.47,0.345985,0.3780835789970289
2025-06,1,0.4485488126649077,2.09,1.7,0.32788604,0.4370455021199281
2025-06,0,0.6147959183673469,1.51,2.41,0.44843268,0.42691345243701606
2025-06,0,0.5833333333333334,1.6,2.24,0.48552877,0.5024592399666742
2025-06,1,0.5974358974358973,1.57,2.33,0.46473947,0.5143003695478697
2025-06,1,0.6246851385390428,1.49,2.48,0.4162368,0.4540695494548739
2025-06,1,0.6,1.56,2.34,0.39105892,0.46478325978362983
2025-06,0,0.6290726817042606,1.48,2.51,0.49305147,0.5699547507147564
2025-08,1,0.4397905759162304,2.14,1.68,0.51047075,0.5654188381680917
2025-08,0,0.5239361702127661,1.79,1.97,0.5883961,0.6227840639511495
2025-08,1,0.6986607142857143,1.35,3.13,0.66912925,0.6295021952253974
2025-08,1,0.4932614555256065,1.88,1.83,0.46198893,0.5004059159756551
2025-08,0,0.5106382978723405,1.84,1.92,0.5314402,0.529197394192612
2025-08,1,0.4146981627296588,2.23,1.58,0.38663277,0.4470863662983646
2025-08,0,0.582901554404145,1.61,2.25,0.59613985,0.6046018582668593
2025-08,1,0.5654450261780105,1.66,2.16,0.61200845,0.6346785259598673
2025-08,1,0.5,1.88,1.88,0.60776204,0.5646502764496469
2025-08,0,0.5488126649076518,1.71,2.08,0.5668014,0.604095128758841
2025-08,1,0.5585106382978724,1.66,2.1,0.5447572,0.6036609384016196
2025-08,0,0.5631578947368422,1.66,2.14,0.5782236,0.5955619895161184
2025-08,1,0.582901554404145,1.61,2.25,0.49151754,0.4975126541223631
2025-08,1,0.6177215189873417,1.51,2.44,0.55291337,0.5675685544050982
2025-08,1,0.5844155844155844,1.6,2.25,0.6844887,0.6471848491491992
2025-08,0,0.37279596977329976,2.49,1.48,0.429493,0.47165126576282895
2025-08,0,0.47340425531914887,1.98,1.78,0.50875026,0.5757297659235336
2025-08,1,0.362962962962963,2.58,1.47,0.47213426,0.47129326332788124
2025-08,0,0.33812949640287776,2.76,1.41,0.47797936,0.5069786224314605
2025-08,1,0.46648793565683644,1.99,1.74,0.45094028,0.5063033009120057
2025-08,1,0.4880000000000001,1.92,1.83,0.52448547,0.5612766597575405
2025-08,0,0.5766233766233767,1.63,2.22,0.5358368,0.5626449522070702
2025-08,1,0.5,1.87,1.87,0.46457967,0.5090950575870031
2025-08,0,0.42368421052631583,2.19,1.61,0.52989,0.5232608927335348
2025-08,0,0.3948717948717949,2.36,1.54,0.50041914,0.5527630086015691
2025-08,0,0.43307086614173224,2.16,1.65,0.50079197,0.5098687668232731
2025-08,0,0.49333333333333335,1.9,1.85,0.5382467,0.5706674590013876
2025-08,0,0.5039999999999999,1.86,1.89,0.60593927,0.5957139074677993
2025-08,0,0.5225464190981433,1.8,1.97,0.52969253,0.5603421613755113
2025-08,1,0.4523809523809524,2.07,1.71,0.49522743,0.4960196897389313
2025-08,0,0.48247978436657685,1.92,1.79,0.38105288,0.43034555435356026
2025-08,0,0.6487804878048781,1.44,2.66,0.5802363,0.5606191615709959
2025-08,0,0.40992167101827676,2.26,1.57,0.3841959,0.4506867222394771
2025-08,1,0.4368421052631579,2.14,1.66,0.4982694,0.5487834815629471
2025-08,0,0.4986522911051214,1.86,1.85,0.32561857,0.3983931495657913
2025-08,1,0.4851752021563342,1.91,1.8,0.57030594,0.6007128624171061
2025-08,0,0.4497354497354497,2.08,1.7,0.4494691,0.5293395332221702
2025-08,0,0.45382585751978893,2.07,1.72,0.46391487,0.5272391012390363
2025-08,1,0.5442359249329759,1.7,2.03,0.48324704,0.5392158512242589
2025-08,0,0.6320987654320989,1.49,2.56,0.5477507,0.614568376969256
2025-08,1,0.3826530612244898,2.42,1.5,0.3986615,0.5023249193767492
2025-08,1,0.7592233009708738,1.24,3.91,0.758741,0.7114508040400072
2025-08,0,0.7524950099800399,1.24,3.77,0.7119163,0.5947986473804114
2025-08,1,0.5485564304461943,1.72,2.09,0.5601588,0.5611173103595073
2025-08,0,0.5546666666666668,1.67,2.08,0.4999644,0.5951655169766921
2025-08,0,0.37279596977329976,2.49,1.48,0.3836435,0.4281930878007923
2025-08,0,0.42077922077922075,2.23,1.62,0.44184798,0.4892357032726626
2025-08,0,0.642156862745098,1.46,2.62,0.75633603,0.6631299855165864
2025-08,1,0.642156862745098,1.46,2.62,0.6036637,0.5780248939258841
2025-08,1,0.6025641025641025,1.55,2.35,0.61204565,0.5860518934139753
2025-08,1,0.5578947368421052,1.68,2.12,0.58380425,0.5654926332824397
2025-08,1,0.5654450261780105,1.66,2.16,0.54578495,0.5778695277610466
2025-08,1,0.49734042553191493,1.89,1.87,0.5506678,0.5714704671763846
2025-08,0,0.5305039787798408,1.77,2.0,0.5480722,0.5814690635403508
2025-08,0,0.4145077720207254,2.26,1.6,0.6195299,0.5778011332712807
2025-08,0,0.544973544973545,1.72,2.06,0.466016,0.4943510419537835
2025-08,0,0.39845758354755784,2.34,1.55,0.5587034,0.5809489848808072
2025-08,0,0.32779097387173395,2.83,1.38,0.31899795,0.3960949830260784
2025-08,1,0.5695538057742783,1.64,2.17,0.6849586,0.6178443664973831
2025-08,1,0.5358090185676393,1.75,2.02,0.42077178,0.5323424813819035
2025-08,0,0.4880000000000001,1.92,1.83,0.45014685,0.4570450986671849
2025-08,0,0.39641943734015345,2.36,1.55,0.39553076,0.4668314430103111
2025-08,1,0.6055979643765903,1.55,2.38,0.5544547,0.569257113083361
2025-08,1,0.5437665782493368,1.72,2.05,0.5225741,0.5543984612425746
2025-08,0,0.4109947643979057,2.25,1.57,0.5038047,0.5213137948513875
2025-08,0,0.5319148936170213,1.76,2.0,0.47728246,0.5259840200493507
2025-08,1,0.582901554404145,1.61,2.25,0.5521872,0.564835749898877
2025-08,0,0.4447368421052632,2.11,1.69,0.5293573,0.5294768598942078
2025-08,1,0.6212121212121211,1.5,2.46,0.6442217,0.5754379552965068
2025-08,1,0.6910755148741418,1.35,3.02,0.67395085,0.6399994394893597
2025-08,1,0.4596774193548387,2.01,1.71,0.4868825,0.5110583352699349
2025-08,0,0.4576719576719577,2.05,1.73,0.405413,0.48726515274890153
2025-08,0,0.46684350132625996,2.01,1.76,0.5845446,0.6029758492318051
2025-08,1,0.4826666666666667,1.94,1.81,0.63966066,0.6298413451359968
2025-08,0,0.5212765957446808,1.8,1.96,0.5441548,0.5850545418435611
2025-08,0,0.4376657824933686,2.12,1.65,0.43781814,0.47498671998405906
2025-08,0,0.39845758354755784,2.34,1.55,0.46801695,0.5071378911719746
2025-08,1,0.5146666666666666,1.82,1.93,0.5946286,0.6032179030596079
2025-08,0,0.4986666666666667,1.88,1.87,0.5577049,0.5170185281170268
2025-08,0,0.4946524064171124,1.89,1.85,0.44642964,0.5222938003875155
2025-08,0,0.5292553191489361,1.77,1.99,0.5575782,0.5650992580370915
2025-08,0,0.6221662468513854,1.5,2.47,0.6262723,0.592002780568464
2025-08,0,0.47340425531914887,1.98,1.78,0.47847924,0.5168338817305873
2025-08,0,0.46153846153846156,2.03,1.74,0.44937962,0.48206084948899725
2025-08,0,0.5256064690026954,1.76,1.95,0.5894202,0.5633256501506207
2025-08,1,0.5695538057742783,1.64,2.17,0.59166443,0.596543986533564
2025-08,1,0.41298701298701296,2.26,1.59,0.38041797,0.47447351557940437
2025-08,0,0.5818181818181818,1.61,2.24,0.44309622,0.5160094747749469
2025-08,0,0.544973544973545,1.72,2.06,0.4463578,0.49145505058302263
2025-08,0,0.5593667546174144,1.67,2.12,0.5314222,0.5538925098589629
2025-08,0,0.448,2.07,1.68,0.4254276,0.4760380253065126
2025-08,1,0.5514511873350924,1.7,2.09,0.5236138,0.5624042494052636
2025-08,0,0.4383202099737532,2.14,1.67,0.371234,0.41527011641300593
2025-08,0,0.42931937172774864,2.18,1.64,0.4703761,0.5036151891747166
2025-08,1,0.5188172043010751,1.79,1.93,0.59652185,0.6138440727470378
2025-08,1,0.5578947368421052,1.68,2.12,0.53840524,0.5334987662134196
2025-08,1,0.6136363636363636,1.53,2.43,0.61643434,0.6412318787377513
2025-08,1,0.36724565756823824,2.55,1.48,0.37992162,0.4719011093580023
2025-08,1,0.4679144385026738,1.99,1.75,0.4588708,0.5080730812226025
2025-08,0,0.5066666666666666,1.85,1.9,0.49769562,0.5722199725190205
2025-08,1,0.4603174603174603,2.04,1.74,0.35168308,0.4403557318150105
2025-08,0,0.41818181818181815,2.24,1.61,0.47536796,0.4945725061255798
2025-08,1,0.4932249322493225,1.87,1.82,0.5653103,0.5487855388388226
2025-08,0,0.4656084656084655,2.02,1.76,0.65101093,0.5941221218673358
2025-08,1,0.5212765957446808,1.8,1.96,0.5181083,0.5797808349030925
2025-08,0,0.48010610079575594,1.96,1.81,0.3893619,0.43969621255068214
2025-08,1,0.33096926713947994,2.83,1.4,0.40117496,0.46717628609240003
2025-08,0,0.4323607427055703,2.14,1.63,0.41014147,0.47167697522051755
2025-08,0,0.5639686684073107,1.67,2.16,0.574021,0.5701690497944681
2025-08,1,0.6071428571428571,1.54,2.38,0.6075865,0.5818503544640106
2025-08,0,0.6690307328605202,1.4,2.83,0.8393672,0.7722775430303536
2025-08,1,0.6370370370370371,1.47,2.58,0.6003245,0.6001844297355909
2025-08,0,0.625,1.5,2.5,0.5534858,0.5920851580316471
2025-08,0,0.6071428571428571,1.54,2.38,0.6084051,0.5844787487017316
2025-08,1,0.4588859416445623,2.04,1.73,0.57764655,0.5716312137461284
2025-08,1,0.5680628272251308,1.65,2.17,0.6882986,0.6720146456932291
2025-08,1,0.43193717277486904,2.17,1.65,0.45826426,0.49129419507687716
2025-08,0,0.44063324538258575,2.12,1.67,0.489571,0.5227370485816669
2025-08,1,0.5121293800539084,1.81,1.9,0.4700702,0.5190482814113937
2025-08,1,0.5053475935828876,1.85,1.89,0.5955231,0.6016746738563629
2025-08,0,0.4192708333333333,2.23,1.61,0.4296124,0.46446596410385843
2025-08,0,0.53315649867374,1.76,2.01,0.54640365,0.5547347047966298
2025-08,0,0.5039999999999999,1.86,1.89,0.3837081,0.517640751370506
2025-08,1,0.7098901098901099,1.32,3.23,0.70002687,0.6872507114549817
2025-08,0,0.3838383838383838,2.44,1.52,0.49709612,0.5151226455379244
2025-08,0,0.48247978436657685,1.92,1.79,0.4431383,0.5471747140424886
2025-08,0,0.4368421052631579,2.14,1.66,0.5186165,0.5127756176657655
2025-08,0,0.46276595744680854,2.02,1.74,0.516811,0.5390471434219452
2025-08,0,0.526595744680851,1.78,1.98,0.4370348,0.4358788485396511
2025-08,0,0.4760638297872341,1.97,1.79,0.52935755,0.5444962314343496
2025-08,1,0.6,1.56,2.34,0.5964934,0.5752778146632409
2025-08,1,0.6096938775510204,1.53,2.39,0.7756537,0.7187312377092219
2025-08,0,0.5403225806451611,1.71,2.01,0.5594101,0.61253254362578
2025-08,0,0.4680851063829787,2.0,1.76,0.4570794,0.48849078653298833
2025-08,1,0.596401028277635,1.57,2.32,0.52169526,0.5551514541515055
2025-08,1,0.4840425531914894,1.94,1.82,0.5923552,0.5669178405604716
2025-08,0,0.544973544973545,1.72,2.06,0.5763199,0.5865855897722025
2025-08,0,0.5593667546174144,1.67,2.12,0.45022446,0.5395724859393158
2025-08,1,0.4623655913978494,2.0,1.72,0.4873394,0.5196800419316396
2025-08,1,0.37468354430379747,2.47,1.48,0.41872755,0.48974787124483365
2025-08,1,0.5807291666666666,1.61,2.23,0.54094803,0.5333160041424148
2025-08,1,0.4880000000000001,1.92,1.83,0.6591885,0.594211680209767
2025-08,1,0.5066666666666666,1.85,1.9,0.5516466,0.5758449575788347
2025-08,0,0.5435356200527705,1.73,2.06,0.67692035,0.6627738340601028
2025-08,1,0.6293532338308457,1.49,2.53,0.5116968,0.5636085546572808
2025-08,0,0.41085271317829464,2.28,1.59,0.47095704,0.4844671646063923
2025-08,0,0.41666666666666663,2.24,1.6,0.51112545,0.543399857602071
2025-08,1,0.43044619422572183,2.17,1.64,0.494948,0.5172060878451005
2025-08,1,0.4760638297872341,1.97,1.79,0.5706331,0.5832509819471974
2025-08,0,0.42036553524804177,2.22,1.61,0.39225483,0.47928525077612183
2025-08,0,0.42216358839050133,2.19,1.6,0.39257202,0.4484354629174391
2025-08,1,0.4813829787234043,1.95,1.81,0.45494613,0.5067481273045606
2025-08,1,0.5818181818181818,1.61,2.24,0.572982,0.5759470622402414
2025-08,1,0.5093333333333333,1.84,1.91,0.37676468,0.43354823239198503
2025-08,0,0.6106870229007634,1.53,2.4,0.6057597,0.6187988787477601
2025-08,0,0.6602409638554217,1.41,2.74,0.67191994,0.6670833421226668
2025-08,1,0.42216358839050133,2.19,1.6,0.28582639,0.40652094490337365
2025-09,1,0.3582089552238806,2.58,1.44,0.38344592,0.4359925313328824
2025-09,1,0.4109947643979057,2.25,1.57,0.4786852,0.4794784744397018
2025-09,1,0.448,2.07,1.68,0.3471982,0.44318010297094723
2025-09,1,0.5800524934383202,1.6,2.21,0.6535199,0.6671220155485809
2025-09,0,0.44533333333333336,2.08,1.67,0.4739965,0.5159202580581663
2025-09,0,0.4414893617021276,2.1,1.66,0.38896543,0.47582472355487765
2025-09,1,0.4146981627296588,2.23,1.58,0.46131247,0.49788061891733937
2025-09,1,0.38071065989847713,2.44,1.5,0.403797,0.46639193159888537
2025-09,0,0.38618925831202044,2.4,1.51,0.37189117,0.438451778715401
2025-09,1,0.40519480519480516,2.29,1.56,0.45340267,0.48918445751247486
2025-09,0,0.3979328165374677,2.33,1.54,0.5056106,0.5155988355467747
2025-09,1,0.5837696335078534,1.59,2.23,0.58612144,0.595100856825637
2025-09,0,0.40992167101827676,2.26,1.57,0.37014216,0.438255039390878
2025-09,1,0.6538461538461539,1.44,2.72,0.6496449,0.5902591033998879
2025-09,1,0.48118279569892475,1.93,1.79,0.45541644,0.46939514535465454
2025-09,1,0.6397058823529411,1.47,2.61,0.6867483,0.6394157531300726
2025-09,1,0.43229166666666663,2.18,1.66,0.4335023,0.4836007332019593
2025-09,1,0.5552631578947369,1.69,2.11,0.5833675,0.5463330797492634
2025-09,0,0.34382566585956414,2.71,1.42,0.28927553,0.4035093948000202
2025-09,0,0.4244791666666667,2.21,1.63,0.31367964,0.3947976401466995
2025-09,0,0.5755208333333334,1.63,2.21,0.55414927,0.5633136749988406
2025-09,0,0.6311881188118812,1.49,2.55,0.60872155,0.5997329643959628
2025-09,1,0.5917312661498708,1.58,2.29,0.60493344,0.5731599191756518
2025-09,1,0.5053191489361702,1.86,1.9,0.48609376,0.5239596654675447
2025-09,1,0.526595744680851,1.78,1.98,0.6576458,0.609416000440689
2025-09,0,0.5396825396825397,1.74,2.04,0.529304,0.5048628394508001
2025-09,0,0.47340425531914887,1.98,1.78,0.44489592,0.4851284588993412
2025-09,0,0.4511873350923483,2.08,1.71,0.467968,0.4965860336300127
2025-09,0,0.4656084656084655,2.02,1.76,0.5584863,0.5322470916417111
2025-09,1,0.5616797900262467,1.67,2.14,0.5057696,0.5202354879839521
2025-09,1,0.5411140583554377,1.73,2.04,0.6381798,0.6128580974604807
2025-09,0,0.37626262626262624,2.47,1.49,0.39745933,0.4442195626857067
2025-09,1,0.39230769230769225,2.37,1.53,0.4235204,0.4474097167373967
2025-09,0,0.5053191489361702,1.86,1.9,0.49658865,0.5004740153770286
2025-09,1,0.42558746736292424,2.2,1.63,0.53522533,0.5208311514163211
2025-09,1,0.5343915343915343,1.76,2.02,0.5476801,0.5566049076541935
2025-09,1,0.779816513761468,1.2,4.25,0.8076687,0.7060050310888362
2025-09,0,0.35308641975308636,2.62,1.43,0.46825773,0.4798677275981242
2025-09,0,0.42297650130548303,2.21,1.62,0.40238348,0.4037980891860593
2025-09,1,0.4035989717223651,2.32,1.57,0.47679347,0.47845104794504256
2025-09,1,0.5538057742782152,1.7,2.11,0.5082154,0.5212245518676037
2025-09,0,0.5514511873350924,1.7,2.09,0.49461755,0.5378329395745968
2025-09,1,0.5027027027027027,1.84,1.86,0.40248233,0.47793349383775596
2025-09,1,0.6161616161616161,1.52,2.44,0.56986505,0.5483125848890695
2025-09,0,0.47074468085106375,1.99,1.77,0.5150652,0.5136765966142576
2025-09,1,0.4878706199460916,1.9,1.81,0.37226894,0.4786282849654118
2025-09,0,0.5476190476190476,1.71,2.07,0.43547964,0.4800923477456289
2025-09,1,0.5358090185676393,1.75,2.02,0.46543282,0.48825327278439673
2025-09,0,0.41085271317829464,2.28,1.59,0.46231812,0.49398381564814126
2025-09,0,0.6161616161616161,1.52,2.44,0.67389274,0.6678328684706111
2025-09,1,0.526595744680851,1.78,1.98,0.47815895,0.5091829223729792
2025-09,1,0.4588859416445623,2.04,1.73,0.52633023,0.5566857845751738
2025-09,1,0.5241935483870968,1.77,1.95,0.51988614,0.5487059018252973
2025-09,1,0.47074468085106375,1.99,1.77,0.45928234,0.5146772924926789
2025-09,0,0.5319148936170213,1.76,2.0,0.4919218,0.5035976080972431
2025-09,1,0.5396825396825397,1.74,2.04,0.53407305,0.5326247510055773
2025-09,0,0.46153846153846156,2.03,1.74,0.45373973,0.48830451299022937
2025-09,0,0.6938775510204082,1.35,3.06,0.7589692,0.6735792821983317
2025-09,1,0.6055979643765903,1.55,2.38,0.67547804,0.5910752049711401
2025-09,1,0.6327543424317617,1.48,2.55,0.65146583,0.6449374169394537
2025-09,0,0.5106382978723405,1.84,1.92,0.40778142,0.46271635247218657
2025-09,0,0.421875,2.22,1.62,0.46649966,0.48898046524562505
2025-09,1,0.38071065989847713,2.44,1.5,0.4627967,0.5211810565079014
2025-09,1,0.5519999999999999,1.68,2.07,0.571008,0.5902100424227406
2025-09,0,0.49066666666666664,1.91,1.84,0.49846286,0.4711457544097897
2025-09,1,0.5358090185676393,1.75,2.02,0.63518345,0.6005527669170001
2025-09,1,0.7133479212253829,1.31,3.26,0.6587019,0.5918591837960143
2025-09,0,0.40992167101827676,2.26,1.57,0.4227651,0.49722420384754173
2025-09,0,0.41818181818181815,2.24,1.61,0.34415713,0.42682059059596955
2025-09,0,0.47708894878706204,1.94,1.77,0.46894875,0.523122805758603
2025-09,0,0.4511873350923483,2.08,1.71,0.5285338,0.506950471359671
2025-09,1,0.41666666666666663,2.24,1.6,0.49896994,0.5348226699205355
2025-09,1,0.4312169312169312,2.15,1.63,0.4049603,0.4441395670827468
2025-09,0,0.5526315789473685,1.7,2.1,0.6585076,0.6194539790578757
2025-09,0,0.5411140583554377,1.73,2.04,0.45131406,0.4872631622576411
2025-09,1,0.3688118811881188,2.55,1.49,0.30790585,0.3809119133790855
2025-09,1,0.5278514588859416,1.78,1.99,0.52458435,0.5475766417167878
2025-09,1,0.5891472868217055,1.59,2.28,0.63912773,0.5876632999015898
2025-09,1,0.5,1.87,1.87,0.55085814,0.5764915897255072
2025-09,1,0.39185750636132316,2.39,1.54,0.40839347,0.42796484160023246
2025-09,1,0.7222222222222222,1.3,3.38,0.6819186,0.6768985241992485
2025-09,1,0.4986666666666667,1.88,1.87,0.56906915,0.56912410894435
2025-09,1,0.5305039787798408,1.77,2.0,0.54900897,0.5528347368092366
2025-09,1,0.5854922279792746,1.6,2.26,0.5880392,0.5692772797017462
2025-09,1,0.4748010610079576,1.98,1.79,0.440978,0.49258090774810226
2025-09,1,0.421875,2.22,1.62,0.4323593,0.4508855849090332
2025-09,1,0.5729166666666667,1.64,2.2,0.53381795,0.5369708842223017
2025-09,0,0.4840425531914894,1.94,1.82,0.5892981,0.5690430322937281
2025-09,1,0.5596816976127321,1.66,2.11,0.52886105,0.5688341285272656
2025-09,0,0.6783216783216783,1.38,2.91,0.56451,0.5863385865887158
2025-09,1,0.47340425531914887,1.98,1.78,0.54020154,0.5304688868884833
2025-09,0,0.42931937172774864,2.18,1.64,0.3410453,0.4111102456820347
2025-09,1,0.5345744680851062,1.75,2.01,0.44301587,0.4979942644114694
2025-09,1,0.6045918367346939,1.55,2.37,0.57918376,0.5893887765243446
2025-09,1,0.596401028277635,1.57,2.32,0.6483937,0.5887641995883298
2025-09,0,0.4025974025974026,2.3,1.55,0.39172596,0.44551732453152126
2025-09,1,0.39285714285714285,2.38,1.54,0.43762952,0.4679929777210432
2025-09,0,0.44680851063829785,2.08,1.68,0.42395076,0.47888781596744673
2025-09,1,0.5517241379310345,1.69,2.08,0.55783886,0.5720402931036235
2025-09,1,0.4721485411140583,1.99,1.78,0.50624657,0.49400424040401236
2025-09,0,0.3974358974358974,2.35,1.55,0.4459722,0.43276485843163504
2025-09,1,0.5188172043010751,1.79,1.93,0.5532235,0.6017471562545451
2025-09,1,0.49336870026525204,1.91,1.86,0.47917184,0.5161224078461948
2025-09,1,0.5253333333333333,1.78,1.97,0.5380695,0.5434703170175289
2025-09,0,0.4281984334203655,2.19,1.64,0.44571748,0.4865396955329836
2025-09,0,0.46276595744680854,2.02,1.74,0.42613092,0.4787272561670878
2025-09,0,0.4312169312169312,2.15,1.63,0.32054758,0.42938610606397615
2025-09,1,0.43569553805774275,2.15,1.66,0.60124755,0.581823939320834
2025-09,0,0.4485488126649077,2.09,1.7,0.49713165,0.46121939392103006
2025-09,0,0.5225464190981433,1.8,1.97,0.45714808,0.46796678432327155
2025-09,1,0.5306666666666666,1.76,1.99,0.6231725,0.5929243240829898
2025-09,0,0.41818181818181815,2.24,1.61,0.45350528,0.522612290525385
2025-09,1,0.5917312661498708,1.58,2.29,0.47179675,0.5124065940861757
2025-09,0,0.4946236559139785,1.88,1.84,0.41756845,0.471434726805042
2025-09,0,0.43569553805774275,2.15,1.66,0.5312212,0.5583208338656405
2025-09,0,0.49066666666666664,1.91,1.84,0.52566075,0.5453597251293021
2025-09,1,0.6836027713625867,1.37,2.96,0.7298106,0.6163835153040204
2025-09,0,0.47200000000000003,1.98,1.77,0.41322774,0.47863355201302293
2025-09,0,0.6537530266343825,1.43,2.7,0.6989115,0.6600576960228867
2025-09,0,0.5305039787798408,1.77,2.0,0.5395621,0.5130450517883524
2025-09,1,0.4485488126649077,2.09,1.7,0.5296654,0.5303631532523572
2025-09,1,0.4263157894736842,2.18,1.62,0.5210369,0.517387475919997
2025-09,0,0.3665835411471321,2.54,1.47,0.3811395,0.4321335619068948
2025-09,0,0.36724565756823824,2.55,1.48,0.47608384,0.49275328525436873
2025-09,0,0.6496350364963503,1.44,2.67,0.70017403,0.6461896651649405
2025-09,1,0.6051282051282051,1.54,2.36,0.51085275,0.5075647799735821
2025-09,1,0.5623342175066313,1.65,2.12,0.5679627,0.5985209655083805
2025-09,1,0.6116751269035533,1.53,2.41,0.578735,0.5502258548832324
2025-09,0,0.6196473551637279,1.51,2.46,0.65909517,0.6182149894126447
2025-09,0,0.4005167958656331,2.32,1.55,0.46327677,0.5158763824618087
2025-09,1,0.526595744680851,1.78,1.98,0.4593783,0.4960911984286452
2025-09,0,0.5186170212765957,1.81,1.95,0.52268636,0.5224197901649175
2025-09,1,0.42597402597402595,2.21,1.64,0.35859942,0.42576949493632266
2025-09,1,0.65625,1.43,2.73,0.62118167,0.6097981485164456
2025-09,1,0.4840425531914894,1.94,1.82,0.4054237,0.48941531934001237
2025-09,0,0.2913907284768212,3.21,1.32,0.2503654,0.3427266881329494
2025-09,1,0.512,1.83,1.92,0.4478406,0.5064492625710166
2025-09,0,0.44327176781002636,2.11,1.68,0.6125641,0.6023006376647957
2025-09,0,0.4093264248704664,2.28,1.58,0.503904,0.5016080358210153
2025-09,1,0.6650717703349281,1.4,2.78,0.6359674,0.6067092947986096
2025-09,0,0.38520408163265296,2.41,1.51,0.36939925,0.4403345501000709
2025-09,1,0.8036912751677852,1.17,4.79,0.7481453,0.7105695771475353
2025-09,1,0.5423280423280423,1.73,2.05,0.59755933,0.551544567849851
2025-09,0,0.48010610079575594,1.96,1.81,0.44072303,0.5164559930193333
2025-09,1,0.5751295336787565,1.64,2.22,0.627729,0.5799081222834358
2025-09,0,0.3838383838383838,2.44,1.52,0.29720455,0.4063242804966389
2025-09,0,0.5066666666666666,1.85,1.9,0.5598404,0.5454980460730057
2025-09,0,0.6206030150753769,1.51,2.47,0.56099176,0.5569148616182824
2025-09,1,0.5106382978723405,1.84,1.92,0.5491909,0.5679415964320143
2025-09,1,0.5384615384615384,1.74,2.03,0.60281986,0.6113154365822695
2025-09,0,0.5974358974358973,1.57,2.33,0.5387616,0.5481651562247212
2025-09,1,0.657074340527578,1.43,2.74,0.65052456,0.5938339102450487
2025-09,1,0.5461741424802111,1.72,2.07,0.607172,0.5698351942453632
2025-09,1,0.5902061855670103,1.59,2.29,0.51963776,0.5158443856519193
2025-09,1,0.48010610079575594,1.96,1.81,0.5071882,0.48628895382977516
2025-09,1,0.5631578947368422,1.66,2.14,0.54073095,0.5670964352862009
2025-09,1,0.6186868686868687,1.51,2.45,0.49139428,0.5033313055876482
2025-09,0,0.4760638297872341,1.97,1.79,0.55822307,0.5580707238737542
2025-09,1,0.5826771653543307,1.59,2.22,0.5522615,0.5722997944538479
2025-09,1,0.6336633663366337,1.48,2.56,0.67747337,0.6663246115390623
2025-09,0,0.47745358090185674,1.97,1.8,0.44813275,0.45822995281996076
2025-09,0,0.3413461538461538,2.74,1.42,0.49360505,0.4966229333491727
2025-09,1,0.4562334217506631,2.05,1.72,0.37424546,0.4353135888097529
2025-09,0,0.53315649867374,1.76,2.01,0.5064491,0.5171855031948087
2025-09,0,0.5602094240837696,1.68,2.14,0.60899866,0.5761139802046376
2025-09,0,0.4880000000000001,1.92,1.83,0.50713,0.5156291149102198
2025-09,0,0.4905660377358491,1.89,1.82,0.5215633,0.5401641163770063
2025-09,0,0.7249466950959489,1.29,3.4,0.7626096,0.6281207067558543
2025-09,1,0.4523809523809524,2.07,1.71,0.3674807,0.4256473829266644
2025-09,0,0.4932614555256065,1.88,1.83,0.44149846,0.4988604440429038
2025-09,0,0.445910290237467,2.1,1.69,0.4129715,0.48386482504419626
2025-09,1,0.4447368421052632,2.11,1.69,0.55760854,0.5206647610047431
2025-09,0,0.5917312661498708,1.58,2.29,0.6465978,0.6231996360710048
2025-09,0,0.4170984455958549,2.25,1.61,0.43618083,0.49365164051706334
2025-09,0,0.4511873350923483,2.08,1.71,0.38635913,0.440686629361803
2025-09,0,0.5906735751295337,1.58,2.28,0.52354366,0.5511102622300645
2025-09,1,0.3684210526315789,2.52,1.47,0.47114092,0.5033071703501832
2025-09,1,0.43044619422572183,2.17,1.64,0.40831208,0.44616316922141275
2025-09,0,0.4162303664921466,2.23,1.59,0.42721978,0.46652372148350557
2025-09,0,0.4787234042553191,1.96,1.8,0.45217696,0.48510333115712945
2025-09,0,0.4813829787234043,1.95,1.81,0.56065214,0.5490084309998587
2025-09,0,0.5398936170212765,1.73,2.03,0.6029032,0.5599623113963547
2025-09,1,0.6116751269035533,1.53,2.41,0.60652506,0.6046489447864071
2025-09,1,0.4511873350923483,2.08,1.71,0.5018629,0.4917543928291076
2025-09,1,0.37157107231920194,2.52,1.49,0.418755,0.4361565757448249
2025-09,1,0.7133479212253829,1.31,3.26,0.747687,0.6726526210268646
2025-09,1,0.4905660377358491,1.89,1.82,0.544787,0.5817960578732275
2025-09,0,0.5054054054054055,1.83,1.87,0.35561448,0.4509262164343831
2025-09,0,0.5253333333333333,1.78,1.97,0.53399885,0.5772617598140019
2025-09,0,0.5476190476190476,1.71,2.07,0.5851437,0.5864910945590623
2025-09,1,0.44210526315789467,2.12,1.68,0.57708275,0.5499388617081191
2025-09,0,0.40414507772020725,2.3,1.56,0.38104424,0.42265902166655256
2025-09,0,0.49732620320855614,1.88,1.86,0.39104018,0.4753403735428114
2025-09,1,0.4281984334203655,2.19,1.64,0.32065818,0.42967167090823727
2025-09,0,0.49729729729729727,1.86,1.84,0.46461815,0.5088094906604731
2025-09,1,0.40826873385012924,2.29,1.58,0.44955745,0.4817329315739084
2025-09,0,0.49202127659574474,1.91,1.85,0.5816604,0.5540995641032262
2025-09,1,0.44708994708994704,2.09,1.69,0.47021383,0.5026399452887284
2025-10,0,0.3943298969072165,2.35,1.53,0.38461283,0.4631479389641616
2025-10,0,0.6126582278481012,1.53,2.42,0.54904604,0.5958265674815566
2025-10,0,0.5578947368421052,1.68,2.12,0.500624,0.5525302855581449
2025-10,0,0.421875,2.22,1.62,0.27141654,0.378584536461008
2025-10,1,0.48941798941798953,1.93,1.85,0.45401487,0.47437120242645414
2025-10,1,0.2984409799554566,3.15,1.34,0.43850356,0.4490825237945153
2025-10,1,0.5,1.89,1.89,0.48504955,0.498539492484202
2025-10,0,0.4281984334203655,2.19,1.64,0.47441167,0.5352298478267143
2025-10,0,0.4383202099737532,2.14,1.67,0.3052039,0.4016377518656048
2025-10,1,0.45502645502645506,2.06,1.72,0.5489451,0.5567314671868165
2025-10,0,0.6902050113895215,1.36,3.03,0.6390886,0.6389365420901766
2025-10,0,0.5384615384615384,1.74,2.03,0.5993044,0.6300968691124877
2025-10,0,0.5358090185676393,1.75,2.02,0.53615344,0.5811770116664962
2025-10,1,0.5514511873350924,1.7,2.09,0.57707995,0.5893733791240294
2025-10,0,0.6190476190476191,1.52,2.47,0.68392324,0.6184577511912717
2025-10,0,0.574025974025974,1.64,2.21,0.6086747,0.5532756130364482
2025-10,1,0.4880000000000001,1.92,1.83,0.50391436,0.5231108669888906
2025-10,0,0.5322580645161289,1.74,1.98,0.6053895,0.600787789708275
2025-10,1,0.5880829015544041,1.59,2.27,0.6159036,0.5698289431045087
2025-10,1,0.6370370370370371,1.47,2.58,0.58465135,0.5838918954815293
2025-10,1,0.30158730158730157,3.08,1.33,0.30620065,0.3725373632330441
2025-10,1,0.42857142857142855,2.16,1.62,0.41370955,0.460114086967646
2025-10,1,0.6136363636363636,1.53,2.43,0.6185528,0.566870795908359
2025-10,1,0.7344398340248962,1.28,3.54,0.65604657,0.6916335849233772
2025-10,1,0.43044619422572183,2.17,1.64,0.46446198,0.4930375260817095
2025-10,0,0.5013333333333333,1.87,1.88,0.537989,0.518984497544505
2025-10,0,0.5384615384615384,1.74,2.03,0.61763895,0.5908014144805692
2025-10,1,0.6737089201877935,1.39,2.87,0.52096236,0.5650201909825493
2025-10,1,0.4611260053619303,2.01,1.72,0.41910738,0.4508894554021599
2025-10,1,0.5186170212765957,1.81,1.95,0.55936676,0.5488425184022847
2025-10,0,0.4145077720207254,2.26,1.6,0.47490102,0.49700355629365933
2025-10,1,0.35872235872235875,2.61,1.46,0.41176844,0.4231978896919457
2025-10,0,0.4704301075268817,1.97,1.75,0.44748396,0.5001281585508881
2025-10,1,0.4960212201591513,1.9,1.87,0.5902722,0.5387007348153897
2025-10,0,0.5145888594164455,1.83,1.94,0.5391144,0.5469559425321786
2025-10,1,0.4285714285714286,2.2,1.65,0.4739173,0.4790889377796562
2025-10,1,0.46276595744680854,2.02,1.74,0.50642794,0.516341340773388
2025-10,0,0.5564304461942258,1.69,2.12,0.46247357,0.4730650845616593
2025-10,1,0.5292553191489361,1.77,1.99,0.4473547,0.497871851363107
2025-10,1,0.42931937172774864,2.18,1.64,0.43896598,0.45035333496789
2025-10,0,0.642156862745098,1.46,2.62,0.6851056,0.6593754063483412
2025-10,1,0.5519999999999999,1.68,2.07,0.5740367,0.6077392941531421
2025-10,1,0.6713947990543735,1.39,2.84,0.5081324,0.5618147277260412
2025-10,1,0.4760638297872341,1.97,1.79,0.4863738,0.48215332938139327
2025-10,1,0.6081424936386769,1.54,2.39,0.6078405,0.5896350525371021
2025-10,1,0.48,1.95,1.8,0.46382546,0.4952727850385604
2025-10,0,0.6010230179028133,1.56,2.35,0.5406682,0.5510338198530036
2025-10,1,0.554089709762533,1.69,2.1,0.6641558,0.6170800505356835
2025-10,1,0.4233766233766234,2.22,1.63,0.53645,0.5496786138439416
2025-10,0,0.44708994708994704,2.09,1.69,0.5076176,0.5472890903929861
2025-10,0,0.43007915567282323,2.16,1.63,0.4511904,0.47671108243544585
2025-10,1,0.5054054054054055,1.83,1.87,0.5302265,0.5638551169839205
2025-10,1,0.5226666666666666,1.79,1.96,0.5145281,0.5388843193270878
2025-10,0,0.5526315789473685,1.7,2.1,0.6169648,0.6160373393739005
2025-10,0,0.4562334217506631,2.05,1.72,0.5525034,0.5482894435471037
2025-10,0,0.5631578947368422,1.66,2.14,0.62703323,0.5880242727002629
2025-10,0,0.5226666666666666,1.79,1.96,0.42328396,0.4938148140317406
2025-10,0,0.4109947643979057,2.25,1.57,0.3791111,0.40373925039827085
2025-10,0,0.4878706199460916,1.9,1.81,0.44121295,0.49948779540551513
2025-10,0,0.39331619537275064,2.36,1.53,0.3599109,0.40016051476422976
2025-10,0,0.35891089108910884,2.59,1.45,0.27860224,0.3572332912394688
2025-10,1,0.45454545454545453,2.04,1.7,0.45928654,0.5182620886298949
2025-10,1,0.5121293800539084,1.81,1.9,0.47080287,0.5094739413690526
2025-10,0,0.5161290322580646,1.8,1.92,0.4614903,0.49271359789271
2025-10,1,0.5493333333333332,1.69,2.06,0.6320328,0.6633868114930688
2025-10,0,0.5241935483870968,1.77,1.95,0.47836375,0.49664595204002926
2025-10,0,0.3564356435643564,2.6,1.44,0.44686943,0.41257204121090757
2025-10,0,0.35891089108910884,2.59,1.45,0.37589532,0.4381236541162587
2025-10,1,0.41994750656167984,2.21,1.6,0.43050736,0.47637488116914667
2025-10,0,0.5108108108108108,1.81,1.89,0.40577954,0.46615369667899503
2025-10,0,0.45599999999999996,2.04,1.71,0.42495418,0.4864480018100924
2025-10,1,0.5132978723404255,1.83,1.93,0.54009783,0.5799945464346428
2025-10,1,0.6529126213592232,1.43,2.69,0.7688815,0.6542807206432435
2025-10,0,0.374064837905237,2.51,1.5,0.4540735,0.5197503724958018
2025-10,1,0.5590551181102362,1.68,2.13,0.5128437,0.5060501566659592
2025-10,1,0.43044619422572183,2.17,1.64,0.391519,0.4619496308674224
2025-10,0,0.40102827763496146,2.33,1.56,0.33421043,0.41884856330478604
2025-10,0,0.42931937172774864,2.18,1.64,0.2868541,0.3978586581738029
2025-10,1,0.5654450261780105,1.66,2.16,0.6134869,0.6188511647407311
2025-10,1,0.5372340425531915,1.74,2.02,0.6043938,0.5997884194544869
2025-10,0,0.5953608247422681,1.57,2.31,0.5891191,0.603510971940459
2025-10,1,0.6945701357466064,1.35,3.07,0.6003794,0.6165726300599697
2025-10,1,0.5906735751295337,1.58,2.28,0.65446794,0.6229730427862359
2025-10,1,0.5106382978723405,1.84,1.92,0.50343215,0.5009856852116948
2025-10,0,0.5564304461942258,1.69,2.12,0.56649625,0.5428013117932975
2025-10,0,0.3863636363636363,2.43,1.53,0.46950755,0.473194814386798
2025-10,0,0.42708333333333337,2.2,1.64,0.4849134,0.48694026193899953
2025-10,1,0.49071618037135284,1.92,1.85,0.5561961,0.5419165317093839
2025-10,0,0.40992167101827676,2.26,1.57,0.39427516,0.4421251137501791
2025-10,1,0.7524950099800399,1.24,3.77,0.7582587,0.6997631662213446
2025-10,1,0.5384615384615384,1.74,2.03,0.5564772,0.557743859260871
2025-10,0,0.4383202099737532,2.14,1.67,0.49843445,0.5319293205211825
2025-10,1,0.43007915567282323,2.16,1.63,0.39471808,0.45115365606464014
2025-10,0,0.49734042553191493,1.89,1.87,0.48804587,0.4902269114590922
2025-10,1,0.5669291338582677,1.65,2.16,0.4514696,0.5010671285684074
2025-10,1,0.7164502164502164,1.31,3.31,0.6283301,0.6546377562461396
2025-10,0,0.577023498694517,1.62,2.21,0.55893934,0.5376771415617214
2025-10,0,0.45502645502645506,2.06,1.72,0.54467726,0.5567705298204788
2025-10,0,0.5080213903743315,1.84,1.9,0.4744503,0.48263067692263684
2025-10,1,0.5880829015544041,1.59,2.27,0.634277,0.5893265234963161
2025-10,0,0.4523809523809524,2.07,1.71,0.484865,0.503432510180676
2025-10,0,0.40826873385012924,2.29,1.58,0.44223905,0.4605585567064453
2025-10,0,0.40625000000000006,2.28,1.56,0.44683188,0.4762076393940968
2025-10,1,0.5278514588859416,1.78,1.99,0.552166,0.517297139435937
2025-10,0,0.41818181818181815,2.24,1.61,0.38524267,0.4174270499370687
2025-10,0,0.3828715365239294,2.45,1.52,0.36287567,0.42722015831580507
2025-10,1,0.5669291338582677,1.65,2.16,0.5484833,0.5605357831721627
2025-10,1,0.5865633074935401,1.6,2.27,0.5635384,0.5699662515972947
2025-10,1,0.4414893617021276,2.1,1.66,0.55842507,0.5710659365475297
2025-10,0,0.4880000000000001,1.92,1.83,0.4537174,0.4983708319929793
2025-10,0,0.5763157894736841,1.61,2.19,0.35490713,0.4206182965967849
2025-10,1,0.5226666666666666,1.79,1.96,0.58893734,0.5589796635179956
2025-10,1,0.5013333333333333,1.87,1.88,0.48028833,0.516642147185421
2025-10,1,0.5066666666666666,1.85,1.9,0.55666494,0.5445727164651148
2025-10,1,0.5292553191489361,1.77,1.99,0.5758854,0.5942889704518786
2025-10,1,0.6545893719806762,1.43,2.71,0.6289086,0.597595124353286
2025-10,0,0.5278514588859416,1.78,1.99,0.54655397,0.5735144255278224
2025-10,0,0.5281501340482575,1.76,1.97,0.50422776,0.5633765994346387
2025-10,1,0.48930481283422456,1.91,1.83,0.43104774,0.4918159383318128
2025-10,1,0.5672823218997362,1.64,2.15,0.5586568,0.587752395988703
2025-10,0,0.5026737967914439,1.86,1.88,0.5695283,0.5311570966925708
2025-10,1,0.5132978723404255,1.83,1.93,0.50221443,0.5055569496807222
2025-10,0,0.4919786096256684,1.9,1.84,0.46473584,0.49259958402094134
2025-10,1,0.36567164179104483,2.55,1.47,0.36553943,0.3921714656488664
2025-10,1,0.35308641975308636,2.62,1.43,0.3947317,0.4060347712285016
2025-10,0,0.4308093994778067,2.18,1.65,0.41116685,0.4821954215677386
2025-10,0,0.39185750636132316,2.39,1.54,0.39126962,0.43602846879278795
2025-10,0,0.5079787234042553,1.85,1.91,0.4900821,0.512618240725371
2025-10,0,0.5590551181102362,1.68,2.13,0.5780366,0.6134405026087537
2025-10,0,0.3009049773755657,3.09,1.33,0.37448996,0.3761029732364314
2025-10,1,0.5411140583554377,1.73,2.04,0.5734288,0.5466529116920029
2025-10,1,0.5317460317460317,1.77,2.01,0.6442956,0.5503766091040894
2025-10,1,0.4631578947368421,2.04,1.76,0.46446687,0.47521148619494713
2025-10,1,0.48670212765957455,1.93,1.83,0.45270976,0.5068988770987984
2025-10,1,0.47074468085106375,1.99,1.77,0.55226004,0.5729899907669389
2025-10,0,0.40731070496083555,2.27,1.56,0.43975005,0.4696070963755583
2025-10,1,0.4308093994778067,2.18,1.65,0.3698924,0.43302043446094773
2025-10,0,0.4721485411140583,1.99,1.78,0.41111952,0.4572310254525251
2025-10,0,0.5839793281653746,1.61,2.26,0.6300653,0.6139353941500436
2025-10,1,0.744421906693712,1.26,3.67,0.67200786,0.674277013063133
2025-10,1,0.6513317191283292,1.44,2.69,0.4803651,0.5266346950217888
2025-10,1,0.6336633663366337,1.48,2.56,0.5131715,0.5528355874608466
2025-10,0,0.6010230179028133,1.56,2.35,0.56951267,0.6047537124370778
2025-10,1,0.5564304461942258,1.69,2.12,0.6114232,0.5441167686040044
2025-10,1,0.5092838196286471,1.85,1.92,0.47018665,0.4685322231327602
2025-10,1,0.5335120643431636,1.74,1.99,0.32706535,0.43883890299061523
2025-10,0,0.4523809523809524,2.07,1.71,0.44804192,0.4985215623645915
2025-10,0,0.37185929648241206,2.5,1.48,0.36879912,0.43759898110283957
2025-10,1,0.6454767726161369,1.45,2.64,0.53409344,0.5486405900004087
2025-10,1,0.4497354497354497,2.08,1.7,0.6611086,0.6273847935969705
2025-10,0,0.4005167958656331,2.32,1.55,0.41028056,0.4131586547935159
2025-10,0,0.3562653562653562,2.62,1.45,0.3929313,0.4249335234374618
2025-10,1,0.6136363636363636,1.53,2.43,0.5496472,0.5466895786719201
2025-10,0,0.6666666666666667,1.4,2.8,0.6676513,0.6279188663917561
2025-10,0,0.3979328165374677,2.33,1.54,0.36858934,0.43315140351011416
2025-10,0,0.5854922279792746,1.6,2.26,0.40962434,0.45763464525612046
2025-10,0,0.5173333333333333,1.81,1.94,0.5646802,0.5691959744540845
2025-10,0,0.5187165775401069,1.8,1.94,0.39052203,0.45537400080107543
2025-10,1,0.610126582278481,1.54,2.41,0.52441114,0.5202215577008951
2025-10,1,0.5596816976127321,1.66,2.11,0.522267,0.563053571865334
2025-10,1,0.5567282321899736,1.68,2.11,0.6273929,0.6057127718003941
2025-10,1,0.35539215686274506,2.63,1.45,0.4281807,0.47612983701040557
2025-10,0,0.44063324538258575,2.12,1.67,0.44411293,0.5058743977918876
2025-10,1,0.45721925133689845,2.03,1.71,0.4278798,0.5039566264446106
2025-10,1,0.4233766233766234,2.22,1.63,0.4514435,0.46332611794855627
2025-10,1,0.38131313131313127,2.45,1.51,0.26285905,0.380996263986892
2025-10,0,0.45502645502645506,2.06,1.72,0.43325382,0.47856095115136105
2025-10,1,0.5927835051546392,1.58,2.3,0.63038003,0.5786404057492345
2025-10,0,0.5447368421052632,1.73,2.07,0.55841476,0.5111455026647761
2025-10,0,0.5408970976253298,1.74,2.05,0.64437014,0.586573342141929
2025-10,0,0.5106382978723405,1.84,1.92,0.56789255,0.565731566305691
2025-10,0,0.544973544973545,1.72,2.06,0.6533821,0.6128281381103748
2025-10,1,0.7282377919320594,1.28,3.43,0.608035,0.6687071939133447
2025-10,0,0.42297650130548303,2.21,1.62,0.5114801,0.5292004012608051
2025-10,1,0.5502645502645503,1.7,2.08,0.5689664,0.5708403094422383
2025-10,0,0.4588859416445623,2.04,1.73,0.46837917,0.4886499639991181
2025-10,1,0.5974358974358973,1.57,2.33,0.6658884,0.6230681668439375
2025-10,1,0.49202127659574474,1.91,1.85,0.51178014,0.49450792768930646
2025-10,1,0.41818181818181815,2.24,1.61,0.48881692,0.48586886045298117
2025-10,0,0.5874673629242819,1.58,2.25,0.54063725,0.565864030875505
2025-10,1,0.43307086614173224,2.16,1.65,0.479714,0.5038107259708886
2025-10,0,0.4598930481283422,2.02,1.72,0.5103874,0.5470259431918019
2025-10,1,0.5567282321899736,1.68,2.11,0.5570281,0.5615044462164778
2025-10,0,0.42558746736292424,2.2,1.63,0.50079966,0.5268069018373819
2025-10,0,0.47849462365591405,1.94,1.78,0.49536952,0.5281087324111475
2025-10,0,0.3690773067331671,2.53,1.48,0.39160228,0.43360831022905155
2025-10,0,0.5213903743315508,1.79,1.95,0.4457972,0.4861471372660329
2025-10,0,0.433420365535248,2.17,1.66,0.39980936,0.4495122468273224
2025-10,0,0.49202127659574474,1.91,1.85,0.48865366,0.5164122093732497
2025-10,1,0.4562334217506631,2.05,1.72,0.5283404,0.4985031431685474
2025-10,1,0.44791666666666663,2.12,1.72,0.4733368,0.49168030729875883
2025-10,1,0.49336870026525204,1.91,1.86,0.5054599,0.5040580643064421
2025-10,0,0.5680628272251308,1.65,2.17,0.59860075,0.5822355209629966
2025-10,0,0.4880000000000001,1.92,1.83,0.38437113,0.45435032066316017
2025-10,0,0.5437665782493368,1.72,2.05,0.62240314,0.6189460451688729
2025-10,0,0.6658711217183771,1.4,2.79,0.61864036,0.6034555806636667
2025-10,1,0.554089709762533,1.69,2.1,0.66133994,0.602262841921078
2025-10,0,0.421875,2.22,1.62,0.49014744,0.5075765702491783
2025-10,0,0.3838383838383838,2.44,1.52,0.45038742,0.48595585521861334
2025-10,1,0.5631578947368422,1.66,2.14,0.54782504,0.5397807174581135
2025-10,1,0.5039999999999999,1.86,1.89,0.43804422,0.49229384170151563
2025-10,1,0.5306666666666666,1.76,1.99,0.5208381,0.5405021379473223
2025-10,1,0.5695538057742783,1.64,2.17,0.58702356,0.5323503794250951
2025-10,1,0.5880829015544041,1.59,2.27,0.60222596,0.5866603146038241
2025-10,1,0.4345549738219895,2.16,1.66,0.40834403,0.458941406796763
2025-10,0,0.42558746736292424,2.2,1.63,0.3555168,0.42387521581545645
2025-10,0,0.634567901234568,1.48,2.57,0.60886735,0.5991230756760408
2025-10,0,0.5911458333333334,1.57,2.27,0.53509676,0.563667612574893
2025-10,1,0.35609756097560974,2.64,1.46,0.31978825,0.41953577324668945
2025-11,1,0.5464190981432361,1.71,2.06,0.5117667,0.521388259761178
2025-11,0,0.5146666666666666,1.82,1.93,0.45665225,0.4965225860955766
2025-11,1,0.5053475935828876,1.85,1.89,0.511001,0.5600516597624967
2025-11,0,0.6045918367346939,1.55,2.37,0.61287117,0.5962014273020351
2025-11,0,0.6379310344827586,1.47,2.59,0.68173087,0.6600790514628527
2025-11,1,0.6618705035971223,1.41,2.76,0.608389,0.5992170315612857
2025-11,0,0.4497354497354497,2.08,1.7,0.4725923,0.5000403959989115
2025-11,1,0.433420365535248,2.17,1.66,0.4877718,0.49147705971288025
2025-11,1,0.5499999999999999,1.71,2.09,0.60179347,0.598653700784427
2025-11,1,0.5239361702127661,1.79,1.97,0.50503135,0.5062493275420552
2025-11,0,0.5423280423280423,1.73,2.05,0.49524182,0.4784880231121662
2025-11,0,0.5396825396825397,1.74,2.04,0.5339967,0.5436077896947874
2025-11,1,0.5906735751295337,1.58,2.28,0.5468805,0.5332069524814745
2025-11,1,0.4251968503937008,2.19,1.62,0.44625464,0.4925670471205308
2025-11,0,0.6931818181818181,1.35,3.05,0.667423,0.6411037588761723
2025-11,0,0.4345549738219895,2.16,1.66,0.64358157,0.5866099269048111
2025-11,0,0.5526315789473685,1.7,2.1,0.5828002,0.5330647538155449
2025-11,1,0.750499001996008,1.25,3.76,0.72134995,0.6829011724508015
2025-11,1,0.35049019607843135,2.65,1.43,0.34556404,0.39503114429981734
2025-11,1,0.3903061224489796,2.39,1.53,0.5113961,0.5099041393676351
2025-11,1,0.41253263707571797,2.25,1.58,0.34723848,0.40526357626629905
2025-11,0,0.647921760391198,1.44,2.65,0.5662881,0.5478164193147692
2025-11,1,0.49202127659574474,1.91,1.85,0.4592157,0.49623333792652025
2025-11,0,0.6161616161616161,1.52,2.44,0.6637102,0.5589723426272184
2025-11,1,0.489247311827957,1.9,1.82,0.47899333,0.5228991638156233
2025-11,1,0.6961451247165532,1.34,3.07,0.665503,0.6484227167993541
2025-11,0,0.5631578947368422,1.66,2.14,0.5214788,0.5333073336705945
2025-11,1,0.53315649867374,1.76,2.01,0.5435198,0.5535040546811052
2025-11,1,0.5240641711229947,1.78,1.96,0.5002134,0.5270512138277759
2025-11,0,0.4338624338624339,2.14,1.64,0.442514,0.4628306210995944
2025-11,1,0.41558441558441556,2.25,1.6,0.4023274,0.43772960922348103
2025-11,1,0.5654450261780105,1.66,2.16,0.58485556,0.5915708949706897
2025-11,1,0.5396825396825397,1.74,2.04,0.51392263,0.5162077182451298
2025-11,0,0.44210526315789467,2.12,1.68,0.38817596,0.4311712681260472
2025-11,1,0.5792207792207792,1.62,2.23,0.58239347,0.5834799754507582
2025-11,1,0.37688442211055284,2.48,1.5,0.35470396,0.42992040446512164
2025-11,0,0.42105263157894735,2.2,1.6,0.40190515,0.451347008771976
2025-11,0,0.48118279569892475,1.93,1.79,0.48842472,0.495353905384126
2025-11,0,0.5605263157894738,1.67,2.13,0.5639166,0.5835875392733998
2025-11,1,0.5669291338582677,1.65,2.16,0.47729477,0.5150456904669434
2025-11,0,0.49066666666666664,1.91,1.84,0.64137775,0.5955930060679511
2025-11,0,0.48533333333333345,1.93,1.82,0.40422025,0.4648567882971569
2025-11,1,0.6171284634760705,1.52,2.45,0.5973208,0.5552225673408987
2025-11,1,0.6096938775510204,1.53,2.39,0.5396262,0.5552289939809344
2025-11,1,0.3893129770992367,2.4,1.53,0.37168735,0.4107100729100513
2025-11,1,0.5401069518716577,1.72,2.02,0.5094838,0.5346689779659636
2025-11,1,0.7024608501118569,1.33,3.14,0.6317917,0.628772812480602
2025-11,0,0.5384615384615384,1.74,2.03,0.57410365,0.5503599159178885
2025-11,0,0.4244791666666667,2.21,1.63,0.4425521,0.46682176170980927
2025-11,1,0.5066666666666666,1.85,1.9,0.47875676,0.519160511819013
2025-11,0,0.4625668449197861,2.01,1.73,0.42963427,0.4917672007288688
2025-11,1,0.3893129770992367,2.4,1.53,0.496137,0.49931460121310367
2025-11,1,0.4376657824933686,2.12,1.65,0.3856275,0.43269382858478067
2025-11,0,0.48670212765957455,1.93,1.83,0.47743526,0.49553699761150516
2025-11,0,0.3893129770992367,2.4,1.53,0.47199637,0.5204001780671748
2025-11,0,0.40979381443298973,2.29,1.59,0.50363415,0.4809878024656732
2025-11,0,0.3564356435643564,2.6,1.44,0.47615808,0.44765310505643624
2025-11,1,0.3897435897435897,2.38,1.52,0.30438986,0.43773178217418485
2025-11,1,0.6065989847715737,1.55,2.39,0.6313652,0.5972549238082949
2025-11,0,0.5358090185676393,1.75,2.02,0.48204723,0.48582290226434566
2025-11,0,0.4005102040816326,2.35,1.57,0.43769568,0.4461051287615233
2025-11,0,0.4308093994778067,2.18,1.65,0.417054,0.47236717704999237
2025-11,1,0.5762273901808785,1.64,2.23,0.51646644,0.5219501321779705
2025-11,0,0.41343669250646,2.27,1.6,0.46693724,0.4890708067023457
2025-11,1,0.4088541666666667,2.27,1.57,0.4060607,0.432670407440667
2025-11,0,0.36543209876543215,2.57,1.48,0.38101837,0.4493596396370546
2025-11,0,0.5053191489361702,1.86,1.9,0.45485893,0.4911463772522426
2025-11,0,0.6361386138613861,1.47,2.57,0.59449655,0.5889369160326826
2025-11,1,0.6857798165137615,1.37,2.99,0.59767985,0.6029499754460579
2025-11,1,0.6752336448598132,1.39,2.89,0.50080913,0.5535041684253335
2025-11,1,0.6240601503759399,1.5,2.49,0.67138225,0.6348882639771214
2025-11,0,0.433420365535248,2.17,1.66,0.47836837,0.4814437443794364
2025-11,1,0.4787234042553191,1.96,1.8,0.542925,0.5375209644459922
2025-11,1,0.45844504021447724,2.02,1.71,0.3900659,0.4647056056634459
2025-11,1,0.41514360313315923,2.24,1.59,0.4142204,0.4413327379216282
2025-11,0,0.421875,2.22,1.62,0.4295494,0.4814905851710691
2025-11,1,0.5744125326370757,1.63,2.2,0.65489185,0.6047709335790947
2025-11,0,0.4680851063829787,2.0,1.76,0.5674154,0.5521860851681402
2025-11,1,0.4708994708994709,2.0,1.78,0.53970635,0.49254313446967246
2025-11,1,0.5818181818181818,1.61,2.24,0.5819465,0.6187874984738104
2025-11,1,0.6437346437346437,1.45,2.62,0.62514216,0.5903678650208121
2025-11,1,0.5388739946380697,1.72,2.01,0.4545393,0.5139918267157748
2025-11,0,0.43307086614173224,2.16,1.65,0.5451919,0.5175342491130385
2025-11,1,0.4523809523809524,2.07,1.71,0.38542432,0.42561619043468113
2025-11,1,0.5792207792207792,1.62,2.23,0.64996547,0.5904550969542164
2025-11,0,0.5398936170212765,1.73,2.03,0.396563,0.4818497535117161
2025-11,1,0.4611260053619303,2.01,1.72,0.39152965,0.4915749582829073
2025-11,1,0.6142131979695432,1.52,2.42,0.5043252,0.5191816138792262
2025-11,1,0.5680628272251308,1.65,2.17,0.45204702,0.4946630255256597
2025-11,0,0.43307086614173224,2.16,1.65,0.42156196,0.47212983049017976
2025-11,1,0.4932614555256065,1.88,1.83,0.5020925,0.4969993862869199
2025-11,0,0.4588859416445623,2.04,1.73,0.3885273,0.4512048393103908
2025-11,0,0.5488126649076518,1.71,2.08,0.5372782,0.5409527080530225
2025-11,1,0.5186170212765957,1.81,1.95,0.49052566,0.5220883979159436
2025-11,1,0.5172413793103448,1.82,1.95,0.5742651,0.5324655352060921
2025-11,1,0.4603174603174603,2.04,1.74,0.51378804,0.5303498451067452
2025-11,1,0.3793969849246231,2.47,1.51,0.4226776,0.46166599650996043
2025-11,0,0.3828715365239294,2.45,1.52,0.50333107,0.5121660169527552
2025-11,1,0.4746666666666666,1.97,1.78,0.55373305,0.5438071024757816
2025-11,0,0.5943152454780362,1.57,2.3,0.59993374,0.6205525609519669
2025-11,0,0.41666666666666663,2.24,1.6,0.47285047,0.48561959099425306
2025-11,0,0.5464190981432361,1.71,2.06,0.6121969,0.6109491716164875
2025-11,1,0.5476190476190476,1.71,2.07,0.53389096,0.5593928818767984
2025-11,1,0.6116751269035533,1.53,2.41,0.633028,0.6079352810294276
2025-11,1,0.6354679802955665,1.48,2.58,0.65369856,0.591708920207527
2025-11,0,0.47074468085106375,1.99,1.77,0.51061505,0.5146682882691185
2025-11,0,0.3148148148148148,2.96,1.36,0.44774428,0.4740955695769534
2025-11,0,0.5013333333333333,1.87,1.88,0.5082886,0.5425645383181946
2025-11,1,0.42368421052631583,2.19,1.61,0.395391,0.4277757736584412
2025-11,0,0.6116751269035533,1.53,2.41,0.6435123,0.620060451030937
2025-11,0,0.5669291338582677,1.65,2.16,0.617397,0.5815232348580608
2025-11,1,0.577023498694517,1.62,2.21,0.5912523,0.5674424163388393
2025-11,0,0.41253263707571797,2.25,1.58,0.47881976,0.466551183567252
2025-11,1,0.6658711217183771,1.4,2.79,0.5948528,0.6334678334619069
2025-11,0,0.45721925133689845,2.03,1.71,0.4164281,0.4420198353514453
2025-11,0,0.38167938931297707,2.43,1.5,0.4036541,0.4193285736217225
2025-11,1,0.5661375661375662,1.64,2.14,0.4141338,0.4381192852477276
2025-11,0,0.5335120643431636,1.74,1.99,0.4489089,0.524756504495888
2025-11,1,0.5546666666666668,1.67,2.08,0.48807257,0.507564470367513
2025-11,1,0.40155440414507776,2.31,1.55,0.3684587,0.39688165720884616
2025-11,1,0.5108108108108108,1.81,1.89,0.4920671,0.4801361893746833
2025-11,0,0.40155440414507776,2.31,1.55,0.44181404,0.5082550953044864
2025-11,1,0.5027027027027027,1.84,1.86,0.46264562,0.5274575521487046
2025-11,0,0.3430656934306569,2.7,1.41,0.247762,0.34835910485956173
2025-11,0,0.3709273182957394,2.51,1.48,0.43957168,0.4549177959600337
2025-11,0,0.44266666666666665,2.09,1.66,0.5171255,0.5533388361037829
2025-11,1,0.448,2.07,1.68,0.4575889,0.49049709948769504
2025-11,0,0.5865633074935401,1.6,2.27,0.56412584,0.5709241574441672
2025-11,1,0.5514511873350924,1.7,2.09,0.6256926,0.6063879080278696
2025-11,0,0.5106382978723405,1.84,1.92,0.38123316,0.4735977399424216
2025-11,0,0.53315649867374,1.76,2.01,0.643953,0.6015562309747732
2025-11,0,0.40826873385012924,2.29,1.58,0.42330664,0.4717577804903439
2025-11,1,0.41818181818181815,2.24,1.61,0.4763193,0.4881340807318929
2025-11,1,0.35452322738386305,2.64,1.45,0.3809772,0.4412262997021807
2025-11,1,0.6995515695067265,1.34,3.12,0.7509092,0.6550599538992583
2025-11,1,0.5643044619422573,1.66,2.15,0.48851848,0.5698259619614028
2025-11,1,0.5854922279792746,1.6,2.26,0.6518836,0.6272181636758322
2025-11,0,0.5567282321899736,1.68,2.11,0.5259493,0.5578681045873564
2025-11,1,0.6206030150753769,1.51,2.47,0.6128026,0.589343413590394
2025-11,1,0.5590551181102362,1.68,2.13,0.51500934,0.5215630771172892
2025-11,1,0.5703125,1.65,2.19,0.5195047,0.5463696363447572
2025-11,0,0.4721485411140583,1.99,1.78,0.47859067,0.4964864916395945
2025-11,0,0.4296875,2.19,1.65,0.46321648,0.47105915221415573
2025-11,1,0.6136363636363636,1.53,2.43,0.60900116,0.5888362567582237
2025-11,1,0.5519999999999999,1.68,2.07,0.5528897,0.5435488469829075
2025-11,1,0.6240601503759399,1.5,2.49,0.66639215,0.6630288876513859
2025-11,0,0.577023498694517,1.62,2.21,0.583665,0.5985592155961095
2025-11,0,0.4511873350923483,2.08,1.71,0.46830073,0.5001829624675966
2025-11,1,0.4162303664921466,2.23,1.59,0.45023197,0.5007000278965305
2025-11,1,0.5590551181102362,1.68,2.13,0.49141845,0.5253817140806377
2025-11,1,0.6240601503759399,1.5,2.49,0.63844997,0.6183237069231446
2025-11,1,0.41085271317829464,2.28,1.59,0.42083606,0.47155445341666635
2025-11,1,0.45844504021447724,2.02,1.71,0.4451941,0.49117729547136807
2025-11,1,0.6096938775510204,1.53,2.39,0.6126822,0.5923918873647537
2025-11,1,0.4576719576719577,2.05,1.73,0.49593115,0.4989416889229326
2025-11,1,0.5680628272251308,1.65,2.17,0.5130044,0.5177819285891399
2025-11,0,0.45721925133689845,2.03,1.71,0.36133367,0.4459594853123893
2025-11,1,0.6395061728395062,1.46,2.59,0.68558615,0.5981742900661877
2025-11,1,0.37688442211055284,2.48,1.5,0.26793328,0.3743126872723238
2025-11,1,0.4851752021563342,1.91,1.8,0.43989158,0.4450158077630271
2025-11,0,0.42558746736292424,2.2,1.63,0.46163434,0.5164714826491514
2025-11,1,0.4523809523809524,2.07,1.71,0.48207435,0.49959242950877614
2025-11,1,0.44356955380577423,2.12,1.69,0.49702367,0.496962372662206
2025-11,0,0.4880000000000001,1.92,1.83,0.5059829,0.4946385312600978
2025-11,0,0.7105263157894737,1.32,3.24,0.66653806,0.6216440552095034
2025-11,0,0.5833333333333334,1.6,2.24,0.5966819,0.5673323086782358
2025-11,0,0.35049019607843135,2.65,1.43,0.4223445,0.441667671616659
2025-11,1,0.40519480519480516,2.29,1.56,0.51005423,0.4666558129151589
2025-11,1,0.5226666666666666,1.79,1.96,0.5661422,0.5411531937156142
2025-11,0,0.46419098143236076,2.02,1.75,0.46329325,0.486339038640681
2025-11,0,0.4746666666666666,1.97,1.78,0.41414914,0.4588094567209503
2025-11,1,0.5305039787798408,1.77,2.0,0.58327043,0.5183592212190511
2025-11,0,0.445910290237467,2.1,1.69,0.403534,0.4811146235081005
2025-11,0,0.43421052631578944,2.15,1.65,0.4381195,0.46682433529891454
2025-11,0,0.37157107231920194,2.52,1.49,0.3784093,0.4501392653620142
2025-11,0,0.448,2.07,1.68,0.4647777,0.47517450808738526
2025-11,1,0.5669291338582677,1.65,2.16,0.5072854,0.503234537217204
2025-11,0,0.5066666666666666,1.85,1.9,0.6077266,0.5852799423418732
2025-11,1,0.4312169312169312,2.15,1.63,0.38370496,0.46892975329322656
2025-11,1,0.6361386138613861,1.47,2.57,0.58152646,0.5858944371037863
2025-11,1,0.4145077720207254,2.26,1.6,0.5559103,0.5387427862065426
2025-11,0,0.4350132625994695,2.13,1.64,0.4343477,0.4649666601715713
2025-11,1,0.421875,2.22,1.62,0.51723826,0.5026521923353149
2025-11,0,0.5396825396825397,1.74,2.04,0.5414322,0.5433185309231539
2025-11,1,0.4535809018567639,2.06,1.71,0.4809657,0.5106831695248644
2025-11,1,0.49595687331536387,1.87,1.84,0.40520152,0.4617469852020364
2025-11,0,0.6570048309178744,1.42,2.72,0.6174006,0.6391829189886833
2025-11,0,0.4506666666666666,2.06,1.69,0.39349252,0.467118744988043
2025-11,0,0.5654450261780105,1.66,2.16,0.57476556,0.5655404712710791
2025-11,0,0.496,1.89,1.86,0.53691274,0.5320585964699394
2025-11,0,0.33571428571428574,2.79,1.41,0.334678,0.41796649580315376
2025-11,0,0.36318407960199,2.56,1.46,0.26740032,0.33451464650246854
2025-11,1,0.3848101265822785,2.43,1.52,0.42075172,0.47314675192754585
2025-11,1,0.34866828087167073,2.69,1.44,0.36286026,0.45272005822705175
2025-11,0,0.41558441558441556,2.25,1.6,0.30220604,0.3913082269077294
2025-11,0,0.6161616161616161,1.52,2.44,0.62851465,0.6302647304124535
2025-11,1,0.5079787234042553,1.85,1.91,0.3840595,0.45922769233853844
2025-11,1,0.753968253968254,1.24,3.8,0.77667046,0.6736039211527864
2025-11,1,0.6116751269035533,1.53,2.41,0.5500631,0.5528720465924005
2025-11,1,0.6180904522613065,1.52,2.46,0.59801924,0.5696633279382538
2025-11,1,0.48010610079575594,1.96,1.81,0.5669168,0.5624847921587472
2025-11,1,0.5278514588859416,1.78,1.99,0.521895,0.5523198292654751
2025-11,0,0.41732283464566927,2.22,1.59,0.43387523,0.48983375374403687
2025-11,1,0.6917808219178082,1.35,3.03,0.5777916,0.5840884094148688
2025-11,0,0.6610576923076923,1.41,2.75,0.62160337,0.6349128151125936
2025-11,1,0.49202127659574474,1.91,1.85,0.57667166,0.5558266677242454
2025-11,0,0.510752688172043,1.82,1.9,0.40400282,0.4979483049007478
2025-11,0,0.45187165775401067,2.05,1.69,0.43399677,0.48871057729006606
2025-11,1,0.4787234042553191,1.96,1.8,0.5290386,0.5351402574923126
2025-11,1,0.6010230179028133,1.56,2.35,0.6207945,0.5851881855917873
2025-11,0,0.4523809523809524,2.07,1.71,0.45255303,0.48740837521851205
2025-11,0,0.5186170212765957,1.81,1.95,0.5678061,0.5345066234050311
2025-11,0,0.445910290237467,2.1,1.69,0.54107386,0.5463728047972596
2025-11,0,0.5654450261780105,1.66,2.16,0.64163226,0.6146914365461363
2025-11,1,0.5039787798408488,1.87,1.9,0.52627695,0.5064601600845382
2025-11,0,0.45721925133689845,2.03,1.71,0.5836887,0.5778973009025685
2025-11,1,0.5240641711229947,1.78,1.96,0.6230408,0.6142407217187322
2025-11,1,0.3620689655172414,2.59,1.47,0.38944703,0.4226233760019614
2025-11,1,0.5488126649076518,1.71,2.08,0.55999106,0.5666661843393453
2025-11,1,0.5080213903743315,1.84,1.9,0.38363457,0.45921146947073016
2025-11,1,0.37373737373737376,2.48,1.48,0.5362319,0.5449901763748345
2025-11,1,0.5437665782493368,1.72,2.05,0.5239316,0.5281956957188069
2025-11,0,0.544973544973545,1.72,2.06,0.574225,0.5325541855942602
2025-11,0,0.5,1.88,1.88,0.58519614,0.5800493090029641
2025-11,0,0.526595744680851,1.78,1.98,0.5774585,0.534174539072507
2025-11,0,0.6206030150753769,1.51,2.47,0.6505615,0.6060196480419117
2025-11,1,0.6126582278481012,1.53,2.42,0.6292902,0.6384652595568894
2025-11,1,0.5162162162162162,1.79,1.91,0.49379054,0.5347817732201249
2025-11,0,0.49061662198391415,1.9,1.83,0.46688995,0.5034800613670536
2025-11,1,0.5146666666666666,1.82,1.93,0.5751403,0.5626039087365279
2025-11,0,0.4986666666666667,1.88,1.87,0.5054451,0.5178558148693206
2025-11,1,0.5199999999999999,1.8,1.95,0.5382639,0.548438387805295
2025-11,0,0.48936170212765967,1.92,1.84,0.54708767,0.5295888927861743
2025-11,0,0.6412776412776413,1.46,2.61,0.6332383,0.6129489087148361
2025-11,0,0.5066666666666666,1.85,1.9,0.48171252,0.4898775944798405
2025-11,0,0.42368421052631583,2.19,1.61,0.416498,0.4966853115333294
2025-11,0,0.5053475935828876,1.85,1.89,0.40527248,0.49617458027704375
2025-11,1,0.44266666666666665,2.09,1.66,0.4424571,0.4720429474231127
2025-11,1,0.48,1.95,1.8,0.5676894,0.5448010003965658
2025-11,1,0.554089709762533,1.69,2.1,0.49912682,0.49028564707289984
2025-11,0,0.38190954773869346,2.46,1.52,0.44881016,0.4921611082199446
2025-11,0,0.47580645161290325,1.95,1.77,0.49669623,0.49050447784609685
2025-11,0,0.6737089201877935,1.39,2.87,0.6586925,0.6556524488794794
2025-12,1,0.46684350132625996,2.01,1.76,0.65483487,0.5727948503955812
2025-12,0,0.4497354497354497,2.08,1.7,0.3996065,0.45226762628812345
2025-12,1,0.5714285714285715,1.65,2.2,0.53711855,0.5438909182382099
2025-12,0,0.49206349206349204,1.92,1.86,0.66638565,0.6401609910346917
2025-12,1,0.6713615023474179,1.4,2.86,0.6176151,0.6468597340932922
2025-12,1,0.5485564304461943,1.72,2.09,0.5323285,0.5366351012459616
2025-12,1,0.5502645502645503,1.7,2.08,0.5769002,0.590724439497469
2025-12,0,0.5435356200527705,1.73,2.06,0.5473457,0.5233396074647367
2025-12,1,0.5159574468085106,1.82,1.94,0.5949581,0.5614351466653162
2025-12,0,0.47745358090185674,1.97,1.8,0.5076991,0.5238300604811406
2025-12,0,0.45382585751978893,2.07,1.72,0.4699293,0.5035164026875919
2025-12,1,0.519893899204244,1.81,1.96,0.54344976,0.5478945698362819
2025-12,0,0.6055979643765903,1.55,2.38,0.68060905,0.6147723795786644
2025-12,0,0.6293532338308457,1.49,2.53,0.620348,0.6019795991546621
2025-12,0,0.6161616161616161,1.52,2.44,0.5292734,0.550948922975177
2025-12,0,0.5526315789473685,1.7,2.1,0.5182433,0.5494066033855187
2025-12,0,0.38190954773869346,2.46,1.52,0.46620077,0.49336214065153333
2025-12,0,0.5514511873350924,1.7,2.09,0.60074556,0.6228613291330982
2025-12,1,0.4578947368421053,2.06,1.74,0.49267173,0.5145658792346237
2025-12,0,0.44708994708994704,2.09,1.69,0.47848797,0.49802471471068427
2025-12,1,0.5202156334231806,1.78,1.93,0.48935777,0.5589458420320579
2025-12,1,0.45502645502645506,2.06,1.72,0.5190922,0.5273309834456814
2025-12,1,0.5013333333333333,1.87,1.88,0.46095172,0.48312456311116514
2025-12,0,0.5132978723404255,1.83,1.93,0.5282984,0.5454025496339889
2025-12,1,0.7083333333333333,1.33,3.23,0.69484186,0.6578557265587424
2025-12,0,0.5938303341902313,1.58,2.31,0.6199013,0.5856590701255455
2025-12,1,0.5066666666666666,1.85,1.9,0.5426723,0.5196990291881243
2025-12,0,0.5225464190981433,1.8,1.97,0.48603377,0.4806006373407453
2025-12,0,0.5744125326370757,1.63,2.2,0.6149774,0.6044442735790144
2025-12,1,0.5917312661498708,1.58,2.29,0.54370594,0.5580573297315414
2025-12,1,0.634567901234568,1.48,2.57,0.6955577,0.6268540452115534
2025-12,1,0.4485488126649077,2.09,1.7,0.5046512,0.5208099562210119
2025-12,1,0.34963325183374083,2.66,1.43,0.37367612,0.4122416198257174
2025-12,0,0.37343358395989973,2.5,1.49,0.4559734,0.47462159338318766
2025-12,1,0.5555555555555556,1.68,2.1,0.52222013,0.5285305715600224
2025-12,1,0.5319148936170213,1.76,2.0,0.63152206,0.6091570050661439
2025-12,1,0.6954545454545454,1.34,3.06,0.63273865,0.6240555633346181
2025-12,0,0.4274406332453826,2.17,1.62,0.40135917,0.4501296726378675
2025-12,1,0.6578313253012049,1.42,2.73,0.6030144,0.5895115167446467
2025-12,1,0.5729166666666667,1.64,2.2,0.5244335,0.5318310546087008
2025-12,0,0.5026737967914439,1.86,1.88,0.54415214,0.5381378589567802
2025-12,1,0.49202127659574474,1.91,1.85,0.36744708,0.4495660598224406
2025-12,0,0.4368421052631579,2.14,1.66,0.4812406,0.5195080577936456
2025-12,1,0.6721698113207547,1.39,2.85,0.6947588,0.6487003790324187
2025-12,0,0.3793969849246231,2.47,1.51,0.4216513,0.4493870378328123
2025-12,1,0.49593495934959353,1.86,1.83,0.55235213,0.5269842184973633
2025-12,1,0.5039999999999999,1.86,1.89,0.48354697,0.5187874068029421
2025-12,0,0.43307086614173224,2.16,1.65,0.40146846,0.4658657769463979
2025-12,0,0.5865633074935401,1.6,2.27,0.53876305,0.5517380885896186
2025-12,0,0.5132978723404255,1.83,1.93,0.48719296,0.5302149248657129
2025-12,1,0.5669291338582677,1.65,2.16,0.62624073,0.6213077447236572
2025-12,0,0.4497354497354497,2.08,1.7,0.42002875,0.4598657753743481
2025-12,0,0.4350132625994695,2.13,1.64,0.4174913,0.5031847847330069
2025-12,0,0.48,1.95,1.8,0.5659746,0.525370989701743
2025-12,1,0.4826666666666667,1.94,1.81,0.5552282,0.5548995078185619
2025-12,0,0.6388206388206389,1.47,2.6,0.59374607,0.560697704057443
2025-12,1,0.4656084656084655,2.02,1.76,0.5074147,0.5170639008051051
2025-12,0,0.3848101265822785,2.43,1.52,0.5567339,0.5379478086080786
2025-12,1,0.4506666666666666,2.06,1.69,0.5309384,0.5592405337997497
2025-12,1,0.5148247978436657,1.8,1.91,0.5680833,0.5649484531127285
2025-12,0,0.421875,2.22,1.62,0.42349607,0.47065345205169423
2025-12,1,0.3838383838383838,2.44,1.52,0.4729417,0.4873331202618722
2025-12,0,0.512,1.83,1.92,0.43270785,0.4682507339383771
2025-12,0,0.688787185354691,1.36,3.01,0.6258824,0.6308942465559242
2025-12,0,0.4263157894736842,2.18,1.62,0.37684733,0.4247568720682834
2025-12,0,0.3848101265822785,2.43,1.52,0.36067328,0.41614146313523265
2025-12,0,0.40469973890339433,2.28,1.55,0.34629488,0.4095727445501836
2025-12,1,0.3863636363636363,2.43,1.53,0.30482137,0.39920391002474737
2025-12,0,0.4146981627296588,2.23,1.58,0.46816105,0.4940518818040924
2025-12,0,0.41361256544502617,2.24,1.58,0.54225194,0.5835496026527773
2025-12,1,0.46419098143236076,2.02,1.75,0.5221881,0.5220450043556703
2025-12,1,0.5616797900262467,1.67,2.14,0.5547036,0.5440820984645918
2025-12,0,0.4826666666666667,1.94,1.81,0.49530238,0.5129865809180587
2025-12,0,0.3781725888324873,2.45,1.49,0.39939627,0.4513299037169625
2025-12,1,0.496,1.89,1.86,0.51446265,0.5185957221024173
2025-12,1,0.41298701298701296,2.26,1.59,0.5772728,0.5390243352512876
2025-12,0,0.3462469733656174,2.7,1.43,0.38873625,0.4121712699378832
2025-12,1,0.4986666666666667,1.88,1.87,0.5008931,0.5221483529180344
2025-12,1,0.5502645502645503,1.7,2.08,0.65530187,0.5913089385721557
2025-12,0,0.450402144772118,2.05,1.68,0.5389911,0.580545053510729
2025-12,0,0.4281984334203655,2.19,1.64,0.476225,0.48443057777141696
2025-12,1,0.5989717223650385,1.56,2.33,0.58243835,0.5744048670956217
2025-12,0,0.6035805626598465,1.55,2.36,0.4818523,0.48749758693175754
2025-12,1,0.44327176781002636,2.11,1.68,0.4284791,0.4575682184786711
2025-12,1,0.6240601503759399,1.5,2.49,0.5324775,0.5463742145093432
2025-12,0,0.5093333333333333,1.84,1.91,0.64710873,0.5841606957870931
2025-12,0,0.6231155778894473,1.5,2.48,0.6789563,0.6365515456974801
2025-12,0,0.4195250659630607,2.2,1.59,0.36780223,0.43221315181404596
2025-12,0,0.5054054054054055,1.83,1.87,0.47507748,0.5342288082151041
2025-12,1,0.40568475452196384,2.3,1.57,0.4305911,0.4822420247584463
2025-12,1,0.5490716180371352,1.7,2.07,0.5428055,0.5492395584193562
2025-12,0,0.41818181818181815,2.24,1.61,0.38802436,0.45124659189284766
2025-12,1,0.4603174603174603,2.04,1.74,0.54760903,0.5367431271724852
2025-12,0,0.5108108108108108,1.81,1.89,0.55404633,0.5568389559955385
2025-12,0,0.7588235294117648,1.23,3.87,0.69413894,0.6690659507125811
2025-12,0,0.6293532338308457,1.49,2.53,0.64680135,0.6188779464822819
2025-12,1,0.6975169300225732,1.34,3.09,0.7030624,0.6620299546813315
2025-12,1,0.5605263157894738,1.67,2.13,0.49116054,0.5132387342066058
2025-12,1,0.6215538847117794,1.51,2.48,0.7158514,0.6241902089821427
2025-12,1,0.41361256544502617,2.24,1.58,0.47674292,0.5136295645565818
2025-12,1,0.5081081081081081,1.82,1.88,0.44670504,0.4708933922352095
2025-12,0,0.3112128146453089,3.01,1.36,0.25318843,0.3755302912804398
2025-12,1,0.48128342245989303,1.94,1.8,0.36026353,0.39911766696056267
2025-12,1,0.528,1.77,1.98,0.54087454,0.5374704077800301
2025-12,1,0.42931937172774864,2.18,1.64,0.42970785,0.4679812596534466
2025-12,0,0.4946524064171124,1.89,1.85,0.5377537,0.5327075294652114
2025-12,1,0.43193717277486904,2.17,1.65,0.4075789,0.46892960438487813
2025-12,1,0.5654450261780105,1.66,2.16,0.52925414,0.5369069890635179
2025-12,1,0.5253333333333333,1.78,1.97,0.56881684,0.5717594152721428
2025-12,1,0.48,1.95,1.8,0.56536293,0.5311235162962169
2025-12,0,0.40826873385012924,2.29,1.58,0.3926254,0.4406194785078811
2025-12,0,0.49066666666666664,1.91,1.84,0.51645505,0.5369645857311143
2025-12,0,0.5187165775401069,1.8,1.94,0.5063788,0.5052327815589092
2025-12,0,0.43947368421052635,2.13,1.67,0.5066636,0.5301350973603839
2025-12,1,0.4743935309973046,1.95,1.76,0.42114502,0.5185779767615569
2025-12,1,0.5013404825737265,1.86,1.87,0.49368444,0.5265408134451057
2025-12,0,0.6265664160401002,1.49,2.5,0.55948,0.589614731520379
2025-12,0,0.5306666666666666,1.76,1.99,0.47194505,0.5055647944300985
2025-12,0,0.5039999999999999,1.86,1.89,0.44659716,0.48513031403522394
2025-12,1,0.7725563909774436,1.21,4.11,0.8246015,0.7026517442412545
2025-12,1,0.4732620320855615,1.97,1.77,0.5051342,0.5214165349787359
2025-12,1,0.4274406332453826,2.17,1.62,0.39141586,0.4540439189486976
2025-12,1,0.6161616161616161,1.52,2.44,0.59010047,0.6108206895534884
2025-12,0,0.6379310344827586,1.47,2.59,0.6684227,0.643901184578352
2025-12,0,0.42558746736292424,2.2,1.63,0.45864454,0.5013237448709486
2025-12,1,0.5452127659574468,1.71,2.05,0.6107629,0.5975517487510893
2025-12,0,0.37027707808564236,2.5,1.47,0.3532602,0.4002032311070681
2025-12,1,0.5573333333333332,1.66,2.09,0.60080254,0.5960383529798028
2025-12,0,0.4281984334203655,2.19,1.64,0.49987632,0.5522079253931407
2025-12,1,0.6035805626598465,1.55,2.36,0.71649015,0.6680909445967584
2025-12,0,0.4880000000000001,1.92,1.83,0.44884428,0.4796534199566401
2025-12,0,0.634567901234568,1.48,2.57,0.48672867,0.518704043434205
2025-12,1,0.4146981627296588,2.23,1.58,0.43460068,0.49317109824963024
2025-12,0,0.39086294416243655,2.4,1.54,0.4460156,0.46546537688771916
2025-12,1,0.5677083333333334,1.66,2.18,0.5576478,0.5654194773144512
2025-12,0,0.42297650130548303,2.21,1.62,0.43294278,0.4849449449880115
2025-12,0,0.4878706199460916,1.9,1.81,0.50062156,0.5504786906748378
2025-12,0,0.544973544973545,1.72,2.06,0.60872155,0.5911200222092405
2025-12,0,0.48670212765957455,1.93,1.83,0.45423493,0.4823903633415805
2025-12,1,0.5292553191489361,1.77,1.99,0.57902867,0.5658259797776741
2025-12,0,0.642156862745098,1.46,2.62,0.59651077,0.6169259819796216
2025-12,0,0.5680628272251308,1.65,2.17,0.57806456,0.5487472833846654
2025-12,0,0.5212765957446808,1.8,1.96,0.62066066,0.5803017382931936
2025-12,1,0.7002237136465325,1.34,3.13,0.5719737,0.5761970880780538
2025-12,0,0.48670212765957455,1.93,1.83,0.4519318,0.4718193462945635
2025-12,0,0.5590551181102362,1.68,2.13,0.62135804,0.6221584654434642
2025-12,0,0.49865951742627346,1.87,1.86,0.5026229,0.5145235345887629
2025-12,0,0.44652406417112295,2.07,1.67,0.57261527,0.5579370375843297
2025-12,0,0.4680851063829787,2.0,1.76,0.5535924,0.5532966868764866
2025-12,1,0.5744125326370757,1.63,2.2,0.5003201,0.5053091231447102
2025-12,1,0.37157107231920194,2.52,1.49,0.5068752,0.501577551712438
2025-12,0,0.37913486005089053,2.44,1.49,0.42778605,0.45948450878299174
2025-12,1,0.6186868686868687,1.51,2.45,0.6699436,0.6472817784168732
2025-12,1,0.4119170984455959,2.27,1.59,0.46382785,0.508214003790615
2025-12,1,0.4576719576719577,2.05,1.73,0.45603457,0.48472073012193706
2025-12,0,0.698876404494382,1.34,3.11,0.574739,0.5875929514009935
2025-12,1,0.42216358839050133,2.19,1.6,0.5125692,0.488038353223776
2025-12,0,0.4576719576719577,2.05,1.73,0.4728492,0.4927576088105962
2025-12,1,0.39897698209718674,2.35,1.56,0.4378724,0.4611352692483206
2025-12,1,0.5398936170212765,1.73,2.03,0.5209699,0.5446003190993254
2025-12,1,0.4704301075268817,1.97,1.75,0.47256488,0.5445577022107548
2025-12,0,0.42931937172774864,2.18,1.64,0.46144328,0.4918483340206078
2025-12,0,0.4444444444444444,2.1,1.68,0.5250409,0.5332444992233265
2025-12,1,0.4146981627296588,2.23,1.58,0.3741598,0.4270699393226536
2025-12,1,0.45308310991957107,2.04,1.69,0.49339646,0.537598365682092
2025-12,0,0.7439024390243902,1.26,3.66,0.68638927,0.6591392352083689
2025-12,1,0.5755208333333334,1.63,2.21,0.63245267,0.6311596098066382
2025-12,1,0.764367816091954,1.23,3.99,0.6717568,0.632809478269578
2025-12,1,0.445910290237467,2.1,1.69,0.40684065,0.4642080507287217
2025-12,0,0.4611260053619303,2.01,1.72,0.38990796,0.4658448004904297
2025-12,1,0.40568475452196384,2.3,1.57,0.43001357,0.48200615025838783
2025-12,0,0.3430656934306569,2.7,1.41,0.469593,0.4647246296781035
2025-12,0,0.4523809523809524,2.07,1.71,0.4215501,0.4952806854571096
2025-12,0,0.47978436657681944,1.93,1.78,0.52100194,0.5237390082819956
2025-12,1,0.4,2.34,1.56,0.46503448,0.4842591905671004
2025-12,0,0.4693333333333332,1.99,1.76,0.46314773,0.5017465635105891
2025-12,1,0.42036553524804177,2.22,1.61,0.42275286,0.4704436403141363
2025-12,0,0.578125,1.62,2.22,0.62880623,0.6130116108810861
2025-12,0,0.42708333333333337,2.2,1.64,0.48835745,0.5067974357343921
2025-12,1,0.5792207792207792,1.62,2.23,0.5722049,0.5689057582126428
2025-12,1,0.4368421052631579,2.14,1.66,0.39098084,0.4481605630489221
2025-12,1,0.41558441558441556,2.25,1.6,0.45926842,0.4855598923095116
2025-12,0,0.4345549738219895,2.16,1.66,0.4640631,0.4645596372636686
2025-12,1,0.5729166666666667,1.64,2.2,0.6929716,0.6294866065487438
2025-12,1,0.5552631578947369,1.69,2.11,0.44181085,0.49253565221250245
2025-12,1,0.642156862745098,1.46,2.62,0.657433,0.57665030528033
2025-12,0,0.526595744680851,1.78,1.98,0.49129304,0.5093036261300545
2025-12,0,0.41818181818181815,2.24,1.61,0.4333644,0.48969894101369915
2025-12,1,0.5578947368421052,1.68,2.12,0.67307484,0.6347477842869962
2025-12,0,0.4880000000000001,1.92,1.83,0.45100713,0.4739933492946757
2025-12,1,0.5173333333333333,1.81,1.94,0.5353857,0.5492974423046748
2025-12,0,0.4281984334203655,2.19,1.64,0.5078887,0.5184436986319996
2025-12,0,0.4588859416445623,2.04,1.73,0.46883956,0.4597732987280708
2025-12,0,0.4787234042553191,1.96,1.8,0.44480196,0.47039448509511683
2025-12,0,0.47200000000000003,1.98,1.77,0.5020272,0.5151287958169729
2025-12,0,0.5372340425531915,1.74,2.02,0.52106094,0.5346140300512887
2025-12,1,0.4020618556701031,2.32,1.56,0.3773127,0.48002787335908087
2025-12,1,0.5305039787798408,1.77,2.0,0.49950728,0.503442627913073
2025-12,1,0.6339066339066339,1.49,2.58,0.64110625,0.6265439880755366
2025-12,1,0.5703125,1.65,2.19,0.46285444,0.5066569572299384
2025-12,0,0.4123711340206186,2.28,1.6,0.49393076,0.470066490602757
2025-12,1,0.5651041666666667,1.67,2.17,0.71994895,0.6685243362911167
2025-12,0,0.5948717948717949,1.58,2.32,0.68511856,0.6061436308326646
2026-01,0,0.5902061855670103,1.59,2.29,0.6158158,0.5778767607427762
2026-01,0,0.4640000000000001,2.01,1.74,0.47227493,0.4803229160528364
2026-01,0,0.578125,1.62,2.22,0.5658018,0.5599918693856564
2026-01,0,0.5013333333333333,1.87,1.88,0.43352786,0.46007799224222223
2026-01,1,0.42105263157894735,2.2,1.6,0.34881857,0.4630383135582588
2026-01,0,0.46153846153846156,2.03,1.74,0.48734933,0.5184718941473829
2026-01,1,0.48,1.95,1.8,0.48356134,0.4893936313957199
2026-01,0,0.2942477876106195,3.19,1.33,0.36253178,0.4206782914488917
2026-01,0,0.47340425531914887,1.98,1.78,0.45007396,0.5031341416406814
2026-01,1,0.5225464190981433,1.8,1.97,0.5359577,0.5414440204342754
2026-01,1,0.44708994708994704,2.09,1.69,0.47918066,0.4748499959544139
2026-01,0,0.4491978609625669,2.06,1.68,0.46706256,0.5049024556257931
2026-01,0,0.4562334217506631,2.05,1.72,0.4741377,0.49796228380009255
2026-01,0,0.37343358395989973,2.5,1.49,0.41454968,0.4610405899498372
2026-01,0,0.5526315789473685,1.7,2.1,0.5803253,0.5605438984223428
2026-01,1,0.49202127659574474,1.91,1.85,0.47425437,0.4802745761868073
2026-01,0,0.39285714285714285,2.38,1.54,0.5252558,0.5406539490791936
2026-01,1,0.4851752021563342,1.91,1.8,0.5228078,0.5069582695567514
2026-01,1,0.5040650406504065,1.83,1.86,0.5234162,0.5573696247746549
2026-01,1,0.5943152454780362,1.57,2.3,0.59316975,0.5816709708445993
2026-01,0,0.5240641711229947,1.78,1.96,0.46446553,0.4731857999488758
2026-01,1,0.5333333333333333,1.75,2.0,0.4724892,0.5273171834625292
2026-01,1,0.578125,1.62,2.22,0.5589167,0.5755658348557636
2026-01,0,0.5376344086021505,1.72,2.0,0.5393554,0.5260803383627378
2026-01,0,0.5320855614973262,1.75,1.99,0.5743728,0.5423854331631222
2026-01,0,0.4574468085106383,2.04,1.72,0.41820464,0.470976900635751
2026-01,0,0.6729411764705883,1.39,2.86,0.55679697,0.5542420613510064
2026-01,0,0.3943298969072165,2.35,1.53,0.43547064,0.43758208850873087
2026-01,0,0.5643044619422573,1.66,2.15,0.52017534,0.5473000152242906
2026-01,0,0.37157107231920194,2.52,1.49,0.44549456,0.46630731776196777
2026-01,0,0.5212765957446808,1.8,1.96,0.57007176,0.5713457326077402
2026-01,1,0.49865951742627346,1.87,1.86,0.47329664,0.4867936608351151
2026-01,1,0.42105263157894735,2.2,1.6,0.46578604,0.5073780014747877
2026-01,0,0.4693333333333332,1.99,1.76,0.55061454,0.5239696745528364
2026-01,0,0.6395061728395062,1.46,2.59,0.74009895,0.6630052732500192
2026-01,0,0.4694960212201591,2.0,1.77,0.5053842,0.495475376498574
2026-01,1,0.4281984334203655,2.19,1.64,0.49256063,0.47994249747435175
2026-01,0,0.5358090185676393,1.75,2.02,0.591069,0.5586817522953356
2026-01,1,0.5305039787798408,1.77,2.0,0.53470594,0.5156116558515461
2026-01,1,0.4743935309973046,1.95,1.76,0.41659632,0.47472252406512633
2026-01,1,0.6487804878048781,1.44,2.66,0.63969123,0.6336449162045257
2026-01,0,0.4786096256684492,1.95,1.79,0.48758945,0.5067825140098212
2026-01,0,0.5106951871657753,1.83,1.91,0.54408646,0.5357150159458264
2026-01,1,0.43193717277486904,2.17,1.65,0.52557385,0.5098646669132544
2026-01,1,0.38676844783715014,2.41,1.52,0.39679953,0.46777642707934425
2026-01,1,0.36934673366834175,2.51,1.47,0.45487794,0.47301274522700254
2026-01,0,0.6311881188118812,1.49,2.55,0.7112818,0.6420411167461174
2026-01,1,0.43044619422572183,2.17,1.64,0.46095544,0.4850040499404747
2026-01,0,0.33573141486810554,2.77,1.4,0.39907303,0.43134028685493186
2026-01,1,0.44533333333333336,2.08,1.67,0.40195727,0.46547124947176544
2026-01,1,0.5529100529100528,1.69,2.09,0.5989227,0.5647171549178935
2026-01,1,0.6917808219178082,1.35,3.03,0.74774647,0.6448591925805299
2026-01,1,0.450402144772118,2.05,1.68,0.40471178,0.46447888424357997
2026-01,0,0.4666666666666667,2.0,1.75,0.49443975,0.5182556495146944
2026-01,1,0.42931937172774864,2.18,1.64,0.55171835,0.5219420155617398
2026-01,0,0.4145077720207254,2.26,1.6,0.3561018,0.42223566138482105
2026-01,1,0.48936170212765967,1.92,1.84,0.48937637,0.5130444380922756
2026-01,1,0.49336870026525204,1.91,1.86,0.443504,0.44878809872625014
2026-01,0,0.4880000000000001,1.92,1.83,0.50274664,0.5240068822006012
2026-01,1,0.4654255319148936,2.01,1.75,0.5015538,0.48422414611525383
2026-01,0,0.6602870813397128,1.42,2.76,0.67886376,0.6251124737585171
2026-01,0,0.4576719576719577,2.05,1.73,0.4586819,0.4764862672774408
2026-01,1,0.5305039787798408,1.77,2.0,0.55004185,0.5136795838126188
2026-01,1,0.4748010610079576,1.98,1.79,0.4258882,0.4682125238363155
2026-01,0,0.49468085106382986,1.9,1.86,0.5741351,0.5861192649317408
2026-01,1,0.5552631578947369,1.69,2.11,0.5636649,0.5442190164902924
2026-01,0,0.5818181818181818,1.61,2.24,0.51475626,0.5090732298425502
2026-01,1,0.42077922077922075,2.23,1.62,0.4683587,0.4831084518918817
2026-01,1,0.41085271317829464,2.28,1.59,0.41678685,0.46122186791693337
2026-01,1,0.5251989389920424,1.79,1.98,0.54332477,0.5377558878434581
2026-01,1,0.5488126649076518,1.71,2.08,0.6387058,0.5827307687619356
2026-01,1,0.41818181818181815,2.24,1.61,0.44117793,0.48767100214436976
2026-01,0,0.47200000000000003,1.98,1.77,0.5261831,0.5417074200106433
2026-01,0,0.5476190476190476,1.71,2.07,0.5712018,0.5408517635055572
2026-01,1,0.3891752577319587,2.37,1.51,0.38390607,0.4581699856173688
2026-01,1,0.5865633074935401,1.6,2.27,0.5126089,0.49381497117812734
2026-01,1,0.3090909090909091,3.04,1.36,0.41100916,0.45592375122796924
2026-01,0,0.4562334217506631,2.05,1.72,0.5651762,0.5755291337635731
2026-01,1,0.48247978436657685,1.92,1.79,0.47335854,0.5427471488835813
2026-01,0,0.4523809523809524,2.07,1.71,0.5509292,0.5646053814355864
2026-01,1,0.4119170984455959,2.27,1.59,0.43850175,0.443550219354497
2026-01,1,0.42931937172774864,2.18,1.64,0.48316774,0.4723324038305595
2026-01,1,0.5239361702127661,1.79,1.97,0.55735976,0.5498048895421873
2026-01,1,0.5411140583554377,1.73,2.04,0.5152623,0.5318061337110191
2026-01,0,0.47311827956989244,1.96,1.76,0.40087667,0.4742304876216872
2026-01,1,0.5040214477211796,1.85,1.88,0.548493,0.5274191943127526
2026-01,0,0.4746666666666666,1.97,1.78,0.43279034,0.49011651395171757
2026-01,0,0.44827586206896547,2.08,1.69,0.45168296,0.49630058997392107
2026-01,0,0.5027027027027027,1.84,1.86,0.5410256,0.5460016629882576
2026-01,0,0.42368421052631583,2.19,1.61,0.49090114,0.4750098806310019
2026-01,0,0.32235294117647056,2.88,1.37,0.45507908,0.4667911870062645
2026-01,1,0.634567901234568,1.48,2.57,0.6193012,0.6162558440590821
2026-01,0,0.5173333333333333,1.81,1.94,0.473293,0.5026484168065801
2026-01,1,0.5611702127659575,1.65,2.11,0.523861,0.5458050296070289
2026-01,0,0.44063324538258575,2.12,1.67,0.41924292,0.4618267363767591
2026-01,1,0.362962962962963,2.58,1.47,0.34961694,0.40063245620445864
2026-01,1,0.3893129770992367,2.4,1.53,0.45922703,0.47280373392814234
2026-01,1,0.40992167101827676,2.26,1.57,0.4512044,0.4679057574751362
2026-01,0,0.47733333333333333,1.96,1.79,0.44825077,0.4918306954746869
2026-01,1,0.5292553191489361,1.77,1.99,0.49757367,0.4951150463037331
2026-01,1,0.4491978609625669,2.06,1.68,0.5057403,0.5459000975070976
2026-01,0,0.4878706199460916,1.9,1.81,0.5586235,0.5614488118365415
2026-01,0,0.4588859416445623,2.04,1.73,0.36559477,0.4461008474368078
2026-01,1,0.7937062937062936,1.18,4.54,0.8501916,0.7413814937321925
2026-01,0,0.37844611528822053,2.48,1.51,0.51335543,0.518772177995469
2026-01,1,0.4588859416445623,2.04,1.73,0.52456415,0.5018254303760632
2026-01,1,0.36386138613861385,2.57,1.47,0.44119358,0.5072224918270252
2026-01,1,0.3836317135549872,2.41,1.5,0.45364493,0.4862247994826163
2026-01,1,0.5680628272251308,1.65,2.17,0.6719885,0.6017123067293877
2026-01,0,0.4732620320855615,1.97,1.77,0.40890804,0.46364575975308525
2026-01,1,0.642156862745098,1.46,2.62,0.6037938,0.5874147516407782
2026-01,1,0.5423280423280423,1.73,2.05,0.47670275,0.4967160593104722
2026-01,1,0.6504854368932039,1.44,2.68,0.5942566,0.5674908512773063
2026-01,0,0.5,1.87,1.87,0.4961446,0.46489627886836304
2026-01,1,0.5093333333333333,1.84,1.91,0.563776,0.5609677845432081
2026-01,1,0.7549407114624506,1.24,3.82,0.6629655,0.6540520388911959
2026-01,1,0.6,1.56,2.34,0.48394102,0.503733980845684
2026-01,0,0.5974358974358973,1.57,2.33,0.61046964,0.6144698345693179
2026-01,0,0.6284289276807979,1.49,2.52,0.5717692,0.5153531910480178
2026-01,1,0.41818181818181815,2.24,1.61,0.43687987,0.4835951851663534
2026-01,0,0.42297650130548303,2.21,1.62,0.4593641,0.46359344843910877
2026-01,1,0.46153846153846156,2.03,1.74,0.55090463,0.5464037007591931
2026-01,1,0.6096938775510204,1.53,2.39,0.5221057,0.5443408030007417
2026-01,0,0.5202156334231806,1.78,1.93,0.5167194,0.5401080835358778
2026-01,1,0.5766233766233767,1.63,2.22,0.5651676,0.5782817599846353
2026-01,0,0.5039999999999999,1.86,1.89,0.39814115,0.43386070089786005
2026-01,0,0.4523809523809524,2.07,1.71,0.39749396,0.4390855983078461
2026-01,1,0.651219512195122,1.43,2.67,0.676759,0.6328055182819492
2026-01,0,0.6336633663366337,1.48,2.56,0.64032835,0.6131636417503671
2026-01,0,0.7348643006263047,1.27,3.52,0.69517815,0.6593220513192737
2026-01,1,0.42216358839050133,2.19,1.6,0.41660827,0.4658918334025334
2026-01,0,0.5464190981432361,1.71,2.06,0.5496727,0.5223049802950552
2026-01,0,0.5398936170212765,1.73,2.03,0.5262992,0.5352647773882697
2026-01,1,0.5476190476190476,1.71,2.07,0.5191168,0.5370681457249686
2026-01,1,0.5669291338582677,1.65,2.16,0.51815623,0.5196269729448942
2026-01,0,0.596401028277635,1.57,2.32,0.6164564,0.6102869573786436
2026-01,0,0.6388206388206389,1.47,2.6,0.59305185,0.5971930565462621
2026-01,1,0.42708333333333337,2.2,1.64,0.47479954,0.48965382107501704
2026-01,0,0.4591029023746703,2.05,1.74,0.53596365,0.5215918752931066
2026-01,0,0.5755208333333334,1.63,2.21,0.5480231,0.5472147758152899
2026-01,0,0.6081424936386769,1.54,2.39,0.68255603,0.5810349420972813
2026-01,1,0.5488126649076518,1.71,2.08,0.5513382,0.5194570185031284
2026-01,1,0.42105263157894735,2.2,1.6,0.47758836,0.4934420361103681
2026-01,1,0.38131313131313127,2.45,1.51,0.43915448,0.4613911719046002
2026-01,0,0.5529100529100528,1.69,2.09,0.60991144,0.5958444451586645
2026-01,0,0.4746666666666666,1.97,1.78,0.50434697,0.49759474048321395
2026-01,0,0.5039999999999999,1.86,1.89,0.45801848,0.46203645224454626
2026-01,0,0.44533333333333336,2.08,1.67,0.5157631,0.5479483118861909
2026-01,1,0.3974358974358974,2.35,1.55,0.46359333,0.49356168910677317
2026-01,1,0.7186147186147186,1.3,3.32,0.6529135,0.6655112934085825
2026-01,1,0.5053475935828876,1.85,1.89,0.4927774,0.49987618589113597
2026-01,0,0.46276595744680854,2.02,1.74,0.45782655,0.5142740149057292
2026-01,1,0.5361930294906166,1.73,2.0,0.59671694,0.5948368272115454
2026-01,0,0.5669291338582677,1.65,2.16,0.44368464,0.5147371101723226
2026-01,1,0.5067024128686327,1.84,1.89,0.5866127,0.5982726171741615
2026-01,0,0.37157107231920194,2.52,1.49,0.42164126,0.45000336208738245
2026-01,1,0.4623655913978494,2.0,1.72,0.43101883,0.5006841423823905
2026-01,0,0.29398663697104677,3.17,1.32,0.3455846,0.38487276629859185
2026-01,1,0.5870129870129869,1.59,2.26,0.5611283,0.5296089401402152
2026-01,1,0.4760638297872341,1.97,1.79,0.5669376,0.5742453210574521
2026-01,0,0.5654450261780105,1.66,2.16,0.5338141,0.5267904101053766
2026-01,0,0.5213903743315508,1.79,1.95,0.50123703,0.535376831271607
2026-01,0,0.5120643431635389,1.82,1.91,0.5717181,0.5494515364353485
2026-01,1,0.47978436657681944,1.93,1.78,0.45084327,0.4842869758678717
2026-01,1,0.47200000000000003,1.98,1.77,0.561354,0.5415586289658408
2026-01,0,0.5226666666666666,1.79,1.96,0.5895262,0.552233392016864
2026-01,0,0.4986666666666667,1.88,1.87,0.56143725,0.5601096177738205
2026-01,1,0.49333333333333335,1.9,1.85,0.6051254,0.5743755037944903
2026-01,0,0.42558746736292424,2.2,1.63,0.4428135,0.4848466280795003
2026-01,0,0.4891891891891892,1.89,1.81,0.44581786,0.5091242717840119
2026-01,0,0.31018518518518523,2.98,1.34,0.36238748,0.4097218398725269
2026-01,1,0.42558746736292424,2.2,1.63,0.4743124,0.4906921549365856
2026-01,1,0.5425531914893618,1.72,2.04,0.4795701,0.4979775294335808
2026-01,0,0.5066666666666666,1.85,1.9,0.5576022,0.5096611416341221
2026-01,0,0.5040650406504065,1.83,1.86,0.5395154,0.5483912883277207
2026-01,1,0.6721698113207547,1.39,2.85,0.6209574,0.6164926312915028
2026-01,0,0.3974358974358974,2.35,1.55,0.38927203,0.450855879590523
2026-01,0,0.38717948717948714,2.39,1.51,0.35825866,0.4296184985267425
2026-01,1,0.4,2.34,1.56,0.501161,0.5154606174731582
2026-01,1,0.44327176781002636,2.11,1.68,0.4540468,0.4929248625219205
2026-01,0,0.6277915632754342,1.5,2.53,0.59622025,0.5878728041113478
2026-01,0,0.6126582278481012,1.53,2.42,0.58390427,0.5804466505472564
2026-01,0,0.3620689655172414,2.59,1.47,0.453892,0.48004329060211
2026-01,1,0.3684210526315789,2.52,1.47,0.5153821,0.533418905207609
2026-01,1,0.6275000000000001,1.49,2.51,0.5655986,0.5245388623328125
2026-01,1,0.47340425531914887,1.98,1.78,0.5107655,0.5391100516774561
2026-01,1,0.4511873350923483,2.08,1.71,0.5274428,0.5181943196646275
2026-01,1,0.4020618556701031,2.32,1.56,0.40699354,0.48037011194676515
2026-01,0,0.4837837837837838,1.91,1.79,0.35568154,0.4078763628751863
2026-01,1,0.46276595744680854,2.02,1.74,0.51950395,0.527492437347731
2026-01,1,0.768939393939394,1.22,4.06,0.7935089,0.7078025764417357
2026-01,0,0.6354679802955665,1.48,2.58,0.67418224,0.662715485977506
2026-01,1,0.6171284634760705,1.52,2.45,0.6148216,0.5898505594468035
2026-01,1,0.5396825396825397,1.74,2.04,0.56220835,0.5770165577897144
2026-01,1,0.6336633663366337,1.48,2.56,0.57773894,0.5959395869937792
2026-01,1,0.47074468085106375,1.99,1.77,0.546043,0.518479378446906
2026-01,0,0.6737089201877935,1.39,2.87,0.6309333,0.5668841010987928
2026-01,1,0.53315649867374,1.76,2.01,0.5672226,0.5268992425130457
2026-01,0,0.4557640750670242,2.03,1.7,0.43647426,0.47807404316653307
2026-01,1,0.4192708333333333,2.23,1.61,0.32363716,0.382302847521601
2026-01,0,0.5187165775401069,1.8,1.94,0.4522601,0.4866881021842042
2026-01,1,0.47733333333333333,1.96,1.79,0.50817,0.5245518651038882
2026-01,1,0.45721925133689845,2.03,1.71,0.42639297,0.49675442409818116
2026-01,1,0.41558441558441556,2.25,1.6,0.46797556,0.5292013281041115
2026-01,1,0.49066666666666664,1.91,1.84,0.5455463,0.5475840816827864
2026-01,1,0.596401028277635,1.57,2.32,0.6003417,0.5714304353029496
2026-01,1,0.4557640750670242,2.03,1.7,0.38669348,0.43406670311389817
2026-01,0,0.5669291338582677,1.65,2.16,0.62705135,0.6057364142491233
2026-01,0,0.3602941176470588,2.61,1.47,0.45319867,0.4435756168930741
2026-01,1,0.4088541666666667,2.27,1.57,0.31863886,0.42182880367976366
2026-01,0,0.642156862745098,1.46,2.62,0.6993478,0.6670499655024058
2026-01,1,0.5818181818181818,1.61,2.24,0.61946166,0.6233343354579313
2026-01,0,0.4447368421052632,2.11,1.69,0.53558457,0.5228809714107976
2026-01,1,0.5643044619422573,1.66,2.15,0.5090047,0.5158701454803178
2026-01,0,0.41207349081364825,2.24,1.57,0.45042038,0.4990572754622341
2026-01,1,0.5488126649076518,1.71,2.08,0.45492616,0.43638144094644127
2026-01,1,0.5396825396825397,1.74,2.04,0.5838076,0.5622784312759107
2026-01,1,0.3944020356234097,2.38,1.55,0.4401361,0.4938822025049222
2026-01,0,0.49071618037135284,1.92,1.85,0.43667787,0.4509049140597151
2026-01,0,0.5718015665796344,1.64,2.19,0.630295,0.5983196303430378
2026-01,1,0.5333333333333333,1.75,2.0,0.6022855,0.5935843193386039
2026-01,1,0.6161616161616161,1.52,2.44,0.5987073,0.5891944206263051
2026-01,1,0.767175572519084,1.22,4.02,0.67269695,0.6376955868088685
2026-01,0,0.44533333333333336,2.08,1.67,0.45123968,0.48858751802235145
2026-01,0,0.46010638297872336,2.03,1.73,0.53403795,0.5094973291346865
2026-01,0,0.44708994708994704,2.09,1.69,0.39023003,0.4348427575109782
2026-01,1,0.5517241379310345,1.69,2.08,0.5635277,0.5548979296139553
2026-01,1,0.5278514588859416,1.78,1.99,0.5861641,0.5995786381051169
2026-01,1,0.554089709762533,1.69,2.1,0.65324986,0.5999887310082381
2026-01,1,0.37064676616915426,2.53,1.49,0.5546469,0.5221515907455497
2026-01,0,0.49595687331536387,1.87,1.84,0.56064606,0.5615940793944221
2026-01,1,0.4654255319148936,2.01,1.75,0.49765664,0.5164677304771599
2026-01,1,0.528,1.77,1.98,0.5102149,0.5009680422525636
2026-01,0,0.43193717277486904,2.17,1.65,0.48402214,0.5076229227053959
2026-01,0,0.5661375661375662,1.64,2.14,0.58891165,0.5735799696879165
2026-01,1,0.41666666666666663,2.24,1.6,0.5138351,0.5488392146647099
2026-01,1,0.4611260053619303,2.01,1.72,0.47896403,0.5169194861474042
2026-01,1,0.37749999999999995,2.49,1.51,0.33327118,0.39436932954437476
2026-01,0,0.33812949640287776,2.76,1.41,0.45361733,0.45811377848235557
2026-01,0,0.4281984334203655,2.19,1.64,0.4777034,0.48716695948644545
2026-01,0,0.5703125,1.65,2.19,0.5470043,0.5675734306037541
2026-01,0,0.4591029023746703,2.05,1.74,0.50423974,0.5401454280654222
2026-01,0,0.5974358974358973,1.57,2.33,0.61894375,0.6096204388354853
2026-01,0,0.4350132625994695,2.13,1.64,0.43462175,0.47583693453367487
2026-01,1,0.33890214797136037,2.77,1.42,0.43668494,0.4541354486492615
2026-01,0,0.5989717223650385,1.56,2.33,0.5632709,0.5470048780303971
2026-01,1,0.374064837905237,2.51,1.5,0.4224577,0.47282425416391327
2026-01,0,0.4192708333333333,2.23,1.61,0.45112437,0.4683190456970644
2026-01,1,0.42708333333333337,2.2,1.64,0.3610357,0.45350971958972447
2026-01,1,0.6151898734177216,1.52,2.43,0.6640999,0.6251942111267997
2026-01,1,0.42297650130548303,2.21,1.62,0.4506585,0.46550697008581743
2026-01,1,0.625,1.5,2.5,0.5842773,0.5968644919121919
2026-01,0,0.5643044619422573,1.66,2.15,0.4919432,0.5196303419640393
2026-01,1,0.5226666666666666,1.79,1.96,0.5722195,0.5462658397025886
2026-01,1,0.49071618037135284,1.92,1.85,0.5176224,0.4857876644516383
2026-01,0,0.5435356200527705,1.73,2.06,0.51632464,0.5113092707619689
2026-01,0,0.5132978723404255,1.83,1.93,0.5655535,0.5276135616581701
2026-01,1,0.5,1.87,1.87,0.36192462,0.45352084945102994
2026-01,1,0.34466019417475724,2.7,1.42,0.42226666,0.4501411873413321
2026-01,0,0.4851752021563342,1.91,1.8,0.3398314,0.42309798937854437
2026-01,1,0.5502645502645503,1.7,2.08,0.63984144,0.5961184211259316
2026-01,1,0.4694960212201591,2.0,1.77,0.52715594,0.5090463735594362
2026-01,0,0.5372340425531915,1.74,2.02,0.4681212,0.4956768168891184
2026-01,1,0.7239915074309979,1.3,3.41,0.6819614,0.6723737934423764
2026-01,1,0.6136363636363636,1.53,2.43,0.57074344,0.5557870180642903
2026-01,0,0.4704301075268817,1.97,1.75,0.46017092,0.47555400303130424
2026-01,1,0.46276595744680854,2.02,1.74,0.5829242,0.5395665481045924
2026-01,1,0.37749999999999995,2.49,1.51,0.41052288,0.44954465139211275
2026-01,1,0.5818181818181818,1.61,2.24,0.6923456,0.5999027396238354
2026-01,1,0.46648793565683644,1.99,1.74,0.40560842,0.44488175727232326
2026-01,1,0.703125,1.33,3.15,0.71114093,0.6743572848261746
2026-01,1,0.6361386138613861,1.47,2.57,0.5687541,0.5947682800825862
2026-02,0,0.3731343283582089,2.52,1.5,0.44123864,0.44205291236027
2026-02,1,0.5349462365591399,1.73,1.99,0.5283582,0.5718696179183891
2026-02,1,0.6403940886699507,1.46,2.6,0.6833725,0.6641314883859064
2026-02,0,0.526595744680851,1.78,1.98,0.49696335,0.5269333072738572
2026-02,0,0.49202127659574474,1.91,1.85,0.53566575,0.5275628766466405
2026-02,0,0.4746666666666666,1.97,1.78,0.5877658,0.5306964978935436
2026-02,1,0.5680628272251308,1.65,2.17,0.6112048,0.5759326676868224
2026-02,0,0.5306666666666666,1.76,1.99,0.61348236,0.6134067089017881
2026-02,0,0.5865633074935401,1.6,2.27,0.63121504,0.6332911331619665
2026-02,0,0.3836317135549872,2.41,1.5,0.45267993,0.4938546663603739
2026-02,1,0.5026737967914439,1.86,1.88,0.53291243,0.5498966058010141
2026-02,0,0.4267015706806283,2.19,1.63,0.4924504,0.5088037454916053
2026-02,1,0.5240641711229947,1.78,1.96,0.5315913,0.5661684136855601
2026-02,0,0.4574468085106383,2.04,1.72,0.58285224,0.5744291556150996
2026-02,1,0.6602870813397128,1.42,2.76,0.5823399,0.5845778748337471
2026-02,1,0.5839793281653746,1.61,2.26,0.5852494,0.5536122699895063
2026-02,0,0.5744125326370757,1.63,2.2,0.6075413,0.5856472368633985
2026-02,0,0.3270588235294118,2.86,1.39,0.40080875,0.44487157945923406
2026-02,0,0.3772151898734177,2.46,1.49,0.40214524,0.4642614026933217
2026-02,0,0.5890052356020942,1.57,2.25,0.50685084,0.5155831286442206
2026-02,1,0.49066666666666664,1.91,1.84,0.5280801,0.520071973335027
2026-02,1,0.6151898734177216,1.52,2.43,0.62240064,0.5978877616536882
2026-02,0,0.4281984334203655,2.19,1.64,0.49718103,0.545523458369088
2026-02,0,0.5202156334231806,1.78,1.93,0.48731557,0.5067956509444893
2026-02,1,0.42857142857142855,2.16,1.62,0.45546278,0.5103039448627343
2026-02,0,0.43193717277486904,2.17,1.65,0.44667035,0.47176566114818885
2026-02,1,0.4244791666666667,2.21,1.63,0.56157786,0.5403555339981019
2026-02,1,0.42558746736292424,2.2,1.63,0.47111616,0.511394778234844
2026-02,1,0.445910290237467,2.1,1.69,0.4435157,0.4853207414594904
2026-02,0,0.5013333333333333,1.87,1.88,0.5366393,0.5321712846033373
2026-02,0,0.3897435897435897,2.38,1.52,0.4180808,0.4491021717737844
2026-02,0,0.5411140583554377,1.73,2.04,0.5607554,0.5730796853818684
2026-02,0,0.3954081632653061,2.37,1.55,0.51451415,0.5278787408308634
2026-02,1,0.4296875,2.19,1.65,0.4460945,0.4848637817319868
2026-02,1,0.4526315789473684,2.08,1.72,0.47222728,0.4577144425924664
2026-02,0,0.6447688564476886,1.46,2.65,0.58421296,0.5660870651941137
2026-02,1,0.5027027027027027,1.84,1.86,0.37902707,0.4634521265956786
2026-02,0,0.5384615384615384,1.74,2.03,0.5476408,0.5682195675699917
2026-02,0,0.5292553191489361,1.77,1.99,0.52550614,0.5485177788806508
2026-02,0,0.5199999999999999,1.8,1.95,0.52233416,0.5460532660364799
2026-02,1,0.502659574468085,1.87,1.89,0.57421714,0.5905072706413343
2026-02,1,0.6020408163265306,1.56,2.36,0.6444339,0.631124171516487
2026-02,0,0.5654450261780105,1.66,2.16,0.6037414,0.5850467459484229
2026-02,0,0.5039999999999999,1.86,1.89,0.6282476,0.585617794123863
2026-02,1,0.5578947368421052,1.68,2.12,0.62160116,0.586226672199855
2026-02,1,0.4308093994778067,2.18,1.65,0.53894365,0.5025124440955471
2026-02,1,0.5552631578947369,1.69,2.11,0.5579564,0.5190575809050878
2026-02,0,0.3640897755610973,2.55,1.46,0.38174123,0.43809767619763007
2026-02,1,0.7484909456740443,1.25,3.72,0.70690084,0.6776307661487198
2026-02,1,0.5917312661498708,1.58,2.29,0.58621055,0.5822396532047893
2026-02,1,0.3731343283582089,2.52,1.5,0.48018146,0.48047470596343517
2026-02,1,0.5616797900262467,1.67,2.14,0.48790923,0.527030205868017
2026-02,0,0.5854922279792746,1.6,2.26,0.62451917,0.6180671807419302
2026-02,0,0.3772151898734177,2.46,1.49,0.383283,0.4231491755652458
2026-02,0,0.4562334217506631,2.05,1.72,0.4098541,0.46295776583815423
2026-02,1,0.49468085106382986,1.9,1.86,0.57650805,0.5749814890946126
2026-02,1,0.5187165775401069,1.8,1.94,0.60298824,0.5872712035831349
2026-02,0,0.49865951742627346,1.87,1.86,0.63035417,0.6072148165316686
2026-02,0,0.48,1.95,1.8,0.4518659,0.4703576798801612
2026-02,0,0.28017241379310354,3.34,1.3,0.474119,0.4703623174861411
2026-02,1,0.48247978436657685,1.92,1.79,0.4095447,0.458272344052445
2026-02,0,0.6327543424317617,1.48,2.55,0.6322751,0.6364198173216846
2026-02,0,0.5226666666666666,1.79,1.96,0.55793244,0.5470566524706197
2026-02,1,0.3405275779376499,2.75,1.42,0.35064432,0.38610403256827364
2026-02,1,0.642156862745098,1.46,2.62,0.60928524,0.6256192837208538
2026-02,1,0.4973118279569893,1.87,1.85,0.44631132,0.463971028886215
2026-02,0,0.4732620320855615,1.97,1.77,0.40150595,0.4525551476987964
2026-02,1,0.48128342245989303,1.94,1.8,0.5120131,0.5544755349431033
2026-02,1,0.5134408602150538,1.81,1.91,0.5127407,0.5485081037682693
2026-02,0,0.44327176781002636,2.11,1.68,0.5148136,0.48681719102787213
2026-02,0,0.39845758354755784,2.34,1.55,0.4862079,0.5124529917430989
2026-02,1,0.48533333333333345,1.93,1.82,0.54063684,0.5253957355356578
2026-02,1,0.6020408163265306,1.56,2.36,0.61947435,0.5733888185803416
2026-02,1,0.7611650485436894,1.23,3.92,0.7521003,0.7196876276703397
2026-02,1,0.53315649867374,1.76,2.01,0.6154936,0.5959265952166826
2026-02,0,0.5680628272251308,1.65,2.17,0.6150559,0.6059748558547611
2026-02,1,0.3969072164948454,2.34,1.54,0.38339797,0.4633030470803157
2026-02,1,0.4473684210526316,2.1,1.7,0.60409546,0.5661818014922142
2026-02,1,0.6618705035971223,1.41,2.76,0.6951362,0.6875982649235226
2026-02,1,0.47849462365591405,1.94,1.78,0.5854962,0.5769034786370516
2026-02,0,0.6025641025641025,1.55,2.35,0.3973121,0.4838702086933946
2026-02,1,0.5590551181102362,1.68,2.13,0.54790884,0.540984265603895
2026-02,0,0.5687830687830688,1.63,2.15,0.44723043,0.4828625927672546
2026-02,0,0.4654255319148936,2.01,1.75,0.4610514,0.5017876373641366
2026-02,1,0.5425531914893618,1.72,2.04,0.39814013,0.4615085778027793
2026-02,1,0.5538057742782152,1.7,2.11,0.59340906,0.5789081759774948
2026-02,1,0.5818181818181818,1.61,2.24,0.5683676,0.5708319062442018
2026-02,1,0.5146666666666666,1.82,1.93,0.5753541,0.5644060037408739
2026-02,0,0.6388206388206389,1.47,2.6,0.6540314,0.6036678896388283
2026-02,1,0.48930481283422456,1.91,1.83,0.5297316,0.5336149565458845
2026-02,1,0.6171284634760705,1.52,2.45,0.580802,0.5469378261616329
2026-02,0,0.5358090185676393,1.75,2.02,0.5719697,0.5616922440236071
2026-02,0,0.4826666666666667,1.94,1.81,0.44837865,0.45408713922809857
2026-02,0,0.5226666666666666,1.79,1.96,0.5854653,0.5451393992527128
2026-02,0,0.512,1.83,1.92,0.48608875,0.5013503420543146
2026-02,1,0.6783216783216783,1.38,2.91,0.51637983,0.5620255857823562
2026-02,1,0.6171284634760705,1.52,2.45,0.491695,0.5559343825533223
2026-02,1,0.5699208443271768,1.63,2.16,0.54059994,0.5566830540914967
2026-02,1,0.502659574468085,1.87,1.89,0.50393707,0.5263246188152846
2026-02,0,0.4654255319148936,2.01,1.75,0.41493878,0.4821840029638751
2026-02,1,0.6186868686868687,1.51,2.45,0.56397283,0.5554298047487082
2026-02,1,0.47721179624664883,1.95,1.78,0.50678116,0.5153091465693456
2026-02,1,0.4345549738219895,2.16,1.66,0.40789875,0.4546537937739375
2026-02,1,0.5226666666666666,1.79,1.96,0.6925071,0.6428062461963023
2026-02,1,0.5159574468085106,1.82,1.94,0.5314497,0.5509207107802883
2026-02,1,0.4523809523809524,2.07,1.71,0.4797822,0.5068387306147637
2026-02,1,0.5665796344647519,1.66,2.17,0.6164544,0.6182123070887791
2026-02,1,0.544973544973545,1.72,2.06,0.5479201,0.559690840935732
2026-02,1,0.7182795698924732,1.31,3.34,0.68219477,0.6906690863767542
2026-02,0,0.36069651741293535,2.57,1.45,0.40557536,0.4449658332866977
2026-02,1,0.3903061224489796,2.39,1.53,0.33906394,0.39575007667969997
2026-02,1,0.5870129870129869,1.59,2.26,0.61512864,0.6058534814950923
2026-02,0,0.4562334217506631,2.05,1.72,0.5095223,0.5105861687206443
2026-02,1,0.655421686746988,1.43,2.72,0.6178155,0.6243338894215921
2026-02,0,0.39845758354755784,2.34,1.55,0.50154173,0.551555015651557
2026-02,0,0.4274406332453826,2.17,1.62,0.4503172,0.4827296704566524
2026-02,0,0.5080213903743315,1.84,1.9,0.44135088,0.49016376572107234
2026-02,1,0.48670212765957455,1.93,1.83,0.6080457,0.6139231256715326
2026-02,1,0.6570048309178744,1.42,2.72,0.585374,0.5940904987108524
2026-02,1,0.40625000000000006,2.28,1.56,0.41134563,0.43131183979429066
2026-02,1,0.5187165775401069,1.8,1.94,0.58370936,0.5171577839933147
2026-02,1,0.421875,2.22,1.62,0.53011996,0.5331118192059139
2026-02,1,0.4035989717223651,2.32,1.57,0.50949717,0.5381011796368447
2026-02,0,0.40155440414507776,2.31,1.55,0.37741846,0.45002848570431225
2026-02,0,0.3731343283582089,2.52,1.5,0.4888175,0.5121002424460972
2026-02,1,0.4281984334203655,2.19,1.64,0.43195438,0.4616521694942668
2026-02,1,0.38095238095238093,2.47,1.52,0.41009694,0.4281075848497752
2026-02,0,0.5488126649076518,1.71,2.08,0.60484284,0.6029168128421287
2026-02,1,0.4574468085106383,2.04,1.72,0.4462126,0.49712914558551113
2026-02,1,0.46774193548387094,1.98,1.74,0.47850615,0.465513232829855
2026-02,0,0.39896373056994816,2.32,1.54,0.51903325,0.5475865224245611
2026-02,1,0.43044619422572183,2.17,1.64,0.51984704,0.5148801451776683
2026-02,0,0.41406249999999994,2.25,1.59,0.5229517,0.524281965804704
2026-02,1,0.6798143851508122,1.38,2.93,0.63265175,0.6290193346146575
2026-02,1,0.46276595744680854,2.02,1.74,0.45757985,0.4856069660034317
2026-02,0,0.4786096256684492,1.95,1.79,0.54561764,0.5254591028381812
2026-02,0,0.4945945945945946,1.87,1.83,0.45871955,0.4977768794754567
2026-02,0,0.5555555555555556,1.68,2.1,0.5906508,0.5872957283711385
2026-02,1,0.38131313131313127,2.45,1.51,0.38545388,0.43118224787835635
2026-02,0,0.5081081081081081,1.82,1.88,0.4335478,0.46216456821395047
2026-02,1,0.4693333333333332,1.99,1.76,0.49961677,0.5520589485279794
2026-02,1,0.4865591397849462,1.91,1.81,0.38204253,0.4714941209987381
2026-02,0,0.36386138613861385,2.57,1.47,0.43665043,0.4366196938485114
2026-02,1,0.717391304347826,1.3,3.3,0.6797864,0.6399646228445741
2026-02,0,0.5669291338582677,1.65,2.16,0.40259346,0.4500690797668531
2026-02,0,0.4880000000000001,1.92,1.83,0.5230981,0.52222636249711
2026-02,1,0.5552631578947369,1.69,2.11,0.5272874,0.511332879696312
2026-02,1,0.42857142857142855,2.16,1.62,0.41330504,0.4924037279945068
2026-02,0,0.5319148936170213,1.76,2.0,0.5460106,0.5778577667467282
2026-02,1,0.421875,2.22,1.62,0.47583652,0.498562338841931
2026-02,0,0.5567282321899736,1.68,2.11,0.55138266,0.5644059301777742
2026-02,1,0.5106951871657753,1.83,1.91,0.5649994,0.5773203707212418
2026-02,1,0.49066666666666664,1.91,1.84,0.42318588,0.4795247492950557
2026-02,0,0.44533333333333336,2.08,1.67,0.4843484,0.48889424628483114
2026-02,0,0.47340425531914887,1.98,1.78,0.57116574,0.588070855241434
2026-02,1,0.5578947368421052,1.68,2.12,0.5275792,0.5601187563240264
2026-02,1,0.7875,1.19,4.41,0.7742638,0.7377450958881006
2026-02,0,0.4986666666666667,1.88,1.87,0.6139964,0.5750840524957355
2026-02,1,0.6,1.56,2.34,0.57324255,0.5860715912435661
2026-02,0,0.5372340425531915,1.74,2.02,0.54490083,0.5123573674877729
2026-02,0,0.5186170212765957,1.81,1.95,0.5468286,0.5383721313869441
2026-02,0,0.6578313253012049,1.42,2.73,0.6595173,0.6223350911714894
2026-02,1,0.38618925831202044,2.4,1.51,0.3562173,0.4175528508785622
2026-02,0,0.38717948717948714,2.39,1.51,0.3979107,0.406605741612701
2026-02,0,0.49732620320855614,1.88,1.86,0.538615,0.5837143467737091
2026-02,1,0.6395061728395062,1.46,2.59,0.5915885,0.5653562302505959
2026-02,0,0.46010638297872336,2.03,1.73,0.56741774,0.5337711819203486
2026-02,0,0.6071428571428571,1.54,2.38,0.59263396,0.5738361661701117
2026-02,1,0.6529126213592232,1.43,2.69,0.58459496,0.615377688547659
2026-02,1,0.5789473684210527,1.6,2.2,0.5624808,0.6000924489377245
2026-02,1,0.5657894736842105,1.65,2.15,0.49098295,0.5308233777316471
2026-02,0,0.4267015706806283,2.19,1.63,0.503583,0.49351415911919067
2026-02,0,0.40102827763496146,2.33,1.56,0.43190512,0.45224934050732923
2026-02,1,0.6626794258373206,1.41,2.77,0.67033255,0.618027438952782
2026-02,1,0.5106951871657753,1.83,1.91,0.5108892,0.5315578644630409
2026-02,0,0.45844504021447724,2.02,1.71,0.46665663,0.49169684138558595
2026-02,1,0.7520000000000001,1.24,3.76,0.80811137,0.7028531748537137
2026-02,1,0.4145077720207254,2.26,1.6,0.4244647,0.4725745435283334
2026-02,1,0.40731070496083555,2.27,1.56,0.48609513,0.514598293694348
2026-02,0,0.3247058823529411,2.87,1.38,0.3571231,0.4279184334013052
2026-02,1,0.5040214477211796,1.85,1.88,0.50456035,0.5174836874906568
2026-02,0,0.496,1.89,1.86,0.51487833,0.5000491388751706
2026-02,1,0.44210526315789467,2.12,1.68,0.5316492,0.5048926769942588
2026-02,0,0.5590551181102362,1.68,2.13,0.62761796,0.5608327847893262
2026-02,1,0.4523809523809524,2.07,1.71,0.49419862,0.5150985625668145
2026-02,1,0.5053191489361702,1.86,1.9,0.5593403,0.5860549047994805
2026-02,1,0.7775735294117647,1.21,4.23,0.724264,0.6801458071723077
2026-02,1,0.48247978436657685,1.92,1.79,0.43216887,0.4637614811407561
2026-02,0,0.4654255319148936,2.01,1.75,0.5564388,0.5373216305261681
2026-02,1,0.5187165775401069,1.8,1.94,0.5439599,0.5309357569890953
2026-02,0,0.4497354497354497,2.08,1.7,0.4227737,0.4609395803811708
2026-02,1,0.528,1.77,1.98,0.5263767,0.5124805572038424
2026-02,1,0.41343669250646,2.27,1.6,0.5233141,0.5143382067670932
2026-02,0,0.5253333333333333,1.78,1.97,0.5026351,0.49891183995427635
2026-02,0,0.4368421052631579,2.14,1.66,0.5026787,0.5184259503430935
2026-02,0,0.4338624338624339,2.14,1.64,0.49205065,0.4959758869264273
2026-02,1,0.6136363636363636,1.53,2.43,0.5441969,0.5768724149077917
2026-02,1,0.49066666666666664,1.91,1.84,0.52879435,0.5375696677399782
2026-02,1,0.5306666666666666,1.76,1.99,0.5943569,0.5739525284602949
2026-02,0,0.4865591397849462,1.91,1.81,0.4110976,0.4633650313570377
2026-02,1,0.5306666666666666,1.76,1.99,0.51906896,0.4848020167613989
2026-02,0,0.53315649867374,1.76,2.01,0.5267188,0.548661901231824
2026-02,0,0.4473684210526316,2.1,1.7,0.40221316,0.42458416317095576
2026-02,1,0.3883248730964467,2.41,1.53,0.45423317,0.4808149546434469
2026-02,0,0.5578947368421052,1.68,2.12,0.6182633,0.5805583084897984
2026-02,1,0.4905660377358491,1.89,1.82,0.5385922,0.5997783678885293
2026-02,0,0.519893899204244,1.81,1.96,0.5201915,0.5629930691247241
2026-02,0,0.5215053763440861,1.78,1.94,0.560272,0.5573039365203372
2026-02,0,0.578125,1.62,2.22,0.57859915,0.5723704419739193
2026-02,0,0.3863636363636363,2.43,1.53,0.42424265,0.43658890328439987
2026-02,0,0.5119363395225464,1.84,1.93,0.58091235,0.544101948633456
2026-02,0,0.42077922077922075,2.23,1.62,0.561522,0.54682894422809
2026-02,0,0.5329815303430079,1.77,2.02,0.5325403,0.5213407327725095
2026-02,0,0.41298701298701296,2.26,1.59,0.546976,0.5852094108269791
2026-02,1,0.4787234042553191,1.96,1.8,0.58985054,0.5155902687508056
2026-02,0,0.5718015665796344,1.64,2.19,0.62195617,0.6221672700686094
2026-02,0,0.4694960212201591,2.0,1.77,0.45655784,0.5032648476331996
2026-02,0,0.5411140583554377,1.73,2.04,0.59814256,0.5957216335220863
2026-02,0,0.5616797900262467,1.67,2.14,0.52945703,0.5472662708219531
2026-02,1,0.5173333333333333,1.81,1.94,0.5501443,0.5379286537893455
2026-02,1,0.6578313253012049,1.42,2.73,0.60241926,0.5589295026238983
2026-02,1,0.5423280423280423,1.73,2.05,0.5564915,0.5516565238355549
2026-02,1,0.7418032786885246,1.26,3.62,0.7123469,0.6822806985448856
2026-02,0,0.3215962441314554,2.89,1.37,0.42089757,0.4362876828336596
2026-02,0,0.5093833780160857,1.83,1.9,0.5317682,0.5625201710745251
2026-02,1,0.42077922077922075,2.23,1.62,0.44590244,0.45979592686119997
2026-02,0,0.41732283464566927,2.22,1.59,0.4815835,0.5121773360057034
2026-02,1,0.7210300429184548,1.3,3.36,0.6434969,0.6940901814522281
2026-02,0,0.3969072164948454,2.34,1.54,0.365866,0.43500993897315726
2026-02,0,0.5818181818181818,1.61,2.24,0.6204513,0.5799057676800423
2026-02,0,0.46010638297872336,2.03,1.73,0.46282825,0.5368925248384555
2026-02,0,0.5620052770448549,1.66,2.13,0.46933347,0.5135879134167445
2026-02,0,0.5514511873350924,1.7,2.09,0.6562917,0.6330920043909603
2026-02,0,0.47058823529411764,1.98,1.76,0.49964118,0.5250079541864464
2026-02,1,0.5911458333333334,1.57,2.27,0.45625672,0.4716973528436865
2026-02,0,0.6594202898550725,1.41,2.73,0.52795666,0.5344793667497929
2026-03,0,0.4986666666666667,1.88,1.87,0.5351021,0.5471136627011437
2026-03,1,0.4693333333333332,1.99,1.76,0.47473726,0.506631753695489
2026-03,1,0.4625668449197861,2.01,1.73,0.34478396,0.4010981622055426
2026-03,1,0.5239361702127661,1.79,1.97,0.48293453,0.47937660582800656
2026-03,1,0.5146666666666666,1.82,1.93,0.5430125,0.5609585553965701
2026-03,1,0.5792207792207792,1.62,2.23,0.6298148,0.5915732648519204
2026-03,1,0.5461741424802111,1.72,2.07,0.5357589,0.5355174425812361
2026-03,0,0.5013404825737265,1.86,1.87,0.6123863,0.5703607324752448
2026-03,1,0.6586538461538461,1.42,2.74,0.67172885,0.6637127661986506
2026-03,0,0.4267015706806283,2.19,1.63,0.40616164,0.4394198953697296
2026-03,0,0.4491978609625669,2.06,1.68,0.37319455,0.47351571829839434
2026-03,0,0.536,1.74,2.01,0.49205098,0.5073541050567797
2026-03,1,0.4267015706806283,2.19,1.63,0.5748311,0.5252575100993871
2026-03,0,0.4919786096256684,1.9,1.84,0.39348966,0.44949828495516997
2026-03,0,0.5333333333333333,1.75,2.0,0.5892661,0.6052762836849648
2026-03,1,0.5514511873350924,1.7,2.09,0.60618186,0.5863757710996944
2026-03,0,0.3883248730964467,2.41,1.53,0.5056508,0.49687701823529795
2026-03,1,0.40155440414507776,2.31,1.55,0.44428402,0.4884573906780475
2026-03,1,0.48395721925133695,1.93,1.81,0.4905932,0.5262603673322859
2026-03,1,0.6010230179028133,1.56,2.35,0.5863582,0.6089477939094878
2026-03,1,0.41558441558441556,2.25,1.6,0.5494675,0.566721244555511
2026-03,1,0.5620052770448549,1.66,2.13,0.6369822,0.6308500247345468
2026-03,1,0.4146981627296588,2.23,1.58,0.44430184,0.46378830434071827
2026-03,1,0.47721179624664883,1.95,1.78,0.4693069,0.47365038019354166
2026-03,0,0.4511873350923483,2.08,1.71,0.43070975,0.4559901201120858
2026-03,0,0.4195250659630607,2.2,1.59,0.4773821,0.4993145893034084
2026-03,1,0.5774278215223098,1.61,2.2,0.5446736,0.5620459315709623
2026-03,1,0.4680851063829787,2.0,1.76,0.44868866,0.48563219301294863
2026-03,0,0.528,1.77,1.98,0.6176529,0.5580094161233398
2026-03,0,0.4526315789473684,2.08,1.72,0.49600214,0.490947105423684
2026-03,0,0.5948717948717949,1.58,2.32,0.54017305,0.5390307398537106
2026-03,0,0.49071618037135284,1.92,1.85,0.577124,0.5390726417510664
2026-03,1,0.5984654731457799,1.57,2.34,0.55235887,0.5360930466262729
2026-03,1,0.44708994708994704,2.09,1.69,0.37954018,0.4545765285502218
2026-03,1,0.5628272251308901,1.67,2.15,0.57245576,0.5723092388152455
2026-03,1,0.596401028277635,1.57,2.32,0.59763867,0.5576822881758015
2026-03,0,0.544973544973545,1.72,2.06,0.53805715,0.5330019158455233
2026-03,0,0.5514511873350924,1.7,2.09,0.6489004,0.6107828392871449
2026-03,0,0.4946524064171124,1.89,1.85,0.52669924,0.5207655542878852
2026-03,1,0.6161616161616161,1.52,2.44,0.58303213,0.6009249174308208
2026-03,1,0.5253333333333333,1.78,1.97,0.6103021,0.5832651751569095
2026-03,1,0.7514910536779323,1.25,3.78,0.8089836,0.7668812775028558
2026-03,0,0.4388297872340426,2.11,1.65,0.44603038,0.4685651692057129
2026-03,1,0.43717277486910994,2.15,1.67,0.40446204,0.4549567681147047
2026-03,1,0.7117903930131004,1.32,3.26,0.7266151,0.6667173146933951
2026-03,1,0.47340425531914887,1.98,1.78,0.5174462,0.5378566005008032
2026-03,1,0.43307086614173224,2.16,1.65,0.5284415,0.5176505466923003
2026-03,1,0.46684350132625996,2.01,1.76,0.4659993,0.48660983945533204
2026-03,1,0.5605263157894738,1.67,2.13,0.59179246,0.5730133082242299
2026-03,1,0.5927835051546392,1.58,2.3,0.6067034,0.6483276894820769
2026-03,1,0.5079787234042553,1.85,1.91,0.56223524,0.5638578249939729
2026-03,1,0.655421686746988,1.43,2.72,0.5527482,0.588089174328144
2026-03,1,0.6388206388206389,1.47,2.6,0.55079067,0.5800203624671181
2026-03,0,0.4088541666666667,2.27,1.57,0.37958783,0.42295587331648543
2026-03,1,0.5188172043010751,1.79,1.93,0.3656053,0.4350789859755979
2026-03,0,0.4946524064171124,1.89,1.85,0.46366444,0.5037235175213604
2026-03,0,0.4103896103896104,2.27,1.58,0.38295826,0.4037788591908077
2026-03,1,0.4986666666666667,1.88,1.87,0.52098435,0.5312686708633478
2026-03,1,0.6045918367346939,1.55,2.37,0.60958415,0.6148339216442529
2026-03,0,0.383248730964467,2.43,1.51,0.32683635,0.4109274748474406
2026-03,1,0.5333333333333333,1.75,2.0,0.55629486,0.5728075338350571
2026-03,0,0.48128342245989303,1.94,1.8,0.52251184,0.5204247281272742
2026-03,1,0.5865633074935401,1.6,2.27,0.5431609,0.5507774801423796
2026-03,1,0.448,2.07,1.68,0.52330536,0.5400707353153343
2026-03,0,0.6361386138613861,1.47,2.57,0.62127954,0.6568933726439594
2026-03,0,0.5160427807486632,1.81,1.93,0.5936782,0.6122964010030034
2026-03,1,0.35452322738386305,2.64,1.45,0.5268257,0.4946837105100663
2026-03,1,0.5968992248062015,1.56,2.31,0.5163877,0.5251663840092073
2026-03,1,0.45721925133689845,2.03,1.71,0.4870541,0.5513073694648649
2026-03,1,0.6370370370370371,1.47,2.58,0.6537412,0.5785474662498011
2026-03,1,0.47074468085106375,1.99,1.77,0.54244894,0.504660161291251
2026-03,0,0.5026737967914439,1.86,1.88,0.44776854,0.4670355227260836
2026-03,0,0.47733333333333333,1.96,1.79,0.4816648,0.5297324266668392
2026-03,0,0.34708737864077666,2.69,1.43,0.34745547,0.4051691740082727
2026-03,0,0.47311827956989244,1.96,1.76,0.44417176,0.49197483078968146
2026-03,0,0.5120643431635389,1.82,1.91,0.4782141,0.4873170784702217
2026-03,0,0.4732620320855615,1.97,1.77,0.45037857,0.46827818476907235
2026-03,1,0.5721784776902887,1.63,2.18,0.6098219,0.5776689709017315
2026-03,1,0.4732620320855615,1.97,1.77,0.52972496,0.5222522315495948
2026-03,1,0.4020618556701031,2.32,1.56,0.41594428,0.4757794866845642
2026-03,1,0.5736842105263158,1.62,2.18,0.5737233,0.5902418640068721
2026-03,0,0.38167938931297707,2.43,1.5,0.41452807,0.4184722684689309
2026-03,0,0.43044619422572183,2.17,1.64,0.4012014,0.46152656861921443
2026-03,0,0.48,1.95,1.8,0.5602652,0.5927302103492679
2026-03,0,0.5213903743315508,1.79,1.95,0.53084767,0.5196779892457419
2026-03,0,0.4323607427055703,2.14,1.63,0.3478631,0.3828218279624308
2026-03,1,0.39285714285714285,2.38,1.54,0.47081643,0.48251621917087933
2026-03,1,0.5481283422459893,1.69,2.05,0.56611526,0.5715353466297581
2026-03,1,0.43193717277486904,2.17,1.65,0.53748256,0.5286608885054018
2026-03,0,0.43421052631578944,2.15,1.65,0.39154583,0.45043414341414956
2026-03,0,0.4244791666666667,2.21,1.63,0.41145998,0.47949336331778847
2026-03,0,0.4596774193548387,2.01,1.71,0.41921502,0.4792200535939852
2026-03,0,0.5989717223650385,1.56,2.33,0.62966835,0.580073044043534
2026-03,1,0.40826873385012924,2.29,1.58,0.46967655,0.47361779850821784
2026-03,0,0.48533333333333345,1.93,1.82,0.402222,0.47840679240259415
2026-03,1,0.47074468085106375,1.99,1.77,0.5760666,0.5766230789173765
2026-03,0,0.5514511873350924,1.7,2.09,0.63689077,0.6430500195474766
2026-03,0,0.6051282051282051,1.54,2.36,0.5509654,0.5459110360404289
2026-03,0,0.6578313253012049,1.42,2.73,0.6570689,0.6473018160210257
2026-03,0,0.6196473551637279,1.51,2.46,0.51588196,0.555458964417726
2026-03,0,0.6894977168949772,1.36,3.02,0.7711803,0.7462544051606832
2026-03,0,0.4588859416445623,2.04,1.73,0.5125022,0.4796089544055012
2026-03,0,0.5555555555555556,1.68,2.1,0.6181737,0.5845746939317009
2026-03,1,0.5388739946380697,1.72,2.01,0.49830684,0.5238910480109735
2026-03,0,0.39845758354755784,2.34,1.55,0.46201938,0.4741532325528059
2026-03,1,0.5226666666666666,1.79,1.96,0.5766061,0.5492936576768155
2026-03,1,0.4383202099737532,2.14,1.67,0.40636283,0.44391404367569043
2026-03,0,0.4919786096256684,1.9,1.84,0.5753752,0.5471460594536257
2026-03,0,0.5384615384615384,1.74,2.03,0.6341804,0.5892958638976445
2026-03,0,0.404639175257732,2.31,1.57,0.47911197,0.47805584947576485
2026-03,0,0.6370370370370371,1.47,2.58,0.69175106,0.6576652583111833
2026-03,1,0.43007915567282323,2.16,1.63,0.5157161,0.5040728437754965
2026-03,0,0.48247978436657685,1.92,1.79,0.48722953,0.5054731187785646
2026-03,0,0.4666666666666667,2.0,1.75,0.5475133,0.5189613444910521
2026-03,0,0.4880000000000001,1.92,1.83,0.44619352,0.48700949907675584
2026-03,1,0.6545012165450123,1.42,2.69,0.6814938,0.6281013830163522
2026-03,1,0.4557640750670242,2.03,1.7,0.4060912,0.4624102580850953
2026-03,0,0.6171284634760705,1.52,2.45,0.61543334,0.5961739910739705
2026-03,0,0.5796344647519582,1.61,2.22,0.48644915,0.5007127712419112
2026-03,0,0.375,2.5,1.5,0.42938414,0.4540509377201074
2026-03,0,0.5649867374005305,1.64,2.13,0.601605,0.6147386463396121
2026-03,1,0.404639175257732,2.31,1.57,0.4457156,0.5063369874309374
2026-03,0,0.47074468085106375,1.99,1.77,0.5192116,0.5136358847653016
2026-03,1,0.3838383838383838,2.44,1.52,0.4032825,0.42363133987117557
2026-03,0,0.5026737967914439,1.86,1.88,0.5199061,0.49114758965298744
2026-03,0,0.46010638297872336,2.03,1.73,0.48918492,0.507198669678518
2026-03,1,0.5718015665796344,1.64,2.19,0.6889507,0.6381039612410309
2026-03,0,0.528,1.77,1.98,0.57100934,0.5561482657894081
2026-03,0,0.5398936170212765,1.73,2.03,0.56934345,0.5908544949231757
2026-03,1,0.712719298245614,1.31,3.25,0.6400395,0.6312796514775305
2026-03,0,0.47978436657681944,1.93,1.78,0.41730952,0.44378359574104503
2026-03,0,0.4574468085106383,2.04,1.72,0.59642637,0.5535708292253528
2026-03,1,0.4379947229551451,2.13,1.66,0.51549065,0.5184495576490367
2026-03,0,0.4444444444444444,2.1,1.68,0.47412473,0.5097170058280462
2026-03,0,0.6570048309178744,1.42,2.72,0.6663725,0.6322415818608661
2026-03,1,0.445910290237467,2.1,1.69,0.4550231,0.4814564461340204
2026-03,0,0.4865591397849462,1.91,1.81,0.43638387,0.47949302672876465
2026-03,1,0.4350132625994695,2.13,1.64,0.5530734,0.5465485269866968
2026-03,0,0.3317422434367542,2.8,1.39,0.43893766,0.44690480179688596
2026-03,0,0.6894977168949772,1.36,3.02,0.6684952,0.6755442429565555
2026-03,1,0.5213903743315508,1.79,1.95,0.53035754,0.5250812831048468
2026-03,0,0.4345549738219895,2.16,1.66,0.4618144,0.48012363191394863
2026-03,1,0.5,1.85,1.85,0.4821879,0.49418938037231924
2026-03,1,0.47593582887700536,1.96,1.78,0.49290738,0.5194499027340228
2026-03,1,0.4365079365079365,2.13,1.65,0.39817291,0.4568023863742882
2026-03,1,0.4986666666666667,1.88,1.87,0.5320867,0.5064282238118409
2026-03,1,0.5567282321899736,1.68,2.11,0.48934865,0.48874416480681526
2026-03,0,0.5013404825737265,1.86,1.87,0.41836062,0.47459668336175165
2026-03,0,0.3863636363636363,2.43,1.53,0.4366036,0.46463435513209494
2026-03,1,0.691609977324263,1.36,3.05,0.5731866,0.619679865194557
2026-03,1,0.45721925133689845,2.03,1.71,0.51349986,0.5561173239015685
2026-03,1,0.6186868686868687,1.51,2.45,0.48286358,0.48164981111733207
2026-03,0,0.3828715365239294,2.45,1.52,0.3338613,0.40768554504146043
2026-03,1,0.614609571788413,1.53,2.44,0.5663296,0.5776172022519517
2026-03,1,0.5358090185676393,1.75,2.02,0.515958,0.5434328018541907
2026-03,1,0.5578947368421052,1.68,2.12,0.62295884,0.5832189795703476
2026-03,1,0.4562334217506631,2.05,1.72,0.4977104,0.5302314229693132
2026-03,1,0.45721925133689845,2.03,1.71,0.44491562,0.48837844819648196
2026-03,0,0.43717277486910994,2.15,1.67,0.5660289,0.5337358615633405
2026-03,1,0.7133479212253829,1.31,3.26,0.6771129,0.6781265547282532
2026-03,0,0.5631578947368422,1.66,2.14,0.62446433,0.5912154369008591
2026-03,1,0.6161616161616161,1.52,2.44,0.58416235,0.5841810346760299
2026-03,1,0.536,1.74,2.01,0.52098703,0.5320802958466058
2026-03,1,0.5294117647058824,1.76,1.98,0.54288626,0.5065731060624314
2026-03,1,0.32242990654205606,2.9,1.38,0.40703043,0.45842294071777806
2026-03,1,0.5519999999999999,1.68,2.07,0.47632533,0.49876679977743865
2026-03,0,0.4263157894736842,2.18,1.62,0.4589525,0.48218459735149904
2026-03,0,0.44063324538258575,2.12,1.67,0.49795103,0.5112420398736672
2026-03,1,0.5319148936170213,1.76,2.0,0.47629732,0.49400741565911765
2026-03,1,0.46774193548387094,1.98,1.74,0.5275715,0.5309079520964448
2026-03,0,0.48395721925133695,1.93,1.81,0.52564514,0.5366479727815809
2026-03,1,0.6180904522613065,1.52,2.46,0.57104045,0.5614056037168254
2026-03,1,0.4509283819628647,2.07,1.7,0.44395915,0.48386595240432
2026-03,1,0.526595744680851,1.78,1.98,0.61878747,0.5935597629833842
2026-03,1,0.43307086614173224,2.16,1.65,0.41265908,0.4346541234790313
2026-03,0,0.578125,1.62,2.22,0.53680456,0.5637372213371048
2026-03,0,0.5080213903743315,1.84,1.9,0.45932454,0.4698432985846357
2026-03,1,0.47849462365591405,1.94,1.78,0.3643028,0.38774873873012133
2026-03,0,0.4067357512953368,2.29,1.57,0.41844922,0.4416889992244153
2026-03,1,0.6821345707656613,1.37,2.94,0.63501793,0.6076091851730943
2026-03,1,0.5567282321899736,1.68,2.11,0.6722603,0.5851587031778336
2026-03,1,0.5106951871657753,1.83,1.91,0.57555544,0.5445008064305469
2026-03,0,0.7037861915367484,1.33,3.16,0.73187137,0.6891296247969065
2026-03,1,0.4184210526315789,2.21,1.59,0.51343316,0.555259551981943
2026-03,0,0.5026737967914439,1.86,1.88,0.60831916,0.5769481504425074
2026-03,0,0.4072164948453609,2.3,1.58,0.5540143,0.5138028092016879
2026-03,1,0.5529100529100528,1.69,2.09,0.5685392,0.5615656676648818
2026-03,0,0.5372340425531915,1.74,2.02,0.54845876,0.5407921727619736
2026-03,1,0.5026737967914439,1.86,1.88,0.56149155,0.542136112456673
2026-03,1,0.5526315789473685,1.7,2.1,0.4967827,0.5389394150067215
2026-03,1,0.4119170984455959,2.27,1.59,0.47352475,0.5039885342247716
2026-03,1,0.4414893617021276,2.1,1.66,0.43382353,0.524106481777489
2026-03,0,0.44266666666666665,2.09,1.66,0.2837317,0.396085962458287
2026-03,0,0.6051282051282051,1.54,2.36,0.5726315,0.5354515885250859
2026-03,1,0.4521276595744681,2.06,1.7,0.5568625,0.5033691955228584
2026-03,1,0.536,1.74,2.01,0.5680245,0.5460257260556884
2026-03,1,0.4192708333333333,2.23,1.61,0.48238975,0.5157500170729883
2026-03,0,0.4523809523809524,2.07,1.71,0.4176801,0.43377086037281487
2026-03,0,0.43007915567282323,2.16,1.63,0.41192597,0.4647824883621083
2026-03,1,0.4919786096256684,1.9,1.84,0.52095395,0.5446909806140865
2026-03,1,0.6,1.56,2.34,0.6076689,0.6260475126261911
2026-03,0,0.5384615384615384,1.74,2.03,0.6178251,0.6077307889183995
2026-03,1,0.4919786096256684,1.9,1.84,0.55123806,0.5135317573605245
2026-03,1,0.5953608247422681,1.57,2.31,0.5681898,0.5770108901211107
2026-03,0,0.6138107416879796,1.51,2.4,0.51181257,0.5266294983340629
2026-03,1,0.5811518324607331,1.6,2.22,0.42215896,0.5363662616158409
2026-03,1,0.4638069705093834,2.0,1.73,0.48272046,0.5219874247046212
2026-03,1,0.4083769633507854,2.26,1.56,0.44779688,0.4946855508602678
2026-03,0,0.3836317135549872,2.41,1.5,0.43631744,0.48945802597124916
2026-03,0,0.4623655913978494,2.0,1.72,0.612482,0.5710192825925358
2026-03,0,0.553475935828877,1.67,2.07,0.4851749,0.5227850350056191
2026-03,0,0.42480211081794195,2.18,1.61,0.4445342,0.447498987255454
2026-03,1,0.3659147869674186,2.53,1.46,0.47121945,0.4854669898729563
2026-03,1,0.47708894878706204,1.94,1.77,0.532942,0.5193499546803615
2026-03,0,0.47978436657681944,1.93,1.78,0.48826614,0.49386147365427957
2026-03,1,0.5725593667546175,1.62,2.17,0.45341426,0.5214733472267441
2026-03,0,0.47580645161290325,1.95,1.77,0.355222,0.466303638390143
2026-03,0,0.520107238605898,1.79,1.94,0.5311533,0.5366813982247067
2026-03,1,0.5053763440860215,1.84,1.88,0.506539,0.5270638420208226
2026-04,1,0.5040431266846361,1.84,1.87,0.5594909,0.5624765717906257
2026-04,0,0.418848167539267,2.22,1.6,0.4267103,0.4910873710060385
2026-04,0,0.3979328165374677,2.33,1.54,0.39107376,0.43940708079848634
2026-04,1,0.5268817204301075,1.76,1.96,0.47780642,0.5049505806674547
2026-04,0,0.43271767810026385,2.15,1.64,0.3901681,0.45404463062969097
2026-04,0,0.4263157894736842,2.18,1.62,0.36888394,0.4493579334821564
2026-04,0,0.5948051948051947,1.56,2.29,0.5181631,0.5589209480700155
2026-04,0,0.4365079365079365,2.13,1.65,0.40502125,0.43342379510706674
2026-04,1,0.6586538461538461,1.42,2.74,0.72557163,0.6631910340995935
2026-04,0,0.5212765957446808,1.8,1.96,0.44414616,0.4926655188401195
2026-04,1,0.5227882037533512,1.78,1.95,0.4983015,0.5262302167086569
2026-04,0,0.5552631578947369,1.69,2.11,0.48867306,0.5449762524146224
2026-04,1,0.44210526315789467,2.12,1.68,0.5037578,0.48072304926370263
2026-04,1,0.6126582278481012,1.53,2.42,0.5853899,0.618657330769937
2026-04,1,0.6902050113895215,1.36,3.03,0.72848046,0.718829528966676
2026-04,1,0.6513317191283292,1.44,2.69,0.64494157,0.6190062357983543
2026-04,1,0.6354679802955665,1.48,2.58,0.52281964,0.5553260798227962
2026-04,0,0.526595744680851,1.78,1.98,0.60647887,0.6044369182297445
2026-04,1,0.5902061855670103,1.59,2.29,0.5277737,0.5399031391144933
2026-04,1,0.5732984293193717,1.63,2.19,0.5227357,0.5573815330274338
2026-04,1,0.37626262626262624,2.47,1.49,0.4329217,0.45546696191736497
2026-04,1,0.5529100529100528,1.69,2.09,0.5717596,0.5763907253592069
2026-04,0,0.43193717277486904,2.17,1.65,0.41671783,0.43724221462944907
2026-04,0,0.6594724220623501,1.42,2.75,0.6091682,0.6460223771482886
2026-04,0,0.5160427807486632,1.81,1.93,0.47582278,0.5200926306851861
2026-04,0,0.45721925133689845,2.03,1.71,0.49745283,0.5225501005372399
2026-04,0,0.46648793565683644,1.99,1.74,0.51072645,0.5111895402656534
2026-04,1,0.5093833780160857,1.83,1.9,0.53257334,0.5191785563359119
2026-04,0,0.4145077720207254,2.26,1.6,0.47515917,0.47314020028744497
2026-04,1,0.6446078431372548,1.45,2.63,0.6395381,0.660028700649596
2026-04,1,0.5187165775401069,1.8,1.94,0.5283774,0.5324378494041773
2026-04,1,0.4414893617021276,2.1,1.66,0.5167766,0.5156017810137413
2026-04,0,0.3133640552995392,2.98,1.36,0.4184684,0.45779418784574943
2026-04,1,0.47340425531914887,1.98,1.78,0.4071702,0.4390267613268848
2026-04,0,0.44063324538258575,2.12,1.67,0.5489789,0.5318516752206413
2026-04,0,0.380352644836272,2.46,1.51,0.3782373,0.4500014745938445
2026-04,1,0.5672823218997362,1.64,2.15,0.5356477,0.5746411153188904
2026-04,1,0.4444444444444444,2.1,1.68,0.41973194,0.44333601747675633
2026-04,0,0.43947368421052635,2.13,1.67,0.4284978,0.4357380660306408
2026-04,0,0.42036553524804177,2.22,1.61,0.4967518,0.47292819787010376
2026-04,0,0.44827586206896547,2.08,1.69,0.5768403,0.5478489685408059
2026-04,1,0.5514511873350924,1.7,2.09,0.5605601,0.5430412469485446
2026-04,0,0.4145077720207254,2.26,1.6,0.42431015,0.45570677053704994
2026-04,1,0.4414893617021276,2.1,1.66,0.46937543,0.5205542222586441
2026-04,1,0.5281501340482575,1.76,1.97,0.4798196,0.5272789143488481
2026-04,0,0.3994845360824742,2.33,1.55,0.48107472,0.47384752430276
2026-04,1,0.4919786096256684,1.9,1.84,0.58492506,0.5785275161614185
2026-04,1,0.6116751269035533,1.53,2.41,0.59726655,0.5858173509948001
2026-04,1,0.41406249999999994,2.25,1.59,0.43789244,0.4867641208805089
2026-04,1,0.448,2.07,1.68,0.39756402,0.4898432196992757
2026-04,0,0.47340425531914887,1.98,1.78,0.41909742,0.43990656995213834
2026-04,1,0.4746666666666666,1.97,1.78,0.43425614,0.46800013452746947
2026-04,0,0.48670212765957455,1.93,1.83,0.5867897,0.5833579562395237
2026-04,1,0.5241935483870968,1.77,1.95,0.4617827,0.5115630897394801
2026-04,0,0.5308310991957105,1.75,1.98,0.3919063,0.46681021354427427
2026-04,0,0.4145077720207254,2.26,1.6,0.542534,0.5382035165560315
2026-04,0,0.5593667546174144,1.67,2.12,0.5027256,0.5558737355379884
2026-04,1,0.582901554404145,1.61,2.25,0.60535604,0.5882448222507979
2026-04,1,0.6055979643765903,1.55,2.38,0.6251325,0.6478792630158655
2026-04,0,0.5374331550802139,1.73,2.01,0.52056104,0.5605737185084669
2026-04,1,0.5212765957446808,1.8,1.96,0.42786884,0.43607595511830255
2026-04,0,0.6610978520286396,1.42,2.77,0.6752092,0.649111534483598
2026-04,1,0.5251989389920424,1.79,1.98,0.46363991,0.4905646653033955
2026-04,1,0.677570093457944,1.38,2.9,0.65815324,0.6040134137063082
2026-04,1,0.5803108808290156,1.62,2.24,0.6233239,0.600775687010908
2026-04,1,0.5026737967914439,1.86,1.88,0.5423074,0.5644395917720592
2026-04,1,0.3969465648854962,2.37,1.56,0.3775482,0.41956135089728785
2026-04,0,0.4123711340206186,2.28,1.6,0.43691355,0.44265054097870826
2026-04,1,0.5093333333333333,1.84,1.91,0.45513994,0.5010574054377528
2026-04,1,0.5989717223650385,1.56,2.33,0.62460506,0.6210077099172766
2026-04,0,0.6196473551637279,1.51,2.46,0.59619015,0.6268527405720464
2026-04,0,0.6537530266343825,1.43,2.7,0.5507946,0.588167856338828
2026-04,1,0.48,1.95,1.8,0.5497607,0.5359375610273714
2026-04,0,0.5488126649076518,1.71,2.08,0.5729819,0.531826371685271
2026-04,0,0.4640000000000001,2.01,1.74,0.49351025,0.5028668542088626
2026-04,1,0.4625668449197861,2.01,1.73,0.40503454,0.4685779699825209
2026-04,0,0.38167938931297707,2.43,1.5,0.36490363,0.41458405266031706
2026-04,1,0.5239361702127661,1.79,1.97,0.519655,0.5003261493961992
2026-04,0,0.46916890080428963,1.98,1.75,0.54618526,0.5660350040258846
2026-04,1,0.7198275862068966,1.3,3.34,0.71820956,0.6716780081103351
2026-04,0,0.6126582278481012,1.53,2.42,0.6200043,0.5927441430800422
2026-04,1,0.6259351620947631,1.5,2.51,0.6292285,0.6504331880377954
2026-04,0,0.4145077720207254,2.26,1.6,0.42201144,0.4321850162059211
2026-04,0,0.5199999999999999,1.8,1.95,0.6086523,0.6075777382443375
2026-04,1,0.4444444444444444,2.1,1.68,0.4826002,0.5145199288832265
2026-04,0,0.510752688172043,1.82,1.9,0.4619475,0.5201365783102022
2026-04,1,0.5695538057742783,1.64,2.17,0.56866676,0.5322165096929754
2026-04,1,0.44210526315789467,2.12,1.68,0.4178277,0.4521470826143458
2026-04,0,0.44680851063829785,2.08,1.68,0.41489998,0.4457010489997272
2026-04,0,0.49732620320855614,1.88,1.86,0.5100752,0.5208867518445709
2026-04,0,0.433420365535248,2.17,1.66,0.46239787,0.45767361980232946
2026-04,0,0.4880000000000001,1.92,1.83,0.48413762,0.49043004735973383
2026-04,0,0.49066666666666664,1.91,1.84,0.5611277,0.5357782350899546
2026-04,1,0.5476190476190476,1.71,2.07,0.49579406,0.5324952877867162
2026-04,1,0.5514511873350924,1.7,2.09,0.5237288,0.5225674360560503
2026-04,1,0.4267015706806283,2.19,1.63,0.44473258,0.4805643653221057
2026-04,0,0.40155440414507776,2.31,1.55,0.4087829,0.46286240111465604
2026-04,0,0.48395721925133695,1.93,1.81,0.47164783,0.4810922803810164
2026-04,1,0.4368421052631579,2.14,1.66,0.48960757,0.49390850620204163
2026-04,1,0.6521739130434782,1.44,2.7,0.69749516,0.6635756523797065
2026-04,1,0.6091370558375634,1.54,2.4,0.6848686,0.6591804837445928
2026-04,0,0.43193717277486904,2.17,1.65,0.44972458,0.43543480937106793
2026-04,0,0.48118279569892475,1.93,1.79,0.506114,0.5167249020906128
2026-04,1,0.4866310160427808,1.92,1.82,0.44814163,0.4865011962750411
2026-04,1,0.5466666666666666,1.7,2.05,0.5460196,0.5967582938182077
2026-04,0,0.5066666666666666,1.85,1.9,0.54365844,0.5840463893003434
2026-04,0,0.5013404825737265,1.86,1.87,0.5655502,0.5436121537769951
2026-04,1,0.5066666666666666,1.85,1.9,0.61365443,0.5975041789978476
2026-04,1,0.49732620320855614,1.88,1.86,0.39635885,0.4706408217652539
2026-04,1,0.6076923076923076,1.53,2.37,0.58569247,0.6056797785243646
2026-04,0,0.42368421052631583,2.19,1.61,0.38715512,0.4423517242150125
2026-04,0,0.4308093994778067,2.18,1.65,0.49007735,0.4775113643094838
2026-04,0,0.34951456310679613,2.68,1.44,0.43126163,0.4649085587981364
2026-04,1,0.5567282321899736,1.68,2.11,0.6496623,0.5953437242211186
2026-04,1,0.5665796344647519,1.66,2.17,0.50721633,0.5153987941228673
2026-04,0,0.4708994708994709,2.0,1.78,0.4827888,0.5236619641141937
2026-04,1,0.6122448979591837,1.52,2.4,0.5807911,0.6307433107628713
2026-04,1,0.6010230179028133,1.56,2.35,0.6139686,0.5736210827892183
2026-04,1,0.5680628272251308,1.65,2.17,0.4452632,0.5170480556375179
2026-04,0,0.510752688172043,1.82,1.9,0.39275256,0.47666385764107033
2026-04,0,0.5411140583554377,1.73,2.04,0.5197458,0.5090993992061612
2026-04,0,0.41343669250646,2.27,1.6,0.39477953,0.413245392215459
2026-04,1,0.6370370370370371,1.47,2.58,0.5535885,0.600168575699275
2026-04,1,0.5093333333333333,1.84,1.91,0.5485852,0.5771068038502883
2026-04,1,0.6504854368932039,1.44,2.68,0.6345252,0.6330411276983539
2026-04,1,0.5514511873350924,1.7,2.09,0.5741807,0.5662149800360821
2026-04,1,0.6370370370370371,1.47,2.58,0.62421924,0.6007335937515809
2026-04,1,0.5039999999999999,1.86,1.89,0.5177119,0.5092153891481392
2026-04,1,0.5053763440860215,1.84,1.88,0.43475828,0.4648363427615285
2026-04,0,0.5657894736842105,1.65,2.15,0.60079205,0.5981403522145474
2026-04,0,0.433420365535248,2.17,1.66,0.53228253,0.5167108834262926
2026-04,1,0.5053763440860215,1.84,1.88,0.43848562,0.5046208092196164
2026-04,1,0.5654450261780105,1.66,2.16,0.6272584,0.5838626963186666
2026-04,1,0.46648793565683644,1.99,1.74,0.54250956,0.5413444459662046
2026-04,1,0.6545893719806762,1.43,2.71,0.7199815,0.6928568722998307
2026-04,0,0.40414507772020725,2.3,1.56,0.5355968,0.5017873106236385
2026-04,0,0.47340425531914887,1.98,1.78,0.46846452,0.5043223473501169
2026-04,0,0.6106870229007634,1.53,2.4,0.7057853,0.6713306441968985
2026-04,0,0.5306666666666666,1.76,1.99,0.5577191,0.5411869347925198
2026-04,0,0.4308093994778067,2.18,1.65,0.4503467,0.4734528339331532
2026-04,0,0.489247311827957,1.9,1.82,0.4735466,0.5088712536817528
2026-04,1,0.554089709762533,1.69,2.1,0.5120741,0.5316049973278086
2026-04,1,0.496,1.89,1.86,0.5056995,0.5046827075828701
2026-04,1,0.5384615384615384,1.74,2.03,0.5241211,0.5241039009520602
2026-04,0,0.4680851063829787,2.0,1.76,0.44186264,0.4577077963212233
2026-04,1,0.5053191489361702,1.86,1.9,0.59699094,0.605516954901608
2026-04,1,0.5844155844155844,1.6,2.25,0.5846141,0.594810005306722
2026-04,1,0.5013477088948788,1.85,1.86,0.46361956,0.4795481535190017
2026-04,1,0.5106951871657753,1.83,1.91,0.58630437,0.5646862689271462
2026-04,1,0.5657894736842105,1.65,2.15,0.61878157,0.6190205610475237
2026-04,0,0.44708994708994704,2.09,1.69,0.39059433,0.42640239826182863
2026-04,1,0.4866310160427808,1.92,1.82,0.63733757,0.6115828942115433
2026-04,1,0.764367816091954,1.23,3.99,0.7490881,0.7393689766013709
2026-04,1,0.39285714285714285,2.38,1.54,0.3670203,0.4130088985454371
2026-04,1,0.4365079365079365,2.13,1.65,0.46635303,0.4733906262627393
2026-04,1,0.4441489361702128,2.09,1.67,0.36600527,0.43317777012335446
2026-04,0,0.5093333333333333,1.84,1.91,0.42933616,0.5208969250146186
2026-04,1,0.6626794258373206,1.41,2.77,0.74079597,0.6714495109564665
2026-04,0,0.5488126649076518,1.71,2.08,0.53385556,0.5424339850247732
2026-04,1,0.5774278215223098,1.61,2.2,0.5251566,0.5661855472101907
2026-04,1,0.4865591397849462,1.91,1.81,0.4110515,0.48428878812778414
2026-04,0,0.445910290237467,2.1,1.69,0.3509646,0.3844479616346737
2026-04,0,0.4986666666666667,1.88,1.87,0.48110986,0.4933886792610862
2026-04,0,0.48533333333333345,1.93,1.82,0.4608275,0.5024379227334586
2026-04,0,0.4444444444444444,2.1,1.68,0.49917072,0.4981795904902256
2026-04,1,0.5766233766233767,1.63,2.22,0.5650724,0.5535970139224307
2026-04,1,0.667458432304038,1.4,2.81,0.67116565,0.6421376916734514
2026-04,1,0.512,1.83,1.92,0.5417183,0.5483706532627317
2026-04,1,0.711453744493392,1.31,3.23,0.6794744,0.6254015939124137
2026-04,1,0.5620052770448549,1.66,2.13,0.48180294,0.5317696978350084
2026-04,0,0.37250000000000005,2.51,1.49,0.4553724,0.4777422436020943
2026-04,1,0.5464190981432361,1.71,2.06,0.5202671,0.5150575199425409
2026-04,0,0.709251101321586,1.32,3.22,0.659848,0.6145430323053525
2026-04,0,0.73109243697479,1.28,3.48,0.72509986,0.6801451400231538
2026-04,0,0.4444444444444444,2.1,1.68,0.4345387,0.462129400964315
2026-04,0,0.4417989417989418,2.11,1.67,0.50890774,0.5439885573384093
2026-04,0,0.49061662198391415,1.9,1.83,0.40511543,0.47533746002359734
2026-04,1,0.6293532338308457,1.49,2.53,0.5939082,0.6101960840588233
2026-04,1,0.42105263157894735,2.2,1.6,0.3692485,0.42359148865925855
2026-04,1,0.5,1.87,1.87,0.49306536,0.47719212293774127
2026-04,1,0.577023498694517,1.62,2.21,0.5599613,0.5659685662676666
2026-04,1,0.4424083769633508,2.13,1.69,0.5246295,0.52020411913913
2026-04,0,0.6318407960199005,1.48,2.54,0.6093829,0.6101431748441617
2026-04,0,0.5461741424802111,1.72,2.07,0.53903496,0.5254737967972636
2026-04,1,0.4456233421750664,2.09,1.68,0.53200805,0.5409124094964993
2026-04,0,0.41298701298701296,2.26,1.59,0.35399,0.38521201403301236
2026-04,1,0.5106951871657753,1.83,1.91,0.56834567,0.5586415722851077
2026-04,1,0.6196473551637279,1.51,2.46,0.63261306,0.6457676401897542
2026-04,0,0.6206030150753769,1.51,2.47,0.6453333,0.6333959888803191
2026-04,0,0.5844155844155844,1.6,2.25,0.59071887,0.6186302193318182
2026-04,0,0.49066666666666664,1.91,1.84,0.48327518,0.5092196164806545
2026-04,1,0.6698113207547169,1.4,2.84,0.5752555,0.6327463087418328
2026-04,1,0.6035805626598465,1.55,2.36,0.63862216,0.6112108641691832
2026-04,1,0.512,1.83,1.92,0.5642361,0.557379714586143
2026-04,0,0.5643044619422573,1.66,2.15,0.51263994,0.5083182309876431
2026-04,0,0.5187165775401069,1.8,1.94,0.47383657,0.5067736997519456
2026-04,0,0.5175202156334231,1.79,1.92,0.47119474,0.5090278750562853
2026-04,0,0.4562334217506631,2.05,1.72,0.44198933,0.4587927069824523
2026-04,0,0.5917312661498708,1.58,2.29,0.58655095,0.5721185481179638
2026-04,1,0.4959785522788205,1.88,1.85,0.4246827,0.4803364436112632
2026-04,0,0.3659147869674186,2.53,1.46,0.40843517,0.42297966053417974
2026-04,1,0.6293532338308457,1.49,2.53,0.6169626,0.625547090498177
2026-04,1,0.63,1.48,2.52,0.6381271,0.6126956354671255
2026-04,0,0.351219512195122,2.66,1.44,0.4178484,0.40519030383137467
2026-04,1,0.5623342175066313,1.65,2.12,0.5883605,0.6110361029248028
2026-04,1,0.5093833780160857,1.83,1.9,0.598481,0.6047271024462282
2026-04,1,0.5620052770448549,1.66,2.13,0.62881243,0.6260266030062431
2026-04,0,0.5093333333333333,1.84,1.91,0.45039234,0.46695064771524847
2026-04,1,0.5519999999999999,1.68,2.07,0.5960077,0.5951977094822455
2026-04,1,0.48525469168900803,1.92,1.81,0.50457406,0.5301771150526062
2026-04,0,0.47200000000000003,1.98,1.77,0.4202819,0.4501774630337253
2026-04,1,0.5294117647058824,1.76,1.98,0.6126585,0.5905850152830927
2026-04,0,0.6618705035971223,1.41,2.76,0.6585994,0.6556739879894109
2026-04,1,0.4574468085106383,2.04,1.72,0.45251474,0.48934064177045394
2026-04,1,0.5175202156334231,1.79,1.92,0.49259907,0.5342867843099415
2026-04,1,0.49595687331536387,1.87,1.84,0.4843974,0.5363064656094446
2026-04,1,0.49732620320855614,1.88,1.86,0.61627007,0.5734710338009805
2026-04,1,0.5833333333333334,1.6,2.24,0.6114494,0.5638743221114262
2026-04,0,0.5080213903743315,1.84,1.9,0.51836306,0.5184032240778702
2026-04,1,0.6259351620947631,1.5,2.51,0.585883,0.6042563825463438
2026-04,1,0.5718015665796344,1.64,2.19,0.43336424,0.48651411488948554
2026-04,1,0.4613333333333334,2.02,1.73,0.5273004,0.4864363129570766
2026-04,0,0.4162303664921466,2.23,1.59,0.33563423,0.4238986638986576
2026-04,1,0.4932614555256065,1.88,1.83,0.5070554,0.5342630859948234
2026-04,0,0.6545012165450123,1.42,2.69,0.55871964,0.5418665894350299
2026-04,0,0.4826666666666667,1.94,1.81,0.4954865,0.5198435666892027
2026-04,1,0.5213903743315508,1.79,1.95,0.5074063,0.5453538382041898
2026-04,0,0.5922077922077923,1.57,2.28,0.5673456,0.5970939323064064
2026-04,1,0.4919786096256684,1.9,1.84,0.43608293,0.4506510820851881
2026-04,1,0.44680851063829785,2.08,1.68,0.4469853,0.48062548579664927
2026-04,1,0.42931937172774864,2.18,1.64,0.52172625,0.49060253948614385
2026-04,0,0.4932975871313674,1.89,1.84,0.39726126,0.4945481340422555
2026-04,1,0.6025641025641025,1.55,2.35,0.5605887,0.5571109188113609
2026-05,0,0.5442359249329759,1.7,2.03,0.4694187,0.5227451222117317
2026-05,1,0.5094339622641508,1.82,1.89,0.57625306,0.5707197111989444
2026-05,1,0.37250000000000005,2.51,1.49,0.40043408,0.4009470801123771
2026-05,0,0.5173333333333333,1.81,1.94,0.44774985,0.48138083993349073
2026-05,1,0.5691906005221932,1.65,2.18,0.44930202,0.4681832502933847
2026-05,0,0.4338624338624339,2.14,1.64,0.47288555,0.5212563050292944
2026-05,1,0.5968992248062015,1.56,2.31,0.47272015,0.5134020058390341
2026-05,0,0.44708994708994704,2.09,1.69,0.39439344,0.4326591871389469
2026-05,1,0.5748031496062992,1.62,2.19,0.41302243,0.4913257322814385
2026-05,1,0.7568627450980391,1.24,3.86,0.7126478,0.6907112820761945
2026-05,1,0.5026737967914439,1.86,1.88,0.5860913,0.5883028938265524
2026-05,1,0.6981981981981982,1.34,3.1,0.67066544,0.7010684639347435
2026-05,1,0.5870129870129869,1.59,2.26,0.64570534,0.6203746951563553
2026-05,1,0.6171284634760705,1.52,2.45,0.6979016,0.6622190065134665
2026-05,1,0.5590551181102362,1.68,2.13,0.56502926,0.5849436048955126
2026-05,0,0.46153846153846156,2.03,1.74,0.47149396,0.4762663289083999
2026-05,1,0.5891472868217055,1.59,2.28,0.49834138,0.5105316925477849
2026-05,0,0.5267379679144386,1.77,1.97,0.4175957,0.4768008205066486
2026-05,1,0.45721925133689845,2.03,1.71,0.44119492,0.4858400922724753
2026-05,1,0.6729411764705883,1.39,2.86,0.81575,0.7300053535989124
2026-05,0,0.44210526315789467,2.12,1.68,0.53810817,0.5300846726367046
2026-05,1,0.47184986595174266,1.97,1.76,0.5071249,0.5362262603350079
2026-05,1,0.6334164588528678,1.47,2.54,0.48862824,0.5722537020036771
2026-05,1,0.5267379679144386,1.77,1.97,0.5190055,0.5220065756496772
2026-05,1,0.6894977168949772,1.36,3.02,0.7392777,0.7446416788903163
2026-05,1,0.6828703703703703,1.37,2.95,0.6800597,0.6568768595098088
2026-05,0,0.5213903743315508,1.79,1.95,0.48608118,0.5018572730180677
2026-05,1,0.6151898734177216,1.52,2.43,0.5419464,0.5634323661882192
2026-05,1,0.45187165775401067,2.05,1.69,0.5469524,0.5276408048818907
2026-05,0,0.6015424164524421,1.55,2.34,0.62916476,0.6461448143501762
2026-05,0,0.44708994708994704,2.09,1.69,0.39912367,0.39374502490699015
2026-05,1,0.5725593667546175,1.62,2.17,0.56219554,0.578002043869991
2026-05,1,0.5464190981432361,1.71,2.06,0.51484233,0.546036031226595
2026-05,0,0.554089709762533,1.69,2.1,0.5539083,0.5343294763554027
2026-05,1,0.5680628272251308,1.65,2.17,0.561741,0.5403957971370716
2026-05,0,0.5120643431635389,1.82,1.91,0.5975943,0.5493322017659918
2026-05,1,0.445910290237467,2.1,1.69,0.42695037,0.5018936604978983
2026-05,1,0.5322580645161289,1.74,1.98,0.5508655,0.5393508324505143
2026-05,0,0.3562653562653562,2.62,1.45,0.3714979,0.42826420424856837
2026-05,1,0.6370370370370371,1.47,2.58,0.6392103,0.6385643979230857
2026-05,1,0.5240641711229947,1.78,1.96,0.6002621,0.5886045235027016
2026-05,1,0.43044619422572183,2.17,1.64,0.37815768,0.43351666391805616
2026-05,1,0.4932975871313674,1.89,1.84,0.5579033,0.5360285424842486
2026-05,0,0.6,1.56,2.34,0.5897346,0.6140575295329432
2026-05,0,0.577023498694517,1.62,2.21,0.4858685,0.47892200912929267
2026-05,1,0.5093833780160857,1.83,1.9,0.43325123,0.47932508693818515
2026-05,0,0.43007915567282323,2.16,1.63,0.4596924,0.45587861744400643
2026-05,0,0.5669291338582677,1.65,2.16,0.6301824,0.6321377652091961
2026-05,1,0.5567282321899736,1.68,2.11,0.6045012,0.5795008527155601
2026-05,1,0.5646437994722956,1.65,2.14,0.6539917,0.6415667752107534
2026-05,0,0.6327543424317617,1.48,2.55,0.5481361,0.5208030268794294
2026-05,1,0.4611260053619303,2.01,1.72,0.35552007,0.4072419693413662
2026-05,0,0.6096938775510204,1.53,2.39,0.58612454,0.6146810351148235
2026-05,1,0.5616797900262467,1.67,2.14,0.6015284,0.5748738943824139
2026-05,1,0.445910290237467,2.1,1.69,0.48689166,0.4839246450383466
2026-05,1,0.6246851385390428,1.49,2.48,0.4643735,0.5782728281311573
2026-05,1,0.5093333333333333,1.84,1.91,0.4437975,0.46766999796693515
2026-05,1,0.5906735751295337,1.58,2.28,0.6682364,0.648474726396597
2026-05,0,0.4866310160427808,1.92,1.82,0.43929607,0.46513217143588986
2026-05,1,0.6850574712643679,1.37,2.98,0.5981728,0.6119927445666197
2026-05,0,0.4945945945945946,1.87,1.83,0.41104287,0.443807577009326
2026-05,0,0.6403940886699507,1.46,2.6,0.5843792,0.6047977342823202
2026-05,1,0.5026737967914439,1.86,1.88,0.44305906,0.45246518889570386
2026-05,1,0.47593582887700536,1.96,1.78,0.5047296,0.5136557253804622
2026-05,0,0.665083135391924,1.41,2.8,0.6266783,0.6312535431683249
2026-05,0,0.6015424164524421,1.55,2.34,0.5558031,0.5964988538292151
2026-05,0,0.5187165775401069,1.8,1.94,0.47099534,0.5077769709829727
2026-05,0,0.42708333333333337,2.2,1.64,0.40836158,0.42596631663827855
2026-05,0,0.6924829157175398,1.35,3.04,0.5852281,0.6131121404309172
2026-05,1,0.5870129870129869,1.59,2.26,0.52993083,0.5923827906845145
2026-05,1,0.6463414634146342,1.45,2.65,0.60780275,0.6355911221555031
2026-05,1,0.7076923076923077,1.33,3.22,0.7322402,0.7669153744778485
2026-05,1,0.625,1.5,2.5,0.48035964,0.5114782069135619
2026-05,0,0.6081424936386769,1.54,2.39,0.5796403,0.5392558968278248
2026-05,0,0.5437665782493368,1.72,2.05,0.5757798,0.5838374660308105
2026-05,1,0.5026881720430109,1.85,1.87,0.4828809,0.5066655460761658
2026-05,0,0.47580645161290325,1.95,1.77,0.55104405,0.5548907622104974
2026-05,1,0.4497354497354497,2.08,1.7,0.3606071,0.4221995343108637
2026-05,1,0.5345744680851062,1.75,2.01,0.45345145,0.5044881076523726
2026-05,0,0.5543766578249337,1.68,2.09,0.5929319,0.6007135930964492
2026-05,0,0.7479999999999999,1.26,3.74,0.7384736,0.7546159297090339
2026-05,1,0.684331797235023,1.37,2.97,0.7357944,0.677226450202888
2026-05,0,0.4638069705093834,2.0,1.73,0.3561072,0.4065712997155764
2026-05,0,0.5593667546174144,1.67,2.12,0.30735245,0.3901154965631626
2026-05,1,0.5454545454545455,1.7,2.04,0.48557782,0.5222358721957547
2026-05,1,0.5759162303664922,1.62,2.2,0.50440055,0.5523468975216195
2026-05,0,0.5039999999999999,1.86,1.89,0.41400284,0.42479257605571974
2026-05,1,0.5040431266846361,1.84,1.87,0.44731003,0.50746383320072
2026-05,0,0.5425531914893618,1.72,2.04,0.46087092,0.5091326830335017
2026-05,1,0.4693333333333332,1.99,1.76,0.5125333,0.5362833901766577
2026-05,1,0.5514511873350924,1.7,2.09,0.5751356,0.5524947420014866
2026-05,0,0.5476190476190476,1.71,2.07,0.49714088,0.5299467780411204
2026-05,1,0.44708994708994704,2.09,1.69,0.41813898,0.44807740204604507
2026-05,0,0.4562334217506631,2.05,1.72,0.41621885,0.43566453047059844
2026-05,1,0.5605263157894738,1.67,2.13,0.61521536,0.6217944764412154
2026-05,0,0.4932975871313674,1.89,1.84,0.45561427,0.49944631930702216
2026-05,1,0.59375,1.56,2.28,0.6271743,0.6657082280010689
2026-05,0,0.5680628272251308,1.65,2.17,0.55097836,0.5489004159392833
2026-05,1,0.6520681265206814,1.43,2.68,0.53381234,0.5638851449022713
2026-05,1,0.4680851063829787,2.0,1.76,0.4397703,0.4429733955303237
2026-05,0,0.5202156334231806,1.78,1.93,0.4892314,0.5453800585074577
2026-05,0,0.37688442211055284,2.48,1.5,0.3840708,0.4124274356050428
2026-05,0,0.4625668449197861,2.01,1.73,0.4130741,0.48393571085722153
2026-05,1,0.554089709762533,1.69,2.1,0.48744947,0.5578630385048515
2026-05,1,0.5253333333333333,1.78,1.97,0.47117138,0.49762384411074234
2026-05,1,0.5555555555555556,1.68,2.1,0.5365519,0.5421984405380078
2026-05,0,0.5759162303664922,1.62,2.2,0.66298723,0.6221947287755707
2026-05,0,0.5833333333333334,1.6,2.24,0.5220467,0.5531190034684821
2026-05,1,0.6318407960199005,1.48,2.54,0.62382734,0.6212425677983925
2026-05,1,0.49865951742627346,1.87,1.86,0.46845832,0.4841538178562522
2026-05,0,0.7534791252485089,1.24,3.79,0.6832393,0.6835237278574694
2026-05,0,0.49061662198391415,1.9,1.83,0.59649926,0.5965816583035747
2026-05,1,0.5308310991957105,1.75,1.98,0.6152022,0.6216752166941322
2026-05,0,0.7066666666666667,1.32,3.18,0.77902985,0.6828251054377634
2026-05,1,0.46774193548387094,1.98,1.74,0.4684411,0.49215665885486165
2026-05,1,0.49333333333333335,1.9,1.85,0.43968773,0.4502631654437138
2026-05,0,0.5267379679144386,1.77,1.97,0.49450284,0.5170819003130731
2026-05,0,0.5514511873350924,1.7,2.09,0.51684004,0.5084882282385905
2026-05,1,0.5319148936170213,1.76,2.0,0.4395515,0.4924735802954014
2026-05,1,0.578125,1.62,2.22,0.4346229,0.48887781649114986
2026-05,1,0.5292553191489361,1.77,1.99,0.55556995,0.5690296902482213
2026-05,0,0.4417989417989418,2.11,1.67,0.3619074,0.458110023151045
2026-05,1,0.5386666666666667,1.73,2.02,0.61065173,0.5880393194253994
2026-05,1,0.514745308310992,1.81,1.92,0.4485659,0.47841175238920036
2026-05,0,0.6395061728395062,1.46,2.59,0.6574969,0.6869842499698887
2026-05,1,0.6698113207547169,1.4,2.84,0.7626308,0.6820261124979106
2026-05,0,0.6377171215880892,1.46,2.57,0.5312568,0.5625920714538719
2026-05,1,0.3690773067331671,2.53,1.48,0.34292898,0.40015152029183454
2026-05,0,0.49865951742627346,1.87,1.86,0.42401057,0.46948948414912606
2026-05,0,0.5620052770448549,1.66,2.13,0.475699,0.5205403972786287
2026-05,0,0.6783216783216783,1.38,2.91,0.58759296,0.587992976127695
2026-05,0,0.6419753086419754,1.45,2.6,0.5641847,0.5758320257230158
2026-05,1,0.5590551181102362,1.68,2.13,0.6063956,0.6039679858337237
2026-05,1,0.5984455958549223,1.55,2.31,0.4455716,0.5216821081308767
2026-05,1,0.5442359249329759,1.7,2.03,0.40558848,0.47622131068413903
2026-05,1,0.6610576923076923,1.41,2.75,0.5864422,0.6210830489877948
2026-05,0,0.73109243697479,1.28,3.48,0.6670412,0.6843230267119205
2026-05,1,0.6293532338308457,1.49,2.53,0.5856284,0.6288286272758183
2026-05,1,0.7249466950959489,1.29,3.4,0.6787971,0.716230020651524
2026-05,0,0.675990675990676,1.39,2.9,0.59995955,0.603150622159757
2026-05,1,0.6975169300225732,1.34,3.09,0.64790285,0.6407530708609178
2026-05,0,0.6561743341404359,1.42,2.71,0.5498729,0.5951676281991447
2026-05,1,0.8406827880512091,1.12,5.91,0.8159026,0.7999222120546366
2026-05,1,0.5669291338582677,1.65,2.16,0.49691215,0.5329371859926937
2026-05,1,0.45454545454545453,2.04,1.7,0.5262518,0.5292092298909545
2026-05,1,0.5638297872340425,1.64,2.12,0.51110005,0.5360590054631836
2026-05,0,0.36750000000000005,2.53,1.47,0.36118796,0.40196649148624086
2026-05,1,0.5466666666666666,1.7,2.05,0.57340795,0.6068199998883043
2026-05,1,0.6157760814249365,1.51,2.42,0.50749356,0.5368992805476909
2026-05,0,0.5953608247422681,1.57,2.31,0.60494196,0.5694756172632631
2026-05,0,0.577023498694517,1.62,2.21,0.5650001,0.5041495032840501
2026-05,0,0.5,1.87,1.87,0.47210655,0.5069088470342891
2026-05,1,0.49066666666666664,1.91,1.84,0.41539758,0.44665650453659894
2026-05,1,0.5253333333333333,1.78,1.97,0.35656145,0.40931079692617633
2026-05,1,0.596401028277635,1.57,2.32,0.55519235,0.5706268536542476
2026-05,1,0.5687830687830688,1.63,2.15,0.51531875,0.5540254987659237
2026-05,0,0.6361386138613861,1.47,2.57,0.43659306,0.461888539572357
2026-05,0,0.5567282321899736,1.68,2.11,0.49441916,0.4715899852883936
2026-05,0,0.5669291338582677,1.65,2.16,0.5301797,0.5347127037211759
2026-05,1,0.49732620320855614,1.88,1.86,0.5260681,0.5386862883007387
2026-05,1,0.5691906005221932,1.65,2.18,0.5375908,0.5293876448880586
2026-05,0,0.578125,1.62,2.22,0.44807696,0.4861063456669269
2026-05,1,0.6370370370370371,1.47,2.58,0.5782391,0.5586675489233238
2026-05,0,0.5093833780160857,1.83,1.9,0.47907525,0.5118205524842017
2026-05,0,0.5452127659574468,1.71,2.05,0.48617238,0.536803389130369
2026-05,1,0.5067024128686327,1.84,1.89,0.4599444,0.49102443243813004
2026-05,1,0.43044619422572183,2.17,1.64,0.4843676,0.5298644885121188
2026-05,0,0.3562653562653562,2.62,1.45,0.38615766,0.4200991428006401
2026-05,0,0.5452127659574468,1.71,2.05,0.45501432,0.5250934034489627
2026-05,0,0.517426273458445,1.8,1.93,0.34837896,0.4216958142209509
2026-05,0,0.449468085106383,2.07,1.69,0.43644246,0.4898446924436466
2026-05,0,0.5593667546174144,1.67,2.12,0.543698,0.5403912982028986
2026-05,0,0.46276595744680854,2.02,1.74,0.46009216,0.4693787732120409
2026-05,1,0.421875,2.22,1.62,0.3326346,0.4037530595599564
2026-05,1,0.46276595744680854,2.02,1.74,0.4677152,0.4533780002572919
2026-05,1,0.6051282051282051,1.54,2.36,0.6706511,0.6643203127869304
2026-05,0,0.520107238605898,1.79,1.94,0.50050914,0.5335024946551585
2026-05,0,0.6051282051282051,1.54,2.36,0.5433355,0.553806872511456
2026-05,1,0.6561743341404359,1.42,2.71,0.67772305,0.6687935464805712
2026-05,0,0.5080213903743315,1.84,1.9,0.52935606,0.5571156295771338
2026-05,0,0.5555555555555556,1.68,2.1,0.4879241,0.49393214970159705
2026-05,1,0.6041131105398457,1.54,2.35,0.6710222,0.6624901864356054
2026-05,1,0.674473067915691,1.39,2.88,0.65198976,0.637963906856698
2026-05,1,0.7145969498910675,1.31,3.28,0.5801484,0.5871880691395112
2026-05,1,0.5040431266846361,1.84,1.87,0.39832872,0.4554838853701383
2026-05,0,0.47580645161290325,1.95,1.77,0.44751054,0.5012992458093426
2026-05,0,0.7057522123893805,1.33,3.19,0.64528656,0.5985099263679535
2026-05,0,0.6635071090047394,1.42,2.8,0.6109255,0.5912689356672951
2026-05,1,0.5564304461942258,1.69,2.12,0.59150076,0.5704616237877831
2026-05,0,0.5703125,1.65,2.19,0.5140023,0.5251783260007362
2026-05,1,0.6035805626598465,1.55,2.36,0.51878214,0.5292623747528629
2026-05,1,0.5319148936170213,1.76,2.0,0.48396963,0.4919339579155716
2026-05,0,0.3479318734793187,2.68,1.43,0.3323678,0.3994038800390333
2026-05,0,0.517426273458445,1.8,1.93,0.37759057,0.46205452046611506
2026-05,1,0.6520681265206814,1.43,2.68,0.5542897,0.5636822951968269
2026-05,0,0.5013404825737265,1.86,1.87,0.3972131,0.4463016378482182
2026-05,1,0.5093833780160857,1.83,1.9,0.45513257,0.45698703908436145
2026-05,1,0.6361386138613861,1.47,2.57,0.5845687,0.5999741764150995
2026-05,0,0.5646437994722956,1.65,2.14,0.41326675,0.44496858366190467
2026-05,1,0.5657894736842105,1.65,2.15,0.46559715,0.5268094849390904
2026-05,1,0.4798927613941019,1.94,1.79,0.3557318,0.44157948068692227
2026-05,0,0.5,1.87,1.87,0.4492196,0.4586939530928787
2026-05,0,0.6221662468513854,1.5,2.47,0.5500359,0.5717759231269675
2026-05,1,0.5585106382978724,1.66,2.1,0.502653,0.5162082556507597
2026-05,1,0.5755208333333334,1.63,2.21,0.5032736,0.505490073769437
2026-05,0,0.5844155844155844,1.6,2.25,0.5833252,0.5658063648606977
2026-05,0,0.5398936170212765,1.73,2.03,0.5083051,0.5246567600409223
2026-05,0,0.6336633663366337,1.48,2.56,0.6251166,0.6280650851354561
2026-05,1,0.5718015665796344,1.64,2.19,0.5225998,0.5332816780764276
2026-05,1,0.6403940886699507,1.46,2.6,0.5982979,0.6096483839753094
2026-05,0,0.6,1.56,2.34,0.55492043,0.5415291890754539
2026-05,1,0.5411140583554377,1.73,2.04,0.51295376,0.530411193467921
2026-05,0,0.5476190476190476,1.71,2.07,0.45327982,0.4684063170429682
2026-05,1,0.7237687366167023,1.29,3.38,0.7128302,0.6514299519514939
2026-05,0,0.49865951742627346,1.87,1.86,0.44535154,0.45941201662902736
2026-05,0,0.5188172043010751,1.79,1.93,0.35685557,0.4057906099334624
2026-05,1,0.6086956521739131,1.53,2.38,0.53265536,0.5804158735332945
2026-05,1,0.5,1.85,1.85,0.49077258,0.5178894353871135
2026-05,0,0.5558510638297872,1.67,2.09,0.4899477,0.5488652565502428
2026-05,1,0.5454545454545455,1.7,2.04,0.39766634,0.46824964462767604
2026-05,0,0.6822429906542057,1.36,2.92,0.6609724,0.6789951044767965
2026-05,0,0.40155440414507776,2.31,1.55,0.4647072,0.46445043866718616
2026-05,0,0.522911051212938,1.77,1.94,0.47284022,0.5274220857227057
2026-05,0,0.5361930294906166,1.73,2.0,0.50074834,0.5250326065138609
2026-05,1,0.5631578947368422,1.66,2.14,0.45193124,0.4666932168771896
2026-05,1,0.5413333333333333,1.72,2.03,0.4496757,0.4971463729418564
2026-05,1,0.5605263157894738,1.67,2.13,0.47141904,0.475879562586222
2026-05,0,0.41298701298701296,2.26,1.59,0.27675048,0.3426603986098189
2026-05,0,0.5253333333333333,1.78,1.97,0.4368499,0.47163481741275315
2026-05,1,0.6446078431372548,1.45,2.63,0.5203532,0.5549452767045312
2026-05,0,0.5188172043010751,1.79,1.93,0.5357458,0.5401815395672214
2026-05,0,0.5241935483870968,1.77,1.95,0.37370616,0.465140139874622
2026-05,1,0.4986522911051214,1.86,1.85,0.4631791,0.513733792654496
2026-05,1,0.6020671834625323,1.54,2.33,0.49608025,0.5464626913327104
2026-05,0,0.4905660377358491,1.89,1.82,0.46835274,0.48147026605601345
2026-05,1,0.6056701030927835,1.53,2.35,0.5589566,0.5892078990017535
2026-05,0,0.47580645161290325,1.95,1.77,0.50111735,0.5459167466018824
2026-05,0,0.609254498714653,1.52,2.37,0.5516397,0.5605807236772996
2026-05,1,0.46774193548387094,1.98,1.74,0.44009733,0.4894952310493406
2026-05,0,0.5215053763440861,1.78,1.94,0.53609574,0.5645549342077911
2026-05,0,0.5161290322580646,1.8,1.92,0.37858278,0.47946687382308584
2026-08,0,0.5748031496062992,1.62,2.19,0.50469357,0.542533220655435
2026-08,1,0.5308310991957105,1.75,1.98,0.517388,0.535595174961818
2026-08,0,0.48387096774193555,1.92,1.8,0.42501712,0.47847881840384526
2026-08,0,0.48118279569892475,1.93,1.79,0.39235356,0.4373847056702213
2026-08,1,0.3047404063205418,3.08,1.35,0.34996295,0.3836390273926918
2026-08,1,0.41818181818181815,2.24,1.61,0.4865128,0.5089067856238585
2026-08,0,0.4879356568364612,1.91,1.82,0.47968856,0.4644629815573222
2026-08,1,0.41514360313315923,2.24,1.59,0.39001402,0.38953793727297237
2026-08,1,0.528,1.77,1.98,0.6541478,0.6855280919461407
2026-08,1,0.42931937172774864,2.18,1.64,0.43108875,0.507785523826912
2026-08,1,0.42408376963350786,2.2,1.62,0.5046582,0.5089265833753183
2026-08,0,0.4586666666666667,2.03,1.72,0.4308032,0.47207404467676034
2026-08,1,0.4932614555256065,1.88,1.83,0.48650354,0.5293464353109689
2026-08,0,0.42782152230971127,2.18,1.63,0.52546513,0.5331504143339574
2026-08,0,0.4119170984455959,2.27,1.59,0.51553184,0.5006043754363467
2026-08,1,0.5710526315789474,1.63,2.17,0.5070093,0.5430871453164947
2026-08,0,0.5464190981432361,1.71,2.06,0.50700593,0.5288643516155278
2026-08,0,0.35539215686274506,2.63,1.45,0.4380096,0.5125552877026576
2026-08,1,0.6196473551637279,1.51,2.46,0.69483167,0.6744501156458691
2026-08,1,0.5413333333333333,1.72,2.03,0.5352899,0.5586541185447813
2026-08,0,0.5226666666666666,1.79,1.96,0.6072217,0.6030749747922189
2026-08,1,0.6055979643765903,1.55,2.38,0.56395787,0.5687925347120917
2026-08,0,0.5729166666666667,1.64,2.2,0.6964568,0.616645140926537
2026-08,0,0.48670212765957455,1.93,1.83,0.5551747,0.5625582832578213
2026-08,0,0.48930481283422456,1.91,1.83,0.58487856,0.5765817276752605
2026-08,1,0.48395721925133695,1.93,1.81,0.47056475,0.4980014603571854
2026-08,1,0.42558746736292424,2.2,1.63,0.38256305,0.45373516882565396
2026-08,0,0.4114583333333333,2.26,1.58,0.39659864,0.4242151053614821
2026-08,1,0.5755208333333334,1.63,2.21,0.5756981,0.5854748828149918
2026-08,1,0.5927835051546392,1.58,2.3,0.539458,0.5373404637174679
2026-08,0,0.4409448818897638,2.13,1.68,0.45424733,0.4794648063205227
2026-08,1,0.5587467362924282,1.69,2.14,0.5549682,0.5460478650838818
2026-08,1,0.514745308310992,1.81,1.92,0.4500986,0.48623786143164793
2026-08,0,0.4613333333333334,2.02,1.73,0.4987751,0.5316376340921491
2026-08,0,0.42558746736292424,2.2,1.63,0.482895,0.4846443844788041
2026-08,0,0.5555555555555556,1.68,2.1,0.56807196,0.6012132925579929
2026-08,0,0.528,1.77,1.98,0.5570238,0.5881429466600012
2026-08,0,0.5187165775401069,1.8,1.94,0.5119497,0.5040664898003856
2026-08,1,0.5080213903743315,1.84,1.9,0.66928756,0.6215883044989882
2026-08,0,0.389873417721519,2.41,1.54,0.39831224,0.44285143367299007
2026-08,0,0.41558441558441556,2.25,1.6,0.4562479,0.46236864441611325
2026-08,1,0.5567282321899736,1.68,2.11,0.524677,0.5951123494978787
2026-08,1,0.44031830238726793,2.11,1.66,0.44219774,0.48522595708775657
2026-08,1,0.5643044619422573,1.66,2.15,0.5611107,0.5716151226107247
2026-08,1,0.6634844868735083,1.41,2.78,0.7028397,0.631965809077516
2026-08,0,0.48128342245989303,1.94,1.8,0.55340445,0.5494089171420014
2026-08,1,0.5120643431635389,1.82,1.91,0.5175292,0.5688253039603293
2026-08,0,0.41514360313315923,2.24,1.59,0.45308703,0.4553737563227566
2026-08,0,0.5958549222797926,1.56,2.3,0.58603585,0.5736341923851388
2026-08,1,0.6262376237623761,1.51,2.53,0.6452846,0.6469008515741366
2026-08,0,0.4244791666666667,2.21,1.63,0.39226657,0.42359825920277516
2026-08,0,0.5319148936170213,1.76,2.0,0.4945015,0.5188311643601027
2026-08,0,0.5531914893617021,1.68,2.08,0.50758016,0.5327980969819996
2026-08,0,0.39331619537275064,2.36,1.53,0.5129699,0.5178345391297016
2026-08,0,0.3462469733656174,2.7,1.43,0.39170069,0.4884949233466883
2026-08,1,0.5643044619422573,1.66,2.15,0.4946161,0.5207424153525403
2026-08,1,0.4880000000000001,1.92,1.83,0.43188834,0.46170060405678104
2026-08,1,0.6626794258373206,1.41,2.77,0.67814684,0.7008216685684493
2026-08,1,0.651219512195122,1.43,2.67,0.50585973,0.5181761463518386
2026-08,0,0.4598930481283422,2.02,1.72,0.50737005,0.4903912725822557
2026-08,0,0.43193717277486904,2.17,1.65,0.40247697,0.4331398276856455
2026-08,1,0.5134408602150538,1.81,1.91,0.5117175,0.5136851818594088
2026-08,0,0.4732620320855615,1.97,1.77,0.46740103,0.5089021094023979
2026-08,1,0.5053475935828876,1.85,1.89,0.5896791,0.5820356328175975
2026-08,1,0.5796344647519582,1.61,2.22,0.55215347,0.5414800063052325
2026-08,0,0.3969072164948454,2.34,1.54,0.3660248,0.42550914815097046
2026-08,0,0.37688442211055284,2.48,1.5,0.5263681,0.5410498767615548
2026-08,0,0.4576719576719577,2.05,1.73,0.4637414,0.5100540498700525
2026-08,1,0.6578313253012049,1.42,2.73,0.75974834,0.7112541818555504
2026-08,1,0.44063324538258575,2.12,1.67,0.44967517,0.48482322447841886
2026-08,0,0.6561743341404359,1.42,2.71,0.6834856,0.6479477893233351
2026-08,1,0.5654450261780105,1.66,2.16,0.5987857,0.5747210996206494
2026-08,1,0.8033613445378152,1.17,4.78,0.8231778,0.8312976358228824
2026-08,0,0.5514511873350924,1.7,2.09,0.5536686,0.5505689607248045
2026-08,1,0.5398936170212765,1.73,2.03,0.58503246,0.5939267654584713
2026-08,1,0.5578947368421052,1.68,2.12,0.56986386,0.5922250084012588
2026-08,0,0.41666666666666663,2.24,1.6,0.48737097,0.468353337917388
2026-08,0,0.5253333333333333,1.78,1.97,0.4241025,0.49353815905041737
2026-08,1,0.578811369509044,1.63,2.24,0.53498226,0.566220485305932
2026-08,1,0.6463414634146342,1.45,2.65,0.7436242,0.66572775920105
2026-08,1,0.6116751269035533,1.53,2.41,0.63331723,0.637178159965794
2026-08,1,0.6454767726161369,1.45,2.64,0.5736779,0.6004774534844779
2026-08,1,0.5854922279792746,1.6,2.26,0.6353171,0.6566487915031998
2026-08,0,0.578125,1.62,2.22,0.5543029,0.5704155701917604
2026-08,0,0.4986666666666667,1.88,1.87,0.53300697,0.5224066037539202
2026-08,0,0.5080213903743315,1.84,1.9,0.65395796,0.6034859278795768
2026-08,1,0.48930481283422456,1.91,1.83,0.5007373,0.5582491854955123
2026-08,0,0.4338624338624339,2.14,1.64,0.51408446,0.5230124883524232
2026-08,1,0.577023498694517,1.62,2.21,0.6990465,0.6878964909273133
2026-08,0,0.6388206388206389,1.47,2.6,0.6833141,0.6639121141170266
2026-08,1,0.47074468085106375,1.99,1.77,0.4952988,0.5014736830556801
2026-08,1,0.53315649867374,1.76,2.01,0.4069048,0.4695408753613926
2026-08,0,0.5718015665796344,1.64,2.19,0.59368545,0.5634882871763003
2026-08,1,0.42597402597402595,2.21,1.64,0.44626206,0.4815888071385265
2026-08,0,0.4679144385026738,1.99,1.75,0.41419744,0.5003103290303179
2026-08,1,0.5187165775401069,1.8,1.94,0.541093,0.5897325381814735
2026-08,0,0.39230769230769225,2.37,1.53,0.5753912,0.5553070619897915
2026-08,1,0.4732620320855615,1.97,1.77,0.45574346,0.5060029504703194
2026-08,0,0.5502645502645503,1.7,2.08,0.5577506,0.5525644950877779
2026-08,1,0.48128342245989303,1.94,1.8,0.5326898,0.5561443427088186
2026-08,0,0.5755208333333334,1.63,2.21,0.47982916,0.47354195979572145
2026-08,1,0.4693333333333332,1.99,1.76,0.6548909,0.6101963172939359
2026-08,1,0.5320855614973262,1.75,1.99,0.5511916,0.5580943708026147
2026-08,1,0.48930481283422456,1.91,1.83,0.47057644,0.5189615820919142
2026-08,0,0.5026737967914439,1.86,1.88,0.5904401,0.5980970164627051
2026-08,1,0.4574468085106383,2.04,1.72,0.49844903,0.4986157117180615
2026-08,1,0.5751295336787565,1.64,2.22,0.48974982,0.5284145083683731
2026-08,0,0.4640000000000001,2.01,1.74,0.51681525,0.5146191678768236
2026-08,1,0.5398936170212765,1.73,2.03,0.53666186,0.5574105682894042
2026-08,0,0.44297082228116713,2.1,1.67,0.56278104,0.5876480333772747
2026-08,1,0.7164502164502164,1.31,3.31,0.658631,0.6455853176553673
2026-08,1,0.6061381074168798,1.54,2.37,0.6042406,0.5915660973659727
2026-08,1,0.5932642487046632,1.57,2.29,0.5833038,0.580069236301303
2026-08,1,0.5620052770448549,1.66,2.13,0.5881273,0.6462796922822777
2026-08,1,0.4103896103896104,2.27,1.58,0.47235852,0.505640125435104
2026-08,0,0.4077922077922079,2.28,1.57,0.47326678,0.48789002120618974
2026-08,1,0.5661375661375662,1.64,2.14,0.52970445,0.5201444032417901
2026-08,1,0.4067357512953368,2.29,1.57,0.5046092,0.5032595727688896
2026-08,0,0.6061381074168798,1.54,2.37,0.65762687,0.643758098831125
2026-08,0,0.4072164948453609,2.3,1.58,0.49442476,0.48840461015439784
2026-08,0,0.5,1.87,1.87,0.5898408,0.5904794675679066
2026-08,0,0.45599999999999996,2.04,1.71,0.4548169,0.4903017952622716
2026-08,1,0.5093833780160857,1.83,1.9,0.5119758,0.5339337663328536
2026-08,1,0.4588859416445623,2.04,1.73,0.40592957,0.47616845979261596
2026-08,1,0.44031830238726793,2.11,1.66,0.47493082,0.4862545501910051
2026-08,0,0.3270588235294118,2.86,1.39,0.43604928,0.4562574566659843
2026-08,0,0.49865951742627346,1.87,1.86,0.5156287,0.523674180238009
2026-08,0,0.5333333333333333,1.75,2.0,0.56843185,0.5759589972716936
2026-08,1,0.7037861915367484,1.33,3.16,0.668605,0.6593932019399183
2026-08,1,0.5335120643431636,1.74,1.99,0.46029574,0.5128975756577547
2026-09,0,0.4640000000000001,2.01,1.74,0.55843467,0.5533144370627414
2026-09,0,0.5,1.86,1.86,0.5585154,0.5686014337706147
2026-09,1,0.582901554404145,1.61,2.25,0.56911314,0.585271257914175
2026-09,1,0.6973094170403586,1.35,3.11,0.6608194,0.7067746092664431
2026-09,0,0.4973118279569893,1.87,1.85,0.5786273,0.5495436368259217
2026-09,1,0.4576719576719577,2.05,1.73,0.47257867,0.45368155084021866
2026-09,0,0.6931818181818181,1.35,3.05,0.61388445,0.6651738772807725
2026-09,0,0.6857798165137615,1.37,2.99,0.60801613,0.5982519309837661
2026-09,1,0.6966292134831461,1.35,3.1,0.7193362,0.6833477369752519
2026-09,1,0.6045918367346939,1.55,2.37,0.539065,0.5485704000214555
2026-09,0,0.4365079365079365,2.13,1.65,0.4102168,0.4189773423671537
2026-09,1,0.4485488126649077,2.09,1.7,0.46104854,0.4847013616974943
2026-09,1,0.665083135391924,1.41,2.8,0.7568825,0.7388988641328764
2026-09,1,0.655421686746988,1.43,2.72,0.54996556,0.5900008896523449
2026-09,0,0.5718015665796344,1.64,2.19,0.6084214,0.5786055554841496
2026-09,1,0.6010230179028133,1.56,2.35,0.5672473,0.535559627121746
2026-09,1,0.6430317848410758,1.46,2.63,0.6554824,0.6603156179570917
2026-09,1,0.496,1.89,1.86,0.51631606,0.5296024159206492
2026-09,0,0.5053475935828876,1.85,1.89,0.61862427,0.5906326181252579
2026-09,0,0.7028824833702882,1.34,3.17,0.6970099,0.655509405493084
2026-09,0,0.5146666666666666,1.82,1.93,0.6030042,0.5727442069083222
2026-09,0,0.48930481283422456,1.91,1.83,0.45237985,0.47271484305458256
2026-09,0,0.48525469168900803,1.92,1.81,0.5276775,0.5517982626190088
2026-09,1,0.5053475935828876,1.85,1.89,0.49528566,0.5535562455195115
2026-09,0,0.5792207792207792,1.62,2.23,0.6347467,0.619637243173714
2026-09,1,0.47074468085106375,1.99,1.77,0.5879841,0.5733048290554312
2026-09,0,0.7715355805243447,1.22,4.12,0.7302228,0.7676808258990511
2026-09,0,0.48387096774193555,1.92,1.8,0.5185223,0.5270419584757607
2026-09,0,0.5213903743315508,1.79,1.95,0.4092377,0.4743123255514717
2026-09,1,0.5226666666666666,1.79,1.96,0.61674774,0.6356208043522195
2026-09,0,0.5106951871657753,1.83,1.91,0.6604807,0.5913601684042952
2026-09,1,0.4574468085106383,2.04,1.72,0.5002083,0.5237693964290251
2026-09,1,0.49732620320855614,1.88,1.86,0.61866134,0.6399095908998045
2026-09,0,0.5093833780160857,1.83,1.9,0.50599295,0.5460518851259771
2026-09,1,0.554089709762533,1.69,2.1,0.49932927,0.5533557505029267
2026-09,0,0.47058823529411764,1.98,1.76,0.51883495,0.5205616684566714
2026-09,1,0.4225721784776903,2.2,1.61,0.40757328,0.4329368671828915
2026-09,0,0.4119170984455959,2.27,1.59,0.43795156,0.44944470472334774
2026-09,1,0.5173333333333333,1.81,1.94,0.56250507,0.5340803782671218
2026-09,1,0.5593667546174144,1.67,2.12,0.5951758,0.5963789362904697
2026-09,1,0.5040214477211796,1.85,1.88,0.63714653,0.6492489860196193
2026-09,1,0.5593667546174144,1.67,2.12,0.6342208,0.6492793319314005
2026-09,1,0.6902050113895215,1.36,3.03,0.5661989,0.5861116794042462
2026-09,0,0.37343358395989973,2.5,1.49,0.4481264,0.4531413092744804
2026-09,1,0.5695538057742783,1.64,2.17,0.60534245,0.6448004070551315
2026-09,1,0.6520681265206814,1.43,2.68,0.62685597,0.6974767925114356
2026-09,1,0.5398936170212765,1.73,2.03,0.6274867,0.5901241127796206
2026-09,1,0.4693333333333332,1.99,1.76,0.41882366,0.4390057942138071
2026-09,1,0.3848101265822785,2.43,1.52,0.38829005,0.4600279841658243
2026-09,0,0.5721784776902887,1.63,2.18,0.48186073,0.5108548329672078
2026-09,0,0.48930481283422456,1.91,1.83,0.5130489,0.5432295561384592
2026-09,1,0.5822454308093995,1.6,2.23,0.6644663,0.6348807648329932
2026-09,0,0.4535809018567639,2.06,1.71,0.49786434,0.512822685964894
2026-09,1,0.5427807486631016,1.71,2.03,0.5017644,0.5016110820688904
2026-09,0,0.40310077519379844,2.31,1.56,0.48999396,0.5225647913562718
2026-09,0,0.39185750636132316,2.39,1.54,0.45097813,0.4839102534976799
2026-09,0,0.3293838862559242,2.83,1.39,0.4018243,0.4205904484213106
2026-09,1,0.4533333333333333,2.05,1.7,0.55248976,0.5380585787036039
2026-09,1,0.41298701298701296,2.26,1.59,0.4844822,0.4999733547958741
2026-09,1,0.5267379679144386,1.77,1.97,0.47859955,0.5195722414036614
2026-09,1,0.5080645161290323,1.83,1.89,0.47535747,0.4902207519228231
2026-09,1,0.5792207792207792,1.62,2.23,0.5754468,0.621466085785751
2026-09,1,0.5526315789473685,1.7,2.1,0.50903106,0.5331617169571524
2026-09,0,0.6284289276807979,1.49,2.52,0.66291124,0.6750975965349928
2026-09,0,0.41558441558441556,2.25,1.6,0.39074963,0.44881817949205033
2026-09,1,0.5710526315789474,1.63,2.17,0.5141691,0.5289166666363936
2026-09,1,0.5490716180371352,1.7,2.07,0.52682436,0.5516598805071627
2026-09,0,0.496,1.89,1.86,0.5251146,0.49312486212624307
2026-09,1,0.7015590200445434,1.34,3.15,0.62031686,0.6018532677800574
2026-09,1,0.7044444444444444,1.33,3.17,0.6814094,0.7146085838451952
2026-09,1,0.6354679802955665,1.48,2.58,0.6668069,0.696711810489643
2026-09,1,0.6705882352941177,1.4,2.85,0.73843354,0.7540626556204195
2026-09,1,0.6126582278481012,1.53,2.42,0.6317848,0.6183555094611545
2026-09,0,0.6332518337408313,1.5,2.59,0.59039634,0.6001298043197072
2026-09,1,0.49193548387096786,1.89,1.83,0.5255992,0.5148238132557936
2026-09,1,0.6706161137440759,1.39,2.83,0.5745181,0.5542711246882487
2026-09,1,0.5684754521963824,1.67,2.2,0.5027851,0.531709353434181
2026-09,1,0.5306666666666666,1.76,1.99,0.5337255,0.5480799518531672
2026-09,0,0.46524064171123,2.0,1.74,0.4121406,0.46140141297792575
2026-09,0,0.43307086614173224,2.16,1.65,0.5509241,0.583373030954202
2026-09,0,0.6061381074168798,1.54,2.37,0.65622634,0.6739948511312139
2026-09,1,0.4233766233766234,2.22,1.63,0.45161575,0.5033448106100497
2026-09,0,0.4919786096256684,1.9,1.84,0.52143735,0.49745419593532225
2026-09,0,0.6106870229007634,1.53,2.4,0.60058224,0.6144458787537868
2026-09,0,0.5605263157894738,1.67,2.13,0.53953516,0.5517715072600867
2026-09,1,0.5774278215223098,1.61,2.2,0.59201604,0.5953827843189654
2026-09,0,0.4586666666666667,2.03,1.72,0.39285046,0.4631418885585859
2026-09,0,0.46010638297872336,2.03,1.73,0.5095899,0.5476055254471677
2026-09,0,0.49061662198391415,1.9,1.83,0.56544626,0.5597777001818312
2026-09,1,0.49333333333333335,1.9,1.85,0.51086473,0.5649927177595767
2026-09,0,0.5706806282722513,1.64,2.18,0.53512675,0.5641958976075752
2026-09,1,0.4919786096256684,1.9,1.84,0.6172871,0.5940591285768007
2026-09,0,0.5796344647519582,1.61,2.22,0.52081907,0.5254058946959776
2026-09,1,0.744421906693712,1.26,3.67,0.69033945,0.7031778680903433
2026-09,0,0.46276595744680854,2.02,1.74,0.53141934,0.5109883997780885
2026-09,0,0.4586666666666667,2.03,1.72,0.46973553,0.468165563120635
2026-09,0,0.44680851063829785,2.08,1.68,0.5805801,0.5805277909045653
2026-09,1,0.5413333333333333,1.72,2.03,0.6490286,0.6031520778758858
2026-09,1,0.4244791666666667,2.21,1.63,0.43004146,0.487327514987485
2026-09,0,0.5620052770448549,1.66,2.13,0.73498595,0.6672552324464447
2026-09,1,0.6721698113207547,1.39,2.85,0.6882486,0.6914556356693171
2026-09,1,0.3665835411471321,2.54,1.47,0.45559603,0.44663549106600897
2026-09,1,0.7479838709677419,1.25,3.71,0.6740691,0.6851309100383373
2026-09,1,0.5721784776902887,1.63,2.18,0.74205196,0.682719013936848
2026-09,0,0.6240601503759399,1.5,2.49,0.6327845,0.6604649851236495
2026-09,1,0.8082644628099173,1.16,4.89,0.735906,0.7562180384673229
2026-09,0,0.4562334217506631,2.05,1.72,0.43599758,0.4748567271625716
2026-09,0,0.31050228310502287,3.02,1.36,0.30439496,0.379759451794498
2026-09,0,0.431578947368421,2.16,1.64,0.3484281,0.41791336672380613
2026-09,0,0.6713947990543735,1.39,2.84,0.67606795,0.6805524866566628
2026-09,1,0.5253333333333333,1.78,1.97,0.51840174,0.5315816557528636
2026-09,1,0.5695538057742783,1.64,2.17,0.636727,0.6482090055745169
2026-09,0,0.3877551020408163,2.4,1.52,0.47812843,0.426259299656741
2026-09,1,0.5578947368421052,1.68,2.12,0.6507673,0.5820940468834637
2026-09,0,0.5267379679144386,1.77,1.97,0.55601895,0.5790842271090464
2026-09,1,0.44297082228116713,2.1,1.67,0.5074964,0.5323503812297932
2026-09,1,0.6126582278481012,1.53,2.42,0.588045,0.591479415213044
2026-09,1,0.6051282051282051,1.54,2.36,0.6190413,0.647274852965245
2026-09,1,0.5333333333333333,1.75,2.0,0.5604986,0.5735799818524354
2026-09,1,0.5,1.87,1.87,0.52873564,0.5741065180176923
2026-09,0,0.4562334217506631,2.05,1.72,0.34049445,0.427403532201038
2026-09,1,0.7251585623678646,1.3,3.43,0.59394294,0.630696386658038
2026-09,1,0.5502645502645503,1.7,2.08,0.5203832,0.5615805483357219
2026-09,0,0.42036553524804177,2.22,1.61,0.47406262,0.4949248933727336
2026-09,1,0.8515519568151146,1.1,6.31,0.6044091,0.6198507554274808
2026-09,0,0.43307086614173224,2.16,1.65,0.64009106,0.609579397083231
2026-09,1,0.5807291666666666,1.61,2.23,0.53191924,0.5534010657738556
2026-09,1,0.5721784776902887,1.63,2.18,0.5250264,0.5479986139659099
2026-09,1,0.8683574879227054,1.09,7.19,0.779837,0.7767536403600561
2026-09,1,0.5488126649076518,1.71,2.08,0.5010689,0.5542457126231861
2026-09,1,0.5891472868217055,1.59,2.28,0.6775673,0.6580651367794615
2026-09,1,0.5253333333333333,1.78,1.97,0.52735317,0.5423773953544264
2026-09,1,0.6363636363636365,1.48,2.59,0.6185743,0.6289682596085919
2026-09,1,0.526595744680851,1.78,1.98,0.5815806,0.5335249583779951
2026-09,0,0.49595687331536387,1.87,1.84,0.40873128,0.4496785753124372
2026-09,0,0.4654255319148936,2.01,1.75,0.48083454,0.5524831701737336
2026-09,0,0.47733333333333333,1.96,1.79,0.44043955,0.457458733807208
2026-09,0,0.4447368421052632,2.11,1.69,0.5419563,0.5576870992136325
2026-09,1,0.596401028277635,1.57,2.32,0.6316165,0.6285220161972427
2026-09,1,0.6586538461538461,1.42,2.74,0.6463118,0.6619141645100721
2026-09,1,0.6161616161616161,1.52,2.44,0.6555935,0.6674508120797509
2026-09,1,0.6642857142857144,1.41,2.79,0.6014693,0.6446118073601126
2026-09,1,0.5880829015544041,1.59,2.27,0.51188725,0.5337532755353899
2026-09,1,0.5464190981432361,1.71,2.06,0.6419803,0.6164079586841288
2026-09,0,0.5502645502645503,1.7,2.08,0.558396,0.5616322927783762
2026-09,0,0.49865951742627346,1.87,1.86,0.45301762,0.5246302092689563
2026-09,1,0.4932614555256065,1.88,1.83,0.5335514,0.5256925746008234
2026-09,1,0.5807291666666666,1.61,2.23,0.65686584,0.6453994332681331
2026-09,1,0.582901554404145,1.61,2.25,0.68753844,0.7014784553447717
2026-09,1,0.5744125326370757,1.63,2.2,0.595214,0.5963574697815506
2026-09,0,0.6805555555555556,1.38,2.94,0.7339009,0.756329183956655
2026-09,1,0.44031830238726793,2.11,1.66,0.46609497,0.5136597285132294
2026-09,1,0.5335120643431636,1.74,1.99,0.44188708,0.44775867834983213
2026-09,0,0.5345744680851062,1.75,2.01,0.4695137,0.4955444363691771
2026-09,1,0.5294117647058824,1.76,1.98,0.5385962,0.5572711269973736
2026-09,1,0.6161616161616161,1.52,2.44,0.6061627,0.6121252300050632
2026-09,0,0.4732620320855615,1.97,1.77,0.527869,0.5507957994719309
2026-09,0,0.5319148936170213,1.76,2.0,0.5344134,0.5496506122997541
2026-09,1,0.5240641711229947,1.78,1.96,0.558889,0.5809237770503883
2026-09,1,0.7554240631163708,1.24,3.83,0.6298534,0.6571421505991089
2026-09,1,0.49595687331536387,1.87,1.84,0.46265545,0.5154580746275729
2026-09,0,0.5093333333333333,1.84,1.91,0.48309714,0.5294471034260083
2026-09,0,0.35036496350364965,2.67,1.44,0.3584941,0.39025422487790384
2026-09,1,0.3555555555555556,2.61,1.44,0.40805158,0.4045519315833429
2026-09,1,0.3883248730964467,2.41,1.53,0.48722476,0.4675943283150783
2026-09,0,0.6246913580246914,1.52,2.53,0.558718,0.581585683932746
2026-09,0,0.6446078431372548,1.45,2.63,0.52880484,0.5657834438621834
2026-09,0,0.5398936170212765,1.73,2.03,0.569251,0.5684554057066964
2026-09,1,0.5979381443298969,1.56,2.32,0.6009657,0.5661229407948839
2026-09,1,0.5320855614973262,1.75,1.99,0.5733614,0.5949902609120534
2026-09,0,0.703125,1.33,3.15,0.79524505,0.797818930661989
2026-09,1,0.6529126213592232,1.43,2.69,0.6303654,0.6925960538436751
2026-09,0,0.47849462365591405,1.94,1.78,0.44447613,0.46089311927837917
2026-09,1,0.5013477088948788,1.85,1.86,0.6742727,0.6168260313344749
2026-09,0,0.6025641025641025,1.55,2.35,0.61215127,0.6011364239733639
2026-09,0,0.6284289276807979,1.49,2.52,0.6570653,0.6682505869482744
2026-09,0,0.5133689839572192,1.82,1.92,0.68457794,0.6666685497503375
2026-09,0,0.5874673629242819,1.58,2.25,0.53800905,0.566144197146382
2026-09,1,0.44031830238726793,2.11,1.66,0.50904596,0.4838893539769844
2026-09,1,0.6386138613861386,1.46,2.58,0.55084336,0.5916483090757549
2026-09,0,0.520107238605898,1.79,1.94,0.49498177,0.5433111611029895
2026-09,1,0.6713615023474179,1.4,2.86,0.6633313,0.6281355309963752
2026-09,1,0.5755208333333334,1.63,2.21,0.58263797,0.5897219802889541
2026-09,1,0.688787185354691,1.36,3.01,0.7269452,0.7176049459686852
2026-09,1,0.4088541666666667,2.27,1.57,0.4634959,0.4490931199495811
2026-09,1,0.4959785522788205,1.88,1.85,0.51146185,0.539935589068983
