y,pm,o,u,28,28 + xG/xA jugador,28 con xG/xA en lugar de g/a
0,0.3943298969072165,2.35,1.53,0.41516572,0.34557515,0.37022278
0,0.6126582278481012,1.53,2.42,0.49508023,0.5226708,0.5835828
0,0.421875,2.22,1.62,0.28708977,0.3139221,0.3572436
0,0.5578947368421052,1.68,2.12,0.4815279,0.4621226,0.44863814
1,0.48941798941798953,1.93,1.85,0.42053884,0.46311307,0.46101886
1,0.2984409799554566,3.15,1.34,0.44594827,0.48218328,0.5341804
1,0.5,1.89,1.89,0.5509515,0.56114113,0.5081014
0,0.4281984334203655,2.19,1.64,0.46282166,0.37175018,0.38662893
0,0.4383202099737532,2.14,1.67,0.3178202,0.3416494,0.3519958
1,0.45502645502645506,2.06,1.72,0.574838,0.60247326,0.5756303
0,0.5358090185676393,1.75,2.02,0.60841936,0.5089857,0.50834477
0,0.6902050113895215,1.36,3.03,0.68462735,0.68008316,0.70646286
1,0.5514511873350924,1.7,2.09,0.6066812,0.5334678,0.52680194
0,0.5384615384615384,1.74,2.03,0.6372256,0.6137089,0.6342366
0,0.6190476190476191,1.52,2.47,0.6405764,0.6532403,0.6203311
0,0.574025974025974,1.64,2.21,0.6116913,0.64532894,0.61152923
1,0.4880000000000001,1.92,1.83,0.49939832,0.48392016,0.4381036
0,0.5322580645161289,1.74,1.98,0.5246239,0.55576223,0.49836206
1,0.5880829015544041,1.59,2.27,0.67639035,0.6213929,0.60328376
1,0.6370370370370371,1.47,2.58,0.6582275,0.6379086,0.64666647
1,0.30158730158730157,3.08,1.33,0.31964782,0.341661,0.4178125
1,0.7344398340248962,1.28,3.54,0.68932855,0.6962447,0.70118845
1,0.42857142857142855,2.16,1.62,0.43109983,0.4652629,0.4815158
1,0.6136363636363636,1.53,2.43,0.62644744,0.6337207,0.6123866
1,0.43044619422572183,2.17,1.64,0.44772902,0.479029,0.46295562
0,0.5013333333333333,1.87,1.88,0.51212806,0.4699338,0.4099478
0,0.5384615384615384,1.74,2.03,0.60733205,0.5868045,0.5362361
1,0.4611260053619303,2.01,1.72,0.4161972,0.4066978,0.4073256
1,0.6737089201877935,1.39,2.87,0.5519015,0.5087787,0.57728386
1,0.5186170212765957,1.81,1.95,0.5956977,0.5274757,0.54655427
0,0.4145077720207254,2.26,1.6,0.49683604,0.4577445,0.43402416
1,0.35872235872235875,2.61,1.46,0.44155306,0.4166027,0.39083177
0,0.4704301075268817,1.97,1.75,0.38928828,0.35645992,0.3663581
0,0.5145888594164455,1.83,1.94,0.5668443,0.58832234,0.5940261
1,0.5292553191489361,1.77,1.99,0.45373696,0.45723286,0.4625697
1,0.4285714285714286,2.2,1.65,0.43169054,0.36805698,0.3489849
1,0.4960212201591513,1.9,1.87,0.61498415,0.6457945,0.680052
1,0.46276595744680854,2.02,1.74,0.52635694,0.5413597,0.5116831
0,0.5564304461942258,1.69,2.12,0.4565925,0.48233333,0.48784414
1,0.42931937172774864,2.18,1.64,0.502272,0.466496,0.3809858
0,0.642156862745098,1.46,2.62,0.6529156,0.65675676,0.7011593
1,0.6713947990543735,1.39,2.84,0.5742607,0.57002866,0.5309959
1,0.5519999999999999,1.68,2.07,0.5972657,0.59721595,0.5859798
1,0.6081424936386769,1.54,2.39,0.60827845,0.6314868,0.62114793
1,0.48,1.95,1.8,0.45689583,0.49388105,0.50215995
1,0.4760638297872341,1.97,1.79,0.5152811,0.51871216,0.52496916
1,0.554089709762533,1.69,2.1,0.58535326,0.5803605,0.6065198
0,0.6010230179028133,1.56,2.35,0.52878857,0.48085684,0.5072328
1,0.4233766233766234,2.22,1.63,0.53783345,0.56335306,0.59508026
1,0.5226666666666666,1.79,1.96,0.4841712,0.48676842,0.47145113
1,0.5054054054054055,1.83,1.87,0.54532015,0.56240404,0.54398817
0,0.44708994708994704,2.09,1.69,0.5053515,0.50398195,0.5653543
0,0.43007915567282323,2.16,1.63,0.462444,0.48271656,0.5890735
0,0.5526315789473685,1.7,2.1,0.5945512,0.5684462,0.54177076
0,0.5631578947368422,1.66,2.14,0.706465,0.69704354,0.69502556
0,0.4562334217506631,2.05,1.72,0.53546935,0.53484684,0.5342089
0,0.5226666666666666,1.79,1.96,0.45850268,0.46090207,0.48397598
0,0.4109947643979057,2.25,1.57,0.39663142,0.41655335,0.4496011
0,0.4878706199460916,1.9,1.81,0.44017076,0.4714563,0.47527567
0,0.39331619537275064,2.36,1.53,0.44262162,0.4617363,0.47755808
0,0.35891089108910884,2.59,1.45,0.34402353,0.36299738,0.33945695
1,0.45454545454545453,2.04,1.7,0.4804716,0.45706993,0.48334423
1,0.5121293800539084,1.81,1.9,0.53354764,0.50610924,0.5032753
0,0.5161290322580646,1.8,1.92,0.48035398,0.48452443,0.48286787
0,0.5241935483870968,1.77,1.95,0.45242372,0.4407611,0.35212648
1,0.5493333333333332,1.69,2.06,0.64195,0.5907357,0.57059664
0,0.3564356435643564,2.6,1.44,0.44764882,0.4476562,0.4436772
0,0.35891089108910884,2.59,1.45,0.40512305,0.4040218,0.4415106
1,0.41994750656167984,2.21,1.6,0.47738725,0.38039523,0.38516402
0,0.5108108108108108,1.81,1.89,0.41832495,0.38635248,0.42716607
1,0.5132978723404255,1.83,1.93,0.5016457,0.46960297,0.50780517
0,0.45599999999999996,2.04,1.71,0.47623998,0.51019317,0.53683454
1,0.6529126213592232,1.43,2.69,0.76899,0.75709915,0.68154496
0,0.374064837905237,2.51,1.5,0.39164335,0.328848,0.33829746
1,0.5590551181102362,1.68,2.13,0.53466666,0.46788734,0.44707507
1,0.43044619422572183,2.17,1.64,0.40129456,0.42513233,0.40430766
0,0.42931937172774864,2.18,1.64,0.33767635,0.34130186,0.377366
0,0.40102827763496146,2.33,1.56,0.35489327,0.3241143,0.35006824
1,0.6945701357466064,1.35,3.07,0.612613,0.583454,0.6247928
1,0.5654450261780105,1.66,2.16,0.61115634,0.58491075,0.5499727
1,0.5906735751295337,1.58,2.28,0.67773944,0.7166858,0.72367984
1,0.5372340425531915,1.74,2.02,0.6211824,0.60336334,0.57241595
0,0.5953608247422681,1.57,2.31,0.55011696,0.56815803,0.6135426
1,0.5106382978723405,1.84,1.92,0.47118273,0.4402197,0.46750593
0,0.3863636363636363,2.43,1.53,0.47957292,0.4510451,0.47795653
0,0.5564304461942258,1.69,2.12,0.58921736,0.56595486,0.53722817
0,0.42708333333333337,2.2,1.64,0.49080238,0.5089805,0.55045843
1,0.49071618037135284,1.92,1.85,0.560979,0.5443568,0.5256269
1,0.7524950099800399,1.24,3.77,0.7076181,0.65722954,0.72979224
0,0.40992167101827676,2.26,1.57,0.393829,0.41520104,0.45523578
1,0.5384615384615384,1.74,2.03,0.6027206,0.58065116,0.5880101
0,0.4383202099737532,2.14,1.67,0.56986684,0.5472109,0.5420848
1,0.43007915567282323,2.16,1.63,0.38061416,0.41203696,0.40512285
1,0.7164502164502164,1.31,3.31,0.7084202,0.7078493,0.6829963
0,0.49734042553191493,1.89,1.87,0.5003713,0.46653825,0.4526535
1,0.5669291338582677,1.65,2.16,0.43008026,0.401699,0.43489462
0,0.577023498694517,1.62,2.21,0.5806288,0.5214926,0.51843643
0,0.45502645502645506,2.06,1.72,0.57331383,0.53454,0.5291111
0,0.5080213903743315,1.84,1.9,0.47814742,0.4461287,0.48137635
1,0.5880829015544041,1.59,2.27,0.6384333,0.60891753,0.5675373
0,0.4523809523809524,2.07,1.71,0.49578243,0.4656027,0.5367582
0,0.40625000000000006,2.28,1.56,0.44142,0.46012625,0.45242062
0,0.40826873385012924,2.29,1.58,0.48695317,0.47846952,0.4447332
1,0.5669291338582677,1.65,2.16,0.53120476,0.53711116,0.5781907
0,0.3828715365239294,2.45,1.52,0.38005146,0.3087151,0.30525833
1,0.5278514588859416,1.78,1.99,0.55674064,0.53598773,0.52634573
0,0.41818181818181815,2.24,1.61,0.4193418,0.42288262,0.43375745
1,0.5865633074935401,1.6,2.27,0.55086577,0.5614048,0.5750681
0,0.5763157894736841,1.61,2.19,0.41191944,0.40043464,0.42400175
1,0.4414893617021276,2.1,1.66,0.6072281,0.6137234,0.6230542
0,0.4880000000000001,1.92,1.83,0.42800838,0.42651168,0.45938677
1,0.5066666666666666,1.85,1.9,0.6056136,0.6058201,0.59064215
1,0.5013333333333333,1.87,1.88,0.40765834,0.38614765,0.39679736
1,0.5226666666666666,1.79,1.96,0.6249275,0.5767625,0.54459894
1,0.5292553191489361,1.77,1.99,0.5422899,0.46933216,0.44883624
1,0.6545893719806762,1.43,2.71,0.58582294,0.5463284,0.51671696
0,0.5278514588859416,1.78,1.99,0.50124997,0.47187024,0.43787733
1,0.5672823218997362,1.64,2.15,0.60564375,0.5520905,0.5443981
1,0.48930481283422456,1.91,1.83,0.3652442,0.3506562,0.4004604
0,0.5281501340482575,1.76,1.97,0.54275954,0.5222173,0.53911597
1,0.5132978723404255,1.83,1.93,0.49962816,0.4259301,0.3803783
0,0.5026737967914439,1.86,1.88,0.5949195,0.572698,0.6005641
1,0.36567164179104483,2.55,1.47,0.39451402,0.37230822,0.40736118
0,0.4919786096256684,1.9,1.84,0.5105739,0.48856965,0.48697013
1,0.35308641975308636,2.62,1.43,0.46309996,0.5007564,0.48352653
0,0.4308093994778067,2.18,1.65,0.45449176,0.3622537,0.36422703
0,0.5079787234042553,1.85,1.91,0.57088417,0.47901648,0.40318066
0,0.39185750636132316,2.39,1.54,0.37382942,0.2862692,0.29662046
0,0.3009049773755657,3.09,1.33,0.4103344,0.3282408,0.33538127
0,0.5590551181102362,1.68,2.13,0.5760152,0.5655898,0.54697824
1,0.5317460317460317,1.77,2.01,0.55974185,0.5315545,0.5867692
1,0.5411140583554377,1.73,2.04,0.5404183,0.5115236,0.55240643
1,0.4631578947368421,2.04,1.76,0.47088552,0.5173566,0.48857427
1,0.48670212765957455,1.93,1.83,0.4531424,0.43754435,0.48365086
0,0.40731070496083555,2.27,1.56,0.500589,0.4619886,0.44914898
1,0.47074468085106375,1.99,1.77,0.4794716,0.44518322,0.48248115
0,0.4721485411140583,1.99,1.78,0.4431378,0.42168155,0.445752
1,0.4308093994778067,2.18,1.65,0.38210946,0.42122784,0.44835153
1,0.744421906693712,1.26,3.67,0.74606866,0.70616984,0.69973165
0,0.6010230179028133,1.56,2.35,0.53847426,0.5271904,0.50594234
1,0.6513317191283292,1.44,2.69,0.47543678,0.40279865,0.4863142
0,0.5839793281653746,1.61,2.26,0.59118545,0.5951201,0.58684385
1,0.6336633663366337,1.48,2.56,0.5061486,0.48237142,0.4590394
1,0.5564304461942258,1.69,2.12,0.6590909,0.6942493,0.68251276
1,0.5092838196286471,1.85,1.92,0.44746643,0.47279105,0.48996058
0,0.37185929648241206,2.5,1.48,0.3969293,0.4217867,0.399234
1,0.5335120643431636,1.74,1.99,0.44732785,0.40173024,0.40829796
0,0.4523809523809524,2.07,1.71,0.46898746,0.431192,0.5183228
1,0.6454767726161369,1.45,2.64,0.5465272,0.5742857,0.67370737
1,0.4497354497354497,2.08,1.7,0.6607324,0.671951,0.6431254
0,0.3562653562653562,2.62,1.45,0.44637495,0.48345518,0.43103725
0,0.3979328165374677,2.33,1.54,0.3640605,0.3413725,0.3573404
0,0.6666666666666667,1.4,2.8,0.69801664,0.72100484,0.6905778
1,0.6136363636363636,1.53,2.43,0.5226449,0.49909824,0.5150196
0,0.4005167958656331,2.32,1.55,0.38837245,0.38987708,0.38678452
0,0.5854922279792746,1.6,2.26,0.44130015,0.42570424,0.46443743
0,0.5173333333333333,1.81,1.94,0.5620313,0.5100721,0.45170164
1,0.5596816976127321,1.66,2.11,0.5622339,0.52731436,0.47127333
1,0.610126582278481,1.54,2.41,0.5050177,0.5254754,0.52244437
0,0.5187165775401069,1.8,1.94,0.42772046,0.35560924,0.38768688
1,0.5567282321899736,1.68,2.11,0.65934247,0.6632235,0.6460207
1,0.35539215686274506,2.63,1.45,0.43396625,0.47600764,0.515814
0,0.44063324538258575,2.12,1.67,0.45797062,0.41731554,0.5094501
1,0.45721925133689845,2.03,1.71,0.43984637,0.38060707,0.45034686
0,0.5408970976253298,1.74,2.05,0.657141,0.6473178,0.6132776
1,0.38131313131313127,2.45,1.51,0.29761976,0.34154773,0.36673635
1,0.4233766233766234,2.22,1.63,0.42780668,0.45253628,0.511968
0,0.45502645502645506,2.06,1.72,0.4933094,0.47558728,0.521925
1,0.5927835051546392,1.58,2.3,0.61205614,0.6391606,0.70083463
0,0.5106382978723405,1.84,1.92,0.5538343,0.54243004,0.49386182
0,0.5447368421052632,1.73,2.07,0.59196913,0.5408908,0.55605525
0,0.544973544973545,1.72,2.06,0.65637887,0.64838594,0.63362974
1,0.7282377919320594,1.28,3.43,0.68110347,0.68343574,0.70130587
1,0.5502645502645503,1.7,2.08,0.59518516,0.58822066,0.58378196
0,0.4588859416445623,2.04,1.73,0.51949346,0.48658624,0.51576763
0,0.42297650130548303,2.21,1.62,0.5226544,0.44008508,0.41911736
1,0.49202127659574474,1.91,1.85,0.51237696,0.50966007,0.5120518
1,0.5974358974358973,1.57,2.33,0.61766255,0.59929764,0.61676466
1,0.41818181818181815,2.24,1.61,0.5197152,0.49356097,0.4175907
0,0.5874673629242819,1.58,2.25,0.5513179,0.56859523,0.5511831
0,0.4598930481283422,2.02,1.72,0.50396514,0.52482605,0.5525397
1,0.43307086614173224,2.16,1.65,0.4986979,0.469863,0.49832612
0,0.42558746736292424,2.2,1.63,0.51215184,0.4836968,0.54063225
1,0.5567282321899736,1.68,2.11,0.57884485,0.5510316,0.5414311
0,0.3690773067331671,2.53,1.48,0.3986978,0.40980053,0.34177226
0,0.47849462365591405,1.94,1.78,0.50202715,0.49210057,0.5769481
0,0.5213903743315508,1.79,1.95,0.48636618,0.47532058,0.509457
0,0.433420365535248,2.17,1.66,0.45400706,0.36896682,0.38080055
0,0.49202127659574474,1.91,1.85,0.5015415,0.5031883,0.50916004
1,0.4562334217506631,2.05,1.72,0.56635606,0.550645,0.55879253
1,0.44791666666666663,2.12,1.72,0.562918,0.535751,0.49966592
1,0.49336870026525204,1.91,1.86,0.5473149,0.5260831,0.5531232
0,0.5680628272251308,1.65,2.17,0.6208555,0.5613183,0.54685485
0,0.6658711217183771,1.4,2.79,0.63187,0.597899,0.6128537
0,0.4880000000000001,1.92,1.83,0.40052453,0.36923948,0.40489745
0,0.5437665782493368,1.72,2.05,0.64598566,0.59538394,0.6180815
1,0.554089709762533,1.69,2.1,0.7079133,0.6889017,0.6131466
0,0.421875,2.22,1.62,0.4748783,0.43271828,0.44615418
0,0.3838383838383838,2.44,1.52,0.42055106,0.45726815,0.45574245
1,0.5306666666666666,1.76,1.99,0.50596845,0.54946506,0.5633998
1,0.5695538057742783,1.64,2.17,0.6201786,0.55166996,0.5608474
1,0.5631578947368422,1.66,2.14,0.5453323,0.555655,0.57794034
1,0.5039999999999999,1.86,1.89,0.41798598,0.3321081,0.3940429
1,0.5880829015544041,1.59,2.27,0.603483,0.6214923,0.6108407
1,0.4345549738219895,2.16,1.66,0.4473763,0.4622658,0.4975822
0,0.42558746736292424,2.2,1.63,0.41303882,0.32020336,0.33467552
0,0.634567901234568,1.48,2.57,0.58068246,0.5306972,0.5438885
0,0.5911458333333334,1.57,2.27,0.54723334,0.517685,0.4848629
1,0.35609756097560974,2.64,1.46,0.34287724,0.35103875,0.4180801
1,0.5464190981432361,1.71,2.06,0.44034106,0.44728097,0.47010097
0,0.5146666666666666,1.82,1.93,0.50507814,0.4732179,0.49519864
0,0.4497354497354497,2.08,1.7,0.4811315,0.38759726,0.2898587
0,0.6045918367346939,1.55,2.37,0.659449,0.63493335,0.6481279
0,0.6379310344827586,1.47,2.59,0.621858,0.62142,0.6269338
1,0.5053475935828876,1.85,1.89,0.54039305,0.52847564,0.5762452
1,0.6618705035971223,1.41,2.76,0.60161877,0.62336653,0.6865463
1,0.433420365535248,2.17,1.66,0.52145034,0.51856613,0.5019228
1,0.5499999999999999,1.71,2.09,0.60667735,0.55013597,0.5019619
0,0.5396825396825397,1.74,2.04,0.5673269,0.57043374,0.59823513
1,0.5239361702127661,1.79,1.97,0.5207042,0.50247145,0.5336685
0,0.5423280423280423,1.73,2.05,0.41917038,0.36270767,0.38411382
1,0.5906735751295337,1.58,2.28,0.5144705,0.49863052,0.49126467
1,0.4251968503937008,2.19,1.62,0.48200625,0.4746469,0.50056565
0,0.6931818181818181,1.35,3.05,0.6603745,0.6363459,0.68862844
0,0.4345549738219895,2.16,1.66,0.66329396,0.6561222,0.58530843
0,0.5526315789473685,1.7,2.1,0.58328235,0.5520047,0.526193
1,0.3903061224489796,2.39,1.53,0.5238278,0.5199421,0.44256887
1,0.35049019607843135,2.65,1.43,0.39174542,0.37965965,0.39914814
1,0.750499001996008,1.25,3.76,0.74957937,0.7356946,0.6988605
1,0.41253263707571797,2.25,1.58,0.363589,0.39368483,0.42849988
0,0.647921760391198,1.44,2.65,0.54903746,0.5432879,0.5261954
1,0.49202127659574474,1.91,1.85,0.48516965,0.43315148,0.49578324
1,0.6961451247165532,1.34,3.07,0.6919676,0.6855839,0.61772287
1,0.489247311827957,1.9,1.82,0.50906146,0.52437454,0.5550043
0,0.6161616161616161,1.52,2.44,0.6575303,0.66927654,0.59724176
0,0.5631578947368422,1.66,2.14,0.53484154,0.4378665,0.5307209
1,0.53315649867374,1.76,2.01,0.47986898,0.4649233,0.3932132
1,0.5240641711229947,1.78,1.96,0.49191493,0.3752882,0.39727426
0,0.4338624338624339,2.14,1.64,0.4539259,0.43434897,0.48768044
1,0.41558441558441556,2.25,1.6,0.37256193,0.38906032,0.4737853
1,0.5396825396825397,1.74,2.04,0.5461829,0.41202974,0.44165826
1,0.5654450261780105,1.66,2.16,0.6083518,0.6138376,0.61338234
0,0.44210526315789467,2.12,1.68,0.35775146,0.4062326,0.42894396
1,0.5792207792207792,1.62,2.23,0.56605613,0.462756,0.51856726
1,0.37688442211055284,2.48,1.5,0.3310874,0.24441786,0.26037645
0,0.48118279569892475,1.93,1.79,0.53405106,0.5296213,0.5554683
0,0.42105263157894735,2.2,1.6,0.4380116,0.4185547,0.4481543
1,0.5669291338582677,1.65,2.16,0.44784564,0.47040957,0.46073216
0,0.5605263157894738,1.67,2.13,0.5454696,0.56032276,0.6214599
0,0.48533333333333345,1.93,1.82,0.32518557,0.3174855,0.36338797
0,0.49066666666666664,1.91,1.84,0.6781659,0.63407403,0.6005107
1,0.6096938775510204,1.53,2.39,0.53526413,0.44015893,0.5262497
1,0.6171284634760705,1.52,2.45,0.6170194,0.60819966,0.56495893
1,0.3893129770992367,2.4,1.53,0.43036628,0.37301236,0.25991148
1,0.7024608501118569,1.33,3.14,0.65191185,0.62429583,0.650772
1,0.5401069518716577,1.72,2.02,0.5239932,0.5085448,0.47228727
0,0.4244791666666667,2.21,1.63,0.41121745,0.41383424,0.4506689
0,0.5384615384615384,1.74,2.03,0.5776592,0.5814785,0.600592
0,0.4625668449197861,2.01,1.73,0.38707748,0.28974986,0.32930526
1,0.5066666666666666,1.85,1.9,0.56800765,0.5434993,0.50930786
1,0.3893129770992367,2.4,1.53,0.52248335,0.5267798,0.5413754
1,0.4376657824933686,2.12,1.65,0.48018235,0.49610716,0.4977745
0,0.48670212765957455,1.93,1.83,0.488628,0.54457647,0.5560174
0,0.3893129770992367,2.4,1.53,0.45443478,0.3469479,0.3221612
0,0.40979381443298973,2.29,1.59,0.48233667,0.48189864,0.5386116
0,0.3564356435643564,2.6,1.44,0.5376173,0.56538737,0.5019816
1,0.3897435897435897,2.38,1.52,0.35580125,0.335177,0.3643497
1,0.6065989847715737,1.55,2.39,0.6027079,0.61519766,0.6258729
0,0.4005102040816326,2.35,1.57,0.45038867,0.4997937,0.4909607
0,0.5358090185676393,1.75,2.02,0.4951969,0.40911183,0.46436048
0,0.4308093994778067,2.18,1.65,0.44086367,0.35117465,0.42616233
1,0.5762273901808785,1.64,2.23,0.5633818,0.56273496,0.5992824
1,0.4088541666666667,2.27,1.57,0.44993347,0.4481843,0.4678979
0,0.41343669250646,2.27,1.6,0.4605237,0.45744354,0.47630644
0,0.5053191489361702,1.86,1.9,0.42982808,0.4262712,0.46958947
0,0.36543209876543215,2.57,1.48,0.35999963,0.361279,0.37452757
1,0.6240601503759399,1.5,2.49,0.70452785,0.6840013,0.6912292
1,0.6752336448598132,1.39,2.89,0.49628606,0.51174355,0.58604586
0,0.6361386138613861,1.47,2.57,0.5896303,0.5871911,0.6248484
1,0.6857798165137615,1.37,2.99,0.59198964,0.5580343,0.5301511
1,0.4787234042553191,1.96,1.8,0.5333503,0.56993705,0.6321518
0,0.433420365535248,2.17,1.66,0.45866245,0.42880273,0.44955367
1,0.45844504021447724,2.02,1.71,0.40369433,0.42497844,0.4238635
1,0.41514360313315923,2.24,1.59,0.40281755,0.3007164,0.34190965
0,0.421875,2.22,1.62,0.38570905,0.3974398,0.38103983
1,0.5744125326370757,1.63,2.2,0.6892536,0.6763154,0.6789171
0,0.4680851063829787,2.0,1.76,0.54856825,0.528345,0.5467618
1,0.6437346437346437,1.45,2.62,0.61926764,0.59043,0.61115533
1,0.4708994708994709,2.0,1.78,0.532045,0.45299825,0.46039826
1,0.5818181818181818,1.61,2.24,0.54163176,0.5192941,0.5834203
1,0.5388739946380697,1.72,2.01,0.4511509,0.46752352,0.5054242
0,0.43307086614173224,2.16,1.65,0.5318055,0.558081,0.5760409
1,0.4523809523809524,2.07,1.71,0.40601358,0.30190304,0.31905463
0,0.5398936170212765,1.73,2.03,0.3671833,0.34332848,0.38332817
1,0.4611260053619303,2.01,1.72,0.43138045,0.328932,0.33230036
1,0.5792207792207792,1.62,2.23,0.6886071,0.6772998,0.6309975
1,0.6142131979695432,1.52,2.42,0.48494154,0.49874735,0.49766913
1,0.5680628272251308,1.65,2.17,0.49727973,0.49225044,0.44463402
0,0.43307086614173224,2.16,1.65,0.44220895,0.43393788,0.40813023
1,0.4932614555256065,1.88,1.83,0.56129205,0.47458306,0.37309504
0,0.3828715365239294,2.45,1.52,0.5650817,0.5660321,0.49686408
1,0.5186170212765957,1.81,1.95,0.49519643,0.48545176,0.5316664
0,0.4588859416445623,2.04,1.73,0.36175278,0.35414734,0.4017046
0,0.5488126649076518,1.71,2.08,0.52154267,0.51833504,0.5888456
1,0.5172413793103448,1.82,1.95,0.6030817,0.59417415,0.54893714
1,0.3793969849246231,2.47,1.51,0.43704963,0.45129085,0.45341843
1,0.4603174603174603,2.04,1.74,0.5350367,0.47664148,0.50709933
1,0.4746666666666666,1.97,1.78,0.5694826,0.5846294,0.58677113
0,0.5943152454780362,1.57,2.3,0.6245336,0.61883754,0.57482064
0,0.5464190981432361,1.71,2.06,0.62509954,0.64335215,0.64168566
1,0.5476190476190476,1.71,2.07,0.5991737,0.56871176,0.513428
0,0.41666666666666663,2.24,1.6,0.43476915,0.37578356,0.4224
1,0.6354679802955665,1.48,2.58,0.6014336,0.6380846,0.6084021
1,0.6116751269035533,1.53,2.41,0.61863965,0.6298474,0.6070641
0,0.47074468085106375,1.99,1.77,0.5496647,0.5861203,0.6224247
0,0.3148148148148148,2.96,1.36,0.42877644,0.47167087,0.4350306
1,0.42368421052631583,2.19,1.61,0.34973088,0.33893567,0.3365051
0,0.5013333333333333,1.87,1.88,0.5138191,0.50118285,0.50289696
0,0.6116751269035533,1.53,2.41,0.67391765,0.68328893,0.6773117
0,0.5669291338582677,1.65,2.16,0.6550479,0.65254277,0.5950651
1,0.577023498694517,1.62,2.21,0.671075,0.6862937,0.71018493
0,0.41253263707571797,2.25,1.58,0.46713725,0.3350684,0.36614266
1,0.6658711217183771,1.4,2.79,0.6121079,0.585678,0.6640138
0,0.45721925133689845,2.03,1.71,0.41692153,0.39535877,0.394939
0,0.38167938931297707,2.43,1.5,0.4565707,0.46582898,0.5247839
1,0.5661375661375662,1.64,2.14,0.44986206,0.43527204,0.42321324
0,0.5335120643431636,1.74,1.99,0.4553334,0.44434756,0.46961683
1,0.5546666666666668,1.67,2.08,0.5757619,0.5550833,0.4607579
1,0.40155440414507776,2.31,1.55,0.39453477,0.38059598,0.38264352
0,0.40155440414507776,2.31,1.55,0.39829263,0.32042065,0.36164036
1,0.5108108108108108,1.81,1.89,0.5312678,0.53913486,0.60179937
0,0.3430656934306569,2.7,1.41,0.29730985,0.31245226,0.33307567
1,0.5027027027027027,1.84,1.86,0.5023754,0.49305385,0.5673883
0,0.3709273182957394,2.51,1.48,0.44769233,0.47770613,0.4542665
0,0.44266666666666665,2.09,1.66,0.56877905,0.56535167,0.54017437
0,0.5865633074935401,1.6,2.27,0.56043637,0.52941054,0.5807328
1,0.448,2.07,1.68,0.47668472,0.4696602,0.4993485
1,0.5514511873350924,1.7,2.09,0.63787776,0.5946843,0.6121918
0,0.5106382978723405,1.84,1.92,0.3654644,0.33808833,0.40430823
0,0.53315649867374,1.76,2.01,0.64277685,0.5334135,0.49576512
0,0.40826873385012924,2.29,1.58,0.43985373,0.39988345,0.4237656
1,0.41818181818181815,2.24,1.61,0.4872747,0.47973496,0.40916863
1,0.35452322738386305,2.64,1.45,0.40720597,0.36299083,0.3652268
1,0.5854922279792746,1.6,2.26,0.685645,0.6445219,0.62640786
0,0.5567282321899736,1.68,2.11,0.53659755,0.5186625,0.57142746
1,0.6995515695067265,1.34,3.12,0.7550238,0.74842846,0.66208106
1,0.5643044619422573,1.66,2.15,0.4508912,0.42876357,0.4941573
1,0.6206030150753769,1.51,2.47,0.58442175,0.5980651,0.61427027
0,0.4721485411140583,1.99,1.78,0.50663084,0.42366534,0.3901483
1,0.5703125,1.65,2.19,0.5227313,0.5460343,0.5386371
1,0.6136363636363636,1.53,2.43,0.61274165,0.60273856,0.626598
1,0.5590551181102362,1.68,2.13,0.529431,0.5219375,0.53893584
0,0.4296875,2.19,1.65,0.5390163,0.5797504,0.5623266
1,0.6240601503759399,1.5,2.49,0.7302173,0.7363161,0.62646854
1,0.5519999999999999,1.68,2.07,0.56741655,0.58921754,0.51443875
0,0.577023498694517,1.62,2.21,0.56686974,0.5661087,0.6042508
0,0.4511873350923483,2.08,1.71,0.45990142,0.45311102,0.51050127
1,0.4162303664921466,2.23,1.59,0.46223307,0.4784069,0.48155102
1,0.6240601503759399,1.5,2.49,0.6097261,0.56586057,0.5624012
1,0.41085271317829464,2.28,1.59,0.46361822,0.42432475,0.39415774
1,0.5590551181102362,1.68,2.13,0.4733902,0.5032523,0.52776664
1,0.45844504021447724,2.02,1.71,0.449301,0.44047052,0.49547616
1,0.6096938775510204,1.53,2.39,0.60978186,0.55572236,0.57536376
1,0.4576719576719577,2.05,1.73,0.50228906,0.5211082,0.52287173
0,0.45721925133689845,2.03,1.71,0.3756379,0.2696824,0.30026746
1,0.5680628272251308,1.65,2.17,0.4490409,0.48533297,0.51982135
1,0.6395061728395062,1.46,2.59,0.6707173,0.6491688,0.670893
1,0.37688442211055284,2.48,1.5,0.3221832,0.3165272,0.2755084
0,0.42558746736292424,2.2,1.63,0.4276913,0.40139532,0.44251633
1,0.4851752021563342,1.91,1.8,0.4517761,0.45499706,0.49368805
1,0.4523809523809524,2.07,1.71,0.5013382,0.4422945,0.46322876
0,0.4880000000000001,1.92,1.83,0.58152455,0.54588234,0.452154
1,0.44356955380577423,2.12,1.69,0.5176412,0.5280965,0.5270027
0,0.7105263157894737,1.32,3.24,0.66247654,0.6412606,0.66019803
1,0.40519480519480516,2.29,1.56,0.5114857,0.3949084,0.32355556
0,0.35049019607843135,2.65,1.43,0.4649643,0.47499457,0.49074697
0,0.5833333333333334,1.6,2.24,0.61280966,0.60238624,0.67301697
0,0.46419098143236076,2.02,1.75,0.3835454,0.41513014,0.45468092
0,0.4746666666666666,1.97,1.78,0.45451242,0.3345673,0.31970385
1,0.5226666666666666,1.79,1.96,0.5983222,0.59822977,0.58367
0,0.445910290237467,2.1,1.69,0.38974562,0.2943398,0.31185475
1,0.5305039787798408,1.77,2.0,0.57499015,0.5796915,0.57500285
0,0.43421052631578944,2.15,1.65,0.43549758,0.46450743,0.49673668
0,0.448,2.07,1.68,0.49178582,0.4339133,0.36277604
0,0.37157107231920194,2.52,1.49,0.38204798,0.32078892,0.37904638
1,0.5669291338582677,1.65,2.16,0.5435051,0.5374284,0.45914993
0,0.5066666666666666,1.85,1.9,0.66593814,0.6826434,0.61206543
1,0.4312169312169312,2.15,1.63,0.42397004,0.43905687,0.42570576
1,0.6361386138613861,1.47,2.57,0.5853739,0.54191273,0.5845076
1,0.4145077720207254,2.26,1.6,0.55137056,0.5617678,0.57222366
0,0.4350132625994695,2.13,1.64,0.45836717,0.43096623,0.4048628
1,0.421875,2.22,1.62,0.52373457,0.55215615,0.51575935
1,0.4535809018567639,2.06,1.71,0.46552768,0.46725923,0.5128039
0,0.5396825396825397,1.74,2.04,0.55554944,0.5957409,0.62406623
1,0.49595687331536387,1.87,1.84,0.38162187,0.3426879,0.36591187
0,0.6570048309178744,1.42,2.72,0.59130156,0.5979219,0.6789616
0,0.4506666666666666,2.06,1.69,0.45631567,0.37630892,0.4340125
0,0.5654450261780105,1.66,2.16,0.5992051,0.47931108,0.4999249
0,0.496,1.89,1.86,0.5939575,0.5716815,0.5257646
0,0.33571428571428574,2.79,1.41,0.34868282,0.25229704,0.27266794
0,0.36318407960199,2.56,1.46,0.32284993,0.35625035,0.37686655
1,0.3848101265822785,2.43,1.52,0.41976064,0.36156994,0.3946424
1,0.34866828087167073,2.69,1.44,0.38910776,0.42713457,0.45209235
0,0.41558441558441556,2.25,1.6,0.3347578,0.29685465,0.30411643
1,0.753968253968254,1.24,3.8,0.75253356,0.77789783,0.7437571
0,0.6161616161616161,1.52,2.44,0.67053753,0.6549327,0.7007734
1,0.6116751269035533,1.53,2.41,0.5233545,0.5162093,0.500903
1,0.5079787234042553,1.85,1.91,0.3657229,0.3906741,0.41936582
1,0.48010610079575594,1.96,1.81,0.540314,0.47141585,0.49012202
1,0.5278514588859416,1.78,1.99,0.48849168,0.52999127,0.5854565
1,0.6180904522613065,1.52,2.46,0.561728,0.57616335,0.5828189
1,0.6917808219178082,1.35,3.03,0.6502798,0.6659603,0.602188
0,0.41732283464566927,2.22,1.59,0.505543,0.4851738,0.44162145
0,0.6610576923076923,1.41,2.75,0.68927634,0.7237863,0.7547085
1,0.49202127659574474,1.91,1.85,0.5842351,0.6131426,0.6323534
1,0.6010230179028133,1.56,2.35,0.71428096,0.7164432,0.6700163
0,0.45187165775401067,2.05,1.69,0.47604188,0.46515685,0.510811
0,0.510752688172043,1.82,1.9,0.4888502,0.4415783,0.4441018
0,0.4523809523809524,2.07,1.71,0.37528217,0.35602406,0.37310562
1,0.4787234042553191,1.96,1.8,0.543639,0.4444239,0.44023576
0,0.5186170212765957,1.81,1.95,0.6370286,0.64252937,0.6116034
0,0.445910290237467,2.1,1.69,0.5361005,0.5282386,0.5135161
1,0.5039787798408488,1.87,1.9,0.55818015,0.5150515,0.48210755
0,0.5654450261780105,1.66,2.16,0.6534135,0.64511144,0.659862
0,0.45721925133689845,2.03,1.71,0.6284669,0.6551559,0.64092547
1,0.5240641711229947,1.78,1.96,0.6749032,0.68801814,0.67974365
1,0.3620689655172414,2.59,1.47,0.33260855,0.33821994,0.36560854
1,0.5488126649076518,1.71,2.08,0.59324753,0.6089724,0.58400035
1,0.5080213903743315,1.84,1.9,0.39701852,0.3043514,0.36291602
1,0.37373737373737376,2.48,1.48,0.5093285,0.5038844,0.40271363
1,0.5437665782493368,1.72,2.05,0.5097253,0.48415023,0.48341465
0,0.544973544973545,1.72,2.06,0.48842946,0.44102678,0.4193453
0,0.5,1.88,1.88,0.60601985,0.54313016,0.5589
0,0.6206030150753769,1.51,2.47,0.6467,0.59199107,0.57787424
0,0.526595744680851,1.78,1.98,0.59262574,0.5951028,0.56621206
1,0.6126582278481012,1.53,2.42,0.6652754,0.68396676,0.74747753
0,0.49061662198391415,1.9,1.83,0.48755175,0.45659685,0.4209741
1,0.5162162162162162,1.79,1.91,0.5822315,0.5458829,0.49601927
1,0.5199999999999999,1.8,1.95,0.55865085,0.46397313,0.48510605
1,0.5146666666666666,1.82,1.93,0.5175072,0.51568496,0.4670043
0,0.4986666666666667,1.88,1.87,0.55367166,0.52648365,0.6202715
0,0.6412776412776413,1.46,2.61,0.6571594,0.6617684,0.6238333
0,0.48936170212765967,1.92,1.84,0.55335635,0.57245344,0.55126804
0,0.5066666666666666,1.85,1.9,0.51034874,0.50232196,0.43882355
1,0.44266666666666665,2.09,1.66,0.4362051,0.46663672,0.52158225
0,0.5053475935828876,1.85,1.89,0.37244192,0.37129104,0.47269005
0,0.42368421052631583,2.19,1.61,0.40208745,0.3475675,0.38720486
1,0.48,1.95,1.8,0.6165296,0.62796915,0.5981194
0,0.38190954773869346,2.46,1.52,0.4605381,0.43068448,0.51551354
1,0.554089709762533,1.69,2.1,0.48287827,0.5068015,0.584179
0,0.47580645161290325,1.95,1.77,0.5690172,0.5942303,0.5274471
0,0.6737089201877935,1.39,2.87,0.6420234,0.5815918,0.636814
1,0.46684350132625996,2.01,1.76,0.62347287,0.65785235,0.5866848
0,0.4497354497354497,2.08,1.7,0.46473417,0.47155246,0.42491525
1,0.5714285714285715,1.65,2.2,0.5383868,0.48302537,0.52094686
0,0.49206349206349204,1.92,1.86,0.6418603,0.62883484,0.58740413
1,0.6713615023474179,1.4,2.86,0.7350558,0.7314102,0.7116768
1,0.5485564304461943,1.72,2.09,0.52095675,0.56777537,0.60970616
1,0.5502645502645503,1.7,2.08,0.5173837,0.47370425,0.49588054
0,0.47745358090185674,1.97,1.8,0.5253404,0.4402272,0.46845907
1,0.5159574468085106,1.82,1.94,0.60334885,0.61210364,0.5828663
0,0.45382585751978893,2.07,1.72,0.49494943,0.4503668,0.4661185
0,0.5435356200527705,1.73,2.06,0.58049995,0.5975363,0.59238255
1,0.519893899204244,1.81,1.96,0.5851389,0.5318083,0.42197117
0,0.6055979643765903,1.55,2.38,0.6613671,0.69629675,0.6912232
0,0.6293532338308457,1.49,2.53,0.6976883,0.71422803,0.68264794
0,0.6161616161616161,1.52,2.44,0.56154937,0.56527364,0.55348015
0,0.5526315789473685,1.7,2.1,0.4602087,0.43546763,0.48017654
0,0.38190954773869346,2.46,1.52,0.44851336,0.43256554,0.4651677
0,0.5514511873350924,1.7,2.09,0.60641974,0.6183694,0.5900762
1,0.4578947368421053,2.06,1.74,0.5012731,0.45637783,0.45201415
1,0.5202156334231806,1.78,1.93,0.5486677,0.54587144,0.609825
0,0.44708994708994704,2.09,1.69,0.45715255,0.5233605,0.5509451
1,0.45502645502645506,2.06,1.72,0.48425776,0.3970937,0.40409786
0,0.5132978723404255,1.83,1.93,0.5097073,0.5609934,0.6266089
1,0.5066666666666666,1.85,1.9,0.55824625,0.4562365,0.44902506
0,0.5938303341902313,1.58,2.31,0.646638,0.6038287,0.5715909
1,0.7083333333333333,1.33,3.23,0.7209805,0.70357406,0.67345876
1,0.5013333333333333,1.87,1.88,0.4371756,0.49137694,0.44724482
0,0.5744125326370757,1.63,2.2,0.6515783,0.6408359,0.5799872
0,0.5225464190981433,1.8,1.97,0.4922375,0.4318734,0.46882638
1,0.634567901234568,1.48,2.57,0.65209967,0.6881779,0.6950134
1,0.4485488126649077,2.09,1.7,0.46046418,0.45529896,0.42365494
1,0.5917312661498708,1.58,2.29,0.5617609,0.62516195,0.63193834
1,0.34963325183374083,2.66,1.43,0.3749877,0.30052438,0.3594179
0,0.37343358395989973,2.5,1.49,0.45611072,0.40733296,0.4172864
1,0.5555555555555556,1.68,2.1,0.56304747,0.46914396,0.44908047
1,0.5319148936170213,1.76,2.0,0.6549361,0.6381811,0.5852593
0,0.4274406332453826,2.17,1.62,0.4886493,0.45948917,0.4916699
1,0.6578313253012049,1.42,2.73,0.5942782,0.5964511,0.56637555
1,0.5729166666666667,1.64,2.2,0.59451044,0.56342816,0.50258434
1,0.6954545454545454,1.34,3.06,0.666937,0.64671695,0.61449105
0,0.5026737967914439,1.86,1.88,0.5317236,0.5338469,0.5288339
1,0.49202127659574474,1.91,1.85,0.44803563,0.40035754,0.3666485
0,0.4368421052631579,2.14,1.66,0.46239734,0.4386882,0.42345753
1,0.6721698113207547,1.39,2.85,0.7001848,0.66934204,0.6798105
0,0.3793969849246231,2.47,1.51,0.45576534,0.4862463,0.50131965
1,0.49593495934959353,1.86,1.83,0.5530416,0.47667438,0.39780444
1,0.5039999999999999,1.86,1.89,0.5340089,0.5294335,0.60823095
0,0.43307086614173224,2.16,1.65,0.39081413,0.3489828,0.37626332
0,0.5132978723404255,1.83,1.93,0.52229375,0.5660671,0.6015916
0,0.5865633074935401,1.6,2.27,0.5906421,0.61780494,0.68384516
1,0.5669291338582677,1.65,2.16,0.6751193,0.63679135,0.591463
0,0.4497354497354497,2.08,1.7,0.43834686,0.47618788,0.5048715
0,0.4350132625994695,2.13,1.64,0.46140608,0.4434065,0.48110056
0,0.48,1.95,1.8,0.55626297,0.54695976,0.5644946
1,0.4826666666666667,1.94,1.81,0.67458004,0.65417093,0.5894193
0,0.6388206388206389,1.47,2.6,0.59855855,0.5888463,0.56719464
1,0.4656084656084655,2.02,1.76,0.5402853,0.4787917,0.46838403
0,0.3848101265822785,2.43,1.52,0.5686787,0.5530741,0.4807609
1,0.4506666666666666,2.06,1.69,0.51184213,0.5281664,0.41751742
0,0.421875,2.22,1.62,0.46147117,0.47849497,0.4645415
1,0.5148247978436657,1.8,1.91,0.5682212,0.57583696,0.5189445
0,0.512,1.83,1.92,0.4311336,0.446647,0.4949804
1,0.3838383838383838,2.44,1.52,0.48647013,0.5077565,0.5594706
0,0.688787185354691,1.36,3.01,0.6433828,0.6163417,0.607551
0,0.4263157894736842,2.18,1.62,0.41276908,0.3770481,0.41876215
0,0.3848101265822785,2.43,1.52,0.35491762,0.26934287,0.25000644
0,0.40469973890339433,2.28,1.55,0.4201607,0.4979299,0.42441577
1,0.3863636363636363,2.43,1.53,0.3725331,0.37683076,0.39096984
0,0.4146981627296588,2.23,1.58,0.5258315,0.47888583,0.5069345
0,0.41361256544502617,2.24,1.58,0.5460782,0.55321,0.5840467
1,0.46419098143236076,2.02,1.75,0.53745526,0.5044333,0.4648654
1,0.5616797900262467,1.67,2.14,0.54588234,0.47580963,0.4365279
0,0.4826666666666667,1.94,1.81,0.41482085,0.4037285,0.37099496
1,0.496,1.89,1.86,0.4949916,0.4153139,0.4991787
0,0.3781725888324873,2.45,1.49,0.46269313,0.46509823,0.49145445
0,0.3462469733656174,2.7,1.43,0.3595287,0.36310664,0.42532006
1,0.41298701298701296,2.26,1.59,0.5524956,0.573665,0.5933331
1,0.4986666666666667,1.88,1.87,0.51390755,0.5090655,0.56261003
0,0.450402144772118,2.05,1.68,0.5571163,0.5231042,0.594947
1,0.5502645502645503,1.7,2.08,0.5932001,0.6200783,0.64060533
0,0.4281984334203655,2.19,1.64,0.51381123,0.5089356,0.48946118
1,0.6240601503759399,1.5,2.49,0.5188793,0.5247986,0.56939006
0,0.6035805626598465,1.55,2.36,0.5244903,0.53213656,0.48917407
1,0.44327176781002636,2.11,1.68,0.34190056,0.35885414,0.3905543
1,0.5989717223650385,1.56,2.33,0.5845524,0.5909909,0.6067744
0,0.6231155778894473,1.5,2.48,0.6568347,0.653017,0.6329335
0,0.5093333333333333,1.84,1.91,0.69866836,0.7062143,0.6569133
0,0.4195250659630607,2.2,1.59,0.41104183,0.36883345,0.3911293
1,0.40568475452196384,2.3,1.57,0.45007372,0.47821164,0.47560135
0,0.5054054054054055,1.83,1.87,0.49586764,0.45895404,0.51391536
1,0.5490716180371352,1.7,2.07,0.5408598,0.5137119,0.5391511
0,0.41818181818181815,2.24,1.61,0.41027346,0.414824,0.44547257
1,0.4603174603174603,2.04,1.74,0.6403793,0.5685426,0.5312475
0,0.7588235294117648,1.23,3.87,0.7556623,0.7428328,0.7202984
0,0.5108108108108108,1.81,1.89,0.59361047,0.5895729,0.55600166
0,0.6293532338308457,1.49,2.53,0.7121316,0.6538946,0.6730934
1,0.6975169300225732,1.34,3.09,0.70292234,0.67328244,0.69907784
1,0.5605263157894738,1.67,2.13,0.51387465,0.5347172,0.5101341
0,0.3112128146453089,3.01,1.36,0.27512226,0.20692268,0.25524718
1,0.41361256544502617,2.24,1.58,0.46770868,0.46784607,0.41266495
1,0.5081081081081081,1.82,1.88,0.50607216,0.5022103,0.4967483
1,0.6215538847117794,1.51,2.48,0.7095994,0.73330677,0.74032277
1,0.48128342245989303,1.94,1.8,0.4462522,0.40667313,0.43049508
1,0.528,1.77,1.98,0.5495643,0.58134496,0.54291934
1,0.42931937172774864,2.18,1.64,0.44761983,0.478434,0.5009997
0,0.49066666666666664,1.91,1.84,0.5053449,0.38109782,0.41735277
1,0.48,1.95,1.8,0.5305896,0.53049624,0.53932565
0,0.4946524064171124,1.89,1.85,0.5562254,0.53610706,0.51374334
1,0.5654450261780105,1.66,2.16,0.5061534,0.536169,0.51710355
1,0.43193717277486904,2.17,1.65,0.39869505,0.45688373,0.48414797
1,0.5253333333333333,1.78,1.97,0.49320608,0.46612135,0.50748533
0,0.40826873385012924,2.29,1.58,0.47060356,0.43793744,0.3891622
0,0.5187165775401069,1.8,1.94,0.5047605,0.44157237,0.5270384
1,0.4743935309973046,1.95,1.76,0.49222666,0.5189155,0.54049426
0,0.43947368421052635,2.13,1.67,0.49223772,0.49453393,0.44155398
1,0.5013404825737265,1.86,1.87,0.5334256,0.45415735,0.48408666
0,0.6265664160401002,1.49,2.5,0.5818997,0.5979686,0.5814365
0,0.5306666666666666,1.76,1.99,0.51236105,0.49196005,0.4580589
0,0.5039999999999999,1.86,1.89,0.44712052,0.45120415,0.4958337
1,0.7725563909774436,1.21,4.11,0.80640954,0.80036813,0.8058656
1,0.4732620320855615,1.97,1.77,0.52132183,0.46570015,0.45037872
1,0.4274406332453826,2.17,1.62,0.44653708,0.42071423,0.45993155
1,0.6161616161616161,1.52,2.44,0.6013311,0.59826076,0.6093373
0,0.42558746736292424,2.2,1.63,0.5018471,0.50108635,0.49407706
0,0.6379310344827586,1.47,2.59,0.6820447,0.68018514,0.6960465
0,0.37027707808564236,2.5,1.47,0.39527506,0.43941516,0.44888553
1,0.5452127659574468,1.71,2.05,0.57961714,0.53658503,0.4976202
1,0.5573333333333332,1.66,2.09,0.64311683,0.611457,0.61002666
0,0.4281984334203655,2.19,1.64,0.5129997,0.53312844,0.47476888
1,0.6035805626598465,1.55,2.36,0.7100878,0.7166684,0.67889935
0,0.4880000000000001,1.92,1.83,0.48994556,0.49546686,0.45723802
0,0.634567901234568,1.48,2.57,0.5070252,0.50509125,0.526775
1,0.4146981627296588,2.23,1.58,0.44520196,0.43122768,0.4856368
0,0.39086294416243655,2.4,1.54,0.42497206,0.4270361,0.4256292
1,0.5677083333333334,1.66,2.18,0.5789912,0.6022765,0.55449396
0,0.42297650130548303,2.21,1.62,0.38732404,0.32100746,0.35883653
0,0.4878706199460916,1.9,1.81,0.5144168,0.485844,0.53128797
0,0.48670212765957455,1.93,1.83,0.51100504,0.50945675,0.5662813
0,0.642156862745098,1.46,2.62,0.5799925,0.5553801,0.6254094
1,0.5292553191489361,1.77,1.99,0.58029336,0.565067,0.57186973
0,0.544973544973545,1.72,2.06,0.5945509,0.5335376,0.49493346
0,0.5680628272251308,1.65,2.17,0.5919589,0.58623874,0.57127863
0,0.5212765957446808,1.8,1.96,0.61883533,0.6343803,0.61412305
1,0.7002237136465325,1.34,3.13,0.6010462,0.6364113,0.60392684
0,0.5590551181102362,1.68,2.13,0.6206,0.6268096,0.5280557
0,0.48670212765957455,1.93,1.83,0.46973696,0.38051814,0.4321924
0,0.49865951742627346,1.87,1.86,0.4761939,0.44817907,0.49363884
0,0.44652406417112295,2.07,1.67,0.5942308,0.5662652,0.50320876
0,0.4680851063829787,2.0,1.76,0.49978653,0.49558797,0.55780256
1,0.6186868686868687,1.51,2.45,0.6746266,0.6907413,0.6718403
1,0.37157107231920194,2.52,1.49,0.44044286,0.45200047,0.5014074
0,0.37913486005089053,2.44,1.49,0.4510487,0.42664704,0.45323128
1,0.5744125326370757,1.63,2.2,0.48674107,0.4858182,0.45628205
1,0.4119170984455959,2.27,1.59,0.4405846,0.41032392,0.47719473
0,0.698876404494382,1.34,3.11,0.61197793,0.60933584,0.59515244
1,0.42216358839050133,2.19,1.6,0.5546502,0.51801556,0.42063937
0,0.4576719576719577,2.05,1.73,0.47281972,0.44399208,0.43506017
1,0.4576719576719577,2.05,1.73,0.538093,0.43523115,0.43036014
1,0.39897698209718674,2.35,1.56,0.42132634,0.42986727,0.44566613
1,0.5398936170212765,1.73,2.03,0.49596077,0.40134877,0.4475016
1,0.4704301075268817,1.97,1.75,0.50476015,0.507083,0.60353124
0,0.42931937172774864,2.18,1.64,0.4597791,0.38988575,0.38235503
0,0.4444444444444444,2.1,1.68,0.49985123,0.54988474,0.54300684
1,0.45308310991957107,2.04,1.69,0.45783147,0.41443768,0.48919067
1,0.4146981627296588,2.23,1.58,0.37791246,0.37157547,0.35603586
0,0.7439024390243902,1.26,3.66,0.6759274,0.65567255,0.64643806
1,0.764367816091954,1.23,3.99,0.6705567,0.63978654,0.6303476
1,0.5755208333333334,1.63,2.21,0.6503211,0.59687567,0.59035254
1,0.445910290237467,2.1,1.69,0.37157303,0.35732013,0.3777774
1,0.40568475452196384,2.3,1.57,0.48592,0.4525268,0.5071086
0,0.4611260053619303,2.01,1.72,0.45749918,0.48894826,0.52561206
0,0.3430656934306569,2.7,1.41,0.5015993,0.45815402,0.38295642
0,0.4523809523809524,2.07,1.71,0.457937,0.40322667,0.4159338
1,0.4,2.34,1.56,0.52667886,0.54889566,0.53208125
0,0.47978436657681944,1.93,1.78,0.52995455,0.49393827,0.42848563
0,0.4693333333333332,1.99,1.76,0.47782427,0.46240988,0.5170968
1,0.42036553524804177,2.22,1.61,0.47070175,0.44754,0.46879983
0,0.578125,1.62,2.22,0.5984268,0.57183176,0.5921157
0,0.42708333333333337,2.2,1.64,0.4799251,0.46801144,0.4586265
1,0.5792207792207792,1.62,2.23,0.57225204,0.554845,0.5525908
1,0.41558441558441556,2.25,1.6,0.38961908,0.37435004,0.40062815
1,0.4368421052631579,2.14,1.66,0.41607714,0.48577207,0.49608794
0,0.4345549738219895,2.16,1.66,0.58007765,0.59301585,0.52503264
0,0.526595744680851,1.78,1.98,0.5129604,0.42180413,0.45605892
1,0.642156862745098,1.46,2.62,0.7037951,0.71921915,0.7430198
1,0.5552631578947369,1.69,2.11,0.43632168,0.44727713,0.49276155
1,0.5729166666666667,1.64,2.2,0.64342517,0.6443569,0.61987305
0,0.41818181818181815,2.24,1.61,0.4197918,0.37257126,0.4098114
1,0.5578947368421052,1.68,2.12,0.698819,0.6781565,0.64277464
0,0.4880000000000001,1.92,1.83,0.44180393,0.4510284,0.47933865
1,0.5173333333333333,1.81,1.94,0.61561155,0.6501238,0.60604155
0,0.4281984334203655,2.19,1.64,0.5634067,0.44624367,0.47813696
0,0.4588859416445623,2.04,1.73,0.5123901,0.48548087,0.46551743
0,0.4787234042553191,1.96,1.8,0.45919046,0.4798914,0.51866645
0,0.47200000000000003,1.98,1.77,0.545169,0.58625567,0.58357257
0,0.5372340425531915,1.74,2.02,0.50100213,0.5083511,0.44856587
1,0.4020618556701031,2.32,1.56,0.42092496,0.4322915,0.45587388
0,0.4123711340206186,2.28,1.6,0.47111312,0.49488226,0.5350182
1,0.6339066339066339,1.49,2.58,0.6790164,0.67785645,0.6506678
1,0.5305039787798408,1.77,2.0,0.5898014,0.4790418,0.47775477
1,0.5703125,1.65,2.19,0.48464623,0.3725548,0.40182123
1,0.5651041666666667,1.67,2.17,0.719543,0.7267644,0.6808447
0,0.5948717948717949,1.58,2.32,0.7023493,0.70658684,0.72057694
0,0.5902061855670103,1.59,2.29,0.61083114,0.5746553,0.5619353
0,0.4640000000000001,2.01,1.74,0.4717614,0.4469605,0.4880569
0,0.5013333333333333,1.87,1.88,0.467935,0.44748703,0.5067712
0,0.578125,1.62,2.22,0.56200373,0.5419873,0.56036484
1,0.42105263157894735,2.2,1.6,0.40762216,0.40509996,0.47212106
1,0.48,1.95,1.8,0.466437,0.44136232,0.47880664
0,0.46153846153846156,2.03,1.74,0.47923666,0.43723288,0.43073815
0,0.2942477876106195,3.19,1.33,0.4325878,0.47387463,0.5532695
0,0.47340425531914887,1.98,1.78,0.4354085,0.3847158,0.44077435
1,0.5225464190981433,1.8,1.97,0.5468679,0.5464549,0.54619867
1,0.44708994708994704,2.09,1.69,0.50615215,0.5054635,0.5051273
0,0.4491978609625669,2.06,1.68,0.51216704,0.48792133,0.48029715
0,0.4562334217506631,2.05,1.72,0.46994358,0.4321931,0.42261487
0,0.37343358395989973,2.5,1.49,0.38069654,0.41710797,0.46356496
0,0.5526315789473685,1.7,2.1,0.646045,0.6732286,0.67728895
1,0.49202127659574474,1.91,1.85,0.47505593,0.46581036,0.4568565
1,0.5040650406504065,1.83,1.86,0.519995,0.46834365,0.46504107
1,0.4851752021563342,1.91,1.8,0.6092027,0.61877084,0.5611828
0,0.39285714285714285,2.38,1.54,0.5244728,0.50301445,0.43931317
1,0.5943152454780362,1.57,2.3,0.58864224,0.5810168,0.64265645
0,0.5240641711229947,1.78,1.96,0.4784665,0.45403862,0.48474544
1,0.5333333333333333,1.75,2.0,0.47280806,0.4167636,0.46957
1,0.578125,1.62,2.22,0.5489596,0.5442568,0.54534644
0,0.5376344086021505,1.72,2.0,0.60275555,0.57798356,0.49333763
0,0.5320855614973262,1.75,1.99,0.5772358,0.5448526,0.5365306
0,0.4574468085106383,2.04,1.72,0.44042358,0.40656233,0.42246252
0,0.6729411764705883,1.39,2.86,0.60258675,0.61945933,0.57081
0,0.3943298969072165,2.35,1.53,0.4631954,0.45089978,0.48828354
0,0.5643044619422573,1.66,2.15,0.5016242,0.48079777,0.5440118
0,0.37157107231920194,2.52,1.49,0.48615947,0.46848375,0.47630367
0,0.5212765957446808,1.8,1.96,0.5763702,0.5927795,0.6290846
1,0.42105263157894735,2.2,1.6,0.4841779,0.44654828,0.43849295
1,0.49865951742627346,1.87,1.86,0.43606907,0.40043887,0.4585412
0,0.6395061728395062,1.46,2.59,0.76249415,0.7889028,0.76770693
0,0.4693333333333332,1.99,1.76,0.5940916,0.5782081,0.57403564
0,0.4694960212201591,2.0,1.77,0.51037705,0.55374813,0.5743257
0,0.5358090185676393,1.75,2.02,0.5570591,0.5318924,0.55173194
1,0.4281984334203655,2.19,1.64,0.50512975,0.43056732,0.43459287
1,0.4743935309973046,1.95,1.76,0.39511818,0.34111047,0.39466155
1,0.5305039787798408,1.77,2.0,0.53742296,0.5528684,0.5532284
1,0.6487804878048781,1.44,2.66,0.6452276,0.62223035,0.5958696
0,0.5106951871657753,1.83,1.91,0.52975607,0.563441,0.5536208
0,0.4786096256684492,1.95,1.79,0.46228942,0.4942955,0.5437297
1,0.43193717277486904,2.17,1.65,0.54666466,0.5827241,0.6422141
1,0.38676844783715014,2.41,1.52,0.38745078,0.3364273,0.32237795
0,0.33573141486810554,2.77,1.4,0.42864403,0.45718735,0.50207096
0,0.6311881188118812,1.49,2.55,0.7303087,0.7202397,0.6995951
1,0.44533333333333336,2.08,1.67,0.44463903,0.46237946,0.47410098
1,0.43044619422572183,2.17,1.64,0.4388863,0.45563728,0.5072905
1,0.36934673366834175,2.51,1.47,0.47296533,0.50049573,0.45836765
1,0.6917808219178082,1.35,3.03,0.7180154,0.70431846,0.6984807
1,0.5529100529100528,1.69,2.09,0.63933295,0.6126791,0.5655109
1,0.450402144772118,2.05,1.68,0.47161707,0.48075238,0.504685
0,0.4666666666666667,2.0,1.75,0.55340695,0.5248615,0.5419776
1,0.42931937172774864,2.18,1.64,0.48865756,0.46360078,0.40538293
0,0.4145077720207254,2.26,1.6,0.4161159,0.36388296,0.35209078
1,0.48936170212765967,1.92,1.84,0.4608271,0.45773965,0.513857
1,0.49336870026525204,1.91,1.86,0.46248072,0.43346968,0.44576818
1,0.4654255319148936,2.01,1.75,0.5603789,0.54939777,0.48173016
0,0.4880000000000001,1.92,1.83,0.5324586,0.50326836,0.45927614
1,0.4748010610079576,1.98,1.79,0.40814346,0.4511949,0.54856026
1,0.5305039787798408,1.77,2.0,0.58820295,0.5572199,0.49653664
0,0.49468085106382986,1.9,1.86,0.5545243,0.57366526,0.5583192
1,0.5552631578947369,1.69,2.11,0.570881,0.61451435,0.5819491
0,0.4576719576719577,2.05,1.73,0.47316486,0.402953,0.37770036
0,0.6602870813397128,1.42,2.76,0.69297904,0.69660074,0.6816677
1,0.42077922077922075,2.23,1.62,0.5290095,0.5344706,0.5457393
1,0.41085271317829464,2.28,1.59,0.4614841,0.44439262,0.42263055
0,0.5818181818181818,1.61,2.24,0.49990875,0.49835935,0.4634916
1,0.5488126649076518,1.71,2.08,0.65284866,0.630968,0.5788011
1,0.5251989389920424,1.79,1.98,0.5376878,0.52474874,0.62257165
1,0.41818181818181815,2.24,1.61,0.48150197,0.50843203,0.5268252
0,0.47200000000000003,1.98,1.77,0.5444281,0.5060004,0.49041733
0,0.5476190476190476,1.71,2.07,0.5718559,0.59057885,0.5778168
1,0.3891752577319587,2.37,1.51,0.3877458,0.312,0.32804143
1,0.5865633074935401,1.6,2.27,0.56113493,0.53305984,0.5377544
1,0.3090909090909091,3.04,1.36,0.35109502,0.30716318,0.35931462
0,0.4562334217506631,2.05,1.72,0.4940687,0.44478336,0.41885886
1,0.48247978436657685,1.92,1.79,0.4250422,0.38922915,0.39449367
0,0.4523809523809524,2.07,1.71,0.5200268,0.4951443,0.52195
1,0.4119170984455959,2.27,1.59,0.42181307,0.42739218,0.48606586
1,0.42931937172774864,2.18,1.64,0.40700966,0.3553655,0.3661853
1,0.5239361702127661,1.79,1.97,0.604408,0.59685934,0.6075557
1,0.5411140583554377,1.73,2.04,0.487844,0.44545183,0.48679382
0,0.47311827956989244,1.96,1.76,0.41559935,0.31503162,0.32576913
1,0.5040214477211796,1.85,1.88,0.46297532,0.48424703,0.50594246
0,0.4746666666666666,1.97,1.78,0.42668733,0.47107333,0.52083725
0,0.44827586206896547,2.08,1.69,0.43195248,0.39093667,0.3891182
0,0.32235294117647056,2.88,1.37,0.45946336,0.37971017,0.44709843
0,0.42368421052631583,2.19,1.61,0.5766611,0.5329615,0.5110912
0,0.5027027027027027,1.84,1.86,0.587451,0.58182853,0.51621956
1,0.634567901234568,1.48,2.57,0.71237355,0.7119229,0.70333654
0,0.5173333333333333,1.81,1.94,0.5322249,0.52017176,0.48015624
0,0.44063324538258575,2.12,1.67,0.44076556,0.46772632,0.4533921
1,0.5611702127659575,1.65,2.11,0.50132126,0.47527272,0.4999694
1,0.362962962962963,2.58,1.47,0.3896576,0.336583,0.31281495
1,0.40992167101827676,2.26,1.57,0.45675832,0.4463336,0.47671327
1,0.3893129770992367,2.4,1.53,0.5384962,0.5765742,0.6039
0,0.47733333333333333,1.96,1.79,0.46475396,0.4336627,0.48410487
1,0.5292553191489361,1.77,1.99,0.4793477,0.4730327,0.45444065
0,0.4878706199460916,1.9,1.81,0.5538249,0.5414234,0.507788
0,0.4588859416445623,2.04,1.73,0.40125045,0.34414834,0.38785607
1,0.4491978609625669,2.06,1.68,0.5356105,0.53935623,0.5275869
1,0.7937062937062936,1.18,4.54,0.8233237,0.81246126,0.7685239
0,0.37844611528822053,2.48,1.51,0.5706192,0.5495953,0.4055473
1,0.4588859416445623,2.04,1.73,0.4985423,0.48224908,0.45401293
1,0.36386138613861385,2.57,1.47,0.46174985,0.49677578,0.53029364
1,0.3836317135549872,2.41,1.5,0.4659806,0.39589065,0.44593102
1,0.5680628272251308,1.65,2.17,0.5706913,0.5470869,0.58615553
0,0.4732620320855615,1.97,1.77,0.35642228,0.30377972,0.39336863
1,0.642156862745098,1.46,2.62,0.58525044,0.5620038,0.5377982
1,0.6504854368932039,1.44,2.68,0.5739175,0.5327035,0.5260352
1,0.5423280423280423,1.73,2.05,0.47045785,0.5021242,0.53174746
1,0.5093333333333333,1.84,1.91,0.55347306,0.6005184,0.54888695
0,0.5,1.87,1.87,0.51431304,0.533863,0.5070464
1,0.7549407114624506,1.24,3.82,0.68335927,0.6940078,0.6883544
0,0.5974358974358973,1.57,2.33,0.5733696,0.56581795,0.5998829
1,0.6,1.56,2.34,0.4551929,0.4281439,0.47716412
0,0.6284289276807979,1.49,2.52,0.5530461,0.5765257,0.6010243
1,0.41818181818181815,2.24,1.61,0.470934,0.45857048,0.40403032
0,0.42297650130548303,2.21,1.62,0.45859447,0.44924363,0.48118028
1,0.46153846153846156,2.03,1.74,0.5422028,0.5106589,0.46866578
1,0.6096938775510204,1.53,2.39,0.47955942,0.43074948,0.44275045
1,0.5766233766233767,1.63,2.22,0.5580565,0.5626155,0.57920486
0,0.5202156334231806,1.78,1.93,0.57197154,0.5384339,0.4874052
0,0.5039999999999999,1.86,1.89,0.40452352,0.36780572,0.407199
1,0.651219512195122,1.43,2.67,0.6968358,0.66213083,0.68843436
0,0.4523809523809524,2.07,1.71,0.4444645,0.44939947,0.4505442
0,0.6336633663366337,1.48,2.56,0.6232456,0.6187937,0.57675606
0,0.7348643006263047,1.27,3.52,0.68525314,0.64330983,0.6736655
1,0.42216358839050133,2.19,1.6,0.43850064,0.4166171,0.44634348
0,0.5464190981432361,1.71,2.06,0.540732,0.51096267,0.54821765
0,0.5398936170212765,1.73,2.03,0.47002316,0.43721634,0.487451
1,0.5476190476190476,1.71,2.07,0.51832354,0.44410595,0.45602363
0,0.596401028277635,1.57,2.32,0.62830055,0.5954554,0.5836975
0,0.6388206388206389,1.47,2.6,0.6138126,0.60603356,0.58657163
1,0.5669291338582677,1.65,2.16,0.54404867,0.5808912,0.5808856
0,0.4591029023746703,2.05,1.74,0.51954794,0.5055765,0.5160735
0,0.6081424936386769,1.54,2.39,0.6523322,0.69499743,0.6836187
0,0.5755208333333334,1.63,2.21,0.6051625,0.5734089,0.5843029
1,0.5488126649076518,1.71,2.08,0.5533103,0.5320605,0.4626152
1,0.42708333333333337,2.2,1.64,0.5385454,0.45453176,0.44754702
1,0.42105263157894735,2.2,1.6,0.5314986,0.4341097,0.40716296
1,0.38131313131313127,2.45,1.51,0.45703626,0.40182844,0.38100857
0,0.5529100529100528,1.69,2.09,0.61721545,0.60508585,0.5645681
0,0.4746666666666666,1.97,1.78,0.5238031,0.56360054,0.6183089
1,0.3974358974358974,2.35,1.55,0.45594102,0.5035264,0.51263684
1,0.7186147186147186,1.3,3.32,0.6958753,0.70995104,0.7017139
0,0.44533333333333336,2.08,1.67,0.5086463,0.49384785,0.49248785
0,0.5039999999999999,1.86,1.89,0.45977956,0.43147546,0.48792663
1,0.5053475935828876,1.85,1.89,0.45593938,0.42614204,0.4321095
0,0.46276595744680854,2.02,1.74,0.43915358,0.42405248,0.5625856
0,0.5669291338582677,1.65,2.16,0.47040898,0.4074034,0.48561102
1,0.5361930294906166,1.73,2.0,0.5758971,0.54798114,0.5097753
1,0.5067024128686327,1.84,1.89,0.6053829,0.5837254,0.52186847
0,0.37157107231920194,2.52,1.49,0.4585955,0.49348927,0.4532276
0,0.29398663697104677,3.17,1.32,0.3283422,0.2782682,0.27977815
1,0.4623655913978494,2.0,1.72,0.4157959,0.3527383,0.4093097
1,0.4760638297872341,1.97,1.79,0.5688473,0.5442255,0.48827276
0,0.5654450261780105,1.66,2.16,0.5034648,0.44590703,0.5014328
1,0.5870129870129869,1.59,2.26,0.6056134,0.6442884,0.6178302
0,0.5213903743315508,1.79,1.95,0.47966203,0.42868224,0.4824257
0,0.5120643431635389,1.82,1.91,0.5347816,0.54557407,0.57571226
1,0.47978436657681944,1.93,1.78,0.50118333,0.48606458,0.48740354
1,0.47200000000000003,1.98,1.77,0.55137753,0.5557419,0.5697272
0,0.5226666666666666,1.79,1.96,0.5928174,0.5381647,0.5830132
0,0.4986666666666667,1.88,1.87,0.6179274,0.63587934,0.59976226
1,0.49333333333333335,1.9,1.85,0.5764924,0.5256406,0.51597154
0,0.42558746736292424,2.2,1.63,0.4752957,0.42156357,0.42513305
0,0.4891891891891892,1.89,1.81,0.46764868,0.4631706,0.44555634
0,0.31018518518518523,2.98,1.34,0.40154633,0.4378826,0.44263545
1,0.42558746736292424,2.2,1.63,0.48476458,0.44751835,0.42987227
1,0.5425531914893618,1.72,2.04,0.4837328,0.4491663,0.4798966
0,0.5066666666666666,1.85,1.9,0.5481284,0.5877066,0.6141844
1,0.6721698113207547,1.39,2.85,0.70128417,0.6806634,0.7010123
0,0.5040650406504065,1.83,1.86,0.59231246,0.5780345,0.66152495
0,0.3974358974358974,2.35,1.55,0.40387455,0.32950774,0.33795783
0,0.38717948717948714,2.39,1.51,0.35681245,0.3051427,0.35884914
1,0.4,2.34,1.56,0.55301535,0.5955368,0.55759573
1,0.44327176781002636,2.11,1.68,0.5348424,0.5225744,0.5021533
0,0.6277915632754342,1.5,2.53,0.6460333,0.61621684,0.5541363
0,0.6126582278481012,1.53,2.42,0.56011045,0.5563599,0.600354
0,0.3620689655172414,2.59,1.47,0.4443627,0.45075768,0.47237286
1,0.3684210526315789,2.52,1.47,0.5116424,0.505023,0.5374986
1,0.6275000000000001,1.49,2.51,0.4704337,0.4627413,0.5100865
1,0.47340425531914887,1.98,1.78,0.51844645,0.5168467,0.5410358
1,0.4511873350923483,2.08,1.71,0.5189814,0.466335,0.45235544
0,0.4837837837837838,1.91,1.79,0.43418545,0.48356023,0.4258895
1,0.4020618556701031,2.32,1.56,0.43055597,0.41805363,0.42127562
1,0.46276595744680854,2.02,1.74,0.563227,0.5179664,0.5286161
0,0.6354679802955665,1.48,2.58,0.69032705,0.6477937,0.6309513
1,0.768939393939394,1.22,4.06,0.8209652,0.82694465,0.7906462
1,0.5396825396825397,1.74,2.04,0.51926714,0.47621638,0.4903988
1,0.6171284634760705,1.52,2.45,0.64786553,0.60963905,0.59415895
1,0.6336633663366337,1.48,2.56,0.63340694,0.5862296,0.6446966
0,0.6737089201877935,1.39,2.87,0.6462353,0.6624239,0.63550377
1,0.47074468085106375,1.99,1.77,0.47533637,0.44380742,0.4574093
1,0.53315649867374,1.76,2.01,0.57217926,0.5534684,0.53320324
0,0.4557640750670242,2.03,1.7,0.44691497,0.435881,0.44618732
1,0.4192708333333333,2.23,1.61,0.34580654,0.3201581,0.3613356
0,0.5187165775401069,1.8,1.94,0.42900676,0.41298646,0.44877705
1,0.47733333333333333,1.96,1.79,0.549543,0.5896677,0.5958302
1,0.41558441558441556,2.25,1.6,0.45698184,0.46129823,0.506468
1,0.45721925133689845,2.03,1.71,0.5215464,0.46298718,0.45742553
1,0.596401028277635,1.57,2.32,0.57213134,0.5555164,0.5593423
1,0.4557640750670242,2.03,1.7,0.40386754,0.35640824,0.407134
1,0.49066666666666664,1.91,1.84,0.60531574,0.56987315,0.53937614
0,0.5669291338582677,1.65,2.16,0.6074542,0.54194784,0.5310525
0,0.3602941176470588,2.61,1.47,0.493021,0.45950574,0.34579974
0,0.642156862745098,1.46,2.62,0.62403977,0.62315035,0.6024109
1,0.4088541666666667,2.27,1.57,0.36000624,0.35471368,0.36671084
1,0.5818181818181818,1.61,2.24,0.67583317,0.66145337,0.7062785
0,0.4447368421052632,2.11,1.69,0.5022983,0.54238737,0.5262886
0,0.41207349081364825,2.24,1.57,0.40815002,0.36657906,0.40174896
1,0.5643044619422573,1.66,2.15,0.5414503,0.55890524,0.59679395
1,0.5488126649076518,1.71,2.08,0.50707966,0.52427995,0.5258921
1,0.5333333333333333,1.75,2.0,0.63968927,0.5255911,0.5789434
1,0.3944020356234097,2.38,1.55,0.42835537,0.43568087,0.47044903
1,0.5396825396825397,1.74,2.04,0.5907415,0.5707793,0.5277375
0,0.5718015665796344,1.64,2.19,0.61072814,0.5979454,0.60279113
0,0.49071618037135284,1.92,1.85,0.45450902,0.49291077,0.538888
1,0.6161616161616161,1.52,2.44,0.5644244,0.54288995,0.57448685
0,0.44533333333333336,2.08,1.67,0.47463903,0.4494957,0.43196607
1,0.767175572519084,1.22,4.02,0.68884194,0.70845044,0.7364498
0,0.44708994708994704,2.09,1.69,0.33818117,0.30562207,0.33416408
0,0.46010638297872336,2.03,1.73,0.5390963,0.5215779,0.58920014
1,0.5517241379310345,1.69,2.08,0.6249751,0.58491766,0.6110685
1,0.554089709762533,1.69,2.1,0.67716193,0.69045967,0.6593877
1,0.5278514588859416,1.78,1.99,0.6042081,0.5961071,0.58641785
1,0.37064676616915426,2.53,1.49,0.49421254,0.47143102,0.47983065
0,0.49595687331536387,1.87,1.84,0.5438216,0.5083395,0.47786862
1,0.4654255319148936,2.01,1.75,0.5399848,0.49556383,0.5259696
0,0.43193717277486904,2.17,1.65,0.4780404,0.48162228,0.47967976
1,0.528,1.77,1.98,0.6035161,0.60330105,0.4906706
1,0.41666666666666663,2.24,1.6,0.5507582,0.5516966,0.5279393
0,0.5661375661375662,1.64,2.14,0.5963829,0.5895726,0.5746106
1,0.4611260053619303,2.01,1.72,0.49462643,0.4928668,0.4326908
1,0.37749999999999995,2.49,1.51,0.34719625,0.3440381,0.33457276
0,0.4281984334203655,2.19,1.64,0.47117448,0.42021018,0.4739419
0,0.33812949640287776,2.76,1.41,0.4684054,0.52125967,0.5413937
0,0.4591029023746703,2.05,1.74,0.54572487,0.5181111,0.55673873
0,0.5703125,1.65,2.19,0.5429356,0.5247138,0.5602308
0,0.5974358974358973,1.57,2.33,0.6239732,0.57693064,0.5670528
0,0.4350132625994695,2.13,1.64,0.41873035,0.3454085,0.40020853
1,0.33890214797136037,2.77,1.42,0.54031515,0.5372677,0.50291294
0,0.5989717223650385,1.56,2.33,0.5351086,0.57339114,0.63149226
1,0.374064837905237,2.51,1.5,0.3938862,0.36895508,0.3495453
0,0.4192708333333333,2.23,1.61,0.40135852,0.40655938,0.4673969
1,0.42708333333333337,2.2,1.64,0.40045366,0.38814002,0.40150747
1,0.625,1.5,2.5,0.51613367,0.457131,0.50072134
1,0.5226666666666666,1.79,1.96,0.590498,0.5331184,0.59574354
1,0.42297650130548303,2.21,1.62,0.4495035,0.4901719,0.4893651
1,0.6151898734177216,1.52,2.43,0.6718829,0.6301392,0.62594765
0,0.5643044619422573,1.66,2.15,0.47551808,0.48267785,0.51325905
1,0.49071618037135284,1.92,1.85,0.51793045,0.48257956,0.4860815
0,0.5132978723404255,1.83,1.93,0.6065666,0.61857516,0.6368358
0,0.5435356200527705,1.73,2.06,0.5043418,0.43796712,0.43001708
1,0.5,1.87,1.87,0.33966216,0.293976,0.28444073
0,0.4851752021563342,1.91,1.8,0.4439053,0.46708098,0.42612514
1,0.34466019417475724,2.7,1.42,0.42816836,0.3937104,0.41998163
1,0.5502645502645503,1.7,2.08,0.62154466,0.5970283,0.5607692
1,0.4694960212201591,2.0,1.77,0.5560192,0.5415874,0.45888585
0,0.4704301075268817,1.97,1.75,0.48283523,0.42992526,0.4069708
0,0.5372340425531915,1.74,2.02,0.43587857,0.38368925,0.4238103
1,0.7239915074309979,1.3,3.41,0.7072887,0.7060346,0.70086515
1,0.6136363636363636,1.53,2.43,0.60414326,0.5765413,0.53476804
1,0.46276595744680854,2.02,1.74,0.545913,0.50390255,0.50608325
1,0.37749999999999995,2.49,1.51,0.43135175,0.3926681,0.40434593
1,0.703125,1.33,3.15,0.6985473,0.70086974,0.6530994
1,0.5818181818181818,1.61,2.24,0.71889627,0.7064637,0.6530032
1,0.46648793565683644,1.99,1.74,0.41646892,0.40339723,0.46216697
1,0.6361386138613861,1.47,2.57,0.5392912,0.49424583,0.56376827
0,0.3731343283582089,2.52,1.5,0.4708809,0.51099956,0.5136906
1,0.5349462365591399,1.73,1.99,0.5896285,0.56748664,0.52676547
1,0.6403940886699507,1.46,2.6,0.7042093,0.69969666,0.68432134
1,0.5680628272251308,1.65,2.17,0.6266017,0.60571873,0.5502211
0,0.49202127659574474,1.91,1.85,0.5315322,0.5131399,0.52101964
0,0.526595744680851,1.78,1.98,0.50590533,0.4852023,0.5003558
0,0.5306666666666666,1.76,1.99,0.60350364,0.61451554,0.58942264
0,0.4746666666666666,1.97,1.78,0.5607339,0.5370193,0.5535985
0,0.5865633074935401,1.6,2.27,0.59741086,0.55933535,0.5459746
0,0.3836317135549872,2.41,1.5,0.47921142,0.45856518,0.48078936
1,0.5026737967914439,1.86,1.88,0.56965137,0.55850816,0.52721536
0,0.4267015706806283,2.19,1.63,0.49695072,0.50745666,0.5712544
0,0.4574468085106383,2.04,1.72,0.5890418,0.53288937,0.5675241
1,0.5240641711229947,1.78,1.96,0.5751155,0.5404261,0.52905625
1,0.5839793281653746,1.61,2.26,0.59717447,0.5953916,0.5528248
1,0.6602870813397128,1.42,2.76,0.61559665,0.6045469,0.6064066
0,0.5744125326370757,1.63,2.2,0.5927986,0.5640212,0.4962619
0,0.3772151898734177,2.46,1.49,0.31594807,0.3559067,0.3572762
0,0.5890052356020942,1.57,2.25,0.54298925,0.5311017,0.4803683
0,0.3270588235294118,2.86,1.39,0.3928787,0.36164135,0.3323824
1,0.6151898734177216,1.52,2.43,0.67118156,0.6821375,0.7422287
1,0.49066666666666664,1.91,1.84,0.4763113,0.45007235,0.4808287
0,0.5202156334231806,1.78,1.93,0.46398902,0.46035886,0.44798717
0,0.4281984334203655,2.19,1.64,0.49550772,0.4625214,0.44909772
1,0.42857142857142855,2.16,1.62,0.43960714,0.40602607,0.44261986
0,0.43193717277486904,2.17,1.65,0.4445958,0.42905086,0.4563624
1,0.4244791666666667,2.21,1.63,0.55507994,0.5790203,0.6198641
1,0.42558746736292424,2.2,1.63,0.4756066,0.43692574,0.4758245
1,0.445910290237467,2.1,1.69,0.4439507,0.44300842,0.4051403
0,0.3897435897435897,2.38,1.52,0.42094144,0.3791775,0.39212054
0,0.5013333333333333,1.87,1.88,0.53126925,0.54065907,0.5428009
0,0.5411140583554377,1.73,2.04,0.57041425,0.5325719,0.5316609
0,0.3954081632653061,2.37,1.55,0.48101336,0.4747571,0.46737775
1,0.4526315789473684,2.08,1.72,0.46246058,0.4997913,0.52233505
1,0.4296875,2.19,1.65,0.45990643,0.4473886,0.43155503
0,0.6447688564476886,1.46,2.65,0.59444493,0.5713604,0.5348809
1,0.5027027027027027,1.84,1.86,0.43021026,0.43022156,0.4733983
1,0.6020408163265306,1.56,2.36,0.68228185,0.6642908,0.66461456
1,0.502659574468085,1.87,1.89,0.5414036,0.5393549,0.5474185
0,0.5384615384615384,1.74,2.03,0.55385655,0.529359,0.5974463
0,0.5292553191489361,1.77,1.99,0.5086788,0.45452625,0.5093645
0,0.5199999999999999,1.8,1.95,0.48811856,0.5016919,0.5368822
1,0.5552631578947369,1.69,2.11,0.5604841,0.57834446,0.5790802
1,0.5578947368421052,1.68,2.12,0.5835012,0.5494792,0.56858486
0,0.5654450261780105,1.66,2.16,0.5818153,0.5930506,0.5521879
0,0.5039999999999999,1.86,1.89,0.5999747,0.5552469,0.54400665
1,0.4308093994778067,2.18,1.65,0.59432364,0.58918005,0.6081698
0,0.3640897755610973,2.55,1.46,0.4102242,0.42855963,0.43520975
1,0.7484909456740443,1.25,3.72,0.7629407,0.7746576,0.7177051
1,0.5917312661498708,1.58,2.29,0.5892358,0.57447004,0.5427484
1,0.3731343283582089,2.52,1.5,0.5230901,0.52197206,0.5201446
0,0.5854922279792746,1.6,2.26,0.6050415,0.60512316,0.63350946
1,0.5616797900262467,1.67,2.14,0.53980863,0.5231124,0.6007126
0,0.3772151898734177,2.46,1.49,0.41490918,0.37671572,0.40989637
0,0.4562334217506631,2.05,1.72,0.39255905,0.39678225,0.40072626
1,0.49468085106382986,1.9,1.86,0.5886916,0.5845819,0.50813544
1,0.5187165775401069,1.8,1.94,0.57854795,0.5429549,0.57562816
0,0.49865951742627346,1.87,1.86,0.6460101,0.64306605,0.6292789
0,0.48,1.95,1.8,0.4144469,0.4384517,0.4528187
0,0.28017241379310354,3.34,1.3,0.5039267,0.53340423,0.5609685
1,0.48247978436657685,1.92,1.79,0.39105114,0.38767242,0.39865258
1,0.3405275779376499,2.75,1.42,0.34937626,0.32376665,0.32526413
0,0.5226666666666666,1.79,1.96,0.56193495,0.5590718,0.5056975
0,0.6327543424317617,1.48,2.55,0.6526395,0.64939445,0.62886065
1,0.642156862745098,1.46,2.62,0.58231574,0.573652,0.6181769
0,0.4732620320855615,1.97,1.77,0.4106043,0.4455933,0.46790552
1,0.48128342245989303,1.94,1.8,0.50972205,0.5018369,0.47465172
1,0.4973118279569893,1.87,1.85,0.46996278,0.44819432,0.39589065
1,0.5134408602150538,1.81,1.91,0.5042959,0.46933112,0.4501605
0,0.39845758354755784,2.34,1.55,0.4502932,0.39423057,0.45886913
1,0.48533333333333345,1.93,1.82,0.55796814,0.5371513,0.5404062
0,0.44327176781002636,2.11,1.68,0.578171,0.58274376,0.5132526
1,0.6020408163265306,1.56,2.36,0.6587432,0.64004457,0.6145652
1,0.7611650485436894,1.23,3.92,0.78853846,0.7697244,0.7703365
1,0.53315649867374,1.76,2.01,0.5410307,0.53272325,0.5518869
1,0.3969072164948454,2.34,1.54,0.39981493,0.38756984,0.40439534
0,0.5680628272251308,1.65,2.17,0.6127927,0.5775028,0.538648
1,0.6618705035971223,1.41,2.76,0.74137086,0.72556406,0.696048
1,0.4473684210526316,2.1,1.7,0.54767895,0.55021703,0.5570284
0,0.6025641025641025,1.55,2.35,0.4433283,0.43421417,0.5331157
1,0.47849462365591405,1.94,1.78,0.6075438,0.64860463,0.63304234
1,0.5590551181102362,1.68,2.13,0.61225504,0.62198484,0.5790945
0,0.5687830687830688,1.63,2.15,0.52319527,0.49800643,0.46304932
0,0.4654255319148936,2.01,1.75,0.42966643,0.46233863,0.5128668
1,0.5425531914893618,1.72,2.04,0.39091516,0.38373104,0.43407336
1,0.5538057742782152,1.7,2.11,0.61322266,0.5742571,0.5822991
1,0.5146666666666666,1.82,1.93,0.5623119,0.5247828,0.49315453
1,0.5818181818181818,1.61,2.24,0.5836494,0.5792922,0.6053149
0,0.6388206388206389,1.47,2.6,0.63963735,0.61268574,0.5749051
0,0.5358090185676393,1.75,2.02,0.5648948,0.5504919,0.53331196
1,0.6171284634760705,1.52,2.45,0.56259215,0.5643298,0.5739538
1,0.48930481283422456,1.91,1.83,0.51973516,0.4889049,0.5222543
0,0.4826666666666667,1.94,1.81,0.44421548,0.42675847,0.4280606
0,0.5226666666666666,1.79,1.96,0.59639466,0.59852016,0.5803215
0,0.512,1.83,1.92,0.50007015,0.49112707,0.5040871
1,0.6783216783216783,1.38,2.91,0.5565347,0.55268466,0.66398656
1,0.6171284634760705,1.52,2.45,0.46186894,0.42814285,0.46029672
1,0.5699208443271768,1.63,2.16,0.57611495,0.54823893,0.5466701
1,0.502659574468085,1.87,1.89,0.43295318,0.4064757,0.4232358
0,0.4654255319148936,2.01,1.75,0.48522156,0.46658808,0.45113707
1,0.6186868686868687,1.51,2.45,0.59833455,0.58142066,0.5499956
1,0.47721179624664883,1.95,1.78,0.5003595,0.54857105,0.55637586
1,0.4345549738219895,2.16,1.66,0.3896432,0.3759139,0.37098837
1,0.5226666666666666,1.79,1.96,0.7192975,0.6967091,0.6633431
1,0.5665796344647519,1.66,2.17,0.6342716,0.60048115,0.60844105
1,0.5159574468085106,1.82,1.94,0.56168854,0.56439704,0.5626262
1,0.4523809523809524,2.07,1.71,0.45256552,0.44547552,0.45385757
1,0.544973544973545,1.72,2.06,0.60353,0.5581914,0.5747327
1,0.7182795698924732,1.31,3.34,0.736578,0.74494773,0.7024158
1,0.3903061224489796,2.39,1.53,0.30639857,0.27112922,0.26371992
0,0.36069651741293535,2.57,1.45,0.44837433,0.45264053,0.47147956
1,0.5870129870129869,1.59,2.26,0.6035293,0.59757966,0.53922194
0,0.4562334217506631,2.05,1.72,0.56454396,0.5302771,0.45873547
0,0.39845758354755784,2.34,1.55,0.4845303,0.519563,0.5482609
1,0.655421686746988,1.43,2.72,0.59217584,0.5622661,0.62662584
0,0.4274406332453826,2.17,1.62,0.46360484,0.44626284,0.48153883
0,0.5080213903743315,1.84,1.9,0.47033852,0.43373388,0.48954687
1,0.48670212765957455,1.93,1.83,0.65578467,0.65912217,0.67606574
1,0.6570048309178744,1.42,2.72,0.5837822,0.55728614,0.62468666
1,0.40625000000000006,2.28,1.56,0.4384326,0.39748102,0.4434405
1,0.5187165775401069,1.8,1.94,0.5712759,0.54501355,0.61426216
1,0.421875,2.22,1.62,0.5042465,0.50134134,0.45415276
1,0.4035989717223651,2.32,1.57,0.5125689,0.48188338,0.45501575
0,0.40155440414507776,2.31,1.55,0.40903258,0.42587146,0.46825352
1,0.4281984334203655,2.19,1.64,0.43465072,0.38941634,0.4719484
1,0.38095238095238093,2.47,1.52,0.3921372,0.3904543,0.42959452
0,0.3731343283582089,2.52,1.5,0.51233315,0.4667539,0.47757
0,0.5488126649076518,1.71,2.08,0.64464796,0.6025611,0.61890984
0,0.39896373056994816,2.32,1.54,0.48817286,0.43174163,0.47030059
1,0.46774193548387094,1.98,1.74,0.4955063,0.47413635,0.43062383
1,0.4574468085106383,2.04,1.72,0.4701147,0.44316706,0.45734423
1,0.43044619422572183,2.17,1.64,0.5852941,0.61006343,0.5808608
0,0.41406249999999994,2.25,1.59,0.49138704,0.5207259,0.5645684
1,0.6798143851508122,1.38,2.93,0.6425019,0.6387378,0.60376745
1,0.46276595744680854,2.02,1.74,0.47485036,0.4943703,0.5146535
0,0.4786096256684492,1.95,1.79,0.5183186,0.4862318,0.4767353
0,0.4945945945945946,1.87,1.83,0.4820477,0.46291694,0.45788938
1,0.38131313131313127,2.45,1.51,0.42960423,0.41282588,0.4448111
0,0.5555555555555556,1.68,2.1,0.6006753,0.58512604,0.57515466
1,0.4693333333333332,1.99,1.76,0.44911605,0.43511692,0.42230612
0,0.5081081081081081,1.82,1.88,0.4258615,0.41258988,0.4672932
1,0.4865591397849462,1.91,1.81,0.44915462,0.46117193,0.46814126
0,0.36386138613861385,2.57,1.47,0.48170534,0.5176896,0.51113045
1,0.717391304347826,1.3,3.3,0.70076627,0.7061705,0.67243826
0,0.5669291338582677,1.65,2.16,0.32275555,0.30274907,0.30929264
0,0.4880000000000001,1.92,1.83,0.48786193,0.54651636,0.5526398
1,0.5552631578947369,1.69,2.11,0.54764634,0.53985167,0.5275587
1,0.42857142857142855,2.16,1.62,0.3893331,0.37472373,0.4302613
0,0.5319148936170213,1.76,2.0,0.52869,0.534125,0.5916214
1,0.421875,2.22,1.62,0.49037308,0.52694035,0.45778012
0,0.5567282321899736,1.68,2.11,0.5771153,0.5758424,0.50407946
1,0.5106951871657753,1.83,1.91,0.55613405,0.54145426,0.4933258
1,0.49066666666666664,1.91,1.84,0.45192155,0.5162042,0.5740448
0,0.44533333333333336,2.08,1.67,0.51860815,0.5510396,0.5866922
0,0.47340425531914887,1.98,1.78,0.5445291,0.54249966,0.59275264
1,0.7875,1.19,4.41,0.8035528,0.80580795,0.77975416
1,0.5578947368421052,1.68,2.12,0.5524155,0.5475639,0.5654992
0,0.4986666666666667,1.88,1.87,0.6423196,0.6395062,0.5808347
1,0.6,1.56,2.34,0.5194996,0.49816638,0.5852744
0,0.5186170212765957,1.81,1.95,0.51381385,0.4956181,0.50009006
0,0.6578313253012049,1.42,2.73,0.6390201,0.62490284,0.64625007
0,0.5372340425531915,1.74,2.02,0.5195775,0.51264775,0.51986635
0,0.49732620320855614,1.88,1.86,0.57977724,0.568773,0.57126963
1,0.38618925831202044,2.4,1.51,0.39166242,0.41570368,0.43634444
0,0.38717948717948714,2.39,1.51,0.42383832,0.41479746,0.45074958
1,0.6395061728395062,1.46,2.59,0.5880854,0.5839313,0.5585046
0,0.46010638297872336,2.03,1.73,0.49395943,0.4840973,0.46327987
0,0.6071428571428571,1.54,2.38,0.6024836,0.57294136,0.47893327
1,0.5657894736842105,1.65,2.15,0.5010887,0.4922567,0.52427924
1,0.5789473684210527,1.6,2.2,0.6086374,0.57573617,0.56001806
1,0.6529126213592232,1.43,2.69,0.53623927,0.53913355,0.6211202
0,0.4267015706806283,2.19,1.63,0.47806948,0.47890472,0.51466143
0,0.40102827763496146,2.33,1.56,0.466847,0.4623273,0.41566023
0,0.45844504021447724,2.02,1.71,0.4476065,0.43279305,0.4197963
1,0.6626794258373206,1.41,2.77,0.71241045,0.7183746,0.6952337
1,0.5106951871657753,1.83,1.91,0.5261917,0.512572,0.521282
1,0.7520000000000001,1.24,3.76,0.784535,0.7993867,0.76252717
1,0.4145077720207254,2.26,1.6,0.40872544,0.4221162,0.47902966
1,0.40731070496083555,2.27,1.56,0.5141608,0.50307894,0.5098902
0,0.3247058823529411,2.87,1.38,0.40084657,0.35252744,0.38141033
1,0.44210526315789467,2.12,1.68,0.57155854,0.52899384,0.5294801
1,0.4523809523809524,2.07,1.71,0.5606004,0.53095233,0.49908957
1,0.5040214477211796,1.85,1.88,0.536451,0.53365225,0.47497144
0,0.496,1.89,1.86,0.4795534,0.49705377,0.42191243
0,0.5590551181102362,1.68,2.13,0.6338819,0.6281668,0.5719522
1,0.5053191489361702,1.86,1.9,0.5901814,0.5477298,0.55429286
1,0.48247978436657685,1.92,1.79,0.44497815,0.43938679,0.46390995
1,0.7775735294117647,1.21,4.23,0.7286981,0.73035085,0.7172045
0,0.4654255319148936,2.01,1.75,0.5237445,0.49883676,0.5091697
1,0.5187165775401069,1.8,1.94,0.5686492,0.5503366,0.5510748
0,0.4497354497354497,2.08,1.7,0.41951007,0.41758114,0.45646444
1,0.528,1.77,1.98,0.5600461,0.52301383,0.51259744
1,0.41343669250646,2.27,1.6,0.53544796,0.54036975,0.47304648
0,0.5253333333333333,1.78,1.97,0.5449955,0.57929003,0.5493454
0,0.4338624338624339,2.14,1.64,0.48549446,0.44809312,0.3833201
0,0.4368421052631579,2.14,1.66,0.5431418,0.5570713,0.5227169
1,0.6136363636363636,1.53,2.43,0.50543135,0.49716654,0.55822617
1,0.49066666666666664,1.91,1.84,0.45743078,0.42773572,0.47662878
1,0.5306666666666666,1.76,1.99,0.6159301,0.61027205,0.6201912
1,0.5306666666666666,1.76,1.99,0.4834599,0.5046628,0.5203369
0,0.4865591397849462,1.91,1.81,0.44679037,0.4749524,0.4878471
0,0.53315649867374,1.76,2.01,0.49678034,0.5072634,0.50617707
0,0.4473684210526316,2.1,1.7,0.3802721,0.39054817,0.42469645
1,0.3883248730964467,2.41,1.53,0.4556481,0.46700677,0.5197653
0,0.5578947368421052,1.68,2.12,0.63022363,0.6298083,0.5906841
1,0.4905660377358491,1.89,1.82,0.52039236,0.47443485,0.52235496
0,0.519893899204244,1.81,1.96,0.52309996,0.49887913,0.48789972
0,0.5215053763440861,1.78,1.94,0.54313636,0.53336066,0.45473605
0,0.3863636363636363,2.43,1.53,0.42956915,0.42811155,0.43479967
0,0.578125,1.62,2.22,0.5981161,0.58344805,0.6260231
0,0.42077922077922075,2.23,1.62,0.52232254,0.5015726,0.45898253
0,0.5119363395225464,1.84,1.93,0.5915434,0.59841204,0.5578149
0,0.5329815303430079,1.77,2.02,0.517768,0.5444645,0.6060325
0,0.41298701298701296,2.26,1.59,0.61645967,0.58118534,0.5816747
1,0.4787234042553191,1.96,1.8,0.5538944,0.5766891,0.6432282
0,0.5616797900262467,1.67,2.14,0.55535907,0.5287362,0.48887116
0,0.5411140583554377,1.73,2.04,0.56246066,0.58760524,0.5845815
0,0.4694960212201591,2.0,1.77,0.48679465,0.52461934,0.55630916
0,0.5718015665796344,1.64,2.19,0.6785357,0.645504,0.59744143
1,0.6578313253012049,1.42,2.73,0.6118926,0.58688235,0.5275151
1,0.5423280423280423,1.73,2.05,0.54213345,0.53154325,0.5248837
1,0.5173333333333333,1.81,1.94,0.5102566,0.48389816,0.5207447
1,0.7418032786885246,1.26,3.62,0.7357752,0.7067136,0.6632166
0,0.3215962441314554,2.89,1.37,0.46473527,0.49940643,0.5224392
0,0.5093833780160857,1.83,1.9,0.5109548,0.49522933,0.54138494
1,0.42077922077922075,2.23,1.62,0.50821877,0.44153604,0.40671077
0,0.46010638297872336,2.03,1.73,0.43929037,0.408001,0.43635625
0,0.41732283464566927,2.22,1.59,0.5247613,0.51671153,0.5448473
0,0.5818181818181818,1.61,2.24,0.66464627,0.66944903,0.6352392
1,0.7210300429184548,1.3,3.36,0.68124855,0.6884556,0.69642097
0,0.3969072164948454,2.34,1.54,0.39717594,0.39765364,0.39896625
0,0.5620052770448549,1.66,2.13,0.46226734,0.4574586,0.5624972
0,0.5514511873350924,1.7,2.09,0.6775067,0.6605722,0.6919349
0,0.47058823529411764,1.98,1.76,0.52177644,0.47530133,0.46543127
1,0.5911458333333334,1.57,2.27,0.45865902,0.45027214,0.4613394
0,0.6594202898550725,1.41,2.73,0.5370535,0.5195366,0.6218627
0,0.4986666666666667,1.88,1.87,0.51934165,0.4921372,0.47544926
1,0.4693333333333332,1.99,1.76,0.4810926,0.49123383,0.53259975
1,0.4625668449197861,2.01,1.73,0.36921936,0.31337613,0.3302846
1,0.5792207792207792,1.62,2.23,0.6383554,0.64709175,0.61096454
1,0.5146666666666666,1.82,1.93,0.5215905,0.51083624,0.5040758
0,0.5013404825737265,1.86,1.87,0.63219345,0.6203431,0.5704461
1,0.5239361702127661,1.79,1.97,0.5527984,0.57612115,0.5815377
1,0.5461741424802111,1.72,2.07,0.58995664,0.59493953,0.5930075
1,0.6586538461538461,1.42,2.74,0.67367756,0.6733927,0.6983479
0,0.4491978609625669,2.06,1.68,0.41462117,0.37647858,0.40464973
0,0.4267015706806283,2.19,1.63,0.45164332,0.449421,0.42737693
0,0.4919786096256684,1.9,1.84,0.33735228,0.29471666,0.31951594
1,0.4267015706806283,2.19,1.63,0.6064744,0.6252468,0.5951818
0,0.536,1.74,2.01,0.5033023,0.48046,0.46108383
0,0.5333333333333333,1.75,2.0,0.6035221,0.58699167,0.5607496
1,0.5514511873350924,1.7,2.09,0.58435476,0.59157336,0.5834285
0,0.3883248730964467,2.41,1.53,0.5236484,0.5139716,0.49736995
1,0.40155440414507776,2.31,1.55,0.48621067,0.509592,0.5183755
1,0.48395721925133695,1.93,1.81,0.5016408,0.52248806,0.5197552
1,0.6010230179028133,1.56,2.35,0.5611414,0.55300975,0.6149491
1,0.5620052770448549,1.66,2.13,0.63370717,0.6419556,0.62790793
1,0.41558441558441556,2.25,1.6,0.5410012,0.55589783,0.5789281
1,0.47721179624664883,1.95,1.78,0.46016583,0.49392772,0.5108429
1,0.4146981627296588,2.23,1.58,0.444714,0.46003255,0.4824489
0,0.4511873350923483,2.08,1.71,0.4337372,0.45720273,0.4904624
0,0.4195250659630607,2.2,1.59,0.55309904,0.58089334,0.5258643
1,0.5774278215223098,1.61,2.2,0.55011284,0.54340714,0.58723444
1,0.4680851063829787,2.0,1.76,0.45623216,0.42674956,0.411862
0,0.528,1.77,1.98,0.6531729,0.68004453,0.6348878
0,0.5948717948717949,1.58,2.32,0.5310843,0.5227846,0.5495519
0,0.49071618037135284,1.92,1.85,0.5385445,0.5704204,0.6238404
0,0.4526315789473684,2.08,1.72,0.51758766,0.5170077,0.5333022
1,0.5984654731457799,1.57,2.34,0.55834115,0.533652,0.5303708
1,0.44708994708994704,2.09,1.69,0.4161666,0.44311374,0.47847015
0,0.4946524064171124,1.89,1.85,0.5764588,0.56203115,0.5303188
0,0.544973544973545,1.72,2.06,0.57262415,0.5341766,0.52016896
0,0.5514511873350924,1.7,2.09,0.63366956,0.61028445,0.56989396
1,0.596401028277635,1.57,2.32,0.64444417,0.68749905,0.6737217
1,0.5628272251308901,1.67,2.15,0.56462824,0.5364659,0.50490427
1,0.6161616161616161,1.52,2.44,0.63486266,0.6280618,0.5993999
1,0.5253333333333333,1.78,1.97,0.5763261,0.5365983,0.5462035
0,0.4388297872340426,2.11,1.65,0.48160854,0.45343208,0.41523713
1,0.7514910536779323,1.25,3.78,0.8194691,0.8082172,0.7803908
1,0.7117903930131004,1.32,3.26,0.7178273,0.7234882,0.75902927
1,0.43717277486910994,2.15,1.67,0.47281903,0.45748216,0.4902417
1,0.47340425531914887,1.98,1.78,0.54262245,0.5629934,0.6500824
1,0.43307086614173224,2.16,1.65,0.5081713,0.5029139,0.501535
1,0.46684350132625996,2.01,1.76,0.46219707,0.43346834,0.45844206
1,0.655421686746988,1.43,2.72,0.5515541,0.55771476,0.6244765
1,0.5605263157894738,1.67,2.13,0.580536,0.5741283,0.58587235
1,0.5927835051546392,1.58,2.3,0.6138632,0.6183476,0.6485665
1,0.6388206388206389,1.47,2.6,0.57006377,0.57045764,0.5529617
1,0.5079787234042553,1.85,1.91,0.5918771,0.61121595,0.5909927
0,0.4088541666666667,2.27,1.57,0.40794215,0.3910622,0.39061144
1,0.5188172043010751,1.79,1.93,0.3820285,0.34515253,0.34433872
0,0.4946524064171124,1.89,1.85,0.3885263,0.3767751,0.41591698
0,0.4103896103896104,2.27,1.58,0.3269319,0.3482252,0.4154122
1,0.4986666666666667,1.88,1.87,0.5449607,0.52503264,0.52048445
1,0.5333333333333333,1.75,2.0,0.6435547,0.61105937,0.56238556
0,0.383248730964467,2.43,1.51,0.38611192,0.39357346,0.4135304
1,0.6045918367346939,1.55,2.37,0.62006974,0.6154068,0.63216305
0,0.48128342245989303,1.94,1.8,0.4564218,0.42918372,0.45658714
1,0.5865633074935401,1.6,2.27,0.52165806,0.5247412,0.598364
0,0.6361386138613861,1.47,2.57,0.57261413,0.58987033,0.5871825
1,0.448,2.07,1.68,0.54210436,0.4962945,0.52101535
0,0.5160427807486632,1.81,1.93,0.5921882,0.57374203,0.55504847
1,0.35452322738386305,2.64,1.45,0.48573804,0.4637093,0.46937013
1,0.5968992248062015,1.56,2.31,0.47021762,0.45708266,0.50031173
1,0.45721925133689845,2.03,1.71,0.5172106,0.4771079,0.5229318
0,0.5026737967914439,1.86,1.88,0.4442295,0.4665895,0.4576377
1,0.47074468085106375,1.99,1.77,0.57426244,0.5805391,0.5392863
1,0.6370370370370371,1.47,2.58,0.6512024,0.66857105,0.6469371
0,0.47733333333333333,1.96,1.79,0.41230902,0.39230126,0.47001448
0,0.47311827956989244,1.96,1.76,0.4440847,0.42445827,0.4432196
0,0.34708737864077666,2.69,1.43,0.4047215,0.35698265,0.32844335
1,0.5721784776902887,1.63,2.18,0.58687365,0.57685935,0.60609734
0,0.5120643431635389,1.82,1.91,0.46512604,0.44924122,0.47304115
0,0.4732620320855615,1.97,1.77,0.45873564,0.45902234,0.48321462
1,0.4732620320855615,1.97,1.77,0.59220606,0.5876794,0.5298523
1,0.4020618556701031,2.32,1.56,0.44704622,0.41594642,0.4254314
0,0.43044619422572183,2.17,1.64,0.3828438,0.36781874,0.39180267
0,0.38167938931297707,2.43,1.5,0.4094688,0.38572925,0.40888
1,0.5736842105263158,1.62,2.18,0.6020559,0.58838475,0.5573028
0,0.5213903743315508,1.79,1.95,0.5416943,0.54381406,0.51029176
0,0.48,1.95,1.8,0.6073187,0.62950665,0.6310579
1,0.39285714285714285,2.38,1.54,0.50924057,0.48769027,0.47740984
0,0.4323607427055703,2.14,1.63,0.37169126,0.37817678,0.4068449
1,0.5481283422459893,1.69,2.05,0.62967384,0.64092094,0.571875
1,0.43193717277486904,2.17,1.65,0.5465343,0.5098819,0.43387252
0,0.43421052631578944,2.15,1.65,0.39026222,0.4105516,0.38678876
0,0.4596774193548387,2.01,1.71,0.42661276,0.47029907,0.511783
0,0.4244791666666667,2.21,1.63,0.3301842,0.36810222,0.39296803
1,0.40826873385012924,2.29,1.58,0.47526574,0.4821692,0.49753514
0,0.5989717223650385,1.56,2.33,0.69908124,0.70918024,0.6757679
0,0.48533333333333345,1.93,1.82,0.3916249,0.3829576,0.457963
1,0.47074468085106375,1.99,1.77,0.5589521,0.5463341,0.5567546
0,0.5514511873350924,1.7,2.09,0.71306044,0.72884816,0.7448484
0,0.6894977168949772,1.36,3.02,0.793716,0.8090435,0.78325194
0,0.6578313253012049,1.42,2.73,0.6522614,0.6147499,0.6732832
0,0.6051282051282051,1.54,2.36,0.64843047,0.6217238,0.6254791
0,0.6196473551637279,1.51,2.46,0.5383897,0.5225611,0.5565925
0,0.5555555555555556,1.68,2.1,0.5572136,0.53705204,0.52168286
0,0.4588859416445623,2.04,1.73,0.55015457,0.4957742,0.49833068
0,0.39845758354755784,2.34,1.55,0.47880346,0.50870025,0.56301576
1,0.5388739946380697,1.72,2.01,0.50658715,0.47754797,0.43648228
1,0.5226666666666666,1.79,1.96,0.5305647,0.5255469,0.5709641
1,0.4383202099737532,2.14,1.67,0.47087345,0.50327176,0.54683405
0,0.404639175257732,2.31,1.57,0.53468394,0.5035742,0.42594665
0,0.48247978436657685,1.92,1.79,0.5178163,0.4894066,0.46900463
1,0.43007915567282323,2.16,1.63,0.5234269,0.5264212,0.5370086
0,0.5384615384615384,1.74,2.03,0.6216268,0.5891806,0.5504499
0,0.6370370370370371,1.47,2.58,0.73653066,0.74417675,0.7190736
0,0.4919786096256684,1.9,1.84,0.56793433,0.56901467,0.5291746
0,0.4666666666666667,2.0,1.75,0.52120197,0.4833911,0.5036292
0,0.4880000000000001,1.92,1.83,0.4810463,0.4677704,0.46527967
0,0.6171284634760705,1.52,2.45,0.59962773,0.5725043,0.54827213
1,0.6545012165450123,1.42,2.69,0.65986586,0.6343782,0.70571893
1,0.4557640750670242,2.03,1.7,0.4498906,0.4708461,0.50116056
0,0.5796344647519582,1.61,2.22,0.53916955,0.5090453,0.5108735
0,0.375,2.5,1.5,0.47317022,0.45181885,0.44875044
1,0.404639175257732,2.31,1.57,0.41889563,0.4082466,0.4356901
0,0.5649867374005305,1.64,2.13,0.60057455,0.5763874,0.54127073
1,0.3838383838383838,2.44,1.52,0.43090183,0.44966054,0.44825
0,0.47074468085106375,1.99,1.77,0.49735707,0.5079694,0.5057467
0,0.528,1.77,1.98,0.5919417,0.62814,0.63659763
1,0.5718015665796344,1.64,2.19,0.6526047,0.6486394,0.60082465
0,0.46010638297872336,2.03,1.73,0.4847301,0.48653287,0.500678
0,0.5026737967914439,1.86,1.88,0.48169574,0.48897737,0.48205322
0,0.5398936170212765,1.73,2.03,0.5582745,0.54527205,0.5034737
0,0.47978436657681944,1.93,1.78,0.4296921,0.43789715,0.48929176
1,0.712719298245614,1.31,3.25,0.7084833,0.7125545,0.7163517
1,0.4379947229551451,2.13,1.66,0.5209145,0.4561642,0.50902843
0,0.4574468085106383,2.04,1.72,0.59236807,0.57256925,0.5440584
0,0.4444444444444444,2.1,1.68,0.4993287,0.50695205,0.4800651
0,0.6570048309178744,1.42,2.72,0.63916314,0.6062692,0.60492057
1,0.445910290237467,2.1,1.69,0.51966363,0.48538572,0.5344383
0,0.3317422434367542,2.8,1.39,0.47156325,0.51038563,0.5530283
1,0.4350132625994695,2.13,1.64,0.575673,0.552306,0.5550598
0,0.4865591397849462,1.91,1.81,0.4527852,0.4556539,0.43202958
0,0.6894977168949772,1.36,3.02,0.64418256,0.6496228,0.7283338
0,0.4345549738219895,2.16,1.66,0.49524236,0.48629928,0.42132506
1,0.5213903743315508,1.79,1.95,0.559597,0.5669879,0.53181577
1,0.5,1.85,1.85,0.50852257,0.49425206,0.48267022
1,0.47593582887700536,1.96,1.78,0.5230394,0.5233629,0.47207373
1,0.4365079365079365,2.13,1.65,0.41075477,0.3946417,0.44651613
1,0.4986666666666667,1.88,1.87,0.5512435,0.49794132,0.4533996
0,0.5013404825737265,1.86,1.87,0.42721796,0.4321114,0.46780366
1,0.5567282321899736,1.68,2.11,0.5100911,0.5271996,0.5636319
0,0.3863636363636363,2.43,1.53,0.44796476,0.41710615,0.39944896
1,0.691609977324263,1.36,3.05,0.5967212,0.61002505,0.6951696
1,0.45721925133689845,2.03,1.71,0.47367463,0.44720215,0.46407032
1,0.6186868686868687,1.51,2.45,0.441878,0.47312355,0.5016104
0,0.3828715365239294,2.45,1.52,0.33723634,0.34019518,0.36426753
1,0.614609571788413,1.53,2.44,0.58083963,0.5749786,0.54999566
1,0.5358090185676393,1.75,2.02,0.47870716,0.4762087,0.47080785
1,0.5578947368421052,1.68,2.12,0.638801,0.63456684,0.64095753
1,0.45721925133689845,2.03,1.71,0.4586464,0.43904114,0.48448652
1,0.4562334217506631,2.05,1.72,0.5001711,0.4854025,0.5092786
0,0.43717277486910994,2.15,1.67,0.61575603,0.61833155,0.5571836
1,0.7133479212253829,1.31,3.26,0.7093638,0.74231595,0.6874348
0,0.5631578947368422,1.66,2.14,0.63819003,0.64600444,0.6137508
1,0.536,1.74,2.01,0.5456619,0.53383166,0.5230309
1,0.6161616161616161,1.52,2.44,0.5276427,0.53302234,0.5625057
1,0.5294117647058824,1.76,1.98,0.5494093,0.5310293,0.52389956
1,0.5519999999999999,1.68,2.07,0.49624848,0.48107123,0.4323899
1,0.32242990654205606,2.9,1.38,0.3565468,0.37195152,0.40782714
0,0.4263157894736842,2.18,1.62,0.4499723,0.4459657,0.5151192
0,0.44063324538258575,2.12,1.67,0.50341254,0.47406444,0.5165235
1,0.5319148936170213,1.76,2.0,0.50842535,0.48790732,0.44831014
1,0.6180904522613065,1.52,2.46,0.57159436,0.5647564,0.5835662
1,0.46774193548387094,1.98,1.74,0.57697153,0.5669737,0.5632685
0,0.48395721925133695,1.93,1.81,0.52470285,0.5205427,0.49834067
1,0.526595744680851,1.78,1.98,0.593329,0.5798372,0.60535824
1,0.4509283819628647,2.07,1.7,0.4077727,0.4240419,0.4561798
1,0.43307086614173224,2.16,1.65,0.3537864,0.32198757,0.3298765
0,0.578125,1.62,2.22,0.54840755,0.52526915,0.5913154
0,0.4067357512953368,2.29,1.57,0.4169677,0.39514947,0.3998739
0,0.5080213903743315,1.84,1.9,0.47987238,0.47832018,0.55353534
1,0.47849462365591405,1.94,1.78,0.38583392,0.38531584,0.37021533
1,0.6821345707656613,1.37,2.94,0.6510299,0.65540564,0.7173717
1,0.5567282321899736,1.68,2.11,0.5924462,0.59524333,0.6336826
1,0.5106951871657753,1.83,1.91,0.5959767,0.61346805,0.6119909
0,0.7037861915367484,1.33,3.16,0.75192523,0.7571627,0.7381515
1,0.4184210526315789,2.21,1.59,0.54609114,0.52770406,0.5199815
0,0.4072164948453609,2.3,1.58,0.54850787,0.5444172,0.447546
1,0.5529100529100528,1.69,2.09,0.6286274,0.61266625,0.6091124
0,0.5026737967914439,1.86,1.88,0.6674363,0.62582874,0.63684
0,0.5372340425531915,1.74,2.02,0.5326169,0.5315833,0.45132837
1,0.5026737967914439,1.86,1.88,0.5495841,0.5931057,0.6209898
1,0.5526315789473685,1.7,2.1,0.4813834,0.47431463,0.47280532
1,0.4119170984455959,2.27,1.59,0.4391884,0.43214813,0.46859926
0,0.44266666666666665,2.09,1.66,0.3230921,0.3076835,0.32842752
1,0.4414893617021276,2.1,1.66,0.4660713,0.4532389,0.4455164
0,0.6051282051282051,1.54,2.36,0.61010754,0.6278706,0.6141912
1,0.536,1.74,2.01,0.5901486,0.6210289,0.6071235
1,0.4521276595744681,2.06,1.7,0.56042755,0.5246913,0.5443471
1,0.4192708333333333,2.23,1.61,0.509352,0.48086554,0.40805656
0,0.4523809523809524,2.07,1.71,0.41554937,0.45393786,0.4387974
1,0.4919786096256684,1.9,1.84,0.5458355,0.5445695,0.46301174
0,0.43007915567282323,2.16,1.63,0.42442775,0.40745512,0.44441596
1,0.6,1.56,2.34,0.6065731,0.61567426,0.63782465
0,0.5384615384615384,1.74,2.03,0.62938744,0.6435833,0.6410626
1,0.4919786096256684,1.9,1.84,0.5849005,0.5361525,0.45307207
1,0.5953608247422681,1.57,2.31,0.62716717,0.62181675,0.64139676
0,0.6138107416879796,1.51,2.4,0.52361906,0.54671913,0.5729642
1,0.5811518324607331,1.6,2.22,0.4604754,0.44296035,0.5091336
1,0.4638069705093834,2.0,1.73,0.5087179,0.48767033,0.5150007
1,0.4083769633507854,2.26,1.56,0.44436702,0.46074924,0.45577735
0,0.3836317135549872,2.41,1.5,0.4927423,0.51134723,0.5001065
0,0.4623655913978494,2.0,1.72,0.626703,0.5990272,0.59491843
0,0.553475935828877,1.67,2.07,0.45040607,0.44664225,0.43151727
0,0.42480211081794195,2.18,1.61,0.51006603,0.5233562,0.51857495
1,0.3659147869674186,2.53,1.46,0.48449254,0.48537034,0.5084909
1,0.47708894878706204,1.94,1.77,0.57859504,0.5663878,0.533837
0,0.47978436657681944,1.93,1.78,0.51157415,0.49421114,0.45911282
1,0.5725593667546175,1.62,2.17,0.45950145,0.45883146,0.48617274
0,0.47580645161290325,1.95,1.77,0.3671218,0.39505416,0.4629329
0,0.520107238605898,1.79,1.94,0.52380997,0.528175,0.55225474
1,0.5053763440860215,1.84,1.88,0.4469843,0.43539405,0.48748654
1,0.5040431266846361,1.84,1.87,0.61495465,0.60249233,0.61575735
0,0.418848167539267,2.22,1.6,0.39704317,0.42450613,0.43484655
0,0.3979328165374677,2.33,1.54,0.43194118,0.42531428,0.46065998
1,0.5268817204301075,1.76,1.96,0.48648214,0.4887217,0.44618517
0,0.43271767810026385,2.15,1.64,0.40667883,0.3791761,0.428022
0,0.5948051948051947,1.56,2.29,0.50065064,0.48724914,0.45325503
0,0.4263157894736842,2.18,1.62,0.42213544,0.45456815,0.47849068
0,0.4365079365079365,2.13,1.65,0.43397483,0.41811633,0.39700115
1,0.6586538461538461,1.42,2.74,0.71795285,0.71658224,0.76113176
0,0.5212765957446808,1.8,1.96,0.47094268,0.49365115,0.5404233
1,0.5227882037533512,1.78,1.95,0.51103354,0.45521253,0.4886384
0,0.5552631578947369,1.69,2.11,0.5021099,0.48675618,0.52387565
1,0.44210526315789467,2.12,1.68,0.5858431,0.6124778,0.5673481
1,0.6513317191283292,1.44,2.69,0.66491675,0.64489967,0.6541988
1,0.6902050113895215,1.36,3.03,0.7187785,0.7295219,0.7358195
1,0.6354679802955665,1.48,2.58,0.5383363,0.55577457,0.6053015
1,0.5902061855670103,1.59,2.29,0.48369414,0.44236413,0.43957958
1,0.6126582278481012,1.53,2.42,0.5492687,0.5827304,0.5814871
0,0.526595744680851,1.78,1.98,0.63073075,0.6233468,0.5921634
1,0.37626262626262624,2.47,1.49,0.43576583,0.44452447,0.45479363
1,0.5732984293193717,1.63,2.19,0.5035304,0.51806486,0.59858334
1,0.5529100529100528,1.69,2.09,0.6214077,0.6121696,0.5719436
0,0.43193717277486904,2.17,1.65,0.44877505,0.40489307,0.39622775
0,0.5160427807486632,1.81,1.93,0.43290892,0.45933157,0.52069145
0,0.45721925133689845,2.03,1.71,0.4956177,0.47393402,0.46114054
0,0.6594724220623501,1.42,2.75,0.5641363,0.584433,0.6618849
0,0.46648793565683644,1.99,1.74,0.5946005,0.6014602,0.57837266
1,0.5093833780160857,1.83,1.9,0.5063082,0.49631914,0.4950108
0,0.4145077720207254,2.26,1.6,0.5431341,0.5666405,0.5144306
1,0.6446078431372548,1.45,2.63,0.67528963,0.6899437,0.68645346
1,0.5187165775401069,1.8,1.94,0.48832783,0.51324356,0.53269064
1,0.4414893617021276,2.1,1.66,0.4881367,0.5156316,0.5492333
0,0.3133640552995392,2.98,1.36,0.4080184,0.35510215,0.33302468
0,0.44063324538258575,2.12,1.67,0.5481945,0.52462673,0.49374953
1,0.47340425531914887,1.98,1.78,0.4419933,0.44768777,0.44106334
0,0.380352644836272,2.46,1.51,0.34856105,0.39995405,0.4307498
1,0.5672823218997362,1.64,2.15,0.505803,0.4957765,0.5133163
1,0.4444444444444444,2.1,1.68,0.46557078,0.4766628,0.5030671
0,0.43947368421052635,2.13,1.67,0.45042372,0.45564145,0.44244868
0,0.42036553524804177,2.22,1.61,0.50534165,0.516215,0.5501833
0,0.44827586206896547,2.08,1.69,0.6216999,0.60947895,0.5775271
1,0.5514511873350924,1.7,2.09,0.5415225,0.5460557,0.5152186
0,0.4145077720207254,2.26,1.6,0.40583438,0.41150984,0.4343837
0,0.3994845360824742,2.33,1.55,0.4699878,0.46068016,0.49786988
1,0.4414893617021276,2.1,1.66,0.49293858,0.51261204,0.5608229
1,0.5281501340482575,1.76,1.97,0.49473143,0.48070678,0.52372277
1,0.4919786096256684,1.9,1.84,0.60951984,0.5987384,0.6148165
1,0.6116751269035533,1.53,2.41,0.5969568,0.59030885,0.5787177
1,0.41406249999999994,2.25,1.59,0.41394877,0.40380543,0.41841403
1,0.448,2.07,1.68,0.44413954,0.41314068,0.4446498
0,0.47340425531914887,1.98,1.78,0.4373505,0.4178175,0.36811727
1,0.4746666666666666,1.97,1.78,0.45022184,0.46004033,0.4362064
0,0.48670212765957455,1.93,1.83,0.548598,0.531652,0.59515613
1,0.5241935483870968,1.77,1.95,0.50951993,0.5025242,0.46833554
0,0.5308310991957105,1.75,1.98,0.42752585,0.4074801,0.43399
0,0.4145077720207254,2.26,1.6,0.5719755,0.56261075,0.5370215
0,0.5593667546174144,1.67,2.12,0.54398733,0.49379653,0.50883645
1,0.582901554404145,1.61,2.25,0.60652083,0.5782463,0.55405176
0,0.5374331550802139,1.73,2.01,0.5155419,0.4906047,0.4616499
1,0.6055979643765903,1.55,2.38,0.64210284,0.60193527,0.6620275
1,0.5212765957446808,1.8,1.96,0.39512593,0.42261735,0.4505164
0,0.6610978520286396,1.42,2.77,0.6856099,0.69755065,0.67308366
1,0.5251989389920424,1.79,1.98,0.52946985,0.5564003,0.5462074
1,0.677570093457944,1.38,2.9,0.6864341,0.7099645,0.6185185
1,0.5803108808290156,1.62,2.24,0.5969661,0.5924835,0.56608397
1,0.5026737967914439,1.86,1.88,0.5500177,0.52691185,0.52188015
1,0.3969465648854962,2.37,1.56,0.36132938,0.38668936,0.44572648
0,0.4123711340206186,2.28,1.6,0.39613247,0.4094921,0.41204867
0,0.6196473551637279,1.51,2.46,0.57769835,0.6259903,0.65172946
1,0.5093333333333333,1.84,1.91,0.48888087,0.48186117,0.48107362
0,0.6537530266343825,1.43,2.7,0.53986216,0.53137076,0.5871468
1,0.5989717223650385,1.56,2.33,0.6299035,0.60027087,0.64345104
1,0.48,1.95,1.8,0.56528723,0.56457525,0.53300047
0,0.5488126649076518,1.71,2.08,0.5161072,0.47617435,0.48829213
0,0.4640000000000001,2.01,1.74,0.5051333,0.49859628,0.48599824
0,0.38167938931297707,2.43,1.5,0.3984626,0.37177736,0.3597993
1,0.4625668449197861,2.01,1.73,0.37664142,0.36781484,0.42378226
1,0.5239361702127661,1.79,1.97,0.52869976,0.513154,0.49553078
1,0.7198275862068966,1.3,3.34,0.63266885,0.6241835,0.7112338
0,0.46916890080428963,1.98,1.75,0.49960175,0.4721931,0.528043
1,0.6259351620947631,1.5,2.51,0.6633271,0.68585557,0.67011726
0,0.6126582278481012,1.53,2.42,0.6301519,0.6275236,0.55814755
0,0.4145077720207254,2.26,1.6,0.4359189,0.43722373,0.4286948
0,0.5199999999999999,1.8,1.95,0.6584135,0.675859,0.7008733
1,0.4444444444444444,2.1,1.68,0.47728673,0.47084188,0.43914953
0,0.510752688172043,1.82,1.9,0.44079033,0.42852682,0.47308922
1,0.5695538057742783,1.64,2.17,0.56217504,0.5786208,0.5835501
1,0.44210526315789467,2.12,1.68,0.41774726,0.41285485,0.42763463
0,0.49732620320855614,1.88,1.86,0.5019251,0.4817892,0.49851552
0,0.44680851063829785,2.08,1.68,0.42094216,0.45384708,0.45105696
1,0.5476190476190476,1.71,2.07,0.48746824,0.4733893,0.52912194
0,0.49066666666666664,1.91,1.84,0.50447744,0.5069864,0.49794617
0,0.4880000000000001,1.92,1.83,0.5454108,0.47963053,0.53356093
0,0.433420365535248,2.17,1.66,0.4813396,0.46339235,0.45293182
1,0.5514511873350924,1.7,2.09,0.52340657,0.5427125,0.6151744
1,0.4267015706806283,2.19,1.63,0.47622037,0.49030393,0.5334711
0,0.40155440414507776,2.31,1.55,0.38331652,0.37752646,0.40221572
0,0.48395721925133695,1.93,1.81,0.5058045,0.49597573,0.4967196
1,0.4368421052631579,2.14,1.66,0.468225,0.4465347,0.5021683
1,0.6521739130434782,1.44,2.7,0.70109546,0.700787,0.69688135
1,0.6091370558375634,1.54,2.4,0.7219045,0.74691176,0.7546647
0,0.43193717277486904,2.17,1.65,0.4653243,0.48965803,0.50751096
0,0.48118279569892475,1.93,1.79,0.53200024,0.48566547,0.52382255
1,0.5466666666666666,1.7,2.05,0.5374558,0.53860366,0.55632174
1,0.4866310160427808,1.92,1.82,0.46283856,0.48976523,0.51853704
0,0.5066666666666666,1.85,1.9,0.5332004,0.49063653,0.49597788
0,0.5013404825737265,1.86,1.87,0.5862096,0.53775084,0.47311917
1,0.5066666666666666,1.85,1.9,0.6353555,0.6576413,0.62775743
1,0.6076923076923076,1.53,2.37,0.59183085,0.58651614,0.5821549
1,0.49732620320855614,1.88,1.86,0.4560806,0.45018297,0.3786046
0,0.42368421052631583,2.19,1.61,0.43268585,0.4566986,0.48630548
0,0.4308093994778067,2.18,1.65,0.56296384,0.57608205,0.49915305
1,0.5567282321899736,1.68,2.11,0.5812048,0.57019174,0.5355852
0,0.34951456310679613,2.68,1.44,0.40299135,0.4321776,0.46006662
1,0.5665796344647519,1.66,2.17,0.4551353,0.43864554,0.42667645
0,0.4708994708994709,2.0,1.78,0.43528333,0.39997736,0.46574044
1,0.6122448979591837,1.52,2.4,0.54802877,0.52778,0.5223692
1,0.5680628272251308,1.65,2.17,0.4276945,0.43856126,0.49559912
1,0.6010230179028133,1.56,2.35,0.60990536,0.6407565,0.641498
0,0.510752688172043,1.82,1.9,0.43531767,0.40304393,0.4633379
0,0.5411140583554377,1.73,2.04,0.53113014,0.5268082,0.5294372
0,0.41343669250646,2.27,1.6,0.41406026,0.44303122,0.45289928
1,0.6370370370370371,1.47,2.58,0.47522926,0.52514654,0.586851
1,0.6504854368932039,1.44,2.68,0.6799496,0.6650745,0.6494606
1,0.5514511873350924,1.7,2.09,0.59213364,0.5738636,0.50266486
1,0.5093333333333333,1.84,1.91,0.50757533,0.49311644,0.48224688
1,0.6370370370370371,1.47,2.58,0.6141734,0.60200316,0.5915144
1,0.5039999999999999,1.86,1.89,0.55509865,0.5846443,0.6017901
1,0.5053763440860215,1.84,1.88,0.4646326,0.4635015,0.48867235
0,0.5657894736842105,1.65,2.15,0.59591055,0.5933791,0.5723783
0,0.433420365535248,2.17,1.66,0.6150002,0.62255305,0.61263907
1,0.5654450261780105,1.66,2.16,0.611595,0.5676123,0.5876079
1,0.6545893719806762,1.43,2.71,0.7411374,0.75551146,0.7680646
1,0.5053763440860215,1.84,1.88,0.51386464,0.48991427,0.4839925
1,0.46648793565683644,1.99,1.74,0.5497414,0.5735319,0.5413609
0,0.40414507772020725,2.3,1.56,0.5093267,0.4892234,0.5228669
0,0.47340425531914887,1.98,1.78,0.44286537,0.47485048,0.47116327
0,0.6106870229007634,1.53,2.4,0.7197312,0.724294,0.72436285
0,0.5306666666666666,1.76,1.99,0.5397239,0.5324104,0.51883155
0,0.4308093994778067,2.18,1.65,0.48635253,0.42463192,0.46195117
0,0.489247311827957,1.9,1.82,0.46459597,0.4523368,0.50923204
1,0.496,1.89,1.86,0.50630856,0.5231604,0.49254045
1,0.554089709762533,1.69,2.1,0.5363525,0.57242894,0.5751505
1,0.5053191489361702,1.86,1.9,0.5770289,0.6036851,0.593588
1,0.5384615384615384,1.74,2.03,0.5196878,0.5206401,0.49906984
0,0.4680851063829787,2.0,1.76,0.47732815,0.43538442,0.4101917
1,0.5844155844155844,1.6,2.25,0.6275355,0.61990845,0.60256225
1,0.5013477088948788,1.85,1.86,0.46340388,0.48849687,0.4991002
0,0.44708994708994704,2.09,1.69,0.36561435,0.34286007,0.3599711
1,0.5657894736842105,1.65,2.15,0.65120727,0.635299,0.63927525
1,0.5106951871657753,1.83,1.91,0.6015167,0.5801362,0.55932367
1,0.764367816091954,1.23,3.99,0.8121344,0.8303385,0.827454
1,0.4866310160427808,1.92,1.82,0.63399553,0.65593386,0.61551297
1,0.39285714285714285,2.38,1.54,0.41146517,0.4045958,0.43877974
1,0.4441489361702128,2.09,1.67,0.44153938,0.4070654,0.39659935
1,0.4365079365079365,2.13,1.65,0.46796268,0.5079054,0.5217397
0,0.5093333333333333,1.84,1.91,0.4227242,0.4574438,0.46337
0,0.5488126649076518,1.71,2.08,0.46898374,0.46999717,0.545339
1,0.6626794258373206,1.41,2.77,0.6731068,0.6902186,0.7528727
1,0.5774278215223098,1.61,2.2,0.5664135,0.5548714,0.51922303
1,0.4865591397849462,1.91,1.81,0.45949554,0.4185528,0.4920555
0,0.445910290237467,2.1,1.69,0.39671862,0.3464982,0.31699115
0,0.4986666666666667,1.88,1.87,0.47780642,0.45142207,0.39139697
0,0.4444444444444444,2.1,1.68,0.49812898,0.4586757,0.45126185
0,0.48533333333333345,1.93,1.82,0.46734267,0.45653757,0.4333465
1,0.5766233766233767,1.63,2.22,0.5769018,0.5528204,0.54459345
1,0.512,1.83,1.92,0.6123668,0.5874425,0.54484236
1,0.667458432304038,1.4,2.81,0.7028428,0.70643806,0.68161535
1,0.711453744493392,1.31,3.23,0.623085,0.6440279,0.7133663
1,0.5620052770448549,1.66,2.13,0.47551188,0.49959612,0.5316513
0,0.37250000000000005,2.51,1.49,0.4827289,0.503348,0.5244792
0,0.709251101321586,1.32,3.22,0.6525962,0.6545099,0.6478857
1,0.5464190981432361,1.71,2.06,0.47548038,0.47828883,0.47717056
0,0.73109243697479,1.28,3.48,0.722374,0.73183966,0.71489197
0,0.4444444444444444,2.1,1.68,0.4149931,0.3956861,0.4108211
0,0.4417989417989418,2.11,1.67,0.4663291,0.4379991,0.4730336
0,0.49061662198391415,1.9,1.83,0.43314457,0.40981188,0.39417246
1,0.6293532338308457,1.49,2.53,0.55583847,0.5313408,0.5979862
1,0.42105263157894735,2.2,1.6,0.46245903,0.42259532,0.42014256
1,0.5,1.87,1.87,0.57818633,0.6119224,0.61024535
1,0.577023498694517,1.62,2.21,0.537223,0.5546897,0.5377277
1,0.4424083769633508,2.13,1.69,0.54362625,0.522938,0.5190253
0,0.6318407960199005,1.48,2.54,0.6191002,0.6518319,0.592912
0,0.5461741424802111,1.72,2.07,0.54774314,0.55027235,0.55799586
1,0.4456233421750664,2.09,1.68,0.51400805,0.541107,0.5266111
1,0.5106951871657753,1.83,1.91,0.5912774,0.59701216,0.55663264
0,0.41298701298701296,2.26,1.59,0.33691227,0.35049522,0.4026475
0,0.49066666666666664,1.91,1.84,0.47862822,0.5099399,0.5436366
1,0.6196473551637279,1.51,2.46,0.6155492,0.63313615,0.64436024
0,0.5844155844155844,1.6,2.25,0.58684385,0.574316,0.5985484
1,0.6698113207547169,1.4,2.84,0.58422786,0.6159061,0.6419004
0,0.6206030150753769,1.51,2.47,0.665285,0.6599333,0.62297714
1,0.512,1.83,1.92,0.5616883,0.56597906,0.53291994
1,0.6035805626598465,1.55,2.36,0.64728576,0.6343167,0.5853374
0,0.5643044619422573,1.66,2.15,0.5268214,0.52867436,0.52748585
0,0.5187165775401069,1.8,1.94,0.49820814,0.526284,0.5032767
0,0.5175202156334231,1.79,1.92,0.40635926,0.39408597,0.41515583
0,0.4562334217506631,2.05,1.72,0.43905973,0.42029777,0.41435614
0,0.5917312661498708,1.58,2.29,0.5510415,0.5277108,0.5084721
0,0.3659147869674186,2.53,1.46,0.4421091,0.4199893,0.43531245
1,0.4959785522788205,1.88,1.85,0.4479453,0.48862848,0.5163802
1,0.6293532338308457,1.49,2.53,0.56659496,0.6114829,0.64347017
1,0.63,1.48,2.52,0.6181038,0.60141706,0.6350702
0,0.351219512195122,2.66,1.44,0.4375774,0.4480358,0.42932454
1,0.5623342175066313,1.65,2.12,0.61556894,0.62908036,0.58051974
1,0.5093833780160857,1.83,1.9,0.58109856,0.5733121,0.56243944
1,0.5620052770448549,1.66,2.13,0.6066822,0.5838515,0.5941327
0,0.5093333333333333,1.84,1.91,0.4922378,0.49796492,0.4842662
1,0.48525469168900803,1.92,1.81,0.5096017,0.49828547,0.50178987
1,0.5519999999999999,1.68,2.07,0.5238414,0.5213748,0.5205916
1,0.5294117647058824,1.76,1.98,0.6162,0.6160146,0.62660146
0,0.47200000000000003,1.98,1.77,0.42452773,0.40973535,0.32957333
0,0.6618705035971223,1.41,2.76,0.6583346,0.6498765,0.66669506
1,0.4574468085106383,2.04,1.72,0.5176435,0.46970516,0.49702984
1,0.5175202156334231,1.79,1.92,0.51598513,0.49245077,0.51413447
1,0.49595687331536387,1.87,1.84,0.4856065,0.47584087,0.5488657
1,0.5833333333333334,1.6,2.24,0.5837453,0.6057544,0.60650766
0,0.5080213903743315,1.84,1.9,0.5420575,0.504866,0.52449316
1,0.49732620320855614,1.88,1.86,0.6509594,0.64192456,0.6251598
1,0.6259351620947631,1.5,2.51,0.53947616,0.5488754,0.5117775
1,0.5718015665796344,1.64,2.19,0.39646864,0.42270526,0.43004665
0,0.4162303664921466,2.23,1.59,0.3357527,0.31485552,0.34795514
1,0.4932614555256065,1.88,1.83,0.47882032,0.46372682,0.52265584
1,0.4613333333333334,2.02,1.73,0.49201998,0.48154163,0.47915167
0,0.4826666666666667,1.94,1.81,0.4925012,0.4713748,0.45422015
0,0.6545012165450123,1.42,2.69,0.5749065,0.56839675,0.5316216
0,0.5922077922077923,1.57,2.28,0.55619955,0.53458273,0.5280449
1,0.5213903743315508,1.79,1.95,0.46591038,0.4667553,0.486497
1,0.4919786096256684,1.9,1.84,0.41819793,0.42945737,0.42915612
1,0.44680851063829785,2.08,1.68,0.46801057,0.44066054,0.47703362
1,0.42931937172774864,2.18,1.64,0.6076983,0.5817561,0.51577455
1,0.6025641025641025,1.55,2.35,0.5922641,0.5747472,0.5679977
0,0.4932975871313674,1.89,1.84,0.36321312,0.35270956,0.36878377
0,0.5442359249329759,1.7,2.03,0.43167964,0.4664646,0.58230156
1,0.5094339622641508,1.82,1.89,0.5280924,0.5049378,0.47971624
1,0.37250000000000005,2.51,1.49,0.36254364,0.4003768,0.3704389
0,0.4338624338624339,2.14,1.64,0.49087209,0.5059918,0.5262626
0,0.5173333333333333,1.81,1.94,0.45707187,0.43521795,0.47953597
1,0.5691906005221932,1.65,2.18,0.45589027,0.5094906,0.52933824
1,0.5968992248062015,1.56,2.31,0.4279337,0.44320592,0.48140305
1,0.5748031496062992,1.62,2.19,0.3511116,0.3485407,0.42669648
0,0.44708994708994704,2.09,1.69,0.41067594,0.41328344,0.431388
1,0.5026737967914439,1.86,1.88,0.5144838,0.49955624,0.48330808
1,0.6171284634760705,1.52,2.45,0.6522211,0.6745766,0.66915375
1,0.7568627450980391,1.24,3.86,0.6980445,0.71817946,0.7268615
1,0.5870129870129869,1.59,2.26,0.6292223,0.58532304,0.56968987
1,0.6981981981981982,1.34,3.1,0.681547,0.7217162,0.73820984
1,0.5590551181102362,1.68,2.13,0.5874803,0.5772793,0.6000301
0,0.46153846153846156,2.03,1.74,0.48200893,0.48392376,0.5279347
1,0.5891472868217055,1.59,2.28,0.5243669,0.5349196,0.5041346
1,0.45721925133689845,2.03,1.71,0.44538727,0.46204227,0.4678041
0,0.5267379679144386,1.77,1.97,0.42322272,0.4420194,0.46748194
1,0.6729411764705883,1.39,2.86,0.8371711,0.83918875,0.80307925
0,0.44210526315789467,2.12,1.68,0.5298317,0.5175325,0.5061864
1,0.6894977168949772,1.36,3.02,0.74374235,0.7846545,0.8054555
1,0.6334164588528678,1.47,2.54,0.49887553,0.5109655,0.593548
1,0.5267379679144386,1.77,1.97,0.5198708,0.55559945,0.5276569
1,0.47184986595174266,1.97,1.76,0.4590989,0.44766083,0.40832514
1,0.6828703703703703,1.37,2.95,0.67561835,0.65735507,0.64836705
0,0.5213903743315508,1.79,1.95,0.56398106,0.58495796,0.5974513
1,0.6151898734177216,1.52,2.43,0.58636457,0.64807224,0.62205535
1,0.45187165775401067,2.05,1.69,0.52365005,0.4907289,0.4703526
0,0.6015424164524421,1.55,2.34,0.5916172,0.6649532,0.68239754
0,0.44708994708994704,2.09,1.69,0.3864315,0.39392006,0.41291857
1,0.5725593667546175,1.62,2.17,0.5763323,0.6205716,0.61209095
1,0.5464190981432361,1.71,2.06,0.5369262,0.5057205,0.47564977
0,0.5120643431635389,1.82,1.91,0.53582895,0.51455224,0.538465
0,0.554089709762533,1.69,2.1,0.52833337,0.51362795,0.5137912
1,0.5680628272251308,1.65,2.17,0.55855423,0.5572808,0.5549062
1,0.445910290237467,2.1,1.69,0.37474456,0.4245444,0.42220354
1,0.5322580645161289,1.74,1.98,0.5442477,0.5247103,0.5270239
0,0.3562653562653562,2.62,1.45,0.3701324,0.35281032,0.34792975
1,0.6370370370370371,1.47,2.58,0.65580016,0.6819138,0.6561718
1,0.5240641711229947,1.78,1.96,0.6221309,0.57913506,0.6387393
1,0.43044619422572183,2.17,1.64,0.3996643,0.44722214,0.46703368
1,0.4932975871313674,1.89,1.84,0.5533438,0.57871217,0.5712137
0,0.6,1.56,2.34,0.5552341,0.6128893,0.6328199
0,0.577023498694517,1.62,2.21,0.48333034,0.5264595,0.59492767
0,0.43007915567282323,2.16,1.63,0.4706134,0.45987493,0.48887172
1,0.5093833780160857,1.83,1.9,0.4091385,0.43042883,0.4639872
0,0.5669291338582677,1.65,2.16,0.6536552,0.61722374,0.6087786
1,0.5567282321899736,1.68,2.11,0.61904615,0.5740756,0.5360694
0,0.6327543424317617,1.48,2.55,0.61876386,0.66661054,0.6531995
1,0.5646437994722956,1.65,2.14,0.6994558,0.6878294,0.6573247
1,0.4611260053619303,2.01,1.72,0.37677425,0.38452485,0.40193242
0,0.6096938775510204,1.53,2.39,0.5826036,0.55199766,0.5232793
1,0.5616797900262467,1.67,2.14,0.6154961,0.6415291,0.59204423
1,0.445910290237467,2.1,1.69,0.52802837,0.48351908,0.42033204
1,0.6246851385390428,1.49,2.48,0.4798511,0.49653596,0.561139
1,0.5093333333333333,1.84,1.91,0.4457454,0.44211808,0.45082587
1,0.5906735751295337,1.58,2.28,0.6527987,0.7024604,0.7064767
0,0.4866310160427808,1.92,1.82,0.3909854,0.3875807,0.4082474
1,0.6850574712643679,1.37,2.98,0.5773524,0.5835988,0.58966506
0,0.4945945945945946,1.87,1.83,0.43706235,0.41968894,0.44197673
0,0.6403940886699507,1.46,2.6,0.58195007,0.6139817,0.63950896
1,0.5026737967914439,1.86,1.88,0.38239455,0.3833888,0.38089162
1,0.47593582887700536,1.96,1.78,0.47335616,0.46166438,0.46693134
0,0.665083135391924,1.41,2.8,0.60006773,0.56466675,0.56713307
0,0.6015424164524421,1.55,2.34,0.552039,0.6079684,0.62323034
0,0.5187165775401069,1.8,1.94,0.45574617,0.44581613,0.44956416
0,0.42708333333333337,2.2,1.64,0.35008317,0.3701287,0.38427624
1,0.7076923076923077,1.33,3.22,0.756429,0.76896876,0.7672359
1,0.5870129870129869,1.59,2.26,0.5173954,0.53212965,0.53604895
1,0.6463414634146342,1.45,2.65,0.56602204,0.6025103,0.65733224
0,0.6924829157175398,1.35,3.04,0.57216215,0.60816914,0.59156865
1,0.625,1.5,2.5,0.4948648,0.542415,0.5461017
0,0.6081424936386769,1.54,2.39,0.58851564,0.5675909,0.58343905
0,0.5437665782493368,1.72,2.05,0.62008685,0.5864574,0.5609593
1,0.4497354497354497,2.08,1.7,0.33667758,0.36770034,0.3807966
0,0.47580645161290325,1.95,1.77,0.5446409,0.52211624,0.52237666
1,0.5026881720430109,1.85,1.87,0.5159308,0.4972846,0.48678032
1,0.5345744680851062,1.75,2.01,0.4611504,0.4531486,0.5001066
1,0.684331797235023,1.37,2.97,0.7568162,0.7736832,0.7552413
0,0.7479999999999999,1.26,3.74,0.7541295,0.7883916,0.7993057
0,0.5543766578249337,1.68,2.09,0.60857403,0.61860543,0.56450146
0,0.4638069705093834,2.0,1.73,0.35897756,0.34322396,0.34821272
0,0.5593667546174144,1.67,2.12,0.34382528,0.3847111,0.41776744
1,0.5454545454545455,1.7,2.04,0.50098777,0.4808464,0.49258548
1,0.5759162303664922,1.62,2.2,0.526606,0.53406847,0.56627727
0,0.5039999999999999,1.86,1.89,0.47758752,0.43292195,0.37357944
0,0.5425531914893618,1.72,2.04,0.46460637,0.46448365,0.48283738
1,0.5040431266846361,1.84,1.87,0.4866663,0.48152462,0.5254082
1,0.44708994708994704,2.09,1.69,0.4286446,0.40612417,0.34820014
0,0.4562334217506631,2.05,1.72,0.4361731,0.42573196,0.43606943
0,0.5476190476190476,1.71,2.07,0.4727373,0.4735748,0.51634896
1,0.4693333333333332,1.99,1.76,0.45999813,0.45606175,0.42549354
1,0.5514511873350924,1.7,2.09,0.5117918,0.4647689,0.4905951
1,0.5605263157894738,1.67,2.13,0.60172313,0.57893103,0.57880425
0,0.4932975871313674,1.89,1.84,0.46265826,0.5079778,0.4738203
1,0.59375,1.56,2.28,0.6416434,0.6299404,0.6491766
0,0.5680628272251308,1.65,2.17,0.57099235,0.5487845,0.5404771
1,0.6520681265206814,1.43,2.68,0.55611867,0.5264219,0.4546786
1,0.4680851063829787,2.0,1.76,0.4278191,0.39048183,0.40728563
0,0.5202156334231806,1.78,1.93,0.5053469,0.53692234,0.5822151
0,0.4625668449197861,2.01,1.73,0.36942735,0.42620054,0.51330984
0,0.37688442211055284,2.48,1.5,0.37272358,0.39232394,0.41582793
1,0.554089709762533,1.69,2.1,0.48565817,0.49337897,0.5126588
1,0.5253333333333333,1.78,1.97,0.44043937,0.5154048,0.5329656
1,0.5555555555555556,1.68,2.1,0.57328445,0.5660466,0.5806761
0,0.49061662198391415,1.9,1.83,0.61047995,0.5553553,0.61156
1,0.49865951742627346,1.87,1.86,0.51174223,0.5244867,0.44648343
0,0.5759162303664922,1.62,2.2,0.629866,0.6318332,0.62180465
0,0.5833333333333334,1.6,2.24,0.57751906,0.59416765,0.61220676
1,0.5308310991957105,1.75,1.98,0.6371413,0.6724463,0.64969283
0,0.7534791252485089,1.24,3.79,0.7564362,0.80695707,0.7908058
1,0.6318407960199005,1.48,2.54,0.5998677,0.5634725,0.5352849
0,0.7066666666666667,1.32,3.18,0.6737529,0.6920394,0.73469675
1,0.46774193548387094,1.98,1.74,0.49817425,0.47341594,0.44273043
1,0.49333333333333335,1.9,1.85,0.54007024,0.523873,0.5087615
0,0.5267379679144386,1.77,1.97,0.53685606,0.5656091,0.6000565
0,0.5514511873350924,1.7,2.09,0.51615924,0.4904254,0.53748333
1,0.5319148936170213,1.76,2.0,0.42174917,0.40432197,0.45064244
1,0.578125,1.62,2.22,0.49408,0.5025406,0.48458067
1,0.5292553191489361,1.77,1.99,0.52434194,0.5606288,0.5738308
0,0.4417989417989418,2.11,1.67,0.40800047,0.41109943,0.42257032
1,0.5386666666666667,1.73,2.02,0.58015966,0.5732863,0.5867063
1,0.514745308310992,1.81,1.92,0.41259092,0.44924212,0.49136248
1,0.6698113207547169,1.4,2.84,0.77372396,0.7754545,0.74350005
0,0.6395061728395062,1.46,2.59,0.67197603,0.7348037,0.7227405
1,0.3690773067331671,2.53,1.48,0.3858803,0.36391452,0.37821317
0,0.6377171215880892,1.46,2.57,0.5175254,0.57000947,0.5349962
0,0.49865951742627346,1.87,1.86,0.46318483,0.4862408,0.49527097
0,0.5620052770448549,1.66,2.13,0.47706762,0.46598607,0.49158472
0,0.6783216783216783,1.38,2.91,0.5701386,0.6069316,0.65306103
0,0.6419753086419754,1.45,2.6,0.5445986,0.5939107,0.6751835
1,0.5590551181102362,1.68,2.13,0.5827251,0.5766482,0.5516578
1,0.5984455958549223,1.55,2.31,0.41348195,0.41216487,0.4984725
1,0.5442359249329759,1.7,2.03,0.422321,0.3850606,0.4188767
1,0.6975169300225732,1.34,3.09,0.6309522,0.68431664,0.70415485
1,0.6610576923076923,1.41,2.75,0.63505524,0.67686075,0.7290433
1,0.7249466950959489,1.29,3.4,0.6980427,0.7229835,0.73079926
1,0.8406827880512091,1.12,5.91,0.8268837,0.8356808,0.78415453
0,0.675990675990676,1.39,2.9,0.61600775,0.65567994,0.6607531
0,0.73109243697479,1.28,3.48,0.6417555,0.6451866,0.6425177
1,0.6293532338308457,1.49,2.53,0.62063915,0.606568,0.5634049
0,0.6561743341404359,1.42,2.71,0.51373637,0.558544,0.5710078
1,0.5669291338582677,1.65,2.16,0.46529335,0.40440226,0.4152369
1,0.45454545454545453,2.04,1.7,0.56662256,0.57030404,0.5052743
1,0.5638297872340425,1.64,2.12,0.5010881,0.4959948,0.49123764
1,0.5466666666666666,1.7,2.05,0.62454784,0.6369686,0.64399654
1,0.6157760814249365,1.51,2.42,0.5396029,0.5424811,0.53826106
0,0.36750000000000005,2.53,1.47,0.38569036,0.41925678,0.4341813
1,0.5253333333333333,1.78,1.97,0.39342824,0.36693066,0.35436767
1,0.49066666666666664,1.91,1.84,0.4268446,0.38706237,0.4526472
0,0.5,1.87,1.87,0.43893796,0.48034889,0.4630813
0,0.5953608247422681,1.57,2.31,0.5741425,0.59420043,0.62240934
0,0.577023498694517,1.62,2.21,0.5833214,0.60104895,0.6089026
1,0.596401028277635,1.57,2.32,0.5816611,0.5565874,0.48221818
1,0.5687830687830688,1.63,2.15,0.54757404,0.5319791,0.56956524
0,0.6361386138613861,1.47,2.57,0.47535673,0.4848454,0.58076906
0,0.5669291338582677,1.65,2.16,0.52188665,0.5186152,0.49637666
1,0.49732620320855614,1.88,1.86,0.5138883,0.55600274,0.5807042
1,0.5691906005221932,1.65,2.18,0.5459525,0.55124426,0.5650619
0,0.5567282321899736,1.68,2.11,0.4652523,0.45486075,0.5279081
0,0.578125,1.62,2.22,0.50007474,0.5305372,0.52007675
1,0.6370370370370371,1.47,2.58,0.5657691,0.59064925,0.55598223
1,0.43044619422572183,2.17,1.64,0.5015613,0.49629807,0.52554286
0,0.449468085106383,2.07,1.69,0.43102306,0.40764356,0.40692458
0,0.5593667546174144,1.67,2.12,0.5336712,0.52942514,0.48832288
1,0.5067024128686327,1.84,1.89,0.47851762,0.52845746,0.55299085
0,0.3562653562653562,2.62,1.45,0.41312486,0.46585542,0.49381194
0,0.5093833780160857,1.83,1.9,0.46864796,0.47766906,0.5105402
0,0.5452127659574468,1.71,2.05,0.43848452,0.42431107,0.5114651
0,0.517426273458445,1.8,1.93,0.3517472,0.3258918,0.33748448
0,0.5452127659574468,1.71,2.05,0.48498312,0.4892335,0.46446723
1,0.46276595744680854,2.02,1.74,0.45582587,0.5163344,0.52577555
1,0.421875,2.22,1.62,0.33091873,0.31157225,0.31421265
0,0.46276595744680854,2.02,1.74,0.48543605,0.50249374,0.5345534
1,0.6051282051282051,1.54,2.36,0.71977156,0.7302636,0.6762239
1,0.6561743341404359,1.42,2.71,0.69170725,0.6784092,0.6718695
0,0.6051282051282051,1.54,2.36,0.58096683,0.62696904,0.61905324
0,0.5555555555555556,1.68,2.1,0.5218092,0.5082506,0.5490467
1,0.674473067915691,1.39,2.88,0.69475746,0.71751285,0.7417229
0,0.5080213903743315,1.84,1.9,0.48685583,0.47752148,0.4993732
1,0.6041131105398457,1.54,2.35,0.6806818,0.68317974,0.6858871
0,0.520107238605898,1.79,1.94,0.49191603,0.53734463,0.4968748
1,0.7145969498910675,1.31,3.28,0.6218496,0.66048765,0.6787107
1,0.5040431266846361,1.84,1.87,0.42798027,0.4794705,0.50202984
0,0.47580645161290325,1.95,1.77,0.4498524,0.47277617,0.4780485
0,0.7057522123893805,1.33,3.19,0.63712025,0.68513715,0.6741276
0,0.6635071090047394,1.42,2.8,0.57203203,0.58815825,0.59980917
1,0.5564304461942258,1.69,2.12,0.6550123,0.6868087,0.6537129
0,0.5703125,1.65,2.19,0.552265,0.54456466,0.49353972
1,0.6035805626598465,1.55,2.36,0.477668,0.5289023,0.51650435
1,0.5319148936170213,1.76,2.0,0.53023064,0.5517532,0.58319986
1,0.6361386138613861,1.47,2.57,0.6246579,0.64282274,0.61254835
0,0.5646437994722956,1.65,2.14,0.42709666,0.450172,0.47284
0,0.517426273458445,1.8,1.93,0.43447423,0.39642033,0.4056534
1,0.6520681265206814,1.43,2.68,0.58982456,0.5816012,0.563059
0,0.3479318734793187,2.68,1.43,0.3399623,0.29911137,0.35822907
1,0.4798927613941019,1.94,1.79,0.39427608,0.3912123,0.42113343
1,0.5657894736842105,1.65,2.15,0.52815783,0.52728784,0.5150488
0,0.5013404825737265,1.86,1.87,0.41721535,0.47886062,0.47954267
1,0.5093833780160857,1.83,1.9,0.4790923,0.49082637,0.506042
0,0.5,1.87,1.87,0.46798602,0.41917333,0.35977906
0,0.6221662468513854,1.5,2.47,0.5575549,0.5872177,0.66914576
1,0.5585106382978724,1.66,2.1,0.52477515,0.51428473,0.50210685
1,0.6403940886699507,1.46,2.6,0.5722108,0.5847462,0.58555454
1,0.7237687366167023,1.29,3.38,0.72201616,0.7057811,0.6970366
0,0.5476190476190476,1.71,2.07,0.4331309,0.40656263,0.4258202
1,0.5755208333333334,1.63,2.21,0.48919958,0.5075812,0.500992
0,0.5398936170212765,1.73,2.03,0.5159737,0.50074434,0.49881297
0,0.6,1.56,2.34,0.55255127,0.53061086,0.5206039
1,0.5718015665796344,1.64,2.19,0.5238705,0.48506802,0.49945503
1,0.5411140583554377,1.73,2.04,0.49394393,0.47610617,0.4600591
0,0.5844155844155844,1.6,2.25,0.57332826,0.55776423,0.54632246
0,0.6336633663366337,1.48,2.56,0.6306,0.58573395,0.5603339
0,0.49865951742627346,1.87,1.86,0.4985954,0.50110644,0.51840866
1,0.6086956521739131,1.53,2.38,0.6494081,0.6249453,0.588264
0,0.522911051212938,1.77,1.94,0.54067415,0.5331413,0.59045565
1,0.5,1.85,1.85,0.53433704,0.49672717,0.47653064
0,0.5558510638297872,1.67,2.09,0.49313053,0.54149467,0.5591289
0,0.5361930294906166,1.73,2.0,0.5197677,0.4874343,0.521855
0,0.5188172043010751,1.79,1.93,0.34452292,0.33788085,0.3471654
0,0.6822429906542057,1.36,2.92,0.6748533,0.6569972,0.6385693
1,0.5454545454545455,1.7,2.04,0.38991278,0.45956364,0.53663313
0,0.40155440414507776,2.31,1.55,0.52969074,0.5315399,0.4683679
1,0.5605263157894738,1.67,2.13,0.5484041,0.5250265,0.44141588
1,0.5631578947368422,1.66,2.14,0.44369975,0.5073449,0.49148256
1,0.5413333333333333,1.72,2.03,0.42093268,0.47813883,0.5097991
0,0.41298701298701296,2.26,1.59,0.33504367,0.3426651,0.3563569
0,0.5253333333333333,1.78,1.97,0.4278787,0.39007738,0.46429116
1,0.6446078431372548,1.45,2.63,0.47912067,0.5543009,0.55924314
0,0.5241935483870968,1.77,1.95,0.38113374,0.35687962,0.36617345
0,0.5188172043010751,1.79,1.93,0.5409814,0.56087,0.54813266
1,0.4986522911051214,1.86,1.85,0.43741935,0.42883253,0.4531147
0,0.609254498714653,1.52,2.37,0.5757912,0.61409485,0.6483778
1,0.6056701030927835,1.53,2.35,0.6109055,0.6406496,0.6399211
1,0.6020671834625323,1.54,2.33,0.49442583,0.51418936,0.551118
1,0.46774193548387094,1.98,1.74,0.44915825,0.43730098,0.48257795
0,0.4905660377358491,1.89,1.82,0.50254834,0.45942324,0.50450826
0,0.47580645161290325,1.95,1.77,0.48002157,0.50736797,0.48968735
0,0.5161290322580646,1.8,1.92,0.3933342,0.37872,0.41347495
0,0.5215053763440861,1.78,1.94,0.5628208,0.6047401,0.66600966
0,0.5748031496062992,1.62,2.19,0.5085882,0.48342347,0.5409079
1,0.5308310991957105,1.75,1.98,0.49467787,0.488995,0.51828134
0,0.48387096774193555,1.92,1.8,0.4768772,0.48797488,0.48319364
0,0.48118279569892475,1.93,1.79,0.36894864,0.39226085,0.42048258
1,0.3047404063205418,3.08,1.35,0.37127963,0.40603137,0.42254028
1,0.41818181818181815,2.24,1.61,0.48846847,0.45693293,0.44587308
0,0.4879356568364612,1.91,1.82,0.4978426,0.5003295,0.5424118
1,0.528,1.77,1.98,0.6766514,0.6669057,0.60007775
1,0.41514360313315923,2.24,1.59,0.4085311,0.42172676,0.45092005
1,0.42408376963350786,2.2,1.62,0.53913754,0.569847,0.5581815
1,0.42931937172774864,2.18,1.64,0.45913777,0.43315738,0.4131488
0,0.4586666666666667,2.03,1.72,0.45771417,0.48035774,0.52641886
1,0.4932614555256065,1.88,1.83,0.5233769,0.5678392,0.5142321
0,0.42782152230971127,2.18,1.63,0.5422443,0.5200039,0.48906603
0,0.4119170984455959,2.27,1.59,0.5337306,0.5658773,0.5544988
1,0.5710526315789474,1.63,2.17,0.5261439,0.55534,0.54687953
0,0.5464190981432361,1.71,2.06,0.5404073,0.53429747,0.5403625
0,0.35539215686274506,2.63,1.45,0.42817816,0.42231092,0.458072
1,0.6196473551637279,1.51,2.46,0.6754926,0.67215407,0.6498004
1,0.6055979643765903,1.55,2.38,0.54307014,0.531765,0.57511675
0,0.5226666666666666,1.79,1.96,0.59302247,0.5893446,0.5845653
1,0.5413333333333333,1.72,2.03,0.5308529,0.54573524,0.59267676
0,0.5729166666666667,1.64,2.2,0.57943237,0.56199926,0.55260706
0,0.48670212765957455,1.93,1.83,0.57019615,0.5710562,0.57118887
0,0.48930481283422456,1.91,1.83,0.5730219,0.5127617,0.5354928
1,0.48395721925133695,1.93,1.81,0.48415676,0.53123873,0.4881351
1,0.42558746736292424,2.2,1.63,0.36471924,0.3705642,0.4438714
0,0.4114583333333333,2.26,1.58,0.4184091,0.43820947,0.41569763
1,0.5755208333333334,1.63,2.21,0.58330256,0.58655804,0.5825446
1,0.5587467362924282,1.69,2.14,0.5663951,0.5929365,0.5975417
1,0.5927835051546392,1.58,2.3,0.50144786,0.5013868,0.5384345
0,0.4409448818897638,2.13,1.68,0.49636078,0.50316083,0.52066755
1,0.514745308310992,1.81,1.92,0.49971208,0.48727638,0.4528746
0,0.4613333333333334,2.02,1.73,0.502396,0.4905006,0.4698008
0,0.42558746736292424,2.2,1.63,0.49642307,0.47327104,0.49752897
0,0.389873417721519,2.41,1.54,0.38946503,0.36121348,0.3470754
1,0.5080213903743315,1.84,1.9,0.5554651,0.5997095,0.621621
0,0.5555555555555556,1.68,2.1,0.564814,0.55979663,0.56191003
0,0.5187165775401069,1.8,1.94,0.5046118,0.51968443,0.56125724
0,0.41558441558441556,2.25,1.6,0.48648128,0.46749744,0.469728
0,0.528,1.77,1.98,0.59252584,0.5653317,0.5950449
1,0.44031830238726793,2.11,1.66,0.43380517,0.41978592,0.4540642
1,0.5567282321899736,1.68,2.11,0.58448493,0.6234704,0.60428816
0,0.48128342245989303,1.94,1.8,0.57568973,0.58608484,0.56504345
1,0.6634844868735083,1.41,2.78,0.70996004,0.7301706,0.71014667
1,0.5643044619422573,1.66,2.15,0.551952,0.5546564,0.57285404
0,0.41514360313315923,2.24,1.59,0.48036823,0.47960934,0.49616343
1,0.5120643431635389,1.82,1.91,0.5183129,0.47161373,0.4427723
0,0.5958549222797926,1.56,2.3,0.60894984,0.60618365,0.61709774
1,0.6262376237623761,1.51,2.53,0.64586824,0.66848785,0.6634523
0,0.4244791666666667,2.21,1.63,0.4206422,0.40448433,0.4057792
0,0.5319148936170213,1.76,2.0,0.5531012,0.6032081,0.5823873
0,0.39331619537275064,2.36,1.53,0.556859,0.53727883,0.45523778
0,0.5531914893617021,1.68,2.08,0.48744768,0.5157615,0.573166
0,0.3462469733656174,2.7,1.43,0.43437752,0.43163306,0.4019339
1,0.4880000000000001,1.92,1.83,0.41710725,0.38349205,0.3835762
1,0.5643044619422573,1.66,2.15,0.5182241,0.5350293,0.54642284
1,0.6626794258373206,1.41,2.77,0.6800407,0.7443272,0.7413975
0,0.4598930481283422,2.02,1.72,0.48104548,0.4525106,0.4294815
1,0.651219512195122,1.43,2.67,0.46989352,0.50954896,0.50452393
0,0.43193717277486904,2.17,1.65,0.422433,0.42385945,0.414461
1,0.5134408602150538,1.81,1.91,0.46368998,0.4575339,0.46352452
0,0.4732620320855615,1.97,1.77,0.47679362,0.4794744,0.46109533
1,0.5053475935828876,1.85,1.89,0.5586728,0.59327507,0.60920113
1,0.5796344647519582,1.61,2.22,0.57178694,0.5401232,0.5761504
0,0.37688442211055284,2.48,1.5,0.52719223,0.5416802,0.5452779
0,0.3969072164948454,2.34,1.54,0.40714517,0.4023127,0.43091685
0,0.4576719576719577,2.05,1.73,0.4542531,0.4772266,0.42380133
1,0.6578313253012049,1.42,2.73,0.77895844,0.7672869,0.7245526
1,0.44063324538258575,2.12,1.67,0.43816552,0.45292264,0.46152377
0,0.6561743341404359,1.42,2.71,0.7355567,0.74731004,0.67821956
1,0.5654450261780105,1.66,2.16,0.6611551,0.6842606,0.61512375
1,0.8033613445378152,1.17,4.78,0.8475348,0.86901224,0.8455571
0,0.5514511873350924,1.7,2.09,0.49346906,0.5226084,0.49711895
1,0.5398936170212765,1.73,2.03,0.57968277,0.5915827,0.63302433
1,0.5578947368421052,1.68,2.12,0.5728967,0.591486,0.6292784
0,0.41666666666666663,2.24,1.6,0.46198693,0.41757092,0.40147558
0,0.5253333333333333,1.78,1.97,0.4161684,0.38986087,0.41281214
1,0.578811369509044,1.63,2.24,0.56393033,0.5874649,0.5914447
1,0.6454767726161369,1.45,2.64,0.5658354,0.56776386,0.5865623
0,0.578125,1.62,2.22,0.56320775,0.56366384,0.60220194
1,0.6116751269035533,1.53,2.41,0.66843593,0.68610513,0.64329
1,0.5854922279792746,1.6,2.26,0.6747285,0.6539252,0.655787
1,0.6463414634146342,1.45,2.65,0.67603153,0.7153303,0.7337886
0,0.4986666666666667,1.88,1.87,0.5254609,0.52347696,0.5446326
0,0.5080213903743315,1.84,1.9,0.6032943,0.6526419,0.67868924
0,0.4338624338624339,2.14,1.64,0.4469618,0.45120198,0.44781846
1,0.48930481283422456,1.91,1.83,0.48912254,0.49433136,0.52207196
1,0.577023498694517,1.62,2.21,0.722647,0.7441314,0.75278693
1,0.53315649867374,1.76,2.01,0.3643539,0.3794538,0.38322645
1,0.47074468085106375,1.99,1.77,0.508967,0.4978288,0.5392386
1,0.42597402597402595,2.21,1.64,0.46349412,0.46702105,0.49562636
0,0.6388206388206389,1.47,2.6,0.64124525,0.6325685,0.6262876
0,0.5718015665796344,1.64,2.19,0.5985676,0.563013,0.55636215
0,0.4679144385026738,1.99,1.75,0.43563566,0.44961873,0.44011402
1,0.5187165775401069,1.8,1.94,0.5676135,0.60181,0.5664363
0,0.39230769230769225,2.37,1.53,0.5836104,0.5702525,0.60092264
0,0.5502645502645503,1.7,2.08,0.5720235,0.56568366,0.6048807
1,0.48128342245989303,1.94,1.8,0.520049,0.48946056,0.47216925
0,0.5755208333333334,1.63,2.21,0.5428234,0.5572611,0.62279546
1,0.4732620320855615,1.97,1.77,0.47683874,0.46167606,0.48279086
1,0.4693333333333332,1.99,1.76,0.54750896,0.55563694,0.5588692
1,0.5320855614973262,1.75,1.99,0.5833059,0.5662831,0.53197724
1,0.48930481283422456,1.91,1.83,0.4457349,0.46965975,0.4697772
0,0.5026737967914439,1.86,1.88,0.5500625,0.5465927,0.57878757
1,0.5751295336787565,1.64,2.22,0.50763786,0.5451606,0.5695964
1,0.4574468085106383,2.04,1.72,0.51933247,0.5237614,0.5209542
0,0.4640000000000001,2.01,1.74,0.53463733,0.5226816,0.54252374
1,0.5398936170212765,1.73,2.03,0.56247777,0.57074004,0.6057862
1,0.7164502164502164,1.31,3.31,0.7194039,0.72603464,0.65242016
0,0.44297082228116713,2.1,1.67,0.4959321,0.491131,0.5534786
1,0.6061381074168798,1.54,2.37,0.5907662,0.5880768,0.64195156
1,0.5620052770448549,1.66,2.13,0.5115274,0.5117637,0.5192224
1,0.5932642487046632,1.57,2.29,0.6240777,0.6074945,0.5606133
1,0.4103896103896104,2.27,1.58,0.54613084,0.60878,0.62094086
0,0.4077922077922079,2.28,1.57,0.47759527,0.4769538,0.5024141
1,0.5661375661375662,1.64,2.14,0.5655111,0.5755333,0.5376924
1,0.4067357512953368,2.29,1.57,0.47665018,0.4979278,0.50700575
0,0.6061381074168798,1.54,2.37,0.685425,0.676372,0.7145069
0,0.4072164948453609,2.3,1.58,0.5014888,0.5078528,0.54039705
0,0.5,1.87,1.87,0.5518146,0.6123813,0.603156
0,0.45599999999999996,2.04,1.71,0.4558093,0.44729266,0.44422388
1,0.5093833780160857,1.83,1.9,0.5444684,0.55956525,0.5779123
1,0.4588859416445623,2.04,1.73,0.48026252,0.45730606,0.45368075
1,0.44031830238726793,2.11,1.66,0.53322524,0.54535425,0.4911005
0,0.3270588235294118,2.86,1.39,0.45561558,0.42686158,0.46019635
0,0.49865951742627346,1.87,1.86,0.5200776,0.54495955,0.521275
0,0.5333333333333333,1.75,2.0,0.5835242,0.58549815,0.59036005
1,0.5335120643431636,1.74,1.99,0.39627093,0.4367712,0.46878654
1,0.7037861915367484,1.33,3.16,0.74573267,0.7307831,0.68913513
0,0.4640000000000001,2.01,1.74,0.5578624,0.57837117,0.5763183
0,0.5,1.86,1.86,0.5980616,0.62050486,0.61520237
1,0.582901554404145,1.61,2.25,0.6227364,0.6176902,0.62686694
0,0.4973118279569893,1.87,1.85,0.61660993,0.6597289,0.59473807
1,0.6973094170403586,1.35,3.11,0.6609315,0.65021855,0.63418305
1,0.4576719576719577,2.05,1.73,0.48583812,0.4855555,0.43299446
0,0.6931818181818181,1.35,3.05,0.6683703,0.7048243,0.6688696
0,0.6857798165137615,1.37,2.99,0.6170858,0.5977785,0.5703527
1,0.6966292134831461,1.35,3.1,0.7491606,0.74516183,0.73390806
1,0.6045918367346939,1.55,2.37,0.54475796,0.55382955,0.5719916
0,0.4365079365079365,2.13,1.65,0.43207097,0.46972266,0.47094908
1,0.4485488126649077,2.09,1.7,0.44802848,0.47457504,0.53610337
0,0.5718015665796344,1.64,2.19,0.53150445,0.5316528,0.51874435
1,0.665083135391924,1.41,2.8,0.771412,0.7617183,0.7760407
1,0.655421686746988,1.43,2.72,0.5350853,0.619647,0.6489615
1,0.6430317848410758,1.46,2.63,0.6858503,0.7146256,0.7478289
1,0.6010230179028133,1.56,2.35,0.6071834,0.56517804,0.57423234
1,0.496,1.89,1.86,0.5931581,0.5761033,0.55687314
0,0.48930481283422456,1.91,1.83,0.4530704,0.43600112,0.50906336
0,0.5053475935828876,1.85,1.89,0.5813306,0.5933534,0.65273094
0,0.7028824833702882,1.34,3.17,0.7030732,0.71933174,0.7212527
0,0.5146666666666666,1.82,1.93,0.61680496,0.65856504,0.6422011
0,0.48525469168900803,1.92,1.81,0.5645711,0.5395073,0.54163563
1,0.5053475935828876,1.85,1.89,0.48263493,0.55606794,0.6004685
0,0.5792207792207792,1.62,2.23,0.5994151,0.6044101,0.5913228
1,0.47074468085106375,1.99,1.77,0.66796774,0.6624571,0.64862615
0,0.5213903743315508,1.79,1.95,0.47861028,0.45043698,0.4753428
0,0.7715355805243447,1.22,4.12,0.6715044,0.73209214,0.75017774
0,0.48387096774193555,1.92,1.8,0.49823013,0.48712096,0.4811193
0,0.5106951871657753,1.83,1.91,0.5407778,0.49488974,0.4710341
1,0.5226666666666666,1.79,1.96,0.6249921,0.6279706,0.62415236
1,0.4574468085106383,2.04,1.72,0.47888175,0.4369062,0.47327024
1,0.49732620320855614,1.88,1.86,0.53944457,0.5934192,0.62707233
0,0.5093833780160857,1.83,1.9,0.5523445,0.54280245,0.58815074
0,0.47058823529411764,1.98,1.76,0.5327562,0.48784012,0.47279364
1,0.554089709762533,1.69,2.1,0.5225534,0.5524192,0.5577637
1,0.4225721784776903,2.2,1.61,0.39864165,0.40703392,0.44565454
1,0.5593667546174144,1.67,2.12,0.6048678,0.64038014,0.6511792
0,0.4119170984455959,2.27,1.59,0.49581012,0.44097885,0.39238602
1,0.5173333333333333,1.81,1.94,0.60541195,0.57451636,0.48843175
1,0.5040214477211796,1.85,1.88,0.6073988,0.6487185,0.6533273
1,0.5593667546174144,1.67,2.12,0.63194513,0.67405045,0.6411656
1,0.6902050113895215,1.36,3.03,0.65140224,0.6859891,0.60611534
0,0.37343358395989973,2.5,1.49,0.4421238,0.42819008,0.34970266
1,0.5695538057742783,1.64,2.17,0.57392037,0.605906,0.6716138
1,0.6520681265206814,1.43,2.68,0.66964436,0.7458775,0.781558
1,0.5398936170212765,1.73,2.03,0.6144149,0.6081587,0.52930415
1,0.4693333333333332,1.99,1.76,0.4074402,0.41110116,0.41527095
0,0.5721784776902887,1.63,2.18,0.4806375,0.50663334,0.52015007
1,0.3848101265822785,2.43,1.52,0.39149386,0.39347735,0.41015416
0,0.48930481283422456,1.91,1.83,0.52325344,0.51084524,0.49197525
1,0.5822454308093995,1.6,2.23,0.62173396,0.6086343,0.5732297
0,0.4535809018567639,2.06,1.71,0.4779169,0.49197912,0.5252124
1,0.5427807486631016,1.71,2.03,0.5338826,0.5379435,0.501861
0,0.40310077519379844,2.31,1.56,0.5428401,0.5155214,0.4597323
0,0.39185750636132316,2.39,1.54,0.41347542,0.4316419,0.4825335
0,0.3293838862559242,2.83,1.39,0.3703011,0.3581844,0.3847268
1,0.4533333333333333,2.05,1.7,0.44354206,0.4354775,0.4669981
1,0.41298701298701296,2.26,1.59,0.49188924,0.47881827,0.4718663
1,0.5267379679144386,1.77,1.97,0.48224744,0.45537767,0.4302867
1,0.5792207792207792,1.62,2.23,0.5758783,0.5642551,0.56353426
1,0.5080645161290323,1.83,1.89,0.49746472,0.51119816,0.5137272
1,0.5526315789473685,1.7,2.1,0.52680266,0.5232357,0.52714807
0,0.6284289276807979,1.49,2.52,0.67243207,0.69188726,0.73161536
0,0.41558441558441556,2.25,1.6,0.39913404,0.41088971,0.4280073
1,0.5490716180371352,1.7,2.07,0.5649045,0.5483563,0.48249525
1,0.5710526315789474,1.63,2.17,0.52550805,0.51936626,0.55687267
0,0.496,1.89,1.86,0.521567,0.47415775,0.44342923
1,0.6354679802955665,1.48,2.58,0.61797506,0.62087125,0.67474425
1,0.6705882352941177,1.4,2.85,0.6924468,0.7115949,0.72460085
1,0.7044444444444444,1.33,3.17,0.70087534,0.72832906,0.7474306
1,0.6126582278481012,1.53,2.42,0.58915097,0.6228064,0.63936585
1,0.7015590200445434,1.34,3.15,0.60347193,0.5994589,0.5627187
1,0.49193548387096786,1.89,1.83,0.56376827,0.55317897,0.4813943
1,0.5684754521963824,1.67,2.2,0.5170742,0.5156749,0.56471455
0,0.6332518337408313,1.5,2.59,0.62724125,0.6496611,0.6601842
1,0.6706161137440759,1.39,2.83,0.5887295,0.59973156,0.6022366
1,0.5306666666666666,1.76,1.99,0.4823799,0.4856003,0.43874222
0,0.46524064171123,2.0,1.74,0.40784615,0.46288005,0.50856733
0,0.43307086614173224,2.16,1.65,0.5599896,0.5924013,0.58153474
0,0.6061381074168798,1.54,2.37,0.64638263,0.6374053,0.61258304
1,0.4233766233766234,2.22,1.63,0.439928,0.44179326,0.45689225
0,0.5605263157894738,1.67,2.13,0.520381,0.5475853,0.5708734
0,0.4586666666666667,2.03,1.72,0.44197187,0.4298203,0.40575475
1,0.5774278215223098,1.61,2.2,0.59472865,0.65746766,0.5910286
0,0.6106870229007634,1.53,2.4,0.63544434,0.6177735,0.5976623
0,0.4919786096256684,1.9,1.84,0.5594637,0.5761704,0.57588655
1,0.49333333333333335,1.9,1.85,0.5712564,0.56569785,0.6076261
1,0.4919786096256684,1.9,1.84,0.60980684,0.5738987,0.56582755
0,0.49061662198391415,1.9,1.83,0.55209225,0.530518,0.5057849
0,0.46010638297872336,2.03,1.73,0.51036304,0.52518064,0.50035065
0,0.5706806282722513,1.64,2.18,0.5777334,0.5960404,0.64080244
0,0.46276595744680854,2.02,1.74,0.5589814,0.6011526,0.5712071
0,0.5796344647519582,1.61,2.22,0.5459616,0.5435591,0.5315032
1,0.744421906693712,1.26,3.67,0.7496046,0.75018895,0.6934154
0,0.44680851063829785,2.08,1.68,0.5954524,0.58652186,0.5426778
0,0.4586666666666667,2.03,1.72,0.46552545,0.45828027,0.4617702
1,0.4244791666666667,2.21,1.63,0.45503968,0.43520427,0.4224499
0,0.5620052770448549,1.66,2.13,0.6276647,0.6223138,0.6313289
1,0.5413333333333333,1.72,2.03,0.57766944,0.56484264,0.60776424
1,0.6721698113207547,1.39,2.85,0.6964608,0.6898146,0.6456877
1,0.3665835411471321,2.54,1.47,0.47153512,0.45964557,0.4500373
1,0.7479838709677419,1.25,3.71,0.6883389,0.7258583,0.7197059
1,0.5721784776902887,1.63,2.18,0.64540243,0.7145786,0.7158062
1,0.8082644628099173,1.16,4.89,0.74120176,0.7655177,0.7491027
0,0.6240601503759399,1.5,2.49,0.6625148,0.7090737,0.6858001
0,0.4562334217506631,2.05,1.72,0.48434782,0.4749621,0.49887657
0,0.431578947368421,2.16,1.64,0.41431063,0.38733745,0.4375379
0,0.31050228310502287,3.02,1.36,0.28253365,0.29710406,0.29737186
0,0.6713947990543735,1.39,2.84,0.6689362,0.7040883,0.7252302
1,0.5253333333333333,1.78,1.97,0.5494177,0.5397271,0.54170406
1,0.5695538057742783,1.64,2.17,0.64273036,0.67813396,0.6327969
0,0.3877551020408163,2.4,1.52,0.4729014,0.41296178,0.39020503
1,0.5578947368421052,1.68,2.12,0.6691715,0.6665145,0.6595085
0,0.5267379679144386,1.77,1.97,0.5626657,0.5522624,0.573047
1,0.44297082228116713,2.1,1.67,0.51283985,0.57328576,0.630638
1,0.6126582278481012,1.53,2.42,0.63168615,0.6559777,0.7257736
1,0.5333333333333333,1.75,2.0,0.60654277,0.59975094,0.60288584
1,0.6051282051282051,1.54,2.36,0.6496218,0.6623746,0.6191721
1,0.5,1.87,1.87,0.5207246,0.52111804,0.58897066
0,0.4562334217506631,2.05,1.72,0.35389113,0.38686514,0.42338458
1,0.7251585623678646,1.3,3.43,0.6098815,0.6513236,0.6638144
0,0.42036553524804177,2.22,1.61,0.44585696,0.50005794,0.50406253
1,0.5502645502645503,1.7,2.08,0.52116334,0.49432787,0.5287366
1,0.8515519568151146,1.1,6.31,0.60083455,0.6047832,0.6747345
0,0.43307086614173224,2.16,1.65,0.64059955,0.6750299,0.5922265
1,0.5807291666666666,1.61,2.23,0.48891014,0.47009,0.45227742
1,0.5721784776902887,1.63,2.18,0.56545514,0.5363049,0.5633911
1,0.8683574879227054,1.09,7.19,0.80155575,0.81448793,0.8018225
1,0.5488126649076518,1.71,2.08,0.5275388,0.56785154,0.61928034
1,0.5891472868217055,1.59,2.28,0.7172573,0.7557064,0.7138922
1,0.6363636363636365,1.48,2.59,0.5827588,0.61229575,0.6313113
1,0.5253333333333333,1.78,1.97,0.5530969,0.5583728,0.50940204
1,0.526595744680851,1.78,1.98,0.5451934,0.5545393,0.5854806
0,0.49595687331536387,1.87,1.84,0.4194363,0.40757984,0.42824906
0,0.4654255319148936,2.01,1.75,0.5043452,0.49041432,0.52788043
0,0.4447368421052632,2.11,1.69,0.53577965,0.51262444,0.56106406
0,0.47733333333333333,1.96,1.79,0.43725556,0.42957896,0.41764563
1,0.6642857142857144,1.41,2.79,0.62600833,0.6403086,0.70148516
1,0.6161616161616161,1.52,2.44,0.6686274,0.7201978,0.725032
1,0.6586538461538461,1.42,2.74,0.63296056,0.666098,0.6302832
1,0.596401028277635,1.57,2.32,0.60903966,0.5760306,0.54132324
1,0.5464190981432361,1.71,2.06,0.6622812,0.7323235,0.72942126
0,0.5502645502645503,1.7,2.08,0.53637874,0.52106047,0.5266601
1,0.5880829015544041,1.59,2.27,0.5544736,0.6102811,0.5969796
1,0.4932614555256065,1.88,1.83,0.53251874,0.5241609,0.53761935
0,0.49865951742627346,1.87,1.86,0.45899573,0.46551114,0.51911277
1,0.5807291666666666,1.61,2.23,0.6514276,0.714918,0.69650763
1,0.582901554404145,1.61,2.25,0.666945,0.7245118,0.7467731
1,0.5335120643431636,1.74,1.99,0.43902102,0.4696394,0.51839024
1,0.5744125326370757,1.63,2.2,0.5845195,0.56176865,0.48136955
1,0.44031830238726793,2.11,1.66,0.44952458,0.43943128,0.46811786
0,0.6805555555555556,1.38,2.94,0.69878393,0.7378773,0.7076379
0,0.5345744680851062,1.75,2.01,0.45701918,0.4520801,0.47069806
0,0.4732620320855615,1.97,1.77,0.567212,0.56466925,0.5607921
0,0.5319148936170213,1.76,2.0,0.5218657,0.49760896,0.4885137
1,0.6161616161616161,1.52,2.44,0.71354246,0.7171823,0.6747319
1,0.5240641711229947,1.78,1.96,0.5834559,0.58178777,0.5912467
1,0.5294117647058824,1.76,1.98,0.53441334,0.6030837,0.6320652
1,0.49595687331536387,1.87,1.84,0.500885,0.48166603,0.5309838
1,0.7554240631163708,1.24,3.83,0.6137361,0.64994127,0.651678
0,0.5093333333333333,1.84,1.91,0.4874386,0.49791002,0.5330791
0,0.35036496350364965,2.67,1.44,0.38605833,0.38417095,0.355692
1,0.3555555555555556,2.61,1.44,0.40409166,0.41018134,0.42105108
1,0.3883248730964467,2.41,1.53,0.43146744,0.4357564,0.46262422
1,0.5320855614973262,1.75,1.99,0.54116786,0.54077065,0.54423755
0,0.6246913580246914,1.52,2.53,0.55067784,0.53784657,0.55948484
1,0.5979381443298969,1.56,2.32,0.6758345,0.6803659,0.67394674
0,0.5398936170212765,1.73,2.03,0.5923146,0.61079025,0.6328095
0,0.6446078431372548,1.45,2.63,0.57405543,0.63239574,0.62696064
0,0.703125,1.33,3.15,0.7760797,0.7951608,0.80657405
1,0.6529126213592232,1.43,2.69,0.6826385,0.70227194,0.69253075
0,0.47849462365591405,1.94,1.78,0.45243937,0.43045777,0.44498938
1,0.5013477088948788,1.85,1.86,0.6621517,0.6585203,0.63791764
0,0.6284289276807979,1.49,2.52,0.6285273,0.64456713,0.6115838
0,0.6025641025641025,1.55,2.35,0.6171012,0.66530687,0.6697856
0,0.5133689839572192,1.82,1.92,0.6575146,0.6958188,0.65980303
0,0.520107238605898,1.79,1.94,0.52271116,0.5046914,0.5073451
0,0.5874673629242819,1.58,2.25,0.5919387,0.5857461,0.50430757
1,0.6386138613861386,1.46,2.58,0.6030114,0.6010376,0.59275496
1,0.44031830238726793,2.11,1.66,0.55733836,0.5333212,0.45297584
1,0.6713615023474179,1.4,2.86,0.66748303,0.68688726,0.6793641
1,0.5755208333333334,1.63,2.21,0.53800416,0.5752002,0.5916349
1,0.688787185354691,1.36,3.01,0.7206328,0.7531029,0.7392669
1,0.4959785522788205,1.88,1.85,0.50801885,0.49906674,0.47905737
1,0.4088541666666667,2.27,1.57,0.45551318,0.41707963,0.38962373
